ISO-10303-21;
HEADER;
/* Generated by software containing ST-Developer
 * from STEP Tools, Inc. (www.steptools.com) 
 */

FILE_DESCRIPTION(
/* description */ (''),
/* implementation_level */ '2;1');

FILE_NAME(
/* name */ 'alkane-lamp-thread-inlet-m40x2_5.step',
/* time_stamp */ '2026-08-29T09:55:51+02:00',
/* author */ (''),
/* organization */ (''),
/* preprocessor_version */ 'ST-DEVELOPER v20.1',
/* originating_system */ 'Autodesk Translation Framework v15.8.0.0',
/* authorisation */ '');

FILE_SCHEMA (('AUTOMOTIVE_DESIGN { 1 0 10303 214 3 1 1 }'));
ENDSEC;

DATA;
#10=MECHANICAL_DESIGN_GEOMETRIC_PRESENTATION_REPRESENTATION('',(#13),#6080);
#11=SHAPE_REPRESENTATION_RELATIONSHIP('SRR','None',#6087,#12);
#12=ADVANCED_BREP_SHAPE_REPRESENTATION('',(#14),#6079);
#13=STYLED_ITEM('',(#6096),#14);
#14=MANIFOLD_SOLID_BREP('thread-inlet-m40x2_5-fit-43mm',#765);
#15=CONICAL_SURFACE('',#818,22.15,0.844153986113171);
#16=FACE_BOUND('',#102,.T.);
#17=FACE_BOUND('',#108,.T.);
#18=FACE_BOUND('',#110,.T.);
#19=PLANE('',#816);
#20=PLANE('',#826);
#21=PLANE('',#827);
#22=B_SPLINE_SURFACE_WITH_KNOTS('',3,3,((#3694,#3695,#3696,#3697,#3698,
#3699,#3700,#3701,#3702,#3703,#3704,#3705,#3706,#3707,#3708,#3709,#3710,
#3711,#3712,#3713,#3714,#3715,#3716,#3717,#3718,#3719,#3720,#3721,#3722,
#3723,#3724,#3725,#3726,#3727,#3728,#3729,#3730,#3731,#3732,#3733,#3734,
#3735,#3736,#3737,#3738,#3739,#3740,#3741,#3742,#3743,#3744,#3745,#3746,
#3747,#3748,#3749,#3750,#3751,#3752,#3753,#3754,#3755,#3756,#3757,#3758,
#3759,#3760,#3761,#3762,#3763,#3764,#3765,#3766,#3767,#3768,#3769,#3770,
#3771,#3772,#3773,#3774,#3775,#3776,#3777,#3778,#3779,#3780,#3781,#3782,
#3783,#3784,#3785,#3786,#3787,#3788,#3789,#3790,#3791,#3792,#3793,#3794,
#3795,#3796,#3797,#3798,#3799,#3800,#3801,#3802,#3803,#3804,#3805,#3806,
#3807,#3808,#3809,#3810,#3811,#3812,#3813,#3814,#3815,#3816,#3817,#3818,
#3819,#3820,#3821,#3822,#3823,#3824,#3825,#3826,#3827,#3828,#3829,#3830,
#3831,#3832,#3833,#3834,#3835,#3836,#3837,#3838,#3839,#3840,#3841,#3842,
#3843,#3844,#3845,#3846,#3847,#3848,#3849,#3850,#3851,#3852,#3853,#3854,
#3855,#3856,#3857,#3858,#3859,#3860,#3861,#3862,#3863,#3864,#3865,#3866,
#3867,#3868,#3869,#3870,#3871,#3872,#3873,#3874,#3875,#3876,#3877,#3878,
#3879,#3880,#3881,#3882,#3883,#3884,#3885,#3886,#3887,#3888,#3889,#3890,
#3891,#3892,#3893,#3894,#3895,#3896,#3897,#3898,#3899,#3900,#3901,#3902,
#3903,#3904,#3905),(#3906,#3907,#3908,#3909,#3910,#3911,#3912,#3913,#3914,
#3915,#3916,#3917,#3918,#3919,#3920,#3921,#3922,#3923,#3924,#3925,#3926,
#3927,#3928,#3929,#3930,#3931,#3932,#3933,#3934,#3935,#3936,#3937,#3938,
#3939,#3940,#3941,#3942,#3943,#3944,#3945,#3946,#3947,#3948,#3949,#3950,
#3951,#3952,#3953,#3954,#3955,#3956,#3957,#3958,#3959,#3960,#3961,#3962,
#3963,#3964,#3965,#3966,#3967,#3968,#3969,#3970,#3971,#3972,#3973,#3974,
#3975,#3976,#3977,#3978,#3979,#3980,#3981,#3982,#3983,#3984,#3985,#3986,
#3987,#3988,#3989,#3990,#3991,#3992,#3993,#3994,#3995,#3996,#3997,#3998,
#3999,#4000,#4001,#4002,#4003,#4004,#4005,#4006,#4007,#4008,#4009,#4010,
#4011,#4012,#4013,#4014,#4015,#4016,#4017,#4018,#4019,#4020,#4021,#4022,
#4023,#4024,#4025,#4026,#4027,#4028,#4029,#4030,#4031,#4032,#4033,#4034,
#4035,#4036,#4037,#4038,#4039,#4040,#4041,#4042,#4043,#4044,#4045,#4046,
#4047,#4048,#4049,#4050,#4051,#4052,#4053,#4054,#4055,#4056,#4057,#4058,
#4059,#4060,#4061,#4062,#4063,#4064,#4065,#4066,#4067,#4068,#4069,#4070,
#4071,#4072,#4073,#4074,#4075,#4076,#4077,#4078,#4079,#4080,#4081,#4082,
#4083,#4084,#4085,#4086,#4087,#4088,#4089,#4090,#4091,#4092,#4093,#4094,
#4095,#4096,#4097,#4098,#4099,#4100,#4101,#4102,#4103,#4104,#4105,#4106,
#4107,#4108,#4109,#4110,#4111,#4112,#4113,#4114,#4115,#4116,#4117),(#4118,
#4119,#4120,#4121,#4122,#4123,#4124,#4125,#4126,#4127,#4128,#4129,#4130,
#4131,#4132,#4133,#4134,#4135,#4136,#4137,#4138,#4139,#4140,#4141,#4142,
#4143,#4144,#4145,#4146,#4147,#4148,#4149,#4150,#4151,#4152,#4153,#4154,
#4155,#4156,#4157,#4158,#4159,#4160,#4161,#4162,#4163,#4164,#4165,#4166,
#4167,#4168,#4169,#4170,#4171,#4172,#4173,#4174,#4175,#4176,#4177,#4178,
#4179,#4180,#4181,#4182,#4183,#4184,#4185,#4186,#4187,#4188,#4189,#4190,
#4191,#4192,#4193,#4194,#4195,#4196,#4197,#4198,#4199,#4200,#4201,#4202,
#4203,#4204,#4205,#4206,#4207,#4208,#4209,#4210,#4211,#4212,#4213,#4214,
#4215,#4216,#4217,#4218,#4219,#4220,#4221,#4222,#4223,#4224,#4225,#4226,
#4227,#4228,#4229,#4230,#4231,#4232,#4233,#4234,#4235,#4236,#4237,#4238,
#4239,#4240,#4241,#4242,#4243,#4244,#4245,#4246,#4247,#4248,#4249,#4250,
#4251,#4252,#4253,#4254,#4255,#4256,#4257,#4258,#4259,#4260,#4261,#4262,
#4263,#4264,#4265,#4266,#4267,#4268,#4269,#4270,#4271,#4272,#4273,#4274,
#4275,#4276,#4277,#4278,#4279,#4280,#4281,#4282,#4283,#4284,#4285,#4286,
#4287,#4288,#4289,#4290,#4291,#4292,#4293,#4294,#4295,#4296,#4297,#4298,
#4299,#4300,#4301,#4302,#4303,#4304,#4305,#4306,#4307,#4308,#4309,#4310,
#4311,#4312,#4313,#4314,#4315,#4316,#4317,#4318,#4319,#4320,#4321,#4322,
#4323,#4324,#4325,#4326,#4327,#4328,#4329),(#4330,#4331,#4332,#4333,#4334,
#4335,#4336,#4337,#4338,#4339,#4340,#4341,#4342,#4343,#4344,#4345,#4346,
#4347,#4348,#4349,#4350,#4351,#4352,#4353,#4354,#4355,#4356,#4357,#4358,
#4359,#4360,#4361,#4362,#4363,#4364,#4365,#4366,#4367,#4368,#4369,#4370,
#4371,#4372,#4373,#4374,#4375,#4376,#4377,#4378,#4379,#4380,#4381,#4382,
#4383,#4384,#4385,#4386,#4387,#4388,#4389,#4390,#4391,#4392,#4393,#4394,
#4395,#4396,#4397,#4398,#4399,#4400,#4401,#4402,#4403,#4404,#4405,#4406,
#4407,#4408,#4409,#4410,#4411,#4412,#4413,#4414,#4415,#4416,#4417,#4418,
#4419,#4420,#4421,#4422,#4423,#4424,#4425,#4426,#4427,#4428,#4429,#4430,
#4431,#4432,#4433,#4434,#4435,#4436,#4437,#4438,#4439,#4440,#4441,#4442,
#4443,#4444,#4445,#4446,#4447,#4448,#4449,#4450,#4451,#4452,#4453,#4454,
#4455,#4456,#4457,#4458,#4459,#4460,#4461,#4462,#4463,#4464,#4465,#4466,
#4467,#4468,#4469,#4470,#4471,#4472,#4473,#4474,#4475,#4476,#4477,#4478,
#4479,#4480,#4481,#4482,#4483,#4484,#4485,#4486,#4487,#4488,#4489,#4490,
#4491,#4492,#4493,#4494,#4495,#4496,#4497,#4498,#4499,#4500,#4501,#4502,
#4503,#4504,#4505,#4506,#4507,#4508,#4509,#4510,#4511,#4512,#4513,#4514,
#4515,#4516,#4517,#4518,#4519,#4520,#4521,#4522,#4523,#4524,#4525,#4526,
#4527,#4528,#4529,#4530,#4531,#4532,#4533,#4534,#4535,#4536,#4537,#4538,
#4539,#4540,#4541)),.UNSPECIFIED.,.F.,.F.,.F.,(4,4),(4,1,1,1,1,1,1,1,1,
1,1,1,1,1,1,1,1,1,1,1,1,1,1,1,1,1,1,1,1,1,1,1,1,1,1,1,1,1,1,1,1,1,1,1,1,
1,1,1,1,1,1,1,1,1,1,1,1,1,1,1,1,1,1,1,1,1,1,1,1,1,1,1,1,1,1,1,1,1,1,1,1,
1,1,1,1,1,1,1,1,1,1,1,1,1,1,1,1,1,1,1,1,1,1,1,1,1,1,1,1,1,1,1,1,1,1,1,1,
1,1,1,1,1,1,1,1,1,1,1,1,1,1,1,1,1,1,1,1,1,1,1,1,1,1,1,1,1,1,1,1,1,1,1,1,
1,1,1,1,1,1,1,1,1,1,1,1,1,1,1,1,1,1,1,1,1,1,1,1,1,1,1,1,1,1,1,1,1,1,1,1,
1,1,1,1,1,1,1,1,1,1,1,1,1,1,1,1,1,1,1,1,4),(-0.0115450789627502,0.172438842999206),
(11.2732300834618,11.7323504577944,12.191470832127,12.6505912064595,13.1097115807921,
13.5688319551247,14.0279523294573,14.4870727037899,14.9461930781225,15.4053134524551,
15.8644338267877,16.3235542011203,16.7826745754529,17.2417949497855,17.7009153241181,
18.1600356984507,18.6191560727833,19.0782764471159,19.5373968214485,19.9965171957811,
20.4556375701137,20.9147579444463,21.3738783187789,21.8329986931115,22.2921190674441,
22.7512394417767,23.2103598161093,23.6694801904419,24.1286005647745,24.5877209391071,
25.0468413134397,25.5059616877723,25.9650820621049,26.577242561215,27.1894030603252,
27.8015635594353,28.4137240585454,29.0258845576556,29.6380450567657,30.2502055558758,
30.8623660549859,31.4745265540961,32.0866870532062,32.6988475523163,33.0049278018714,
33.3110080514265,33.9231685505366,34.5353290496467,34.8414092992018,35.1474895487569,
35.759650047867,36.3718105469771,36.9839710460872,37.5961315451974,38.2082920443075,
38.8204525434176,39.4326130425278,40.0447735416379,40.656934040748,41.2690945398582,
41.8812550389683,42.4934155380784,43.1055760371886,43.7177365362987,44.0238167858538,
44.3298970354088,44.942057534519,45.5542180336291,46.1663785327392,46.7785390318493,
47.3906995309595,48.0028600300696,48.6150205291797,49.2271810282899,49.8393415274,
50.4515020265101,50.7575822760652,51.0636625256203,51.6758230247304,52.2879835238405,
52.9001440229506,53.5123045220608,54.1244650211709,54.736625520281,55.3487860193912,
55.9609465185013,56.5731070176114,57.1852675167216,57.7974280158317,58.4095885149418,
59.021749014052,59.6339095131621,60.2460700122722,60.8582305113823,61.4703910104925,
62.0825515096026,62.6947120087127,63.1028190081195,63.5109260075263,63.919033006933,
64.3271400063398,64.7352470057465,65.1433540051533,65.4154253380911,65.55146100456,
65.6874966710289,66.2316393369046,66.7757820027803,67.183889002187,67.5919960015938,
68.0001030010006,68.4082100004073,68.816316999814,69.2244239992208,69.6325309986276,
70.0406379980343,70.4487449974411,70.8568519968478,71.2649589962546,71.6730659956613,
71.9451373285992,72.217208661537,72.7613513274127,73.3054939932883,73.7136009926951,
74.1217079921018,74.5298149915086,74.9379219909154,75.5500824900255,76.1622429891356,
76.7744034882458,77.3865639873559,77.7946709867626,78.2027779861694,78.6108849855761,
79.0189919849829,79.5631346508586,79.8352059837964,80.4473664829065,81.0595269820167,
81.6716874811268,82.2838479802369,82.8960084793471,83.2020887289021,83.5081689784572,
84.1203294775673,84.7324899766775,85.3446504757876,85.9568109748977,86.5689714740078,
87.181131973118,87.7932924722281,88.4054529713382,89.0176134704484,89.6297739695585,
89.9018453024963,90.1739166354342,90.7180593013099,91.2622019671855,91.6703089665923,
92.078415965999,92.4865229654058,92.8946299648125,93.3027369642193,93.710843963626,
94.1189509630328,94.5270579624395,95.0712006283152,95.6153432941909,96.1594859600666,
96.5675929594733,96.9756999588801,97.3838069582868,97.7919139576936,98.2000209571003,
98.6081279565071,99.0162349559138,99.4243419553206,99.8834623296532,100.342582703986,
100.801703078318,101.260823452651,101.719943826984,102.179064201316,102.638184575649,
103.097304949981,103.556425324314,104.015545698647,104.474666072979,104.933786447312,
105.392906821644,105.852027195977,106.31114757031,106.770267944642,107.229388318975,
107.688508693307,108.14762906764,108.606749441973,109.065869816305,109.524990190638,
109.98411056497,110.443230939303,110.902351313636,111.361471687968,111.820592062301,
112.279712436633,112.738832810966,113.197953185299,113.657073559631,114.116193933964),
 .UNSPECIFIED.);
#23=B_SPLINE_SURFACE_WITH_KNOTS('',3,3,((#4875,#4876,#4877,#4878,#4879,
#4880,#4881,#4882,#4883,#4884,#4885,#4886,#4887,#4888,#4889,#4890,#4891,
#4892,#4893,#4894,#4895,#4896,#4897,#4898,#4899,#4900,#4901,#4902,#4903,
#4904,#4905,#4906,#4907,#4908,#4909,#4910,#4911,#4912,#4913,#4914,#4915,
#4916,#4917,#4918,#4919,#4920,#4921,#4922,#4923,#4924,#4925,#4926,#4927,
#4928,#4929,#4930,#4931,#4932,#4933,#4934,#4935,#4936,#4937,#4938,#4939,
#4940,#4941,#4942,#4943,#4944,#4945,#4946,#4947,#4948,#4949,#4950,#4951,
#4952,#4953,#4954,#4955,#4956,#4957,#4958,#4959,#4960,#4961,#4962,#4963,
#4964,#4965,#4966,#4967,#4968,#4969,#4970,#4971,#4972,#4973,#4974,#4975,
#4976,#4977,#4978,#4979,#4980,#4981,#4982,#4983,#4984,#4985,#4986,#4987,
#4988,#4989,#4990,#4991,#4992,#4993,#4994,#4995,#4996,#4997,#4998,#4999,
#5000,#5001,#5002,#5003,#5004,#5005,#5006,#5007,#5008,#5009,#5010,#5011,
#5012,#5013,#5014,#5015,#5016,#5017,#5018,#5019,#5020,#5021,#5022,#5023,
#5024,#5025,#5026,#5027,#5028,#5029,#5030,#5031,#5032,#5033,#5034,#5035,
#5036,#5037,#5038,#5039,#5040,#5041,#5042,#5043,#5044,#5045,#5046,#5047,
#5048,#5049,#5050,#5051,#5052,#5053,#5054,#5055,#5056,#5057,#5058,#5059,
#5060,#5061,#5062,#5063,#5064,#5065,#5066,#5067,#5068,#5069,#5070,#5071,
#5072,#5073,#5074,#5075,#5076,#5077,#5078,#5079,#5080,#5081),(#5082,#5083,
#5084,#5085,#5086,#5087,#5088,#5089,#5090,#5091,#5092,#5093,#5094,#5095,
#5096,#5097,#5098,#5099,#5100,#5101,#5102,#5103,#5104,#5105,#5106,#5107,
#5108,#5109,#5110,#5111,#5112,#5113,#5114,#5115,#5116,#5117,#5118,#5119,
#5120,#5121,#5122,#5123,#5124,#5125,#5126,#5127,#5128,#5129,#5130,#5131,
#5132,#5133,#5134,#5135,#5136,#5137,#5138,#5139,#5140,#5141,#5142,#5143,
#5144,#5145,#5146,#5147,#5148,#5149,#5150,#5151,#5152,#5153,#5154,#5155,
#5156,#5157,#5158,#5159,#5160,#5161,#5162,#5163,#5164,#5165,#5166,#5167,
#5168,#5169,#5170,#5171,#5172,#5173,#5174,#5175,#5176,#5177,#5178,#5179,
#5180,#5181,#5182,#5183,#5184,#5185,#5186,#5187,#5188,#5189,#5190,#5191,
#5192,#5193,#5194,#5195,#5196,#5197,#5198,#5199,#5200,#5201,#5202,#5203,
#5204,#5205,#5206,#5207,#5208,#5209,#5210,#5211,#5212,#5213,#5214,#5215,
#5216,#5217,#5218,#5219,#5220,#5221,#5222,#5223,#5224,#5225,#5226,#5227,
#5228,#5229,#5230,#5231,#5232,#5233,#5234,#5235,#5236,#5237,#5238,#5239,
#5240,#5241,#5242,#5243,#5244,#5245,#5246,#5247,#5248,#5249,#5250,#5251,
#5252,#5253,#5254,#5255,#5256,#5257,#5258,#5259,#5260,#5261,#5262,#5263,
#5264,#5265,#5266,#5267,#5268,#5269,#5270,#5271,#5272,#5273,#5274,#5275,
#5276,#5277,#5278,#5279,#5280,#5281,#5282,#5283,#5284,#5285,#5286,#5287,
#5288),(#5289,#5290,#5291,#5292,#5293,#5294,#5295,#5296,#5297,#5298,#5299,
#5300,#5301,#5302,#5303,#5304,#5305,#5306,#5307,#5308,#5309,#5310,#5311,
#5312,#5313,#5314,#5315,#5316,#5317,#5318,#5319,#5320,#5321,#5322,#5323,
#5324,#5325,#5326,#5327,#5328,#5329,#5330,#5331,#5332,#5333,#5334,#5335,
#5336,#5337,#5338,#5339,#5340,#5341,#5342,#5343,#5344,#5345,#5346,#5347,
#5348,#5349,#5350,#5351,#5352,#5353,#5354,#5355,#5356,#5357,#5358,#5359,
#5360,#5361,#5362,#5363,#5364,#5365,#5366,#5367,#5368,#5369,#5370,#5371,
#5372,#5373,#5374,#5375,#5376,#5377,#5378,#5379,#5380,#5381,#5382,#5383,
#5384,#5385,#5386,#5387,#5388,#5389,#5390,#5391,#5392,#5393,#5394,#5395,
#5396,#5397,#5398,#5399,#5400,#5401,#5402,#5403,#5404,#5405,#5406,#5407,
#5408,#5409,#5410,#5411,#5412,#5413,#5414,#5415,#5416,#5417,#5418,#5419,
#5420,#5421,#5422,#5423,#5424,#5425,#5426,#5427,#5428,#5429,#5430,#5431,
#5432,#5433,#5434,#5435,#5436,#5437,#5438,#5439,#5440,#5441,#5442,#5443,
#5444,#5445,#5446,#5447,#5448,#5449,#5450,#5451,#5452,#5453,#5454,#5455,
#5456,#5457,#5458,#5459,#5460,#5461,#5462,#5463,#5464,#5465,#5466,#5467,
#5468,#5469,#5470,#5471,#5472,#5473,#5474,#5475,#5476,#5477,#5478,#5479,
#5480,#5481,#5482,#5483,#5484,#5485,#5486,#5487,#5488,#5489,#5490,#5491,
#5492,#5493,#5494,#5495),(#5496,#5497,#5498,#5499,#5500,#5501,#5502,#5503,
#5504,#5505,#5506,#5507,#5508,#5509,#5510,#5511,#5512,#5513,#5514,#5515,
#5516,#5517,#5518,#5519,#5520,#5521,#5522,#5523,#5524,#5525,#5526,#5527,
#5528,#5529,#5530,#5531,#5532,#5533,#5534,#5535,#5536,#5537,#5538,#5539,
#5540,#5541,#5542,#5543,#5544,#5545,#5546,#5547,#5548,#5549,#5550,#5551,
#5552,#5553,#5554,#5555,#5556,#5557,#5558,#5559,#5560,#5561,#5562,#5563,
#5564,#5565,#5566,#5567,#5568,#5569,#5570,#5571,#5572,#5573,#5574,#5575,
#5576,#5577,#5578,#5579,#5580,#5581,#5582,#5583,#5584,#5585,#5586,#5587,
#5588,#5589,#5590,#5591,#5592,#5593,#5594,#5595,#5596,#5597,#5598,#5599,
#5600,#5601,#5602,#5603,#5604,#5605,#5606,#5607,#5608,#5609,#5610,#5611,
#5612,#5613,#5614,#5615,#5616,#5617,#5618,#5619,#5620,#5621,#5622,#5623,
#5624,#5625,#5626,#5627,#5628,#5629,#5630,#5631,#5632,#5633,#5634,#5635,
#5636,#5637,#5638,#5639,#5640,#5641,#5642,#5643,#5644,#5645,#5646,#5647,
#5648,#5649,#5650,#5651,#5652,#5653,#5654,#5655,#5656,#5657,#5658,#5659,
#5660,#5661,#5662,#5663,#5664,#5665,#5666,#5667,#5668,#5669,#5670,#5671,
#5672,#5673,#5674,#5675,#5676,#5677,#5678,#5679,#5680,#5681,#5682,#5683,
#5684,#5685,#5686,#5687,#5688,#5689,#5690,#5691,#5692,#5693,#5694,#5695,
#5696,#5697,#5698,#5699,#5700,#5701,#5702)),.UNSPECIFIED.,.F.,.F.,.F.,(4,
4),(4,1,1,1,1,1,1,1,1,1,1,1,1,1,1,1,1,1,1,1,1,1,1,1,1,1,1,1,1,1,1,1,1,1,
1,1,1,1,1,1,1,1,1,1,1,1,1,1,1,1,1,1,1,1,1,1,1,1,1,1,1,1,1,1,1,1,1,1,1,1,
1,1,1,1,1,1,1,1,1,1,1,1,1,1,1,1,1,1,1,1,1,1,1,1,1,1,1,1,1,1,1,1,1,1,1,1,
1,1,1,1,1,1,1,1,1,1,1,1,1,1,1,1,1,1,1,1,1,1,1,1,1,1,1,1,1,1,1,1,1,1,1,1,
1,1,1,1,1,1,1,1,1,1,1,1,1,1,1,1,1,1,1,1,1,1,1,1,1,1,1,1,1,1,1,1,1,1,1,1,
1,1,1,1,1,1,1,1,1,1,1,1,1,1,1,1,1,1,1,1,1,1,1,1,1,1,4),(-0.011548643484137,
0.172435278505924),(14.6891048632176,15.1482252375502,15.6073456118828,
16.0664659862154,16.525586360548,16.9847067348806,17.4438271092132,17.9029474835458,
18.3620678578784,18.821188232211,19.2803086065436,19.7394289808762,20.1985493552088,
20.6576697295414,21.116790103874,21.5759104782066,22.0350308525392,22.4941512268718,
22.9532716012044,23.412391975537,23.8715123498696,24.3306327242022,24.7897530985348,
25.2488734728674,25.7079938472,26.1671142215326,26.6262345958652,27.0853549701978,
27.5444753445304,28.003595718863,28.4627160931956,28.9218364675282,29.3809568418608,
29.9931173409709,30.605277840081,31.2174383391911,31.8295988383013,32.4417593374114,
33.0539198365215,33.6660803356317,34.2782408347418,34.8904013338519,35.5025618329621,
35.9106688323688,36.3187758317756,36.7268828311823,37.0329630807374,37.3390433302925,
37.9512038294026,38.5633643285127,39.1755248276228,39.787685326733,40.3998458258431,
40.8079528252499,41.2160598246566,41.6241668240634,42.2363273231735,42.8484878222836,
43.4606483213938,44.0728088205039,44.684969319614,45.2971298187241,45.9092903178343,
46.5214508169444,46.9295578163512,47.3376648157579,47.7457718151647,48.3579323142748,
48.9700928133849,49.5822533124951,50.1944138116052,50.8065743107153,51.4187348098255,
52.0308953089356,52.6430558080457,53.2552163071558,53.867376806266,54.4795373053761,
55.0916978044862,55.3977780540413,55.7038583035964,56.3160188027065,56.9281793018166,
57.5403398009268,58.1525003000369,58.764660799147,59.3768212982572,59.9889817973673,
60.6011422964774,61.2133027955876,61.8254632946977,62.4376237938078,63.0497842929179,
63.6619447920281,64.2741052911382,64.8862657902483,65.4984262893585,66.1105867884686,
66.7227472875787,67.3349077866889,67.947068285799,68.5592287849091,68.9673357843159,
69.3754427837226,69.7835497831294,70.1916567825361,70.5997637819429,71.0078707813497,
71.4159777807564,71.8240847801631,72.2321917795699,72.6402987789767,73.0484057783834,
73.4565127777902,73.8646197771969,74.2727267766037,74.6808337760104,75.0889407754172,
75.6330834412929,76.1772261071685,76.7213687730442,77.1294757724509,77.5375827718577,
77.9456897712645,78.3537967706712,78.9659572697813,79.5781177688915,80.1902782680016,
80.8024387671117,81.0745101000496,81.6186527659252,82.026759765332,82.4348667647388,
82.8429737641455,83.2510807635523,83.8632412626624,84.4754017617725,85.0875622608827,
85.6997227599928,86.3118832591029,86.9240437582131,87.5362042573232,88.1483647564333,
88.7605252555434,89.3726857546536,89.9848462537637,90.5970067528738,91.209167251984,
91.8213277510941,92.4334882502042,93.0456487493144,93.58979141519,94.1339340810657,
94.6780767469414,95.0861837463481,95.4942907457549,95.9023977451616,96.3105047445684,
96.7186117439751,97.1267187433819,97.5348257427886,97.9429327421954,98.4870754080711,
99.0312180739467,99.5753607398224,99.9834677392292,100.391574738636,100.799681738043,
101.207788737449,101.615895736856,102.024002736263,102.43210973567,102.840216735076,
103.299337109409,103.758457483742,104.217577858074,104.676698232407,105.135818606739,
105.594938981072,106.054059355405,106.513179729737,106.97230010407,107.431420478402,
107.890540852735,108.349661227068,108.8087816014,109.267901975733,109.727022350065,
110.186142724398,110.645263098731,111.104383473063,111.563503847396,112.022624221728,
112.481744596061,112.940864970394,113.399985344726,113.859105719059,114.318226093391,
114.777346467724,115.236466842057,115.695587216389,116.154707590722,116.613827965054,
117.072948339387,117.53206871372),.UNSPECIFIED.);
#24=FACE_OUTER_BOUND('',#66,.T.);
#25=FACE_OUTER_BOUND('',#67,.T.);
#26=FACE_OUTER_BOUND('',#68,.T.);
#27=FACE_OUTER_BOUND('',#69,.T.);
#28=FACE_OUTER_BOUND('',#70,.T.);
#29=FACE_OUTER_BOUND('',#71,.T.);
#30=FACE_OUTER_BOUND('',#72,.T.);
#31=FACE_OUTER_BOUND('',#73,.T.);
#32=FACE_OUTER_BOUND('',#74,.T.);
#33=FACE_OUTER_BOUND('',#75,.T.);
#34=FACE_OUTER_BOUND('',#76,.T.);
#35=FACE_OUTER_BOUND('',#77,.T.);
#36=FACE_OUTER_BOUND('',#78,.T.);
#37=FACE_OUTER_BOUND('',#79,.T.);
#38=FACE_OUTER_BOUND('',#80,.T.);
#39=FACE_OUTER_BOUND('',#81,.T.);
#40=FACE_OUTER_BOUND('',#82,.T.);
#41=FACE_OUTER_BOUND('',#83,.T.);
#42=FACE_OUTER_BOUND('',#84,.T.);
#43=FACE_OUTER_BOUND('',#85,.T.);
#44=FACE_OUTER_BOUND('',#86,.T.);
#45=FACE_OUTER_BOUND('',#87,.T.);
#46=FACE_OUTER_BOUND('',#88,.T.);
#47=FACE_OUTER_BOUND('',#89,.T.);
#48=FACE_OUTER_BOUND('',#90,.T.);
#49=FACE_OUTER_BOUND('',#91,.T.);
#50=FACE_OUTER_BOUND('',#92,.T.);
#51=FACE_OUTER_BOUND('',#93,.T.);
#52=FACE_OUTER_BOUND('',#94,.T.);
#53=FACE_OUTER_BOUND('',#95,.T.);
#54=FACE_OUTER_BOUND('',#96,.T.);
#55=FACE_OUTER_BOUND('',#97,.T.);
#56=FACE_OUTER_BOUND('',#98,.T.);
#57=FACE_OUTER_BOUND('',#99,.T.);
#58=FACE_OUTER_BOUND('',#100,.T.);
#59=FACE_OUTER_BOUND('',#101,.T.);
#60=FACE_OUTER_BOUND('',#103,.T.);
#61=FACE_OUTER_BOUND('',#104,.T.);
#62=FACE_OUTER_BOUND('',#105,.T.);
#63=FACE_OUTER_BOUND('',#106,.T.);
#64=FACE_OUTER_BOUND('',#107,.T.);
#65=FACE_OUTER_BOUND('',#109,.T.);
#66=EDGE_LOOP('',(#455,#456,#457,#458));
#67=EDGE_LOOP('',(#459,#460,#461,#462));
#68=EDGE_LOOP('',(#463,#464,#465,#466));
#69=EDGE_LOOP('',(#467,#468,#469,#470));
#70=EDGE_LOOP('',(#471,#472,#473,#474));
#71=EDGE_LOOP('',(#475,#476,#477,#478));
#72=EDGE_LOOP('',(#479,#480,#481,#482));
#73=EDGE_LOOP('',(#483,#484,#485,#486));
#74=EDGE_LOOP('',(#487,#488,#489,#490));
#75=EDGE_LOOP('',(#491,#492,#493,#494));
#76=EDGE_LOOP('',(#495,#496,#497,#498));
#77=EDGE_LOOP('',(#499,#500,#501,#502));
#78=EDGE_LOOP('',(#503,#504,#505,#506));
#79=EDGE_LOOP('',(#507,#508,#509,#510));
#80=EDGE_LOOP('',(#511,#512,#513,#514));
#81=EDGE_LOOP('',(#515,#516,#517,#518));
#82=EDGE_LOOP('',(#519,#520,#521,#522));
#83=EDGE_LOOP('',(#523,#524,#525,#526));
#84=EDGE_LOOP('',(#527,#528,#529,#530));
#85=EDGE_LOOP('',(#531,#532,#533,#534));
#86=EDGE_LOOP('',(#535,#536,#537,#538));
#87=EDGE_LOOP('',(#539,#540,#541,#542));
#88=EDGE_LOOP('',(#543,#544,#545,#546));
#89=EDGE_LOOP('',(#547,#548,#549,#550));
#90=EDGE_LOOP('',(#551,#552,#553,#554));
#91=EDGE_LOOP('',(#555,#556,#557,#558));
#92=EDGE_LOOP('',(#559,#560,#561,#562));
#93=EDGE_LOOP('',(#563,#564,#565,#566));
#94=EDGE_LOOP('',(#567,#568,#569,#570));
#95=EDGE_LOOP('',(#571,#572,#573,#574));
#96=EDGE_LOOP('',(#575,#576,#577,#578));
#97=EDGE_LOOP('',(#579,#580,#581,#582));
#98=EDGE_LOOP('',(#583,#584,#585,#586));
#99=EDGE_LOOP('',(#587,#588,#589,#590,#591,#592,#593,#594,#595,#596,#597,
#598,#599,#600,#601,#602,#603,#604,#605,#606,#607,#608,#609,#610,#611,#612,
#613,#614,#615,#616,#617,#618,#619,#620,#621,#622));
#100=EDGE_LOOP('',(#623,#624,#625,#626,#627,#628,#629,#630,#631,#632,#633,
#634,#635,#636,#637,#638,#639,#640,#641,#642,#643,#644,#645,#646,#647,#648,
#649,#650,#651,#652,#653,#654,#655,#656,#657,#658));
#101=EDGE_LOOP('',(#659));
#102=EDGE_LOOP('',(#660,#661,#662,#663));
#103=EDGE_LOOP('',(#664,#665,#666,#667));
#104=EDGE_LOOP('',(#668,#669,#670,#671));
#105=EDGE_LOOP('',(#672,#673,#674,#675));
#106=EDGE_LOOP('',(#676,#677,#678,#679));
#107=EDGE_LOOP('',(#680));
#108=EDGE_LOOP('',(#681));
#109=EDGE_LOOP('',(#682));
#110=EDGE_LOOP('',(#683,#684,#685,#686));
#111=CIRCLE('',#780,18.75935);
#112=CIRCLE('',#796,18.75935);
#113=CIRCLE('',#798,20.3527);
#114=CIRCLE('',#814,20.3527);
#115=CIRCLE('',#817,21.025);
#116=CIRCLE('',#819,21.4);
#117=CIRCLE('',#821,21.4);
#118=CIRCLE('',#824,24.);
#119=CIRCLE('',#825,24.);
#120=B_SPLINE_CURVE_WITH_KNOTS('',3,(#969,#970,#971,#972,#973,#974,#975,
#976,#977,#978,#979,#980,#981,#982,#983,#984,#985,#986,#987,#988,#989,#990,
#991,#992,#993,#994,#995,#996,#997,#998,#999),.UNSPECIFIED.,.F.,.F.,(4,
3,3,3,3,3,3,3,3,3,4),(189.637133880594,190.207155004188,191.071316120779,
191.93547723737,192.79963835396,193.663799470551,194.527960587142,195.392121703733,
196.256282820324,197.120443936915,197.984605053505),.UNSPECIFIED.);
#121=B_SPLINE_CURVE_WITH_KNOTS('',3,(#1002,#1003,#1004,#1005,#1006,#1007,
#1008,#1009,#1010,#1011,#1012,#1013,#1014,#1015,#1016,#1017,#1018,#1019,
#1020,#1021,#1022,#1023,#1024,#1025,#1026,#1027,#1028,#1029,#1030,#1031,
#1032,#1033,#1034,#1035),.UNSPECIFIED.,.F.,.F.,(4,3,3,3,3,3,3,3,3,3,3,4),
(8.75863117165476,9.5919648441602,10.4561625466654,11.3203602491706,12.1845579516758,
13.048755654181,13.9129533566862,14.7771510591914,15.6413487616966,16.5055464642017,
17.3697441667069,18.1509721692648),.UNSPECIFIED.);
#122=B_SPLINE_CURVE_WITH_KNOTS('',3,(#1040,#1041,#1042,#1043,#1044,#1045,
#1046,#1047,#1048,#1049,#1050,#1051,#1052,#1053,#1054,#1055,#1056,#1057,
#1058,#1059,#1060,#1061,#1062,#1063,#1064,#1065,#1066,#1067,#1068,#1069,
#1070,#1071,#1072,#1073,#1074,#1075,#1076,#1077,#1078,#1079,#1080,#1081,
#1082,#1083,#1084,#1085),.UNSPECIFIED.,.F.,.F.,(4,3,3,3,3,3,3,3,3,3,3,3,
3,3,3,4),(177.810366598487,178.10842082432,178.972617813032,179.836814801744,
180.701011790456,181.565208779168,182.42940576788,183.293602756592,184.157799745304,
185.021996734016,185.886193722728,186.75039071144,187.614587700152,188.478784688864,
189.342981677576,189.637133880594),.UNSPECIFIED.);
#123=B_SPLINE_CURVE_WITH_KNOTS('',3,(#1086,#1087,#1088,#1089,#1090,#1091,
#1092,#1093,#1094,#1095,#1096,#1097,#1098,#1099,#1100,#1101,#1102,#1103,
#1104,#1105,#1106,#1107,#1108,#1109,#1110,#1111,#1112,#1113,#1114,#1115,
#1116,#1117,#1118,#1119,#1120,#1121,#1122,#1123,#1124,#1125,#1126,#1127,
#1128,#1129,#1130,#1131),.UNSPECIFIED.,.F.,.F.,(4,3,3,3,3,3,3,3,3,3,3,3,
3,3,3,4),(18.1509721692648,18.2339405982708,19.098125062876,19.9623095274812,
20.8264939920864,21.6906784566916,22.5548629212968,23.419047385902,24.2832318505073,
25.1474163151125,26.0116007797177,26.8757852443229,27.7399697089281,28.6041541735333,
29.4683386381385,29.9775680566914),.UNSPECIFIED.);
#124=B_SPLINE_CURVE_WITH_KNOTS('',3,(#1136,#1137,#1138,#1139,#1140,#1141,
#1142,#1143,#1144,#1145,#1146,#1147,#1148,#1149,#1150,#1151,#1152,#1153,
#1154,#1155,#1156,#1157,#1158,#1159,#1160,#1161,#1162,#1163,#1164,#1165,
#1166,#1167,#1168,#1169,#1170,#1171,#1172,#1173,#1174,#1175),
 .UNSPECIFIED.,.F.,.F.,(4,3,3,3,3,3,3,3,3,3,3,3,3,4),(165.983586260471,
166.87384789782,168.026111821465,169.178375745109,170.330639668754,171.194837611487,
172.05903555422,172.923233496954,173.787431439687,174.651629382421,175.515827325154,
176.380025267887,177.244223210621,177.810366598487),.UNSPECIFIED.);
#125=B_SPLINE_CURVE_WITH_KNOTS('',3,(#1176,#1177,#1178,#1179,#1180,#1181,
#1182,#1183,#1184,#1185,#1186,#1187,#1188,#1189,#1190,#1191,#1192,#1193,
#1194,#1195,#1196,#1197,#1198,#1199,#1200,#1201,#1202,#1203,#1204,#1205,
#1206,#1207,#1208,#1209,#1210,#1211,#1212),.UNSPECIFIED.,.F.,.F.,(4,3,3,
3,3,3,3,3,3,3,3,3,4),(29.9775680566914,30.3325177168132,31.1966890686663,
32.0608604205195,33.213088889657,34.3653173587945,35.5175458279321,36.6697742970696,
37.8220027662071,38.9742312353447,40.1264597044822,41.2786881736197,41.8039844925064),
 .UNSPECIFIED.);
#126=B_SPLINE_CURVE_WITH_KNOTS('',3,(#1217,#1218,#1219,#1220,#1221,#1222,
#1223,#1224,#1225,#1226,#1227,#1228,#1229,#1230,#1231,#1232,#1233,#1234,
#1235,#1236,#1237,#1238,#1239,#1240,#1241,#1242,#1243,#1244,#1245,#1246,
#1247,#1248,#1249,#1250,#1251,#1252,#1253,#1254,#1255,#1256),
 .UNSPECIFIED.,.F.,.F.,(4,3,3,3,3,3,3,3,3,3,3,3,3,4),(154.156854440873,
154.198993083725,155.351252280255,156.503511476786,157.079641075051,157.655770673316,
158.808029869846,159.960289066377,161.112548262907,162.264807459438,163.417066655968,
164.569325852498,165.721585049029,165.983586260471),.UNSPECIFIED.);
#127=B_SPLINE_CURVE_WITH_KNOTS('',3,(#1257,#1258,#1259,#1260,#1261,#1262,
#1263,#1264,#1265,#1266,#1267,#1268,#1269,#1270,#1271,#1272,#1273,#1274,
#1275,#1276,#1277,#1278,#1279,#1280,#1281,#1282,#1283,#1284,#1285,#1286,
#1287,#1288,#1289,#1290,#1291,#1292,#1293,#1294,#1295,#1296,#1297,#1298,
#1299),.UNSPECIFIED.,.F.,.F.,(4,3,3,3,3,3,3,3,3,3,3,3,3,3,4),(41.8039844925064,
42.4309196164735,43.583153550956,44.3513095072777,45.1194654635994,45.8876214199211,
46.4637383871624,47.0398553544037,48.1920892888862,49.3443232233688,50.4965571578513,
51.6487910923338,52.8010250268163,53.5691809831381,53.6304570245026),
 .UNSPECIFIED.);
#128=B_SPLINE_CURVE_WITH_KNOTS('',3,(#1304,#1305,#1306,#1307,#1308,#1309,
#1310,#1311,#1312,#1313,#1314,#1315,#1316,#1317,#1318,#1319,#1320,#1321,
#1322,#1323,#1324,#1325,#1326,#1327,#1328,#1329,#1330,#1331,#1332,#1333,
#1334,#1335,#1336,#1337,#1338,#1339,#1340),.UNSPECIFIED.,.F.,.F.,(4,3,3,
3,3,3,3,3,3,3,3,3,4),(142.33023319771,142.676508457905,143.828756881089,
144.981005304272,146.133253727455,147.285502150639,148.437750573822,149.589998997005,
150.742247420189,151.894495843372,153.046744266555,153.622868478147,154.156854440873),
 .UNSPECIFIED.);
#129=B_SPLINE_CURVE_WITH_KNOTS('',3,(#1341,#1342,#1343,#1344,#1345,#1346,
#1347,#1348,#1349,#1350,#1351,#1352,#1353,#1354,#1355,#1356,#1357,#1358,
#1359,#1360,#1361,#1362,#1363,#1364,#1365,#1366,#1367,#1368,#1369,#1370,
#1371,#1372,#1373,#1374,#1375,#1376,#1377),.UNSPECIFIED.,.F.,.F.,(4,3,3,
3,3,3,3,3,3,3,3,3,4),(53.6304570245026,54.3373468496832,55.1055135752982,
56.2577636637208,57.4100137521434,58.562263840566,59.7145139289885,60.8667640174111,
62.0190141058337,63.1712641942563,64.3235142826788,65.0916810082939,65.4570953595278),
 .UNSPECIFIED.);
#130=B_SPLINE_CURVE_WITH_KNOTS('',3,(#1382,#1383,#1384,#1385,#1386,#1387,
#1388,#1389,#1390,#1391,#1392,#1393,#1394,#1395,#1396,#1397,#1398,#1399,
#1400,#1401,#1402,#1403,#1404,#1405,#1406,#1407,#1408,#1409,#1410,#1411,
#1412,#1413,#1414,#1415,#1416,#1417,#1418),.UNSPECIFIED.,.F.,.F.,(4,3,3,
3,3,3,3,3,3,3,3,3,4),(130.503785649713,131.15418836885,132.306419869188,
133.458651369526,134.610882869864,135.763114370202,136.339230120371,136.91534587054,
138.067577370877,139.219808871215,140.372040371553,141.524271871891,142.33023319771),
 .UNSPECIFIED.);
#131=B_SPLINE_CURVE_WITH_KNOTS('',3,(#1419,#1420,#1421,#1422,#1423,#1424,
#1425,#1426,#1427,#1428,#1429,#1430,#1431,#1432,#1433,#1434,#1435,#1436,
#1437,#1438,#1439,#1440,#1441,#1442,#1443,#1444,#1445,#1446,#1447,#1448,
#1449,#1450,#1451,#1452,#1453,#1454,#1455),.UNSPECIFIED.,.F.,.F.,(4,3,3,
3,3,3,3,3,3,3,3,3,4),(65.4570953595278,65.8598512362691,66.6280246419107,
67.7802847503731,68.9325448588354,70.0848049672978,71.2370650757602,72.3893251842226,
73.5415852926849,74.6938454011473,75.8461055096097,76.9983656180721,77.2838365390718),
 .UNSPECIFIED.);
#132=B_SPLINE_CURVE_WITH_KNOTS('',3,(#1460,#1461,#1462,#1463,#1464,#1465,
#1466,#1467,#1468,#1469,#1470,#1471,#1472,#1473,#1474,#1475,#1476,#1477,
#1478,#1479,#1480,#1481,#1482,#1483,#1484,#1485,#1486,#1487,#1488,#1489,
#1490,#1491,#1492,#1493,#1494,#1495,#1496),.UNSPECIFIED.,.F.,.F.,(4,3,3,
3,3,3,3,3,3,3,3,3,4),(118.677347961586,119.631882429506,120.784112969216,
121.936343508925,123.088574048635,123.66468931849,124.240804588344,125.393035128054,
126.545265667764,127.697496207473,128.849726747183,130.001957286893,130.503785649713),
 .UNSPECIFIED.);
#133=B_SPLINE_CURVE_WITH_KNOTS('',3,(#1497,#1498,#1499,#1500,#1501,#1502,
#1503,#1504,#1505,#1506,#1507,#1508,#1509,#1510,#1511,#1512,#1513,#1514,
#1515,#1516,#1517,#1518,#1519,#1520,#1521,#1522,#1523,#1524,#1525,#1526,
#1527,#1528,#1529,#1530,#1531,#1532,#1533),.UNSPECIFIED.,.F.,.F.,(4,3,3,
3,3,3,3,3,3,3,3,3,4),(77.2838365390718,78.1506287226054,79.3028928138736,
80.4551569051417,81.0312889507758,81.6074209964099,82.7596850876781,83.9119491789463,
85.0642132702145,86.2164773614826,87.3687414527508,88.521005544019,89.1106185975508),
 .UNSPECIFIED.);
#134=B_SPLINE_CURVE_WITH_KNOTS('',3,(#1538,#1539,#1540,#1541,#1542,#1543,
#1544,#1545,#1546,#1547,#1548,#1549,#1550,#1551,#1552,#1553,#1554,#1555,
#1556,#1557,#1558,#1559,#1560,#1561,#1562,#1563,#1564,#1565,#1566,#1567,
#1568,#1569,#1570,#1571,#1572,#1573,#1574),.UNSPECIFIED.,.F.,.F.,(4,3,3,
3,3,3,3,3,3,3,3,3,4),(106.850733637349,106.957171446255,108.109419195336,
109.261666944418,110.413914693499,111.56616244258,112.718410191661,113.870657940742,
115.022905689823,116.175153438904,117.327401187986,118.479648937067,118.677347961586),
 .UNSPECIFIED.);
#135=B_SPLINE_CURVE_WITH_KNOTS('',3,(#1575,#1576,#1577,#1578,#1579,#1580,
#1581,#1582,#1583,#1584,#1585,#1586,#1587,#1588,#1589,#1590,#1591,#1592,
#1593,#1594,#1595,#1596,#1597,#1598,#1599,#1600,#1601,#1602,#1603,#1604,
#1605,#1606,#1607,#1608),.UNSPECIFIED.,.F.,.F.,(4,3,3,3,3,3,3,3,3,3,3,4),
(89.1106185975508,89.6732686515343,90.8255307281557,91.977792804777,93.1300548813984,
94.2823169580197,95.434579034641,96.5868411112624,97.7391031878837,98.8913652645051,
100.043627341126,100.937379977998),.UNSPECIFIED.);
#136=B_SPLINE_CURVE_WITH_KNOTS('',3,(#1613,#1614,#1615,#1616,#1617,#1618,
#1619,#1620,#1621,#1622,#1623,#1624,#1625,#1626,#1627,#1628,#1629,#1630,
#1631,#1632,#1633,#1634,#1635,#1636,#1637,#1638,#1639,#1640,#1641,#1642,
#1643,#1644,#1645,#1646,#1647,#1648,#1649,#1650,#1651,#1652,#1653,#1654,
#1655,#1656,#1657,#1658),.UNSPECIFIED.,.F.,.F.,(4,3,3,3,3,3,3,3,3,3,3,3,
3,3,3,4),(95.0240057207235,95.5626130632693,95.8186705779953,96.0747280927213,
96.5868431221733,97.3550156663513,98.1231882105293,98.8913607547073,99.6595332988853,
100.427705843063,101.195878387241,102.348137203508,103.500396019775,104.652654836042,
105.804913652309,106.850733637349),.UNSPECIFIED.);
#137=B_SPLINE_CURVE_WITH_KNOTS('',3,(#1659,#1660,#1661,#1662,#1663,#1664,
#1665,#1666,#1667,#1668,#1669,#1670,#1671,#1672,#1673,#1674,#1675,#1676,
#1677,#1678,#1679,#1680,#1681,#1682,#1683,#1684,#1685,#1686,#1687,#1688,
#1689,#1690,#1691,#1692,#1693,#1694,#1695,#1696,#1697,#1698,#1699,#1700,
#1701,#1702,#1703,#1704),.UNSPECIFIED.,.F.,.F.,(4,3,3,3,3,3,3,3,3,3,3,3,
3,3,3,4),(100.937379977998,101.195887615701,102.348141660002,103.500395704303,
104.652649748605,105.804903792906,106.573073155774,107.341242518641,108.109411881509,
108.877581244376,109.645750607244,110.413919970112,111.182089332979,111.950258695847,
112.718428058714,112.764058915752),.UNSPECIFIED.);
#138=B_SPLINE_CURVE_WITH_KNOTS('',3,(#1709,#1710,#1711,#1712,#1713,#1714,
#1715,#1716,#1717,#1718,#1719,#1720,#1721,#1722,#1723,#1724,#1725,#1726,
#1727,#1728,#1729,#1730,#1731,#1732,#1733,#1734,#1735,#1736,#1737,#1738,
#1739,#1740,#1741,#1742,#1743,#1744,#1745,#1746,#1747,#1748,#1749,#1750,
#1751,#1752,#1753,#1754,#1755,#1756,#1757,#1758,#1759,#1760),
 .UNSPECIFIED.,.F.,.F.,(4,3,3,3,3,3,3,3,3,3,3,3,3,3,3,3,3,4),(83.1972263081487,
83.2718011847151,83.7839184440393,84.2960357033635,85.0642115923497,85.832387481336,
86.6005633703223,87.3687392593086,88.1369151482948,88.9050910372811,89.6732669262674,
90.4414428152536,91.2096187042399,91.9777945932261,92.7459704822124,93.5141463711987,
94.538380889847,95.0240057207235),.UNSPECIFIED.);
#139=B_SPLINE_CURVE_WITH_KNOTS('',3,(#1761,#1762,#1763,#1764,#1765,#1766,
#1767,#1768,#1769,#1770,#1771,#1772,#1773,#1774,#1775,#1776,#1777,#1778,
#1779,#1780,#1781,#1782,#1783,#1784,#1785,#1786,#1787,#1788,#1789,#1790,
#1791,#1792,#1793,#1794,#1795,#1796,#1797,#1798,#1799,#1800,#1801,#1802,
#1803,#1804,#1805,#1806),.UNSPECIFIED.,.F.,.F.,(4,3,3,3,3,3,3,3,3,3,3,3,
3,3,3,4),(112.764058915752,113.486588562005,114.254748505783,115.02290844956,
115.791068393337,116.559228337114,117.327388280892,118.095548224669,119.119761483039,
120.143974741408,121.168187999778,121.936347943555,122.704507887333,123.47266783111,
124.240827774887,124.590592838364),.UNSPECIFIED.);
#140=B_SPLINE_CURVE_WITH_KNOTS('',3,(#1811,#1812,#1813,#1814,#1815,#1816,
#1817,#1818,#1819,#1820,#1821,#1822,#1823,#1824,#1825,#1826,#1827,#1828,
#1829,#1830,#1831,#1832,#1833,#1834,#1835,#1836,#1837,#1838,#1839,#1840,
#1841,#1842,#1843,#1844,#1845,#1846,#1847,#1848,#1849,#1850),
 .UNSPECIFIED.,.F.,.F.,(4,3,3,3,3,3,3,3,3,3,3,3,3,4),(71.3704569832822,
72.0052310259531,72.7734062597135,73.5415814934739,74.6938443441145,75.8461071947551,
76.9983700453956,78.1506328960362,78.9188081297966,79.686983363557,80.4551585973174,
81.2233338310778,82.2475674760916,83.1972263081487),.UNSPECIFIED.);
#141=B_SPLINE_CURVE_WITH_KNOTS('',3,(#1851,#1852,#1853,#1854,#1855,#1856,
#1857,#1858,#1859,#1860,#1861,#1862,#1863,#1864,#1865,#1866,#1867,#1868,
#1869,#1870,#1871,#1872,#1873,#1874,#1875,#1876,#1877,#1878,#1879,#1880,
#1881,#1882,#1883,#1884,#1885,#1886,#1887,#1888,#1889,#1890),
 .UNSPECIFIED.,.F.,.F.,(4,3,3,3,3,3,3,3,3,3,3,3,3,4),(124.590592838364,
125.393057984107,126.545283962694,127.697509941282,128.849735919869,129.361836354797,
130.386037224652,131.154187877044,131.922338529436,132.690489181827,133.458639834219,
134.610865812806,135.763091791394,136.416983711224),.UNSPECIFIED.);
#142=B_SPLINE_CURVE_WITH_KNOTS('',3,(#1895,#1896,#1897,#1898,#1899,#1900,
#1901,#1902,#1903,#1904,#1905,#1906,#1907,#1908,#1909,#1910,#1911,#1912,
#1913,#1914,#1915,#1916,#1917,#1918,#1919,#1920,#1921,#1922,#1923,#1924,
#1925,#1926,#1927,#1928,#1929,#1930,#1931,#1932,#1933,#1934,#1935,#1936,
#1937),.UNSPECIFIED.,.F.,.F.,(4,3,3,3,3,3,3,3,3,3,3,3,3,3,4),(59.5437594312336,
59.7144980230322,60.8667538809058,62.0190097387793,62.5951376677161,63.1712655966529,
64.3235214545265,65.4757773124001,66.6280331702736,67.7802890281472,68.9325448860208,
69.4446586006313,70.4688860298522,71.2370566017679,71.3704569832822),
 .UNSPECIFIED.);
#143=B_SPLINE_CURVE_WITH_KNOTS('',3,(#1938,#1939,#1940,#1941,#1942,#1943,
#1944,#1945,#1946,#1947,#1948,#1949,#1950,#1951,#1952,#1953,#1954,#1955,
#1956,#1957,#1958,#1959,#1960,#1961,#1962,#1963,#1964,#1965,#1966,#1967,
#1968,#1969,#1970,#1971),.UNSPECIFIED.,.F.,.F.,(4,3,3,3,3,3,3,3,3,3,3,4),
(136.416983711224,136.915324153769,138.06756489267,139.21980563157,140.37204637047,
141.524287109371,142.676527848271,143.828768587172,144.981009326072,146.133250064972,
147.285490803873,148.243526083468),.UNSPECIFIED.);
#144=B_SPLINE_CURVE_WITH_KNOTS('',3,(#1976,#1977,#1978,#1979,#1980,#1981,
#1982,#1983,#1984,#1985,#1986,#1987,#1988,#1989,#1990,#1991,#1992,#1993,
#1994,#1995,#1996,#1997,#1998,#1999,#2000,#2001,#2002,#2003,#2004,#2005,
#2006,#2007,#2008,#2009,#2010,#2011,#2012),.UNSPECIFIED.,.F.,.F.,(4,3,3,
3,3,3,3,3,3,3,3,3,4),(47.7171960448798,48.4481221758849,49.4723379859056,
49.984445890916,50.4965537959263,51.6487965821997,52.801039368473,53.9532821547463,
55.1055249410196,56.257767727293,57.4100105135663,58.5622532998396,59.5437594312336),
 .UNSPECIFIED.);
#145=B_SPLINE_CURVE_WITH_KNOTS('',3,(#2013,#2014,#2015,#2016,#2017,#2018,
#2019,#2020,#2021,#2022,#2023,#2024,#2025,#2026,#2027,#2028,#2029,#2030,
#2031,#2032,#2033,#2034,#2035,#2036,#2037,#2038,#2039,#2040,#2041,#2042,
#2043,#2044,#2045,#2046,#2047,#2048,#2049,#2050,#2051,#2052,#2053,#2054,
#2055),.UNSPECIFIED.,.F.,.F.,(4,3,3,3,3,3,3,3,3,3,3,3,3,3,4),(148.243526083468,
148.437733874091,149.58998844494,150.742243015788,151.894497586637,152.918723871836,
153.942950157034,154.967176442233,155.735346156132,156.503515870031,157.27168558393,
158.039855297829,158.808025011728,159.576194725628,160.070210425643),
 .UNSPECIFIED.);
#146=B_SPLINE_CURVE_WITH_KNOTS('',3,(#2060,#2061,#2062,#2063,#2064,#2065,
#2066,#2067,#2068,#2069,#2070,#2071,#2072,#2073,#2074,#2075,#2076,#2077,
#2078,#2079,#2080,#2081,#2082,#2083,#2084,#2085,#2086,#2087,#2088,#2089,
#2090,#2091,#2092,#2093,#2094,#2095,#2096,#2097,#2098,#2099,#2100,#2101,
#2102,#2103,#2104,#2105,#2106,#2107,#2108),.UNSPECIFIED.,.F.,.F.,(4,3,3,
3,3,3,3,3,3,3,3,3,3,3,3,3,4),(35.8908007558382,35.9016464460669,36.6697973852986,
37.4379483245303,38.206099263762,39.230300516071,40.25450176838,41.278703020689,
42.0468539599207,42.8150048991525,43.5831558383842,44.3513067776159,45.1194577168476,
45.8876086560794,46.6557595953111,47.4239105345428,47.7171960448798),
 .UNSPECIFIED.);
#147=B_SPLINE_CURVE_WITH_KNOTS('',3,(#2109,#2110,#2111,#2112,#2113,#2114,
#2115,#2116,#2117,#2118,#2119,#2120,#2121,#2122,#2123,#2124,#2125,#2126,
#2127,#2128,#2129,#2130,#2131,#2132,#2133,#2134,#2135,#2136,#2137,#2138,
#2139,#2140,#2141,#2142,#2143,#2144,#2145,#2146,#2147,#2148,#2149,#2150,
#2151,#2152,#2153,#2154),.UNSPECIFIED.,.F.,.F.,(4,3,3,3,3,3,3,3,3,3,3,3,
3,3,3,4),(160.070210425643,160.344366281257,161.112541155617,162.136774321431,
163.161007487245,164.185240653059,164.95341552742,165.72159040178,166.489765276141,
167.257940150501,168.026115024862,168.794289899222,169.562464773583,170.330639647943,
171.194836381599,171.896974217269),.UNSPECIFIED.);
#148=B_SPLINE_CURVE_WITH_KNOTS('',3,(#2159,#2160,#2161,#2162,#2163,#2164,
#2165,#2166,#2167,#2168,#2169,#2170,#2171,#2172,#2173,#2174,#2175,#2176,
#2177,#2178,#2179,#2180,#2181,#2182,#2183,#2184,#2185,#2186,#2187,#2188,
#2189,#2190,#2191,#2192,#2193,#2194,#2195,#2196,#2197,#2198,#2199,#2200,
#2201,#2202,#2203,#2204),.UNSPECIFIED.,.F.,.F.,(4,3,3,3,3,3,3,3,3,3,3,3,
3,3,3,4),(24.0642892078942,24.2832493839884,25.1474276857923,26.0116059875961,
26.8757842894,27.7399625912039,28.6041408930077,29.4683191948116,30.3324974966154,
31.1966757984193,32.0608541002232,32.8290125907155,33.5971710812078,34.3653295717001,
35.1334880621924,35.8908007558382),.UNSPECIFIED.);
#149=B_SPLINE_CURVE_WITH_KNOTS('',3,(#2205,#2206,#2207,#2208,#2209,#2210,
#2211,#2212,#2213,#2214,#2215,#2216,#2217,#2218,#2219,#2220,#2221,#2222,
#2223,#2224,#2225,#2226,#2227,#2228,#2229,#2230,#2231,#2232,#2233,#2234,
#2235,#2236,#2237,#2238,#2239,#2240,#2241,#2242,#2243,#2244,#2245,#2246,
#2247,#2248,#2249,#2250),.UNSPECIFIED.,.F.,.F.,(4,3,3,3,3,3,3,3,3,3,3,3,
3,3,3,4),(171.896974217269,172.059033357917,172.923231385597,173.787429413278,
174.651627440958,175.515825468639,176.380023496319,177.244221524,178.10841955168,
178.972617579361,179.836815607041,180.701013634722,181.565211662402,182.429409690083,
183.293607717763,183.723755717796),.UNSPECIFIED.);
#150=B_SPLINE_CURVE_WITH_KNOTS('',3,(#2256,#2257,#2258,#2259,#2260,#2261,
#2262,#2263,#2264,#2265),.UNSPECIFIED.,.F.,.F.,(4,3,3,4),(195.550493364627,
196.256439940212,197.120522496858,197.984605053504),.UNSPECIFIED.);
#151=B_SPLINE_CURVE_WITH_KNOTS('',3,(#2268,#2269,#2270,#2271,#2272,#2273,
#2274,#2275,#2276,#2277,#2278,#2279,#2280,#2281,#2282,#2283),
 .UNSPECIFIED.,.F.,.F.,(4,3,3,3,3,4),(8.75863117165476,9.59197470544562,
10.4561826344669,11.3203905634882,12.1845984925095,12.2376248119942),
 .UNSPECIFIED.);
#152=B_SPLINE_CURVE_WITH_KNOTS('',3,(#2289,#2290,#2291,#2292,#2293,#2294,
#2295,#2296,#2297,#2298,#2299,#2300,#2301,#2302,#2303,#2304,#2305,#2306,
#2307,#2308,#2309,#2310,#2311,#2312,#2313,#2314,#2315,#2316,#2317,#2318,
#2319),.UNSPECIFIED.,.F.,.F.,(4,3,3,3,3,3,3,3,3,3,4),(206.225592947698,
206.283182445462,207.220771919418,208.158361393373,209.095950867328,210.033540341284,
210.971129815239,211.908719289194,212.84630876315,213.783898237105,214.72148771106),
 .UNSPECIFIED.);
#153=B_SPLINE_CURVE_WITH_KNOTS('',3,(#2322,#2323,#2324,#2325,#2326,#2327,
#2328,#2329,#2330,#2331,#2332,#2333,#2334,#2335,#2336,#2337,#2338,#2339,
#2340,#2341,#2342,#2343,#2344,#2345,#2346,#2347,#2348,#2349,#2350,#2351,
#2352,#2353,#2354,#2355,#2356,#2357,#2358),.UNSPECIFIED.,.F.,.F.,(4,3,3,
3,3,3,3,3,3,3,3,3,4),(9.43027176357594,10.3343133262826,11.2718377144564,
12.2093621026303,13.1468864908041,14.084410878978,15.0219352671518,15.9594596553257,
16.8969840434996,17.8345084316734,18.7720328198473,19.7095572080211,20.1803753496402),
 .UNSPECIFIED.);
#154=B_SPLINE_CURVE_WITH_KNOTS('',3,(#2363,#2364,#2365,#2366,#2367,#2368,
#2369,#2370,#2371,#2372,#2373,#2374,#2375,#2376,#2377,#2378,#2379,#2380,
#2381,#2382,#2383,#2384,#2385,#2386,#2387,#2388,#2389,#2390,#2391,#2392,
#2393,#2394,#2395,#2396,#2397,#2398,#2399,#2400,#2401,#2402,#2403,#2404,
#2405),.UNSPECIFIED.,.F.,.F.,(4,3,3,3,3,3,3,3,3,3,3,3,3,3,4),(193.394880025064,
194.094944901994,195.032501480682,195.97005805937,196.907614638058,197.845171216746,
198.782727795434,199.720284374122,200.65784095281,201.595397531498,202.532954110186,
203.470510688874,204.408067267562,205.34562384625,206.225592947698),
 .UNSPECIFIED.);
#155=B_SPLINE_CURVE_WITH_KNOTS('',3,(#2406,#2407,#2408,#2409,#2410,#2411,
#2412,#2413,#2414,#2415,#2416,#2417,#2418,#2419,#2420,#2421,#2422,#2423,
#2424,#2425,#2426,#2427,#2428,#2429,#2430,#2431,#2432,#2433,#2434,#2435,
#2436,#2437,#2438,#2439,#2440,#2441,#2442,#2443,#2444,#2445,#2446,#2447,
#2448,#2449,#2450,#2451),.UNSPECIFIED.,.F.,.F.,(4,3,3,3,3,3,3,3,3,3,3,3,
3,3,3,4),(20.1803753496402,20.647103068156,21.5846705894297,22.5222381107034,
23.4598056319772,24.3973731532509,25.3349406745247,26.2725081957985,27.2100757170722,
28.1476432383459,29.0852107596197,30.0227782808934,30.9603458021672,31.8979133234409,
32.8354808447147,33.0112380235631),.UNSPECIFIED.);
#156=B_SPLINE_CURVE_WITH_KNOTS('',3,(#2456,#2457,#2458,#2459,#2460,#2461,
#2462,#2463,#2464,#2465,#2466,#2467,#2468,#2469,#2470,#2471,#2472,#2473,
#2474,#2475,#2476,#2477,#2478,#2479,#2480,#2481,#2482,#2483,#2484,#2485,
#2486,#2487,#2488,#2489,#2490,#2491,#2492,#2493,#2494,#2495,#2496,#2497,
#2498,#2499,#2500,#2501),.UNSPECIFIED.,.F.,.F.,(4,3,3,3,3,3,3,3,3,3,3,3,
3,3,3,4),(180.56434846889,181.386014365073,182.219386210401,183.052758055729,
183.886129901058,184.719501746386,185.65704507238,186.594588398375,187.532131724369,
188.469675050363,189.407218376358,190.344761702352,191.282305028346,192.219848354341,
193.157391680335,193.394880025064),.UNSPECIFIED.);
#157=B_SPLINE_CURVE_WITH_KNOTS('',3,(#2502,#2503,#2504,#2505,#2506,#2507,
#2508,#2509,#2510,#2511,#2512,#2513,#2514,#2515,#2516,#2517,#2518,#2519,
#2520,#2521,#2522,#2523,#2524,#2525,#2526,#2527,#2528,#2529,#2530,#2531,
#2532,#2533,#2534,#2535,#2536,#2537,#2538,#2539,#2540,#2541,#2542,#2543,
#2544,#2545,#2546,#2547),.UNSPECIFIED.,.F.,.F.,(4,3,3,3,3,3,3,3,3,3,3,3,
3,3,3,4),(33.0112380235631,33.7730482394679,34.7106156050316,35.544008818866,
36.3774020327004,37.2107952465348,38.0441884603692,38.8775816742036,39.710974888038,
40.5443681018724,41.3777613157067,42.4889522674859,43.6001432192651,44.7113341710443,
45.5447273848787,45.8420985665703),.UNSPECIFIED.);
#158=B_SPLINE_CURVE_WITH_KNOTS('',3,(#2552,#2553,#2554,#2555,#2556,#2557,
#2558,#2559,#2560,#2561,#2562,#2563,#2564,#2565,#2566,#2567,#2568,#2569,
#2570,#2571,#2572,#2573,#2574,#2575,#2576,#2577,#2578,#2579,#2580,#2581,
#2582,#2583,#2584,#2585,#2586,#2587,#2588,#2589,#2590,#2591,#2592,#2593,
#2594,#2595,#2596,#2597,#2598,#2599,#2600),.UNSPECIFIED.,.F.,.F.,(4,3,3,
3,3,3,3,3,3,3,3,3,3,3,3,3,4),(167.733876413789,168.052122864901,168.885490845509,
169.718858826118,170.552226806727,171.385594787335,172.218962767944,173.052330748552,
173.885698729161,174.71906670977,175.830224017248,176.941381324726,178.052538632204,
178.885906612813,179.719274593421,180.55264257403,180.56434846889),
 .UNSPECIFIED.);
#159=B_SPLINE_CURVE_WITH_KNOTS('',3,(#2601,#2602,#2603,#2604,#2605,#2606,
#2607,#2608,#2609,#2610,#2611,#2612,#2613,#2614,#2615,#2616,#2617,#2618,
#2619,#2620,#2621,#2622,#2623,#2624,#2625,#2626,#2627,#2628,#2629,#2630,
#2631,#2632,#2633,#2634,#2635,#2636,#2637,#2638,#2639,#2640,#2641,#2642,
#2643),.UNSPECIFIED.,.F.,.F.,(4,3,3,3,3,3,3,3,3,3,3,3,3,3,4),(45.8420985665703,
46.3781176813604,47.2115063593702,48.0448950373799,48.8782837153897,49.7116723933994,
50.5450610714092,51.378449749419,52.489634653432,53.600819557445,54.712004461458,
55.9620874784727,57.2121704954873,58.462253512502,58.6728892768715),
 .UNSPECIFIED.);
#160=B_SPLINE_CURVE_WITH_KNOTS('',3,(#2648,#2649,#2650,#2651,#2652,#2653,
#2654,#2655,#2656,#2657,#2658,#2659,#2660,#2661,#2662,#2663,#2664,#2665,
#2666,#2667,#2668,#2669,#2670,#2671,#2672,#2673,#2674,#2675,#2676,#2677,
#2678,#2679,#2680,#2681,#2682,#2683,#2684),.UNSPECIFIED.,.F.,.F.,(4,3,3,
3,3,3,3,3,3,3,3,3,4),(154.903208286943,155.968107347643,157.2181784215,
158.468249495356,159.718320569212,160.968391643068,162.218462716924,163.468533790781,
164.718604864637,165.274192008573,165.829779152509,166.940953440381,167.733876413789),
 .UNSPECIFIED.);
#161=B_SPLINE_CURVE_WITH_KNOTS('',3,(#2685,#2686,#2687,#2688,#2689,#2690,
#2691,#2692,#2693,#2694,#2695,#2696,#2697,#2698,#2699,#2700,#2701,#2702,
#2703,#2704,#2705,#2706,#2707,#2708,#2709,#2710,#2711,#2712,#2713,#2714,
#2715,#2716,#2717,#2718),.UNSPECIFIED.,.F.,.F.,(4,3,3,3,3,3,3,3,3,3,3,4),
(58.6728892768715,59.7123253310555,60.9623948803295,62.2124644296035,63.4625339788774,
64.7126035281514,65.9626730774253,67.2127426266993,68.4628121759733,69.7128817252472,
70.9629512745212,71.5035417555157),.UNSPECIFIED.);
#162=B_SPLINE_CURVE_WITH_KNOTS('',3,(#2723,#2724,#2725,#2726,#2727,#2728,
#2729,#2730,#2731,#2732,#2733,#2734,#2735,#2736,#2737,#2738,#2739,#2740,
#2741,#2742,#2743,#2744,#2745,#2746,#2747,#2748,#2749,#2750,#2751,#2752,
#2753,#2754,#2755,#2756,#2757,#2758,#2759,#2760,#2761,#2762,#2763,#2764,
#2765),.UNSPECIFIED.,.F.,.F.,(4,3,3,3,3,3,3,3,3,3,3,3,3,3,4),(142.072408285202,
142.217195147859,143.050584429373,144.161770138058,144.7173629924,145.96744691467,
147.21753083694,148.467614759211,149.717698681481,150.967782603751,151.592824564886,
152.217866526022,153.467950448292,154.718034370562,154.903208286943),
 .UNSPECIFIED.);
#163=B_SPLINE_CURVE_WITH_KNOTS('',3,(#2766,#2767,#2768,#2769,#2770,#2771,
#2772,#2773,#2774,#2775,#2776,#2777,#2778,#2779,#2780,#2781,#2782,#2783,
#2784,#2785,#2786,#2787,#2788,#2789,#2790,#2791,#2792,#2793,#2794,#2795,
#2796,#2797,#2798,#2799,#2800,#2801,#2802,#2803,#2804,#2805),
 .UNSPECIFIED.,.F.,.F.,(4,3,3,3,3,3,3,3,3,3,3,3,3,4),(71.5035417555157,
72.2130101289199,73.4630608343147,74.7131115397094,75.5464786766392,76.3798458135691,
77.2132129504989,78.0465800874287,79.1577362700018,79.7133143612884,80.9633650666831,
82.2134157720779,83.4634664774726,84.3340008213688),.UNSPECIFIED.);
#164=B_SPLINE_CURVE_WITH_KNOTS('',3,(#2810,#2811,#2812,#2813,#2814,#2815,
#2816,#2817,#2818,#2819,#2820,#2821,#2822,#2823,#2824,#2825,#2826,#2827,
#2828,#2829,#2830,#2831,#2832,#2833,#2834,#2835,#2836,#2837,#2838,#2839,
#2840,#2841,#2842,#2843,#2844,#2845,#2846,#2847,#2848,#2849),
 .UNSPECIFIED.,.F.,.F.,(4,3,3,3,3,3,3,3,3,3,3,3,3,4),(129.241544716,130.271890316196,
131.383081530055,132.216474940449,133.049868350844,133.883261761238,134.716655171632,
135.966745287224,137.216835402815,138.466925518406,139.717015633998,140.550409044392,
141.383802454786,142.072408285202),.UNSPECIFIED.);
#165=B_SPLINE_CURVE_WITH_KNOTS('',3,(#2850,#2851,#2852,#2853,#2854,#2855,
#2856,#2857,#2858,#2859,#2860,#2861,#2862,#2863,#2864,#2865,#2866,#2867,
#2868,#2869,#2870,#2871,#2872,#2873,#2874,#2875,#2876,#2877,#2878,#2879,
#2880,#2881,#2882,#2883,#2884,#2885,#2886,#2887,#2888,#2889,#2890,#2891,
#2892,#2893,#2894,#2895),.UNSPECIFIED.,.F.,.F.,(4,3,3,3,3,3,3,3,3,3,3,3,
3,3,3,4),(84.3340008213688,84.7135199088647,85.5468930317197,86.3802661545748,
87.2136392774299,88.047012400285,89.1581765640918,90.2693407278986,91.3805048917053,
92.2138780145604,93.0472511374155,93.8806242602706,94.7139973831257,95.5473705059808,
96.3807436288359,97.1645520462763),.UNSPECIFIED.);
#166=B_SPLINE_CURVE_WITH_KNOTS('',3,(#2900,#2901,#2902,#2903,#2904,#2905,
#2906,#2907,#2908,#2909,#2910,#2911,#2912,#2913,#2914,#2915,#2916,#2917,
#2918,#2919,#2920,#2921,#2922,#2923,#2924,#2925,#2926,#2927,#2928,#2929,
#2930,#2931,#2932,#2933,#2934,#2935,#2936,#2937,#2938,#2939,#2940,#2941,
#2942,#2943,#2944,#2945,#2946,#2947,#2948,#2949,#2950,#2951),
 .UNSPECIFIED.,.F.,.F.,(4,3,3,3,3,3,3,3,3,3,3,3,3,3,3,3,3,4),(116.410685250426,
116.93759968503,118.0487905435,118.882183687352,119.715576831204,120.548969975056,
121.382363118908,122.21575626276,123.049149406612,123.882542550464,124.715935694316,
125.549328838168,126.38272198202,127.216115125872,128.049508269725,128.605103698959,
129.160699128194,129.241544716),.UNSPECIFIED.);
#167=B_SPLINE_CURVE_WITH_KNOTS('',3,(#2952,#2953,#2954,#2955,#2956,#2957,
#2958,#2959,#2960,#2961,#2962,#2963,#2964,#2965,#2966,#2967,#2968,#2969,
#2970,#2971,#2972,#2973,#2974,#2975,#2976,#2977,#2978,#2979,#2980,#2981,
#2982,#2983,#2984,#2985,#2986,#2987,#2988,#2989,#2990,#2991,#2992,#2993,
#2994,#2995,#2996,#2997),.UNSPECIFIED.,.F.,.F.,(4,3,3,3,3,3,3,3,3,3,3,3,
3,3,3,4),(97.1645520462763,97.214117427432,98.0475019120903,98.8808863967486,
99.7142708814069,100.547655366065,101.381039850723,102.214424335382,103.04780882004,
103.881193304698,104.714577789357,105.964654516344,107.214731243332,108.464807970319,
109.714884697307,109.995278196388),.UNSPECIFIED.);
#168=B_SPLINE_CURVE_WITH_KNOTS('',3,(#3002,#3003,#3004,#3005,#3006,#3007,
#3008,#3009,#3010,#3011,#3012,#3013,#3014,#3015,#3016,#3017,#3018,#3019,
#3020,#3021,#3022,#3023,#3024,#3025,#3026,#3027,#3028,#3029,#3030,#3031,
#3032,#3033,#3034,#3035,#3036,#3037,#3038,#3039,#3040,#3041,#3042,#3043,
#3044,#3045,#3046,#3047),.UNSPECIFIED.,.F.,.F.,(4,3,3,3,3,3,3,3,3,3,3,3,
3,3,3,4),(103.579897601192,104.714565707734,105.964648426512,107.21473114529,
108.464813864068,109.714896582846,110.548285062032,111.381673541217,112.215062020402,
113.048450499588,113.881838978773,114.715227457958,115.270819777415,115.548615937143,
115.826412096872,116.410685250426),.UNSPECIFIED.);
#169=B_SPLINE_CURVE_WITH_KNOTS('',3,(#3048,#3049,#3050,#3051,#3052,#3053,
#3054,#3055,#3056,#3057,#3058,#3059,#3060,#3061,#3062,#3063,#3064,#3065,
#3066,#3067,#3068,#3069,#3070,#3071,#3072,#3073,#3074,#3075,#3076,#3077,
#3078,#3079,#3080,#3081),.UNSPECIFIED.,.F.,.F.,(4,3,3,3,3,3,3,3,3,3,3,4),
(109.995278196388,110.964969427799,112.215056472585,113.46514351737,114.715230562156,
115.965317606941,117.215404651726,118.465491696512,119.715578741297,120.965665786083,
122.215752830868,122.826110247244),.UNSPECIFIED.);
#170=B_SPLINE_CURVE_WITH_KNOTS('',3,(#3086,#3087,#3088,#3089,#3090,#3091,
#3092,#3093,#3094,#3095,#3096,#3097,#3098,#3099,#3100,#3101,#3102,#3103,
#3104,#3105,#3106,#3107,#3108,#3109,#3110,#3111,#3112,#3113,#3114,#3115,
#3116,#3117,#3118,#3119,#3120,#3121,#3122),.UNSPECIFIED.,.F.,.F.,(4,3,3,
3,3,3,3,3,3,3,3,3,4),(90.7492501973168,90.9637937020211,92.2138627568676,
93.4639318117142,94.7140008665608,95.9640699214074,97.2141389762539,98.4642080311005,
99.7142770859471,100.964346140794,102.21441519564,103.464484250487,103.579897601192),
 .UNSPECIFIED.);
#171=B_SPLINE_CURVE_WITH_KNOTS('',3,(#3123,#3124,#3125,#3126,#3127,#3128,
#3129,#3130,#3131,#3132,#3133,#3134,#3135,#3136,#3137,#3138,#3139,#3140,
#3141,#3142,#3143,#3144,#3145,#3146,#3147,#3148,#3149,#3150,#3151,#3152,
#3153,#3154,#3155,#3156,#3157,#3158,#3159),.UNSPECIFIED.,.F.,.F.,(4,3,3,
3,3,3,3,3,3,3,3,3,4),(122.826110247244,123.46584176591,124.715932504421,
125.966023242932,127.216113981443,128.466204719953,129.716295458464,130.966386196975,
131.59143156623,132.216476935486,133.466567673996,134.716658412507,135.656980210004),
 .UNSPECIFIED.);
#172=B_SPLINE_CURVE_WITH_KNOTS('',3,(#3164,#3165,#3166,#3167,#3168,#3169,
#3170,#3171,#3172,#3173,#3174,#3175,#3176,#3177,#3178,#3179,#3180,#3181,
#3182,#3183,#3184,#3185,#3186,#3187,#3188,#3189,#3190,#3191,#3192,#3193,
#3194,#3195,#3196,#3197,#3198,#3199,#3200),.UNSPECIFIED.,.F.,.F.,(4,3,3,
3,3,3,3,3,3,3,3,3,4),(77.9187944380561,78.4632866651047,79.7133370483443,
80.9633874315838,82.2134378148234,83.463488198063,84.7135385813026,85.3385637729224,
85.9635889645422,87.2136393477818,88.4636897310213,89.7137401142609,90.7492501973168),
 .UNSPECIFIED.);
#173=B_SPLINE_CURVE_WITH_KNOTS('',3,(#3201,#3202,#3203,#3204,#3205,#3206,
#3207,#3208,#3209,#3210,#3211,#3212,#3213,#3214,#3215,#3216,#3217,#3218,
#3219,#3220,#3221,#3222,#3223,#3224,#3225,#3226,#3227,#3228,#3229,#3230,
#3231,#3232,#3233,#3234,#3235,#3236,#3237),.UNSPECIFIED.,.F.,.F.,(4,3,3,
3,3,3,3,3,3,3,3,3,4),(135.656980210004,135.966748434121,137.216836279551,
138.466924124981,139.717011970411,140.967099815841,142.217187661271,143.467275506701,
144.717363352131,145.967451197561,147.217539042991,148.050930939945,148.487820478575),
 .UNSPECIFIED.);
#174=B_SPLINE_CURVE_WITH_KNOTS('',3,(#3242,#3243,#3244,#3245,#3246,#3247,
#3248,#3249,#3250,#3251,#3252,#3253,#3254,#3255,#3256,#3257,#3258,#3259,
#3260,#3261,#3262,#3263,#3264,#3265,#3266,#3267,#3268,#3269,#3270,#3271,
#3272,#3273,#3274,#3275,#3276,#3277,#3278),.UNSPECIFIED.,.F.,.F.,(4,3,3,
3,3,3,3,3,3,3,3,3,4),(65.0882371148878,65.9626881909556,67.2127484693813,
68.462808747807,69.7128690262327,70.9629293046584,71.5879594438712,72.2129895830841,
73.4630498615097,74.7131101399354,75.9631704183611,77.2132306967868,77.9187944380561),
 .UNSPECIFIED.);
#175=B_SPLINE_CURVE_WITH_KNOTS('',3,(#3279,#3280,#3281,#3282,#3283,#3284,
#3285,#3286,#3287,#3288,#3289,#3290,#3291,#3292,#3293,#3294,#3295,#3296,
#3297,#3298,#3299,#3300,#3301,#3302,#3303,#3304,#3305,#3306,#3307,#3308,
#3309,#3310,#3311,#3312,#3313,#3314,#3315),.UNSPECIFIED.,.F.,.F.,(4,3,3,
3,3,3,3,3,3,3,3,3,4),(148.487820478575,148.884319820797,149.717705378331,
150.967783714633,152.217862050935,153.467940387237,154.718018723539,155.968097059841,
157.218175396142,158.468253732444,159.718332068746,160.551717626281,161.318563146535),
 .UNSPECIFIED.);
#176=B_SPLINE_CURVE_WITH_KNOTS('',3,(#3320,#3321,#3322,#3323,#3324,#3325,
#3326,#3327,#3328,#3329,#3330,#3331,#3332,#3333,#3334,#3335,#3336,#3337,
#3338,#3339,#3340,#3341,#3342,#3343,#3344,#3345,#3346,#3347,#3348,#3349,
#3350,#3351,#3352,#3353,#3354,#3355,#3356),.UNSPECIFIED.,.F.,.F.,(4,3,3,
3,3,3,3,3,3,3,3,3,4),(52.257506901737,52.8368901842167,53.4619287456389,
54.7120058684834,55.9620829913278,57.2121601141723,58.4622372370167,59.7123143598612,
60.9623914827057,62.2124686055501,63.4625457283946,64.712622851239,65.0882371148878),
 .UNSPECIFIED.);
#177=B_SPLINE_CURVE_WITH_KNOTS('',3,(#3357,#3358,#3359,#3360,#3361,#3362,
#3363,#3364,#3365,#3366,#3367,#3368,#3369,#3370,#3371,#3372,#3373,#3374,
#3375,#3376,#3377,#3378,#3379,#3380,#3381,#3382,#3383,#3384,#3385,#3386,
#3387,#3388,#3389,#3390,#3391,#3392,#3393,#3394,#3395,#3396,#3397,#3398,
#3399),.UNSPECIFIED.,.F.,.F.,(4,3,3,3,3,3,3,3,3,3,3,3,3,3,4),(161.318563146535,
161.385102320519,162.21847706564,163.468539183321,164.718601301002,165.968663418683,
167.218725536365,168.468787654046,169.093818712886,169.718849771727,170.552224516848,
171.385599261969,172.218974007089,173.46903612477,174.149139347742),
 .UNSPECIFIED.);
#178=B_SPLINE_CURVE_WITH_KNOTS('',3,(#3404,#3405,#3406,#3407,#3408,#3409,
#3410,#3411,#3412,#3413,#3414,#3415,#3416,#3417,#3418,#3419,#3420,#3421,
#3422,#3423,#3424,#3425,#3426,#3427,#3428,#3429,#3430,#3431,#3432,#3433,
#3434,#3435,#3436,#3437,#3438,#3439,#3440,#3441,#3442,#3443),
 .UNSPECIFIED.,.F.,.F.,(4,3,3,3,3,3,3,3,3,3,3,3,3,4),(39.4266727842306,
39.7109787916985,40.9610660378358,42.2111532839732,43.4612405301105,44.7113277762478,
45.9614150223852,47.2115022685225,48.4615895146598,49.0866331377285,49.7116767607972,
50.9617640069345,52.2118512530718,52.257506901737),.UNSPECIFIED.);
#179=B_SPLINE_CURVE_WITH_KNOTS('',3,(#3444,#3445,#3446,#3447,#3448,#3449,
#3450,#3451,#3452,#3453,#3454,#3455,#3456,#3457,#3458,#3459,#3460,#3461,
#3462,#3463,#3464,#3465,#3466,#3467,#3468,#3469,#3470,#3471,#3472,#3473,
#3474,#3475,#3476,#3477,#3478,#3479,#3480),.UNSPECIFIED.,.F.,.F.,(4,3,3,
3,3,3,3,3,3,3,3,3,4),(174.149139347742,174.719092540753,175.969142153187,
177.219191765621,178.469241378055,179.719290990489,180.969340602923,182.219390215357,
183.469439827791,184.719489440224,185.65702664955,186.594563858875,186.979587195473),
 .UNSPECIFIED.);
#180=B_SPLINE_CURVE_WITH_KNOTS('',3,(#3485,#3486,#3487,#3488,#3489,#3490,
#3491,#3492,#3493,#3494,#3495,#3496,#3497,#3498,#3499,#3500,#3501,#3502,
#3503,#3504,#3505,#3506,#3507,#3508,#3509,#3510,#3511,#3512,#3513,#3514,
#3515,#3516,#3517,#3518,#3519,#3520,#3521,#3522,#3523,#3524),
 .UNSPECIFIED.,.F.,.F.,(4,3,3,3,3,3,3,3,3,3,3,3,3,4),(26.5958027305093,
27.2100721142511,28.1476401747808,29.0852082353106,30.0227762958403,30.96034435637,
31.8979124168997,32.8354804774294,33.7730485379592,34.7106165984889,35.9607073458619,
37.2107980932348,38.4608888406078,39.4266727842306),.UNSPECIFIED.);
#181=B_SPLINE_CURVE_WITH_KNOTS('',3,(#3525,#3526,#3527,#3528,#3529,#3530,
#3531,#3532,#3533,#3534,#3535,#3536,#3537,#3538,#3539,#3540,#3541,#3542,
#3543,#3544,#3545,#3546,#3547,#3548,#3549,#3550,#3551,#3552,#3553,#3554,
#3555,#3556,#3557,#3558,#3559,#3560,#3561,#3562,#3563,#3564,#3565,#3566,
#3567,#3568,#3569,#3570),.UNSPECIFIED.,.F.,.F.,(4,3,3,3,3,3,3,3,3,3,3,3,
3,3,3,4),(186.979587195473,187.532108954137,188.46965954477,189.407210135403,
190.344760726037,191.28231131667,192.219861907304,193.157412497937,194.094963088571,
195.032513679204,195.970064269838,196.907614860471,197.845165451105,198.782716041738,
199.720266632371,199.81021817019),.UNSPECIFIED.);
#182=B_SPLINE_CURVE_WITH_KNOTS('',3,(#3576,#3577,#3578,#3579,#3580,#3581,
#3582,#3583,#3584,#3585),.UNSPECIFIED.,.F.,.F.,(4,3,3,4),(212.640995761985,
212.846147650885,213.783817680974,214.721487711063),.UNSPECIFIED.);
#183=B_SPLINE_CURVE_WITH_KNOTS('',3,(#3588,#3589,#3590,#3591,#3592,#3593,
#3594,#3595,#3596,#3597,#3598,#3599,#3600,#3601,#3602,#3603),
 .UNSPECIFIED.,.F.,.F.,(4,3,3,3,3,4),(9.43027176357628,10.3342560155005,
11.2717209702828,12.2091859250651,13.1466508798473,13.7649643457417),
 .UNSPECIFIED.);
#184=B_SPLINE_CURVE_WITH_KNOTS('',3,(#3605,#3606,#3607,#3608,#3609,#3610,
#3611,#3612,#3613,#3614,#3615,#3616,#3617,#3618,#3619,#3620,#3621,#3622,
#3623,#3624,#3625,#3626,#3627,#3628,#3629,#3630,#3631,#3632,#3633,#3634,
#3635,#3636,#3637,#3638,#3639,#3640,#3641,#3642,#3643,#3644,#3645,#3646,
#3647,#3648,#3649,#3650),.UNSPECIFIED.,.F.,.F.,(4,3,3,3,3,3,3,3,3,3,3,3,
3,3,3,4),(13.7649643457417,14.0841501482335,15.0217158946531,15.9592816410728,
16.8968473874924,17.834413133912,18.7719788803317,19.7095446267513,20.6471103731709,
21.5846761195906,22.5222418660102,23.4598076124299,24.3973733588495,25.3349391052691,
26.2725048516888,26.5958027305093),.UNSPECIFIED.);
#185=B_SPLINE_CURVE_WITH_KNOTS('',3,(#3651,#3652,#3653,#3654,#3655,#3656,
#3657,#3658,#3659,#3660,#3661,#3662,#3663,#3664,#3665,#3666,#3667,#3668,
#3669,#3670,#3671,#3672,#3673,#3674,#3675,#3676,#3677,#3678,#3679,#3680,
#3681,#3682,#3683,#3684,#3685,#3686,#3687,#3688,#3689,#3690,#3691,#3692,
#3693),.UNSPECIFIED.,.F.,.F.,(4,3,3,3,3,3,3,3,3,3,3,3,3,3,4),(199.81021817019,
200.65782690865,201.59538821282,202.532949516989,203.470510821158,204.408072125327,
205.345633429496,206.283194733665,207.220756037834,208.158317342003,209.095878646173,
210.033439950342,210.971001254511,211.90856255868,212.640995761985),
 .UNSPECIFIED.);
#186=B_SPLINE_CURVE_WITH_KNOTS('',3,(#4542,#4543,#4544,#4545,#4546,#4547,
#4548,#4549,#4550,#4551,#4552,#4553,#4554,#4555,#4556,#4557,#4558,#4559,
#4560,#4561,#4562,#4563,#4564,#4565,#4566,#4567,#4568,#4569,#4570,#4571,
#4572,#4573,#4574,#4575,#4576,#4577,#4578,#4579,#4580,#4581,#4582,#4583,
#4584,#4585,#4586,#4587,#4588,#4589,#4590,#4591,#4592,#4593,#4594,#4595,
#4596,#4597,#4598,#4599,#4600,#4601,#4602,#4603,#4604,#4605,#4606,#4607,
#4608,#4609,#4610,#4611,#4612,#4613,#4614,#4615,#4616,#4617,#4618,#4619,
#4620,#4621,#4622,#4623,#4624,#4625,#4626,#4627,#4628,#4629,#4630,#4631,
#4632,#4633,#4634,#4635,#4636,#4637,#4638,#4639,#4640,#4641,#4642,#4643,
#4644,#4645,#4646,#4647,#4648,#4649,#4650,#4651,#4652,#4653,#4654,#4655,
#4656,#4657,#4658,#4659,#4660,#4661,#4662,#4663,#4664,#4665,#4666,#4667,
#4668,#4669,#4670,#4671,#4672,#4673,#4674,#4675,#4676,#4677,#4678,#4679,
#4680,#4681,#4682,#4683),.UNSPECIFIED.,.F.,.F.,(4,3,3,3,3,3,3,3,3,3,3,3,
3,3,3,3,3,3,3,3,3,3,3,3,3,3,3,3,3,3,3,3,3,3,3,3,3,3,3,3,3,3,3,3,3,3,3,4),
(1.95507483702566,2.08280071309446,2.21050409737914,2.33723515710092,2.41390212712883,
2.54017094440536,2.66663001649461,2.79241794524695,2.88676266630742,3.01320156013374,
3.11205914807368,3.15615490678573,3.19052964645067,3.20595442554615,3.33041383240785,
3.45567750472619,3.58071396610105,3.70445564367676,3.80406226365323,3.9169070494679,
3.97145084686738,3.98309430459476,4.10606816322844,4.22989765369759,4.35377670064076,
4.47702637369403,4.59843659465642,4.70682055017055,4.73201993860061,4.74332635560253,
4.86467352612582,4.98706291957812,5.10988140375077,5.23204056720837,5.35323125678106,
5.47420202700209,5.48709786395919,5.49828039317737,5.59517279722311,5.71557753539368,
5.83688058535504,5.95834358551072,6.07925314332969,6.19867217291498,6.2317806127707,
6.35189421838557,6.46949493574198,6.50047610347024),.UNSPECIFIED.);
#187=B_SPLINE_CURVE_WITH_KNOTS('',3,(#4684,#4685,#4686,#4687,#4688,#4689,
#4690,#4691,#4692,#4693,#4694,#4695,#4696,#4697,#4698,#4699,#4700,#4701,
#4702,#4703,#4704,#4705,#4706,#4707,#4708,#4709,#4710,#4711,#4712,#4713,
#4714,#4715,#4716,#4717,#4718,#4719,#4720,#4721,#4722,#4723,#4724,#4725,
#4726,#4727,#4728,#4729,#4730,#4731,#4732,#4733,#4734,#4735,#4736,#4737,
#4738,#4739,#4740,#4741,#4742,#4743,#4744,#4745,#4746,#4747,#4748,#4749,
#4750,#4751,#4752,#4753,#4754,#4755,#4756,#4757,#4758,#4759,#4760,#4761,
#4762,#4763,#4764,#4765,#4766,#4767,#4768,#4769,#4770,#4771,#4772,#4773,
#4774,#4775,#4776,#4777,#4778,#4779,#4780,#4781,#4782,#4783,#4784,#4785,
#4786,#4787,#4788,#4789,#4790,#4791,#4792,#4793,#4794,#4795,#4796,#4797,
#4798,#4799,#4800,#4801,#4802,#4803,#4804,#4805,#4806,#4807,#4808,#4809,
#4810,#4811,#4812,#4813,#4814,#4815,#4816,#4817,#4818,#4819,#4820,#4821,
#4822,#4823,#4824,#4825,#4826,#4827,#4828,#4829,#4830,#4831),
 .UNSPECIFIED.,.F.,.F.,(4,3,3,3,3,3,3,3,3,3,3,3,3,3,3,3,3,3,3,3,3,3,3,3,
3,3,3,3,3,3,3,3,3,3,3,3,3,3,3,3,3,3,3,3,3,3,3,3,3,4),(1.95507483702559,
1.9886390266963,2.1163752132435,2.24403570879077,2.37072920328228,2.41390212712884,
2.54037843535125,2.66685208707352,2.79332972354601,2.91980736001849,3.04617219602228,
3.14496923798745,3.18823758766715,3.19877498869923,3.32312137055968,3.45147816085567,
3.57655676544631,3.70655264859497,3.82941661848615,3.83654853174362,3.94931893919767,
3.96892221306821,3.97905832923772,4.10191409018789,4.22568807655254,4.3539440052584,
4.47722960997453,4.59949874253944,4.66910526695771,4.70390852916685,4.72375126244989,
4.73534053091823,4.73871179137599,4.85991303691585,4.98221684550062,5.10501788384079,
5.22764783385938,5.34889908333669,5.4688653803211,5.48733284732713,5.49944649131796,
5.62662847365377,5.74718772838919,5.86874525499891,5.9901782257599,6.11097941926533,
6.23178061277076,6.35188233298262,6.471843475119,6.50047610347029),
 .UNSPECIFIED.);
#188=B_SPLINE_CURVE_WITH_KNOTS('',3,(#4832,#4833,#4834,#4835,#4836,#4837,
#4838,#4839,#4840,#4841,#4842,#4843,#4844,#4845,#4846,#4847,#4848,#4849,
#4850,#4851,#4852,#4853,#4854,#4855,#4856,#4857,#4858,#4859,#4860,#4861,
#4862,#4863,#4864,#4865,#4866,#4867,#4868,#4869,#4870,#4871,#4872,#4873,
#4874),.UNSPECIFIED.,.F.,.F.,(4,3,3,3,3,3,3,3,3,3,3,3,3,3,4),(12.2376248119942,
13.0487890957128,13.9129785663408,14.7771680369688,15.6413575075967,16.5055469782247,
17.3697364488526,18.2339259194806,19.0981153901085,19.9623048607365,20.8264943313645,
21.6906838019924,22.5548732726203,23.4190627432483,24.0642892078942),
 .UNSPECIFIED.);
#189=B_SPLINE_CURVE_WITH_KNOTS('',3,(#5703,#5704,#5705,#5706,#5707,#5708,
#5709,#5710,#5711,#5712,#5713,#5714,#5715,#5716,#5717,#5718,#5719,#5720,
#5721,#5722,#5723,#5724,#5725,#5726,#5727,#5728,#5729,#5730,#5731,#5732,
#5733,#5734,#5735,#5736,#5737,#5738,#5739,#5740,#5741,#5742,#5743,#5744,
#5745,#5746,#5747,#5748,#5749,#5750,#5751,#5752,#5753,#5754,#5755,#5756,
#5757,#5758,#5759,#5760,#5761,#5762,#5763,#5764,#5765,#5766,#5767,#5768,
#5769,#5770,#5771,#5772,#5773,#5774,#5775,#5776,#5777,#5778,#5779,#5780,
#5781,#5782,#5783,#5784,#5785,#5786,#5787,#5788,#5789,#5790,#5791,#5792,
#5793,#5794,#5795,#5796,#5797,#5798,#5799,#5800,#5801,#5802,#5803,#5804,
#5805,#5806,#5807,#5808,#5809,#5810,#5811,#5812,#5813,#5814,#5815,#5816,
#5817,#5818,#5819,#5820,#5821,#5822,#5823,#5824,#5825,#5826,#5827,#5828,
#5829,#5830,#5831,#5832,#5833,#5834,#5835,#5836,#5837,#5838,#5839,#5840,
#5841,#5842,#5843,#5844,#5845,#5846,#5847,#5848,#5849,#5850,#5851,#5852,
#5853,#5854,#5855,#5856),.UNSPECIFIED.,.F.,.F.,(4,3,3,3,3,3,3,3,3,3,3,3,
3,3,3,3,3,3,3,3,3,3,3,3,3,3,3,3,3,3,3,3,3,3,3,3,3,3,3,3,3,3,3,3,3,3,3,3,
3,3,3,4),(0.408227896738776,0.528057583208371,0.647965377343989,0.726964926468815,
0.737874685431111,0.857529276309811,0.97864342615209,1.09999528310437,1.2207938811853,
1.2799617703426,1.39068324724773,1.43912389339373,1.46442623634565,1.48144478547677,
1.60184227168807,1.72352527534501,1.84611277615209,1.96855234708297,2.08983155486891,
2.16573358558368,2.19786113348427,2.21488003935056,2.22707775428702,2.34819604514257,
2.47073445410252,2.59422409285407,2.71797767947721,2.84120435857192,2.95334612217329,
2.98774301918687,2.99900942102428,3.06548788577465,3.18831035355204,3.31242134185289,
3.43730920897132,3.56234846811322,3.66670057685444,3.74496465841036,3.75807677502786,
3.768212077193,3.89419374890024,3.9797569030781,4.10487292792666,4.23086256544193,
4.35712095525996,4.48298607078152,4.53868987388911,4.55003775998978,4.67679665787854,
4.80430519017656,4.90848676929248,4.94196634527382),.UNSPECIFIED.);
#190=B_SPLINE_CURVE_WITH_KNOTS('',3,(#5857,#5858,#5859,#5860,#5861,#5862,
#5863,#5864,#5865,#5866,#5867,#5868,#5869,#5870,#5871,#5872,#5873,#5874,
#5875,#5876,#5877,#5878,#5879,#5880,#5881,#5882,#5883,#5884,#5885,#5886,
#5887,#5888,#5889,#5890,#5891,#5892,#5893,#5894,#5895,#5896,#5897,#5898,
#5899,#5900,#5901,#5902),.UNSPECIFIED.,.F.,.F.,(4,3,3,3,3,3,3,3,3,3,3,3,
3,3,3,4),(183.723755717796,184.157804135971,185.021998959176,185.886193782381,
186.750388605585,187.61458342879,188.478778251995,189.3429730752,190.207167898404,
191.071362721609,191.935557544814,192.799752368019,193.663947191223,194.528142014428,
195.392336837633,195.550493364627),.UNSPECIFIED.);
#191=B_SPLINE_CURVE_WITH_KNOTS('',3,(#5903,#5904,#5905,#5906,#5907,#5908,
#5909,#5910,#5911,#5912,#5913,#5914,#5915,#5916,#5917,#5918,#5919,#5920,
#5921,#5922,#5923,#5924,#5925,#5926,#5927,#5928,#5929,#5930,#5931,#5932,
#5933,#5934,#5935,#5936,#5937,#5938,#5939,#5940,#5941,#5942,#5943,#5944,
#5945,#5946,#5947,#5948,#5949,#5950,#5951,#5952,#5953,#5954,#5955,#5956,
#5957,#5958,#5959,#5960,#5961,#5962,#5963,#5964,#5965,#5966,#5967,#5968,
#5969,#5970,#5971,#5972,#5973,#5974,#5975,#5976,#5977,#5978,#5979,#5980,
#5981,#5982,#5983,#5984,#5985,#5986,#5987,#5988,#5989,#5990,#5991,#5992,
#5993,#5994,#5995,#5996,#5997,#5998,#5999,#6000,#6001,#6002,#6003,#6004,
#6005,#6006,#6007,#6008,#6009,#6010,#6011,#6012,#6013,#6014,#6015,#6016,
#6017,#6018,#6019,#6020,#6021,#6022,#6023,#6024,#6025,#6026,#6027,#6028,
#6029,#6030,#6031,#6032,#6033,#6034,#6035,#6036,#6037,#6038,#6039,#6040,
#6041,#6042,#6043,#6044,#6045,#6046,#6047,#6048,#6049,#6050,#6051,#6052,
#6053,#6054,#6055,#6056),.UNSPECIFIED.,.F.,.F.,(4,3,3,3,3,3,3,3,3,3,3,3,
3,3,3,3,3,3,3,3,3,3,3,3,3,3,3,3,3,3,3,3,3,3,3,3,3,3,3,3,3,3,3,3,3,3,3,3,
3,3,3,4),(0.408227896738757,0.439155109181239,0.559012230858953,0.653056112205639,
0.694200310294813,0.72661609710355,0.737775560502223,0.857274507826202,
0.978346681579137,1.09969506170631,1.22047690539475,1.31136328163244,1.42213864153393,
1.45254997790149,1.46754342563396,1.48145519017815,1.60177641204487,1.72340383185341,
1.84599265896051,1.96844865397486,2.08967300724339,2.19756616084437,2.21600292136596,
2.22720076367664,2.34820531637266,2.47065449394468,2.59409100619323,2.72003300807341,
2.84327122068392,2.97056511719892,2.98514214471366,2.99626225910695,3.09785901371393,
3.2209568847526,3.34525468456917,3.47021349311831,3.59519133629062,3.69956875992996,
3.73871029379471,3.75671712803631,3.76819549976279,3.89420877372734,4.01270103084796,
4.13800098777924,4.26407138448974,4.39029957851084,4.51602998515135,4.53483662094989,
4.55037908302113,4.67710020673358,4.80953327600363,4.94196634527369),
 .UNSPECIFIED.);
#192=LINE('',#967,#227);
#193=LINE('',#1039,#228);
#194=LINE('',#1135,#229);
#195=LINE('',#1216,#230);
#196=LINE('',#1303,#231);
#197=LINE('',#1381,#232);
#198=LINE('',#1459,#233);
#199=LINE('',#1537,#234);
#200=LINE('',#1612,#235);
#201=LINE('',#1708,#236);
#202=LINE('',#1810,#237);
#203=LINE('',#1894,#238);
#204=LINE('',#1975,#239);
#205=LINE('',#2059,#240);
#206=LINE('',#2158,#241);
#207=LINE('',#2254,#242);
#208=LINE('',#2287,#243);
#209=LINE('',#2362,#244);
#210=LINE('',#2455,#245);
#211=LINE('',#2551,#246);
#212=LINE('',#2647,#247);
#213=LINE('',#2722,#248);
#214=LINE('',#2809,#249);
#215=LINE('',#2899,#250);
#216=LINE('',#3001,#251);
#217=LINE('',#3085,#252);
#218=LINE('',#3163,#253);
#219=LINE('',#3241,#254);
#220=LINE('',#3319,#255);
#221=LINE('',#3403,#256);
#222=LINE('',#3484,#257);
#223=LINE('',#3574,#258);
#224=LINE('',#6063,#259);
#225=LINE('',#6066,#260);
#226=LINE('',#6073,#261);
#227=VECTOR('',#832,20.);
#228=VECTOR('',#837,20.);
#229=VECTOR('',#840,20.);
#230=VECTOR('',#843,20.);
#231=VECTOR('',#846,20.);
#232=VECTOR('',#849,20.);
#233=VECTOR('',#852,20.);
#234=VECTOR('',#855,20.);
#235=VECTOR('',#858,20.);
#236=VECTOR('',#861,20.);
#237=VECTOR('',#864,20.);
#238=VECTOR('',#867,20.);
#239=VECTOR('',#870,20.);
#240=VECTOR('',#873,20.);
#241=VECTOR('',#876,20.);
#242=VECTOR('',#879,20.);
#243=VECTOR('',#884,20.1527);
#244=VECTOR('',#889,20.1527);
#245=VECTOR('',#892,20.1527);
#246=VECTOR('',#895,20.1527);
#247=VECTOR('',#898,20.1527);
#248=VECTOR('',#901,20.1527);
#249=VECTOR('',#904,20.1527);
#250=VECTOR('',#907,20.1527);
#251=VECTOR('',#910,20.1527);
#252=VECTOR('',#913,20.1527);
#253=VECTOR('',#916,20.1527);
#254=VECTOR('',#919,20.1527);
#255=VECTOR('',#922,20.1527);
#256=VECTOR('',#925,20.1527);
#257=VECTOR('',#928,20.1527);
#258=VECTOR('',#931,20.1527);
#259=VECTOR('',#944,22.15);
#260=VECTOR('',#947,21.4);
#261=VECTOR('',#956,24.);
#262=VERTEX_POINT('',#965);
#263=VERTEX_POINT('',#966);
#264=VERTEX_POINT('',#968);
#265=VERTEX_POINT('',#1000);
#266=VERTEX_POINT('',#1037);
#267=VERTEX_POINT('',#1038);
#268=VERTEX_POINT('',#1133);
#269=VERTEX_POINT('',#1134);
#270=VERTEX_POINT('',#1214);
#271=VERTEX_POINT('',#1215);
#272=VERTEX_POINT('',#1301);
#273=VERTEX_POINT('',#1302);
#274=VERTEX_POINT('',#1379);
#275=VERTEX_POINT('',#1380);
#276=VERTEX_POINT('',#1457);
#277=VERTEX_POINT('',#1458);
#278=VERTEX_POINT('',#1535);
#279=VERTEX_POINT('',#1536);
#280=VERTEX_POINT('',#1610);
#281=VERTEX_POINT('',#1611);
#282=VERTEX_POINT('',#1706);
#283=VERTEX_POINT('',#1707);
#284=VERTEX_POINT('',#1808);
#285=VERTEX_POINT('',#1809);
#286=VERTEX_POINT('',#1892);
#287=VERTEX_POINT('',#1893);
#288=VERTEX_POINT('',#1973);
#289=VERTEX_POINT('',#1974);
#290=VERTEX_POINT('',#2057);
#291=VERTEX_POINT('',#2058);
#292=VERTEX_POINT('',#2156);
#293=VERTEX_POINT('',#2157);
#294=VERTEX_POINT('',#2252);
#295=VERTEX_POINT('',#2253);
#296=VERTEX_POINT('',#2255);
#297=VERTEX_POINT('',#2266);
#298=VERTEX_POINT('',#2285);
#299=VERTEX_POINT('',#2286);
#300=VERTEX_POINT('',#2288);
#301=VERTEX_POINT('',#2320);
#302=VERTEX_POINT('',#2360);
#303=VERTEX_POINT('',#2361);
#304=VERTEX_POINT('',#2453);
#305=VERTEX_POINT('',#2454);
#306=VERTEX_POINT('',#2549);
#307=VERTEX_POINT('',#2550);
#308=VERTEX_POINT('',#2645);
#309=VERTEX_POINT('',#2646);
#310=VERTEX_POINT('',#2720);
#311=VERTEX_POINT('',#2721);
#312=VERTEX_POINT('',#2807);
#313=VERTEX_POINT('',#2808);
#314=VERTEX_POINT('',#2897);
#315=VERTEX_POINT('',#2898);
#316=VERTEX_POINT('',#2999);
#317=VERTEX_POINT('',#3000);
#318=VERTEX_POINT('',#3083);
#319=VERTEX_POINT('',#3084);
#320=VERTEX_POINT('',#3161);
#321=VERTEX_POINT('',#3162);
#322=VERTEX_POINT('',#3239);
#323=VERTEX_POINT('',#3240);
#324=VERTEX_POINT('',#3317);
#325=VERTEX_POINT('',#3318);
#326=VERTEX_POINT('',#3401);
#327=VERTEX_POINT('',#3402);
#328=VERTEX_POINT('',#3482);
#329=VERTEX_POINT('',#3483);
#330=VERTEX_POINT('',#3572);
#331=VERTEX_POINT('',#3573);
#332=VERTEX_POINT('',#3575);
#333=VERTEX_POINT('',#3586);
#334=VERTEX_POINT('',#6058);
#335=VERTEX_POINT('',#6061);
#336=VERTEX_POINT('',#6065);
#337=VERTEX_POINT('',#6070);
#338=VERTEX_POINT('',#6072);
#339=EDGE_CURVE('',#262,#263,#192,.T.);
#340=EDGE_CURVE('',#263,#264,#120,.T.);
#341=EDGE_CURVE('',#264,#265,#111,.F.);
#342=EDGE_CURVE('',#265,#262,#121,.T.);
#343=EDGE_CURVE('',#266,#267,#193,.T.);
#344=EDGE_CURVE('',#267,#263,#122,.T.);
#345=EDGE_CURVE('',#262,#266,#123,.T.);
#346=EDGE_CURVE('',#268,#269,#194,.T.);
#347=EDGE_CURVE('',#269,#267,#124,.T.);
#348=EDGE_CURVE('',#266,#268,#125,.T.);
#349=EDGE_CURVE('',#270,#271,#195,.T.);
#350=EDGE_CURVE('',#271,#269,#126,.T.);
#351=EDGE_CURVE('',#268,#270,#127,.T.);
#352=EDGE_CURVE('',#272,#273,#196,.T.);
#353=EDGE_CURVE('',#273,#271,#128,.T.);
#354=EDGE_CURVE('',#270,#272,#129,.T.);
#355=EDGE_CURVE('',#274,#275,#197,.T.);
#356=EDGE_CURVE('',#275,#273,#130,.T.);
#357=EDGE_CURVE('',#272,#274,#131,.T.);
#358=EDGE_CURVE('',#276,#277,#198,.T.);
#359=EDGE_CURVE('',#277,#275,#132,.T.);
#360=EDGE_CURVE('',#274,#276,#133,.T.);
#361=EDGE_CURVE('',#278,#279,#199,.T.);
#362=EDGE_CURVE('',#279,#277,#134,.T.);
#363=EDGE_CURVE('',#276,#278,#135,.T.);
#364=EDGE_CURVE('',#280,#281,#200,.T.);
#365=EDGE_CURVE('',#281,#279,#136,.T.);
#366=EDGE_CURVE('',#278,#280,#137,.T.);
#367=EDGE_CURVE('',#282,#283,#201,.T.);
#368=EDGE_CURVE('',#283,#281,#138,.T.);
#369=EDGE_CURVE('',#280,#282,#139,.T.);
#370=EDGE_CURVE('',#284,#285,#202,.T.);
#371=EDGE_CURVE('',#285,#283,#140,.T.);
#372=EDGE_CURVE('',#282,#284,#141,.T.);
#373=EDGE_CURVE('',#286,#287,#203,.T.);
#374=EDGE_CURVE('',#287,#285,#142,.T.);
#375=EDGE_CURVE('',#284,#286,#143,.T.);
#376=EDGE_CURVE('',#288,#289,#204,.T.);
#377=EDGE_CURVE('',#289,#287,#144,.T.);
#378=EDGE_CURVE('',#286,#288,#145,.T.);
#379=EDGE_CURVE('',#290,#291,#205,.T.);
#380=EDGE_CURVE('',#291,#289,#146,.T.);
#381=EDGE_CURVE('',#288,#290,#147,.T.);
#382=EDGE_CURVE('',#292,#293,#206,.T.);
#383=EDGE_CURVE('',#293,#291,#148,.T.);
#384=EDGE_CURVE('',#290,#292,#149,.T.);
#385=EDGE_CURVE('',#294,#295,#207,.T.);
#386=EDGE_CURVE('',#294,#296,#150,.T.);
#387=EDGE_CURVE('',#297,#296,#112,.F.);
#388=EDGE_CURVE('',#297,#295,#151,.T.);
#389=EDGE_CURVE('',#298,#299,#208,.T.);
#390=EDGE_CURVE('',#299,#300,#152,.T.);
#391=EDGE_CURVE('',#301,#300,#113,.T.);
#392=EDGE_CURVE('',#298,#301,#153,.F.);
#393=EDGE_CURVE('',#302,#303,#209,.T.);
#394=EDGE_CURVE('',#303,#299,#154,.T.);
#395=EDGE_CURVE('',#302,#298,#155,.F.);
#396=EDGE_CURVE('',#304,#305,#210,.T.);
#397=EDGE_CURVE('',#305,#303,#156,.T.);
#398=EDGE_CURVE('',#304,#302,#157,.F.);
#399=EDGE_CURVE('',#306,#307,#211,.T.);
#400=EDGE_CURVE('',#307,#305,#158,.T.);
#401=EDGE_CURVE('',#306,#304,#159,.F.);
#402=EDGE_CURVE('',#308,#309,#212,.T.);
#403=EDGE_CURVE('',#309,#307,#160,.T.);
#404=EDGE_CURVE('',#308,#306,#161,.F.);
#405=EDGE_CURVE('',#310,#311,#213,.T.);
#406=EDGE_CURVE('',#311,#309,#162,.T.);
#407=EDGE_CURVE('',#310,#308,#163,.F.);
#408=EDGE_CURVE('',#312,#313,#214,.T.);
#409=EDGE_CURVE('',#313,#311,#164,.T.);
#410=EDGE_CURVE('',#312,#310,#165,.F.);
#411=EDGE_CURVE('',#314,#315,#215,.T.);
#412=EDGE_CURVE('',#315,#313,#166,.T.);
#413=EDGE_CURVE('',#314,#312,#167,.F.);
#414=EDGE_CURVE('',#316,#317,#216,.T.);
#415=EDGE_CURVE('',#317,#315,#168,.T.);
#416=EDGE_CURVE('',#316,#314,#169,.F.);
#417=EDGE_CURVE('',#318,#319,#217,.T.);
#418=EDGE_CURVE('',#319,#317,#170,.T.);
#419=EDGE_CURVE('',#318,#316,#171,.F.);
#420=EDGE_CURVE('',#320,#321,#218,.T.);
#421=EDGE_CURVE('',#321,#319,#172,.T.);
#422=EDGE_CURVE('',#320,#318,#173,.F.);
#423=EDGE_CURVE('',#322,#323,#219,.T.);
#424=EDGE_CURVE('',#323,#321,#174,.T.);
#425=EDGE_CURVE('',#322,#320,#175,.F.);
#426=EDGE_CURVE('',#324,#325,#220,.T.);
#427=EDGE_CURVE('',#325,#323,#176,.T.);
#428=EDGE_CURVE('',#324,#322,#177,.F.);
#429=EDGE_CURVE('',#326,#327,#221,.T.);
#430=EDGE_CURVE('',#327,#325,#178,.T.);
#431=EDGE_CURVE('',#326,#324,#179,.F.);
#432=EDGE_CURVE('',#328,#329,#222,.T.);
#433=EDGE_CURVE('',#329,#327,#180,.T.);
#434=EDGE_CURVE('',#328,#326,#181,.F.);
#435=EDGE_CURVE('',#330,#331,#223,.T.);
#436=EDGE_CURVE('',#332,#330,#182,.F.);
#437=EDGE_CURVE('',#333,#332,#114,.F.);
#438=EDGE_CURVE('',#333,#331,#183,.T.);
#439=EDGE_CURVE('',#331,#329,#184,.T.);
#440=EDGE_CURVE('',#330,#328,#185,.F.);
#441=EDGE_CURVE('',#300,#297,#186,.T.);
#442=EDGE_CURVE('',#264,#333,#187,.F.);
#443=EDGE_CURVE('',#295,#293,#188,.T.);
#444=EDGE_CURVE('',#296,#301,#189,.T.);
#445=EDGE_CURVE('',#292,#294,#190,.T.);
#446=EDGE_CURVE('',#332,#265,#191,.F.);
#447=EDGE_CURVE('',#334,#334,#115,.T.);
#448=EDGE_CURVE('',#335,#335,#116,.T.);
#449=EDGE_CURVE('',#335,#334,#224,.T.);
#450=EDGE_CURVE('',#335,#336,#225,.T.);
#451=EDGE_CURVE('',#336,#336,#117,.T.);
#452=EDGE_CURVE('',#337,#337,#118,.T.);
#453=EDGE_CURVE('',#337,#338,#226,.T.);
#454=EDGE_CURVE('',#338,#338,#119,.T.);
#455=ORIENTED_EDGE('',*,*,#339,.T.);
#456=ORIENTED_EDGE('',*,*,#340,.T.);
#457=ORIENTED_EDGE('',*,*,#341,.T.);
#458=ORIENTED_EDGE('',*,*,#342,.T.);
#459=ORIENTED_EDGE('',*,*,#343,.T.);
#460=ORIENTED_EDGE('',*,*,#344,.T.);
#461=ORIENTED_EDGE('',*,*,#339,.F.);
#462=ORIENTED_EDGE('',*,*,#345,.T.);
#463=ORIENTED_EDGE('',*,*,#346,.T.);
#464=ORIENTED_EDGE('',*,*,#347,.T.);
#465=ORIENTED_EDGE('',*,*,#343,.F.);
#466=ORIENTED_EDGE('',*,*,#348,.T.);
#467=ORIENTED_EDGE('',*,*,#349,.T.);
#468=ORIENTED_EDGE('',*,*,#350,.T.);
#469=ORIENTED_EDGE('',*,*,#346,.F.);
#470=ORIENTED_EDGE('',*,*,#351,.T.);
#471=ORIENTED_EDGE('',*,*,#352,.T.);
#472=ORIENTED_EDGE('',*,*,#353,.T.);
#473=ORIENTED_EDGE('',*,*,#349,.F.);
#474=ORIENTED_EDGE('',*,*,#354,.T.);
#475=ORIENTED_EDGE('',*,*,#355,.T.);
#476=ORIENTED_EDGE('',*,*,#356,.T.);
#477=ORIENTED_EDGE('',*,*,#352,.F.);
#478=ORIENTED_EDGE('',*,*,#357,.T.);
#479=ORIENTED_EDGE('',*,*,#358,.T.);
#480=ORIENTED_EDGE('',*,*,#359,.T.);
#481=ORIENTED_EDGE('',*,*,#355,.F.);
#482=ORIENTED_EDGE('',*,*,#360,.T.);
#483=ORIENTED_EDGE('',*,*,#361,.T.);
#484=ORIENTED_EDGE('',*,*,#362,.T.);
#485=ORIENTED_EDGE('',*,*,#358,.F.);
#486=ORIENTED_EDGE('',*,*,#363,.T.);
#487=ORIENTED_EDGE('',*,*,#364,.T.);
#488=ORIENTED_EDGE('',*,*,#365,.T.);
#489=ORIENTED_EDGE('',*,*,#361,.F.);
#490=ORIENTED_EDGE('',*,*,#366,.T.);
#491=ORIENTED_EDGE('',*,*,#367,.T.);
#492=ORIENTED_EDGE('',*,*,#368,.T.);
#493=ORIENTED_EDGE('',*,*,#364,.F.);
#494=ORIENTED_EDGE('',*,*,#369,.T.);
#495=ORIENTED_EDGE('',*,*,#370,.T.);
#496=ORIENTED_EDGE('',*,*,#371,.T.);
#497=ORIENTED_EDGE('',*,*,#367,.F.);
#498=ORIENTED_EDGE('',*,*,#372,.T.);
#499=ORIENTED_EDGE('',*,*,#373,.T.);
#500=ORIENTED_EDGE('',*,*,#374,.T.);
#501=ORIENTED_EDGE('',*,*,#370,.F.);
#502=ORIENTED_EDGE('',*,*,#375,.T.);
#503=ORIENTED_EDGE('',*,*,#376,.T.);
#504=ORIENTED_EDGE('',*,*,#377,.T.);
#505=ORIENTED_EDGE('',*,*,#373,.F.);
#506=ORIENTED_EDGE('',*,*,#378,.T.);
#507=ORIENTED_EDGE('',*,*,#379,.T.);
#508=ORIENTED_EDGE('',*,*,#380,.T.);
#509=ORIENTED_EDGE('',*,*,#376,.F.);
#510=ORIENTED_EDGE('',*,*,#381,.T.);
#511=ORIENTED_EDGE('',*,*,#382,.T.);
#512=ORIENTED_EDGE('',*,*,#383,.T.);
#513=ORIENTED_EDGE('',*,*,#379,.F.);
#514=ORIENTED_EDGE('',*,*,#384,.T.);
#515=ORIENTED_EDGE('',*,*,#385,.F.);
#516=ORIENTED_EDGE('',*,*,#386,.T.);
#517=ORIENTED_EDGE('',*,*,#387,.F.);
#518=ORIENTED_EDGE('',*,*,#388,.T.);
#519=ORIENTED_EDGE('',*,*,#389,.T.);
#520=ORIENTED_EDGE('',*,*,#390,.T.);
#521=ORIENTED_EDGE('',*,*,#391,.F.);
#522=ORIENTED_EDGE('',*,*,#392,.F.);
#523=ORIENTED_EDGE('',*,*,#393,.T.);
#524=ORIENTED_EDGE('',*,*,#394,.T.);
#525=ORIENTED_EDGE('',*,*,#389,.F.);
#526=ORIENTED_EDGE('',*,*,#395,.F.);
#527=ORIENTED_EDGE('',*,*,#396,.T.);
#528=ORIENTED_EDGE('',*,*,#397,.T.);
#529=ORIENTED_EDGE('',*,*,#393,.F.);
#530=ORIENTED_EDGE('',*,*,#398,.F.);
#531=ORIENTED_EDGE('',*,*,#399,.T.);
#532=ORIENTED_EDGE('',*,*,#400,.T.);
#533=ORIENTED_EDGE('',*,*,#396,.F.);
#534=ORIENTED_EDGE('',*,*,#401,.F.);
#535=ORIENTED_EDGE('',*,*,#402,.T.);
#536=ORIENTED_EDGE('',*,*,#403,.T.);
#537=ORIENTED_EDGE('',*,*,#399,.F.);
#538=ORIENTED_EDGE('',*,*,#404,.F.);
#539=ORIENTED_EDGE('',*,*,#405,.T.);
#540=ORIENTED_EDGE('',*,*,#406,.T.);
#541=ORIENTED_EDGE('',*,*,#402,.F.);
#542=ORIENTED_EDGE('',*,*,#407,.F.);
#543=ORIENTED_EDGE('',*,*,#408,.T.);
#544=ORIENTED_EDGE('',*,*,#409,.T.);
#545=ORIENTED_EDGE('',*,*,#405,.F.);
#546=ORIENTED_EDGE('',*,*,#410,.F.);
#547=ORIENTED_EDGE('',*,*,#411,.T.);
#548=ORIENTED_EDGE('',*,*,#412,.T.);
#549=ORIENTED_EDGE('',*,*,#408,.F.);
#550=ORIENTED_EDGE('',*,*,#413,.F.);
#551=ORIENTED_EDGE('',*,*,#414,.T.);
#552=ORIENTED_EDGE('',*,*,#415,.T.);
#553=ORIENTED_EDGE('',*,*,#411,.F.);
#554=ORIENTED_EDGE('',*,*,#416,.F.);
#555=ORIENTED_EDGE('',*,*,#417,.T.);
#556=ORIENTED_EDGE('',*,*,#418,.T.);
#557=ORIENTED_EDGE('',*,*,#414,.F.);
#558=ORIENTED_EDGE('',*,*,#419,.F.);
#559=ORIENTED_EDGE('',*,*,#420,.T.);
#560=ORIENTED_EDGE('',*,*,#421,.T.);
#561=ORIENTED_EDGE('',*,*,#417,.F.);
#562=ORIENTED_EDGE('',*,*,#422,.F.);
#563=ORIENTED_EDGE('',*,*,#423,.T.);
#564=ORIENTED_EDGE('',*,*,#424,.T.);
#565=ORIENTED_EDGE('',*,*,#420,.F.);
#566=ORIENTED_EDGE('',*,*,#425,.F.);
#567=ORIENTED_EDGE('',*,*,#426,.T.);
#568=ORIENTED_EDGE('',*,*,#427,.T.);
#569=ORIENTED_EDGE('',*,*,#423,.F.);
#570=ORIENTED_EDGE('',*,*,#428,.F.);
#571=ORIENTED_EDGE('',*,*,#429,.T.);
#572=ORIENTED_EDGE('',*,*,#430,.T.);
#573=ORIENTED_EDGE('',*,*,#426,.F.);
#574=ORIENTED_EDGE('',*,*,#431,.F.);
#575=ORIENTED_EDGE('',*,*,#432,.T.);
#576=ORIENTED_EDGE('',*,*,#433,.T.);
#577=ORIENTED_EDGE('',*,*,#429,.F.);
#578=ORIENTED_EDGE('',*,*,#434,.F.);
#579=ORIENTED_EDGE('',*,*,#435,.F.);
#580=ORIENTED_EDGE('',*,*,#436,.F.);
#581=ORIENTED_EDGE('',*,*,#437,.F.);
#582=ORIENTED_EDGE('',*,*,#438,.T.);
#583=ORIENTED_EDGE('',*,*,#435,.T.);
#584=ORIENTED_EDGE('',*,*,#439,.T.);
#585=ORIENTED_EDGE('',*,*,#432,.F.);
#586=ORIENTED_EDGE('',*,*,#440,.F.);
#587=ORIENTED_EDGE('',*,*,#441,.F.);
#588=ORIENTED_EDGE('',*,*,#390,.F.);
#589=ORIENTED_EDGE('',*,*,#394,.F.);
#590=ORIENTED_EDGE('',*,*,#397,.F.);
#591=ORIENTED_EDGE('',*,*,#400,.F.);
#592=ORIENTED_EDGE('',*,*,#403,.F.);
#593=ORIENTED_EDGE('',*,*,#406,.F.);
#594=ORIENTED_EDGE('',*,*,#409,.F.);
#595=ORIENTED_EDGE('',*,*,#412,.F.);
#596=ORIENTED_EDGE('',*,*,#415,.F.);
#597=ORIENTED_EDGE('',*,*,#418,.F.);
#598=ORIENTED_EDGE('',*,*,#421,.F.);
#599=ORIENTED_EDGE('',*,*,#424,.F.);
#600=ORIENTED_EDGE('',*,*,#427,.F.);
#601=ORIENTED_EDGE('',*,*,#430,.F.);
#602=ORIENTED_EDGE('',*,*,#433,.F.);
#603=ORIENTED_EDGE('',*,*,#439,.F.);
#604=ORIENTED_EDGE('',*,*,#438,.F.);
#605=ORIENTED_EDGE('',*,*,#442,.F.);
#606=ORIENTED_EDGE('',*,*,#340,.F.);
#607=ORIENTED_EDGE('',*,*,#344,.F.);
#608=ORIENTED_EDGE('',*,*,#347,.F.);
#609=ORIENTED_EDGE('',*,*,#350,.F.);
#610=ORIENTED_EDGE('',*,*,#353,.F.);
#611=ORIENTED_EDGE('',*,*,#356,.F.);
#612=ORIENTED_EDGE('',*,*,#359,.F.);
#613=ORIENTED_EDGE('',*,*,#362,.F.);
#614=ORIENTED_EDGE('',*,*,#365,.F.);
#615=ORIENTED_EDGE('',*,*,#368,.F.);
#616=ORIENTED_EDGE('',*,*,#371,.F.);
#617=ORIENTED_EDGE('',*,*,#374,.F.);
#618=ORIENTED_EDGE('',*,*,#377,.F.);
#619=ORIENTED_EDGE('',*,*,#380,.F.);
#620=ORIENTED_EDGE('',*,*,#383,.F.);
#621=ORIENTED_EDGE('',*,*,#443,.F.);
#622=ORIENTED_EDGE('',*,*,#388,.F.);
#623=ORIENTED_EDGE('',*,*,#444,.F.);
#624=ORIENTED_EDGE('',*,*,#386,.F.);
#625=ORIENTED_EDGE('',*,*,#445,.F.);
#626=ORIENTED_EDGE('',*,*,#384,.F.);
#627=ORIENTED_EDGE('',*,*,#381,.F.);
#628=ORIENTED_EDGE('',*,*,#378,.F.);
#629=ORIENTED_EDGE('',*,*,#375,.F.);
#630=ORIENTED_EDGE('',*,*,#372,.F.);
#631=ORIENTED_EDGE('',*,*,#369,.F.);
#632=ORIENTED_EDGE('',*,*,#366,.F.);
#633=ORIENTED_EDGE('',*,*,#363,.F.);
#634=ORIENTED_EDGE('',*,*,#360,.F.);
#635=ORIENTED_EDGE('',*,*,#357,.F.);
#636=ORIENTED_EDGE('',*,*,#354,.F.);
#637=ORIENTED_EDGE('',*,*,#351,.F.);
#638=ORIENTED_EDGE('',*,*,#348,.F.);
#639=ORIENTED_EDGE('',*,*,#345,.F.);
#640=ORIENTED_EDGE('',*,*,#342,.F.);
#641=ORIENTED_EDGE('',*,*,#446,.F.);
#642=ORIENTED_EDGE('',*,*,#436,.T.);
#643=ORIENTED_EDGE('',*,*,#440,.T.);
#644=ORIENTED_EDGE('',*,*,#434,.T.);
#645=ORIENTED_EDGE('',*,*,#431,.T.);
#646=ORIENTED_EDGE('',*,*,#428,.T.);
#647=ORIENTED_EDGE('',*,*,#425,.T.);
#648=ORIENTED_EDGE('',*,*,#422,.T.);
#649=ORIENTED_EDGE('',*,*,#419,.T.);
#650=ORIENTED_EDGE('',*,*,#416,.T.);
#651=ORIENTED_EDGE('',*,*,#413,.T.);
#652=ORIENTED_EDGE('',*,*,#410,.T.);
#653=ORIENTED_EDGE('',*,*,#407,.T.);
#654=ORIENTED_EDGE('',*,*,#404,.T.);
#655=ORIENTED_EDGE('',*,*,#401,.T.);
#656=ORIENTED_EDGE('',*,*,#398,.T.);
#657=ORIENTED_EDGE('',*,*,#395,.T.);
#658=ORIENTED_EDGE('',*,*,#392,.T.);
#659=ORIENTED_EDGE('',*,*,#447,.T.);
#660=ORIENTED_EDGE('',*,*,#444,.T.);
#661=ORIENTED_EDGE('',*,*,#391,.T.);
#662=ORIENTED_EDGE('',*,*,#441,.T.);
#663=ORIENTED_EDGE('',*,*,#387,.T.);
#664=ORIENTED_EDGE('',*,*,#448,.F.);
#665=ORIENTED_EDGE('',*,*,#449,.T.);
#666=ORIENTED_EDGE('',*,*,#447,.F.);
#667=ORIENTED_EDGE('',*,*,#449,.F.);
#668=ORIENTED_EDGE('',*,*,#448,.T.);
#669=ORIENTED_EDGE('',*,*,#450,.T.);
#670=ORIENTED_EDGE('',*,*,#451,.F.);
#671=ORIENTED_EDGE('',*,*,#450,.F.);
#672=ORIENTED_EDGE('',*,*,#385,.T.);
#673=ORIENTED_EDGE('',*,*,#443,.T.);
#674=ORIENTED_EDGE('',*,*,#382,.F.);
#675=ORIENTED_EDGE('',*,*,#445,.T.);
#676=ORIENTED_EDGE('',*,*,#452,.F.);
#677=ORIENTED_EDGE('',*,*,#453,.T.);
#678=ORIENTED_EDGE('',*,*,#454,.T.);
#679=ORIENTED_EDGE('',*,*,#453,.F.);
#680=ORIENTED_EDGE('',*,*,#452,.T.);
#681=ORIENTED_EDGE('',*,*,#451,.T.);
#682=ORIENTED_EDGE('',*,*,#454,.F.);
#683=ORIENTED_EDGE('',*,*,#446,.T.);
#684=ORIENTED_EDGE('',*,*,#341,.F.);
#685=ORIENTED_EDGE('',*,*,#442,.T.);
#686=ORIENTED_EDGE('',*,*,#437,.T.);
#687=CYLINDRICAL_SURFACE('',#779,18.75935);
#688=CYLINDRICAL_SURFACE('',#781,18.75935);
#689=CYLINDRICAL_SURFACE('',#782,18.75935);
#690=CYLINDRICAL_SURFACE('',#783,18.75935);
#691=CYLINDRICAL_SURFACE('',#784,18.75935);
#692=CYLINDRICAL_SURFACE('',#785,18.75935);
#693=CYLINDRICAL_SURFACE('',#786,18.75935);
#694=CYLINDRICAL_SURFACE('',#787,18.75935);
#695=CYLINDRICAL_SURFACE('',#788,18.75935);
#696=CYLINDRICAL_SURFACE('',#789,18.75935);
#697=CYLINDRICAL_SURFACE('',#790,18.75935);
#698=CYLINDRICAL_SURFACE('',#791,18.75935);
#699=CYLINDRICAL_SURFACE('',#792,18.75935);
#700=CYLINDRICAL_SURFACE('',#793,18.75935);
#701=CYLINDRICAL_SURFACE('',#794,18.75935);
#702=CYLINDRICAL_SURFACE('',#795,18.75935);
#703=CYLINDRICAL_SURFACE('',#797,20.3527);
#704=CYLINDRICAL_SURFACE('',#799,20.3527);
#705=CYLINDRICAL_SURFACE('',#800,20.3527);
#706=CYLINDRICAL_SURFACE('',#801,20.3527);
#707=CYLINDRICAL_SURFACE('',#802,20.3527);
#708=CYLINDRICAL_SURFACE('',#803,20.3527);
#709=CYLINDRICAL_SURFACE('',#804,20.3527);
#710=CYLINDRICAL_SURFACE('',#805,20.3527);
#711=CYLINDRICAL_SURFACE('',#806,20.3527);
#712=CYLINDRICAL_SURFACE('',#807,20.3527);
#713=CYLINDRICAL_SURFACE('',#808,20.3527);
#714=CYLINDRICAL_SURFACE('',#809,20.3527);
#715=CYLINDRICAL_SURFACE('',#810,20.3527);
#716=CYLINDRICAL_SURFACE('',#811,20.3527);
#717=CYLINDRICAL_SURFACE('',#812,20.3527);
#718=CYLINDRICAL_SURFACE('',#813,20.3527);
#719=CYLINDRICAL_SURFACE('',#815,20.3527);
#720=CYLINDRICAL_SURFACE('',#820,21.4);
#721=CYLINDRICAL_SURFACE('',#822,18.75935);
#722=CYLINDRICAL_SURFACE('',#823,24.);
#723=ADVANCED_FACE('',(#24),#687,.F.);
#724=ADVANCED_FACE('',(#25),#688,.F.);
#725=ADVANCED_FACE('',(#26),#689,.F.);
#726=ADVANCED_FACE('',(#27),#690,.F.);
#727=ADVANCED_FACE('',(#28),#691,.F.);
#728=ADVANCED_FACE('',(#29),#692,.F.);
#729=ADVANCED_FACE('',(#30),#693,.F.);
#730=ADVANCED_FACE('',(#31),#694,.F.);
#731=ADVANCED_FACE('',(#32),#695,.F.);
#732=ADVANCED_FACE('',(#33),#696,.F.);
#733=ADVANCED_FACE('',(#34),#697,.F.);
#734=ADVANCED_FACE('',(#35),#698,.F.);
#735=ADVANCED_FACE('',(#36),#699,.F.);
#736=ADVANCED_FACE('',(#37),#700,.F.);
#737=ADVANCED_FACE('',(#38),#701,.F.);
#738=ADVANCED_FACE('',(#39),#702,.F.);
#739=ADVANCED_FACE('',(#40),#703,.F.);
#740=ADVANCED_FACE('',(#41),#704,.F.);
#741=ADVANCED_FACE('',(#42),#705,.F.);
#742=ADVANCED_FACE('',(#43),#706,.F.);
#743=ADVANCED_FACE('',(#44),#707,.F.);
#744=ADVANCED_FACE('',(#45),#708,.F.);
#745=ADVANCED_FACE('',(#46),#709,.F.);
#746=ADVANCED_FACE('',(#47),#710,.F.);
#747=ADVANCED_FACE('',(#48),#711,.F.);
#748=ADVANCED_FACE('',(#49),#712,.F.);
#749=ADVANCED_FACE('',(#50),#713,.F.);
#750=ADVANCED_FACE('',(#51),#714,.F.);
#751=ADVANCED_FACE('',(#52),#715,.F.);
#752=ADVANCED_FACE('',(#53),#716,.F.);
#753=ADVANCED_FACE('',(#54),#717,.F.);
#754=ADVANCED_FACE('',(#55),#718,.F.);
#755=ADVANCED_FACE('',(#56),#719,.F.);
#756=ADVANCED_FACE('',(#57),#22,.F.);
#757=ADVANCED_FACE('',(#58),#23,.F.);
#758=ADVANCED_FACE('',(#59,#16),#19,.T.);
#759=ADVANCED_FACE('',(#60),#15,.T.);
#760=ADVANCED_FACE('',(#61),#720,.T.);
#761=ADVANCED_FACE('',(#62),#721,.F.);
#762=ADVANCED_FACE('',(#63),#722,.T.);
#763=ADVANCED_FACE('',(#64,#17),#20,.T.);
#764=ADVANCED_FACE('',(#65,#18),#21,.F.);
#765=CLOSED_SHELL('',(#723,#724,#725,#726,#727,#728,#729,#730,#731,#732,
#733,#734,#735,#736,#737,#738,#739,#740,#741,#742,#743,#744,#745,#746,#747,
#748,#749,#750,#751,#752,#753,#754,#755,#756,#757,#758,#759,#760,#761,#762,
#763,#764));
#766=DERIVED_UNIT_ELEMENT(#768,1.);
#767=DERIVED_UNIT_ELEMENT(#6082,-3.);
#768=(
MASS_UNIT()
NAMED_UNIT(*)
SI_UNIT(.KILO.,.GRAM.)
);
#769=DERIVED_UNIT((#766,#767));
#770=MEASURE_REPRESENTATION_ITEM('density measure',
POSITIVE_RATIO_MEASURE(7850.),#769);
#771=PROPERTY_DEFINITION_REPRESENTATION(#776,#773);
#772=PROPERTY_DEFINITION_REPRESENTATION(#777,#774);
#773=REPRESENTATION('material name',(#775),#6079);
#774=REPRESENTATION('density',(#770),#6079);
#775=DESCRIPTIVE_REPRESENTATION_ITEM('Stahl','Stahl');
#776=PROPERTY_DEFINITION('material property','material name',#6089);
#777=PROPERTY_DEFINITION('material property','density of part',#6089);
#778=AXIS2_PLACEMENT_3D('',#963,#828,#829);
#779=AXIS2_PLACEMENT_3D('',#964,#830,#831);
#780=AXIS2_PLACEMENT_3D('',#1001,#833,#834);
#781=AXIS2_PLACEMENT_3D('',#1036,#835,#836);
#782=AXIS2_PLACEMENT_3D('',#1132,#838,#839);
#783=AXIS2_PLACEMENT_3D('',#1213,#841,#842);
#784=AXIS2_PLACEMENT_3D('',#1300,#844,#845);
#785=AXIS2_PLACEMENT_3D('',#1378,#847,#848);
#786=AXIS2_PLACEMENT_3D('',#1456,#850,#851);
#787=AXIS2_PLACEMENT_3D('',#1534,#853,#854);
#788=AXIS2_PLACEMENT_3D('',#1609,#856,#857);
#789=AXIS2_PLACEMENT_3D('',#1705,#859,#860);
#790=AXIS2_PLACEMENT_3D('',#1807,#862,#863);
#791=AXIS2_PLACEMENT_3D('',#1891,#865,#866);
#792=AXIS2_PLACEMENT_3D('',#1972,#868,#869);
#793=AXIS2_PLACEMENT_3D('',#2056,#871,#872);
#794=AXIS2_PLACEMENT_3D('',#2155,#874,#875);
#795=AXIS2_PLACEMENT_3D('',#2251,#877,#878);
#796=AXIS2_PLACEMENT_3D('',#2267,#880,#881);
#797=AXIS2_PLACEMENT_3D('',#2284,#882,#883);
#798=AXIS2_PLACEMENT_3D('',#2321,#885,#886);
#799=AXIS2_PLACEMENT_3D('',#2359,#887,#888);
#800=AXIS2_PLACEMENT_3D('',#2452,#890,#891);
#801=AXIS2_PLACEMENT_3D('',#2548,#893,#894);
#802=AXIS2_PLACEMENT_3D('',#2644,#896,#897);
#803=AXIS2_PLACEMENT_3D('',#2719,#899,#900);
#804=AXIS2_PLACEMENT_3D('',#2806,#902,#903);
#805=AXIS2_PLACEMENT_3D('',#2896,#905,#906);
#806=AXIS2_PLACEMENT_3D('',#2998,#908,#909);
#807=AXIS2_PLACEMENT_3D('',#3082,#911,#912);
#808=AXIS2_PLACEMENT_3D('',#3160,#914,#915);
#809=AXIS2_PLACEMENT_3D('',#3238,#917,#918);
#810=AXIS2_PLACEMENT_3D('',#3316,#920,#921);
#811=AXIS2_PLACEMENT_3D('',#3400,#923,#924);
#812=AXIS2_PLACEMENT_3D('',#3481,#926,#927);
#813=AXIS2_PLACEMENT_3D('',#3571,#929,#930);
#814=AXIS2_PLACEMENT_3D('',#3587,#932,#933);
#815=AXIS2_PLACEMENT_3D('',#3604,#934,#935);
#816=AXIS2_PLACEMENT_3D('',#6057,#936,#937);
#817=AXIS2_PLACEMENT_3D('',#6059,#938,#939);
#818=AXIS2_PLACEMENT_3D('',#6060,#940,#941);
#819=AXIS2_PLACEMENT_3D('',#6062,#942,#943);
#820=AXIS2_PLACEMENT_3D('',#6064,#945,#946);
#821=AXIS2_PLACEMENT_3D('',#6067,#948,#949);
#822=AXIS2_PLACEMENT_3D('',#6068,#950,#951);
#823=AXIS2_PLACEMENT_3D('',#6069,#952,#953);
#824=AXIS2_PLACEMENT_3D('',#6071,#954,#955);
#825=AXIS2_PLACEMENT_3D('',#6074,#957,#958);
#826=AXIS2_PLACEMENT_3D('',#6075,#959,#960);
#827=AXIS2_PLACEMENT_3D('',#6076,#961,#962);
#828=DIRECTION('axis',(0.,0.,1.));
#829=DIRECTION('refdir',(1.,0.,0.));
#830=DIRECTION('center_axis',(0.,0.,1.));
#831=DIRECTION('ref_axis',(1.,0.,0.));
#832=DIRECTION('',(0.,0.,-1.));
#833=DIRECTION('center_axis',(0.,0.,1.));
#834=DIRECTION('ref_axis',(1.,0.,0.));
#835=DIRECTION('center_axis',(0.,0.,1.));
#836=DIRECTION('ref_axis',(1.,0.,0.));
#837=DIRECTION('',(0.,0.,-1.));
#838=DIRECTION('center_axis',(0.,0.,1.));
#839=DIRECTION('ref_axis',(1.,0.,0.));
#840=DIRECTION('',(0.,0.,-1.));
#841=DIRECTION('center_axis',(0.,0.,1.));
#842=DIRECTION('ref_axis',(1.,0.,0.));
#843=DIRECTION('',(0.,0.,-1.));
#844=DIRECTION('center_axis',(0.,0.,1.));
#845=DIRECTION('ref_axis',(1.,0.,0.));
#846=DIRECTION('',(0.,0.,-1.));
#847=DIRECTION('center_axis',(0.,0.,1.));
#848=DIRECTION('ref_axis',(1.,0.,0.));
#849=DIRECTION('',(0.,0.,-1.));
#850=DIRECTION('center_axis',(0.,0.,1.));
#851=DIRECTION('ref_axis',(1.,0.,0.));
#852=DIRECTION('',(0.,0.,-1.));
#853=DIRECTION('center_axis',(0.,0.,1.));
#854=DIRECTION('ref_axis',(1.,0.,0.));
#855=DIRECTION('',(0.,0.,-1.));
#856=DIRECTION('center_axis',(0.,0.,1.));
#857=DIRECTION('ref_axis',(1.,0.,0.));
#858=DIRECTION('',(0.,0.,-1.));
#859=DIRECTION('center_axis',(0.,0.,1.));
#860=DIRECTION('ref_axis',(1.,0.,0.));
#861=DIRECTION('',(0.,0.,-1.));
#862=DIRECTION('center_axis',(0.,0.,1.));
#863=DIRECTION('ref_axis',(1.,0.,0.));
#864=DIRECTION('',(0.,0.,-1.));
#865=DIRECTION('center_axis',(0.,0.,1.));
#866=DIRECTION('ref_axis',(1.,0.,0.));
#867=DIRECTION('',(0.,0.,-1.));
#868=DIRECTION('center_axis',(0.,0.,1.));
#869=DIRECTION('ref_axis',(1.,0.,0.));
#870=DIRECTION('',(0.,0.,-1.));
#871=DIRECTION('center_axis',(0.,0.,1.));
#872=DIRECTION('ref_axis',(1.,0.,0.));
#873=DIRECTION('',(0.,0.,-1.));
#874=DIRECTION('center_axis',(0.,0.,1.));
#875=DIRECTION('ref_axis',(1.,0.,0.));
#876=DIRECTION('',(0.,0.,-1.));
#877=DIRECTION('center_axis',(0.,0.,1.));
#878=DIRECTION('ref_axis',(1.,0.,0.));
#879=DIRECTION('',(0.,0.,-1.));
#880=DIRECTION('center_axis',(0.,0.,1.));
#881=DIRECTION('ref_axis',(1.,0.,0.));
#882=DIRECTION('center_axis',(0.,0.,1.));
#883=DIRECTION('ref_axis',(1.,8.91852360097568E-14,0.));
#884=DIRECTION('',(1.22464679914735E-16,1.09370389788816E-29,1.));
#885=DIRECTION('center_axis',(0.,0.,-1.));
#886=DIRECTION('ref_axis',(1.,8.91852360097567E-14,0.));
#887=DIRECTION('center_axis',(0.,0.,1.));
#888=DIRECTION('ref_axis',(1.,8.91852360097568E-14,0.));
#889=DIRECTION('',(1.22464679914735E-16,1.09370389788816E-29,1.));
#890=DIRECTION('center_axis',(0.,0.,1.));
#891=DIRECTION('ref_axis',(1.,8.91852360097568E-14,0.));
#892=DIRECTION('',(1.22464679914735E-16,1.09370389788816E-29,1.));
#893=DIRECTION('center_axis',(0.,0.,1.));
#894=DIRECTION('ref_axis',(1.,8.91852360097568E-14,0.));
#895=DIRECTION('',(1.22464679914735E-16,1.09370389788816E-29,1.));
#896=DIRECTION('center_axis',(0.,0.,1.));
#897=DIRECTION('ref_axis',(1.,8.91852360097568E-14,0.));
#898=DIRECTION('',(1.22464679914735E-16,1.09370389788816E-29,1.));
#899=DIRECTION('center_axis',(0.,0.,1.));
#900=DIRECTION('ref_axis',(1.,8.91852360097568E-14,0.));
#901=DIRECTION('',(1.22464679914735E-16,1.09370389788816E-29,1.));
#902=DIRECTION('center_axis',(0.,0.,1.));
#903=DIRECTION('ref_axis',(1.,8.91852360097568E-14,0.));
#904=DIRECTION('',(1.22464679914735E-16,1.09370389788816E-29,1.));
#905=DIRECTION('center_axis',(0.,0.,1.));
#906=DIRECTION('ref_axis',(1.,8.91852360097568E-14,0.));
#907=DIRECTION('',(1.22464679914735E-16,1.09370389788816E-29,1.));
#908=DIRECTION('center_axis',(0.,0.,1.));
#909=DIRECTION('ref_axis',(1.,8.91852360097568E-14,0.));
#910=DIRECTION('',(1.22464679914735E-16,1.09370389788816E-29,1.));
#911=DIRECTION('center_axis',(0.,0.,1.));
#912=DIRECTION('ref_axis',(1.,8.91852360097568E-14,0.));
#913=DIRECTION('',(1.22464679914735E-16,1.09370389788816E-29,1.));
#914=DIRECTION('center_axis',(0.,0.,1.));
#915=DIRECTION('ref_axis',(1.,8.91852360097568E-14,0.));
#916=DIRECTION('',(1.22464679914735E-16,1.09370389788816E-29,1.));
#917=DIRECTION('center_axis',(0.,0.,1.));
#918=DIRECTION('ref_axis',(1.,8.91852360097568E-14,0.));
#919=DIRECTION('',(1.22464679914735E-16,1.09370389788816E-29,1.));
#920=DIRECTION('center_axis',(0.,0.,1.));
#921=DIRECTION('ref_axis',(1.,8.91852360097568E-14,0.));
#922=DIRECTION('',(1.22464679914735E-16,1.09370389788816E-29,1.));
#923=DIRECTION('center_axis',(0.,0.,1.));
#924=DIRECTION('ref_axis',(1.,8.91852360097568E-14,0.));
#925=DIRECTION('',(1.22464679914735E-16,1.09370389788816E-29,1.));
#926=DIRECTION('center_axis',(0.,0.,1.));
#927=DIRECTION('ref_axis',(1.,8.91852360097568E-14,0.));
#928=DIRECTION('',(1.22464679914735E-16,1.09370389788816E-29,1.));
#929=DIRECTION('center_axis',(0.,0.,1.));
#930=DIRECTION('ref_axis',(1.,8.91852360097568E-14,0.));
#931=DIRECTION('',(1.22464679914735E-16,1.09370389788816E-29,1.));
#932=DIRECTION('center_axis',(0.,0.,-1.));
#933=DIRECTION('ref_axis',(1.,8.91852360097568E-14,0.));
#934=DIRECTION('center_axis',(0.,0.,1.));
#935=DIRECTION('ref_axis',(1.,8.91852360097568E-14,0.));
#936=DIRECTION('center_axis',(0.,0.,1.));
#937=DIRECTION('ref_axis',(1.,0.,0.));
#938=DIRECTION('center_axis',(0.,0.,1.));
#939=DIRECTION('ref_axis',(1.,0.,0.));
#940=DIRECTION('center_axis',(0.,0.,-1.));
#941=DIRECTION('ref_axis',(1.,0.,0.));
#942=DIRECTION('center_axis',(0.,0.,-1.));
#943=DIRECTION('ref_axis',(1.,0.,0.));
#944=DIRECTION('',(0.74740931868366,9.15312429778848E-17,0.664363838829919));
#945=DIRECTION('center_axis',(0.,0.,1.));
#946=DIRECTION('ref_axis',(1.,0.,0.));
#947=DIRECTION('',(0.,0.,-1.));
#948=DIRECTION('center_axis',(0.,0.,-1.));
#949=DIRECTION('ref_axis',(1.,0.,0.));
#950=DIRECTION('center_axis',(0.,0.,1.));
#951=DIRECTION('ref_axis',(1.,0.,0.));
#952=DIRECTION('center_axis',(0.,0.,1.));
#953=DIRECTION('ref_axis',(1.,0.,0.));
#954=DIRECTION('center_axis',(0.,0.,1.));
#955=DIRECTION('ref_axis',(1.,0.,0.));
#956=DIRECTION('',(0.,0.,-1.));
#957=DIRECTION('center_axis',(0.,0.,1.));
#958=DIRECTION('ref_axis',(1.,0.,0.));
#959=DIRECTION('center_axis',(0.,0.,1.));
#960=DIRECTION('ref_axis',(1.,0.,0.));
#961=DIRECTION('center_axis',(0.,0.,1.));
#962=DIRECTION('ref_axis',(1.,0.,0.));
#963=CARTESIAN_POINT('',(0.,0.,0.));
#964=CARTESIAN_POINT('Origin',(0.,0.,0.));
#965=CARTESIAN_POINT('',(-18.7602225624781,-0.000192832839753413,1.98539740729384));
#966=CARTESIAN_POINT('',(-18.7586536204449,-0.000262438553328993,1.76460259269303));
#967=CARTESIAN_POINT('',(-18.75935,-2.29735779315849E-15,0.));
#968=CARTESIAN_POINT('',(5.1384235820214,-18.0418905748324,-1.73472347597681E-16));
#969=CARTESIAN_POINT('Ctrl Pts',(-18.7586536204449,-0.000262438553328992,
1.76460259269304));
#970=CARTESIAN_POINT('Ctrl Pts',(-18.7575199175961,1.89364797042334,1.72443630633128));
#971=CARTESIAN_POINT('Ctrl Pts',(-18.4714074982766,3.78789383950389,1.68427001996952));
#972=CARTESIAN_POINT('Ctrl Pts',(-17.9067309483077,5.59510143891893,1.64410373360777));
#973=CARTESIAN_POINT('Ctrl Pts',(-17.0506722905906,8.33485698898797,1.5832110027334));
#974=CARTESIAN_POINT('Ctrl Pts',(-15.5543884746262,10.8745721036993,1.52231827185904));
#975=CARTESIAN_POINT('Ctrl Pts',(-13.5728326487775,12.9512326254851,1.46142554098468));
#976=CARTESIAN_POINT('Ctrl Pts',(-11.5912768229288,15.0278931472709,1.40053281011032));
#977=CARTESIAN_POINT('Ctrl Pts',(-9.12444898719592,16.6414990761312,1.33964007923595));
#978=CARTESIAN_POINT('Ctrl Pts',(-6.42780344254322,17.6249652192594,1.27874734836159));
#979=CARTESIAN_POINT('Ctrl Pts',(-3.73115789789051,18.6084313623877,1.21785461748723));
#980=CARTESIAN_POINT('Ctrl Pts',(-0.804694644318022,18.9617577197839,1.15696188661287));
#981=CARTESIAN_POINT('Ctrl Pts',(2.04852213322596,18.648324586882,1.09606915573851));
#982=CARTESIAN_POINT('Ctrl Pts',(4.90173891076985,18.3348914539801,1.03517642486415));
#983=CARTESIAN_POINT('Ctrl Pts',(7.68170921228519,17.3546988307801,0.974283693989787));
#984=CARTESIAN_POINT('Ctrl Pts',(10.1005611260342,15.8093114066748,0.913390963115427));
#985=CARTESIAN_POINT('Ctrl Pts',(12.5194130397833,14.2639239825696,0.852498232241065));
#986=CARTESIAN_POINT('Ctrl Pts',(14.5771465657661,12.153341757559,0.791605501366702));
#987=CARTESIAN_POINT('Ctrl Pts',(16.0606403010746,9.69601726897126,0.73071277049234));
#988=CARTESIAN_POINT('Ctrl Pts',(17.5441340363831,7.2386927803835,0.669820039617978));
#989=CARTESIAN_POINT('Ctrl Pts',(18.4533879810173,4.43462602821852,0.608927308743617));
#990=CARTESIAN_POINT('Ctrl Pts',(18.6942966151616,1.57442084439477,0.548034577869254));
#991=CARTESIAN_POINT('Ctrl Pts',(18.9352052493058,-1.28578433942898,0.487141846994892));
#992=CARTESIAN_POINT('Ctrl Pts',(18.5077685729601,-4.20212795491152,0.426249116120529));
#993=CARTESIAN_POINT('Ctrl Pts',(17.456144336988,-6.87304652513375,0.365356385246167));
#994=CARTESIAN_POINT('Ctrl Pts',(16.4045201010159,-9.54396509535599,0.304463654371805));
#995=CARTESIAN_POINT('Ctrl Pts',(14.7287083054175,-11.9694586203179,0.243570923497443));
#996=CARTESIAN_POINT('Ctrl Pts',(12.6024674718676,-13.897343743649,0.182678192623081));
#997=CARTESIAN_POINT('Ctrl Pts',(10.4762266383177,-15.82522886698,0.121785461748719));
#998=CARTESIAN_POINT('Ctrl Pts',(7.89955676681622,-17.2555055886801,0.0608927308743567));
#999=CARTESIAN_POINT('Ctrl Pts',(5.13842358202127,-18.0418905748324,-5.38316005278165E-15));
#1000=CARTESIAN_POINT('',(-5.13842358202145,-18.0418905748324,-6.59194920871187E-16));
#1001=CARTESIAN_POINT('Origin',(0.,0.,0.));
#1002=CARTESIAN_POINT('Ctrl Pts',(-5.13880000668844,-18.0429140954979,-6.70297151117438E-14));
#1003=CARTESIAN_POINT('Ctrl Pts',(-2.4765719978561,-18.8003605776277,0.0587180027223625));
#1004=CARTESIAN_POINT('Ctrl Pts',(0.356190964795406,-18.9602329409745,0.117436005444792));
#1005=CARTESIAN_POINT('Ctrl Pts',(3.08634739858948,-18.5048888754367,0.176154008167222));
#1006=CARTESIAN_POINT('Ctrl Pts',(5.91762014732053,-18.0326803132841,0.237046739041583));
#1007=CARTESIAN_POINT('Ctrl Pts',(8.6385451798699,-16.8988400923976,0.297939469915946));
#1008=CARTESIAN_POINT('Ctrl Pts',(10.9673516951818,-15.2208165321747,0.358832200790308));
#1009=CARTESIAN_POINT('Ctrl Pts',(13.2961582104937,-13.5427929719518,0.41972493166467));
#1010=CARTESIAN_POINT('Ctrl Pts',(15.2328462085682,-11.3205860723925,0.480617662539032));
#1011=CARTESIAN_POINT('Ctrl Pts',(16.5768569357068,-8.78430578879867,0.541510393413394));
#1012=CARTESIAN_POINT('Ctrl Pts',(17.9208676628454,-6.24802550520481,0.602403124287756));
#1013=CARTESIAN_POINT('Ctrl Pts',(18.6722011190482,-3.39767183757635,0.663295855162118));
#1014=CARTESIAN_POINT('Ctrl Pts',(18.7530514633573,-0.528428013104598,0.72418858603648));
#1015=CARTESIAN_POINT('Ctrl Pts',(18.8339018076665,2.34081581136715,0.785081316910842));
#1016=CARTESIAN_POINT('Ctrl Pts',(18.2442690400821,5.22894979268221,0.845974047785205));
#1017=CARTESIAN_POINT('Ctrl Pts',(17.045213832368,7.83689067046871,0.906866778659567));
#1018=CARTESIAN_POINT('Ctrl Pts',(15.846158624654,10.4448315482552,0.967759509533929));
#1019=CARTESIAN_POINT('Ctrl Pts',(14.0376809768103,12.7725793225132,1.02865224040829));
#1020=CARTESIAN_POINT('Ctrl Pts',(11.8070620903426,14.5790764473959,1.08954497128265));
#1021=CARTESIAN_POINT('Ctrl Pts',(9.57644320387487,16.3855735722787,1.15043770215701));
#1022=CARTESIAN_POINT('Ctrl Pts',(6.92368307878315,17.6708200477862,1.21133043303138));
#1023=CARTESIAN_POINT('Ctrl Pts',(4.12349447020372,18.3017202964732,1.27222316390574));
#1024=CARTESIAN_POINT('Ctrl Pts',(1.3233058616243,18.9326205451601,1.3331158947801));
#1025=CARTESIAN_POINT('Ctrl Pts',(-1.62431123044282,18.9091745670264,1.39400862565446));
#1026=CARTESIAN_POINT('Ctrl Pts',(-4.41410940930219,18.2338097644731,1.45490135652882));
#1027=CARTESIAN_POINT('Ctrl Pts',(-7.20390758816158,17.5584449619198,1.51579408740318));
#1028=CARTESIAN_POINT('Ctrl Pts',(-9.8358868538132,16.2311613349469,1.57668681827755));
#1029=CARTESIAN_POINT('Ctrl Pts',(-12.0374864223436,14.389409192562,1.63757954915191));
#1030=CARTESIAN_POINT('Ctrl Pts',(-14.239085990874,12.5476570501772,1.69847228002627));
#1031=CARTESIAN_POINT('Ctrl Pts',(-16.0103058622831,10.1914363923804,1.75936501090063));
#1032=CARTESIAN_POINT('Ctrl Pts',(-17.1677232479399,7.56475091655556,1.82025774177499));
#1033=CARTESIAN_POINT('Ctrl Pts',(-18.214019563819,5.19024767305273,1.87530429694792));
#1034=CARTESIAN_POINT('Ctrl Pts',(-18.7587152975676,2.59472005555697,1.93035085212085));
#1035=CARTESIAN_POINT('Ctrl Pts',(-18.760222562478,-0.000192832839753457,
1.98539740729377));
#1036=CARTESIAN_POINT('Origin',(0.,0.,0.));
#1037=CARTESIAN_POINT('',(-18.758532216668,-0.000639226616415221,4.48539740739301));
#1038=CARTESIAN_POINT('',(-18.7586280745448,0.000259552025141331,4.26460259256496));
#1039=CARTESIAN_POINT('',(-18.75935,-2.29735779315849E-15,0.));
#1040=CARTESIAN_POINT('Ctrl Pts',(-18.7586280745448,0.000259552025141331,
4.26460259256496));
#1041=CARTESIAN_POINT('Ctrl Pts',(-18.7592098182705,0.99051283861409,4.24360120515363));
#1042=CARTESIAN_POINT('Ctrl Pts',(-18.6818950643095,1.9806764237554,4.2225998177423));
#1043=CARTESIAN_POINT('Ctrl Pts',(-18.5257917091353,2.95826031654565,4.20159843033097));
#1044=CARTESIAN_POINT('Ctrl Pts',(-18.0731759171863,5.79272795074949,4.14070569945661));
#1045=CARTESIAN_POINT('Ctrl Pts',(-16.9581936848665,8.52143960102601,4.07981296858224));
#1046=CARTESIAN_POINT('Ctrl Pts',(-15.296322075907,10.861800258253,4.01892023770788));
#1047=CARTESIAN_POINT('Ctrl Pts',(-13.6344504669476,13.20216091548,3.95802750683352));
#1048=CARTESIAN_POINT('Ctrl Pts',(-11.4256894813485,15.1541705796576,3.89713477595916));
#1049=CARTESIAN_POINT('Ctrl Pts',(-8.89876610766514,16.5156930239318,3.83624204508479));
#1050=CARTESIAN_POINT('Ctrl Pts',(-6.37184273398179,17.8772154682061,3.77534931421043));
#1051=CARTESIAN_POINT('Ctrl Pts',(-3.52675697221417,18.6482506925772,3.71445658333607));
#1052=CARTESIAN_POINT('Ctrl Pts',(-0.658141651156283,18.7489478517392,3.65356385246171));
#1053=CARTESIAN_POINT('Ctrl Pts',(2.2104736699016,18.8496450109013,3.59267112158735));
#1054=CARTESIAN_POINT('Ctrl Pts',(5.10261855024974,18.2800041048543,3.53177839071299));
#1055=CARTESIAN_POINT('Ctrl Pts',(7.71879186423753,17.0990179479528,3.47088565983863));
#1056=CARTESIAN_POINT('Ctrl Pts',(10.3349651782254,15.9180317910513,3.40999292896427));
#1057=CARTESIAN_POINT('Ctrl Pts',(12.6751669258529,14.1257003832953,3.3491001980899));
#1058=CARTESIAN_POINT('Ctrl Pts',(14.4970511544783,11.9076315977501,3.28820746721554));
#1059=CARTESIAN_POINT('Ctrl Pts',(16.3189353831038,9.68956281220494,3.22731473634118));
#1060=CARTESIAN_POINT('Ctrl Pts',(17.6225020927271,7.04575664887064,3.16642200546682));
#1061=CARTESIAN_POINT('Ctrl Pts',(18.272757839407,4.24999927866628,3.10552927459246));
#1062=CARTESIAN_POINT('Ctrl Pts',(18.9230135860868,1.45424190846183,3.04463654371809));
#1063=CARTESIAN_POINT('Ctrl Pts',(18.9199583698231,-1.49346666861274,2.98374381284373));
#1064=CARTESIAN_POINT('Ctrl Pts',(18.263908337249,-4.28786994643133,2.92285108196936));
#1065=CARTESIAN_POINT('Ctrl Pts',(17.607858304675,-7.08227322424983,2.861958351095));
#1066=CARTESIAN_POINT('Ctrl Pts',(16.2988134557906,-9.72337120281243,2.80106562022064));
#1067=CARTESIAN_POINT('Ctrl Pts',(14.4723351338951,-11.93765855764,2.74017288934628));
#1068=CARTESIAN_POINT('Ctrl Pts',(12.6458568119995,-14.1519459124676,2.67928015847192));
#1069=CARTESIAN_POINT('Ctrl Pts',(10.3019450170928,-15.9394226435602,2.61838742759756));
#1070=CARTESIAN_POINT('Ctrl Pts',(7.68332892323547,-17.1149826476365,2.5574946967232));
#1071=CARTESIAN_POINT('Ctrl Pts',(5.06471282937807,-18.2905426517129,2.49660196584883));
#1072=CARTESIAN_POINT('Ctrl Pts',(2.17139243657016,-18.854185928773,2.43570923497447));
#1073=CARTESIAN_POINT('Ctrl Pts',(-0.69700758481935,-18.7475427451698,2.37481650410011));
#1074=CARTESIAN_POINT('Ctrl Pts',(-3.56540760620877,-18.6408995615666,2.31392377322575));
#1075=CARTESIAN_POINT('Ctrl Pts',(-6.40888725617979,-17.8639699173002,2.25303104235139));
#1076=CARTESIAN_POINT('Ctrl Pts',(-8.9329834986256,-16.4972111680032,2.19213831147702));
#1077=CARTESIAN_POINT('Ctrl Pts',(-11.4570797410714,-15.1304524187062,2.13124558060266));
#1078=CARTESIAN_POINT('Ctrl Pts',(-13.661792575992,-13.1738645643786,2.0703528497283));
#1079=CARTESIAN_POINT('Ctrl Pts',(-15.3188075257942,-10.8300655325403,2.00946011885394));
#1080=CARTESIAN_POINT('Ctrl Pts',(-16.9758224755965,-8.48626650070186,1.94856738797958));
#1081=CARTESIAN_POINT('Ctrl Pts',(-18.0851395402802,-5.7552562913527,1.88767465710521));
#1082=CARTESIAN_POINT('Ctrl Pts',(-18.5318813228873,-2.91985319396473,1.82678192623085));
#1083=CARTESIAN_POINT('Ctrl Pts',(-18.6839416531716,-1.95474908178202,1.80605548171825));
#1084=CARTESIAN_POINT('Ctrl Pts',(-18.7592386292002,-0.977550422061752,
1.78532903720564));
#1085=CARTESIAN_POINT('Ctrl Pts',(-18.7586536204449,-0.000262438553328993,
1.76460259269303));
#1086=CARTESIAN_POINT('Ctrl Pts',(-18.7602225624781,-0.000192832839753413,
1.98539740729384));
#1087=CARTESIAN_POINT('Ctrl Pts',(-18.7603826403516,-0.275783496557606,
1.99124358299528));
#1088=CARTESIAN_POINT('Ctrl Pts',(-18.7544159143671,-0.551367226540983,
1.99708975869671));
#1089=CARTESIAN_POINT('Ctrl Pts',(-18.7422725658688,-0.826678518503442,
2.00293593439815));
#1090=CARTESIAN_POINT('Ctrl Pts',(-18.6157895982364,-3.69427218388458,2.06382866527251));
#1091=CARTESIAN_POINT('Ctrl Pts',(-17.819208763067,-6.5323092207938,2.12472139614687));
#1092=CARTESIAN_POINT('Ctrl Pts',(-16.435021989501,-9.0468904634025,2.18561412702123));
#1093=CARTESIAN_POINT('Ctrl Pts',(-15.050835215935,-11.5614717060112,2.2465068578956));
#1094=CARTESIAN_POINT('Ctrl Pts',(-13.0790425039722,-13.7525971543194,2.30739958876996));
#1095=CARTESIAN_POINT('Ctrl Pts',(-10.7238371981718,-15.3933589573063,2.36829231964432));
#1096=CARTESIAN_POINT('Ctrl Pts',(-8.36863189237138,-17.0341207602932,2.42918505051868));
#1097=CARTESIAN_POINT('Ctrl Pts',(-5.63001399273323,-18.124518917959,2.49007778139304));
#1098=CARTESIAN_POINT('Ctrl Pts',(-2.79158800402425,-18.5516360759401,2.55097051226741));
#1099=CARTESIAN_POINT('Ctrl Pts',(0.0468379846847339,-18.9787532339213,
2.61186324314177));
#1100=CARTESIAN_POINT('Ctrl Pts',(2.98507206246454,-18.742589392218,2.67275597401613));
#1101=CARTESIAN_POINT('Ctrl Pts',(5.71883952525397,-17.8675983868641,2.73364870489049));
#1102=CARTESIAN_POINT('Ctrl Pts',(8.45260698804335,-16.9926073815103,2.79454143576485));
#1103=CARTESIAN_POINT('Ctrl Pts',(10.9819078358423,-15.4787892125061,2.85543416663921));
#1104=CARTESIAN_POINT('Ctrl Pts',(13.0448124476433,-13.4829160283335,2.91632689751358));
#1105=CARTESIAN_POINT('Ctrl Pts',(15.1077170594442,-11.4870428441609,2.97721962838794));
#1106=CARTESIAN_POINT('Ctrl Pts',(16.7042254352471,-9.0091146448199,3.0381123592623));
#1107=CARTESIAN_POINT('Ctrl Pts',(17.6690112004593,-6.30572906218276,3.09900509013666));
#1108=CARTESIAN_POINT('Ctrl Pts',(18.6337969656714,-3.60234347954562,3.15989782101102));
#1109=CARTESIAN_POINT('Ctrl Pts',(18.9668601202927,-0.673500513612311,3.22079055188539));
#1110=CARTESIAN_POINT('Ctrl Pts',(18.633702174436,2.17747718353318,3.28168328275975));
#1111=CARTESIAN_POINT('Ctrl Pts',(18.3005442285792,5.02845488067869,3.34257601363411));
#1112=CARTESIAN_POINT('Ctrl Pts',(17.3011651822444,7.80156730903638,3.40346874450847));
#1113=CARTESIAN_POINT('Ctrl Pts',(15.7390723547048,10.2096761103534,3.46436147538284));
#1114=CARTESIAN_POINT('Ctrl Pts',(14.1769795271652,12.6177849116704,3.5252542062572));
#1115=CARTESIAN_POINT('Ctrl Pts',(12.0521729184208,14.6608900859466,3.58614693713156));
#1116=CARTESIAN_POINT('Ctrl Pts',(9.58466411685919,16.1273397104701,3.64703966800592));
#1117=CARTESIAN_POINT('Ctrl Pts',(7.11715531529758,17.5937893349935,3.70793239888028));
#1118=CARTESIAN_POINT('Ctrl Pts',(4.30694432091876,18.4835834097642,3.76882512975464));
#1119=CARTESIAN_POINT('Ctrl Pts',(1.44510296669023,18.7047197238239,3.82971786062901));
#1120=CARTESIAN_POINT('Ctrl Pts',(-1.41673838753827,18.9258560378836,3.89061059150337));
#1121=CARTESIAN_POINT('Ctrl Pts',(-4.33021010161648,18.4783345912323,3.95150332237773));
#1122=CARTESIAN_POINT('Ctrl Pts',(-6.99370536396678,17.4082228107385,4.0123960532521));
#1123=CARTESIAN_POINT('Ctrl Pts',(-9.65720062631707,16.3381110302447,4.07328878412646));
#1124=CARTESIAN_POINT('Ctrl Pts',(-12.0707194369395,14.6454089159083,4.13418151500082));
#1125=CARTESIAN_POINT('Ctrl Pts',(-13.9841211854164,12.5059454983403,4.19507424587518));
#1126=CARTESIAN_POINT('Ctrl Pts',(-15.8975229338933,10.3664820807723,4.25596697674954));
#1127=CARTESIAN_POINT('Ctrl Pts',(-17.3108076202247,7.78025735997265,4.3168597076239));
#1128=CARTESIAN_POINT('Ctrl Pts',(-18.0780130517014,5.01405065846086,4.37775243849826));
#1129=CARTESIAN_POINT('Ctrl Pts',(-18.5300965961099,3.38403543844465,4.41363409479651));
#1130=CARTESIAN_POINT('Ctrl Pts',(-18.7578436832014,1.69152553278349,4.44951575109476));
#1131=CARTESIAN_POINT('Ctrl Pts',(-18.758532216668,-0.000639226616415221,
4.48539740739301));
#1132=CARTESIAN_POINT('Origin',(0.,0.,0.));
#1133=CARTESIAN_POINT('',(-18.7559302471156,-0.000233538124300052,6.98539740747374));
#1134=CARTESIAN_POINT('',(-18.7594361226055,-0.00136456417572486,6.7646025924093));
#1135=CARTESIAN_POINT('',(-18.75935,-2.29735779315849E-15,0.));
#1136=CARTESIAN_POINT('Ctrl Pts',(-18.7594361226055,-0.00136456417572486,
6.7646025924093));
#1137=CARTESIAN_POINT('Ctrl Pts',(-18.753566558239,2.9560783744804,6.70187337308323));
#1138=CARTESIAN_POINT('Ctrl Pts',(-18.0493950310476,5.91616113822897,6.63914415375715));
#1139=CARTESIAN_POINT('Ctrl Pts',(-16.7031213112165,8.54728728238306,6.57641493443108));
#1140=CARTESIAN_POINT('Ctrl Pts',(-14.9606418269479,11.9527487863679,6.4952246265986));
#1141=CARTESIAN_POINT('Ctrl Pts',(-12.14250792901,14.8071396915781,6.41403431876612));
#1142=CARTESIAN_POINT('Ctrl Pts',(-8.75897950514028,16.5931530876967,6.33284401093364));
#1143=CARTESIAN_POINT('Ctrl Pts',(-5.37545108127059,18.3791664838153,6.25165370310116));
#1144=CARTESIAN_POINT('Ctrl Pts',(-1.42652813146917,19.0968023708425,6.17046339526867));
#1145=CARTESIAN_POINT('Ctrl Pts',(2.3676833573179,18.6136667495575,6.08927308743619));
#1146=CARTESIAN_POINT('Ctrl Pts',(6.16189484610507,18.1305311282724,6.00808277960371));
#1147=CARTESIAN_POINT('Ctrl Pts',(9.80139487387781,16.4466239986752,5.92689247177123));
#1148=CARTESIAN_POINT('Ctrl Pts',(12.6324085937246,13.8722698371682,5.84570216393875));
#1149=CARTESIAN_POINT('Ctrl Pts',(14.7556688836096,11.9415042160381,5.78480943306439));
#1150=CARTESIAN_POINT('Ctrl Pts',(16.4241556252863,9.50986213945873,5.72391670219002));
#1151=CARTESIAN_POINT('Ctrl Pts',(17.4697037927465,6.83612583265796,5.66302397131566));
#1152=CARTESIAN_POINT('Ctrl Pts',(18.5152519602067,4.16238952585711,5.60213124044129));
#1153=CARTESIAN_POINT('Ctrl Pts',(18.9378615534504,1.24655898883484,5.54123850956694));
#1154=CARTESIAN_POINT('Ctrl Pts',(18.6913177864956,-1.61280372914728,5.48034577869258));
#1155=CARTESIAN_POINT('Ctrl Pts',(18.4447740195409,-4.47216644712941,5.41945304781821));
#1156=CARTESIAN_POINT('Ctrl Pts',(17.5290768923877,-7.2750613460714,5.35856031694384));
#1157=CARTESIAN_POINT('Ctrl Pts',(16.0403392482273,-9.72947942678229,5.29766758606948));
#1158=CARTESIAN_POINT('Ctrl Pts',(14.5516016040668,-12.1838975074931,5.23677485519512));
#1159=CARTESIAN_POINT('Ctrl Pts',(12.4898234428992,-14.2898387699729,5.17588212432076));
#1160=CARTESIAN_POINT('Ctrl Pts',(10.0678521392429,-15.830118725807,5.11498939344641));
#1161=CARTESIAN_POINT('Ctrl Pts',(7.64588083558662,-17.3703986816411,5.05409666257204));
#1162=CARTESIAN_POINT('Ctrl Pts',(4.86371638944175,-18.3450173308295,4.99320393169768));
#1163=CARTESIAN_POINT('Ctrl Pts',(2.00981524375326,-18.6525813157734,4.93231120082331));
#1164=CARTESIAN_POINT('Ctrl Pts',(-0.844085901935219,-18.9601453007173,
4.87141846994895));
#1165=CARTESIAN_POINT('Ctrl Pts',(-3.76972374716733,-18.6006546214167,4.81052573907459));
#1166=CARTESIAN_POINT('Ctrl Pts',(-6.46430375304466,-17.6115765344392,4.74963300820023));
#1167=CARTESIAN_POINT('Ctrl Pts',(-9.1588837589219,-16.6224984474618,4.68874027732587));
#1168=CARTESIAN_POINT('Ctrl Pts',(-11.6224059254444,-15.0038329528075,4.62784754645151));
#1169=CARTESIAN_POINT('Ctrl Pts',(-13.5996633607512,-12.9230813881083,4.56695481557715));
#1170=CARTESIAN_POINT('Ctrl Pts',(-15.5769207960581,-10.842329823409,4.50606208470278));
#1171=CARTESIAN_POINT('Ctrl Pts',(-17.0679135001494,-8.29949218866455,4.44516935382842));
#1172=CARTESIAN_POINT('Ctrl Pts',(-17.918285176406,-5.55796156222681,4.38427662295406));
#1173=CARTESIAN_POINT('Ctrl Pts',(-18.4753708600613,-3.76196164132829,4.34438527949102));
#1174=CARTESIAN_POINT('Ctrl Pts',(-18.7575230742742,-1.88068922516879,4.30449393602799));
#1175=CARTESIAN_POINT('Ctrl Pts',(-18.7586280745448,0.000259552025141332,
4.26460259256496));
#1176=CARTESIAN_POINT('Ctrl Pts',(-18.758532216668,-0.000639226616415221,
4.48539740739301));
#1177=CARTESIAN_POINT('Ctrl Pts',(-18.7590121544317,-1.18015163932756,4.51040848196913));
#1178=CARTESIAN_POINT('Ctrl Pts',(-18.6491712405989,-2.35949635595828,4.53541955654524));
#1179=CARTESIAN_POINT('Ctrl Pts',(-18.4280875766993,-3.51739126950162,4.56043063112135));
#1180=CARTESIAN_POINT('Ctrl Pts',(-17.8898304935986,-6.33643781372835,4.62132336199571));
#1181=CARTESIAN_POINT('Ctrl Pts',(-16.6921901507752,-9.02834221995787,4.68221609287007));
#1182=CARTESIAN_POINT('Ctrl Pts',(-14.9606253961811,-11.3182585025025,4.74310882374444));
#1183=CARTESIAN_POINT('Ctrl Pts',(-13.2290606415869,-13.6081747850471,4.8040015546188));
#1184=CARTESIAN_POINT('Ctrl Pts',(-10.9635714752221,-15.4961029439069,4.86489428549316));
#1185=CARTESIAN_POINT('Ctrl Pts',(-8.39621433755232,-16.7785884870314,4.92578701636752));
#1186=CARTESIAN_POINT('Ctrl Pts',(-4.97307148732593,-18.4885692111973,5.0069773242));
#1187=CARTESIAN_POINT('Ctrl Pts',(-1.01327446589079,-19.1222075073894,5.08816763203249));
#1188=CARTESIAN_POINT('Ctrl Pts',(2.76974844634223,-18.5581045524227,5.16935793986497));
#1189=CARTESIAN_POINT('Ctrl Pts',(6.55277135857522,-17.994001597456,5.25054824769745));
#1190=CARTESIAN_POINT('Ctrl Pts',(10.1590201616061,-16.2321573913304,5.33173855552993));
#1191=CARTESIAN_POINT('Ctrl Pts',(12.93127900384,-13.5953753586923,5.41292886336242));
#1192=CARTESIAN_POINT('Ctrl Pts',(15.7035378460738,-10.9585933260542,5.4941191711949));
#1193=CARTESIAN_POINT('Ctrl Pts',(17.6418067275107,-7.44687346690367,5.57530947902738));
#1194=CARTESIAN_POINT('Ctrl Pts',(18.3952914533063,-3.69642987277354,5.65649978685987));
#1195=CARTESIAN_POINT('Ctrl Pts',(19.1487761791019,0.0540137213566183,5.73769009469235));
#1196=CARTESIAN_POINT('Ctrl Pts',(18.7174767492561,4.04318105046636,5.81888040252483));
#1197=CARTESIAN_POINT('Ctrl Pts',(17.1790686697745,7.54580714558213,5.90007071035731));
#1198=CARTESIAN_POINT('Ctrl Pts',(15.640660590293,11.0484332406979,5.98126101818979));
#1199=CARTESIAN_POINT('Ctrl Pts',(12.9951438611756,14.0645181018197,6.06245132602227));
#1200=CARTESIAN_POINT('Ctrl Pts',(9.72332985731987,16.0470069452205,6.14364163385476));
#1201=CARTESIAN_POINT('Ctrl Pts',(6.45151585346408,18.0294957886213,6.22483194168724));
#1202=CARTESIAN_POINT('Ctrl Pts',(2.55340457486983,18.9783886143011,6.30602224951972));
#1203=CARTESIAN_POINT('Ctrl Pts',(-1.26349199074972,18.720674436169,6.38721255735221));
#1204=CARTESIAN_POINT('Ctrl Pts',(-5.08038855636928,18.4629602580369,6.46840286518469));
#1205=CARTESIAN_POINT('Ctrl Pts',(-8.81607040901413,16.9986390760929,6.54959317301717));
#1206=CARTESIAN_POINT('Ctrl Pts',(-11.791716575584,14.5946897960531,6.63078348084965));
#1207=CARTESIAN_POINT('Ctrl Pts',(-14.7673627421539,12.1907405160134,6.71197378868214));
#1208=CARTESIAN_POINT('Ctrl Pts',(-16.9829732226488,8.84716313787784,6.79316409651462));
#1209=CARTESIAN_POINT('Ctrl Pts',(-18.0369701716479,5.16918869019704,6.8743544043471));
#1210=CARTESIAN_POINT('Ctrl Pts',(-18.5174831360963,3.49241495124211,6.91136873872265));
#1211=CARTESIAN_POINT('Ctrl Pts',(-18.7565650221682,1.74613974478771,6.9483830730982));
#1212=CARTESIAN_POINT('Ctrl Pts',(-18.7559302471156,-0.000233538124300052,
6.98539740747374));
#1213=CARTESIAN_POINT('Origin',(0.,0.,0.));
#1214=CARTESIAN_POINT('',(-18.7590930177514,-0.000677370300090101,9.48539740758583));
#1215=CARTESIAN_POINT('',(-18.7625079090409,-0.000193853551631602,9.26460259234872));
#1216=CARTESIAN_POINT('',(-18.75935,-2.29735779315849E-15,0.));
#1217=CARTESIAN_POINT('Ctrl Pts',(-18.7625079090409,-0.000193853551631602,
9.26460259234872));
#1218=CARTESIAN_POINT('Ctrl Pts',(-18.7625424210964,0.13971953264494,9.26163342586682));
#1219=CARTESIAN_POINT('Ctrl Pts',(-18.7609746391111,0.279631500664891,9.25866425938492));
#1220=CARTESIAN_POINT('Ctrl Pts',(-18.7577955764167,0.419507762748229,9.25569509290302));
#1221=CARTESIAN_POINT('Ctrl Pts',(-18.6708657661993,4.24435114765731,9.17450478507054));
#1222=CARTESIAN_POINT('Ctrl Pts',(-17.3791483668875,8.04249647240133,9.09331447723805));
#1223=CARTESIAN_POINT('Ctrl Pts',(-15.1115214311492,11.1228861226594,9.01212416940556));
#1224=CARTESIAN_POINT('Ctrl Pts',(-12.843894495411,14.2032757729173,8.93093386157308));
#1225=CARTESIAN_POINT('Ctrl Pts',(-9.60035802324633,16.5659097486893,8.84974355374061));
#1226=CARTESIAN_POINT('Ctrl Pts',(-5.97413861325467,17.7857402411269,8.76855324590812));
#1227=CARTESIAN_POINT('Ctrl Pts',(-4.16102890825885,18.3956554873457,8.72795809199188));
#1228=CARTESIAN_POINT('Ctrl Pts',(-2.25224846880616,18.7198698627309,8.68736293807564));
#1229=CARTESIAN_POINT('Ctrl Pts',(-0.3379269401488,18.7543100570418,8.64676778415939));
#1230=CARTESIAN_POINT('Ctrl Pts',(1.57639458850866,18.7887502513526,8.60617263024315));
#1231=CARTESIAN_POINT('Ctrl Pts',(3.49625720637085,18.5334162645891,8.56557747632691));
#1232=CARTESIAN_POINT('Ctrl Pts',(5.33028482735959,17.989225017744,8.52498232241067));
#1233=CARTESIAN_POINT('Ctrl Pts',(8.99834006933687,16.9008425240539,8.44379201457819));
#1234=CARTESIAN_POINT('Ctrl Pts',(12.3230553238201,14.6570309900378,8.3626017067457));
#1235=CARTESIAN_POINT('Ctrl Pts',(14.7004286011199,11.6603781277133,8.28141139891322));
#1236=CARTESIAN_POINT('Ctrl Pts',(17.0778018784198,8.66372526538883,8.20022109108074));
#1237=CARTESIAN_POINT('Ctrl Pts',(18.5078331785362,4.91423107475599,8.11903078324826));
#1238=CARTESIAN_POINT('Ctrl Pts',(18.7310957607922,1.09494300427513,8.03784047541578));
#1239=CARTESIAN_POINT('Ctrl Pts',(18.9543583430482,-2.72434506620573,7.95665016758329));
#1240=CARTESIAN_POINT('Ctrl Pts',(17.9708522074439,-6.6134270165346,7.87545985975081));
#1241=CARTESIAN_POINT('Ctrl Pts',(15.9590655531824,-9.86714027507122,7.79426955191833));
#1242=CARTESIAN_POINT('Ctrl Pts',(13.9472788989209,-13.1208535336078,7.71307924408585));
#1243=CARTESIAN_POINT('Ctrl Pts',(10.9072117260022,-15.7391981003522,7.63188893625336));
#1244=CARTESIAN_POINT('Ctrl Pts',(7.39092942669463,-17.2461863660726,7.55069862842088));
#1245=CARTESIAN_POINT('Ctrl Pts',(3.87464712738714,-18.753174631793,7.46950832058839));
#1246=CARTESIAN_POINT('Ctrl Pts',(-0.117850298309283,-19.1488065964894,
7.38831801275591));
#1247=CARTESIAN_POINT('Ctrl Pts',(-3.86148765654738,-18.361452542129,7.30712770492343));
#1248=CARTESIAN_POINT('Ctrl Pts',(-7.60512501478558,-17.5740984877685,7.22593739709095));
#1249=CARTESIAN_POINT('Ctrl Pts',(-11.0999023055655,-15.6037584143511,7.14474708925846));
#1250=CARTESIAN_POINT('Ctrl Pts',(-13.7113861743452,-12.8082250586736,7.06355678142598));
#1251=CARTESIAN_POINT('Ctrl Pts',(-16.3228700431248,-10.0126917029962,6.9823664735935));
#1252=CARTESIAN_POINT('Ctrl Pts',(-18.0510604899042,-6.39196506505876,6.90117616576102));
#1253=CARTESIAN_POINT('Ctrl Pts',(-18.5817431779943,-2.60333569471027,6.81998585792854));
#1254=CARTESIAN_POINT('Ctrl Pts',(-18.7024100449542,-1.74187545405806,6.80152476942212));
#1255=CARTESIAN_POINT('Ctrl Pts',(-18.7611635241009,-0.87173432853372,6.78306368091571));
#1256=CARTESIAN_POINT('Ctrl Pts',(-18.7594361226055,-0.00136456417572486,
6.7646025924093));
#1257=CARTESIAN_POINT('Ctrl Pts',(-18.7559302471156,-0.000233538124300051,
6.98539740747374));
#1258=CARTESIAN_POINT('Ctrl Pts',(-18.7551726539738,-2.08450010926091,7.02957338093068));
#1259=CARTESIAN_POINT('Ctrl Pts',(-18.4129623312058,-4.1689063806336,7.07374935438762));
#1260=CARTESIAN_POINT('Ctrl Pts',(-17.7322137856697,-6.13546668747157,7.11792532784455));
#1261=CARTESIAN_POINT('Ctrl Pts',(-16.481077033189,-9.74977610023325,7.19911563567703));
#1262=CARTESIAN_POINT('Ctrl Pts',(-14.0864201107241,-12.9660234085305,7.28030594350951));
#1263=CARTESIAN_POINT('Ctrl Pts',(-10.9860923696732,-15.2092194904862,7.361496251342));
#1264=CARTESIAN_POINT('Ctrl Pts',(-8.91920720897251,-16.7046835451233,7.41562312323032));
#1265=CARTESIAN_POINT('Ctrl Pts',(-6.5386905733447,-17.767680388053,7.46974999511865));
#1266=CARTESIAN_POINT('Ctrl Pts',(-4.0465718627335,-18.3174581008628,7.52387686700697));
#1267=CARTESIAN_POINT('Ctrl Pts',(-1.55445315212228,-18.8672358136727,7.57800373889529));
#1268=CARTESIAN_POINT('Ctrl Pts',(1.04926763347228,-18.9037943963627,7.63213061078361));
#1269=CARTESIAN_POINT('Ctrl Pts',(3.55457721599965,-18.4205627456124,7.68625748267193));
#1270=CARTESIAN_POINT('Ctrl Pts',(6.059886798527,-17.937331094862,7.74038435456025));
#1271=CARTESIAN_POINT('Ctrl Pts',(8.46678517798711,-16.9343092106712,7.79451122644858));
#1272=CARTESIAN_POINT('Ctrl Pts',(10.5741358957195,-15.4961378962596,7.8486380983369));
#1273=CARTESIAN_POINT('Ctrl Pts',(12.1546489340187,-14.4175094104508,7.88923325225314));
#1274=CARTESIAN_POINT('Ctrl Pts',(13.5666664125961,-13.0941093701428,7.92982840616938));
#1275=CARTESIAN_POINT('Ctrl Pts',(14.749869702077,-11.5893705982377,7.97042356008562));
#1276=CARTESIAN_POINT('Ctrl Pts',(15.933072991558,-10.0846318263325,8.01101871400186));
#1277=CARTESIAN_POINT('Ctrl Pts',(16.8874620919425,-8.39855432283026,8.0516138679181));
#1278=CARTESIAN_POINT('Ctrl Pts',(17.56016422971,-6.60719461751283,8.09220902183435));
#1279=CARTESIAN_POINT('Ctrl Pts',(18.9055685052449,-3.02447520687797,8.17339932966683));
#1280=CARTESIAN_POINT('Ctrl Pts',(19.1242249303118,0.97937301101754,8.25458963749931));
#1281=CARTESIAN_POINT('Ctrl Pts',(18.1698456192294,4.68320378362475,8.33577994533179));
#1282=CARTESIAN_POINT('Ctrl Pts',(17.2154663081471,8.38703455623198,8.41697025316427));
#1283=CARTESIAN_POINT('Ctrl Pts',(15.0880512609156,11.7908478835509,8.49816056099676));
#1284=CARTESIAN_POINT('Ctrl Pts',(12.177763117327,14.2741086466596,8.57935086882924));
#1285=CARTESIAN_POINT('Ctrl Pts',(9.26747497373843,16.7573694097683,8.66054117666173));
#1286=CARTESIAN_POINT('Ctrl Pts',(5.57431373379286,18.3200776086668,8.74173148449421));
#1287=CARTESIAN_POINT('Ctrl Pts',(1.76533777373479,18.6797657744162,8.82292179232669));
#1288=CARTESIAN_POINT('Ctrl Pts',(-2.0436381863233,19.0394539401656,8.90411210015917));
#1289=CARTESIAN_POINT('Ctrl Pts',(-5.96842886649388,18.1961220727659,8.98530240799165));
#1290=CARTESIAN_POINT('Ctrl Pts',(-9.29105054023276,16.3020066916661,9.06649271582413));
#1291=CARTESIAN_POINT('Ctrl Pts',(-12.6136722139717,14.4078913105664,9.14768302365662));
#1292=CARTESIAN_POINT('Ctrl Pts',(-15.3341248812788,11.4629924157666,9.2288733314891));
#1293=CARTESIAN_POINT('Ctrl Pts',(-16.9694416879026,8.00284138504417,9.31006363932158));
#1294=CARTESIAN_POINT('Ctrl Pts',(-18.0596528923184,5.6960740312292,9.3641905112099));
#1295=CARTESIAN_POINT('Ctrl Pts',(-18.6675814919861,3.16030572811542,9.41831738309822));
#1296=CARTESIAN_POINT('Ctrl Pts',(-18.7495100182064,0.609850534713898,9.47244425498655));
#1297=CARTESIAN_POINT('Ctrl Pts',(-18.7560454824182,0.406399924661219,9.47676197251964));
#1298=CARTESIAN_POINT('Ctrl Pts',(-18.7592338488385,0.202855857476902,9.48107969005274));
#1299=CARTESIAN_POINT('Ctrl Pts',(-18.7590930177514,-0.000677370300090101,
9.48539740758583));
#1300=CARTESIAN_POINT('Origin',(0.,0.,0.));
#1301=CARTESIAN_POINT('',(-18.75750587158,-0.000245639403310576,11.9853974076518));
#1302=CARTESIAN_POINT('',(-18.7578390329646,0.00129666064323445,11.7646025924298));
#1303=CARTESIAN_POINT('',(-18.75935,-2.29735779315849E-15,0.));
#1304=CARTESIAN_POINT('Ctrl Pts',(-18.7578390329646,0.00129666064323445,
11.7646025924298));
#1305=CARTESIAN_POINT('Ctrl Pts',(-18.759774823821,1.15187316754131,11.7402031709124));
#1306=CARTESIAN_POINT('Ctrl Pts',(-18.6567816120333,2.30210273340877,11.7158037493949));
#1307=CARTESIAN_POINT('Ctrl Pts',(-18.446460345694,3.43236022849996,11.6914043278775));
#1308=CARTESIAN_POINT('Ctrl Pts',(-17.7466057058779,7.19334914747121,11.610214020045));
#1309=CARTESIAN_POINT('Ctrl Pts',(-15.85835125597,10.7331954656862,11.5290237122125));
#1310=CARTESIAN_POINT('Ctrl Pts',(-13.124429322066,13.4091082075634,11.44783340438));
#1311=CARTESIAN_POINT('Ctrl Pts',(-10.390507388162,16.0850209494406,11.3666430965476));
#1312=CARTESIAN_POINT('Ctrl Pts',(-6.81091797026184,17.89700011498,11.2854527887151));
#1313=CARTESIAN_POINT('Ctrl Pts',(-3.03574895048418,18.5159270871829,11.2042624808826));
#1314=CARTESIAN_POINT('Ctrl Pts',(0.739420069293468,19.1348540593857,11.1230721730501));
#1315=CARTESIAN_POINT('Ctrl Pts',(4.71016869094866,18.5607288382519,11.0418818652176));
#1316=CARTESIAN_POINT('Ctrl Pts',(8.15544611982746,16.8979832274136,10.9606915573851));
#1317=CARTESIAN_POINT('Ctrl Pts',(11.6007235487063,15.2352376165753,10.8795012495527));
#1318=CARTESIAN_POINT('Ctrl Pts',(14.5205297848087,12.4838716160323,10.7983109417202));
#1319=CARTESIAN_POINT('Ctrl Pts',(16.3846660396562,9.14316779334119,10.7171206338877));
#1320=CARTESIAN_POINT('Ctrl Pts',(18.2488022945037,5.80246397065003,10.6359303260552));
#1321=CARTESIAN_POINT('Ctrl Pts',(19.0572685680962,1.87242232581061,10.5547400182227));
#1322=CARTESIAN_POINT('Ctrl Pts',(18.6632766563014,-1.93289852046208,10.4735497103903));
#1323=CARTESIAN_POINT('Ctrl Pts',(18.2692847445066,-5.73821936673478,10.3923594025578));
#1324=CARTESIAN_POINT('Ctrl Pts',(16.6728346473243,-9.41881941444075,10.3111690947253));
#1325=CARTESIAN_POINT('Ctrl Pts',(14.1638740110005,-12.3064283468698,10.2299787868928));
#1326=CARTESIAN_POINT('Ctrl Pts',(11.6549133746766,-15.1940372792989,10.1487884790603));
#1327=CARTESIAN_POINT('Ctrl Pts',(8.23344219921103,-17.288655096451,10.0675981712278));
#1328=CARTESIAN_POINT('Ctrl Pts',(4.52027107876194,-18.2103630825181,9.98640786339536));
#1329=CARTESIAN_POINT('Ctrl Pts',(0.807099958312836,-19.1320710685852,9.90521755556287));
#1330=CARTESIAN_POINT('Ctrl Pts',(-3.19777110711982,-18.8808692235673,9.82402724773038));
#1331=CARTESIAN_POINT('Ctrl Pts',(-6.76548520634638,-17.5013025952918,9.7428369398979));
#1332=CARTESIAN_POINT('Ctrl Pts',(-10.3331993055729,-16.1217359670162,9.66164663206542));
#1333=CARTESIAN_POINT('Ctrl Pts',(-13.4637564385933,-13.613804555483,9.58045632423295));
#1334=CARTESIAN_POINT('Ctrl Pts',(-15.5928626469641,-10.4349165832991,9.49926601640046));
#1335=CARTESIAN_POINT('Ctrl Pts',(-16.6574157511495,-8.8454725972071,9.45867086248422));
#1336=CARTESIAN_POINT('Ctrl Pts',(-17.4716061241726,-7.08828947095235,9.41807570856797));
#1337=CARTESIAN_POINT('Ctrl Pts',(-18.0075673067665,-5.25014980407715,9.37748055465173));
#1338=CARTESIAN_POINT('Ctrl Pts',(-18.5043278009669,-3.54645334436911,9.33985456721739));
#1339=CARTESIAN_POINT('Ctrl Pts',(-18.7620705640234,-1.77320972956017,9.30222857978306));
#1340=CARTESIAN_POINT('Ctrl Pts',(-18.7625079090409,-0.000193853551631603,
9.26460259234872));
#1341=CARTESIAN_POINT('Ctrl Pts',(-18.7590930177514,-0.000677370300090102,
9.48539740758583));
#1342=CARTESIAN_POINT('Ctrl Pts',(-18.7574683914748,-2.34863503104478,9.53520656194106));
#1343=CARTESIAN_POINT('Ctrl Pts',(-18.3127971291977,-4.6951501931423,9.58501571629629));
#1344=CARTESIAN_POINT('Ctrl Pts',(-17.4525597382382,-6.8801068611695,9.63482487065151));
#1345=CARTESIAN_POINT('Ctrl Pts',(-16.5177524792765,-9.2544669799623,9.68895174253983));
#1346=CARTESIAN_POINT('Ctrl Pts',(-15.09220950858,-11.4380451338588,9.74307861442816));
#1347=CARTESIAN_POINT('Ctrl Pts',(-13.2895905198083,-13.2437355626725,9.79720548631648));
#1348=CARTESIAN_POINT('Ctrl Pts',(-10.5856620366508,-15.9522712058932,9.87839579414896));
#1349=CARTESIAN_POINT('Ctrl Pts',(-7.03331251282413,-17.8105594676778,9.95958610198144));
#1350=CARTESIAN_POINT('Ctrl Pts',(-3.26728391223971,-18.4770187289532,10.0407764098139));
#1351=CARTESIAN_POINT('Ctrl Pts',(0.498744688344686,-19.1434779902285,10.1219667176464));
#1352=CARTESIAN_POINT('Ctrl Pts',(4.4784523656868,-18.6181082509946,10.2031570254789));
#1353=CARTESIAN_POINT('Ctrl Pts',(7.94466735242448,-16.9981785566209,10.2843473333114));
#1354=CARTESIAN_POINT('Ctrl Pts',(11.4108823391622,-15.3782488622472,10.3655376411439));
#1355=CARTESIAN_POINT('Ctrl Pts',(14.3636046352955,-12.6637592127337,10.4467279489763));
#1356=CARTESIAN_POINT('Ctrl Pts',(16.2690871431305,-9.34675780114038,10.5279182568088));
#1357=CARTESIAN_POINT('Ctrl Pts',(18.1745696509654,-6.02975638954709,10.6091085646413));
#1358=CARTESIAN_POINT('Ctrl Pts',(19.0328123705021,-2.11024321587392,10.6902988724738));
#1359=CARTESIAN_POINT('Ctrl Pts',(18.6862708827967,1.69967253572717,10.7714891803063));
#1360=CARTESIAN_POINT('Ctrl Pts',(18.3397293950912,5.50958828732828,10.8526794881388));
#1361=CARTESIAN_POINT('Ctrl Pts',(16.7884037001435,9.20990661685729,10.9338697959712));
#1362=CARTESIAN_POINT('Ctrl Pts',(14.3157232355187,12.1286841369756,11.0150601038037));
#1363=CARTESIAN_POINT('Ctrl Pts',(11.8430427708939,15.047461657094,11.0962504116362));
#1364=CARTESIAN_POINT('Ctrl Pts',(8.44900753659202,17.1846983678017,11.1774407194687));
#1365=CARTESIAN_POINT('Ctrl Pts',(4.74740972298022,18.1526429699613,11.2586310273012));
#1366=CARTESIAN_POINT('Ctrl Pts',(1.04581190936841,19.1205875721209,11.3398213351336));
#1367=CARTESIAN_POINT('Ctrl Pts',(-2.96334848355332,18.9192400657324,11.4210116429661));
#1368=CARTESIAN_POINT('Ctrl Pts',(-6.54734229960935,17.5842714331475,11.5022019507986));
#1369=CARTESIAN_POINT('Ctrl Pts',(-10.1313361156654,16.2493028005626,11.5833922586311));
#1370=CARTESIAN_POINT('Ctrl Pts',(-13.2901633548557,13.7807130417812,11.6645825664636));
#1371=CARTESIAN_POINT('Ctrl Pts',(-15.4609941354266,10.6286670995858,11.7457728742961));
#1372=CARTESIAN_POINT('Ctrl Pts',(-16.9082146558072,8.5273031381222,11.7998997461844));
#1373=CARTESIAN_POINT('Ctrl Pts',(-17.9163256390236,6.12218087291896,11.8540266180727));
#1374=CARTESIAN_POINT('Ctrl Pts',(-18.4074179383824,3.61808813898979,11.908153489961));
#1375=CARTESIAN_POINT('Ctrl Pts',(-18.6410289084781,2.42689957108406,11.9339014625246));
#1376=CARTESIAN_POINT('Ctrl Pts',(-18.7576451066318,1.21331524113127,11.9596494350882));
#1377=CARTESIAN_POINT('Ctrl Pts',(-18.75750587158,-0.000245639403310576,
11.9853974076518));
#1378=CARTESIAN_POINT('Origin',(0.,0.,0.));
#1379=CARTESIAN_POINT('',(-18.7589358355215,0.00129265193369308,14.4853974075744));
#1380=CARTESIAN_POINT('',(-18.7558050565657,-0.00052612881640326,14.2646025925297));
#1381=CARTESIAN_POINT('',(-18.75935,-2.29735779315849E-15,0.));
#1382=CARTESIAN_POINT('Ctrl Pts',(-18.7558050565657,-0.00052612881640326,
14.2646025925297));
#1383=CARTESIAN_POINT('Ctrl Pts',(-18.7544920599855,2.16124460377031,14.2187729159704));
#1384=CARTESIAN_POINT('Ctrl Pts',(-18.3855998315284,4.32347802671,14.1729432394112));
#1385=CARTESIAN_POINT('Ctrl Pts',(-17.6541615463093,6.35526563687382,14.127113562852));
#1386=CARTESIAN_POINT('Ctrl Pts',(-16.3583701727732,9.95471197610827,14.0459232550195));
#1387=CARTESIAN_POINT('Ctrl Pts',(-13.9247472343996,13.1447610525429,13.964732947187));
#1388=CARTESIAN_POINT('Ctrl Pts',(-10.7960398162673,15.3459307496565,13.8835426393545));
#1389=CARTESIAN_POINT('Ctrl Pts',(-7.66733239813505,17.54710044677,13.802352331522));
#1390=CARTESIAN_POINT('Ctrl Pts',(-3.84354050024411,18.7593907645624,13.7211620236896));
#1391=CARTESIAN_POINT('Ctrl Pts',(-0.0177135713877474,18.7630219427738,
13.6399717158571));
#1392=CARTESIAN_POINT('Ctrl Pts',(3.80811335746871,18.7666531209853,13.5587814080246));
#1393=CARTESIAN_POINT('Ctrl Pts',(7.63597531729056,17.5616251596158,13.4775911001921));
#1394=CARTESIAN_POINT('Ctrl Pts',(10.7682438112881,15.3660384194904,13.3964007923596));
#1395=CARTESIAN_POINT('Ctrl Pts',(13.9005123052856,13.1704516793649,13.3152104845271));
#1396=CARTESIAN_POINT('Ctrl Pts',(16.3371873334587,9.98430616048352,13.2340201766946));
#1397=CARTESIAN_POINT('Ctrl Pts',(17.6415082397644,6.38753864298095,13.1528298688622));
#1398=CARTESIAN_POINT('Ctrl Pts',(18.2936686929172,4.58915488422962,13.1122347149459));
#1399=CARTESIAN_POINT('Ctrl Pts',(18.6627406156032,2.68811562582285,13.0716395610297));
#1400=CARTESIAN_POINT('Ctrl Pts',(18.741841821202,0.775037020118341,13.0310444071135));
#1401=CARTESIAN_POINT('Ctrl Pts',(18.8209430268008,-1.13804158558616,12.9904492531972));
#1402=CARTESIAN_POINT('Ctrl Pts',(18.6100735153125,-3.06315953858852,12.949854099281));
#1403=CARTESIAN_POINT('Ctrl Pts',(18.108600307399,-4.90930539664764,12.9092589453647));
#1404=CARTESIAN_POINT('Ctrl Pts',(17.1056538915719,-8.60159711276587,12.8280686375322));
#1405=CARTESIAN_POINT('Ctrl Pts',(14.9402926900442,-11.978000449111,12.7468783296998));
#1406=CARTESIAN_POINT('Ctrl Pts',(11.9999685739695,-14.4246595053529,12.6656880218673));
#1407=CARTESIAN_POINT('Ctrl Pts',(9.05964445789477,-16.8713185615947,12.5844977140348));
#1408=CARTESIAN_POINT('Ctrl Pts',(5.34435742727308,-18.3882333377333,12.5033074062023));
#1409=CARTESIAN_POINT('Ctrl Pts',(1.53127833283911,-18.7004427528979,12.4221170983698));
#1410=CARTESIAN_POINT('Ctrl Pts',(-2.28180076159487,-19.0126521680625,12.3409267905374));
#1411=CARTESIAN_POINT('Ctrl Pts',(-6.19267191984119,-18.1201562222532,12.2597364827049));
#1412=CARTESIAN_POINT('Ctrl Pts',(-9.4923877601095,-16.1847801582622,12.1785461748724));
#1413=CARTESIAN_POINT('Ctrl Pts',(-12.7921036003778,-14.2494040942713,12.0973558670399));
#1414=CARTESIAN_POINT('Ctrl Pts',(-15.4806641226681,-11.2711479120987,12.0161655592074));
#1415=CARTESIAN_POINT('Ctrl Pts',(-17.0692169689511,-7.79095406114865,11.9349752513749));
#1416=CARTESIAN_POINT('Ctrl Pts',(-18.1803757575694,-5.35663279029724,11.8781843650599));
#1417=CARTESIAN_POINT('Ctrl Pts',(-18.7533333819441,-2.6767282897957,11.8213934787449));
#1418=CARTESIAN_POINT('Ctrl Pts',(-18.7578390329646,0.00129666064323445,
11.7646025924298));
#1419=CARTESIAN_POINT('Ctrl Pts',(-18.75750587158,-0.000245639403310575,
11.9853974076518));
#1420=CARTESIAN_POINT('Ctrl Pts',(-18.7573524094963,-1.33780812002557,12.0137763069765));
#1421=CARTESIAN_POINT('Ctrl Pts',(-18.6153643700571,-2.67534211427903,12.0421552063012));
#1422=CARTESIAN_POINT('Ctrl Pts',(-18.331862210823,-3.98282989109684,12.070534105626));
#1423=CARTESIAN_POINT('Ctrl Pts',(-17.7911405684038,-6.47659198459935,12.1246609775143));
#1424=CARTESIAN_POINT('Ctrl Pts',(-16.7356236680642,-8.8610529689492,12.1787878494026));
#1425=CARTESIAN_POINT('Ctrl Pts',(-15.2470595118789,-10.9332222766242,12.232914721291));
#1426=CARTESIAN_POINT('Ctrl Pts',(-13.0142132776009,-14.0414762381365,12.3141050291234));
#1427=CARTESIAN_POINT('Ctrl Pts',(-9.80701071767022,-16.4470739271304,12.3952953369559));
#1428=CARTESIAN_POINT('Ctrl Pts',(-6.19725439386921,-17.7107160069903,12.4764856447884));
#1429=CARTESIAN_POINT('Ctrl Pts',(-2.58749807006823,-18.9743580868503,12.5576759526209));
#1430=CARTESIAN_POINT('Ctrl Pts',(1.42481201760315,-19.0960445575764,12.6388662604534));
#1431=CARTESIAN_POINT('Ctrl Pts',(5.10651183396798,-18.0548703340895,12.7200565682859));
#1432=CARTESIAN_POINT('Ctrl Pts',(8.78821165033286,-17.0136961106026,12.8012468761183));
#1433=CARTESIAN_POINT('Ctrl Pts',(12.1393011953912,-14.8096611929027,12.8824371839508));
#1434=CARTESIAN_POINT('Ctrl Pts',(14.5535441530463,-11.8423849149871,12.9636274917833));
#1435=CARTESIAN_POINT('Ctrl Pts',(16.9677871107014,-8.87510863707161,13.0448177996158));
#1436=CARTESIAN_POINT('Ctrl Pts',(18.4451834809531,-5.14459099894054,13.1260081074483));
#1437=CARTESIAN_POINT('Ctrl Pts',(18.7161917836033,-1.32861238904517,13.2071984152807));
#1438=CARTESIAN_POINT('Ctrl Pts',(18.9872000862534,2.48736622085025,13.2883887231132));
#1439=CARTESIAN_POINT('Ctrl Pts',(18.0518203213019,6.38880580250996,13.3695790309457));
#1440=CARTESIAN_POINT('Ctrl Pts',(16.0807121666502,9.66748612246157,13.4507693387782));
#1441=CARTESIAN_POINT('Ctrl Pts',(14.1096040119985,12.9461664424131,13.5319596466107));
#1442=CARTESIAN_POINT('Ctrl Pts',(11.1027674676466,15.6020875006567,13.6131499544432));
#1443=CARTESIAN_POINT('Ctrl Pts',(7.60552750056396,17.1526581512359,13.6943402622756));
#1444=CARTESIAN_POINT('Ctrl Pts',(4.10828753348129,18.7032288018151,13.7755305701081));
#1445=CARTESIAN_POINT('Ctrl Pts',(0.12064414366796,19.1484490447299,13.8567208779406));
#1446=CARTESIAN_POINT('Ctrl Pts',(-3.63265913968428,18.4079846466786,13.9379111857731));
#1447=CARTESIAN_POINT('Ctrl Pts',(-7.38596242303647,17.6675202486273,14.0191014936056));
#1448=CARTESIAN_POINT('Ctrl Pts',(-10.9049255999275,15.7413712096099,14.1002918014381));
#1449=CARTESIAN_POINT('Ctrl Pts',(-13.5508563340393,12.9785158088571,14.1814821092705));
#1450=CARTESIAN_POINT('Ctrl Pts',(-16.1967870681511,10.2156604081042,14.262672417103));
#1451=CARTESIAN_POINT('Ctrl Pts',(-17.9696853594835,6.61609864561596,14.3438627249355));
#1452=CARTESIAN_POINT('Ctrl Pts',(-18.5476758763713,2.83452469132005,14.425053032768));
#1453=CARTESIAN_POINT('Ctrl Pts',(-18.6908722640386,1.89764473545497,14.4451678243701));
#1454=CARTESIAN_POINT('Ctrl Pts',(-18.7607259193109,0.949592978918816,14.4652826159723));
#1455=CARTESIAN_POINT('Ctrl Pts',(-18.7589358355215,0.00129265193369308,
14.4853974075744));
#1456=CARTESIAN_POINT('Origin',(0.,0.,0.));
#1457=CARTESIAN_POINT('',(-18.7556100513829,-8.37715736002137E-5,16.985397407415));
#1458=CARTESIAN_POINT('',(-18.7607339372452,-0.00126699265980145,16.7646025926234));
#1459=CARTESIAN_POINT('',(-18.75935,-2.29735779315849E-15,0.));
#1460=CARTESIAN_POINT('Ctrl Pts',(-18.7607339372452,-0.00126699265980145,
16.7646025926234));
#1461=CARTESIAN_POINT('Ctrl Pts',(-18.7546866988189,3.16913762588968,16.6973426610244));
#1462=CARTESIAN_POINT('Ctrl Pts',(-17.9406250387103,6.34251463855184,16.6300827294254));
#1463=CARTESIAN_POINT('Ctrl Pts',(-16.4015367627454,9.1127563081685,16.5628227978264));
#1464=CARTESIAN_POINT('Ctrl Pts',(-14.5436839826982,12.456749805925,16.481632489994));
#1465=CARTESIAN_POINT('Ctrl Pts',(-11.6293798990947,15.2133264428991,16.4004421821615));
#1466=CARTESIAN_POINT('Ctrl Pts',(-8.1869828494488,16.8826826864412,16.319251874329));
#1467=CARTESIAN_POINT('Ctrl Pts',(-4.74458579980278,18.5520389299832,16.2380615664965));
#1468=CARTESIAN_POINT('Ctrl Pts',(-0.774095784114207,19.1341747800931,16.156871258664));
#1469=CARTESIAN_POINT('Ctrl Pts',(3.00175507974046,18.5218304953502,16.0756809508315));
#1470=CARTESIAN_POINT('Ctrl Pts',(6.77760594359513,17.9094862106072,15.9944906429991));
#1471=CARTESIAN_POINT('Ctrl Pts',(10.3588176556159,16.1026617910115,15.9133003351666));
#1472=CARTESIAN_POINT('Ctrl Pts',(13.0990759982133,13.4327012205572,15.8321100273341));
#1473=CARTESIAN_POINT('Ctrl Pts',(14.4692051695121,12.0977209353301,15.7915148734179));
#1474=CARTESIAN_POINT('Ctrl Pts',(15.629095998455,10.5469566123884,15.7509197195016));
#1475=CARTESIAN_POINT('Ctrl Pts',(16.5334396113537,8.85921737633166,15.7103245655854));
#1476=CARTESIAN_POINT('Ctrl Pts',(17.4377832242524,7.17147814027494,15.6697294116691));
#1477=CARTESIAN_POINT('Ctrl Pts',(18.086579621107,5.34676399110318,15.6291342577529));
#1478=CARTESIAN_POINT('Ctrl Pts',(18.4392538017425,3.46657868956937,15.5885391038367));
#1479=CARTESIAN_POINT('Ctrl Pts',(19.1446021630134,-0.293791913498293,15.5073487960042));
#1480=CARTESIAN_POINT('Ctrl Pts',(18.6654616594082,-4.27604712601421,15.4261584881717));
#1481=CARTESIAN_POINT('Ctrl Pts',(17.0840072530852,-7.75905750820991,15.3449681803392));
#1482=CARTESIAN_POINT('Ctrl Pts',(15.5025528467621,-11.2420678904056,15.2637778725067));
#1483=CARTESIAN_POINT('Ctrl Pts',(12.8187845377212,-14.225833442281,15.1825875646742));
#1484=CARTESIAN_POINT('Ctrl Pts',(9.52240576022361,-16.1674536973149,15.1013972568418));
#1485=CARTESIAN_POINT('Ctrl Pts',(6.22602698272603,-18.1090739523489,15.0202069490093));
#1486=CARTESIAN_POINT('Ctrl Pts',(2.3170377367717,-19.0085489105415,14.9390166411768));
#1487=CARTESIAN_POINT('Ctrl Pts',(-1.49627444456086,-18.7032325468298,14.8578263333443));
#1488=CARTESIAN_POINT('Ctrl Pts',(-5.30958662589342,-18.3979161831181,14.7766360255118));
#1489=CARTESIAN_POINT('Ctrl Pts',(-9.02722174260419,-16.8878084975023,14.6954457176793));
#1490=CARTESIAN_POINT('Ctrl Pts',(-11.9728752472808,-14.4467825037849,14.6142554098469));
#1491=CARTESIAN_POINT('Ctrl Pts',(-14.9185287519575,-12.0057565100673,14.5330651020144));
#1492=CARTESIAN_POINT('Ctrl Pts',(-17.0922006446,-8.63381220824803,14.4518747941819));
#1493=CARTESIAN_POINT('Ctrl Pts',(-18.100056686572,-4.9434182563213,14.3706844863494));
#1494=CARTESIAN_POINT('Ctrl Pts',(-18.5390059506912,-3.33614931904424,14.3353238550762));
#1495=CARTESIAN_POINT('Ctrl Pts',(-18.7568181204017,-1.66847544706018,14.2999632238029));
#1496=CARTESIAN_POINT('Ctrl Pts',(-18.7558050565657,-0.000526128816403261,
14.2646025925297));
#1497=CARTESIAN_POINT('Ctrl Pts',(-18.7589358355215,0.00129265193369308,
14.4853974075744));
#1498=CARTESIAN_POINT('Ctrl Pts',(-18.7535005173888,-2.87807757260445,14.5464729238048));
#1499=CARTESIAN_POINT('Ctrl Pts',(-18.0875520596649,-5.75973947049504,14.6075484400351));
#1500=CARTESIAN_POINT('Ctrl Pts',(-16.8086509722221,-8.33791526818527,14.6686239562654));
#1501=CARTESIAN_POINT('Ctrl Pts',(-15.1085528087423,-11.7651951272913,14.7498142640979));
#1502=CARTESIAN_POINT('Ctrl Pts',(-12.3252737393396,-14.6561686993997,14.8310045719304));
#1503=CARTESIAN_POINT('Ctrl Pts',(-8.96473034016613,-16.4834117244992,14.9121948797629));
#1504=CARTESIAN_POINT('Ctrl Pts',(-5.60418694099272,-18.3106547495986,14.9933851875954));
#1505=CARTESIAN_POINT('Ctrl Pts',(-1.66637921204858,-19.074167227689,15.0745754954278));
#1506=CARTESIAN_POINT('Ctrl Pts',(2.13490193996204,-18.6404088837235,15.1557658032603));
#1507=CARTESIAN_POINT('Ctrl Pts',(4.03554251596738,-18.4235297117408,15.1963609571766));
#1508=CARTESIAN_POINT('Ctrl Pts',(5.9020514477393,-17.9073328342441,15.2369561110928));
#1509=CARTESIAN_POINT('Ctrl Pts',(7.65030427689485,-17.1263985532207,15.2775512650091));
#1510=CARTESIAN_POINT('Ctrl Pts',(9.39855710605039,-16.3454642721974,15.3181464189253));
#1511=CARTESIAN_POINT('Ctrl Pts',(11.0285538325895,-15.2997925876475,15.3587415728415));
#1512=CARTESIAN_POINT('Ctrl Pts',(12.4583945222957,-14.0289536241497,15.3993367267578));
#1513=CARTESIAN_POINT('Ctrl Pts',(15.3180759017081,-11.4872756971541,15.4805270345902));
#1514=CARTESIAN_POINT('Ctrl Pts',(17.3771331337888,-8.04492865436688,15.5617173424228));
#1515=CARTESIAN_POINT('Ctrl Pts',(18.258765847733,-4.32274018350168,15.6429076502552));
#1516=CARTESIAN_POINT('Ctrl Pts',(19.1403985616772,-0.600551712636561,15.7240979580877));
#1517=CARTESIAN_POINT('Ctrl Pts',(18.844606757485,3.40147818630654,15.8052882659202));
#1518=CARTESIAN_POINT('Ctrl Pts',(17.4265039676223,6.95476422389648,15.8864785737527));
#1519=CARTESIAN_POINT('Ctrl Pts',(16.0084011777596,10.5080502614866,15.9676688815851));
#1520=CARTESIAN_POINT('Ctrl Pts',(13.4679874022263,13.6125924377234,16.0488591894176));
#1521=CARTESIAN_POINT('Ctrl Pts',(10.265886796685,15.7055483275452,16.1300494972501));
#1522=CARTESIAN_POINT('Ctrl Pts',(7.06378619114368,17.798504217367,16.2112398050826));
#1523=CARTESIAN_POINT('Ctrl Pts',(3.1999987555943,18.8798738207738,16.2924301129151));
#1524=CARTESIAN_POINT('Ctrl Pts',(-0.623487421003033,18.7528177954727,16.3736204207476));
#1525=CARTESIAN_POINT('Ctrl Pts',(-4.44697359760041,18.6257617701716,16.45481072858));
#1526=CARTESIAN_POINT('Ctrl Pts',(-8.23015851524568,17.2902801161626,16.5360010364125));
#1527=CARTESIAN_POINT('Ctrl Pts',(-11.2862323738444,14.9891296584102,16.617191344245));
#1528=CARTESIAN_POINT('Ctrl Pts',(-14.342306232443,12.6879792006579,16.6983816520775));
#1529=CARTESIAN_POINT('Ctrl Pts',(-16.671269031995,9.42115993916227,16.77957195991));
#1530=CARTESIAN_POINT('Ctrl Pts',(-17.8501059395238,5.78177232718945,16.8607622677425));
#1531=CARTESIAN_POINT('Ctrl Pts',(-18.4533162920213,3.91949920842954,16.9023073143));
#1532=CARTESIAN_POINT('Ctrl Pts',(-18.7553817501757,1.95967411095305,16.9438523608575));
#1533=CARTESIAN_POINT('Ctrl Pts',(-18.7556100513829,-8.37715736002137E-5,
16.985397407415));
#1534=CARTESIAN_POINT('Origin',(0.,0.,0.));
#1535=CARTESIAN_POINT('',(-18.7596084177793,-0.00135699869911449,19.4853974072989));
#1536=CARTESIAN_POINT('',(-18.762237386918,0.000806955719438759,19.2646025927099));
#1537=CARTESIAN_POINT('',(-18.75935,-2.29735779315849E-15,0.));
#1538=CARTESIAN_POINT('Ctrl Pts',(-18.762237386918,0.000806955719438759,
19.2646025927099));
#1539=CARTESIAN_POINT('Ctrl Pts',(-18.7627125349738,0.354234774039755,19.2571027139061));
#1540=CARTESIAN_POINT('Ctrl Pts',(-18.7530316133985,0.707635924641167,19.2496028351022));
#1541=CARTESIAN_POINT('Ctrl Pts',(-18.7330532823365,1.06045388474747,19.2421029562984));
#1542=CARTESIAN_POINT('Ctrl Pts',(-18.5167768742338,4.87990211038098,19.1609126484659));
#1543=CARTESIAN_POINT('Ctrl Pts',(-17.0937211202548,8.63100477346297,19.0797223406334));
#1544=CARTESIAN_POINT('Ctrl Pts',(-14.7220135339097,11.6326214597662,18.9985320328009));
#1545=CARTESIAN_POINT('Ctrl Pts',(-12.3503059475645,14.6342381460695,18.9173417249684));
#1546=CARTESIAN_POINT('Ctrl Pts',(-9.02994652885327,16.8863688555939,18.836151417136));
#1547=CARTESIAN_POINT('Ctrl Pts',(-5.36403339027248,17.9800317409312,18.7549611093035));
#1548=CARTESIAN_POINT('Ctrl Pts',(-1.69812025169174,19.0736946262684,18.673770801471));
#1549=CARTESIAN_POINT('Ctrl Pts',(2.31334660675864,19.0088896874184,18.5925804936385));
#1550=CARTESIAN_POINT('Ctrl Pts',(5.94199439867519,17.7973906307753,18.511390185806));
#1551=CARTESIAN_POINT('Ctrl Pts',(9.57064219059174,16.5858915741323,18.4301998779735));
#1552=CARTESIAN_POINT('Ctrl Pts',(12.8164709159746,14.2276983996964,18.3490095701411));
#1553=CARTESIAN_POINT('Ctrl Pts',(15.0900292762321,11.1510391533476,18.2678192623086));
#1554=CARTESIAN_POINT('Ctrl Pts',(17.3635876364897,8.07437990699875,18.1866289544761));
#1555=CARTESIAN_POINT('Ctrl Pts',(18.6648756316219,4.27925458873699,18.1054386466436));
#1556=CARTESIAN_POINT('Ctrl Pts',(18.7576027600719,0.454820214382393,18.0242483388111));
#1557=CARTESIAN_POINT('Ctrl Pts',(18.8503298885219,-3.36961415997221,17.9430580309786));
#1558=CARTESIAN_POINT('Ctrl Pts',(17.7344961502896,-7.22335759041959,17.8618677231462));
#1559=CARTESIAN_POINT('Ctrl Pts',(15.6127333591447,-10.4065887132026,17.7806774153137));
#1560=CARTESIAN_POINT('Ctrl Pts',(13.4909705679998,-13.5898198359857,17.6994871074812));
#1561=CARTESIAN_POINT('Ctrl Pts',(10.363278723942,-16.1025386511044,17.6182967996487));
#1562=CARTESIAN_POINT('Ctrl Pts',(6.79759370084805,-17.4884850685263,17.5371064918162));
#1563=CARTESIAN_POINT('Ctrl Pts',(3.23190867775411,-18.8744314859482,17.4559161839837));
#1564=CARTESIAN_POINT('Ctrl Pts',(-0.771769524375948,-19.1336055056734,
17.3747258761513));
#1565=CARTESIAN_POINT('Ctrl Pts',(-4.48634754696804,-18.2188878486566,17.2935355683188));
#1566=CARTESIAN_POINT('Ctrl Pts',(-8.20092556956014,-17.3041701916398,17.2123452604863));
#1567=CARTESIAN_POINT('Ctrl Pts',(-11.6264034126141,-15.2155608578812,17.1311549526538));
#1568=CARTESIAN_POINT('Ctrl Pts',(-14.1408608741589,-12.3324405880925,17.0499646448213));
#1569=CARTESIAN_POINT('Ctrl Pts',(-16.6553183357036,-9.44932031830378,16.9687743369889));
#1570=CARTESIAN_POINT('Ctrl Pts',(-18.2587554157392,-5.7716891124849,16.8875840291564));
#1571=CARTESIAN_POINT('Ctrl Pts',(-18.6597732175115,-1.96716833030602,16.8063937213239));
#1572=CARTESIAN_POINT('Ctrl Pts',(-18.7285785836217,-1.31440068723614,16.7924633450904));
#1573=CARTESIAN_POINT('Ctrl Pts',(-18.761986396242,-0.657897591277506,16.7785329688569));
#1574=CARTESIAN_POINT('Ctrl Pts',(-18.7607339372452,-0.00126699265980145,
16.7646025926234));
#1575=CARTESIAN_POINT('Ctrl Pts',(-18.7556100513829,-8.37715736002149E-5,
16.985397407415));
#1576=CARTESIAN_POINT('Ctrl Pts',(-18.7558279127588,-1.87022521384805,17.02504266869));
#1577=CARTESIAN_POINT('Ctrl Pts',(-18.4811824653483,-3.74030544787459,17.064687929965));
#1578=CARTESIAN_POINT('Ctrl Pts',(-17.9310721380365,-5.52549411188868,17.1043331912399));
#1579=CARTESIAN_POINT('Ctrl Pts',(-16.8044904135145,-9.18141697654365,17.1855234990724));
#1580=CARTESIAN_POINT('Ctrl Pts',(-14.5226159489649,-12.4813067434035,17.2667138069049));
#1581=CARTESIAN_POINT('Ctrl Pts',(-11.4997984048846,-14.8259612064548,17.3479041147374));
#1582=CARTESIAN_POINT('Ctrl Pts',(-8.47698086080432,-17.170615669506,17.4290944225698));
#1583=CARTESIAN_POINT('Ctrl Pts',(-4.71322023719341,-18.5600348287487,17.5102847304023));
#1584=CARTESIAN_POINT('Ctrl Pts',(-0.891984557190734,-18.7419027615959,
17.5914750382348));
#1585=CARTESIAN_POINT('Ctrl Pts',(2.92925112281189,-18.9237706944431,17.6726653460673));
#1586=CARTESIAN_POINT('Ctrl Pts',(6.80796185920624,-17.8980874008947,17.7538556538998));
#1587=CARTESIAN_POINT('Ctrl Pts',(10.0397889238138,-15.8511005978773,17.8350459617323));
#1588=CARTESIAN_POINT('Ctrl Pts',(13.2716159884213,-13.8041137948599,17.9162362695647));
#1589=CARTESIAN_POINT('Ctrl Pts',(15.8565593812421,-10.7358234823734,17.9974265773972));
#1590=CARTESIAN_POINT('Ctrl Pts',(17.3252587867221,-7.20343327275375,18.0786168852297));
#1591=CARTESIAN_POINT('Ctrl Pts',(18.7939581922021,-3.67104306313409,18.1598071930622));
#1592=CARTESIAN_POINT('Ctrl Pts',(19.1464136103414,0.325447043618825,18.2409975008947));
#1593=CARTESIAN_POINT('Ctrl Pts',(18.318533205773,4.06036836682922,18.3221878087271));
#1594=CARTESIAN_POINT('Ctrl Pts',(17.4906528012045,7.79528969003961,18.4033781165596));
#1595=CARTESIAN_POINT('Ctrl Pts',(15.4824365739284,11.2686422297075,18.4845684243921));
#1596=CARTESIAN_POINT('Ctrl Pts',(12.6587326322427,13.8495775606046,18.5657587322246));
#1597=CARTESIAN_POINT('Ctrl Pts',(9.83502869055703,16.4305128915017,18.6469490400571));
#1598=CARTESIAN_POINT('Ctrl Pts',(6.19583703446189,18.1190310136281,18.7281393478896));
#1599=CARTESIAN_POINT('Ctrl Pts',(2.40167501399155,18.6087154032494,18.809329655722));
#1600=CARTESIAN_POINT('Ctrl Pts',(-1.3924870064788,19.0983997928707,18.8905199635545));
#1601=CARTESIAN_POINT('Ctrl Pts',(-5.34161939132435,18.3892504499869,18.971710271387));
#1602=CARTESIAN_POINT('Ctrl Pts',(-8.72802999084199,16.6098805281451,19.0529005792195));
#1603=CARTESIAN_POINT('Ctrl Pts',(-12.1144405903596,14.8305106063033,19.134090887052));
#1604=CARTESIAN_POINT('Ctrl Pts',(-14.9381294045495,11.9809201055034,19.2152811948845));
#1605=CARTESIAN_POINT('Ctrl Pts',(-16.6871121226777,8.57848536459034,19.2964715027169));
#1606=CARTESIAN_POINT('Ctrl Pts',(-18.0437114136604,5.93938521265894,19.3594468042443));
#1607=CARTESIAN_POINT('Ctrl Pts',(-18.7537313291218,2.96767535018173,19.4224221057716));
#1608=CARTESIAN_POINT('Ctrl Pts',(-18.7596084177793,-0.00135699869911449,
19.4853974072989));
#1609=CARTESIAN_POINT('Origin',(0.,0.,0.));
#1610=CARTESIAN_POINT('',(-18.7600038796169,7.25247571766233E-5,21.985397407319));
#1611=CARTESIAN_POINT('',(-18.7570620865389,-0.000399752344096082,21.7646025926562));
#1612=CARTESIAN_POINT('',(-18.75935,-2.29735779315849E-15,0.));
#1613=CARTESIAN_POINT('Ctrl Pts',(-18.7570620865389,-0.000399752344096082,
21.7646025926562));
#1614=CARTESIAN_POINT('Ctrl Pts',(-18.7565183251742,1.7895805720626,21.726651313547));
#1615=CARTESIAN_POINT('Ctrl Pts',(-18.5030815447239,3.57975692469712,21.6887000344379));
#1616=CARTESIAN_POINT('Ctrl Pts',(-17.9979499634731,5.29580928541634,21.6507487553287));
#1617=CARTESIAN_POINT('Ctrl Pts',(-17.7578070484261,6.11163199690864,21.6327064646993));
#1618=CARTESIAN_POINT('Ctrl Pts',(-17.4607782171809,6.91070183476601,21.6146641740698));
#1619=CARTESIAN_POINT('Ctrl Pts',(-17.1118312772822,7.6864443807688,21.5966218834404));
#1620=CARTESIAN_POINT('Ctrl Pts',(-16.7628843373833,8.46218692677181,21.5785795928109));
#1621=CARTESIAN_POINT('Ctrl Pts',(-16.362019288831,9.21460218092026,21.5605373021815));
#1622=CARTESIAN_POINT('Ctrl Pts',(-15.9116953105197,9.93624843027459,21.542495011552));
#1623=CARTESIAN_POINT('Ctrl Pts',(-15.0110473538973,11.379540928983,21.5064104302932));
#1624=CARTESIAN_POINT('Ctrl Pts',(-13.9125636782393,12.6997574085151,21.4703258490343));
#1625=CARTESIAN_POINT('Ctrl Pts',(-12.6564989803984,13.8471494391268,21.4342412677754));
#1626=CARTESIAN_POINT('Ctrl Pts',(-10.7724019336371,15.5682374850443,21.3801143958871));
#1627=CARTESIAN_POINT('Ctrl Pts',(-8.53374758696439,16.9004705208906,21.3259875239988));
#1628=CARTESIAN_POINT('Ctrl Pts',(-6.12191794868526,17.7332494285221,21.2718606521104));
#1629=CARTESIAN_POINT('Ctrl Pts',(-3.71008831040613,18.5660283361536,21.2177337802221));
#1630=CARTESIAN_POINT('Ctrl Pts',(-1.12508338052058,18.8993531155703,21.1636069083338));
#1631=CARTESIAN_POINT('Ctrl Pts',(1.41920599726654,18.7063326260195,21.1094800364455));
#1632=CARTESIAN_POINT('Ctrl Pts',(3.96349537505366,18.5133121364688,21.0553531645571));
#1633=CARTESIAN_POINT('Ctrl Pts',(6.4670692007423,17.7939463779506,21.0012262926688));
#1634=CARTESIAN_POINT('Ctrl Pts',(8.72607519310256,16.6069770410295,20.9470994207805));
#1635=CARTESIAN_POINT('Ctrl Pts',(10.9850811854628,15.4200077041085,20.8929725488922));
#1636=CARTESIAN_POINT('Ctrl Pts',(12.9995193444946,13.7654347887846,20.8388456770039));
#1637=CARTESIAN_POINT('Ctrl Pts',(14.6013365530662,11.7796632776874,20.7847188051155));
#1638=CARTESIAN_POINT('Ctrl Pts',(16.2031537616379,9.79389176659029,20.7305919332272));
#1639=CARTESIAN_POINT('Ctrl Pts',(17.3923500197494,7.47692165971984,20.6764650613389));
#1640=CARTESIAN_POINT('Ctrl Pts',(18.0757408358817,5.0179945906815,20.6223381894506));
#1641=CARTESIAN_POINT('Ctrl Pts',(18.7591316520141,2.55906752164317,20.5682113175623));
#1642=CARTESIAN_POINT('Ctrl Pts',(18.9367170261675,-0.0418165095631251,
20.5140844456739));
#1643=CARTESIAN_POINT('Ctrl Pts',(18.5853648133006,-2.56863018047445,20.4599575737856));
#1644=CARTESIAN_POINT('Ctrl Pts',(18.0583364940004,-6.35885068684141,20.3787672659531));
#1645=CARTESIAN_POINT('Ctrl Pts',(16.3411986039047,-9.98241288254464,20.2975769581207));
#1646=CARTESIAN_POINT('Ctrl Pts',(13.7360415626042,-12.7827066213869,20.2163866502882));
#1647=CARTESIAN_POINT('Ctrl Pts',(11.1308845213036,-15.5830003602291,20.1351963424557));
#1648=CARTESIAN_POINT('Ctrl Pts',(7.63770832879812,-17.5600256422103,20.0540060346232));
#1649=CARTESIAN_POINT('Ctrl Pts',(3.89502760962019,-18.3543236061083,19.9728157267907));
#1650=CARTESIAN_POINT('Ctrl Pts',(0.152346890442304,-19.1486215700062,19.8916254189582));
#1651=CARTESIAN_POINT('Ctrl Pts',(-3.839838355408,-18.7601922158207,19.8104351111257));
#1652=CARTESIAN_POINT('Ctrl Pts',(-7.35864768060546,-17.2597807146648,19.7292448032933));
#1653=CARTESIAN_POINT('Ctrl Pts',(-10.8774570058029,-15.7593692135089,19.6480544954608));
#1654=CARTESIAN_POINT('Ctrl Pts',(-13.9228904103475,-13.1469755653825,19.5668641876283));
#1655=CARTESIAN_POINT('Ctrl Pts',(-15.9408585815066,-9.89688184722675,19.4856738797958));
#1656=CARTESIAN_POINT('Ctrl Pts',(-17.7724188288903,-6.94701249867976,19.4119834507672));
#1657=CARTESIAN_POINT('Ctrl Pts',(-18.7575687962643,-3.4718155017634,19.3382930217386));
#1658=CARTESIAN_POINT('Ctrl Pts',(-18.762237386918,0.000806955719438762,
19.2646025927099));
#1659=CARTESIAN_POINT('Ctrl Pts',(-18.7596084177793,-0.00135699869911449,
19.4853974072989));
#1660=CARTESIAN_POINT('Ctrl Pts',(-18.7613083097108,-0.860121333977372,
19.5036124136041));
#1661=CARTESIAN_POINT('Ctrl Pts',(-18.7040995747181,-1.71866166832357,19.5218274199092));
#1662=CARTESIAN_POINT('Ctrl Pts',(-18.5865892996601,-2.5688647637346,19.5400424262144));
#1663=CARTESIAN_POINT('Ctrl Pts',(-18.0628071364477,-6.35850117012033,19.6212327340469));
#1664=CARTESIAN_POINT('Ctrl Pts',(-16.3409661879562,-9.98249500186567,19.7024230418794));
#1665=CARTESIAN_POINT('Ctrl Pts',(-13.7349178285844,-12.7828055413195,19.7836133497118));
#1666=CARTESIAN_POINT('Ctrl Pts',(-11.1288694692126,-15.5831160807733,19.8648036575443));
#1667=CARTESIAN_POINT('Ctrl Pts',(-7.63861369896051,-17.5597433279356,19.9459939653768));
#1668=CARTESIAN_POINT('Ctrl Pts',(-3.89598859038964,-18.3541539224843,20.0271842732093));
#1669=CARTESIAN_POINT('Ctrl Pts',(-0.153363481818806,-19.1485645170331,
20.1083745810418));
#1670=CARTESIAN_POINT('Ctrl Pts',(3.84163096507071,-18.7607584589682,20.1895648888743));
#1671=CARTESIAN_POINT('Ctrl Pts',(7.3596952571338,-17.2600600025637,20.2707551967067));
#1672=CARTESIAN_POINT('Ctrl Pts',(10.8777595491969,-15.7593615461592,20.3519455045392));
#1673=CARTESIAN_POINT('Ctrl Pts',(13.9188936864336,-13.145770691415,20.4331358123717));
#1674=CARTESIAN_POINT('Ctrl Pts',(15.9398630739604,-9.89630650210843,20.5143261202042));
#1675=CARTESIAN_POINT('Ctrl Pts',(17.2871759989782,-7.72999704257072,20.5684529920925));
#1676=CARTESIAN_POINT('Ctrl Pts',(18.1810823685695,-5.28107721211638,20.6225798639808));
#1677=CARTESIAN_POINT('Ctrl Pts',(18.5553340085126,-2.75650084746973,20.6767067358691));
#1678=CARTESIAN_POINT('Ctrl Pts',(18.9295856484557,-0.231924482823077,20.7308336077575));
#1679=CARTESIAN_POINT('Ctrl Pts',(18.7841825587506,2.36830841601591,20.7849604796458));
#1680=CARTESIAN_POINT('Ctrl Pts',(18.1271701313404,4.83344892282431,20.8390873515341));
#1681=CARTESIAN_POINT('Ctrl Pts',(17.4701577039303,7.29858942963271,20.8932142234224));
#1682=CARTESIAN_POINT('Ctrl Pts',(16.301535938815,9.62863754441055,20.9473410953107));
#1683=CARTESIAN_POINT('Ctrl Pts',(14.7193447807777,11.6308482321089,21.0014679671991));
#1684=CARTESIAN_POINT('Ctrl Pts',(13.1371536227404,13.6330589198072,21.0555948390874));
#1685=CARTESIAN_POINT('Ctrl Pts',(11.1413930717811,15.3074321804261,21.1097217109757));
#1686=CARTESIAN_POINT('Ctrl Pts',(8.89491248341121,16.5172119998863,21.163848582864));
#1687=CARTESIAN_POINT('Ctrl Pts',(6.64843189504129,17.7269918193465,21.2179754547524));
#1688=CARTESIAN_POINT('Ctrl Pts',(4.15123126926072,18.4721781976479,21.2721023266407));
#1689=CARTESIAN_POINT('Ctrl Pts',(1.60895699977492,18.6910724968925,21.326229198529));
#1690=CARTESIAN_POINT('Ctrl Pts',(-0.933317269710974,18.9099667961371,21.3803560704173));
#1691=CARTESIAN_POINT('Ctrl Pts',(-3.52066518290211,18.6025690163249,21.4344829423057));
#1692=CARTESIAN_POINT('Ctrl Pts',(-5.94094304977476,17.7944499087146,21.488609814194));
#1693=CARTESIAN_POINT('Ctrl Pts',(-8.36122091664723,16.9863308011043,21.5427366860823));
#1694=CARTESIAN_POINT('Ctrl Pts',(-10.6144287372013,15.677490365696,21.5968635579706));
#1695=CARTESIAN_POINT('Ctrl Pts',(-12.5152909055,13.9752591921913,21.6509904298589));
#1696=CARTESIAN_POINT('Ctrl Pts',(-14.4161530737987,12.2730280186867,21.7051173017473));
#1697=CARTESIAN_POINT('Ctrl Pts',(-15.964669589842,10.1774061070857,21.7592441736356));
#1698=CARTESIAN_POINT('Ctrl Pts',(-17.0338097902024,7.86055721803808,21.8133710455239));
#1699=CARTESIAN_POINT('Ctrl Pts',(-18.1029499905629,5.54370832899023,21.8674979174122));
#1700=CARTESIAN_POINT('Ctrl Pts',(-18.6927138752403,3.00563246249576,21.9216247893006));
#1701=CARTESIAN_POINT('Ctrl Pts',(-18.754562447707,0.454747577749155,21.9757516611889));
#1702=CARTESIAN_POINT('Ctrl Pts',(-18.7582363814834,0.303219712771739,21.9789669098989));
#1703=CARTESIAN_POINT('Ctrl Pts',(-18.7600475096107,0.151646649803215,21.982182158609));
#1704=CARTESIAN_POINT('Ctrl Pts',(-18.7600038796169,7.25247571766234E-5,
21.985397407319));
#1705=CARTESIAN_POINT('Origin',(0.,0.,0.));
#1706=CARTESIAN_POINT('',(-18.7556871904628,0.000541043305643264,24.4853974074401));
#1707=CARTESIAN_POINT('',(-18.76065027931,0.000709825409813524,24.2646025925025));
#1708=CARTESIAN_POINT('',(-18.75935,-2.29735779315849E-15,0.));
#1709=CARTESIAN_POINT('Ctrl Pts',(-18.76065027931,0.000709825409813524,
24.2646025925025));
#1710=CARTESIAN_POINT('Ctrl Pts',(-18.7609120157416,0.24841015321331,24.2593479303244));
#1711=CARTESIAN_POINT('Ctrl Pts',(-18.7562081245745,0.49610266886253,24.2540932681462));
#1712=CARTESIAN_POINT('Ctrl Pts',(-18.7464952622967,0.743595351623449,24.2488386059681));
#1713=CARTESIAN_POINT('Ctrl Pts',(-18.6797955285666,2.4431660412966,24.2127540247093));
#1714=CARTESIAN_POINT('Ctrl Pts',(-18.376883626792,4.1333130471928,24.1766694434504));
#1715=CARTESIAN_POINT('Ctrl Pts',(-17.8546603795226,5.75265597678567,24.1405848621915));
#1716=CARTESIAN_POINT('Ctrl Pts',(-17.3324371322531,7.3719989063788,24.1045002809326));
#1717=CARTESIAN_POINT('Ctrl Pts',(-16.5909025394886,8.92053775966863,24.0684156996737));
#1718=CARTESIAN_POINT('Ctrl Pts',(-15.6534018382039,10.3398503743311,24.0323311184148));
#1719=CARTESIAN_POINT('Ctrl Pts',(-14.247150786277,12.4688192963248,23.9782042465265));
#1720=CARTESIAN_POINT('Ctrl Pts',(-12.3999759901797,14.307029181407,23.9240773746382));
#1721=CARTESIAN_POINT('Ctrl Pts',(-10.2640733347521,15.7031391257533,23.8699505027499));
#1722=CARTESIAN_POINT('Ctrl Pts',(-8.12817067932448,17.0992490700996,23.8158236308616));
#1723=CARTESIAN_POINT('Ctrl Pts',(-5.7035401645665,18.05325907371,23.7616967589732));
#1724=CARTESIAN_POINT('Ctrl Pts',(-3.1890673763393,18.4869960331673,23.7075698870849));
#1725=CARTESIAN_POINT('Ctrl Pts',(-0.674594588112105,18.9207329926247,23.6534430151966));
#1726=CARTESIAN_POINT('Ctrl Pts',(1.9297204735844,18.8341969079291,23.5993161433083));
#1727=CARTESIAN_POINT('Ctrl Pts',(4.40986924646785,18.2344011912385,23.54518927142));
#1728=CARTESIAN_POINT('Ctrl Pts',(6.89001801935136,17.6346054745478,23.4910623995316));
#1729=CARTESIAN_POINT('Ctrl Pts',(9.24600050342177,16.5215501258621,23.4369355276433));
#1730=CARTESIAN_POINT('Ctrl Pts',(11.2844049470125,14.9867077688572,23.382808655755));
#1731=CARTESIAN_POINT('Ctrl Pts',(13.3228093906033,13.4518654118523,23.3286817838667));
#1732=CARTESIAN_POINT('Ctrl Pts',(15.0436357937144,11.4952360465283,23.2745549119783));
#1733=CARTESIAN_POINT('Ctrl Pts',(16.3054965583999,9.27745138913859,23.22042804009));
#1734=CARTESIAN_POINT('Ctrl Pts',(17.5673573230853,7.05966673174908,23.1663011682017));
#1735=CARTESIAN_POINT('Ctrl Pts',(18.3702524493452,4.58072678229393,23.1121742963134));
#1736=CARTESIAN_POINT('Ctrl Pts',(18.6483210666362,2.04430140347959,23.058047424425));
#1737=CARTESIAN_POINT('Ctrl Pts',(18.9263896839271,-0.492123975334948,23.0039205525367));
#1738=CARTESIAN_POINT('Ctrl Pts',(18.6796317922491,-3.08603478350877,22.9497936806484));
#1739=CARTESIAN_POINT('Ctrl Pts',(17.9281842213371,-5.52455161525025,22.8956668087601));
#1740=CARTESIAN_POINT('Ctrl Pts',(17.1767366504252,-7.96306844699149,22.8415399368718));
#1741=CARTESIAN_POINT('Ctrl Pts',(15.9205994002796,-10.2461913023004,22.7874130649835));
#1742=CARTESIAN_POINT('Ctrl Pts',(14.2631631267675,-12.1861207091314,22.7332861930951));
#1743=CARTESIAN_POINT('Ctrl Pts',(12.6057268532553,-14.1260501159626,22.6791593212068));
#1744=CARTESIAN_POINT('Ctrl Pts',(10.5469915563765,-15.7227860743158,22.6250324493185));
#1745=CARTESIAN_POINT('Ctrl Pts',(8.25558993618796,-16.8458099579328,22.5709055774302));
#1746=CARTESIAN_POINT('Ctrl Pts',(5.96418831599945,-17.9688338415498,22.5167787055418));
#1747=CARTESIAN_POINT('Ctrl Pts',(3.44012037250117,-18.6181456504308,22.4626518336535));
#1748=CARTESIAN_POINT('Ctrl Pts',(0.891622541860537,-18.7391968067968,22.4085249617652));
#1749=CARTESIAN_POINT('Ctrl Pts',(-1.65687528878014,-18.8602479631629,22.3543980898769));
#1750=CARTESIAN_POINT('Ctrl Pts',(-4.22980300656311,-18.4530384670141,22.3002712179886));
#1751=CARTESIAN_POINT('Ctrl Pts',(-6.61785151278315,-17.5532631375644,22.2461443461002));
#1752=CARTESIAN_POINT('Ctrl Pts',(-9.00590001900314,-16.6534878081148,22.1920174742119));
#1753=CARTESIAN_POINT('Ctrl Pts',(-11.2090693136602,-15.2611466453643,22.1378906023236));
#1754=CARTESIAN_POINT('Ctrl Pts',(-13.0422333946644,-13.4866811890395,22.0837637304353));
#1755=CARTESIAN_POINT('Ctrl Pts',(-15.4864521693367,-11.1207272472732,22.0115945679175));
#1756=CARTESIAN_POINT('Ctrl Pts',(-17.2728838975152,-8.07544122804134,21.9394254053997));
#1757=CARTESIAN_POINT('Ctrl Pts',(-18.1409012610963,-4.78712980636133,21.867256242882));
#1758=CARTESIAN_POINT('Ctrl Pts',(-18.5524581630675,-3.22802820516772,21.8330383594734));
#1759=CARTESIAN_POINT('Ctrl Pts',(-18.7575523562589,-1.61429365742418,21.7988204760648));
#1760=CARTESIAN_POINT('Ctrl Pts',(-18.7570620865389,-0.000399752344096084,
21.7646025926561));
#1761=CARTESIAN_POINT('Ctrl Pts',(-18.7600038796169,7.25247571766231E-5,
21.985397407319));
#1762=CARTESIAN_POINT('Ctrl Pts',(-18.7593130236349,-2.40001699672297,22.0363090304973));
#1763=CARTESIAN_POINT('Ctrl Pts',(-18.2935803331994,-4.80037281195546,22.0872206536755));
#1764=CARTESIAN_POINT('Ctrl Pts',(-17.3947557158443,-7.02576864447587,22.1381322768538));
#1765=CARTESIAN_POINT('Ctrl Pts',(-16.4391671512588,-9.39170607895615,22.1922591487421));
#1766=CARTESIAN_POINT('Ctrl Pts',(-14.9940567618316,-11.559887044918,22.2463860206305));
#1767=CARTESIAN_POINT('Ctrl Pts',(-13.1779206835851,-13.3522703827429,22.3005128925188));
#1768=CARTESIAN_POINT('Ctrl Pts',(-11.3617846053387,-15.1446537205676,22.3546397644071));
#1769=CARTESIAN_POINT('Ctrl Pts',(-9.17462283827303,-16.5612394302556,22.4087666362954));
#1770=CARTESIAN_POINT('Ctrl Pts',(-6.79639865347552,-17.4856496745546,22.4628935081838));
#1771=CARTESIAN_POINT('Ctrl Pts',(-4.418174468678,-18.4100599188536,22.5170203800721));
#1772=CARTESIAN_POINT('Ctrl Pts',(-1.84888786614871,-18.8422946977636,22.5711472519604));
#1773=CARTESIAN_POINT('Ctrl Pts',(0.701107800829951,-18.7469287627984,22.6252741238487));
#1774=CARTESIAN_POINT('Ctrl Pts',(3.25110346780876,-18.6515628278332,22.679400995737));
#1775=CARTESIAN_POINT('Ctrl Pts',(5.78180819923697,-18.0285961789927,22.7335278676254));
#1776=CARTESIAN_POINT('Ctrl Pts',(8.08411624323238,-16.9290515620332,22.7876547395137));
#1777=CARTESIAN_POINT('Ctrl Pts',(10.3864242872277,-15.8295069450736,22.841781611402));
#1778=CARTESIAN_POINT('Ctrl Pts',(12.4603356437903,-14.253384359995,22.8959084832903));
#1779=CARTESIAN_POINT('Ctrl Pts',(14.1379970533955,-12.3303868360108,22.9500353551787));
#1780=CARTESIAN_POINT('Ctrl Pts',(15.8156584630008,-10.4073893120267,23.004162227067));
#1781=CARTESIAN_POINT('Ctrl Pts',(17.0970699256486,-8.13751684913705,23.0582890989553));
#1782=CARTESIAN_POINT('Ctrl Pts',(17.8719634965343,-5.70673883339532,23.1124159708436));
#1783=CARTESIAN_POINT('Ctrl Pts',(18.9051549243818,-2.46570147907309,23.1845851333614));
#1784=CARTESIAN_POINT('Ctrl Pts',(19.037870100208,1.06139019143066,23.2567542958792));
#1785=CARTESIAN_POINT('Ctrl Pts',(18.2462876407981,4.36900826671482,23.3289234583969));
#1786=CARTESIAN_POINT('Ctrl Pts',(17.4547051813882,7.67662634199912,23.4010926209147));
#1787=CARTESIAN_POINT('Ctrl Pts',(15.7388250867424,10.7647708220639,23.4732617834324));
#1788=CARTESIAN_POINT('Ctrl Pts',(13.3483312900483,13.1843765188243,23.5454309459502));
#1789=CARTESIAN_POINT('Ctrl Pts',(10.9578374933543,15.6039822155845,23.617600108468));
#1790=CARTESIAN_POINT('Ctrl Pts',(7.89272999461216,17.3550491290404,23.6897692709857));
#1791=CARTESIAN_POINT('Ctrl Pts',(4.59532198222742,18.1898414718071,23.7619384335035));
#1792=CARTESIAN_POINT('Ctrl Pts',(2.12226597293875,18.8159357288821,23.8160653053918));
#1793=CARTESIAN_POINT('Ctrl Pts',(-0.481459075273835,18.9266255399443,23.8701921772801));
#1794=CARTESIAN_POINT('Ctrl Pts',(-3.00082315730551,18.5179747173096,23.9243190491685));
#1795=CARTESIAN_POINT('Ctrl Pts',(-5.52018723933718,18.1093238946748,23.9784459210568));
#1796=CARTESIAN_POINT('Ctrl Pts',(-7.95519035518785,17.1813324383431,24.0325727929451));
#1797=CARTESIAN_POINT('Ctrl Pts',(-10.1043930533075,15.8072246900832,24.0866996648334));
#1798=CARTESIAN_POINT('Ctrl Pts',(-12.2535957514272,14.4331169418232,24.1408265367217));
#1799=CARTESIAN_POINT('Ctrl Pts',(-14.1169980318158,12.612892901635,24.1949534086101));
#1800=CARTESIAN_POINT('Ctrl Pts',(-15.5461116115026,10.4981423835859,24.2490802804984));
#1801=CARTESIAN_POINT('Ctrl Pts',(-16.9752251911894,8.38339186553689,24.3032071523867));
#1802=CARTESIAN_POINT('Ctrl Pts',(-17.9700500701743,5.97411486962701,24.357334024275));
#1803=CARTESIAN_POINT('Ctrl Pts',(-18.4393141795217,3.46663870605891,24.4114608961633));
#1804=CARTESIAN_POINT('Ctrl Pts',(-18.6529834710836,2.32491351377184,24.4361063999222));
#1805=CARTESIAN_POINT('Ctrl Pts',(-18.7576914111653,1.16282927902875,24.4607519036812));
#1806=CARTESIAN_POINT('Ctrl Pts',(-18.7556871904628,0.000541043305643263,
24.4853974074401));
#1807=CARTESIAN_POINT('Origin',(0.,0.,0.));
#1808=CARTESIAN_POINT('',(-18.7559075499822,-0.000831261534818331,26.9853974075059));
#1809=CARTESIAN_POINT('',(-18.7586834529425,0.00116704214305607,26.7646025923702));
#1810=CARTESIAN_POINT('',(-18.75935,-2.29735779315849E-15,0.));
#1811=CARTESIAN_POINT('Ctrl Pts',(-18.7586834529425,0.00116704214305607,
26.7646025923702));
#1812=CARTESIAN_POINT('Ctrl Pts',(-18.7576771044707,2.11023559156671,26.7198753845982));
#1813=CARTESIAN_POINT('Ctrl Pts',(-18.4014926201528,4.21843760141462,26.6751481768262));
#1814=CARTESIAN_POINT('Ctrl Pts',(-17.7039430810631,6.2073050254802,26.6304209690543));
#1815=CARTESIAN_POINT('Ctrl Pts',(-16.8597997414976,8.61414367309015,26.576294097166));
#1816=CARTESIAN_POINT('Ctrl Pts',(-15.5157354428113,10.8462196736552,26.5221672252777));
#1817=CARTESIAN_POINT('Ctrl Pts',(-13.7852966063815,12.7225925821762,26.4680403533893));
#1818=CARTESIAN_POINT('Ctrl Pts',(-12.0548577699516,14.5989654906972,26.413913481501));
#1819=CARTESIAN_POINT('Ctrl Pts',(-9.93804439577819,16.1196353071741,26.3597866096127));
#1820=CARTESIAN_POINT('Ctrl Pts',(-7.60517476072784,17.1516646244542,26.3056597377244));
#1821=CARTESIAN_POINT('Ctrl Pts',(-4.10587030815239,18.6997086003744,26.2244694298919));
#1822=CARTESIAN_POINT('Ctrl Pts',(-0.120439268603968,19.1483114531017,26.1432791220594));
#1823=CARTESIAN_POINT('Ctrl Pts',(3.63199516222776,18.4087660592066,26.0620888142269));
#1824=CARTESIAN_POINT('Ctrl Pts',(7.38442959305954,17.6692206653114,25.9808985063944));
#1825=CARTESIAN_POINT('Ctrl Pts',(10.9038674151746,15.7415270247938,25.8997081985619));
#1826=CARTESIAN_POINT('Ctrl Pts',(13.5505585887096,12.9780605621294,25.8185178907295));
#1827=CARTESIAN_POINT('Ctrl Pts',(16.1972497622445,10.214594099465,25.737327582897));
#1828=CARTESIAN_POINT('Ctrl Pts',(17.9711942871993,6.61535481465378,25.6561372750645));
#1829=CARTESIAN_POINT('Ctrl Pts',(18.5482494579717,2.83451984960078,25.574946967232));
#1830=CARTESIAN_POINT('Ctrl Pts',(19.1253046287441,-0.946315115452224,25.4937566593995));
#1831=CARTESIAN_POINT('Ctrl Pts',(18.5054704453341,-4.90874576074709,25.412566351567));
#1832=CARTESIAN_POINT('Ctrl Pts',(16.8077049026533,-8.33800165121364,25.3313760437346));
#1833=CARTESIAN_POINT('Ctrl Pts',(15.6758612075328,-10.624172244858,25.2772491718462));
#1834=CARTESIAN_POINT('Ctrl Pts',(14.064936908292,-12.6733762808009,25.2231222999579));
#1835=CARTESIAN_POINT('Ctrl Pts',(12.1158851243727,-14.3212662035742,25.1689954280696));
#1836=CARTESIAN_POINT('Ctrl Pts',(10.1668333404535,-15.9691561263475,25.1148685561813));
#1837=CARTESIAN_POINT('Ctrl Pts',(7.87965407185589,-17.2157319359512,25.060741684293));
#1838=CARTESIAN_POINT('Ctrl Pts',(5.43822426739081,-17.9553511851216,25.0066148124046));
#1839=CARTESIAN_POINT('Ctrl Pts',(2.99679446292578,-18.6949704342919,24.9524879405163));
#1840=CARTESIAN_POINT('Ctrl Pts',(0.401114122593298,-18.927633123029,24.898361068628));
#1841=CARTESIAN_POINT('Ctrl Pts',(-2.13450763209536,-18.6376814130003,24.8442341967397));
#1842=CARTESIAN_POINT('Ctrl Pts',(-4.67012938678402,-18.3477297029717,24.7901073248514));
#1843=CARTESIAN_POINT('Ctrl Pts',(-7.14569255582893,-17.5351635941773,24.735980452963));
#1844=CARTESIAN_POINT('Ctrl Pts',(-9.35633872842466,-16.2617139380822,24.6818535810747));
#1845=CARTESIAN_POINT('Ctrl Pts',(-12.3038669585523,-14.5637810632887,24.6096844185569));
#1846=CARTESIAN_POINT('Ctrl Pts',(-14.780431639437,-12.0464996599606,24.5375152560392));
#1847=CARTESIAN_POINT('Ctrl Pts',(-16.4244385822382,-9.06944090106916,24.4653460935214));
#1848=CARTESIAN_POINT('Ctrl Pts',(-17.9487447996668,-6.30914284046816,24.3984315931818));
#1849=CARTESIAN_POINT('Ctrl Pts',(-18.7573172462918,-3.15358308764519,24.3315170928421));
#1850=CARTESIAN_POINT('Ctrl Pts',(-18.76065027931,0.000709825409813524,
24.2646025925025));
#1851=CARTESIAN_POINT('Ctrl Pts',(-18.7556871904628,0.000541043305643264,
24.4853974074401));
#1852=CARTESIAN_POINT('Ctrl Pts',(-18.7510888560952,-2.66612632161811,24.5419422115136));
#1853=CARTESIAN_POINT('Ctrl Pts',(-18.1847653033069,-5.33386753317945,24.5984870155872));
#1854=CARTESIAN_POINT('Ctrl Pts',(-17.0838803800069,-7.75926682311399,24.6550318196608));
#1855=CARTESIAN_POINT('Ctrl Pts',(-15.5031659841348,-11.2417957343511,24.7362221274933));
#1856=CARTESIAN_POINT('Ctrl Pts',(-12.8203527600544,-14.2246911842422,24.8174124353258));
#1857=CARTESIAN_POINT('Ctrl Pts',(-9.52290626569658,-16.1668172176517,24.8986027431583));
#1858=CARTESIAN_POINT('Ctrl Pts',(-6.22545977133879,-18.1089432510611,24.9797930509907));
#1859=CARTESIAN_POINT('Ctrl Pts',(-2.3133800067036,-19.010299867989,25.0609833588232));
#1860=CARTESIAN_POINT('Ctrl Pts',(1.49790775294441,-18.7039724739208,25.1421736666557));
#1861=CARTESIAN_POINT('Ctrl Pts',(5.30919551259242,-18.3976450798525,25.2233639744882));
#1862=CARTESIAN_POINT('Ctrl Pts',(9.01969126725324,-16.8836336747882,25.3045542823207));
#1863=CARTESIAN_POINT('Ctrl Pts',(11.9714263202157,-14.4455277359033,25.3857445901531));
#1864=CARTESIAN_POINT('Ctrl Pts',(13.2833085659768,-13.3619250963989,25.421829171412));
#1865=CARTESIAN_POINT('Ctrl Pts',(14.4453121546122,-12.0957852650288,25.4579137526709));
#1866=CARTESIAN_POINT('Ctrl Pts',(15.4134900605314,-10.6966734859335,25.4939983339298));
#1867=CARTESIAN_POINT('Ctrl Pts',(17.3498458723697,-7.89844992774289,25.5661674964475));
#1868=CARTESIAN_POINT('Ctrl Pts',(18.5108989533429,-4.56833857865164,25.6383366589653));
#1869=CARTESIAN_POINT('Ctrl Pts',(18.725659195687,-1.17426456744793,25.7105058214831));
#1870=CARTESIAN_POINT('Ctrl Pts',(18.8867293774452,1.37129094095489,25.7646326933714));
#1871=CARTESIAN_POINT('Ctrl Pts',(18.5155098374745,3.95282544679595,25.8187595652597));
#1872=CARTESIAN_POINT('Ctrl Pts',(17.6503386749985,6.35451178810964,25.872886437148));
#1873=CARTESIAN_POINT('Ctrl Pts',(16.7851675125225,8.75619812942324,25.9270133090364));
#1874=CARTESIAN_POINT('Ctrl Pts',(15.4260447275411,10.9780363062095,25.9811401809247));
#1875=CARTESIAN_POINT('Ctrl Pts',(13.6804227378429,12.8378318387645,26.035267052813));
#1876=CARTESIAN_POINT('Ctrl Pts',(11.9348007481447,14.6976273713195,26.0893939247013));
#1877=CARTESIAN_POINT('Ctrl Pts',(9.80267955372964,16.1953802596433,26.1435207965896));
#1878=CARTESIAN_POINT('Ctrl Pts',(7.46109538363287,17.2114154027873,26.197647668478));
#1879=CARTESIAN_POINT('Ctrl Pts',(5.1195112135361,18.2274505459313,26.2517745403663));
#1880=CARTESIAN_POINT('Ctrl Pts',(2.56846406775775,18.7617679438955,26.3059014122546));
#1881=CARTESIAN_POINT('Ctrl Pts',(0.0175505126022597,18.7620113018577,26.3600282841429));
#1882=CARTESIAN_POINT('Ctrl Pts',(-3.80881982013088,18.762376338801,26.4412185919754));
#1883=CARTESIAN_POINT('Ctrl Pts',(-7.6348895739625,17.5610747857398,26.5224088998079));
#1884=CARTESIAN_POINT('Ctrl Pts',(-10.7676270073459,15.3667401945345,26.6035992076404));
#1885=CARTESIAN_POINT('Ctrl Pts',(-13.9003644407294,13.1724056033291,26.6847895154729));
#1886=CARTESIAN_POINT('Ctrl Pts',(-16.3397695536647,9.98503797397971,26.7659798233053));
#1887=CARTESIAN_POINT('Ctrl Pts',(-17.6422746567027,6.3875463957651,26.8471701311378));
#1888=CARTESIAN_POINT('Ctrl Pts',(-18.3814504592295,4.3459584448177,26.8932458899272));
#1889=CARTESIAN_POINT('Ctrl Pts',(-18.7544763900683,2.17228602738604,26.9393216487165));
#1890=CARTESIAN_POINT('Ctrl Pts',(-18.7559075499822,-0.00083126153481833,
26.9853974075059));
#1891=CARTESIAN_POINT('Origin',(0.,0.,0.));
#1892=CARTESIAN_POINT('',(-18.7607024364754,-0.0014105149792468,29.4853974076258));
#1893=CARTESIAN_POINT('',(-18.7611708134005,0.000797947112835896,29.2646025923646));
#1894=CARTESIAN_POINT('',(-18.75935,-2.29735779315849E-15,0.));
#1895=CARTESIAN_POINT('Ctrl Pts',(-18.7611708134005,0.000797947112835896,
29.2646025923646));
#1896=CARTESIAN_POINT('Ctrl Pts',(-18.7621853494547,0.567829134151075,29.2525720014743));
#1897=CARTESIAN_POINT('Ctrl Pts',(-18.7372741293548,1.13478578656234,29.240541410584));
#1898=CARTESIAN_POINT('Ctrl Pts',(-18.6859312976195,1.69935657391062,29.2285108196937));
#1899=CARTESIAN_POINT('Ctrl Pts',(-18.3394362375187,5.50945006275605,29.1473205118612));
#1900=CARTESIAN_POINT('Ctrl Pts',(-16.7891307425802,9.21088089044528,29.0661302040288));
#1901=CARTESIAN_POINT('Ctrl Pts',(-14.3161644252468,12.1291448361244,28.9849398961963));
#1902=CARTESIAN_POINT('Ctrl Pts',(-11.8431981079133,15.0474087818036,28.9037495883638));
#1903=CARTESIAN_POINT('Ctrl Pts',(-8.44757096818484,17.1825058454726,28.8225592805313));
#1904=CARTESIAN_POINT('Ctrl Pts',(-4.74642855423522,18.1519801504406,28.7413689726988));
#1905=CARTESIAN_POINT('Ctrl Pts',(-2.89585734726042,18.6367173029246,28.7007738187826));
#1906=CARTESIAN_POINT('Ctrl Pts',(-0.968907321730321,18.8300487657332,28.6601786648664));
#1907=CARTESIAN_POINT('Ctrl Pts',(0.943387569146614,18.7337154249176,28.6195835109501));
#1908=CARTESIAN_POINT('Ctrl Pts',(2.85568246002355,18.6373820841019,28.5789883570339));
#1909=CARTESIAN_POINT('Ctrl Pts',(4.75332221624736,18.2513839396619,28.5383932031176));
#1910=CARTESIAN_POINT('Ctrl Pts',(6.54581356820941,17.5832255383209,28.4977980492014));
#1911=CARTESIAN_POINT('Ctrl Pts',(10.1307962721335,16.2469087356387,28.4166077413689));
#1912=CARTESIAN_POINT('Ctrl Pts',(13.2951853590107,13.7819509053523,28.3354174335364));
#1913=CARTESIAN_POINT('Ctrl Pts',(15.4623821038889,10.629849299296,28.2542271257039));
#1914=CARTESIAN_POINT('Ctrl Pts',(17.6295788487671,7.47774769323971,28.1730368178715));
#1915=CARTESIAN_POINT('Ctrl Pts',(18.7995832516464,3.63850231141356,28.091846510039));
#1916=CARTESIAN_POINT('Ctrl Pts',(18.7618187926958,-0.186774190600504,28.0106562022065));
#1917=CARTESIAN_POINT('Ctrl Pts',(18.7240543337453,-4.01205069261452,27.929465894374));
#1918=CARTESIAN_POINT('Ctrl Pts',(17.478521012965,-7.82335831481641,27.8482755865415));
#1919=CARTESIAN_POINT('Ctrl Pts',(15.2487788847997,-10.9328660441363,27.7670852787091));
#1920=CARTESIAN_POINT('Ctrl Pts',(13.0190367566345,-14.0423737734562,27.6858949708766));
#1921=CARTESIAN_POINT('Ctrl Pts',(9.80508582108443,-16.4500816098941,27.6047046630441));
#1922=CARTESIAN_POINT('Ctrl Pts',(6.19542557103898,-17.7117516560559,27.5235143552116));
#1923=CARTESIAN_POINT('Ctrl Pts',(2.58576532099348,-18.9734217022177,27.4423240473791));
#1924=CARTESIAN_POINT('Ctrl Pts',(-1.41960424354731,-19.0890539581034,27.3611337395466));
#1925=CARTESIAN_POINT('Ctrl Pts',(-5.10523254615689,-18.0532211067555,27.2799434317141));
#1926=CARTESIAN_POINT('Ctrl Pts',(-6.74328956953901,-17.5928509506008,27.2438588504553));
#1927=CARTESIAN_POINT('Ctrl Pts',(-8.31818782513204,-16.9050308967211,27.2077742691964));
#1928=CARTESIAN_POINT('Ctrl Pts',(-9.76959758210219,-16.017156226944,27.1716896879375));
#1929=CARTESIAN_POINT('Ctrl Pts',(-12.6724170960423,-14.2414068873901,27.0995205254198));
#1930=CARTESIAN_POINT('Ctrl Pts',(-15.0812826154903,-11.6654390842474,27.027351362902));
#1931=CARTESIAN_POINT('Ctrl Pts',(-16.6504762784403,-8.64814384965467,26.9551822003842));
#1932=CARTESIAN_POINT('Ctrl Pts',(-17.8273715256528,-6.38517242371013,26.9010553284959));
#1933=CARTESIAN_POINT('Ctrl Pts',(-18.5319513535853,-3.8739543175748,26.8469284566076));
#1934=CARTESIAN_POINT('Ctrl Pts',(-18.7121300773293,-1.32754461717976,26.7928015847193));
#1935=CARTESIAN_POINT('Ctrl Pts',(-18.7434198863469,-0.885335506412681,
26.7834019206029));
#1936=CARTESIAN_POINT('Ctrl Pts',(-18.7588949425053,-0.442065096648584,
26.7740022564865));
#1937=CARTESIAN_POINT('Ctrl Pts',(-18.7586834529425,0.00116704214305607,
26.7646025923702));
#1938=CARTESIAN_POINT('Ctrl Pts',(-18.7559075499822,-0.000831261534818332,
26.9853974075059));
#1939=CARTESIAN_POINT('Ctrl Pts',(-18.756998243577,-1.65697400607825,27.020511956549));
#1940=CARTESIAN_POINT('Ctrl Pts',(-18.5422654066241,-3.31279433005915,27.0556265055921));
#1941=CARTESIAN_POINT('Ctrl Pts',(-18.1092989469903,-4.90958157042361,27.0907410546353));
#1942=CARTESIAN_POINT('Ctrl Pts',(-17.1082130410992,-8.6016024313182,27.1719313624678));
#1943=CARTESIAN_POINT('Ctrl Pts',(-14.9404361361764,-11.9780286260275,27.2531216703002));
#1944=CARTESIAN_POINT('Ctrl Pts',(-11.9994740435715,-14.4246852741937,27.3343119781327));
#1945=CARTESIAN_POINT('Ctrl Pts',(-9.05851195096685,-16.8713419223599,27.4155022859652));
#1946=CARTESIAN_POINT('Ctrl Pts',(-5.3443646706803,-18.3882290239829,27.4966925937977));
#1947=CARTESIAN_POINT('Ctrl Pts',(-1.5315658574693,-18.7004329950637,27.5778829016302));
#1948=CARTESIAN_POINT('Ctrl Pts',(2.28123295574189,-19.0126369661445,27.6590732094626));
#1949=CARTESIAN_POINT('Ctrl Pts',(6.19268330187762,-18.1201578066829,27.7402635172951));
#1950=CARTESIAN_POINT('Ctrl Pts',(9.49254016854314,-16.1847851913649,27.8214538251276));
#1951=CARTESIAN_POINT('Ctrl Pts',(12.7923970352086,-14.2494125760469,27.9026441329601));
#1952=CARTESIAN_POINT('Ctrl Pts',(15.4806604224039,-11.2711465048725,27.9838344407926));
#1953=CARTESIAN_POINT('Ctrl Pts',(17.0691390029794,-7.79095116087567,28.0650247486251));
#1954=CARTESIAN_POINT('Ctrl Pts',(18.6576175835549,-4.3107558168789,28.1462150564575));
#1955=CARTESIAN_POINT('Ctrl Pts',(19.1463113575107,-0.328631200059559,28.22740536429));
#1956=CARTESIAN_POINT('Ctrl Pts',(18.4464981254053,3.43235780227035,28.3085956721225));
#1957=CARTESIAN_POINT('Ctrl Pts',(17.7466848933,7.19334680460027,28.389785979955));
#1958=CARTESIAN_POINT('Ctrl Pts',(15.8583646551335,10.7332001924409,28.4709762877875));
#1959=CARTESIAN_POINT('Ctrl Pts',(13.1244158272726,13.4091113648182,28.55216659562));
#1960=CARTESIAN_POINT('Ctrl Pts',(10.3904669994115,16.0850225371955,28.6333569034524));
#1961=CARTESIAN_POINT('Ctrl Pts',(6.81088958185616,17.8969914941094,28.7145472112849));
#1962=CARTESIAN_POINT('Ctrl Pts',(3.03574431851221,18.51592224066,28.7957375191174));
#1963=CARTESIAN_POINT('Ctrl Pts',(-0.739400944831839,19.1348529872105,28.8769278269499));
#1964=CARTESIAN_POINT('Ctrl Pts',(-4.71011405396435,18.5607455233975,28.9581181347824));
#1965=CARTESIAN_POINT('Ctrl Pts',(-8.1554191283426,16.8979928408353,29.0393084426148));
#1966=CARTESIAN_POINT('Ctrl Pts',(-11.6007242027208,15.2352401582732,29.1204987504473));
#1967=CARTESIAN_POINT('Ctrl Pts',(-14.5206212423448,12.4838422569619,29.2016890582798));
#1968=CARTESIAN_POINT('Ctrl Pts',(-16.384744981523,9.14314589841782,29.2828793661123));
#1969=CARTESIAN_POINT('Ctrl Pts',(-17.9346782961253,6.36551023440287,29.3503853799501));
#1970=CARTESIAN_POINT('Ctrl Pts',(-18.7547387303794,3.18048317094293,29.417891393788));
#1971=CARTESIAN_POINT('Ctrl Pts',(-18.7607024364754,-0.0014105149792468,
29.4853974076258));
#1972=CARTESIAN_POINT('Origin',(0.,0.,0.));
#1973=CARTESIAN_POINT('',(-18.7583983778367,0.000297972434461154,31.9853974076387));
#1974=CARTESIAN_POINT('',(-18.7576577957749,-0.000503814428467824,31.7646025924792));
#1975=CARTESIAN_POINT('',(-18.75935,-2.29735779315849E-15,0.));
#1976=CARTESIAN_POINT('Ctrl Pts',(-18.7576577957749,-0.000503814428467824,
31.7646025924792));
#1977=CARTESIAN_POINT('Ctrl Pts',(-18.7547452130026,2.42804485585416,31.7130994559127));
#1978=CARTESIAN_POINT('Ctrl Pts',(-18.2840585336076,4.85732897404613,31.6615963193463));
#1979=CARTESIAN_POINT('Ctrl Pts',(-17.3651438706136,7.10380564640741,31.6100931827799));
#1980=CARTESIAN_POINT('Ctrl Pts',(-16.0775076978526,10.2516981995322,31.5379240202621));
#1981=CARTESIAN_POINT('Ctrl Pts',(-13.9097656081973,13.0406441437548,31.4657548577444));
#1982=CARTESIAN_POINT('Ctrl Pts',(-11.1786166436238,15.0674755318176,31.3935856952266));
#1983=CARTESIAN_POINT('Ctrl Pts',(-9.8130421613371,16.0808912258491,31.3575011139677));
#1984=CARTESIAN_POINT('Ctrl Pts',(-8.30661596032085,16.9037782808406,31.3214165327088));
#1985=CARTESIAN_POINT('Ctrl Pts',(-6.7178143251697,17.5134644997512,31.2853319514499));
#1986=CARTESIAN_POINT('Ctrl Pts',(-5.12901269001863,18.1231507186618,31.2492473701911));
#1987=CARTESIAN_POINT('Ctrl Pts',(-3.45783562073265,18.5196361014914,31.2131627889322));
#1988=CARTESIAN_POINT('Ctrl Pts',(-1.76462646697329,18.6790158074393,31.1770782076733));
#1989=CARTESIAN_POINT('Ctrl Pts',(2.04509412898542,19.037620145822,31.0958878998408));
#1990=CARTESIAN_POINT('Ctrl Pts',(5.96635215259061,18.1958769949904,31.0146975920083));
#1991=CARTESIAN_POINT('Ctrl Pts',(9.28981006245163,16.3022877339823,30.9335072841759));
#1992=CARTESIAN_POINT('Ctrl Pts',(12.6132679723126,14.4086984729743,30.8523169763434));
#1993=CARTESIAN_POINT('Ctrl Pts',(15.3389257684294,11.4632631017897,30.7711266685109));
#1994=CARTESIAN_POINT('Ctrl Pts',(16.9707891376111,8.00293091602246,30.6899363606784));
#1995=CARTESIAN_POINT('Ctrl Pts',(18.6026525067928,4.54259873025525,30.608746052846));
#1996=CARTESIAN_POINT('Ctrl Pts',(19.1407214490393,0.56736972990538,30.5275557450135));
#1997=CARTESIAN_POINT('Ctrl Pts',(18.4877976411742,-3.20195619484584,30.446365437181));
#1998=CARTESIAN_POINT('Ctrl Pts',(17.8348738333091,-6.97128211959709,30.3651751293485));
#1999=CARTESIAN_POINT('Ctrl Pts',(15.9909572753324,-10.5347049687497,30.283984821516));
#2000=CARTESIAN_POINT('Ctrl Pts',(13.2906159462576,-13.2445249151224,30.2027945136835));
#2001=CARTESIAN_POINT('Ctrl Pts',(10.5902746171829,-15.9543448614952,30.121604205851));
#2002=CARTESIAN_POINT('Ctrl Pts',(7.03350851701031,-17.8105619050881,30.0404138980186));
#2003=CARTESIAN_POINT('Ctrl Pts',(3.26635595675975,-18.4765385836011,29.9592235901861));
#2004=CARTESIAN_POINT('Ctrl Pts',(-0.500796603490814,-19.1425152621141,
29.8780332823536));
#2005=CARTESIAN_POINT('Ctrl Pts',(-4.47833562381934,-18.6182515755473,29.7968429745211));
#2006=CARTESIAN_POINT('Ctrl Pts',(-7.94409196133345,-16.9984966199235,29.7156526666886));
#2007=CARTESIAN_POINT('Ctrl Pts',(-11.4098482988476,-15.3787416642996,29.6344623588561));
#2008=CARTESIAN_POINT('Ctrl Pts',(-14.3638219535473,-12.6634954396189,29.5532720510237));
#2009=CARTESIAN_POINT('Ctrl Pts',(-16.2694664682655,-9.34649425227762,29.4720817431912));
#2010=CARTESIAN_POINT('Ctrl Pts',(-17.8927370130981,-6.52099858244012,29.402922026249));
#2011=CARTESIAN_POINT('Ctrl Pts',(-18.7553385956003,-3.25886874345969,29.3337623093068));
#2012=CARTESIAN_POINT('Ctrl Pts',(-18.7611708134005,0.000797947112835896,
29.2646025923646));
#2013=CARTESIAN_POINT('Ctrl Pts',(-18.7607024364754,-0.0014105149792468,
29.4853974076258));
#2014=CARTESIAN_POINT('Ctrl Pts',(-18.7619113525835,-0.646419250978723,
29.4990817016204));
#2015=CARTESIAN_POINT('Ctrl Pts',(-18.7296672068627,-1.29129922946218,29.5127659956151));
#2016=CARTESIAN_POINT('Ctrl Pts',(-18.6632684230704,-1.9326308200263,29.5264502896097));
#2017=CARTESIAN_POINT('Ctrl Pts',(-18.2693176867073,-5.73771636414934,29.6076405974422));
#2018=CARTESIAN_POINT('Ctrl Pts',(-16.6730657752486,-9.41789263661846,29.6888309052747));
#2019=CARTESIAN_POINT('Ctrl Pts',(-14.1638711998579,-12.3059444220783,29.7700212131072));
#2020=CARTESIAN_POINT('Ctrl Pts',(-11.6546766244671,-15.1939962075382,29.8512115209397));
#2021=CARTESIAN_POINT('Ctrl Pts',(-8.23253938514411,-17.2899235059887,29.9324018287722));
#2022=CARTESIAN_POINT('Ctrl Pts',(-4.51991370039168,-18.2110024657034,30.0135921366047));
#2023=CARTESIAN_POINT('Ctrl Pts',(-0.807288015639429,-19.1320814254179,
30.0947824444371));
#2024=CARTESIAN_POINT('Ctrl Pts',(3.19582611454225,-18.8783120463967,30.1759727522696));
#2025=CARTESIAN_POINT('Ctrl Pts',(6.7649457332059,-17.5003317968533,30.2571630601021));
#2026=CARTESIAN_POINT('Ctrl Pts',(9.93749650535147,-16.2754604639257,30.3293322226198));
#2027=CARTESIAN_POINT('Ctrl Pts',(12.7671380338286,-14.16232375182,30.4015013851376));
#2028=CARTESIAN_POINT('Ctrl Pts',(14.8467316164103,-11.470019172648,30.4736705476554));
#2029=CARTESIAN_POINT('Ctrl Pts',(16.926325198992,-8.77771459347589,30.5458397101732));
#2030=CARTESIAN_POINT('Ctrl Pts',(18.2558708356784,-5.50624214723757,30.6180088726909));
#2031=CARTESIAN_POINT('Ctrl Pts',(18.6411964119418,-2.12740179428355,30.6901780352087));
#2032=CARTESIAN_POINT('Ctrl Pts',(19.0265219882053,1.25143855867037,30.7623471977264));
#2033=CARTESIAN_POINT('Ctrl Pts',(18.4676275040457,4.73764681833992,30.8345163602442));
#2034=CARTESIAN_POINT('Ctrl Pts',(17.0494388467593,7.82970984485097,30.906685522762));
#2035=CARTESIAN_POINT('Ctrl Pts',(15.9857973537945,10.1487571147343,30.9608123946503));
#2036=CARTESIAN_POINT('Ctrl Pts',(14.4388028884459,12.246097690966,31.0149392665386));
#2037=CARTESIAN_POINT('Ctrl Pts',(12.5405567730508,13.9516491421175,31.0690661384269));
#2038=CARTESIAN_POINT('Ctrl Pts',(10.6423106576557,15.657200593269,31.1231930103152));
#2039=CARTESIAN_POINT('Ctrl Pts',(8.39281289221423,16.9709629193403,31.1773198822036));
#2040=CARTESIAN_POINT('Ctrl Pts',(5.97433271515952,17.7836751291915,31.2314467540919));
#2041=CARTESIAN_POINT('Ctrl Pts',(3.55585253810482,18.5963873390427,31.2855736259802));
#2042=CARTESIAN_POINT('Ctrl Pts',(0.968389949436913,18.9080494326739,31.3397004978685));
#2043=CARTESIAN_POINT('Ctrl Pts',(-1.57442269348446,18.6937862067297,31.3938273697568));
#2044=CARTESIAN_POINT('Ctrl Pts',(-4.11723533640573,18.4795229807856,31.4479542416452));
#2045=CARTESIAN_POINT('Ctrl Pts',(-6.6153980335805,17.7393344352662,31.5020811135335));
#2046=CARTESIAN_POINT('Ctrl Pts',(-8.86411450339214,16.5337918353636,31.5562079854218));
#2047=CARTESIAN_POINT('Ctrl Pts',(-11.1128309732039,15.3282492354609,31.6103348573101));
#2048=CARTESIAN_POINT('Ctrl Pts',(-13.1121012156525,13.6573525811749,31.6644617291984));
#2049=CARTESIAN_POINT('Ctrl Pts',(-14.6978972186534,11.6580998790417,31.7185886010868));
#2050=CARTESIAN_POINT('Ctrl Pts',(-16.2836932216544,9.65884717690852,31.7727154729751));
#2051=CARTESIAN_POINT('Ctrl Pts',(-17.4560149852078,7.33123842692815,31.8268423448634));
#2052=CARTESIAN_POINT('Ctrl Pts',(-18.1178261804998,4.86718132923167,31.8809692167518));
#2053=CARTESIAN_POINT('Ctrl Pts',(-18.5434419201006,3.28252774295927,31.9157786137141));
#2054=CARTESIAN_POINT('Ctrl Pts',(-18.7579169979779,1.64144085986812,31.9505880106764));
#2055=CARTESIAN_POINT('Ctrl Pts',(-18.7583983778367,0.000297972434461154,
31.9853974076387));
#2056=CARTESIAN_POINT('Origin',(0.,0.,0.));
#2057=CARTESIAN_POINT('',(-18.7596415927732,-0.000316407705763922,34.4853974075178));
#2058=CARTESIAN_POINT('',(-18.7599844311124,-0.000109448730000936,34.2646025925475));
#2059=CARTESIAN_POINT('',(-18.75935,-2.29735779315849E-15,0.));
#2060=CARTESIAN_POINT('Ctrl Pts',(-18.7599844311124,-0.000109448730000936,
34.2646025925475));
#2061=CARTESIAN_POINT('Ctrl Pts',(-18.7599881445476,0.0359200926506685,
34.2638383634675));
#2062=CARTESIAN_POINT('Ctrl Pts',(-18.759886746668,0.0719497081139728,34.2630741343876));
#2063=CARTESIAN_POINT('Ctrl Pts',(-18.7596801193627,0.107978808944024,34.2623099053077));
#2064=CARTESIAN_POINT('Ctrl Pts',(-18.7450456465651,2.65975624854191,34.2081830334193));
#2065=CARTESIAN_POINT('Ctrl Pts',(-18.2025545937059,5.20895216155991,34.154056161531));
#2066=CARTESIAN_POINT('Ctrl Pts',(-17.1763376588415,7.54480308025005,34.0999292896427));
#2067=CARTESIAN_POINT('Ctrl Pts',(-16.1501207239772,9.88065399894003,34.0458024177544));
#2068=CARTESIAN_POINT('Ctrl Pts',(-14.6401779071078,12.0031599233022,33.9916755458661));
#2069=CARTESIAN_POINT('Ctrl Pts',(-12.7712014859812,13.7408816859353,33.9375486739777));
#2070=CARTESIAN_POINT('Ctrl Pts',(-10.9022250648546,15.4786034485684,33.8834218020894));
#2071=CARTESIAN_POINT('Ctrl Pts',(-8.67421503947072,16.8315410494724,33.8292949302011));
#2072=CARTESIAN_POINT('Ctrl Pts',(-6.26920649407076,17.6829398826789,33.7751680583128));
#2073=CARTESIAN_POINT('Ctrl Pts',(-3.06252843353729,18.8181383269543,33.702998895795));
#2074=CARTESIAN_POINT('Ctrl Pts',(0.458813662580228,19.0617122953229,33.6308297332772));
#2075=CARTESIAN_POINT('Ctrl Pts',(3.79003135843573,18.3749725913983,33.5586605707595));
#2076=CARTESIAN_POINT('Ctrl Pts',(7.12124905429113,17.6882328874737,33.4864914082417));
#2077=CARTESIAN_POINT('Ctrl Pts',(10.2623423498844,16.0711795112557,33.4143222457239));
#2078=CARTESIAN_POINT('Ctrl Pts',(12.756117026653,13.7585992257818,33.3421530832062));
#2079=CARTESIAN_POINT('Ctrl Pts',(15.2498917034216,11.4460189403077,33.2699839206884));
#2080=CARTESIAN_POINT('Ctrl Pts',(17.0963477613655,8.43791174557762,33.1978147581707));
#2081=CARTESIAN_POINT('Ctrl Pts',(18.0350226113841,5.16824176202419,33.1256455956529));
#2082=CARTESIAN_POINT('Ctrl Pts',(18.7390287488979,2.71598927435925,33.0715187237646));
#2083=CARTESIAN_POINT('Ctrl Pts',(18.9324079569538,0.11660771798123,33.0173918518762));
#2084=CARTESIAN_POINT('Ctrl Pts',(18.6036104590109,-2.41407200603237,32.9632649799879));
#2085=CARTESIAN_POINT('Ctrl Pts',(18.274812961068,-4.94475173004607,32.9091381080996));
#2086=CARTESIAN_POINT('Ctrl Pts',(17.4238387571264,-7.4067296216953,32.8550112362113));
#2087=CARTESIAN_POINT('Ctrl Pts',(16.1184981034225,-9.59891135987177,32.800884364323));
#2088=CARTESIAN_POINT('Ctrl Pts',(14.8131574497186,-11.7910930980482,32.7467574924346));
#2089=CARTESIAN_POINT('Ctrl Pts',(13.0534503462524,-13.7134786827519,32.6926306205463));
#2090=CARTESIAN_POINT('Ctrl Pts',(10.9848343901456,-15.2076605993539,32.638503748658));
#2091=CARTESIAN_POINT('Ctrl Pts',(8.91621843403878,-16.7018425159559,32.5843768767697));
#2092=CARTESIAN_POINT('Ctrl Pts',(6.5386936252913,-17.7678207644562,32.5302500048813));
#2093=CARTESIAN_POINT('Ctrl Pts',(4.0472874537554,-18.3182453118321,32.476123132993));
#2094=CARTESIAN_POINT('Ctrl Pts',(1.55588128221957,-18.868669859208,32.4219962611047));
#2095=CARTESIAN_POINT('Ctrl Pts',(-1.04940625210468,-18.9035407054594,32.3678693892164));
#2096=CARTESIAN_POINT('Ctrl Pts',(-3.55500905691354,-18.4200638298566,32.3137425173281));
#2097=CARTESIAN_POINT('Ctrl Pts',(-6.06061186172249,-17.9365869542537,32.2596156454398));
#2098=CARTESIAN_POINT('Ctrl Pts',(-8.46652993701599,-16.9347623567966,32.2054887735514));
#2099=CARTESIAN_POINT('Ctrl Pts',(-10.5739203440441,-15.4965552579609,32.1513619016631));
#2100=CARTESIAN_POINT('Ctrl Pts',(-12.6813107510723,-14.0583481591252,32.0972350297748));
#2101=CARTESIAN_POINT('Ctrl Pts',(-14.490173489835,-12.1837585589109,32.0431081578865));
#2102=CARTESIAN_POINT('Ctrl Pts',(-15.8546431235979,-10.027246731039,31.9889812859982));
#2103=CARTESIAN_POINT('Ctrl Pts',(-17.2191127573608,-7.87073490316698,31.9348544141099));
#2104=CARTESIAN_POINT('Ctrl Pts',(-18.1391892861237,-5.4323008476373,31.8807275422215));
#2105=CARTESIAN_POINT('Ctrl Pts',(-18.5339554346026,-2.91171165668309,31.8266006703332));
#2106=CARTESIAN_POINT('Ctrl Pts',(-18.6846799672526,-1.94933271595279,31.8059346443818));
#2107=CARTESIAN_POINT('Ctrl Pts',(-18.7588264918034,-0.974977471570276,
31.7852686184305));
#2108=CARTESIAN_POINT('Ctrl Pts',(-18.7576577957749,-0.000503814428467825,
31.7646025924792));
#2109=CARTESIAN_POINT('Ctrl Pts',(-18.7583983778367,0.000297972434461157,
31.9853974076387));
#2110=CARTESIAN_POINT('Ctrl Pts',(-18.7586655195904,-0.910454276801827,
32.0047148825647));
#2111=CARTESIAN_POINT('Ctrl Pts',(-18.6930291280694,-1.82122377366763,32.0240323574907));
#2112=CARTESIAN_POINT('Ctrl Pts',(-18.5610015974663,-2.72237520603759,32.0433498324167));
#2113=CARTESIAN_POINT('Ctrl Pts',(-18.1910651921101,-5.24736919819768,32.097476704305));
#2114=CARTESIAN_POINT('Ctrl Pts',(-17.2998917543669,-7.69685173710539,32.1516035761933));
#2115=CARTESIAN_POINT('Ctrl Pts',(-15.9571395194572,-9.86622596966617,32.2057304480817));
#2116=CARTESIAN_POINT('Ctrl Pts',(-14.1668032062443,-12.758724946414,32.2778996105994));
#2117=CARTESIAN_POINT('Ctrl Pts',(-11.5736601425129,-15.1532536007674,32.3500687731172));
#2118=CARTESIAN_POINT('Ctrl Pts',(-8.54611707496314,-16.7027432528089,32.422237935635));
#2119=CARTESIAN_POINT('Ctrl Pts',(-5.51857400741325,-18.2522329048505,32.4944070981527));
#2120=CARTESIAN_POINT('Ctrl Pts',(-2.05663093604498,-18.9566835545802,32.5665762606705));
#2121=CARTESIAN_POINT('Ctrl Pts',(1.33597805322294,-18.7141368247735,32.6387454231882));
#2122=CARTESIAN_POINT('Ctrl Pts',(4.72858704249068,-18.4715900949668,32.710914585706));
#2123=CARTESIAN_POINT('Ctrl Pts',(8.05186194965798,-17.2820459856237,32.7830837482238));
#2124=CARTESIAN_POINT('Ctrl Pts',(10.8304262451367,-15.319640318386,32.8552529107415));
#2125=CARTESIAN_POINT('Ctrl Pts',(12.9143494667457,-13.8478360679577,32.9093797826299));
#2126=CARTESIAN_POINT('Ctrl Pts',(14.69187296928,-11.9412971912138,32.9635066545182));
#2127=CARTESIAN_POINT('Ctrl Pts',(16.0194567342508,-9.76178346366575,33.0176335264065));
#2128=CARTESIAN_POINT('Ctrl Pts',(17.3470404992216,-7.58226973611762,33.0717603982948));
#2129=CARTESIAN_POINT('Ctrl Pts',(18.2246845266289,-5.12978115776531,33.1258872701831));
#2130=CARTESIAN_POINT('Ctrl Pts',(18.5788673165971,-2.60314866056129,33.1800141420715));
#2131=CARTESIAN_POINT('Ctrl Pts',(18.9330501065653,-0.0765161633572614,
33.2341410139598));
#2132=CARTESIAN_POINT('Ctrl Pts',(18.7637716590944,2.52426025269851,33.2882678858481));
#2133=CARTESIAN_POINT('Ctrl Pts',(18.0857257627248,4.98434887309435,33.3423947577364));
#2134=CARTESIAN_POINT('Ctrl Pts',(17.4076798663552,7.44443749349019,33.3965216296248));
#2135=CARTESIAN_POINT('Ctrl Pts',(16.220866521087,9.76383831822612,33.4506485015131));
#2136=CARTESIAN_POINT('Ctrl Pts',(14.6224034602651,11.7526150886231,33.5047753734014));
#2137=CARTESIAN_POINT('Ctrl Pts',(13.0239403994431,13.7413918590202,33.5589022452897));
#2138=CARTESIAN_POINT('Ctrl Pts',(11.0138276230676,15.3995445750781,33.613029117178));
#2139=CARTESIAN_POINT('Ctrl Pts',(8.75720335773714,16.5907105375249,33.6671559890664));
#2140=CARTESIAN_POINT('Ctrl Pts',(6.50057909240683,17.7818764999716,33.7212828609547));
#2141=CARTESIAN_POINT('Ctrl Pts',(3.99744333812142,18.506055708807,33.775409732843));
#2142=CARTESIAN_POINT('Ctrl Pts',(1.45354999995912,18.7036941313957,33.8295366047313));
#2143=CARTESIAN_POINT('Ctrl Pts',(-1.09034333820327,18.9013325539845,33.8836634766197));
#2144=CARTESIAN_POINT('Ctrl Pts',(-3.67499426024283,18.5724301903266,33.937790348508));
#2145=CARTESIAN_POINT('Ctrl Pts',(-6.08862974342791,17.7443908706899,33.9919172203963));
#2146=CARTESIAN_POINT('Ctrl Pts',(-8.502265226613,16.9163515510532,34.0460440922846));
#2147=CARTESIAN_POINT('Ctrl Pts',(-10.7448852709436,15.5891752754376,34.1001709641729));
#2148=CARTESIAN_POINT('Ctrl Pts',(-12.6311560758552,13.8709235700953,34.1542978360613));
#2149=CARTESIAN_POINT('Ctrl Pts',(-14.7532107313808,11.9378904015851,34.2151905669356));
#2150=CARTESIAN_POINT('Ctrl Pts',(-16.4242608807666,9.50990239232695,34.27608329781));
#2151=CARTESIAN_POINT('Ctrl Pts',(-17.4704154234243,6.83706093515743,34.3369760286843));
#2152=CARTESIAN_POINT('Ctrl Pts',(-18.3203893445833,4.66544532642037,34.3864498216288));
#2153=CARTESIAN_POINT('Ctrl Pts',(-18.7578603878238,2.33219831742351,34.4359236145733));
#2154=CARTESIAN_POINT('Ctrl Pts',(-18.7596415927732,-0.000316407705763922,
34.4853974075178));
#2155=CARTESIAN_POINT('Origin',(0.,0.,0.));
#2156=CARTESIAN_POINT('',(-18.7582080257911,4.34011633695156E-6,36.9853974073596));
#2157=CARTESIAN_POINT('',(-18.7591905575023,0.000318502476014685,36.7646025926688));
#2158=CARTESIAN_POINT('',(-18.75935,-2.29735779315849E-15,0.));
#2159=CARTESIAN_POINT('Ctrl Pts',(-18.7591905575023,0.000318502476014685,
36.7646025926688));
#2160=CARTESIAN_POINT('Ctrl Pts',(-18.7597562875286,0.727745054965389,36.7491739675259));
#2161=CARTESIAN_POINT('Ctrl Pts',(-18.7181131420545,1.45510730749343,36.7337453423831));
#2162=CARTESIAN_POINT('Ctrl Pts',(-18.6337001063686,2.17747174837433,36.7183167172403));
#2163=CARTESIAN_POINT('Ctrl Pts',(-18.3005440268916,5.0284544564603,36.6574239863659));
#2164=CARTESIAN_POINT('Ctrl Pts',(-17.3011726764089,7.80158757399496,36.5965312554915));
#2165=CARTESIAN_POINT('Ctrl Pts',(-15.739076230952,10.2096866246659,36.5356385246172));
#2166=CARTESIAN_POINT('Ctrl Pts',(-14.1769797854952,12.6177856753368,36.4747457937428));
#2167=CARTESIAN_POINT('Ctrl Pts',(-12.0521582450643,14.6608506591439,36.4138530628684));
#2168=CARTESIAN_POINT('Ctrl Pts',(-9.58465648292503,16.1273191992731,36.3529603319941));
#2169=CARTESIAN_POINT('Ctrl Pts',(-7.11715472078577,17.5937877394022,36.2920676011197));
#2170=CARTESIAN_POINT('Ctrl Pts',(-4.30697273693814,18.4836598358534,36.2311748702454));
#2171=CARTESIAN_POINT('Ctrl Pts',(-1.44511773546415,18.7047594146462,36.170282139371));
#2172=CARTESIAN_POINT('Ctrl Pts',(1.41673726600993,18.925858993439,36.1093894084966));
#2173=CARTESIAN_POINT('Ctrl Pts',(4.33026528511035,18.4781860545733,36.0484966776223));
#2174=CARTESIAN_POINT('Ctrl Pts',(6.99373403016859,17.4081456026789,35.9876039467479));
#2175=CARTESIAN_POINT('Ctrl Pts',(9.65720277522666,16.3381051507846,35.9267112158735));
#2176=CARTESIAN_POINT('Ctrl Pts',(12.0706122462426,14.6456971858617,35.8658184849992));
#2177=CARTESIAN_POINT('Ctrl Pts',(13.984065434341,12.5060952776303,35.8049257541248));
#2178=CARTESIAN_POINT('Ctrl Pts',(15.8975186224394,10.3664933693989,35.7440330232505));
#2179=CARTESIAN_POINT('Ctrl Pts',(17.3110155276203,7.77969751785908,35.6831402923761));
#2180=CARTESIAN_POINT('Ctrl Pts',(18.0781213572439,5.01375981896772,35.6222475615017));
#2181=CARTESIAN_POINT('Ctrl Pts',(18.8452271868676,2.24782212007636,35.5613548306274));
#2182=CARTESIAN_POINT('Ctrl Pts',(18.9659419409339,-0.69725742616651,35.500462099753));
#2183=CARTESIAN_POINT('Ctrl Pts',(18.4278753451349,-3.51682712163898,35.4395693688787));
#2184=CARTESIAN_POINT('Ctrl Pts',(17.8898087493359,-6.33639681711146,35.3786766380043));
#2185=CARTESIAN_POINT('Ctrl Pts',(16.6929608036715,-9.03045666181354,35.3177839071299));
#2186=CARTESIAN_POINT('Ctrl Pts',(14.961055360595,-11.3193481999847,35.2568911762555));
#2187=CARTESIAN_POINT('Ctrl Pts',(13.2291499175185,-13.6082397381558,35.1959984453812));
#2188=CARTESIAN_POINT('Ctrl Pts',(10.96218697703,-15.4919629697959,35.1351057145068));
#2189=CARTESIAN_POINT('Ctrl Pts',(8.39537523458332,-16.7769573960739,35.0742129836325));
#2190=CARTESIAN_POINT('Ctrl Pts',(6.11376479685295,-17.9191746638765,35.0200861117442));
#2191=CARTESIAN_POINT('Ctrl Pts',(3.59523678720501,-18.5883222583066,34.9659592398558));
#2192=CARTESIAN_POINT('Ctrl Pts',(1.04748768154479,-18.7306588097531,34.9118323679675));
#2193=CARTESIAN_POINT('Ctrl Pts',(-1.50026142411545,-18.8729953611997,34.8577054960792));
#2194=CARTESIAN_POINT('Ctrl Pts',(-4.07723162578794,-18.4885208696628,34.8035786241909));
#2195=CARTESIAN_POINT('Ctrl Pts',(-6.47215603023989,-17.6082986129701,34.7494517523026));
#2196=CARTESIAN_POINT('Ctrl Pts',(-8.86708043469182,-16.7280763562774,34.6953248804142));
#2197=CARTESIAN_POINT('Ctrl Pts',(-11.0799590419232,-15.3521063344289,34.6411980085259));
#2198=CARTESIAN_POINT('Ctrl Pts',(-12.9289038002851,-13.5935180319094,34.5870711366376));
#2199=CARTESIAN_POINT('Ctrl Pts',(-14.7778485586471,-11.83492972939,34.5329442647493));
#2200=CARTESIAN_POINT('Ctrl Pts',(-16.2628594681395,-9.6937231461996,34.4788173928609));
#2201=CARTESIAN_POINT('Ctrl Pts',(-17.2619759765178,-7.34594037151553,34.4246905209726));
#2202=CARTESIAN_POINT('Ctrl Pts',(-18.2469857415483,-5.03130645260689,34.3713278781642));
#2203=CARTESIAN_POINT('Ctrl Pts',(-18.7597251388153,-2.51588854914486,34.3179652353559));
#2204=CARTESIAN_POINT('Ctrl Pts',(-18.7599844311124,-0.000109448730000934,
34.2646025925475));
#2205=CARTESIAN_POINT('Ctrl Pts',(-18.7596415927732,-0.000316407705763923,
34.4853974075178));
#2206=CARTESIAN_POINT('Ctrl Pts',(-18.7600527087913,-0.53867902923979,34.4968163454476));
#2207=CARTESIAN_POINT('Ctrl Pts',(-18.7372536484113,-1.07700264036709,34.5082352833775));
#2208=CARTESIAN_POINT('Ctrl Pts',(-18.6909593128688,-1.61329087394933,34.5196542213074));
#2209=CARTESIAN_POINT('Ctrl Pts',(-18.4440897237259,-4.47310632080603,34.5805469521818));
#2210=CARTESIAN_POINT('Ctrl Pts',(-17.5290916095103,-7.27504230943884,34.6414396830562));
#2211=CARTESIAN_POINT('Ctrl Pts',(-16.0405232122812,-9.72922791898178,34.7023324139305));
#2212=CARTESIAN_POINT('Ctrl Pts',(-14.551954815052,-12.1834135285249,34.7632251448049));
#2213=CARTESIAN_POINT('Ctrl Pts',(-12.489816134809,-14.2898487589782,34.8241178756792));
#2214=CARTESIAN_POINT('Ctrl Pts',(-10.0677574720223,-15.8302484366767,34.8850106065536));
#2215=CARTESIAN_POINT('Ctrl Pts',(-7.64569880923561,-17.3706481143752,34.9459033374279));
#2216=CARTESIAN_POINT('Ctrl Pts',(-4.86372016390513,-18.345012239319,35.0067960683023));
#2217=CARTESIAN_POINT('Ctrl Pts',(-2.00986403824179,-18.6525145411357,35.0676887991767));
#2218=CARTESIAN_POINT('Ctrl Pts',(0.843992087421548,-18.9600168429523,35.128581530051));
#2219=CARTESIAN_POINT('Ctrl Pts',(3.76972569341787,-18.600657321642,35.1894742609254));
#2220=CARTESIAN_POINT('Ctrl Pts',(6.46432891133644,-17.6116110176898,35.2503669917998));
#2221=CARTESIAN_POINT('Ctrl Pts',(9.15893212925511,-16.6225647137376,35.3112597226741));
#2222=CARTESIAN_POINT('Ctrl Pts',(11.6224049590959,-15.0038316271437,35.3721524535485));
#2223=CARTESIAN_POINT('Ctrl Pts',(13.5996504417628,-12.9230636774072,35.4330451844229));
#2224=CARTESIAN_POINT('Ctrl Pts',(15.5768959244296,-10.8422957276708,35.4939379152972));
#2225=CARTESIAN_POINT('Ctrl Pts',(17.0679140599223,-8.29949291479196,35.5548306461716));
#2226=CARTESIAN_POINT('Ctrl Pts',(17.9182919005875,-5.55797072152576,35.615723377046));
#2227=CARTESIAN_POINT('Ctrl Pts',(18.7686697412527,-2.81644852825956,35.6766161079203));
#2228=CARTESIAN_POINT('Ctrl Pts',(18.9784072870904,0.123793045394047,35.7375088387946));
#2229=CARTESIAN_POINT('Ctrl Pts',(18.5257883184846,2.95826503669732,35.798401569669));
#2230=CARTESIAN_POINT('Ctrl Pts',(18.0731693498788,5.79273702800059,35.8592943005434));
#2231=CARTESIAN_POINT('Ctrl Pts',(16.9581938668295,8.52143943695364,35.9201870314178));
#2232=CARTESIAN_POINT('Ctrl Pts',(15.2963238897703,10.8617978591081,35.9810797622921));
#2233=CARTESIAN_POINT('Ctrl Pts',(13.6344539127112,13.2021562812625,36.0419724931665));
#2234=CARTESIAN_POINT('Ctrl Pts',(11.4256894416422,15.1541707166184,36.1028652240408));
#2235=CARTESIAN_POINT('Ctrl Pts',(8.89876521794421,16.5156943195324,36.1637579549152));
#2236=CARTESIAN_POINT('Ctrl Pts',(6.37184099424612,17.8772179224464,36.2246506857895));
#2237=CARTESIAN_POINT('Ctrl Pts',(3.5267570179192,18.6482506929184,36.2855434166639));
#2238=CARTESIAN_POINT('Ctrl Pts',(0.658142123704024,18.7489472571779,36.3464361475383));
#2239=CARTESIAN_POINT('Ctrl Pts',(-2.21047277051106,18.8496438214374,36.4073288784127));
#2240=CARTESIAN_POINT('Ctrl Pts',(-5.10261858261426,18.2800041794843,36.468221609287));
#2241=CARTESIAN_POINT('Ctrl Pts',(-7.71879212753701,17.0990183261023,36.5291143401614));
#2242=CARTESIAN_POINT('Ctrl Pts',(-10.3349656724598,15.9180324727204,36.5900070710357));
#2243=CARTESIAN_POINT('Ctrl Pts',(-12.6751669502022,14.1257004079094,36.6508998019101));
#2244=CARTESIAN_POINT('Ctrl Pts',(-14.497051068325,11.9076314584037,36.7117925327844));
#2245=CARTESIAN_POINT('Ctrl Pts',(-16.3189351864479,9.68956250889788,36.7726852636588));
#2246=CARTESIAN_POINT('Ctrl Pts',(-17.6225021449512,7.04575667469723,36.8335779945332));
#2247=CARTESIAN_POINT('Ctrl Pts',(-18.2727579528308,4.24999937837673,36.8944707254076));
#2248=CARTESIAN_POINT('Ctrl Pts',(-18.5964178390029,2.85843243298862,36.9247796193916));
#2249=CARTESIAN_POINT('Ctrl Pts',(-18.7582215232599,1.42921989329121,36.9550885133756));
#2250=CARTESIAN_POINT('Ctrl Pts',(-18.7582080257911,4.34011633695156E-6,
36.9853974073596));
#2251=CARTESIAN_POINT('Origin',(0.,0.,0.));
#2252=CARTESIAN_POINT('',(-18.7596794121576,0.000287953438618901,39.4853974072886));
#2253=CARTESIAN_POINT('',(-18.7603752477251,-0.000128065201946132,39.2646025927069));
#2254=CARTESIAN_POINT('',(-18.75935,-2.29735779315849E-15,0.));
#2255=CARTESIAN_POINT('',(-5.13842358202146,-18.0418905748324,40.));
#2256=CARTESIAN_POINT('Ctrl Pts',(-18.7596794121576,0.000287953438618899,
39.4853974072886));
#2257=CARTESIAN_POINT('Ctrl Pts',(-18.757849011089,-2.34500625601741,39.5351461431104));
#2258=CARTESIAN_POINT('Ctrl Pts',(-18.3153107758699,-4.69093429399919,39.5848948789321));
#2259=CARTESIAN_POINT('Ctrl Pts',(-17.4561444844057,-6.87304703411888,39.6346436147538));
#2260=CARTESIAN_POINT('Ctrl Pts',(-16.4045201386147,-9.54396523187503,39.6955363456282));
#2261=CARTESIAN_POINT('Ctrl Pts',(-14.7287079340168,-11.9694570391621,39.7564290765025));
#2262=CARTESIAN_POINT('Ctrl Pts',(-12.6024670910671,-13.8973421283633,39.8173218073769));
#2263=CARTESIAN_POINT('Ctrl Pts',(-10.4762262481176,-15.8252272175645,39.8782145382513));
#2264=CARTESIAN_POINT('Ctrl Pts',(-7.89955676681631,-17.25550558868,39.9391072691256));
#2265=CARTESIAN_POINT('Ctrl Pts',(-5.13842358202141,-18.0418905748324,40.));
#2266=CARTESIAN_POINT('',(5.13842358202151,-18.0418905748324,40.));
#2267=CARTESIAN_POINT('Origin',(0.,0.,40.));
#2268=CARTESIAN_POINT('Ctrl Pts',(5.13880002749683,-18.0429139444091,40.0000000000001));
#2269=CARTESIAN_POINT('Ctrl Pts',(2.47657204732725,-18.800360379428,39.9412819972776));
#2270=CARTESIAN_POINT('Ctrl Pts',(-0.35619096611503,-18.960232909177,39.8825639945552));
#2271=CARTESIAN_POINT('Ctrl Pts',(-3.08634740693716,-18.5048888813007,39.8238459918328));
#2272=CARTESIAN_POINT('Ctrl Pts',(-5.91762016295656,-18.0326803582044,39.7629532609584));
#2273=CARTESIAN_POINT('Ctrl Pts',(-8.63854515572985,-16.8988400379207,39.7020605300841));
#2274=CARTESIAN_POINT('Ctrl Pts',(-10.9673516570837,-15.2208164599983,39.6411677992097));
#2275=CARTESIAN_POINT('Ctrl Pts',(-13.2961581584375,-13.5427928820759,39.5802750683353));
#2276=CARTESIAN_POINT('Ctrl Pts',(-15.2328461683718,-11.320586046515,39.5193823374609));
#2277=CARTESIAN_POINT('Ctrl Pts',(-16.5768568958595,-8.78430578269901,39.4584896065866));
#2278=CARTESIAN_POINT('Ctrl Pts',(-17.9208676233472,-6.24802551888304,39.3975968757122));
#2279=CARTESIAN_POINT('Ctrl Pts',(-18.6722010683883,-3.39767182681206,39.3367041448379));
#2280=CARTESIAN_POINT('Ctrl Pts',(-18.7530514105484,-0.528428002301841,
39.2758114139635));
#2281=CARTESIAN_POINT('Ctrl Pts',(-18.7580122491729,-0.35237611176846,39.2720751402113));
#2282=CARTESIAN_POINT('Ctrl Pts',(-18.7604488264772,-0.176253102916905,
39.2683388664591));
#2283=CARTESIAN_POINT('Ctrl Pts',(-18.760375247725,-0.000128065201946088,
39.2646025927069));
#2284=CARTESIAN_POINT('Origin',(0.,0.,-5.52082767783593));
#2285=CARTESIAN_POINT('',(-20.3514610249517,4.57509993104939E-6,37.9053243644804));
#2286=CARTESIAN_POINT('',(-20.353812071933,-0.000139079057093234,38.3446756355534));
#2287=CARTESIAN_POINT('',(-20.3527,-1.81765283982668E-12,-5.52082767783593));
#2288=CARTESIAN_POINT('',(10.6745985510555,17.3287432627023,40.));
#2289=CARTESIAN_POINT('Ctrl Pts',(-20.353812071933,-0.000139079057093235,
38.3446756355534));
#2290=CARTESIAN_POINT('Ctrl Pts',(-20.3538920514885,-0.191424860934205,
38.348415845833));
#2291=CARTESIAN_POINT('Ctrl Pts',(-20.3512429461412,-0.382708435123617,
38.3521560561126));
#2292=CARTESIAN_POINT('Ctrl Pts',(-20.3458494063888,-0.573914606336203,
38.3558962663922));
#2293=CARTESIAN_POINT('Ctrl Pts',(-20.2580395400843,-3.68685881395457,38.4167889972666));
#2294=CARTESIAN_POINT('Ctrl Pts',(-19.4427988176566,-6.7792868403189,38.4776817281409));
#2295=CARTESIAN_POINT('Ctrl Pts',(-17.984551104306,-9.5309461147887,38.5385744590153));
#2296=CARTESIAN_POINT('Ctrl Pts',(-16.5263033909554,-12.2826053892585,38.5994671898897));
#2297=CARTESIAN_POINT('Ctrl Pts',(-14.4250486866818,-14.6934959118339,38.660359920764));
#2298=CARTESIAN_POINT('Ctrl Pts',(-11.898387916328,-16.513969631353,38.7212526516384));
#2299=CARTESIAN_POINT('Ctrl Pts',(-9.37172714597406,-18.334443350872,38.7821453825128));
#2300=CARTESIAN_POINT('Ctrl Pts',(-6.41966030954001,-19.5645002673347,38.8430381133871));
#2301=CARTESIAN_POINT('Ctrl Pts',(-3.34789448351086,-20.076725268953,38.9039308442615));
#2302=CARTESIAN_POINT('Ctrl Pts',(-0.276128657481804,-20.5889502705713,
38.9648235751358));
#2303=CARTESIAN_POINT('Ctrl Pts',(2.91533615814228,-20.3833433573451,39.0257163060102));
#2304=CARTESIAN_POINT('Ctrl Pts',(5.89599818509558,-19.4812620171865,39.0866090368846));
#2305=CARTESIAN_POINT('Ctrl Pts',(8.87666021204897,-18.5791806770278,39.1475017677589));
#2306=CARTESIAN_POINT('Ctrl Pts',(11.6465194503315,-16.9806249099367,39.2083944986333));
#2307=CARTESIAN_POINT('Ctrl Pts',(13.9187408813817,-14.8510098829286,39.2692872295076));
#2308=CARTESIAN_POINT('Ctrl Pts',(16.1909623124319,-12.7213948559206,39.330179960382));
#2309=CARTESIAN_POINT('Ctrl Pts',(17.9655459362497,-10.0607205689955,39.3910726912564));
#2310=CARTESIAN_POINT('Ctrl Pts',(19.0587120394985,-7.14476735346159,39.4519654221307));
#2311=CARTESIAN_POINT('Ctrl Pts',(20.1518781427473,-4.22881413792768,39.5128581530051));
#2312=CARTESIAN_POINT('Ctrl Pts',(20.5636267254271,-1.05758199378476,39.5737508838795));
#2313=CARTESIAN_POINT('Ctrl Pts',(20.2513380609055,2.04102106305864,39.6346436147538));
#2314=CARTESIAN_POINT('Ctrl Pts',(19.9390493963838,5.13962411990213,39.6955363456282));
#2315=CARTESIAN_POINT('Ctrl Pts',(18.9027234846607,8.16559808944601,39.7564290765026));
#2316=CARTESIAN_POINT('Ctrl Pts',(17.2496090311074,10.8044674015982,39.8173218073769));
#2317=CARTESIAN_POINT('Ctrl Pts',(15.5964945775541,13.4433367137503,39.8782145382513));
#2318=CARTESIAN_POINT('Ctrl Pts',(13.3265915821707,15.6951013685107,39.9391072691256));
#2319=CARTESIAN_POINT('Ctrl Pts',(10.6745985510082,17.328743262707,40.));
#2320=CARTESIAN_POINT('',(-10.6745985510551,17.3287432627026,40.));
#2321=CARTESIAN_POINT('Origin',(0.,0.,40.));
#2322=CARTESIAN_POINT('Ctrl Pts',(-10.6752928039917,17.3297013391824,39.9999999999983));
#2323=CARTESIAN_POINT('Ctrl Pts',(-8.11806898671375,18.9040214795284,39.9412819972759));
#2324=CARTESIAN_POINT('Ctrl Pts',(-5.2069287313376,19.9044888496412,39.8825639945535));
#2325=CARTESIAN_POINT('Ctrl Pts',(-2.22191554732971,20.2323104458995,39.8238459918311));
#2326=CARTESIAN_POINT('Ctrl Pts',(0.873653035434669,20.572273511914,39.7629532609567));
#2327=CARTESIAN_POINT('Ctrl Pts',(4.04866791711334,20.188842796162,39.7020605300823));
#2328=CARTESIAN_POINT('Ctrl Pts',(6.97432492749031,19.1217578525546,39.641167799208));
#2329=CARTESIAN_POINT('Ctrl Pts',(9.89998193786728,18.0546729089472,39.5802750683336));
#2330=CARTESIAN_POINT('Ctrl Pts',(12.5762810769425,16.3039337374844,39.5193823374592));
#2331=CARTESIAN_POINT('Ctrl Pts',(14.7260760785184,14.0508255015693,39.4584896065849));
#2332=CARTESIAN_POINT('Ctrl Pts',(16.8758710800941,11.7977172656544,39.3975968757105));
#2333=CARTESIAN_POINT('Ctrl Pts',(18.4991619441705,9.04223996528733,39.3367041448362));
#2334=CARTESIAN_POINT('Ctrl Pts',(19.4278428448018,6.06975211830255,39.2758114139618));
#2335=CARTESIAN_POINT('Ctrl Pts',(20.3565237454332,3.09726427131759,39.2149186830875));
#2336=CARTESIAN_POINT('Ctrl Pts',(20.5905946826194,-0.0922341222851142,
39.1540259522131));
#2337=CARTESIAN_POINT('Ctrl Pts',(20.1058169944552,-3.1684515259553,39.0931332213387));
#2338=CARTESIAN_POINT('Ctrl Pts',(19.621039306291,-6.2446689296254,39.0322404904644));
#2339=CARTESIAN_POINT('Ctrl Pts',(18.4174129927764,-9.20760534336299,38.97134775959));
#2340=CARTESIAN_POINT('Ctrl Pts',(16.6195818275673,-11.7504246666743,38.9104550287156));
#2341=CARTESIAN_POINT('Ctrl Pts',(14.8217506623582,-14.2932439899857,38.8495622978413));
#2342=CARTESIAN_POINT('Ctrl Pts',(12.4297146454545,-16.4159462228707,38.7886695669669));
#2343=CARTESIAN_POINT('Ctrl Pts',(9.69118695738373,-17.8987111409336,38.7277768360926));
#2344=CARTESIAN_POINT('Ctrl Pts',(6.95265926931299,-19.3814760589964,38.6668841052182));
#2345=CARTESIAN_POINT('Ctrl Pts',(3.86763991007521,-20.224303662237,38.6059913743438));
#2346=CARTESIAN_POINT('Ctrl Pts',(0.755605133664027,-20.3399123630884,38.5450986434695));
#2347=CARTESIAN_POINT('Ctrl Pts',(-2.35642964274715,-20.4555210639399,38.4842059125951));
#2348=CARTESIAN_POINT('Ctrl Pts',(-5.49547983633172,-19.8439108624022,38.4233131817208));
#2349=CARTESIAN_POINT('Ctrl Pts',(-8.33647368333329,-18.568418789116,38.3624204508464));
#2350=CARTESIAN_POINT('Ctrl Pts',(-11.1774675303349,-17.2929267158297,38.301527719972));
#2351=CARTESIAN_POINT('Ctrl Pts',(-13.7204050307534,-15.353552770795,38.2406349890976));
#2352=CARTESIAN_POINT('Ctrl Pts',(-15.7019463684947,-12.9511332171474,38.1797422582233));
#2353=CARTESIAN_POINT('Ctrl Pts',(-17.6834877062359,-10.5487136634998,38.1188495273489));
#2354=CARTESIAN_POINT('Ctrl Pts',(-19.1036328812998,-7.68324850123948,38.0579567964746));
#2355=CARTESIAN_POINT('Ctrl Pts',(-19.815315434468,-4.65147773735916,37.9970640656002));
#2356=CARTESIAN_POINT('Ctrl Pts',(-20.1727173979072,-3.12894382264599,37.9664841652264));
#2357=CARTESIAN_POINT('Ctrl Pts',(-20.3514466731483,-1.56446800727994,37.9359042648526));
#2358=CARTESIAN_POINT('Ctrl Pts',(-20.3514610249489,4.57509993009799E-6,
37.9053243644788));
#2359=CARTESIAN_POINT('Origin',(0.,0.,-5.52082767783593));
#2360=CARTESIAN_POINT('',(-20.3530168310541,-0.000343258826354708,35.4053243646053));
#2361=CARTESIAN_POINT('',(-20.3525274951317,0.000345568043030556,35.8446756354974));
#2362=CARTESIAN_POINT('',(-20.3527,-1.81765283982668E-12,-5.52082767783593));
#2363=CARTESIAN_POINT('Ctrl Pts',(-20.3525274951317,0.000345568043030557,
35.8446756354974));
#2364=CARTESIAN_POINT('Ctrl Pts',(-20.3507185216575,-2.32545457239713,35.8901436777623));
#2365=CARTESIAN_POINT('Ctrl Pts',(-19.9511985740534,-4.65186063009306,35.9356117200272));
#2366=CARTESIAN_POINT('Ctrl Pts',(-19.169549857446,-6.84188034745219,35.9810797622921));
#2367=CARTESIAN_POINT('Ctrl Pts',(-18.1227327400217,-9.77484764966764,36.0419724931665));
#2368=CARTESIAN_POINT('Ctrl Pts',(-16.3905408290297,-12.4631964687009,36.1028652240408));
#2369=CARTESIAN_POINT('Ctrl Pts',(-14.1523559077187,-14.6285267685211,36.1637579549152));
#2370=CARTESIAN_POINT('Ctrl Pts',(-11.9141709864077,-16.7938570683412,36.2246506857896));
#2371=CARTESIAN_POINT('Ctrl Pts',(-9.1699930547775,-18.4361688489484,36.2855434166639));
#2372=CARTESIAN_POINT('Ctrl Pts',(-6.20400157613364,-19.385389584536,36.3464361475383));
#2373=CARTESIAN_POINT('Ctrl Pts',(-3.23801009748959,-20.3346103201237,36.4073288784126));
#2374=CARTESIAN_POINT('Ctrl Pts',(-0.0502050718318853,-20.5907400106921,
36.468221609287));
#2375=CARTESIAN_POINT('Ctrl Pts',(3.02929273049105,-20.1272540792681,36.5291143401614));
#2376=CARTESIAN_POINT('Ctrl Pts',(6.1087905328139,-19.6637681478442,36.5900070710357));
#2377=CARTESIAN_POINT('Ctrl Pts',(9.0799811118017,-18.480666594428,36.6508998019101));
#2378=CARTESIAN_POINT('Ctrl Pts',(11.6351759531978,-16.7004685021856,36.7117925327845));
#2379=CARTESIAN_POINT('Ctrl Pts',(14.1903707945939,-14.9202704099432,36.7726852636588));
#2380=CARTESIAN_POINT('Ctrl Pts',(16.3295698983984,-12.5429757788745,36.8335779945332));
#2381=CARTESIAN_POINT('Ctrl Pts',(17.8312434507692,-9.81477081704463,36.8944707254075));
#2382=CARTESIAN_POINT('Ctrl Pts',(19.33291700314,-7.08656585521483,36.9553634562819));
#2383=CARTESIAN_POINT('Ctrl Pts',(20.1970650040772,-4.00745056262385,37.0162561871563));
#2384=CARTESIAN_POINT('Ctrl Pts',(20.3341986074429,-0.896289951968903,37.0771489180306));
#2385=CARTESIAN_POINT('Ctrl Pts',(20.4713322108085,2.21487065868605,37.138041648905));
#2386=CARTESIAN_POINT('Ctrl Pts',(19.8814514166026,5.35807658740496,37.1989343797794));
#2387=CARTESIAN_POINT('Ctrl Pts',(18.6256426973948,8.20782573289092,37.2598271106537));
#2388=CARTESIAN_POINT('Ctrl Pts',(17.3698339781869,11.057574878377,37.3207198415281));
#2389=CARTESIAN_POINT('Ctrl Pts',(15.448097333977,13.6138672406301,37.3816125724024));
#2390=CARTESIAN_POINT('Ctrl Pts',(13.059442713095,15.6119801301498,37.4425053032768));
#2391=CARTESIAN_POINT('Ctrl Pts',(10.670788092213,17.6100930196695,37.5033980341512));
#2392=CARTESIAN_POINT('Ctrl Pts',(7.81521549465881,19.0500264364558,37.5642907650255));
#2393=CARTESIAN_POINT('Ctrl Pts',(4.78844041202853,19.7826643881851,37.6251834958999));
#2394=CARTESIAN_POINT('Ctrl Pts',(1.76166532939824,20.5153023399144,37.6860762267742));
#2395=CARTESIAN_POINT('Ctrl Pts',(-1.43631223830816,20.5406448265866,37.7469689576486));
#2396=CARTESIAN_POINT('Ctrl Pts',(-4.47431821508013,19.8560680742744,37.807861688523));
#2397=CARTESIAN_POINT('Ctrl Pts',(-7.5123241918522,19.1714913219622,37.8687544193973));
#2398=CARTESIAN_POINT('Ctrl Pts',(-10.3903585776899,17.7769953306657,37.9296471502717));
#2399=CARTESIAN_POINT('Ctrl Pts',(-12.8103798255301,15.8169891749603,37.990539881146));
#2400=CARTESIAN_POINT('Ctrl Pts',(-15.2304010733702,13.8569830192552,38.0514326120204));
#2401=CARTESIAN_POINT('Ctrl Pts',(-17.192409183213,11.3314666991413,38.1123253428948));
#2402=CARTESIAN_POINT('Ctrl Pts',(-18.4932237330438,8.50197834464823,38.1732180737691));
#2403=CARTESIAN_POINT('Ctrl Pts',(-19.7141384347109,5.84628547078999,38.2303705943639));
#2404=CARTESIAN_POINT('Ctrl Pts',(-20.3525899392591,2.92281545316153,38.2875231149587));
#2405=CARTESIAN_POINT('Ctrl Pts',(-20.353812071933,-0.000139079057093234,
38.3446756355534));
#2406=CARTESIAN_POINT('Ctrl Pts',(-20.3514610249517,4.57509993104939E-6,
37.9053243644804));
#2407=CARTESIAN_POINT('Ctrl Pts',(-20.3514752514107,1.55081382015017,37.8750115339799));
#2408=CARTESIAN_POINT('Ctrl Pts',(-20.1758825403217,3.10161988843827,37.8446987034793));
#2409=CARTESIAN_POINT('Ctrl Pts',(-19.8246417533916,4.6115670610352,37.8143858729788));
#2410=CARTESIAN_POINT('Ctrl Pts',(-19.1190655878717,7.64476473004881,37.7534931421044));
#2411=CARTESIAN_POINT('Ctrl Pts',(-17.7046933255592,10.5130837025752,37.6926004112301));
#2412=CARTESIAN_POINT('Ctrl Pts',(-15.727993665435,12.9194885791893,37.6317076803557));
#2413=CARTESIAN_POINT('Ctrl Pts',(-13.7512940053109,15.3258934558032,37.5708149494813));
#2414=CARTESIAN_POINT('Ctrl Pts',(-11.2122669473752,17.2703842365049,37.509922218607));
#2415=CARTESIAN_POINT('Ctrl Pts',(-8.37384724221066,18.5515944269075,37.4490294877326));
#2416=CARTESIAN_POINT('Ctrl Pts',(-5.53542753704596,19.8328046173102,37.3881367568582));
#2417=CARTESIAN_POINT('Ctrl Pts',(-2.39761518465244,20.4507342174136,37.3272440259839));
#2418=CARTESIAN_POINT('Ctrl Pts',(0.714646034570974,20.3413924843643,37.2663512951095));
#2419=CARTESIAN_POINT('Ctrl Pts',(3.8269072537942,20.232050751315,37.2054585642351));
#2420=CARTESIAN_POINT('Ctrl Pts',(6.91361733984734,19.395437685113,37.1445658333608));
#2421=CARTESIAN_POINT('Ctrl Pts',(9.65512534272026,17.9181899185773,37.0836731024864));
#2422=CARTESIAN_POINT('Ctrl Pts',(12.3966333455934,16.4409421520415,37.0227803716121));
#2423=CARTESIAN_POINT('Ctrl Pts',(14.7929392652862,14.3230596851719,36.9618876407377));
#2424=CARTESIAN_POINT('Ctrl Pts',(16.5958869846802,11.7838663366485,36.9009949098633));
#2425=CARTESIAN_POINT('Ctrl Pts',(18.3988347040741,9.24467298812525,36.840102178989));
#2426=CARTESIAN_POINT('Ctrl Pts',(19.6084242231693,6.28416875794821,36.7792094481146));
#2427=CARTESIAN_POINT('Ctrl Pts',(20.0993957027785,3.20893259620682,36.7183167172402));
#2428=CARTESIAN_POINT('Ctrl Pts',(20.5903671823877,0.133696434465413,36.6574239863659));
#2429=CARTESIAN_POINT('Ctrl Pts',(20.3627206225109,-3.05627165884033,36.5965312554915));
#2430=CARTESIAN_POINT('Ctrl Pts',(19.4400265433929,-6.03062125094958,36.5356385246172));
#2431=CARTESIAN_POINT('Ctrl Pts',(18.5173324642749,-9.00497084305883,36.4747457937428));
#2432=CARTESIAN_POINT('Ctrl Pts',(16.8995908659156,-11.7637019339716,36.4138530628684));
#2433=CARTESIAN_POINT('Ctrl Pts',(14.7543384413429,-14.0211389674722,36.3529603319941));
#2434=CARTESIAN_POINT('Ctrl Pts',(12.6090860167701,-16.2785760009727,36.2920676011197));
#2435=CARTESIAN_POINT('Ctrl Pts',(9.93632276598388,-18.0347189770612,36.2311748702454));
#2436=CARTESIAN_POINT('Ctrl Pts',(7.01281804146968,-19.1076844551534,36.170282139371));
#2437=CARTESIAN_POINT('Ctrl Pts',(4.08931331695558,-20.1806499332456,36.1093894084966));
#2438=CARTESIAN_POINT('Ctrl Pts',(0.915067118713234,-20.5704379133416,36.0484966776223));
#2439=CARTESIAN_POINT('Ctrl Pts',(-2.18117511711748,-20.2367256014916,35.9876039467479));
#2440=CARTESIAN_POINT('Ctrl Pts',(-5.27741735294838,-19.9030132896414,35.9267112158735));
#2441=CARTESIAN_POINT('Ctrl Pts',(-8.29565562636763,-18.8458006858453,35.8658184849992));
#2442=CARTESIAN_POINT('Ctrl Pts',(-10.9233854143047,-17.1744871473978,35.8049257541248));
#2443=CARTESIAN_POINT('Ctrl Pts',(-13.5511152022417,-15.5031736089503,35.7440330232505));
#2444=CARTESIAN_POINT('Ctrl Pts',(-15.7883365046962,-13.2177591358516,35.6831402923761));
#2445=CARTESIAN_POINT('Ctrl Pts',(-17.4032593819098,-10.5550761191121,35.6222475615017));
#2446=CARTESIAN_POINT('Ctrl Pts',(-19.0181822591234,-7.89239310237241,35.5613548306274));
#2447=CARTESIAN_POINT('Ctrl Pts',(-20.010806711096,-4.85244154199215,35.500462099753));
#2448=CARTESIAN_POINT('Ctrl Pts',(-20.2785524018018,-1.7497159705318,35.4395693688787));
#2449=CARTESIAN_POINT('Ctrl Pts',(-20.3287442292484,-1.16807648238099,35.4281543674542));
#2450=CARTESIAN_POINT('Ctrl Pts',(-20.3534626861865,-0.584231017550792,
35.4167393660298));
#2451=CARTESIAN_POINT('Ctrl Pts',(-20.3530168310541,-0.000343258826354708,
35.4053243646053));
#2452=CARTESIAN_POINT('Origin',(0.,0.,-5.52082767783593));
#2453=CARTESIAN_POINT('',(-20.3516677182074,0.000323263430162431,32.9053243647267));
#2454=CARTESIAN_POINT('',(-20.3533883759704,-0.00011879582121849,33.344675635402));
#2455=CARTESIAN_POINT('',(-20.3527,-1.81765283982668E-12,-5.52082767783593));
#2456=CARTESIAN_POINT('Ctrl Pts',(-20.3533883759704,-0.00011879582121849,
33.344675635402));
#2457=CARTESIAN_POINT('Ctrl Pts',(-20.3531080604047,-2.72978029410332,33.3980422147352));
#2458=CARTESIAN_POINT('Ctrl Pts',(-19.7967342269372,-5.45904939685672,33.4514087940683));
#2459=CARTESIAN_POINT('Ctrl Pts',(-18.7279079901682,-7.97043331325276,33.5047753734014));
#2460=CARTESIAN_POINT('Ctrl Pts',(-17.643854608606,-10.5175959233326,33.5589022452897));
#2461=CARTESIAN_POINT('Ctrl Pts',(-16.0326433999159,-12.840620875625,33.613029117178));
#2462=CARTESIAN_POINT('Ctrl Pts',(-14.0265994646136,-14.748517642596,33.6671559890663));
#2463=CARTESIAN_POINT('Ctrl Pts',(-12.0205555293113,-16.656414409567,33.7212828609547));
#2464=CARTESIAN_POINT('Ctrl Pts',(-9.61967886739664,-18.1491829912166,33.775409732843));
#2465=CARTESIAN_POINT('Ctrl Pts',(-7.0213100736453,-19.1040909590414,33.8295366047313));
#2466=CARTESIAN_POINT('Ctrl Pts',(-4.42294127989413,-20.0589989268661,33.8836634766197));
#2467=CARTESIAN_POINT('Ctrl Pts',(-1.62708035430603,-20.4760462808662,33.937790348508));
#2468=CARTESIAN_POINT('Ctrl Pts',(1.13706057899076,-20.3215381461164,33.9919172203963));
#2469=CARTESIAN_POINT('Ctrl Pts',(3.90120151228775,-20.1670300113665,34.0460440922846));
#2470=CARTESIAN_POINT('Ctrl Pts',(6.63362245329343,-19.4409663878667,34.1001709641729));
#2471=CARTESIAN_POINT('Ctrl Pts',(9.10898768413278,-18.2016599270899,34.1542978360613));
#2472=CARTESIAN_POINT('Ctrl Pts',(11.893773568827,-16.807440158716,34.2151905669356));
#2473=CARTESIAN_POINT('Ctrl Pts',(14.3532233203418,-14.7636474244135,34.27608329781));
#2474=CARTESIAN_POINT('Ctrl Pts',(16.2321567172128,-12.2802901118964,34.3369760286843));
#2475=CARTESIAN_POINT('Ctrl Pts',(18.1110901140838,-9.79693279937923,34.3978687595587));
#2476=CARTESIAN_POINT('Ctrl Pts',(19.409507156311,-6.87401090864753,34.4587614904331));
#2477=CARTESIAN_POINT('Ctrl Pts',(19.9931843492531,-3.81494003722194,34.5196542213074));
#2478=CARTESIAN_POINT('Ctrl Pts',(20.5768615421951,-0.755869165796357,34.5805469521818));
#2479=CARTESIAN_POINT('Ctrl Pts',(20.4457988858521,2.43935068632313,34.6414396830561));
#2480=CARTESIAN_POINT('Ctrl Pts',(19.6134488490075,5.44019222853752,34.7023324139305));
#2481=CARTESIAN_POINT('Ctrl Pts',(18.781098812163,8.4410337707519,34.7632251448049));
#2482=CARTESIAN_POINT('Ctrl Pts',(17.2474613948168,11.2474970030612,34.8241178756792));
#2483=CARTESIAN_POINT('Ctrl Pts',(15.1714176524522,13.568767188685,34.8850106065536));
#2484=CARTESIAN_POINT('Ctrl Pts',(13.0953739100875,15.8900373743088,34.9459033374279));
#2485=CARTESIAN_POINT('Ctrl Pts',(10.4769238427043,17.7261145132471,35.0067960683023));
#2486=CARTESIAN_POINT('Ctrl Pts',(7.58719543018575,18.8869544860237,35.0676887991767));
#2487=CARTESIAN_POINT('Ctrl Pts',(4.69746701766711,20.0477944588003,35.1285815300511));
#2488=CARTESIAN_POINT('Ctrl Pts',(1.53646026001312,20.5333972654151,35.1894742609254));
#2489=CARTESIAN_POINT('Ctrl Pts',(-1.56846302894229,20.2934261475904,35.2503669917998));
#2490=CARTESIAN_POINT('Ctrl Pts',(-4.67338631789752,20.0534550297657,35.3112597226741));
#2491=CARTESIAN_POINT('Ctrl Pts',(-7.72222613815416,19.0879099875016,35.3721524535485));
#2492=CARTESIAN_POINT('Ctrl Pts',(-10.3992611753787,17.4968055613958,35.4330451844229));
#2493=CARTESIAN_POINT('Ctrl Pts',(-13.0762962126033,15.90570113529,35.4939379152972));
#2494=CARTESIAN_POINT('Ctrl Pts',(-15.3815264667957,13.6890373253424,35.5548306461716));
#2495=CARTESIAN_POINT('Ctrl Pts',(-17.0762240774911,11.0763529220626,35.6157233770459));
#2496=CARTESIAN_POINT('Ctrl Pts',(-18.7709216881866,8.46366851878273,35.6766161079203));
#2497=CARTESIAN_POINT('Ctrl Pts',(-19.8550866553851,5.45496352217062,35.7375088387947));
#2498=CARTESIAN_POINT('Ctrl Pts',(-20.216447977056,2.36181813116575,35.798401569669));
#2499=CARTESIAN_POINT('Ctrl Pts',(-20.3079841223765,1.57829596365949,35.8138262582785));
#2500=CARTESIAN_POINT('Ctrl Pts',(-20.3531411756675,0.789355631971771,35.829250946888));
#2501=CARTESIAN_POINT('Ctrl Pts',(-20.3525274951317,0.000345568043030556,
35.8446756354974));
#2502=CARTESIAN_POINT('Ctrl Pts',(-20.3530168310541,-0.000343258826354707,
35.4053243646053));
#2503=CARTESIAN_POINT('Ctrl Pts',(-20.3510842951924,2.53048783624741,35.3558466351554));
#2504=CARTESIAN_POINT('Ctrl Pts',(-19.8763787819476,5.06211352528329,35.3063689057055));
#2505=CARTESIAN_POINT('Ctrl Pts',(-18.9540679015655,7.41833824677279,35.2568911762556));
#2506=CARTESIAN_POINT('Ctrl Pts',(-17.8189707811842,10.318167310077,35.1959984453812));
#2507=CARTESIAN_POINT('Ctrl Pts',(-16.0059096109825,12.9523258541454,35.1351057145068));
#2508=CARTESIAN_POINT('Ctrl Pts',(-13.7035532138689,15.0494753959636,35.0742129836325));
#2509=CARTESIAN_POINT('Ctrl Pts',(-11.6570141942123,16.9136083220242,35.0200861117442));
#2510=CARTESIAN_POINT('Ctrl Pts',(-9.22387153847714,18.3534378388996,34.9659592398558));
#2511=CARTESIAN_POINT('Ctrl Pts',(-6.60520409636043,19.2517300409559,34.9118323679675));
#2512=CARTESIAN_POINT('Ctrl Pts',(-3.98653665424372,20.1500222430122,34.8577054960792));
#2513=CARTESIAN_POINT('Ctrl Pts',(-1.18234442574545,20.5067771302494,34.8035786241909));
#2514=CARTESIAN_POINT('Ctrl Pts',(1.57761146457507,20.2922701115776,34.7494517523025));
#2515=CARTESIAN_POINT('Ctrl Pts',(4.33756735489562,20.0777630929058,34.6953248804142));
#2516=CARTESIAN_POINT('Ctrl Pts',(7.05328690703841,19.2919941683248,34.6411980085259));
#2517=CARTESIAN_POINT('Ctrl Pts',(9.50154215593352,17.9995822959342,34.5870711366376));
#2518=CARTESIAN_POINT('Ctrl Pts',(11.9497974048286,16.7071704235436,34.5329442647493));
#2519=CARTESIAN_POINT('Ctrl Pts',(14.130588350476,14.9081156033434,34.4788173928609));
#2520=CARTESIAN_POINT('Ctrl Pts',(15.8647549255585,12.7503679969978,34.4246905209726));
#2521=CARTESIAN_POINT('Ctrl Pts',(17.5989215006411,10.5926203906522,34.3705636490843));
#2522=CARTESIAN_POINT('Ctrl Pts',(18.8864637051588,8.07617999816135,34.316436777196));
#2523=CARTESIAN_POINT('Ctrl Pts',(19.6220210999926,5.40711869074379,34.2623099053077));
#2524=CARTESIAN_POINT('Ctrl Pts',(20.3575784948265,2.73805738332626,34.2081830334193));
#2525=CARTESIAN_POINT('Ctrl Pts',(20.5411510799765,-0.0836248390179367,
34.154056161531));
#2526=CARTESIAN_POINT('Ctrl Pts',(20.1568039486353,-2.82484877523637,34.0999292896427));
#2527=CARTESIAN_POINT('Ctrl Pts',(19.772456817294,-5.5660727114548,34.0458024177544));
#2528=CARTESIAN_POINT('Ctrl Pts',(18.8201899694616,-8.22683836154752,33.9916755458661));
#2529=CARTESIAN_POINT('Ctrl Pts',(17.3797759526921,-10.5914291951452,33.9375486739777));
#2530=CARTESIAN_POINT('Ctrl Pts',(15.9393619359226,-12.9560200287428,33.8834218020894));
#2531=CARTESIAN_POINT('Ctrl Pts',(14.0108007502161,-15.0244360458454,33.8292949302011));
#2532=CARTESIAN_POINT('Ctrl Pts',(11.7498293826806,-16.6211828145177,33.7751680583128));
#2533=CARTESIAN_POINT('Ctrl Pts',(8.73520089263325,-18.7501785060809,33.702998895795));
#2534=CARTESIAN_POINT('Ctrl Pts',(5.12962096822334,-20.0406510893236,33.6308297332772));
#2535=CARTESIAN_POINT('Ctrl Pts',(1.44884847538833,-20.3036895961488,33.5586605707595));
#2536=CARTESIAN_POINT('Ctrl Pts',(-2.23192401744679,-20.5667281029741,33.4864914082417));
#2537=CARTESIAN_POINT('Ctrl Pts',(-5.98788907870701,-19.8023325333818,33.414322245724));
#2538=CARTESIAN_POINT('Ctrl Pts',(-9.27253059057416,-18.1211374541188,33.3421530832062));
#2539=CARTESIAN_POINT('Ctrl Pts',(-12.5571721024412,-16.4399423748558,33.2699839206884));
#2540=CARTESIAN_POINT('Ctrl Pts',(-15.3704900649154,-13.841947785922,33.1978147581706));
#2541=CARTESIAN_POINT('Ctrl Pts',(-17.3127977973564,-10.7037129639645,33.1256455956529));
#2542=CARTESIAN_POINT('Ctrl Pts',(-18.7695285966872,-8.35003684749647,33.0715187237646));
#2543=CARTESIAN_POINT('Ctrl Pts',(-19.7363161416244,-5.69247559995258,33.0173918518763));
#2544=CARTESIAN_POINT('Ctrl Pts',(-20.137592271749,-2.95300601953725,32.9632649799879));
#2545=CARTESIAN_POINT('Ctrl Pts',(-20.2807755314863,-1.97550909154059,32.9439514415675));
#2546=CARTESIAN_POINT('Ctrl Pts',(-20.3519576776445,-0.987583565599614,
32.9246379031471));
#2547=CARTESIAN_POINT('Ctrl Pts',(-20.3516677182074,0.000323263430162431,
32.9053243647267));
#2548=CARTESIAN_POINT('Origin',(0.,0.,-5.52082767783593));
#2549=CARTESIAN_POINT('',(-20.3541684847201,-0.00153011568439214,30.4053243647476));
#2550=CARTESIAN_POINT('',(-20.3508633254645,-0.00054647404154377,30.8446756353327));
#2551=CARTESIAN_POINT('',(-20.3527,-1.81765283982668E-12,-5.52082767783593));
#2552=CARTESIAN_POINT('Ctrl Pts',(-20.3508633254645,-0.00054647404154377,
30.8446756353327));
#2553=CARTESIAN_POINT('Ctrl Pts',(-20.3521312775773,-1.05798980263376,30.8653455978091));
#2554=CARTESIAN_POINT('Ctrl Pts',(-20.2716561443734,-2.11530463729466,30.8860155602855));
#2555=CARTESIAN_POINT('Ctrl Pts',(-20.1080674808214,-3.15961852781106,30.906685522762));
#2556=CARTESIAN_POINT('Ctrl Pts',(-19.6796901848025,-5.8942845547888,30.9608123946503));
#2557=CARTESIAN_POINT('Ctrl Pts',(-18.6813872280493,-8.53980057633792,31.0149392665386));
#2558=CARTESIAN_POINT('Ctrl Pts',(-17.2009551335526,-10.8794346259636,31.0690661384269));
#2559=CARTESIAN_POINT('Ctrl Pts',(-15.7205230390561,-13.2190686755891,31.1231930103152));
#2560=CARTESIAN_POINT('Ctrl Pts',(-13.7579618068159,-15.2528207532913,31.1773198822036));
#2561=CARTESIAN_POINT('Ctrl Pts',(-11.4715311195787,-16.8131159965637,31.2314467540919));
#2562=CARTESIAN_POINT('Ctrl Pts',(-9.18510043234122,-18.3734112398362,31.2855736259802));
#2563=CARTESIAN_POINT('Ctrl Pts',(-6.57480029010682,-19.460249648679,31.3397004978685));
#2564=CARTESIAN_POINT('Ctrl Pts',(-3.85636525677978,-19.9847105822018,31.3938273697569));
#2565=CARTESIAN_POINT('Ctrl Pts',(-1.13793022345303,-20.5091715157247,31.4479542416452));
#2566=CARTESIAN_POINT('Ctrl Pts',(1.6886397009661,-20.4712549739275,31.5020811135335));
#2567=CARTESIAN_POINT('Ctrl Pts',(4.39163899805042,-19.87399916853,31.5562079854218));
#2568=CARTESIAN_POINT('Ctrl Pts',(7.09463829513484,-19.2767433631325,31.6103348573101));
#2569=CARTESIAN_POINT('Ctrl Pts',(9.67406696488447,-18.1201482941347,31.6644617291985));
#2570=CARTESIAN_POINT('Ctrl Pts',(11.918335414674,-16.4989894643567,31.7185886010868));
#2571=CARTESIAN_POINT('Ctrl Pts',(14.1626038644636,-14.8778306345787,31.7727154729751));
#2572=CARTESIAN_POINT('Ctrl Pts',(16.0717120942931,-12.7921080440203,31.8268423448634));
#2573=CARTESIAN_POINT('Ctrl Pts',(17.4878529762725,-10.4136884412536,31.8809692167518));
#2574=CARTESIAN_POINT('Ctrl Pts',(18.9039938582518,-8.03526883848722,31.9350960886401));
#2575=CARTESIAN_POINT('Ctrl Pts',(19.8271673923812,-5.36415222351267,31.9892229605284));
#2576=CARTESIAN_POINT('Ctrl Pts',(20.1838102449568,-2.61851531089304,32.0433498324167));
#2577=CARTESIAN_POINT('Ctrl Pts',(20.5404530975325,0.127121601726783,32.097476704305));
#2578=CARTESIAN_POINT('Ctrl Pts',(20.3305652685541,2.94727881199169,32.1516035761934));
#2579=CARTESIAN_POINT('Ctrl Pts',(19.5666844800837,5.60779391014737,32.2057304480817));
#2580=CARTESIAN_POINT('Ctrl Pts',(18.5481767621233,9.15514737435492,32.2778996105994));
#2581=CARTESIAN_POINT('Ctrl Pts',(16.5447926717328,12.4186926392573,32.3500687731172));
#2582=CARTESIAN_POINT('Ctrl Pts',(13.8391315039081,14.9276146601228,32.422237935635));
#2583=CARTESIAN_POINT('Ctrl Pts',(11.1334703360835,17.4365366809883,32.4944070981527));
#2584=CARTESIAN_POINT('Ctrl Pts',(7.72553209082462,19.1908354578167,32.5665762606705));
#2585=CARTESIAN_POINT('Ctrl Pts',(4.11135093767329,19.935797028378,32.6387454231883));
#2586=CARTESIAN_POINT('Ctrl Pts',(0.497169784522059,20.6807585989392,32.710914585706));
#2587=CARTESIAN_POINT('Ctrl Pts',(-3.32325427652182,20.4163829632332,32.7830837482237));
#2588=CARTESIAN_POINT('Ctrl Pts',(-6.8022591877483,19.1846616902824,32.8552529107415));
#2589=CARTESIAN_POINT('Ctrl Pts',(-9.41151287116806,18.2608707355693,32.9093797826298));
#2590=CARTESIAN_POINT('Ctrl Pts',(-11.8287182828155,16.7929478599061,32.9635066545182));
#2591=CARTESIAN_POINT('Ctrl Pts',(-13.8563827095587,14.9075702366427,33.0176335264065));
#2592=CARTESIAN_POINT('Ctrl Pts',(-15.884047136302,13.0221926133792,33.0717603982948));
#2593=CARTESIAN_POINT('Ctrl Pts',(-17.522170578141,10.7193602425153,33.1258872701831));
#2594=CARTESIAN_POINT('Ctrl Pts',(-18.6354753758303,8.18507771723504,33.1800141420715));
#2595=CARTESIAN_POINT('Ctrl Pts',(-19.7487801735196,5.65079519195474,33.2341410139598));
#2596=CARTESIAN_POINT('Ctrl Pts',(-20.3372663270593,2.88506251225798,33.2882678858481));
#2597=CARTESIAN_POINT('Ctrl Pts',(-20.353061626612,0.116546038475996,33.3423947577364));
#2598=CARTESIAN_POINT('Ctrl Pts',(-20.3532834951265,0.0776580999982304,
33.3431550502916));
#2599=CARTESIAN_POINT('Ctrl Pts',(-20.3533923695155,0.0387696122670605,
33.3439153428468));
#2600=CARTESIAN_POINT('Ctrl Pts',(-20.3533883759704,-0.000118795821218489,
33.3446756354021));
#2601=CARTESIAN_POINT('Ctrl Pts',(-20.3516677182074,0.000323263430162431,
32.9053243647267));
#2602=CARTESIAN_POINT('Ctrl Pts',(-20.351145056106,1.7810601292285,32.8705110312588));
#2603=CARTESIAN_POINT('Ctrl Pts',(-20.118399998226,3.56173624626985,32.8356976977909));
#2604=CARTESIAN_POINT('Ctrl Pts',(-19.6565307735565,5.28116518112995,32.800884364323));
#2605=CARTESIAN_POINT('Ctrl Pts',(-18.9384284299275,7.95448888809496,32.7467574924347));
#2606=CARTESIAN_POINT('Ctrl Pts',(-17.6664590273575,10.4797583887383,32.6926306205463));
#2607=CARTESIAN_POINT('Ctrl Pts',(-15.9459069822299,12.6487691755006,32.638503748658));
#2608=CARTESIAN_POINT('Ctrl Pts',(-14.2253549371023,14.817779962263,32.5843768767697));
#2609=CARTESIAN_POINT('Ctrl Pts',(-12.0562202494171,16.6305320351444,32.5302500048814));
#2610=CARTESIAN_POINT('Ctrl Pts',(-9.61646727711047,17.9383965642494,32.4761231329931));
#2611=CARTESIAN_POINT('Ctrl Pts',(-7.17671430480398,19.2462610933544,32.4219962611047));
#2612=CARTESIAN_POINT('Ctrl Pts',(-4.46634304787615,20.0492380786829,32.3678693892164));
#2613=CARTESIAN_POINT('Ctrl Pts',(-1.70754637916145,20.2816181499812,32.3137425173281));
#2614=CARTESIAN_POINT('Ctrl Pts',(1.05125028955337,20.5139982212794,32.2596156454398));
#2615=CARTESIAN_POINT('Ctrl Pts',(3.85847237005506,20.1757813785475,32.2054887735514));
#2616=CARTESIAN_POINT('Ctrl Pts',(6.48234316160146,19.2939625124649,32.1513619016631));
#2617=CARTESIAN_POINT('Ctrl Pts',(9.10621395314786,18.4121436463824,32.0972350297748));
#2618=CARTESIAN_POINT('Ctrl Pts',(11.5467334557389,16.9867227569493,32.0431081578865));
#2619=CARTESIAN_POINT('Ctrl Pts',(13.6061546725504,15.1362469302257,31.9889812859982));
#2620=CARTESIAN_POINT('Ctrl Pts',(15.6655758893619,13.2857711035021,31.9348544141098));
#2621=CARTESIAN_POINT('Ctrl Pts',(17.3438988203938,11.010240339488,31.8807275422215));
#2622=CARTESIAN_POINT('Ctrl Pts',(18.4978074212048,8.49418749782858,31.8266006703332));
#2623=CARTESIAN_POINT('Ctrl Pts',(20.0363522222861,5.13945037561606,31.7544315078154));
#2624=CARTESIAN_POINT('Ctrl Pts',(20.6426048807524,1.35711844870084,31.6822623452977));
#2625=CARTESIAN_POINT('Ctrl Pts',(20.2244423672466,-2.30869573213156,31.6100931827799));
#2626=CARTESIAN_POINT('Ctrl Pts',(19.8062798537409,-5.97450991296393,31.5379240202621));
#2627=CARTESIAN_POINT('Ctrl Pts',(18.3637021682631,-9.52380634771349,31.4657548577444));
#2628=CARTESIAN_POINT('Ctrl Pts',(16.1073888812285,-12.4447183803922,31.3935856952266));
#2629=CARTESIAN_POINT('Ctrl Pts',(13.8510755941937,-15.3656304130709,31.3214165327089));
#2630=CARTESIAN_POINT('Ctrl Pts',(10.7810267056021,-17.6581580436788,31.2492473701911));
#2631=CARTESIAN_POINT('Ctrl Pts',(7.33897173066967,-18.9869632681271,31.1770782076733));
#2632=CARTESIAN_POINT('Ctrl Pts',(3.46665988387072,-20.4818691456315,31.0958878998408));
#2633=CARTESIAN_POINT('Ctrl Pts',(-0.876472165953391,-20.7570638528403,
31.0146975920083));
#2634=CARTESIAN_POINT('Ctrl Pts',(-4.90440492129702,-19.7576322913063,30.9335072841759));
#2635=CARTESIAN_POINT('Ctrl Pts',(-8.93233767664066,-18.7582007297722,30.8523169763434));
#2636=CARTESIAN_POINT('Ctrl Pts',(-12.6450711375039,-16.4841428994952,30.7711266685109));
#2637=CARTESIAN_POINT('Ctrl Pts',(-15.367294444453,-13.3507098484446,30.6899363606784));
#2638=CARTESIAN_POINT('Ctrl Pts',(-18.0895177514022,-10.2172767973939,30.608746052846));
#2639=CARTESIAN_POINT('Ctrl Pts',(-19.8212309044372,-6.22446852556968,30.5275557450135));
#2640=CARTESIAN_POINT('Ctrl Pts',(-20.2485198332333,-2.0961803653647,30.446365437181));
#2641=CARTESIAN_POINT('Ctrl Pts',(-20.3205169157459,-1.40057445733549,30.4326850797032));
#2642=CARTESIAN_POINT('Ctrl Pts',(-20.355479593286,-0.701122088194414,30.4190047222254));
#2643=CARTESIAN_POINT('Ctrl Pts',(-20.3541684847201,-0.00153011568439214,
30.4053243647476));
#2644=CARTESIAN_POINT('Origin',(0.,0.,-5.52082767783593));
#2645=CARTESIAN_POINT('',(-20.3489655858604,-0.000902190589712741,27.905324364657));
#2646=CARTESIAN_POINT('',(-20.3546765726769,0.000865470896230957,28.344675635249));
#2647=CARTESIAN_POINT('',(-20.3527,-1.81765283982668E-12,-5.52082767783593));
#2648=CARTESIAN_POINT('Ctrl Pts',(-20.3546765726769,0.000865470896230957,
28.344675635249));
#2649=CARTESIAN_POINT('Ctrl Pts',(-20.3483494788205,-3.53586609037761,28.413839288706));
#2650=CARTESIAN_POINT('Ctrl Pts',(-19.4123703550899,-7.07526984130889,28.483002942163));
#2651=CARTESIAN_POINT('Ctrl Pts',(-17.6510339642861,-10.1408749007467,28.55216659562));
#2652=CARTESIAN_POINT('Ctrl Pts',(-15.5834242210438,-13.7395485686052,28.6333569034524));
#2653=CARTESIAN_POINT('Ctrl Pts',(-12.3784635051493,-16.6853226690771,28.7145472112849));
#2654=CARTESIAN_POINT('Ctrl Pts',(-8.61828644978414,-18.4425420328231,28.7957375191174));
#2655=CARTESIAN_POINT('Ctrl Pts',(-4.85810939441903,-20.1997613965691,28.8769278269499));
#2656=CARTESIAN_POINT('Ctrl Pts',(-0.542715999583289,-20.7684260235892,
28.9581181347824));
#2657=CARTESIAN_POINT('Ctrl Pts',(3.54438315763724,-20.0457624341674,29.0393084426149));
#2658=CARTESIAN_POINT('Ctrl Pts',(7.63148231485778,-19.3230988447457,29.1204987504473));
#2659=CARTESIAN_POINT('Ctrl Pts',(11.4902872344632,-17.309107038882,29.2016890582798));
#2660=CARTESIAN_POINT('Ctrl Pts',(14.4198983346225,-14.3690380266472,29.2828793661123));
#2661=CARTESIAN_POINT('Ctrl Pts',(17.3495094347819,-11.4289690144124,29.3640696739448));
#2662=CARTESIAN_POINT('Ctrl Pts',(19.3499267154952,-7.56282279580669,29.4452599817773));
#2663=CARTESIAN_POINT('Ctrl Pts',(20.0581860847258,-3.47332320578192,29.5264502896097));
#2664=CARTESIAN_POINT('Ctrl Pts',(20.7664454539563,0.616176384242667,29.6076405974422));
#2665=CARTESIAN_POINT('Ctrl Pts',(20.1825469117042,4.92902934568631,29.6888309052747));
#2666=CARTESIAN_POINT('Ctrl Pts',(18.4119676591075,8.68321683446723,29.7700212131072));
#2667=CARTESIAN_POINT('Ctrl Pts',(16.6413884065108,12.4374043232483,29.8512115209397));
#2668=CARTESIAN_POINT('Ctrl Pts',(13.6841284435696,15.6329263393668,29.9324018287722));
#2669=CARTESIAN_POINT('Ctrl Pts',(10.0783273014937,17.6872430665394,30.0135921366046));
#2670=CARTESIAN_POINT('Ctrl Pts',(6.47252615941791,19.741559793712,30.0947824444371));
#2671=CARTESIAN_POINT('Ctrl Pts',(2.21818383820752,20.6546712319386,30.1759727522696));
#2672=CARTESIAN_POINT('Ctrl Pts',(-1.9151088245417,20.2654856846478,30.2571630601021));
#2673=CARTESIAN_POINT('Ctrl Pts',(-3.75212778576348,20.0925143302963,30.293247641361));
#2674=CARTESIAN_POINT('Ctrl Pts',(-5.56523570333875,19.6622991269537,30.3293322226199));
#2675=CARTESIAN_POINT('Ctrl Pts',(-7.28896465584986,19.0007772475744,30.3654168038787));
#2676=CARTESIAN_POINT('Ctrl Pts',(-9.01269360836115,18.339255368195,30.4015013851376));
#2677=CARTESIAN_POINT('Ctrl Pts',(-10.6470435958083,17.4464268127788,30.4375859663965));
#2678=CARTESIAN_POINT('Ctrl Pts',(-12.1285723037676,16.3468913541835,30.4736705476554));
#2679=CARTESIAN_POINT('Ctrl Pts',(-15.0916297196861,14.1478204369928,30.5458397101731));
#2680=CARTESIAN_POINT('Ctrl Pts',(-17.4434020176528,11.1219219070857,30.6180088726909));
#2681=CARTESIAN_POINT('Ctrl Pts',(-18.8403038899429,7.7066175082106,30.6901780352087));
#2682=CARTESIAN_POINT('Ctrl Pts',(-19.8371192394557,5.269490093902,30.74167723525));
#2683=CARTESIAN_POINT('Ctrl Pts',(-20.3477042234789,2.63407299242664,30.7931764352914));
#2684=CARTESIAN_POINT('Ctrl Pts',(-20.3508633254645,-0.000546474041543771,
30.8446756353327));
#2685=CARTESIAN_POINT('Ctrl Pts',(-20.3541684847201,-0.00153011568439214,
30.4053243647475));
#2686=CARTESIAN_POINT('Ctrl Pts',(-20.3476984144508,3.45082260311811,30.3378144143929));
#2687=CARTESIAN_POINT('Ctrl Pts',(-19.4578767989291,6.90657499052201,30.2703044640382));
#2688=CARTESIAN_POINT('Ctrl Pts',(-17.7761103573772,9.92025859996066,30.2027945136835));
#2689=CARTESIAN_POINT('Ctrl Pts',(-15.7535472481677,13.5446413564955,30.121604205851));
#2690=CARTESIAN_POINT('Ctrl Pts',(-12.5855563251917,16.5296388209799,30.0404138980186));
#2691=CARTESIAN_POINT('Ctrl Pts',(-8.84756620321766,18.3335086385477,29.9592235901861));
#2692=CARTESIAN_POINT('Ctrl Pts',(-5.10957608124357,20.1373784561156,29.8780332823536));
#2693=CARTESIAN_POINT('Ctrl Pts',(-0.801586760271449,20.7601206267669,29.7968429745211));
#2694=CARTESIAN_POINT('Ctrl Pts',(3.29418548571591,20.0884986198513,29.7156526666886));
#2695=CARTESIAN_POINT('Ctrl Pts',(7.38995773170328,19.4168766129358,29.6344623588561));
#2696=CARTESIAN_POINT('Ctrl Pts',(11.2735129027059,17.4508904284533,29.5532720510237));
#2697=CARTESIAN_POINT('Ctrl Pts',(14.2395870905476,14.5476091941811,29.4720817431912));
#2698=CARTESIAN_POINT('Ctrl Pts',(17.2056612783892,11.6443279599088,29.3908914353587));
#2699=CARTESIAN_POINT('Ctrl Pts',(19.2542544830698,7.80375167584686,29.3097011275262));
#2700=CARTESIAN_POINT('Ctrl Pts',(20.0133861597361,3.72329560576561,29.2285108196937));
#2701=CARTESIAN_POINT('Ctrl Pts',(20.7725178364024,-0.35716046431548,29.1473205118612));
#2702=CARTESIAN_POINT('Ctrl Pts',(20.2421879850545,-4.67749632041585,29.0661302040288));
#2703=CARTESIAN_POINT('Ctrl Pts',(18.518677825348,-8.4532354678775,28.9849398961963));
#2704=CARTESIAN_POINT('Ctrl Pts',(16.7951676656414,-12.2289746153393,28.9037495883638));
#2705=CARTESIAN_POINT('Ctrl Pts',(13.878477197576,-15.4601170541623,28.8225592805313));
#2706=CARTESIAN_POINT('Ctrl Pts',(10.2982803387552,-17.5597668196248,28.7413689726988));
#2707=CARTESIAN_POINT('Ctrl Pts',(6.71808347993441,-19.6594165850873,28.6601786648664));
#2708=CARTESIAN_POINT('Ctrl Pts',(2.47438023035824,-20.6275736771892,28.5789883570339));
#2709=CARTESIAN_POINT('Ctrl Pts',(-1.66225359622943,-20.2887294741175,28.4977980492014));
#2710=CARTESIAN_POINT('Ctrl Pts',(-5.7988874228171,-19.9498852710458,28.4166077413689));
#2711=CARTESIAN_POINT('Ctrl Pts',(-9.82845182641623,-18.3040397728004,28.3354174335364));
#2712=CARTESIAN_POINT('Ctrl Pts',(-13.0191296044636,-15.6494784302067,28.2542271257039));
#2713=CARTESIAN_POINT('Ctrl Pts',(-16.209807382511,-12.994917087613,28.1730368178715));
#2714=CARTESIAN_POINT('Ctrl Pts',(-18.5615985350066,-9.33163990067087,28.091846510039));
#2715=CARTESIAN_POINT('Ctrl Pts',(-19.6475940959462,-5.3260001700846,28.0106562022065));
#2716=CARTESIAN_POINT('Ctrl Pts',(-20.1172310557355,-3.59376798355894,27.97554558969));
#2717=CARTESIAN_POINT('Ctrl Pts',(-20.3501496166692,-1.7975100461931,27.9404349771735));
#2718=CARTESIAN_POINT('Ctrl Pts',(-20.3489655858604,-0.000902190589712741,
27.905324364657));
#2719=CARTESIAN_POINT('Origin',(0.,0.,-5.52082767783593));
#2720=CARTESIAN_POINT('',(-20.3487250256685,0.000586713510602339,25.4053243645936));
#2721=CARTESIAN_POINT('',(-20.3519765882083,0.00126627092852798,25.8446756352815));
#2722=CARTESIAN_POINT('',(-20.3527,-1.81765283982668E-12,-5.52082767783593));
#2723=CARTESIAN_POINT('Ctrl Pts',(-20.3519765882083,0.00126627092852798,
25.8446756352815));
#2724=CARTESIAN_POINT('Ctrl Pts',(-20.3522061189482,-0.479813731223384,
25.8540792359037));
#2725=CARTESIAN_POINT('Ctrl Pts',(-20.3354025459377,-0.960935284196738,
25.8634828365258));
#2726=CARTESIAN_POINT('Ctrl Pts',(-20.3014266332191,-1.44090392103201,25.872886437148));
#2727=CARTESIAN_POINT('Ctrl Pts',(-20.1058621947771,-4.20359046634181,25.9270133090364));
#2728=CARTESIAN_POINT('Ctrl Pts',(-19.3413570899514,-6.9280794866192,25.9811401809247));
#2729=CARTESIAN_POINT('Ctrl Pts',(-18.0644278303174,-9.38322146007838,26.035267052813));
#2730=CARTESIAN_POINT('Ctrl Pts',(-16.3618554841388,-12.6567440913572,26.1074362153308));
#2731=CARTESIAN_POINT('Ctrl Pts',(-13.7483068627453,-15.4514275282927,26.1796053778485));
#2732=CARTESIAN_POINT('Ctrl Pts',(-10.5988753849603,-17.3779089910013,26.2517745403663));
#2733=CARTESIAN_POINT('Ctrl Pts',(-9.02415964606765,-18.3411497223556,26.2878591216252));
#2734=CARTESIAN_POINT('Ctrl Pts',(-7.3154731930772,-19.0873399601532,26.323943702884));
#2735=CARTESIAN_POINT('Ctrl Pts',(-5.53827082379316,-19.5867595110966,26.3600282841429));
#2736=CARTESIAN_POINT('Ctrl Pts',(-1.53956549290421,-20.7104535007192,26.4412185919754));
#2737=CARTESIAN_POINT('Ctrl Pts',(2.80600166422057,-20.5848708881421,26.5224088998079));
#2738=CARTESIAN_POINT('Ctrl Pts',(6.72221251305721,-19.2159230052772,26.6035992076404));
#2739=CARTESIAN_POINT('Ctrl Pts',(10.6384233618938,-17.8469751224122,26.6847895154729));
#2740=CARTESIAN_POINT('Ctrl Pts',(14.1252779024423,-15.2346619692593,26.7659798233053));
#2741=CARTESIAN_POINT('Ctrl Pts',(16.5443059708786,-11.8609723221889,26.8471701311378));
#2742=CARTESIAN_POINT('Ctrl Pts',(18.9633340393149,-8.48728267511859,26.9283604389703));
#2743=CARTESIAN_POINT('Ctrl Pts',(20.3145356356391,-4.35221653413082,27.0095507468028));
#2744=CARTESIAN_POINT('Ctrl Pts',(20.3553844883085,-0.202033940327618,27.0907410546353));
#2745=CARTESIAN_POINT('Ctrl Pts',(20.396233340978,3.94814865347558,27.1719313624678));
#2746=CARTESIAN_POINT('Ctrl Pts',(19.1267294499927,8.11344770009414,27.2531216703002));
#2747=CARTESIAN_POINT('Ctrl Pts',(16.7753575049878,11.5332074020945,27.3343119781327));
#2748=CARTESIAN_POINT('Ctrl Pts',(14.4239855599828,14.9529671040949,27.4155022859652));
#2749=CARTESIAN_POINT('Ctrl Pts',(10.9907455609582,17.6271874614771,27.4966925937977));
#2750=CARTESIAN_POINT('Ctrl Pts',(7.10122461858204,19.0768906418114,27.5778829016302));
#2751=CARTESIAN_POINT('Ctrl Pts',(5.15646414739395,19.8017422319785,27.6184780555464));
#2752=CARTESIAN_POINT('Ctrl Pts',(3.09763344036798,20.2204645278836,27.6590732094627));
#2753=CARTESIAN_POINT('Ctrl Pts',(1.02291217328766,20.3249184883174,27.6996683633789));
#2754=CARTESIAN_POINT('Ctrl Pts',(-1.05180909379266,20.4293724487511,27.7402635172951));
#2755=CARTESIAN_POINT('Ctrl Pts',(-3.14242092092732,20.2195580737135,27.7808586712114));
#2756=CARTESIAN_POINT('Ctrl Pts',(-5.15015721066167,19.6935895441553,27.8214538251276));
#2757=CARTESIAN_POINT('Ctrl Pts',(-9.16562979013029,18.641652485039,27.9026441329601));
#2758=CARTESIAN_POINT('Ctrl Pts',(-12.8496002199979,16.3250988078402,27.9838344407926));
#2759=CARTESIAN_POINT('Ctrl Pts',(-15.5325172014055,13.1588886537343,28.0650247486251));
#2760=CARTESIAN_POINT('Ctrl Pts',(-18.215434182813,9.99267849962833,28.1462150564576));
#2761=CARTESIAN_POINT('Ctrl Pts',(-19.8972977157609,5.97681186861507,28.22740536429));
#2762=CARTESIAN_POINT('Ctrl Pts',(-20.2731000969397,1.84309193548591,28.3085956721225));
#2763=CARTESIAN_POINT('Ctrl Pts',(-20.3287673985252,1.23076735822984,28.320622326498));
#2764=CARTESIAN_POINT('Ctrl Pts',(-20.3557767715126,0.615856813607387,28.3326489808735));
#2765=CARTESIAN_POINT('Ctrl Pts',(-20.3546765726769,0.000865470896230956,
28.344675635249));
#2766=CARTESIAN_POINT('Ctrl Pts',(-20.3489655858604,-0.000902190589712738,
27.905324364657));
#2767=CARTESIAN_POINT('Ctrl Pts',(-20.3474116460399,2.35699294865203,27.859244669341));
#2768=CARTESIAN_POINT('Ctrl Pts',(-19.9426316320344,4.71549079868031,27.813164974025));
#2769=CARTESIAN_POINT('Ctrl Pts',(-19.1405386992772,6.93064913468357,27.7670852787091));
#2770=CARTESIAN_POINT('Ctrl Pts',(-17.727287772285,10.8336564346356,27.6858949708766));
#2771=CARTESIAN_POINT('Ctrl Pts',(-15.080585948917,14.2916687603093,27.6047046630441));
#2772=CARTESIAN_POINT('Ctrl Pts',(-11.681694692588,16.6722811581705,27.5235143552116));
#2773=CARTESIAN_POINT('Ctrl Pts',(-8.28280343625899,19.0528935560318,27.4423240473791));
#2774=CARTESIAN_POINT('Ctrl Pts',(-4.1317227469691,20.3561060260807,27.3611337395466));
#2775=CARTESIAN_POINT('Ctrl Pts',(0.0196453556679405,20.3555867689009,27.2799434317141));
#2776=CARTESIAN_POINT('Ctrl Pts',(2.78722409075929,20.3552405974477,27.2258165598258));
#2777=CARTESIAN_POINT('Ctrl Pts',(5.55493056511607,19.7754581027818,27.1716896879375));
#2778=CARTESIAN_POINT('Ctrl Pts',(8.09536753919223,18.6730492796301,27.1175628160492));
#2779=CARTESIAN_POINT('Ctrl Pts',(10.6358045132684,17.5706404564784,27.0634359441609));
#2780=CARTESIAN_POINT('Ctrl Pts',(12.948971987064,15.945605304841,27.0093090722725));
#2781=CARTESIAN_POINT('Ctrl Pts',(14.8428007810193,13.9277893881475,26.9551822003842));
#2782=CARTESIAN_POINT('Ctrl Pts',(16.7366295749745,11.9099734714539,26.9010553284959));
#2783=CARTESIAN_POINT('Ctrl Pts',(18.2111196890894,9.49937678970444,26.8469284566076));
#2784=CARTESIAN_POINT('Ctrl Pts',(19.1496979605286,6.89367220978695,26.7928015847193));
#2785=CARTESIAN_POINT('Ctrl Pts',(20.0882762319678,4.2879676298695,26.7386747128309));
#2786=CARTESIAN_POINT('Ctrl Pts',(20.4909426607314,1.4871551517841,26.6845478409426));
#2787=CARTESIAN_POINT('Ctrl Pts',(20.3161098008518,-1.27460526494255,26.6304209690543));
#2788=CARTESIAN_POINT('Ctrl Pts',(20.0829993210124,-4.95695248724465,26.5582518065365));
#2789=CARTESIAN_POINT('Ctrl Pts',(18.8232234391407,-8.5698738226868,26.4860826440188));
#2790=CARTESIAN_POINT('Ctrl Pts',(16.7223105999694,-11.6057058142456,26.413913481501));
#2791=CARTESIAN_POINT('Ctrl Pts',(15.6718541803836,-13.1236218100252,26.3778289002421));
#2792=CARTESIAN_POINT('Ctrl Pts',(14.4111135214728,-14.4972654698339,26.3417443189832));
#2793=CARTESIAN_POINT('Ctrl Pts',(12.9877699431546,-15.6728630756917,26.3056597377244));
#2794=CARTESIAN_POINT('Ctrl Pts',(9.78524689193911,-18.3179576888714,26.2244694298919));
#2795=CARTESIAN_POINT('Ctrl Pts',(5.75954656122383,-19.9604441539245,26.1432791220594));
#2796=CARTESIAN_POINT('Ctrl Pts',(1.62453221379965,-20.2926671372276,26.0620888142269));
#2797=CARTESIAN_POINT('Ctrl Pts',(-2.51048213362462,-20.6248901205308,25.9808985063944));
#2798=CARTESIAN_POINT('Ctrl Pts',(-6.75481049775778,-19.6468496220841,25.8997081985619));
#2799=CARTESIAN_POINT('Ctrl Pts',(-10.3322673943784,-17.5396603842158,25.8185178907295));
#2800=CARTESIAN_POINT('Ctrl Pts',(-13.909724290999,-15.4324711463476,25.737327582897));
#2801=CARTESIAN_POINT('Ctrl Pts',(-16.820309720107,-12.1961331690577,25.6561372750645));
#2802=CARTESIAN_POINT('Ctrl Pts',(-18.5351720228614,-8.41776019659638,25.574946967232));
#2803=CARTESIAN_POINT('Ctrl Pts',(-19.7294008034686,-5.78650418243488,25.5184060996859));
#2804=CARTESIAN_POINT('Ctrl Pts',(-20.3437374889044,-2.89237643644971,25.4618652321397));
#2805=CARTESIAN_POINT('Ctrl Pts',(-20.3487250256685,0.000586713510602339,
25.4053243645936));
#2806=CARTESIAN_POINT('Origin',(0.,0.,-5.52082767783593));
#2807=CARTESIAN_POINT('',(-20.3534092414536,7.87691310336636E-5,22.9053243644932));
#2808=CARTESIAN_POINT('',(-20.3541113811857,0.000769966103568622,23.3446756354079));
#2809=CARTESIAN_POINT('',(-20.3527,-1.81765283982668E-12,-5.52082767783593));
#2810=CARTESIAN_POINT('Ctrl Pts',(-20.3541113811857,0.000769966103568622,
23.3446756354079));
#2811=CARTESIAN_POINT('Ctrl Pts',(-20.3504962567858,-3.42163800892793,23.4115940722553));
#2812=CARTESIAN_POINT('Ctrl Pts',(-19.4731391054605,-6.84541996456578,23.4785125091027));
#2813=CARTESIAN_POINT('Ctrl Pts',(-17.8191777595394,-9.84029465021244,23.5454309459502));
#2814=CARTESIAN_POINT('Ctrl Pts',(-16.0354390651642,-13.0701608588557,23.6176001084679));
#2815=CARTESIAN_POINT('Ctrl Pts',(-13.3484430550822,-15.8011711096309,23.6897692709857));
#2816=CARTESIAN_POINT('Ctrl Pts',(-10.1505079734912,-17.643225224412,23.7619384335035));
#2817=CARTESIAN_POINT('Ctrl Pts',(-7.75205666229793,-19.0247658104978,23.8160653053918));
#2818=CARTESIAN_POINT('Ctrl Pts',(-5.0662021233807,-19.906268570087,23.8701921772801));
#2819=CARTESIAN_POINT('Ctrl Pts',(-2.31520467312775,-20.2207660576727,23.9243190491684));
#2820=CARTESIAN_POINT('Ctrl Pts',(0.435792777125296,-20.5352635452584,23.9784459210568));
#2821=CARTESIAN_POINT('Ctrl Pts',(3.25193313871417,-20.2827557608406,24.0325727929451));
#2822=CARTESIAN_POINT('Ctrl Pts',(5.9007051680806,-19.4802373628845,24.0866996648334));
#2823=CARTESIAN_POINT('Ctrl Pts',(8.54947719744703,-18.6777189649283,24.1408265367217));
#2824=CARTESIAN_POINT('Ctrl Pts',(11.0308808945909,-17.3251899534338,24.1949534086101));
#2825=CARTESIAN_POINT('Ctrl Pts',(13.1454248827981,-15.5372715765866,24.2490802804984));
#2826=CARTESIAN_POINT('Ctrl Pts',(15.2599688710053,-13.7493531997394,24.3032071523867));
#2827=CARTESIAN_POINT('Ctrl Pts',(17.007653150276,-11.5260454575394,24.357334024275));
#2828=CARTESIAN_POINT('Ctrl Pts',(18.2355578553974,-9.04565951950418,24.4114608961633));
#2829=CARTESIAN_POINT('Ctrl Pts',(20.0774149130796,-5.32508061245118,24.4926512039958));
#2830=CARTESIAN_POINT('Ctrl Pts',(20.7497679289263,-1.0260757647687,24.5738415118283));
#2831=CARTESIAN_POINT('Ctrl Pts',(20.1235780715105,3.07587079366483,24.6550318196608));
#2832=CARTESIAN_POINT('Ctrl Pts',(19.4973882140948,7.17781735209836,24.7362221274933));
#2833=CARTESIAN_POINT('Ctrl Pts',(17.5726554834166,11.0827056212827,24.8174124353258));
#2834=CARTESIAN_POINT('Ctrl Pts',(14.7010751363882,14.0808055038771,24.8986027431582));
#2835=CARTESIAN_POINT('Ctrl Pts',(11.82949478936,17.0789053864715,24.9797930509907));
#2836=CARTESIAN_POINT('Ctrl Pts',(8.01106682598138,19.170216882476,25.0609833588232));
#2837=CARTESIAN_POINT('Ctrl Pts',(3.93989064170589,19.9724556996649,25.1421736666557));
#2838=CARTESIAN_POINT('Ctrl Pts',(-0.131285542569596,20.7746945168538,25.2233639744882));
#2839=CARTESIAN_POINT('Ctrl Pts',(-4.45520994774226,20.2878606552272,25.3045542823207));
#2840=CARTESIAN_POINT('Ctrl Pts',(-8.25168256303716,18.6082188509991,25.3857445901531));
#2841=CARTESIAN_POINT('Ctrl Pts',(-10.7826643065672,17.4884576481804,25.4398714620415));
#2842=CARTESIAN_POINT('Ctrl Pts',(-13.0792230323737,15.8385595819833,25.4939983339298));
#2843=CARTESIAN_POINT('Ctrl Pts',(-14.9565785382099,13.8027587570807,25.5481252058181));
#2844=CARTESIAN_POINT('Ctrl Pts',(-16.8339340440461,11.7669579321781,25.6022520777064));
#2845=CARTESIAN_POINT('Ctrl Pts',(-18.2920863299119,9.34525434857018,25.6563789495947));
#2846=CARTESIAN_POINT('Ctrl Pts',(-19.2078505868156,6.73396052159507,25.7105058214831));
#2847=CARTESIAN_POINT('Ctrl Pts',(-19.9645167647879,4.57633348524359,25.7552290927492));
#2848=CARTESIAN_POINT('Ctrl Pts',(-20.3508849461918,2.28926980291349,25.7999523640153));
#2849=CARTESIAN_POINT('Ctrl Pts',(-20.3519765882083,0.00126627092852798,
25.8446756352815));
#2850=CARTESIAN_POINT('Ctrl Pts',(-20.3487250256685,0.000586713510602337,
25.4053243645936));
#2851=CARTESIAN_POINT('Ctrl Pts',(-20.3508993819346,1.26179697628837,25.3806749243073));
#2852=CARTESIAN_POINT('Ctrl Pts',(-20.2372612486776,2.5227858967286,25.3560254840209));
#2853=CARTESIAN_POINT('Ctrl Pts',(-20.0053698770858,3.76167598618854,25.3313760437346));
#2854=CARTESIAN_POINT('Ctrl Pts',(-19.4961674604651,6.48211281464889,25.2772491718462));
#2855=CARTESIAN_POINT('Ctrl Pts',(-18.4167682432524,9.09599287646805,25.2231222999579));
#2856=CARTESIAN_POINT('Ctrl Pts',(-16.8662029293004,11.39031648302,25.1689954280696));
#2857=CARTESIAN_POINT('Ctrl Pts',(-15.3156376153485,13.684640089572,25.1148685561813));
#2858=CARTESIAN_POINT('Ctrl Pts',(-13.2939062046573,15.6594072408567,25.0607416842929));
#2859=CARTESIAN_POINT('Ctrl Pts',(-10.9621139086602,17.1501574247362,25.0066148124046));
#2860=CARTESIAN_POINT('Ctrl Pts',(-8.63032161266311,18.6409076086158,24.9524879405163));
#2861=CARTESIAN_POINT('Ctrl Pts',(-5.98846843136009,19.6476408250901,24.898361068628));
#2862=CARTESIAN_POINT('Ctrl Pts',(-3.25510569820519,20.0909198135825,24.8442341967397));
#2863=CARTESIAN_POINT('Ctrl Pts',(-0.521742965050332,20.5341988020749,24.7901073248514));
#2864=CARTESIAN_POINT('Ctrl Pts',(2.30312931995645,20.4140235625853,24.735980452963));
#2865=CARTESIAN_POINT('Ctrl Pts',(4.98621742301326,19.7346715323762,24.6818535810747));
#2866=CARTESIAN_POINT('Ctrl Pts',(8.56366822708903,18.8288688254306,24.6096844185569));
#2867=CARTESIAN_POINT('Ctrl Pts',(11.8890582632539,16.9289740460947,24.5375152560392));
#2868=CARTESIAN_POINT('Ctrl Pts',(14.4825138699431,14.30377898891,24.4653460935214));
#2869=CARTESIAN_POINT('Ctrl Pts',(17.0759694766324,11.6785839317252,24.3931769310037));
#2870=CARTESIAN_POINT('Ctrl Pts',(18.937490653846,8.32808859669157,24.3210077684859));
#2871=CARTESIAN_POINT('Ctrl Pts',(19.7962006967541,4.73950815272329,24.2488386059681));
#2872=CARTESIAN_POINT('Ctrl Pts',(20.6549107396621,1.15092770875509,24.1766694434504));
#2873=CARTESIAN_POINT('Ctrl Pts',(20.5108096482648,-2.67573784414771,24.1045002809326));
#2874=CARTESIAN_POINT('Ctrl Pts',(19.3897583850168,-6.19202368562743,24.0323311184149));
#2875=CARTESIAN_POINT('Ctrl Pts',(18.5489699375809,-8.82923806673737,23.9782042465265));
#2876=CARTESIAN_POINT('Ctrl Pts',(17.1586470184788,-11.2918638601719,23.9240773746382));
#2877=CARTESIAN_POINT('Ctrl Pts',(15.3384293135163,-13.3781396770217,23.8699505027499));
#2878=CARTESIAN_POINT('Ctrl Pts',(13.5182116085539,-15.4644154938715,23.8158236308616));
#2879=CARTESIAN_POINT('Ctrl Pts',(11.2680991177311,-17.1743413341367,23.7616967589733));
#2880=CARTESIAN_POINT('Ctrl Pts',(8.77020611392139,-18.3672030768883,23.7075698870849));
#2881=CARTESIAN_POINT('Ctrl Pts',(6.27231311011151,-19.56006481964,23.6534430151966));
#2882=CARTESIAN_POINT('Ctrl Pts',(3.52663959331469,-20.2358624648779,23.5993161433083));
#2883=CARTESIAN_POINT('Ctrl Pts',(0.760053629661132,-20.3392463165751,23.5451892714199));
#2884=CARTESIAN_POINT('Ctrl Pts',(-2.00653233399219,-20.4426301682723,23.4910623995316));
#2885=CARTESIAN_POINT('Ctrl Pts',(-4.79403074450228,-19.9736002264289,23.4369355276433));
#2886=CARTESIAN_POINT('Ctrl Pts',(-7.37422275144391,-18.9705974031836,23.382808655755));
#2887=CARTESIAN_POINT('Ctrl Pts',(-9.95441475838562,-17.9675945799383,23.3286817838667));
#2888=CARTESIAN_POINT('Ctrl Pts',(-12.3273003617587,-16.430618875291,23.2745549119784));
#2889=CARTESIAN_POINT('Ctrl Pts',(-14.2976346216191,-14.4859386258152,23.22042804009));
#2890=CARTESIAN_POINT('Ctrl Pts',(-16.2679688814795,-12.5412583763392,23.1663011682017));
#2891=CARTESIAN_POINT('Ctrl Pts',(-17.835751797827,-10.1888735820345,23.1121742963134));
#2892=CARTESIAN_POINT('Ctrl Pts',(-18.8724283431595,-7.62195137764198,23.058047424425));
#2893=CARTESIAN_POINT('Ctrl Pts',(-19.8474487513181,-5.20769637524323,23.0071397377811));
#2894=CARTESIAN_POINT('Ctrl Pts',(-20.3526590285881,-2.60366423173943,22.9562320511372));
#2895=CARTESIAN_POINT('Ctrl Pts',(-20.3534092414536,7.87691310336636E-5,
22.9053243644932));
#2896=CARTESIAN_POINT('Origin',(0.,0.,-5.52082767783593));
#2897=CARTESIAN_POINT('',(-20.3529816062619,-0.00147223166238213,20.4053243644477));
#2898=CARTESIAN_POINT('',(-20.3502175632743,-0.000433403815649339,20.8446756355275));
#2899=CARTESIAN_POINT('',(-20.3527,-1.81765283982668E-12,-5.52082767783593));
#2900=CARTESIAN_POINT('Ctrl Pts',(-20.3502175632743,-0.000433403815649339,
20.8446756355275));
#2901=CARTESIAN_POINT('Ctrl Pts',(-20.3507488854507,-1.75160699694007,20.8788974554552));
#2902=CARTESIAN_POINT('Ctrl Pts',(-20.1281829507426,-3.50260783668097,20.913119275383));
#2903=CARTESIAN_POINT('Ctrl Pts',(-19.6815683441705,-5.19431512024994,20.9473410953107));
#2904=CARTESIAN_POINT('Ctrl Pts',(-18.7397188986252,-8.76189563286139,21.0195102578285));
#2905=CARTESIAN_POINT('Ctrl Pts',(-16.801456185939,-12.0657794873575,21.0916794203463));
#2906=CARTESIAN_POINT('Ctrl Pts',(-14.1495582970185,-14.632610121781,21.1638485828641));
#2907=CARTESIAN_POINT('Ctrl Pts',(-12.160634880328,-16.5577330975986,21.2179754547524));
#2908=CARTESIAN_POINT('Ctrl Pts',(-9.77029167700568,-18.0682636371254,21.2721023266407));
#2909=CARTESIAN_POINT('Ctrl Pts',(-7.17938216527818,-19.0443856649964,21.326229198529));
#2910=CARTESIAN_POINT('Ctrl Pts',(-4.58847265355064,-20.0205076928675,21.3803560704173));
#2911=CARTESIAN_POINT('Ctrl Pts',(-1.79699683341794,-20.4622212090827,21.4344829423056));
#2912=CARTESIAN_POINT('Ctrl Pts',(0.967957104221771,-20.3308063482455,21.488609814194));
#2913=CARTESIAN_POINT('Ctrl Pts',(3.73291104186144,-20.1993914874083,21.5427366860823));
#2914=CARTESIAN_POINT('Ctrl Pts',(6.47134309700811,-19.4948482495186,21.5968635579706));
#2915=CARTESIAN_POINT('Ctrl Pts',(8.95733175528478,-18.2763650728892,21.6509904298589));
#2916=CARTESIAN_POINT('Ctrl Pts',(11.4433204135614,-17.0578818962598,21.7051173017473));
#2917=CARTESIAN_POINT('Ctrl Pts',(13.6768656749681,-15.3254587808906,21.7592441736356));
#2918=CARTESIAN_POINT('Ctrl Pts',(15.4750160028557,-13.2207055539548,21.8133710455239));
#2919=CARTESIAN_POINT('Ctrl Pts',(17.2731663307435,-11.1159523270189,21.8674979174122));
#2920=CARTESIAN_POINT('Ctrl Pts',(18.6359217251122,-8.6388689885162,21.9216247893005));
#2921=CARTESIAN_POINT('Ctrl Pts',(19.4511159566125,-5.99320933425592,21.9757516611889));
#2922=CARTESIAN_POINT('Ctrl Pts',(20.2663101881128,-3.34754967999564,22.0298785330772));
#2923=CARTESIAN_POINT('Ctrl Pts',(20.5339432567448,-0.533313709977624,22.0840054049655));
#2924=CARTESIAN_POINT('Ctrl Pts',(20.2321748397975,2.21853733009212,22.1381322768538));
#2925=CARTESIAN_POINT('Ctrl Pts',(19.9304064228502,4.97038837016192,22.1922591487422));
#2926=CARTESIAN_POINT('Ctrl Pts',(19.0592365203238,7.65985448028342,22.2463860206305));
#2927=CARTESIAN_POINT('Ctrl Pts',(17.690126540664,10.06596895172,22.3005128925188));
#2928=CARTESIAN_POINT('Ctrl Pts',(16.3210165610042,12.4720834231566,22.3546397644071));
#2929=CARTESIAN_POINT('Ctrl Pts',(14.4539665042111,14.5948462559083,22.4087666362954));
#2930=CARTESIAN_POINT('Ctrl Pts',(12.2423780818634,16.2599868211787,22.4628935081837));
#2931=CARTESIAN_POINT('Ctrl Pts',(10.0307896595156,17.925127386449,22.5170203800721));
#2932=CARTESIAN_POINT('Ctrl Pts',(7.4746628716133,19.1326456842381,22.5711472519604));
#2933=CARTESIAN_POINT('Ctrl Pts',(4.78384009613516,19.7833059718045,22.6252741238487));
#2934=CARTESIAN_POINT('Ctrl Pts',(2.09301732065679,20.433966259371,22.6794009957371));
#2935=CARTESIAN_POINT('Ctrl Pts',(-0.732501442397412,20.5277685367147,22.7335278676254));
#2936=CARTESIAN_POINT('Ctrl Pts',(-3.46053030703887,20.0571105897431,22.7876547395137));
#2937=CARTESIAN_POINT('Ctrl Pts',(-6.18855917168,19.5864526427716,22.841781611402));
#2938=CARTESIAN_POINT('Ctrl Pts',(-8.8190981379084,18.5513344714851,22.8959084832903));
#2939=CARTESIAN_POINT('Ctrl Pts',(-11.1363715291341,17.0365753187853,22.9500353551787));
#2940=CARTESIAN_POINT('Ctrl Pts',(-13.45364492036,15.5218161660853,23.004162227067));
#2941=CARTESIAN_POINT('Ctrl Pts',(-15.4576527365832,13.527416031972,23.0582890989553));
#2942=CARTESIAN_POINT('Ctrl Pts',(-16.9832770093361,11.2175750593417,23.1124159708436));
#2943=CARTESIAN_POINT('Ctrl Pts',(-18.0003598578381,9.67768107758803,23.1485005521025));
#2944=CARTESIAN_POINT('Ctrl Pts',(-18.804827798131,7.99759116760463,23.1845851333614));
#2945=CARTESIAN_POINT('Ctrl Pts',(-19.3713546162142,6.24069040643485,23.2206697146203));
#2946=CARTESIAN_POINT('Ctrl Pts',(-19.9378814342973,4.48378964526534,23.2567542958791));
#2947=CARTESIAN_POINT('Ctrl Pts',(-20.2664671301705,2.65007803290956,23.292838877138));
#2948=CARTESIAN_POINT('Ctrl Pts',(-20.338777364308,0.806149930253829,23.3289234583969));
#2949=CARTESIAN_POINT('Ctrl Pts',(-20.3492993432078,0.537836975382967,23.3341741840672));
#2950=CARTESIAN_POINT('Ctrl Pts',(-20.3543950403293,0.269307700327554,23.3394249097376));
#2951=CARTESIAN_POINT('Ctrl Pts',(-20.3541113811857,0.000769966103568621,
23.3446756354079));
#2952=CARTESIAN_POINT('Ctrl Pts',(-20.3534092414536,7.87691310336648E-5,
22.9053243644932));
#2953=CARTESIAN_POINT('Ctrl Pts',(-20.3534566817195,0.164728384958076,22.9021051792489));
#2954=CARTESIAN_POINT('Ctrl Pts',(-20.351486907847,0.32937684457345,22.8988859940045));
#2955=CARTESIAN_POINT('Ctrl Pts',(-20.3474911580991,0.493976086966221,22.8956668087601));
#2956=CARTESIAN_POINT('Ctrl Pts',(-20.280307253389,3.26152173270181,22.8415399368718));
#2957=CARTESIAN_POINT('Ctrl Pts',(-19.6403692696513,6.01515340969252,22.7874130649835));
#2958=CARTESIAN_POINT('Ctrl Pts',(-18.4803456381291,8.52875246911977,22.7332861930951));
#2959=CARTESIAN_POINT('Ctrl Pts',(-17.320322006607,11.0423515285469,22.6791593212068));
#2960=CARTESIAN_POINT('Ctrl Pts',(-15.6402127273003,13.3159179704106,22.6250324493185));
#2961=CARTESIAN_POINT('Ctrl Pts',(-13.5778435235611,15.1626691698889,22.5709055774302));
#2962=CARTESIAN_POINT('Ctrl Pts',(-11.5154743198218,17.0094203693673,22.5167787055418));
#2963=CARTESIAN_POINT('Ctrl Pts',(-9.07084519164984,18.4293563264603,22.4626518336535));
#2964=CARTESIAN_POINT('Ctrl Pts',(-6.44497182774036,19.3060361532651,22.4085249617652));
#2965=CARTESIAN_POINT('Ctrl Pts',(-3.81909846383083,20.1827159800699,22.3543980898769));
#2966=CARTESIAN_POINT('Ctrl Pts',(-1.01198086418369,20.5161396765866,22.3002712179886));
#2967=CARTESIAN_POINT('Ctrl Pts',(1.74621775526538,20.2785714376393,22.2461443461002));
#2968=CARTESIAN_POINT('Ctrl Pts',(4.50441637471445,20.0410031986921,22.1920174742119));
#2969=CARTESIAN_POINT('Ctrl Pts',(7.21369601396542,19.2324430242809,22.1378906023236));
#2970=CARTESIAN_POINT('Ctrl Pts',(9.65094541999973,17.9198366291663,22.0837637304353));
#2971=CARTESIAN_POINT('Ctrl Pts',(12.088194826034,16.6072302340517,22.0296368585469));
#2972=CARTESIAN_POINT('Ctrl Pts',(14.2534139988517,14.7905776182337,21.9755099866586));
#2973=CARTESIAN_POINT('Ctrl Pts',(15.9699261631555,12.6182555911868,21.9213831147703));
#2974=CARTESIAN_POINT('Ctrl Pts',(17.6864383274594,10.44593356414,21.867256242882));
#2975=CARTESIAN_POINT('Ctrl Pts',(18.9542434832495,7.91794212586435,21.8131293709937));
#2976=CARTESIAN_POINT('Ctrl Pts',(19.6669807411782,5.24340052074924,21.7590024991053));
#2977=CARTESIAN_POINT('Ctrl Pts',(20.3797179991068,2.56885891563413,21.704875627217));
#2978=CARTESIAN_POINT('Ctrl Pts',(20.5373873591739,-0.252232856320416,21.6507487553287));
#2979=CARTESIAN_POINT('Ctrl Pts',(20.1312668699801,-2.99122537341697,21.5966218834404));
#2980=CARTESIAN_POINT('Ctrl Pts',(19.7251463807863,-5.73021789051352,21.542495011552));
#2981=CARTESIAN_POINT('Ctrl Pts',(18.7552360423315,-8.38711115275204,21.4883681396637));
#2982=CARTESIAN_POINT('Ctrl Pts',(17.2934175686347,-10.7373755612103,21.4342412677754));
#2983=CARTESIAN_POINT('Ctrl Pts',(15.1006898580896,-14.2627721738976,21.3530509599429));
#2984=CARTESIAN_POINT('Ctrl Pts',(11.80116884325,-17.0982538655794,21.2718606521104));
#2985=CARTESIAN_POINT('Ctrl Pts',(7.98424482243868,-18.7263028258272,21.190670344278));
#2986=CARTESIAN_POINT('Ctrl Pts',(4.16732080162734,-20.354351786075,21.1094800364455));
#2987=CARTESIAN_POINT('Ctrl Pts',(-0.167006225155838,-20.7749680148888,
21.028289728613));
#2988=CARTESIAN_POINT('Ctrl Pts',(-4.22749052364495,-19.9129625961837,20.9470994207805));
#2989=CARTESIAN_POINT('Ctrl Pts',(-8.28797482213406,-19.0509571774785,20.865909112948));
#2990=CARTESIAN_POINT('Ctrl Pts',(-12.0746163923292,-16.9063301112544,20.7847188051155));
#2991=CARTESIAN_POINT('Ctrl Pts',(-14.9019227118151,-13.8680876051435,20.7035284972831));
#2992=CARTESIAN_POINT('Ctrl Pts',(-17.729229031301,-10.8298450990326,20.6223381894506));
#2993=CARTESIAN_POINT('Ctrl Pts',(-19.5972001000777,-6.89798715303497,20.5411478816181));
#2994=CARTESIAN_POINT('Ctrl Pts',(-20.1653483556955,-2.78645614255625,20.4599575737856));
#2995=CARTESIAN_POINT('Ctrl Pts',(-20.2927845953682,-1.8642354966383,20.4417465040063));
#2996=CARTESIAN_POINT('Ctrl Pts',(-20.3548255110382,-0.932975327681215,
20.423535434227));
#2997=CARTESIAN_POINT('Ctrl Pts',(-20.3529816062619,-0.00147223166238213,
20.4053243644477));
#2998=CARTESIAN_POINT('Origin',(0.,0.,-5.52082767783593));
#2999=CARTESIAN_POINT('',(-20.348642467203,-9.13199433367307E-5,17.9053243645245));
#3000=CARTESIAN_POINT('',(-20.3558334684809,0.000875110669947183,18.3446756355446));
#3001=CARTESIAN_POINT('',(-20.3527,-1.81765283982668E-12,-5.52082767783593));
#3002=CARTESIAN_POINT('Ctrl Pts',(-20.3558334684809,0.000875110669947183,
18.3446756355446));
#3003=CARTESIAN_POINT('Ctrl Pts',(-20.3507699025879,-3.76689990501067,18.4183700011046));
#3004=CARTESIAN_POINT('Ctrl Pts',(-19.2818249787181,-7.53746745270812,18.4920643666646));
#3005=CARTESIAN_POINT('Ctrl Pts',(-17.2944976123926,-10.7379998060778,18.5657587322246));
#3006=CARTESIAN_POINT('Ctrl Pts',(-15.105026010191,-14.2640795141166,18.6469490400571));
#3007=CARTESIAN_POINT('Ctrl Pts',(-11.8008406026892,-17.0982621744231,18.7281393478896));
#3008=CARTESIAN_POINT('Ctrl Pts',(-7.98310827761776,-18.7259997825107,18.809329655722));
#3009=CARTESIAN_POINT('Ctrl Pts',(-4.16537595254629,-20.3537373905983,18.8905199635545));
#3010=CARTESIAN_POINT('Ctrl Pts',(0.165903290094963,-20.7750299464669,18.971710271387));
#3011=CARTESIAN_POINT('Ctrl Pts',(4.22644792617782,-19.9131467230538,19.0529005792195));
#3012=CARTESIAN_POINT('Ctrl Pts',(8.28699256226068,-19.0512634996408,19.134090887052));
#3013=CARTESIAN_POINT('Ctrl Pts',(12.0768025917854,-16.906204496946,19.2152811948845));
#3014=CARTESIAN_POINT('Ctrl Pts',(14.9031418884719,-13.8679802471306,19.2964715027169));
#3015=CARTESIAN_POINT('Ctrl Pts',(17.7294811851585,-10.8297559973152,19.3776618105494));
#3016=CARTESIAN_POINT('Ctrl Pts',(19.5923497490069,-6.89836650037905,19.4588521183819));
#3017=CARTESIAN_POINT('Ctrl Pts',(20.1640198584275,-2.78620167408977,19.5400424262144));
#3018=CARTESIAN_POINT('Ctrl Pts',(20.5451332647079,-0.0447584565636538,
19.5941692981027));
#3019=CARTESIAN_POINT('Ctrl Pts',(20.3523806912425,2.77702935178617,19.648296169991));
#3020=CARTESIAN_POINT('Ctrl Pts',(19.6108659985754,5.44478660948314,19.7024230418793));
#3021=CARTESIAN_POINT('Ctrl Pts',(18.8693513059082,8.11254386718019,19.7565499137677));
#3022=CARTESIAN_POINT('Ctrl Pts',(17.5790744940393,10.6262705742244,19.810676785656));
#3023=CARTESIAN_POINT('Ctrl Pts',(15.8411408953539,12.7806546114036,19.8648036575443));
#3024=CARTESIAN_POINT('Ctrl Pts',(14.1032072966684,14.9350386485828,19.9189305294326));
#3025=CARTESIAN_POINT('Ctrl Pts',(11.9176169111664,16.7300800158969,19.973057401321));
#3026=CARTESIAN_POINT('Ctrl Pts',(9.46670106031048,18.0177934062348,20.0271842732093));
#3027=CARTESIAN_POINT('Ctrl Pts',(7.01578520945447,19.3055067965727,20.0813111450976));
#3028=CARTESIAN_POINT('Ctrl Pts',(4.2995438932446,20.0858922099344,20.1354380169859));
#3029=CARTESIAN_POINT('Ctrl Pts',(1.53914574530241,20.2952252176153,20.1895648888743));
#3030=CARTESIAN_POINT('Ctrl Pts',(-1.22125240263973,20.5045582252961,20.2436917607626));
#3031=CARTESIAN_POINT('Ctrl Pts',(-4.02580738231405,20.1428388272961,20.2978186326509));
#3032=CARTESIAN_POINT('Ctrl Pts',(-6.64246211667294,19.2392490863024,20.3519455045392));
#3033=CARTESIAN_POINT('Ctrl Pts',(-9.25911685103183,18.3356593453087,20.4060723764275));
#3034=CARTESIAN_POINT('Ctrl Pts',(-11.6878713400753,16.8901992613212,20.4601992483159));
#3035=CARTESIAN_POINT('Ctrl Pts',(-13.7319412182516,15.0228676744053,20.5143261202042));
#3036=CARTESIAN_POINT('Ctrl Pts',(-15.0946544703692,13.7779799497948,20.5504107014631));
#3037=CARTESIAN_POINT('Ctrl Pts',(-16.2863967843235,12.3455937794383,20.5864952827219));
#3038=CARTESIAN_POINT('Ctrl Pts',(-17.2634959797797,10.7796843374613,20.6225798639808));
#3039=CARTESIAN_POINT('Ctrl Pts',(-17.7520455775079,9.99672961647271,20.6406221546103));
#3040=CARTESIAN_POINT('Ctrl Pts',(-18.1869343956115,9.18039407757896,20.6586644452397));
#3041=CARTESIAN_POINT('Ctrl Pts',(-18.5654946212472,8.33875158455584,20.6767067358691));
#3042=CARTESIAN_POINT('Ctrl Pts',(-18.9440548468828,7.4971090915328,20.6947490264986));
#3043=CARTESIAN_POINT('Ctrl Pts',(-19.2662864800505,6.6301596443803,20.712791317128));
#3044=CARTESIAN_POINT('Ctrl Pts',(-19.5267999776644,5.745036228122,20.7308336077575));
#3045=CARTESIAN_POINT('Ctrl Pts',(-20.0747234728743,3.8834055626463,20.7687809503475));
#3046=CARTESIAN_POINT('Ctrl Pts',(-20.3496283992644,1.94137987242573,20.8067282929375));
#3047=CARTESIAN_POINT('Ctrl Pts',(-20.3502175632743,-0.000433403815649338,
20.8446756355275));
#3048=CARTESIAN_POINT('Ctrl Pts',(-20.3529816062619,-0.00147223166238213,
20.4053243644477));
#3049=CARTESIAN_POINT('Ctrl Pts',(-20.3466048409615,3.21993957678412,20.3423451263946));
#3050=CARTESIAN_POINT('Ctrl Pts',(-19.5761784527143,6.444256744104,20.2793658883414));
#3051=CARTESIAN_POINT('Ctrl Pts',(-18.1041776311415,9.30764761997698,20.2163866502882));
#3052=CARTESIAN_POINT('Ctrl Pts',(-16.2065332085109,12.9990162970718,20.1351963424557));
#3053=CARTESIAN_POINT('Ctrl Pts',(-13.1429189207909,16.0905495763019,20.0540060346232));
#3054=CARTESIAN_POINT('Ctrl Pts',(-9.46882179786219,18.0209435677835,19.9728157267907));
#3055=CARTESIAN_POINT('Ctrl Pts',(-5.79472467493343,19.9513375592651,19.8916254189582));
#3056=CARTESIAN_POINT('Ctrl Pts',(-1.51014471679591,20.7205922629984,19.8104351111258));
#3057=CARTESIAN_POINT('Ctrl Pts',(2.60626366146351,20.1891937094456,19.7292448032933));
#3058=CARTESIAN_POINT('Ctrl Pts',(6.72267203972284,19.6577951558928,19.6480544954608));
#3059=CARTESIAN_POINT('Ctrl Pts',(10.6709088381041,17.825743345054,19.5668641876283));
#3060=CARTESIAN_POINT('Ctrl Pts',(13.7343646664337,15.0255019596376,19.4856738797958));
#3061=CARTESIAN_POINT('Ctrl Pts',(16.7978204947634,12.2252605742212,19.4044835719633));
#3062=CARTESIAN_POINT('Ctrl Pts',(18.9764953530415,8.4568296142272,19.3232932641309));
#3063=CARTESIAN_POINT('Ctrl Pts',(19.8745725948178,4.40465119180252,19.2421029562984));
#3064=CARTESIAN_POINT('Ctrl Pts',(20.7726498365942,0.352472769377797,19.1609126484659));
#3065=CARTESIAN_POINT('Ctrl Pts',(20.3901294618688,-3.9834531154775,19.0797223406334));
#3066=CARTESIAN_POINT('Ctrl Pts',(18.796570397799,-7.8158242250001,18.9985320328009));
#3067=CARTESIAN_POINT('Ctrl Pts',(17.2030113337293,-11.6481953345227,18.9173417249684));
#3068=CARTESIAN_POINT('Ctrl Pts',(14.3984135803153,-14.9770116687126,18.836151417136));
#3069=CARTESIAN_POINT('Ctrl Pts',(10.8920211298382,-17.1977579099345,18.7549611093035));
#3070=CARTESIAN_POINT('Ctrl Pts',(7.38562867936099,-19.4185041511565,18.673770801471));
#3071=CARTESIAN_POINT('Ctrl Pts',(3.17744153182068,-20.5311802994107,18.5925804936385));
#3072=CARTESIAN_POINT('Ctrl Pts',(-0.96834995493488,-20.3337421252062,18.511390185806));
#3073=CARTESIAN_POINT('Ctrl Pts',(-5.1141414416904,-20.1363039510018,18.4301998779736));
#3074=CARTESIAN_POINT('Ctrl Pts',(-9.1975372676612,-18.6287514543389,18.3490095701411));
#3075=CARTESIAN_POINT('Ctrl Pts',(-12.4770262819268,-16.0848533503279,18.2678192623086));
#3076=CARTESIAN_POINT('Ctrl Pts',(-15.7565152961925,-13.5409552463168,18.1866289544761));
#3077=CARTESIAN_POINT('Ctrl Pts',(-18.2320974987531,-9.96071153495767,18.1054386466436));
#3078=CARTESIAN_POINT('Ctrl Pts',(-19.4542491926534,-5.99423179008689,18.0242483388111));
#3079=CARTESIAN_POINT('Ctrl Pts',(-20.0509671199529,-4.0575903863661,17.9846070140489));
#3080=CARTESIAN_POINT('Ctrl Pts',(-20.3488798105325,-2.0288741937952,17.9449656892867));
#3081=CARTESIAN_POINT('Ctrl Pts',(-20.348642467203,-9.13199433367307E-5,
17.9053243645245));
#3082=CARTESIAN_POINT('Origin',(0.,0.,-5.52082767783593));
#3083=CARTESIAN_POINT('',(-20.3522494760912,0.0014024717800646,15.4053243646617));
#3084=CARTESIAN_POINT('',(-20.3542002909556,-0.00137478696786993,15.8446756354521));
#3085=CARTESIAN_POINT('',(-20.3527,-1.81765283982668E-12,-5.52082767783593));
#3086=CARTESIAN_POINT('Ctrl Pts',(-20.3542002909556,-0.00137478696786993,
15.8446756354521));
#3087=CARTESIAN_POINT('Ctrl Pts',(-20.3555596214359,-0.713978600517296,
15.858609948219));
#3088=CARTESIAN_POINT('Ctrl Pts',(-20.3192937390665,-1.42644399364823,15.8725442609858));
#3089=CARTESIAN_POINT('Ctrl Pts',(-20.2446021779347,-2.13485322698328,15.8864785737527));
#3090=CARTESIAN_POINT('Ctrl Pts',(-19.8094008915679,-6.2625030571685,15.9676688815851));
#3091=CARTESIAN_POINT('Ctrl Pts',(-18.069655354879,-10.252447058582,16.0488591894176));
#3092=CARTESIAN_POINT('Ctrl Pts',(-15.3415363105173,-13.3803679594491,16.1300494972501));
#3093=CARTESIAN_POINT('Ctrl Pts',(-12.6134172661555,-16.5082888603163,16.2112398050826));
#3094=CARTESIAN_POINT('Ctrl Pts',(-8.89692471412073,-18.774186660637,16.2924301129151));
#3095=CARTESIAN_POINT('Ctrl Pts',(-4.86681468092747,-19.7664774458537,16.3736204207476));
#3096=CARTESIAN_POINT('Ctrl Pts',(-0.836704647734217,-20.7587682310705,
16.45481072858));
#3097=CARTESIAN_POINT('Ctrl Pts',(3.5070228666175,-20.4774520011833,16.5360010364125));
#3098=CARTESIAN_POINT('Ctrl Pts',(7.37551939303637,-18.9736735865777,16.617191344245));
#3099=CARTESIAN_POINT('Ctrl Pts',(11.2440159194552,-17.4698951719722,16.6983816520775));
#3100=CARTESIAN_POINT('Ctrl Pts',(14.6372814579413,-14.7436545726484,16.77957195991));
#3101=CARTESIAN_POINT('Ctrl Pts',(16.9391564487631,-11.2899832161292,16.8607622677425));
#3102=CARTESIAN_POINT('Ctrl Pts',(19.2410314395849,-7.83631185960997,16.9419525755749));
#3103=CARTESIAN_POINT('Ctrl Pts',(20.4515158827426,-3.65520974589536,17.0231428834074));
#3104=CARTESIAN_POINT('Ctrl Pts',(20.3507897010424,0.49405499099015,17.1043331912399));
#3105=CARTESIAN_POINT('Ctrl Pts',(20.2500635193422,4.64331972787566,17.1855234990724));
#3106=CARTESIAN_POINT('Ctrl Pts',(18.8381267127841,8.76074708793202,17.2667138069049));
#3107=CARTESIAN_POINT('Ctrl Pts',(16.3713616184941,12.0986532094601,17.3479041147374));
#3108=CARTESIAN_POINT('Ctrl Pts',(13.9045965242042,15.4365593309882,17.4290944225698));
#3109=CARTESIAN_POINT('Ctrl Pts',(10.3830031421825,17.9949442139881,17.5102847304023));
#3110=CARTESIAN_POINT('Ctrl Pts',(6.44611237964237,19.3092266832653,17.5914750382348));
#3111=CARTESIAN_POINT('Ctrl Pts',(2.5092216171022,20.6235091525426,17.6726653460673));
#3112=CARTESIAN_POINT('Ctrl Pts',(-1.8429665259564,20.6936892080974,17.7538556538998));
#3113=CARTESIAN_POINT('Ctrl Pts',(-5.82021358628313,19.5070165831318,17.8350459617322));
#3114=CARTESIAN_POINT('Ctrl Pts',(-9.79746064660986,18.3203439581662,17.9162362695647));
#3115=CARTESIAN_POINT('Ctrl Pts',(-13.3997666242047,15.8768186526803,17.9974265773972));
#3116=CARTESIAN_POINT('Ctrl Pts',(-15.9728216474351,12.6201793443222,18.0786168852297));
#3117=CARTESIAN_POINT('Ctrl Pts',(-18.5458766706654,9.36354003596413,18.1598071930622));
#3118=CARTESIAN_POINT('Ctrl Pts',(-20.0896807395314,5.29378672473373,18.2409975008947));
#3119=CARTESIAN_POINT('Ctrl Pts',(-20.3242038755136,1.14992169123302,18.3221878087271));
#3120=CARTESIAN_POINT('Ctrl Pts',(-20.3458563600997,0.767336947987682,18.3296837509996));
#3121=CARTESIAN_POINT('Ctrl Pts',(-20.3563485173227,0.384120475476963,18.3371796932721));
#3122=CARTESIAN_POINT('Ctrl Pts',(-20.3558334684809,0.000875110669947182,
18.3446756355446));
#3123=CARTESIAN_POINT('Ctrl Pts',(-20.348642467203,-9.13199433367303E-5,
17.9053243645245));
#3124=CARTESIAN_POINT('Ctrl Pts',(-20.3483937022074,2.12632261260039,17.8637753814542));
#3125=CARTESIAN_POINT('Ctrl Pts',(-20.0206087107389,4.25280979864959,17.8222263983839));
#3126=CARTESIAN_POINT('Ctrl Pts',(-19.3660419115398,6.27342954375826,17.7806774153137));
#3127=CARTESIAN_POINT('Ctrl Pts',(-18.0869617512858,10.2218953543503,17.6994871074812));
#3128=CARTESIAN_POINT('Ctrl Pts',(-15.5600802455376,13.7661111971518,17.6182967996487));
#3129=CARTESIAN_POINT('Ctrl Pts',(-12.2443606456007,16.2626144759427,17.5371064918162));
#3130=CARTESIAN_POINT('Ctrl Pts',(-8.92864104566386,18.7591177547335,17.4559161839838));
#3131=CARTESIAN_POINT('Ctrl Pts',(-4.82408335153827,20.2079084695136,17.3747258761513));
#3132=CARTESIAN_POINT('Ctrl Pts',(-0.675840271455034,20.3456330424594,17.2935355683188));
#3133=CARTESIAN_POINT('Ctrl Pts',(3.47240280862815,20.4833576154052,17.2123452604863));
#3134=CARTESIAN_POINT('Ctrl Pts',(7.66433127466907,19.3100160465167,17.1311549526538));
#3135=CARTESIAN_POINT('Ctrl Pts',(11.1383390974147,17.039189090894,17.0499646448213));
#3136=CARTESIAN_POINT('Ctrl Pts',(14.6123469201604,14.7683621352712,16.9687743369889));
#3137=CARTESIAN_POINT('Ctrl Pts',(17.3684340996107,11.4000497929142,16.8875840291564));
#3138=CARTESIAN_POINT('Ctrl Pts',(18.9068708878754,7.54491508114861,16.8063937213239));
#3139=CARTESIAN_POINT('Ctrl Pts',(20.44530767614,3.68978036938319,16.7252034134914));
#3140=CARTESIAN_POINT('Ctrl Pts',(20.7660940732189,-0.652176711790775,16.6440131056589));
#3141=CARTESIAN_POINT('Ctrl Pts',(19.8094588681277,-4.69048575125843,16.5628227978265));
#3142=CARTESIAN_POINT('Ctrl Pts',(18.8528236630364,-8.72879479072617,16.481632489994));
#3143=CARTESIAN_POINT('Ctrl Pts',(16.6187668557748,-12.4634557884876,16.4004421821615));
#3144=CARTESIAN_POINT('Ctrl Pts',(13.5161128423942,-15.2209223766781,16.319251874329));
#3145=CARTESIAN_POINT('Ctrl Pts',(11.9647858357039,-16.5996556707734,16.2786567204128));
#3146=CARTESIAN_POINT('Ctrl Pts',(10.1963095274838,-17.734090362476,16.2380615664965));
#3147=CARTESIAN_POINT('Ctrl Pts',(8.29954140447927,-18.5812980240994,16.1974664125803));
#3148=CARTESIAN_POINT('Ctrl Pts',(6.40277328147477,-19.4285056857229,16.1568712586641));
#3149=CARTESIAN_POINT('Ctrl Pts',(4.37771334368586,-19.9884863172672,16.1162761047478));
#3150=CARTESIAN_POINT('Ctrl Pts',(2.31563238422115,-20.2237252023956,16.0756809508316));
#3151=CARTESIAN_POINT('Ctrl Pts',(-1.80852953470827,-20.6942029726524,15.9944906429991));
#3152=CARTESIAN_POINT('Ctrl Pts',(-6.08077554034102,-19.8657137572455,15.9133003351666));
#3153=CARTESIAN_POINT('Ctrl Pts',(-9.72669225954516,-17.8831632348191,15.8321100273341));
#3154=CARTESIAN_POINT('Ctrl Pts',(-13.3726089787493,-15.9006127123927,15.7509197195016));
#3155=CARTESIAN_POINT('Ctrl Pts',(-16.3921964115249,-12.7640008829468,15.6697294116691));
#3156=CARTESIAN_POINT('Ctrl Pts',(-18.2365842778439,-9.04556576895505,15.5885391038367));
#3157=CARTESIAN_POINT('Ctrl Pts',(-19.6239380597029,-6.24854833449889,15.5274675241117));
#3158=CARTESIAN_POINT('Ctrl Pts',(-20.3463532267145,-3.12232998816835,15.4663959443867));
#3159=CARTESIAN_POINT('Ctrl Pts',(-20.3522494760912,0.0014024717800646,
15.4053243646617));
#3160=CARTESIAN_POINT('Origin',(0.,0.,-5.52082767783593));
#3161=CARTESIAN_POINT('',(-20.3506991768153,-0.000266367409623764,12.9053243647508));
#3162=CARTESIAN_POINT('',(-20.3488535782757,-0.000570416146516738,13.3446756353903));
#3163=CARTESIAN_POINT('',(-20.3527,-1.81765283982668E-12,-5.52082767783593));
#3164=CARTESIAN_POINT('Ctrl Pts',(-20.3488535782757,-0.000570416146516738,
13.3446756353903));
#3165=CARTESIAN_POINT('Ctrl Pts',(-20.3499519592316,-1.81039075265096,13.3800402031862));
#3166=CARTESIAN_POINT('Ctrl Pts',(-20.1135863238287,-3.61991239696653,13.4154047709822));
#3167=CARTESIAN_POINT('Ctrl Pts',(-19.637249549408,-5.36387681938369,13.4507693387782));
#3168=CARTESIAN_POINT('Ctrl Pts',(-18.5436710962439,-9.36768676615893,13.5319596466107));
#3169=CARTESIAN_POINT('Ctrl Pts',(-16.1852669490165,-13.025961583052,13.6131499544432));
#3170=CARTESIAN_POINT('Ctrl Pts',(-12.9893418963345,-15.6742244655863,13.6943402622756));
#3171=CARTESIAN_POINT('Ctrl Pts',(-9.79341684365256,-18.3224873481205,13.7755305701081));
#3172=CARTESIAN_POINT('Ctrl Pts',(-5.759970885516,-19.9607382962959,13.8567208779406));
#3173=CARTESIAN_POINT('Ctrl Pts',(-1.62276020205368,-20.2918643108638,13.9379111857731));
#3174=CARTESIAN_POINT('Ctrl Pts',(2.51445048140865,-20.6229903254316,14.0191014936056));
#3175=CARTESIAN_POINT('Ctrl Pts',(6.7554258901968,-19.6469914063919,14.1002918014381));
#3176=CARTESIAN_POINT('Ctrl Pts',(10.3317243983125,-17.5403509402309,14.1814821092705));
#3177=CARTESIAN_POINT('Ctrl Pts',(13.9080229064281,-15.4337104740699,14.262672417103));
#3178=CARTESIAN_POINT('Ctrl Pts',(16.8196445138714,-12.1964284607876,14.3438627249355));
#3179=CARTESIAN_POINT('Ctrl Pts',(18.5353096653307,-8.41753309917094,14.425053032768));
#3180=CARTESIAN_POINT('Ctrl Pts',(20.25097481679,-4.63863773755424,14.5062433406005));
#3181=CARTESIAN_POINT('Ctrl Pts',(20.7706835122654,-0.318129027603286,14.587433648433));
#3182=CARTESIAN_POINT('Ctrl Pts',(20.0053043729733,3.76161087017579,14.6686239562654));
#3183=CARTESIAN_POINT('Ctrl Pts',(19.6226148033273,5.80148081906528,14.7092191101817));
#3184=CARTESIAN_POINT('Ctrl Pts',(18.9186532749893,7.78115856491187,14.7498142640979));
#3185=CARTESIAN_POINT('Ctrl Pts',(17.9374437035331,9.61221902474951,14.7904094180142));
#3186=CARTESIAN_POINT('Ctrl Pts',(16.9562341320769,11.4432794845872,14.8310045719304));
#3187=CARTESIAN_POINT('Ctrl Pts',(15.6977765175024,13.125722658416,14.8715997258466));
#3188=CARTESIAN_POINT('Ctrl Pts',(14.2112306398793,14.5740471243169,14.9121948797629));
#3189=CARTESIAN_POINT('Ctrl Pts',(11.238138884633,17.4706960561188,14.9933851875954));
#3190=CARTESIAN_POINT('Ctrl Pts',(7.35269407719209,19.4308701562092,15.0745754954278));
#3191=CARTESIAN_POINT('Ctrl Pts',(3.25611665053184,20.0951031171964,15.1557658032603));
#3192=CARTESIAN_POINT('Ctrl Pts',(-0.840460776128402,20.7593360781836,15.2369561110928));
#3193=CARTESIAN_POINT('Ctrl Pts',(-5.14817082200809,20.1276279000677,15.3181464189253));
#3194=CARTESIAN_POINT('Ctrl Pts',(-8.88289862303191,18.3163718442037,15.3993367267578));
#3195=CARTESIAN_POINT('Ctrl Pts',(-12.6176264240557,16.5051157883397,15.4805270345903));
#3196=CARTESIAN_POINT('Ctrl Pts',(-15.7793719802236,13.5143118547277,15.5617173424227));
#3197=CARTESIAN_POINT('Ctrl Pts',(-17.7949162402851,9.8862320584432,15.6429076502552));
#3198=CARTESIAN_POINT('Ctrl Pts',(-19.46454206667,6.88082262730671,15.7101636453209));
#3199=CARTESIAN_POINT('Ctrl Pts',(-20.3476392839218,3.43811156372174,15.7774196403865));
#3200=CARTESIAN_POINT('Ctrl Pts',(-20.3542002909556,-0.00137478696786993,
15.8446756354521));
#3201=CARTESIAN_POINT('Ctrl Pts',(-20.3522494760912,0.0014024717800646,
15.4053243646617));
#3202=CARTESIAN_POINT('Ctrl Pts',(-20.3541918695678,1.03044944134096,15.3852056365542));
#3203=CARTESIAN_POINT('Ctrl Pts',(-20.2783753114977,2.05922663446747,15.3650869084467));
#3204=CARTESIAN_POINT('Ctrl Pts',(-20.1229557718488,3.07587602815176,15.3449681803392));
#3205=CARTESIAN_POINT('Ctrl Pts',(-19.4957510996722,7.17862431272867,15.2637778725067));
#3206=CARTESIAN_POINT('Ctrl Pts',(-17.5721534554567,11.0838624833449,15.1825875646742));
#3207=CARTESIAN_POINT('Ctrl Pts',(-14.7013981564484,14.0812994271703,15.1013972568418));
#3208=CARTESIAN_POINT('Ctrl Pts',(-11.83064285744,17.0787363709959,15.0202069490093));
#3209=CARTESIAN_POINT('Ctrl Pts',(-8.01272990363872,19.1683720880306,14.9390166411768));
#3210=CARTESIAN_POINT('Ctrl Pts',(-3.9406110401211,19.9716079382203,14.8578263333443));
#3211=CARTESIAN_POINT('Ctrl Pts',(0.131507823396524,20.77484378841,14.7766360255118));
#3212=CARTESIAN_POINT('Ctrl Pts',(4.45783259663028,20.2916797717546,14.6954457176794));
#3213=CARTESIAN_POINT('Ctrl Pts',(8.25206529528698,18.609296752922,14.6142554098469));
#3214=CARTESIAN_POINT('Ctrl Pts',(12.0462979939436,16.9269137340893,14.5330651020144));
#3215=CARTESIAN_POINT('Ctrl Pts',(15.3084386180231,14.0453117130793,14.4518747941819));
#3216=CARTESIAN_POINT('Ctrl Pts',(17.4468598496312,10.4880889079935,14.3706844863494));
#3217=CARTESIAN_POINT('Ctrl Pts',(19.5852810812392,6.93086610290771,14.2894941785169));
#3218=CARTESIAN_POINT('Ctrl Pts',(20.599982920376,2.69802251374603,14.2083038706845));
#3219=CARTESIAN_POINT('Ctrl Pts',(20.3058332914575,-1.44206251629436,14.127113562852));
#3220=CARTESIAN_POINT('Ctrl Pts',(20.011683662539,-5.58214754633475,14.0459232550195));
#3221=CARTESIAN_POINT('Ctrl Pts',(18.4086825655652,-9.62947401725389,13.964732947187));
#3222=CARTESIAN_POINT('Ctrl Pts',(15.7892871654302,-12.8487020542202,13.8835426393545));
#3223=CARTESIAN_POINT('Ctrl Pts',(13.1698917652951,-16.0679300911865,13.802352331522));
#3224=CARTESIAN_POINT('Ctrl Pts',(9.53410206199891,-18.4590596942,13.7211620236896));
#3225=CARTESIAN_POINT('Ctrl Pts',(5.53965871648434,-19.5885488589119,13.6399717158571));
#3226=CARTESIAN_POINT('Ctrl Pts',(1.54521537096976,-20.7180380236239,13.5587814080246));
#3227=CARTESIAN_POINT('Ctrl Pts',(-2.80788161676315,-20.585886750034,13.4775911001921));
#3228=CARTESIAN_POINT('Ctrl Pts',(-6.72419663600304,-19.2147993331091,13.3964007923596));
#3229=CARTESIAN_POINT('Ctrl Pts',(-10.640511655243,-17.8437119161842,13.3152104845271));
#3230=CARTESIAN_POINT('Ctrl Pts',(-14.1200447059899,-15.2336883559243,13.2340201766947));
#3231=CARTESIAN_POINT('Ctrl Pts',(-16.5424405722354,-11.8613588671169,13.1528298688622));
#3232=CARTESIAN_POINT('Ctrl Pts',(-18.1573711497323,-9.61313920791208,13.0987029969739));
#3233=CARTESIAN_POINT('Ctrl Pts',(-19.3024629785619,-7.02611691379714,13.0445761250855));
#3234=CARTESIAN_POINT('Ctrl Pts',(-19.8890312195249,-4.32052645474357,12.9904492531972));
#3235=CARTESIAN_POINT('Ctrl Pts',(-20.1965282435613,-2.90217313057695,12.9620742903818));
#3236=CARTESIAN_POINT('Ctrl Pts',(-20.3505330843799,-1.45123517275846,12.9336993275663));
#3237=CARTESIAN_POINT('Ctrl Pts',(-20.3506991768153,-0.000266367409623764,
12.9053243647508));
#3238=CARTESIAN_POINT('Origin',(0.,0.,-5.52082767783593));
#3239=CARTESIAN_POINT('',(-20.3524207944845,-0.0007348055985082,10.4053243647199));
#3240=CARTESIAN_POINT('',(-20.351061755354,0.00140695230555096,10.8446756352888));
#3241=CARTESIAN_POINT('',(-20.3527,-1.81765283982668E-12,-5.52082767783593));
#3242=CARTESIAN_POINT('Ctrl Pts',(-20.351061755354,0.00140695230555096,
10.8446756352888));
#3243=CARTESIAN_POINT('Ctrl Pts',(-20.3461723347014,-2.90428052939412,10.9014704581271));
#3244=CARTESIAN_POINT('Ctrl Pts',(-19.7244608883762,-5.81200779089316,10.9582652809654));
#3245=CARTESIAN_POINT('Ctrl Pts',(-18.5187624133683,-8.45323861699959,11.0150601038037));
#3246=CARTESIAN_POINT('Ctrl Pts',(-16.795171680147,-12.2289761422092,11.0962504116362));
#3247=CARTESIAN_POINT('Ctrl Pts',(-13.8781588397462,-15.4601078425269,11.1774407194687));
#3248=CARTESIAN_POINT('Ctrl Pts',(-10.2981149854735,-17.5597613541212,11.2586310273012));
#3249=CARTESIAN_POINT('Ctrl Pts',(-6.71807113120074,-19.6594148657155,11.3398213351336));
#3250=CARTESIAN_POINT('Ctrl Pts',(-2.47499626305614,-20.6275901885864,11.4210116429661));
#3251=CARTESIAN_POINT('Ctrl Pts',(1.66194165063226,-20.2887400700049,11.5022019507986));
#3252=CARTESIAN_POINT('Ctrl Pts',(5.79887956432065,-19.9498899514234,11.5833922586311));
#3253=CARTESIAN_POINT('Ctrl Pts',(9.8296805235528,-18.3040143913895,11.6645825664636));
#3254=CARTESIAN_POINT('Ctrl Pts',(13.0196661376194,-15.649450456731,11.7457728742961));
#3255=CARTESIAN_POINT('Ctrl Pts',(16.2096517516861,-12.9948865220724,11.8269631821285));
#3256=CARTESIAN_POINT('Ctrl Pts',(18.5588220205872,-9.33163421278933,11.908153489961));
#3257=CARTESIAN_POINT('Ctrl Pts',(19.6468361075918,-5.32570056162444,11.9893437977935));
#3258=CARTESIAN_POINT('Ctrl Pts',(20.1908431510941,-3.32273373604201,12.0299389517098));
#3259=CARTESIAN_POINT('Ctrl Pts',(20.4195611491223,-1.23409657498908,12.070534105626));
#3260=CARTESIAN_POINT('Ctrl Pts',(20.3336797746609,0.841469323487743,12.1111292595422));
#3261=CARTESIAN_POINT('Ctrl Pts',(20.2477984001996,2.91703522196462,12.1517244134585));
#3262=CARTESIAN_POINT('Ctrl Pts',(19.8473176532486,4.97952985786536,12.1923195673747));
#3263=CARTESIAN_POINT('Ctrl Pts',(19.1397071859609,6.93064069872653,12.232914721291));
#3264=CARTESIAN_POINT('Ctrl Pts',(17.7244862513854,10.8328623804488,12.3141050291234));
#3265=CARTESIAN_POINT('Ctrl Pts',(15.0807464354628,14.2895488820124,12.3952953369559));
#3266=CARTESIAN_POINT('Ctrl Pts',(11.6823639081801,16.6715197968049,12.4764856447884));
#3267=CARTESIAN_POINT('Ctrl Pts',(8.28398138089753,19.0534907115973,12.5576759526209));
#3268=CARTESIAN_POINT('Ctrl Pts',(4.130956142255,20.3607460396186,12.6388662604534));
#3269=CARTESIAN_POINT('Ctrl Pts',(-0.0198222966093268,20.3566832446777,
12.7200565682858));
#3270=CARTESIAN_POINT('Ctrl Pts',(-4.17060073547375,20.3526204497369,12.8012468761183));
#3271=CARTESIAN_POINT('Ctrl Pts',(-8.31913237455993,19.0372395318339,12.8824371839508));
#3272=CARTESIAN_POINT('Ctrl Pts',(-11.7135097786243,16.6490098506783,12.9636274917833));
#3273=CARTESIAN_POINT('Ctrl Pts',(-15.1078871826887,14.2607801695227,13.0448177996158));
#3274=CARTESIAN_POINT('Ctrl Pts',(-17.7481103517314,10.7997017251144,13.1260081074483));
#3275=CARTESIAN_POINT('Ctrl Pts',(-19.1538455567022,6.89448996458161,13.2071984152807));
#3276=CARTESIAN_POINT('Ctrl Pts',(-19.9472759276779,4.69029560070615,13.2530241553172));
#3277=CARTESIAN_POINT('Ctrl Pts',(-20.3474302858877,2.34461182195962,13.2988498953538));
#3278=CARTESIAN_POINT('Ctrl Pts',(-20.3488535782757,-0.000570416146516737,
13.3446756353903));
#3279=CARTESIAN_POINT('Ctrl Pts',(-20.3506991768153,-0.000266367409623765,
12.9053243647508));
#3280=CARTESIAN_POINT('Ctrl Pts',(-20.3508499152435,1.31657119061225,12.879572455678));
#3281=CARTESIAN_POINT('Ctrl Pts',(-20.2242897476713,2.63343415652752,12.8538205466051));
#3282=CARTESIAN_POINT('Ctrl Pts',(-19.9707596099624,3.92598794818769,12.8280686375322));
#3283=CARTESIAN_POINT('Ctrl Pts',(-19.4378751063407,6.64275326807276,12.7739417656439));
#3284=CARTESIAN_POINT('Ctrl Pts',(-18.344061446001,9.25212528385036,12.7198148937556));
#3285=CARTESIAN_POINT('Ctrl Pts',(-16.773851685673,11.5319247460068,12.6656880218673));
#3286=CARTESIAN_POINT('Ctrl Pts',(-14.418537045181,14.9516239392415,12.5844977140348));
#3287=CARTESIAN_POINT('Ctrl Pts',(-10.9913311797156,17.6297848868284,12.5033074062023));
#3288=CARTESIAN_POINT('Ctrl Pts',(-7.10288316110853,19.0780254203142,12.4221170983698));
#3289=CARTESIAN_POINT('Ctrl Pts',(-3.21443514250151,20.5262659538,12.3409267905373));
#3290=CARTESIAN_POINT('Ctrl Pts',(1.13525502924723,20.7445860731847,12.2597364827049));
#3291=CARTESIAN_POINT('Ctrl Pts',(5.15122173760448,19.6943086295259,12.1785461748724));
#3292=CARTESIAN_POINT('Ctrl Pts',(9.16718844596183,18.6440311858672,12.0973558670399));
#3293=CARTESIAN_POINT('Ctrl Pts',(12.8494316909277,16.3251561791649,12.0161655592074));
#3294=CARTESIAN_POINT('Ctrl Pts',(15.5320385238141,13.1583888387061,11.9349752513749));
#3295=CARTESIAN_POINT('Ctrl Pts',(18.2146453567005,9.99162149824743,11.8537849435425));
#3296=CARTESIAN_POINT('Ctrl Pts',(19.8976157775073,5.9769618240323,11.77259463571));
#3297=CARTESIAN_POINT('Ctrl Pts',(20.2734685354036,1.84343472299833,11.6914043278775));
#3298=CARTESIAN_POINT('Ctrl Pts',(20.6493212933,-2.29009237803555,11.610214020045));
#3299=CARTESIAN_POINT('Ctrl Pts',(19.7180563882859,-6.54248690588827,11.5290237122125));
#3300=CARTESIAN_POINT('Ctrl Pts',(17.6506224121867,-10.1411608222628,11.44783340438));
#3301=CARTESIAN_POINT('Ctrl Pts',(15.5831884360874,-13.7398347386375,11.3666430965476));
#3302=CARTESIAN_POINT('Ctrl Pts',(12.3795853889029,-16.684788043534,11.2854527887151));
#3303=CARTESIAN_POINT('Ctrl Pts',(8.61891072271401,-18.4421969729255,11.2042624808826));
#3304=CARTESIAN_POINT('Ctrl Pts',(4.85823605652523,-20.1996059023169,11.1230721730501));
#3305=CARTESIAN_POINT('Ctrl Pts',(0.540489771332171,-20.7694704562034,11.0418818652176));
#3306=CARTESIAN_POINT('Ctrl Pts',(-3.54538994569416,-20.0462833314129,10.9606915573851));
#3307=CARTESIAN_POINT('Ctrl Pts',(-7.63126966272048,-19.3230962066225,10.8795012495527));
#3308=CARTESIAN_POINT('Ctrl Pts',(-11.4852828115801,-17.3068574031549,10.7983109417202));
#3309=CARTESIAN_POINT('Ctrl Pts',(-14.4187857868147,-14.3681816625324,10.7171206338877));
#3310=CARTESIAN_POINT('Ctrl Pts',(-16.374454436971,-12.4090645021174,10.6629937619994));
#3311=CARTESIAN_POINT('Ctrl Pts',(-17.9210074544052,-10.0399753696334,10.6088668901111));
#3312=CARTESIAN_POINT('Ctrl Pts',(-18.9351373354464,-7.46391575838357,10.5547400182227));
#3313=CARTESIAN_POINT('Ctrl Pts',(-19.8682960027668,-5.09353658041908,10.5049348003884));
#3314=CARTESIAN_POINT('Ctrl Pts',(-20.3506579481456,-2.5479178101288,10.4551295825542));
#3315=CARTESIAN_POINT('Ctrl Pts',(-20.3524207944845,-0.0007348055985082,
10.4053243647199));
#3316=CARTESIAN_POINT('Origin',(0.,0.,-5.52082767783593));
#3317=CARTESIAN_POINT('',(-20.3489895738637,-0.000253915377695421,7.90532436461637));
#3318=CARTESIAN_POINT('',(-20.3561262726589,-0.000210745822348171,8.34467563524671));
#3319=CARTESIAN_POINT('',(-20.3527,-1.81765283982668E-12,-5.52082767783593));
#3320=CARTESIAN_POINT('Ctrl Pts',(-20.3561262726589,-0.000210745822348171,
8.34467563524671));
#3321=CARTESIAN_POINT('Ctrl Pts',(-20.3556530505054,-1.92402123736449,8.38230555919132));
#3322=CARTESIAN_POINT('Ctrl Pts',(-20.0759593377513,-3.84807849694466,8.41993548313592));
#3323=CARTESIAN_POINT('Ctrl Pts',(-19.5368945855948,-5.69665803505086,8.45756540708052));
#3324=CARTESIAN_POINT('Ctrl Pts',(-18.9553516460759,-7.69090524602898,8.49816056099676));
#3325=CARTESIAN_POINT('Ctrl Pts',(-18.0719503619344,-9.59731080701982,8.538755714913));
#3326=CARTESIAN_POINT('Ctrl Pts',(-16.9169268612362,-11.3217220219382,8.57935086882924));
#3327=CARTESIAN_POINT('Ctrl Pts',(-14.6068798598398,-14.7705444517749,8.66054117666172));
#3328=CARTESIAN_POINT('Ctrl Pts',(-11.2103439922168,-17.4913894973216,8.7417314844942));
#3329=CARTESIAN_POINT('Ctrl Pts',(-7.33955699340744,-18.9880165399759,8.82292179232668));
#3330=CARTESIAN_POINT('Ctrl Pts',(-3.46876999459812,-20.4846435826302,8.90411210015916));
#3331=CARTESIAN_POINT('Ctrl Pts',(0.876268135397462,-20.7570526223922,8.98530240799166));
#3332=CARTESIAN_POINT('Ctrl Pts',(4.90479263347831,-19.7569385897636,9.06649271582414));
#3333=CARTESIAN_POINT('Ctrl Pts',(8.93331713155917,-18.7568245571351,9.14768302365662));
#3334=CARTESIAN_POINT('Ctrl Pts',(12.6453279977253,-16.484187452116,9.2288733314891));
#3335=CARTESIAN_POINT('Ctrl Pts',(15.3672975099467,-13.3512348759323,9.31006363932158));
#3336=CARTESIAN_POINT('Ctrl Pts',(18.0892670221682,-10.2182822997486,9.39125394715406));
#3337=CARTESIAN_POINT('Ctrl Pts',(19.8211951804449,-6.22501425240024,9.47244425498655));
#3338=CARTESIAN_POINT('Ctrl Pts',(20.2485287743849,-2.09647080302319,9.55363456281903));
#3339=CARTESIAN_POINT('Ctrl Pts',(20.675862368325,2.03207264635388,9.63482487065152));
#3340=CARTESIAN_POINT('Ctrl Pts',(19.7986013979283,6.29589149775961,9.716015178484));
#3341=CARTESIAN_POINT('Ctrl Pts',(17.7760247097745,9.92028235201576,9.79720548631648));
#3342=CARTESIAN_POINT('Ctrl Pts',(15.7534480216206,13.5446732062719,9.87839579414896));
#3343=CARTESIAN_POINT('Ctrl Pts',(12.5855556157095,16.5296360633784,9.95958610198145));
#3344=CARTESIAN_POINT('Ctrl Pts',(8.84759548756923,18.3334982094666,10.0407764098139));
#3345=CARTESIAN_POINT('Ctrl Pts',(5.10963535942899,20.1373603555547,10.1219667176464));
#3346=CARTESIAN_POINT('Ctrl Pts',(0.801607509059585,20.7601217906246,10.2031570254789));
#3347=CARTESIAN_POINT('Ctrl Pts',(-3.29419051126684,20.0885038778708,10.2843473333114));
#3348=CARTESIAN_POINT('Ctrl Pts',(-7.38998853159326,19.416885965117,10.3655376411439));
#3349=CARTESIAN_POINT('Ctrl Pts',(-11.2735567218767,17.4508887045397,10.4467279489763));
#3350=CARTESIAN_POINT('Ctrl Pts',(-14.2396017314373,14.5476057683261,10.5279182568088));
#3351=CARTESIAN_POINT('Ctrl Pts',(-17.2056467409978,11.6443228321126,10.6091085646413));
#3352=CARTESIAN_POINT('Ctrl Pts',(-19.2541685698355,7.80375422026287,10.6902988724738));
#3353=CARTESIAN_POINT('Ctrl Pts',(-20.0133451712334,3.7232982392872,10.7714891803063));
#3354=CARTESIAN_POINT('Ctrl Pts',(-20.2414571452088,2.49723191054913,10.7958846653005));
#3355=CARTESIAN_POINT('Ctrl Pts',(-20.3531619430507,1.24950760329935,10.8202801502946));
#3356=CARTESIAN_POINT('Ctrl Pts',(-20.351061755354,0.00140695230555096,
10.8446756352888));
#3357=CARTESIAN_POINT('Ctrl Pts',(-20.3524207944845,-0.0007348055985082,
10.4053243647199));
#3358=CARTESIAN_POINT('Ctrl Pts',(-20.3525737586188,0.220287092036932,10.4010027106658));
#3359=CARTESIAN_POINT('Ctrl Pts',(-20.3491081837151,0.441320767144874,10.3966810566118));
#3360=CARTESIAN_POINT('Ctrl Pts',(-20.3420045993064,0.662252754267933,10.3923594025578));
#3361=CARTESIAN_POINT('Ctrl Pts',(-20.2530352374769,3.42933156565351,10.3382325306694));
#3362=CARTESIAN_POINT('Ctrl Pts',(-19.5933897691694,6.18045909840873,10.2841056587811));
#3363=CARTESIAN_POINT('Ctrl Pts',(-18.4105057648742,8.68311965566782,10.2299787868928));
#3364=CARTESIAN_POINT('Ctrl Pts',(-16.6361797584313,12.4371104915564,10.1487884790603));
#3365=CARTESIAN_POINT('Ctrl Pts',(-13.6845670460159,15.6320506325787,10.0675981712278));
#3366=CARTESIAN_POINT('Ctrl Pts',(-10.0796731499318,17.6869381934709,9.98640786339536));
#3367=CARTESIAN_POINT('Ctrl Pts',(-6.47477925384777,19.7418257543632,9.90521755556287));
#3368=CARTESIAN_POINT('Ctrl Pts',(-2.21660417409498,20.6566607351257,9.82402724773038));
#3369=CARTESIAN_POINT('Ctrl Pts',(1.91588057122601,20.266299328148,9.7428369398979));
#3370=CARTESIAN_POINT('Ctrl Pts',(6.04836531654691,19.8759379211704,9.66164663206542));
#3371=CARTESIAN_POINT('Ctrl Pts',(10.055159727436,18.1803801264528,9.58045632423295));
#3372=CARTESIAN_POINT('Ctrl Pts',(13.2125570456733,15.4861066381668,9.49926601640047));
#3373=CARTESIAN_POINT('Ctrl Pts',(16.3699543639106,12.7918331498806,9.41807570856798));
#3374=CARTESIAN_POINT('Ctrl Pts',(18.6779545894959,9.09884396802611,9.33688540073549));
#3375=CARTESIAN_POINT('Ctrl Pts',(19.7132760894529,5.08039273941803,9.25569509290301));
#3376=CARTESIAN_POINT('Ctrl Pts',(20.7485975894098,1.06194151081004,9.17450478507052));
#3377=CARTESIAN_POINT('Ctrl Pts',(20.5112403637383,-3.28197176455147,9.09331447723804));
#3378=CARTESIAN_POINT('Ctrl Pts',(19.0514470424681,-7.16895082207682,9.01212416940557));
#3379=CARTESIAN_POINT('Ctrl Pts',(18.321550381833,-9.11244035083954,8.97152901548932));
#3380=CARTESIAN_POINT('Ctrl Pts',(17.2860446972982,-10.9416963251431,8.93093386157309));
#3381=CARTESIAN_POINT('Ctrl Pts',(16.0022960298782,-12.5742039567065,8.89033870765684));
#3382=CARTESIAN_POINT('Ctrl Pts',(14.7185473624582,-14.2067115882698,8.8497435537406));
#3383=CARTESIAN_POINT('Ctrl Pts',(13.186555712153,-15.642470877093,8.80914839982436));
#3384=CARTESIAN_POINT('Ctrl Pts',(11.4717649928579,-16.8126631926401,8.76855324590811));
#3385=CARTESIAN_POINT('Ctrl Pts',(9.18537736713104,-18.3729196133696,8.71442637401979));
#3386=CARTESIAN_POINT('Ctrl Pts',(6.57401361875542,-19.4610569704974,8.66029950213147));
#3387=CARTESIAN_POINT('Ctrl Pts',(3.85589672082572,-19.9852518601156,8.60617263024315));
#3388=CARTESIAN_POINT('Ctrl Pts',(1.13777982289602,-20.5094467497338,8.55204575835483));
#3389=CARTESIAN_POINT('Ctrl Pts',(-1.68709022458766,-20.4696991718424,8.49791888646651));
#3390=CARTESIAN_POINT('Ctrl Pts',(-4.39086260201726,-19.873145117808,8.44379201457819));
#3391=CARTESIAN_POINT('Ctrl Pts',(-7.09463497944686,-19.2765910637736,8.38966514268986));
#3392=CARTESIAN_POINT('Ctrl Pts',(-9.6773096868223,-18.1232305335963,8.33553827080154));
#3393=CARTESIAN_POINT('Ctrl Pts',(-11.9197002925413,-16.5006807214423,8.28141139891322));
#3394=CARTESIAN_POINT('Ctrl Pts',(-15.2832862011198,-14.0668560032115,8.20022109108074));
#3395=CARTESIAN_POINT('Ctrl Pts',(-17.8812328809713,-10.5773554005331,8.11903078324826));
#3396=CARTESIAN_POINT('Ctrl Pts',(-19.2385201874776,-6.6560195897849,8.03784047541578));
#3397=CARTESIAN_POINT('Ctrl Pts',(-19.9769598686718,-4.52259510989514,7.99366843848264));
#3398=CARTESIAN_POINT('Ctrl Pts',(-20.3481688010564,-2.26134894886646,7.9494964015495));
#3399=CARTESIAN_POINT('Ctrl Pts',(-20.3489895738637,-0.00025391537769542,
7.90532436461637));
#3400=CARTESIAN_POINT('Origin',(0.,0.,-5.52082767783593));
#3401=CARTESIAN_POINT('',(-20.3518130236891,-0.000693704773814818,5.40532436455807));
#3402=CARTESIAN_POINT('',(-20.3527921947443,-0.00148048588510819,5.8446756353265));
#3403=CARTESIAN_POINT('',(-20.3527,-1.81765283982668E-12,-5.52082767783593));
#3404=CARTESIAN_POINT('Ctrl Pts',(-20.3527921947443,-0.00148048588510819,
5.8446756353265));
#3405=CARTESIAN_POINT('Ctrl Pts',(-20.3546666713076,-0.945977763875906,
5.86314066033677));
#3406=CARTESIAN_POINT('Ctrl Pts',(-20.2908955964531,-1.89022688529845,5.88160568534705));
#3407=CARTESIAN_POINT('Ctrl Pts',(-20.1599240690685,-2.82505178798332,5.90007071035731));
#3408=CARTESIAN_POINT('Ctrl Pts',(-19.5840451509665,-6.93545627301611,5.9812610181898));
#3409=CARTESIAN_POINT('Ctrl Pts',(-17.7089519891623,-10.8636584251963,6.06245132602228));
#3410=CARTESIAN_POINT('Ctrl Pts',(-14.8755682928792,-13.896549978143,6.14364163385476));
#3411=CARTESIAN_POINT('Ctrl Pts',(-12.0421845965962,-16.9294415310896,6.22483194168724));
#3412=CARTESIAN_POINT('Ctrl Pts',(-8.25051036583428,-19.0670224848028,6.30602224951972));
#3413=CARTESIAN_POINT('Ctrl Pts',(-4.18887690553194,-19.9211309370043,6.38721255735221));
#3414=CARTESIAN_POINT('Ctrl Pts',(-0.127243445229596,-20.7752393892058,
6.46840286518469));
#3415=CARTESIAN_POINT('Ctrl Pts',(4.2043492446132,-20.3458753398956,6.54959317301717));
#3416=CARTESIAN_POINT('Ctrl Pts',(8.01924306437574,-18.7107758197344,6.63078348084966));
#3417=CARTESIAN_POINT('Ctrl Pts',(11.8341368841383,-17.0756762995733,6.71197378868214));
#3418=CARTESIAN_POINT('Ctrl Pts',(15.1323318338206,-14.2348413085612,6.79316409651462));
#3419=CARTESIAN_POINT('Ctrl Pts',(17.3148874507237,-10.7047048650766,6.8743544043471));
#3420=CARTESIAN_POINT('Ctrl Pts',(19.4974430676269,-7.17456842159212,6.95554471217959));
#3421=CARTESIAN_POINT('Ctrl Pts',(20.5643593517509,-2.9551305256352,7.03673502001207));
#3422=CARTESIAN_POINT('Ctrl Pts',(20.3220106820263,1.18854659585494,7.11792532784455));
#3423=CARTESIAN_POINT('Ctrl Pts',(20.0796620123017,5.33222371734508,7.19911563567703));
#3424=CARTESIAN_POINT('Ctrl Pts',(18.5280483887284,9.40014006436842,7.28030594350951));
#3425=CARTESIAN_POINT('Ctrl Pts',(15.9486532976223,12.6512410117251,7.361496251342));
#3426=CARTESIAN_POINT('Ctrl Pts',(13.3692582065162,15.9023419590818,7.44268655917448));
#3427=CARTESIAN_POINT('Ctrl Pts',(9.76208164787726,18.3366275067718,7.52387686700697));
#3428=CARTESIAN_POINT('Ctrl Pts',(5.78244027638462,19.5173350773974,7.60506717483945));
#3429=CARTESIAN_POINT('Ctrl Pts',(3.7926195906383,20.1076888627102,7.64566232875569));
#3430=CARTESIAN_POINT('Ctrl Pts',(1.70968270167856,20.3846481537569,7.68625748267193));
#3431=CARTESIAN_POINT('Ctrl Pts',(-0.367233127199172,20.3472210921163,7.72685263658817));
#3432=CARTESIAN_POINT('Ctrl Pts',(-2.44414895607685,20.3097940304756,7.76744779050441));
#3433=CARTESIAN_POINT('Ctrl Pts',(-4.51504372487252,19.9579806161477,7.80804294442065));
#3434=CARTESIAN_POINT('Ctrl Pts',(-6.48213263989662,19.2962030336409,7.84863809833689));
#3435=CARTESIAN_POINT('Ctrl Pts',(-10.4163104699449,17.9726478686272,7.92982840616937));
#3436=CARTESIAN_POINT('Ctrl Pts',(-13.9352648849068,15.4092360308981,8.01101871400186));
#3437=CARTESIAN_POINT('Ctrl Pts',(-16.3953964943745,12.0671364251644,8.09220902183434));
#3438=CARTESIAN_POINT('Ctrl Pts',(-18.8555281038422,8.72503681943067,8.17339932966683));
#3439=CARTESIAN_POINT('Ctrl Pts',(-20.2568369078156,4.60424944569234,8.2545896374993));
#3440=CARTESIAN_POINT('Ctrl Pts',(-20.3510270492785,0.454535173159148,8.33577994533178));
#3441=CARTESIAN_POINT('Ctrl Pts',(-20.3544670587815,0.302979433771486,8.33874517530343));
#3442=CARTESIAN_POINT('Ctrl Pts',(-20.3561635624635,0.151385110116069,8.34171040527507));
#3443=CARTESIAN_POINT('Ctrl Pts',(-20.3561262726589,-0.000210745822348173,
8.34467563524671));
#3444=CARTESIAN_POINT('Ctrl Pts',(-20.3489895738637,-0.000253915377695419,
7.90532436461637));
#3445=CARTESIAN_POINT('Ctrl Pts',(-20.3496774205702,1.89465142044738,7.86830609371702));
#3446=CARTESIAN_POINT('Ctrl Pts',(-20.0902328359051,3.78945061579943,7.83128782281767));
#3447=CARTESIAN_POINT('Ctrl Pts',(-19.5687974284398,5.60882132962073,7.79426955191832));
#3448=CARTESIAN_POINT('Ctrl Pts',(-18.4251594297347,9.59915541945927,7.71307924408584));
#3449=CARTESIAN_POINT('Ctrl Pts',(-16.0212554991633,13.226652580318,7.63188893625335));
#3450=CARTESIAN_POINT('Ctrl Pts',(-12.7927915124518,15.8346886240678,7.55069862842087));
#3451=CARTESIAN_POINT('Ctrl Pts',(-9.56432752574029,18.4427246678177,7.46950832058839));
#3452=CARTESIAN_POINT('Ctrl Pts',(-5.51130348288875,20.0312995944585,7.38831801275592));
#3453=CARTESIAN_POINT('Ctrl Pts',(-1.37020550362762,20.3107801539718,7.30712770492343));
#3454=CARTESIAN_POINT('Ctrl Pts',(2.77089247563343,20.590260713485,7.22593739709095));
#3455=CARTESIAN_POINT('Ctrl Pts',(7.00006439130415,19.5606469058706,7.14474708925846));
#3456=CARTESIAN_POINT('Ctrl Pts',(10.5497103684824,17.4096674152252,7.06355678142598));
#3457=CARTESIAN_POINT('Ctrl Pts',(14.0993563456607,15.2586879245799,6.9823664735935));
#3458=CARTESIAN_POINT('Ctrl Pts',(16.9694763843466,11.9863427509037,6.90117616576102));
#3459=CARTESIAN_POINT('Ctrl Pts',(18.6384383810904,8.18616697623014,6.81998585792854));
#3460=CARTESIAN_POINT('Ctrl Pts',(20.3074003778343,4.38599120155645,6.73879555009605));
#3461=CARTESIAN_POINT('Ctrl Pts',(20.775204332636,0.0579848258853338,6.65760524226357));
#3462=CARTESIAN_POINT('Ctrl Pts',(19.957600623244,-4.01098334936588,6.57641493443109));
#3463=CARTESIAN_POINT('Ctrl Pts',(19.1399969138519,-8.07995152461709,6.4952246265986));
#3464=CARTESIAN_POINT('Ctrl Pts',(17.0369855402661,-11.8898814994484,6.41403431876612));
#3465=CARTESIAN_POINT('Ctrl Pts',(14.0291763493879,-14.7505328003502,6.33284401093364));
#3466=CARTESIAN_POINT('Ctrl Pts',(11.0213671585098,-17.611184101252,6.25165370310116));
#3467=CARTESIAN_POINT('Ctrl Pts',(7.10876015033921,-19.5225567282243,6.17046339526867));
#3468=CARTESIAN_POINT('Ctrl Pts',(3.0044030614163,-20.1344506878811,6.08927308743619));
#3469=CARTESIAN_POINT('Ctrl Pts',(-1.09995402750662,-20.746344647538,6.00808277960371));
#3470=CARTESIAN_POINT('Ctrl Pts',(-5.39606119718195,-20.0587599398795,5.92689247177123));
#3471=CARTESIAN_POINT('Ctrl Pts',(-9.1098981099364,-18.2034295298762,5.84570216393875));
#3472=CARTESIAN_POINT('Ctrl Pts',(-11.8952757945023,-16.8119317223737,5.78480943306439));
#3473=CARTESIAN_POINT('Ctrl Pts',(-14.3531264595503,-14.7635769573022,5.72391670219002));
#3474=CARTESIAN_POINT('Ctrl Pts',(-16.2316901981176,-12.2791078733751,5.66302397131566));
#3475=CARTESIAN_POINT('Ctrl Pts',(-18.1102539366847,-9.79463878944808,5.6021312404413));
#3476=CARTESIAN_POINT('Ctrl Pts',(-19.4095307487713,-6.8740553866656,5.54123850956694));
#3477=CARTESIAN_POINT('Ctrl Pts',(-19.9934146251502,-3.81555209488884,5.48034577869257));
#3478=CARTESIAN_POINT('Ctrl Pts',(-20.2332012875169,-2.55950046229172,5.45533864064774));
#3479=CARTESIAN_POINT('Ctrl Pts',(-20.3523339490548,-1.28018806547618,5.43033150260291));
#3480=CARTESIAN_POINT('Ctrl Pts',(-20.3518130236891,-0.000693704773814817,
5.40532436455807));
#3481=CARTESIAN_POINT('Origin',(0.,0.,-5.52082767783593));
#3482=CARTESIAN_POINT('',(-20.353647031678,-0.000209094656024645,2.9053243644604));
#3483=CARTESIAN_POINT('',(-20.3519171201881,0.000281675692026686,3.34467563546392));
#3484=CARTESIAN_POINT('',(-20.3527,-1.81765283982668E-12,-5.52082767783593));
#3485=CARTESIAN_POINT('Ctrl Pts',(-20.3519171201881,0.000281675692026686,
3.34467563546392));
#3486=CARTESIAN_POINT('Ctrl Pts',(-20.3507177565593,-2.04062922720705,3.38457091543689));
#3487=CARTESIAN_POINT('Ctrl Pts',(-20.0445392178207,-4.08189144102677,3.42446619540986));
#3488=CARTESIAN_POINT('Ctrl Pts',(-19.4400192483791,-6.03061131347703,3.46436147538283));
#3489=CARTESIAN_POINT('Ctrl Pts',(-18.5173318569803,-9.00497005523878,3.5252542062572));
#3490=CARTESIAN_POINT('Ctrl Pts',(-16.8996178489506,-11.7637389264768,3.58614693713156));
#3491=CARTESIAN_POINT('Ctrl Pts',(-14.7543524570523,-14.0211581828708,3.64703966800592));
#3492=CARTESIAN_POINT('Ctrl Pts',(-12.6090870651539,-16.2785774392648,3.70793239888028));
#3493=CARTESIAN_POINT('Ctrl Pts',(-9.93627028938693,-18.0346470808147,3.76882512975465));
#3494=CARTESIAN_POINT('Ctrl Pts',(-7.01279074743574,-19.1076470422126,3.82971786062901));
#3495=CARTESIAN_POINT('Ctrl Pts',(-4.08931120548455,-20.1806470036105,3.89061059150337));
#3496=CARTESIAN_POINT('Ctrl Pts',(-0.915168897349108,-20.5705772848563,
3.95150332237773));
#3497=CARTESIAN_POINT('Ctrl Pts',(2.18112218035534,-20.236798049292,4.01239605325209));
#3498=CARTESIAN_POINT('Ctrl Pts',(5.27741325805981,-19.9030188137277,4.07328878412645));
#3499=CARTESIAN_POINT('Ctrl Pts',(8.29585310533328,-18.8455300613534,4.13418151500081));
#3500=CARTESIAN_POINT('Ctrl Pts',(10.9234881180329,-17.1743464163169,4.19507424587518));
#3501=CARTESIAN_POINT('Ctrl Pts',(13.5511231307324,-15.5031627712804,4.25596697674954));
#3502=CARTESIAN_POINT('Ctrl Pts',(15.787953308858,-13.2182842335819,4.3168597076239));
#3503=CARTESIAN_POINT('Ctrl Pts',(17.4030598007269,-10.555348994981,4.37775243849826));
#3504=CARTESIAN_POINT('Ctrl Pts',(19.0181662925958,-7.89241375638004,4.43864516937262));
#3505=CARTESIAN_POINT('Ctrl Pts',(20.0115490982079,-4.85142181687669,4.49953790024699));
#3506=CARTESIAN_POINT('Ctrl Pts',(20.2789413071694,-1.74918743790378,4.56043063112135));
#3507=CARTESIAN_POINT('Ctrl Pts',(20.5463335161309,1.35304694106915,4.62132336199571));
#3508=CARTESIAN_POINT('Ctrl Pts',(20.0877351284416,4.51652375951165,4.68221609287007));
#3509=CARTESIAN_POINT('Ctrl Pts',(18.9532958577148,7.41732369720041,4.74310882374443));
#3510=CARTESIAN_POINT('Ctrl Pts',(17.818856586988,10.3181236348892,4.8040015546188));
#3511=CARTESIAN_POINT('Ctrl Pts',(16.0085764332236,12.9562466918241,4.86489428549316));
#3512=CARTESIAN_POINT('Ctrl Pts',(13.7049120726339,15.0509360503289,4.92578701636752));
#3513=CARTESIAN_POINT('Ctrl Pts',(10.6333595918476,17.8438551950019,5.00697732420001));
#3514=CARTESIAN_POINT('Ctrl Pts',(6.6846796322606,19.6706699869101,5.08816763203249));
#3515=CARTESIAN_POINT('Ctrl Pts',(2.56818625764231,20.1947191859377,5.16935793986497));
#3516=CARTESIAN_POINT('Ctrl Pts',(-1.54830711697595,20.7187683849654,5.25054824769745));
#3517=CARTESIAN_POINT('Ctrl Pts',(-5.83261390662547,19.9400519911126,5.33173855552993));
#3518=CARTESIAN_POINT('Ctrl Pts',(-9.50346924139939,18.0022322501129,5.41292886336242));
#3519=CARTESIAN_POINT('Ctrl Pts',(-13.1743245761734,16.0644125091133,5.4941191711949));
#3520=CARTESIAN_POINT('Ctrl Pts',(-16.2317284560717,12.9674894209668,5.57530947902738));
#3521=CARTESIAN_POINT('Ctrl Pts',(-18.122098058821,9.27272446795084,5.65649978685986));
#3522=CARTESIAN_POINT('Ctrl Pts',(-19.5825429214715,6.41825596269897,5.71922506968208));
#3523=CARTESIAN_POINT('Ctrl Pts',(-20.3464246391894,3.20695594210964,5.78195035250429));
#3524=CARTESIAN_POINT('Ctrl Pts',(-20.3527921947443,-0.00148048588510819,
5.8446756353265));
#3525=CARTESIAN_POINT('Ctrl Pts',(-20.3518130236891,-0.000693704773814818,
5.40532436455807));
#3526=CARTESIAN_POINT('Ctrl Pts',(-20.3510654885041,1.83539859709313,5.36943877172854));
#3527=CARTESIAN_POINT('Ctrl Pts',(-20.103919493132,3.67186561084863,5.33355317889901));
#3528=CARTESIAN_POINT('Ctrl Pts',(-19.6133313350262,5.44050776737669,5.29766758606948));
#3529=CARTESIAN_POINT('Ctrl Pts',(-18.7808732278523,8.44164115709449,5.23677485519512));
#3530=CARTESIAN_POINT('Ctrl Pts',(-17.2474660728332,11.247484755759,5.17588212432076));
#3531=CARTESIAN_POINT('Ctrl Pts',(-15.1714781436414,13.5686046894898,5.1149893934464));
#3532=CARTESIAN_POINT('Ctrl Pts',(-13.0954902144497,15.8897246232205,5.05409666257204));
#3533=CARTESIAN_POINT('Ctrl Pts',(-10.4769215110852,17.7261208920175,4.99320393169768));
#3534=CARTESIAN_POINT('Ctrl Pts',(-7.58716432669667,18.8870382509278,4.93231120082332));
#3535=CARTESIAN_POINT('Ctrl Pts',(-4.697407142308,20.0479556098382,4.87141846994895));
#3536=CARTESIAN_POINT('Ctrl Pts',(-1.53646147689531,20.5333940588619,4.81052573907459));
#3537=CARTESIAN_POINT('Ctrl Pts',(1.56844700448501,20.2933830860517,4.74963300820023));
#3538=CARTESIAN_POINT('Ctrl Pts',(4.67335548586523,20.0533721132415,4.68874027732586));
#3539=CARTESIAN_POINT('Ctrl Pts',(7.72222678321305,19.0879117185974,4.6278475464515));
#3540=CARTESIAN_POINT('Ctrl Pts',(10.3992694583717,17.4968278144923,4.56695481557714));
#3541=CARTESIAN_POINT('Ctrl Pts',(13.0763121335303,15.9057439103872,4.50606208470278));
#3542=CARTESIAN_POINT('Ctrl Pts',(15.3815261864996,13.6890364968212,4.44516935382841));
#3543=CARTESIAN_POINT('Ctrl Pts',(17.0762198716713,11.0763415148278,4.38427662295405));
#3544=CARTESIAN_POINT('Ctrl Pts',(18.7709135568429,8.46364653283451,4.32338389207969));
#3545=CARTESIAN_POINT('Ctrl Pts',(19.855086874217,5.45496398241385,4.26249116120533));
#3546=CARTESIAN_POINT('Ctrl Pts',(20.2164502209523,2.36182402790014,4.20159843033097));
#3547=CARTESIAN_POINT('Ctrl Pts',(20.5778135676877,-0.731315926613672,4.14070569945661));
#3548=CARTESIAN_POINT('Ctrl Pts',(20.2163669437844,-3.90891328522062,4.07981296858225));
#3549=CARTESIAN_POINT('Ctrl Pts',(19.169548781088,-6.84188339954804,4.01892023770788));
#3550=CARTESIAN_POINT('Ctrl Pts',(18.1227306183915,-9.77485351387547,3.95802750683352));
#3551=CARTESIAN_POINT('Ctrl Pts',(16.390540916902,-12.4631963839234,3.89713477595916));
#3552=CARTESIAN_POINT('Ctrl Pts',(14.1523565264883,-14.6285252452629,3.8362420450848));
#3553=CARTESIAN_POINT('Ctrl Pts',(11.9141721360746,-16.7938541066024,3.77534931421044));
#3554=CARTESIAN_POINT('Ctrl Pts',(9.16999305673688,-18.4361689592335,3.71445658333608));
#3555=CARTESIAN_POINT('Ctrl Pts',(6.20400129362443,-19.38539044123,3.65356385246171));
#3556=CARTESIAN_POINT('Ctrl Pts',(3.23800953051197,-20.3346119232264,3.59267112158735));
#3557=CARTESIAN_POINT('Ctrl Pts',(0.0502050836248508,-20.5907400345883,
3.53177839071299));
#3558=CARTESIAN_POINT('Ctrl Pts',(-3.02929258454329,-20.1272537187921,3.47088565983863));
#3559=CARTESIAN_POINT('Ctrl Pts',(-6.10879025271142,-19.6637674029959,3.40999292896426));
#3560=CARTESIAN_POINT('Ctrl Pts',(-9.07998114216053,-18.4806666600418,3.3491001980899));
#3561=CARTESIAN_POINT('Ctrl Pts',(-11.6351760637485,-16.7004687603782,3.28820746721554));
#3562=CARTESIAN_POINT('Ctrl Pts',(-14.1903709853364,-14.9202708607148,3.22731473634118));
#3563=CARTESIAN_POINT('Ctrl Pts',(-16.3295699390632,-12.542975804342,3.16642200546682));
#3564=CARTESIAN_POINT('Ctrl Pts',(-17.8312434576965,-9.81477073350468,3.10552927459246));
#3565=CARTESIAN_POINT('Ctrl Pts',(-19.3329169763298,-7.0865656626673,3.04463654371809));
#3566=CARTESIAN_POINT('Ctrl Pts',(-20.1970650598696,-4.0074505773654,2.98374381284373));
#3567=CARTESIAN_POINT('Ctrl Pts',(-20.334198683035,-0.89629001083594,2.92285108196937));
#3568=CARTESIAN_POINT('Ctrl Pts',(-20.3473557120141,-0.597795529411384,
2.91700884279971));
#3569=CARTESIAN_POINT('Ctrl Pts',(-20.3538205117316,-0.299006066636578,
2.91116660363006));
#3570=CARTESIAN_POINT('Ctrl Pts',(-20.353647031678,-0.000209094656024645,
2.9053243644604));
#3571=CARTESIAN_POINT('Origin',(0.,0.,-5.52082767783593));
#3572=CARTESIAN_POINT('',(-20.3527847513799,0.000205077427474406,0.405324364465711));
#3573=CARTESIAN_POINT('',(-20.351944102501,-0.000284650252182521,0.844675635550134));
#3574=CARTESIAN_POINT('',(-20.3527,-1.81765283982668E-12,-5.52082767783593));
#3575=CARTESIAN_POINT('',(-10.6745985510549,17.3287432627027,-2.31296463463574E-16));
#3576=CARTESIAN_POINT('Ctrl Pts',(-20.3527847513799,0.000205077427474405,
0.40532436446571));
#3577=CARTESIAN_POINT('Ctrl Pts',(-20.3533304097479,0.681664456604581,0.392001704725864));
#3578=CARTESIAN_POINT('Ctrl Pts',(-20.3196637385376,1.3630813627514,0.378679044986018));
#3579=CARTESIAN_POINT('Ctrl Pts',(-20.2513383646186,2.04102155119163,0.365356385246171));
#3580=CARTESIAN_POINT('Ctrl Pts',(-19.9390494758244,5.13962425138207,0.304463654371808));
#3581=CARTESIAN_POINT('Ctrl Pts',(-18.9027226315739,8.16559654756891,0.243570923497446));
#3582=CARTESIAN_POINT('Ctrl Pts',(-17.2496081581604,10.8044658268511,0.182678192623083));
#3583=CARTESIAN_POINT('Ctrl Pts',(-15.596493684747,13.4433351061332,0.121785461748721));
#3584=CARTESIAN_POINT('Ctrl Pts',(-13.3265915821706,15.6951013685107,0.0608927308743596));
#3585=CARTESIAN_POINT('Ctrl Pts',(-10.6745985510081,17.3287432627071,-1.64333901521001E-15));
#3586=CARTESIAN_POINT('',(10.6745985510549,17.3287432627027,4.62592926927149E-17));
#3587=CARTESIAN_POINT('Origin',(0.,0.,0.));
#3588=CARTESIAN_POINT('Ctrl Pts',(10.6752927812223,17.3297011752216,1.64340763220139E-12));
#3589=CARTESIAN_POINT('Ctrl Pts',(8.11806898006651,18.9040212580092,0.058718002724072));
#3590=CARTESIAN_POINT('Ctrl Pts',(5.20692872078244,19.9044888170682,0.1174360054465));
#3591=CARTESIAN_POINT('Ctrl Pts',(2.22191554043278,20.2323104546085,0.176154008168929));
#3592=CARTESIAN_POINT('Ctrl Pts',(-0.87365303853772,20.5722735634339,0.237046739043291));
#3593=CARTESIAN_POINT('Ctrl Pts',(-4.04866790828552,20.1888427316878,0.297939469917653));
#3594=CARTESIAN_POINT('Ctrl Pts',(-6.97432490912524,19.121757765722,0.358832200792015));
#3595=CARTESIAN_POINT('Ctrl Pts',(-9.89998190996496,18.0546727997562,0.419724931666377));
#3596=CARTESIAN_POINT('Ctrl Pts',(-12.5762810418966,16.3039336995706,0.480617662540739));
#3597=CARTESIAN_POINT('Ctrl Pts',(-14.7260760383459,14.0508254839622,0.541510393415101));
#3598=CARTESIAN_POINT('Ctrl Pts',(-16.8758710347951,11.7977172683538,0.602403124289463));
#3599=CARTESIAN_POINT('Ctrl Pts',(-18.499161895762,9.0422399373226,0.663295855163825));
#3600=CARTESIAN_POINT('Ctrl Pts',(-19.4278427935232,6.06975209053817,0.724188586038188));
#3601=CARTESIAN_POINT('Ctrl Pts',(-20.0403626553863,4.10922092241453,0.764350935876051));
#3602=CARTESIAN_POINT('Ctrl Pts',(-20.3507146111592,2.05428625215557,0.804513285713914));
#3603=CARTESIAN_POINT('Ctrl Pts',(-20.3519441024981,-0.000284650252181528,
0.844675635551777));
#3604=CARTESIAN_POINT('Origin',(0.,0.,-5.52082767783593));
#3605=CARTESIAN_POINT('Ctrl Pts',(-20.351944102501,-0.000284650252182521,
0.844675635550134));
#3606=CARTESIAN_POINT('Ctrl Pts',(-20.3525787223387,-1.06078130558656,0.865406016586633));
#3607=CARTESIAN_POINT('Ctrl Pts',(-20.2708551306448,-2.12118104376646,0.886136397623133));
#3608=CARTESIAN_POINT('Ctrl Pts',(-20.105816939537,-3.1684515104479,0.906866778659632));
#3609=CARTESIAN_POINT('Ctrl Pts',(-19.621039253231,-6.24466890211192,0.967759509533993));
#3610=CARTESIAN_POINT('Ctrl Pts',(-18.4174129460633,-9.20760532290189,1.02865224040835));
#3611=CARTESIAN_POINT('Ctrl Pts',(-16.6195817845479,-11.7504246403142,1.08954497128272));
#3612=CARTESIAN_POINT('Ctrl Pts',(-14.8217506230325,-14.2932439577266,1.15043770215708));
#3613=CARTESIAN_POINT('Ctrl Pts',(-12.4297146071695,-16.4159461717613,1.21133043303144));
#3614=CARTESIAN_POINT('Ctrl Pts',(-9.69118692871766,-17.8987110876328,1.2722231639058));
#3615=CARTESIAN_POINT('Ctrl Pts',(-6.95265925026586,-19.3814760035043,1.33311589478017));
#3616=CARTESIAN_POINT('Ctrl Pts',(-3.86763990922529,-20.2243036212126,1.39400862565453));
#3617=CARTESIAN_POINT('Ctrl Pts',(-0.755605136655906,-20.3399123163107,
1.45490135652889));
#3618=CARTESIAN_POINT('Ctrl Pts',(2.35642963591349,-20.4555210114088,1.51579408740325));
#3619=CARTESIAN_POINT('Ctrl Pts',(5.49547984001173,-19.8439107838965,1.57668681827761));
#3620=CARTESIAN_POINT('Ctrl Pts',(8.33647367060005,-18.568418725689,1.63757954915197));
#3621=CARTESIAN_POINT('Ctrl Pts',(11.1774675011884,-17.2929266674814,1.69847228002633));
#3622=CARTESIAN_POINT('Ctrl Pts',(13.7204049582668,-15.3535527785785,1.7593650109007));
#3623=CARTESIAN_POINT('Ctrl Pts',(15.7019463078071,-12.9511332081438,1.82025774177506));
#3624=CARTESIAN_POINT('Ctrl Pts',(17.6834876573473,-10.548713637709,1.88115047264942));
#3625=CARTESIAN_POINT('Ctrl Pts',(19.1036328993493,-7.68324838574257,1.94204320352378));
#3626=CARTESIAN_POINT('Ctrl Pts',(19.8153154173779,-4.65147767539615,2.00293593439814));
#3627=CARTESIAN_POINT('Ctrl Pts',(20.5269979354065,-1.61970696504974,2.06382866527251));
#3628=CARTESIAN_POINT('Ctrl Pts',(20.5302177294618,1.5783692036766,2.12472139614687));
#3629=CARTESIAN_POINT('Ctrl Pts',(19.8246416303374,4.61156695285157,2.18561412702123));
#3630=CARTESIAN_POINT('Ctrl Pts',(19.1190655312129,7.64476470202659,2.24650685789559));
#3631=CARTESIAN_POINT('Ctrl Pts',(17.7046935389086,10.5130840316502,2.30739958876995));
#3632=CARTESIAN_POINT('Ctrl Pts',(15.7279937589014,12.919488730374,2.36829231964432));
#3633=CARTESIAN_POINT('Ctrl Pts',(13.7512939788942,15.3258934290977,2.42918505051868));
#3634=CARTESIAN_POINT('Ctrl Pts',(11.2122664111842,17.2703834969216,2.49007778139304));
#3635=CARTESIAN_POINT('Ctrl Pts',(8.37384695655954,18.5515940166309,2.55097051226741));
#3636=CARTESIAN_POINT('Ctrl Pts',(5.53542750193488,19.8328045363403,2.61186324314177));
#3637=CARTESIAN_POINT('Ctrl Pts',(2.39761616039558,20.4507355079351,2.67275597401613));
#3638=CARTESIAN_POINT('Ctrl Pts',(-0.714645521905846,20.3413931294407,2.73364870489049));
#3639=CARTESIAN_POINT('Ctrl Pts',(-3.82690720420725,20.2320507509463,2.79454143576485));
#3640=CARTESIAN_POINT('Ctrl Pts',(-6.91361922727076,19.3954350223626,2.85543416663921));
#3641=CARTESIAN_POINT('Ctrl Pts',(-9.65512630796928,17.9181885129044,2.91632689751357));
#3642=CARTESIAN_POINT('Ctrl Pts',(-12.3966333886679,16.4409420034462,2.97721962838793));
#3643=CARTESIAN_POINT('Ctrl Pts',(-14.7929355270015,14.3230647131135,3.0381123592623));
#3644=CARTESIAN_POINT('Ctrl Pts',(-16.5958850168313,11.7838689396263,3.09900509013666));
#3645=CARTESIAN_POINT('Ctrl Pts',(-18.3988345066612,9.24467316613916,3.15989782101102));
#3646=CARTESIAN_POINT('Ctrl Pts',(-19.6084313479874,6.28415890949748,3.22079055188538));
#3647=CARTESIAN_POINT('Ctrl Pts',(-20.0993993812665,3.20892747503391,3.28168328275974));
#3648=CARTESIAN_POINT('Ctrl Pts',(-20.2686983603878,2.14850498899368,3.30268073366114));
#3649=CARTESIAN_POINT('Ctrl Pts',(-20.3525483622529,1.07444199006444,3.32367818456253));
#3650=CARTESIAN_POINT('Ctrl Pts',(-20.3519171201881,0.000281675692026685,
3.34467563546392));
#3651=CARTESIAN_POINT('Ctrl Pts',(-20.353647031678,-0.000209094656024643,
2.90532436446041));
#3652=CARTESIAN_POINT('Ctrl Pts',(-20.3520123566887,2.81530731090996,2.8502738727557));
#3653=CARTESIAN_POINT('Ctrl Pts',(-19.7609652490181,5.63149045837003,2.795223381051));
#3654=CARTESIAN_POINT('Ctrl Pts',(-18.6256427364416,8.20782578376677,2.74017288934629));
#3655=CARTESIAN_POINT('Ctrl Pts',(-17.3698340038919,11.0575749640832,2.67928015847193));
#3656=CARTESIAN_POINT('Ctrl Pts',(-15.4480973760015,13.6138672769589,2.61838742759756));
#3657=CARTESIAN_POINT('Ctrl Pts',(-13.0594427537885,15.6119801575273,2.5574946967232));
#3658=CARTESIAN_POINT('Ctrl Pts',(-10.6707881315756,17.6100930380956,2.49660196584884));
#3659=CARTESIAN_POINT('Ctrl Pts',(-7.81521551504011,19.0500264863568,2.43570923497448));
#3660=CARTESIAN_POINT('Ctrl Pts',(-4.78844042180453,19.7826644479716,2.37481650410011));
#3661=CARTESIAN_POINT('Ctrl Pts',(-1.76166532856895,20.5153024095865,2.31392377322575));
#3662=CARTESIAN_POINT('Ctrl Pts',(1.43631224136676,20.5406448845551,2.25303104235139));
#3663=CARTESIAN_POINT('Ctrl Pts',(4.47431822523729,19.8560681253329,2.19213831147703));
#3664=CARTESIAN_POINT('Ctrl Pts',(7.51232420910781,19.1714913661108,2.13124558060267));
#3665=CARTESIAN_POINT('Ctrl Pts',(10.3903586069132,17.7769953726979,2.07035284972831));
#3666=CARTESIAN_POINT('Ctrl Pts',(12.8103798613278,15.8169892161329,2.00946011885395));
#3667=CARTESIAN_POINT('Ctrl Pts',(15.2304011157424,13.856983059568,1.94856738797958));
#3668=CARTESIAN_POINT('Ctrl Pts',(17.1924092267662,11.3314667398511,1.88767465710522));
#3669=CARTESIAN_POINT('Ctrl Pts',(18.4932237809103,8.50197837233869,1.82678192623086));
#3670=CARTESIAN_POINT('Ctrl Pts',(19.7940383350545,5.67249000482624,1.7658891953565));
#3671=CARTESIAN_POINT('Ctrl Pts',(20.4336593323189,2.53902958951838,1.70499646448213));
#3672=CARTESIAN_POINT('Ctrl Pts',(20.3458494636828,-0.573914618058274,1.64410373360777));
#3673=CARTESIAN_POINT('Ctrl Pts',(20.2580395950466,-3.68685882563484,1.58321100273341));
#3674=CARTESIAN_POINT('Ctrl Pts',(19.44279886051,-6.77928682548017,1.52231827185905));
#3675=CARTESIAN_POINT('Ctrl Pts',(17.9845511475375,-9.53094612140773,1.46142554098469));
#3676=CARTESIAN_POINT('Ctrl Pts',(16.526303434565,-12.2826054173353,1.40053281011033));
#3677=CARTESIAN_POINT('Ctrl Pts',(14.4250487431566,-14.6934960093451,1.33964007923596));
#3678=CARTESIAN_POINT('Ctrl Pts',(11.8983879576597,-16.5139697096609,1.2787473483616));
#3679=CARTESIAN_POINT('Ctrl Pts',(9.37172717216279,-18.3344434099767,1.21785461748724));
#3680=CARTESIAN_POINT('Ctrl Pts',(6.41966029257742,-19.5645002185985,1.15696188661288));
#3681=CARTESIAN_POINT('Ctrl Pts',(3.3478944744545,-20.0767252625907,1.09606915573852));
#3682=CARTESIAN_POINT('Ctrl Pts',(0.276128656331486,-20.5889503065829,1.03517642486415));
#3683=CARTESIAN_POINT('Ctrl Pts',(-2.91533610032898,-20.3833435859455,0.97428369398979));
#3684=CARTESIAN_POINT('Ctrl Pts',(-5.89599816634123,-19.4812621744576,0.913390963115427));
#3685=CARTESIAN_POINT('Ctrl Pts',(-8.87666023235338,-18.5791807629697,0.852498232241066));
#3686=CARTESIAN_POINT('Ctrl Pts',(-11.6465196077173,-16.9806246606313,0.791605501366704));
#3687=CARTESIAN_POINT('Ctrl Pts',(-13.9187409849005,-14.8510097426444,0.730712770492343));
#3688=CARTESIAN_POINT('Ctrl Pts',(-16.1909623620837,-12.7213948246575,0.669820039617981));
#3689=CARTESIAN_POINT('Ctrl Pts',(-17.9655457410862,-10.0607210910221,0.608927308743619));
#3690=CARTESIAN_POINT('Ctrl Pts',(-19.0587119639184,-7.14476767210738,0.548034577869257));
#3691=CARTESIAN_POINT('Ctrl Pts',(-19.9127054412232,-4.86679278789819,0.500464506734742));
#3692=CARTESIAN_POINT('Ctrl Pts',(-20.3508364161461,-2.43302310491381,0.452894435600227));
#3693=CARTESIAN_POINT('Ctrl Pts',(-20.3527847513799,0.000205077427474406,
0.405324364465711));
#3694=CARTESIAN_POINT('Ctrl Pts',(5.13842358196685,-18.0418905746417,1.14527415329135E-10));
#3695=CARTESIAN_POINT('Ctrl Pts',(7.89955676673261,-17.2555055884976,0.0608927309888895));
#3696=CARTESIAN_POINT('Ctrl Pts',(13.052896509681,-14.3949521451277,0.182678192737613));
#3697=CARTESIAN_POINT('Ctrl Pts',(18.0803318964231,-7.11847157031886,0.365356385360699));
#3698=CARTESIAN_POINT('Ctrl Pts',(19.3626419254468,1.63055927603612,0.548034577983786));
#3699=CARTESIAN_POINT('Ctrl Pts',(16.6348800915731,10.0427595324421,0.73071277060687));
#3700=CARTESIAN_POINT('Ctrl Pts',(10.4616795136901,16.3745062074068,0.913390963229958));
#3701=CARTESIAN_POINT('Ctrl Pts',(2.12176860923208,19.3150840769759,1.09606915585304));
#3702=CARTESIAN_POINT('Ctrl Pts',(-6.65762115139272,18.2551050047983,1.27874734847613));
#3703=CARTESIAN_POINT('Ctrl Pts',(-14.058104658513,13.4142872182687,1.46142554109921));
#3704=CARTESIAN_POINT('Ctrl Pts',(-18.546956106359,5.79514187421535,1.6441037337223));
#3705=CARTESIAN_POINT('Ctrl Pts',(-19.194456604761,-3.0242460819716,1.82678192634539));
#3706=CARTESIAN_POINT('Ctrl Pts',(-15.866505410745,-11.2172767099322,2.00946011896847));
#3707=CARTESIAN_POINT('Ctrl Pts',(-9.25236690605302,-17.087040272853,2.19213831159156));
#3708=CARTESIAN_POINT('Ctrl Pts',(-0.721927956230211,-19.4178292056277,
2.37481650421464));
#3709=CARTESIAN_POINT('Ctrl Pts',(7.95803322210165,-17.7268993744654,2.55749469683773));
#3710=CARTESIAN_POINT('Ctrl Pts',(14.9897686067478,-12.3644691812444,2.74017288946082));
#3711=CARTESIAN_POINT('Ctrl Pts',(18.9169031533593,-4.44117524564019,2.9228510820839));
#3712=CARTESIAN_POINT('Ctrl Pts',(18.9260688021505,4.40195048548955,3.10552927470699));
#3713=CARTESIAN_POINT('Ctrl Pts',(15.0153686733216,12.3333689754088,3.28820746733007));
#3714=CARTESIAN_POINT('Ctrl Pts',(7.99476343051357,17.7103631986199,3.47088565995316));
#3715=CARTESIAN_POINT('Ctrl Pts',(-0.681671210439185,19.4192859167429,3.65356385257625));
#3716=CARTESIAN_POINT('Ctrl Pts',(-9.2169284956519,17.1061802436542,3.83624204519933));
#3717=CARTESIAN_POINT('Ctrl Pts',(-15.8432114523791,11.2501512511835,4.01892023782242));
#3718=CARTESIAN_POINT('Ctrl Pts',(-19.1881581493032,3.06401630044079,4.2015984304455));
#3719=CARTESIAN_POINT('Ctrl Pts',(-18.5589062040445,-5.75665455385922,4.38427662306859));
#3720=CARTESIAN_POINT('Ctrl Pts',(-14.0859280918181,-13.3851674580116,4.56695481569168));
#3721=CARTESIAN_POINT('Ctrl Pts',(-6.69536159232863,-18.2411639419231,4.74963300831476));
#3722=CARTESIAN_POINT('Ctrl Pts',(2.08155194327474,-19.3196359798137,4.93231120093784));
#3723=CARTESIAN_POINT('Ctrl Pts',(10.428045281621,-16.3957800322795,5.11498939356094));
#3724=CARTESIAN_POINT('Ctrl Pts',(16.6133797650589,-10.0779562449067,5.29766758618401));
#3725=CARTESIAN_POINT('Ctrl Pts',(19.3604711464893,-1.66927154816991,5.48034577880711));
#3726=CARTESIAN_POINT('Ctrl Pts',(18.0926423667717,7.07822006280449,5.66302397143018));
#3727=CARTESIAN_POINT('Ctrl Pts',(12.5310198945749,15.1836936513166,5.86599974101141));
#3728=CARTESIAN_POINT('Ctrl Pts',(2.5223948183058,19.8144382576601,6.08927308755071));
#3729=CARTESIAN_POINT('Ctrl Pts',(-9.32437403097338,17.6615305966015,6.33284401104818));
#3730=CARTESIAN_POINT('Ctrl Pts',(-17.7787757246979,9.0983578810615,6.57641493454562));
#3731=CARTESIAN_POINT('Ctrl Pts',(-19.7792509364745,-2.77123842709178,6.81998585804306));
#3732=CARTESIAN_POINT('Ctrl Pts',(-14.594679596191,-13.6334183407895,7.06355678154051));
#3733=CARTESIAN_POINT('Ctrl Pts',(-4.11034772396226,-19.5444385609792,7.30712770503796));
#3734=CARTESIAN_POINT('Ctrl Pts',(7.86714455300033,-18.3575426669024,7.55069862853541));
#3735=CARTESIAN_POINT('Ctrl Pts',(16.9873460716599,-10.5025089667525,7.79426955203286));
#3736=CARTESIAN_POINT('Ctrl Pts',(19.9378644784417,1.16473688411067,8.03784047553031));
#3737=CARTESIAN_POINT('Ctrl Pts',(15.6477705781381,12.4132194558902,8.28141139902774));
#3738=CARTESIAN_POINT('Ctrl Pts',(7.33598244201764,18.0227482908714,8.48438716860896));
#3739=CARTESIAN_POINT('Ctrl Pts',(-0.343468029349826,19.0440842379148,8.64676778427392));
#3740=CARTESIAN_POINT('Ctrl Pts',(-7.97858978707947,17.7472267363877,8.8091483999389));
#3741=CARTESIAN_POINT('Ctrl Pts',(-16.0874309674054,11.8406417970203,9.01212416952009));
#3742=CARTESIAN_POINT('Ctrl Pts',(-19.3167244656509,2.34527848526067,9.21509993910131));
#3743=CARTESIAN_POINT('Ctrl Pts',(-18.2857964970022,-5.33110634464127,9.37748055476626));
#3744=CARTESIAN_POINT('Ctrl Pts',(-15.0290350049447,-12.3598388495855,9.53986117043125));
#3745=CARTESIAN_POINT('Ctrl Pts',(-7.20264217247639,-18.6296673783524,9.74283694001242));
#3746=CARTESIAN_POINT('Ctrl Pts',(4.81197102369453,-19.3832729133982,9.9864078635099));
#3747=CARTESIAN_POINT('Ctrl Pts',(15.0763845499826,-13.0994194620083,10.2299787870073));
#3748=CARTESIAN_POINT('Ctrl Pts',(19.8657348414787,-2.05761931900713,10.4735497105048));
#3749=CARTESIAN_POINT('Ctrl Pts',(17.4403360207267,9.73250561538644,10.7171206340022));
#3750=CARTESIAN_POINT('Ctrl Pts',(8.68091731251212,17.9866036169279,10.9606915574997));
#3751=CARTESIAN_POINT('Ctrl Pts',(-3.23132855232747,19.708979280311,11.2042624809971));
#3752=CARTESIAN_POINT('Ctrl Pts',(-13.9700968059142,14.2730417837503,11.4478334044946));
#3753=CARTESIAN_POINT('Ctrl Pts',(-19.6348601555782,3.65350282921783,11.691404327992));
#3754=CARTESIAN_POINT('Ctrl Pts',(-18.1692246447662,-8.29289172983841,11.9349752514895));
#3755=CARTESIAN_POINT('Ctrl Pts',(-10.1035430779808,-17.2276602762616,12.1785461749869));
#3756=CARTESIAN_POINT('Ctrl Pts',(1.62907039663417,-19.9051481136613,12.4221170984844));
#3757=CARTESIAN_POINT('Ctrl Pts',(12.7749314883811,-15.354403785294,12.6656880219818));
#3758=CARTESIAN_POINT('Ctrl Pts',(18.1883344921435,-6.91339544452022,12.868663791563));
#3759=CARTESIAN_POINT('Ctrl Pts',(19.0318125380879,0.787076367407798,13.031044407228));
#3760=CARTESIAN_POINT('Ctrl Pts',(17.5555248473597,8.39123340095397,13.1934250228929));
#3761=CARTESIAN_POINT('Ctrl Pts',(11.4638372769914,16.3565971980733,13.3964007924742));
#3762=CARTESIAN_POINT('Ctrl Pts',(-0.0197486023529962,19.9716810821436,
13.6399717159716));
#3763=CARTESIAN_POINT('Ctrl Pts',(-11.4911242959044,16.3348101288049,13.8835426394691));
#3764=CARTESIAN_POINT('Ctrl Pts',(-18.7919931109482,6.76466289960195,14.1271135629665));
#3765=CARTESIAN_POINT('Ctrl Pts',(-19.2658725370386,-5.26186790637337,14.370684486464));
#3766=CARTESIAN_POINT('Ctrl Pts',(-12.7448568591804,-15.3777008117237,14.6142554099614));
#3767=CARTESIAN_POINT('Ctrl Pts',(-1.59195150916583,-19.9080238685235,14.8578263334588));
#3768=CARTESIAN_POINT('Ctrl Pts',(10.1350162285731,-17.2095989939744,15.1013972569563));
#3769=CARTESIAN_POINT('Ctrl Pts',(18.1863211556106,-8.25830233844296,15.3449681804537));
#3770=CARTESIAN_POINT('Ctrl Pts',(19.3841724146111,1.69733569274169,15.5479439500349));
#3771=CARTESIAN_POINT('Ctrl Pts',(16.7889868272204,8.99619228935146,15.7103245656999));
#3772=CARTESIAN_POINT('Ctrl Pts',(12.1494235114979,15.1992495810528,15.8727051813649));
#3773=CARTESIAN_POINT('Ctrl Pts',(3.1963942315406,19.7163106299945,16.0756809509461));
#3774=CARTESIAN_POINT('Ctrl Pts',(-8.71507581539888,17.9699030796834,16.3192518744435));
#3775=CARTESIAN_POINT('Ctrl Pts',(-17.457988066117,9.70017316884846,16.562822797941));
#3776=CARTESIAN_POINT('Ctrl Pts',(-19.8621924955647,-2.09405790664399,16.8063937214384));
#3777=CARTESIAN_POINT('Ctrl Pts',(-15.051881255509,-13.1269515239836,17.0499646449359));
#3778=CARTESIAN_POINT('Ctrl Pts',(-4.77544772645569,-19.3927795251934,17.2935355684333));
#3779=CARTESIAN_POINT('Ctrl Pts',(7.23558687980768,-18.6152574660261,17.5371064919308));
#3780=CARTESIAN_POINT('Ctrl Pts',(16.6186624118815,-11.0771010207501,17.7806774154282));
#3781=CARTESIAN_POINT('Ctrl Pts',(19.966163626543,0.484129270470066,18.0242483389257));
#3782=CARTESIAN_POINT('Ctrl Pts',(16.0622996411877,11.8695052251349,18.2678192624231));
#3783=CARTESIAN_POINT('Ctrl Pts',(6.32481346514191,18.944084748368,18.5113901859205));
#3784=CARTESIAN_POINT('Ctrl Pts',(-5.70958711008149,19.1384995649161,18.754961109418));
#3785=CARTESIAN_POINT('Ctrl Pts',(-15.67066536611,12.382107436414,18.9985320329154));
#3786=CARTESIAN_POINT('Ctrl Pts',(-19.9398326280019,1.12879944728722,19.2421029564129));
#3787=CARTESIAN_POINT('Ctrl Pts',(-16.9683238147127,-10.5345819171446,19.4856738799104));
#3788=CARTESIAN_POINT('Ctrl Pts',(-7.83202360117548,-18.371762861441,19.7292448034078));
#3789=CARTESIAN_POINT('Ctrl Pts',(4.14453213624867,-19.537050923985,19.9728157269052));
#3790=CARTESIAN_POINT('Ctrl Pts',(14.6240607136544,-13.605975078104,20.2163866504027));
#3791=CARTESIAN_POINT('Ctrl Pts',(19.2030950871944,-3.94314255633098,20.432894137956));
#3792=CARTESIAN_POINT('Ctrl Pts',(18.5815462776643,5.15995155279484,20.6223381895651));
#3793=CARTESIAN_POINT('Ctrl Pts',(15.0139575033678,12.1108618733324,20.7847188052301));
#3794=CARTESIAN_POINT('Ctrl Pts',(8.97064302633618,17.0745806192518,20.947099420895));
#3795=CARTESIAN_POINT('Ctrl Pts',(1.45992154934963,19.2326778947836,21.10948003656));
#3796=CARTESIAN_POINT('Ctrl Pts',(-6.29509324022506,18.2327035565441,21.271860652225));
#3797=CARTESIAN_POINT('Ctrl Pts',(-12.2648381646224,14.6800821276583,21.4161989772605));
#3798=CARTESIAN_POINT('Ctrl Pts',(-15.5602891915618,10.7194326891035,21.5244527210371));
#3799=CARTESIAN_POINT('Ctrl Pts',(-17.163749385754,7.70977167254228,21.5966218835549));
#3800=CARTESIAN_POINT('Ctrl Pts',(-18.9459223732069,2.91535264544793,21.7048756273316));
#3801=CARTESIAN_POINT('Ctrl Pts',(-19.0593156254921,-5.03015520875645,21.8672562429965));
#3802=CARTESIAN_POINT('Ctrl Pts',(-14.1466283730532,-13.4046917615552,22.0657214399204));
#3803=CARTESIAN_POINT('Ctrl Pts',(-6.80273072427432,-18.0458289706744,22.2461443462148));
#3804=CARTESIAN_POINT('Ctrl Pts',(0.916052428993159,-19.2674574591079,22.4085249618797));
#3805=CARTESIAN_POINT('Ctrl Pts',(8.48825625940778,-17.3195220324858,22.5709055775447));
#3806=CARTESIAN_POINT('Ctrl Pts',(14.6644621499788,-12.5293141574771,22.7332861932097));
#3807=CARTESIAN_POINT('Ctrl Pts',(18.4328739003761,-5.67994559162231,22.8956668088746));
#3808=CARTESIAN_POINT('Ctrl Pts',(19.1731475754024,2.10178683281654,23.0580474245396));
#3809=CARTESIAN_POINT('Ctrl Pts',(16.764462196648,9.5386066811035,23.2204280402046));
#3810=CARTESIAN_POINT('Ctrl Pts',(11.6019829873696,15.4084947770133,23.3828086558695));
#3811=CARTESIAN_POINT('Ctrl Pts',(4.53403553523299,18.7476608230353,23.5451892715345));
#3812=CARTESIAN_POINT('Ctrl Pts',(-3.27890964977381,19.0072690771193,23.7075698871994));
#3813=CARTESIAN_POINT('Ctrl Pts',(-10.5528011939708,16.1452390663186,23.8699505028644));
#3814=CARTESIAN_POINT('Ctrl Pts',(-15.4786006501781,11.2433460394844,24.0142888278999));
#3815=CARTESIAN_POINT('Ctrl Pts',(-18.0739717248263,5.8234600530278,24.140584862306));
#3816=CARTESIAN_POINT('Ctrl Pts',(-19.2856193319117,-0.9371279704859,24.2849231873415));
#3817=CARTESIAN_POINT('Ctrl Pts',(-17.2569963201393,-9.52921825653155,24.465346093636));
#3818=CARTESIAN_POINT('Ctrl Pts',(-10.4464434477783,-16.4517421156109,24.6638112905598));
#3819=CARTESIAN_POINT('Ctrl Pts',(-2.19456621771602,-19.1602958115634,24.8442341968542));
#3820=CARTESIAN_POINT('Ctrl Pts',(5.59247480319901,-18.4623077453597,25.0066148125192));
#3821=CARTESIAN_POINT('Ctrl Pts',(12.4540126089194,-14.7225803165882,25.1689954281841));
#3822=CARTESIAN_POINT('Ctrl Pts',(18.0922476562028,-7.55036619086387,25.3584394797932));
#3823=CARTESIAN_POINT('Ctrl Pts',(19.7451388119453,3.01611552981062,25.5749469673465));
#3824=CARTESIAN_POINT('Ctrl Pts',(14.4233052371372,13.8138333841301,25.818517890844));
#3825=CARTESIAN_POINT('Ctrl Pts',(3.86499177090362,19.5969143056218,26.0620888143414));
#3826=CARTESIAN_POINT('Ctrl Pts',(-6.76282433444638,18.400640031695,26.2785963018947));
#3827=CARTESIAN_POINT('Ctrl Pts',(-14.1716711439751,13.078295674082,26.4680403535039));
#3828=CARTESIAN_POINT('Ctrl Pts',(-18.2038640399913,6.38206767245773,26.6304209691688));
#3829=CARTESIAN_POINT('Ctrl Pts',(-19.2365311813144,-1.3627362114251,26.7928015848338));
#3830=CARTESIAN_POINT('Ctrl Pts',(-16.8879317548977,-9.73346323178739,26.9732244911282));
#3831=CARTESIAN_POINT('Ctrl Pts',(-11.4679843361971,-15.5293907887972,27.1356051067932));
#3832=CARTESIAN_POINT('Ctrl Pts',(-3.19976849442066,-19.1404460716279,27.3250491584023));
#3833=CARTESIAN_POINT('Ctrl Pts',(6.59113488546459,-18.8577894461326,27.5235143553262));
#3834=CARTESIAN_POINT('Ctrl Pts',(16.2329876920129,-11.6346659368953,27.7670852788236));
#3835=CARTESIAN_POINT('Ctrl Pts',(19.9695876543145,-0.200743070410638,28.010656202321));
#3836=CARTESIAN_POINT('Ctrl Pts',(16.4595744457138,11.3169930749462,28.2542271258185));
#3837=CARTESIAN_POINT('Ctrl Pts',(8.54860172860463,17.479387650597,28.4572028953997));
#3838=CARTESIAN_POINT('Ctrl Pts',(0.958042703789706,19.0233802283408,28.6195835110646));
#3839=CARTESIAN_POINT('Ctrl Pts',(-6.74975739824914,18.2500543771142,28.7819641267296));
#3840=CARTESIAN_POINT('Ctrl Pts',(-15.2388252474805,12.9123117179981,28.9849398963109));
#3841=CARTESIAN_POINT('Ctrl Pts',(-19.8897417322468,1.80801923504778,29.2285108198082));
#3842=CARTESIAN_POINT('Ctrl Pts',(-17.3177956080638,-9.94824921483288,29.4720817433058));
#3843=CARTESIAN_POINT('Ctrl Pts',(-8.45587464405851,-18.0939878887891,29.7156526668031));
#3844=CARTESIAN_POINT('Ctrl Pts',(3.47674241680085,-19.666778948473,29.9592235903006));
#3845=CARTESIAN_POINT('Ctrl Pts',(14.1470407172059,-14.0981278177532,30.2027945137981));
#3846=CARTESIAN_POINT('Ctrl Pts',(19.6787903910778,-3.40785927040852,30.4463654372955));
#3847=CARTESIAN_POINT('Ctrl Pts',(18.0645835643552,8.51782773051495,30.689936360793));
#3848=CARTESIAN_POINT('Ctrl Pts',(9.88761017609137,17.3541338439753,30.9335072842904));
#3849=CARTESIAN_POINT('Ctrl Pts',(0.302312785157801,19.411728212653,31.1319724812143));
#3850=CARTESIAN_POINT('Ctrl Pts',(-6.8001897592327,17.7266653356446,31.2853319515645));
#3851=CARTESIAN_POINT('Ctrl Pts',(-12.8258945632339,14.4351171157135,31.4296702766));
#3852=CARTESIAN_POINT('Ctrl Pts',(-18.2452497873149,7.46275225523085,31.6100931828944));
#3853=CARTESIAN_POINT('Ctrl Pts',(-19.3659579909363,-2.18105544024124,31.8085583798183));
#3854=CARTESIAN_POINT('Ctrl Pts',(-16.2990362284254,-10.3091689585876,31.9889812861127));
#3855=CARTESIAN_POINT('Ctrl Pts',(-10.8724480121946,-15.932937759171,32.1513619017776));
#3856=CARTESIAN_POINT('Ctrl Pts',(-3.65469378639047,-18.9384115515106,32.3137425174427));
#3857=CARTESIAN_POINT('Ctrl Pts',(4.16116881649985,-18.8337990127574,32.4761231331075));
#3858=CARTESIAN_POINT('Ctrl Pts',(11.2937432426667,-15.6358642672903,32.6385037487726));
#3859=CARTESIAN_POINT('Ctrl Pts',(16.5728645530095,-9.86870751324026,32.8008843644375));
#3860=CARTESIAN_POINT('Ctrl Pts',(19.1257871648074,-2.48277383837064,32.9632649801024));
#3861=CARTESIAN_POINT('Ctrl Pts',(18.481189804628,6.18183134946479,33.1436878863969));
#3862=CARTESIAN_POINT('Ctrl Pts',(13.4034356453358,14.454126134885,33.3421530833207));
#3863=CARTESIAN_POINT('Ctrl Pts',(3.98015575865611,19.3052862634874,33.558660570874));
#3864=CARTESIAN_POINT('Ctrl Pts',(-5.70353500556519,18.6354578504807,33.7571257677978));
#3865=CARTESIAN_POINT('Ctrl Pts',(-13.1302350900995,14.125665847515,33.9375486740923));
#3866=CARTESIAN_POINT('Ctrl Pts',(-17.6600635406599,7.75814807449566,34.0999292897572));
#3867=CARTESIAN_POINT('Ctrl Pts',(-19.2875366992204,0.110560335522839,34.2623099054222));
#3868=CARTESIAN_POINT('Ctrl Pts',(-17.7478703774444,-7.55251656292925,34.4246905210871));
#3869=CARTESIAN_POINT('Ctrl Pts',(-13.292837649014,-13.9761363124325,34.5870711367522));
#3870=CARTESIAN_POINT('Ctrl Pts',(-6.65420182739019,-18.1040463779344,34.7494517524171));
#3871=CARTESIAN_POINT('Ctrl Pts',(1.07670877754562,-19.257469852533,34.911832368082));
#3872=CARTESIAN_POINT('Ctrl Pts',(8.94710880761217,-17.1663836199613,35.0809788427331));
#3873=CARTESIAN_POINT('Ctrl Pts',(15.4961128578432,-11.7245165063917,35.2568911763701));
#3874=CARTESIAN_POINT('Ctrl Pts',(19.0866566947984,-3.64233697237094,35.4395693689932));
#3875=CARTESIAN_POINT('Ctrl Pts',(18.7245124326032,5.19290166626424,35.6222475616163));
#3876=CARTESIAN_POINT('Ctrl Pts',(14.4840217171054,12.9532892208018,35.8049257542394));
#3877=CARTESIAN_POINT('Ctrl Pts',(7.243793304134,18.0305131155169,35.9876039468624));
#3878=CARTESIAN_POINT('Ctrl Pts',(-1.4967907530746,19.3735319320997,36.1702821394855));
#3879=CARTESIAN_POINT('Ctrl Pts',(-9.92733670452835,16.7039156427744,36.3529603321086));
#3880=CARTESIAN_POINT('Ctrl Pts',(-16.3018013257536,10.5747206914178,36.5356385247317));
#3881=CARTESIAN_POINT('Ctrl Pts',(-19.2999153771702,2.25532133890213,36.7183167173548));
#3882=CARTESIAN_POINT('Ctrl Pts',(-18.300737802595,-6.53117555691651,36.9009949099779));
#3883=CARTESIAN_POINT('Ctrl Pts',(-13.5112065661433,-13.9649766048153,37.0836731026009));
#3884=CARTESIAN_POINT('Ctrl Pts',(-5.92330719614596,-18.5064226171115,37.2663512952241));
#3885=CARTESIAN_POINT('Ctrl Pts',(2.89139663735241,-19.2149185089875,37.4490294878471));
#3886=CARTESIAN_POINT('Ctrl Pts',(11.1072494777777,-15.9437217949591,37.6317076804702));
#3887=CARTESIAN_POINT('Ctrl Pts',(17.0226280285539,-9.3703466261418,37.8143858730933));
#3888=CARTESIAN_POINT('Ctrl Pts',(19.4123703056461,-0.856234942314121,37.9970640657163));
#3889=CARTESIAN_POINT('Ctrl Pts',(17.7815257248499,7.83521560999273,38.1797422583395));
#3890=CARTESIAN_POINT('Ctrl Pts',(12.4678660655571,14.9038777198451,38.3624204509626));
#3891=CARTESIAN_POINT('Ctrl Pts',(4.57192832116907,18.8857285136881,38.5450986435856));
#3892=CARTESIAN_POINT('Ctrl Pts',(-4.27092294877353,18.9560664804503,38.7277768362087));
#3893=CARTESIAN_POINT('Ctrl Pts',(-12.2292032908718,15.1003270598197,38.9104550288318));
#3894=CARTESIAN_POINT('Ctrl Pts',(-17.6546362310802,8.11708373602158,39.0931332214549));
#3895=CARTESIAN_POINT('Ctrl Pts',(-19.4235345132241,-0.547318134735214,
39.275811414078));
#3896=CARTESIAN_POINT('Ctrl Pts',(-17.1695341781247,-9.09837921085779,39.458489606701));
#3897=CARTESIAN_POINT('Ctrl Pts',(-11.3594701483832,-15.7649997174702,39.6411677993242));
#3898=CARTESIAN_POINT('Ctrl Pts',(-3.19669517014956,-19.1665206782856,39.8238459919472));
#3899=CARTESIAN_POINT('Ctrl Pts',(5.6281663875537,-18.5982508560179,40.0065241845703));
#3900=CARTESIAN_POINT('Ctrl Pts',(13.287344128776,-14.1782488583108,40.1892023771934));
#3901=CARTESIAN_POINT('Ctrl Pts',(18.1945333555102,-6.82125955099049,40.3718805698165));
#3902=CARTESIAN_POINT('Ctrl Pts',(19.333335796611,1.94760518522831,40.5545587624396));
#3903=CARTESIAN_POINT('Ctrl Pts',(16.4679986691127,10.3149296840538,40.7372369550627));
#3904=CARTESIAN_POINT('Ctrl Pts',(12.2837232680649,14.4660157921629,40.8590224168114));
#3905=CARTESIAN_POINT('Ctrl Pts',(9.83939127027524,15.9718374599007,40.9199151476858));
#3906=CARTESIAN_POINT('Ctrl Pts',(5.2841047998023,-18.5526371398626,-0.306638189399125));
#3907=CARTESIAN_POINT('Ctrl Pts',(8.12340270309452,-17.7439570837078,-0.245745458524763));
#3908=CARTESIAN_POINT('Ctrl Pts',(13.4226124001277,-14.8023577497116,-0.123959996776038));
#3909=CARTESIAN_POINT('Ctrl Pts',(18.5923037793361,-7.31980848265695,0.0587181958470468));
#3910=CARTESIAN_POINT('Ctrl Pts',(19.9108209456626,1.67694021383376,0.241396388470133));
#3911=CARTESIAN_POINT('Ctrl Pts',(17.1057364191472,10.3272771247165,0.424074581093219));
#3912=CARTESIAN_POINT('Ctrl Pts',(10.7576887567091,16.8382199244451,0.606752773716306));
#3913=CARTESIAN_POINT('Ctrl Pts',(2.18162452155448,19.8619585639696,0.78943096633939));
#3914=CARTESIAN_POINT('Ctrl Pts',(-6.84631643982011,18.7718711443566,0.972109158962478));
#3915=CARTESIAN_POINT('Ctrl Pts',(-14.456269154319,13.7939168985302,1.15478735158556));
#3916=CARTESIAN_POINT('Ctrl Pts',(-19.0721243175733,5.95900731639722,1.33746554420865));
#3917=CARTESIAN_POINT('Ctrl Pts',(-19.7378583703035,-3.11008335376936,1.52014373683174));
#3918=CARTESIAN_POINT('Ctrl Pts',(-16.3155943056428,-11.5350387753484,1.70282192945482));
#3919=CARTESIAN_POINT('Ctrl Pts',(-9.51412999589081,-17.5709138191301,1.88550012207791));
#3920=CARTESIAN_POINT('Ctrl Pts',(-0.742150278416892,-19.9675969817202,
2.06817831470099));
#3921=CARTESIAN_POINT('Ctrl Pts',(8.18354001727466,-18.2286963670631,2.25085650732407));
#3922=CARTESIAN_POINT('Ctrl Pts',(15.4142987433731,-12.7143658874501,2.43353469994716));
#3923=CARTESIAN_POINT('Ctrl Pts',(19.4525302162489,-4.56670290229788,2.61621289257025));
#3924=CARTESIAN_POINT('Ctrl Pts',(19.4618565478811,4.52679047632554,2.79889108519334));
#3925=CARTESIAN_POINT('Ctrl Pts',(15.4403476200242,12.6827204565078,2.98156927781642));
#3926=CARTESIAN_POINT('Ctrl Pts',(8.22091414767837,18.2118702790213,3.16424747043951));
#3927=CARTESIAN_POINT('Ctrl Pts',(-0.701187757998123,19.9690792511191,3.34692566306259));
#3928=CARTESIAN_POINT('Ctrl Pts',(-9.47807033568746,17.5903893008654,3.52960385568568));
#3929=CARTESIAN_POINT('Ctrl Pts',(-16.2918919046462,11.5684897293506,3.71228204830876));
#3930=CARTESIAN_POINT('Ctrl Pts',(-19.7314496245431,3.15055065098611,3.89496024093185));
#3931=CARTESIAN_POINT('Ctrl Pts',(-19.0842836641379,-5.91984497198354,4.07763843355493));
#3932=CARTESIAN_POINT('Ctrl Pts',(-14.484580861749,-13.764287187171,4.26031662617802));
#3933=CARTESIAN_POINT('Ctrl Pts',(-6.88471757086791,-18.7576845912081,4.44299481880111));
#3934=CARTESIAN_POINT('Ctrl Pts',(2.14070095407239,-19.8665923715229,4.62567301142419));
#3935=CARTESIAN_POINT('Ctrl Pts',(10.7234684546179,-16.8598626274108,4.80835120404728));
#3936=CARTESIAN_POINT('Ctrl Pts',(17.0838522085197,-10.3630988034504,4.99102939667036));
#3937=CARTESIAN_POINT('Ctrl Pts',(19.9086255808652,-1.71631580690689,5.17370758929346));
#3938=CARTESIAN_POINT('Ctrl Pts',(18.6048041463623,7.27882157828113,5.35638578191653));
#3939=CARTESIAN_POINT('Ctrl Pts',(12.8856298359074,15.6137160762122,5.55936155149775));
#3940=CARTESIAN_POINT('Ctrl Pts',(2.59358772378871,20.3754549916928,5.78263489803707));
#3941=CARTESIAN_POINT('Ctrl Pts',(-9.58856408643795,18.1614615932654,6.02620582153452));
#3942=CARTESIAN_POINT('Ctrl Pts',(-18.2822320399736,9.35575292081235,6.26977674503197));
#3943=CARTESIAN_POINT('Ctrl Pts',(-20.3392122904288,-2.84991905310714,6.51334766852942));
#3944=CARTESIAN_POINT('Ctrl Pts',(-15.0077334204478,-14.0195722611179,6.75691859202686));
#3945=CARTESIAN_POINT('Ctrl Pts',(-4.22650194326961,-20.0978287783351,7.00048951552432));
#3946=CARTESIAN_POINT('Ctrl Pts',(8.09008514522233,-18.8771955171594,7.24406043902175));
#3947=CARTESIAN_POINT('Ctrl Pts',(17.4684110342936,-10.7996673296428,7.48763136251922));
#3948=CARTESIAN_POINT('Ctrl Pts',(20.5023344679501,1.1979358346953,7.73120228601664));
#3949=CARTESIAN_POINT('Ctrl Pts',(16.090653264651,12.7648387393126,7.97477320951411));
#3950=CARTESIAN_POINT('Ctrl Pts',(7.54347818886942,18.5330922906335,8.17774897909531));
#3951=CARTESIAN_POINT('Ctrl Pts',(-0.353405138742404,19.5832586004154,8.34012959476028));
#3952=CARTESIAN_POINT('Ctrl Pts',(-8.20467880915499,18.2495990099923,8.50251021042524));
#3953=CARTESIAN_POINT('Ctrl Pts',(-16.5430323876338,12.175695579042,8.70548598000645));
#3954=CARTESIAN_POINT('Ctrl Pts',(-19.8636478931297,2.4114624154898,8.90846174958764));
#3955=CARTESIAN_POINT('Ctrl Pts',(-18.8034464002777,-5.48224554344184,9.07084236525261));
#3956=CARTESIAN_POINT('Ctrl Pts',(-15.4544005787395,-12.7099399014525,9.23322298091758));
#3957=CARTESIAN_POINT('Ctrl Pts',(-7.40635599307858,-19.1571930479818,9.43619875049879));
#3958=CARTESIAN_POINT('Ctrl Pts',(4.9484246699437,-19.9320004903881,9.67976967399623));
#3959=CARTESIAN_POINT('Ctrl Pts',(15.5033751791233,-13.4701231931958,9.92334059749368));
#3960=CARTESIAN_POINT('Ctrl Pts',(20.4281986966037,-2.1156528764325,10.1669115209911));
#3961=CARTESIAN_POINT('Ctrl Pts',(17.9339999716743,10.0082482653129,10.4104824444886));
#3962=CARTESIAN_POINT('Ctrl Pts',(8.92649140680477,18.4959393136492,10.654053367986));
#3963=CARTESIAN_POINT('Ctrl Pts',(-3.32303451516991,20.2669459542345,10.8976242914835));
#3964=CARTESIAN_POINT('Ctrl Pts',(-14.3657792097674,14.6769856008469,11.1411952149809));
#3965=CARTESIAN_POINT('Ctrl Pts',(-20.1908052940879,3.75672179538508,11.3847661384784));
#3966=CARTESIAN_POINT('Ctrl Pts',(-18.6835410571167,-8.52788401847188,11.6283370619758));
#3967=CARTESIAN_POINT('Ctrl Pts',(-10.389403189505,-17.7155245828247,11.8719079854733));
#3968=CARTESIAN_POINT('Ctrl Pts',(1.67541524286616,-20.4686866452426,12.1154789089707));
#3969=CARTESIAN_POINT('Ctrl Pts',(13.1367883244902,-15.788976597129,12.3590498324682));
#3970=CARTESIAN_POINT('Ctrl Pts',(18.703361864211,-7.10892501164614,12.5620256020494));
#3971=CARTESIAN_POINT('Ctrl Pts',(19.5706345059908,0.809572827572231,12.7244062177143));
#3972=CARTESIAN_POINT('Ctrl Pts',(18.0524650249864,8.62900309213714,12.8867868333793));
#3973=CARTESIAN_POINT('Ctrl Pts',(11.7882199205171,16.8198150716162,13.0897626029605));
#3974=CARTESIAN_POINT('Ctrl Pts',(-0.0205308970777389,20.5371212855521,
13.3333335264579));
#3975=CARTESIAN_POINT('Ctrl Pts',(-11.8166447972046,16.7971546581466,13.5769044499554));
#3976=CARTESIAN_POINT('Ctrl Pts',(-19.3241096704413,6.95597478920038,13.8204753734528));
#3977=CARTESIAN_POINT('Ctrl Pts',(-19.811271234348,-5.41105777056029,14.0640462969503));
#3978=CARTESIAN_POINT('Ctrl Pts',(-13.1055188081674,-15.813218378072,14.3076172204477));
#3979=CARTESIAN_POINT('Ctrl Pts',(-1.63680055590096,-20.4716798114452,14.5511881439452));
#3980=CARTESIAN_POINT('Ctrl Pts',(10.422152224733,-17.6967257953558,14.7947590674426));
#3981=CARTESIAN_POINT('Ctrl Pts',(18.7013065548367,-8.49190907941795,15.0383299909401));
#3982=CARTESIAN_POINT('Ctrl Pts',(19.9329602621038,1.74560745201302,15.2413057605213));
#3983=CARTESIAN_POINT('Ctrl Pts',(17.26421793624,9.25108107729925,15.4036863761863));
#3984=CARTESIAN_POINT('Ctrl Pts',(12.4932294804548,15.6297081631228,15.5660669918512));
#3985=CARTESIAN_POINT('Ctrl Pts',(3.28667057875731,20.2745566953252,15.7690427614324));
#3986=CARTESIAN_POINT('Ctrl Pts',(-8.96201879882651,18.4785715604125,16.0126136849299));
#3987=CARTESIAN_POINT('Ctrl Pts',(-17.9523689309333,9.97461045357477,16.2561846084273));
#3988=CARTESIAN_POINT('Ctrl Pts',(-20.4245096670655,-2.15356705034516,16.4997555319248));
#3989=CARTESIAN_POINT('Ctrl Pts',(-15.477885082692,-13.4987714091983,16.7433264554222));
#3990=CARTESIAN_POINT('Ctrl Pts',(-4.91043402463006,-19.9418833873562,16.9868973789197));
#3991=CARTESIAN_POINT('Ctrl Pts',(7.4406496217496,-19.1422138231485,17.2304683024171));
#3992=CARTESIAN_POINT('Ctrl Pts',(17.0892955829984,-11.3905314166773,17.4740392259146));
#3993=CARTESIAN_POINT('Ctrl Pts',(20.5314424299857,0.498059099962398,17.717610149412));
#3994=CARTESIAN_POINT('Ctrl Pts',(16.5169245955832,12.2057354436411,17.9611810729095));
#3995=CARTESIAN_POINT('Ctrl Pts',(6.50367058981587,19.4805024279518,18.2047519964069));
#3996=CARTESIAN_POINT('Ctrl Pts',(-5.87145142614556,19.6802870617242,18.4483229199044));
#3997=CARTESIAN_POINT('Ctrl Pts',(-16.1144733235224,12.7324959102685,18.6918938434018));
#3998=CARTESIAN_POINT('Ctrl Pts',(-20.5043839687249,1.16053532668973,18.9354647668993));
#3999=CARTESIAN_POINT('Ctrl Pts',(-17.448615141705,-10.8330277648343,19.1790356903967));
#4000=CARTESIAN_POINT('Ctrl Pts',(-8.05355941974606,-18.8919937430923,19.4226066138941));
#4001=CARTESIAN_POINT('Ctrl Pts',(4.26209089786384,-20.0901397389965,19.6661775373916));
#4002=CARTESIAN_POINT('Ctrl Pts',(15.0382507613503,-13.9910255219064,19.909748460889));
#4003=CARTESIAN_POINT('Ctrl Pts',(19.7468192822492,-4.05456665886983,20.1262559484423));
#4004=CARTESIAN_POINT('Ctrl Pts',(19.1075713936262,5.30624830309536,20.3157000000515));
#4005=CARTESIAN_POINT('Ctrl Pts',(15.4388989834553,12.4539136933008,20.4780806157164));
#4006=CARTESIAN_POINT('Ctrl Pts',(9.22443005785974,17.558098258197,20.6404612313814));
#4007=CARTESIAN_POINT('Ctrl Pts',(1.50104009611831,19.7772118934945,20.8028418470464));
#4008=CARTESIAN_POINT('Ctrl Pts',(-6.47352434841283,18.7488395146977,20.9652224627113));
#4009=CARTESIAN_POINT('Ctrl Pts',(-12.6122456473163,15.0955691707529,21.1095607877468));
#4010=CARTESIAN_POINT('Ctrl Pts',(-16.0009535870697,11.0227485664633,21.2178145315235));
#4011=CARTESIAN_POINT('Ctrl Pts',(-17.649777491479,7.92785977985897,21.2899836940412));
#4012=CARTESIAN_POINT('Ctrl Pts',(-19.482353981608,2.99768072132407,21.3982374378179));
#4013=CARTESIAN_POINT('Ctrl Pts',(-19.5988688499153,-5.17278248972233,21.5606180534828));
#4014=CARTESIAN_POINT('Ctrl Pts',(-14.5469994780522,-13.7843649430908,21.7590832504067));
#4015=CARTESIAN_POINT('Ctrl Pts',(-6.99512873203073,-18.5568204747528,21.9395061567011));
#4016=CARTESIAN_POINT('Ctrl Pts',(0.942203106585731,-19.8129495902671,22.1018867723661));
#4017=CARTESIAN_POINT('Ctrl Pts',(8.72877023528285,-17.8097793883807,22.2642673880311));
#4018=CARTESIAN_POINT('Ctrl Pts',(15.07978401653,-12.8838816077737,22.426648003696));
#4019=CARTESIAN_POINT('Ctrl Pts',(18.9548109164455,-5.84055085882085,22.589028619361));
#4020=CARTESIAN_POINT('Ctrl Pts',(19.7159563452276,2.16150709912038,22.751409235026));
#4021=CARTESIAN_POINT('Ctrl Pts',(17.2389929005155,9.8088520907166,22.9137898506909));
#4022=CARTESIAN_POINT('Ctrl Pts',(11.9302874218938,15.8448714145959,23.0761704663559));
#4023=CARTESIAN_POINT('Ctrl Pts',(4.6621941537411,19.2784973161753,23.2385510820208));
#4024=CARTESIAN_POINT('Ctrl Pts',(-3.37195489268473,19.545368323151,23.4009316976858));
#4025=CARTESIAN_POINT('Ctrl Pts',(-10.8517536704788,16.6022269241271,23.5633123133508));
#4026=CARTESIAN_POINT('Ctrl Pts',(-15.9169581252473,11.5614959219685,23.7076506383863));
#4027=CARTESIAN_POINT('Ctrl Pts',(-18.5857490668873,5.98813252785469,23.8339466727924));
#4028=CARTESIAN_POINT('Ctrl Pts',(-19.8316254287513,-0.963875544127493,
23.9782849978279));
#4029=CARTESIAN_POINT('Ctrl Pts',(-17.7454718089307,-9.7992033638267,24.1587079041223));
#4030=CARTESIAN_POINT('Ctrl Pts',(-10.7420204627272,-16.9176423738756,24.3571731010461));
#4031=CARTESIAN_POINT('Ctrl Pts',(-2.25648491346092,-19.7027887295438,24.5375960073406));
#4032=CARTESIAN_POINT('Ctrl Pts',(5.75101586676998,-18.9849521341495,24.6999766230055));
#4033=CARTESIAN_POINT('Ctrl Pts',(12.8067764940708,-15.1392684589855,24.8623572386705));
#4034=CARTESIAN_POINT('Ctrl Pts',(18.6045617254814,-7.76393081749982,25.0518012902796));
#4035=CARTESIAN_POINT('Ctrl Pts',(20.3041316433029,3.10172876211121,25.2683087778329));
#4036=CARTESIAN_POINT('Ctrl Pts',(14.8315050757707,14.2050933198802,25.5118797013303));
#4037=CARTESIAN_POINT('Ctrl Pts',(3.97419885915584,20.1517874804056,25.7554506248278));
#4038=CARTESIAN_POINT('Ctrl Pts',(-6.95449977311868,18.9215253991805,25.9719581123811));
#4039=CARTESIAN_POINT('Ctrl Pts',(-14.5730471921129,13.4484114559234,26.1614021639902));
#4040=CARTESIAN_POINT('Ctrl Pts',(-18.7193251495043,6.56255405599399,26.3237827796551));
#4041=CARTESIAN_POINT('Ctrl Pts',(-19.7811427330528,-1.40153310379791,26.4861633953202));
#4042=CARTESIAN_POINT('Ctrl Pts',(-17.3659559651215,-10.0092268211196,26.6665863016145));
#4043=CARTESIAN_POINT('Ctrl Pts',(-11.7924936352129,-15.9691887501197,26.8289669172795));
#4044=CARTESIAN_POINT('Ctrl Pts',(-3.29014680921732,-19.6823882344553,27.0184109688886));
#4045=CARTESIAN_POINT('Ctrl Pts',(6.77795454208553,-19.3916195964647,27.2168761658125));
#4046=CARTESIAN_POINT('Ctrl Pts',(16.6927078285802,-11.9638864815443,27.4604470893099));
#4047=CARTESIAN_POINT('Ctrl Pts',(20.53497105219,-0.206203383461897,27.7040180128074));
#4048=CARTESIAN_POINT('Ctrl Pts',(16.925453261914,11.6375849482503,27.9475889363048));
#4049=CARTESIAN_POINT('Ctrl Pts',(8.79043535729775,17.974361514565,28.1505647058861));
#4050=CARTESIAN_POINT('Ctrl Pts',(0.984954340309028,19.5619829601697,28.312945321551));
#4051=CARTESIAN_POINT('Ctrl Pts',(-6.94106120180599,18.7666764933592,28.475325937216));
#4052=CARTESIAN_POINT('Ctrl Pts',(-15.6704128247631,13.2777162190116,28.6783017067971));
#4053=CARTESIAN_POINT('Ctrl Pts',(-20.452882483882,1.85898581932075,28.9218726302947));
#4054=CARTESIAN_POINT('Ctrl Pts',(-17.8079877706423,-10.2300986519207,29.165443553792));
#4055=CARTESIAN_POINT('Ctrl Pts',(-8.69507610570136,-18.6063613460717,29.4090144772895));
#4056=CARTESIAN_POINT('Ctrl Pts',(3.57539609231568,-20.22354809964,29.652585400787));
#4057=CARTESIAN_POINT('Ctrl Pts',(14.5477308219223,-14.4971174742543,29.8961563242844));
#4058=CARTESIAN_POINT('Ctrl Pts',(20.2359765423359,-3.50412305828757,30.1397272477819));
#4059=CARTESIAN_POINT('Ctrl Pts',(18.5759348534419,8.75918726249475,30.3832981712793));
#4060=CARTESIAN_POINT('Ctrl Pts',(10.1673553583972,17.8455764712861,30.6268690947768));
#4061=CARTESIAN_POINT('Ctrl Pts',(0.310654984864059,19.9613185675802,30.8253342917005));
#4062=CARTESIAN_POINT('Ctrl Pts',(-6.99291556080804,18.2284686402699,30.9786937620509));
#4063=CARTESIAN_POINT('Ctrl Pts',(-13.1891839987846,14.8436624131575,31.1230320870863));
#4064=CARTESIAN_POINT('Ctrl Pts',(-18.7618946905972,7.67383463654339,31.3034549933808));
#4065=CARTESIAN_POINT('Ctrl Pts',(-19.914224744681,-2.24302212240978,31.5019201903046));
#4066=CARTESIAN_POINT('Ctrl Pts',(-16.760381130717,-10.6012254112076,31.682343096599));
#4067=CARTESIAN_POINT('Ctrl Pts',(-11.1800919121872,-16.3841543316438,31.844723712264));
#4068=CARTESIAN_POINT('Ctrl Pts',(-3.75795425342048,-19.4746387743033,32.0071043279289));
#4069=CARTESIAN_POINT('Ctrl Pts',(4.27919073926545,-19.3669770966202,32.1694849435939));
#4070=CARTESIAN_POINT('Ctrl Pts',(11.6136676596809,-16.0784223704199,32.3318655592588));
#4071=CARTESIAN_POINT('Ctrl Pts',(17.042187587149,-10.1479262514473,32.4942461749239));
#4072=CARTESIAN_POINT('Ctrl Pts',(19.6673062908682,-2.55285268562184,32.6566267905888));
#4073=CARTESIAN_POINT('Ctrl Pts',(19.0043621985324,6.35705855131521,32.8370496968833));
#4074=CARTESIAN_POINT('Ctrl Pts',(13.7827536693529,14.8635027127156,33.035514893807));
#4075=CARTESIAN_POINT('Ctrl Pts',(4.0926266410882,19.8519041200215,33.2520223813604));
#4076=CARTESIAN_POINT('Ctrl Pts',(-5.86522235253092,19.1630032428224,33.4504875782842));
#4077=CARTESIAN_POINT('Ctrl Pts',(-13.5021375902852,14.5254465257971,33.6309104845786));
#4078=CARTESIAN_POINT('Ctrl Pts',(-18.1601438873774,7.9776002738308,33.7932911002436));
#4079=CARTESIAN_POINT('Ctrl Pts',(-19.8336087881344,0.113475006517445,33.9556717159086));
#4080=CARTESIAN_POINT('Ctrl Pts',(-18.2502656347168,-7.76654256031311,34.1180523315735));
#4081=CARTESIAN_POINT('Ctrl Pts',(-13.6690297517244,-14.3719787543322,34.2804329472385));
#4082=CARTESIAN_POINT('Ctrl Pts',(-6.84239401834077,-18.6166844797857,34.4428135629034));
#4083=CARTESIAN_POINT('Ctrl Pts',(1.10740786381265,-19.8026774184701,34.6051941785684));
#4084=CARTESIAN_POINT('Ctrl Pts',(9.20061215581324,-17.6523001768497,34.7743406532194));
#4085=CARTESIAN_POINT('Ctrl Pts',(15.9349715173589,-12.0562891442436,34.9502529868565));
#4086=CARTESIAN_POINT('Ctrl Pts',(19.6270809120827,-3.74524593539286,35.1329311794795));
#4087=CARTESIAN_POINT('Ctrl Pts',(19.2545848539524,5.34013290137958,35.3156093721026));
#4088=CARTESIAN_POINT('Ctrl Pts',(14.8939501833451,13.3201860143948,35.4982875647257));
#4089=CARTESIAN_POINT('Ctrl Pts',(7.44867889529855,18.5410759238724,35.6809657573488));
#4090=CARTESIAN_POINT('Ctrl Pts',(-1.5393845432067,19.9220207662313,35.8636439499719));
#4091=CARTESIAN_POINT('Ctrl Pts',(-10.2085872046102,17.1767278021736,36.046322142595));
#4092=CARTESIAN_POINT('Ctrl Pts',(-16.7634578773013,10.8739311811017,36.229000335218));
#4093=CARTESIAN_POINT('Ctrl Pts',(-19.8463618986711,2.31895858023603,36.4116785278412));
#4094=CARTESIAN_POINT('Ctrl Pts',(-18.8187973158528,-6.71629141372262,36.5943567204642));
#4095=CARTESIAN_POINT('Ctrl Pts',(-13.8935812782593,-14.3605055319681,36.7770349130873));
#4096=CARTESIAN_POINT('Ctrl Pts',(-6.0908017219013,-19.0304446718952,36.9597131057103));
#4097=CARTESIAN_POINT('Ctrl Pts',(2.97347288975683,-19.7589010787099,37.1423912983335));
#4098=CARTESIAN_POINT('Ctrl Pts',(11.4218973029788,-16.3949980780714,37.3250694909565));
#4099=CARTESIAN_POINT('Ctrl Pts',(17.5046792466533,-9.63545069051145,37.5077476835797));
#4100=CARTESIAN_POINT('Ctrl Pts',(19.9619850295549,-0.880259839612891,37.6904258762027));
#4101=CARTESIAN_POINT('Ctrl Pts',(18.2848706770722,8.05724578988152,37.8731040688259));
#4102=CARTESIAN_POINT('Ctrl Pts',(12.820691115459,15.325977259656,38.0557822614489));
#4103=CARTESIAN_POINT('Ctrl Pts',(4.70115822159001,19.4204744178405,38.238460454072));
#4104=CARTESIAN_POINT('Ctrl Pts',(-4.39205360883126,19.4927049878817,38.4211386466951));
#4105=CARTESIAN_POINT('Ctrl Pts',(-12.5756065710441,15.5277125216568,38.6038168393181));
#4106=CARTESIAN_POINT('Ctrl Pts',(-18.154566930317,8.34669822179393,38.7864950319412));
#4107=CARTESIAN_POINT('Ctrl Pts',(-19.9734496356324,-0.563030910758144,
38.9691732245643));
#4108=CARTESIAN_POINT('Ctrl Pts',(-17.6555382435881,-9.35616537849311,39.1518514171874));
#4109=CARTESIAN_POINT('Ctrl Pts',(-11.6809045491036,-16.2114670520746,39.3345296098105));
#4110=CARTESIAN_POINT('Ctrl Pts',(-3.2869861812044,-19.709201033703,39.5172078024336));
#4111=CARTESIAN_POINT('Ctrl Pts',(5.78771947432161,-19.1247436819198,39.6998859950567));
#4112=CARTESIAN_POINT('Ctrl Pts',(13.6636953046548,-14.5795165171304,39.8825641876798));
#4113=CARTESIAN_POINT('Ctrl Pts',(18.7097352015076,-7.01418048717313,40.0652423803028));
#4114=CARTESIAN_POINT('Ctrl Pts',(19.8806815554822,2.00296203336338,40.2479205729259));
#4115=CARTESIAN_POINT('Ctrl Pts',(16.9341271908726,10.607151123807,40.430598765549));
#4116=CARTESIAN_POINT('Ctrl Pts',(12.631339738686,14.8757164779352,40.5523842272978));
#4117=CARTESIAN_POINT('Ctrl Pts',(10.1177867198546,16.424143821528,40.6132769581721));
#4118=CARTESIAN_POINT('Ctrl Pts',(5.42977741290167,-19.0633860297037,-0.613276591931648));
#4119=CARTESIAN_POINT('Ctrl Pts',(8.34724038999715,-18.2324122185542,-0.552383861057286));
#4120=CARTESIAN_POINT('Ctrl Pts',(13.7923213677265,-15.2097694637237,-0.430598399308562));
#4121=CARTESIAN_POINT('Ctrl Pts',(19.1042721633456,-7.52115393815745,-0.247920206685476));
#4122=CARTESIAN_POINT('Ctrl Pts',(20.4590006154917,1.72331194187253,-0.0652420140623901));
#4123=CARTESIAN_POINT('Ctrl Pts',(17.5765974103591,10.6117867492238,0.117436178560695));
#4124=CARTESIAN_POINT('Ctrl Pts',(11.0537057114557,17.3019285653829,0.300114371183783));
#4125=CARTESIAN_POINT('Ctrl Pts',(2.24148959649599,20.4088319181557,0.482792563806867));
#4126=CARTESIAN_POINT('Ctrl Pts',(-7.03500301245683,19.2886403288712,0.665470756429954));
#4127=CARTESIAN_POINT('Ctrl Pts',(-14.8544271863274,14.1735531709341,0.848148949053039));
#4128=CARTESIAN_POINT('Ctrl Pts',(-19.5972896557322,6.12288153253819,1.03082714167613));
#4129=CARTESIAN_POINT('Ctrl Pts',(-20.2812614485839,-3.19591148698649,1.21350533429921));
#4130=CARTESIAN_POINT('Ctrl Pts',(-16.7646884271849,-11.8527932303073,1.39618352692229));
#4131=CARTESIAN_POINT('Ctrl Pts',(-9.77590114376438,-18.0547828593051,1.57886171954539));
#4132=CARTESIAN_POINT('Ctrl Pts',(-0.762381821093437,-20.5173642893486,
1.76153991216847));
#4133=CARTESIAN_POINT('Ctrl Pts',(8.4090383392027,-18.730497025859,1.94421810479156));
#4134=CARTESIAN_POINT('Ctrl Pts',(15.8388229089316,-13.0642696351937,2.12689629741464));
#4135=CARTESIAN_POINT('Ctrl Pts',(19.9881550469458,-4.69223951742677,2.30957449003773));
#4136=CARTESIAN_POINT('Ctrl Pts',(19.9976462626125,4.65162144718782,2.49225268266081));
#4137=CARTESIAN_POINT('Ctrl Pts',(15.8653323291127,13.0320647242994,2.6749308752839));
#4138=CARTESIAN_POINT('Ctrl Pts',(8.44707322713846,18.7133734467641,2.85760906790698));
#4139=CARTESIAN_POINT('Ctrl Pts',(-0.720695075304416,20.518872783853,3.04028726053007));
#4140=CARTESIAN_POINT('Ctrl Pts',(-9.73920398923807,18.0746026263709,3.22296545315315));
#4141=CARTESIAN_POINT('Ctrl Pts',(-16.740566909729,11.8868356617159,3.40564364577624));
#4142=CARTESIAN_POINT('Ctrl Pts',(-20.2747395201073,3.23709409777225,3.58832183839933));
#4143=CARTESIAN_POINT('Ctrl Pts',(-19.6096637392073,-6.08302653581383,3.77100003102241));
#4144=CARTESIAN_POINT('Ctrl Pts',(-14.8832398997675,-14.1434001377902,3.9536782236455));
#4145=CARTESIAN_POINT('Ctrl Pts',(-7.07408217227696,-19.2742019417336,4.13635641626859));
#4146=CARTESIAN_POINT('Ctrl Pts',(2.19984077291462,-20.4135496272973,4.31903460889167));
#4147=CARTESIAN_POINT('Ctrl Pts',(11.0188837708021,-17.3239500708157,4.50171280151476));
#4148=CARTESIAN_POINT('Ctrl Pts',(17.554319756719,-10.6482491896596,4.68439099413784));
#4149=CARTESIAN_POINT('Ctrl Pts',(20.456779097066,-1.76336925277153,4.86706918676093));
#4150=CARTESIAN_POINT('Ctrl Pts',(19.1169691718221,7.47941445245939,5.04974737938401));
#4151=CARTESIAN_POINT('Ctrl Pts',(13.2402469097726,16.0437324496004,5.25272314896522));
#4152=CARTESIAN_POINT('Ctrl Pts',(2.66479002657892,20.9364703993512,5.47599649550455));
#4153=CARTESIAN_POINT('Ctrl Pts',(-9.85274569089808,18.6613969056646,5.71956741900199));
#4154=CARTESIAN_POINT('Ctrl Pts',(-18.7856839178377,9.6131563482375,5.96313834249946));
#4155=CARTESIAN_POINT('Ctrl Pts',(-20.8991748331449,-2.92859026435765,6.20670926599688));
#4156=CARTESIAN_POINT('Ctrl Pts',(-15.4207936274422,-14.4057191595952,6.45028018949435));
#4157=CARTESIAN_POINT('Ctrl Pts',(-4.34266542132354,-20.651216916623,6.69385111299178));
#4158=CARTESIAN_POINT('Ctrl Pts',(8.31301696518176,-19.396851986345,6.93742203648924));
#4159=CARTESIAN_POINT('Ctrl Pts',(17.9494708975347,-11.0968336951534,7.18099295998669));
#4160=CARTESIAN_POINT('Ctrl Pts',(21.0668048819811,1.23112530558753,7.42456388348413));
#4161=CARTESIAN_POINT('Ctrl Pts',(16.5335417473631,13.1164505083607,7.66813480698159));
#4162=CARTESIAN_POINT('Ctrl Pts',(7.75098245074499,19.0434326888853,7.87111057656278));
#4163=CARTESIAN_POINT('Ctrl Pts',(-0.363333198323667,20.1224330030328,8.03349119222776));
#4164=CARTESIAN_POINT('Ctrl Pts',(-8.43075934815639,18.7519749592028,8.1958718078927));
#4165=CARTESIAN_POINT('Ctrl Pts',(-16.9986280786248,12.5107569277035,8.39884757747393));
#4166=CARTESIAN_POINT('Ctrl Pts',(-20.4105700815529,2.47765550753912,8.60182334705511));
#4167=CARTESIAN_POINT('Ctrl Pts',(-19.3210987181968,-5.63337602040466,8.7642039627201));
#4168=CARTESIAN_POINT('Ctrl Pts',(-15.8797719271987,-13.060033733267,8.92658457838505));
#4169=CARTESIAN_POINT('Ctrl Pts',(-7.61007861791303,-19.6847151753983,9.12956034796627));
#4170=CARTESIAN_POINT('Ctrl Pts',(5.08486907631579,-20.4807302281679,9.37313127146371));
#4171=CARTESIAN_POINT('Ctrl Pts',(15.9303594876229,-13.8408340023817,9.61670219496117));
#4172=CARTESIAN_POINT('Ctrl Pts',(20.9906614456793,-2.17369585850526,9.8602731184586));
#4173=CARTESIAN_POINT('Ctrl Pts',(18.4276684337268,10.2839825666772,10.1038440419561));
#4174=CARTESIAN_POINT('Ctrl Pts',(9.17207399018917,19.0052707699386,10.3474149654535));
#4175=CARTESIAN_POINT('Ctrl Pts',(-3.41473109365347,20.8249140359558,10.5909858889509));
#4176=CARTESIAN_POINT('Ctrl Pts',(-14.7614547423984,15.0809359627115,10.8345568124484));
#4177=CARTESIAN_POINT('Ctrl Pts',(-20.7467485699953,3.85995006620981,11.0781277359459));
#4178=CARTESIAN_POINT('Ctrl Pts',(-19.1978612918592,-8.76286762156017,11.3216986594433));
#4179=CARTESIAN_POINT('Ctrl Pts',(-10.6752714204388,-18.2033839779829,11.5652695829408));
#4180=CARTESIAN_POINT('Ctrl Pts',(1.72175062202835,-21.0322258221618,11.8088405064382));
#4181=CARTESIAN_POINT('Ctrl Pts',(13.4986377831029,-16.2235553788936,12.0524114299356));
#4182=CARTESIAN_POINT('Ctrl Pts',(19.2183858347287,-7.30446317520976,12.2553871995168));
#4183=CARTESIAN_POINT('Ctrl Pts',(20.1094567246941,0.832060240883499,12.4177678151818));
#4184=CARTESIAN_POINT('Ctrl Pts',(18.5494090755687,8.86676438863497,12.5801484308467));
#4185=CARTESIAN_POINT('Ctrl Pts',(12.1126102608543,17.2830273931711,12.783124200428));
#4186=CARTESIAN_POINT('Ctrl Pts',(-0.0213037034354967,21.1025613692625,
13.0266951239254));
#4187=CARTESIAN_POINT('Ctrl Pts',(-12.1421574637719,17.2595045412133,13.2702660474229));
#4188=CARTESIAN_POINT('Ctrl Pts',(-19.8562228946936,7.14729556291427,13.5138369709203));
#4189=CARTESIAN_POINT('Ctrl Pts',(-20.3566723070089,-5.56023844779247,13.7574078944178));
#4190=CARTESIAN_POINT('Ctrl Pts',(-13.4661879805051,-16.248729790094,14.0009788179152));
#4191=CARTESIAN_POINT('Ctrl Pts',(-1.68165905044805,-21.0353348695388,14.2445497414127));
#4192=CARTESIAN_POINT('Ctrl Pts',(10.7092799793901,-18.1838573003321,14.4881206649101));
#4193=CARTESIAN_POINT('Ctrl Pts',(19.2162879130166,-8.7255244072428,14.7316915884076));
#4194=CARTESIAN_POINT('Ctrl Pts',(20.481748790913,1.79386999123148,14.9346673579888));
#4195=CARTESIAN_POINT('Ctrl Pts',(17.7394532107291,9.50596183087658,15.0970479736537));
#4196=CARTESIAN_POINT('Ctrl Pts',(12.8370425917166,16.0601608748011,15.2594285893187));
#4197=CARTESIAN_POINT('Ctrl Pts',(3.37695627235684,20.8328011147534,15.4624043588999));
#4198=CARTESIAN_POINT('Ctrl Pts',(-9.20895318870808,18.9872440653924,15.7059752823973));
#4199=CARTESIAN_POINT('Ctrl Pts',(-18.4467450744842,10.2490559696949,15.9495462058948));
#4200=CARTESIAN_POINT('Ctrl Pts',(-20.9868277050785,-2.21306674425738,16.1931171293922));
#4201=CARTESIAN_POINT('Ctrl Pts',(-15.9038950490403,-13.870584058625,16.4366880528897));
#4202=CARTESIAN_POINT('Ctrl Pts',(-5.04542950520096,-20.4909848554451,16.6802589763872));
#4203=CARTESIAN_POINT('Ctrl Pts',(7.64570347306962,-19.6691734975022,16.9238298998846));
#4204=CARTESIAN_POINT('Ctrl Pts',(17.5599233841328,-11.7039696363284,17.167400823382));
#4205=CARTESIAN_POINT('Ctrl Pts',(21.0967213344029,0.511979440664585,17.4109717468795));
#4206=CARTESIAN_POINT('Ctrl Pts',(16.9715550852231,12.5419579544541,17.6545426703769));
#4207=CARTESIAN_POINT('Ctrl Pts',(6.68253667370234,20.0169169802753,17.8981135938744));
#4208=CARTESIAN_POINT('Ctrl Pts',(-6.0333066128631,20.2220771474014,18.1416845173718));
#4209=CARTESIAN_POINT('Ctrl Pts',(-16.5582752970869,13.0828917490314,18.3852554408693));
#4210=CARTESIAN_POINT('Ctrl Pts',(-21.0689346443131,1.19228067195061,18.6288263643667));
#4211=CARTESIAN_POINT('Ctrl Pts',(-17.9289113638779,-11.1314654830193,18.8723972878642));
#4212=CARTESIAN_POINT('Ctrl Pts',(-8.2751039158944,-19.4122207851232,19.1159682113616));
#4213=CARTESIAN_POINT('Ctrl Pts',(4.37964035091576,-20.6432303967701,19.3595391348591));
#4214=CARTESIAN_POINT('Ctrl Pts',(15.452434250487,-14.3760828254685,19.6031100583565));
#4215=CARTESIAN_POINT('Ctrl Pts',(20.2905414799296,-4.16599985908776,19.8196175459098));
#4216=CARTESIAN_POINT('Ctrl Pts',(19.6335988410747,5.45253619223957,20.009061597519));
#4217=CARTESIAN_POINT('Ctrl Pts',(15.8638461199988,12.7969583019604,20.1714422131839));
#4218=CARTESIAN_POINT('Ctrl Pts',(9.47822514350918,18.0416115251525,20.3338228288489));
#4219=CARTESIAN_POINT('Ctrl Pts',(1.5421677705027,20.3217450740691,20.4962034445138));
#4220=CARTESIAN_POINT('Ctrl Pts',(-6.6519467537502,19.2649783458825,20.6585840601788));
#4221=CARTESIAN_POINT('Ctrl Pts',(-12.9596460764093,15.5110619457989,20.8029223852143));
#4222=CARTESIAN_POINT('Ctrl Pts',(-16.4416127896486,11.3260717672168,20.911176128991));
#4223=CARTESIAN_POINT('Ctrl Pts',(-18.1358018233622,8.14595599162309,20.9833452915087));
#4224=CARTESIAN_POINT('Ctrl Pts',(-20.0187840822885,3.08001777910124,21.0915990352854));
#4225=CARTESIAN_POINT('Ctrl Pts',(-20.1384243411519,-5.315400683141,21.2539796509503));
#4226=CARTESIAN_POINT('Ctrl Pts',(-14.9473768597854,-14.1640313172614,21.4524448478742));
#4227=CARTESIAN_POINT('Ctrl Pts',(-7.18753526932536,-19.0678086301824,21.6328677541686));
#4228=CARTESIAN_POINT('Ctrl Pts',(0.968344624688509,-20.3584420323587,21.7952483698335));
#4229=CARTESIAN_POINT('Ctrl Pts',(8.96927592790222,-18.300040664852,21.9576289854985));
#4230=CARTESIAN_POINT('Ctrl Pts',(15.4950998358463,-13.2384559440241,22.1200096011635));
#4231=CARTESIAN_POINT('Ctrl Pts',(19.4767451149061,-6.00116484651885,22.2823902168285));
#4232=CARTESIAN_POINT('Ctrl Pts',(20.2587659896876,2.22121824292717,22.4447708324934));
#4233=CARTESIAN_POINT('Ctrl Pts',(17.7135280277104,10.0790894741122,22.6071514481584));
#4234=CARTESIAN_POINT('Ctrl Pts',(12.2585991018071,16.2812424406557,22.7695320638233));
#4235=CARTESIAN_POINT('Ctrl Pts',(4.79036164973417,19.809331534092,22.9319126794883));
#4236=CARTESIAN_POINT('Ctrl Pts',(-3.46499108434109,20.0834690041324,23.0942932951533));
#4237=CARTESIAN_POINT('Ctrl Pts',(-11.1506984083194,17.0592196910627,23.2566739108183));
#4238=CARTESIAN_POINT('Ctrl Pts',(-16.3553101588853,11.8796530855422,23.4010122358537));
#4239=CARTESIAN_POINT('Ctrl Pts',(-19.0975235254237,6.15281355177203,23.5273082702599));
#4240=CARTESIAN_POINT('Ctrl Pts',(-20.3776318461512,-0.990613949449606,
23.6716465952953));
#4241=CARTESIAN_POINT('Ctrl Pts',(-18.233951713492,-10.069180210917,23.8520695015899));
#4242=CARTESIAN_POINT('Ctrl Pts',(-11.0376052260283,-17.3835375628008,24.0505346985135));
#4243=CARTESIAN_POINT('Ctrl Pts',(-2.31841269792734,-20.2452804812802,24.2309576048081));
#4244=CARTESIAN_POINT('Ctrl Pts',(5.90954812303497,-19.5075990602754,24.393338220473));
#4245=CARTESIAN_POINT('Ctrl Pts',(13.159533304246,-15.5559624231284,24.555718836138));
#4246=CARTESIAN_POINT('Ctrl Pts',(19.1168720906608,-7.97750399058484,24.7451628877471));
#4247=CARTESIAN_POINT('Ctrl Pts',(20.8631257800337,3.18733259417497,24.9616703753004));
#4248=CARTESIAN_POINT('Ctrl Pts',(15.2397113839266,14.5963463141038,25.2052412987979));
#4249=CARTESIAN_POINT('Ctrl Pts',(4.08341523270809,20.7066586922607,25.4488122222952));
#4250=CARTESIAN_POINT('Ctrl Pts',(-7.14616642624503,19.4424138608033,25.6653197098486));
#4251=CARTESIAN_POINT('Ctrl Pts',(-14.9744169353156,13.8185338859905,25.8547637614577));
#4252=CARTESIAN_POINT('Ctrl Pts',(-19.2347831093511,6.74304904670622,26.0171443771226));
#4253=CARTESIAN_POINT('Ctrl Pts',(-20.3257548079899,-1.44032084833023,26.1795249927876));
#4254=CARTESIAN_POINT('Ctrl Pts',(-17.8439846903634,-10.2849823243094,26.359947899082));
#4255=CARTESIAN_POINT('Ctrl Pts',(-12.1170102380002,-16.4089811628553,26.522328514747));
#4256=CARTESIAN_POINT('Ctrl Pts',(-3.38053419659974,-20.2243287531867,26.7117725663561));
#4257=CARTESIAN_POINT('Ctrl Pts',(6.96476519696768,-19.9254527564143,26.91023776328));
#4258=CARTESIAN_POINT('Ctrl Pts',(17.1524223327851,-12.2931146630433,27.1538086867774));
#4259=CARTESIAN_POINT('Ctrl Pts',(21.1003542256513,-0.211673182488293,27.3973796102749));
#4260=CARTESIAN_POINT('Ctrl Pts',(17.3913373482611,11.9581689286071,27.6409505337723));
#4261=CARTESIAN_POINT('Ctrl Pts',(9.03227723505392,18.4693312044272,27.8439263033535));
#4262=CARTESIAN_POINT('Ctrl Pts',(1.01187500838022,20.1005851139127,28.0063069190184));
#4263=CARTESIAN_POINT('Ctrl Pts',(-7.13235629132741,19.2833016981828,28.1686875346835));
#4264=CARTESIAN_POINT('Ctrl Pts',(-16.1019941691287,13.6431278764581,28.3716633042646));
#4265=CARTESIAN_POINT('Ctrl Pts',(-21.0160222479995,1.90996184121012,28.6152342277622));
#4266=CARTESIAN_POINT('Ctrl Pts',(-18.2981845475962,-10.5119397972362,28.8588051512595));
#4267=CARTESIAN_POINT('Ctrl Pts',(-8.93428610891161,-19.1187306691578,29.102376074757));
#4268=CARTESIAN_POINT('Ctrl Pts',(3.67404040193458,-20.7803187754702,29.3459469982544));
#4269=CARTESIAN_POINT('Ctrl Pts',(14.9484141373758,-14.8961137607031,29.5895179217519));
#4270=CARTESIAN_POINT('Ctrl Pts',(20.7931609474015,-3.60039617331734,29.8330888452493));
#4271=CARTESIAN_POINT('Ctrl Pts',(19.0872900724772,9.00053815726162,30.0766597687468));
#4272=CARTESIAN_POINT('Ctrl Pts',(10.4471087215645,18.3370142888124,30.3202306922442));
#4273=CARTESIAN_POINT('Ctrl Pts',(0.319006404803107,20.5109086537177,30.5186958891681));
#4274=CARTESIAN_POINT('Ctrl Pts',(-7.18563289666848,18.730275060982,30.6720553595183));
#4275=CARTESIAN_POINT('Ctrl Pts',(-13.5524664935766,15.2522137106332,30.8163936845538));
#4276=CARTESIAN_POINT('Ctrl Pts',(-19.2785359304977,7.88492563785507,30.9968165908482));
#4277=CARTESIAN_POINT('Ctrl Pts',(-20.4624924093966,-2.30497959014309,31.1952817877721));
#4278=CARTESIAN_POINT('Ctrl Pts',(-17.2217308254556,-10.8932740535757,31.3757046940665));
#4279=CARTESIAN_POINT('Ctrl Pts',(-11.4877433114865,-16.8353656360567,31.5380853097314));
#4280=CARTESIAN_POINT('Ctrl Pts',(-3.86122369422067,-20.0108641382191,31.7004659253964));
#4281=CARTESIAN_POINT('Ctrl Pts',(4.39720368746076,-19.9001570357411,31.8628465410614));
#4282=CARTESIAN_POINT('Ctrl Pts',(11.9335845753167,-16.5209857379804,32.0252271567263));
#4283=CARTESIAN_POINT('Ctrl Pts',(17.511505825681,-10.4271527994647,32.1876077723913));
#4284=CARTESIAN_POINT('Ctrl Pts',(20.2088241138326,-2.62294060318198,32.3499883880562));
#4285=CARTESIAN_POINT('Ctrl Pts',(19.5275374098081,6.53227693292886,32.5304112943507));
#4286=CARTESIAN_POINT('Ctrl Pts',(14.1620784737771,15.272872829522,32.7288764912745));
#4287=CARTESIAN_POINT('Ctrl Pts',(4.20510666954207,20.398519960834,32.9453839788278));
#4288=CARTESIAN_POINT('Ctrl Pts',(-6.02690080928117,19.6905512243372,33.1438491757517));
#4289=CARTESIAN_POINT('Ctrl Pts',(-13.8740332945621,14.9252333508404,33.3242720820461));
#4290=CARTESIAN_POINT('Ctrl Pts',(-18.6602204344246,8.19706081309111,33.4866526977111));
#4291=CARTESIAN_POINT('Ctrl Pts',(-20.3796806996989,0.11639884008304,33.649033313376));
#4292=CARTESIAN_POINT('Ctrl Pts',(-18.7526643654364,-7.98056007713006,33.811413929041));
#4293=CARTESIAN_POINT('Ctrl Pts',(-14.0452284083929,-14.7678147906515,33.9737945447059));
#4294=CARTESIAN_POINT('Ctrl Pts',(-7.03059476729381,-19.1293193033165,34.1361751603709));
#4295=CARTESIAN_POINT('Ctrl Pts',(1.13809779416058,-20.347885371499,34.2985557760358));
#4296=CARTESIAN_POINT('Ctrl Pts',(9.45410729065189,-18.1382208734202,34.4677022506869));
#4297=CARTESIAN_POINT('Ctrl Pts',(16.3738245065779,-12.3880690683417,34.6436145843239));
#4298=CARTESIAN_POINT('Ctrl Pts',(20.1675032755901,-3.8481639426886,34.826292776947));
#4299=CARTESIAN_POINT('Ctrl Pts',(19.7846596213779,5.48735520716271,35.0089709695701));
#4300=CARTESIAN_POINT('Ctrl Pts',(15.3038847099193,13.6870758431121,35.1916491621932));
#4301=CARTESIAN_POINT('Ctrl Pts',(7.65357300571112,19.0516351742752,35.3743273548162));
#4302=CARTESIAN_POINT('Ctrl Pts',(-1.58196911955596,20.4705101862693,35.5570055474394));
#4303=CARTESIAN_POINT('Ctrl Pts',(-10.4898297047266,17.6495445699721,35.7396837400624));
#4304=CARTESIAN_POINT('Ctrl Pts',(-17.2251092995893,11.173149347219,35.9223619326856));
#4305=CARTESIAN_POINT('Ctrl Pts',(-20.3928072239745,2.38260497613109,36.1050401253085));
#4306=CARTESIAN_POINT('Ctrl Pts',(-19.3368598137194,-6.90139853388162,36.2877183179317));
#4307=CARTESIAN_POINT('Ctrl Pts',(-14.2759625376372,-14.756027949877,36.4703965105547));
#4308=CARTESIAN_POINT('Ctrl Pts',(-6.25830500153585,-19.5544637929974,36.6530747031779));
#4309=CARTESIAN_POINT('Ctrl Pts',(3.05553999472066,-20.3028848979221,36.8357528958009));
#4310=CARTESIAN_POINT('Ctrl Pts',(11.7365374817478,-16.846279535057,37.018431088424));
#4311=CARTESIAN_POINT('Ctrl Pts',(17.986725903017,-9.90056278155287,37.2011092810471));
#4312=CARTESIAN_POINT('Ctrl Pts',(20.5115992212271,-0.904293953940192,37.3837874736702));
#4313=CARTESIAN_POINT('Ctrl Pts',(18.7882192367909,8.27926747136675,37.5664656662933));
#4314=CARTESIAN_POINT('Ctrl Pts',(13.1735231654248,15.7480707798328,37.7491438589163));
#4315=CARTESIAN_POINT('Ctrl Pts',(4.83039706482639,19.9552180278822,37.9318220515395));
#4316=CARTESIAN_POINT('Ctrl Pts',(-4.51317523551016,20.0293454018712,38.1145002441625));
#4317=CARTESIAN_POINT('Ctrl Pts',(-12.9220025982202,15.9551036958419,38.2971784367857));
#4318=CARTESIAN_POINT('Ctrl Pts',(-18.6544936591409,8.57632104259823,38.4798566294087));
#4319=CARTESIAN_POINT('Ctrl Pts',(-20.5233648925446,-0.578734455382734,
38.6625348220318));
#4320=CARTESIAN_POINT('Ctrl Pts',(-18.1415465206091,-9.61394333030221,38.8452130146548));
#4321=CARTESIAN_POINT('Ctrl Pts',(-12.0023463661706,-16.6579288880811,39.027891207278));
#4322=CARTESIAN_POINT('Ctrl Pts',(-3.37728627733962,-20.2518797465174,39.2105693999011));
#4323=CARTESIAN_POINT('Ctrl Pts',(5.94726368888842,-19.6512390615644,39.3932475925241));
#4324=CARTESIAN_POINT('Ctrl Pts',(14.0400396588533,-14.9807903968418,39.5759257851472));
#4325=CARTESIAN_POINT('Ctrl Pts',(19.2249336890632,-7.20711002350128,39.7586039777703));
#4326=CARTESIAN_POINT('Ctrl Pts',(20.4280281150321,2.0583096843802,39.9412821703934));
#4327=CARTESIAN_POINT('Ctrl Pts',(17.4002605059823,10.8993646721493,40.1239603630165));
#4328=CARTESIAN_POINT('Ctrl Pts',(12.9789630036299,15.2854112359503,40.2457458247652));
#4329=CARTESIAN_POINT('Ctrl Pts',(10.3961896939136,16.876445405337,40.3066385556396));
#4330=CARTESIAN_POINT('Ctrl Pts',(5.57544330508569,-19.5741367432091,-0.919915147572294));
#4331=CARTESIAN_POINT('Ctrl Pts',(8.57107163467892,-18.7208702041088,-0.859022416697932));
#4332=CARTESIAN_POINT('Ctrl Pts',(14.1620249317613,-15.6171859570856,-0.737236954949208));
#4333=CARTESIAN_POINT('Ctrl Pts',(19.6162378210132,-7.72250607146584,-0.554558762326123));
#4334=CARTESIAN_POINT('Ctrl Pts',(21.0071808008199,1.76967647483377,-0.371880569703037));
#4335=CARTESIAN_POINT('Ctrl Pts',(18.047462052168,10.8962901525106,-0.189202377079951));
#4336=CARTESIAN_POINT('Ctrl Pts',(11.3497286957923,17.7656332469938,-0.00652418445686393));
#4337=CARTESIAN_POINT('Ctrl Pts',(2.30136183121061,20.9557043951847,0.17615400816622));
#4338=CARTESIAN_POINT('Ctrl Pts',(-7.223682778035,19.8054118999463,0.358832200789307));
#4339=CARTESIAN_POINT('Ctrl Pts',(-15.2525801738318,14.5531945993884,0.541510393412393));
#4340=CARTESIAN_POINT('Ctrl Pts',(-20.1224527567335,6.28676260629283,0.724188586035479));
#4341=CARTESIAN_POINT('Ctrl Pts',(-20.8246655604006,-3.28173248132225,0.906866778658567));
#4342=CARTESIAN_POINT('Ctrl Pts',(-17.2137866388971,-12.170541743693,1.08954497128165));
#4343=CARTESIAN_POINT('Ctrl Pts',(-10.0376785913074,-18.5386483857977,1.27222316390474));
#4344=CARTESIAN_POINT('Ctrl Pts',(-0.782620568184757,-21.0671312389229,
1.45490135652782));
#4345=CARTESIAN_POINT('Ctrl Pts',(8.63453004411071,-19.2323005563861,1.63757954915091));
#4346=CARTESIAN_POINT('Ctrl Pts',(16.2633424153468,-13.4141788896767,1.820257741774));
#4347=CARTESIAN_POINT('Ctrl Pts',(20.5237781413531,-4.81778313377653,2.00293593439708));
#4348=CARTESIAN_POINT('Ctrl Pts',(20.533437523519,4.77644537240346,2.18561412702017));
#4349=CARTESIAN_POINT('Ctrl Pts',(16.2903215466057,13.3814033612751,2.36829231964325));
#4350=CARTESIAN_POINT('Ctrl Pts',(8.67323884347499,19.2148735647471,2.55097051226634));
#4351=CARTESIAN_POINT('Ctrl Pts',(-0.740195181143796,21.0686664795319,2.73364870488942));
#4352=CARTESIAN_POINT('Ctrl Pts',(-10.0003312503353,18.5588192937805,2.91632689751251));
#4353=CARTESIAN_POINT('Ctrl Pts',(-17.1892376653365,12.205187422782,3.0990050901356));
#4354=CARTESIAN_POINT('Ctrl Pts',(-20.8180281893155,3.32364465285603,3.28168328275868));
#4355=CARTESIAN_POINT('Ctrl Pts',(-20.1350458650119,-6.24620118400137,3.46436147538177));
#4356=CARTESIAN_POINT('Ctrl Pts',(-15.2819038409224,-14.522507797716,3.64703966800485));
#4357=CARTESIAN_POINT('Ctrl Pts',(-7.26345351362058,-19.7907167223665,3.82971786062794));
#4358=CARTESIAN_POINT('Ctrl Pts',(2.25897341078642,-20.960507566104,4.01239605325102));
#4359=CARTESIAN_POINT('Ctrl Pts',(11.3142929526079,-17.7880413089806,4.19507424587411));
#4360=CARTESIAN_POINT('Ctrl Pts',(18.0247834869853,-10.9334056958844,4.37775243849719));
#4361=CARTESIAN_POINT('Ctrl Pts',(21.004931903822,-1.81042987737352,4.56043063112028));
#4362=CARTESIAN_POINT('Ctrl Pts',(19.6291367407541,7.68000057795483,4.74310882374336));
#4363=CARTESIAN_POINT('Ctrl Pts',(13.5948695615391,16.4737441010723,4.94608459332458));
#4364=CARTESIAN_POINT('Ctrl Pts',(2.73599967267391,21.4974847788201,5.1693579398639));
#4365=CARTESIAN_POINT('Ctrl Pts',(-10.116920696276,19.1613355972615,5.41292886336135));
#4366=CARTESIAN_POINT('Ctrl Pts',(-19.2891323359718,9.8705663328212,5.6564997868588));
#4367=CARTESIAN_POINT('Ctrl Pts',(-21.4591383127727,-3.00725412083621,5.90007071035625));
#4368=CARTESIAN_POINT('Ctrl Pts',(-15.8338588273595,-14.7918605773778,6.14364163385369));
#4369=CARTESIAN_POINT('Ctrl Pts',(-4.4588361350728,-21.204603438518,6.38721255735114));
#4370=CARTESIAN_POINT('Ctrl Pts',(8.53594193445681,-19.9165112905872,6.63078348084859));
#4371=CARTESIAN_POINT('Ctrl Pts',(18.4305267835045,-11.3940063175501,6.87435440434604));
#4372=CARTESIAN_POINT('Ctrl Pts',(21.6312756358769,1.26430737032185,7.11792532784349));
#4373=CARTESIAN_POINT('Ctrl Pts',(16.9764347651567,13.468056411393,7.36149625134092));
#4374=CARTESIAN_POINT('Ctrl Pts',(7.95849336855851,19.5537702806186,7.56447202092215));
#4375=CARTESIAN_POINT('Ctrl Pts',(-0.373254187281171,20.6616074448055,7.7268526365871));
#4376=CARTESIAN_POINT('Ctrl Pts',(-8.65683326246469,19.2543537874935,7.88923325225206));
#4377=CARTESIAN_POINT('Ctrl Pts',(-17.4542192998704,12.8458241931701,8.09220902183328));
#4378=CARTESIAN_POINT('Ctrl Pts',(-20.9574913098042,2.54385575882341,8.29518479141447));
#4379=CARTESIAN_POINT('Ctrl Pts',(-19.8387529302193,-5.7844996850386,8.45756540707945));
#4380=CARTESIAN_POINT('Ctrl Pts',(-16.3051477936528,-13.4101219290028,8.61994602274441));
#4381=CARTESIAN_POINT('Ctrl Pts',(-7.8138081245944,-20.2122345428701,8.82292179232561));
#4382=CARTESIAN_POINT('Ctrl Pts',(5.22130626539351,-21.0294616621561,9.06649271582308));
#4383=CARTESIAN_POINT('Ctrl Pts',(16.3573388638929,-14.2115503470983,9.31006363932051));
#4384=CARTESIAN_POINT('Ctrl Pts',(21.5531233387236,-2.2317462050521,9.55363456281797));
#4385=CARTESIAN_POINT('Ctrl Pts',(18.9213404275334,10.5597103491664,9.79720548631541));
#4386=CARTESIAN_POINT('Ctrl Pts',(9.41766320979924,19.5145989204867,10.0407764098129));
#4387=CARTESIAN_POINT('Ctrl Pts',(-3.50642034131013,21.3828832256963,10.2843473333103));
#4388=CARTESIAN_POINT('Ctrl Pts',(-15.1571249121615,15.4848914439638,10.5279182568078));
#4389=CARTESIAN_POINT('Ctrl Pts',(-21.3026903986751,3.96318560841345,10.7714891803052));
#4390=CARTESIAN_POINT('Ctrl Pts',(-19.7121845205496,-8.99784444189243,11.0150601038026));
#4391=CARTESIAN_POINT('Ctrl Pts',(-10.9611459993463,-18.6912395428462,11.2586310273001));
#4392=CARTESIAN_POINT('Ctrl Pts',(1.76807860508864,-21.5957655114593,11.5022019507976));
#4393=CARTESIAN_POINT('Ctrl Pts',(13.8604814827862,-16.6581388313571,11.745772874295));
#4394=CARTESIAN_POINT('Ctrl Pts',(19.7334071550395,-7.50000805814845,11.9487486438762));
#4395=CARTESIAN_POINT('Ctrl Pts',(20.6482791471524,0.854540586063865,12.1111292595412));
#4396=CARTESIAN_POINT('Ctrl Pts',(19.0463561593485,9.10451912966782,12.2735098752061));
#4397=CARTESIAN_POINT('Ctrl Pts',(12.4370066195413,17.7462353835776,12.4764856447873));
#4398=CARTESIAN_POINT('Ctrl Pts',(-0.0220690963877066,21.6680013676418,
12.7200565682848));
#4399=CARTESIAN_POINT('Ctrl Pts',(-12.4676640136473,17.7218586139325,12.9636274917822));
#4400=CARTESIAN_POINT('Ctrl Pts',(-20.3883335207758,7.33862328070679,13.2071984152797));
#4401=CARTESIAN_POINT('Ctrl Pts',(-20.9020752434732,-5.7094119492663,13.4507693387771));
#4402=CARTESIAN_POINT('Ctrl Pts',(-13.8268628017903,-16.6842363999466,13.6943402622746));
#4403=CARTESIAN_POINT('Ctrl Pts',(-1.72652492737963,-21.5989892444733,13.937911185772));
#4404=CARTESIAN_POINT('Ctrl Pts',(10.9964012989859,-18.6709924873539,14.1814821092695));
#4405=CARTESIAN_POINT('Ctrl Pts',(19.7312661213164,-8.95914644750609,14.4250530327669));
#4406=CARTESIAN_POINT('Ctrl Pts',(21.030537860005,1.84212532737242,14.6280288023481));
#4407=CARTESIAN_POINT('Ctrl Pts',(18.2146917466531,9.76083631075926,14.7904094180131));
#4408=CARTESIAN_POINT('Ctrl Pts',(13.1808612883546,16.4906090060751,14.9527900336781));
#4409=CARTESIAN_POINT('Ctrl Pts',(3.46724926975157,21.3910442563015,15.1557658032593));
#4410=CARTESIAN_POINT('Ctrl Pts',(-9.45588086788856,19.4959197219536,15.3993367267567));
#4411=CARTESIAN_POINT('Ctrl Pts',(-18.9411175363933,10.5235079211166,15.6429076502542));
#4412=CARTESIAN_POINT('Ctrl Pts',(-21.5491464282586,-2.27255905575523,15.8864785737516));
#4413=CARTESIAN_POINT('Ctrl Pts',(-16.3299098181917,-14.2423910599968,16.1300494972491));
#4414=CARTESIAN_POINT('Ctrl Pts',(-5.18043216208643,-21.0400844609596,16.3736204207465));
#4415=CARTESIAN_POINT('Ctrl Pts',(7.85075038096995,-20.1961357712979,16.617191344244));
#4416=CARTESIAN_POINT('Ctrl Pts',(18.0305469964289,-12.0174139733257,16.8607622677414));
#4417=CARTESIAN_POINT('Ctrl Pts',(21.6620003259023,0.525892367819326,17.1043331912389));
#4418=CARTESIAN_POINT('Ctrl Pts',(17.4261899062275,12.8781744479896,17.3479041147363));
#4419=CARTESIAN_POINT('Ctrl Pts',(6.86140976016145,20.5533290969898,17.5914750382338));
#4420=CARTESIAN_POINT('Ctrl Pts',(-6.19515466901559,20.763869263654,17.8350459617312));
#4421=CARTESIAN_POINT('Ctrl Pts',(-17.002072601801,13.4332933471956,18.0786168852287));
#4422=CARTESIAN_POINT('Ctrl Pts',(-21.6334848083992,1.22403341350359,18.3221878087261));
#4423=CARTESIAN_POINT('Ctrl Pts',(-18.4092114176946,-11.4298968538109,18.5657587322235));
#4424=CARTESIAN_POINT('Ctrl Pts',(-8.49665519518813,-19.9324448347316,18.809329655721));
#4425=CARTESIAN_POINT('Ctrl Pts',(4.49718253273649,-21.1963225023374,19.0529005792184));
#4426=CARTESIAN_POINT('Ctrl Pts',(15.8666126213115,-14.7611454942527,19.2964715027159));
#4427=CARTESIAN_POINT('Ctrl Pts',(20.8342621249078,-4.2774401690886,19.5129789902692));
#4428=CARTESIAN_POINT('Ctrl Pts',(20.159628117779,5.59881716013637,19.7024230418783));
#4429=CARTESIAN_POINT('Ctrl Pts',(16.2887976821719,13.1399972812699,19.8648036575433));
#4430=CARTESIAN_POINT('Ctrl Pts',(9.73202652566536,18.5251213832127,20.0271842732082));
#4431=CARTESIAN_POINT('Ctrl Pts',(1.58330257703474,20.866277623298,20.1895648888732));
#4432=CARTESIAN_POINT('Ctrl Pts',(-6.83036236198899,19.7811194292979,20.3519455045381));
#4433=CARTESIAN_POINT('Ctrl Pts',(-13.3070409994388,15.9265592053311,20.4962838295737));
#4434=CARTESIAN_POINT('Ctrl Pts',(-16.8822679413023,11.629400694261,20.6045375733503));
#4435=CARTESIAN_POINT('Ctrl Pts',(-18.6218232137168,8.36405853868611,20.6767067358681));
#4436=CARTESIAN_POINT('Ctrl Pts',(-20.5552130127231,3.16236185577053,20.7849604796448));
#4437=CARTESIAN_POINT('Ctrl Pts',(-20.6779816113133,-5.45801177836572,20.9473410953097));
#4438=CARTESIAN_POINT('Ctrl Pts',(-15.3477591514258,-14.5436923782309,21.1458062922335));
#4439=CARTESIAN_POINT('Ctrl Pts',(-7.37994847368407,-19.578794176654,21.3262291985279));
#4440=CARTESIAN_POINT('Ctrl Pts',(0.994478986714919,-20.9039347252999,21.4886098141929));
#4441=CARTESIAN_POINT('Ctrl Pts',(9.20977515215546,-18.7903050116307,21.6509904298579));
#4442=CARTESIAN_POINT('Ctrl Pts',(15.9104109363763,-13.5930356655226,21.8133710455228));
#4443=CARTESIAN_POINT('Ctrl Pts',(19.9986771194826,-6.16178565001416,21.9757516611878));
#4444=CARTESIAN_POINT('Ctrl Pts',(20.8015763253786,2.28092226004055,22.1381322768528));
#4445=CARTESIAN_POINT('Ctrl Pts',(18.1880666177989,10.3493205904059,22.3005128925177));
#4446=CARTESIAN_POINT('Ctrl Pts',(12.5869164474192,16.7176090886615,22.4628935081827));
#4447=CARTESIAN_POINT('Ctrl Pts',(4.91853608371106,20.3401639820291,22.6252741238477));
#4448=CARTESIAN_POINT('Ctrl Pts',(-3.55802020545156,20.6215708140602,22.7876547395126));
#4449=CARTESIAN_POINT('Ctrl Pts',(-11.4496371041382,17.5162163002,22.9500353551776));
#4450=CARTESIAN_POINT('Ctrl Pts',(-16.7936579474001,12.1978159425642,23.0943736802131));
#4451=CARTESIAN_POINT('Ctrl Pts',(-19.6092957384257,6.31750125762213,23.2206697146192));
#4452=CARTESIAN_POINT('Ctrl Pts',(-20.9236385219191,-1.01734519180237,23.3650080396547));
#4453=CARTESIAN_POINT('Ctrl Pts',(-18.722435075248,-10.3391506080814,23.5454309459491));
#4454=CARTESIAN_POINT('Ctrl Pts',(-11.3331960475217,-17.8494287977139,23.743896142873));
#4455=CARTESIAN_POINT('Ctrl Pts',(-2.38034758446388,-20.787771329678,23.9243190491674));
#4456=CARTESIAN_POINT('Ctrl Pts',(6.06807350030368,-20.0302479764247,24.0866996648324));
#4457=CARTESIAN_POINT('Ctrl Pts',(13.512284591736,-15.9726609419408,24.2490802804973));
#4458=CARTESIAN_POINT('Ctrl Pts',(19.6291795691836,-8.19108384424035,24.4385243321064));
#4459=CARTESIAN_POINT('Ctrl Pts',(21.4221209447749,3.27292908291422,24.6550318196597));
#4460=CARTESIAN_POINT('Ctrl Pts',(15.6479227527398,14.9875938904684,24.8986027431572));
#4461=CARTESIAN_POINT('Ctrl Pts',(4.19263886260332,21.2615283784823,25.1421736666546));
#4462=CARTESIAN_POINT('Ctrl Pts',(-7.33782621785794,19.963304747478,25.3586811542079));
#4463=CARTESIAN_POINT('Ctrl Pts',(-15.3757817581817,14.1886615157874,25.5481252058171));
#4464=CARTESIAN_POINT('Ctrl Pts',(-19.7502386157795,6.92355076496282,25.710505821482));
#4465=CARTESIAN_POINT('Ctrl Pts',(-20.8703672996046,-1.47910144606455,25.872886437147));
#4466=CARTESIAN_POINT('Ctrl Pts',(-18.3220169501856,-10.5607315136567,26.0533093434414));
#4467=CARTESIAN_POINT('Ctrl Pts',(-12.4415325520497,-16.8487692467619,26.2156899591063));
#4468=CARTESIAN_POINT('Ctrl Pts',(-3.47092867384891,-20.7662679951997,26.4051340107154));
#4469=CARTESIAN_POINT('Ctrl Pts',(7.15156882134602,-20.459288275567,26.6035992076393));
#4470=CARTESIAN_POINT('Ctrl Pts',(17.6121324429924,-12.6223488161075,26.8471701311368));
#4471=CARTESIAN_POINT('Ctrl Pts',(21.6657372319652,-0.217150393143029,27.0907410546342));
#4472=CARTESIAN_POINT('Ctrl Pts',(17.8572255590091,12.2787467467138,27.3343119781316));
#4473=CARTESIAN_POINT('Ctrl Pts',(9.27412556144673,18.9642976401699,27.5372877477129));
#4474=CARTESIAN_POINT('Ctrl Pts',(1.03880273334211,20.6391868237906,27.6996683633778));
#4475=CARTESIAN_POINT('Ctrl Pts',(-7.32364457519733,19.7999293236401,27.8620489790428));
#4476=CARTESIAN_POINT('Ctrl Pts',(-16.5335706498667,14.008545130643,28.0650247486241));
#4477=CARTESIAN_POINT('Ctrl Pts',(-21.5791612487107,1.96094523760195,28.3085956721214));
#4478=CARTESIAN_POINT('Ctrl Pts',(-18.78838493694,-10.7937744681343,28.5521665956189));
#4479=CARTESIAN_POINT('Ctrl Pts',(-9.17350278925556,-19.6310967695508,28.7957375191163));
#4480=CARTESIAN_POINT('Ctrl Pts',(3.77267739525276,-21.3370906506113,29.0393084426138));
#4481=CARTESIAN_POINT('Ctrl Pts',(15.3490921540699,-15.2951152330198,29.2828793661112));
#4482=CARTESIAN_POINT('Ctrl Pts',(21.3503439962105,-3.69667657720104,29.5264502896087));
#4483=CARTESIAN_POINT('Ctrl Pts',(19.5986483694538,9.24188230713053,29.7700212131061));
#4484=CARTESIAN_POINT('Ctrl Pts',(10.7268684806292,18.828448355487,30.0135921366036));
#4485=CARTESIAN_POINT('Ctrl Pts',(0.327365028780806,21.060498537819,30.2120573335274));
#4486=CARTESIAN_POINT('Ctrl Pts',(-7.37834362091465,19.2320839236129,30.3654168038777));
#4487=CARTESIAN_POINT('Ctrl Pts',(-13.915743570704,15.6607697019478,30.5097551289132));
#4488=CARTESIAN_POINT('Ctrl Pts',(-19.7951743156212,8.09602337717945,30.6901780352076));
#4489=CARTESIAN_POINT('Ctrl Pts',(-21.0107607938087,-2.36692985939006,30.8886432321314));
#4490=CARTESIAN_POINT('Ctrl Pts',(-17.6830842712976,-11.1853165978882,31.0690661384258));
#4491=CARTESIAN_POINT('Ctrl Pts',(-11.7954005745771,-17.2865728309949,31.2314467540908));
#4492=CARTESIAN_POINT('Ctrl Pts',(-3.96450014787248,-20.5470880575237,31.3938273697558));
#4493=CARTESIAN_POINT('Ctrl Pts',(4.51520962538559,-20.4333384321322,31.5562079854208));
#4494=CARTESIAN_POINT('Ctrl Pts',(12.2534956346356,-16.9635532251382,31.7185886010857));
#4495=CARTESIAN_POINT('Ctrl Pts',(17.9808203241238,-10.7063854534632,31.8809692167507));
#4496=CARTESIAN_POINT('Ctrl Pts',(20.7503409265127,-2.69303560853793,32.0433498324156));
#4497=CARTESIAN_POINT('Ctrl Pts',(20.050714829918,6.70748842567859,32.2237727387101));
#4498=CARTESIAN_POINT('Ctrl Pts',(14.5414085813435,15.6822379041613,32.4222379356339));
#4499=CARTESIAN_POINT('Ctrl Pts',(4.31759384556633,20.945134234647,32.6387454231872));
#4500=CARTESIAN_POINT('Ctrl Pts',(-6.18857232230515,20.2181012364557,32.837210620111));
#4501=CARTESIAN_POINT('Ctrl Pts',(-14.2459236944646,15.3250249842439,33.0176335264055));
#4502=CARTESIAN_POINT('Ctrl Pts',(-19.1602940199816,8.4165278716524,33.1800141420704));
#4503=CARTESIAN_POINT('Ctrl Pts',(-20.925752480601,0.119329832561102,33.3423947577354));
#4504=CARTESIAN_POINT('Ctrl Pts',(-19.2550658172979,-8.19457097104078,33.5047753734003));
#4505=CARTESIAN_POINT('Ctrl Pts',(-14.4214321912271,-15.1636458279189,33.6671559890653));
#4506=CARTESIAN_POINT('Ctrl Pts',(-7.21880220548304,-19.6419515728678,33.8295366047303));
#4507=CARTESIAN_POINT('Ctrl Pts',(1.16878057128204,-20.8930936348682,33.9919172203952));
#4508=CARTESIAN_POINT('Ctrl Pts',(9.70759601192585,-18.6241448114311,34.1610636950462));
#4509=CARTESIAN_POINT('Ctrl Pts',(16.8126730718581,-12.7198546901121,34.3369760286833));
#4510=CARTESIAN_POINT('Ctrl Pts',(20.70792419854,-3.95108901791619,34.5196542213063));
#4511=CARTESIAN_POINT('Ctrl Pts',(20.3147362295109,5.63457053844313,34.7023324139294));
#4512=CARTESIAN_POINT('Ctrl Pts',(15.7138239774721,14.0539602353717,34.8850106065525));
#4513=CARTESIAN_POINT('Ctrl Pts',(7.85847377532179,19.5621916521873,35.0676887991756));
#4514=CARTESIAN_POINT('Ctrl Pts',(-1.62454649764072,21.0190000720318,35.2503669917987));
#4515=CARTESIAN_POINT('Ctrl Pts',(-10.7710659584118,18.1223649452392,35.4330451844218));
#4516=CARTESIAN_POINT('Ctrl Pts',(-17.6867567209897,11.4723735153959,35.6157233770448));
#4517=CARTESIAN_POINT('Ctrl Pts',(-20.9392516225854,2.44625852555871,35.798401569668));
#4518=CARTESIAN_POINT('Ctrl Pts',(-19.8549246510155,-7.08649883063499,35.981079762291));
#4519=CARTESIAN_POINT('Ctrl Pts',(-14.658348918039,-15.1515452877356,36.1637579549141));
#4520=CARTESIAN_POINT('Ctrl Pts',(-6.42581512314814,-20.0784806295572,36.3464361475372));
#4521=CARTESIAN_POINT('Ctrl Pts',(3.13759995382638,-20.8468697012623,36.5291143401603));
#4522=CARTESIAN_POINT('Ctrl Pts',(12.0511716907906,-17.2975650410135,36.7117925327834));
#4523=CARTESIAN_POINT('Ctrl Pts',(18.4687690022044,-10.1656811478068,36.8944707254065));
#4524=CARTESIAN_POINT('Ctrl Pts',(21.0612130050164,-0.928335270032954,37.0771489180296));
#4525=CARTESIAN_POINT('Ctrl Pts',(19.2915706223984,8.50128251612475,37.2598271106527));
#4526=CARTESIAN_POINT('Ctrl Pts',(13.5263606897684,16.1701596028846,37.4425053032757));
#4527=CARTESIAN_POINT('Ctrl Pts',(4.95964289710509,20.489959853244,37.6251834958988));
#4528=CARTESIAN_POINT('Ctrl Pts',(-4.63428980601498,20.5659873132606,37.8078616885219));
#4529=CARTESIAN_POINT('Ctrl Pts',(-13.2683929635284,16.3824993393708,37.990539881145));
#4530=CARTESIAN_POINT('Ctrl Pts',(-19.1544172930578,8.80595037902801,38.1732180737681));
#4531=CARTESIAN_POINT('Ctrl Pts',(-21.0732802625139,-0.594430787590378,
38.3558962663912));
#4532=CARTESIAN_POINT('Ctrl Pts',(-18.6275580952306,-9.87171486668404,38.5385744590142));
#4533=CARTESIAN_POINT('Ctrl Pts',(-12.3237939824094,-17.1043864344109,38.7212526516373));
#4534=CARTESIAN_POINT('Ctrl Pts',(-3.46759347310611,-20.7945571837993,38.9039308442604));
#4535=CARTESIAN_POINT('Ctrl Pts',(6.10680097376682,-20.1777364441208,39.0866090368835));
#4536=CARTESIAN_POINT('Ctrl Pts',(14.4163786886155,-15.382069142847,39.2692872295065));
#4537=CARTESIAN_POINT('Ctrl Pts',(19.7401295600692,-7.40004628207118,39.4519654221297));
#4538=CARTESIAN_POINT('Ctrl Pts',(20.9753753081089,2.11365015035827,39.6346436147528));
#4539=CARTESIAN_POINT('Ctrl Pts',(17.8663975729391,11.1915720589911,39.8173218073759));
#4540=CARTESIAN_POINT('Ctrl Pts',(13.3265915821719,15.6951013685121,39.9391072691246));
#4541=CARTESIAN_POINT('Ctrl Pts',(10.6745985510092,17.3287432627086,39.9999999999989));
#4542=CARTESIAN_POINT('Ctrl Pts',(10.674598550823,17.3287432623823,40.0000000002155));
#4543=CARTESIAN_POINT('Ctrl Pts',(11.0274312021538,17.0945647045436,40.0000000001288));
#4544=CARTESIAN_POINT('Ctrl Pts',(11.3727332070865,16.8492586831989,40.0000000000245));
#4545=CARTESIAN_POINT('Ctrl Pts',(11.7100833554933,16.5932866447093,39.9999999999201));
#4546=CARTESIAN_POINT('Ctrl Pts',(12.0473740985005,16.3373596814074,39.9999999998157));
#4547=CARTESIAN_POINT('Ctrl Pts',(12.3767161558582,16.0707700434828,39.9999999997112));
#4548=CARTESIAN_POINT('Ctrl Pts',(12.6976513252435,15.7939425396638,39.9999999996234));
#4549=CARTESIAN_POINT('Ctrl Pts',(13.01614291688,15.5192227809383,39.9999999995364));
#4550=CARTESIAN_POINT('Ctrl Pts',(13.3263554660201,15.2344200295995,39.9999999994659));
#4551=CARTESIAN_POINT('Ctrl Pts',(13.6277994745766,14.9399200021157,39.9999999994282));
#4552=CARTESIAN_POINT('Ctrl Pts',(13.8101604429125,14.7617598507693,39.9999999994054));
#4553=CARTESIAN_POINT('Ctrl Pts',(13.9893115247956,14.5800502055044,39.9999999993945));
#4554=CARTESIAN_POINT('Ctrl Pts',(14.1651361064134,14.3948721688936,39.9999999993991));
#4555=CARTESIAN_POINT('Ctrl Pts',(14.454724251727,14.089878614059,39.9999999994066));
#4556=CARTESIAN_POINT('Ctrl Pts',(14.7344070674553,13.776408884748,39.9999999994301));
#4557=CARTESIAN_POINT('Ctrl Pts',(15.0038165457708,13.4549502184293,39.9999999994651));
#4558=CARTESIAN_POINT('Ctrl Pts',(15.273631955265,13.1330071961177,39.9999999995002));
#4559=CARTESIAN_POINT('Ctrl Pts',(15.5331434071879,12.8030507276744,39.9999999995469));
#4560=CARTESIAN_POINT('Ctrl Pts',(15.7819445756034,12.4655328876399,39.9999999996005));
#4561=CARTESIAN_POINT('Ctrl Pts',(16.0294253069506,12.1298063216176,39.9999999996539));
#4562=CARTESIAN_POINT('Ctrl Pts',(16.2663094479704,11.7865979948243,39.999999999714));
#4563=CARTESIAN_POINT('Ctrl Pts',(16.4921559042669,11.4363223048494,39.9999999997758));
#4564=CARTESIAN_POINT('Ctrl Pts',(16.661547523424,11.1736050267073,39.9999999998221));
#4565=CARTESIAN_POINT('Ctrl Pts',(16.8247291379483,10.9069113789096,39.9999999998693));
#4566=CARTESIAN_POINT('Ctrl Pts',(16.9814976865014,10.6364070307288,39.9999999999151));
#4567=CARTESIAN_POINT('Ctrl Pts',(17.1915957358995,10.2738825547991,39.9999999999765));
#4568=CARTESIAN_POINT('Ctrl Pts',(17.3901772282737,9.90451400754445,40.0000000000353));
#4569=CARTESIAN_POINT('Ctrl Pts',(17.5770297823721,9.52889335038089,40.0000000000853));
#4570=CARTESIAN_POINT('Ctrl Pts',(17.7231224302875,9.23521036230756,40.0000000001244));
#4571=CARTESIAN_POINT('Ctrl Pts',(17.8620441674985,8.93770496809057,40.0000000001582));
#4572=CARTESIAN_POINT('Ctrl Pts',(17.993671793202,8.6366553639418,40.0000000001835));
#4573=CARTESIAN_POINT('Ctrl Pts',(18.0523847371835,8.50237117815965,40.0000000001948));
#4574=CARTESIAN_POINT('Ctrl Pts',(18.1096461607258,8.36738178542815,40.0000000002043));
#4575=CARTESIAN_POINT('Ctrl Pts',(18.165443867151,8.2317117480822,40.0000000002119));
#4576=CARTESIAN_POINT('Ctrl Pts',(18.2089408312193,8.12595050595109,40.0000000002179));
#4577=CARTESIAN_POINT('Ctrl Pts',(18.2515482872302,8.01977563826732,40.0000000002226));
#4578=CARTESIAN_POINT('Ctrl Pts',(18.293260121884,7.91319877087878,40.000000000226));
#4579=CARTESIAN_POINT('Ctrl Pts',(18.3119772333871,7.86537514654941,40.0000000002275));
#4580=CARTESIAN_POINT('Ctrl Pts',(18.3305155907087,7.81746632109094,40.0000000002287));
#4581=CARTESIAN_POINT('Ctrl Pts',(18.3488643600155,7.76950050266004,40.0000000002298));
#4582=CARTESIAN_POINT('Ctrl Pts',(18.4969168494829,7.3824740645766,40.0000000002387));
#4583=CARTESIAN_POINT('Ctrl Pts',(18.6327536009272,6.99142936638126,40.0000000002392));
#4584=CARTESIAN_POINT('Ctrl Pts',(18.7562730669502,6.59697374154031,40.0000000002347));
#4585=CARTESIAN_POINT('Ctrl Pts',(18.8805907244659,6.19996911665805,40.0000000002302));
#4586=CARTESIAN_POINT('Ctrl Pts',(18.9924315707654,5.79950881556666,40.0000000002205));
#4587=CARTESIAN_POINT('Ctrl Pts',(19.0916435278073,5.39619167298302,40.0000000002088));
#4588=CARTESIAN_POINT('Ctrl Pts',(19.1906755281073,4.99360609180733,40.000000000197));
#4589=CARTESIAN_POINT('Ctrl Pts',(19.2771245297657,4.5881734818047,40.0000000001832));
#4590=CARTESIAN_POINT('Ctrl Pts',(19.3507889343611,4.18047725719082,40.0000000001697));
#4591=CARTESIAN_POINT('Ctrl Pts',(19.4236905256412,3.77700282884981,40.0000000001563));
#4592=CARTESIAN_POINT('Ctrl Pts',(19.4840709710522,3.37131090465242,40.0000000001433));
#4593=CARTESIAN_POINT('Ctrl Pts',(19.5316844026699,2.96396293773922,40.0000000001324));
#4594=CARTESIAN_POINT('Ctrl Pts',(19.5700111255804,2.63606570106494,40.0000000001237));
#4595=CARTESIAN_POINT('Ctrl Pts',(19.6000644818161,2.30709524448725,40.0000000001163));
#4596=CARTESIAN_POINT('Ctrl Pts',(19.621691694793,1.97734587874814,40.0000000001111));
#4597=CARTESIAN_POINT('Ctrl Pts',(19.6461932612223,1.60377134566851,40.0000000001051));
#4598=CARTESIAN_POINT('Ctrl Pts',(19.6598804898632,1.22919667962359,40.0000000001019));
#4599=CARTESIAN_POINT('Ctrl Pts',(19.6627750200917,0.854081254268791,40.0000000001021));
#4600=CARTESIAN_POINT('Ctrl Pts',(19.6641740982078,0.672768315312279,40.0000000001022));
#4601=CARTESIAN_POINT('Ctrl Pts',(19.6630511860756,0.491329174307153,40.0000000001031));
#4602=CARTESIAN_POINT('Ctrl Pts',(19.6594059660747,0.309816643657348,40.0000000001048));
#4603=CARTESIAN_POINT('Ctrl Pts',(19.6586278214091,0.271069186047619,40.0000000001051));
#4604=CARTESIAN_POINT('Ctrl Pts',(19.6577349196195,0.232328037781687,40.0000000001054));
#4605=CARTESIAN_POINT('Ctrl Pts',(19.6567274910282,0.193595980120537,40.0000000001056));
#4606=CARTESIAN_POINT('Ctrl Pts',(19.6460874059204,-0.215477569587503,40.0000000001078));
#4607=CARTESIAN_POINT('Ctrl Pts',(19.6226747791583,-0.623619973960883,40.0000000001005));
#4608=CARTESIAN_POINT('Ctrl Pts',(19.5866782701091,-1.03024588725721,40.0000000000876));
#4609=CARTESIAN_POINT('Ctrl Pts',(19.5504313032841,-1.43970103662377,40.0000000000746));
#4610=CARTESIAN_POINT('Ctrl Pts',(19.5014246655734,-1.84761906219666,40.0000000000559));
#4611=CARTESIAN_POINT('Ctrl Pts',(19.4397981293525,-2.2534023413181,40.0000000000347));
#4612=CARTESIAN_POINT('Ctrl Pts',(19.3781469302357,-2.65934801461924,40.0000000000135));
#4613=CARTESIAN_POINT('Ctrl Pts',(19.303865614049,-3.06315777694286,39.9999999999898));
#4614=CARTESIAN_POINT('Ctrl Pts',(19.2170428636204,-3.4642251286132,39.9999999999663));
#4615=CARTESIAN_POINT('Ctrl Pts',(19.1306612206552,-3.86325483690913,39.999999999943));
#4616=CARTESIAN_POINT('Ctrl Pts',(19.031865104685,-4.25957044827826,39.9999999999199));
#4617=CARTESIAN_POINT('Ctrl Pts',(18.9206931786263,-4.65255865889536,39.999999999899));
#4618=CARTESIAN_POINT('Ctrl Pts',(18.8111804491136,-5.03968167759912,39.9999999998785));
#4619=CARTESIAN_POINT('Ctrl Pts',(18.6896583534009,-5.42357631969813,39.9999999998603));
#4620=CARTESIAN_POINT('Ctrl Pts',(18.556119258186,-5.803633691451,39.9999999998457));
#4621=CARTESIAN_POINT('Ctrl Pts',(18.4369077516057,-6.14291419803735,39.9999999998327));
#4622=CARTESIAN_POINT('Ctrl Pts',(18.3081189148305,-6.47913660791654,39.9999999998226));
#4623=CARTESIAN_POINT('Ctrl Pts',(18.169718403548,-6.81184777035723,39.9999999998161));
#4624=CARTESIAN_POINT('Ctrl Pts',(18.137540133008,-6.88920348022766,39.9999999998146));
#4625=CARTESIAN_POINT('Ctrl Pts',(18.1048421710262,-6.96636929182763,39.9999999998133));
#4626=CARTESIAN_POINT('Ctrl Pts',(18.0716269044291,-7.04334045478437,39.9999999998122));
#4627=CARTESIAN_POINT('Ctrl Pts',(18.056723937398,-7.07787573995319,39.9999999998117));
#4628=CARTESIAN_POINT('Ctrl Pts',(18.0417170798024,-7.11237119265037,39.9999999998112));
#4629=CARTESIAN_POINT('Ctrl Pts',(18.0266120575182,-7.14681403475111,39.9999999998109));
#4630=CARTESIAN_POINT('Ctrl Pts',(17.8644960030193,-7.5164750363746,39.9999999998072));
#4631=CARTESIAN_POINT('Ctrl Pts',(17.6909160857078,-7.88045113423638,39.999999999815));
#4632=CARTESIAN_POINT('Ctrl Pts',(17.5063135435527,-8.23830677388971,39.9999999998311));
#4633=CARTESIAN_POINT('Ctrl Pts',(17.320125492635,-8.59923595329938,39.9999999998474));
#4634=CARTESIAN_POINT('Ctrl Pts',(17.1227243764361,-8.95393954970051,39.9999999998722));
#4635=CARTESIAN_POINT('Ctrl Pts',(16.9145134635822,-9.30195053033968,39.999999999902));
#4636=CARTESIAN_POINT('Ctrl Pts',(16.7055725743139,-9.65118161901404,39.9999999999318));
#4637=CARTESIAN_POINT('Ctrl Pts',(16.485745631505,-9.99367353903009,39.9999999999665));
#4638=CARTESIAN_POINT('Ctrl Pts',(16.2553952744262,-10.3289272093154,40.0000000000019));
#4639=CARTESIAN_POINT('Ctrl Pts',(16.0262814963783,-10.6623811530278,40.0000000000371));
#4640=CARTESIAN_POINT('Ctrl Pts',(15.7867566114757,-10.9886747586843,40.000000000073));
#4641=CARTESIAN_POINT('Ctrl Pts',(15.5371384626073,-11.307283759595,40.0000000001046));
#4642=CARTESIAN_POINT('Ctrl Pts',(15.2894992783252,-11.6233668386825,40.000000000136));
#4643=CARTESIAN_POINT('Ctrl Pts',(15.0319258694992,-11.9318870503481,40.0000000001633));
#4644=CARTESIAN_POINT('Ctrl Pts',(14.7646956143546,-12.2322939773644,40.0000000001811));
#4645=CARTESIAN_POINT('Ctrl Pts',(14.4979502900628,-12.5321557692976,40.0000000001989));
#4646=CARTESIAN_POINT('Ctrl Pts',(14.2215828164523,-12.8239341057511,40.0000000002072));
#4647=CARTESIAN_POINT('Ctrl Pts',(13.9358411331839,-13.1070371189935,40.0000000002003));
#4648=CARTESIAN_POINT('Ctrl Pts',(13.9053802362867,-13.1372167259694,40.0000000001995));
#4649=CARTESIAN_POINT('Ctrl Pts',(13.8748127856227,-13.1672976998757,40.0000000001986));
#4650=CARTESIAN_POINT('Ctrl Pts',(13.8441390651292,-13.197279290798,40.0000000001975));
#4651=CARTESIAN_POINT('Ctrl Pts',(13.8175405762687,-13.2232776046423,40.0000000001965));
#4652=CARTESIAN_POINT('Ctrl Pts',(13.7908657717698,-13.2491976553173,40.0000000001955));
#4653=CARTESIAN_POINT('Ctrl Pts',(13.7641206703479,-13.275033501818,40.0000000001943));
#4654=CARTESIAN_POINT('Ctrl Pts',(13.5323844394235,-13.4988913812983,40.0000000001844));
#4655=CARTESIAN_POINT('Ctrl Pts',(13.2952413325831,-13.7165565076673,40.0000000001678));
#4656=CARTESIAN_POINT('Ctrl Pts',(13.0528794418853,-13.9277945260201,40.0000000001469));
#4657=CARTESIAN_POINT('Ctrl Pts',(12.7517049558211,-14.190292484884,40.000000000121));
#4658=CARTESIAN_POINT('Ctrl Pts',(12.4424724778091,-14.4428670464007,40.0000000000885));
#4659=CARTESIAN_POINT('Ctrl Pts',(12.1257559731309,-14.6853005409215,40.0000000000535));
#4660=CARTESIAN_POINT('Ctrl Pts',(11.80667652016,-14.9295427754464,40.0000000000182));
#4661=CARTESIAN_POINT('Ctrl Pts',(11.4800004805627,-15.1634923457055,39.9999999999804));
#4662=CARTESIAN_POINT('Ctrl Pts',(11.1462822357838,-15.3868851257834,39.9999999999434));
#4663=CARTESIAN_POINT('Ctrl Pts',(10.8121239501475,-15.6105724715676,39.9999999999064));
#4664=CARTESIAN_POINT('Ctrl Pts',(10.4709043716477,-15.8236754230188,39.9999999998702));
#4665=CARTESIAN_POINT('Ctrl Pts',(10.1231549692924,-16.025883286965,39.9999999998378));
#4666=CARTESIAN_POINT('Ctrl Pts',(9.77699007614228,-16.2271697971444,39.9999999998055));
#4667=CARTESIAN_POINT('Ctrl Pts',(9.42435421962682,-16.4176604901688,39.9999999997769));
#4668=CARTESIAN_POINT('Ctrl Pts',(9.06575438491086,-16.5970004161451,39.9999999997541));
#4669=CARTESIAN_POINT('Ctrl Pts',(8.71157523610161,-16.7741295059565,39.9999999997316));
#4670=CARTESIAN_POINT('Ctrl Pts',(8.35157775614811,-16.9403811977749,39.9999999997147));
#4671=CARTESIAN_POINT('Ctrl Pts',(7.98624097967284,-17.0953636164719,39.9999999997049));
#4672=CARTESIAN_POINT('Ctrl Pts',(7.88495284550344,-17.1383318611976,39.9999999997021));
#4673=CARTESIAN_POINT('Ctrl Pts',(7.78325427223718,-17.1804335847116,39.9999999996999));
#4674=CARTESIAN_POINT('Ctrl Pts',(7.68115541502641,-17.2216597224831,39.9999999996983));
#4675=CARTESIAN_POINT('Ctrl Pts',(7.31073867250952,-17.3712289936488,39.9999999996924));
#4676=CARTESIAN_POINT('Ctrl Pts',(6.93615912635839,-17.5088310904852,39.9999999997406));
#4677=CARTESIAN_POINT('Ctrl Pts',(6.55795780836288,-17.6342189545674,39.9999999998113));
#4678=CARTESIAN_POINT('Ctrl Pts',(6.18766881342573,-17.7569835880024,39.9999999998805));
#4679=CARTESIAN_POINT('Ctrl Pts',(5.81390746556575,-17.8680397599285,39.9999999999711));
#4680=CARTESIAN_POINT('Ctrl Pts',(5.43716329604766,-17.967110756981,40.0000000000528));
#4681=CARTESIAN_POINT('Ctrl Pts',(5.33791241927696,-17.9932103866915,40.0000000000743));
#4682=CARTESIAN_POINT('Ctrl Pts',(5.23845445072885,-18.0184779661033,40.0000000000952));
#4683=CARTESIAN_POINT('Ctrl Pts',(5.13880002745911,-18.0429139442137,40.0000000001149));
#4684=CARTESIAN_POINT('Ctrl Pts',(10.675292781038,17.3297011748997,2.15466866571035E-10));
#4685=CARTESIAN_POINT('Ctrl Pts',(10.7680090139507,17.2681990582851,1.92697566728918E-10));
#4686=CARTESIAN_POINT('Ctrl Pts',(10.8602069143113,17.2059295530566,1.68708347872859E-10));
#4687=CARTESIAN_POINT('Ctrl Pts',(10.951875529312,17.1428958009267,1.43819733899875E-10));
#4688=CARTESIAN_POINT('Ctrl Pts',(11.300741371781,16.9030064664954,4.91005423397116E-11));
#4689=CARTESIAN_POINT('Ctrl Pts',(11.6419440344407,16.6520510877601,-5.86116306485594E-11));
#4690=CARTESIAN_POINT('Ctrl Pts',(11.9750616575719,16.3904961004093,-1.61957891542386E-10));
#4691=CARTESIAN_POINT('Ctrl Pts',(12.3079818894495,16.1290960993555,-2.6524291386288E-10));
#4692=CARTESIAN_POINT('Ctrl Pts',(12.6328270235664,15.8571086238262,-3.64165961290562E-10));
#4693=CARTESIAN_POINT('Ctrl Pts',(12.9491373276262,15.5749644962979,-4.41879199897244E-10));
#4694=CARTESIAN_POINT('Ctrl Pts',(13.2630516485224,15.294957550425,-5.19003777278248E-10));
#4695=CARTESIAN_POINT('Ctrl Pts',(13.5685602568511,15.0049467988396,-5.75237547238222E-10));
#4696=CARTESIAN_POINT('Ctrl Pts',(13.8651708080096,14.7053255731996,-5.94590821023644E-10));
#4697=CARTESIAN_POINT('Ctrl Pts',(13.9662458062851,14.6032246373206,-6.01185772237778E-10));
#4698=CARTESIAN_POINT('Ctrl Pts',(14.0662871541115,14.5000075051262,-6.0350246801393E-10));
#4699=CARTESIAN_POINT('Ctrl Pts',(14.1652741176422,14.3956891347296,-6.00920757598544E-10));
#4700=CARTESIAN_POINT('Ctrl Pts',(14.4552681725758,14.0900760907859,-5.93357267468615E-10));
#4701=CARTESIAN_POINT('Ctrl Pts',(14.735329623392,13.7759479397568,-5.69861251761773E-10));
#4702=CARTESIAN_POINT('Ctrl Pts',(15.0050971885237,13.4538092275628,-5.34726818379738E-10));
#4703=CARTESIAN_POINT('Ctrl Pts',(15.2748590874749,13.1316772815493,-4.99593122959056E-10));
#4704=CARTESIAN_POINT('Ctrl Pts',(15.5343278808167,12.8015346736793,-4.52820767263552E-10));
#4705=CARTESIAN_POINT('Ctrl Pts',(15.7831055882901,12.4638483985733,-3.99179689303253E-10));
#4706=CARTESIAN_POINT('Ctrl Pts',(16.0318911338944,12.1261514841329,-3.4553692129689E-10));
#4707=CARTESIAN_POINT('Ctrl Pts',(16.2699852695417,11.7809100009414,-2.85023130585039E-10));
#4708=CARTESIAN_POINT('Ctrl Pts',(16.4969480255438,11.4285599373059,-2.22897256207943E-10));
#4709=CARTESIAN_POINT('Ctrl Pts',(16.7239107815459,11.0762098736705,-1.60771381830848E-10));
#4710=CARTESIAN_POINT('Ctrl Pts',(16.9397425112437,10.7167508110221,-9.70316117592464E-11));
#4711=CARTESIAN_POINT('Ctrl Pts',(17.1439560242402,10.3505940206292,-3.74368314126627E-11));
#4712=CARTESIAN_POINT('Ctrl Pts',(17.347987407173,9.9847637911898,2.21046888215789E-11));
#4713=CARTESIAN_POINT('Ctrl Pts',(17.5404212757261,9.6122471405668,7.75114758391668E-11));
#4714=CARTESIAN_POINT('Ctrl Pts',(17.7210453566912,9.23363346988672,1.22521659484676E-10));
#4715=CARTESIAN_POINT('Ctrl Pts',(17.8622644289534,8.93761828169272,1.57712406714007E-10));
#4716=CARTESIAN_POINT('Ctrl Pts',(17.9962635415121,8.63787573685259,1.86536992408512E-10));
#4717=CARTESIAN_POINT('Ctrl Pts',(18.1229193725611,8.33468370115186,2.05782391127229E-10));
#4718=CARTESIAN_POINT('Ctrl Pts',(18.1783885311289,8.2019001809183,2.14210949563019E-10));
#4719=CARTESIAN_POINT('Ctrl Pts',(18.2324489821353,8.06845501541572,2.20799709639694E-10));
#4720=CARTESIAN_POINT('Ctrl Pts',(18.2850891702529,7.93437147388808,2.25265250897166E-10));
#4721=CARTESIAN_POINT('Ctrl Pts',(18.2979089513795,7.90171730382295,2.26352770976014E-10));
#4722=CARTESIAN_POINT('Ctrl Pts',(18.310644913142,7.86902418565208,2.27304589460181E-10));
#4723=CARTESIAN_POINT('Ctrl Pts',(18.3232955723196,7.83629584573656,2.28145835556859E-10));
#4724=CARTESIAN_POINT('Ctrl Pts',(18.472579413002,7.45008575081807,2.38072942635509E-10));
#4725=CARTESIAN_POINT('Ctrl Pts',(18.609659350167,7.05982729115613,2.39359588153712E-10));
#4726=CARTESIAN_POINT('Ctrl Pts',(18.7344493930797,6.66612952388728,2.35443664564627E-10));
#4727=CARTESIAN_POINT('Ctrl Pts',(18.8632641533446,6.25973425128468,2.31401444956635E-10));
#4728=CARTESIAN_POINT('Ctrl Pts',(18.9789838942295,5.84967376716186,2.21820175871072E-10));
#4729=CARTESIAN_POINT('Ctrl Pts',(19.0814611530123,5.43659535334117,2.09927630834272E-10));
#4730=CARTESIAN_POINT('Ctrl Pts',(19.1813211799052,5.03406681185875,1.98338817069109E-10));
#4731=CARTESIAN_POINT('Ctrl Pts',(19.2686064101725,4.62867190985394,1.84553208569186E-10));
#4732=CARTESIAN_POINT('Ctrl Pts',(19.343129460829,4.22099692861531,1.71028968765086E-10));
#4733=CARTESIAN_POINT('Ctrl Pts',(19.4205822739358,3.79729481427549,1.56973043669006E-10));
#4734=CARTESIAN_POINT('Ctrl Pts',(19.4842502580999,3.37112924116568,1.43204104283398E-10));
#4735=CARTESIAN_POINT('Ctrl Pts',(19.5338632635336,2.94315346833655,1.31865074415316E-10));
#4736=CARTESIAN_POINT('Ctrl Pts',(19.5807543700685,2.53865756282463,1.21148133304849E-10));
#4737=CARTESIAN_POINT('Ctrl Pts',(19.6150900147661,2.13254413899122,1.12597393479039E-10));
#4738=CARTESIAN_POINT('Ctrl Pts',(19.6365901160193,1.72536833522753,1.07494679824072E-10));
#4739=CARTESIAN_POINT('Ctrl Pts',(19.637838137366,1.70173290723709,1.07198481425166E-10));
#4740=CARTESIAN_POINT('Ctrl Pts',(19.6390428951178,1.67809390181529,1.06914096778161E-10));
#4741=CARTESIAN_POINT('Ctrl Pts',(19.6402043291175,1.65445142845823,1.06641029340437E-10));
#4742=CARTESIAN_POINT('Ctrl Pts',(19.6585690204209,1.2806146672069,1.02323260059352E-10));
#4743=CARTESIAN_POINT('Ctrl Pts',(19.6661045555356,0.905909985617732,1.00953359583525E-10));
#4744=CARTESIAN_POINT('Ctrl Pts',(19.6628326336176,0.530797424083772,1.03104302873192E-10));
#4745=CARTESIAN_POINT('Ctrl Pts',(19.6622638640007,0.46559029712516,1.03478208859161E-10));
#4746=CARTESIAN_POINT('Ctrl Pts',(19.6613684336629,0.400370872349514,1.03958200567576E-10));
#4747=CARTESIAN_POINT('Ctrl Pts',(19.6601463559426,0.335141603624998,1.04544817247643E-10));
#4748=CARTESIAN_POINT('Ctrl Pts',(19.6595144654828,0.30141400027617,1.04848134686117E-10));
#4749=CARTESIAN_POINT('Ctrl Pts',(19.6587952408749,0.267684550421488,1.05170024250876E-10));
#4750=CARTESIAN_POINT('Ctrl Pts',(19.6579889972918,0.233964055311239,1.05396691374438E-10));
#4751=CARTESIAN_POINT('Ctrl Pts',(19.6482168451916,-0.174748415728386,1.08144031823368E-10));
#4752=CARTESIAN_POINT('Ctrl Pts',(19.6256581060024,-0.582553074829974,1.01400656093401E-10));
#4753=CARTESIAN_POINT('Ctrl Pts',(19.5905155816982,-0.988867847930109,8.88955020705851E-11));
#4754=CARTESIAN_POINT('Ctrl Pts',(19.5551104017506,-1.3982194224635,7.62968843782845E-11));
#4755=CARTESIAN_POINT('Ctrl Pts',(19.5069325606363,-1.80605929770792,5.78521601231735E-11));
#4756=CARTESIAN_POINT('Ctrl Pts',(19.446136450769,-2.21179255282496,3.68336472433839E-11));
#4757=CARTESIAN_POINT('Ctrl Pts',(19.3831388713766,-2.63221769198612,1.50540393581556E-11));
#4758=CARTESIAN_POINT('Ctrl Pts',(19.3065928384538,-3.05038154954321,-9.48586247132196E-12));
#4759=CARTESIAN_POINT('Ctrl Pts',(19.2166121514162,-3.46561323313722,-3.37801453476061E-11));
#4760=CARTESIAN_POINT('Ctrl Pts',(19.1301185013671,-3.86475337212125,-5.7132947715256E-11));
#4761=CARTESIAN_POINT('Ctrl Pts',(19.031210835506,-4.26118464722623,-8.02611643728028E-11));
#4762=CARTESIAN_POINT('Ctrl Pts',(18.9199407110982,-4.65429499185092,-1.01074593139572E-10));
#4763=CARTESIAN_POINT('Ctrl Pts',(18.8095879929277,-5.04416419799405,-1.21716418167514E-10));
#4764=CARTESIAN_POINT('Ctrl Pts',(18.6870756605735,-5.4307674908202,-1.40080294998084E-10));
#4765=CARTESIAN_POINT('Ctrl Pts',(18.552408508509,-5.81348463345159,-1.54692036957726E-10));
#4766=CARTESIAN_POINT('Ctrl Pts',(18.4757439226738,-6.03136145628521,-1.63010347165476E-10));
#4767=CARTESIAN_POINT('Ctrl Pts',(18.3951392575567,-6.24797835175424,-1.70121877690634E-10));
#4768=CARTESIAN_POINT('Ctrl Pts',(18.310589031116,-6.46321657754781,-1.75840009219996E-10));
#4769=CARTESIAN_POINT('Ctrl Pts',(18.2683139178957,-6.5708356904446,-1.78699074984678E-10));
#4770=CARTESIAN_POINT('Ctrl Pts',(18.2250523430354,-6.67811008259635,-1.81210630048129E-10));
#4771=CARTESIAN_POINT('Ctrl Pts',(18.1808031970272,-6.78502457177016,-1.8335671869707E-10));
#4772=CARTESIAN_POINT('Ctrl Pts',(18.1555749871839,-6.84598080282748,-1.84580289763678E-10));
#4773=CARTESIAN_POINT('Ctrl Pts',(18.1300257526527,-6.90682003964866,-1.85686183192546E-10));
#4774=CARTESIAN_POINT('Ctrl Pts',(18.1041552471085,-6.96753943312719,-1.86669624202551E-10));
#4775=CARTESIAN_POINT('Ctrl Pts',(18.089045421769,-7.00300296238092,-1.87244008876535E-10));
#4776=CARTESIAN_POINT('Ctrl Pts',(18.0738260034364,-7.03842561000762,-1.87776219178948E-10));
#4777=CARTESIAN_POINT('Ctrl Pts',(18.0584969383972,-7.07380680416051,-1.88267290646138E-10));
#4778=CARTESIAN_POINT('Ctrl Pts',(18.0540377897493,-7.08409901726454,-1.88410140889343E-10));
#4779=CARTESIAN_POINT('Ctrl Pts',(18.0495696970325,-7.09438695083634,-1.88544418234671E-10));
#4780=CARTESIAN_POINT('Ctrl Pts',(18.0450927280532,-7.10467044372886,-1.88669857514867E-10));
#4781=CARTESIAN_POINT('Ctrl Pts',(17.8841398075272,-7.4743755325791,-1.93179564548762E-10));
#4782=CARTESIAN_POINT('Ctrl Pts',(17.7116911685932,-7.83840572350246,-1.86221971747505E-10));
#4783=CARTESIAN_POINT('Ctrl Pts',(17.5281999837389,-8.19633298512581,-1.70757574746716E-10));
#4784=CARTESIAN_POINT('Ctrl Pts',(17.3430395866698,-8.55751629721031,-1.5515249872428E-10));
#4785=CARTESIAN_POINT('Ctrl Pts',(17.1466345344818,-8.91248559584341,-1.30883667537771E-10));
#4786=CARTESIAN_POINT('Ctrl Pts',(16.9394007652167,-9.26078111255649,-1.01569030963589E-10));
#4787=CARTESIAN_POINT('Ctrl Pts',(16.7313244809262,-9.6104926350063,-7.2135214866366E-11));
#4788=CARTESIAN_POINT('Ctrl Pts',(16.5123309212029,-9.9534764555918,-3.76129996388209E-11));
#4789=CARTESIAN_POINT('Ctrl Pts',(16.2827959574689,-10.2892402897707,-2.27057261881214E-12));
#4790=CARTESIAN_POINT('Ctrl Pts',(16.0535807854257,-10.6245363325399,3.30226147807448E-11));
#4791=CARTESIAN_POINT('Ctrl Pts',(15.8138532008295,-10.9526329237878,6.9135218843506E-11));
#4792=CARTESIAN_POINT('Ctrl Pts',(15.5639478115706,-11.2730064658211,1.01203156965823E-10));
#4793=CARTESIAN_POINT('Ctrl Pts',(15.3168520515693,-11.5897781212374,1.32910562578419E-10));
#4794=CARTESIAN_POINT('Ctrl Pts',(15.0598056604353,-11.898999760049,1.60663443261164E-10));
#4795=CARTESIAN_POINT('Ctrl Pts',(14.7930989515281,-12.2001268770585,1.79151138368638E-10));
#4796=CARTESIAN_POINT('Ctrl Pts',(14.5292186501998,-12.4980628183782,1.97442911289589E-10));
#4797=CARTESIAN_POINT('Ctrl Pts',(14.2558813379671,-12.7880752229821,2.06666458971931E-10));
#4798=CARTESIAN_POINT('Ctrl Pts',(13.9733411198598,-13.069593880502,2.01076655326204E-10));
#4799=CARTESIAN_POINT('Ctrl Pts',(13.9298472195984,-13.1129305229592,2.00216167697657E-10));
#4800=CARTESIAN_POINT('Ctrl Pts',(13.8861351899512,-13.156065798753,1.99001859679605E-10));
#4801=CARTESIAN_POINT('Ctrl Pts',(13.842205908365,-13.1989975285705,1.97414778968508E-10));
#4802=CARTESIAN_POINT('Ctrl Pts',(13.8133907125542,-13.2271583852138,1.96373741195832E-10));
#4803=CARTESIAN_POINT('Ctrl Pts',(13.7844871349299,-13.2552266615648,1.95202892041563E-10));
#4804=CARTESIAN_POINT('Ctrl Pts',(13.755501073502,-13.2831965381821,1.93937477188655E-10));
#4805=CARTESIAN_POINT('Ctrl Pts',(13.4511744187562,-13.576854198633,1.8065179951875E-10));
#4806=CARTESIAN_POINT('Ctrl Pts',(13.1375707698856,-13.8598531861008,1.56019731271223E-10));
#4807=CARTESIAN_POINT('Ctrl Pts',(12.8151224773534,-14.1316642214858,1.25311983012466E-10));
#4808=CARTESIAN_POINT('Ctrl Pts',(12.5094649846453,-14.3893212830683,9.62032723255964E-11));
#4809=CARTESIAN_POINT('Ctrl Pts',(12.1958593501201,-14.6369254107029,6.16304321761806E-11));
#4810=CARTESIAN_POINT('Ctrl Pts',(11.8748769394166,-14.8742640732632,2.5459134800343E-11));
#4811=CARTESIAN_POINT('Ctrl Pts',(11.5512366845398,-15.1135679811465,-1.10116732924978E-11));
#4812=CARTESIAN_POINT('Ctrl Pts',(11.2200965101568,-15.3424360039227,-4.91067683900925E-11));
#4813=CARTESIAN_POINT('Ctrl Pts',(10.8820112436857,-15.5606072993752,-8.5510570846381E-11));
#4814=CARTESIAN_POINT('Ctrl Pts',(10.5442724016482,-15.7785550421475,-1.21877071568762E-10));
#4815=CARTESIAN_POINT('Ctrl Pts',(10.1996021775353,-15.9858281948109,-1.56553998106268E-10));
#4816=CARTESIAN_POINT('Ctrl Pts',(9.84853053964415,-16.1821202267133,-1.86897108900297E-10));
#4817=CARTESIAN_POINT('Ctrl Pts',(9.49928541620376,-16.3773910133936,-2.17082354106896E-10));
#4818=CARTESIAN_POINT('Ctrl Pts',(9.14370480454828,-16.5617948389925,-2.42978968814642E-10));
#4819=CARTESIAN_POINT('Ctrl Pts',(8.7822951948137,-16.7349808045556,-2.62644489490427E-10));
#4820=CARTESIAN_POINT('Ctrl Pts',(8.42088558507911,-16.9081667701187,-2.82310010166211E-10));
#4821=CARTESIAN_POINT('Ctrl Pts',(8.05364648532303,-17.070135118798,-2.95743958619401E-10));
#4822=CARTESIAN_POINT('Ctrl Pts',(7.68107657184384,-17.2204823592593,-3.01690249171482E-10));
#4823=CARTESIAN_POINT('Ctrl Pts',(7.31065009322254,-17.3699646358458,-3.07602487915765E-10));
#4824=CARTESIAN_POINT('Ctrl Pts',(6.93605956096081,-17.5075130239645,-2.59364525212407E-10));
#4825=CARTESIAN_POINT('Ctrl Pts',(6.55785002383199,-17.6328966349985,-1.88730066297271E-10));
#4826=CARTESIAN_POINT('Ctrl Pts',(6.18008317785502,-17.7581334855473,-1.1817828443522E-10));
#4827=CARTESIAN_POINT('Ctrl Pts',(5.79870528100021,-17.8712342252352,-2.52801368659497E-11));
#4828=CARTESIAN_POINT('Ctrl Pts',(5.41423993262976,-17.9719207749737,5.76588594577987E-11));
#4829=CARTESIAN_POINT('Ctrl Pts',(5.32247477236373,-17.995952894936,7.74549485519431E-11));
#4830=CARTESIAN_POINT('Ctrl Pts',(5.23053365397916,-18.0192775635775,9.66806860363729E-11));
#4831=CARTESIAN_POINT('Ctrl Pts',(5.13842358198342,-18.041890574637,1.14890891516463E-10));
#4832=CARTESIAN_POINT('Ctrl Pts',(-18.7603752477251,-0.000128065201946132,
39.2646025927069));
#4833=CARTESIAN_POINT('Ctrl Pts',(-18.7592496608238,2.69418285363118,39.2074461355847));
#4834=CARTESIAN_POINT('Ctrl Pts',(-18.1706970167974,5.3889685673483,39.1502896784625));
#4835=CARTESIAN_POINT('Ctrl Pts',(-17.0452137882498,7.83689064494461,39.0931332213404));
#4836=CARTESIAN_POINT('Ctrl Pts',(-15.8461585845117,10.4448315107314,39.032240490466));
#4837=CARTESIAN_POINT('Ctrl Pts',(-14.0376809377565,12.7725792853554,38.9713477595916));
#4838=CARTESIAN_POINT('Ctrl Pts',(-11.8070620573484,14.5790764094459,38.9104550287173));
#4839=CARTESIAN_POINT('Ctrl Pts',(-9.57644317694041,16.3855735335365,38.8495622978429));
#4840=CARTESIAN_POINT('Ctrl Pts',(-6.92368306287959,17.6708200070936,38.7886695669686));
#4841=CARTESIAN_POINT('Ctrl Pts',(-4.12349446084317,18.3017202494117,38.7277768360942));
#4842=CARTESIAN_POINT('Ctrl Pts',(-1.32330585880674,18.9326204917298,38.6668841052198));
#4843=CARTESIAN_POINT('Ctrl Pts',(1.6243112312053,18.9091745028088,38.6059913743455));
#4844=CARTESIAN_POINT('Ctrl Pts',(4.41410940028991,18.2338097093675,38.5450986434711));
#4845=CARTESIAN_POINT('Ctrl Pts',(7.20390756937453,17.5584449159261,38.4842059125967));
#4846=CARTESIAN_POINT('Ctrl Pts',(9.83588681753171,16.2311613179644,38.4233131817224));
#4847=CARTESIAN_POINT('Ctrl Pts',(12.0374863848352,14.3894091673291,38.362420450848));
#4848=CARTESIAN_POINT('Ctrl Pts',(14.2390859521386,12.5476570166937,38.3015277199737));
#4849=CARTESIAN_POINT('Ctrl Pts',(16.0103058385883,10.1914363133846,38.2406349890993));
#4850=CARTESIAN_POINT('Ctrl Pts',(17.1677232119487,7.56475086966362,38.1797422582249));
#4851=CARTESIAN_POINT('Ctrl Pts',(18.3251405853091,4.93806542594268,38.1188495273506));
#4852=CARTESIAN_POINT('Ctrl Pts',(18.8687554455802,2.04091524180979,38.0579567964762));
#4853=CARTESIAN_POINT('Ctrl Pts',(18.7422724961962,-0.826678464242922,37.9970640656018));
#4854=CARTESIAN_POINT('Ctrl Pts',(18.6157895468122,-3.69427217029564,37.9361713347275));
#4855=CARTESIAN_POINT('Ctrl Pts',(17.8192087877731,-6.53230939826818,37.8752786038531));
#4856=CARTESIAN_POINT('Ctrl Pts',(16.4350219831138,-9.04689054040225,37.8143858729788));
#4857=CARTESIAN_POINT('Ctrl Pts',(15.0508351784544,-11.5614716825364,37.7534931421044));
#4858=CARTESIAN_POINT('Ctrl Pts',(13.0790423281748,-13.752596738832,37.69260041123));
#4859=CARTESIAN_POINT('Ctrl Pts',(10.723837096283,-15.3933587193237,37.6317076803557));
#4860=CARTESIAN_POINT('Ctrl Pts',(8.36863186439108,-17.0341206998154,37.5708149494813));
#4861=CARTESIAN_POINT('Ctrl Pts',(5.63001425088696,-18.1245196045031,37.5099222186069));
#4862=CARTESIAN_POINT('Ctrl Pts',(2.79158813853623,-18.5516364081996,37.4490294877326));
#4863=CARTESIAN_POINT('Ctrl Pts',(-0.0468379738142993,-18.9787532118962,
37.3881367568582));
#4864=CARTESIAN_POINT('Ctrl Pts',(-2.98507258501142,-18.7425879146017,37.3272440259839));
#4865=CARTESIAN_POINT('Ctrl Pts',(-5.71883978562285,-17.8675975972304,37.2663512951095));
#4866=CARTESIAN_POINT('Ctrl Pts',(-8.45260698623437,-16.9926072798592,37.2054585642351));
#4867=CARTESIAN_POINT('Ctrl Pts',(-10.9819067762602,-15.4787919424111,37.1445658333608));
#4868=CARTESIAN_POINT('Ctrl Pts',(-13.0448118773569,-13.4829174323575,37.0836731024864));
#4869=CARTESIAN_POINT('Ctrl Pts',(-15.1077169784536,-11.4870429223038,37.0227803716121));
#4870=CARTESIAN_POINT('Ctrl Pts',(-16.7042273906211,-9.00910923964462,36.9618876407377));
#4871=CARTESIAN_POINT('Ctrl Pts',(-17.6690121924692,-6.30572624899636,36.9009949098633));
#4872=CARTESIAN_POINT('Ctrl Pts',(-18.3893457628239,-4.28730979181348,36.8555308041318));
#4873=CARTESIAN_POINT('Ctrl Pts',(-18.7575234997123,-2.14321647799789,36.8100666984003));
#4874=CARTESIAN_POINT('Ctrl Pts',(-18.7591905575023,0.000318502476014684,
36.7646025926688));
#4875=CARTESIAN_POINT('Ctrl Pts',(-10.6745985510091,17.3287432627087,1.08284908817424E-12));
#4876=CARTESIAN_POINT('Ctrl Pts',(-13.3265915821719,15.6951013685122,0.0608927308754447));
#4877=CARTESIAN_POINT('Ctrl Pts',(-17.8663957873251,11.1915688437567,0.182678192624169));
#4878=CARTESIAN_POINT('Ctrl Pts',(-20.9753763200768,2.11365195519549,0.365356385247254));
#4879=CARTESIAN_POINT('Ctrl Pts',(-19.7401291200905,-7.4000473573873,0.54803457787034));
#4880=CARTESIAN_POINT('Ctrl Pts',(-14.4163789830825,-15.3820685582943,0.730712770493426));
#4881=CARTESIAN_POINT('Ctrl Pts',(-6.10680085699004,-20.1777368653099,0.91339096311651));
#4882=CARTESIAN_POINT('Ctrl Pts',(3.46759341299218,-20.7945570272223,1.0960691557396));
#4883=CARTESIAN_POINT('Ctrl Pts',(12.3237940517494,-17.1043866013565,1.27874734836268));
#4884=CARTESIAN_POINT('Ctrl Pts',(18.6275581259751,-9.87171482532641,1.46142554098577));
#4885=CARTESIAN_POINT('Ctrl Pts',(21.0732803295852,-0.594430825789498,1.64410373360885));
#4886=CARTESIAN_POINT('Ctrl Pts',(19.1544173377918,8.80595042013487,1.82678192623194));
#4887=CARTESIAN_POINT('Ctrl Pts',(13.2683930047198,16.3824993792864,2.00946011885503));
#4888=CARTESIAN_POINT('Ctrl Pts',(4.63428981130289,20.5659873595256,2.19213831147811));
#4889=CARTESIAN_POINT('Ctrl Pts',(-4.95964289850514,20.4899599346198,2.3748165041012));
#4890=CARTESIAN_POINT('Ctrl Pts',(-13.5263607481123,16.170159589836,2.55749469672428));
#4891=CARTESIAN_POINT('Ctrl Pts',(-19.291570631784,8.50128265120838,2.74017288934737));
#4892=CARTESIAN_POINT('Ctrl Pts',(-21.0612131434113,-0.928335492063497,
2.92285108197046));
#4893=CARTESIAN_POINT('Ctrl Pts',(-18.4687688927917,-10.1656807479701,3.10552927459354));
#4894=CARTESIAN_POINT('Ctrl Pts',(-12.0511720316107,-17.2975659170893,3.28820746721663));
#4895=CARTESIAN_POINT('Ctrl Pts',(-3.13759936326246,-20.846868145952,3.47088565983971));
#4896=CARTESIAN_POINT('Ctrl Pts',(6.42581397739978,-20.0784838118664,3.6535638524628));
#4897=CARTESIAN_POINT('Ctrl Pts',(14.6583512154137,-15.1515392539727,3.83624204508588));
#4898=CARTESIAN_POINT('Ctrl Pts',(19.854920319883,-7.08651064382817,4.01892023770897));
#4899=CARTESIAN_POINT('Ctrl Pts',(20.9392601915929,2.44628143199338,4.20159843033206));
#4900=CARTESIAN_POINT('Ctrl Pts',(17.6867402394705,11.4723290832563,4.38427662295514));
#4901=CARTESIAN_POINT('Ctrl Pts',(10.7710980805618,18.122451323955,4.56695481557823));
#4902=CARTESIAN_POINT('Ctrl Pts',(1.62448418851739,21.0188325078875,4.74963300820131));
#4903=CARTESIAN_POINT('Ctrl Pts',(-7.85835280772126,19.5625171608164,4.9323112008244));
#4904=CARTESIAN_POINT('Ctrl Pts',(-15.7140589178156,14.0533283544249,5.11498939344749));
#4905=CARTESIAN_POINT('Ctrl Pts',(-20.3142803828732,5.63579755843049,5.29766758607057));
#4906=CARTESIAN_POINT('Ctrl Pts',(-20.7088075608598,-3.95347198388343,5.48034577869366));
#4907=CARTESIAN_POINT('Ctrl Pts',(-16.8109771245996,-12.7152221922319,5.66302397131675));
#4908=CARTESIAN_POINT('Ctrl Pts',(-8.61814157443941,-19.5430714091374,5.86599974089795));
#4909=CARTESIAN_POINT('Ctrl Pts',(3.1961531421691,-21.4339293551985,6.08927308743728));
#4910=CARTESIAN_POINT('Ctrl Pts',(14.9339741666817,-15.6998114742811,6.33284401093472));
#4911=CARTESIAN_POINT('Ctrl Pts',(21.2430082874397,-4.2700215497861,6.57641493443218));
#4912=CARTESIAN_POINT('Ctrl Pts',(19.8395964230345,8.71399757722812,6.81998585792962));
#4913=CARTESIAN_POINT('Ctrl Pts',(11.2292363069757,18.5310330982579,7.06355678142707));
#4914=CARTESIAN_POINT('Ctrl Pts',(-1.45827944003725,21.6198745211014,7.30712770492452));
#4915=CARTESIAN_POINT('Ctrl Pts',(-13.6173515685932,16.8541497411783,7.55069862842196));
#4916=CARTESIAN_POINT('Ctrl Pts',(-20.829063360308,5.97165825860096,7.79426955191941));
#4917=CARTESIAN_POINT('Ctrl Pts',(-20.4791795608248,-7.08785479785549,8.03784047541686));
#4918=CARTESIAN_POINT('Ctrl Pts',(-13.5513217478868,-16.3931897383318,8.25434796297014));
#4919=CARTESIAN_POINT('Ctrl Pts',(-4.5119602720718,-20.4299515939529,8.44379201457928));
#4920=CARTESIAN_POINT('Ctrl Pts',(3.96264987038011,-20.5491943276271,8.60617263024424));
#4921=CARTESIAN_POINT('Ctrl Pts',(11.1439001784138,-17.5568165955254,8.75502152793712));
#4922=CARTESIAN_POINT('Ctrl Pts',(16.2505390127649,-12.770952299448,8.89033870765793));
#4923=CARTESIAN_POINT('Ctrl Pts',(20.3925617509045,-5.4539284022327,9.05271932332289));
#4924=CARTESIAN_POINT('Ctrl Pts',(20.9859548150832,5.405854786172,9.25569509290409));
#4925=CARTESIAN_POINT('Ctrl Pts',(14.0619541383267,16.4848223317366,9.49926601640156));
#4926=CARTESIAN_POINT('Ctrl Pts',(2.04157090565777,21.5714957158901,9.74283693989899));
#4927=CARTESIAN_POINT('Ctrl Pts',(-10.7329543336015,18.8269907736026,9.98640786339645));
#4928=CARTESIAN_POINT('Ctrl Pts',(-18.60392156671,10.3071503975426,10.2029153509497));
#4929=CARTESIAN_POINT('Ctrl Pts',(-20.9126807057863,0.67820403289831,10.3923594025589));
#4930=CARTESIAN_POINT('Ctrl Pts',(-19.4675604718412,-7.67088623715009,10.5547400182238));
#4931=CARTESIAN_POINT('Ctrl Pts',(-14.0546249108211,-15.9626982008448,10.7441840698329));
#4932=CARTESIAN_POINT('Ctrl Pts',(-3.77725651386129,-21.3393350100919,10.9606915573862));
#4933=CARTESIAN_POINT('Ctrl Pts',(9.17598234171933,-19.6297413484322,11.2042624808837));
#4934=CARTESIAN_POINT('Ctrl Pts',(18.7867914832736,-10.794881433742,11.4478334043811));
#4935=CARTESIAN_POINT('Ctrl Pts',(21.5805861983161,1.96230214981745,11.6914043278786));
#4936=CARTESIAN_POINT('Ctrl Pts',(16.531674935895,14.0062811724641,11.934975251376));
#4937=CARTESIAN_POINT('Ctrl Pts',(5.4849452009964,20.9629061925713,12.1785461748735));
#4938=CARTESIAN_POINT('Ctrl Pts',(-7.56412531425088,20.3079458344172,12.4221170983709));
#4939=CARTESIAN_POINT('Ctrl Pts',(-16.7033409554928,13.1661833075181,12.6386245859242));
#4940=CARTESIAN_POINT('Ctrl Pts',(-20.5316887666823,4.03338125229565,12.8280686375333));
#4941=CARTESIAN_POINT('Ctrl Pts',(-20.4475548073934,-4.43909461968265,12.9904492531983));
#4942=CARTESIAN_POINT('Ctrl Pts',(-16.4397334064895,-13.4936726490855,13.1798933048074));
#4943=CARTESIAN_POINT('Ctrl Pts',(-7.16097860449666,-20.4537354764461,13.3964007923607));
#4944=CARTESIAN_POINT('Ctrl Pts',(5.89831235870296,-20.8501892972156,13.6399717158582));
#4945=CARTESIAN_POINT('Ctrl Pts',(16.8056814685931,-13.6768004881742,13.8835426393556));
#4946=CARTESIAN_POINT('Ctrl Pts',(21.6146847595148,-1.53482107541585,14.1271135628531));
#4947=CARTESIAN_POINT('Ctrl Pts',(18.5705792421041,11.1637096920706,14.3706844863505));
#4948=CARTESIAN_POINT('Ctrl Pts',(8.78415736986504,19.808515755101,14.614255409848));
#4949=CARTESIAN_POINT('Ctrl Pts',(-4.1948169498378,21.2580078050674,14.8578263333454));
#4950=CARTESIAN_POINT('Ctrl Pts',(-15.6485558112426,14.9891006539626,15.1013972568429));
#4951=CARTESIAN_POINT('Ctrl Pts',(-21.4193487438897,3.27338614211269,15.3449681803403));
#4952=CARTESIAN_POINT('Ctrl Pts',(-19.4117838443023,-9.62738905350193,15.5885391038377));
#4953=CARTESIAN_POINT('Ctrl Pts',(-10.3530215459747,-19.0372245418402,15.8321100273352));
#4954=CARTESIAN_POINT('Ctrl Pts',(0.327593468108095,-21.1084475803579,16.0350857969164));
#4955=CARTESIAN_POINT('Ctrl Pts',(8.42783321926444,-18.8685250541803,16.1974664125814));
#4956=CARTESIAN_POINT('Ctrl Pts',(15.5017384521455,-14.3307862873696,16.3598470282463));
#4957=CARTESIAN_POINT('Ctrl Pts',(21.0868804702998,-4.99413379296517,16.5628227978275));
#4958=CARTESIAN_POINT('Ctrl Pts',(20.1245212790629,8.03173745055806,16.806393721325));
#4959=CARTESIAN_POINT('Ctrl Pts',(11.856259740711,18.1366744776299,17.0499646448224));
#4960=CARTESIAN_POINT('Ctrl Pts',(-0.719525657412783,21.6566991842957,17.2935355683199));
#4961=CARTESIAN_POINT('Ctrl Pts',(-13.0331987397905,17.3103270399551,17.5371064918173));
#4962=CARTESIAN_POINT('Ctrl Pts',(-20.6138432570359,6.67767951154924,17.7806774153148));
#4963=CARTESIAN_POINT('Ctrl Pts',(-20.7076797013155,-6.38046782359909,18.0242483388122));
#4964=CARTESIAN_POINT('Ctrl Pts',(-13.2809330936332,-17.1211989576775,18.2678192623097));
#4965=CARTESIAN_POINT('Ctrl Pts',(-1.03074561571977,-21.6438564476668,18.5113901858071));
#4966=CARTESIAN_POINT('Ctrl Pts',(11.5938158269024,-18.3058280029041,18.7549611093046));
#4967=CARTESIAN_POINT('Ctrl Pts',(20.0076090871452,-8.3193790003336,18.998532032802));
#4968=CARTESIAN_POINT('Ctrl Pts',(21.1551702113215,4.68839865423352,19.2421029562995));
#4969=CARTESIAN_POINT('Ctrl Pts',(14.6191456364866,15.9936915342168,19.4856738797969));
#4970=CARTESIAN_POINT('Ctrl Pts',(2.77443524134187,21.4898469667335,19.7292448032944));
#4971=CARTESIAN_POINT('Ctrl Pts',(-10.0793046330719,19.1820828555337,19.9728157267918));
#4972=CARTESIAN_POINT('Ctrl Pts',(-19.2701474962326,9.90748301784272,20.2163866502893));
#4973=CARTESIAN_POINT('Ctrl Pts',(-21.4651711688565,-2.96612920703753,20.4599575737867));
#4974=CARTESIAN_POINT('Ctrl Pts',(-15.8612579625257,-14.7617030450317,20.7035284972841));
#4975=CARTESIAN_POINT('Ctrl Pts',(-4.50133325193939,-21.1955842437046,20.9470994207816));
#4976=CARTESIAN_POINT('Ctrl Pts',(8.50164782841127,-19.933735557263,21.190670344279));
#4977=CARTESIAN_POINT('Ctrl Pts',(17.3003705346509,-12.372451046111,21.4071778318324));
#4978=CARTESIAN_POINT('Ctrl Pts',(20.695056719243,-3.07332462827526,21.5966218834414));
#4979=CARTESIAN_POINT('Ctrl Pts',(20.2220486390415,5.38995068758919,21.7590024991064));
#4980=CARTESIAN_POINT('Ctrl Pts',(16.4186331716708,12.9739250024168,21.9213831147714));
#4981=CARTESIAN_POINT('Ctrl Pts',(9.92297565321732,18.4238828498715,22.0837637304363));
#4982=CARTESIAN_POINT('Ctrl Pts',(1.79513673546362,20.8495633731051,22.2461443461013));
#4983=CARTESIAN_POINT('Ctrl Pts',(-6.62621606347859,19.8492922835551,22.4085249617663));
#4984=CARTESIAN_POINT('Ctrl Pts',(-13.9601034479949,15.5894844122758,22.5709055774312));
#4985=CARTESIAN_POINT('Ctrl Pts',(-19.0004312859155,8.76878508668398,22.7332861930962));
#4986=CARTESIAN_POINT('Ctrl Pts',(-20.9202452371286,0.507890055711112,22.8956668087612));
#4987=CARTESIAN_POINT('Ctrl Pts',(-19.4035347141762,-7.83648878773092,23.0580474244261));
#4988=CARTESIAN_POINT('Ctrl Pts',(-14.7001859651333,-14.8936431706452,23.2204280400911));
#4989=CARTESIAN_POINT('Ctrl Pts',(-7.58152915501315,-19.5045702845873,23.3828086557561));
#4990=CARTESIAN_POINT('Ctrl Pts',(0.780966076518333,-20.9116601101176,23.545189271421));
#4991=CARTESIAN_POINT('Ctrl Pts',(9.01798662690877,-18.8842671744039,23.707569887086));
#4992=CARTESIAN_POINT('Ctrl Pts',(15.7683240993782,-13.7544896536075,23.8699505027509));
#4993=CARTESIAN_POINT('Ctrl Pts',(20.4027338297186,-5.54573700882565,24.0503734090454));
#4994=CARTESIAN_POINT('Ctrl Pts',(20.7990118310615,4.9775932616584,24.2488386059692));
#4995=CARTESIAN_POINT('Ctrl Pts',(15.2144482994202,15.0290792667602,24.4653460935225));
#4996=CARTESIAN_POINT('Ctrl Pts',(6.06962569996591,20.2537899099345,24.6638112904463));
#4997=CARTESIAN_POINT('Ctrl Pts',(-3.34661525005733,20.6543740415664,24.8442341967408));
#4998=CARTESIAN_POINT('Ctrl Pts',(-11.2721747939672,17.6341743921431,25.0066148124057));
#4999=CARTESIAN_POINT('Ctrl Pts',(-17.3373690260413,11.7098729382884,25.1689954280707));
#5000=CARTESIAN_POINT('Ctrl Pts',(-21.1152662862861,2.56129272192031,25.3584394796798));
#5001=CARTESIAN_POINT('Ctrl Pts',(-19.7308951492167,-8.95979519176885,25.5749469672331));
#5002=CARTESIAN_POINT('Ctrl Pts',(-10.9991388618921,-18.668809123639,25.8185178907305));
#5003=CARTESIAN_POINT('Ctrl Pts',(1.73384623050884,-21.6029306189796,26.062088814228));
#5004=CARTESIAN_POINT('Ctrl Pts',(11.5744470389247,-17.587963704405,26.2605540111518));
#5005=CARTESIAN_POINT('Ctrl Pts',(18.1933354982065,-10.3763344904091,26.449998062761));
#5006=CARTESIAN_POINT('Ctrl Pts',(21.0278312324181,-2.24726148566322,26.6123786784259));
#5007=CARTESIAN_POINT('Ctrl Pts',(19.6856098032061,7.08878010795551,26.7928015847204));
#5008=CARTESIAN_POINT('Ctrl Pts',(15.262139460861,14.3205701532048,26.9551822003853));
#5009=CARTESIAN_POINT('Ctrl Pts',(8.32263703947358,19.1956756081177,27.1175628160503));
#5010=CARTESIAN_POINT('Ctrl Pts',(-1.36433562077596,21.2249143394485,27.3070068676594));
#5011=CARTESIAN_POINT('Ctrl Pts',(-12.43388412555,17.7496810859846,27.5235143552127));
#5012=CARTESIAN_POINT('Ctrl Pts',(-20.373989595655,7.37564410896255,27.7670852787101));
#5013=CARTESIAN_POINT('Ctrl Pts',(-20.913389687504,-5.66836271372955,28.0106562022076));
#5014=CARTESIAN_POINT('Ctrl Pts',(-13.8580162300167,-16.6581942745566,28.254227125705));
#5015=CARTESIAN_POINT('Ctrl Pts',(-1.76932301921812,-21.5957307692932,28.4977980492025));
#5016=CARTESIAN_POINT('Ctrl Pts',(10.9617867295116,-18.6912594929871,28.7413689726999));
#5017=CARTESIAN_POINT('Ctrl Pts',(19.7118581337085,-8.99783217651721,28.9849398961974));
#5018=CARTESIAN_POINT('Ctrl Pts',(21.3028476877522,3.96317539178559,29.2285108196948));
#5019=CARTESIAN_POINT('Ctrl Pts',(15.1570680737099,15.4849042439723,29.4720817431923));
#5020=CARTESIAN_POINT('Ctrl Pts',(3.50640256070094,21.3828627974202,29.7156526666897));
#5021=CARTESIAN_POINT('Ctrl Pts',(-9.41756540221651,19.5146362854661,29.9592235901872));
#5022=CARTESIAN_POINT('Ctrl Pts',(-18.9215381711457,10.559643892012,30.2027945136846));
#5023=CARTESIAN_POINT('Ctrl Pts',(-21.5529440574742,-2.23166025374589,30.446365437182));
#5024=CARTESIAN_POINT('Ctrl Pts',(-16.3578045983685,-14.2100850692195,30.6899363606795));
#5025=CARTESIAN_POINT('Ctrl Pts',(-5.21960421577796,-21.0322585600511,30.9335072841769));
#5026=CARTESIAN_POINT('Ctrl Pts',(7.32722170593721,-20.2372516281144,31.1680570623597));
#5027=CARTESIAN_POINT('Ctrl Pts',(16.9211244827868,-13.0731027824644,31.3935856952277));
#5028=CARTESIAN_POINT('Ctrl Pts',(21.2488575392206,-2.42521347821473,31.610093182781));
#5029=CARTESIAN_POINT('Ctrl Pts',(19.5816627284381,7.97619932080326,31.8085583797048));
#5030=CARTESIAN_POINT('Ctrl Pts',(13.9872529583313,15.5613018675176,31.9889812859992));
#5031=CARTESIAN_POINT('Ctrl Pts',(6.66569445055739,19.8375645358173,32.1513619016642));
#5032=CARTESIAN_POINT('Ctrl Pts',(-1.75597179094841,20.8522150640133,32.3137425173292));
#5033=CARTESIAN_POINT('Ctrl Pts',(-9.88708556173279,18.4432841080276,32.4761231329941));
#5034=CARTESIAN_POINT('Ctrl Pts',(-16.394489624789,13.0050278893827,32.6385037486591));
#5035=CARTESIAN_POINT('Ctrl Pts',(-20.2103978324993,5.42921938745221,32.8008843643241));
#5036=CARTESIAN_POINT('Ctrl Pts',(-20.7031036865636,-3.03491435240891,32.963264979989));
#5037=CARTESIAN_POINT('Ctrl Pts',(-17.4804785367723,-11.8934518442231,33.1436878862834));
#5038=CARTESIAN_POINT('Ctrl Pts',(-9.74385413996805,-19.0379369637913,33.3421530832073));
#5039=CARTESIAN_POINT('Ctrl Pts',(1.5240410438135,-21.3311236725683,33.5586605707606));
#5040=CARTESIAN_POINT('Ctrl Pts',(11.4393858359416,-17.7823240686505,33.7571257676844));
#5041=CARTESIAN_POINT('Ctrl Pts',(17.8679231216308,-10.8876040116411,33.9375486739788));
#5042=CARTESIAN_POINT('Ctrl Pts',(20.7247236651284,-2.90530706136238,34.0999292896437));
#5043=CARTESIAN_POINT('Ctrl Pts',(20.1740059096783,5.55973960567095,34.2623099053088));
#5044=CARTESIAN_POINT('Ctrl Pts',(16.3113792961249,13.1090607831443,34.4246905209737));
#5045=CARTESIAN_POINT('Ctrl Pts',(9.76900645918215,18.5062252437456,34.5870711366387));
#5046=CARTESIAN_POINT('Ctrl Pts',(1.62184780275294,20.8635320174887,34.7494517523036));
#5047=CARTESIAN_POINT('Ctrl Pts',(-6.79072888274258,19.7932673557767,34.9118323679686));
#5048=CARTESIAN_POINT('Ctrl Pts',(-14.3942996819157,15.2938001155409,35.0809788426196));
#5049=CARTESIAN_POINT('Ctrl Pts',(-19.6320319513876,7.68400876600936,35.2568911762567));
#5050=CARTESIAN_POINT('Ctrl Pts',(-21.0034311630706,-1.81248998161181,35.4395693688797));
#5051=CARTESIAN_POINT('Ctrl Pts',(-18.0255578071524,-10.9323446627539,35.6222475615028));
#5052=CARTESIAN_POINT('Ctrl Pts',(-11.3138938997882,-17.7885880820507,35.8049257541259));
#5053=CARTESIAN_POINT('Ctrl Pts',(-2.25917907952906,-20.9602258934396,35.987603946749));
#5054=CARTESIAN_POINT('Ctrl Pts',(7.26355951519833,-19.7908619531515,36.1702821393721));
#5055=CARTESIAN_POINT('Ctrl Pts',(15.2818492675577,-14.5224330248856,36.3529603319951));
#5056=CARTESIAN_POINT('Ctrl Pts',(20.135074062636,-6.24623975214668,36.5356385246183));
#5057=CARTESIAN_POINT('Ctrl Pts',(20.8180137422664,3.32366452777149,36.7183167172413));
#5058=CARTESIAN_POINT('Ctrl Pts',(17.1892451849806,12.2051772183034,36.9009949098644));
#5059=CARTESIAN_POINT('Ctrl Pts',(10.0003274259017,18.5588246189126,37.0836731024875));
#5060=CARTESIAN_POINT('Ctrl Pts',(0.74019716774113,21.068663817519,37.2663512951106));
#5061=CARTESIAN_POINT('Ctrl Pts',(-8.67323988943997,19.2148750172086,37.4490294877337));
#5062=CARTESIAN_POINT('Ctrl Pts',(-16.2903210632482,13.3814026751028,37.6317076803568));
#5063=CARTESIAN_POINT('Ctrl Pts',(-20.533437850186,4.77644575752296,37.8143858729798));
#5064=CARTESIAN_POINT('Ctrl Pts',(-20.5237780563685,-4.81778333898026,37.997064065603));
#5065=CARTESIAN_POINT('Ctrl Pts',(-16.2633425311757,-13.4141788257634,38.179742258226));
#5066=CARTESIAN_POINT('Ctrl Pts',(-8.6345300299183,-19.2323006608689,38.3624204508491));
#5067=CARTESIAN_POINT('Ctrl Pts',(0.782620550837601,-21.0671312654825,38.5450986434722));
#5068=CARTESIAN_POINT('Ctrl Pts',(10.0376786285531,-18.5386484557601,38.7277768360953));
#5069=CARTESIAN_POINT('Ctrl Pts',(17.2137866792659,-12.1705417571034,38.9104550287184));
#5070=CARTESIAN_POINT('Ctrl Pts',(20.8246656198104,-3.28173251588857,39.0931332213414));
#5071=CARTESIAN_POINT('Ctrl Pts',(20.1224528082517,6.28676266492145,39.2758114139645));
#5072=CARTESIAN_POINT('Ctrl Pts',(15.2525802160214,14.5531945660249,39.4584896065876));
#5073=CARTESIAN_POINT('Ctrl Pts',(7.22368279879368,19.8054120804146,39.6411677992107));
#5074=CARTESIAN_POINT('Ctrl Pts',(-2.30136184624453,20.9557042276709,39.8238459918338));
#5075=CARTESIAN_POINT('Ctrl Pts',(-11.3497286977969,17.7656336843271,40.0065241844568));
#5076=CARTESIAN_POINT('Ctrl Pts',(-18.0474621769857,10.8962895098755,40.18920237708));
#5077=CARTESIAN_POINT('Ctrl Pts',(-21.0071806689798,1.76967762923907,40.371880569703));
#5078=CARTESIAN_POINT('Ctrl Pts',(-19.6162383056038,-7.72250808313372,40.5545587623262));
#5079=CARTESIAN_POINT('Ctrl Pts',(-14.1620240849704,-15.6171823780895,40.7372369549492));
#5080=CARTESIAN_POINT('Ctrl Pts',(-8.57107163467907,-18.7208702041087,40.859022416698));
#5081=CARTESIAN_POINT('Ctrl Pts',(-5.57544330508585,-19.5741367432091,40.9199151475723));
#5082=CARTESIAN_POINT('Ctrl Pts',(-10.396189693871,16.876445405268,-0.306638555686405));
#5083=CARTESIAN_POINT('Ctrl Pts',(-12.9789630035768,15.2854112358878,-0.245745824812043));
#5084=CARTESIAN_POINT('Ctrl Pts',(-17.4002587668664,10.8993615407853,-0.123960363063319));
#5085=CARTESIAN_POINT('Ctrl Pts',(-20.4280291005246,2.05831144210107,0.058717829559767));
#5086=CARTESIAN_POINT('Ctrl Pts',(-19.2249332604769,-7.20711107072565,0.241396022182852));
#5087=CARTESIAN_POINT('Ctrl Pts',(-14.0400399455823,-14.9807898274855,0.424074214805938));
#5088=CARTESIAN_POINT('Ctrl Pts',(-5.94726357512894,-19.6512394716817,0.606752407429024));
#5089=CARTESIAN_POINT('Ctrl Pts',(3.37728621878111,-20.2518795939434,0.789430600052109));
#5090=CARTESIAN_POINT('Ctrl Pts',(12.0023464336551,-16.6579290506004,0.972108792675195));
#5091=CARTESIAN_POINT('Ctrl Pts',(18.1415465504776,-9.61394328998233,1.15478698529828));
#5092=CARTESIAN_POINT('Ctrl Pts',(20.523364957782,-0.578734492580109,1.33746517792137));
#5093=CARTESIAN_POINT('Ctrl Pts',(18.65449370263,8.57632108259951,1.52014337054446));
#5094=CARTESIAN_POINT('Ctrl Pts',(12.9220026382818,15.9551037346521,1.70282156316754));
#5095=CARTESIAN_POINT('Ctrl Pts',(4.51317524063925,20.0293454468473,1.88549975579063));
#5096=CARTESIAN_POINT('Ctrl Pts',(-4.83039706617279,19.9552181070522,2.06817794841371));
#5097=CARTESIAN_POINT('Ctrl Pts',(-13.1735232221937,15.7480707670584,2.25085614103679));
#5098=CARTESIAN_POINT('Ctrl Pts',(-18.7882192458566,8.27926760288946,2.43353433365988));
#5099=CARTESIAN_POINT('Ctrl Pts',(-20.5115993559245,-0.904294170176214,
2.61621252628297));
#5100=CARTESIAN_POINT('Ctrl Pts',(-17.9867257963884,-9.90056239211037,2.79889071890606));
#5101=CARTESIAN_POINT('Ctrl Pts',(-11.7365378136165,-16.8462803882062,2.98156891152914));
#5102=CARTESIAN_POINT('Ctrl Pts',(-3.05553941956698,-20.3028833831107,3.16424710415223));
#5103=CARTESIAN_POINT('Ctrl Pts',(6.25830388569063,-19.5544668921916,3.34692529677531));
#5104=CARTESIAN_POINT('Ctrl Pts',(14.2759647749507,-14.7560220734871,3.5296034893984));
#5105=CARTESIAN_POINT('Ctrl Pts',(19.3368555956352,-6.9014100388097,3.71228168202148));
#5106=CARTESIAN_POINT('Ctrl Pts',(20.3928155690843,2.38262728487486,3.89495987464457));
#5107=CARTESIAN_POINT('Ctrl Pts',(17.2250932484829,11.1731060743763,4.07763806726765));
#5108=CARTESIAN_POINT('Ctrl Pts',(10.4898609878284,17.6496286947898,4.26031625989074));
#5109=CARTESIAN_POINT('Ctrl Pts',(1.58190843788617,20.4703469941899,4.44299445251383));
#5110=CARTESIAN_POINT('Ctrl Pts',(-7.65345519765507,19.0519521895276,4.62567264513691));
#5111=CARTESIAN_POINT('Ctrl Pts',(-15.3041135137561,13.6864604493906,4.80835083776001));
#5112=CARTESIAN_POINT('Ctrl Pts',(-19.7842156810014,5.48855021124066,4.99102903038308));
#5113=CARTESIAN_POINT('Ctrl Pts',(-20.1683635650794,-3.85048473134576,5.17370722300617));
#5114=CARTESIAN_POINT('Ctrl Pts',(-16.3721728565989,-12.383557443579,5.35638541562926));
#5115=CARTESIAN_POINT('Ctrl Pts',(-8.39307481925601,-19.0331579733152,5.55936118521046));
#5116=CARTESIAN_POINT('Ctrl Pts',(3.11293494464768,-20.8745694706311,5.78263453174979));
#5117=CARTESIAN_POINT('Ctrl Pts',(14.5443999657191,-15.2899843733285,6.02620545524724));
#5118=CARTESIAN_POINT('Ctrl Pts',(20.6886959002052,-4.15840686913433,6.26977637874468));
#5119=CARTESIAN_POINT('Ctrl Pts',(19.3217934106813,8.4867737991193,6.51334730224213));
#5120=CARTESIAN_POINT('Ctrl Pts',(10.9360402346183,18.0475522758451,6.75691822573958));
#5121=CARTESIAN_POINT('Ctrl Pts',(-1.42041378134746,21.0556774774962,7.00048914923703));
#5122=CARTESIAN_POINT('Ctrl Pts',(-13.2621455611506,16.4142109673811,7.24406007273447));
#5123=CARTESIAN_POINT('Ctrl Pts',(-20.2855680083848,5.81564191235202,7.48763099623193));
#5124=CARTESIAN_POINT('Ctrl Pts',(-19.944700442711,-6.90307183645557,7.73120191972937));
#5125=CARTESIAN_POINT('Ctrl Pts',(-13.1975480837138,-15.9655175963871,7.94770940728266));
#5126=CARTESIAN_POINT('Ctrl Pts',(-4.3940391576331,-19.8968585508053,8.13715345889179));
#5127=CARTESIAN_POINT('Ctrl Pts',(3.85942171922806,-20.0129154597042,8.29953407455675));
#5128=CARTESIAN_POINT('Ctrl Pts',(10.8532465932747,-17.0985629163021,8.44838297224964));
#5129=CARTESIAN_POINT('Ctrl Pts',(15.8265826072136,-12.4375441166285,8.58370015197044));
#5130=CARTESIAN_POINT('Ctrl Pts',(19.8604526566345,-5.31142636100174,8.74608076763541));
#5131=CARTESIAN_POINT('Ctrl Pts',(20.438265785583,5.26496911002071,8.94905653721661));
#5132=CARTESIAN_POINT('Ctrl Pts',(13.6948543976871,16.0547634446489,9.19262746071406));
#5133=CARTESIAN_POINT('Ctrl Pts',(1.98810618046201,21.0085917538804,9.4361983842115));
#5134=CARTESIAN_POINT('Ctrl Pts',(-10.4530357475055,18.3355946899629,9.67976930770897));
#5135=CARTESIAN_POINT('Ctrl Pts',(-18.1185306102239,10.0380161024949,9.89627679526222));
#5136=CARTESIAN_POINT('Ctrl Pts',(-20.3669570152586,0.660322989308646,10.0857208468714));
#5137=CARTESIAN_POINT('Ctrl Pts',(-18.9594750947172,-7.47087985530249,10.2481014625363));
#5138=CARTESIAN_POINT('Ctrl Pts',(-13.6877209969075,-15.546264408819,10.4375455141455));
#5139=CARTESIAN_POINT('Ctrl Pts',(-3.6785000059472,-20.7825046069656,10.6540530016987));
#5140=CARTESIAN_POINT('Ctrl Pts',(8.93670094401763,-19.1174105968385,10.8976239251962));
#5141=CARTESIAN_POINT('Ctrl Pts',(18.296632685712,-10.5130178897545,11.1411948486936));
#5142=CARTESIAN_POINT('Ctrl Pts',(21.0174100006849,1.91128335636059,11.3847657721911));
#5143=CARTESIAN_POINT('Ctrl Pts',(16.1001479447653,13.6409229811533,11.6283366956885));
#5144=CARTESIAN_POINT('Ctrl Pts',(5.34162876922607,20.4159138710347,11.871907619186));
#5145=CARTESIAN_POINT('Ctrl Pts',(-7.36691227535504,19.7779310036954,12.1154785426834));
#5146=CARTESIAN_POINT('Ctrl Pts',(-16.267571853305,12.8224573620586,12.3319860302367));
#5147=CARTESIAN_POINT('Ctrl Pts',(-19.9959366426621,3.92794807020241,12.5214300818458));
#5148=CARTESIAN_POINT('Ctrl Pts',(-19.9139241206299,-4.32343245286144,12.6838106975108));
#5149=CARTESIAN_POINT('Ctrl Pts',(-16.0106101701936,-13.1416904970858,12.8732547491199));
#5150=CARTESIAN_POINT('Ctrl Pts',(-6.97392947449554,-19.9200449434686,13.0897622366732));
#5151=CARTESIAN_POINT('Ctrl Pts',(5.74457450376034,-20.3060388480809,13.3333331601707));
#5152=CARTESIAN_POINT('Ctrl Pts',(16.3672461913285,-13.3197487696114,13.5769040836681));
#5153=CARTESIAN_POINT('Ctrl Pts',(21.0506493206031,-1.49457992968753,13.8204750071656));
#5154=CARTESIAN_POINT('Ctrl Pts',(18.0858706125511,10.8725480304257,14.064045930663));
#5155=CARTESIAN_POINT('Ctrl Pts',(8.55475600629702,19.2916768331273,14.3076168541605));
#5156=CARTESIAN_POINT('Ctrl Pts',(-4.08553645062698,20.7032299713634,14.5511877776579));
#5157=CARTESIAN_POINT('Ctrl Pts',(-15.2403279353869,14.5978137519399,14.7947587011554));
#5158=CARTESIAN_POINT('Ctrl Pts',(-20.860425925484,3.18777775039105,15.0383296246528));
#5159=CARTESIAN_POINT('Ctrl Pts',(-18.9051368840014,-9.37632600638316,15.2819005481503));
#5160=CARTESIAN_POINT('Ctrl Pts',(-10.0826864250282,-18.5405266711519,15.5254714716477));
#5161=CARTESIAN_POINT('Ctrl Pts',(0.319229302136491,-20.5576064340519,15.7284472412289));
#5162=CARTESIAN_POINT('Ctrl Pts',(8.20806858897948,-18.3760652654733,15.8908278568939));
#5163=CARTESIAN_POINT('Ctrl Pts',(15.0973361110687,-13.9566797988027,16.0532084725588));
#5164=CARTESIAN_POINT('Ctrl Pts',(20.5366486695512,-4.86362431103144,16.2561842421401));
#5165=CARTESIAN_POINT('Ctrl Pts',(19.599288938802,7.82232017338527,16.4997551656375));
#5166=CARTESIAN_POINT('Ctrl Pts',(11.5467045441918,17.6634901759616,16.7433260891349));
#5167=CARTESIAN_POINT('Ctrl Pts',(-0.700938567657927,21.0915476382245,16.9868970126324));
#5168=CARTESIAN_POINT('Ctrl Pts',(-12.6932405589127,16.8584891395758,17.2304679361298));
#5169=CARTESIAN_POINT('Ctrl Pts',(-20.0759703838362,6.50324097658754,17.4740388596273));
#5170=CARTESIAN_POINT('Ctrl Pts',(-20.167243913757,-6.21414657073176,17.7176097831247));
#5171=CARTESIAN_POINT('Ctrl Pts',(-12.9342090257472,-16.6745265902942,17.9611807066222));
#5172=CARTESIAN_POINT('Ctrl Pts',(-1.00365838262275,-21.079055346974,18.2047516301196));
#5173=CARTESIAN_POINT('Ctrl Pts',(11.2914279585641,-17.8280244630269,18.4483225536171));
#5174=CARTESIAN_POINT('Ctrl Pts',(19.4855706343837,-8.10210458102223,18.6918934771145));
#5175=CARTESIAN_POINT('Ctrl Pts',(20.6030716731635,4.56623692912647,18.935464400612));
#5176=CARTESIAN_POINT('Ctrl Pts',(14.2375099264172,15.5764538883666,19.1790353241094));
#5177=CARTESIAN_POINT('Ctrl Pts',(2.70184667220563,20.9290800892412,19.4226062476069));
#5178=CARTESIAN_POINT('Ctrl Pts',(-9.81644655457065,18.681426135856,19.6661771711043));
#5179=CARTESIAN_POINT('Ctrl Pts',(-18.7673674576264,9.64877246943948,19.9097480946018));
#5180=CARTESIAN_POINT('Ctrl Pts',(-20.9049980209544,-2.88891390272011,20.1533190180992));
#5181=CARTESIAN_POINT('Ctrl Pts',(-15.4472193199441,-14.3766257797083,20.3968899415967));
#5182=CARTESIAN_POINT('Ctrl Pts',(-4.38368276089416,-20.6425114396901,20.640460865094));
#5183=CARTESIAN_POINT('Ctrl Pts',(8.27996627438186,-19.4134777816758,20.8840317885916));
#5184=CARTESIAN_POINT('Ctrl Pts',(16.84901462723,-12.0494328246634,21.1005392761448));
#5185=CARTESIAN_POINT('Ctrl Pts',(20.1550330093306,-2.99294330203187,21.289983327754));
#5186=CARTESIAN_POINT('Ctrl Pts',(19.6942943632504,5.24947335872566,21.4523639434189));
#5187=CARTESIAN_POINT('Ctrl Pts',(15.9900651046218,12.6355058092958,21.6147445590839));
#5188=CARTESIAN_POINT('Ctrl Pts',(9.66386821534274,17.9431867576241,21.7771251747488));
#5189=CARTESIAN_POINT('Ctrl Pts',(1.74810917894496,20.3054965370264,21.9395057904139));
#5190=CARTESIAN_POINT('Ctrl Pts',(-6.45347434831939,19.3312545090292,22.1018864060788));
#5191=CARTESIAN_POINT('Ctrl Pts',(-13.5959420542066,15.1825448822469,22.2642670217438));
#5192=CARTESIAN_POINT('Ctrl Pts',(-18.5046797045281,8.53979193922451,22.4266476374087));
#5193=CARTESIAN_POINT('Ctrl Pts',(-20.3743226560043,0.494453396891675,22.5890282530737));
#5194=CARTESIAN_POINT('Ctrl Pts',(-18.8971186815217,-7.63216034279196,22.7514088687387));
#5195=CARTESIAN_POINT('Ctrl Pts',(-14.3164450763866,-14.5051126908178,22.9137894844036));
#5196=CARTESIAN_POINT('Ctrl Pts',(-7.38351379286226,-18.9956524948799,23.0761701000686));
#5197=CARTESIAN_POINT('Ctrl Pts',(0.760769144856582,-20.3659502922986,23.2385507157335));
#5198=CARTESIAN_POINT('Ctrl Pts',(8.78282170805469,-18.3913914242693,23.4009313313985));
#5199=CARTESIAN_POINT('Ctrl Pts',(15.3569599978318,-13.3954196587924,23.5633119470635));
#5200=CARTESIAN_POINT('Ctrl Pts',(19.8703600915203,-5.40083907511469,23.7437348533579));
#5201=CARTESIAN_POINT('Ctrl Pts',(20.2562049420849,4.84788170598788,23.9422000502817));
#5202=CARTESIAN_POINT('Ctrl Pts',(14.8172862256237,14.6370189935861,24.158707537835));
#5203=CARTESIAN_POINT('Ctrl Pts',(5.9110578621427,19.7253075389091,24.3571727347589));
#5204=CARTESIAN_POINT('Ctrl Pts',(-3.25946383154835,20.1153558300149,24.5375956410533));
#5205=CARTESIAN_POINT('Ctrl Pts',(-10.9781744780333,17.1739008902703,24.6999762567182));
#5206=CARTESIAN_POINT('Ctrl Pts',(-16.8850418252832,11.4041447879143,24.8623568723832));
#5207=CARTESIAN_POINT('Ctrl Pts',(-20.5642724644096,2.4942695170621,25.0518009239923));
#5208=CARTESIAN_POINT('Ctrl Pts',(-19.2159266159044,-8.72615621887924,25.2683084115456));
#5209=CARTESIAN_POINT('Ctrl Pts',(-10.7119461228861,-18.1817309366374,25.5118793350431));
#5210=CARTESIAN_POINT('Ctrl Pts',(1.68878933397578,-21.0391733272842,25.7554502585405));
#5211=CARTESIAN_POINT('Ctrl Pts',(11.2725583337706,-17.1288934566955,25.9539154554644));
#5212=CARTESIAN_POINT('Ctrl Pts',(17.7186596495301,-10.1053983831506,26.1433595070735));
#5213=CARTESIAN_POINT('Ctrl Pts',(20.4791163373453,-2.18843388915952,26.3057401227384));
#5214=CARTESIAN_POINT('Ctrl Pts',(19.1718393816649,6.90396606041645,26.4861630290328));
#5215=CARTESIAN_POINT('Ctrl Pts',(14.8637390517482,13.9469992901356,26.6485436446978));
#5216=CARTESIAN_POINT('Ctrl Pts',(8.10528470001159,18.6948251012852,26.8109242603628));
#5217=CARTESIAN_POINT('Ctrl Pts',(-1.32891803156807,20.6710248528266,27.0003683119719));
#5218=CARTESIAN_POINT('Ctrl Pts',(-12.1095692804499,17.2863832051364,27.2168757995252));
#5219=CARTESIAN_POINT('Ctrl Pts',(-19.8423819590439,7.18299384413696,27.4604467230226));
#5220=CARTESIAN_POINT('Ctrl Pts',(-20.3675919951577,-5.52062609271341,27.7040176465201));
#5221=CARTESIAN_POINT('Ctrl Pts',(-13.4962368618921,-16.2236093536139,27.9475885700176));
#5222=CARTESIAN_POINT('Ctrl Pts',(-1.72296256279352,-21.0321919974259,28.191159493515));
#5223=CARTESIAN_POINT('Ctrl Pts',(10.6758954305367,-18.2034034018256,28.4347304170124));
#5224=CARTESIAN_POINT('Ctrl Pts',(19.1975434220738,-8.76285567907845,28.6783013405099));
#5225=CARTESIAN_POINT('Ctrl Pts',(20.7469017545334,3.85994011755566,28.9218722640073));
#5226=CARTESIAN_POINT('Ctrl Pts',(14.761399387002,15.0809484281362,29.1654431875048));
#5227=CARTESIAN_POINT('Ctrl Pts',(3.41471377720354,20.8248941405305,29.4090141110022));
#5228=CARTESIAN_POINT('Ctrl Pts',(-9.17197873524214,19.0053071606279,29.6525850344997));
#5229=CARTESIAN_POINT('Ctrl Pts',(-18.4278610164608,10.2839178419962,29.8961559579971));
#5230=CARTESIAN_POINT('Ctrl Pts',(-20.9904868434485,-2.1736121485707,30.1397268814945));
#5231=CARTESIAN_POINT('Ctrl Pts',(-15.9308130813386,-13.839406965932,30.383297804992));
#5232=CARTESIAN_POINT('Ctrl Pts',(-5.0832114182505,-20.4834541242199,30.6268687284895));
#5233=CARTESIAN_POINT('Ctrl Pts',(7.13619019822638,-19.7090836791641,30.8614185066722));
#5234=CARTESIAN_POINT('Ctrl Pts',(16.4796713678639,-12.7318039275925,31.0869471395402));
#5235=CARTESIAN_POINT('Ctrl Pts',(20.6943763792692,-2.36174017909497,31.3034546270935));
#5236=CARTESIAN_POINT('Ctrl Pts',(19.0705971108595,7.76822659896197,31.5019198240174));
#5237=CARTESIAN_POINT('Ctrl Pts',(13.6221106684092,15.1553421773164,31.6823427303117));
#5238=CARTESIAN_POINT('Ctrl Pts',(6.49157546184458,19.3199490419176,31.8447233459767));
#5239=CARTESIAN_POINT('Ctrl Pts',(-1.71033094899074,20.3080479757063,32.0071039616417));
#5240=CARTESIAN_POINT('Ctrl Pts',(-9.62923710050655,17.9619084895321,32.1694845773066));
#5241=CARTESIAN_POINT('Ctrl Pts',(-15.9667787839935,12.6655100972174,32.3318651929716));
#5242=CARTESIAN_POINT('Ctrl Pts',(-19.683042204916,5.28736373669493,32.4942458086366));
#5243=CARTESIAN_POINT('Ctrl Pts',(-20.1628165697635,-2.95589739205015,32.6566264243015));
#5244=CARTESIAN_POINT('Ctrl Pts',(-17.0242103925303,-11.583237566834,32.837049330596));
#5245=CARTESIAN_POINT('Ctrl Pts',(-9.48941562127074,-18.5412151751611,33.0355145275198));
#5246=CARTESIAN_POINT('Ctrl Pts',(1.48445676932118,-20.7744611897746,33.2520220150731));
#5247=CARTESIAN_POINT('Ctrl Pts',(11.1410233378688,-17.3181830452207,33.4504872119969));
#5248=CARTESIAN_POINT('Ctrl Pts',(17.4017435855212,-10.6033288489137,33.6309101182913));
#5249=CARTESIAN_POINT('Ctrl Pts',(20.1839243085452,-2.82931000018693,33.7932907339563));
#5250=CARTESIAN_POINT('Ctrl Pts',(19.6475038541277,5.41483110737548,33.9556713496213));
#5251=CARTESIAN_POINT('Ctrl Pts',(15.8856089051519,12.7671141985663,34.1180519652862));
#5252=CARTESIAN_POINT('Ctrl Pts',(9.5139162246041,18.023379028303,34.2804325809512));
#5253=CARTESIAN_POINT('Ctrl Pts',(1.57934220838036,20.3190991451957,34.4428131966161));
#5254=CARTESIAN_POINT('Ctrl Pts',(-6.61369361172908,19.2766901486407,34.6051938122811));
#5255=CARTESIAN_POINT('Ctrl Pts',(-14.0188050771589,14.8945728570493,34.7743402869321));
#5256=CARTESIAN_POINT('Ctrl Pts',(-19.1197888651096,7.48331801899095,34.9502526205691));
#5257=CARTESIAN_POINT('Ctrl Pts',(-20.4553175009779,-1.76537558417234,35.1329308131923));
#5258=CARTESIAN_POINT('Ctrl Pts',(-17.5550738797257,-10.6472158515818,35.3156090058153));
#5259=CARTESIAN_POINT('Ctrl Pts',(-11.0184951266856,-17.324482571941,35.4982871984384));
#5260=CARTESIAN_POINT('Ctrl Pts',(-2.20004107705575,-20.4132753067724,35.6809653910616));
#5261=CARTESIAN_POINT('Ctrl Pts',(7.07418540892059,-19.2743433816238,35.8636435836846));
#5262=CARTESIAN_POINT('Ctrl Pts',(14.8831867498153,-14.1433273166215,36.0463217763077));
#5263=CARTESIAN_POINT('Ctrl Pts',(19.6096912012545,-6.08306409722584,36.2289999689308));
#5264=CARTESIAN_POINT('Ctrl Pts',(20.2747254498058,3.23711345390174,36.4116781615538));
#5265=CARTESIAN_POINT('Ctrl Pts',(16.7405742331628,11.8868257235483,36.594356354177));
#5266=CARTESIAN_POINT('Ctrl Pts',(9.73920026451723,18.0746078124337,36.7770345468));
#5267=CARTESIAN_POINT('Ctrl Pts',(0.720697010078588,20.5188701912404,36.9597127394231));
#5268=CARTESIAN_POINT('Ctrl Pts',(-8.44707424578829,18.713374861236,37.1423909320462));
#5269=CARTESIAN_POINT('Ctrl Pts',(-15.865331858299,13.0320640559825,37.3250691246693));
#5270=CARTESIAN_POINT('Ctrl Pts',(-19.9976465806769,4.65162182223352,37.5077473172924));
#5271=CARTESIAN_POINT('Ctrl Pts',(-19.9881549640948,-4.69223971725757,37.6904255099154));
#5272=CARTESIAN_POINT('Ctrl Pts',(-15.8388230216723,-13.0642695728973,37.8731037025385));
#5273=CARTESIAN_POINT('Ctrl Pts',(-8.40903832534345,-18.7304971275393,38.0557818951616));
#5274=CARTESIAN_POINT('Ctrl Pts',(0.762381804198081,-20.5173643151312,38.2384600877847));
#5275=CARTESIAN_POINT('Ctrl Pts',(9.7759011800005,-18.0547829273666,38.4211382804078));
#5276=CARTESIAN_POINT('Ctrl Pts',(16.7646884664329,-11.8527932433172,38.6038164730309));
#5277=CARTESIAN_POINT('Ctrl Pts',(20.2812615063609,-3.19591152063517,38.7864946656539));
#5278=CARTESIAN_POINT('Ctrl Pts',(19.5972897058247,6.12288158961412,38.9691728582771));
#5279=CARTESIAN_POINT('Ctrl Pts',(14.8544272273541,14.173553138385,39.1518510509001));
#5280=CARTESIAN_POINT('Ctrl Pts',(7.03500303264154,19.2886405045518,39.3345292435233));
#5281=CARTESIAN_POINT('Ctrl Pts',(-2.24148961112896,20.4088317549295,39.5172074361463));
#5282=CARTESIAN_POINT('Ctrl Pts',(-11.0537057133682,17.3019289912314,39.6998856287694));
#5283=CARTESIAN_POINT('Ctrl Pts',(-17.576597531843,10.611786123313,39.8825638213924));
#5284=CARTESIAN_POINT('Ctrl Pts',(-20.4590004870185,1.7233130661442,40.0652420140156));
#5285=CARTESIAN_POINT('Ctrl Pts',(-19.1042726351941,-7.52115589730359,40.2479202066386));
#5286=CARTESIAN_POINT('Ctrl Pts',(-13.792320543006,-15.2097659780578,40.4305983992618));
#5287=CARTESIAN_POINT('Ctrl Pts',(-8.34724038996311,-18.2324122184795,40.5523838610105));
#5288=CARTESIAN_POINT('Ctrl Pts',(-5.42977741287958,-19.0633860296256,40.6132765918848));
#5289=CARTESIAN_POINT('Ctrl Pts',(-10.1177867197694,16.4241438213899,-0.613276958265769));
#5290=CARTESIAN_POINT('Ctrl Pts',(-12.6313397385797,14.8757164778102,-0.552384227391407));
#5291=CARTESIAN_POINT('Ctrl Pts',(-16.9341254982531,10.6071480763179,-0.430598765642682));
#5292=CARTESIAN_POINT('Ctrl Pts',(-19.8806825144996,2.00296374396819,-0.247920573019596));
#5293=CARTESIAN_POINT('Ctrl Pts',(-18.7097347843144,-7.01418150630315,-0.0652423803965112));
#5294=CARTESIAN_POINT('Ctrl Pts',(-13.6636955836472,-14.5795159629699,0.117435812226575));
#5295=CARTESIAN_POINT('Ctrl Pts',(-5.78771936358116,-19.1247440809644,0.300114004849659));
#5296=CARTESIAN_POINT('Ctrl Pts',(3.28698612419951,-19.7092008851326,0.482792197472746));
#5297=CARTESIAN_POINT('Ctrl Pts',(11.6809046147311,-16.2114672101683,0.665470390095831));
#5298=CARTESIAN_POINT('Ctrl Pts',(17.6555382725798,-9.35616533921272,0.848148582718919));
#5299=CARTESIAN_POINT('Ctrl Pts',(19.9734496990359,-0.563030946955547,1.030826775342));
#5300=CARTESIAN_POINT('Ctrl Pts',(18.1545669725619,8.34669826068794,1.21350496796509));
#5301=CARTESIAN_POINT('Ctrl Pts',(12.5756066099774,15.5277125593606,1.39618316058818));
#5302=CARTESIAN_POINT('Ctrl Pts',(4.3920536138033,19.4927050315686,1.57886135321126));
#5303=CARTESIAN_POINT('Ctrl Pts',(-4.701158222881,19.4204744948052,1.76153954583435));
#5304=CARTESIAN_POINT('Ctrl Pts',(-12.8206911706514,15.325977247157,1.94421773845743));
#5305=CARTESIAN_POINT('Ctrl Pts',(-18.2848706858174,8.05724591784502,2.12689593108052));
#5306=CARTESIAN_POINT('Ctrl Pts',(-19.9619851605549,-0.880260050052615,
2.30957412370361));
#5307=CARTESIAN_POINT('Ctrl Pts',(-17.5046791428098,-9.63545031146155,2.49225231632669));
#5308=CARTESIAN_POINT('Ctrl Pts',(-11.4218976258975,-16.3949989082931,2.67493050894978));
#5309=CARTESIAN_POINT('Ctrl Pts',(-2.97347233001574,-19.7588996043968,2.85760870157286));
#5310=CARTESIAN_POINT('Ctrl Pts',(6.09080063595855,-19.0304476879753,3.04028689419595));
#5311=CARTESIAN_POINT('Ctrl Pts',(13.8935834555082,-14.3604998129517,3.22296508681904));
#5312=CARTESIAN_POINT('Ctrl Pts',(18.8187932108206,-6.71630261038885,3.40564327944212));
#5313=CARTESIAN_POINT('Ctrl Pts',(19.8463700198755,2.31898029129008,3.58832147206521));
#5314=CARTESIAN_POINT('Ctrl Pts',(16.7634422566238,10.8738890675486,3.77099966468829));
#5315=CARTESIAN_POINT('Ctrl Pts',(10.2086176486359,17.1768096731035,3.95367785731138));
#5316=CARTESIAN_POINT('Ctrl Pts',(1.53932548904925,19.921861946195,4.13635604993446));
#5317=CARTESIAN_POINT('Ctrl Pts',(-7.4485642468959,18.541384445791,4.31903424255755));
#5318=CARTESIAN_POINT('Ctrl Pts',(-14.8941728504595,13.319587107818,4.50171243518064));
#5319=CARTESIAN_POINT('Ctrl Pts',(-19.2541528202536,5.34129588970922,4.68439062780372));
#5320=CARTESIAN_POINT('Ctrl Pts',(-19.6279181279326,-3.7475045470471,4.86706882042681));
#5321=CARTESIAN_POINT('Ctrl Pts',(-15.9333641662331,-12.0518983920016,5.04974701304989));
#5322=CARTESIAN_POINT('Ctrl Pts',(-8.16800134083116,-18.5232474023497,5.2527227826311));
#5323=CARTESIAN_POINT('Ctrl Pts',(3.02972406670326,-20.3152084006552,5.47599612917042));
#5324=CARTESIAN_POINT('Ctrl Pts',(14.1548310721714,-14.8801520956918,5.71956705266788));
#5325=CARTESIAN_POINT('Ctrl Pts',(20.134384882842,-4.04678490223374,5.96313797616531));
#5326=CARTESIAN_POINT('Ctrl Pts',(18.8039873319475,8.25955677144786,6.20670889966278));
#5327=CARTESIAN_POINT('Ctrl Pts',(10.6428377740446,17.5640752159003,6.4502798231602));
#5328=CARTESIAN_POINT('Ctrl Pts',(-1.38255551327733,20.4914798423128,6.69385074665767));
#5329=CARTESIAN_POINT('Ctrl Pts',(-12.9069452617288,15.9742674623755,6.9374216701551));
#5330=CARTESIAN_POINT('Ctrl Pts',(-19.7420746102547,5.65961841423543,7.18099259365257));
#5331=CARTESIAN_POINT('Ctrl Pts',(-19.4102188119042,-6.71829585137247,7.42456351715001));
#5332=CARTESIAN_POINT('Ctrl Pts',(-12.8437687526766,-15.5378500203855,7.64107100470329));
#5333=CARTESIAN_POINT('Ctrl Pts',(-4.27611103413594,-19.3637669637772,7.83051505631242));
#5334=CARTESIAN_POINT('Ctrl Pts',(3.75620058171621,-19.4766351480437,7.99289567197739));
#5335=CARTESIAN_POINT('Ctrl Pts',(10.5625989670928,-16.6403053490791,8.14174456967028));
#5336=CARTESIAN_POINT('Ctrl Pts',(15.4026305013694,-12.1041303192168,8.27706174939107));
#5337=CARTESIAN_POINT('Ctrl Pts',(19.3283453410978,-5.16891731948127,8.43944236505605));
#5338=CARTESIAN_POINT('Ctrl Pts',(19.8905748165338,5.12409059072077,8.64241813463724));
#5339=CARTESIAN_POINT('Ctrl Pts',(13.3277489567905,15.6247092979665,8.8859890581347));
#5340=CARTESIAN_POINT('Ctrl Pts',(1.93463406621739,20.4456883978885,9.12955998163215));
#5341=CARTESIAN_POINT('Ctrl Pts',(-10.17312355684,17.8441948535729,9.37313090512959));
#5342=CARTESIAN_POINT('Ctrl Pts',(-17.6331431002396,9.76887539816746,9.58963839268288));
#5343=CARTESIAN_POINT('Ctrl Pts',(-19.8212334671492,0.642434787917219,9.779082444292));
#5344=CARTESIAN_POINT('Ctrl Pts',(-18.4513870097302,-7.27088010111521,9.94146305995697));
#5345=CARTESIAN_POINT('Ctrl Pts',(-13.320811561456,-15.1298353569858,10.1309071115661));
#5346=CARTESIAN_POINT('Ctrl Pts',(-3.57973618090713,-20.2256754046747,10.3474145991194));
#5347=CARTESIAN_POINT('Ctrl Pts',(8.69742622295593,-18.6050766217181,10.5909855226168));
#5348=CARTESIAN_POINT('Ctrl Pts',(17.8064775009295,-10.231147871903,10.8345564461143));
#5349=CARTESIAN_POINT('Ctrl Pts',(20.4542330391837,1.86027193792191,11.0781273696117));
#5350=CARTESIAN_POINT('Ctrl Pts',(15.6686160907705,13.2755703858597,11.3216982931092));
#5351=CARTESIAN_POINT('Ctrl Pts',(5.19830514183312,19.8689233362143,11.5652692166066));
#5352=CARTESIAN_POINT('Ctrl Pts',(-7.16970615205617,19.2479134980314,11.8088401401041));
#5353=CARTESIAN_POINT('Ctrl Pts',(-15.8318071841217,12.4787256453311,12.0253476276574));
#5354=CARTESIAN_POINT('Ctrl Pts',(-19.4601858104834,3.8225078462803,12.2147916792665));
#5355=CARTESIAN_POINT('Ctrl Pts',(-19.3802918274378,-4.20777726282098,12.3771722949314));
#5356=CARTESIAN_POINT('Ctrl Pts',(-15.5814822470246,-12.7897139119259,12.5666163465406));
#5357=CARTESIAN_POINT('Ctrl Pts',(-6.78687331577002,-19.3863567727828,12.7831238340939));
#5358=CARTESIAN_POINT('Ctrl Pts',(5.5908437570168,-19.7618862915985,13.0266947575913));
#5359=CARTESIAN_POINT('Ctrl Pts',(15.9288155213566,-12.9626912426359,13.2702656810887));
#5360=CARTESIAN_POINT('Ctrl Pts',(20.4866143141489,-1.45433138227745,13.5138366045862));
#5361=CARTESIAN_POINT('Ctrl Pts',(17.6011580839325,10.5813926745361,13.7574075280836));
#5362=CARTESIAN_POINT('Ctrl Pts',(8.32534782792818,18.7748408316396,14.0009784515811));
#5363=CARTESIAN_POINT('Ctrl Pts',(-3.97626320649724,20.1484506112388,14.2445493750785));
#5364=CARTESIAN_POINT('Ctrl Pts',(-14.8321051207899,14.2065214319439,14.488120298576));
#5365=CARTESIAN_POINT('Ctrl Pts',(-20.3015041351734,3.10216201625723,14.7316912220734));
#5366=CARTESIAN_POINT('Ctrl Pts',(-18.3984865466734,-9.12526955932447,14.9752621455709));
#5367=CARTESIAN_POINT('Ctrl Pts',(-9.81234474642108,-18.0438322611085,15.2188330690683));
#5368=CARTESIAN_POINT('Ctrl Pts',(0.310872356641865,-20.0067650850068,15.4218088386496));
#5369=CARTESIAN_POINT('Ctrl Pts',(7.98831037811318,-17.8836025124636,15.5841894543145));
#5370=CARTESIAN_POINT('Ctrl Pts',(14.6929386067145,-13.5825679452746,15.7465700699795));
#5371=CARTESIAN_POINT('Ctrl Pts',(19.9864184870136,-4.73310759310188,15.9495458395607));
#5372=CARTESIAN_POINT('Ctrl Pts',(19.0740537643971,7.61290974702468,16.1931167630581));
#5373=CARTESIAN_POINT('Ctrl Pts',(11.2371430916782,17.1903098529977,16.4366876865556));
#5374=CARTESIAN_POINT('Ctrl Pts',(-0.682358884288198,20.5263957531503,16.680258610053));
#5375=CARTESIAN_POINT('Ctrl Pts',(-12.3532882446186,16.4066467059173,16.9238295335505));
#5376=CARTESIAN_POINT('Ctrl Pts',(-19.5380997069401,6.3287953603208,17.1674004570479));
#5377=CARTESIAN_POINT('Ctrl Pts',(-19.6268058544752,-6.04783237530407,17.4109713805454));
#5378=CARTESIAN_POINT('Ctrl Pts',(-12.5874790432075,-16.2278586933786,17.6545423040428));
#5379=CARTESIAN_POINT('Ctrl Pts',(-0.976563740021215,-20.5142545061697,
17.8981132275403));
#5380=CARTESIAN_POINT('Ctrl Pts',(10.9890463035629,-17.3502168780566,18.1416841510377));
#5381=CARTESIAN_POINT('Ctrl Pts',(18.9635349422165,-7.88482328079182,18.3852550745352));
#5382=CARTESIAN_POINT('Ctrl Pts',(20.050971440257,4.44408242182763,18.6288259980326));
#5383=CARTESIAN_POINT('Ctrl Pts',(13.8558686817538,15.1592211756368,18.8723969215301));
#5384=CARTESIAN_POINT('Ctrl Pts',(2.62925073871307,20.3683140689215,19.1159678450275));
#5385=CARTESIAN_POINT('Ctrl Pts',(-9.55359499556928,18.1807658854095,19.359538768525));
#5386=CARTESIAN_POINT('Ctrl Pts',(-18.2645907262145,9.39005528564939,19.6031096920224));
#5387=CARTESIAN_POINT('Ctrl Pts',(-20.3448237662193,-2.81170592963949,19.8466806155199));
#5388=CARTESIAN_POINT('Ctrl Pts',(-15.0331755589046,-13.9915538777857,20.0902515390173));
#5389=CARTESIAN_POINT('Ctrl Pts',(-4.26602499887252,-20.0894400848797,20.3338224625147));
#5390=CARTESIAN_POINT('Ctrl Pts',(8.0582915039829,-18.8932170119699,20.5773933860122));
#5391=CARTESIAN_POINT('Ctrl Pts',(16.3976628785411,-11.7264086311279,20.7939008735655));
#5392=CARTESIAN_POINT('Ctrl Pts',(19.6150102623242,-2.91255488211933,20.9833449251746));
#5393=CARTESIAN_POINT('Ctrl Pts',(19.1665381565144,5.10900292531673,21.1457255408396));
#5394=CARTESIAN_POINT('Ctrl Pts',(15.5614925285126,12.2970921779852,21.3081061565045));
#5395=CARTESIAN_POINT('Ctrl Pts',(9.40475443146881,17.462493981473,21.4704867721695));
#5396=CARTESIAN_POINT('Ctrl Pts',(1.7010744814599,19.7614302255698,21.6328673878345));
#5397=CARTESIAN_POINT('Ctrl Pts',(-6.28073939593249,18.81321438251,21.7952480034994));
#5398=CARTESIAN_POINT('Ctrl Pts',(-13.231785934244,14.7756005091619,21.9576286191644));
#5399=CARTESIAN_POINT('Ctrl Pts',(-18.0089310418088,8.31079225350948,22.1200092348294));
#5400=CARTESIAN_POINT('Ctrl Pts',(-19.8284001589774,0.481009578378757,22.2823898504943));
#5401=CARTESIAN_POINT('Ctrl Pts',(-18.3906998845808,-7.42783850285893,22.4447704661593));
#5402=CARTESIAN_POINT('Ctrl Pts',(-13.9326990290256,-14.1165871765817,22.6071510818242));
#5403=CARTESIAN_POINT('Ctrl Pts',(-7.18549172504737,-18.4867372154668,22.7695316974892));
#5404=CARTESIAN_POINT('Ctrl Pts',(0.740579364409622,-19.8202401176622,22.9319123131542));
#5405=CARTESIAN_POINT('Ctrl Pts',(8.5476632115133,-17.8985125078345,23.0942929288191));
#5406=CARTESIAN_POINT('Ctrl Pts',(14.9456005345176,-13.0363442101723,23.2566735444841));
#5407=CARTESIAN_POINT('Ctrl Pts',(19.3379881633901,-5.25593413715337,23.4370964507785));
#5408=CARTESIAN_POINT('Ctrl Pts',(19.7133962608251,4.71817724493726,23.6355616477024));
#5409=CARTESIAN_POINT('Ctrl Pts',(14.4201189446724,14.2449638613864,23.8520691352556));
#5410=CARTESIAN_POINT('Ctrl Pts',(5.75248306886611,19.1968271577789,24.0505343321795));
#5411=CARTESIAN_POINT('Ctrl Pts',(-3.1723194652557,19.5763363847727,24.2309572384739));
#5412=CARTESIAN_POINT('Ctrl Pts',(-10.6841801470799,16.7136234564536,24.3933378541389));
#5413=CARTESIAN_POINT('Ctrl Pts',(-16.4327185564988,11.0984106555386,24.5557184698038));
#5414=CARTESIAN_POINT('Ctrl Pts',(-20.0132794284621,2.42723907708823,24.745162521413));
#5415=CARTESIAN_POINT('Ctrl Pts',(-18.7009549325028,-8.49252395825628,24.9616700089662));
#5416=CARTESIAN_POINT('Ctrl Pts',(-10.4247469495778,-17.6946564327219,25.2052409324637));
#5417=CARTESIAN_POINT('Ctrl Pts',(1.64373982117139,-20.4754153498998,25.4488118559611));
#5418=CARTESIAN_POINT('Ctrl Pts',(10.9706755963222,-16.6698191734325,25.647277052885));
#5419=CARTESIAN_POINT('Ctrl Pts',(17.2439872729545,-9.83445600692025,25.8367211044941));
#5420=CARTESIAN_POINT('Ctrl Pts',(19.9304021211363,-2.12959908867276,25.9991017201591));
#5421=CARTESIAN_POINT('Ctrl Pts',(18.6580664502873,6.71915871754191,26.1795246264535));
#5422=CARTESIAN_POINT('Ctrl Pts',(14.4653336778684,13.5734335874885,26.3419052421184));
#5423=CARTESIAN_POINT('Ctrl Pts',(7.88792575730258,18.1939773595483,26.5042858577834));
#5424=CARTESIAN_POINT('Ctrl Pts',(-1.29350769820538,20.1171348085878,26.6937299093925));
#5425=CARTESIAN_POINT('Ctrl Pts',(-11.7852604548457,16.8230809940952,26.9102373969459));
#5426=CARTESIAN_POINT('Ctrl Pts',(-19.310776758548,6.99033657711472,27.1538083204433));
#5427=CARTESIAN_POINT('Ctrl Pts',(-19.8217922738488,-5.3728966025884,27.3973792439407));
#5428=CARTESIAN_POINT('Ctrl Pts',(-13.1344517350447,-15.7890291025534,27.6409501674382));
#5429=CARTESIAN_POINT('Ctrl Pts',(-1.67659471016885,-20.4686537383487,27.8845210909356));
#5430=CARTESIAN_POINT('Ctrl Pts',(10.3900104794832,-17.7155434801582,28.1280920144331));
#5431=CARTESIAN_POINT('Ctrl Pts',(18.6832317044117,-8.52787239899313,28.3716629379305));
#5432=CARTESIAN_POINT('Ctrl Pts',(20.1909543740764,3.75671211475419,28.615233861428));
#5433=CARTESIAN_POINT('Ctrl Pts',(14.3657253374293,14.6769977316689,28.8588047849254));
#5434=CARTESIAN_POINT('Ctrl Pts',(3.32301766288782,20.2669265916515,29.1023757084228));
#5435=CARTESIAN_POINT('Ctrl Pts',(-8.92639870451061,18.4959747300863,29.3459466319203));
#5436=CARTESIAN_POINT('Ctrl Pts',(-17.9341873934851,10.0081852730348,29.5895175554177));
#5437=CARTESIAN_POINT('Ctrl Pts',(-20.4280287735194,-2.1155714078136,29.8330884789152));
#5438=CARTESIAN_POINT('Ctrl Pts',(-15.5038166324598,-13.4687343982844,30.0766594024127));
#5439=CARTESIAN_POINT('Ctrl Pts',(-4.9468114025077,-19.9346513840554,30.3202303259101));
#5440=CARTESIAN_POINT('Ctrl Pts',(6.9451655829376,-19.1809131365708,30.5547801040928));
#5441=CARTESIAN_POINT('Ctrl Pts',(16.0382226531187,-12.3904992273763,30.7803087369608));
#5442=CARTESIAN_POINT('Ctrl Pts',(20.1398959580068,-2.29825959963175,30.9968162245142));
#5443=CARTESIAN_POINT('Ctrl Pts',(18.559528680467,7.56026054243167,31.1952814214379));
#5444=CARTESIAN_POINT('Ctrl Pts',(13.2569629944657,14.7493872060158,31.3757043277324));
#5445=CARTESIAN_POINT('Ctrl Pts',(6.31744965749007,18.8023357433493,31.5380849433973));
#5446=CARTESIAN_POINT('Ctrl Pts',(-1.66469723378413,19.7638801973945,31.7004655590623));
#5447=CARTESIAN_POINT('Ctrl Pts',(-9.37139490694806,17.4805294092535,31.8628461747273));
#5448=CARTESIAN_POINT('Ctrl Pts',(-15.5390723223905,12.3259866402346,32.0252267903922));
#5449=CARTESIAN_POINT('Ctrl Pts',(-19.1556883482305,5.14550114798676,32.1876074060572));
#5450=CARTESIAN_POINT('Ctrl Pts',(-19.6225283258703,-2.87688750185125,32.3499880217221));
#5451=CARTESIAN_POINT('Ctrl Pts',(-16.5679381042726,-11.2730292192443,32.5304109280166));
#5452=CARTESIAN_POINT('Ctrl Pts',(-9.23497054729799,-18.0444966384703,32.7288761249404));
#5453=CARTESIAN_POINT('Ctrl Pts',(1.44487978644067,-20.2177980941504,32.9453836124937));
#5454=CARTESIAN_POINT('Ctrl Pts',(10.8426668746277,-16.8540380318658,33.1438488094176));
#5455=CARTESIAN_POINT('Ctrl Pts',(16.9355676979399,-10.3190475262379,33.3242717157119));
#5456=CARTESIAN_POINT('Ctrl Pts',(19.6431258569378,-2.75330583600921,33.486652331377));
#5457=CARTESIAN_POINT('Ctrl Pts',(19.1209998100751,5.26992948752233,33.6490329470419));
#5458=CARTESIAN_POINT('Ctrl Pts',(15.4598339591957,12.4251731384421,33.8114135627069));
#5459=CARTESIAN_POINT('Ctrl Pts',(9.25881961657097,17.5405360758562,33.9737941783718));
#5460=CARTESIAN_POINT('Ctrl Pts',(1.53682946893893,19.7746667383678,34.1361747940368));
#5461=CARTESIAN_POINT('Ctrl Pts',(-6.43666508353582,18.7601105333296,34.2985554097018));
#5462=CARTESIAN_POINT('Ctrl Pts',(-13.6433156432514,14.4953406082625,34.4677018843527));
#5463=CARTESIAN_POINT('Ctrl Pts',(-18.6075483236327,7.28262052225681,34.6436142179898));
#5464=CARTESIAN_POINT('Ctrl Pts',(-19.9072031287569,-1.71826836493311,34.8262924106128));
#5465=CARTESIAN_POINT('Ctrl Pts',(-17.0845861347192,-10.3620931606998,35.008970603236));
#5466=CARTESIAN_POINT('Ctrl Pts',(-10.7230902190245,-16.860380856448,35.191648795859));
#5467=CARTESIAN_POINT('Ctrl Pts',(-2.14089589370736,-19.8663254032107,35.3743269884822));
#5468=CARTESIAN_POINT('Ctrl Pts',(6.88481804262391,-18.7578222401664,35.5570051811052));
#5469=CARTESIAN_POINT('Ctrl Pts',(14.4845291351831,-13.7642163176847,35.7396833737283));
#5470=CARTESIAN_POINT('Ctrl Pts',(19.0843103906205,-5.91988152665398,35.9223615663514));
#5471=CARTESIAN_POINT('Ctrl Pts',(19.7314359309829,3.15056948832266,36.1050397589745));
#5472=CARTESIAN_POINT('Ctrl Pts',(16.2918990318742,11.5684800574951,36.2877179515976));
#5473=CARTESIAN_POINT('Ctrl Pts',(9.47806671067923,17.5903943478568,36.4703961442207));
#5474=CARTESIAN_POINT('Ctrl Pts',(0.701189640951865,19.9690767279075,36.6530743368438));
#5475=CARTESIAN_POINT('Ctrl Pts',(-8.22091513901187,18.2118716555041,36.8357525294668));
#5476=CARTESIAN_POINT('Ctrl Pts',(-15.4403471617529,12.682719806048,37.0184307220899));
#5477=CARTESIAN_POINT('Ctrl Pts',(-19.4618568573426,4.52679084129913,37.201108914713));
#5478=CARTESIAN_POINT('Ctrl Pts',(-19.4525301355319,-4.56670309675391,37.3837871073361));
#5479=CARTESIAN_POINT('Ctrl Pts',(-15.4142988530268,-12.7143658267693,37.5664652999592));
#5480=CARTESIAN_POINT('Ctrl Pts',(-8.18354000375026,-18.2286964659401,37.7491434925822));
#5481=CARTESIAN_POINT('Ctrl Pts',(0.742150261971502,-19.9675970067259,37.9318216852053));
#5482=CARTESIAN_POINT('Ctrl Pts',(9.51413003111574,-17.5709138852916,38.1144998778285));
#5483=CARTESIAN_POINT('Ctrl Pts',(16.3155943437689,-11.5350387879594,38.2971780704515));
#5484=CARTESIAN_POINT('Ctrl Pts',(19.7378584264474,-3.11008338650223,38.4798562630746));
#5485=CARTESIAN_POINT('Ctrl Pts',(19.0721243662405,5.95900737191876,38.6625344556977));
#5486=CARTESIAN_POINT('Ctrl Pts',(14.4562691941841,13.7939168667943,38.8452126483207));
#5487=CARTESIAN_POINT('Ctrl Pts',(6.84631645943252,18.7718713152491,39.0278908409439));
#5488=CARTESIAN_POINT('Ctrl Pts',(-2.18162453578457,19.8619584050311,39.2105690335669));
#5489=CARTESIAN_POINT('Ctrl Pts',(-10.7576887585282,16.8382203388102,39.39324722619));
#5490=CARTESIAN_POINT('Ctrl Pts',(-17.1057365372962,10.3272765155309,39.5759254188131));
#5491=CARTESIAN_POINT('Ctrl Pts',(-19.9108208205566,1.67694130797443,39.7586036114362));
#5492=CARTESIAN_POINT('Ctrl Pts',(-18.5923042384424,-7.31981038928103,39.9412818040593));
#5493=CARTESIAN_POINT('Ctrl Pts',(-13.4226115974807,-14.8023543573722,40.1239599966823));
#5494=CARTESIAN_POINT('Ctrl Pts',(-8.1234027030263,-17.7439570835585,40.2457454584311));
#5495=CARTESIAN_POINT('Ctrl Pts',(-5.28410479975794,-18.5526371397065,40.3066381893055));
#5496=CARTESIAN_POINT('Ctrl Pts',(-9.83939127014758,15.9718374596936,-0.919915147826262));
#5497=CARTESIAN_POINT('Ctrl Pts',(-12.2837232679055,14.4660157919752,-0.8590224169519));
#5498=CARTESIAN_POINT('Ctrl Pts',(-16.4679970229873,10.3149267204451,-0.737236955203175));
#5499=CARTESIAN_POINT('Ctrl Pts',(-19.3333367291536,1.94760684871736,-0.554558762580089));
#5500=CARTESIAN_POINT('Ctrl Pts',(-18.1945329497106,-6.821260542023,-0.371880569957004));
#5501=CARTESIAN_POINT('Ctrl Pts',(-13.2873444000336,-14.1782483193452,-0.189202377333918));
#5502=CARTESIAN_POINT('Ctrl Pts',(-5.62816627983438,-18.5982512439889,-0.00652418471083329));
#5503=CARTESIAN_POINT('Ctrl Pts',(3.19669511469611,-19.1665205337194,0.176154007912253));
#5504=CARTESIAN_POINT('Ctrl Pts',(11.359470212152,-15.7649998711398,0.358832200535339));
#5505=CARTESIAN_POINT('Ctrl Pts',(17.1695342062385,-9.09837917261892,0.541510393158425));
#5506=CARTESIAN_POINT('Ctrl Pts',(19.4235345747937,-0.547318169934823,0.72418858578151));
#5507=CARTESIAN_POINT('Ctrl Pts',(17.654636272082,8.11708377380633,0.906866778404599));
#5508=CARTESIAN_POINT('Ctrl Pts',(12.2292033286786,15.1003270964158,1.08954497102768));
#5509=CARTESIAN_POINT('Ctrl Pts',(4.2709229535907,18.9560665228476,1.27222316365077));
#5510=CARTESIAN_POINT('Ctrl Pts',(-4.57192832240252,18.8857285884481,1.45490135627385));
#5511=CARTESIAN_POINT('Ctrl Pts',(-12.4678661191714,14.9038777076229,1.63757954889694));
#5512=CARTESIAN_POINT('Ctrl Pts',(-17.7815257332737,7.83521573439908,1.82025774152003));
#5513=CARTESIAN_POINT('Ctrl Pts',(-19.4123704329486,-0.85623514695536,2.00293593414311));
#5514=CARTESIAN_POINT('Ctrl Pts',(-17.0226279274968,-9.37034625748254,2.1856141267662));
#5515=CARTESIAN_POINT('Ctrl Pts',(-11.1072497917478,-15.9437226022522,2.36829231938929));
#5516=CARTESIAN_POINT('Ctrl Pts',(-2.89139609302685,-19.2149170751722,2.55097051201237));
#5517=CARTESIAN_POINT('Ctrl Pts',(5.92330614010499,-18.5064255500788,2.73364870463546));
#5518=CARTESIAN_POINT('Ctrl Pts',(13.5112086833233,-13.9649710431729,2.91632689725854));
#5519=CARTESIAN_POINT('Ctrl Pts',(18.3007338106192,-6.53118644532494,3.09900508988163));
#5520=CARTESIAN_POINT('Ctrl Pts',(19.2999232744595,2.25534245226805,3.28168328250472));
#5521=CARTESIAN_POINT('Ctrl Pts',(16.3017861355256,10.5746797371452,3.4643614751278));
#5522=CARTESIAN_POINT('Ctrl Pts',(9.92736630944246,16.7039952598296,3.64703966775089));
#5523=CARTESIAN_POINT('Ctrl Pts',(1.4967333265046,19.3733774840786,3.82971786037397));
#5524=CARTESIAN_POINT('Ctrl Pts',(-7.24368181552428,18.0308131441564,4.01239605299706));
#5525=CARTESIAN_POINT('Ctrl Pts',(-14.4842382472209,12.9527068012668,4.19507424562014));
#5526=CARTESIAN_POINT('Ctrl Pts',(-18.7240923061152,5.1940326390505,4.37775243824322));
#5527=CARTESIAN_POINT('Ctrl Pts',(-19.0874708359725,-3.64453340741319,4.56043063086632));
#5528=CARTESIAN_POINT('Ctrl Pts',(-15.4945498075868,-11.7202466259115,4.7431088234894));
#5529=CARTESIAN_POINT('Ctrl Pts',(-7.94291925321512,-18.0133404886291,4.9460845930706));
#5530=CARTESIAN_POINT('Ctrl Pts',(2.94652255547517,-19.7558458031163,5.16935793960994));
#5531=CARTESIAN_POINT('Ctrl Pts',(13.7652689643128,-14.470313184864,5.41292886310738));
#5532=CARTESIAN_POINT('Ctrl Pts',(19.5800756084866,-3.93515360766022,5.65649978660483));
#5533=CARTESIAN_POINT('Ctrl Pts',(18.2861773189797,8.03234837938705,5.90007071010227));
#5534=CARTESIAN_POINT('Ctrl Pts',(10.3496271318144,17.0806029625395,6.14364163359972));
#5535=CARTESIAN_POINT('Ctrl Pts',(-1.34470670369292,19.9272814395116,6.38721255709717));
#5536=CARTESIAN_POINT('Ctrl Pts',(-12.5517522613636,15.534317893783,6.63078348059462));
#5537=CARTESIAN_POINT('Ctrl Pts',(-19.1985837026917,5.50358575961254,6.87435440409206));
#5538=CARTESIAN_POINT('Ctrl Pts',(-18.8757339552093,-6.53352879178231,7.11792532758952));
#5539=CARTESIAN_POINT('Ctrl Pts',(-12.48998216212,-15.110188280373,7.3344328151428));
#5540=CARTESIAN_POINT('Ctrl Pts',(-4.15817393761881,-18.8306772305393,7.52387686675194));
#5541=CARTESIAN_POINT('Ctrl Pts',(3.65298841898106,-18.9403529786067,7.68625748241689));
#5542=CARTESIAN_POINT('Ctrl Pts',(10.2719589623405,-16.182042797147,7.83510638010979));
#5543=CARTESIAN_POINT('Ctrl Pts',(14.9786838908209,-11.7707093295575,7.97042355983058));
#5544=CARTESIAN_POINT('Ctrl Pts',(18.7962402922689,-5.02639931570718,8.13280417549555));
#5545=CARTESIAN_POINT('Ctrl Pts',(19.3428813549231,4.98322122879587,8.33577994507675));
#5546=CARTESIAN_POINT('Ctrl Pts',(12.9606362133787,15.1946612105121,8.57935086857421));
#5547=CARTESIAN_POINT('Ctrl Pts',(1.88115249380284,19.8827858070971,8.82292179207165));
#5548=CARTESIAN_POINT('Ctrl Pts',(-9.89321954643174,17.3527902049575,9.0664927155691));
#5549=CARTESIAN_POINT('Ctrl Pts',(-17.1477599924133,9.49972648567617,9.28300020312238));
#5550=CARTESIAN_POINT('Ctrl Pts',(-19.2755100911998,0.624537424986645,9.47244425473151));
#5551=CARTESIAN_POINT('Ctrl Pts',(-17.9432954495503,-7.0708888258995,9.63482487039647));
#5552=CARTESIAN_POINT('Ctrl Pts',(-12.9538950522301,-14.7134123643571,9.8242689220056));
#5553=CARTESIAN_POINT('Ctrl Pts',(-3.48096298891526,-19.6688477289993,10.0407764095589));
#5554=CARTESIAN_POINT('Ctrl Pts',(8.45816004282988,-18.0927385113346,10.2843473330563));
#5555=CARTESIAN_POINT('Ctrl Pts',(17.316326931021,-9.94926956298583,10.5279182565538));
#5556=CARTESIAN_POINT('Ctrl Pts',(19.8910550895705,1.80926995775681,10.7714891800512));
#5557=CARTESIAN_POINT('Ctrl Pts',(15.2370780048369,12.9102249460825,11.0150601035487));
#5558=CARTESIAN_POINT('Ctrl Pts',(5.05497230217092,19.3219350780544,11.2586310270461));
#5559=CARTESIAN_POINT('Ctrl Pts',(-6.97250887631103,18.7178925589031,11.5022019505436));
#5560=CARTESIAN_POINT('Ctrl Pts',(-15.3960481806202,12.1349865356411,11.7187094380969));
#5561=CARTESIAN_POINT('Ctrl Pts',(-18.9244366217944,3.7170586076282,11.908153489706));
#5562=CARTESIAN_POINT('Ctrl Pts',(-18.8466574682996,-4.09213100015327,12.0705341053709));
#5563=CARTESIAN_POINT('Ctrl Pts',(-15.1523483171978,-12.4377444451813,12.2599781569801));
#5564=CARTESIAN_POINT('Ctrl Pts',(-6.599808157584,-18.8526716156803,12.4764856445334));
#5565=CARTESIAN_POINT('Ctrl Pts',(5.4371221051466,-19.2177310278499,12.7200565680308));
#5566=CARTESIAN_POINT('Ctrl Pts',(15.490390740085,-12.6056262749057,12.9636274915282));
#5567=CARTESIAN_POINT('Ctrl Pts',(19.9225798507358,-1.41407336077579,13.2071984150257));
#5568=CARTESIAN_POINT('Ctrl Pts',(17.1164405559473,10.2902453839275,13.4507693385232));
#5569=CARTESIAN_POINT('Ctrl Pts',(8.09593092310388,18.2580085584704,13.6943402620206));
#5570=CARTESIAN_POINT('Ctrl Pts',(-3.86699924605457,19.5936692871832,13.9379111855181));
#5571=CARTESIAN_POINT('Ctrl Pts',(-14.4238887764791,13.8152221702671,14.1814821090155));
#5572=CARTESIAN_POINT('Ctrl Pts',(-19.7425836503511,3.0165368830564,14.4250530325129));
#5573=CARTESIAN_POINT('Ctrl Pts',(-17.8918318777236,-8.87422155497394,14.6686239560104));
#5574=CARTESIAN_POINT('Ctrl Pts',(-9.54199466971196,-17.5471422710951,14.9121948795079));
#5575=CARTESIAN_POINT('Ctrl Pts',(0.302524652416518,-19.4559234662761,15.115170649089));
#5576=CARTESIAN_POINT('Ctrl Pts',(7.76856037932849,-17.3911359563378,15.277551264754));
#5577=CARTESIAN_POINT('Ctrl Pts',(14.2885472853314,-13.2084492182365,15.439931880419));
#5578=CARTESIAN_POINT('Ctrl Pts',(19.4361903654118,-4.60258161147131,15.6429076500002));
#5579=CARTESIAN_POINT('Ctrl Pts',(18.5488149528559,7.40350808507574,15.8864785734976));
#5580=CARTESIAN_POINT('Ctrl Pts',(10.9275736264355,16.7171346135667,16.1300494969951));
#5581=CARTESIAN_POINT('Ctrl Pts',(-0.663788679939595,19.9612434237106,16.3736204204925));
#5582=CARTESIAN_POINT('Ctrl Pts',(-12.0133434326083,15.9547984617777,16.61719134399));
#5583=CARTESIAN_POINT('Ctrl Pts',(-19.0002318310997,6.15434067752147,16.8607622674874));
#5584=CARTESIAN_POINT('Ctrl Pts',(-19.0863648776146,-5.88152720954551,17.1043331909849));
#5585=CARTESIAN_POINT('Ctrl Pts',(-12.2407414841269,-15.7811965098919,17.3479041144823));
#5586=CARTESIAN_POINT('Ctrl Pts',(-0.949459613559866,-19.9494539875216,
17.5914750379798));
#5587=CARTESIAN_POINT('Ctrl Pts',(10.6866725953491,-16.872404106949,17.8350459614772));
#5588=CARTESIAN_POINT('Ctrl Pts',(18.4415027736287,-7.66753316970623,18.0786168849747));
#5589=CARTESIAN_POINT('Ctrl Pts',(19.4988690280215,4.32193715027006,18.3221878084721));
#5590=CARTESIAN_POINT('Ctrl Pts',(13.4742203463348,14.7419947690284,18.5657587319696));
#5591=CARTESIAN_POINT('Ctrl Pts',(2.55664537830626,19.8075491352881,18.809329655467));
#5592=CARTESIAN_POINT('Ctrl Pts',(-9.29075177595123,17.6801011066868,19.0529005789645));
#5593=CARTESIAN_POINT('Ctrl Pts',(-17.7618182183211,9.13132960448829,19.2964715024619));
#5594=CARTESIAN_POINT('Ctrl Pts',(-19.7846480844732,-2.7345073383108,19.5400424259594));
#5595=CARTESIAN_POINT('Ctrl Pts',(-14.6191252391204,-13.6064888332907,19.7836133494568));
#5596=CARTESIAN_POINT('Ctrl Pts',(-4.14835792861045,-19.5363705746379,20.0271842729543));
#5597=CARTESIAN_POINT('Ctrl Pts',(7.83662541177585,-18.3729524004706,20.2707551964517));
#5598=CARTESIAN_POINT('Ctrl Pts',(15.946316444216,-11.4033767879835,20.487262684005));
#5599=CARTESIAN_POINT('Ctrl Pts',(19.0749887377116,-2.83215738159519,20.6767067356141));
#5600=CARTESIAN_POINT('Ctrl Pts',(18.6387794686066,4.96854131473807,20.8390873512791));
#5601=CARTESIAN_POINT('Ctrl Pts',(15.1329141733432,11.9586856589069,21.001467966944));
#5602=CARTESIAN_POINT('Ctrl Pts',(9.14563252060634,16.9818054406452,21.163848582609));
#5603=CARTESIAN_POINT('Ctrl Pts',(1.65403064344104,19.2173645754968,21.326229198274));
#5604=CARTESIAN_POINT('Ctrl Pts',(-6.10801309594932,18.2951712360818,21.488609813939));
#5605=CARTESIAN_POINT('Ctrl Pts',(-12.8676365574523,14.3686499299494,21.6509904296039));
#5606=CARTESIAN_POINT('Ctrl Pts',(-17.5131861054733,8.08178419529388,21.8133710452689));
#5607=CARTESIAN_POINT('Ctrl Pts',(-19.2824777594636,0.467556595990092,21.9757516609338));
#5608=CARTESIAN_POINT('Ctrl Pts',(-17.8842775402645,-7.2235251128247,22.1381322765988));
#5609=CARTESIAN_POINT('Ctrl Pts',(-13.5489463720855,-13.7280680105563,22.3005128922638));
#5610=CARTESIAN_POINT('Ctrl Pts',(-6.98746107104263,-17.9778251395204,22.4628935079287));
#5611=CARTESIAN_POINT('Ctrl Pts',(0.720398736364098,-19.2745294762197,22.6252741235937));
#5612=CARTESIAN_POINT('Ctrl Pts',(8.31251293046953,-17.4056295297424,22.7876547392587));
#5613=CARTESIAN_POINT('Ctrl Pts',(14.5342470000108,-12.6772617746177,22.9500353549236));
#5614=CARTESIAN_POINT('Ctrl Pts',(18.8056185420695,-5.11102023183031,23.130458261218));
#5615=CARTESIAN_POINT('Ctrl Pts',(19.1705852755826,4.58848186182643,23.3289234581419));
#5616=CARTESIAN_POINT('Ctrl Pts',(14.0229449917663,13.8529153018024,23.5454309456952));
#5617=CARTESIAN_POINT('Ctrl Pts',(5.59389937042367,18.6683493136929,23.743896142619));
#5618=CARTESIAN_POINT('Ctrl Pts',(-3.085184123414,19.0373153505583,23.9243190489134));
#5619=CARTESIAN_POINT('Ctrl Pts',(-10.3901934707941,16.2533409816286,24.0866996645784));
#5620=CARTESIAN_POINT('Ctrl Pts',(-15.9804003118283,10.7926688611925,24.2490802802433));
#5621=CARTESIAN_POINT('Ctrl Pts',(-19.4622873881936,2.3601993757061,24.4385243318525));
#5622=CARTESIAN_POINT('Ctrl Pts',(-18.1859792077869,-8.25890028426577,24.6550318194057));
#5623=CARTESIAN_POINT('Ctrl Pts',(-10.1375395357351,-17.2075866337281,24.8986027429032));
#5624=CARTESIAN_POINT('Ctrl Pts',(1.59869975789413,-19.911656484448,25.1421736664006));
#5625=CARTESIAN_POINT('Ctrl Pts',(10.6688004912959,-16.2107397166001,25.3406388633245));
#5626=CARTESIAN_POINT('Ctrl Pts',(16.7693193314885,-9.5635056020629,25.5300829149336));
#5627=CARTESIAN_POINT('Ctrl Pts',(19.3816887636163,-2.07075506678434,25.6924635305986));
#5628=CARTESIAN_POINT('Ctrl Pts',(18.1442902970766,6.5343599524834,25.872886436893));
#5629=CARTESIAN_POINT('Ctrl Pts',(14.0669219422284,13.199874482685,26.0352670525579));
#5630=CARTESIAN_POINT('Ctrl Pts',(7.67055835913375,17.6931331475505,26.1976476682229));
#5631=CARTESIAN_POINT('Ctrl Pts',(-1.25810665088046,19.5632440403811,26.387091719832));
#5632=CARTESIAN_POINT('Ctrl Pts',(-11.4609593275243,16.3597732322933,26.6035992073854));
#5633=CARTESIAN_POINT('Ctrl Pts',(-18.779174666158,6.79767034446994,26.8471701308828));
#5634=CARTESIAN_POINT('Ctrl Pts',(-19.2759899455682,-5.22517623648587,27.0907410543802));
#5635=CARTESIAN_POINT('Ctrl Pts',(-12.7726592309525,-15.3544548203755,27.3343119778777));
#5636=CARTESIAN_POINT('Ctrl Pts',(-1.63021739035496,-19.9051161251373,27.5778829013751));
#5637=CARTESIAN_POINT('Ctrl Pts',(10.1041336477755,-17.2276786468155,27.8214538248726));
#5638=CARTESIAN_POINT('Ctrl Pts',(18.1689238091714,-8.29288043350282,28.06502474837));
#5639=CARTESIAN_POINT('Ctrl Pts',(19.635005131004,3.65349341667387,28.3085956718675));
#5640=CARTESIAN_POINT('Ctrl Pts',(13.970044416638,14.2730535799456,28.5521665953649));
#5641=CARTESIAN_POINT('Ctrl Pts',(3.23131216422406,19.7089604505595,28.7957375188624));
#5642=CARTESIAN_POINT('Ctrl Pts',(-8.68082716289254,17.9866380591608,29.0393084423598));
#5643=CARTESIAN_POINT('Ctrl Pts',(-17.4405182815582,9.73244435542134,29.2828793658573));
#5644=CARTESIAN_POINT('Ctrl Pts',(-19.865569597698,-2.05754009163196,29.5264502893547));
#5645=CARTESIAN_POINT('Ctrl Pts',(-15.0768138634349,-13.0980689087793,29.7700212128521));
#5646=CARTESIAN_POINT('Ctrl Pts',(-4.81040214570792,-19.3858508039827,30.0135921363496));
#5647=CARTESIAN_POINT('Ctrl Pts',(6.75414978565594,-18.6527392646052,30.2481419145323));
#5648=CARTESIAN_POINT('Ctrl Pts',(15.5967795619383,-12.0491870394307,30.4736705474004));
#5649=CARTESIAN_POINT('Ctrl Pts',(19.5854164719037,-2.23476970094637,30.6901780349536));
#5650=CARTESIAN_POINT('Ctrl Pts',(18.048456640501,7.35230301291907,30.8886432318775));
#5651=CARTESIAN_POINT('Ctrl Pts',(12.8918084227935,14.3434382668601,31.0690661381718));
#5652=CARTESIAN_POINT('Ctrl Pts',(6.1433151266279,18.2847252449811,31.2314467538369));
#5653=CARTESIAN_POINT('Ctrl Pts',(-1.61907263919296,19.2197115258524,31.3938273695018));
#5654=CARTESIAN_POINT('Ctrl Pts',(-9.11356073054088,16.9991458893465,31.5562079851668));
#5655=CARTESIAN_POINT('Ctrl Pts',(-15.1113714577454,11.9864559266065,31.7185886008317));
#5656=CARTESIAN_POINT('Ctrl Pts',(-18.6283367483225,5.00362967682979,31.8809692164968));
#5657=CARTESIAN_POINT('Ctrl Pts',(-19.0822386294039,-2.7978866592243,32.0433498321616));
#5658=CARTESIAN_POINT('Ctrl Pts',(-16.111660503663,-10.9628284553912,32.2237727384561));
#5659=CARTESIAN_POINT('Ctrl Pts',(-8.98051707856997,-17.5477822547076,32.4222379353799));
#5660=CARTESIAN_POINT('Ctrl Pts',(1.40531213529048,-19.6611342038469,32.6387454229332));
#5661=CARTESIAN_POINT('Ctrl Pts',(10.5443181297852,-16.3898879032303,32.837210619857));
#5662=CARTESIAN_POINT('Ctrl Pts',(16.4693964714266,-10.0347583142334,33.0176335261515));
#5663=CARTESIAN_POINT('Ctrl Pts',(19.1023285535864,-2.6772925793498,33.1800141418164));
#5664=CARTESIAN_POINT('Ctrl Pts',(18.5944932111855,5.12503666863376,33.3423947574814));
#5665=CARTESIAN_POINT('Ctrl Pts',(15.0340531754646,12.0832391426777,33.5047753731464));
#5666=CARTESIAN_POINT('Ctrl Pts',(9.00371484647978,17.0576972907347,33.6671559888113));
#5667=CARTESIAN_POINT('Ctrl Pts',(1.49430758380092,19.2302349171895,33.8295366044763));
#5668=CARTESIAN_POINT('Ctrl Pts',(-6.25964518213516,18.2435278262391,33.9919172201412));
#5669=CARTESIAN_POINT('Ctrl Pts',(-13.2678328205033,14.096101965038,34.1610636947923));
#5670=CARTESIAN_POINT('Ctrl Pts',(-18.0953110297262,7.08191438290212,34.3369760284293));
#5671=CARTESIAN_POINT('Ctrl Pts',(-19.3590878374855,-1.67117033213413,34.5196542210524));
#5672=CARTESIAN_POINT('Ctrl Pts',(-16.6140934949034,-10.0769782978347,34.7023324136755));
#5673=CARTESIAN_POINT('Ctrl Pts',(-10.4276774543203,-16.3962839890454,34.8850106062986));
#5674=CARTESIAN_POINT('Ctrl Pts',(-2.08174151852551,-19.3193763638078,35.0676887989216));
#5675=CARTESIAN_POINT('Ctrl Pts',(6.69545929925663,-18.241297799902,35.2503669915447));
#5676=CARTESIAN_POINT('Ctrl Pts',(14.0858777886053,-13.3850985402344,35.4330451841678));
#5677=CARTESIAN_POINT('Ctrl Pts',(18.5589321949781,-5.75669010177739,35.615723376791));
#5678=CARTESIAN_POINT('Ctrl Pts',(19.1881448324762,3.06403461897563,35.7984015694139));
#5679=CARTESIAN_POINT('Ctrl Pts',(15.843218383407,11.2501418456419,35.9810797620371));
#5680=CARTESIAN_POINT('Ctrl Pts',(9.21692497035606,17.1061851515716,36.1637579546601));
#5681=CARTESIAN_POINT('Ctrl Pts',(0.681673041575835,19.4192834629331,36.3464361472833));
#5682=CARTESIAN_POINT('Ctrl Pts',(-7.9947643945293,17.7103645371142,36.5291143399063));
#5683=CARTESIAN_POINT('Ctrl Pts',(-15.0153682275911,12.3333683428079,36.7117925325294));
#5684=CARTESIAN_POINT('Ctrl Pts',(-18.9260691030087,4.40195084039312,36.8944707251525));
#5685=CARTESIAN_POINT('Ctrl Pts',(-18.9169030747767,-4.44117543471931,37.0771489177756));
#5686=CARTESIAN_POINT('Ctrl Pts',(-14.989768713316,-12.3644691221774,37.2598271103987));
#5687=CARTESIAN_POINT('Ctrl Pts',(-7.95803320891411,-17.7268994705382,37.4425053030217));
#5688=CARTESIAN_POINT('Ctrl Pts',(0.721927940232572,-19.4178292298566,37.6251834956449));
#5689=CARTESIAN_POINT('Ctrl Pts',(9.25236694026484,-17.0870403371156,37.8078616882679));
#5690=CARTESIAN_POINT('Ctrl Pts',(15.8665054477481,-11.217276722146,37.990539880891));
#5691=CARTESIAN_POINT('Ctrl Pts',(19.1944566592716,-3.02424611379087,38.1732180735141));
#5692=CARTESIAN_POINT('Ctrl Pts',(18.5469561536017,5.79514192818043,38.3558962661372));
#5693=CARTESIAN_POINT('Ctrl Pts',(14.0581046972181,13.4142871873443,38.5385744587603));
#5694=CARTESIAN_POINT('Ctrl Pts',(6.65762117043489,18.2551051709021,38.7212526513834));
#5695=CARTESIAN_POINT('Ctrl Pts',(-2.12176862305704,19.3150839223252,38.9039308440065));
#5696=CARTESIAN_POINT('Ctrl Pts',(-10.461679515414,16.3745066102901,39.0866090366295));
#5697=CARTESIAN_POINT('Ctrl Pts',(-16.6348802063858,10.0427589399832,39.2692872292526));
#5698=CARTESIAN_POINT('Ctrl Pts',(-19.3626418037084,1.63056034004894,39.4519654218757));
#5699=CARTESIAN_POINT('Ctrl Pts',(-18.080332342787,-7.11847342442046,39.6346436144988));
#5700=CARTESIAN_POINT('Ctrl Pts',(-13.0528957291112,-14.3949488461103,39.8173218071218));
#5701=CARTESIAN_POINT('Ctrl Pts',(-7.89955676663018,-17.2555055882738,39.9391072688706));
#5702=CARTESIAN_POINT('Ctrl Pts',(-5.13842358190024,-18.0418905744076,39.999999999745));
#5703=CARTESIAN_POINT('Ctrl Pts',(-5.13842358193691,-18.0418905743972,39.9999999997442));
#5704=CARTESIAN_POINT('Ctrl Pts',(-5.52459523353255,-17.9470854824525,39.999999999722));
#5705=CARTESIAN_POINT('Ctrl Pts',(-5.90775317115656,-17.8397865668084,39.9999999997011));
#5706=CARTESIAN_POINT('Ctrl Pts',(-6.28737862227296,-17.7202929899231,39.9999999996822));
#5707=CARTESIAN_POINT('Ctrl Pts',(-6.66725152173729,-17.6007215244556,39.9999999996634));
#5708=CARTESIAN_POINT('Ctrl Pts',(-7.04358783721605,-17.468939282332,39.9999999996466));
#5709=CARTESIAN_POINT('Ctrl Pts',(-7.41585101284955,-17.3251965985584,39.9999999996336));
#5710=CARTESIAN_POINT('Ctrl Pts',(-7.6611113250988,-17.2304937705231,39.999999999625));
#5711=CARTESIAN_POINT('Ctrl Pts',(-7.90460327498644,-17.1305983324714,39.999999999618));
#5712=CARTESIAN_POINT('Ctrl Pts',(-8.14616780592241,-17.0255708411033,39.9999999996132));
#5713=CARTESIAN_POINT('Ctrl Pts',(-8.17952762677642,-17.0110666492702,39.9999999996126));
#5714=CARTESIAN_POINT('Ctrl Pts',(-8.21285105219542,-16.9964643779135,39.999999999612));
#5715=CARTESIAN_POINT('Ctrl Pts',(-8.24612458578514,-16.9817700277171,39.9999999996113));
#5716=CARTESIAN_POINT('Ctrl Pts',(-8.61105758407833,-16.8206073047778,39.9999999996037));
#5717=CARTESIAN_POINT('Ctrl Pts',(-8.97038982325567,-16.648199589381,39.9999999995887));
#5718=CARTESIAN_POINT('Ctrl Pts',(-9.32363387581109,-16.464932458877,39.9999999995675));
#5719=CARTESIAN_POINT('Ctrl Pts',(-9.68118683552546,-16.279429817131,39.999999999546));
#5720=CARTESIAN_POINT('Ctrl Pts',(-10.0325026876739,-16.0828010771254,39.9999999995183));
#5721=CARTESIAN_POINT('Ctrl Pts',(-10.3770663200083,-15.8753936949775,39.9999999994864));
#5722=CARTESIAN_POINT('Ctrl Pts',(-10.7223062170514,-15.6675792405802,39.9999999994544));
#5723=CARTESIAN_POINT('Ctrl Pts',(-11.0607678774402,-15.4489435664675,39.9999999994182));
#5724=CARTESIAN_POINT('Ctrl Pts',(-11.391915809392,-15.2197867757436,39.9999999993805));
#5725=CARTESIAN_POINT('Ctrl Pts',(-11.721553994928,-14.9916747405809,39.999999999343));
#5726=CARTESIAN_POINT('Ctrl Pts',(-12.0439454763671,-14.7531370371365,39.9999999993041));
#5727=CARTESIAN_POINT('Ctrl Pts',(-12.3585374260209,-14.5044245474804,39.9999999992671));
#5728=CARTESIAN_POINT('Ctrl Pts',(-12.5126264792268,-14.3826036550711,39.999999999249));
#5729=CARTESIAN_POINT('Ctrl Pts',(-12.6648439260138,-14.2583410671234,39.9999999992313));
#5730=CARTESIAN_POINT('Ctrl Pts',(-12.8151220893501,-14.1316625781126,39.9999999992146));
#5731=CARTESIAN_POINT('Ctrl Pts',(-13.0963391553663,-13.8946078243408,39.9999999991833));
#5732=CARTESIAN_POINT('Ctrl Pts',(-13.3707668184576,-13.6490945194178,39.9999999991552));
#5733=CARTESIAN_POINT('Ctrl Pts',(-13.6381295081344,-13.3954861212682,39.9999999991336));
#5734=CARTESIAN_POINT('Ctrl Pts',(-13.7551006848681,-13.2845324470777,39.9999999991242));
#5735=CARTESIAN_POINT('Ctrl Pts',(-13.8707192441023,-13.1720289938757,39.9999999991161));
#5736=CARTESIAN_POINT('Ctrl Pts',(-13.9849604578699,-13.0580047583019,39.9999999991094));
#5737=CARTESIAN_POINT('Ctrl Pts',(-14.0446328734953,-12.9984456784205,39.999999999106));
#5738=CARTESIAN_POINT('Ctrl Pts',(-14.1039294824188,-12.9384716607348,39.9999999991029));
#5739=CARTESIAN_POINT('Ctrl Pts',(-14.1628466439707,-12.8780867513118,39.9999999991004));
#5740=CARTESIAN_POINT('Ctrl Pts',(-14.2024747768453,-12.8374714000083,39.9999999990986));
#5741=CARTESIAN_POINT('Ctrl Pts',(-14.2419359613898,-12.7966651699423,39.9999999990971));
#5742=CARTESIAN_POINT('Ctrl Pts',(-14.2812036733233,-12.7556959827721,39.9999999990959));
#5743=CARTESIAN_POINT('Ctrl Pts',(-14.559002548517,-12.465860044972,39.9999999990879));
#5744=CARTESIAN_POINT('Ctrl Pts',(-14.8273084582367,-12.1676839822875,39.9999999990992));
#5745=CARTESIAN_POINT('Ctrl Pts',(-15.0858630796807,-11.8617460540871,39.9999999991228));
#5746=CARTESIAN_POINT('Ctrl Pts',(-15.347178360728,-11.5525415415387,39.9999999991465));
#5747=CARTESIAN_POINT('Ctrl Pts',(-15.5985333828112,-11.2354081763274,39.9999999991828));
#5748=CARTESIAN_POINT('Ctrl Pts',(-15.8396324252711,-10.9108983018019,39.9999999992248));
#5749=CARTESIAN_POINT('Ctrl Pts',(-16.0825236111714,-10.5839762723502,39.9999999992672));
#5750=CARTESIAN_POINT('Ctrl Pts',(-16.3150061664642,-10.2495672707121,39.9999999993154));
#5751=CARTESIAN_POINT('Ctrl Pts',(-16.5367426728603,-9.90819665645966,39.9999999993632));
#5752=CARTESIAN_POINT('Ctrl Pts',(-16.7582116034129,-9.56723798398243,39.999999999411));
#5753=CARTESIAN_POINT('Ctrl Pts',(-16.9689607483712,-9.21933404345862,39.9999999994585));
#5754=CARTESIAN_POINT('Ctrl Pts',(-17.1686136633827,-8.86497553715664,39.9999999995));
#5755=CARTESIAN_POINT('Ctrl Pts',(-17.3663744622865,-8.51397529605996,39.9999999995411));
#5756=CARTESIAN_POINT('Ctrl Pts',(-17.5532486319059,-8.15664178526067,39.9999999995765));
#5757=CARTESIAN_POINT('Ctrl Pts',(-17.7288262754886,-7.79342657202778,39.9999999996011));
#5758=CARTESIAN_POINT('Ctrl Pts',(-17.838710730865,-7.5661100123786,39.9999999996166));
#5759=CARTESIAN_POINT('Ctrl Pts',(-17.9441696469379,-7.33648921574537,39.9999999996279));
#5760=CARTESIAN_POINT('Ctrl Pts',(-18.0450928795557,-7.10467096953132,39.9999999996339));
#5761=CARTESIAN_POINT('Ctrl Pts',(-18.0878113148818,-7.00654774753928,39.9999999996365));
#5762=CARTESIAN_POINT('Ctrl Pts',(-18.1297170264386,-6.90803079118163,39.9999999996381));
#5763=CARTESIAN_POINT('Ctrl Pts',(-18.1708075149845,-6.80913046342226,39.9999999996387));
#5764=CARTESIAN_POINT('Ctrl Pts',(-18.192574353796,-6.75674005462137,39.999999999639));
#5765=CARTESIAN_POINT('Ctrl Pts',(-18.2141124262198,-6.70424206568482,39.9999999996391));
#5766=CARTESIAN_POINT('Ctrl Pts',(-18.2354213332796,-6.65163803049081,39.9999999996388));
#5767=CARTESIAN_POINT('Ctrl Pts',(-18.2506937588964,-6.61393589905857,39.9999999996386));
#5768=CARTESIAN_POINT('Ctrl Pts',(-18.2658493933272,-6.57617695893684,39.9999999996383));
#5769=CARTESIAN_POINT('Ctrl Pts',(-18.2808850914007,-6.53836930742037,39.9999999996378));
#5770=CARTESIAN_POINT('Ctrl Pts',(-18.4301833871857,-6.16295488293255,39.9999999996332));
#5771=CARTESIAN_POINT('Ctrl Pts',(-18.5674099743512,-5.78337323529132,39.9999999996237));
#5772=CARTESIAN_POINT('Ctrl Pts',(-18.6926026827048,-5.40025968375936,39.9999999996103));
#5773=CARTESIAN_POINT('Ctrl Pts',(-18.8192632819145,-5.01265410640099,39.9999999995968));
#5774=CARTESIAN_POINT('Ctrl Pts',(-18.9336063355704,-4.62143286046442,39.9999999995792));
#5775=CARTESIAN_POINT('Ctrl Pts',(-19.0356266155058,-4.22722340772429,39.9999999995591));
#5776=CARTESIAN_POINT('Ctrl Pts',(-19.1384388490045,-3.82995382242037,39.9999999995388));
#5777=CARTESIAN_POINT('Ctrl Pts',(-19.2287364196173,-3.42964895409311,39.9999999995159));
#5778=CARTESIAN_POINT('Ctrl Pts',(-19.3064665106869,-3.02692752415849,39.9999999994925));
#5779=CARTESIAN_POINT('Ctrl Pts',(-19.3843627427567,-2.62334531379442,39.9999999994691));
#5780=CARTESIAN_POINT('Ctrl Pts',(-19.4496378503387,-2.21733566393512,39.9999999994453));
#5781=CARTESIAN_POINT('Ctrl Pts',(-19.5021889553175,-1.80950566148942,39.9999999994237));
#5782=CARTESIAN_POINT('Ctrl Pts',(-19.5545163126572,-1.40341208304944,39.9999999994021));
#5783=CARTESIAN_POINT('Ctrl Pts',(-19.594227876587,-0.995513076853581,39.9999999993829));
#5784=CARTESIAN_POINT('Ctrl Pts',(-19.6211712231597,-0.586400646851603,
39.999999999369));
#5785=CARTESIAN_POINT('Ctrl Pts',(-19.6456908679654,-0.214090123280661,
39.9999999993564));
#5786=CARTESIAN_POINT('Ctrl Pts',(-19.6596355900705,0.159225718646588,39.9999999993484));
#5787=CARTESIAN_POINT('Ctrl Pts',(-19.6628526227074,0.533100333011054,39.9999999993476));
#5788=CARTESIAN_POINT('Ctrl Pts',(-19.6638393731984,0.647777739476697,39.9999999993474));
#5789=CARTESIAN_POINT('Ctrl Pts',(-19.6638165860341,0.762507692854574,39.9999999993479));
#5790=CARTESIAN_POINT('Ctrl Pts',(-19.6627791521285,0.877277221720123,39.9999999993491));
#5791=CARTESIAN_POINT('Ctrl Pts',(-19.6624393497546,0.914868973975532,39.9999999993496));
#5792=CARTESIAN_POINT('Ctrl Pts',(-19.6619907771602,0.95245512315713,39.99999999935));
#5793=CARTESIAN_POINT('Ctrl Pts',(-19.6614334390337,0.990034204539285,39.9999999993503));
#5794=CARTESIAN_POINT('Ctrl Pts',(-19.6581448129457,1.21177311222849,39.9999999993523));
#5795=CARTESIAN_POINT('Ctrl Pts',(-19.6510695155051,1.43327731163358,39.999999999353));
#5796=CARTESIAN_POINT('Ctrl Pts',(-19.6402043414295,1.65445174524112,39.9999999993525));
#5797=CARTESIAN_POINT('Ctrl Pts',(-19.6201303596099,2.06308316967235,39.9999999993517));
#5798=CARTESIAN_POINT('Ctrl Pts',(-19.5871230794762,2.47058845811489,39.9999999993467));
#5799=CARTESIAN_POINT('Ctrl Pts',(-19.5414852349455,2.87640663211999,39.9999999993387));
#5800=CARTESIAN_POINT('Ctrl Pts',(-19.4953686074983,3.2864822115938,39.9999999993306));
#5801=CARTESIAN_POINT('Ctrl Pts',(-19.4363549682874,3.69483559005159,39.9999999993194));
#5802=CARTESIAN_POINT('Ctrl Pts',(-19.3647032057352,4.10089429539979,39.9999999993067));
#5803=CARTESIAN_POINT('Ctrl Pts',(-19.2926029354615,4.50949474512693,39.999999999294));
#5804=CARTESIAN_POINT('Ctrl Pts',(-19.2077057488151,4.91577223456186,39.9999999992798));
#5805=CARTESIAN_POINT('Ctrl Pts',(-19.11022256299,5.31914208299119,39.9999999992663));
#5806=CARTESIAN_POINT('Ctrl Pts',(-19.0126212057436,5.72300090588194,39.9999999992529));
#5807=CARTESIAN_POINT('Ctrl Pts',(-18.9024031977288,6.12394557560827,39.9999999992401));
#5808=CARTESIAN_POINT('Ctrl Pts',(-18.7797289612945,6.52137983166734,39.9999999992309));
#5809=CARTESIAN_POINT('Ctrl Pts',(-18.6773505935083,6.85306048133193,39.9999999992232));
#5810=CARTESIAN_POINT('Ctrl Pts',(-18.5662957530647,7.18229618360408,39.999999999218));
#5811=CARTESIAN_POINT('Ctrl Pts',(-18.4466312986694,7.50873118660484,39.9999999992171));
#5812=CARTESIAN_POINT('Ctrl Pts',(-18.3568829578729,7.75355743885541,39.9999999992164));
#5813=CARTESIAN_POINT('Ctrl Pts',(-18.2622912136341,7.99680814385608,39.9999999992182));
#5814=CARTESIAN_POINT('Ctrl Pts',(-18.16287567713,8.23832891990349,39.9999999992232));
#5815=CARTESIAN_POINT('Ctrl Pts',(-18.1462199126679,8.2787925466161,39.9999999992241));
#5816=CARTESIAN_POINT('Ctrl Pts',(-18.129428734668,8.31920760702669,39.999999999225));
#5817=CARTESIAN_POINT('Ctrl Pts',(-18.1125022155239,8.35957336315339,39.9999999992261));
#5818=CARTESIAN_POINT('Ctrl Pts',(-18.0994184860899,8.3907749721234,39.9999999992269));
#5819=CARTESIAN_POINT('Ctrl Pts',(-18.0862545621974,8.42194548392923,39.9999999992278));
#5820=CARTESIAN_POINT('Ctrl Pts',(-18.0730141527658,8.4530760978657,39.9999999992288));
#5821=CARTESIAN_POINT('Ctrl Pts',(-17.908436038852,8.84002921688354,39.9999999992411));
#5822=CARTESIAN_POINT('Ctrl Pts',(-17.7318908535486,9.22118664560665,39.9999999992693));
#5823=CARTESIAN_POINT('Ctrl Pts',(-17.5436428327253,9.59597028112036,39.9999999993072));
#5824=CARTESIAN_POINT('Ctrl Pts',(-17.4157901521638,9.85051262489335,39.999999999333));
#5825=CARTESIAN_POINT('Ctrl Pts',(-17.2825381526593,10.102114886357,39.9999999993633));
#5826=CARTESIAN_POINT('Ctrl Pts',(-17.1439560838705,10.3505938595466,39.9999999993963));
#5827=CARTESIAN_POINT('Ctrl Pts',(-16.9413123439481,10.7139360210488,39.9999999994446));
#5828=CARTESIAN_POINT('Ctrl Pts',(-16.7272740147084,11.0706009947995,39.9999999994987));
#5829=CARTESIAN_POINT('Ctrl Pts',(-16.502333049416,11.4201952505119,39.9999999995535));
#5830=CARTESIAN_POINT('Ctrl Pts',(-16.2758214517705,11.7722305202381,39.9999999996086));
#5831=CARTESIAN_POINT('Ctrl Pts',(-16.0382541391656,12.1170964200219,39.9999999996645));
#5832=CARTESIAN_POINT('Ctrl Pts',(-15.7900852580038,12.4543684509981,39.9999999997164));
#5833=CARTESIAN_POINT('Ctrl Pts',(-15.5413870003027,12.7923599271347,39.9999999997683));
#5834=CARTESIAN_POINT('Ctrl Pts',(-15.2820415612363,13.1227255347995,39.9999999998162));
#5835=CARTESIAN_POINT('Ctrl Pts',(-15.0124625763271,13.4450088674801,39.9999999998558));
#5836=CARTESIAN_POINT('Ctrl Pts',(-14.743723285998,13.7662883401312,39.9999999998953));
#5837=CARTESIAN_POINT('Ctrl Pts',(-14.4648137367981,14.0795362190933,39.9999999999265));
#5838=CARTESIAN_POINT('Ctrl Pts',(-14.1761059074679,14.384265111904,39.9999999999456));
#5839=CARTESIAN_POINT('Ctrl Pts',(-14.0483332199049,14.5191282006635,39.9999999999541));
#5840=CARTESIAN_POINT('Ctrl Pts',(-13.9186409186897,14.6523222097212,39.9999999999602));
#5841=CARTESIAN_POINT('Ctrl Pts',(-13.7870591572988,14.7838023536041,39.9999999999637));
#5842=CARTESIAN_POINT('Ctrl Pts',(-13.7602535397666,14.8105872697866,39.9999999999644));
#5843=CARTESIAN_POINT('Ctrl Pts',(-13.7333692981336,14.8373012206276,39.999999999965));
#5844=CARTESIAN_POINT('Ctrl Pts',(-13.7064169050507,14.8639338224942,39.9999999999655));
#5845=CARTESIAN_POINT('Ctrl Pts',(-13.4053515249143,15.1614270499178,39.9999999999707));
#5846=CARTESIAN_POINT('Ctrl Pts',(-13.095466740628,15.4490925167155,39.9999999999597));
#5847=CARTESIAN_POINT('Ctrl Pts',(-12.7772659987095,15.726538836739,39.9999999999384));
#5848=CARTESIAN_POINT('Ctrl Pts',(-12.4571834620675,16.0056259355298,39.999999999917));
#5849=CARTESIAN_POINT('Ctrl Pts',(-12.1286859887977,16.2743731009653,39.9999999998852));
#5850=CARTESIAN_POINT('Ctrl Pts',(-11.7922412846031,16.5323540441234,39.9999999998492));
#5851=CARTESIAN_POINT('Ctrl Pts',(-11.5173472054661,16.7431388563681,39.9999999998199));
#5852=CARTESIAN_POINT('Ctrl Pts',(-11.2371467960052,16.9467359360003,39.9999999997879));
#5853=CARTESIAN_POINT('Ctrl Pts',(-10.9518755538511,17.1428959572253,39.9999999997569));
#5854=CARTESIAN_POINT('Ctrl Pts',(-10.860201379702,17.2059335344135,39.9999999997469));
#5855=CARTESIAN_POINT('Ctrl Pts',(-10.7680034097008,17.2682029529423,39.9999999997371));
#5856=CARTESIAN_POINT('Ctrl Pts',(-10.6752928037496,17.3297013387802,39.9999999997275));
#5857=CARTESIAN_POINT('Ctrl Pts',(-18.7582080257911,4.34011633695332E-6,
36.9853974073596));
#5858=CARTESIAN_POINT('Ctrl Pts',(-18.7581944058819,-1.44217614269946,37.0159812442499));
#5859=CARTESIAN_POINT('Ctrl Pts',(-18.5934144843689,-2.88435969391326,37.0465650811403));
#5860=CARTESIAN_POINT('Ctrl Pts',(-18.2639083530021,-4.28787000354439,37.0771489180306));
#5861=CARTESIAN_POINT('Ctrl Pts',(-17.6078582880379,-7.08227333070524,37.138041648905));
#5862=CARTESIAN_POINT('Ctrl Pts',(-16.2988135008535,-9.72337122658683,37.1989343797794));
#5863=CARTESIAN_POINT('Ctrl Pts',(-14.4723351898334,-11.9376585659421,37.2598271106537));
#5864=CARTESIAN_POINT('Ctrl Pts',(-12.6458568788133,-14.1519459052974,37.3207198415281));
#5865=CARTESIAN_POINT('Ctrl Pts',(-10.3019450439575,-15.9394226881265,37.3816125724024));
#5866=CARTESIAN_POINT('Ctrl Pts',(-7.68332893497108,-17.1149827061008,37.4425053032768));
#5867=CARTESIAN_POINT('Ctrl Pts',(-5.06471282598467,-18.290542724075,37.5033980341511));
#5868=CARTESIAN_POINT('Ctrl Pts',(-2.17139244286788,-18.8541859771944,37.5642907650255));
#5869=CARTESIAN_POINT('Ctrl Pts',(0.697007582062807,-18.7475427882882,37.6251834958999));
#5870=CARTESIAN_POINT('Ctrl Pts',(3.56540760699359,-18.6408995993819,37.6860762267742));
#5871=CARTESIAN_POINT('Ctrl Pts',(6.4088872737381,-17.86396996845,37.7469689576486));
#5872=CARTESIAN_POINT('Ctrl Pts',(8.9329835250502,-16.4972112171327,37.807861688523));
#5873=CARTESIAN_POINT('Ctrl Pts',(11.4570797763622,-15.1304524658154,37.8687544193973));
#5874=CARTESIAN_POINT('Ctrl Pts',(13.6617926122419,-13.1738645941129,37.9296471502717));
#5875=CARTESIAN_POINT('Ctrl Pts',(15.3188075654487,-10.8300655568369,37.9905398811461));
#5876=CARTESIAN_POINT('Ctrl Pts',(16.9758225186556,-8.48626651956098,38.0514326120204));
#5877=CARTESIAN_POINT('Ctrl Pts',(18.0851395891896,-5.75525631671159,38.1123253428948));
#5878=CARTESIAN_POINT('Ctrl Pts',(18.5318813735091,-2.91985320825711,38.1732180737691));
#5879=CARTESIAN_POINT('Ctrl Pts',(18.9786231578285,-0.0844500998026276,
38.2341108046435));
#5880=CARTESIAN_POINT('Ctrl Pts',(18.7627896559335,2.85534591425707,38.2950035355179));
#5881=CARTESIAN_POINT('Ctrl Pts',(17.9067309955712,5.59510146451078,38.3558962663922));
#5882=CARTESIAN_POINT('Ctrl Pts',(17.0506723352087,8.33485701476458,38.4167889972666));
#5883=CARTESIAN_POINT('Ctrl Pts',(15.5543885163791,10.8745721012122,38.477681728141));
#5884=CARTESIAN_POINT('Ctrl Pts',(13.5728326858046,12.9512326417148,38.5385744590153));
#5885=CARTESIAN_POINT('Ctrl Pts',(11.5912768552302,15.0278931822173,38.5994671898897));
#5886=CARTESIAN_POINT('Ctrl Pts',(9.12444901291097,16.6414991767746,38.660359920764));
#5887=CARTESIAN_POINT('Ctrl Pts',(6.4278034594683,17.6249652992946,38.7212526516384));
#5888=CARTESIAN_POINT('Ctrl Pts',(3.73115790602563,18.6084314218146,38.7821453825128));
#5889=CARTESIAN_POINT('Ctrl Pts',(0.804694641459378,18.9617576722973,38.8430381133871));
#5890=CARTESIAN_POINT('Ctrl Pts',(-2.04852213958261,18.6483245788546,38.9039308442615));
#5891=CARTESIAN_POINT('Ctrl Pts',(-4.9017389206247,18.3348914854119,38.9648235751358));
#5892=CARTESIAN_POINT('Ctrl Pts',(-7.68170921814236,17.3546990480439,39.0257163060102));
#5893=CARTESIAN_POINT('Ctrl Pts',(-10.1005611487542,15.8093115509505,39.0866090368846));
#5894=CARTESIAN_POINT('Ctrl Pts',(-12.5194130793659,14.2639240538572,39.1475017677589));
#5895=CARTESIAN_POINT('Ctrl Pts',(-14.5771466430716,12.1533414970386,39.2083944986333));
#5896=CARTESIAN_POINT('Ctrl Pts',(-16.0606403578222,9.69601711860732,39.2692872295076));
#5897=CARTESIAN_POINT('Ctrl Pts',(-17.544134072573,7.23869274017591,39.330179960382));
#5898=CARTESIAN_POINT('Ctrl Pts',(-18.4533879383687,4.43462654013169,39.3910726912564));
#5899=CARTESIAN_POINT('Ctrl Pts',(-18.6942966277746,1.57442114599699,39.4519654221307));
#5900=CARTESIAN_POINT('Ctrl Pts',(-18.7383853918081,1.05097418764813,39.4631094171834));
#5901=CARTESIAN_POINT('Ctrl Pts',(-18.7600894322338,0.525646972827443,39.474253412236));
#5902=CARTESIAN_POINT('Ctrl Pts',(-18.7596794121576,0.000287953438618901,
39.4853974072886));
#5903=CARTESIAN_POINT('Ctrl Pts',(-5.1388000066039,-18.0429140950628,-2.55843235485997E-10));
#5904=CARTESIAN_POINT('Ctrl Pts',(-5.23845742675502,-18.0184773805947,-2.61560136031844E-10));
#5905=CARTESIAN_POINT('Ctrl Pts',(-5.33791538545211,-17.9932097488208,-2.67194129267939E-10));
#5906=CARTESIAN_POINT('Ctrl Pts',(-5.43716327863631,-17.967110901662,-2.7273261427041E-10));
#5907=CARTESIAN_POINT('Ctrl Pts',(-5.82179434849942,-17.8659659082239,-2.94196775203588E-10));
#5908=CARTESIAN_POINT('Ctrl Pts',(-6.20327153053963,-17.7523406785714,-3.14292982047969E-10));
#5909=CARTESIAN_POINT('Ctrl Pts',(-6.58107625083802,-17.6265377128622,-3.31933813768615E-10));
#5910=CARTESIAN_POINT('Ctrl Pts',(-6.87751439143926,-17.527828524667,-3.45775396663073E-10));
#5911=CARTESIAN_POINT('Ctrl Pts',(-7.17169144563352,-17.4216210590309,-3.58092149721976E-10));
#5912=CARTESIAN_POINT('Ctrl Pts',(-7.46334906483653,-17.3080403948717,-3.6807545900075E-10));
#5913=CARTESIAN_POINT('Ctrl Pts',(-7.59094927323784,-17.2583488543021,-3.72443156810213E-10));
#5914=CARTESIAN_POINT('Ctrl Pts',(-7.71806714114227,-17.20724580592,-3.76359969837037E-10));
#5915=CARTESIAN_POINT('Ctrl Pts',(-7.84468049426533,-17.1547406655852,-3.79743680944955E-10));
#5916=CARTESIAN_POINT('Ctrl Pts',(-7.94443384109398,-17.1133740692119,-3.82409564908932E-10));
#5917=CARTESIAN_POINT('Ctrl Pts',(-8.0438740190602,-17.0711371532435,-3.84742506087575E-10));
#5918=CARTESIAN_POINT('Ctrl Pts',(-8.14299001902548,-17.0280342500741,-3.86701337617978E-10));
#5919=CARTESIAN_POINT('Ctrl Pts',(-8.17711170733623,-17.01319563847,-3.87375685240533E-10));
#5920=CARTESIAN_POINT('Ctrl Pts',(-8.21119578701922,-16.9982540059612,-3.87988704941813E-10));
#5921=CARTESIAN_POINT('Ctrl Pts',(-8.2452277454801,-16.9832158170379,-3.88694298969483E-10));
#5922=CARTESIAN_POINT('Ctrl Pts',(-8.6096523657474,-16.8221822904434,-3.96250015631869E-10));
#5923=CARTESIAN_POINT('Ctrl Pts',(-8.96849552817086,-16.6499105302438,-4.11255763350064E-10));
#5924=CARTESIAN_POINT('Ctrl Pts',(-9.32127578497912,-16.4668008856269,-4.3238324032302E-10));
#5925=CARTESIAN_POINT('Ctrl Pts',(-9.67870046114046,-16.2812805676211,-4.53788864559156E-10));
#5926=CARTESIAN_POINT('Ctrl Pts',(-10.0299020529297,-16.084634980657,-4.81476112081153E-10));
#5927=CARTESIAN_POINT('Ctrl Pts',(-10.3743702117292,-15.8772278802814,-5.13370457255746E-10));
#5928=CARTESIAN_POINT('Ctrl Pts',(-10.7196242183271,-15.6693476145085,-5.45337564165481E-10));
#5929=CARTESIAN_POINT('Ctrl Pts',(-11.0581145460155,-15.4506564432715,-5.81530562531635E-10));
#5930=CARTESIAN_POINT('Ctrl Pts',(-11.3893100341254,-15.2214710835948,-6.19188034178819E-10));
#5931=CARTESIAN_POINT('Ctrl Pts',(-11.718959277348,-14.9933557164252,-6.56669695239521E-10));
#5932=CARTESIAN_POINT('Ctrl Pts',(-12.041382120794,-14.7548436408567,-6.95601030385115E-10));
#5933=CARTESIAN_POINT('Ctrl Pts',(-12.3560302632219,-14.5062020715125,-7.32608085307618E-10));
#5934=CARTESIAN_POINT('Ctrl Pts',(-12.592797881449,-14.3191033277805,-7.60455293252309E-10));
#5935=CARTESIAN_POINT('Ctrl Pts',(-12.8251627654527,-14.1262679994734,-7.87198067226707E-10));
#5936=CARTESIAN_POINT('Ctrl Pts',(-13.0528795381818,-13.927794393623,-8.11167577552396E-10));
#5937=CARTESIAN_POINT('Ctrl Pts',(-13.3304283689185,-13.6858881142757,-8.40382417626468E-10));
#5938=CARTESIAN_POINT('Ctrl Pts',(-13.6010730158194,-13.4356063318288,-8.65489255352815E-10));
#5939=CARTESIAN_POINT('Ctrl Pts',(-13.8645386100546,-13.1773100314914,-8.83053630218456E-10));
#5940=CARTESIAN_POINT('Ctrl Pts',(-13.9368682401699,-13.1063995358808,-8.87875606085651E-10));
#5941=CARTESIAN_POINT('Ctrl Pts',(-14.008656642343,-13.0348848663779,-8.921251162369E-10));
#5942=CARTESIAN_POINT('Ctrl Pts',(-14.0798977559085,-12.9627731886574,-8.95728935468298E-10));
#5943=CARTESIAN_POINT('Ctrl Pts',(-14.1150211684326,-12.9272205691428,-8.97505696431059E-10));
#5944=CARTESIAN_POINT('Ctrl Pts',(-14.1500115487505,-12.8915228327373,-8.99124751871349E-10));
#5945=CARTESIAN_POINT('Ctrl Pts',(-14.1848681553756,-12.8556808274112,-9.00577279416837E-10));
#5946=CARTESIAN_POINT('Ctrl Pts',(-14.2172100765154,-12.8224245979044,-9.01925016212758E-10));
#5947=CARTESIAN_POINT('Ctrl Pts',(-14.2494386184055,-12.7890422409955,-9.03147158027797E-10));
#5948=CARTESIAN_POINT('Ctrl Pts',(-14.28153653692,-12.7555519662836,-9.0407059616382E-10));
#5949=CARTESIAN_POINT('Ctrl Pts',(-14.5591476740818,-12.4658985034755,-9.12057304427291E-10));
#5950=CARTESIAN_POINT('Ctrl Pts',(-14.8272551829157,-12.1679057995265,-9.00761011585664E-10));
#5951=CARTESIAN_POINT('Ctrl Pts',(-15.0856126794497,-11.8621562824298,-8.77264816345757E-10));
#5952=CARTESIAN_POINT('Ctrl Pts',(-15.3467748851197,-11.5530875720625,-8.53513548215239E-10));
#5953=CARTESIAN_POINT('Ctrl Pts',(-15.5979746068405,-11.2360923675326,-8.17299140802502E-10));
#5954=CARTESIAN_POINT('Ctrl Pts',(-15.8389281374743,-10.9117276117062,-7.75302488875695E-10));
#5955=CARTESIAN_POINT('Ctrl Pts',(-16.0817862919448,-10.5847989057101,-7.32973873254022E-10));
#5956=CARTESIAN_POINT('Ctrl Pts',(-16.3142360129546,-10.2503832892811,-6.84771723200191E-10));
#5957=CARTESIAN_POINT('Ctrl Pts',(-16.5359516453137,-9.90901157206772,-6.36915853391429E-10));
#5958=CARTESIAN_POINT('Ctrl Pts',(-16.7574270359465,-9.56800975087726,-5.89111838188721E-10));
#5959=CARTESIAN_POINT('Ctrl Pts',(-16.9681919241546,-9.22006644533927,-5.41649586609042E-10));
#5960=CARTESIAN_POINT('Ctrl Pts',(-17.1678814471863,-8.86567796269433,-5.00107288914364E-10));
#5961=CARTESIAN_POINT('Ctrl Pts',(-17.3655625266726,-8.51485385964071,-4.5898281664385E-10));
#5962=CARTESIAN_POINT('Ctrl Pts',(-17.5523901753229,-8.15771310674755,-4.23659223977183E-10));
#5963=CARTESIAN_POINT('Ctrl Pts',(-17.7279665582664,-7.79471195613174,-3.98968635906272E-10));
#5964=CARTESIAN_POINT('Ctrl Pts',(-17.8842345782051,-7.47163051379182,-3.76993303892479E-10));
#5965=CARTESIAN_POINT('Ctrl Pts',(-18.0315894604462,-7.14390620834805,-3.63432977755805E-10));
#5966=CARTESIAN_POINT('Ctrl Pts',(-18.1697183306028,-6.81184807381073,-3.61320084962813E-10));
#5967=CARTESIAN_POINT('Ctrl Pts',(-18.1933217643259,-6.75510604615294,-3.60959145286975E-10));
#5968=CARTESIAN_POINT('Ctrl Pts',(-18.2166557228006,-6.69823744810906,-3.60929096243876E-10));
#5969=CARTESIAN_POINT('Ctrl Pts',(-18.2397197415587,-6.6412442354854,-3.61249030689237E-10));
#5970=CARTESIAN_POINT('Ctrl Pts',(-18.2537280183815,-6.60662855519866,-3.61443347660741E-10));
#5971=CARTESIAN_POINT('Ctrl Pts',(-18.2676375996592,-6.57196468105974,-3.61785973819843E-10));
#5972=CARTESIAN_POINT('Ctrl Pts',(-18.2814454789963,-6.53726034354108,-3.62213592453031E-10));
#5973=CARTESIAN_POINT('Ctrl Pts',(-18.4306542476599,-6.16224319992127,-3.66834464938805E-10));
#5974=CARTESIAN_POINT('Ctrl Pts',(-18.5677732407584,-5.78305518931795,-3.76277201658935E-10));
#5975=CARTESIAN_POINT('Ctrl Pts',(-18.6928529579263,-5.40033165766497,-3.89661081179327E-10));
#5976=CARTESIAN_POINT('Ctrl Pts',(-18.8194259517262,-5.01303894309991,-4.03204745475266E-10));
#5977=CARTESIAN_POINT('Ctrl Pts',(-18.9336706660237,-4.62212533151381,-4.20784693123335E-10));
#5978=CARTESIAN_POINT('Ctrl Pts',(-19.0355948373686,-4.22821875225066,-4.40906700038823E-10));
#5979=CARTESIAN_POINT('Ctrl Pts',(-19.1383408457461,-3.83113601751853,-4.61190955126025E-10));
#5980=CARTESIAN_POINT('Ctrl Pts',(-19.2285669868076,-3.43101135298567,-4.84059241560494E-10));
#5981=CARTESIAN_POINT('Ctrl Pts',(-19.3062336049717,-3.02846451862944,-5.07392239335047E-10));
#5982=CARTESIAN_POINT('Ctrl Pts',(-19.3854766846137,-2.61774686916064,-5.31198845630563E-10));
#5983=CARTESIAN_POINT('Ctrl Pts',(-19.451645497618,-2.20450720020185,-5.55491388899039E-10));
#5984=CARTESIAN_POINT('Ctrl Pts',(-19.5046449769123,-1.7893871852094,-5.77409009494545E-10));
#5985=CARTESIAN_POINT('Ctrl Pts',(-19.5565066354537,-1.38317918547321,-5.98856091060196E-10));
#5986=CARTESIAN_POINT('Ctrl Pts',(-19.5957582756788,-0.975170128790669,
-6.18025988538797E-10));
#5987=CARTESIAN_POINT('Ctrl Pts',(-19.6222595377954,-0.565953886454801,
-6.31678154228155E-10));
#5988=CARTESIAN_POINT('Ctrl Pts',(-19.6496329380251,-0.143270622061863,
-6.45779603199662E-10));
#5989=CARTESIAN_POINT('Ctrl Pts',(-19.6634033928947,0.280701203818955,-6.53995818091913E-10));
#5990=CARTESIAN_POINT('Ctrl Pts',(-19.6633573323261,0.705306083915691,-6.52152942759443E-10));
#5991=CARTESIAN_POINT('Ctrl Pts',(-19.6633520577121,0.753929601535278,-6.51941906369144E-10));
#5992=CARTESIAN_POINT('Ctrl Pts',(-19.663165532519,0.802561413586927,-6.51597758124173E-10));
#5993=CARTESIAN_POINT('Ctrl Pts',(-19.6627973845659,0.85120052896694,-6.51114773209116E-10));
#5994=CARTESIAN_POINT('Ctrl Pts',(-19.6625165421687,0.88830497474418,-6.50746327207335E-10));
#5995=CARTESIAN_POINT('Ctrl Pts',(-19.6621299979951,0.925411755280255,-6.50319668914157E-10));
#5996=CARTESIAN_POINT('Ctrl Pts',(-19.6616378342768,0.962508889829541,-6.49965026244814E-10));
#5997=CARTESIAN_POINT('Ctrl Pts',(-19.6571412765305,1.30143961860882,-6.46724902719452E-10));
#5998=CARTESIAN_POINT('Ctrl Pts',(-19.6438285176808,1.6398318607249,-6.46532307253431E-10));
#5999=CARTESIAN_POINT('Ctrl Pts',(-19.6216919881412,1.9773463516061,-6.48979758821611E-10));
#6000=CARTESIAN_POINT('Ctrl Pts',(-19.594870662312,2.38628968284637,-6.51945172685463E-10));
#6001=CARTESIAN_POINT('Ctrl Pts',(-19.5550973186402,2.79394454642432,-6.58801289628509E-10));
#6002=CARTESIAN_POINT('Ctrl Pts',(-19.5026754252916,3.19975053549724,-6.68329558362046E-10));
#6003=CARTESIAN_POINT('Ctrl Pts',(-19.4497425357911,3.60951222486315,-6.77950706393662E-10));
#6004=CARTESIAN_POINT('Ctrl Pts',(-19.3839132461649,4.017389324045,-6.90296367339564E-10));
#6005=CARTESIAN_POINT('Ctrl Pts',(-19.3054464398802,4.42280918057742,-7.03574309923738E-10));
#6006=CARTESIAN_POINT('Ctrl Pts',(-19.2265623515178,4.83038503718318,-7.16922863862348E-10));
#6007=CARTESIAN_POINT('Ctrl Pts',(-19.1349058824843,5.23547797989407,-7.31212812422912E-10));
#6008=CARTESIAN_POINT('Ctrl Pts',(-19.0306874356658,5.63750264744155,-7.44081019021792E-10));
#6009=CARTESIAN_POINT('Ctrl Pts',(-18.926453113545,6.03958855427376,-7.56951185798321E-10));
#6010=CARTESIAN_POINT('Ctrl Pts',(-18.8096528515486,6.43860579085333,-7.68398944024972E-10));
#6011=CARTESIAN_POINT('Ctrl Pts',(-18.6804464369979,6.83395715350579,-7.75535469177413E-10));
#6012=CARTESIAN_POINT('Ctrl Pts',(-18.5725374482831,7.16414173357626,-7.81495662522421E-10));
#6013=CARTESIAN_POINT('Ctrl Pts',(-18.4559741822123,7.49176930496072,-7.84439022323741E-10));
#6014=CARTESIAN_POINT('Ctrl Pts',(-18.3308236261703,7.81648164876951,-7.82408582367111E-10));
#6015=CARTESIAN_POINT('Ctrl Pts',(-18.2838921676545,7.93824877769781,-7.81647167383375E-10));
#6016=CARTESIAN_POINT('Ctrl Pts',(-18.2357528868277,8.05960583890777,-7.80183066525225E-10));
#6017=CARTESIAN_POINT('Ctrl Pts',(-18.1864084798977,8.18053349496704,-7.77905601045958E-10));
#6018=CARTESIAN_POINT('Ctrl Pts',(-18.1637078734419,8.23616555745619,-7.76857866342514E-10));
#6019=CARTESIAN_POINT('Ctrl Pts',(-18.1407522070664,8.29170673664732,-7.75638038743248E-10));
#6020=CARTESIAN_POINT('Ctrl Pts',(-18.1175417113996,8.34715513004046,-7.74234371059279E-10));
#6021=CARTESIAN_POINT('Ctrl Pts',(-18.102746290192,8.38250044740512,-7.73339609701405E-10));
#6022=CARTESIAN_POINT('Ctrl Pts',(-18.087847315155,8.41780800783541,-7.72370532475977E-10));
#6023=CARTESIAN_POINT('Ctrl Pts',(-18.0728505270635,8.45306416273739,-7.71247204989223E-10));
#6024=CARTESIAN_POINT('Ctrl Pts',(-17.9082109412933,8.84011762401832,-7.58914952844627E-10));
#6025=CARTESIAN_POINT('Ctrl Pts',(-17.7316205673323,9.22137540554654,-7.30711451155682E-10));
#6026=CARTESIAN_POINT('Ctrl Pts',(-17.5433567024651,9.59626100141278,-6.92754215103619E-10));
#6027=CARTESIAN_POINT('Ctrl Pts',(-17.3663292387661,9.94877180458974,-6.57062430957654E-10));
#6028=CARTESIAN_POINT('Ctrl Pts',(-17.1789795813201,10.2956487222366,-6.12741591812301E-10));
#6029=CARTESIAN_POINT('Ctrl Pts',(-16.9814968261645,10.6364054798692,-5.64447877327012E-10));
#6030=CARTESIAN_POINT('Ctrl Pts',(-16.7726681540051,10.9967396324371,-5.1337952743637E-10));
#6031=CARTESIAN_POINT('Ctrl Pts',(-16.5525090495743,11.3502309217985,-4.57872001741097E-10));
#6032=CARTESIAN_POINT('Ctrl Pts',(-16.3215092619918,11.6964935327658,-4.02948702182826E-10));
#6033=CARTESIAN_POINT('Ctrl Pts',(-16.0890891113884,12.0448852305746,-3.47687692254797E-10));
#6034=CARTESIAN_POINT('Ctrl Pts',(-15.8456942470047,12.3859595084206,-2.93016524611703E-10));
#6035=CARTESIAN_POINT('Ctrl Pts',(-15.5917764138588,12.7192988408533,-2.43550235534684E-10));
#6036=CARTESIAN_POINT('Ctrl Pts',(-15.3375407618416,13.0530554008949,-1.94022031467428E-10));
#6037=CARTESIAN_POINT('Ctrl Pts',(-15.07275543521,13.3790580611003,-1.49710939921584E-10));
#6038=CARTESIAN_POINT('Ctrl Pts',(-14.7978317901185,13.6968568447543,-1.14764600600559E-10));
#6039=CARTESIAN_POINT('Ctrl Pts',(-14.5239923205729,14.0134023725466,-7.99560739674727E-11));
#6040=CARTESIAN_POINT('Ctrl Pts',(-14.2400939631953,14.3218089962378,-5.44376480891029E-11));
#6041=CARTESIAN_POINT('Ctrl Pts',(-13.9465069404037,14.62159536168,-4.18371864929767E-11));
#6042=CARTESIAN_POINT('Ctrl Pts',(-13.9025924700671,14.666437123851,-3.99524213159311E-11));
#6043=CARTESIAN_POINT('Ctrl Pts',(-13.858461166154,14.7110859437713,-3.83572958224639E-11));
#6044=CARTESIAN_POINT('Ctrl Pts',(-13.8141142054951,14.755540131032,-3.70602298849221E-11));
#6045=CARTESIAN_POINT('Ctrl Pts',(-13.7774643250274,14.7922786273164,-3.59882891957899E-11));
#6046=CARTESIAN_POINT('Ctrl Pts',(-13.7406636096287,14.8288876341933,-3.51103406871066E-11));
#6047=CARTESIAN_POINT('Ctrl Pts',(-13.7037338583798,14.8653454723686,-3.44851092126675E-11));
#6048=CARTESIAN_POINT('Ctrl Pts',(-13.4026374455186,15.162594273783,-2.93874590039581E-11));
#6049=CARTESIAN_POINT('Ctrl Pts',(-13.0927277603664,15.4500395559313,-4.03999786961052E-11));
#6050=CARTESIAN_POINT('Ctrl Pts',(-12.7745163532521,15.7273050518799,-6.17197334906727E-11));
#6051=CARTESIAN_POINT('Ctrl Pts',(-12.4419615897975,16.0170682701615,-8.40004747026632E-11));
#6052=CARTESIAN_POINT('Ctrl Pts',(-12.1003397730528,16.295714003958,-1.17543005843826E-10));
#6053=CARTESIAN_POINT('Ctrl Pts',(-11.7501836830164,16.5627806713751,-1.5516487400502E-10));
#6054=CARTESIAN_POINT('Ctrl Pts',(-11.40002759298,16.8298473387922,-1.92786742166215E-10));
#6055=CARTESIAN_POINT('Ctrl Pts',(-11.041336776031,17.0853354359254,-2.34486508350025E-10));
#6056=CARTESIAN_POINT('Ctrl Pts',(-10.674598550764,17.3287432623029,-2.72519911710104E-10));
#6057=CARTESIAN_POINT('Origin',(0.,0.,40.));
#6058=CARTESIAN_POINT('',(-21.025,-2.57481989520731E-15,40.));
#6059=CARTESIAN_POINT('Origin',(0.,0.,40.));
#6060=CARTESIAN_POINT('Origin',(0.,0.,39.));
#6061=CARTESIAN_POINT('',(-21.4,2.62074415017534E-15,39.6666666666667));
#6062=CARTESIAN_POINT('Origin',(0.,0.,39.6666666666667));
#6063=CARTESIAN_POINT('',(-22.15,-2.71259266011139E-15,39.));
#6064=CARTESIAN_POINT('Origin',(0.,0.,22.));
#6065=CARTESIAN_POINT('',(-21.4,-2.62074415017534E-15,22.));
#6066=CARTESIAN_POINT('',(-21.4,-2.62074415017534E-15,22.));
#6067=CARTESIAN_POINT('Origin',(0.,0.,22.));
#6068=CARTESIAN_POINT('Origin',(0.,0.,0.));
#6069=CARTESIAN_POINT('Origin',(0.,0.,0.));
#6070=CARTESIAN_POINT('',(-24.,-2.93915231795365E-15,22.));
#6071=CARTESIAN_POINT('Origin',(0.,0.,22.));
#6072=CARTESIAN_POINT('',(-24.,-2.93915231795365E-15,0.));
#6073=CARTESIAN_POINT('',(-24.,-2.93915231795365E-15,0.));
#6074=CARTESIAN_POINT('Origin',(0.,0.,0.));
#6075=CARTESIAN_POINT('Origin',(0.,0.,22.));
#6076=CARTESIAN_POINT('Origin',(0.,0.,0.));
#6077=UNCERTAINTY_MEASURE_WITH_UNIT(LENGTH_MEASURE(0.01),#6081,
'DISTANCE_ACCURACY_VALUE',
'Maximum model space distance between geometric entities at asserted c
onnectivities');
#6078=UNCERTAINTY_MEASURE_WITH_UNIT(LENGTH_MEASURE(0.01),#6081,
'DISTANCE_ACCURACY_VALUE',
'Maximum model space distance between geometric entities at asserted c
onnectivities');
#6079=(
GEOMETRIC_REPRESENTATION_CONTEXT(3)
GLOBAL_UNCERTAINTY_ASSIGNED_CONTEXT((#6077))
GLOBAL_UNIT_ASSIGNED_CONTEXT((#6081,#6083,#6084))
REPRESENTATION_CONTEXT('','3D')
);
#6080=(
GEOMETRIC_REPRESENTATION_CONTEXT(3)
GLOBAL_UNCERTAINTY_ASSIGNED_CONTEXT((#6078))
GLOBAL_UNIT_ASSIGNED_CONTEXT((#6081,#6083,#6084))
REPRESENTATION_CONTEXT('','3D')
);
#6081=(
LENGTH_UNIT()
NAMED_UNIT(*)
SI_UNIT(.MILLI.,.METRE.)
);
#6082=(
LENGTH_UNIT()
NAMED_UNIT(*)
SI_UNIT($,.METRE.)
);
#6083=(
NAMED_UNIT(*)
PLANE_ANGLE_UNIT()
SI_UNIT($,.RADIAN.)
);
#6084=(
NAMED_UNIT(*)
SI_UNIT($,.STERADIAN.)
SOLID_ANGLE_UNIT()
);
#6085=SHAPE_DEFINITION_REPRESENTATION(#6086,#6087);
#6086=PRODUCT_DEFINITION_SHAPE('',$,#6089);
#6087=SHAPE_REPRESENTATION('',(#778),#6079);
#6088=PRODUCT_DEFINITION_CONTEXT('part definition',#6093,'design');
#6089=PRODUCT_DEFINITION('alkane-lamp-thread-inlet-m40x2_5',
'alkane-lamp-thread-inlet-m40x2_5 v2',#6090,#6088);
#6090=PRODUCT_DEFINITION_FORMATION('',$,#6095);
#6091=PRODUCT_RELATED_PRODUCT_CATEGORY(
'alkane-lamp-thread-inlet-m40x2_5 v2',
'alkane-lamp-thread-inlet-m40x2_5 v2',(#6095));
#6092=APPLICATION_PROTOCOL_DEFINITION('international standard',
'automotive_design',2009,#6093);
#6093=APPLICATION_CONTEXT(
'Core Data for Automotive Mechanical Design Process');
#6094=PRODUCT_CONTEXT('part definition',#6093,'mechanical');
#6095=PRODUCT('alkane-lamp-thread-inlet-m40x2_5',
'alkane-lamp-thread-inlet-m40x2_5 v2',$,(#6094));
#6096=PRESENTATION_STYLE_ASSIGNMENT((#6097));
#6097=SURFACE_STYLE_USAGE(.BOTH.,#6098);
#6098=SURFACE_SIDE_STYLE('',(#6099));
#6099=SURFACE_STYLE_FILL_AREA(#6100);
#6100=FILL_AREA_STYLE('Stahl - satiniert',(#6101));
#6101=FILL_AREA_STYLE_COLOUR('Stahl - satiniert',#6102);
#6102=COLOUR_RGB('Stahl - satiniert',0.627450980392157,0.627450980392157,
0.627450980392157);
ENDSEC;
END-ISO-10303-21;
