ISO-10303-21;
HEADER;
/* Generated by software containing ST-Developer
 * from STEP Tools, Inc. (www.steptools.com) 
 */

FILE_DESCRIPTION(
/* description */ (''),
/* implementation_level */ '2;1');

FILE_NAME(
/* name */ 'alkane-lamp-thread-m40x2_5-counternut.step',
/* time_stamp */ '2026-08-28T12:39:32+02:00',
/* author */ (''),
/* organization */ (''),
/* preprocessor_version */ 'ST-DEVELOPER v20.1',
/* originating_system */ 'Autodesk Translation Framework v15.8.0.0',
/* authorisation */ '');

FILE_SCHEMA (('AUTOMOTIVE_DESIGN { 1 0 10303 214 3 1 1 }'));
ENDSEC;

DATA;
#10=MECHANICAL_DESIGN_GEOMETRIC_PRESENTATION_REPRESENTATION('',(#13),#1445);
#11=SHAPE_REPRESENTATION_RELATIONSHIP('SRR','None',#1452,#12);
#12=ADVANCED_BREP_SHAPE_REPRESENTATION('',(#14),#1444);
#13=STYLED_ITEM('',(#1461),#14);
#14=MANIFOLD_SOLID_BREP('thread-m40x2_5-counternut-4mm',#213);
#15=B_SPLINE_SURFACE_WITH_KNOTS('',3,3,((#509,#510,#511,#512,#513,#514,
#515,#516,#517,#518,#519,#520,#521,#522,#523,#524,#525,#526,#527,#528,#529,
#530,#531,#532,#533,#534),(#535,#536,#537,#538,#539,#540,#541,#542,#543,
#544,#545,#546,#547,#548,#549,#550,#551,#552,#553,#554,#555,#556,#557,#558,
#559,#560),(#561,#562,#563,#564,#565,#566,#567,#568,#569,#570,#571,#572,
#573,#574,#575,#576,#577,#578,#579,#580,#581,#582,#583,#584,#585,#586),
(#587,#588,#589,#590,#591,#592,#593,#594,#595,#596,#597,#598,#599,#600,
#601,#602,#603,#604,#605,#606,#607,#608,#609,#610,#611,#612)),
 .UNSPECIFIED.,.F.,.F.,.F.,(4,4),(4,1,1,1,1,1,1,1,1,1,1,1,1,1,1,1,1,1,1,
1,1,1,1,4),(-0.0115450789746497,0.172438842999015),(11.2732300834619,11.6250808443277,
11.9769316051936,12.3287823660594,12.6806331269253,13.1497674747464,13.6189018225676,
14.0880361703887,14.5571705182099,15.026304866031,15.4954392138522,15.9645735616733,
16.4337079094944,16.9028422573156,17.3719766051367,17.8411109529579,18.310245300779,
18.7793796486002,19.2485139964213,19.7176483442425,20.0694991051083,20.4213498659742,
20.77320062684,21.1250513877059),.UNSPECIFIED.);
#16=B_SPLINE_SURFACE_WITH_KNOTS('',3,3,((#968,#969,#970,#971,#972,#973,
#974,#975,#976,#977,#978,#979,#980,#981,#982,#983,#984,#985,#986,#987,#988,
#989,#990,#991,#992,#993,#994),(#995,#996,#997,#998,#999,#1000,#1001,#1002,
#1003,#1004,#1005,#1006,#1007,#1008,#1009,#1010,#1011,#1012,#1013,#1014,
#1015,#1016,#1017,#1018,#1019,#1020,#1021),(#1022,#1023,#1024,#1025,#1026,
#1027,#1028,#1029,#1030,#1031,#1032,#1033,#1034,#1035,#1036,#1037,#1038,
#1039,#1040,#1041,#1042,#1043,#1044,#1045,#1046,#1047,#1048),(#1049,#1050,
#1051,#1052,#1053,#1054,#1055,#1056,#1057,#1058,#1059,#1060,#1061,#1062,
#1063,#1064,#1065,#1066,#1067,#1068,#1069,#1070,#1071,#1072,#1073,#1074,
#1075)),.UNSPECIFIED.,.F.,.F.,.F.,(4,4),(4,1,1,1,1,1,1,1,1,1,1,1,1,1,1,
1,1,1,1,1,1,1,1,1,4),(-0.0115486434839272,0.172435278505924),(14.6891048632177,
15.0409556240836,15.3928063849494,15.7446571458153,16.0965079066811,16.5656422545023,
17.0347766023234,17.5039109501446,17.9730452979657,18.4421796457869,18.911313993608,
19.3804483414292,19.8495826892503,20.3187170370715,20.7878513848926,21.2569857327138,
21.7261200805349,21.9606872544455,22.1952544283561,22.6643887761772,23.1335231239984,
23.4853738848642,23.8372246457301,24.1890754065959,24.5409261674618),
 .UNSPECIFIED.);
#17=FACE_BOUND('',#42,.T.);
#18=FACE_BOUND('',#48,.T.);
#19=FACE_BOUND('',#52,.T.);
#20=PLANE('',#237);
#21=PLANE('',#243);
#22=PLANE('',#248);
#23=TOROIDAL_SURFACE('',#233,23.2,0.8);
#24=FACE_OUTER_BOUND('',#37,.T.);
#25=FACE_OUTER_BOUND('',#38,.T.);
#26=FACE_OUTER_BOUND('',#39,.T.);
#27=FACE_OUTER_BOUND('',#40,.T.);
#28=FACE_OUTER_BOUND('',#41,.T.);
#29=FACE_OUTER_BOUND('',#43,.T.);
#30=FACE_OUTER_BOUND('',#44,.T.);
#31=FACE_OUTER_BOUND('',#45,.T.);
#32=FACE_OUTER_BOUND('',#46,.T.);
#33=FACE_OUTER_BOUND('',#47,.T.);
#34=FACE_OUTER_BOUND('',#49,.T.);
#35=FACE_OUTER_BOUND('',#50,.T.);
#36=FACE_OUTER_BOUND('',#51,.T.);
#37=EDGE_LOOP('',(#135,#136,#137,#138));
#38=EDGE_LOOP('',(#139,#140,#141));
#39=EDGE_LOOP('',(#142,#143,#144,#145));
#40=EDGE_LOOP('',(#146,#147,#148,#149));
#41=EDGE_LOOP('',(#150));
#42=EDGE_LOOP('',(#151));
#43=EDGE_LOOP('',(#152,#153,#154,#155));
#44=EDGE_LOOP('',(#156,#157,#158,#159,#160));
#45=EDGE_LOOP('',(#161,#162,#163,#164,#165,#166));
#46=EDGE_LOOP('',(#167,#168,#169,#170,#171,#172,#173));
#47=EDGE_LOOP('',(#174,#175,#176,#177,#178));
#48=EDGE_LOOP('',(#179));
#49=EDGE_LOOP('',(#180,#181,#182,#183));
#50=EDGE_LOOP('',(#184,#185,#186,#187));
#51=EDGE_LOOP('',(#188));
#52=EDGE_LOOP('',(#189,#190,#191,#192));
#53=CIRCLE('',#228,18.75935);
#54=CIRCLE('',#230,20.3527);
#55=CIRCLE('',#232,20.3527);
#56=CIRCLE('',#234,23.2);
#57=CIRCLE('',#235,0.8);
#58=CIRCLE('',#236,24.);
#59=CIRCLE('',#238,17.);
#60=CIRCLE('',#240,24.);
#61=CIRCLE('',#242,20.3527);
#62=CIRCLE('',#244,17.);
#63=CIRCLE('',#247,18.75935);
#64=B_SPLINE_CURVE_WITH_KNOTS('',3,(#306,#307,#308,#309,#310,#311,#312,
#313,#314,#315,#316,#317,#318,#319,#320,#321,#322,#323,#324,#325,#326,#327),
 .UNSPECIFIED.,.F.,.F.,(4,3,3,3,3,3,3,4),(14.6501101680459,15.0346620445087,
15.9176973262837,16.8007326080586,17.4630090693898,18.125285530721,18.7875619920522,
19.4498384533834),.UNSPECIFIED.);
#65=B_SPLINE_CURVE_WITH_KNOTS('',3,(#330,#331,#332,#333,#334,#335,#336,
#337,#338,#339,#340,#341,#342,#343,#344,#345,#346,#347,#348,#349,#350,#351,
#352,#353,#354),.UNSPECIFIED.,.F.,.F.,(4,3,3,3,3,3,3,3,4),(5.25762878660256,
5.32101015536381,6.20404851354407,7.08708687172432,7.97012522990457,8.85316358808483,
9.73620194626509,10.6192403044453,11.1018801047589),.UNSPECIFIED.);
#66=B_SPLINE_CURVE_WITH_KNOTS('',3,(#361,#362,#363,#364,#365,#366,#367),
 .UNSPECIFIED.,.F.,.F.,(4,3,4),(9.43027176357548,9.49899736111146,9.91591499159035),
 .UNSPECIFIED.);
#67=B_SPLINE_CURVE_WITH_KNOTS('',3,(#373,#374,#375,#376,#377,#378,#379,
#380,#381,#382),.UNSPECIFIED.,.F.,.F.,(4,3,3,4),(22.7467829681766,23.3898745232538,
24.108222589465,24.8265706556761),.UNSPECIFIED.);
#68=B_SPLINE_CURVE_WITH_KNOTS('',3,(#385,#386,#387,#388,#389,#390,#391,
#392,#393,#394,#395,#396,#397,#398,#399,#400,#401,#402,#403),
 .UNSPECIFIED.,.F.,.F.,(4,3,3,3,3,3,4),(-13.7649643457412,-13.3306761323867,
-12.3727639273222,-11.4148517222578,-10.4569395171933,-9.49902731212889,
-9.43027176357591),.UNSPECIFIED.);
#69=B_SPLINE_CURVE_WITH_KNOTS('',3,(#419,#420,#421,#422,#423,#424,#425,
#426,#427,#428,#429,#430,#431,#432,#433,#434,#435,#436,#437,#438,#439,#440,
#441,#442,#443,#444,#445,#446,#447,#448,#449,#450,#451,#452,#453,#454,#455,
#456,#457,#458),.UNSPECIFIED.,.F.,.F.,(4,3,3,3,3,3,3,3,3,3,3,3,3,4),(-24.8265706556752,
-24.1080749214113,-23.3895791871468,-22.6710834528822,-21.9525877186177,
-20.994593406265,-20.0365990939123,-19.0786047815596,-18.1206104692069,
-17.1626161568542,-16.2046218445015,-15.2466275321488,-14.2886332197961,
-13.7649643457412),.UNSPECIFIED.);
#70=B_SPLINE_CURVE_WITH_KNOTS('',3,(#460,#461,#462,#463,#464,#465,#466,
#467,#468,#469,#470,#471,#472,#473,#474,#475,#476,#477,#478,#479,#480,#481,
#482,#483,#484,#485,#486,#487,#488,#489,#490,#491,#492,#493,#494,#495,#496,
#497,#498,#499,#500,#501,#502,#503,#504,#505,#506,#507,#508),
 .UNSPECIFIED.,.F.,.F.,(4,3,3,3,3,3,3,3,3,3,3,3,3,3,3,3,4),(9.91591499159035,
9.97777856171416,10.4567872640056,11.4148046685885,12.3728220731713,13.3308394777542,
14.2888568823371,15.2468742869199,16.2048916915028,17.1629090960856,18.1209265006685,
19.0789439052514,20.0369613098342,20.9949787144171,21.952996119,22.6715091724371,
22.7467829681766),.UNSPECIFIED.);
#71=B_SPLINE_CURVE_WITH_KNOTS('',3,(#613,#614,#615,#616,#617,#618,#619,
#620,#621,#622,#623,#624,#625,#626,#627,#628,#629,#630,#631,#632,#633,#634,
#635,#636,#637,#638,#639,#640,#641,#642,#643,#644,#645,#646,#647,#648,#649,
#650,#651,#652,#653,#654,#655,#656,#657,#658,#659,#660,#661,#662,#663,#664,
#665,#666,#667,#668,#669,#670,#671,#672,#673,#674,#675,#676,#677,#678,#679,
#680,#681,#682,#683,#684,#685,#686,#687,#688,#689,#690,#691,#692,#693,#694,
#695,#696,#697,#698,#699,#700,#701,#702,#703,#704,#705,#706,#707,#708,#709,
#710,#711,#712,#713,#714,#715,#716,#717,#718,#719,#720,#721,#722,#723,#724,
#725,#726,#727,#728,#729,#730,#731,#732,#733,#734,#735,#736,#737,#738,#739,
#740,#741,#742,#743,#744,#745,#746,#747,#748,#749,#750,#751,#752,#753,#754,
#755,#756,#757,#758,#759,#760,#761,#762,#763,#764,#765,#766,#767,#768,#769,
#770,#771,#772,#773,#774,#775),.UNSPECIFIED.,.F.,.F.,(4,3,3,3,3,3,3,3,3,
3,3,3,3,3,3,3,3,3,3,3,3,3,3,3,3,3,3,3,3,3,3,3,3,3,3,3,3,3,3,3,3,3,3,3,3,
3,3,3,3,3,3,3,3,3,4),(0.991316799834674,1.11832267399433,1.24573481897389,
1.37251513304621,1.49834444874645,1.55031261030465,1.57332439799869,1.59166526846883,
1.60296154873396,1.70621709497924,1.83160753748109,1.95767853392946,2.08351613768254,
2.20858137460289,2.31070651090827,2.36176907906097,2.37653454022101,2.38781765106195,
2.41283164721366,2.53644914693997,2.66103912791387,2.78592647507018,2.91033598427624,
3.0332142746452,3.11115255377559,3.13721025348746,3.14857965535665,3.27102256712504,
3.39437720706158,3.51791123062257,3.64090677086286,3.76242393243922,3.8010031563095,
3.8576454104034,3.89418953950017,3.90716453943168,3.91819735406238,4.0395647674321,
4.16185118805,4.28443069486001,4.40623249028863,4.52702177073331,4.61715049627258,
4.65324994755731,4.66909551590571,4.70727922181185,4.82758198375511,4.94870501891307,
5.07000219585836,5.1902712408447,5.27640038969394,5.29949291451265,5.31519383610857,
5.4352446538457,5.53478783624169),.UNSPECIFIED.);
#72=B_SPLINE_CURVE_WITH_KNOTS('',3,(#777,#778,#779,#780,#781,#782,#783,
#784,#785,#786,#787,#788,#789,#790,#791,#792,#793,#794,#795,#796,#797,#798,
#799,#800,#801,#802,#803,#804,#805,#806,#807,#808,#809,#810,#811,#812,#813,
#814,#815,#816,#817,#818,#819,#820,#821,#822,#823,#824,#825,#826,#827,#828,
#829,#830,#831,#832,#833,#834,#835,#836,#837,#838,#839,#840,#841,#842,#843,
#844,#845,#846,#847,#848,#849,#850,#851,#852,#853,#854,#855,#856,#857,#858,
#859,#860,#861,#862,#863,#864,#865,#866,#867,#868,#869,#870,#871,#872,#873,
#874,#875,#876,#877,#878,#879,#880,#881,#882,#883,#884,#885,#886,#887,#888,
#889,#890,#891,#892,#893,#894,#895,#896,#897,#898,#899,#900,#901,#902,#903,
#904,#905,#906,#907,#908,#909,#910,#911,#912,#913,#914,#915,#916,#917,#918,
#919,#920,#921,#922,#923,#924,#925,#926,#927,#928,#929,#930,#931,#932,#933),
 .UNSPECIFIED.,.F.,.F.,(4,3,3,3,3,3,3,3,3,3,3,3,3,3,3,3,3,3,3,3,3,3,3,3,
3,3,3,3,3,3,3,3,3,3,3,3,3,3,3,3,3,3,3,3,3,3,3,3,3,3,3,3,4),(1.95507483966398,
2.08285017116062,2.210436279881,2.33717985415708,2.39991263155313,2.41213316721205,
2.42212063644337,2.54843845569254,2.67486048433976,2.80059852541906,2.8390420733255,
2.96558815600406,3.09175066563161,3.17740727059295,3.19284755129545,3.2056698279744,
3.3302000247007,3.4555034052272,3.58058315340056,3.70445942506185,3.77700350532235,
3.90172413850801,3.94248787716757,3.97120173487651,3.98273049138029,4.10612783185183,
4.22997244076021,4.35350085127496,4.47050304915323,4.59422337605455,4.7171061038314,
4.73363452937365,4.74438155535596,4.86672409612504,4.98937026232734,5.11161824426317,
5.15557989025348,5.27822437182629,5.40032208351597,5.45430663604339,5.48102759932134,
5.49662097420815,5.61773291086474,5.73901051014833,5.83219850373538,5.95364669119047,
6.074774458499,6.1811703960379,6.20216654887189,6.21252205907631,6.33245059820149,
6.45252858813642,6.50035820865462),.UNSPECIFIED.);
#73=B_SPLINE_CURVE_WITH_KNOTS('',3,(#934,#935,#936,#937,#938,#939,#940,
#941,#942,#943,#944,#945,#946,#947,#948,#949,#950,#951,#952,#953,#954,#955,
#956,#957,#958,#959,#960,#961,#962,#963,#964,#965,#966,#967),
 .UNSPECIFIED.,.F.,.F.,(4,3,3,3,3,3,3,3,3,3,3,4),(11.1018801047589,11.5022889543133,
12.3853500097655,13.2684110652177,14.15147212067,15.0345331761222,15.9175942315744,
16.8006552870267,17.4629510786158,18.125246870205,18.7875426617942,19.4498384533834),
 .UNSPECIFIED.);
#74=B_SPLINE_CURVE_WITH_KNOTS('',3,(#1076,#1077,#1078,#1079,#1080,#1081,
#1082,#1083,#1084,#1085,#1086,#1087,#1088,#1089,#1090,#1091,#1092,#1093,
#1094,#1095,#1096,#1097,#1098,#1099,#1100,#1101,#1102,#1103,#1104,#1105,
#1106,#1107,#1108,#1109,#1110,#1111,#1112,#1113,#1114,#1115,#1116,#1117,
#1118,#1119,#1120,#1121,#1122,#1123,#1124,#1125,#1126,#1127,#1128,#1129,
#1130,#1131,#1132,#1133,#1134,#1135,#1136,#1137,#1138,#1139,#1140,#1141,
#1142,#1143,#1144,#1145,#1146,#1147,#1148,#1149,#1150,#1151,#1152,#1153,
#1154,#1155,#1156,#1157,#1158,#1159,#1160,#1161,#1162,#1163,#1164,#1165,
#1166,#1167,#1168,#1169,#1170,#1171,#1172,#1173,#1174,#1175,#1176,#1177,
#1178,#1179,#1180,#1181,#1182,#1183,#1184,#1185,#1186,#1187,#1188,#1189,
#1190,#1191,#1192,#1193,#1194,#1195,#1196,#1197,#1198,#1199,#1200,#1201,
#1202,#1203,#1204,#1205,#1206,#1207,#1208,#1209,#1210,#1211,#1212,#1213,
#1214,#1215,#1216,#1217,#1218,#1219,#1220,#1221,#1222,#1223,#1224,#1225,
#1226,#1227,#1228,#1229,#1230,#1231,#1232),.UNSPECIFIED.,.F.,.F.,(4,3,3,
3,3,3,3,3,3,3,3,3,3,3,3,3,3,3,3,3,3,3,3,3,3,3,3,3,3,3,3,3,3,3,3,3,3,3,3,
3,3,3,3,3,3,3,3,3,3,3,3,3,4),(0.408227896634584,0.528025726366852,0.647841542678715,
0.701209057772905,0.731368317030417,0.741382376575026,0.861562645975878,
0.982713821109624,1.07478166343224,1.19564598160501,1.31680078254502,1.42503162699134,
1.46799476237194,1.48149941452559,1.60294629745185,1.72528753130225,1.7497241603303,
1.87150770369811,1.99388794925575,2.11598504928832,2.19525472543242,2.22356845808902,
2.23492674524878,2.35808223470865,2.4330637538647,2.55586523414986,2.6794004898928,
2.80283727742017,2.92556543788818,2.9753802616242,2.98691656025204,2.99878007934167,
3.12482473283226,3.24822271075235,3.37272172528274,3.49776370139564,3.62270098450904,
3.73209657092597,3.75817155440731,3.76838748351493,3.89406278046832,4.02035103192506,
4.06028333017678,4.18575820929098,4.31190756707794,4.43809874181606,4.50108219129221,
4.52943851782009,4.54235321019349,4.55345091055592,4.68001410685305,4.81099022223916,
4.94196633762526),.UNSPECIFIED.);
#75=B_SPLINE_CURVE_WITH_KNOTS('',3,(#1234,#1235,#1236,#1237,#1238,#1239,
#1240,#1241,#1242,#1243,#1244,#1245,#1246,#1247,#1248,#1249,#1250,#1251,
#1252,#1253,#1254,#1255,#1256,#1257,#1258,#1259,#1260,#1261,#1262,#1263,
#1264,#1265,#1266,#1267,#1268,#1269,#1270,#1271,#1272,#1273),
 .UNSPECIFIED.,.F.,.F.,(4,3,3,3,3,3,3,3,3,3,3,3,3,4),(5.25762878660258,
5.32101171616199,6.20407181960777,7.08713192305356,7.97019202649935,8.85325212994513,
9.73631223339091,10.6193723368367,11.5024324402825,12.3854925437283,13.268552647174,
14.1516127506198,14.5931428023427,14.6501101680459),.UNSPECIFIED.);
#76=B_SPLINE_CURVE_WITH_KNOTS('',3,(#1274,#1275,#1276,#1277,#1278,#1279,
#1280,#1281,#1282,#1283,#1284,#1285,#1286,#1287,#1288,#1289,#1290,#1291,
#1292,#1293,#1294,#1295,#1296,#1297,#1298,#1299,#1300,#1301,#1302,#1303,
#1304,#1305,#1306,#1307,#1308,#1309,#1310,#1311,#1312,#1313,#1314,#1315,
#1316,#1317,#1318,#1319,#1320,#1321,#1322,#1323,#1324,#1325,#1326,#1327,
#1328,#1329,#1330,#1331,#1332,#1333,#1334,#1335,#1336,#1337,#1338,#1339,
#1340,#1341,#1342,#1343,#1344,#1345,#1346,#1347,#1348,#1349,#1350,#1351,
#1352,#1353,#1354,#1355,#1356,#1357,#1358,#1359,#1360,#1361,#1362,#1363,
#1364,#1365,#1366,#1367,#1368,#1369,#1370,#1371,#1372,#1373,#1374,#1375,
#1376,#1377,#1378,#1379,#1380,#1381,#1382,#1383,#1384,#1385,#1386,#1387,
#1388,#1389,#1390,#1391,#1392,#1393,#1394,#1395,#1396,#1397,#1398,#1399,
#1400,#1401,#1402,#1403,#1404,#1405,#1406,#1407,#1408,#1409,#1410,#1411,
#1412,#1413,#1414,#1415,#1416,#1417,#1418,#1419,#1420,#1421,#1422,#1423,
#1424,#1425,#1426,#1427,#1428,#1429,#1430,#1431,#1432,#1433),
 .UNSPECIFIED.,.F.,.F.,(4,3,3,3,3,3,3,3,3,3,3,3,3,3,3,3,3,3,3,3,3,3,3,3,
3,3,3,3,3,3,3,3,3,3,3,3,3,3,3,3,3,3,3,3,3,3,3,3,3,3,3,3,3,4),(0.408227896634587,
0.528116764875963,0.648022688076135,0.721352941154408,0.73118040783761,
0.741611551379229,0.86487484171,0.986038046660011,1.11035137968116,1.23466471270231,
1.355834358727,1.45376020994014,1.47212115106069,1.48424510567927,1.60484001585458,
1.72666886362001,1.849304012021,1.97175648780981,2.09309760439668,2.13924116843212,
2.18266338772685,2.21025220638637,2.22453037434168,2.23640540802175,2.35750031461353,
2.48055252685012,2.60415061931303,2.72762253411466,2.82747092525418,2.91453512511751,
2.95471890129276,2.9870254036149,2.99877969722623,3.12181359964761,3.24642692779829,
3.37140670442987,3.49608959723451,3.52398452416082,3.64879378998868,3.72129499247808,
3.75786407340227,3.76908443708515,3.89401628348241,4.01979106968863,4.14596984290359,
4.22880340990386,4.35485917177721,4.48081829446967,4.51306682230232,4.53858756247951,
4.55070864061828,4.677156609386,4.80943848250569,4.94172035562539),
 .UNSPECIFIED.);
#77=LINE('',#304,#82);
#78=LINE('',#358,#83);
#79=LINE('',#371,#84);
#80=LINE('',#415,#85);
#81=LINE('',#1438,#86);
#82=VECTOR('',#253,20.);
#83=VECTOR('',#258,20.1527);
#84=VECTOR('',#263,20.1527);
#85=VECTOR('',#280,24.);
#86=VECTOR('',#293,17.);
#87=VERTEX_POINT('',#302);
#88=VERTEX_POINT('',#303);
#89=VERTEX_POINT('',#305);
#90=VERTEX_POINT('',#328);
#91=VERTEX_POINT('',#356);
#92=VERTEX_POINT('',#357);
#93=VERTEX_POINT('',#359);
#94=VERTEX_POINT('',#369);
#95=VERTEX_POINT('',#370);
#96=VERTEX_POINT('',#372);
#97=VERTEX_POINT('',#383);
#98=VERTEX_POINT('',#405);
#99=VERTEX_POINT('',#407);
#100=VERTEX_POINT('',#411);
#101=VERTEX_POINT('',#414);
#102=VERTEX_POINT('',#418);
#103=VERTEX_POINT('',#776);
#104=VERTEX_POINT('',#1233);
#105=VERTEX_POINT('',#1435);
#106=EDGE_CURVE('',#87,#88,#77,.T.);
#107=EDGE_CURVE('',#87,#89,#64,.T.);
#108=EDGE_CURVE('',#90,#89,#53,.F.);
#109=EDGE_CURVE('',#90,#88,#65,.T.);
#110=EDGE_CURVE('',#91,#92,#78,.T.);
#111=EDGE_CURVE('',#93,#92,#54,.T.);
#112=EDGE_CURVE('',#91,#93,#66,.F.);
#113=EDGE_CURVE('',#94,#95,#79,.T.);
#114=EDGE_CURVE('',#96,#94,#67,.F.);
#115=EDGE_CURVE('',#97,#96,#55,.F.);
#116=EDGE_CURVE('',#97,#95,#68,.F.);
#117=EDGE_CURVE('',#98,#98,#56,.T.);
#118=EDGE_CURVE('',#98,#99,#57,.T.);
#119=EDGE_CURVE('',#99,#99,#58,.T.);
#120=EDGE_CURVE('',#100,#100,#59,.T.);
#121=EDGE_CURVE('',#99,#101,#80,.T.);
#122=EDGE_CURVE('',#101,#101,#60,.T.);
#123=EDGE_CURVE('',#95,#102,#69,.F.);
#124=EDGE_CURVE('',#92,#102,#61,.T.);
#125=EDGE_CURVE('',#94,#91,#70,.F.);
#126=EDGE_CURVE('',#102,#90,#71,.T.);
#127=EDGE_CURVE('',#103,#97,#72,.F.);
#128=EDGE_CURVE('',#88,#103,#73,.T.);
#129=EDGE_CURVE('',#89,#93,#74,.T.);
#130=EDGE_CURVE('',#104,#87,#75,.T.);
#131=EDGE_CURVE('',#96,#104,#76,.F.);
#132=EDGE_CURVE('',#105,#105,#62,.T.);
#133=EDGE_CURVE('',#100,#105,#81,.T.);
#134=EDGE_CURVE('',#103,#104,#63,.F.);
#135=ORIENTED_EDGE('',*,*,#106,.F.);
#136=ORIENTED_EDGE('',*,*,#107,.T.);
#137=ORIENTED_EDGE('',*,*,#108,.F.);
#138=ORIENTED_EDGE('',*,*,#109,.T.);
#139=ORIENTED_EDGE('',*,*,#110,.T.);
#140=ORIENTED_EDGE('',*,*,#111,.F.);
#141=ORIENTED_EDGE('',*,*,#112,.F.);
#142=ORIENTED_EDGE('',*,*,#113,.F.);
#143=ORIENTED_EDGE('',*,*,#114,.F.);
#144=ORIENTED_EDGE('',*,*,#115,.F.);
#145=ORIENTED_EDGE('',*,*,#116,.T.);
#146=ORIENTED_EDGE('',*,*,#117,.T.);
#147=ORIENTED_EDGE('',*,*,#118,.T.);
#148=ORIENTED_EDGE('',*,*,#119,.T.);
#149=ORIENTED_EDGE('',*,*,#118,.F.);
#150=ORIENTED_EDGE('',*,*,#117,.F.);
#151=ORIENTED_EDGE('',*,*,#120,.T.);
#152=ORIENTED_EDGE('',*,*,#119,.F.);
#153=ORIENTED_EDGE('',*,*,#121,.T.);
#154=ORIENTED_EDGE('',*,*,#122,.T.);
#155=ORIENTED_EDGE('',*,*,#121,.F.);
#156=ORIENTED_EDGE('',*,*,#113,.T.);
#157=ORIENTED_EDGE('',*,*,#123,.T.);
#158=ORIENTED_EDGE('',*,*,#124,.F.);
#159=ORIENTED_EDGE('',*,*,#110,.F.);
#160=ORIENTED_EDGE('',*,*,#125,.F.);
#161=ORIENTED_EDGE('',*,*,#126,.F.);
#162=ORIENTED_EDGE('',*,*,#123,.F.);
#163=ORIENTED_EDGE('',*,*,#116,.F.);
#164=ORIENTED_EDGE('',*,*,#127,.F.);
#165=ORIENTED_EDGE('',*,*,#128,.F.);
#166=ORIENTED_EDGE('',*,*,#109,.F.);
#167=ORIENTED_EDGE('',*,*,#129,.F.);
#168=ORIENTED_EDGE('',*,*,#107,.F.);
#169=ORIENTED_EDGE('',*,*,#130,.F.);
#170=ORIENTED_EDGE('',*,*,#131,.F.);
#171=ORIENTED_EDGE('',*,*,#114,.T.);
#172=ORIENTED_EDGE('',*,*,#125,.T.);
#173=ORIENTED_EDGE('',*,*,#112,.T.);
#174=ORIENTED_EDGE('',*,*,#108,.T.);
#175=ORIENTED_EDGE('',*,*,#129,.T.);
#176=ORIENTED_EDGE('',*,*,#111,.T.);
#177=ORIENTED_EDGE('',*,*,#124,.T.);
#178=ORIENTED_EDGE('',*,*,#126,.T.);
#179=ORIENTED_EDGE('',*,*,#132,.F.);
#180=ORIENTED_EDGE('',*,*,#120,.F.);
#181=ORIENTED_EDGE('',*,*,#133,.T.);
#182=ORIENTED_EDGE('',*,*,#132,.T.);
#183=ORIENTED_EDGE('',*,*,#133,.F.);
#184=ORIENTED_EDGE('',*,*,#106,.T.);
#185=ORIENTED_EDGE('',*,*,#128,.T.);
#186=ORIENTED_EDGE('',*,*,#134,.T.);
#187=ORIENTED_EDGE('',*,*,#130,.T.);
#188=ORIENTED_EDGE('',*,*,#122,.F.);
#189=ORIENTED_EDGE('',*,*,#131,.T.);
#190=ORIENTED_EDGE('',*,*,#134,.F.);
#191=ORIENTED_EDGE('',*,*,#127,.T.);
#192=ORIENTED_EDGE('',*,*,#115,.T.);
#193=CYLINDRICAL_SURFACE('',#227,18.75935);
#194=CYLINDRICAL_SURFACE('',#229,20.3527);
#195=CYLINDRICAL_SURFACE('',#231,20.3527);
#196=CYLINDRICAL_SURFACE('',#239,24.);
#197=CYLINDRICAL_SURFACE('',#241,20.3527);
#198=CYLINDRICAL_SURFACE('',#245,17.);
#199=CYLINDRICAL_SURFACE('',#246,18.75935);
#200=ADVANCED_FACE('',(#24),#193,.F.);
#201=ADVANCED_FACE('',(#25),#194,.F.);
#202=ADVANCED_FACE('',(#26),#195,.F.);
#203=ADVANCED_FACE('',(#27),#23,.T.);
#204=ADVANCED_FACE('',(#28,#17),#20,.T.);
#205=ADVANCED_FACE('',(#29),#196,.T.);
#206=ADVANCED_FACE('',(#30),#197,.F.);
#207=ADVANCED_FACE('',(#31),#15,.F.);
#208=ADVANCED_FACE('',(#32),#16,.F.);
#209=ADVANCED_FACE('',(#33,#18),#21,.F.);
#210=ADVANCED_FACE('',(#34),#198,.F.);
#211=ADVANCED_FACE('',(#35),#199,.F.);
#212=ADVANCED_FACE('',(#36,#19),#22,.F.);
#213=CLOSED_SHELL('',(#200,#201,#202,#203,#204,#205,#206,#207,#208,#209,
#210,#211,#212));
#214=DERIVED_UNIT_ELEMENT(#216,1.);
#215=DERIVED_UNIT_ELEMENT(#1447,-3.);
#216=(
MASS_UNIT()
NAMED_UNIT(*)
SI_UNIT(.KILO.,.GRAM.)
);
#217=DERIVED_UNIT((#214,#215));
#218=MEASURE_REPRESENTATION_ITEM('density measure',
POSITIVE_RATIO_MEASURE(7850.),#217);
#219=PROPERTY_DEFINITION_REPRESENTATION(#224,#221);
#220=PROPERTY_DEFINITION_REPRESENTATION(#225,#222);
#221=REPRESENTATION('material name',(#223),#1444);
#222=REPRESENTATION('density',(#218),#1444);
#223=DESCRIPTIVE_REPRESENTATION_ITEM('Stahl','Stahl');
#224=PROPERTY_DEFINITION('material property','material name',#1454);
#225=PROPERTY_DEFINITION('material property','density of part',#1454);
#226=AXIS2_PLACEMENT_3D('',#300,#249,#250);
#227=AXIS2_PLACEMENT_3D('',#301,#251,#252);
#228=AXIS2_PLACEMENT_3D('',#329,#254,#255);
#229=AXIS2_PLACEMENT_3D('',#355,#256,#257);
#230=AXIS2_PLACEMENT_3D('',#360,#259,#260);
#231=AXIS2_PLACEMENT_3D('',#368,#261,#262);
#232=AXIS2_PLACEMENT_3D('',#384,#264,#265);
#233=AXIS2_PLACEMENT_3D('',#404,#266,#267);
#234=AXIS2_PLACEMENT_3D('',#406,#268,#269);
#235=AXIS2_PLACEMENT_3D('',#408,#270,#271);
#236=AXIS2_PLACEMENT_3D('',#409,#272,#273);
#237=AXIS2_PLACEMENT_3D('',#410,#274,#275);
#238=AXIS2_PLACEMENT_3D('',#412,#276,#277);
#239=AXIS2_PLACEMENT_3D('',#413,#278,#279);
#240=AXIS2_PLACEMENT_3D('',#416,#281,#282);
#241=AXIS2_PLACEMENT_3D('',#417,#283,#284);
#242=AXIS2_PLACEMENT_3D('',#459,#285,#286);
#243=AXIS2_PLACEMENT_3D('',#1434,#287,#288);
#244=AXIS2_PLACEMENT_3D('',#1436,#289,#290);
#245=AXIS2_PLACEMENT_3D('',#1437,#291,#292);
#246=AXIS2_PLACEMENT_3D('',#1439,#294,#295);
#247=AXIS2_PLACEMENT_3D('',#1440,#296,#297);
#248=AXIS2_PLACEMENT_3D('',#1441,#298,#299);
#249=DIRECTION('axis',(0.,0.,1.));
#250=DIRECTION('refdir',(1.,0.,0.));
#251=DIRECTION('center_axis',(0.,-1.22464679914735E-16,-1.));
#252=DIRECTION('ref_axis',(1.,0.,0.));
#253=DIRECTION('',(0.,1.22464679914735E-16,1.));
#254=DIRECTION('center_axis',(0.,-1.22464679914735E-16,-1.));
#255=DIRECTION('ref_axis',(1.,0.,0.));
#256=DIRECTION('center_axis',(0.,-1.22464679914735E-16,-1.));
#257=DIRECTION('ref_axis',(1.,-3.67394039744206E-16,4.49927934798557E-32));
#258=DIRECTION('',(1.22464679914735E-16,-1.22464679914735E-16,-1.));
#259=DIRECTION('center_axis',(0.,1.22464679914735E-16,1.));
#260=DIRECTION('ref_axis',(1.,-3.67394039744206E-16,4.49927934798557E-32));
#261=DIRECTION('center_axis',(0.,-1.22464679914735E-16,-1.));
#262=DIRECTION('ref_axis',(1.,-3.67394039744206E-16,4.49927934798557E-32));
#263=DIRECTION('',(1.22464679914735E-16,-1.22464679914735E-16,-1.));
#264=DIRECTION('center_axis',(0.,1.22464679914735E-16,1.));
#265=DIRECTION('ref_axis',(1.,-3.67394039744206E-16,4.49927934798557E-32));
#266=DIRECTION('center_axis',(0.,-1.22464679914735E-16,-1.));
#267=DIRECTION('ref_axis',(1.,0.,0.));
#268=DIRECTION('center_axis',(0.,1.22464679914735E-16,1.));
#269=DIRECTION('ref_axis',(1.,0.,0.));
#270=DIRECTION('center_axis',(1.22464679914735E-16,1.,-1.22464679914735E-16));
#271=DIRECTION('ref_axis',(-1.,1.22464679914735E-16,0.));
#272=DIRECTION('center_axis',(0.,-1.22464679914735E-16,-1.));
#273=DIRECTION('ref_axis',(1.,0.,0.));
#274=DIRECTION('center_axis',(0.,-1.22464679914735E-16,-1.));
#275=DIRECTION('ref_axis',(1.,0.,0.));
#276=DIRECTION('center_axis',(0.,1.22464679914735E-16,1.));
#277=DIRECTION('ref_axis',(1.,0.,0.));
#278=DIRECTION('center_axis',(0.,-1.22464679914735E-16,-1.));
#279=DIRECTION('ref_axis',(1.,0.,0.));
#280=DIRECTION('',(0.,1.22464679914735E-16,1.));
#281=DIRECTION('center_axis',(0.,-1.22464679914735E-16,-1.));
#282=DIRECTION('ref_axis',(1.,0.,0.));
#283=DIRECTION('center_axis',(0.,-1.22464679914735E-16,-1.));
#284=DIRECTION('ref_axis',(1.,-3.67394039744206E-16,4.49927934798557E-32));
#285=DIRECTION('center_axis',(0.,1.22464679914735E-16,1.));
#286=DIRECTION('ref_axis',(1.,-3.67394039744206E-16,4.49927934798557E-32));
#287=DIRECTION('center_axis',(0.,-1.22464679914735E-16,-1.));
#288=DIRECTION('ref_axis',(1.,0.,0.));
#289=DIRECTION('center_axis',(0.,1.22464679914735E-16,1.));
#290=DIRECTION('ref_axis',(1.,0.,0.));
#291=DIRECTION('center_axis',(0.,-1.22464679914735E-16,-1.));
#292=DIRECTION('ref_axis',(1.,0.,0.));
#293=DIRECTION('',(0.,1.22464679914735E-16,1.));
#294=DIRECTION('center_axis',(0.,-1.22464679914735E-16,-1.));
#295=DIRECTION('ref_axis',(0.798094027754501,-0.602532922637923,7.37890015089433E-17));
#296=DIRECTION('center_axis',(0.,-1.22464679914735E-16,-1.));
#297=DIRECTION('ref_axis',(1.,0.,0.));
#298=DIRECTION('center_axis',(0.,-1.22464679914735E-16,-1.));
#299=DIRECTION('ref_axis',(1.,0.,0.));
#300=CARTESIAN_POINT('',(0.,0.,0.));
#301=CARTESIAN_POINT('Origin',(0.,2.44929359829471E-16,4.));
#302=CARTESIAN_POINT('',(-18.7590042242932,8.8012588999283E-5,2.01460259253499));
#303=CARTESIAN_POINT('',(-18.7583027312845,5.7360622007209E-5,2.23539740757853));
#304=CARTESIAN_POINT('',(-18.75935,2.54228715298796E-15,4.));
#305=CARTESIAN_POINT('',(15.5709973863369,10.4621820294425,0.999999999999998));
#306=CARTESIAN_POINT('Ctrl Pts',(-18.759004224297,8.80125889978086E-5,2.0146025925328));
#307=CARTESIAN_POINT('Ctrl Pts',(-18.7592825992927,1.27773900121635,1.9875061051466));
#308=CARTESIAN_POINT('Ctrl Pts',(-18.6298008954476,2.55532230661203,1.9604096177604));
#309=CARTESIAN_POINT('Ctrl Pts',(-18.3703726214792,3.80601447274704,1.9333131303742));
#310=CARTESIAN_POINT('Ctrl Pts',(-17.7746550264664,6.67794249321397,1.87109225501593));
#311=CARTESIAN_POINT('Ctrl Pts',(-16.4937473563299,9.40807730041863,1.80887137965765));
#312=CARTESIAN_POINT('Ctrl Pts',(-14.6647000358241,11.7005615878566,1.74665050429938));
#313=CARTESIAN_POINT('Ctrl Pts',(-12.8356527153182,13.9930458752946,1.6844296289411));
#314=CARTESIAN_POINT('Ctrl Pts',(-10.4584657444431,15.8478796429658,1.62220875358283));
#315=CARTESIAN_POINT('Ctrl Pts',(-7.79048728379021,17.0666912672405,1.55998787822456));
#316=CARTESIAN_POINT('Ctrl Pts',(-5.78950343830058,17.9807999854465,1.51332222170585));
#317=CARTESIAN_POINT('Ctrl Pts',(-3.62494937981096,18.5371462479919,1.46665656518715));
#318=CARTESIAN_POINT('Ctrl Pts',(-1.43116312121466,18.7046535305373,1.41999090866844));
#319=CARTESIAN_POINT('Ctrl Pts',(0.762623137381687,18.8721608130827,1.37332525214974));
#320=CARTESIAN_POINT('Ctrl Pts',(2.98564159608465,18.6508291156282,1.32665959563103));
#321=CARTESIAN_POINT('Ctrl Pts',(5.10263886676141,18.0525931905014,1.27999393911233));
#322=CARTESIAN_POINT('Ctrl Pts',(7.21963613743813,17.4543572653746,1.23332828259362));
#323=CARTESIAN_POINT('Ctrl Pts',(9.23061222008866,16.4792171125756,1.18666262607492));
#324=CARTESIAN_POINT('Ctrl Pts',(11.0116919733653,15.1877289100778,1.13999696955621));
#325=CARTESIAN_POINT('Ctrl Pts',(12.7927717266419,13.89624070758,1.09333131303751));
#326=CARTESIAN_POINT('Ctrl Pts',(14.3439551505447,12.2884044553833,1.0466656565188));
#327=CARTESIAN_POINT('Ctrl Pts',(15.5709973863368,10.4621820294423,1.0000000000001));
#328=CARTESIAN_POINT('',(18.7467178086201,0.68831956711009,1.));
#329=CARTESIAN_POINT('Origin',(0.,-1.22464679914735E-16,1.));
#330=CARTESIAN_POINT('Ctrl Pts',(18.7479854397697,0.68873428205064,0.999999999997715));
#331=CARTESIAN_POINT('Ctrl Pts',(18.7403712737459,0.899121644116626,1.00446599426534));
#332=CARTESIAN_POINT('Ctrl Pts',(18.7291737333523,1.1093721421747,1.00893198853297));
#333=CARTESIAN_POINT('Ctrl Pts',(18.7143729584138,1.31936656186357,1.0133979828006));
#334=CARTESIAN_POINT('Ctrl Pts',(18.5081664302658,4.24503906173632,1.07561885815888));
#335=CARTESIAN_POINT('Ctrl Pts',(17.6025553681079,7.12100556266511,1.13783973351715));
#336=CARTESIAN_POINT('Ctrl Pts',(16.0958230056297,9.63741418653142,1.20006060887542));
#337=CARTESIAN_POINT('Ctrl Pts',(14.5890906431514,12.1538228103977,1.2622814842337));
#338=CARTESIAN_POINT('Ctrl Pts',(12.4812369803529,14.3106735572016,1.32450235959197));
#339=CARTESIAN_POINT('Ctrl Pts',(9.99970775997264,15.8738952151377,1.38672323495024));
#340=CARTESIAN_POINT('Ctrl Pts',(7.51817853959239,17.4371168730738,1.44894411030852));
#341=CARTESIAN_POINT('Ctrl Pts',(4.6629737616304,18.4067094421422,1.51116498566679));
#342=CARTESIAN_POINT('Ctrl Pts',(1.74259962112314,18.6791905289942,1.57338586102506));
#343=CARTESIAN_POINT('Ctrl Pts',(-1.17777451938413,18.9516716158462,1.63560673638334));
#344=CARTESIAN_POINT('Ctrl Pts',(-4.16331802243669,18.5270412204817,1.69782761174161));
#345=CARTESIAN_POINT('Ctrl Pts',(-6.89115514891325,17.4497884851936,1.76004848709988));
#346=CARTESIAN_POINT('Ctrl Pts',(-9.61899227538983,16.3725357499054,1.82226936245816));
#347=CARTESIAN_POINT('Ctrl Pts',(-12.0891230252904,14.6426606746936,1.88449023781643));
#348=CARTESIAN_POINT('Ctrl Pts',(-14.0352903608857,12.4482908530674,1.9467111131747));
#349=CARTESIAN_POINT('Ctrl Pts',(-15.9814576964809,10.2539210314411,2.00893198853298));
#350=CARTESIAN_POINT('Ctrl Pts',(-17.4036616177709,7.59505646340048,2.07115286389125));
#351=CARTESIAN_POINT('Ctrl Pts',(-18.1475466150161,4.75811942561978,2.13337373924952));
#352=CARTESIAN_POINT('Ctrl Pts',(-18.5541297528841,3.20754270068755,2.16738162869177));
#353=CARTESIAN_POINT('Ctrl Pts',(-18.7580748115538,1.60376937169915,2.20138951813401));
#354=CARTESIAN_POINT('Ctrl Pts',(-18.7583027312806,5.73606220056374E-5,
2.23539740757625));
#355=CARTESIAN_POINT('Origin',(0.,9.21035754260063E-16,9.52082767783596));
#356=CARTESIAN_POINT('',(-20.352324989901,9.55553825904487E-5,1.0946756354345));
#357=CARTESIAN_POINT('',(-20.3527,9.84748288368779E-15,0.999999999999861));
#358=CARTESIAN_POINT('',(-20.3527,1.08909833178626E-14,9.52082767783596));
#359=CARTESIAN_POINT('',(-19.7792465595965,4.79727035144202,0.999999999999999));
#360=CARTESIAN_POINT('Origin',(0.,-1.22464679914735E-16,1.));
#361=CARTESIAN_POINT('Ctrl Pts',(-19.7802214530914,4.79713588727083,1.0000000000015));
#362=CARTESIAN_POINT('Ctrl Pts',(-19.834209791081,4.57519273599265,1.00446599426917));
#363=CARTESIAN_POINT('Ctrl Pts',(-19.8844232561951,4.35233845696302,1.00893198853685));
#364=CARTESIAN_POINT('Ctrl Pts',(-19.9308068686616,4.12869174688297,1.01339798280452));
#365=CARTESIAN_POINT('Ctrl Pts',(-20.2121888645394,2.77195917890266,1.04049053368172));
#366=CARTESIAN_POINT('Ctrl Pts',(-20.352627202826,1.3860640971365,1.06758308455893));
#367=CARTESIAN_POINT('Ctrl Pts',(-20.3523249898981,9.55553825913882E-5,
1.09467563543614));
#368=CARTESIAN_POINT('Origin',(0.,9.21035754260063E-16,9.52082767783596));
#369=CARTESIAN_POINT('',(-20.3525373589512,-0.000178131578492092,3.59467563530063));
#370=CARTESIAN_POINT('',(-20.3515638642476,6.20882786245607E-5,3.15532436444973));
#371=CARTESIAN_POINT('',(-20.3527,1.08909833178626E-14,9.52082767783596));
#372=CARTESIAN_POINT('',(-10.674598551055,-17.3287432627027,4.));
#373=CARTESIAN_POINT('Ctrl Pts',(-20.3525373589512,-0.000178131578492093,
3.59467563530063));
#374=CARTESIAN_POINT('Ctrl Pts',(-20.3517979941595,-2.13710501081348,3.63645244382967));
#375=CARTESIAN_POINT('Ctrl Pts',(-20.0137600639053,-4.27378779280308,3.67822925235872));
#376=CARTESIAN_POINT('Ctrl Pts',(-19.3519252246809,-6.30541398263929,3.72000606088777));
#377=CARTESIAN_POINT('Ctrl Pts',(-18.6126404787463,-8.57478718962769,3.76667171740647));
#378=CARTESIAN_POINT('Ctrl Pts',(-17.4693412446583,-10.7130770411851,3.81333737392518));
#379=CARTESIAN_POINT('Ctrl Pts',(-15.9929250545431,-12.5885772576124,3.86000303044389));
#380=CARTESIAN_POINT('Ctrl Pts',(-14.516508864428,-14.4640774740398,3.90666868696259));
#381=CARTESIAN_POINT('Ctrl Pts',(-12.7069757182858,-16.076788055337,3.9533343434813));
#382=CARTESIAN_POINT('Ctrl Pts',(-10.6745985510082,-17.328743262707,4.));
#383=CARTESIAN_POINT('',(10.6745985510549,-17.3287432627027,4.));
#384=CARTESIAN_POINT('Origin',(0.,2.44929359829471E-16,4.));
#385=CARTESIAN_POINT('Ctrl Pts',(-20.3515638642479,6.2088278624665E-5,3.1553243644499));
#386=CARTESIAN_POINT('Ctrl Pts',(-20.3517693726565,-1.4431806918603,3.18353341393255));
#387=CARTESIAN_POINT('Ctrl Pts',(-20.1999027512168,-2.8863776108093,3.2117424634152));
#388=CARTESIAN_POINT('Ctrl Pts',(-19.8952948679405,-4.29655141237938,3.23995151289785));
#389=CARTESIAN_POINT('Ctrl Pts',(-19.2234193710316,-7.40698051049431,3.30217238825613));
#390=CARTESIAN_POINT('Ctrl Pts',(-17.8084362754027,-10.3567475244899,3.3643932636144));
#391=CARTESIAN_POINT('Ctrl Pts',(-15.8031701093897,-12.8273105168209,3.42661413897267));
#392=CARTESIAN_POINT('Ctrl Pts',(-13.7979039433768,-15.2978735091518,3.48883501433095));
#393=CARTESIAN_POINT('Ctrl Pts',(-11.2023547069797,-17.2892324798179,3.55105588968922));
#394=CARTESIAN_POINT('Ctrl Pts',(-8.29661374853499,-18.5864780919663,3.61327676504749));
#395=CARTESIAN_POINT('Ctrl Pts',(-5.39087279009031,-19.8837237041147,3.67549764040576));
#396=CARTESIAN_POINT('Ctrl Pts',(-2.17494010959806,-20.4868559577452,3.73771851576404));
#397=CARTESIAN_POINT('Ctrl Pts',(1.00314773309691,-20.3299378732275,3.79993939112231));
#398=CARTESIAN_POINT('Ctrl Pts',(4.18123557579189,-20.1730197887098,3.86216026648059));
#399=CARTESIAN_POINT('Ctrl Pts',(7.32147858068958,-19.2560513660439,3.92438114183886));
#400=CARTESIAN_POINT('Ctrl Pts',(10.0855950915543,-17.67920744968,3.98660201719713));
#401=CARTESIAN_POINT('Ctrl Pts',(10.28399359401,-17.5660271729502,3.99106801146475));
#402=CARTESIAN_POINT('Ctrl Pts',(10.4804543452636,-17.4494473097742,3.99553400573238));
#403=CARTESIAN_POINT('Ctrl Pts',(10.6748812788037,-17.3295568589642,4.));
#404=CARTESIAN_POINT('Origin',(0.,-1.46957615897682E-16,0.8));
#405=CARTESIAN_POINT('',(-23.2,-3.08610993385133E-15,0.));
#406=CARTESIAN_POINT('Origin',(0.,-2.44929359829471E-16,0.));
#407=CARTESIAN_POINT('',(-24.,2.79219470205597E-15,0.8));
#408=CARTESIAN_POINT('Origin',(-23.2,2.69422295812418E-15,0.8));
#409=CARTESIAN_POINT('Origin',(0.,-1.46957615897682E-16,0.8));
#410=CARTESIAN_POINT('Origin',(0.,-2.44929359829471E-16,0.));
#411=CARTESIAN_POINT('',(-17.,1.83697019872103E-15,0.));
#412=CARTESIAN_POINT('Origin',(0.,-2.44929359829471E-16,0.));
#413=CARTESIAN_POINT('Origin',(0.,2.44929359829471E-16,4.));
#414=CARTESIAN_POINT('',(-24.,3.18408167778312E-15,4.));
#415=CARTESIAN_POINT('',(-24.,3.18408167778312E-15,4.));
#416=CARTESIAN_POINT('Origin',(0.,2.44929359829471E-16,4.));
#417=CARTESIAN_POINT('Origin',(0.,9.21035754260063E-16,9.52082767783596));
#418=CARTESIAN_POINT('',(-13.1819818388083,-15.5070226701151,1.));
#419=CARTESIAN_POINT('Ctrl Pts',(-13.181981838806,-15.5070226701123,0.999999999999963));
#420=CARTESIAN_POINT('Ctrl Pts',(-11.3632625970599,-17.0530527833455,1.04666565651863));
#421=CARTESIAN_POINT('Ctrl Pts',(-9.27033099669677,-18.2756546699858,1.09333131303729));
#422=CARTESIAN_POINT('Ctrl Pts',(-7.03037448262445,-19.1002519224609,1.13999696955595));
#423=CARTESIAN_POINT('Ctrl Pts',(-4.79041796855016,-19.9248491749367,1.18666262607466));
#424=CARTESIAN_POINT('Ctrl Pts',(-2.40343654076637,-20.3514417932466,1.23332828259336));
#425=CARTESIAN_POINT('Ctrl Pts',(-0.0167088130057512,-20.3532606429379,
1.27999393911207));
#426=CARTESIAN_POINT('Ctrl Pts',(2.37001891475487,-20.3550794926292,1.32665959563077));
#427=CARTESIAN_POINT('Ctrl Pts',(4.75649294249231,-19.9321245737019,1.37332525214948));
#428=CARTESIAN_POINT('Ctrl Pts',(6.99816377571006,-19.1116915330085,1.41999090866818));
#429=CARTESIAN_POINT('Ctrl Pts',(9.23983460892785,-18.291258492315,1.46665656518689));
#430=CARTESIAN_POINT('Ctrl Pts',(11.3367022476259,-17.0733473298555,1.51332222170559));
#431=CARTESIAN_POINT('Ctrl Pts',(13.1572772586342,-15.5300006063623,1.5599878782243));
#432=CARTESIAN_POINT('Ctrl Pts',(15.5847106066451,-13.472204975038,1.62220875358257));
#433=CARTESIAN_POINT('Ctrl Pts',(17.5209570609853,-10.8358572352094,1.68442962894084));
#434=CARTESIAN_POINT('Ctrl Pts',(18.7566724067732,-7.90364321959763,1.74665050429912));
#435=CARTESIAN_POINT('Ctrl Pts',(19.9923877525612,-4.97142920398582,1.80887137965739));
#436=CARTESIAN_POINT('Ctrl Pts',(20.5275719897969,-1.74334891259077,1.87109225501566));
#437=CARTESIAN_POINT('Ctrl Pts',(20.3039452511964,1.43082605762441,1.93331313037394));
#438=CARTESIAN_POINT('Ctrl Pts',(20.0803185125959,4.6050010278396,1.99553400573221));
#439=CARTESIAN_POINT('Ctrl Pts',(19.0978807981592,7.72527067687493,2.05775488109048));
#440=CARTESIAN_POINT('Ctrl Pts',(17.463253179172,10.455462286161,2.11997575644875));
#441=CARTESIAN_POINT('Ctrl Pts',(15.8286255601849,13.185653895447,2.18219663180703));
#442=CARTESIAN_POINT('Ctrl Pts',(13.5418080366472,15.5257674649837,2.2444175071653));
#443=CARTESIAN_POINT('Ctrl Pts',(10.8495572162292,17.2218433135352,2.30663838252357));
#444=CARTESIAN_POINT('Ctrl Pts',(8.15730639581109,18.9179191620868,2.36885925788185));
#445=CARTESIAN_POINT('Ctrl Pts',(5.05962227851254,19.9699572896533,2.43108013324012));
#446=CARTESIAN_POINT('Ctrl Pts',(1.89121110528257,20.2656759557113,2.49330100859839));
#447=CARTESIAN_POINT('Ctrl Pts',(-1.27720006794743,20.5613946217692,2.55552188395666));
#448=CARTESIAN_POINT('Ctrl Pts',(-4.51633829710887,20.1007938263187,2.61774275931494));
#449=CARTESIAN_POINT('Ctrl Pts',(-7.47590253617449,18.9321310581671,2.67996363467321));
#450=CARTESIAN_POINT('Ctrl Pts',(-10.4354667752401,17.7634682900156,2.74218451003149));
#451=CARTESIAN_POINT('Ctrl Pts',(-13.1154570242098,15.8867435491632,2.80440538538976));
#452=CARTESIAN_POINT('Ctrl Pts',(-15.2269952967027,13.5060547190525,2.86662626074803));
#453=CARTESIAN_POINT('Ctrl Pts',(-17.3385335691955,11.1253658889418,2.92884713610631));
#454=CARTESIAN_POINT('Ctrl Pts',(-18.8816198652113,8.24071296957286,2.99106801146458));
#455=CARTESIAN_POINT('Ctrl Pts',(-19.6887790641248,5.16284091877132,3.05328888682285));
#456=CARTESIAN_POINT('Ctrl Pts',(-20.1299968703558,3.48038229605774,3.08730071269848));
#457=CARTESIAN_POINT('Ctrl Pts',(-20.351316081485,1.74018885733301,3.1213125385741));
#458=CARTESIAN_POINT('Ctrl Pts',(-20.3515638642476,6.20882786245607E-5,
3.15532436444973));
#459=CARTESIAN_POINT('Origin',(0.,-1.22464679914735E-16,1.));
#460=CARTESIAN_POINT('Ctrl Pts',(-20.352324989901,9.55553825904487E-5,1.0946756354345));
#461=CARTESIAN_POINT('Ctrl Pts',(-20.3522801710377,-0.205446725853355,1.09869352223643));
#462=CARTESIAN_POINT('Ctrl Pts',(-20.3491399659438,-0.41099062273619,1.10271140903835));
#463=CARTESIAN_POINT('Ctrl Pts',(-20.3429050370904,-0.616441255633622,1.10672929584028));
#464=CARTESIAN_POINT('Ctrl Pts',(-20.2946280758197,-2.20724244690332,1.13783973351942));
#465=CARTESIAN_POINT('Ctrl Pts',(-20.0608106082554,-3.79245210612797,1.16895017119856));
#466=CARTESIAN_POINT('Ctrl Pts',(-19.6439132902102,-5.32796885839254,1.20006060887769));
#467=CARTESIAN_POINT('Ctrl Pts',(-18.8101186541197,-8.39900236292168,1.26228148423597));
#468=CARTESIAN_POINT('Ctrl Pts',(-17.2440046161055,-11.2712642396105,1.32450235959424));
#469=CARTESIAN_POINT('Ctrl Pts',(-15.1128433226877,-13.6339830166607,1.38672323495252));
#470=CARTESIAN_POINT('Ctrl Pts',(-12.9816820292698,-15.9967017937109,1.44894411031079));
#471=CARTESIAN_POINT('Ctrl Pts',(-10.2854734804482,-17.8498774711225,1.51116498566907));
#472=CARTESIAN_POINT('Ctrl Pts',(-7.31600738812192,-18.9937974477243,1.57338586102734));
#473=CARTESIAN_POINT('Ctrl Pts',(-4.3465412957957,-20.137717424326,1.63560673638561));
#474=CARTESIAN_POINT('Ctrl Pts',(-1.1038176599649,-20.5723817001181,1.69782761174388));
#475=CARTESIAN_POINT('Ctrl Pts',(2.06178969537611,-20.2499664056181,1.76004848710216));
#476=CARTESIAN_POINT('Ctrl Pts',(5.22739705071715,-19.9275511111182,1.82226936246043));
#477=CARTESIAN_POINT('Ctrl Pts',(8.31588812556839,-18.8480562463263,1.8844902378187));
#478=CARTESIAN_POINT('Ctrl Pts',(10.9938925716692,-17.1292268156896,1.94671111317698));
#479=CARTESIAN_POINT('Ctrl Pts',(13.67189701777,-15.4103973850529,2.00893198853525));
#480=CARTESIAN_POINT('Ctrl Pts',(15.9394148351204,-13.0522333885715,2.07115286389352));
#481=CARTESIAN_POINT('Ctrl Pts',(17.5509743220637,-10.3085276780245,2.1333737392518));
#482=CARTESIAN_POINT('Ctrl Pts',(19.162533809007,-7.56482196747746,2.19559461461007));
#483=CARTESIAN_POINT('Ctrl Pts',(20.1181349655432,-4.43557454286479,2.25781548996834));
#484=CARTESIAN_POINT('Ctrl Pts',(20.3149293868819,-1.25955832742467,2.32003636532662));
#485=CARTESIAN_POINT('Ctrl Pts',(20.5117238082205,1.91645788801544,2.38225724068489));
#486=CARTESIAN_POINT('Ctrl Pts',(19.9497114943616,5.139242894283,2.44447811604316));
#487=CARTESIAN_POINT('Ctrl Pts',(18.6895005035633,8.06107078810573,2.50669899140143));
#488=CARTESIAN_POINT('Ctrl Pts',(17.429289512765,10.9828986819285,2.56891986675971));
#489=CARTESIAN_POINT('Ctrl Pts',(15.4708798450273,13.6037694633064,2.63114074211798));
#490=CARTESIAN_POINT('Ctrl Pts',(13.0258497909075,15.6402408788545,2.69336161747626));
#491=CARTESIAN_POINT('Ctrl Pts',(10.5808197367878,17.6767122944026,2.75558249283453));
#492=CARTESIAN_POINT('Ctrl Pts',(7.64916929628614,19.1287843441209,2.8178033681928));
#493=CARTESIAN_POINT('Ctrl Pts',(4.5475622007863,19.839731333824,2.88002424355107));
#494=CARTESIAN_POINT('Ctrl Pts',(1.44595510528644,20.5506783235272,2.94224511890935));
#495=CARTESIAN_POINT('Ctrl Pts',(-1.82560864521156,20.5205002532152,3.00446599426762));
#496=CARTESIAN_POINT('Ctrl Pts',(-4.91363527703779,19.7522611612277,3.06668686962589));
#497=CARTESIAN_POINT('Ctrl Pts',(-8.00166190886404,18.9840220692401,3.12890774498417));
#498=CARTESIAN_POINT('Ctrl Pts',(-10.9061514220185,17.477721955577,3.19112862034244));
#499=CARTESIAN_POINT('Ctrl Pts',(-13.3129041488827,15.3963855955287,3.25334949570072));
#500=CARTESIAN_POINT('Ctrl Pts',(-15.7196568757468,13.3150492354804,3.31557037105899));
#501=CARTESIAN_POINT('Ctrl Pts',(-17.6286728163206,10.658676629047,3.37779124641726));
#502=CARTESIAN_POINT('Ctrl Pts',(-18.8356946684355,7.71416840913912,3.44001212177554));
#503=CARTESIAN_POINT('Ctrl Pts',(-19.7409610575217,5.50578724420824,3.48667777829424));
#504=CARTESIAN_POINT('Ctrl Pts',(-20.2513557718499,3.13532979669804,3.53334343481295));
#505=CARTESIAN_POINT('Ctrl Pts',(-20.3389180001233,0.749872791733247,3.58000909133165));
#506=CARTESIAN_POINT('Ctrl Pts',(-20.3480913077675,0.499964453286025,3.58489793932131));
#507=CARTESIAN_POINT('Ctrl Pts',(-20.3526238816465,0.249891489472887,3.58978678731097));
#508=CARTESIAN_POINT('Ctrl Pts',(-20.3525373589512,-0.000178131578492093,
3.59467563530063));
#509=CARTESIAN_POINT('Ctrl Pts',(5.13842358193871,18.0418905745425,3.99999999982597));
#510=CARTESIAN_POINT('Ctrl Pts',(7.25444122397583,17.4392378255571,3.95333434330727));
#511=CARTESIAN_POINT('Ctrl Pts',(11.2715683312766,15.4823573639282,3.86000303026985));
#512=CARTESIAN_POINT('Ctrl Pts',(15.9176358972479,10.6488424242054,3.72000606071375));
#513=CARTESIAN_POINT('Ctrl Pts',(18.6108640657764,4.51112893064052,3.58000909115762));
#514=CARTESIAN_POINT('Ctrl Pts',(19.0750424886504,-2.92344441828024,3.42445690276195));
#515=CARTESIAN_POINT('Ctrl Pts',(16.2461488210441,-10.7180499349958,3.25334949552669));
#516=CARTESIAN_POINT('Ctrl Pts',(9.64320742471029,-16.9030865917553,3.06668686945188));
#517=CARTESIAN_POINT('Ctrl Pts',(0.960073438316963,-19.4388897079165,2.88002424337706));
#518=CARTESIAN_POINT('Ctrl Pts',(-7.93247779864752,-17.7714089650884,2.69336161730224));
#519=CARTESIAN_POINT('Ctrl Pts',(-15.10969634667,-12.2652370988869,2.50669899122742));
#520=CARTESIAN_POINT('Ctrl Pts',(-19.022563758361,-4.10883662713738,2.3200363651526));
#521=CARTESIAN_POINT('Ctrl Pts',(-18.8258655387623,4.93619189528148,2.13337373907778));
#522=CARTESIAN_POINT('Ctrl Pts',(-14.5592537749602,12.9127855992769,1.94671111300295));
#523=CARTESIAN_POINT('Ctrl Pts',(-7.14886152537599,18.1024108248301,1.76004848692814));
#524=CARTESIAN_POINT('Ctrl Pts',(1.80776898363961,19.3763020109034,1.57338586085332));
#525=CARTESIAN_POINT('Ctrl Pts',(10.3733833173898,16.4675243037443,1.3867232347785));
#526=CARTESIAN_POINT('Ctrl Pts',(16.6969443056851,9.99697206343548,1.20006060870368));
#527=CARTESIAN_POINT('Ctrl Pts',(19.4137774921158,1.36907256078597,1.01339798262886));
#528=CARTESIAN_POINT('Ctrl Pts',(17.9341834745537,-7.55706293552261,0.826735356554042));
#529=CARTESIAN_POINT('Ctrl Pts',(13.0265566343344,-14.239588206902,0.655627949318791));
#530=CARTESIAN_POINT('Ctrl Pts',(6.58429986587368,-17.9816616205441,0.500075760923107));
#531=CARTESIAN_POINT('Ctrl Pts',(-0.0145984672384667,-19.1513867360364,
0.360078791366992));
#532=CARTESIAN_POINT('Ctrl Pts',(-6.61496955549346,-17.9719946381545,0.220081821810878));
#533=CARTESIAN_POINT('Ctrl Pts',(-10.473201350955,-15.7183328273331,0.126750508773468));
#534=CARTESIAN_POINT('Ctrl Pts',(-12.1495809765588,-14.2933863903986,0.0800848522547633));
#535=CARTESIAN_POINT('Ctrl Pts',(5.28410479978343,18.5526371397959,4.30663818935914));
#536=CARTESIAN_POINT('Ctrl Pts',(7.46002463136753,17.9328983763666,4.25997253284043));
#537=CARTESIAN_POINT('Ctrl Pts',(11.5908632140307,15.9205696100313,4.16664121980302));
#538=CARTESIAN_POINT('Ctrl Pts',(16.3684167434499,10.9501557497347,4.02664425024691));
#539=CARTESIAN_POINT('Ctrl Pts',(19.1378272979813,4.63864054360174,3.88664728069079));
#540=CARTESIAN_POINT('Ctrl Pts',(19.6150645155229,-3.00642644794136,3.73109509229511));
#541=CARTESIAN_POINT('Ctrl Pts',(16.7059918000359,-11.0216820789226,3.55998768505986));
#542=CARTESIAN_POINT('Ctrl Pts',(9.91603808986826,-17.3817563887611,3.37332505898504));
#543=CARTESIAN_POINT('Ctrl Pts',(0.987037926474148,-19.9892564124892,3.18666243291022));
#544=CARTESIAN_POINT('Ctrl Pts',(-8.15726156309907,-18.2744664035345,2.9999998068354));
#545=CARTESIAN_POINT('Ctrl Pts',(-15.5376207818166,-12.6123229958268,2.81333718076058));
#546=CARTESIAN_POINT('Ctrl Pts',(-19.561178582398,-4.22495389569258,2.62667455468576));
#547=CARTESIAN_POINT('Ctrl Pts',(-19.3588103486212,5.0761562672326,2.44001192861094));
#548=CARTESIAN_POINT('Ctrl Pts',(-14.9713126721579,13.2785364907257,2.25334930253612));
#549=CARTESIAN_POINT('Ctrl Pts',(-7.35105859467471,18.6150081480725,2.0666866764613));
#550=CARTESIAN_POINT('Ctrl Pts',(1.85916725456837,19.9248657967178,1.88002405038648));
#551=CARTESIAN_POINT('Ctrl Pts',(10.6672596963381,16.9336387420567,1.69336142431166));
#552=CARTESIAN_POINT('Ctrl Pts',(17.1697817327759,10.2798208550154,1.50669879823684));
#553=CARTESIAN_POINT('Ctrl Pts',(19.9634377866862,1.40761695765127,1.32003617216202));
#554=CARTESIAN_POINT('Ctrl Pts',(18.4418535977539,-7.77121973219362,1.13337354608721));
#555=CARTESIAN_POINT('Ctrl Pts',(13.3952068164845,-14.6428865522514,0.962266138851956));
#556=CARTESIAN_POINT('Ctrl Pts',(6.77051435231281,-18.490833970649,0.806713950456272));
#557=CARTESIAN_POINT('Ctrl Pts',(-0.0152257841322716,-19.6936027333164,
0.666716980900157));
#558=CARTESIAN_POINT('Ctrl Pts',(-6.80245412397373,-18.480745803228,0.526720011344044));
#559=CARTESIAN_POINT('Ctrl Pts',(-10.7698954167174,-16.1632349572752,0.433388698306634));
#560=CARTESIAN_POINT('Ctrl Pts',(-12.4937209640914,-14.6979265492604,0.386723041787929));
#561=CARTESIAN_POINT('Ctrl Pts',(5.42977741289208,19.0633860296695,4.61327659191117));
#562=CARTESIAN_POINT('Ctrl Pts',(7.66559970629251,18.4265622595699,4.56661093539247));
#563=CARTESIAN_POINT('Ctrl Pts',(11.9101506689283,16.3587871116295,4.47327962235506));
#564=CARTESIAN_POINT('Ctrl Pts',(16.8191924275693,11.2514765682716,4.33328265279894));
#565=CARTESIAN_POINT('Ctrl Pts',(19.6647882669618,4.76616096906509,4.19328568324283));
#566=CARTESIAN_POINT('Ctrl Pts',(20.1550878075406,-3.08939939642389,4.03773349484715));
#567=CARTESIAN_POINT('Ctrl Pts',(17.1658397663735,-11.3253064358865,3.8666260876119));
#568=CARTESIAN_POINT('Ctrl Pts',(10.1888767229996,-17.8604214950659,3.67996346153708));
#569=CARTESIAN_POINT('Ctrl Pts',(1.01401164325668,-20.5396225352409,3.49330083546226));
#570=CARTESIAN_POINT('Ctrl Pts',(-8.38203683348602,-18.7775274959201,3.30663820938744));
#571=CARTESIAN_POINT('Ctrl Pts',(-15.965539292239,-12.9594159914801,3.11997558331262));
#572=CARTESIAN_POINT('Ctrl Pts',(-20.0997913312997,-4.34108017509257,2.9333129572378));
#573=CARTESIAN_POINT('Ctrl Pts',(-19.8917573823021,5.21611166394403,2.74665033116298));
#574=CARTESIAN_POINT('Ctrl Pts',(-15.3833776098976,13.6442803816752,2.55998770508816));
#575=CARTESIAN_POINT('Ctrl Pts',(-7.55326421750863,19.1276019581865,2.37332507901334));
#576=CARTESIAN_POINT('Ctrl Pts',(1.91055630829664,20.4734303163284,2.18666245293852));
#577=CARTESIAN_POINT('Ctrl Pts',(10.9611281849972,17.3997580015089,1.9999998268637));
#578=CARTESIAN_POINT('Ctrl Pts',(17.6426143024261,10.5626775146782,1.81333720078888));
#579=CARTESIAN_POINT('Ctrl Pts',(20.5130973058056,1.44617056845611,1.62667457471406));
#580=CARTESIAN_POINT('Ctrl Pts',(18.9495271954989,-7.98536795980766,1.44001194863924));
#581=CARTESIAN_POINT('Ctrl Pts',(13.7638636788493,-15.0461786168051,1.26890454140399));
#582=CARTESIAN_POINT('Ctrl Pts',(6.95673733916372,-19.0000030764413,1.11335235300831));
#583=CARTESIAN_POINT('Ctrl Pts',(-0.0158440028290864,-20.2358186140381,
0.973355383452195));
#584=CARTESIAN_POINT('Ctrl Pts',(-6.98993011115708,-18.9894999941742,0.833358413896081));
#585=CARTESIAN_POINT('Ctrl Pts',(-11.0665819480934,-16.6081419624948,0.740027100858671));
#586=CARTESIAN_POINT('Ctrl Pts',(-12.8378540824567,-15.1024723879007,0.693361444339966));
#587=CARTESIAN_POINT('Ctrl Pts',(5.57544330508538,19.5741367432075,4.91991514757133));
#588=CARTESIAN_POINT('Ctrl Pts',(7.87116827388201,18.9202287535213,4.87324949105263));
#589=CARTESIAN_POINT('Ctrl Pts',(12.2294323249631,16.7970087258057,4.77991817801521));
#590=CARTESIAN_POINT('Ctrl Pts',(17.2699640849942,11.5528032455669,4.63992120845911));
#591=CARTESIAN_POINT('Ctrl Pts',(20.1917474752912,4.89368828172468,4.49992423890299));
#592=CARTESIAN_POINT('Ctrl Pts',(20.6951120958408,-3.1723652508333,4.34437205050731));
#593=CARTESIAN_POINT('Ctrl Pts',(17.6256916360827,-11.6289247131928,4.17326464327206));
#594=CARTESIAN_POINT('Ctrl Pts',(10.4617215855874,-18.3390829433781,3.98660201719724));
#595=CARTESIAN_POINT('Ctrl Pts',(1.0409925708942,-21.0899882113759,3.79993939112242));
#596=CARTESIAN_POINT('Ctrl Pts',(-8.60680547058266,-19.2805914504843,3.6132767650476));
#597=CARTESIAN_POINT('Ctrl Pts',(-16.393453179774,-13.3065145384857,3.42661413897278));
#598=CARTESIAN_POINT('Ctrl Pts',(-20.6384024666606,-4.45721349649871,3.23995151289796));
#599=CARTESIAN_POINT('Ctrl Pts',(-20.4247061612277,5.35606005020404,3.05328888682314));
#600=CARTESIAN_POINT('Ctrl Pts',(-15.79544727318,14.010018808311,2.86662626074832));
#601=CARTESIAN_POINT('Ctrl Pts',(-7.75547652627041,19.6401930308686,2.6799636346735));
#602=CARTESIAN_POINT('Ctrl Pts',(1.96193816121401,21.0219954172203,2.49330100859868));
#603=CARTESIAN_POINT('Ctrl Pts',(11.2549905131099,17.8658810345208,2.30663838252386));
#604=CARTESIAN_POINT('Ctrl Pts',(18.1154430837229,10.8455403259105,2.11997575644904));
#605=CARTESIAN_POINT('Ctrl Pts',(21.0627562270331,1.48473137880432,1.93331313037422));
#606=CARTESIAN_POINT('Ctrl Pts',(19.4572035153259,-8.199509495381,1.7466505042994));
#607=CARTESIAN_POINT('Ctrl Pts',(14.1325257658904,-15.4494657799098,1.57554309706415));
#608=CARTESIAN_POINT('Ctrl Pts',(7.14296697022995,-19.509169654775,1.41999090866847));
#609=CARTESIAN_POINT('Ctrl Pts',(-0.0164551129825771,-20.778034411557,1.27999393911235));
#610=CARTESIAN_POINT('Ctrl Pts',(-7.17739939633413,-19.4982565566272,1.13999696955624));
#611=CARTESIAN_POINT('Ctrl Pts',(-11.3632625970638,-17.0530527833438,1.04666565651883));
#612=CARTESIAN_POINT('Ctrl Pts',(-13.1819818388111,-15.5070226701086,1.00000000000013));
#613=CARTESIAN_POINT('Ctrl Pts',(-13.1819818387605,-15.5070226700492,0.99999999995507));
#614=CARTESIAN_POINT('Ctrl Pts',(-12.8515984589339,-15.7691384005863,0.999999999960487));
#615=CARTESIAN_POINT('Ctrl Pts',(-12.5132686341191,-16.0206588898428,0.999999999965079));
#616=CARTESIAN_POINT('Ctrl Pts',(-12.1675542185929,-16.2613330153476,0.999999999968033));
#617=CARTESIAN_POINT('Ctrl Pts',(-11.8207339197366,-16.5027770176392,0.999999999970997));
#618=CARTESIAN_POINT('Ctrl Pts',(-11.4664812315185,-16.7333054171469,0.999999999972311));
#619=CARTESIAN_POINT('Ctrl Pts',(-11.105335195003,-16.9526205600503,0.99999999997162));
#620=CARTESIAN_POINT('Ctrl Pts',(-10.7459800649032,-17.1708481293497,0.999999999970933));
#621=CARTESIAN_POINT('Ctrl Pts',(-10.3797992864048,-17.3779735816809,0.99999999996826));
#622=CARTESIAN_POINT('Ctrl Pts',(-10.0073033864771,-17.5736566624263,0.999999999963718));
#623=CARTESIAN_POINT('Ctrl Pts',(-9.63760163481321,-17.7678718946923,0.999999999959211));
#624=CARTESIAN_POINT('Ctrl Pts',(-9.26167866944374,-17.9508159524564,0.999999999952863));
#625=CARTESIAN_POINT('Ctrl Pts',(-8.88002060834714,-18.1221069489077,0.999999999945261));
#626=CARTESIAN_POINT('Ctrl Pts',(-8.72239384491226,-18.1928510209668,0.999999999942122));
#627=CARTESIAN_POINT('Ctrl Pts',(-8.56378871377726,-18.2616067931977,0.999999999938775));
#628=CARTESIAN_POINT('Ctrl Pts',(-8.40423909742851,-18.3283447727301,0.999999999935285));
#629=CARTESIAN_POINT('Ctrl Pts',(-8.33358964999766,-18.3578967170375,0.999999999933739));
#630=CARTESIAN_POINT('Ctrl Pts',(-8.26275500918049,-18.3870529987902,0.999999999932163));
#631=CARTESIAN_POINT('Ctrl Pts',(-8.19173810997051,-18.4158109589736,0.999999999930568));
#632=CARTESIAN_POINT('Ctrl Pts',(-8.13513617330574,-18.4387316476973,0.999999999929296));
#633=CARTESIAN_POINT('Ctrl Pts',(-8.07841845837602,-18.4613993046893,0.99999999992801));
#634=CARTESIAN_POINT('Ctrl Pts',(-8.02158645010935,-18.4838125557713,0.999999999926716));
#635=CARTESIAN_POINT('Ctrl Pts',(-7.9865831881619,-18.4976170459282,0.999999999925918));
#636=CARTESIAN_POINT('Ctrl Pts',(-7.95153742477308,-18.5113246659276,0.999999999925123));
#637=CARTESIAN_POINT('Ctrl Pts',(-7.91646141545619,-18.524930564273,0.999999999924336));
#638=CARTESIAN_POINT('Ctrl Pts',(-7.59584326354132,-18.6492975623329,0.999999999917147));
#639=CARTESIAN_POINT('Ctrl Pts',(-7.27243592849303,-18.7652714006076,0.999999999910647));
#640=CARTESIAN_POINT('Ctrl Pts',(-6.94653746836867,-18.8727186362602,0.999999999904194));
#641=CARTESIAN_POINT('Ctrl Pts',(-6.55077614017239,-19.0031993408227,0.999999999896357));
#642=CARTESIAN_POINT('Ctrl Pts',(-6.1513414045703,-19.1211074433807,0.999999999888578));
#643=CARTESIAN_POINT('Ctrl Pts',(-5.74885702460103,-19.2264206153639,0.999999999880132));
#644=CARTESIAN_POINT('Ctrl Pts',(-5.34418816926238,-19.332305372337,0.99999999987164));
#645=CARTESIAN_POINT('Ctrl Pts',(-4.93643593383368,-19.425458207729,0.999999999862472));
#646=CARTESIAN_POINT('Ctrl Pts',(-4.52622007678935,-19.5058057644952,0.999999999852386));
#647=CARTESIAN_POINT('Ctrl Pts',(-4.11676364409496,-19.5860045754485,0.999999999842318));
#648=CARTESIAN_POINT('Ctrl Pts',(-3.70485215180549,-19.6534455195949,0.999999999831332));
#649=CARTESIAN_POINT('Ctrl Pts',(-3.2910960278142,-19.7080043429419,0.999999999819687));
#650=CARTESIAN_POINT('Ctrl Pts',(-2.87987945875308,-19.7622282948012,0.999999999808114));
#651=CARTESIAN_POINT('Ctrl Pts',(-2.46684030115342,-19.8037277891331,0.999999999795891));
#652=CARTESIAN_POINT('Ctrl Pts',(-2.05258005788882,-19.8323297607319,0.999999999783771));
#653=CARTESIAN_POINT('Ctrl Pts',(-1.71430553132119,-19.85568541351,0.999999999773874));
#654=CARTESIAN_POINT('Ctrl Pts',(-1.37521670739316,-19.8704401426999,0.999999999764055));
#655=CARTESIAN_POINT('Ctrl Pts',(-1.03564591948985,-19.876474051681,0.999999999754984));
#656=CARTESIAN_POINT('Ctrl Pts',(-0.86586052553819,-19.8794910061715,0.999999999750449));
#657=CARTESIAN_POINT('Ctrl Pts',(-0.69595472937852,-19.8803273922511,0.999999999746104));
#658=CARTESIAN_POINT('Ctrl Pts',(-0.525970727676086,-19.8789660248953,0.999999999742055));
#659=CARTESIAN_POINT('Ctrl Pts',(-0.476817458152677,-19.8785723663399,0.999999999740885));
#660=CARTESIAN_POINT('Ctrl Pts',(-0.427657652686748,-19.8779949312851,0.999999999739738));
#661=CARTESIAN_POINT('Ctrl Pts',(-0.378492339881533,-19.8772332811548,0.99999999973862));
#662=CARTESIAN_POINT('Ctrl Pts',(-0.34092238741628,-19.8766512618904,0.999999999737765));
#663=CARTESIAN_POINT('Ctrl Pts',(-0.303359009850717,-19.8759618229224,0.999999999736929));
#664=CARTESIAN_POINT('Ctrl Pts',(-0.265803560491863,-19.8751649568646,0.999999999736108));
#665=CARTESIAN_POINT('Ctrl Pts',(-0.182545327990075,-19.873398351468,0.999999999734286));
#666=CARTESIAN_POINT('Ctrl Pts',(-0.0993245840567164,-19.8711037429855,
0.999999999732544));
#667=CARTESIAN_POINT('Ctrl Pts',(-0.0161461603109436,-19.8682808371215,
0.999999999730868));
#668=CARTESIAN_POINT('Ctrl Pts',(0.394916059106764,-19.8543302247225,0.999999999722583));
#669=CARTESIAN_POINT('Ctrl Pts',(0.804944463437484,-19.827481392682,0.999999999715882));
#670=CARTESIAN_POINT('Ctrl Pts',(1.21337321655914,-19.7879570458219,0.999999999709632));
#671=CARTESIAN_POINT('Ctrl Pts',(1.62501502045654,-19.7481217665595,0.999999999703333));
#672=CARTESIAN_POINT('Ctrl Pts',(2.03503243205988,-19.6954106706168,0.999999999697489));
#673=CARTESIAN_POINT('Ctrl Pts',(2.44284468214316,-19.6299988739863,0.99999999969145));
#674=CARTESIAN_POINT('Ctrl Pts',(2.85163028153588,-19.5644309552014,0.999999999685396));
#675=CARTESIAN_POINT('Ctrl Pts',(3.25820071399245,-19.4861015101307,0.999999999679144));
#676=CARTESIAN_POINT('Ctrl Pts',(3.66196158018344,-19.3951356406837,0.999999999672575));
#677=CARTESIAN_POINT('Ctrl Pts',(4.06417759600258,-19.3045178204634,0.999999999666031));
#678=CARTESIAN_POINT('Ctrl Pts',(4.46360601599424,-19.2013599210327,0.999999999659169));
#679=CARTESIAN_POINT('Ctrl Pts',(4.85964205266974,-19.0857370733916,0.999999999652416));
#680=CARTESIAN_POINT('Ctrl Pts',(5.25080372046946,-18.9715372993036,0.999999999645746));
#681=CARTESIAN_POINT('Ctrl Pts',(5.63865644726605,-18.8451773079767,0.999999999639182));
#682=CARTESIAN_POINT('Ctrl Pts',(6.02259361919585,-18.7066849875808,0.99999999963366));
#683=CARTESIAN_POINT('Ctrl Pts',(6.26611428004283,-18.6188431638377,0.999999999630158));
#684=CARTESIAN_POINT('Ctrl Pts',(6.50805920921314,-18.5261196100059,0.999999999627088));
#685=CARTESIAN_POINT('Ctrl Pts',(6.74826729267189,-18.4285125504242,0.9999999996248));
#686=CARTESIAN_POINT('Ctrl Pts',(6.8285778945606,-18.3958788372256,0.999999999624035));
#687=CARTESIAN_POINT('Ctrl Pts',(6.90869430363657,-18.3626991807441,0.999999999623358));
#688=CARTESIAN_POINT('Ctrl Pts',(6.98861103062837,-18.3289756524439,0.999999999622785));
#689=CARTESIAN_POINT('Ctrl Pts',(7.02348000967439,-18.3142615238013,0.999999999622535));
#690=CARTESIAN_POINT('Ctrl Pts',(7.0583112549389,-18.2994437357257,0.999999999622306));
#691=CARTESIAN_POINT('Ctrl Pts',(7.09310345684687,-18.2845228202482,0.999999999622097));
#692=CARTESIAN_POINT('Ctrl Pts',(7.46779849863162,-18.1238318394618,0.999999999619847));
#693=CARTESIAN_POINT('Ctrl Pts',(7.83689176733673,-17.9516451847186,0.999999999620095));
#694=CARTESIAN_POINT('Ctrl Pts',(8.19990638511107,-17.7683533652591,0.999999999621394));
#695=CARTESIAN_POINT('Ctrl Pts',(8.56562406382779,-17.5836967275967,0.999999999622703));
#696=CARTESIAN_POINT('Ctrl Pts',(8.92517271258744,-17.387768672277,0.999999999625077));
#697=CARTESIAN_POINT('Ctrl Pts',(9.27804562792922,-17.1809192963771,0.999999999627586));
#698=CARTESIAN_POINT('Ctrl Pts',(9.63143169480352,-16.973769117923,0.999999999630099));
#699=CARTESIAN_POINT('Ctrl Pts',(9.97812306916507,-16.7556655326667,0.999999999632745));
#700=CARTESIAN_POINT('Ctrl Pts',(10.3175846005478,-16.5269152597866,0.999999999635157));
#701=CARTESIAN_POINT('Ctrl Pts',(10.6555664232042,-16.2991621065908,0.999999999637558));
#702=CARTESIAN_POINT('Ctrl Pts',(10.9863817303499,-16.0608545549189,0.999999999639727));
#703=CARTESIAN_POINT('Ctrl Pts',(11.3094696182964,-15.8122555867623,0.999999999641869));
#704=CARTESIAN_POINT('Ctrl Pts',(11.6286740626711,-15.5666447221556,0.999999999643986));
#705=CARTESIAN_POINT('Ctrl Pts',(11.9403360990815,-15.3109880101889,0.999999999646079));
#706=CARTESIAN_POINT('Ctrl Pts',(12.2438769436851,-15.0455052331608,0.999999999648912));
#707=CARTESIAN_POINT('Ctrl Pts',(12.3402449796549,-14.9612198585206,0.999999999649811));
#708=CARTESIAN_POINT('Ctrl Pts',(12.4357941427612,-14.875943844912,0.999999999650788));
#709=CARTESIAN_POINT('Ctrl Pts',(12.5305050088755,-14.7896835846469,0.999999999651882));
#710=CARTESIAN_POINT('Ctrl Pts',(12.6695600858242,-14.6630357392529,0.999999999653487));
#711=CARTESIAN_POINT('Ctrl Pts',(12.8068081920693,-14.5342662600133,0.999999999655343));
#712=CARTESIAN_POINT('Ctrl Pts',(12.9422093546105,-14.4034197988267,0.999999999657582));
#713=CARTESIAN_POINT('Ctrl Pts',(13.029566710756,-14.3190010191374,0.999999999659026));
#714=CARTESIAN_POINT('Ctrl Pts',(13.1161552359809,-14.2337176732881,0.99999999966063));
#715=CARTESIAN_POINT('Ctrl Pts',(13.2019637346211,-14.1475815303767,0.999999999662441));
#716=CARTESIAN_POINT('Ctrl Pts',(13.232430058255,-14.1169988765825,0.999999999663084));
#717=CARTESIAN_POINT('Ctrl Pts',(13.2627980478544,-14.0863087171464,0.999999999663755));
#718=CARTESIAN_POINT('Ctrl Pts',(13.293067191044,-14.0555115740055,0.999999999664452));
#719=CARTESIAN_POINT('Ctrl Pts',(13.3188054451945,-14.0293243544892,0.999999999665044));
#720=CARTESIAN_POINT('Ctrl Pts',(13.3444707695219,-14.0030612374745,0.999999999665655));
#721=CARTESIAN_POINT('Ctrl Pts',(13.3700550420461,-13.9767307173299,0.999999999666288));
#722=CARTESIAN_POINT('Ctrl Pts',(13.6514970025198,-13.6870795965967,0.999999999673256));
#723=CARTESIAN_POINT('Ctrl Pts',(13.9234019048095,-13.3890026834528,0.999999999682607));
#724=CARTESIAN_POINT('Ctrl Pts',(14.1855062968928,-13.0830536971734,0.999999999692743));
#725=CARTESIAN_POINT('Ctrl Pts',(14.449595371927,-12.7747880319094,0.999999999702956));
#726=CARTESIAN_POINT('Ctrl Pts',(14.7037352860867,-12.4585301918403,0.999999999713964));
#727=CARTESIAN_POINT('Ctrl Pts',(14.9476194370526,-12.1348086170615,0.999999999724733));
#728=CARTESIAN_POINT('Ctrl Pts',(15.1920881098057,-11.8103111726222,0.999999999735527));
#729=CARTESIAN_POINT('Ctrl Pts',(15.4262521107348,-11.4783137066391,0.999999999746077));
#730=CARTESIAN_POINT('Ctrl Pts',(15.6497606719318,-11.1393173148126,0.999999999755947));
#731=CARTESIAN_POINT('Ctrl Pts',(15.8718511726682,-10.8024717013587,0.999999999765754));
#732=CARTESIAN_POINT('Ctrl Pts',(16.0834212571202,-10.458715202794,0.99999999977489));
#733=CARTESIAN_POINT('Ctrl Pts',(16.2840813640566,-10.1085159106456,0.999999999783541));
#734=CARTESIAN_POINT('Ctrl Pts',(16.4830734219775,-9.76122775810255,0.999999999792121));
#735=CARTESIAN_POINT('Ctrl Pts',(16.6713363538667,-9.40760301924624,0.999999999800225));
#736=CARTESIAN_POINT('Ctrl Pts',(16.8484419874175,-9.04808206497555,0.999999999808647));
#737=CARTESIAN_POINT('Ctrl Pts',(16.9805920008872,-8.77982013565708,0.999999999814931));
#738=CARTESIAN_POINT('Ctrl Pts',(17.1065290910798,-8.50827504982917,0.999999999821404));
#739=CARTESIAN_POINT('Ctrl Pts',(17.2260565052565,-8.23362610978361,0.999999999828623));
#740=CARTESIAN_POINT('Ctrl Pts',(17.2739310762042,-8.12362038217285,0.999999999831515));
#741=CARTESIAN_POINT('Ctrl Pts',(17.3207771806868,-8.01311669074804,0.99999999983453));
#742=CARTESIAN_POINT('Ctrl Pts',(17.3665814081165,-7.90212647900085,0.999999999837709));
#743=CARTESIAN_POINT('Ctrl Pts',(17.3866868111227,-7.85340820424449,0.999999999839105));
#744=CARTESIAN_POINT('Ctrl Pts',(17.4065932212425,-7.80459172782972,0.999999999840534));
#745=CARTESIAN_POINT('Ctrl Pts',(17.4262884605126,-7.75570570708041,0.999999999841989));
#746=CARTESIAN_POINT('Ctrl Pts',(17.4737488738918,-7.63790308882332,0.999999999845493));
#747=CARTESIAN_POINT('Ctrl Pts',(17.5199946836771,-7.51966915476884,0.99999999984914));
#748=CARTESIAN_POINT('Ctrl Pts',(17.5650160086306,-7.40101942481657,0.999999999852871));
#749=CARTESIAN_POINT('Ctrl Pts',(17.7068615841117,-7.02719792482474,0.999999999864627));
#750=CARTESIAN_POINT('Ctrl Pts',(17.8365560365637,-6.64925060752724,0.999999999877187));
#751=CARTESIAN_POINT('Ctrl Pts',(17.9540998781033,-6.26779947824459,0.999999999889205));
#752=CARTESIAN_POINT('Ctrl Pts',(18.0724451814148,-5.88374745984672,0.999999999901304));
#753=CARTESIAN_POINT('Ctrl Pts',(18.1784737124801,-5.49614313785513,0.999999999912853));
#754=CARTESIAN_POINT('Ctrl Pts',(18.2721355954555,-5.10560468780547,0.999999999923119));
#755=CARTESIAN_POINT('Ctrl Pts',(18.3659321385943,-4.71450475030941,0.999999999933401));
#756=CARTESIAN_POINT('Ctrl Pts',(18.4473265111851,-4.32046167578196,0.999999999942394));
#757=CARTESIAN_POINT('Ctrl Pts',(18.5162170978118,-3.92408808606837,0.999999999950029));
#758=CARTESIAN_POINT('Ctrl Pts',(18.5845237581216,-3.53107421473847,0.9999999999576));
#759=CARTESIAN_POINT('Ctrl Pts',(18.6405376860664,-3.1357686195526,0.999999999963837));
#760=CARTESIAN_POINT('Ctrl Pts',(18.6841089894737,-2.73876872137338,0.999999999969322));
#761=CARTESIAN_POINT('Ctrl Pts',(18.7153120249443,-2.4544622871841,0.999999999973251));
#762=CARTESIAN_POINT('Ctrl Pts',(18.7401327771518,-2.16928690990954,0.999999999976808));
#763=CARTESIAN_POINT('Ctrl Pts',(18.7584999842861,-1.88346443378727,0.999999999980424));
#764=CARTESIAN_POINT('Ctrl Pts',(18.7634245097489,-1.80683111380461,0.999999999981394));
#765=CARTESIAN_POINT('Ctrl Pts',(18.76788504168,-1.73015129372505,0.99999999998237));
#766=CARTESIAN_POINT('Ctrl Pts',(18.7718800392529,-1.6534292909198,0.999999999983361));
#767=CARTESIAN_POINT('Ctrl Pts',(18.7745962924197,-1.60126495808117,0.999999999984034));
#768=CARTESIAN_POINT('Ctrl Pts',(18.7770974763897,-1.54907694745945,0.999999999984747));
#769=CARTESIAN_POINT('Ctrl Pts',(18.7793819971203,-1.49689443552055,0.999999999985208));
#770=CARTESIAN_POINT('Ctrl Pts',(18.7968496712417,-1.09790172725367,0.999999999988728));
#771=CARTESIAN_POINT('Ctrl Pts',(18.8016726069909,-0.698927884062951,0.999999999981228));
#772=CARTESIAN_POINT('Ctrl Pts',(18.7938021891278,-0.300572007220059,0.999999999970495));
#773=CARTESIAN_POINT('Ctrl Pts',(18.7872762324068,0.0297348782683052,0.999999999961596));
#774=CARTESIAN_POINT('Ctrl Pts',(18.772022277554,0.359617214696871,0.999999999950485));
#775=CARTESIAN_POINT('Ctrl Pts',(18.7479854396738,0.688734282038487,0.999999999941955));
#776=CARTESIAN_POINT('',(5.13842358202143,18.0418905748324,4.));
#777=CARTESIAN_POINT('Ctrl Pts',(10.674881278618,-17.3295568586398,3.99999999978454));
#778=CARTESIAN_POINT('Ctrl Pts',(11.0277103768733,-17.0951463879378,3.9999999998063));
#779=CARTESIAN_POINT('Ctrl Pts',(11.3730768912209,-16.8496492151685,3.99999999983172));
#780=CARTESIAN_POINT('Ctrl Pts',(11.7105369071167,-16.5935136148916,3.99999999985613));
#781=CARTESIAN_POINT('Ctrl Pts',(12.0474971777147,-16.3377573264022,3.9999999998805));
#782=CARTESIAN_POINT('Ctrl Pts',(12.3765747262815,-16.0713936846987,3.99999999990386));
#783=CARTESIAN_POINT('Ctrl Pts',(12.6972905503945,-15.7948327348588,3.99999999992203));
#784=CARTESIAN_POINT('Ctrl Pts',(13.0158884783559,-15.5200980976834,3.99999999994008));
#785=CARTESIAN_POINT('Ctrl Pts',(13.3262350879304,-15.2352999668662,3.999999999953));
#786=CARTESIAN_POINT('Ctrl Pts',(13.6278189564814,-14.9408107668521,3.99999999995717));
#787=CARTESIAN_POINT('Ctrl Pts',(13.7770903795109,-14.7950509085276,3.99999999995923));
#788=CARTESIAN_POINT('Ctrl Pts',(13.9242143957029,-14.6469164787013,3.99999999995916));
#789=CARTESIAN_POINT('Ctrl Pts',(14.0691247716423,-14.496450408533,3.99999999995655));
#790=CARTESIAN_POINT('Ctrl Pts',(14.0973537532054,-14.4671391608524,3.99999999995604));
#791=CARTESIAN_POINT('Ctrl Pts',(14.1254987220882,-14.437739427532,3.99999999995544));
#792=CARTESIAN_POINT('Ctrl Pts',(14.1535591755166,-14.40825152022,3.99999999995474));
#793=CARTESIAN_POINT('Ctrl Pts',(14.1764921240431,-14.3841519573862,3.99999999995417));
#794=CARTESIAN_POINT('Ctrl Pts',(14.1993675154262,-14.3599946422472,3.99999999995355));
#795=CARTESIAN_POINT('Ctrl Pts',(14.2221789552517,-14.3357863348168,3.99999999995296));
#796=CARTESIAN_POINT('Ctrl Pts',(14.510689614555,-14.0296086103597,3.99999999994552));
#797=CARTESIAN_POINT('Ctrl Pts',(14.7892565127209,-13.7149801451451,3.99999999993888));
#798=CARTESIAN_POINT('Ctrl Pts',(15.0574872226682,-13.3923726747799,3.99999999993194));
#799=CARTESIAN_POINT('Ctrl Pts',(15.3259392169996,-13.0694990604099,3.99999999992499));
#800=CARTESIAN_POINT('Ctrl Pts',(15.5840383339843,-12.7386328597489,3.99999999991775));
#801=CARTESIAN_POINT('Ctrl Pts',(15.8313542680979,-12.4002101080475,3.99999999990957));
#802=CARTESIAN_POINT('Ctrl Pts',(16.0773321361632,-12.0636183422696,3.99999999990144));
#803=CARTESIAN_POINT('Ctrl Pts',(16.3126435116517,-11.7195511457508,3.9999999998924));
#804=CARTESIAN_POINT('Ctrl Pts',(16.5368234005797,-11.3684073612876,3.9999999998823));
#805=CARTESIAN_POINT('Ctrl Pts',(16.605364871607,-11.2610475457204,3.99999999987921));
#806=CARTESIAN_POINT('Ctrl Pts',(16.6728654695552,-11.1530260290622,3.99999999987603));
#807=CARTESIAN_POINT('Ctrl Pts',(16.7393110498706,-11.0443537364558,3.99999999987276));
#808=CARTESIAN_POINT('Ctrl Pts',(16.9580324831961,-10.6866330349607,3.99999999986198));
#809=CARTESIAN_POINT('Ctrl Pts',(17.1653259286145,-10.3218621865671,3.9999999998502));
#810=CARTESIAN_POINT('Ctrl Pts',(17.360991213818,-9.95063424432026,3.99999999983792));
#811=CARTESIAN_POINT('Ctrl Pts',(17.5560634191819,-9.58053152880039,3.99999999982568));
#812=CARTESIAN_POINT('Ctrl Pts',(17.7395779825129,-9.20401026393614,3.99999999981295));
#813=CARTESIAN_POINT('Ctrl Pts',(17.9112867652774,-8.82164460210754,3.99999999980076));
#814=CARTESIAN_POINT('Ctrl Pts',(18.0278664957939,-8.56204177284611,3.99999999979248));
#815=CARTESIAN_POINT('Ctrl Pts',(18.1390032312879,-8.29974464857524,3.99999999978446));
#816=CARTESIAN_POINT('Ctrl Pts',(18.2446056821274,-8.0349312611162,3.99999999977717));
#817=CARTESIAN_POINT('Ctrl Pts',(18.2636413593477,-7.98719655299891,3.99999999977585));
#818=CARTESIAN_POINT('Ctrl Pts',(18.2824971819643,-7.93938008283296,3.99999999977456));
#819=CARTESIAN_POINT('Ctrl Pts',(18.3011725760612,-7.89148289229895,3.9999999997733));
#820=CARTESIAN_POINT('Ctrl Pts',(18.3166814307778,-7.85170699437297,3.99999999977225));
#821=CARTESIAN_POINT('Ctrl Pts',(18.3320664227525,-7.81187386030195,3.99999999977122));
#822=CARTESIAN_POINT('Ctrl Pts',(18.3473203983057,-7.77200216525436,3.99999999977021));
#823=CARTESIAN_POINT('Ctrl Pts',(18.4954673010805,-7.38476749917963,3.99999999976039));
#824=CARTESIAN_POINT('Ctrl Pts',(18.6314076906995,-6.99352278929934,3.99999999975237));
#825=CARTESIAN_POINT('Ctrl Pts',(18.7550339914202,-6.59887000853217,3.99999999974492));
#826=CARTESIAN_POINT('Ctrl Pts',(18.8794278638264,-6.20176690531463,3.99999999973741));
#827=CARTESIAN_POINT('Ctrl Pts',(18.9913544421476,-5.80121275831043,3.99999999973047));
#828=CARTESIAN_POINT('Ctrl Pts',(19.0906556388355,-5.39780051562637,3.99999999972334));
#829=CARTESIAN_POINT('Ctrl Pts',(19.1897796099753,-4.99510825374994,3.99999999971623));
#830=CARTESIAN_POINT('Ctrl Pts',(19.2763233474899,-4.58956755065011,3.99999999970894));
#831=CARTESIAN_POINT('Ctrl Pts',(19.3500792535858,-4.18175600877104,3.99999999970123));
#832=CARTESIAN_POINT('Ctrl Pts',(19.4231255044265,-3.77786829644214,3.9999999996936));
#833=CARTESIAN_POINT('Ctrl Pts',(19.4836288777355,-3.37175271687365,3.99999999968557));
#834=CARTESIAN_POINT('Ctrl Pts',(19.5313370418504,-2.96396626960459,3.99999999967744));
#835=CARTESIAN_POINT('Ctrl Pts',(19.559275765225,-2.72515949601423,3.99999999967268));
#836=CARTESIAN_POINT('Ctrl Pts',(19.5828254459242,-2.48577966456177,3.99999999966789));
#837=CARTESIAN_POINT('Ctrl Pts',(19.6019270842159,-2.2459390455713,3.99999999966323));
#838=CARTESIAN_POINT('Ctrl Pts',(19.6347673713084,-1.83359562958598,3.99999999965521));
#839=CARTESIAN_POINT('Ctrl Pts',(19.6544628611324,-1.41988940228522,3.99999999964752));
#840=CARTESIAN_POINT('Ctrl Pts',(19.6610117908729,-1.00544442724431,3.99999999964134));
#841=CARTESIAN_POINT('Ctrl Pts',(19.6631522455324,-0.869987075723435,3.99999999963932));
#842=CARTESIAN_POINT('Ctrl Pts',(19.6638879242908,-0.734450912131255,3.99999999963746));
#843=CARTESIAN_POINT('Ctrl Pts',(19.6632176077766,-0.598858079620435,3.99999999963583));
#844=CARTESIAN_POINT('Ctrl Pts',(19.662745438794,-0.503346886901251,3.99999999963468));
#845=CARTESIAN_POINT('Ctrl Pts',(19.6615756379581,-0.407807580454471,3.99999999963364));
#846=CARTESIAN_POINT('Ctrl Pts',(19.6597076108123,-0.312247965473793,3.99999999963272));
#847=CARTESIAN_POINT('Ctrl Pts',(19.658957588634,-0.27388030537482,3.99999999963236));
#848=CARTESIAN_POINT('Ctrl Pts',(19.6580951670087,-0.235517938135116,3.99999999963201));
#849=CARTESIAN_POINT('Ctrl Pts',(19.6571205622819,-0.197164902206216,3.99999999963169));
#850=CARTESIAN_POINT('Ctrl Pts',(19.6466889401678,0.213344473291937,3.99999999962822));
#851=CARTESIAN_POINT('Ctrl Pts',(19.6234070527908,0.622915815366057,3.99999999962708));
#852=CARTESIAN_POINT('Ctrl Pts',(19.587426798698,1.03095175120083,3.99999999962688));
#853=CARTESIAN_POINT('Ctrl Pts',(19.5513161298657,1.44046666214561,3.99999999962667));
#854=CARTESIAN_POINT('Ctrl Pts',(19.5024148044692,1.84843556696144,3.9999999996274));
#855=CARTESIAN_POINT('Ctrl Pts',(19.4408236101884,2.25425461873909,3.99999999962821));
#856=CARTESIAN_POINT('Ctrl Pts',(19.3793896697183,2.65903753875927,3.99999999962901));
#857=CARTESIAN_POINT('Ctrl Pts',(19.3053304633663,3.06168210887529,3.9999999996299));
#858=CARTESIAN_POINT('Ctrl Pts',(19.2186950572335,3.46158097262608,3.99999999963057));
#859=CARTESIAN_POINT('Ctrl Pts',(19.1366367445799,3.84035251022535,3.9999999996312));
#860=CARTESIAN_POINT('Ctrl Pts',(19.0432955227483,4.2166611200765,3.99999999963164));
#861=CARTESIAN_POINT('Ctrl Pts',(18.9386720532616,4.58997741172062,3.99999999963211));
#862=CARTESIAN_POINT('Ctrl Pts',(18.8280412268226,4.98472908713662,3.9999999996326));
#863=CARTESIAN_POINT('Ctrl Pts',(18.7047953916463,5.37613557810434,3.99999999963312));
#864=CARTESIAN_POINT('Ctrl Pts',(18.5691450158036,5.76361925794367,3.9999999996345));
#865=CARTESIAN_POINT('Ctrl Pts',(18.4344130067231,6.1484796340858,3.99999999963587));
#866=CARTESIAN_POINT('Ctrl Pts',(18.2874435660074,6.52947058914773,3.99999999963808));
#867=CARTESIAN_POINT('Ctrl Pts',(18.1284013456734,6.90599612541346,3.99999999964256));
#868=CARTESIAN_POINT('Ctrl Pts',(18.1070092627955,6.95664095079711,3.99999999964316));
#869=CARTESIAN_POINT('Ctrl Pts',(18.0853987035755,7.00720493812425,3.9999999996438));
#870=CARTESIAN_POINT('Ctrl Pts',(18.0635700150523,7.05768658830181,3.99999999964449));
#871=CARTESIAN_POINT('Ctrl Pts',(18.0493766799329,7.09051050154757,3.99999999964494));
#872=CARTESIAN_POINT('Ctrl Pts',(18.0350926933232,7.12329593749534,3.9999999996454));
#873=CARTESIAN_POINT('Ctrl Pts',(18.0207215001936,7.15603511893775,3.99999999964589));
#874=CARTESIAN_POINT('Ctrl Pts',(17.8571219811955,7.52873307714117,3.99999999965144));
#875=CARTESIAN_POINT('Ctrl Pts',(17.6821006837336,7.89572692385909,3.99999999965943));
#876=CARTESIAN_POINT('Ctrl Pts',(17.495975326774,8.25650646976045,3.99999999966828));
#877=CARTESIAN_POINT('Ctrl Pts',(17.3093880504216,8.61818138570426,3.99999999967715));
#878=CARTESIAN_POINT('Ctrl Pts',(17.1116412799598,8.97361161061077,3.99999999968688));
#879=CARTESIAN_POINT('Ctrl Pts',(16.9030066354698,9.32226322726821,3.99999999969646));
#880=CARTESIAN_POINT('Ctrl Pts',(16.6950493462975,9.66978290810956,3.99999999970601));
#881=CARTESIAN_POINT('Ctrl Pts',(16.4762744834584,10.0105683881484,3.99999999971542));
#882=CARTESIAN_POINT('Ctrl Pts',(16.2469069938867,10.3440640339527,3.99999999972427));
#883=CARTESIAN_POINT('Ctrl Pts',(16.1644240586386,10.4639925373766,3.99999999972745));
#884=CARTESIAN_POINT('Ctrl Pts',(16.0805708949098,10.5829780352085,3.99999999973057));
#885=CARTESIAN_POINT('Ctrl Pts',(15.9953566712395,10.7009936562127,3.99999999973362));
#886=CARTESIAN_POINT('Ctrl Pts',(15.7576254842187,11.0302343916198,3.99999999974214));
#887=CARTESIAN_POINT('Ctrl Pts',(15.5093036492489,11.351929365609,3.9999999997501));
#888=CARTESIAN_POINT('Ctrl Pts',(15.2508143358795,11.6656256267806,3.99999999975795));
#889=CARTESIAN_POINT('Ctrl Pts',(14.9934774116746,11.9779233768586,3.99999999976576));
#890=CARTESIAN_POINT('Ctrl Pts',(14.7260630343222,12.2822939231539,3.99999999977345));
#891=CARTESIAN_POINT('Ctrl Pts',(14.4489577175445,12.5782492076424,3.99999999978208));
#892=CARTESIAN_POINT('Ctrl Pts',(14.3264377593717,12.709103532266,3.99999999978589));
#893=CARTESIAN_POINT('Ctrl Pts',(14.2020229528898,12.8383121874436,3.9999999997899));
#894=CARTESIAN_POINT('Ctrl Pts',(14.0757450905175,12.9658301341191,3.99999999979423));
#895=CARTESIAN_POINT('Ctrl Pts',(14.013240800581,13.0289482338507,3.99999999979637));
#896=CARTESIAN_POINT('Ctrl Pts',(13.9502800488289,13.0916520826836,3.9999999997986));
#897=CARTESIAN_POINT('Ctrl Pts',(13.8868666121637,13.1539360493163,3.99999999980092));
#898=CARTESIAN_POINT('Ctrl Pts',(13.8498608545309,13.1902826896316,3.99999999980227));
#899=CARTESIAN_POINT('Ctrl Pts',(13.8126973510995,13.2264897447947,3.99999999980366));
#900=CARTESIAN_POINT('Ctrl Pts',(13.7753987081312,13.2625351229067,3.99999999980508));
#901=CARTESIAN_POINT('Ctrl Pts',(13.485704468279,13.5424953997784,3.99999999981613));
#902=CARTESIAN_POINT('Ctrl Pts',(13.187641203118,13.8129249253822,3.99999999982903));
#903=CARTESIAN_POINT('Ctrl Pts',(12.8816822692947,14.0734487512173,3.99999999984208));
#904=CARTESIAN_POINT('Ctrl Pts',(12.5753048303915,14.3343289338457,3.99999999985516));
#905=CARTESIAN_POINT('Ctrl Pts',(12.2610096890184,14.5852766680714,3.99999999986838));
#906=CARTESIAN_POINT('Ctrl Pts',(11.9392354972336,14.825878425193,3.99999999988066));
#907=CARTESIAN_POINT('Ctrl Pts',(11.6919887550681,15.0107534155632,3.9999999998901));
#908=CARTESIAN_POINT('Ctrl Pts',(11.4403254647252,15.1895192661455,3.99999999989899));
#909=CARTESIAN_POINT('Ctrl Pts',(11.1844322855939,15.361971479882,3.9999999999071));
#910=CARTESIAN_POINT('Ctrl Pts',(10.8509369329057,15.5867215573837,3.99999999991768));
#911=CARTESIAN_POINT('Ctrl Pts',(10.5102576468236,15.8007497309854,3.9999999999269));
#912=CARTESIAN_POINT('Ctrl Pts',(10.1629459280299,16.0037974402739,3.99999999993482));
#913=CARTESIAN_POINT('Ctrl Pts',(9.81655053144866,16.2063094431173,3.99999999994273));
#914=CARTESIAN_POINT('Ctrl Pts',(9.46355713158551,16.3978990360062,3.99999999994934));
#915=CARTESIAN_POINT('Ctrl Pts',(9.10449573142477,16.5782609044444,3.99999999995538));
#916=CARTESIAN_POINT('Ctrl Pts',(8.7891041812212,16.7366867593508,3.99999999996069));
#917=CARTESIAN_POINT('Ctrl Pts',(8.4690304115773,16.8864492698662,3.99999999996556));
#918=CARTESIAN_POINT('Ctrl Pts',(8.14462741569019,17.0273085260114,3.99999999997093));
#919=CARTESIAN_POINT('Ctrl Pts',(8.08060979397453,17.0551056631815,3.99999999997199));
#920=CARTESIAN_POINT('Ctrl Pts',(8.01642356891114,17.0825559813564,3.99999999997307));
#921=CARTESIAN_POINT('Ctrl Pts',(7.95207144133965,17.109657488461,3.99999999997418));
#922=CARTESIAN_POINT('Ctrl Pts',(7.92033233565625,17.1230242197664,3.99999999997473));
#923=CARTESIAN_POINT('Ctrl Pts',(7.88855426991284,17.1363054914293,3.99999999997522));
#924=CARTESIAN_POINT('Ctrl Pts',(7.85674708830138,17.1494971991547,3.99999999997553));
#925=CARTESIAN_POINT('Ctrl Pts',(7.48838389334051,17.3022721184811,3.99999999997916));
#926=CARTESIAN_POINT('Ctrl Pts',(7.11575449946348,17.4431916263831,3.99999999996407));
#927=CARTESIAN_POINT('Ctrl Pts',(6.73941917227525,17.572066995799,3.99999999994079));
#928=CARTESIAN_POINT('Ctrl Pts',(6.36261486898009,17.701102965256,3.99999999991747));
#929=CARTESIAN_POINT('Ctrl Pts',(5.98209487340351,17.8180649579556,3.99999999988592));
#930=CARTESIAN_POINT('Ctrl Pts',(5.59840119497629,17.9227156213747,3.99999999985736));
#931=CARTESIAN_POINT('Ctrl Pts',(5.44556783188993,17.9644002092082,3.99999999984599));
#932=CARTESIAN_POINT('Ctrl Pts',(5.29223074914541,18.0041309343511,3.99999999983509));
#933=CARTESIAN_POINT('Ctrl Pts',(5.13842358196371,18.0418905745354,3.99999999982542));
#934=CARTESIAN_POINT('Ctrl Pts',(-18.7583027312845,5.7360622007209E-5,2.23539740757853));
#935=CARTESIAN_POINT('Ctrl Pts',(-18.7584918137635,-1.33038404941442,2.26361039349456));
#936=CARTESIAN_POINT('Ctrl Pts',(-18.6184749889496,-2.66078325812486,2.29182337941059));
#937=CARTESIAN_POINT('Ctrl Pts',(-18.3376361534407,-3.96073195208934,2.32003636532662));
#938=CARTESIAN_POINT('Ctrl Pts',(-17.7182746214154,-6.82763678449678,2.3822572406849));
#939=CARTESIAN_POINT('Ctrl Pts',(-16.4139854841641,-9.54643694179032,2.44447811604317));
#940=CARTESIAN_POINT('Ctrl Pts',(-14.5656378241822,-11.8235323314854,2.50669899140144));
#941=CARTESIAN_POINT('Ctrl Pts',(-12.7172901642003,-14.1006277211805,2.56891986675972));
#942=CARTESIAN_POINT('Ctrl Pts',(-10.3248839814877,-15.9360183432772,2.63114074211799));
#943=CARTESIAN_POINT('Ctrl Pts',(-7.64658901728015,-17.1316271114681,2.69336161747626));
#944=CARTESIAN_POINT('Ctrl Pts',(-4.96829405307264,-18.3272358796589,2.75558249283454));
#945=CARTESIAN_POINT('Ctrl Pts',(-2.00411030737018,-18.8830627939439,2.81780336819281));
#946=CARTESIAN_POINT('Ctrl Pts',(0.925170563236516,-18.7383423983861,2.88002424355108));
#947=CARTESIAN_POINT('Ctrl Pts',(3.85445143384321,-18.5936220028282,2.94224511890936));
#948=CARTESIAN_POINT('Ctrl Pts',(6.74882942935418,-17.7483542974276,3.00446599426763));
#949=CARTESIAN_POINT('Ctrl Pts',(9.29650865984963,-16.2948810019175,3.0666868696259));
#950=CARTESIAN_POINT('Ctrl Pts',(11.8441878903451,-14.8414077064074,3.12890774498418));
#951=CARTESIAN_POINT('Ctrl Pts',(14.0451683558251,-12.7797288207877,3.19112862034245));
#952=CARTESIAN_POINT('Ctrl Pts',(15.6600028917745,-10.3316883749159,3.25334949570072));
#953=CARTESIAN_POINT('Ctrl Pts',(17.2748374277239,-7.88364792904416,3.315570371059));
#954=CARTESIAN_POINT('Ctrl Pts',(18.3035260341428,-5.04924592292026,3.37779124641727));
#955=CARTESIAN_POINT('Ctrl Pts',(18.6382946545208,-2.13517115480083,3.44001212177554));
#956=CARTESIAN_POINT('Ctrl Pts',(18.8893711198043,0.0503849212887478,3.48667777829425));
#957=CARTESIAN_POINT('Ctrl Pts',(18.7501175929399,2.28075692600082,3.53334343481295));
#958=CARTESIAN_POINT('Ctrl Pts',(18.2316194680791,4.41889517730076,3.58000909133165));
#959=CARTESIAN_POINT('Ctrl Pts',(17.7131213432182,6.55703342860073,3.62667474785036));
#960=CARTESIAN_POINT('Ctrl Pts',(16.815378620361,8.60293792648856,3.67334040436907));
#961=CARTESIAN_POINT('Ctrl Pts',(15.5921626645913,10.4314759987326,3.72000606088777));
#962=CARTESIAN_POINT('Ctrl Pts',(14.3689467088217,12.2600140709766,3.76667171740648));
#963=CARTESIAN_POINT('Ctrl Pts',(12.8202575201397,13.8711857175768,3.81333737392518));
#964=CARTESIAN_POINT('Ctrl Pts',(11.0416311489574,15.165991656292,3.86000303044388));
#965=CARTESIAN_POINT('Ctrl Pts',(9.26300477777514,16.4607975950071,3.90666868696259));
#966=CARTESIAN_POINT('Ctrl Pts',(7.2544412240925,17.4392378258373,3.95333434348129));
#967=CARTESIAN_POINT('Ctrl Pts',(5.13842358202139,18.0418905748324,4.));
#968=CARTESIAN_POINT('Ctrl Pts',(-10.6745985510083,-17.328743262707,3.99999999999997));
#969=CARTESIAN_POINT('Ctrl Pts',(-12.7069757182858,-16.0767880553371,3.95333434348126));
#970=CARTESIAN_POINT('Ctrl Pts',(-16.3260420105703,-12.8513668927425,3.86000303044385));
#971=CARTESIAN_POINT('Ctrl Pts',(-19.7559397128344,-6.43649733807032,3.72000606088773));
#972=CARTESIAN_POINT('Ctrl Pts',(-20.7617504861781,0.764872349187833,3.58000909133162));
#973=CARTESIAN_POINT('Ctrl Pts',(-19.060434771751,8.66639717422187,3.42445690293593));
#974=CARTESIAN_POINT('Ctrl Pts',(-13.810640935173,15.971421841914,3.25334949570068));
#975=CARTESIAN_POINT('Ctrl Pts',(-5.0971723957096,20.4903221829033,3.06668686962586));
#976=CARTESIAN_POINT('Ctrl Pts',(4.71751885578446,20.5808563938392,2.88002424355104));
#977=CARTESIAN_POINT('Ctrl Pts',(13.5124701772896,16.2246402446843,2.69336161747622));
#978=CARTESIAN_POINT('Ctrl Pts',(19.3876991805028,8.36202790055061,2.5066989914014));
#979=CARTESIAN_POINT('Ctrl Pts',(21.0737361220795,-1.30632711825212,2.32003636532658));
#980=CARTESIAN_POINT('Ctrl Pts',(18.2069326524708,-10.6940693920902,2.13337373925176));
#981=CARTESIAN_POINT('Ctrl Pts',(11.4043792004196,-17.7685613815344,1.94671111317694));
#982=CARTESIAN_POINT('Ctrl Pts',(2.13890597586606,-21.0070459759102,1.76004848710212));
#983=CARTESIAN_POINT('Ctrl Pts',(-7.58926493162667,-19.703053148534,1.5733858610273));
#984=CARTESIAN_POINT('Ctrl Pts',(-15.6778905780914,-14.1435261162994,1.38672323495248));
#985=CARTESIAN_POINT('Ctrl Pts',(-19.5931756731268,-6.9628714245773,1.2311710465568));
#986=CARTESIAN_POINT('Ctrl Pts',(-20.5284455433841,-0.62203278767877,1.10672929584025));
#987=CARTESIAN_POINT('Ctrl Pts',(-19.9793913632923,5.76353810558016,0.982287545123703));
#988=CARTESIAN_POINT('Ctrl Pts',(-16.5053530434151,13.1686971914268,0.826735356728015));
#989=CARTESIAN_POINT('Ctrl Pts',(-9.41300202286719,18.7029430932879,0.655627949492764));
#990=CARTESIAN_POINT('Ctrl Pts',(-1.58505075442481,20.7151763067567,0.50007576109708));
#991=CARTESIAN_POINT('Ctrl Pts',(5.65047096678321,19.9949986749633,0.360078791540966));
#992=CARTESIAN_POINT('Ctrl Pts',(12.195908089635,16.8212980639801,0.220081821984849));
#993=CARTESIAN_POINT('Ctrl Pts',(15.5618820836169,13.3325981000306,0.126750508947441));
#994=CARTESIAN_POINT('Ctrl Pts',(16.8932035680345,11.3513025904057,0.0800848524287363));
#995=CARTESIAN_POINT('Ctrl Pts',(-10.3961896938705,-16.8764454052669,4.3066385556871));
#996=CARTESIAN_POINT('Ctrl Pts',(-12.375519745352,-15.6571429862145,4.2599728991684));
#997=CARTESIAN_POINT('Ctrl Pts',(-15.9001160102617,-12.5158595804436,4.16664158613099));
#998=CARTESIAN_POINT('Ctrl Pts',(-19.2404522656336,-6.26836010627489,4.02664461657487));
#999=CARTESIAN_POINT('Ctrl Pts',(-20.2199527954782,0.745094082482561,3.88664764701876));
#1000=CARTESIAN_POINT('Ctrl Pts',(-18.5629648914643,8.44040874532837,3.73109545862307));
#1001=CARTESIAN_POINT('Ctrl Pts',(-13.4501038610983,15.5547582674929,3.55998805138782));
#1002=CARTESIAN_POINT('Ctrl Pts',(-4.96397927278858,19.9556588482552,3.373325425313));
#1003=CARTESIAN_POINT('Ctrl Pts',(4.59459219848606,20.0437446836889,3.18666279923818));
#1004=CARTESIAN_POINT('Ctrl Pts',(13.1599956110992,15.8011298359071,3.00000017316336));
#1005=CARTESIAN_POINT('Ctrl Pts',(18.8818380414313,8.14364595218334,2.81333754708854));
#1006=CARTESIAN_POINT('Ctrl Pts',(20.5237922338902,-1.27242197550643,2.62667492101372));
#1007=CARTESIAN_POINT('Ctrl Pts',(17.7317177177155,-10.4151601113163,2.4400122949389));
#1008=CARTESIAN_POINT('Ctrl Pts',(11.1066193312371,-17.3049792720441,2.25334966886408));
#1009=CARTESIAN_POINT('Ctrl Pts',(2.08290616639731,-20.458872537746,2.06668704278926));
#1010=CARTESIAN_POINT('Ctrl Pts',(-7.3913905690092,-19.1888231551199,1.88002441671444));
#1011=CARTESIAN_POINT('Ctrl Pts',(-15.2688897981795,-13.7743047596095,1.69336179063962));
#1012=CARTESIAN_POINT('Ctrl Pts',(-19.0819402602705,-6.78099955202741,1.53780960224394));
#1013=CARTESIAN_POINT('Ctrl Pts',(-19.9927482209963,-0.605620928329188,
1.41336785152739));
#1014=CARTESIAN_POINT('Ctrl Pts',(-19.4579661150927,5.61330965505108,1.28892610081084));
#1015=CARTESIAN_POINT('Ctrl Pts',(-16.0745202636433,12.8251960535083,1.13337391241515));
#1016=CARTESIAN_POINT('Ctrl Pts',(-9.16720022821183,18.2149602877589,0.962266505179902));
#1017=CARTESIAN_POINT('Ctrl Pts',(-1.54350669978913,20.1746145487652,0.806714316784218));
#1018=CARTESIAN_POINT('Ctrl Pts',(5.50319321140822,19.4731671331474,0.666717347228104));
#1019=CARTESIAN_POINT('Ctrl Pts',(11.8777952605057,16.3822290054415,0.526720377671987));
#1020=CARTESIAN_POINT('Ctrl Pts',(15.1559015285266,12.984539438064,0.433389064634579));
#1021=CARTESIAN_POINT('Ctrl Pts',(16.4524640098715,11.0549354440348,0.386723408115875));
#1022=CARTESIAN_POINT('Ctrl Pts',(-10.1177867197692,-16.4241438213893,4.61327695826612));
#1023=CARTESIAN_POINT('Ctrl Pts',(-12.0440692190607,-15.2374935016861,4.56661130174741));
#1024=CARTESIAN_POINT('Ctrl Pts',(-15.4741943364099,-12.1803466269731,4.47327998871));
#1025=CARTESIAN_POINT('Ctrl Pts',(-18.7249669360057,-6.10021608812834,4.33328301915389));
#1026=CARTESIAN_POINT('Ctrl Pts',(-19.6781547541202,0.725322915843237,4.19328604959777));
#1027=CARTESIAN_POINT('Ctrl Pts',(-18.0654919643997,8.21442680017028,4.03773386120209));
#1028=CARTESIAN_POINT('Ctrl Pts',(-13.0895612634852,15.1380993495998,3.86662645396683));
#1029=CARTESIAN_POINT('Ctrl Pts',(-4.83077911790759,19.4209971701389,3.67996382789201));
#1030=CARTESIAN_POINT('Ctrl Pts',(4.47167256216666,19.5066312707415,3.49330120181719));
#1031=CARTESIAN_POINT('Ctrl Pts',(12.8075265379179,15.3776147348503,3.30663857574237));
#1032=CARTESIAN_POINT('Ctrl Pts',(18.3759796803114,7.92525733493454,3.11997594966755));
#1033=CARTESIAN_POINT('Ctrl Pts',(19.9738478085678,-1.23852403715833,2.93331332359273));
#1034=CARTESIAN_POINT('Ctrl Pts',(17.2564990459445,-10.1362570134548,2.74665069751792));
#1035=CARTESIAN_POINT('Ctrl Pts',(10.8088533340531,-16.8414009882893,2.55998807144309));
#1036=CARTESIAN_POINT('Ctrl Pts',(2.02689916075296,-19.9106997414003,2.37332544536828));
#1037=CARTESIAN_POINT('Ctrl Pts',(-7.1935229146951,-18.6745904805898,2.18666281929346));
#1038=CARTESIAN_POINT('Ctrl Pts',(-14.8598937903392,-13.4050779786856,2.00000019321863));
#1039=CARTESIAN_POINT('Ctrl Pts',(-18.5707071450966,-6.59912094620747,1.84444800482295));
#1040=CARTESIAN_POINT('Ctrl Pts',(-19.4570510235238,-0.58920204290727,1.7200062541064));
#1041=CARTESIAN_POINT('Ctrl Pts',(-18.9365388095341,5.46308801519465,1.59556450338986));
#1042=CARTESIAN_POINT('Ctrl Pts',(-15.6436829074103,12.4817005060275,1.44001231499417));
#1043=CARTESIAN_POINT('Ctrl Pts',(-8.92139199485912,17.7269806227838,1.26890490775892));
#1044=CARTESIAN_POINT('Ctrl Pts',(-1.50195555087196,19.6340532442418,1.11335271936323));
#1045=CARTESIAN_POINT('Ctrl Pts',(5.35592227232971,18.9513335723295,0.973355749807118));
#1046=CARTESIAN_POINT('Ctrl Pts',(11.5596881346617,15.9431557026208,0.833358780251001));
#1047=CARTESIAN_POINT('Ctrl Pts',(14.7499254672825,12.6364753940192,0.740027467213593));
#1048=CARTESIAN_POINT('Ctrl Pts',(16.0117282629935,10.758562469237,0.693361810694889));
#1049=CARTESIAN_POINT('Ctrl Pts',(-9.83939127014769,-15.9718374596935,4.91991514782626));
#1050=CARTESIAN_POINT('Ctrl Pts',(-11.7126256576874,-14.817838358074,4.87324949130756));
#1051=CARTESIAN_POINT('Ctrl Pts',(-15.0482781920823,-11.8448264472242,4.77991817827015));
#1052=CARTESIAN_POINT('Ctrl Pts',(-18.2094843070754,-5.93206338104857,4.63992120871403));
#1053=CARTESIAN_POINT('Ctrl Pts',(-19.1363562539108,0.705560836143562,4.49992423915791));
#1054=CARTESIAN_POINT('Ctrl Pts',(-17.5680151285691,7.98845314931764,4.34437205076223));
#1055=CARTESIAN_POINT('Ctrl Pts',(-12.7290115896595,14.7214463838352,4.17326464352698));
#1056=CARTESIAN_POINT('Ctrl Pts',(-4.69756996039439,18.8863376022603,3.98660201745216));
#1057=CARTESIAN_POINT('Ctrl Pts',(4.34876190966774,18.9695156684778,3.79993939137733));
#1058=CARTESIAN_POINT('Ctrl Pts',(12.4550644886585,14.9540936203132,3.61327676530252));
#1059=CARTESIAN_POINT('Ctrl Pts',(17.8701248652792,7.70686017818644,3.4266141392277));
#1060=CARTESIAN_POINT('Ctrl Pts',(19.4239026855681,-1.20463531902691,3.23995151315288));
#1061=CARTESIAN_POINT('Ctrl Pts',(16.7812755824022,-9.85736182390475,3.05328888707806));
#1062=CARTESIAN_POINT('Ctrl Pts',(10.5110794881682,-16.3778275924579,2.86662626100324));
#1063=CARTESIAN_POINT('Ctrl Pts',(1.97088294373699,-19.3625277563441,2.67996363492842));
#1064=CARTESIAN_POINT('Ctrl Pts',(-6.99566384262422,-18.1603543649973,2.4933010088536));
#1065=CARTESIAN_POINT('Ctrl Pts',(-14.4509038826274,-13.0358442484667,2.30663838277878));
#1066=CARTESIAN_POINT('Ctrl Pts',(-18.0594769612636,-6.41723371916116,2.15108619438309));
#1067=CARTESIAN_POINT('Ctrl Pts',(-18.921353975991,-0.572774164570756,2.02664444366655));
#1068=CARTESIAN_POINT('Ctrl Pts',(-18.4151088611012,5.31287508948681,1.90220269295));
#1069=CARTESIAN_POINT('Ctrl Pts',(-15.2128396858352,12.1382121073377,1.74665050455431));
#1070=CARTESIAN_POINT('Ctrl Pts',(-8.6755755160824,17.2390049683135,1.57554309731906));
#1071=CARTESIAN_POINT('Ctrl Pts',(-1.46039532128677,19.0934925100879,1.41999090892337));
#1072=CARTESIAN_POINT('Ctrl Pts',(5.20866005466524,18.4294974177398,1.27999393936726));
#1073=CARTESIAN_POINT('Ctrl Pts',(11.2415883024746,15.5040769594116,1.13999696981114));
#1074=CARTESIAN_POINT('Ctrl Pts',(14.3439551502071,12.2884044550939,1.04666565677374));
#1075=CARTESIAN_POINT('Ctrl Pts',(15.5709973859704,10.4621820291959,1.00000000025503));
#1076=CARTESIAN_POINT('Ctrl Pts',(15.5709973859491,10.4621820292276,1.00000000025584));
#1077=CARTESIAN_POINT('Ctrl Pts',(15.3615544775613,10.8000668599826,1.00000000022322));
#1078=CARTESIAN_POINT('Ctrl Pts',(15.1412326513194,11.1312773485867,1.00000000018091));
#1079=CARTESIAN_POINT('Ctrl Pts',(14.9104450058351,11.4553867799039,1.00000000014181));
#1080=CARTESIAN_POINT('Ctrl Pts',(14.6796227096366,11.7795448733721,1.00000000010271));
#1081=CARTESIAN_POINT('Ctrl Pts',(14.4383311109281,12.0966002097062,1.00000000006682));
#1082=CARTESIAN_POINT('Ctrl Pts',(14.1869418168711,12.4060947462374,1.00000000004638));
#1083=CARTESIAN_POINT('Ctrl Pts',(14.0749697721272,12.5439476179059,1.00000000003727));
#1084=CARTESIAN_POINT('Ctrl Pts',(13.9609938970698,12.6803000302893,1.00000000003122));
#1085=CARTESIAN_POINT('Ctrl Pts',(13.8450446396845,12.8151091708451,1.00000000002926));
#1086=CARTESIAN_POINT('Ctrl Pts',(13.7795189409888,12.8912930406229,1.00000000002815));
#1087=CARTESIAN_POINT('Ctrl Pts',(13.7133629873833,12.9669840158105,1.00000000002835));
#1088=CARTESIAN_POINT('Ctrl Pts',(13.6465820818442,13.0421741456285,1.00000000003004));
#1089=CARTESIAN_POINT('Ctrl Pts',(13.6244081962457,13.0671402242293,1.0000000000306));
#1090=CARTESIAN_POINT('Ctrl Pts',(13.6021725972005,13.0920429977967,1.00000000003117));
#1091=CARTESIAN_POINT('Ctrl Pts',(13.5798734583622,13.116884649727,1.00000000003173));
#1092=CARTESIAN_POINT('Ctrl Pts',(13.312258062123,13.4150131367848,1.00000000003837));
#1093=CARTESIAN_POINT('Ctrl Pts',(13.0355941843731,13.7042286543546,1.00000000004402));
#1094=CARTESIAN_POINT('Ctrl Pts',(12.7503730826586,13.9841554596488,1.00000000005012));
#1095=CARTESIAN_POINT('Ctrl Pts',(12.4628477524366,14.2663437221806,1.00000000005627));
#1096=CARTESIAN_POINT('Ctrl Pts',(12.1666260728464,14.5390930336742,1.00000000006289));
#1097=CARTESIAN_POINT('Ctrl Pts',(11.8621647914256,14.8019930809927,1.00000000007076));
#1098=CARTESIAN_POINT('Ctrl Pts',(11.630791936641,15.0017818166481,1.00000000007674));
#1099=CARTESIAN_POINT('Ctrl Pts',(11.3946596276073,15.1958820179837,1.00000000008343));
#1100=CARTESIAN_POINT('Ctrl Pts',(11.1539522515702,15.3841014988966,1.00000000009092));
#1101=CARTESIAN_POINT('Ctrl Pts',(10.8379577398064,15.6311912389564,1.00000000010077));
#1102=CARTESIAN_POINT('Ctrl Pts',(10.514079716902,15.8681478896703,1.00000000011202));
#1103=CARTESIAN_POINT('Ctrl Pts',(10.1828777624514,16.0947244706692,1.0000000001243));
#1104=CARTESIAN_POINT('Ctrl Pts',(9.85087980417028,16.3218456010705,1.00000000013662));
#1105=CARTESIAN_POINT('Ctrl Pts',(9.51152220402729,16.5385370097811,1.00000000014998));
#1106=CARTESIAN_POINT('Ctrl Pts',(9.1653376717855,16.7445077797573,1.00000000016337));
#1107=CARTESIAN_POINT('Ctrl Pts',(8.85608171190541,16.9285070120852,1.00000000017533));
#1108=CARTESIAN_POINT('Ctrl Pts',(8.54137698827112,17.1039503983672,1.00000000018731));
#1109=CARTESIAN_POINT('Ctrl Pts',(8.22158706544853,17.2705992072793,1.00000000019815));
#1110=CARTESIAN_POINT('Ctrl Pts',(8.09464379139513,17.3367518403382,1.00000000020246));
#1111=CARTESIAN_POINT('Ctrl Pts',(7.96689906727382,17.4015183177728,1.00000000020658));
#1112=CARTESIAN_POINT('Ctrl Pts',(7.83837511934655,17.4648823189141,1.00000000021043));
#1113=CARTESIAN_POINT('Ctrl Pts',(7.79797603778988,17.4847995988541,1.00000000021164));
#1114=CARTESIAN_POINT('Ctrl Pts',(7.75749815254882,17.5045791366771,1.00000000021282));
#1115=CARTESIAN_POINT('Ctrl Pts',(7.7169624169535,17.5242107216894,1.00000000021398));
#1116=CARTESIAN_POINT('Ctrl Pts',(7.3524259091513,17.7007569058869,1.00000000022438));
#1117=CARTESIAN_POINT('Ctrl Pts',(6.9828567696877,17.865518384321,1.00000000023275));
#1118=CARTESIAN_POINT('Ctrl Pts',(6.6088521565291,18.0183004864871,1.00000000024057));
#1119=CARTESIAN_POINT('Ctrl Pts',(6.23209332388501,18.1722076962802,1.00000000024845));
#1120=CARTESIAN_POINT('Ctrl Pts',(5.85083299866736,18.3139587613441,1.00000000025576));
#1121=CARTESIAN_POINT('Ctrl Pts',(5.46564825874656,18.4433139734052,1.00000000026335));
#1122=CARTESIAN_POINT('Ctrl Pts',(5.38871085750844,18.4691515853901,1.00000000026487));
#1123=CARTESIAN_POINT('Ctrl Pts',(5.31161679193132,18.494494505945,1.0000000002664));
#1124=CARTESIAN_POINT('Ctrl Pts',(5.23437052759006,18.5193406147601,1.00000000026794));
#1125=CARTESIAN_POINT('Ctrl Pts',(4.84940238109964,18.6431648610145,1.00000000027561));
#1126=CARTESIAN_POINT('Ctrl Pts',(4.46065583262792,18.7546537776615,1.00000000028366));
#1127=CARTESIAN_POINT('Ctrl Pts',(4.06873696919953,18.853802889757,1.00000000029219));
#1128=CARTESIAN_POINT('Ctrl Pts',(3.67489782296794,18.953437802238,1.00000000030077));
#1129=CARTESIAN_POINT('Ctrl Pts',(3.2778546788938,19.0406118206496,1.00000000030982));
#1130=CARTESIAN_POINT('Ctrl Pts',(2.87820539082619,19.1152707299312,1.00000000031886));
#1131=CARTESIAN_POINT('Ctrl Pts',(2.47948075286851,19.1897569043407,1.00000000032787));
#1132=CARTESIAN_POINT('Ctrl Pts',(2.07816147660669,19.2517858916919,1.00000000033686));
#1133=CARTESIAN_POINT('Ctrl Pts',(1.67483218973141,19.3012530656576,1.00000000034473));
#1134=CARTESIAN_POINT('Ctrl Pts',(1.41297681444811,19.3333688723309,1.00000000034984));
#1135=CARTESIAN_POINT('Ctrl Pts',(1.15027404270689,19.3601887693773,1.00000000035447));
#1136=CARTESIAN_POINT('Ctrl Pts',(0.886883440748266,19.3816723717166,1.00000000035819));
#1137=CARTESIAN_POINT('Ctrl Pts',(0.792804955117007,19.389345936221,1.00000000035952));
#1138=CARTESIAN_POINT('Ctrl Pts',(0.698638719468193,19.3963386131868,1.00000000036073));
#1139=CARTESIAN_POINT('Ctrl Pts',(0.604392022965302,19.4026482705554,1.0000000003618));
#1140=CARTESIAN_POINT('Ctrl Pts',(0.56658418407235,19.4051794416003,1.00000000036223));
#1141=CARTESIAN_POINT('Ctrl Pts',(0.528767582931563,19.4076003952851,1.00000000036264));
#1142=CARTESIAN_POINT('Ctrl Pts',(0.490952140332353,19.4099105385959,1.00000000036303));
#1143=CARTESIAN_POINT('Ctrl Pts',(0.0809273472503412,19.4349589306793,1.00000000036721));
#1144=CARTESIAN_POINT('Ctrl Pts',(-0.329289344897044,19.4470061435588,1.00000000036899));
#1145=CARTESIAN_POINT('Ctrl Pts',(-0.739076314272244,19.4460813688062,1.00000000036982));
#1146=CARTESIAN_POINT('Ctrl Pts',(-0.98856945200299,19.4455183324679,1.00000000037033));
#1147=CARTESIAN_POINT('Ctrl Pts',(-1.23790371419101,19.4401458714524,1.00000000037048));
#1148=CARTESIAN_POINT('Ctrl Pts',(-1.486941706534,19.429961587805,1.00000000037049));
#1149=CARTESIAN_POINT('Ctrl Pts',(-1.89480533014654,19.4132822097181,1.0000000003705));
#1150=CARTESIAN_POINT('Ctrl Pts',(-2.30187409565675,19.3836991628448,1.00000000037018));
#1151=CARTESIAN_POINT('Ctrl Pts',(-2.70755708990865,19.3414146275767,1.00000000037002));
#1152=CARTESIAN_POINT('Ctrl Pts',(-3.11566416100501,19.2988774296032,1.00000000036986));
#1153=CARTESIAN_POINT('Ctrl Pts',(-3.52236938849777,19.2434864635164,1.00000000036987));
#1154=CARTESIAN_POINT('Ctrl Pts',(-3.92707317884325,19.1753949055774,1.00000000036999));
#1155=CARTESIAN_POINT('Ctrl Pts',(-4.33145438548713,19.107357622462,1.00000000037012));
#1156=CARTESIAN_POINT('Ctrl Pts',(-4.73383789038959,19.0266398984579,1.00000000037035));
#1157=CARTESIAN_POINT('Ctrl Pts',(-5.13361935330117,18.9333431529522,1.00000000037008));
#1158=CARTESIAN_POINT('Ctrl Pts',(-5.53110574706747,18.8405820062719,1.00000000036982));
#1159=CARTESIAN_POINT('Ctrl Pts',(-5.92602041777066,18.7353857312073,1.00000000036905));
#1160=CARTESIAN_POINT('Ctrl Pts',(-6.31775525121728,18.6178048013436,1.00000000036664));
#1161=CARTESIAN_POINT('Ctrl Pts',(-6.47675870735145,18.570079216005,1.00000000036566));
#1162=CARTESIAN_POINT('Ctrl Pts',(-6.6352380743423,18.5203126865228,1.0000000003644));
#1163=CARTESIAN_POINT('Ctrl Pts',(-6.79315170999199,18.4685063219635,1.00000000036276));
#1164=CARTESIAN_POINT('Ctrl Pts',(-6.82972192587627,18.4565088150458,1.00000000036239));
#1165=CARTESIAN_POINT('Ctrl Pts',(-6.86626179825847,18.4444019042731,1.00000000036199));
#1166=CARTESIAN_POINT('Ctrl Pts',(-6.90277080478907,18.4321855935122,1.00000000036157));
#1167=CARTESIAN_POINT('Ctrl Pts',(-6.94031536824841,18.4196227741373,1.00000000036113));
#1168=CARTESIAN_POINT('Ctrl Pts',(-6.97781974506329,18.4069467736289,1.00000000036068));
#1169=CARTESIAN_POINT('Ctrl Pts',(-7.01527826258553,18.3941595218588,1.0000000003602));
#1170=CARTESIAN_POINT('Ctrl Pts',(-7.41325847618776,18.2583006163947,1.00000000035515));
#1171=CARTESIAN_POINT('Ctrl Pts',(-7.80624709888099,18.1098262210838,1.0000000003478));
#1172=CARTESIAN_POINT('Ctrl Pts',(-8.19362652436309,17.9489529176034,1.00000000033966));
#1173=CARTESIAN_POINT('Ctrl Pts',(-8.57287178759754,17.7914576189052,1.00000000033169));
#1174=CARTESIAN_POINT('Ctrl Pts',(-8.94674161702372,17.6220786740576,1.00000000032295));
#1175=CARTESIAN_POINT('Ctrl Pts',(-9.31480183113424,17.4412759005002,1.00000000031431));
#1176=CARTESIAN_POINT('Ctrl Pts',(-9.68614611664821,17.258859887599,1.0000000003056));
#1177=CARTESIAN_POINT('Ctrl Pts',(-10.0515771106933,17.0648150501978,1.00000000029699));
#1178=CARTESIAN_POINT('Ctrl Pts',(-10.4106347177033,16.859561908067,1.00000000028881));
#1179=CARTESIAN_POINT('Ctrl Pts',(-10.7712582365984,16.6534136217352,1.00000000028059));
#1180=CARTESIAN_POINT('Ctrl Pts',(-11.1254531284597,16.4359587865954,1.00000000027281));
#1181=CARTESIAN_POINT('Ctrl Pts',(-11.4727319754345,16.2075752923655,1.00000000026528));
#1182=CARTESIAN_POINT('Ctrl Pts',(-11.819720058737,15.9793830151476,1.00000000025776));
#1183=CARTESIAN_POINT('Ctrl Pts',(-12.1598041352362,15.7402800659469,1.00000000025049));
#1184=CARTESIAN_POINT('Ctrl Pts',(-12.4924698331923,15.490599784811,1.00000000024274));
#1185=CARTESIAN_POINT('Ctrl Pts',(-12.7837532531758,15.2719787287823,1.00000000023596));
#1186=CARTESIAN_POINT('Ctrl Pts',(-13.0693489125366,15.0452474456022,1.00000000022881));
#1187=CARTESIAN_POINT('Ctrl Pts',(-13.3488895025939,14.8106049787279,1.0000000002205));
#1188=CARTESIAN_POINT('Ctrl Pts',(-13.4155193960553,14.7546767767944,1.00000000021852));
#1189=CARTESIAN_POINT('Ctrl Pts',(-13.4818051804235,14.6982990191414,1.00000000021646));
#1190=CARTESIAN_POINT('Ctrl Pts',(-13.5477416841827,14.6414742231458,1.00000000021433));
#1191=CARTESIAN_POINT('Ctrl Pts',(-13.5735749756397,14.6192108116325,1.0000000002135));
#1192=CARTESIAN_POINT('Ctrl Pts',(-13.5993530921682,14.5968801028293,1.00000000021265));
#1193=CARTESIAN_POINT('Ctrl Pts',(-13.6250689320967,14.5744882582219,1.00000000021179));
#1194=CARTESIAN_POINT('Ctrl Pts',(-13.9414225192616,14.2990261156474,1.00000000020123));
#1195=CARTESIAN_POINT('Ctrl Pts',(-14.2486478199264,14.0140623034076,1.00000000018903));
#1196=CARTESIAN_POINT('Ctrl Pts',(-14.5462964022082,13.7200414345739,1.00000000017662));
#1197=CARTESIAN_POINT('Ctrl Pts',(-14.8453967020777,13.4245865415525,1.00000000016414));
#1198=CARTESIAN_POINT('Ctrl Pts',(-15.1348271144768,13.1199857423786,1.00000000015146));
#1199=CARTESIAN_POINT('Ctrl Pts',(-15.4141082307441,12.8066437727341,1.00000000013949));
#1200=CARTESIAN_POINT('Ctrl Pts',(-15.5024168160814,12.7075651581972,1.00000000013571));
#1201=CARTESIAN_POINT('Ctrl Pts',(-15.5897104412079,12.6076122530037,1.00000000013199));
#1202=CARTESIAN_POINT('Ctrl Pts',(-15.6759733274747,12.506796964721,1.00000000012836));
#1203=CARTESIAN_POINT('Ctrl Pts',(-15.9470277295562,12.1900161465874,1.00000000011695));
#1204=CARTESIAN_POINT('Ctrl Pts',(-16.2079080681029,11.8647235748906,1.00000000010643));
#1205=CARTESIAN_POINT('Ctrl Pts',(-16.4584034899394,11.5315074839895,1.00000000009704));
#1206=CARTESIAN_POINT('Ctrl Pts',(-16.710245426878,11.1965002206376,1.0000000000876));
#1207=CARTESIAN_POINT('Ctrl Pts',(-16.9515907995896,10.853483582872,1.0000000000793));
#1208=CARTESIAN_POINT('Ctrl Pts',(-17.1821855514759,10.5030204846702,1.0000000000719));
#1209=CARTESIAN_POINT('Ctrl Pts',(-17.4128567426692,10.1524412122878,1.00000000006449));
#1210=CARTESIAN_POINT('Ctrl Pts',(-17.6327704616084,9.79441006649765,1.00000000005799));
#1211=CARTESIAN_POINT('Ctrl Pts',(-17.8416284147147,9.42946267289508,1.00000000005166));
#1212=CARTESIAN_POINT('Ctrl Pts',(-17.9458717927834,9.24731328111612,1.0000000000485));
#1213=CARTESIAN_POINT('Ctrl Pts',(-18.0473603338162,9.06344057845028,1.00000000004538));
#1214=CARTESIAN_POINT('Ctrl Pts',(-18.1460525184449,8.87790913359613,1.00000000004215));
#1215=CARTESIAN_POINT('Ctrl Pts',(-18.1904855851688,8.79437940832338,1.0000000000407));
#1216=CARTESIAN_POINT('Ctrl Pts',(-18.2343517981099,8.71051344526554,1.00000000003923));
#1217=CARTESIAN_POINT('Ctrl Pts',(-18.2776471630391,8.62631706423614,1.00000000003773));
#1218=CARTESIAN_POINT('Ctrl Pts',(-18.2973657369067,8.58797040607929,1.00000000003704));
#1219=CARTESIAN_POINT('Ctrl Pts',(-18.316965898917,8.54955520928365,1.00000000003635));
#1220=CARTESIAN_POINT('Ctrl Pts',(-18.3364472627587,8.51107202090186,1.00000000003565));
#1221=CARTESIAN_POINT('Ctrl Pts',(-18.3531877574074,8.47800310363274,1.00000000003504));
#1222=CARTESIAN_POINT('Ctrl Pts',(-18.3698363872767,8.44489215937096,1.00000000003453));
#1223=CARTESIAN_POINT('Ctrl Pts',(-18.3863924829483,8.41174072771441,1.00000000003418));
#1224=CARTESIAN_POINT('Ctrl Pts',(-18.575205689105,8.03366680111246,1.00000000003017));
#1225=CARTESIAN_POINT('Ctrl Pts',(-18.752014264361,7.65027589322442,1.00000000004392));
#1226=CARTESIAN_POINT('Ctrl Pts',(-18.9166377390709,7.262183275706,1.00000000006777));
#1227=CARTESIAN_POINT('Ctrl Pts',(-19.0870011926631,6.86055890985755,1.00000000009244));
#1228=CARTESIAN_POINT('Ctrl Pts',(-19.2443155373902,6.45389891254944,1.00000000012792));
#1229=CARTESIAN_POINT('Ctrl Pts',(-19.3883359443733,6.0428479709417,1.00000000016516));
#1230=CARTESIAN_POINT('Ctrl Pts',(-19.5323563513565,5.63179702933397,1.00000000020239));
#1231=CARTESIAN_POINT('Ctrl Pts',(-19.6630831194161,5.21635457816692,1.00000000024137));
#1232=CARTESIAN_POINT('Ctrl Pts',(-19.7802214526453,4.79713588712418,1.00000000027252));
#1233=CARTESIAN_POINT('',(-5.13859128573308,18.043137739317,4.00000000000228));
#1234=CARTESIAN_POINT('Ctrl Pts',(-5.13859128573308,18.043137739317,4.00000000000228));
#1235=CARTESIAN_POINT('Ctrl Pts',(-4.93614420919687,18.1009102140134,3.99553400573466));
#1236=CARTESIAN_POINT('Ctrl Pts',(-4.7327186125217,18.1552335137057,3.99106801146703));
#1237=CARTESIAN_POINT('Ctrl Pts',(-4.52842158703404,18.2060520773172,3.9866020171994));
#1238=CARTESIAN_POINT('Ctrl Pts',(-1.68212600374643,18.9140636247742,3.92438114184113));
#1239=CARTESIAN_POINT('Ctrl Pts',(1.33331795301131,18.9417896468473,3.86216026648286));
#1240=CARTESIAN_POINT('Ctrl Pts',(4.1920903612535,18.2864156498409,3.79993939112458));
#1241=CARTESIAN_POINT('Ctrl Pts',(7.05086276949569,17.6310416528344,3.73771851576631));
#1242=CARTESIAN_POINT('Ctrl Pts',(9.75296362922233,16.2925676367484,3.67549764040804));
#1243=CARTESIAN_POINT('Ctrl Pts',(12.0065241218768,14.4154583883227,3.61327676504976));
#1244=CARTESIAN_POINT('Ctrl Pts',(14.2600846145314,12.538349139897,3.55105588969149));
#1245=CARTESIAN_POINT('Ctrl Pts',(16.0651047401138,10.1226046591317,3.48883501433322));
#1246=CARTESIAN_POINT('Ctrl Pts',(17.2265777729592,7.42948316917886,3.42661413897494));
#1247=CARTESIAN_POINT('Ctrl Pts',(18.3880508058046,4.73636167922601,3.36439326361667));
#1248=CARTESIAN_POINT('Ctrl Pts',(18.905976745913,1.76586318008558,3.3021723882584));
#1249=CARTESIAN_POINT('Ctrl Pts',(18.7245018654293,-1.16150715366459,3.23995151290013));
#1250=CARTESIAN_POINT('Ctrl Pts',(18.5430269849456,-4.08887748741477,3.17773063754185));
#1251=CARTESIAN_POINT('Ctrl Pts',(17.6621512838697,-6.9731196557747,3.11550976218358));
#1252=CARTESIAN_POINT('Ctrl Pts',(16.1766807509351,-9.5019850347389,3.05328888682531));
#1253=CARTESIAN_POINT('Ctrl Pts',(14.6912102180005,-12.0308504137031,2.99106801146703));
#1254=CARTESIAN_POINT('Ctrl Pts',(12.601144853207,-14.2043390032716,2.92884713610876));
#1255=CARTESIAN_POINT('Ctrl Pts',(10.1327460800386,-15.7885333253818,2.86662626075049));
#1256=CARTESIAN_POINT('Ctrl Pts',(7.66434730687015,-17.372727647492,2.80440538539221));
#1257=CARTESIAN_POINT('Ctrl Pts',(4.81761512532666,-18.367627702144,2.74218451003394));
#1258=CARTESIAN_POINT('Ctrl Pts',(1.8998245701265,-18.6647154975742,2.67996363467567));
#1259=CARTESIAN_POINT('Ctrl Pts',(-1.01796598507366,-18.9618032930044,2.61774275931739));
#1260=CARTESIAN_POINT('Ctrl Pts',(-4.00681491393049,-18.5610788292128,2.55552188395912));
#1261=CARTESIAN_POINT('Ctrl Pts',(-6.7437793850551,-17.5066315778753,2.49330100860085));
#1262=CARTESIAN_POINT('Ctrl Pts',(-9.48074385617972,-16.4521843265378,2.43108013324257));
#1263=CARTESIAN_POINT('Ctrl Pts',(-11.9658238695721,-14.7440142876544,2.3688592578843));
#1264=CARTESIAN_POINT('Ctrl Pts',(-13.9300784920124,-12.5662071623207,2.30663838252603));
#1265=CARTESIAN_POINT('Ctrl Pts',(-15.8943331144527,-10.3884000369871,2.24441750716775));
#1266=CARTESIAN_POINT('Ctrl Pts',(-17.3377623459409,-7.74095582520309,2.18219663180948));
#1267=CARTESIAN_POINT('Ctrl Pts',(-18.1061977613528,-4.91032123636618,2.11997575645121));
#1268=CARTESIAN_POINT('Ctrl Pts',(-18.4904154690588,-3.49500394194773,2.08886531877207));
#1269=CARTESIAN_POINT('Ctrl Pts',(-18.7058847227457,-2.03388905326603,2.05775488109293));
#1270=CARTESIAN_POINT('Ctrl Pts',(-18.7503387102264,-0.567625452150825,
2.0266444434138));
#1271=CARTESIAN_POINT('Ctrl Pts',(-18.7560742803239,-0.378444275340632,
2.02263049312086));
#1272=CARTESIAN_POINT('Ctrl Pts',(-18.7589629870886,-0.189177388751651,
2.01861654282792));
#1273=CARTESIAN_POINT('Ctrl Pts',(-18.7590042242932,8.8012588999283E-5,
2.01460259253499));
#1274=CARTESIAN_POINT('Ctrl Pts',(-5.13859128564965,18.0431377388855,4.00000000025584));
#1275=CARTESIAN_POINT('Ctrl Pts',(-5.52484062707264,17.9481028322532,4.00000000022319));
#1276=CARTESIAN_POINT('Ctrl Pts',(-5.9081220162165,17.8406126814783,4.00000000018084));
#1277=CARTESIAN_POINT('Ctrl Pts',(-6.28790142808363,17.7209524720444,4.00000000014172));
#1278=CARTESIAN_POINT('Ctrl Pts',(-6.66773486600267,17.60127524018,4.0000000001026));
#1279=CARTESIAN_POINT('Ctrl Pts',(-7.04406584821886,17.4694242796674,4.0000000000667));
#1280=CARTESIAN_POINT('Ctrl Pts',(-7.41634343200962,17.3256355705037,4.00000000004629));
#1281=CARTESIAN_POINT('Ctrl Pts',(-7.64401533266435,17.2376994439859,4.0000000000338));
#1282=CARTESIAN_POINT('Ctrl Pts',(-7.87017085772966,17.1452975116759,4.00000000002709));
#1283=CARTESIAN_POINT('Ctrl Pts',(-8.09467963770787,17.0484751620082,4.00000000002885));
#1284=CARTESIAN_POINT('Ctrl Pts',(-8.12476752725828,17.0354993658585,4.00000000002908));
#1285=CARTESIAN_POINT('Ctrl Pts',(-8.15482583492002,17.0224441678214,4.00000000002947));
#1286=CARTESIAN_POINT('Ctrl Pts',(-8.18485424152342,17.009309668583,4.00000000003001));
#1287=CARTESIAN_POINT('Ctrl Pts',(-8.21672721852791,16.9953683496938,4.00000000003059));
#1288=CARTESIAN_POINT('Ctrl Pts',(-8.24855650510714,16.9813420676243,4.00000000003119));
#1289=CARTESIAN_POINT('Ctrl Pts',(-8.28034380438279,16.967230197215,4.00000000003176));
#1290=CARTESIAN_POINT('Ctrl Pts',(-8.65596964864547,16.8004722983873,4.00000000003858));
#1291=CARTESIAN_POINT('Ctrl Pts',(-9.02564467201544,16.6218064123366,4.00000000004435));
#1292=CARTESIAN_POINT('Ctrl Pts',(-9.38881995899071,16.4316357664135,4.00000000005063));
#1293=CARTESIAN_POINT('Ctrl Pts',(-9.74580768510513,16.2447051329246,4.0000000000568));
#1294=CARTESIAN_POINT('Ctrl Pts',(-10.0965157644128,16.0466580248422,4.00000000006347));
#1295=CARTESIAN_POINT('Ctrl Pts',(-10.4404128990397,15.8378245670805,4.00000000007141));
#1296=CARTESIAN_POINT('Ctrl Pts',(-10.7932510320318,15.6235616380716,4.00000000007955));
#1297=CARTESIAN_POINT('Ctrl Pts',(-11.1389201069092,15.3979441718633,4.00000000008903));
#1298=CARTESIAN_POINT('Ctrl Pts',(-11.4768269299144,15.1612752999215,4.00000000009997));
#1299=CARTESIAN_POINT('Ctrl Pts',(-11.8147337529196,14.9246064279797,4.0000000001109));
#1300=CARTESIAN_POINT('Ctrl Pts',(-12.1448789170845,14.6768858954241,4.00000000012327));
#1301=CARTESIAN_POINT('Ctrl Pts',(-12.4666408331038,14.4183665781081,4.00000000013648));
#1302=CARTESIAN_POINT('Ctrl Pts',(-12.7802659006712,14.1663848042434,4.00000000014936));
#1303=CARTESIAN_POINT('Ctrl Pts',(-13.0859266245958,13.9041429420769,4.00000000016302));
#1304=CARTESIAN_POINT('Ctrl Pts',(-13.3832668770735,13.6321183834308,4.00000000017625));
#1305=CARTESIAN_POINT('Ctrl Pts',(-13.6235687866613,13.4122758953966,4.00000000018695));
#1306=CARTESIAN_POINT('Ctrl Pts',(-13.8584357092586,13.1860430572591,4.00000000019735));
#1307=CARTESIAN_POINT('Ctrl Pts',(-14.087661412147,12.9536549595363,4.00000000020651));
#1308=CARTESIAN_POINT('Ctrl Pts',(-14.1306408663147,12.9100825613744,4.00000000020823));
#1309=CARTESIAN_POINT('Ctrl Pts',(-14.1734219500776,12.8662937323048,4.0000000002099));
#1310=CARTESIAN_POINT('Ctrl Pts',(-14.2160032339716,12.8222899697782,4.00000000021153));
#1311=CARTESIAN_POINT('Ctrl Pts',(-14.2441201779857,12.7932337456763,4.0000000002126));
#1312=CARTESIAN_POINT('Ctrl Pts',(-14.2721448373345,12.7640891268675,4.00000000021365));
#1313=CARTESIAN_POINT('Ctrl Pts',(-14.3000718025654,12.734862036818,4.00000000021468));
#1314=CARTESIAN_POINT('Ctrl Pts',(-14.5778565658241,12.4441451535829,4.00000000022492));
#1315=CARTESIAN_POINT('Ctrl Pts',(-14.846136902876,12.1451079802505,4.0000000002332));
#1316=CARTESIAN_POINT('Ctrl Pts',(-15.1046453357553,11.8383190153544,4.00000000024094));
#1317=CARTESIAN_POINT('Ctrl Pts',(-15.3657988493617,11.5283909591362,4.00000000024877));
#1318=CARTESIAN_POINT('Ctrl Pts',(-15.6169798422227,11.2105513160066,4.00000000025604));
#1319=CARTESIAN_POINT('Ctrl Pts',(-15.8578834304651,10.8853417880623,4.00000000026361));
#1320=CARTESIAN_POINT('Ctrl Pts',(-16.100381392453,10.5579799238374,4.00000000027123));
#1321=CARTESIAN_POINT('Ctrl Pts',(-16.3324658488542,10.2231499079021,4.00000000027915));
#1322=CARTESIAN_POINT('Ctrl Pts',(-16.5537906899362,9.8813651338237,4.00000000028757));
#1323=CARTESIAN_POINT('Ctrl Pts',(-16.7747858540259,9.54008946923226,4.00000000029599));
#1324=CARTESIAN_POINT('Ctrl Pts',(-16.9850537805192,9.19187930932912,4.00000000030491));
#1325=CARTESIAN_POINT('Ctrl Pts',(-17.1842095463318,8.83721319884257,4.00000000031395));
#1326=CARTESIAN_POINT('Ctrl Pts',(-17.381557806077,8.48576598158756,4.00000000032291));
#1327=CARTESIAN_POINT('Ctrl Pts',(-17.5679949813383,8.12797901257773,4.00000000033198));
#1328=CARTESIAN_POINT('Ctrl Pts',(-17.7431022366628,7.76429266086891,4.00000000034019));
#1329=CARTESIAN_POINT('Ctrl Pts',(-17.8096919720832,7.62599012228235,4.00000000034331));
#1330=CARTESIAN_POINT('Ctrl Pts',(-17.8746427755091,7.4868342314751,4.00000000034631));
#1331=CARTESIAN_POINT('Ctrl Pts',(-17.9379297756402,7.34684844285451,4.0000000003491));
#1332=CARTESIAN_POINT('Ctrl Pts',(-17.997484386465,7.21511840121834,4.00000000035172));
#1333=CARTESIAN_POINT('Ctrl Pts',(-18.0555656430373,7.08265345492571,4.00000000035416));
#1334=CARTESIAN_POINT('Ctrl Pts',(-18.1121662129946,6.94947924839901,4.00000000035635));
#1335=CARTESIAN_POINT('Ctrl Pts',(-18.148128052024,6.86486544713169,4.00000000035775));
#1336=CARTESIAN_POINT('Ctrl Pts',(-18.1834921447294,6.77996532358106,4.00000000035903));
#1337=CARTESIAN_POINT('Ctrl Pts',(-18.2182564415818,6.69478541135581,4.0000000003602));
#1338=CARTESIAN_POINT('Ctrl Pts',(-18.2362481677021,6.65070186040062,4.00000000036081));
#1339=CARTESIAN_POINT('Ctrl Pts',(-18.2540792411129,6.60654336975813,4.00000000036138));
#1340=CARTESIAN_POINT('Ctrl Pts',(-18.2717493637531,6.56231084202381,4.00000000036191));
#1341=CARTESIAN_POINT('Ctrl Pts',(-18.2864454579678,6.52552301614558,4.00000000036236));
#1342=CARTESIAN_POINT('Ctrl Pts',(-18.3010272585339,6.48869136110774,4.00000000036278));
#1343=CARTESIAN_POINT('Ctrl Pts',(-18.3154926750443,6.45182177298978,4.00000000036318));
#1344=CARTESIAN_POINT('Ctrl Pts',(-18.4630028470854,6.07584647477123,4.00000000036724));
#1345=CARTESIAN_POINT('Ctrl Pts',(-18.5984835973608,5.69575502674158,4.00000000036899));
#1346=CARTESIAN_POINT('Ctrl Pts',(-18.7219356332851,5.3121789096014,4.00000000036982));
#1347=CARTESIAN_POINT('Ctrl Pts',(-18.8473830740829,4.92240289751577,4.00000000037066));
#1348=CARTESIAN_POINT('Ctrl Pts',(-18.960410048596,4.52902821721575,4.00000000037056));
#1349=CARTESIAN_POINT('Ctrl Pts',(-19.0609726926896,4.13268717443494,4.00000000037038));
#1350=CARTESIAN_POINT('Ctrl Pts',(-19.1619814495179,3.73458789639613,4.0000000003702));
#1351=CARTESIAN_POINT('Ctrl Pts',(-19.2504152118654,3.33349535861728,4.00000000036994));
#1352=CARTESIAN_POINT('Ctrl Pts',(-19.326181912622,2.93002736748114,4.0000000003699));
#1353=CARTESIAN_POINT('Ctrl Pts',(-19.4018712653799,2.52697126496323,4.00000000036986));
#1354=CARTESIAN_POINT('Ctrl Pts',(-19.4649195399319,2.12154401634254,4.00000000037004));
#1355=CARTESIAN_POINT('Ctrl Pts',(-19.5151853299481,1.71434667564977,4.00000000037015));
#1356=CARTESIAN_POINT('Ctrl Pts',(-19.5558339120207,1.38505722217541,4.00000000037024));
#1357=CARTESIAN_POINT('Ctrl Pts',(-19.5881224630927,1.0546098162274,4.00000000037028));
#1358=CARTESIAN_POINT('Ctrl Pts',(-19.6119514965643,0.723318849299911,4.00000000036985));
#1359=CARTESIAN_POINT('Ctrl Pts',(-19.6327295552697,0.434445061467048,4.00000000036948));
#1360=CARTESIAN_POINT('Ctrl Pts',(-19.6470752995799,0.144929777115889,4.00000000036875));
#1361=CARTESIAN_POINT('Ctrl Pts',(-19.6549985193327,-0.1450206047291,4.00000000036725));
#1362=CARTESIAN_POINT('Ctrl Pts',(-19.6586554172268,-0.278844854699558,
4.00000000036655));
#1363=CARTESIAN_POINT('Ctrl Pts',(-19.6609440037673,-0.41276178168199,4.00000000036569));
#1364=CARTESIAN_POINT('Ctrl Pts',(-19.6618643204525,-0.546751011843859,
4.00000000036461));
#1365=CARTESIAN_POINT('Ctrl Pts',(-19.6626042263537,-0.65447417246687,4.00000000036375));
#1366=CARTESIAN_POINT('Ctrl Pts',(-19.6624597182914,-0.762244066634316,
4.00000000036274));
#1367=CARTESIAN_POINT('Ctrl Pts',(-19.6614305454621,-0.870050064772994,
4.00000000036156));
#1368=CARTESIAN_POINT('Ctrl Pts',(-19.6610560945392,-0.909273851444441,
4.00000000036113));
#1369=CARTESIAN_POINT('Ctrl Pts',(-19.6605645999731,-0.948494269705308,
4.00000000036068));
#1370=CARTESIAN_POINT('Ctrl Pts',(-19.659956291959,-0.987705944868866,4.00000000036021));
#1371=CARTESIAN_POINT('Ctrl Pts',(-19.6535890434175,-1.39814025724674,4.00000000035527));
#1372=CARTESIAN_POINT('Ctrl Pts',(-19.6344261536948,-1.80778520267809,4.00000000034815));
#1373=CARTESIAN_POINT('Ctrl Pts',(-19.6026523023815,-2.21604781119316,4.00000000034024));
#1374=CARTESIAN_POINT('Ctrl Pts',(-19.5704705599318,-2.62955141796568,4.00000000033224));
#1375=CARTESIAN_POINT('Ctrl Pts',(-19.5253520596351,-3.04163747950927,4.00000000032342));
#1376=CARTESIAN_POINT('Ctrl Pts',(-19.4674365600674,-3.45170093576685,4.0000000003147));
#1377=CARTESIAN_POINT('Ctrl Pts',(-19.4093507492886,-3.86297025926872,4.00000000030595));
#1378=CARTESIAN_POINT('Ctrl Pts',(-19.3383925505198,-4.27220561086235,4.00000000029729));
#1379=CARTESIAN_POINT('Ctrl Pts',(-19.2546506123511,-4.67879959725942,4.00000000028907));
#1380=CARTESIAN_POINT('Ctrl Pts',(-19.1711075993826,-5.08442773796571,4.00000000028087));
#1381=CARTESIAN_POINT('Ctrl Pts',(-19.0748414569985,-5.48742759325189,4.0000000002731));
#1382=CARTESIAN_POINT('Ctrl Pts',(-18.9658887496701,-5.88719090137346,4.00000000026559));
#1383=CARTESIAN_POINT('Ctrl Pts',(-18.9415130896178,-5.97662873857013,4.00000000026391));
#1384=CARTESIAN_POINT('Ctrl Pts',(-18.9165022166712,-6.06590453519934,4.00000000026224));
#1385=CARTESIAN_POINT('Ctrl Pts',(-18.8908561904598,-6.15501140101694,4.00000000026057));
#1386=CARTESIAN_POINT('Ctrl Pts',(-18.7761091000192,-6.55369903810223,4.00000000025312));
#1387=CARTESIAN_POINT('Ctrl Pts',(-18.6486507166564,-6.94900629105826,4.00000000024581));
#1388=CARTESIAN_POINT('Ctrl Pts',(-18.508742551167,-7.34038476155761,4.00000000023782));
#1389=CARTESIAN_POINT('Ctrl Pts',(-18.4274704583557,-7.56773494707028,4.00000000023317));
#1390=CARTESIAN_POINT('Ctrl Pts',(-18.3419963904816,-7.79375908395627,4.00000000022829));
#1391=CARTESIAN_POINT('Ctrl Pts',(-18.2523642610746,-8.01834630973267,4.00000000022293));
#1392=CARTESIAN_POINT('Ctrl Pts',(-18.2071544648071,-8.13162647822585,4.00000000022022));
#1393=CARTESIAN_POINT('Ctrl Pts',(-18.1608867242672,-8.24454103521397,4.0000000002174));
#1394=CARTESIAN_POINT('Ctrl Pts',(-18.1135661748947,-8.35707546301216,4.00000000021441));
#1395=CARTESIAN_POINT('Ctrl Pts',(-18.099046975609,-8.39160400939151,4.0000000002135));
#1396=CARTESIAN_POINT('Ctrl Pts',(-18.0844295259272,-8.42609465455701,4.00000000021256));
#1397=CARTESIAN_POINT('Ctrl Pts',(-18.0697184468886,-8.46053674663612,4.00000000021162));
#1398=CARTESIAN_POINT('Ctrl Pts',(-17.9059196326323,-8.84402825179915,4.0000000002011));
#1399=CARTESIAN_POINT('Ctrl Pts',(-17.7303669412682,-9.22186004018606,4.00000000018897));
#1400=CARTESIAN_POINT('Ctrl Pts',(-17.5434544096311,-9.59352388819966,4.00000000017663));
#1401=CARTESIAN_POINT('Ctrl Pts',(-17.3552807422768,-9.96769542550209,4.00000000016421));
#1402=CARTESIAN_POINT('Ctrl Pts',(-17.1555932422746,-10.3356160101434,4.00000000015158));
#1403=CARTESIAN_POINT('Ctrl Pts',(-16.9447415986884,-10.6967578728491,4.00000000013966));
#1404=CARTESIAN_POINT('Ctrl Pts',(-16.7332127023128,-11.0590597186106,4.00000000012769));
#1405=CARTESIAN_POINT('Ctrl Pts',(-16.5104476185696,-11.4145397378334,4.00000000011644));
#1406=CARTESIAN_POINT('Ctrl Pts',(-16.2767498766795,-11.7626482158235,4.0000000001063));
#1407=CARTESIAN_POINT('Ctrl Pts',(-16.1233324906372,-11.9911737134192,4.00000000009965));
#1408=CARTESIAN_POINT('Ctrl Pts',(-15.965202525623,-12.2165219891366,4.00000000009347));
#1409=CARTESIAN_POINT('Ctrl Pts',(-15.8024349688146,-12.4385319696642,4.00000000008776));
#1410=CARTESIAN_POINT('Ctrl Pts',(-15.5547360090236,-12.7763857921223,4.00000000007907));
#1411=CARTESIAN_POINT('Ctrl Pts',(-15.2962988843802,-13.1065102495273,4.00000000007149));
#1412=CARTESIAN_POINT('Ctrl Pts',(-15.027569912266,-13.4284994086559,4.00000000006462));
#1413=CARTESIAN_POINT('Ctrl Pts',(-14.7590469580867,-13.7502417185478,4.00000000005775));
#1414=CARTESIAN_POINT('Ctrl Pts',(-14.4802475574272,-14.0638615907879,4.00000000005159));
#1415=CARTESIAN_POINT('Ctrl Pts',(-14.1915788944599,-14.368918752425,4.00000000004524));
#1416=CARTESIAN_POINT('Ctrl Pts',(-14.1176728588101,-14.4470206330774,4.00000000004362));
#1417=CARTESIAN_POINT('Ctrl Pts',(-14.0431197326046,-14.5245610465892,4.00000000004198));
#1418=CARTESIAN_POINT('Ctrl Pts',(-13.9679259928664,-14.6015321836621,4.00000000004031));
#1419=CARTESIAN_POINT('Ctrl Pts',(-13.9084194037667,-14.6624453639652,4.00000000003898));
#1420=CARTESIAN_POINT('Ctrl Pts',(-13.8485116100836,-14.7230020159174,4.00000000003764));
#1421=CARTESIAN_POINT('Ctrl Pts',(-13.7882057623646,-14.7831981875356,4.00000000003626));
#1422=CARTESIAN_POINT('Ctrl Pts',(-13.7595634938664,-14.8117883653585,4.00000000003561));
#1423=CARTESIAN_POINT('Ctrl Pts',(-13.7308310425494,-14.840297571713,4.00000000003494));
#1424=CARTESIAN_POINT('Ctrl Pts',(-13.7020197746961,-14.8687146118691,4.00000000003434));
#1425=CARTESIAN_POINT('Ctrl Pts',(-13.401458532869,-15.1651632416859,4.00000000002803));
#1426=CARTESIAN_POINT('Ctrl Pts',(-13.0920359034924,-15.4518722263105,4.0000000000267));
#1427=CARTESIAN_POINT('Ctrl Pts',(-12.7742753947302,-15.7284908658946,4.000000000029));
#1428=CARTESIAN_POINT('Ctrl Pts',(-12.4418544336649,-16.0178718036876,4.00000000003141));
#1429=CARTESIAN_POINT('Ctrl Pts',(-12.1003083981057,-16.2962105330327,4.00000000003779));
#1430=CARTESIAN_POINT('Ctrl Pts',(-11.7501866975545,-16.5630712817017,4.00000000004606));
#1431=CARTESIAN_POINT('Ctrl Pts',(-11.4000649970033,-16.8299320303707,4.00000000005433));
#1432=CARTESIAN_POINT('Ctrl Pts',(-11.0413671596638,-17.0853152703573,4.00000000006448));
#1433=CARTESIAN_POINT('Ctrl Pts',(-10.6745985509672,-17.3287432625808,4.00000000007385));
#1434=CARTESIAN_POINT('Origin',(0.,-1.22464679914735E-16,1.));
#1435=CARTESIAN_POINT('',(-17.,1.95943487863577E-15,1.));
#1436=CARTESIAN_POINT('Origin',(0.,-1.22464679914735E-16,1.));
#1437=CARTESIAN_POINT('Origin',(0.,-1.22464679914735E-16,1.));
#1438=CARTESIAN_POINT('',(-17.,1.95943487863577E-15,1.));
#1439=CARTESIAN_POINT('Origin',(0.,2.44929359829471E-16,4.));
#1440=CARTESIAN_POINT('Origin',(0.,2.44929359829471E-16,4.));
#1441=CARTESIAN_POINT('Origin',(0.,2.44929359829471E-16,4.));
#1442=UNCERTAINTY_MEASURE_WITH_UNIT(LENGTH_MEASURE(0.01),#1446,
'DISTANCE_ACCURACY_VALUE',
'Maximum model space distance between geometric entities at asserted c
onnectivities');
#1443=UNCERTAINTY_MEASURE_WITH_UNIT(LENGTH_MEASURE(0.01),#1446,
'DISTANCE_ACCURACY_VALUE',
'Maximum model space distance between geometric entities at asserted c
onnectivities');
#1444=(
GEOMETRIC_REPRESENTATION_CONTEXT(3)
GLOBAL_UNCERTAINTY_ASSIGNED_CONTEXT((#1442))
GLOBAL_UNIT_ASSIGNED_CONTEXT((#1446,#1448,#1449))
REPRESENTATION_CONTEXT('','3D')
);
#1445=(
GEOMETRIC_REPRESENTATION_CONTEXT(3)
GLOBAL_UNCERTAINTY_ASSIGNED_CONTEXT((#1443))
GLOBAL_UNIT_ASSIGNED_CONTEXT((#1446,#1448,#1449))
REPRESENTATION_CONTEXT('','3D')
);
#1446=(
LENGTH_UNIT()
NAMED_UNIT(*)
SI_UNIT(.MILLI.,.METRE.)
);
#1447=(
LENGTH_UNIT()
NAMED_UNIT(*)
SI_UNIT($,.METRE.)
);
#1448=(
NAMED_UNIT(*)
PLANE_ANGLE_UNIT()
SI_UNIT($,.RADIAN.)
);
#1449=(
NAMED_UNIT(*)
SI_UNIT($,.STERADIAN.)
SOLID_ANGLE_UNIT()
);
#1450=SHAPE_DEFINITION_REPRESENTATION(#1451,#1452);
#1451=PRODUCT_DEFINITION_SHAPE('',$,#1454);
#1452=SHAPE_REPRESENTATION('',(#226),#1444);
#1453=PRODUCT_DEFINITION_CONTEXT('part definition',#1458,'design');
#1454=PRODUCT_DEFINITION('alkane-lamp-thread-m40x2_5-counternut',
'alkane-lamp-thread-m40x2_5-counternut v1',#1455,#1453);
#1455=PRODUCT_DEFINITION_FORMATION('',$,#1460);
#1456=PRODUCT_RELATED_PRODUCT_CATEGORY(
'alkane-lamp-thread-m40x2_5-counternut v1',
'alkane-lamp-thread-m40x2_5-counternut v1',(#1460));
#1457=APPLICATION_PROTOCOL_DEFINITION('international standard',
'automotive_design',2009,#1458);
#1458=APPLICATION_CONTEXT(
'Core Data for Automotive Mechanical Design Process');
#1459=PRODUCT_CONTEXT('part definition',#1458,'mechanical');
#1460=PRODUCT('alkane-lamp-thread-m40x2_5-counternut',
'alkane-lamp-thread-m40x2_5-counternut v1',$,(#1459));
#1461=PRESENTATION_STYLE_ASSIGNMENT((#1462));
#1462=SURFACE_STYLE_USAGE(.BOTH.,#1463);
#1463=SURFACE_SIDE_STYLE('',(#1464));
#1464=SURFACE_STYLE_FILL_AREA(#1465);
#1465=FILL_AREA_STYLE('Stahl - satiniert',(#1466));
#1466=FILL_AREA_STYLE_COLOUR('Stahl - satiniert',#1467);
#1467=COLOUR_RGB('Stahl - satiniert',0.627450980392157,0.627450980392157,
0.627450980392157);
ENDSEC;
END-ISO-10303-21;
