ISO-10303-21;
HEADER;
/* Generated by software containing ST-Developer
 * from STEP Tools, Inc. (www.steptools.com) 
 */

FILE_DESCRIPTION(
/* description */ (''),
/* implementation_level */ '2;1');

FILE_NAME(
/* name */ 'alkane-lamp-node-v5.step',
/* time_stamp */ '2026-08-29T09:54:36+02:00',
/* author */ (''),
/* organization */ (''),
/* preprocessor_version */ 'ST-DEVELOPER v20.1',
/* originating_system */ 'Autodesk Translation Framework v15.8.0.0',
/* authorisation */ '');

FILE_SCHEMA (('AUTOMOTIVE_DESIGN { 1 0 10303 214 3 1 1 }'));
ENDSEC;

DATA;
#10=MECHANICAL_DESIGN_GEOMETRIC_PRESENTATION_REPRESENTATION('',(#13),#10312);
#11=SHAPE_REPRESENTATION_RELATIONSHIP('SRR','None',#10319,#12);
#12=ADVANCED_BREP_SHAPE_REPRESENTATION('',(#14),#10311);
#13=STYLED_ITEM('',(#10328),#14);
#14=MANIFOLD_SOLID_BREP('tetrapod-node',#1207);
#15=FACE_BOUND('',#214,.T.);
#16=FACE_BOUND('',#216,.T.);
#17=FACE_BOUND('',#218,.T.);
#18=FACE_BOUND('',#220,.T.);
#19=PLANE('',#1311);
#20=PLANE('',#1312);
#21=PLANE('',#1313);
#22=PLANE('',#1314);
#23=LINE('',#9089,#31);
#24=LINE('',#9093,#32);
#25=LINE('',#9097,#33);
#26=LINE('',#9101,#34);
#27=LINE('',#10292,#35);
#28=LINE('',#10296,#36);
#29=LINE('',#10300,#37);
#30=LINE('',#10304,#38);
#31=VECTOR('',#1435,21.5);
#32=VECTOR('',#1440,21.5);
#33=VECTOR('',#1445,21.5);
#34=VECTOR('',#1450,21.5);
#35=VECTOR('',#1489,24.);
#36=VECTOR('',#1494,24.);
#37=VECTOR('',#1499,24.);
#38=VECTOR('',#1504,24.);
#39=CYLINDRICAL_SURFACE('',#1278,21.5);
#40=CYLINDRICAL_SURFACE('',#1280,21.5);
#41=CYLINDRICAL_SURFACE('',#1282,21.5);
#42=CYLINDRICAL_SURFACE('',#1284,21.5);
#43=CYLINDRICAL_SURFACE('',#1303,24.);
#44=CYLINDRICAL_SURFACE('',#1305,24.);
#45=CYLINDRICAL_SURFACE('',#1307,24.);
#46=CYLINDRICAL_SURFACE('',#1309,24.);
#47=ELLIPSE('',#1264,27.1730565082399,21.5);
#48=ELLIPSE('',#1265,27.1730565082399,21.5);
#49=ELLIPSE('',#1267,27.1730565082399,21.5);
#50=ELLIPSE('',#1268,27.1730565082399,21.5);
#51=ELLIPSE('',#1269,27.1730565082399,21.5);
#52=ELLIPSE('',#1270,27.1730565082399,21.5);
#53=ELLIPSE('',#1271,27.1730565082399,21.5);
#54=ELLIPSE('',#1272,27.1730565082399,21.5);
#55=ELLIPSE('',#1273,27.1730565082399,21.5);
#56=ELLIPSE('',#1274,27.1730565082399,21.5);
#57=ELLIPSE('',#1275,27.1730565082399,21.5);
#58=ELLIPSE('',#1276,27.1730565082399,21.5);
#59=ELLIPSE('',#1277,27.1730565082399,21.5);
#60=ELLIPSE('',#1289,45.0998891351187,24.);
#61=ELLIPSE('',#1290,45.0998891351187,24.);
#62=ELLIPSE('',#1292,45.0998891351187,24.);
#63=ELLIPSE('',#1293,45.0998891351187,24.);
#64=ELLIPSE('',#1294,45.0998891351187,24.);
#65=ELLIPSE('',#1295,45.0998891351187,24.);
#66=ELLIPSE('',#1296,45.0998891351187,24.);
#67=ELLIPSE('',#1297,45.0998891351187,24.);
#68=ELLIPSE('',#1298,45.0998891351187,24.);
#69=ELLIPSE('',#1299,45.0998891351187,24.);
#70=ELLIPSE('',#1300,45.0998891351187,24.);
#71=ELLIPSE('',#1301,45.0998891351188,24.);
#72=ELLIPSE('',#1302,45.0998891351187,24.);
#73=FACE_OUTER_BOUND('',#145,.T.);
#74=FACE_OUTER_BOUND('',#146,.T.);
#75=FACE_OUTER_BOUND('',#147,.T.);
#76=FACE_OUTER_BOUND('',#148,.T.);
#77=FACE_OUTER_BOUND('',#149,.T.);
#78=FACE_OUTER_BOUND('',#150,.T.);
#79=FACE_OUTER_BOUND('',#151,.T.);
#80=FACE_OUTER_BOUND('',#152,.T.);
#81=FACE_OUTER_BOUND('',#153,.T.);
#82=FACE_OUTER_BOUND('',#154,.T.);
#83=FACE_OUTER_BOUND('',#155,.T.);
#84=FACE_OUTER_BOUND('',#156,.T.);
#85=FACE_OUTER_BOUND('',#157,.T.);
#86=FACE_OUTER_BOUND('',#158,.T.);
#87=FACE_OUTER_BOUND('',#159,.T.);
#88=FACE_OUTER_BOUND('',#160,.T.);
#89=FACE_OUTER_BOUND('',#161,.T.);
#90=FACE_OUTER_BOUND('',#162,.T.);
#91=FACE_OUTER_BOUND('',#163,.T.);
#92=FACE_OUTER_BOUND('',#164,.T.);
#93=FACE_OUTER_BOUND('',#165,.T.);
#94=FACE_OUTER_BOUND('',#166,.T.);
#95=FACE_OUTER_BOUND('',#167,.T.);
#96=FACE_OUTER_BOUND('',#168,.T.);
#97=FACE_OUTER_BOUND('',#169,.T.);
#98=FACE_OUTER_BOUND('',#170,.T.);
#99=FACE_OUTER_BOUND('',#171,.T.);
#100=FACE_OUTER_BOUND('',#172,.T.);
#101=FACE_OUTER_BOUND('',#173,.T.);
#102=FACE_OUTER_BOUND('',#174,.T.);
#103=FACE_OUTER_BOUND('',#175,.T.);
#104=FACE_OUTER_BOUND('',#176,.T.);
#105=FACE_OUTER_BOUND('',#177,.T.);
#106=FACE_OUTER_BOUND('',#178,.T.);
#107=FACE_OUTER_BOUND('',#179,.T.);
#108=FACE_OUTER_BOUND('',#180,.T.);
#109=FACE_OUTER_BOUND('',#181,.T.);
#110=FACE_OUTER_BOUND('',#182,.T.);
#111=FACE_OUTER_BOUND('',#183,.T.);
#112=FACE_OUTER_BOUND('',#184,.T.);
#113=FACE_OUTER_BOUND('',#185,.T.);
#114=FACE_OUTER_BOUND('',#186,.T.);
#115=FACE_OUTER_BOUND('',#187,.T.);
#116=FACE_OUTER_BOUND('',#188,.T.);
#117=FACE_OUTER_BOUND('',#189,.T.);
#118=FACE_OUTER_BOUND('',#190,.T.);
#119=FACE_OUTER_BOUND('',#191,.T.);
#120=FACE_OUTER_BOUND('',#192,.T.);
#121=FACE_OUTER_BOUND('',#193,.T.);
#122=FACE_OUTER_BOUND('',#194,.T.);
#123=FACE_OUTER_BOUND('',#195,.T.);
#124=FACE_OUTER_BOUND('',#196,.T.);
#125=FACE_OUTER_BOUND('',#197,.T.);
#126=FACE_OUTER_BOUND('',#198,.T.);
#127=FACE_OUTER_BOUND('',#199,.T.);
#128=FACE_OUTER_BOUND('',#200,.T.);
#129=FACE_OUTER_BOUND('',#201,.T.);
#130=FACE_OUTER_BOUND('',#202,.T.);
#131=FACE_OUTER_BOUND('',#203,.T.);
#132=FACE_OUTER_BOUND('',#204,.T.);
#133=FACE_OUTER_BOUND('',#205,.T.);
#134=FACE_OUTER_BOUND('',#206,.T.);
#135=FACE_OUTER_BOUND('',#207,.T.);
#136=FACE_OUTER_BOUND('',#208,.T.);
#137=FACE_OUTER_BOUND('',#209,.T.);
#138=FACE_OUTER_BOUND('',#210,.T.);
#139=FACE_OUTER_BOUND('',#211,.T.);
#140=FACE_OUTER_BOUND('',#212,.T.);
#141=FACE_OUTER_BOUND('',#213,.T.);
#142=FACE_OUTER_BOUND('',#215,.T.);
#143=FACE_OUTER_BOUND('',#217,.T.);
#144=FACE_OUTER_BOUND('',#219,.T.);
#145=EDGE_LOOP('',(#691,#692,#693,#694));
#146=EDGE_LOOP('',(#695,#696,#697,#698));
#147=EDGE_LOOP('',(#699,#700,#701,#702));
#148=EDGE_LOOP('',(#703,#704,#705,#706));
#149=EDGE_LOOP('',(#707,#708,#709,#710));
#150=EDGE_LOOP('',(#711,#712,#713,#714));
#151=EDGE_LOOP('',(#715,#716,#717,#718));
#152=EDGE_LOOP('',(#719,#720,#721,#722));
#153=EDGE_LOOP('',(#723,#724,#725,#726));
#154=EDGE_LOOP('',(#727,#728,#729,#730));
#155=EDGE_LOOP('',(#731,#732,#733,#734));
#156=EDGE_LOOP('',(#735,#736,#737,#738,#739));
#157=EDGE_LOOP('',(#740,#741,#742,#743));
#158=EDGE_LOOP('',(#744,#745,#746,#747,#748));
#159=EDGE_LOOP('',(#749,#750,#751,#752));
#160=EDGE_LOOP('',(#753,#754,#755,#756));
#161=EDGE_LOOP('',(#757,#758,#759,#760));
#162=EDGE_LOOP('',(#761,#762,#763,#764));
#163=EDGE_LOOP('',(#765,#766,#767,#768));
#164=EDGE_LOOP('',(#769,#770,#771,#772));
#165=EDGE_LOOP('',(#773,#774,#775,#776));
#166=EDGE_LOOP('',(#777,#778,#779,#780));
#167=EDGE_LOOP('',(#781,#782,#783,#784));
#168=EDGE_LOOP('',(#785,#786,#787,#788));
#169=EDGE_LOOP('',(#789,#790,#791,#792));
#170=EDGE_LOOP('',(#793,#794,#795,#796));
#171=EDGE_LOOP('',(#797,#798,#799,#800));
#172=EDGE_LOOP('',(#801,#802,#803,#804));
#173=EDGE_LOOP('',(#805,#806,#807,#808));
#174=EDGE_LOOP('',(#809,#810,#811,#812));
#175=EDGE_LOOP('',(#813,#814,#815,#816));
#176=EDGE_LOOP('',(#817,#818,#819,#820));
#177=EDGE_LOOP('',(#821,#822,#823,#824));
#178=EDGE_LOOP('',(#825,#826,#827,#828));
#179=EDGE_LOOP('',(#829,#830,#831,#832));
#180=EDGE_LOOP('',(#833,#834,#835,#836));
#181=EDGE_LOOP('',(#837,#838,#839,#840,#841));
#182=EDGE_LOOP('',(#842,#843,#844,#845));
#183=EDGE_LOOP('',(#846,#847,#848,#849,#850));
#184=EDGE_LOOP('',(#851,#852,#853,#854));
#185=EDGE_LOOP('',(#855,#856,#857,#858,#859));
#186=EDGE_LOOP('',(#860,#861,#862,#863));
#187=EDGE_LOOP('',(#864,#865,#866,#867));
#188=EDGE_LOOP('',(#868,#869,#870,#871,#872,#873));
#189=EDGE_LOOP('',(#874,#875,#876,#877));
#190=EDGE_LOOP('',(#878,#879,#880,#881,#882,#883,#884));
#191=EDGE_LOOP('',(#885,#886,#887,#888,#889,#890));
#192=EDGE_LOOP('',(#891,#892,#893,#894,#895,#896));
#193=EDGE_LOOP('',(#897,#898,#899,#900,#901,#902));
#194=EDGE_LOOP('',(#903,#904,#905,#906,#907,#908));
#195=EDGE_LOOP('',(#909,#910,#911,#912,#913,#914,#915,#916,#917,#918,#919,
#920,#921));
#196=EDGE_LOOP('',(#922,#923,#924,#925,#926,#927,#928,#929,#930,#931,#932,
#933,#934));
#197=EDGE_LOOP('',(#935,#936,#937,#938,#939,#940,#941,#942,#943,#944,#945,
#946,#947));
#198=EDGE_LOOP('',(#948,#949,#950,#951,#952,#953,#954,#955,#956,#957,#958,
#959,#960));
#199=EDGE_LOOP('',(#961,#962,#963,#964));
#200=EDGE_LOOP('',(#965,#966,#967,#968,#969));
#201=EDGE_LOOP('',(#970,#971,#972,#973));
#202=EDGE_LOOP('',(#974,#975,#976,#977,#978,#979));
#203=EDGE_LOOP('',(#980,#981,#982,#983));
#204=EDGE_LOOP('',(#984,#985,#986,#987,#988,#989));
#205=EDGE_LOOP('',(#990,#991,#992,#993,#994,#995,#996));
#206=EDGE_LOOP('',(#997,#998,#999,#1000,#1001,#1002));
#207=EDGE_LOOP('',(#1003,#1004,#1005,#1006,#1007,#1008));
#208=EDGE_LOOP('',(#1009,#1010,#1011,#1012,#1013,#1014));
#209=EDGE_LOOP('',(#1015,#1016,#1017,#1018,#1019,#1020,#1021,#1022,#1023,
#1024,#1025,#1026,#1027));
#210=EDGE_LOOP('',(#1028,#1029,#1030,#1031,#1032,#1033,#1034,#1035,#1036,
#1037,#1038,#1039,#1040));
#211=EDGE_LOOP('',(#1041,#1042,#1043,#1044,#1045,#1046,#1047,#1048,#1049,
#1050,#1051,#1052,#1053));
#212=EDGE_LOOP('',(#1054,#1055,#1056,#1057,#1058,#1059,#1060,#1061,#1062,
#1063,#1064,#1065,#1066));
#213=EDGE_LOOP('',(#1067));
#214=EDGE_LOOP('',(#1068));
#215=EDGE_LOOP('',(#1069));
#216=EDGE_LOOP('',(#1070));
#217=EDGE_LOOP('',(#1071));
#218=EDGE_LOOP('',(#1072));
#219=EDGE_LOOP('',(#1073));
#220=EDGE_LOOP('',(#1074));
#221=CIRCLE('',#1221,30.);
#222=CIRCLE('',#1222,30.);
#223=CIRCLE('',#1223,30.);
#224=CIRCLE('',#1224,30.);
#225=CIRCLE('',#1225,30.);
#226=CIRCLE('',#1226,30.);
#227=CIRCLE('',#1227,30.);
#228=CIRCLE('',#1228,30.);
#229=CIRCLE('',#1229,30.);
#230=CIRCLE('',#1230,30.);
#231=CIRCLE('',#1231,30.);
#232=CIRCLE('',#1232,30.);
#233=CIRCLE('',#1233,30.);
#234=CIRCLE('',#1234,30.);
#235=CIRCLE('',#1235,30.);
#236=CIRCLE('',#1236,30.);
#237=CIRCLE('',#1237,30.);
#238=CIRCLE('',#1238,30.);
#239=CIRCLE('',#1239,30.);
#240=CIRCLE('',#1240,30.);
#241=CIRCLE('',#1241,2.);
#242=CIRCLE('',#1242,2.);
#243=CIRCLE('',#1243,2.);
#244=CIRCLE('',#1244,1.99999999999999);
#245=CIRCLE('',#1245,1.99999999999999);
#246=CIRCLE('',#1246,2.00000000000001);
#247=CIRCLE('',#1247,2.);
#248=CIRCLE('',#1248,2.);
#249=CIRCLE('',#1249,2.);
#250=CIRCLE('',#1250,2.);
#251=CIRCLE('',#1251,2.00000000000001);
#252=CIRCLE('',#1252,2.);
#253=CIRCLE('',#1253,2.);
#254=CIRCLE('',#1254,2.);
#255=CIRCLE('',#1255,2.);
#256=CIRCLE('',#1256,2.00000000000001);
#257=CIRCLE('',#1257,2.);
#258=CIRCLE('',#1258,2.);
#259=CIRCLE('',#1259,2.);
#260=CIRCLE('',#1260,2.);
#261=CIRCLE('',#1261,2.00000000000001);
#262=CIRCLE('',#1262,2.00000000000001);
#263=CIRCLE('',#1263,2.00000000000001);
#264=CIRCLE('',#1266,2.);
#265=CIRCLE('',#1279,21.5);
#266=CIRCLE('',#1281,21.5);
#267=CIRCLE('',#1283,21.5);
#268=CIRCLE('',#1285,21.5);
#269=CIRCLE('',#1286,30.);
#270=CIRCLE('',#1287,30.);
#271=CIRCLE('',#1288,30.);
#272=CIRCLE('',#1291,30.);
#273=CIRCLE('',#1304,24.);
#274=CIRCLE('',#1306,24.);
#275=CIRCLE('',#1308,24.);
#276=CIRCLE('',#1310,24.);
#277=B_SPLINE_CURVE_WITH_KNOTS('',3,(#1628,#1629,#1630,#1631,#1632,#1633,
#1634,#1635,#1636,#1637,#1638,#1639,#1640,#1641,#1642,#1643),
 .UNSPECIFIED.,.F.,.F.,(4,1,1,1,1,1,1,1,1,1,1,1,1,4),(0.,0.0769230769230769,
0.153846153846154,0.230769230769231,0.307692307692308,0.384615384615385,
0.461538461538462,0.538461538461538,0.615384615384615,0.692307692307692,
0.769230769230769,0.846153846153846,0.923076923076923,1.),.UNSPECIFIED.);
#278=B_SPLINE_CURVE_WITH_KNOTS('',3,(#1645,#1646,#1647,#1648,#1649,#1650,
#1651),.UNSPECIFIED.,.F.,.F.,(4,1,1,1,4),(0.,0.25,0.5,0.75,1.),
 .UNSPECIFIED.);
#279=B_SPLINE_CURVE_WITH_KNOTS('',3,(#1653,#1654,#1655,#1656,#1657,#1658,
#1659,#1660,#1661,#1662,#1663,#1664,#1665,#1666,#1667,#1668,#1669,#1670,
#1671,#1672,#1673,#1674,#1675,#1676,#1677,#1678,#1679,#1680,#1681,#1682,
#1683,#1684,#1685,#1686,#1687,#1688,#1689,#1690,#1691,#1692,#1693,#1694,
#1695,#1696,#1697,#1698,#1699,#1700,#1701,#1702,#1703,#1704,#1705,#1706,
#1707,#1708,#1709,#1710,#1711,#1712,#1713,#1714,#1715,#1716,#1717,#1718,
#1719,#1720,#1721,#1722,#1723,#1724,#1725,#1726,#1727,#1728,#1729,#1730,
#1731,#1732,#1733,#1734,#1735,#1736,#1737,#1738,#1739,#1740,#1741,#1742,
#1743),.UNSPECIFIED.,.F.,.F.,(4,3,3,3,3,3,3,3,3,3,3,3,3,3,3,3,3,3,3,3,3,
3,3,3,3,3,3,3,3,3,4),(0.499999999999999,0.518145046214158,0.535476099527613,
0.552970521362939,0.572396924005515,0.596446060432197,0.621668181655185,
0.640538640902535,0.657583103147868,0.678984159201126,0.696908773881148,
0.718342510105402,0.742191509076696,0.760693659887612,0.777359328636258,
0.793620635683917,0.809065257036317,0.824583035357682,0.84421583641484,
0.863688856862985,0.878526165827528,0.891935354797339,0.905443435447671,
0.917444516737492,0.931395612040543,0.948546709030407,0.961592775523265,
0.97343665930273,0.984547470581901,0.994933608701384,1.),.UNSPECIFIED.);
#280=B_SPLINE_CURVE_WITH_KNOTS('',3,(#1858,#1859,#1860,#1861,#1862,#1863,
#1864,#1865,#1866,#1867,#1868,#1869,#1870,#1871,#1872,#1873),
 .UNSPECIFIED.,.F.,.F.,(4,1,1,1,1,1,1,1,1,1,1,1,1,4),(0.,0.0769230769230769,
0.153846153846154,0.230769230769231,0.307692307692308,0.384615384615385,
0.461538461538462,0.538461538461538,0.615384615384615,0.692307692307692,
0.769230769230769,0.846153846153846,0.923076923076923,1.),.UNSPECIFIED.);
#281=B_SPLINE_CURVE_WITH_KNOTS('',3,(#1876,#1877,#1878,#1879,#1880,#1881,
#1882,#1883,#1884,#1885,#1886,#1887,#1888,#1889,#1890,#1891,#1892,#1893,
#1894,#1895,#1896,#1897,#1898,#1899,#1900,#1901,#1902,#1903,#1904,#1905,
#1906,#1907,#1908,#1909,#1910,#1911,#1912,#1913,#1914,#1915,#1916,#1917,
#1918,#1919,#1920,#1921,#1922,#1923,#1924,#1925,#1926,#1927,#1928,#1929,
#1930,#1931,#1932,#1933,#1934,#1935,#1936,#1937,#1938,#1939,#1940,#1941,
#1942,#1943,#1944,#1945,#1946,#1947,#1948,#1949,#1950,#1951,#1952,#1953,
#1954,#1955,#1956,#1957,#1958,#1959,#1960,#1961,#1962,#1963),
 .UNSPECIFIED.,.F.,.F.,(4,3,3,3,3,3,3,3,3,3,3,3,3,3,3,3,3,3,3,3,3,3,3,3,
3,3,3,3,3,4),(0.,0.0113742399320015,0.0233067176306928,0.036010330792242,
0.0499409403073329,0.0670522322050092,0.0858499548104265,0.100001883629301,
0.113235711423292,0.130166790887157,0.144967797107815,0.161139431945014,
0.180299268159164,0.20162347720983,0.220272009884215,0.235764290745536,
0.253012527920466,0.270277294137286,0.289071389217145,0.310696229030883,
0.335279978159311,0.355869980889397,0.373886233278222,0.391500657633301,
0.409260013305595,0.428420073091368,0.450517296911776,0.47527872850809,
0.496914880739783,0.499999999999999),.UNSPECIFIED.);
#282=B_SPLINE_CURVE_WITH_KNOTS('',3,(#2077,#2078,#2079,#2080,#2081,#2082,
#2083),.UNSPECIFIED.,.F.,.F.,(4,1,1,1,4),(0.,0.25,0.5,0.75,1.),
 .UNSPECIFIED.);
#283=B_SPLINE_CURVE_WITH_KNOTS('',3,(#2085,#2086,#2087,#2088,#2089,#2090,
#2091,#2092,#2093,#2094,#2095,#2096,#2097,#2098,#2099,#2100,#2101,#2102,
#2103,#2104,#2105,#2106,#2107,#2108,#2109,#2110,#2111,#2112,#2113,#2114,
#2115,#2116,#2117,#2118,#2119,#2120,#2121,#2122,#2123,#2124,#2125,#2126,
#2127,#2128,#2129,#2130,#2131,#2132,#2133,#2134,#2135,#2136,#2137,#2138,
#2139,#2140,#2141,#2142,#2143,#2144,#2145,#2146,#2147,#2148,#2149,#2150,
#2151,#2152,#2153,#2154,#2155,#2156,#2157,#2158,#2159,#2160,#2161,#2162,
#2163,#2164,#2165,#2166,#2167,#2168,#2169,#2170,#2171,#2172,#2173,#2174,
#2175),.UNSPECIFIED.,.F.,.F.,(4,3,3,3,3,3,3,3,3,3,3,3,3,3,3,3,3,3,3,3,3,
3,3,3,3,3,3,3,3,3,4),(0.5,0.518145046214421,0.535476099519117,0.552970521354086,
0.572396923995586,0.596446060419328,0.62166818164312,0.640538640891077,
0.657583103137266,0.678984159191187,0.696908773869788,0.718342510091022,
0.74219150906697,0.760693659879104,0.777359328628515,0.793620635674206,
0.809065257029211,0.824583035349658,0.844215836402287,0.863688856852001,
0.878526165816089,0.891935354786181,0.905443435437909,0.917444516726615,
0.931395612026753,0.948546709020065,0.961592775514222,0.973436659294384,
0.98454747057377,0.994933608693668,1.),.UNSPECIFIED.);
#284=B_SPLINE_CURVE_WITH_KNOTS('',3,(#2290,#2291,#2292,#2293,#2294,#2295,
#2296,#2297,#2298,#2299,#2300,#2301,#2302,#2303,#2304,#2305),
 .UNSPECIFIED.,.F.,.F.,(4,1,1,1,1,1,1,1,1,1,1,1,1,4),(0.,0.0769230769230769,
0.153846153846154,0.230769230769231,0.307692307692308,0.384615384615385,
0.461538461538462,0.538461538461538,0.615384615384615,0.692307692307692,
0.769230769230769,0.846153846153846,0.923076923076923,1.),.UNSPECIFIED.);
#285=B_SPLINE_CURVE_WITH_KNOTS('',3,(#2308,#2309,#2310,#2311,#2312,#2313,
#2314,#2315,#2316,#2317,#2318,#2319,#2320,#2321,#2322,#2323,#2324,#2325,
#2326,#2327,#2328,#2329,#2330,#2331,#2332,#2333,#2334,#2335,#2336,#2337,
#2338,#2339,#2340,#2341,#2342,#2343,#2344,#2345,#2346,#2347,#2348,#2349,
#2350,#2351,#2352,#2353,#2354,#2355,#2356,#2357,#2358,#2359,#2360,#2361,
#2362,#2363,#2364,#2365,#2366,#2367,#2368,#2369,#2370,#2371,#2372,#2373,
#2374,#2375,#2376,#2377,#2378,#2379,#2380,#2381,#2382,#2383,#2384,#2385,
#2386,#2387,#2388,#2389,#2390,#2391,#2392,#2393,#2394,#2395),
 .UNSPECIFIED.,.F.,.F.,(4,3,3,3,3,3,3,3,3,3,3,3,3,3,3,3,3,3,3,3,3,3,3,3,
3,3,3,3,3,4),(0.,0.0113742399319858,0.0233067176307339,0.0360103307926274,
0.049940940307088,0.0670522322048012,0.08584995481079,0.100001883629701,
0.1132357114237,0.130166790887424,0.144967797107857,0.161139431944626,0.180299268158511,
0.201623477209603,0.220272009884003,0.235764290745016,0.253012527920046,
0.270277294136854,0.289071389216647,0.310696229029935,0.335279978159292,
0.35586998088938,0.373886233278208,0.391500657577679,0.409260013246225,
0.428420073025962,0.450517296831012,0.475278728440692,0.496914880680963,
0.5),.UNSPECIFIED.);
#286=B_SPLINE_CURVE_WITH_KNOTS('',3,(#2509,#2510,#2511,#2512,#2513,#2514,
#2515),.UNSPECIFIED.,.F.,.F.,(4,1,1,1,4),(0.,0.25,0.5,0.75,1.),
 .UNSPECIFIED.);
#287=B_SPLINE_CURVE_WITH_KNOTS('',3,(#2517,#2518,#2519,#2520,#2521,#2522,
#2523,#2524,#2525,#2526,#2527,#2528,#2529,#2530,#2531,#2532,#2533,#2534,
#2535,#2536,#2537,#2538,#2539,#2540,#2541,#2542,#2543,#2544,#2545,#2546,
#2547,#2548,#2549,#2550,#2551,#2552,#2553,#2554,#2555,#2556,#2557,#2558,
#2559,#2560,#2561,#2562,#2563,#2564,#2565,#2566,#2567,#2568,#2569,#2570,
#2571,#2572,#2573,#2574,#2575,#2576,#2577,#2578,#2579,#2580,#2581,#2582,
#2583,#2584,#2585,#2586,#2587,#2588,#2589,#2590,#2591,#2592,#2593,#2594,
#2595,#2596,#2597,#2598,#2599,#2600,#2601,#2602,#2603,#2604,#2605,#2606,
#2607),.UNSPECIFIED.,.F.,.F.,(4,3,3,3,3,3,3,3,3,3,3,3,3,3,3,3,3,3,3,3,3,
3,3,3,3,3,3,3,3,3,4),(0.5,0.518145046214527,0.535476099494478,0.552970521326714,
0.572396923962902,0.596446060372702,0.621668181599408,0.640538640852195,
0.657583103099633,0.678984159155906,0.696908773829792,0.718342510038318,
0.742191509034942,0.760693659851166,0.777359328602253,0.793620635641455,
0.809065257008966,0.824583035326436,0.844215836365847,0.863688856820116,
0.878526165788392,0.891935354762114,0.90544343541685,0.917444516703039,
0.931395611997274,0.948546708997955,0.961592775494676,0.973436659275829,
0.984547470555869,0.994933608675925,1.),.UNSPECIFIED.);
#288=B_SPLINE_CURVE_WITH_KNOTS('',3,(#2723,#2724,#2725,#2726,#2727,#2728,
#2729,#2730,#2731,#2732,#2733,#2734,#2735,#2736,#2737,#2738),
 .UNSPECIFIED.,.F.,.F.,(4,1,1,1,1,1,1,1,1,1,1,1,1,4),(0.,0.0769230769230769,
0.153846153846154,0.230769230769231,0.307692307692308,0.384615384615385,
0.461538461538462,0.538461538461538,0.615384615384615,0.692307692307692,
0.769230769230769,0.846153846153846,0.923076923076923,1.),.UNSPECIFIED.);
#289=B_SPLINE_CURVE_WITH_KNOTS('',3,(#2740,#2741,#2742,#2743,#2744,#2745,
#2746),.UNSPECIFIED.,.F.,.F.,(4,1,1,1,4),(0.,0.25,0.5,0.75,1.),
 .UNSPECIFIED.);
#290=B_SPLINE_CURVE_WITH_KNOTS('',3,(#2748,#2749,#2750,#2751,#2752,#2753,
#2754,#2755,#2756,#2757,#2758,#2759,#2760,#2761,#2762,#2763,#2764,#2765,
#2766,#2767,#2768,#2769,#2770,#2771,#2772,#2773,#2774,#2775,#2776,#2777,
#2778,#2779,#2780,#2781,#2782,#2783,#2784,#2785,#2786,#2787,#2788,#2789,
#2790,#2791,#2792,#2793,#2794,#2795,#2796,#2797,#2798,#2799,#2800,#2801,
#2802,#2803,#2804,#2805,#2806,#2807,#2808,#2809,#2810,#2811,#2812,#2813,
#2814,#2815,#2816,#2817,#2818,#2819,#2820,#2821,#2822,#2823,#2824,#2825,
#2826,#2827,#2828,#2829,#2830,#2831,#2832,#2833,#2834,#2835,#2836,#2837,
#2838),.UNSPECIFIED.,.F.,.F.,(4,3,3,3,3,3,3,3,3,3,3,3,3,3,3,3,3,3,3,3,3,
3,3,3,3,3,3,3,3,3,4),(0.5,0.518145046214365,0.535476099525173,0.552970521360403,
0.572396924002284,0.596446060428909,0.621668181652102,0.640538640899813,
0.657583103145274,0.678984159198695,0.696908773878381,0.71834251010052,
0.742191509073309,0.760693659884569,0.777359328633415,0.793620635680244,
0.809065257033682,0.824583035354812,0.844215836409688,0.863688856858477,
0.878526165823902,0.891935354793915,0.905443435444676,0.917444516733635,
0.931395612036,0.948546709027,0.961592775520263,0.973436659299712,0.984547470578762,
0.994933608698249,1.),.UNSPECIFIED.);
#291=B_SPLINE_CURVE_WITH_KNOTS('',3,(#2953,#2954,#2955,#2956,#2957,#2958,
#2959,#2960,#2961,#2962,#2963,#2964,#2965,#2966,#2967,#2968),
 .UNSPECIFIED.,.F.,.F.,(4,1,1,1,1,1,1,1,1,1,1,1,1,4),(0.,0.0769230769230769,
0.153846153846154,0.230769230769231,0.307692307692308,0.384615384615385,
0.461538461538462,0.538461538461538,0.615384615384615,0.692307692307692,
0.769230769230769,0.846153846153846,0.923076923076923,1.),.UNSPECIFIED.);
#292=B_SPLINE_CURVE_WITH_KNOTS('',3,(#2971,#2972,#2973,#2974,#2975,#2976,
#2977,#2978,#2979,#2980,#2981,#2982,#2983,#2984,#2985,#2986,#2987,#2988,
#2989,#2990,#2991,#2992,#2993,#2994,#2995,#2996,#2997,#2998,#2999,#3000,
#3001,#3002,#3003,#3004,#3005,#3006,#3007,#3008,#3009,#3010,#3011,#3012,
#3013,#3014,#3015,#3016,#3017,#3018,#3019,#3020,#3021,#3022,#3023,#3024,
#3025,#3026,#3027,#3028,#3029,#3030,#3031,#3032,#3033,#3034,#3035,#3036,
#3037,#3038,#3039,#3040,#3041,#3042,#3043,#3044,#3045,#3046,#3047,#3048,
#3049,#3050,#3051,#3052,#3053,#3054,#3055,#3056,#3057,#3058),
 .UNSPECIFIED.,.F.,.F.,(4,3,3,3,3,3,3,3,3,3,3,3,3,3,3,3,3,3,3,3,3,3,3,3,
3,3,3,3,3,4),(0.,0.0113742399321014,0.023306717630851,0.0360103307927382,
0.0499409403073227,0.0670522322052793,0.0858499548113689,0.100001883630098,
0.113235711424228,0.13016679088723,0.144967797107495,0.161139431944385,
0.180299268158087,0.201623477209573,0.220272009883975,0.235764290745853,
0.253012527920811,0.270277294137684,0.289071389217556,0.310696229031077,
0.335279978160092,0.355869980890081,0.37388623327882,0.391500657613626,
0.40926001328459,0.428420073067972,0.450517296884062,0.47527872848526,0.496914880720882,
0.5),.UNSPECIFIED.);
#293=B_SPLINE_CURVE_WITH_KNOTS('',3,(#3172,#3173,#3174,#3175,#3176,#3177,
#3178),.UNSPECIFIED.,.F.,.F.,(4,1,1,1,4),(0.,0.25,0.5,0.75,1.),
 .UNSPECIFIED.);
#294=B_SPLINE_CURVE_WITH_KNOTS('',3,(#3180,#3181,#3182,#3183,#3184,#3185,
#3186,#3187,#3188,#3189,#3190,#3191,#3192,#3193,#3194,#3195,#3196,#3197,
#3198,#3199,#3200,#3201,#3202,#3203,#3204,#3205,#3206,#3207,#3208,#3209,
#3210,#3211,#3212,#3213,#3214,#3215,#3216,#3217,#3218,#3219,#3220,#3221,
#3222,#3223,#3224,#3225,#3226,#3227,#3228,#3229,#3230,#3231,#3232,#3233,
#3234,#3235,#3236,#3237,#3238,#3239,#3240,#3241,#3242,#3243,#3244,#3245,
#3246,#3247,#3248,#3249,#3250,#3251,#3252,#3253,#3254,#3255,#3256,#3257,
#3258,#3259,#3260,#3261,#3262,#3263,#3264,#3265,#3266,#3267,#3268,#3269,
#3270),.UNSPECIFIED.,.F.,.F.,(4,3,3,3,3,3,3,3,3,3,3,3,3,3,3,3,3,3,3,3,3,
3,3,3,3,3,3,3,3,3,4),(0.5,0.51814504621459,0.535476099550768,0.552970521388747,
0.572396924035118,0.596446060470235,0.621668181690846,0.640538640933584,
0.657583103176605,0.678984159228067,0.696908773912132,0.718342510146084,
0.742191509101295,0.760693659909016,0.77735932865641,0.79362063570889,0.809065257052043,
0.824583035376485,0.844215836444435,0.86368885688888,0.878526165849463,
0.891935354816754,0.90544343546466,0.917444516755839,0.931395612063691,
0.948546709047768,0.961592775538573,0.973436659316853,0.98454747059585,
0.994933608715208,1.),.UNSPECIFIED.);
#295=B_SPLINE_CURVE_WITH_KNOTS('',3,(#3385,#3386,#3387,#3388,#3389,#3390,
#3391,#3392,#3393,#3394,#3395,#3396,#3397,#3398,#3399,#3400),
 .UNSPECIFIED.,.F.,.F.,(4,1,1,1,1,1,1,1,1,1,1,1,1,4),(0.,0.0769230769230769,
0.153846153846154,0.230769230769231,0.307692307692308,0.384615384615385,
0.461538461538462,0.538461538461538,0.615384615384615,0.692307692307692,
0.769230769230769,0.846153846153846,0.923076923076923,1.),.UNSPECIFIED.);
#296=B_SPLINE_CURVE_WITH_KNOTS('',3,(#3403,#3404,#3405,#3406,#3407,#3408,
#3409,#3410,#3411,#3412,#3413,#3414,#3415,#3416,#3417,#3418,#3419,#3420,
#3421,#3422,#3423,#3424,#3425,#3426,#3427,#3428,#3429,#3430,#3431,#3432,
#3433,#3434,#3435,#3436,#3437,#3438,#3439,#3440,#3441,#3442,#3443,#3444,
#3445,#3446,#3447,#3448,#3449,#3450,#3451,#3452,#3453,#3454,#3455,#3456,
#3457,#3458,#3459,#3460,#3461,#3462,#3463,#3464,#3465,#3466,#3467,#3468,
#3469,#3470,#3471,#3472,#3473,#3474,#3475,#3476,#3477,#3478,#3479,#3480,
#3481,#3482,#3483,#3484,#3485,#3486,#3487,#3488,#3489,#3490),
 .UNSPECIFIED.,.F.,.F.,(4,3,3,3,3,3,3,3,3,3,3,3,3,3,3,3,3,3,3,3,3,3,3,3,
3,3,3,3,3,4),(0.,0.0113742399317,0.0233067176304436,0.0360103307928286,
0.0499409403077228,0.0670522322043927,0.0858499548097606,0.100001883628833,
0.113235711422909,0.130166790887232,0.144967797107729,0.161139431944974,
0.180299268159528,0.201623477210229,0.22027200988459,0.235764290746854,
0.253012527921456,0.270277294138531,0.289071389218891,0.310696229032722,
0.335279978161305,0.355869980891142,0.373886233279749,0.391500657617939,
0.409260013289699,0.428420073073759,0.450517296892106,0.475278728492211,
0.496914880726226,0.5),.UNSPECIFIED.);
#297=B_SPLINE_CURVE_WITH_KNOTS('',3,(#3604,#3605,#3606,#3607,#3608,#3609,
#3610),.UNSPECIFIED.,.F.,.F.,(4,1,1,1,4),(0.,0.25,0.5,0.75,1.),
 .UNSPECIFIED.);
#298=B_SPLINE_CURVE_WITH_KNOTS('',3,(#3612,#3613,#3614,#3615,#3616,#3617,
#3618,#3619,#3620,#3621,#3622,#3623,#3624,#3625,#3626,#3627,#3628,#3629,
#3630,#3631,#3632,#3633,#3634,#3635,#3636,#3637,#3638,#3639,#3640,#3641,
#3642,#3643,#3644,#3645,#3646,#3647,#3648,#3649,#3650,#3651,#3652,#3653,
#3654,#3655,#3656,#3657,#3658,#3659,#3660,#3661,#3662,#3663,#3664,#3665,
#3666,#3667,#3668,#3669,#3670,#3671,#3672,#3673,#3674,#3675,#3676,#3677,
#3678,#3679,#3680,#3681,#3682,#3683,#3684,#3685,#3686,#3687,#3688,#3689,
#3690,#3691,#3692,#3693,#3694,#3695,#3696,#3697,#3698,#3699,#3700,#3701,
#3702),.UNSPECIFIED.,.F.,.F.,(4,3,3,3,3,3,3,3,3,3,3,3,3,3,3,3,3,3,3,3,3,
3,3,3,3,3,3,3,3,3,4),(0.500000000000001,0.518145046214213,0.535476099524628,
0.552970521359729,0.572396924000833,0.596446060423849,0.621668181647358,
0.640538640897041,0.657583103142776,0.678984159196353,0.696908773875409,
0.718342510096067,0.742191509071039,0.760693659882134,0.777359328631103,
0.79362063567721,0.809065257032005,0.824583035353426,0.844215836409811,
0.863688856858585,0.878526165822864,0.891935354793445,0.905443435444264,
0.9174445167331,0.931395612035274,0.948546709026455,0.96159277551973,0.97343665929925,
0.98454747057874,0.994933608698564,1.),.UNSPECIFIED.);
#299=B_SPLINE_CURVE_WITH_KNOTS('',3,(#3818,#3819,#3820,#3821,#3822,#3823,
#3824,#3825,#3826,#3827,#3828,#3829,#3830,#3831,#3832,#3833),
 .UNSPECIFIED.,.F.,.F.,(4,1,1,1,1,1,1,1,1,1,1,1,1,4),(0.,0.0769230769230769,
0.153846153846154,0.230769230769231,0.307692307692308,0.384615384615385,
0.461538461538462,0.538461538461538,0.615384615384615,0.692307692307692,
0.769230769230769,0.846153846153846,0.923076923076923,1.),.UNSPECIFIED.);
#300=B_SPLINE_CURVE_WITH_KNOTS('',3,(#3835,#3836,#3837,#3838,#3839,#3840,
#3841),.UNSPECIFIED.,.F.,.F.,(4,1,1,1,4),(0.,0.25,0.5,0.75,1.),
 .UNSPECIFIED.);
#301=B_SPLINE_CURVE_WITH_KNOTS('',3,(#3843,#3844,#3845,#3846,#3847,#3848,
#3849,#3850,#3851,#3852,#3853,#3854,#3855,#3856,#3857,#3858,#3859,#3860,
#3861,#3862,#3863,#3864,#3865,#3866,#3867,#3868,#3869,#3870,#3871,#3872,
#3873,#3874,#3875,#3876,#3877,#3878,#3879,#3880,#3881,#3882,#3883,#3884,
#3885,#3886,#3887,#3888,#3889,#3890,#3891,#3892,#3893,#3894,#3895,#3896,
#3897,#3898,#3899,#3900,#3901,#3902,#3903,#3904,#3905,#3906,#3907,#3908,
#3909,#3910,#3911,#3912,#3913,#3914,#3915,#3916,#3917,#3918,#3919,#3920,
#3921,#3922,#3923,#3924,#3925,#3926,#3927,#3928,#3929,#3930,#3931,#3932,
#3933),.UNSPECIFIED.,.F.,.F.,(4,3,3,3,3,3,3,3,3,3,3,3,3,3,3,3,3,3,3,3,3,
3,3,3,3,3,3,3,3,3,4),(0.5,0.518145046218358,0.535476099470536,0.552970521300629,
0.572396923932282,0.596446060333638,0.621668181562786,0.640538640821824,
0.657583103072711,0.678984159130667,0.696908773802314,0.718342510000393,
0.742191509011929,0.760693659830774,0.777359328583594,0.793620635617739,
0.809065256993141,0.824583035307863,0.844215836338143,0.863688856795875,
0.878526165768474,0.891935354743403,0.905443435400478,0.917444516684555,
0.931395611971845,0.948546708978884,0.961592775477966,0.973436659260474,
0.984547470541734,0.99493360866212,1.),.UNSPECIFIED.);
#302=B_SPLINE_CURVE_WITH_KNOTS('',3,(#4048,#4049,#4050,#4051,#4052,#4053,
#4054,#4055,#4056,#4057,#4058,#4059,#4060,#4061,#4062,#4063),
 .UNSPECIFIED.,.F.,.F.,(4,1,1,1,1,1,1,1,1,1,1,1,1,4),(0.,0.0769230769230769,
0.153846153846154,0.230769230769231,0.307692307692308,0.384615384615385,
0.461538461538462,0.538461538461538,0.615384615384615,0.692307692307692,
0.769230769230769,0.846153846153846,0.923076923076923,1.),.UNSPECIFIED.);
#303=B_SPLINE_CURVE_WITH_KNOTS('',3,(#4067,#4068,#4069,#4070,#4071,#4072,
#4073,#4074,#4075,#4076,#4077,#4078,#4079,#4080,#4081,#4082,#4083,#4084,
#4085,#4086,#4087,#4088,#4089,#4090,#4091,#4092,#4093,#4094,#4095,#4096,
#4097,#4098,#4099,#4100,#4101,#4102,#4103,#4104,#4105,#4106,#4107,#4108,
#4109,#4110,#4111,#4112,#4113,#4114,#4115,#4116,#4117,#4118,#4119,#4120,
#4121,#4122,#4123,#4124,#4125,#4126,#4127,#4128,#4129,#4130,#4131,#4132,
#4133,#4134,#4135,#4136,#4137,#4138,#4139,#4140,#4141,#4142,#4143,#4144,
#4145,#4146,#4147,#4148,#4149,#4150,#4151,#4152,#4153,#4154),
 .UNSPECIFIED.,.F.,.F.,(4,3,3,3,3,3,3,3,3,3,3,3,3,3,3,3,3,3,3,3,3,3,3,3,
3,3,3,3,3,4),(0.,0.0113742156428469,0.0233066611367062,0.0360102278209811,
0.0499408121057104,0.0670519374964168,0.0858504117364775,0.100002426898989,
0.113235989388181,0.130167411012542,0.144968379008701,0.161139950043292,
0.180299768684573,0.20162477173553,0.220271030157691,0.235763501773952,
0.253012090733179,0.270276655882386,0.289070425256238,0.310694569994042,
0.335280458725118,0.35586601469574,0.373878376170035,0.391485988165057,
0.40924404639545,0.428402113544779,0.450494955188937,0.475265594363462,
0.496906330790191,0.499964906490095),.UNSPECIFIED.);
#304=B_SPLINE_CURVE_WITH_KNOTS('',3,(#4155,#4156,#4157,#4158),
 .UNSPECIFIED.,.F.,.F.,(4,4),(0.499964906490095,0.5),.UNSPECIFIED.);
#305=B_SPLINE_CURVE_WITH_KNOTS('',3,(#4272,#4273,#4274,#4275,#4276,#4277,
#4278),.UNSPECIFIED.,.F.,.F.,(4,1,1,1,4),(0.,0.25,0.5,0.75,1.),
 .UNSPECIFIED.);
#306=B_SPLINE_CURVE_WITH_KNOTS('',3,(#4280,#4281,#4282,#4283,#4284,#4285,
#4286,#4287,#4288,#4289,#4290,#4291,#4292,#4293,#4294,#4295,#4296,#4297,
#4298,#4299,#4300,#4301,#4302,#4303,#4304,#4305,#4306,#4307,#4308,#4309,
#4310,#4311,#4312,#4313,#4314,#4315,#4316,#4317,#4318,#4319,#4320,#4321,
#4322,#4323,#4324,#4325,#4326,#4327,#4328,#4329,#4330,#4331,#4332,#4333,
#4334,#4335,#4336,#4337,#4338,#4339,#4340,#4341,#4342,#4343,#4344,#4345,
#4346,#4347,#4348,#4349,#4350,#4351,#4352,#4353,#4354,#4355,#4356,#4357,
#4358,#4359,#4360,#4361,#4362,#4363,#4364,#4365,#4366,#4367,#4368,#4369,
#4370),.UNSPECIFIED.,.F.,.F.,(4,3,3,3,3,3,3,3,3,3,3,3,3,3,3,3,3,3,3,3,3,
3,3,3,3,3,3,3,3,3,4),(0.499999999999999,0.518145046208463,0.535476099580988,
0.552970521420797,0.572396924071462,0.59644606052092,0.621668181738362,
0.640538640974812,0.657583103213908,0.678984159263038,0.696908773948952,
0.718342510190963,0.742191509127337,0.760693659931573,0.777359328676737,
0.793620635735203,0.809065257068087,0.824583035393994,0.844215836474944,
0.863688856915576,0.878526165875101,0.891935354840113,0.905443435485098,
0.917444516778447,0.93139561209259,0.948546709069443,0.961592775557707,
0.973436659334804,0.984547470611808,0.994933608730511,1.),.UNSPECIFIED.);
#307=B_SPLINE_CURVE_WITH_KNOTS('',3,(#4485,#4486,#4487,#4488,#4489,#4490,
#4491,#4492,#4493,#4494,#4495,#4496,#4497,#4498,#4499,#4500),
 .UNSPECIFIED.,.F.,.F.,(4,1,1,1,1,1,1,1,1,1,1,1,1,4),(0.,0.0769230769230769,
0.153846153846154,0.230769230769231,0.307692307692308,0.384615384615385,
0.461538461538462,0.538461538461538,0.615384615384615,0.692307692307692,
0.769230769230769,0.846153846153846,0.923076923076923,1.),.UNSPECIFIED.);
#308=B_SPLINE_CURVE_WITH_KNOTS('',3,(#4504,#4505,#4506,#4507,#4508,#4509,
#4510,#4511,#4512,#4513,#4514,#4515,#4516,#4517,#4518,#4519,#4520,#4521,
#4522,#4523,#4524,#4525,#4526,#4527,#4528,#4529,#4530,#4531,#4532,#4533,
#4534,#4535,#4536,#4537,#4538,#4539,#4540,#4541,#4542,#4543,#4544,#4545,
#4546,#4547,#4548,#4549,#4550,#4551,#4552,#4553,#4554,#4555,#4556,#4557,
#4558,#4559,#4560,#4561,#4562,#4563,#4564,#4565,#4566,#4567,#4568,#4569,
#4570,#4571,#4572,#4573,#4574,#4575,#4576,#4577,#4578,#4579,#4580,#4581,
#4582,#4583,#4584,#4585,#4586,#4587,#4588,#4589,#4590,#4591),
 .UNSPECIFIED.,.F.,.F.,(4,3,3,3,3,3,3,3,3,3,3,3,3,3,3,3,3,3,3,3,3,3,3,3,
3,3,3,3,3,4),(0.,0.0113742156426971,0.0233066611367596,0.0360102278206245,
0.0499408121057767,0.067051937496864,0.0858504117361904,0.100002426899016,
0.113235989388363,0.130167411012367,0.144968379008441,0.161139950043733,
0.18029976868485,0.201624771735776,0.220271030157921,0.23576350177343,0.253012090733337,
0.270276655882767,0.289070425256535,0.310694569995403,0.335280458726798,
0.35586601469721,0.37387837617132,0.391485988098121,0.409244046323654,0.428402113467278,
0.450494955088915,0.475265594280468,0.496906330712963,0.499964906490094),
 .UNSPECIFIED.);
#309=B_SPLINE_CURVE_WITH_KNOTS('',3,(#4592,#4593,#4594,#4595),
 .UNSPECIFIED.,.F.,.F.,(4,4),(0.499964906490094,0.499999999999999),
 .UNSPECIFIED.);
#310=B_SPLINE_CURVE_WITH_KNOTS('',3,(#4709,#4710,#4711,#4712,#4713,#4714,
#4715),.UNSPECIFIED.,.F.,.F.,(4,1,1,1,4),(0.,0.25,0.5,0.75,1.),
 .UNSPECIFIED.);
#311=B_SPLINE_CURVE_WITH_KNOTS('',3,(#4717,#4718,#4719,#4720,#4721,#4722,
#4723,#4724,#4725,#4726,#4727,#4728,#4729,#4730,#4731,#4732,#4733,#4734,
#4735,#4736,#4737,#4738,#4739,#4740,#4741,#4742,#4743,#4744,#4745,#4746,
#4747,#4748,#4749,#4750,#4751,#4752,#4753,#4754,#4755,#4756,#4757,#4758,
#4759,#4760,#4761,#4762,#4763,#4764,#4765,#4766,#4767,#4768,#4769,#4770,
#4771,#4772,#4773,#4774,#4775,#4776,#4777,#4778,#4779,#4780,#4781,#4782,
#4783,#4784,#4785,#4786,#4787,#4788,#4789,#4790,#4791,#4792,#4793,#4794,
#4795,#4796,#4797,#4798,#4799,#4800,#4801,#4802,#4803,#4804,#4805,#4806,
#4807),.UNSPECIFIED.,.F.,.F.,(4,3,3,3,3,3,3,3,3,3,3,3,3,3,3,3,3,3,3,3,3,
3,3,3,3,3,3,3,3,3,4),(0.5,0.518145046223502,0.535476099538676,0.552970521375057,
0.572396924019147,0.596446060450012,0.621668181671886,0.640538640918687,
0.657583103161843,0.678984159214228,0.696908773894803,0.718342510127075,
0.742191509088188,0.760693659897324,0.777359328645709,0.793620635695207,
0.809065257042382,0.824583035365605,0.844215836424597,0.863688856871522,
0.8785261658344,0.89193535480332,0.905443435452905,0.917444516742614,0.931395612045947,
0.948546709034459,0.961592775526934,0.973436659305789,0.984547470583854,
0.994933608703339,0.999999999999998),.UNSPECIFIED.);
#312=B_SPLINE_CURVE_WITH_KNOTS('',3,(#4923,#4924,#4925,#4926,#4927,#4928,
#4929,#4930,#4931,#4932,#4933,#4934,#4935,#4936,#4937,#4938),
 .UNSPECIFIED.,.F.,.F.,(4,1,1,1,1,1,1,1,1,1,1,1,1,4),(0.,0.0769230769230769,
0.153846153846154,0.230769230769231,0.307692307692308,0.384615384615385,
0.461538461538462,0.538461538461538,0.615384615384615,0.692307692307692,
0.769230769230769,0.846153846153846,0.923076923076923,1.),.UNSPECIFIED.);
#313=B_SPLINE_CURVE_WITH_KNOTS('',3,(#4940,#4941,#4942,#4943,#4944,#4945,
#4946),.UNSPECIFIED.,.F.,.F.,(4,1,1,1,4),(0.,0.25,0.5,0.75,1.),
 .UNSPECIFIED.);
#314=B_SPLINE_CURVE_WITH_KNOTS('',3,(#4948,#4949,#4950,#4951,#4952,#4953,
#4954,#4955,#4956,#4957,#4958,#4959,#4960,#4961,#4962,#4963,#4964,#4965,
#4966,#4967,#4968,#4969,#4970,#4971,#4972,#4973,#4974,#4975,#4976,#4977,
#4978,#4979,#4980,#4981,#4982,#4983,#4984,#4985,#4986,#4987,#4988,#4989,
#4990,#4991,#4992,#4993,#4994,#4995,#4996,#4997,#4998,#4999,#5000,#5001,
#5002,#5003,#5004,#5005,#5006,#5007,#5008,#5009,#5010,#5011,#5012,#5013,
#5014,#5015,#5016,#5017,#5018,#5019,#5020,#5021,#5022,#5023,#5024,#5025,
#5026,#5027,#5028,#5029,#5030,#5031,#5032,#5033,#5034,#5035,#5036,#5037,
#5038),.UNSPECIFIED.,.F.,.F.,(4,3,3,3,3,3,3,3,3,3,3,3,3,3,3,3,3,3,3,3,3,
3,3,3,3,3,3,3,3,3,4),(0.5,0.518145046214309,0.53547609953727,0.552970521373557,
0.572396924017677,0.596446060448559,0.621668181670524,0.640538640915445,
0.657583103159453,0.678984159211987,0.696908773892791,0.718342510121086,
0.742191509085679,0.760693659895308,0.777359328643568,0.79362063569274,
0.809065257041404,0.824583035363704,0.844215836422963,0.863688856870093,
0.878526165832859,0.891935354801688,0.905443435451477,0.917444516740931,
0.93139561204485,0.948546709033638,0.961592775526124,0.973436659305445,
0.984547470584015,0.994933608703526,1.),.UNSPECIFIED.);
#315=B_SPLINE_CURVE_WITH_KNOTS('',3,(#5153,#5154,#5155,#5156,#5157,#5158,
#5159,#5160,#5161,#5162,#5163,#5164,#5165,#5166,#5167,#5168),
 .UNSPECIFIED.,.F.,.F.,(4,1,1,1,1,1,1,1,1,1,1,1,1,4),(0.,0.0769230769230769,
0.153846153846154,0.230769230769231,0.307692307692308,0.384615384615385,
0.461538461538462,0.538461538461538,0.615384615384615,0.692307692307692,
0.769230769230769,0.846153846153846,0.923076923076923,1.),.UNSPECIFIED.);
#316=B_SPLINE_CURVE_WITH_KNOTS('',3,(#5171,#5172,#5173,#5174,#5175,#5176,
#5177,#5178,#5179,#5180,#5181,#5182,#5183,#5184,#5185,#5186,#5187,#5188,
#5189,#5190,#5191,#5192,#5193,#5194,#5195,#5196,#5197,#5198,#5199,#5200,
#5201,#5202,#5203,#5204,#5205,#5206,#5207,#5208,#5209,#5210,#5211,#5212,
#5213,#5214,#5215,#5216,#5217,#5218,#5219,#5220,#5221,#5222,#5223,#5224,
#5225,#5226,#5227,#5228,#5229,#5230,#5231,#5232,#5233,#5234,#5235,#5236,
#5237,#5238,#5239,#5240,#5241,#5242,#5243,#5244,#5245,#5246,#5247,#5248,
#5249,#5250,#5251,#5252,#5253,#5254,#5255,#5256,#5257,#5258),
 .UNSPECIFIED.,.F.,.F.,(4,3,3,3,3,3,3,3,3,3,3,3,3,3,3,3,3,3,3,3,3,3,3,3,
3,3,3,3,3,4),(0.,0.0113742399319975,0.0233067176302668,0.0360103307920982,
0.049940940307123,0.0670522322051342,0.0858499548115766,0.100001883630232,
0.11323571142441,0.130166790886984,0.14496779710726,0.161139431943923,0.180299268157469,
0.201623477208841,0.220272009883288,0.235764290744539,0.253012527919927,
0.270277294136991,0.289071389217338,0.310696229030573,0.335279978159561,
0.355869980889615,0.373886233278414,0.391500657605177,0.409260013275721,
0.428420073058626,0.450517296873893,0.47527872847656,0.49691488071365,0.5),
 .UNSPECIFIED.);
#317=B_SPLINE_CURVE_WITH_KNOTS('',3,(#5372,#5373,#5374,#5375,#5376,#5377,
#5378),.UNSPECIFIED.,.F.,.F.,(4,1,1,1,4),(0.,0.25,0.5,0.75,1.),
 .UNSPECIFIED.);
#318=B_SPLINE_CURVE_WITH_KNOTS('',3,(#5380,#5381,#5382,#5383,#5384,#5385,
#5386,#5387,#5388,#5389,#5390,#5391,#5392,#5393,#5394,#5395,#5396,#5397,
#5398,#5399,#5400,#5401,#5402,#5403,#5404,#5405,#5406,#5407,#5408,#5409,
#5410,#5411,#5412,#5413,#5414,#5415,#5416,#5417,#5418,#5419,#5420,#5421,
#5422,#5423,#5424,#5425,#5426,#5427,#5428,#5429,#5430,#5431,#5432,#5433,
#5434,#5435,#5436,#5437,#5438,#5439,#5440,#5441,#5442,#5443,#5444,#5445,
#5446,#5447,#5448,#5449,#5450,#5451,#5452,#5453,#5454,#5455,#5456,#5457,
#5458,#5459,#5460,#5461,#5462,#5463,#5464,#5465,#5466,#5467,#5468,#5469,
#5470),.UNSPECIFIED.,.F.,.F.,(4,3,3,3,3,3,3,3,3,3,3,3,3,3,3,3,3,3,3,3,3,
3,3,3,3,3,3,3,3,3,4),(0.499999999999999,0.518145046214315,0.535476099510194,
0.552970521344068,0.572396923984073,0.596446060402202,0.621668181627064,
0.640538640877175,0.657583103124694,0.678984159179401,0.696908773857903,
0.718342510073807,0.742191509057236,0.760693659870351,0.777359328620526,
0.793620635664719,0.809065257023652,0.824583035343511,0.844215836393989,
0.863688856844741,0.878526165811796,0.89193535478267,0.905443435434837,
0.917444516723246,0.931395612022794,0.948546709017096,0.961592775511474,
0.973436659291991,0.984547470571571,0.994933608691527,1.),.UNSPECIFIED.);
#319=B_SPLINE_CURVE_WITH_KNOTS('',3,(#5585,#5586,#5587,#5588,#5589,#5590,
#5591,#5592,#5593,#5594,#5595,#5596,#5597,#5598,#5599,#5600),
 .UNSPECIFIED.,.F.,.F.,(4,1,1,1,1,1,1,1,1,1,1,1,1,4),(0.,0.0769230769230769,
0.153846153846154,0.230769230769231,0.307692307692308,0.384615384615385,
0.461538461538462,0.538461538461538,0.615384615384615,0.692307692307692,
0.769230769230769,0.846153846153846,0.923076923076923,1.),.UNSPECIFIED.);
#320=B_SPLINE_CURVE_WITH_KNOTS('',3,(#5603,#5604,#5605,#5606,#5607,#5608,
#5609,#5610,#5611,#5612,#5613,#5614,#5615,#5616,#5617,#5618,#5619,#5620,
#5621,#5622,#5623,#5624,#5625,#5626,#5627,#5628,#5629,#5630,#5631,#5632,
#5633,#5634,#5635,#5636,#5637,#5638,#5639,#5640,#5641,#5642,#5643,#5644,
#5645,#5646,#5647,#5648,#5649,#5650,#5651,#5652,#5653,#5654,#5655,#5656,
#5657,#5658,#5659,#5660,#5661,#5662,#5663,#5664,#5665,#5666,#5667,#5668,
#5669,#5670,#5671,#5672,#5673,#5674,#5675,#5676,#5677,#5678,#5679,#5680,
#5681,#5682,#5683,#5684,#5685,#5686,#5687,#5688,#5689,#5690),
 .UNSPECIFIED.,.F.,.F.,(4,3,3,3,3,3,3,3,3,3,3,3,3,3,3,3,3,3,3,3,3,3,3,3,
3,3,3,3,3,4),(0.,0.011374239932005,0.0233067176306877,0.0360103307928669,
0.0499409403073669,0.0670522322047533,0.0858499548101079,0.100001883629045,
0.11323571142291,0.130166790885715,0.144967797106045,0.161139431943104,
0.180299268155137,0.20162347720734,0.220272009881881,0.235764290744385,
0.253012527919214,0.270277294136291,0.289071389215975,0.310696229029163,
0.335279978158905,0.355869980889041,0.373886233277911,0.391500657554363,
0.4092600132214,0.428420072997512,0.450517296799108,0.475278728413989,0.496914880657632,
0.499999999999999),.UNSPECIFIED.);
#321=B_SPLINE_CURVE_WITH_KNOTS('',3,(#5804,#5805,#5806,#5807,#5808,#5809,
#5810),.UNSPECIFIED.,.F.,.F.,(4,1,1,1,4),(0.,0.25,0.5,0.75,1.),
 .UNSPECIFIED.);
#322=B_SPLINE_CURVE_WITH_KNOTS('',3,(#5812,#5813,#5814,#5815,#5816,#5817,
#5818,#5819,#5820,#5821,#5822,#5823,#5824,#5825,#5826,#5827,#5828,#5829,
#5830,#5831,#5832,#5833,#5834,#5835,#5836,#5837,#5838,#5839,#5840,#5841,
#5842,#5843,#5844,#5845,#5846,#5847,#5848,#5849,#5850,#5851,#5852,#5853,
#5854,#5855,#5856,#5857,#5858,#5859,#5860,#5861,#5862,#5863,#5864,#5865,
#5866,#5867,#5868,#5869,#5870,#5871,#5872,#5873,#5874,#5875,#5876,#5877,
#5878,#5879,#5880,#5881,#5882,#5883,#5884,#5885,#5886,#5887,#5888,#5889,
#5890,#5891,#5892,#5893,#5894,#5895,#5896,#5897,#5898,#5899,#5900,#5901,
#5902),.UNSPECIFIED.,.F.,.F.,(4,3,3,3,3,3,3,3,3,3,3,3,3,3,3,3,3,3,3,3,3,
3,3,3,3,3,3,3,3,3,4),(0.500000000000001,0.518145046214092,0.535476099547226,
0.552970521384276,0.572396924029201,0.596446060463538,0.621668181684567,
0.640538640928387,0.657583103171315,0.678984159223108,0.696908773905481,
0.718342510137002,0.742191509095345,0.760693659903647,0.777359328651004,
0.793620635701881,0.809065257047731,0.824583035371072,0.844215836433281,
0.863688856879121,0.878526165841714,0.891935354809744,0.905443435458526,
0.917444516748748,0.93139561205525,0.948546709041438,0.961592775533069,
0.973436659311585,0.984547470589801,0.994933608709146,1.),.UNSPECIFIED.);
#323=B_SPLINE_CURVE_WITH_KNOTS('',3,(#5960,#5961,#5962,#5963,#5964,#5965,
#5966,#5967,#5968),.UNSPECIFIED.,.F.,.F.,(4,1,1,1,1,1,4),(0.,0.166666666666667,
0.333333333333333,0.5,0.666666666666667,0.833333333333333,1.),
 .UNSPECIFIED.);
#324=B_SPLINE_CURVE_WITH_KNOTS('',3,(#5970,#5971,#5972,#5973,#5974,#5975),
 .UNSPECIFIED.,.F.,.F.,(4,1,1,4),(0.,0.333333333333333,0.666666666666667,
1.),.UNSPECIFIED.);
#325=B_SPLINE_CURVE_WITH_KNOTS('',3,(#5977,#5978,#5979,#5980,#5981,#5982,
#5983,#5984,#5985,#5986,#5987,#5988,#5989,#5990,#5991,#5992,#5993,#5994,
#5995,#5996,#5997,#5998,#5999,#6000,#6001,#6002,#6003,#6004,#6005,#6006,
#6007,#6008,#6009,#6010,#6011,#6012,#6013,#6014,#6015,#6016,#6017,#6018,
#6019,#6020,#6021,#6022,#6023,#6024,#6025,#6026,#6027,#6028,#6029,#6030,
#6031,#6032,#6033,#6034),.UNSPECIFIED.,.F.,.F.,(4,3,3,3,3,3,3,3,3,3,3,3,
3,3,3,3,3,3,3,4),(0.5,0.524713689944267,0.549664754982075,0.576788700166462,
0.60881298424884,0.653904512329665,0.682534427722877,0.70824215972771,0.73225148359233,
0.756042954228303,0.778970487964019,0.803599765913851,0.831563289378533,
0.8736724670339,0.903086161290593,0.927314620967945,0.950138987325516,0.971970143112658,
0.99273119806281,1.),.UNSPECIFIED.);
#326=B_SPLINE_CURVE_WITH_KNOTS('',3,(#6091,#6092,#6093,#6094,#6095,#6096,
#6097,#6098,#6099),.UNSPECIFIED.,.F.,.F.,(4,1,1,1,1,1,4),(0.,0.166666666666667,
0.333333333333333,0.5,0.666666666666667,0.833333333333333,1.),
 .UNSPECIFIED.);
#327=B_SPLINE_CURVE_WITH_KNOTS('',3,(#6102,#6103,#6104,#6105,#6106,#6107,
#6108,#6109,#6110,#6111,#6112,#6113,#6114,#6115,#6116,#6117,#6118,#6119,
#6120,#6121,#6122,#6123,#6124,#6125,#6126,#6127,#6128,#6129,#6130,#6131,
#6132,#6133,#6134,#6135,#6136,#6137,#6138,#6139,#6140,#6141,#6142,#6143,
#6144,#6145,#6146,#6147,#6148,#6149,#6150,#6151,#6152,#6153,#6154,#6155,
#6156),.UNSPECIFIED.,.F.,.F.,(4,3,3,3,3,3,3,3,3,3,3,3,3,3,3,3,3,3,4),(0.,
0.0210414563421788,0.042998181776368,0.0661694911363975,0.0910987020314979,
0.11947218935932,0.167038165689405,0.194946171461117,0.219675686990608,
0.243318992498951,0.270465087845927,0.295026333259438,0.322561114560409,
0.353705056631245,0.398797320144306,0.429143848509941,0.456374731172626,
0.481044029414506,0.5),.UNSPECIFIED.);
#328=B_SPLINE_CURVE_WITH_KNOTS('',3,(#6212,#6213,#6214,#6215,#6216,#6217),
 .UNSPECIFIED.,.F.,.F.,(4,1,1,4),(0.,0.333333333333333,0.666666666666667,
1.),.UNSPECIFIED.);
#329=B_SPLINE_CURVE_WITH_KNOTS('',3,(#6219,#6220,#6221,#6222,#6223,#6224,
#6225,#6226,#6227,#6228,#6229,#6230,#6231,#6232,#6233,#6234,#6235,#6236,
#6237,#6238,#6239,#6240,#6241,#6242,#6243,#6244,#6245,#6246,#6247,#6248,
#6249,#6250,#6251,#6252,#6253,#6254,#6255,#6256,#6257,#6258,#6259,#6260,
#6261,#6262,#6263,#6264,#6265,#6266,#6267,#6268,#6269,#6270,#6271,#6272,
#6273,#6274,#6275,#6276),.UNSPECIFIED.,.F.,.F.,(4,3,3,3,3,3,3,3,3,3,3,3,
3,3,3,3,3,3,3,4),(0.499999999999997,0.524713689944227,0.549664754983004,
0.576788700167859,0.608812984252245,0.653904512328731,0.682534427722836,
0.708242159727521,0.732251483592251,0.75604295421709,0.778970487952873,
0.803599765901013,0.831563289362324,0.873672467021743,0.903086161278683,
0.927314620959012,0.950138987316807,0.971970143104644,0.992731198055157,
1.),.UNSPECIFIED.);
#330=B_SPLINE_CURVE_WITH_KNOTS('',3,(#6333,#6334,#6335,#6336,#6337,#6338,
#6339,#6340,#6341),.UNSPECIFIED.,.F.,.F.,(4,1,1,1,1,1,4),(0.,0.166666666666667,
0.333333333333333,0.5,0.666666666666667,0.833333333333333,1.),
 .UNSPECIFIED.);
#331=B_SPLINE_CURVE_WITH_KNOTS('',3,(#6344,#6345,#6346,#6347,#6348,#6349,
#6350,#6351,#6352,#6353,#6354,#6355,#6356,#6357,#6358,#6359,#6360,#6361,
#6362,#6363,#6364,#6365,#6366,#6367,#6368,#6369,#6370,#6371,#6372,#6373,
#6374,#6375,#6376,#6377,#6378,#6379,#6380,#6381,#6382,#6383,#6384,#6385,
#6386,#6387,#6388,#6389,#6390,#6391,#6392,#6393,#6394,#6395,#6396,#6397,
#6398),.UNSPECIFIED.,.F.,.F.,(4,3,3,3,3,3,3,3,3,3,3,3,3,3,3,3,3,3,4),(0.,
0.0210414563425098,0.0429981817772656,0.0661694911373939,0.0910987020328081,
0.119472189363978,0.167038165693481,0.194946171464066,0.219675686993441,
0.243318992502474,0.270465087843527,0.295026333255342,0.32256111455623,
0.353705056626718,0.398797320143903,0.429143848509691,0.456374731171918,
0.481044029413778,0.499999999999997),.UNSPECIFIED.);
#332=B_SPLINE_CURVE_WITH_KNOTS('',3,(#6454,#6455,#6456,#6457,#6458,#6459),
 .UNSPECIFIED.,.F.,.F.,(4,1,1,4),(0.,0.333333333333333,0.666666666666667,
1.),.UNSPECIFIED.);
#333=B_SPLINE_CURVE_WITH_KNOTS('',3,(#6461,#6462,#6463,#6464,#6465,#6466,
#6467,#6468,#6469,#6470,#6471,#6472,#6473,#6474,#6475,#6476,#6477,#6478,
#6479,#6480,#6481,#6482,#6483,#6484,#6485,#6486,#6487,#6488,#6489,#6490,
#6491,#6492,#6493,#6494,#6495,#6496,#6497,#6498,#6499,#6500,#6501,#6502,
#6503,#6504,#6505,#6506,#6507,#6508,#6509,#6510,#6511,#6512,#6513,#6514,
#6515,#6516,#6517,#6518),.UNSPECIFIED.,.F.,.F.,(4,3,3,3,3,3,3,3,3,3,3,3,
3,3,3,3,3,3,3,4),(0.499999999999994,0.524713689946124,0.549664754985202,
0.576788700171306,0.608812984255572,0.653904512327929,0.682534427722219,
0.708242159727272,0.732251483592203,0.756042954277533,0.778970488016672,
0.803599765970642,0.831563289445043,0.873672467083782,0.903086161329311,
0.927314620996983,0.950138987353147,0.971970143139281,0.992731198088944,
1.),.UNSPECIFIED.);
#334=B_SPLINE_CURVE_WITH_KNOTS('',3,(#6576,#6577,#6578,#6579,#6580,#6581,
#6582,#6583,#6584),.UNSPECIFIED.,.F.,.F.,(4,1,1,1,1,1,4),(0.,0.166666666666667,
0.333333333333333,0.5,0.666666666666667,0.833333333333333,1.),
 .UNSPECIFIED.);
#335=B_SPLINE_CURVE_WITH_KNOTS('',3,(#6586,#6587,#6588,#6589,#6590,#6591),
 .UNSPECIFIED.,.F.,.F.,(4,1,1,4),(0.,0.333333333333333,0.666666666666667,
1.),.UNSPECIFIED.);
#336=B_SPLINE_CURVE_WITH_KNOTS('',3,(#6593,#6594,#6595,#6596,#6597,#6598,
#6599,#6600,#6601,#6602,#6603,#6604,#6605,#6606,#6607,#6608,#6609,#6610,
#6611,#6612,#6613,#6614,#6615,#6616,#6617,#6618,#6619,#6620,#6621,#6622,
#6623,#6624,#6625,#6626,#6627,#6628,#6629,#6630,#6631,#6632,#6633,#6634,
#6635,#6636,#6637,#6638,#6639,#6640,#6641,#6642,#6643,#6644,#6645,#6646,
#6647,#6648,#6649,#6650),.UNSPECIFIED.,.F.,.F.,(4,3,3,3,3,3,3,3,3,3,3,3,
3,3,3,3,3,3,3,4),(0.500000000000008,0.524713689944226,0.549664754982594,
0.57678870016779,0.60881298425015,0.653904512327489,0.682534427721695,0.708242159726564,
0.732251483591539,0.756042954202883,0.778970487937597,0.803599765884957,
0.831563289342462,0.873672467006846,0.90308616126626,0.927314620949695,
0.950138987307928,0.971970143096951,0.992731198047603,1.),.UNSPECIFIED.);
#337=B_SPLINE_CURVE_WITH_KNOTS('',3,(#6707,#6708,#6709,#6710,#6711,#6712,
#6713,#6714,#6715),.UNSPECIFIED.,.F.,.F.,(4,1,1,1,1,1,4),(0.,0.166666666666667,
0.333333333333333,0.5,0.666666666666667,0.833333333333333,1.),
 .UNSPECIFIED.);
#338=B_SPLINE_CURVE_WITH_KNOTS('',3,(#6718,#6719,#6720,#6721,#6722,#6723,
#6724,#6725,#6726,#6727,#6728,#6729,#6730,#6731,#6732,#6733,#6734,#6735,
#6736,#6737,#6738,#6739,#6740,#6741,#6742,#6743,#6744,#6745,#6746,#6747,
#6748,#6749,#6750,#6751,#6752,#6753,#6754,#6755,#6756,#6757,#6758,#6759,
#6760,#6761,#6762,#6763,#6764,#6765,#6766,#6767,#6768,#6769,#6770,#6771,
#6772),.UNSPECIFIED.,.F.,.F.,(4,3,3,3,3,3,3,3,3,3,3,3,3,3,3,3,3,3,4),(0.,
0.0210414563421456,0.0429981817763578,0.0661694911367044,0.0910987020307083,
0.119472189359567,0.167038165689622,0.194946171461881,0.219675686991608,
0.243318992500722,0.270465087843731,0.295026333255794,0.322561114556498,
0.353705056625584,0.398797320143581,0.429143848509838,0.456374731172447,
0.481044029414277,0.500000000000008),.UNSPECIFIED.);
#339=B_SPLINE_CURVE_WITH_KNOTS('',3,(#6828,#6829,#6830,#6831,#6832,#6833),
 .UNSPECIFIED.,.F.,.F.,(4,1,1,4),(0.,0.333333333333333,0.666666666666667,
1.),.UNSPECIFIED.);
#340=B_SPLINE_CURVE_WITH_KNOTS('',3,(#6835,#6836,#6837,#6838,#6839,#6840,
#6841,#6842,#6843,#6844,#6845,#6846,#6847,#6848,#6849,#6850,#6851,#6852,
#6853,#6854,#6855,#6856,#6857,#6858,#6859,#6860,#6861,#6862,#6863,#6864,
#6865,#6866,#6867,#6868,#6869,#6870,#6871,#6872,#6873,#6874,#6875,#6876,
#6877,#6878,#6879,#6880,#6881,#6882,#6883,#6884,#6885,#6886,#6887,#6888,
#6889,#6890,#6891,#6892),.UNSPECIFIED.,.F.,.F.,(4,3,3,3,3,3,3,3,3,3,3,3,
3,3,3,3,3,3,3,4),(0.49999999999999,0.524713689945002,0.549664754983771,
0.576788700167637,0.608812984248098,0.653904512327212,0.682534427720337,
0.708242159725638,0.732251483591115,0.756042954226618,0.778970487963672,
0.80359976591352,0.831563289377598,0.873672467033199,0.903086161286044,
0.927314620964533,0.950138987322165,0.971970143109289,0.992731198059572,
1.),.UNSPECIFIED.);
#341=B_SPLINE_CURVE_WITH_KNOTS('',3,(#6949,#6950,#6951,#6952,#6953,#6954,
#6955,#6956,#6957),.UNSPECIFIED.,.F.,.F.,(4,1,1,1,1,1,4),(0.,0.166666666666667,
0.333333333333333,0.5,0.666666666666667,0.833333333333333,1.),
 .UNSPECIFIED.);
#342=B_SPLINE_CURVE_WITH_KNOTS('',3,(#6960,#6961,#6962,#6963,#6964,#6965,
#6966,#6967,#6968,#6969,#6970,#6971,#6972,#6973,#6974,#6975,#6976,#6977,
#6978,#6979,#6980,#6981,#6982,#6983,#6984,#6985,#6986,#6987,#6988,#6989,
#6990,#6991,#6992,#6993,#6994,#6995,#6996,#6997,#6998,#6999,#7000,#7001,
#7002,#7003,#7004,#7005,#7006,#7007,#7008,#7009,#7010,#7011,#7012,#7013,
#7014),.UNSPECIFIED.,.F.,.F.,(4,3,3,3,3,3,3,3,3,3,3,3,3,3,3,3,3,3,4),(0.,
0.0210414563423872,0.0429981817771432,0.0661694911378035,0.0910987020335259,
0.119472189363292,0.16703816569288,0.194946171464397,0.219675686993769,
0.243318992503074,0.270465087843622,0.295026333254898,0.322561114555746,
0.353705056626214,0.398797320143206,0.429143848508202,0.45637473117209,
0.481044029413799,0.49999999999999),.UNSPECIFIED.);
#343=B_SPLINE_CURVE_WITH_KNOTS('',3,(#7070,#7071,#7072,#7073,#7074,#7075),
 .UNSPECIFIED.,.F.,.F.,(4,1,1,4),(0.,0.333333333333333,0.666666666666667,
1.),.UNSPECIFIED.);
#344=B_SPLINE_CURVE_WITH_KNOTS('',3,(#7077,#7078,#7079,#7080,#7081,#7082,
#7083,#7084,#7085,#7086,#7087,#7088,#7089,#7090,#7091,#7092,#7093,#7094,
#7095,#7096,#7097,#7098,#7099,#7100,#7101,#7102,#7103,#7104,#7105,#7106,
#7107,#7108,#7109,#7110,#7111,#7112,#7113,#7114,#7115,#7116,#7117,#7118,
#7119,#7120,#7121,#7122,#7123,#7124,#7125,#7126,#7127,#7128,#7129,#7130,
#7131,#7132,#7133,#7134),.UNSPECIFIED.,.F.,.F.,(4,3,3,3,3,3,3,3,3,3,3,3,
3,3,3,3,3,3,3,4),(0.499999999999998,0.524713689944711,0.549664754983562,
0.576788700168869,0.608812984252029,0.653904512329817,0.682534427723318,
0.708242159728127,0.732251483592932,0.756042954276079,0.778970488015085,
0.803599765969456,0.831563289444537,0.873672467083403,0.903086161327374,
0.927314620995531,0.950138987351858,0.971970143137962,0.992731198087856,
1.),.UNSPECIFIED.);
#345=B_SPLINE_CURVE_WITH_KNOTS('',3,(#7192,#7193,#7194,#7195,#7196,#7197,
#7198,#7199,#7200),.UNSPECIFIED.,.F.,.F.,(4,1,1,1,1,1,4),(0.,0.166666666666667,
0.333333333333333,0.5,0.666666666666667,0.833333333333333,1.),
 .UNSPECIFIED.);
#346=B_SPLINE_CURVE_WITH_KNOTS('',3,(#7202,#7203,#7204,#7205,#7206,#7207),
 .UNSPECIFIED.,.F.,.F.,(4,1,1,4),(0.,0.333333333333333,0.666666666666667,
1.),.UNSPECIFIED.);
#347=B_SPLINE_CURVE_WITH_KNOTS('',3,(#7209,#7210,#7211,#7212,#7213,#7214,
#7215,#7216,#7217,#7218,#7219,#7220,#7221,#7222,#7223,#7224,#7225,#7226,
#7227,#7228,#7229,#7230,#7231,#7232,#7233,#7234,#7235,#7236,#7237,#7238,
#7239,#7240,#7241,#7242,#7243,#7244,#7245,#7246,#7247,#7248,#7249,#7250,
#7251,#7252,#7253,#7254,#7255,#7256,#7257,#7258,#7259,#7260,#7261,#7262,
#7263,#7264,#7265,#7266),.UNSPECIFIED.,.F.,.F.,(4,3,3,3,3,3,3,3,3,3,3,3,
3,3,3,3,3,3,3,4),(0.500000000000003,0.524713689945254,0.54966475498381,
0.576788700168225,0.608812984252936,0.653904512327572,0.682534427721857,
0.708242159726777,0.732251483591529,0.756042954251506,0.778970487989306,
0.803599765941517,0.831563289411521,0.873672467058641,0.903086161309582,
0.927314620982187,0.950138987339286,0.971970143125639,0.99273119807559,
1.),.UNSPECIFIED.);
#348=B_SPLINE_CURVE_WITH_KNOTS('',3,(#7323,#7324,#7325,#7326,#7327,#7328,
#7329,#7330,#7331),.UNSPECIFIED.,.F.,.F.,(4,1,1,1,1,1,4),(0.,0.166666666666667,
0.333333333333333,0.5,0.666666666666667,0.833333333333333,1.),
 .UNSPECIFIED.);
#349=B_SPLINE_CURVE_WITH_KNOTS('',3,(#7334,#7335,#7336,#7337,#7338,#7339,
#7340,#7341,#7342,#7343,#7344,#7345,#7346,#7347,#7348,#7349,#7350,#7351,
#7352,#7353,#7354,#7355,#7356,#7357,#7358,#7359,#7360,#7361,#7362,#7363,
#7364,#7365,#7366,#7367,#7368,#7369,#7370,#7371,#7372,#7373,#7374,#7375,
#7376,#7377,#7378,#7379,#7380,#7381,#7382,#7383,#7384,#7385,#7386,#7387,
#7388),.UNSPECIFIED.,.F.,.F.,(4,3,3,3,3,3,3,3,3,3,3,3,3,3,3,3,3,3,4),(0.,
0.0210414563425952,0.0429981817767163,0.0661694911372262,0.0910987020321581,
0.119472189362243,0.167038165691963,0.194946171463199,0.219675686992312,
0.243318992501213,0.270465087843238,0.295026333255498,0.32256111455635,
0.353705056625508,0.398797320143678,0.429143848509483,0.456374731172369,
0.481044029414028,0.500000000000003),.UNSPECIFIED.);
#350=B_SPLINE_CURVE_WITH_KNOTS('',3,(#7444,#7445,#7446,#7447,#7448,#7449),
 .UNSPECIFIED.,.F.,.F.,(4,1,1,4),(0.,0.333333333333333,0.666666666666667,
1.),.UNSPECIFIED.);
#351=B_SPLINE_CURVE_WITH_KNOTS('',3,(#7451,#7452,#7453,#7454,#7455,#7456,
#7457,#7458,#7459,#7460,#7461,#7462,#7463,#7464,#7465,#7466,#7467,#7468,
#7469,#7470,#7471,#7472,#7473,#7474,#7475,#7476,#7477,#7478,#7479,#7480,
#7481,#7482,#7483,#7484,#7485,#7486,#7487,#7488,#7489,#7490,#7491,#7492,
#7493,#7494,#7495,#7496,#7497,#7498,#7499,#7500,#7501,#7502,#7503,#7504,
#7505,#7506,#7507,#7508),.UNSPECIFIED.,.F.,.F.,(4,3,3,3,3,3,3,3,3,3,3,3,
3,3,3,3,3,3,3,4),(0.5,0.524713689944987,0.549664754983935,0.576788700169529,
0.608812984253265,0.65390451232821,0.682534427722091,0.708242159726898,
0.732251483591795,0.756042954223873,0.778970487959742,0.803599765909039,
0.831563289372453,0.87367246702934,0.903086161285038,0.927314620963779,
0.950138987321484,0.971970143109127,0.992731198059428,1.),.UNSPECIFIED.);
#352=B_SPLINE_CURVE_WITH_KNOTS('',3,(#7565,#7566,#7567,#7568,#7569,#7570,
#7571,#7572,#7573),.UNSPECIFIED.,.F.,.F.,(4,1,1,1,1,1,4),(0.,0.166666666666667,
0.333333333333333,0.5,0.666666666666667,0.833333333333333,1.),
 .UNSPECIFIED.);
#353=B_SPLINE_CURVE_WITH_KNOTS('',3,(#7576,#7577,#7578,#7579,#7580,#7581,
#7582,#7583,#7584,#7585,#7586,#7587,#7588,#7589,#7590,#7591,#7592,#7593,
#7594,#7595,#7596,#7597,#7598,#7599,#7600,#7601,#7602,#7603,#7604,#7605,
#7606,#7607,#7608,#7609,#7610,#7611,#7612,#7613,#7614,#7615,#7616,#7617,
#7618,#7619,#7620,#7621,#7622,#7623,#7624,#7625,#7626,#7627,#7628,#7629,
#7630),.UNSPECIFIED.,.F.,.F.,(4,3,3,3,3,3,3,3,3,3,3,3,3,3,3,3,3,3,4),(0.,
0.0210414563423296,0.0429981817767919,0.0661694911371026,0.0910987020319542,
0.119472189361683,0.167038165691473,0.194946171462836,0.219675686992186,
0.243318992501269,0.27046508784429,0.295026333256468,0.322561114557355,
0.353705056627133,0.398797320143635,0.429143848509645,0.456374731172213,
0.481044029414022,0.5),.UNSPECIFIED.);
#354=B_SPLINE_CURVE_WITH_KNOTS('',3,(#7686,#7687,#7688,#7689,#7690,#7691),
 .UNSPECIFIED.,.F.,.F.,(4,1,1,4),(0.,0.333333333333333,0.666666666666667,
1.),.UNSPECIFIED.);
#355=B_SPLINE_CURVE_WITH_KNOTS('',3,(#7693,#7694,#7695,#7696,#7697,#7698,
#7699,#7700,#7701,#7702,#7703,#7704,#7705,#7706,#7707,#7708,#7709,#7710,
#7711,#7712,#7713,#7714,#7715,#7716,#7717,#7718,#7719,#7720,#7721,#7722,
#7723,#7724,#7725,#7726,#7727,#7728,#7729,#7730,#7731,#7732,#7733,#7734,
#7735,#7736,#7737,#7738,#7739,#7740,#7741,#7742,#7743,#7744,#7745,#7746,
#7747,#7748,#7749,#7750),.UNSPECIFIED.,.F.,.F.,(4,3,3,3,3,3,3,3,3,3,3,3,
3,3,3,3,3,3,3,4),(0.500000000000007,0.524713689945333,0.549664754984408,
0.576788700170395,0.608812984254125,0.653904512328729,0.682534427721983,
0.708242159726813,0.73225148359196,0.7560429542471,0.778970487984566,0.803599765936453,
0.831563289403844,0.873672467052883,0.903086161304531,0.927314620978398,
0.950138987335317,0.971970143122424,0.992731198072313,1.),.UNSPECIFIED.);
#356=B_SPLINE_CURVE_WITH_KNOTS('',3,(#7808,#7809,#7810,#7811,#7812,#7813,
#7814,#7815,#7816),.UNSPECIFIED.,.F.,.F.,(4,1,1,1,1,1,4),(0.,0.166666666666667,
0.333333333333333,0.5,0.666666666666667,0.833333333333333,1.),
 .UNSPECIFIED.);
#357=B_SPLINE_CURVE_WITH_KNOTS('',3,(#7818,#7819,#7820,#7821,#7822,#7823),
 .UNSPECIFIED.,.F.,.F.,(4,1,1,4),(0.,0.333333333333333,0.666666666666667,
1.),.UNSPECIFIED.);
#358=B_SPLINE_CURVE_WITH_KNOTS('',3,(#7825,#7826,#7827,#7828,#7829,#7830,
#7831,#7832,#7833,#7834,#7835,#7836,#7837,#7838,#7839,#7840,#7841,#7842,
#7843,#7844,#7845,#7846,#7847,#7848,#7849,#7850,#7851,#7852,#7853,#7854,
#7855,#7856,#7857,#7858,#7859,#7860,#7861,#7862,#7863,#7864,#7865,#7866,
#7867,#7868,#7869,#7870,#7871,#7872,#7873,#7874,#7875,#7876,#7877,#7878,
#7879,#7880,#7881,#7882),.UNSPECIFIED.,.F.,.F.,(4,3,3,3,3,3,3,3,3,3,3,3,
3,3,3,3,3,3,3,4),(0.499999999999991,0.524713690012204,0.549664755055533,
0.576788700249312,0.608812984358214,0.653904512308419,0.682534427704994,
0.708242159711285,0.732251483576817,0.756042954215969,0.778970487951083,
0.803599765900572,0.831563289361208,0.873672467020906,0.903086161281192,
0.927314620960894,0.950138987318709,0.97197014310631,0.992731198057124,
1.),.UNSPECIFIED.);
#359=B_SPLINE_CURVE_WITH_KNOTS('',3,(#7939,#7940,#7941,#7942,#7943,#7944,
#7945,#7946,#7947),.UNSPECIFIED.,.F.,.F.,(4,1,1,1,1,1,4),(0.,0.166666666666667,
0.333333333333333,0.5,0.666666666666667,0.833333333333333,1.),
 .UNSPECIFIED.);
#360=B_SPLINE_CURVE_WITH_KNOTS('',3,(#7951,#7952,#7953,#7954,#7955,#7956,
#7957,#7958,#7959,#7960,#7961,#7962,#7963,#7964,#7965,#7966,#7967,#7968,
#7969,#7970,#7971,#7972,#7973,#7974,#7975,#7976,#7977,#7978,#7979,#7980,
#7981,#7982,#7983,#7984,#7985,#7986,#7987,#7988,#7989,#7990,#7991,#7992,
#7993,#7994,#7995,#7996,#7997,#7998,#7999,#8000,#8001,#8002,#8003,#8004,
#8005),.UNSPECIFIED.,.F.,.F.,(4,3,3,3,3,3,3,3,3,3,3,3,3,3,3,3,3,3,4),(0.,
0.0210412511291655,0.0429977127290914,0.0661686600292114,0.0910973159751329,
0.11946961510446,0.167015601483889,0.194928802740192,0.219660714686314,
0.243302571427284,0.270469691636494,0.295030569809418,0.322563504005794,
0.353703703591266,0.398846499197375,0.429193702165909,0.456424924978843,
0.481097833757612,0.499837506139885),.UNSPECIFIED.);
#361=B_SPLINE_CURVE_WITH_KNOTS('',3,(#8006,#8007,#8008,#8009),
 .UNSPECIFIED.,.F.,.F.,(4,4),(0.499837506139885,0.499999999999991),
 .UNSPECIFIED.);
#362=B_SPLINE_CURVE_WITH_KNOTS('',3,(#8065,#8066,#8067,#8068,#8069,#8070),
 .UNSPECIFIED.,.F.,.F.,(4,1,1,4),(0.,0.333333333333333,0.666666666666667,
1.),.UNSPECIFIED.);
#363=B_SPLINE_CURVE_WITH_KNOTS('',3,(#8072,#8073,#8074,#8075,#8076,#8077,
#8078,#8079,#8080,#8081,#8082,#8083,#8084,#8085,#8086,#8087,#8088,#8089,
#8090,#8091,#8092,#8093,#8094,#8095,#8096,#8097,#8098,#8099,#8100,#8101,
#8102,#8103,#8104,#8105,#8106,#8107,#8108,#8109,#8110,#8111,#8112,#8113,
#8114,#8115,#8116,#8117,#8118,#8119,#8120,#8121,#8122,#8123,#8124,#8125,
#8126,#8127,#8128,#8129),.UNSPECIFIED.,.F.,.F.,(4,3,3,3,3,3,3,3,3,3,3,3,
3,3,3,3,3,3,3,4),(0.500000000000005,0.524713689719093,0.549664754742376,
0.576788699900453,0.608812983903937,0.653904512400319,0.682534427784473,
0.70824215978347,0.732251483645109,0.756042954316728,0.778970488058079,
0.803599766014614,0.831563289496291,0.873672467122218,0.903086161359033,
0.927314621019274,0.950138987373549,0.971970143159422,0.992731198109403,
1.),.UNSPECIFIED.);
#364=B_SPLINE_CURVE_WITH_KNOTS('',3,(#8186,#8187,#8188,#8189,#8190,#8191,
#8192,#8193,#8194),.UNSPECIFIED.,.F.,.F.,(4,1,1,1,1,1,4),(0.,0.166666666666667,
0.333333333333333,0.5,0.666666666666667,0.833333333333333,1.),
 .UNSPECIFIED.);
#365=B_SPLINE_CURVE_WITH_KNOTS('',3,(#8198,#8199,#8200,#8201,#8202,#8203,
#8204,#8205,#8206,#8207,#8208,#8209,#8210,#8211,#8212,#8213,#8214,#8215,
#8216,#8217,#8218,#8219,#8220,#8221,#8222,#8223,#8224,#8225,#8226,#8227,
#8228,#8229,#8230,#8231,#8232,#8233,#8234,#8235,#8236,#8237,#8238,#8239,
#8240,#8241,#8242,#8243,#8244,#8245,#8246,#8247,#8248,#8249,#8250,#8251,
#8252),.UNSPECIFIED.,.F.,.F.,(4,3,3,3,3,3,3,3,3,3,3,3,3,3,3,3,3,3,4),(0.,
0.0210412511290903,0.0429977127283528,0.0661686600264887,0.0910973159698898,
0.119469615100111,0.167015601480082,0.194928802734569,0.219660714681176,
0.2433025714208,0.270469691635279,0.295030569807272,0.322563504003208,0.353703703590731,
0.398846499197247,0.429193702164834,0.456424924976603,0.481097833755722,
0.499837506139882),.UNSPECIFIED.);
#366=B_SPLINE_CURVE_WITH_KNOTS('',3,(#8253,#8254,#8255,#8256),
 .UNSPECIFIED.,.F.,.F.,(4,4),(0.499837506139882,0.500000000000005),
 .UNSPECIFIED.);
#367=B_SPLINE_CURVE_WITH_KNOTS('',3,(#8312,#8313,#8314,#8315,#8316,#8317),
 .UNSPECIFIED.,.F.,.F.,(4,1,1,4),(0.,0.333333333333333,0.666666666666667,
1.),.UNSPECIFIED.);
#368=B_SPLINE_CURVE_WITH_KNOTS('',3,(#8319,#8320,#8321,#8322,#8323,#8324,
#8325,#8326,#8327,#8328,#8329,#8330,#8331,#8332,#8333,#8334,#8335,#8336,
#8337,#8338,#8339,#8340,#8341,#8342,#8343,#8344,#8345,#8346,#8347,#8348,
#8349,#8350,#8351,#8352,#8353,#8354,#8355,#8356,#8357,#8358,#8359,#8360,
#8361,#8362,#8363,#8364,#8365,#8366,#8367,#8368,#8369,#8370,#8371,#8372,
#8373,#8374,#8375,#8376),.UNSPECIFIED.,.F.,.F.,(4,3,3,3,3,3,3,3,3,3,3,3,
3,3,3,3,3,3,3,4),(0.499999999999991,0.524713689474181,0.549664754478288,
0.576788699602561,0.608812983520974,0.653904512468409,0.682534427844375,
0.708242159839538,0.732251483697943,0.756042954446202,0.778970488195112,
0.803599766167101,0.831563289679673,0.873672467259754,0.903086161468043,
0.927314621101032,0.950138987451477,0.971970143235078,0.992731198183179,
1.),.UNSPECIFIED.);
#369=B_SPLINE_CURVE_WITH_KNOTS('',3,(#8435,#8436,#8437,#8438,#8439,#8440,
#8441,#8442,#8443,#8444,#8445,#8446,#8447,#8448,#8449,#8450,#8451,#8452,
#8453,#8454,#8455,#8456,#8457,#8458,#8459,#8460,#8461,#8462,#8463,#8464,
#8465,#8466,#8467,#8468,#8469,#8470,#8471,#8472,#8473,#8474,#8475,#8476,
#8477,#8478,#8479,#8480,#8481,#8482,#8483,#8484,#8485,#8486,#8487,#8488,
#8489),.UNSPECIFIED.,.F.,.F.,(4,3,3,3,3,3,3,3,3,3,3,3,3,3,3,3,3,3,4),(0.,
0.0210412511292877,0.0429977127286098,0.0661686600278358,0.0910973159722942,
0.119469615100696,0.167015601480596,0.194928802736572,0.21966071468296,
0.243302571423648,0.270469691635271,0.295030569807202,0.322563504004419,
0.353703703590913,0.398846499200342,0.429193702168102,0.456424924982892,
0.481097833762524,0.499837506139896),.UNSPECIFIED.);
#370=B_SPLINE_CURVE_WITH_KNOTS('',3,(#8490,#8491,#8492,#8493),
 .UNSPECIFIED.,.F.,.F.,(4,4),(0.499837506139896,0.499999999999991),
 .UNSPECIFIED.);
#371=B_SPLINE_CURVE_WITH_KNOTS('',3,(#8550,#8551,#8552,#8553,#8554,#8555,
#8556,#8557,#8558,#8559,#8560,#8561,#8562,#8563,#8564,#8565,#8566,#8567,
#8568,#8569,#8570,#8571,#8572,#8573,#8574,#8575,#8576,#8577,#8578,#8579,
#8580,#8581,#8582,#8583,#8584,#8585,#8586,#8587,#8588,#8589,#8590,#8591,
#8592,#8593,#8594,#8595,#8596,#8597,#8598,#8599,#8600,#8601,#8602,#8603,
#8604),.UNSPECIFIED.,.F.,.F.,(4,3,3,3,3,3,3,3,3,3,3,3,3,3,3,3,3,3,4),(0.,
0.0210414563424119,0.0429981817766537,0.0661694911368202,0.09109870203169,
0.119472189360554,0.167038165690485,0.194946171462583,0.219675686992118,
0.243318992501414,0.270465087844143,0.295026333256532,0.322561114557222,
0.353705056627275,0.398797320143667,0.429143848509402,0.456374731171736,
0.481044029413514,0.500000000000007),.UNSPECIFIED.);
#372=B_SPLINE_CURVE_WITH_KNOTS('',3,(#8661,#8662,#8663,#8664,#8665,#8666,
#8667,#8668,#8669,#8670,#8671,#8672,#8673,#8674,#8675,#8676,#8677,#8678,
#8679,#8680,#8681,#8682,#8683,#8684,#8685,#8686,#8687,#8688,#8689,#8690,
#8691,#8692,#8693,#8694,#8695,#8696,#8697,#8698,#8699,#8700,#8701,#8702,
#8703,#8704,#8705,#8706,#8707,#8708,#8709,#8710,#8711,#8712,#8713,#8714,
#8715),.UNSPECIFIED.,.F.,.F.,(4,3,3,3,3,3,3,3,3,3,3,3,3,3,3,3,3,3,4),(0.,
0.0210414563424977,0.0429981817771368,0.0661694911380077,0.0910987020334069,
0.119472189362154,0.167038165691885,0.19494617146304,0.219675686992435,
0.243318992501222,0.270465087843203,0.295026333256006,0.322561114556698,
0.353705056626813,0.398797320144055,0.429143848509699,0.456374731171299,
0.481044029413241,0.499999999999998),.UNSPECIFIED.);
#373=B_SPLINE_CURVE_WITH_KNOTS('',3,(#8814,#8815,#8816,#8817,#8818,#8819,
#8820,#8821,#8822,#8823,#8824,#8825,#8826,#8827,#8828,#8829,#8830,#8831,
#8832,#8833,#8834,#8835,#8836,#8837,#8838,#8839,#8840,#8841,#8842,#8843,
#8844,#8845,#8846,#8847,#8848,#8849,#8850,#8851,#8852,#8853,#8854,#8855,
#8856,#8857,#8858,#8859,#8860,#8861,#8862,#8863,#8864,#8865,#8866,#8867,
#8868),.UNSPECIFIED.,.F.,.F.,(4,3,3,3,3,3,3,3,3,3,3,3,3,3,3,3,3,3,4),(0.,
0.0210414563422019,0.0429981817768034,0.0661694911366775,0.0910987020318557,
0.119472189361333,0.167038165691165,0.19494617146256,0.219675686991943,
0.243318992500805,0.270465087843654,0.295026333255892,0.322561114556712,
0.353705056625088,0.398797320142377,0.429143848508915,0.456374731171571,
0.481044029413332,0.499999999999994),.UNSPECIFIED.);
#374=B_SPLINE_CURVE_WITH_KNOTS('',3,(#9216,#9217,#9218,#9219,#9220,#9221,
#9222,#9223,#9224,#9225,#9226,#9227,#9228,#9229,#9230,#9231,#9232,#9233,
#9234,#9235,#9236,#9237,#9238,#9239,#9240,#9241,#9242,#9243,#9244,#9245,
#9246,#9247,#9248,#9249,#9250,#9251,#9252,#9253,#9254,#9255,#9256,#9257,
#9258,#9259,#9260,#9261,#9262,#9263,#9264,#9265,#9266,#9267,#9268,#9269,
#9270,#9271,#9272,#9273,#9274,#9275,#9276,#9277,#9278,#9279,#9280,#9281,
#9282,#9283,#9284,#9285,#9286,#9287,#9288,#9289,#9290,#9291,#9292,#9293,
#9294,#9295,#9296,#9297,#9298,#9299,#9300,#9301,#9302,#9303),
 .UNSPECIFIED.,.F.,.F.,(4,3,3,3,3,3,3,3,3,3,3,3,3,3,3,3,3,3,3,3,3,3,3,3,
3,3,3,3,3,4),(1.0121507126951E-15,0.0113742399319121,0.0233067176305892,
0.0360103307928678,0.0499409403072949,0.0670522322056296,0.0858499548111174,
0.100001883629838,0.113235711423758,0.130166790886068,0.144967797106475,
0.161139431943186,0.180299268155249,0.201623477207565,0.220272009882093,
0.235764290743386,0.25301252791896,0.27027729413571,0.289071389215551,0.310696229029128,
0.33527997815826,0.355869980888478,0.373886233277418,0.391500657597537,
0.409260013267788,0.428420073048287,0.450517296861569,0.475278728466184,
0.496914880703796,0.500000000000001),.UNSPECIFIED.);
#375=B_SPLINE_CURVE_WITH_KNOTS('',3,(#9419,#9420,#9421,#9422,#9423,#9424,
#9425,#9426,#9427,#9428,#9429,#9430,#9431,#9432,#9433,#9434,#9435,#9436,
#9437,#9438,#9439,#9440,#9441,#9442,#9443,#9444,#9445,#9446,#9447,#9448,
#9449,#9450,#9451,#9452,#9453,#9454,#9455,#9456,#9457,#9458,#9459,#9460,
#9461,#9462,#9463,#9464,#9465,#9466,#9467,#9468,#9469,#9470,#9471,#9472,
#9473,#9474,#9475,#9476,#9477,#9478,#9479,#9480,#9481,#9482,#9483,#9484,
#9485,#9486,#9487,#9488,#9489,#9490,#9491,#9492,#9493,#9494,#9495,#9496,
#9497,#9498,#9499,#9500,#9501,#9502,#9503,#9504,#9505,#9506),
 .UNSPECIFIED.,.F.,.F.,(4,3,3,3,3,3,3,3,3,3,3,3,3,3,3,3,3,3,3,3,3,3,3,3,
3,3,3,3,3,4),(0.,0.0113742156427856,0.0233066611363479,0.0360102278199763,
0.0499408121047043,0.0670519374954866,0.0858504117359389,0.100002426898522,
0.113235989387776,0.130167411011903,0.144968379008011,0.16113995004391,
0.180299768684411,0.201624771735261,0.220271030157439,0.235763501774298,
0.253012090734271,0.270276655883489,0.289070425257106,0.310694569994975,
0.335280458725927,0.355866014696448,0.373878376170654,0.391485988075167,
0.409244046297576,0.428402113438721,0.450494955055632,0.475265594252728,
0.496906330689873,0.499964906490096),.UNSPECIFIED.);
#376=B_SPLINE_CURVE_WITH_KNOTS('',3,(#9507,#9508,#9509,#9510),
 .UNSPECIFIED.,.F.,.F.,(4,4),(0.499964906490096,0.5),.UNSPECIFIED.);
#377=B_SPLINE_CURVE_WITH_KNOTS('',3,(#9625,#9626,#9627,#9628,#9629,#9630,
#9631,#9632,#9633,#9634,#9635,#9636,#9637,#9638,#9639,#9640,#9641,#9642,
#9643,#9644,#9645,#9646,#9647,#9648,#9649,#9650,#9651,#9652,#9653,#9654,
#9655,#9656,#9657,#9658,#9659,#9660,#9661,#9662,#9663,#9664,#9665,#9666,
#9667,#9668,#9669,#9670,#9671,#9672,#9673,#9674,#9675,#9676,#9677,#9678,
#9679,#9680,#9681,#9682,#9683,#9684,#9685,#9686,#9687,#9688,#9689,#9690,
#9691,#9692,#9693,#9694,#9695,#9696,#9697,#9698,#9699,#9700,#9701,#9702,
#9703,#9704,#9705,#9706,#9707,#9708,#9709,#9710,#9711,#9712),
 .UNSPECIFIED.,.F.,.F.,(4,3,3,3,3,3,3,3,3,3,3,3,3,3,3,3,3,3,3,3,3,3,3,3,
3,3,3,3,3,4),(0.,0.0113742399318946,0.0233067176306008,0.0360103307924663,
0.0499409403075283,0.0670522322050739,0.0858499548106892,0.100001883629577,
0.113235711423544,0.130166790886948,0.144967797107184,0.16113943194382,
0.180299268157591,0.201623477208827,0.220272009883276,0.23576429074457,
0.253012527919822,0.270277294136789,0.289071389216454,0.310696229029466,
0.335279978158548,0.355869980888729,0.373886233277638,0.391500657611848,
0.409260013282638,0.428420073065745,0.450517296879304,0.475278728481217,
0.49691488071804,0.500000000000001),.UNSPECIFIED.);
#378=B_SPLINE_CURVE_WITH_KNOTS('',3,(#9889,#9890,#9891,#9892,#9893,#9894,
#9895,#9896,#9897,#9898,#9899,#9900,#9901,#9902,#9903,#9904,#9905,#9906,
#9907,#9908,#9909,#9910,#9911,#9912,#9913,#9914,#9915,#9916,#9917,#9918,
#9919,#9920,#9921,#9922,#9923,#9924,#9925,#9926,#9927,#9928,#9929,#9930,
#9931,#9932,#9933,#9934,#9935,#9936,#9937,#9938,#9939,#9940,#9941,#9942,
#9943,#9944,#9945,#9946,#9947,#9948,#9949,#9950,#9951,#9952,#9953,#9954,
#9955,#9956,#9957,#9958,#9959,#9960,#9961,#9962,#9963,#9964,#9965,#9966,
#9967,#9968,#9969,#9970,#9971,#9972,#9973,#9974,#9975,#9976),
 .UNSPECIFIED.,.F.,.F.,(4,3,3,3,3,3,3,3,3,3,3,3,3,3,3,3,3,3,3,3,3,3,3,3,
3,3,3,3,3,4),(0.,0.0113742399318881,0.0233067176302817,0.0360103307922774,
0.049940940307998,0.0670522322059748,0.0858499548118889,0.100001883630622,
0.113235711424872,0.130166790887367,0.144967797107421,0.16113943194368,
0.180299268158033,0.201623477209079,0.220272009883512,0.235764290744417,
0.253012527919831,0.270277294136311,0.28907138921584,0.310696229030171,
0.33527997815919,0.355869980889292,0.37388623327813,0.391500657598651,0.409260013268291,
0.428420073050841,0.450517296859618,0.475278728464881,0.496914880702336,
0.5),.UNSPECIFIED.);
#379=VERTEX_POINT('',#1626);
#380=VERTEX_POINT('',#1627);
#381=VERTEX_POINT('',#1644);
#382=VERTEX_POINT('',#1652);
#383=VERTEX_POINT('',#1857);
#384=VERTEX_POINT('',#1874);
#385=VERTEX_POINT('',#2076);
#386=VERTEX_POINT('',#2084);
#387=VERTEX_POINT('',#2289);
#388=VERTEX_POINT('',#2306);
#389=VERTEX_POINT('',#2508);
#390=VERTEX_POINT('',#2516);
#391=VERTEX_POINT('',#2721);
#392=VERTEX_POINT('',#2722);
#393=VERTEX_POINT('',#2739);
#394=VERTEX_POINT('',#2747);
#395=VERTEX_POINT('',#2952);
#396=VERTEX_POINT('',#2969);
#397=VERTEX_POINT('',#3171);
#398=VERTEX_POINT('',#3179);
#399=VERTEX_POINT('',#3384);
#400=VERTEX_POINT('',#3401);
#401=VERTEX_POINT('',#3603);
#402=VERTEX_POINT('',#3611);
#403=VERTEX_POINT('',#3816);
#404=VERTEX_POINT('',#3817);
#405=VERTEX_POINT('',#3834);
#406=VERTEX_POINT('',#3842);
#407=VERTEX_POINT('',#4047);
#408=VERTEX_POINT('',#4064);
#409=VERTEX_POINT('',#4066);
#410=VERTEX_POINT('',#4271);
#411=VERTEX_POINT('',#4279);
#412=VERTEX_POINT('',#4484);
#413=VERTEX_POINT('',#4501);
#414=VERTEX_POINT('',#4503);
#415=VERTEX_POINT('',#4708);
#416=VERTEX_POINT('',#4716);
#417=VERTEX_POINT('',#4921);
#418=VERTEX_POINT('',#4922);
#419=VERTEX_POINT('',#4939);
#420=VERTEX_POINT('',#4947);
#421=VERTEX_POINT('',#5152);
#422=VERTEX_POINT('',#5169);
#423=VERTEX_POINT('',#5371);
#424=VERTEX_POINT('',#5379);
#425=VERTEX_POINT('',#5584);
#426=VERTEX_POINT('',#5601);
#427=VERTEX_POINT('',#5803);
#428=VERTEX_POINT('',#5811);
#429=VERTEX_POINT('',#5958);
#430=VERTEX_POINT('',#5959);
#431=VERTEX_POINT('',#5969);
#432=VERTEX_POINT('',#5976);
#433=VERTEX_POINT('',#6090);
#434=VERTEX_POINT('',#6100);
#435=VERTEX_POINT('',#6211);
#436=VERTEX_POINT('',#6218);
#437=VERTEX_POINT('',#6332);
#438=VERTEX_POINT('',#6342);
#439=VERTEX_POINT('',#6453);
#440=VERTEX_POINT('',#6460);
#441=VERTEX_POINT('',#6574);
#442=VERTEX_POINT('',#6575);
#443=VERTEX_POINT('',#6585);
#444=VERTEX_POINT('',#6592);
#445=VERTEX_POINT('',#6706);
#446=VERTEX_POINT('',#6716);
#447=VERTEX_POINT('',#6827);
#448=VERTEX_POINT('',#6834);
#449=VERTEX_POINT('',#6948);
#450=VERTEX_POINT('',#6958);
#451=VERTEX_POINT('',#7069);
#452=VERTEX_POINT('',#7076);
#453=VERTEX_POINT('',#7190);
#454=VERTEX_POINT('',#7191);
#455=VERTEX_POINT('',#7201);
#456=VERTEX_POINT('',#7208);
#457=VERTEX_POINT('',#7322);
#458=VERTEX_POINT('',#7332);
#459=VERTEX_POINT('',#7443);
#460=VERTEX_POINT('',#7450);
#461=VERTEX_POINT('',#7564);
#462=VERTEX_POINT('',#7574);
#463=VERTEX_POINT('',#7685);
#464=VERTEX_POINT('',#7692);
#465=VERTEX_POINT('',#7806);
#466=VERTEX_POINT('',#7807);
#467=VERTEX_POINT('',#7817);
#468=VERTEX_POINT('',#7824);
#469=VERTEX_POINT('',#7938);
#470=VERTEX_POINT('',#7948);
#471=VERTEX_POINT('',#7950);
#472=VERTEX_POINT('',#8064);
#473=VERTEX_POINT('',#8071);
#474=VERTEX_POINT('',#8185);
#475=VERTEX_POINT('',#8195);
#476=VERTEX_POINT('',#8197);
#477=VERTEX_POINT('',#8311);
#478=VERTEX_POINT('',#8318);
#479=VERTEX_POINT('',#8432);
#480=VERTEX_POINT('',#8434);
#481=VERTEX_POINT('',#8548);
#482=VERTEX_POINT('',#8659);
#483=VERTEX_POINT('',#8812);
#484=VERTEX_POINT('',#8909);
#485=VERTEX_POINT('',#9087);
#486=VERTEX_POINT('',#9091);
#487=VERTEX_POINT('',#9095);
#488=VERTEX_POINT('',#9099);
#489=VERTEX_POINT('',#9214);
#490=VERTEX_POINT('',#9416);
#491=VERTEX_POINT('',#9418);
#492=VERTEX_POINT('',#9623);
#493=VERTEX_POINT('',#9887);
#494=VERTEX_POINT('',#10099);
#495=VERTEX_POINT('',#10290);
#496=VERTEX_POINT('',#10294);
#497=VERTEX_POINT('',#10298);
#498=VERTEX_POINT('',#10302);
#499=EDGE_CURVE('',#379,#380,#277,.T.);
#500=EDGE_CURVE('',#379,#381,#278,.T.);
#501=EDGE_CURVE('',#381,#382,#279,.T.);
#502=EDGE_CURVE('',#380,#382,#221,.T.);
#503=EDGE_CURVE('',#379,#383,#280,.T.);
#504=EDGE_CURVE('',#384,#383,#222,.T.);
#505=EDGE_CURVE('',#384,#381,#281,.T.);
#506=EDGE_CURVE('',#379,#385,#282,.T.);
#507=EDGE_CURVE('',#385,#386,#283,.T.);
#508=EDGE_CURVE('',#383,#386,#223,.T.);
#509=EDGE_CURVE('',#379,#387,#284,.T.);
#510=EDGE_CURVE('',#388,#387,#224,.T.);
#511=EDGE_CURVE('',#388,#385,#285,.T.);
#512=EDGE_CURVE('',#379,#389,#286,.T.);
#513=EDGE_CURVE('',#389,#390,#287,.T.);
#514=EDGE_CURVE('',#387,#390,#225,.T.);
#515=EDGE_CURVE('',#391,#392,#288,.T.);
#516=EDGE_CURVE('',#391,#393,#289,.T.);
#517=EDGE_CURVE('',#393,#394,#290,.T.);
#518=EDGE_CURVE('',#392,#394,#226,.T.);
#519=EDGE_CURVE('',#391,#395,#291,.T.);
#520=EDGE_CURVE('',#396,#395,#227,.T.);
#521=EDGE_CURVE('',#396,#393,#292,.T.);
#522=EDGE_CURVE('',#391,#397,#293,.T.);
#523=EDGE_CURVE('',#397,#398,#294,.T.);
#524=EDGE_CURVE('',#395,#398,#228,.T.);
#525=EDGE_CURVE('',#391,#399,#295,.T.);
#526=EDGE_CURVE('',#400,#399,#229,.T.);
#527=EDGE_CURVE('',#400,#397,#296,.T.);
#528=EDGE_CURVE('',#391,#401,#297,.T.);
#529=EDGE_CURVE('',#401,#402,#298,.T.);
#530=EDGE_CURVE('',#399,#402,#230,.T.);
#531=EDGE_CURVE('',#403,#404,#299,.T.);
#532=EDGE_CURVE('',#403,#405,#300,.T.);
#533=EDGE_CURVE('',#405,#406,#301,.T.);
#534=EDGE_CURVE('',#404,#406,#231,.T.);
#535=EDGE_CURVE('',#403,#407,#302,.T.);
#536=EDGE_CURVE('',#408,#407,#232,.T.);
#537=EDGE_CURVE('',#408,#409,#303,.T.);
#538=EDGE_CURVE('',#409,#405,#304,.T.);
#539=EDGE_CURVE('',#403,#410,#305,.T.);
#540=EDGE_CURVE('',#410,#411,#306,.T.);
#541=EDGE_CURVE('',#407,#411,#233,.T.);
#542=EDGE_CURVE('',#403,#412,#307,.T.);
#543=EDGE_CURVE('',#413,#412,#234,.T.);
#544=EDGE_CURVE('',#413,#414,#308,.T.);
#545=EDGE_CURVE('',#414,#410,#309,.T.);
#546=EDGE_CURVE('',#403,#415,#310,.T.);
#547=EDGE_CURVE('',#415,#416,#311,.T.);
#548=EDGE_CURVE('',#412,#416,#235,.T.);
#549=EDGE_CURVE('',#417,#418,#312,.T.);
#550=EDGE_CURVE('',#417,#419,#313,.T.);
#551=EDGE_CURVE('',#419,#420,#314,.T.);
#552=EDGE_CURVE('',#418,#420,#236,.T.);
#553=EDGE_CURVE('',#417,#421,#315,.T.);
#554=EDGE_CURVE('',#422,#421,#237,.T.);
#555=EDGE_CURVE('',#422,#419,#316,.T.);
#556=EDGE_CURVE('',#417,#423,#317,.T.);
#557=EDGE_CURVE('',#423,#424,#318,.T.);
#558=EDGE_CURVE('',#421,#424,#238,.T.);
#559=EDGE_CURVE('',#417,#425,#319,.T.);
#560=EDGE_CURVE('',#426,#425,#239,.T.);
#561=EDGE_CURVE('',#426,#423,#320,.T.);
#562=EDGE_CURVE('',#417,#427,#321,.T.);
#563=EDGE_CURVE('',#427,#428,#322,.T.);
#564=EDGE_CURVE('',#425,#428,#240,.T.);
#565=EDGE_CURVE('',#429,#430,#323,.T.);
#566=EDGE_CURVE('',#429,#431,#324,.T.);
#567=EDGE_CURVE('',#431,#432,#325,.T.);
#568=EDGE_CURVE('',#430,#432,#241,.T.);
#569=EDGE_CURVE('',#429,#433,#326,.T.);
#570=EDGE_CURVE('',#434,#433,#242,.T.);
#571=EDGE_CURVE('',#434,#431,#327,.T.);
#572=EDGE_CURVE('',#429,#435,#328,.T.);
#573=EDGE_CURVE('',#435,#436,#329,.T.);
#574=EDGE_CURVE('',#433,#436,#243,.T.);
#575=EDGE_CURVE('',#429,#437,#330,.T.);
#576=EDGE_CURVE('',#438,#437,#244,.T.);
#577=EDGE_CURVE('',#438,#435,#331,.T.);
#578=EDGE_CURVE('',#429,#439,#332,.T.);
#579=EDGE_CURVE('',#439,#440,#333,.T.);
#580=EDGE_CURVE('',#437,#440,#245,.T.);
#581=EDGE_CURVE('',#441,#442,#334,.T.);
#582=EDGE_CURVE('',#441,#443,#335,.T.);
#583=EDGE_CURVE('',#443,#444,#336,.T.);
#584=EDGE_CURVE('',#442,#444,#246,.T.);
#585=EDGE_CURVE('',#441,#445,#337,.T.);
#586=EDGE_CURVE('',#446,#445,#247,.T.);
#587=EDGE_CURVE('',#446,#443,#338,.T.);
#588=EDGE_CURVE('',#441,#447,#339,.T.);
#589=EDGE_CURVE('',#447,#448,#340,.T.);
#590=EDGE_CURVE('',#445,#448,#248,.T.);
#591=EDGE_CURVE('',#441,#449,#341,.T.);
#592=EDGE_CURVE('',#450,#449,#249,.T.);
#593=EDGE_CURVE('',#450,#447,#342,.T.);
#594=EDGE_CURVE('',#441,#451,#343,.T.);
#595=EDGE_CURVE('',#451,#452,#344,.T.);
#596=EDGE_CURVE('',#449,#452,#250,.T.);
#597=EDGE_CURVE('',#453,#454,#345,.T.);
#598=EDGE_CURVE('',#453,#455,#346,.T.);
#599=EDGE_CURVE('',#455,#456,#347,.T.);
#600=EDGE_CURVE('',#454,#456,#251,.T.);
#601=EDGE_CURVE('',#453,#457,#348,.T.);
#602=EDGE_CURVE('',#458,#457,#252,.T.);
#603=EDGE_CURVE('',#458,#455,#349,.T.);
#604=EDGE_CURVE('',#453,#459,#350,.T.);
#605=EDGE_CURVE('',#459,#460,#351,.T.);
#606=EDGE_CURVE('',#457,#460,#253,.T.);
#607=EDGE_CURVE('',#453,#461,#352,.T.);
#608=EDGE_CURVE('',#462,#461,#254,.T.);
#609=EDGE_CURVE('',#462,#459,#353,.T.);
#610=EDGE_CURVE('',#453,#463,#354,.T.);
#611=EDGE_CURVE('',#463,#464,#355,.T.);
#612=EDGE_CURVE('',#461,#464,#255,.T.);
#613=EDGE_CURVE('',#465,#466,#356,.T.);
#614=EDGE_CURVE('',#465,#467,#357,.T.);
#615=EDGE_CURVE('',#467,#468,#358,.T.);
#616=EDGE_CURVE('',#466,#468,#256,.T.);
#617=EDGE_CURVE('',#465,#469,#359,.T.);
#618=EDGE_CURVE('',#470,#469,#257,.T.);
#619=EDGE_CURVE('',#470,#471,#360,.T.);
#620=EDGE_CURVE('',#471,#467,#361,.T.);
#621=EDGE_CURVE('',#465,#472,#362,.T.);
#622=EDGE_CURVE('',#472,#473,#363,.T.);
#623=EDGE_CURVE('',#469,#473,#258,.T.);
#624=EDGE_CURVE('',#465,#474,#364,.T.);
#625=EDGE_CURVE('',#475,#474,#259,.T.);
#626=EDGE_CURVE('',#475,#476,#365,.T.);
#627=EDGE_CURVE('',#476,#472,#366,.T.);
#628=EDGE_CURVE('',#465,#477,#367,.T.);
#629=EDGE_CURVE('',#477,#478,#368,.T.);
#630=EDGE_CURVE('',#474,#478,#260,.T.);
#631=EDGE_CURVE('',#479,#466,#261,.T.);
#632=EDGE_CURVE('',#479,#480,#369,.T.);
#633=EDGE_CURVE('',#480,#477,#370,.T.);
#634=EDGE_CURVE('',#481,#454,#262,.T.);
#635=EDGE_CURVE('',#481,#463,#371,.T.);
#636=EDGE_CURVE('',#482,#442,#263,.T.);
#637=EDGE_CURVE('',#482,#451,#372,.T.);
#638=EDGE_CURVE('',#460,#450,#47,.T.);
#639=EDGE_CURVE('',#452,#458,#48,.T.);
#640=EDGE_CURVE('',#483,#430,#264,.T.);
#641=EDGE_CURVE('',#483,#439,#373,.T.);
#642=EDGE_CURVE('',#448,#484,#49,.T.);
#643=EDGE_CURVE('',#484,#434,#50,.T.);
#644=EDGE_CURVE('',#436,#446,#51,.T.);
#645=EDGE_CURVE('',#432,#462,#52,.T.);
#646=EDGE_CURVE('',#464,#483,#53,.T.);
#647=EDGE_CURVE('',#478,#438,#54,.T.);
#648=EDGE_CURVE('',#440,#475,#55,.T.);
#649=EDGE_CURVE('',#444,#479,#56,.T.);
#650=EDGE_CURVE('',#468,#482,#57,.T.);
#651=EDGE_CURVE('',#456,#470,#58,.T.);
#652=EDGE_CURVE('',#473,#481,#59,.T.);
#653=EDGE_CURVE('',#485,#485,#265,.T.);
#654=EDGE_CURVE('',#485,#471,#23,.T.);
#655=EDGE_CURVE('',#486,#486,#266,.T.);
#656=EDGE_CURVE('',#486,#484,#24,.T.);
#657=EDGE_CURVE('',#487,#487,#267,.T.);
#658=EDGE_CURVE('',#487,#476,#25,.T.);
#659=EDGE_CURVE('',#488,#488,#268,.T.);
#660=EDGE_CURVE('',#488,#480,#26,.T.);
#661=EDGE_CURVE('',#489,#418,#269,.T.);
#662=EDGE_CURVE('',#489,#427,#374,.T.);
#663=EDGE_CURVE('',#490,#404,#270,.T.);
#664=EDGE_CURVE('',#490,#491,#375,.T.);
#665=EDGE_CURVE('',#491,#415,#376,.T.);
#666=EDGE_CURVE('',#492,#392,#271,.T.);
#667=EDGE_CURVE('',#492,#401,#377,.T.);
#668=EDGE_CURVE('',#424,#396,#60,.T.);
#669=EDGE_CURVE('',#398,#422,#61,.T.);
#670=EDGE_CURVE('',#493,#380,#272,.T.);
#671=EDGE_CURVE('',#493,#389,#378,.T.);
#672=EDGE_CURVE('',#394,#493,#62,.T.);
#673=EDGE_CURVE('',#382,#492,#63,.T.);
#674=EDGE_CURVE('',#390,#494,#64,.T.);
#675=EDGE_CURVE('',#494,#426,#65,.T.);
#676=EDGE_CURVE('',#428,#388,#66,.T.);
#677=EDGE_CURVE('',#386,#490,#67,.T.);
#678=EDGE_CURVE('',#406,#384,#68,.T.);
#679=EDGE_CURVE('',#411,#400,#69,.T.);
#680=EDGE_CURVE('',#402,#408,#70,.T.);
#681=EDGE_CURVE('',#416,#489,#71,.T.);
#682=EDGE_CURVE('',#420,#413,#72,.T.);
#683=EDGE_CURVE('',#495,#495,#273,.T.);
#684=EDGE_CURVE('',#495,#414,#27,.T.);
#685=EDGE_CURVE('',#496,#496,#274,.T.);
#686=EDGE_CURVE('',#496,#409,#28,.T.);
#687=EDGE_CURVE('',#497,#497,#275,.T.);
#688=EDGE_CURVE('',#497,#494,#29,.T.);
#689=EDGE_CURVE('',#498,#498,#276,.T.);
#690=EDGE_CURVE('',#498,#491,#30,.T.);
#691=ORIENTED_EDGE('',*,*,#499,.F.);
#692=ORIENTED_EDGE('',*,*,#500,.T.);
#693=ORIENTED_EDGE('',*,*,#501,.T.);
#694=ORIENTED_EDGE('',*,*,#502,.F.);
#695=ORIENTED_EDGE('',*,*,#500,.F.);
#696=ORIENTED_EDGE('',*,*,#503,.T.);
#697=ORIENTED_EDGE('',*,*,#504,.F.);
#698=ORIENTED_EDGE('',*,*,#505,.T.);
#699=ORIENTED_EDGE('',*,*,#503,.F.);
#700=ORIENTED_EDGE('',*,*,#506,.T.);
#701=ORIENTED_EDGE('',*,*,#507,.T.);
#702=ORIENTED_EDGE('',*,*,#508,.F.);
#703=ORIENTED_EDGE('',*,*,#506,.F.);
#704=ORIENTED_EDGE('',*,*,#509,.T.);
#705=ORIENTED_EDGE('',*,*,#510,.F.);
#706=ORIENTED_EDGE('',*,*,#511,.T.);
#707=ORIENTED_EDGE('',*,*,#509,.F.);
#708=ORIENTED_EDGE('',*,*,#512,.T.);
#709=ORIENTED_EDGE('',*,*,#513,.T.);
#710=ORIENTED_EDGE('',*,*,#514,.F.);
#711=ORIENTED_EDGE('',*,*,#515,.F.);
#712=ORIENTED_EDGE('',*,*,#516,.T.);
#713=ORIENTED_EDGE('',*,*,#517,.T.);
#714=ORIENTED_EDGE('',*,*,#518,.F.);
#715=ORIENTED_EDGE('',*,*,#516,.F.);
#716=ORIENTED_EDGE('',*,*,#519,.T.);
#717=ORIENTED_EDGE('',*,*,#520,.F.);
#718=ORIENTED_EDGE('',*,*,#521,.T.);
#719=ORIENTED_EDGE('',*,*,#519,.F.);
#720=ORIENTED_EDGE('',*,*,#522,.T.);
#721=ORIENTED_EDGE('',*,*,#523,.T.);
#722=ORIENTED_EDGE('',*,*,#524,.F.);
#723=ORIENTED_EDGE('',*,*,#522,.F.);
#724=ORIENTED_EDGE('',*,*,#525,.T.);
#725=ORIENTED_EDGE('',*,*,#526,.F.);
#726=ORIENTED_EDGE('',*,*,#527,.T.);
#727=ORIENTED_EDGE('',*,*,#525,.F.);
#728=ORIENTED_EDGE('',*,*,#528,.T.);
#729=ORIENTED_EDGE('',*,*,#529,.T.);
#730=ORIENTED_EDGE('',*,*,#530,.F.);
#731=ORIENTED_EDGE('',*,*,#531,.F.);
#732=ORIENTED_EDGE('',*,*,#532,.T.);
#733=ORIENTED_EDGE('',*,*,#533,.T.);
#734=ORIENTED_EDGE('',*,*,#534,.F.);
#735=ORIENTED_EDGE('',*,*,#532,.F.);
#736=ORIENTED_EDGE('',*,*,#535,.T.);
#737=ORIENTED_EDGE('',*,*,#536,.F.);
#738=ORIENTED_EDGE('',*,*,#537,.T.);
#739=ORIENTED_EDGE('',*,*,#538,.T.);
#740=ORIENTED_EDGE('',*,*,#535,.F.);
#741=ORIENTED_EDGE('',*,*,#539,.T.);
#742=ORIENTED_EDGE('',*,*,#540,.T.);
#743=ORIENTED_EDGE('',*,*,#541,.F.);
#744=ORIENTED_EDGE('',*,*,#539,.F.);
#745=ORIENTED_EDGE('',*,*,#542,.T.);
#746=ORIENTED_EDGE('',*,*,#543,.F.);
#747=ORIENTED_EDGE('',*,*,#544,.T.);
#748=ORIENTED_EDGE('',*,*,#545,.T.);
#749=ORIENTED_EDGE('',*,*,#542,.F.);
#750=ORIENTED_EDGE('',*,*,#546,.T.);
#751=ORIENTED_EDGE('',*,*,#547,.T.);
#752=ORIENTED_EDGE('',*,*,#548,.F.);
#753=ORIENTED_EDGE('',*,*,#549,.F.);
#754=ORIENTED_EDGE('',*,*,#550,.T.);
#755=ORIENTED_EDGE('',*,*,#551,.T.);
#756=ORIENTED_EDGE('',*,*,#552,.F.);
#757=ORIENTED_EDGE('',*,*,#550,.F.);
#758=ORIENTED_EDGE('',*,*,#553,.T.);
#759=ORIENTED_EDGE('',*,*,#554,.F.);
#760=ORIENTED_EDGE('',*,*,#555,.T.);
#761=ORIENTED_EDGE('',*,*,#553,.F.);
#762=ORIENTED_EDGE('',*,*,#556,.T.);
#763=ORIENTED_EDGE('',*,*,#557,.T.);
#764=ORIENTED_EDGE('',*,*,#558,.F.);
#765=ORIENTED_EDGE('',*,*,#556,.F.);
#766=ORIENTED_EDGE('',*,*,#559,.T.);
#767=ORIENTED_EDGE('',*,*,#560,.F.);
#768=ORIENTED_EDGE('',*,*,#561,.T.);
#769=ORIENTED_EDGE('',*,*,#559,.F.);
#770=ORIENTED_EDGE('',*,*,#562,.T.);
#771=ORIENTED_EDGE('',*,*,#563,.T.);
#772=ORIENTED_EDGE('',*,*,#564,.F.);
#773=ORIENTED_EDGE('',*,*,#565,.F.);
#774=ORIENTED_EDGE('',*,*,#566,.T.);
#775=ORIENTED_EDGE('',*,*,#567,.T.);
#776=ORIENTED_EDGE('',*,*,#568,.F.);
#777=ORIENTED_EDGE('',*,*,#566,.F.);
#778=ORIENTED_EDGE('',*,*,#569,.T.);
#779=ORIENTED_EDGE('',*,*,#570,.F.);
#780=ORIENTED_EDGE('',*,*,#571,.T.);
#781=ORIENTED_EDGE('',*,*,#569,.F.);
#782=ORIENTED_EDGE('',*,*,#572,.T.);
#783=ORIENTED_EDGE('',*,*,#573,.T.);
#784=ORIENTED_EDGE('',*,*,#574,.F.);
#785=ORIENTED_EDGE('',*,*,#572,.F.);
#786=ORIENTED_EDGE('',*,*,#575,.T.);
#787=ORIENTED_EDGE('',*,*,#576,.F.);
#788=ORIENTED_EDGE('',*,*,#577,.T.);
#789=ORIENTED_EDGE('',*,*,#575,.F.);
#790=ORIENTED_EDGE('',*,*,#578,.T.);
#791=ORIENTED_EDGE('',*,*,#579,.T.);
#792=ORIENTED_EDGE('',*,*,#580,.F.);
#793=ORIENTED_EDGE('',*,*,#581,.F.);
#794=ORIENTED_EDGE('',*,*,#582,.T.);
#795=ORIENTED_EDGE('',*,*,#583,.T.);
#796=ORIENTED_EDGE('',*,*,#584,.F.);
#797=ORIENTED_EDGE('',*,*,#582,.F.);
#798=ORIENTED_EDGE('',*,*,#585,.T.);
#799=ORIENTED_EDGE('',*,*,#586,.F.);
#800=ORIENTED_EDGE('',*,*,#587,.T.);
#801=ORIENTED_EDGE('',*,*,#585,.F.);
#802=ORIENTED_EDGE('',*,*,#588,.T.);
#803=ORIENTED_EDGE('',*,*,#589,.T.);
#804=ORIENTED_EDGE('',*,*,#590,.F.);
#805=ORIENTED_EDGE('',*,*,#588,.F.);
#806=ORIENTED_EDGE('',*,*,#591,.T.);
#807=ORIENTED_EDGE('',*,*,#592,.F.);
#808=ORIENTED_EDGE('',*,*,#593,.T.);
#809=ORIENTED_EDGE('',*,*,#591,.F.);
#810=ORIENTED_EDGE('',*,*,#594,.T.);
#811=ORIENTED_EDGE('',*,*,#595,.T.);
#812=ORIENTED_EDGE('',*,*,#596,.F.);
#813=ORIENTED_EDGE('',*,*,#597,.F.);
#814=ORIENTED_EDGE('',*,*,#598,.T.);
#815=ORIENTED_EDGE('',*,*,#599,.T.);
#816=ORIENTED_EDGE('',*,*,#600,.F.);
#817=ORIENTED_EDGE('',*,*,#598,.F.);
#818=ORIENTED_EDGE('',*,*,#601,.T.);
#819=ORIENTED_EDGE('',*,*,#602,.F.);
#820=ORIENTED_EDGE('',*,*,#603,.T.);
#821=ORIENTED_EDGE('',*,*,#601,.F.);
#822=ORIENTED_EDGE('',*,*,#604,.T.);
#823=ORIENTED_EDGE('',*,*,#605,.T.);
#824=ORIENTED_EDGE('',*,*,#606,.F.);
#825=ORIENTED_EDGE('',*,*,#604,.F.);
#826=ORIENTED_EDGE('',*,*,#607,.T.);
#827=ORIENTED_EDGE('',*,*,#608,.F.);
#828=ORIENTED_EDGE('',*,*,#609,.T.);
#829=ORIENTED_EDGE('',*,*,#607,.F.);
#830=ORIENTED_EDGE('',*,*,#610,.T.);
#831=ORIENTED_EDGE('',*,*,#611,.T.);
#832=ORIENTED_EDGE('',*,*,#612,.F.);
#833=ORIENTED_EDGE('',*,*,#613,.F.);
#834=ORIENTED_EDGE('',*,*,#614,.T.);
#835=ORIENTED_EDGE('',*,*,#615,.T.);
#836=ORIENTED_EDGE('',*,*,#616,.F.);
#837=ORIENTED_EDGE('',*,*,#614,.F.);
#838=ORIENTED_EDGE('',*,*,#617,.T.);
#839=ORIENTED_EDGE('',*,*,#618,.F.);
#840=ORIENTED_EDGE('',*,*,#619,.T.);
#841=ORIENTED_EDGE('',*,*,#620,.T.);
#842=ORIENTED_EDGE('',*,*,#617,.F.);
#843=ORIENTED_EDGE('',*,*,#621,.T.);
#844=ORIENTED_EDGE('',*,*,#622,.T.);
#845=ORIENTED_EDGE('',*,*,#623,.F.);
#846=ORIENTED_EDGE('',*,*,#621,.F.);
#847=ORIENTED_EDGE('',*,*,#624,.T.);
#848=ORIENTED_EDGE('',*,*,#625,.F.);
#849=ORIENTED_EDGE('',*,*,#626,.T.);
#850=ORIENTED_EDGE('',*,*,#627,.T.);
#851=ORIENTED_EDGE('',*,*,#624,.F.);
#852=ORIENTED_EDGE('',*,*,#628,.T.);
#853=ORIENTED_EDGE('',*,*,#629,.T.);
#854=ORIENTED_EDGE('',*,*,#630,.F.);
#855=ORIENTED_EDGE('',*,*,#613,.T.);
#856=ORIENTED_EDGE('',*,*,#631,.F.);
#857=ORIENTED_EDGE('',*,*,#632,.T.);
#858=ORIENTED_EDGE('',*,*,#633,.T.);
#859=ORIENTED_EDGE('',*,*,#628,.F.);
#860=ORIENTED_EDGE('',*,*,#597,.T.);
#861=ORIENTED_EDGE('',*,*,#634,.F.);
#862=ORIENTED_EDGE('',*,*,#635,.T.);
#863=ORIENTED_EDGE('',*,*,#610,.F.);
#864=ORIENTED_EDGE('',*,*,#581,.T.);
#865=ORIENTED_EDGE('',*,*,#636,.F.);
#866=ORIENTED_EDGE('',*,*,#637,.T.);
#867=ORIENTED_EDGE('',*,*,#594,.F.);
#868=ORIENTED_EDGE('',*,*,#602,.T.);
#869=ORIENTED_EDGE('',*,*,#606,.T.);
#870=ORIENTED_EDGE('',*,*,#638,.T.);
#871=ORIENTED_EDGE('',*,*,#592,.T.);
#872=ORIENTED_EDGE('',*,*,#596,.T.);
#873=ORIENTED_EDGE('',*,*,#639,.T.);
#874=ORIENTED_EDGE('',*,*,#565,.T.);
#875=ORIENTED_EDGE('',*,*,#640,.F.);
#876=ORIENTED_EDGE('',*,*,#641,.T.);
#877=ORIENTED_EDGE('',*,*,#578,.F.);
#878=ORIENTED_EDGE('',*,*,#586,.T.);
#879=ORIENTED_EDGE('',*,*,#590,.T.);
#880=ORIENTED_EDGE('',*,*,#642,.T.);
#881=ORIENTED_EDGE('',*,*,#643,.T.);
#882=ORIENTED_EDGE('',*,*,#570,.T.);
#883=ORIENTED_EDGE('',*,*,#574,.T.);
#884=ORIENTED_EDGE('',*,*,#644,.T.);
#885=ORIENTED_EDGE('',*,*,#640,.T.);
#886=ORIENTED_EDGE('',*,*,#568,.T.);
#887=ORIENTED_EDGE('',*,*,#645,.T.);
#888=ORIENTED_EDGE('',*,*,#608,.T.);
#889=ORIENTED_EDGE('',*,*,#612,.T.);
#890=ORIENTED_EDGE('',*,*,#646,.T.);
#891=ORIENTED_EDGE('',*,*,#625,.T.);
#892=ORIENTED_EDGE('',*,*,#630,.T.);
#893=ORIENTED_EDGE('',*,*,#647,.T.);
#894=ORIENTED_EDGE('',*,*,#576,.T.);
#895=ORIENTED_EDGE('',*,*,#580,.T.);
#896=ORIENTED_EDGE('',*,*,#648,.T.);
#897=ORIENTED_EDGE('',*,*,#636,.T.);
#898=ORIENTED_EDGE('',*,*,#584,.T.);
#899=ORIENTED_EDGE('',*,*,#649,.T.);
#900=ORIENTED_EDGE('',*,*,#631,.T.);
#901=ORIENTED_EDGE('',*,*,#616,.T.);
#902=ORIENTED_EDGE('',*,*,#650,.T.);
#903=ORIENTED_EDGE('',*,*,#634,.T.);
#904=ORIENTED_EDGE('',*,*,#600,.T.);
#905=ORIENTED_EDGE('',*,*,#651,.T.);
#906=ORIENTED_EDGE('',*,*,#618,.T.);
#907=ORIENTED_EDGE('',*,*,#623,.T.);
#908=ORIENTED_EDGE('',*,*,#652,.T.);
#909=ORIENTED_EDGE('',*,*,#653,.F.);
#910=ORIENTED_EDGE('',*,*,#654,.T.);
#911=ORIENTED_EDGE('',*,*,#619,.F.);
#912=ORIENTED_EDGE('',*,*,#651,.F.);
#913=ORIENTED_EDGE('',*,*,#599,.F.);
#914=ORIENTED_EDGE('',*,*,#603,.F.);
#915=ORIENTED_EDGE('',*,*,#639,.F.);
#916=ORIENTED_EDGE('',*,*,#595,.F.);
#917=ORIENTED_EDGE('',*,*,#637,.F.);
#918=ORIENTED_EDGE('',*,*,#650,.F.);
#919=ORIENTED_EDGE('',*,*,#615,.F.);
#920=ORIENTED_EDGE('',*,*,#620,.F.);
#921=ORIENTED_EDGE('',*,*,#654,.F.);
#922=ORIENTED_EDGE('',*,*,#655,.F.);
#923=ORIENTED_EDGE('',*,*,#656,.T.);
#924=ORIENTED_EDGE('',*,*,#642,.F.);
#925=ORIENTED_EDGE('',*,*,#589,.F.);
#926=ORIENTED_EDGE('',*,*,#593,.F.);
#927=ORIENTED_EDGE('',*,*,#638,.F.);
#928=ORIENTED_EDGE('',*,*,#605,.F.);
#929=ORIENTED_EDGE('',*,*,#609,.F.);
#930=ORIENTED_EDGE('',*,*,#645,.F.);
#931=ORIENTED_EDGE('',*,*,#567,.F.);
#932=ORIENTED_EDGE('',*,*,#571,.F.);
#933=ORIENTED_EDGE('',*,*,#643,.F.);
#934=ORIENTED_EDGE('',*,*,#656,.F.);
#935=ORIENTED_EDGE('',*,*,#657,.F.);
#936=ORIENTED_EDGE('',*,*,#658,.T.);
#937=ORIENTED_EDGE('',*,*,#626,.F.);
#938=ORIENTED_EDGE('',*,*,#648,.F.);
#939=ORIENTED_EDGE('',*,*,#579,.F.);
#940=ORIENTED_EDGE('',*,*,#641,.F.);
#941=ORIENTED_EDGE('',*,*,#646,.F.);
#942=ORIENTED_EDGE('',*,*,#611,.F.);
#943=ORIENTED_EDGE('',*,*,#635,.F.);
#944=ORIENTED_EDGE('',*,*,#652,.F.);
#945=ORIENTED_EDGE('',*,*,#622,.F.);
#946=ORIENTED_EDGE('',*,*,#627,.F.);
#947=ORIENTED_EDGE('',*,*,#658,.F.);
#948=ORIENTED_EDGE('',*,*,#659,.F.);
#949=ORIENTED_EDGE('',*,*,#660,.T.);
#950=ORIENTED_EDGE('',*,*,#632,.F.);
#951=ORIENTED_EDGE('',*,*,#649,.F.);
#952=ORIENTED_EDGE('',*,*,#583,.F.);
#953=ORIENTED_EDGE('',*,*,#587,.F.);
#954=ORIENTED_EDGE('',*,*,#644,.F.);
#955=ORIENTED_EDGE('',*,*,#573,.F.);
#956=ORIENTED_EDGE('',*,*,#577,.F.);
#957=ORIENTED_EDGE('',*,*,#647,.F.);
#958=ORIENTED_EDGE('',*,*,#629,.F.);
#959=ORIENTED_EDGE('',*,*,#633,.F.);
#960=ORIENTED_EDGE('',*,*,#660,.F.);
#961=ORIENTED_EDGE('',*,*,#549,.T.);
#962=ORIENTED_EDGE('',*,*,#661,.F.);
#963=ORIENTED_EDGE('',*,*,#662,.T.);
#964=ORIENTED_EDGE('',*,*,#562,.F.);
#965=ORIENTED_EDGE('',*,*,#531,.T.);
#966=ORIENTED_EDGE('',*,*,#663,.F.);
#967=ORIENTED_EDGE('',*,*,#664,.T.);
#968=ORIENTED_EDGE('',*,*,#665,.T.);
#969=ORIENTED_EDGE('',*,*,#546,.F.);
#970=ORIENTED_EDGE('',*,*,#515,.T.);
#971=ORIENTED_EDGE('',*,*,#666,.F.);
#972=ORIENTED_EDGE('',*,*,#667,.T.);
#973=ORIENTED_EDGE('',*,*,#528,.F.);
#974=ORIENTED_EDGE('',*,*,#554,.T.);
#975=ORIENTED_EDGE('',*,*,#558,.T.);
#976=ORIENTED_EDGE('',*,*,#668,.T.);
#977=ORIENTED_EDGE('',*,*,#520,.T.);
#978=ORIENTED_EDGE('',*,*,#524,.T.);
#979=ORIENTED_EDGE('',*,*,#669,.T.);
#980=ORIENTED_EDGE('',*,*,#499,.T.);
#981=ORIENTED_EDGE('',*,*,#670,.F.);
#982=ORIENTED_EDGE('',*,*,#671,.T.);
#983=ORIENTED_EDGE('',*,*,#512,.F.);
#984=ORIENTED_EDGE('',*,*,#666,.T.);
#985=ORIENTED_EDGE('',*,*,#518,.T.);
#986=ORIENTED_EDGE('',*,*,#672,.T.);
#987=ORIENTED_EDGE('',*,*,#670,.T.);
#988=ORIENTED_EDGE('',*,*,#502,.T.);
#989=ORIENTED_EDGE('',*,*,#673,.T.);
#990=ORIENTED_EDGE('',*,*,#510,.T.);
#991=ORIENTED_EDGE('',*,*,#514,.T.);
#992=ORIENTED_EDGE('',*,*,#674,.T.);
#993=ORIENTED_EDGE('',*,*,#675,.T.);
#994=ORIENTED_EDGE('',*,*,#560,.T.);
#995=ORIENTED_EDGE('',*,*,#564,.T.);
#996=ORIENTED_EDGE('',*,*,#676,.T.);
#997=ORIENTED_EDGE('',*,*,#504,.T.);
#998=ORIENTED_EDGE('',*,*,#508,.T.);
#999=ORIENTED_EDGE('',*,*,#677,.T.);
#1000=ORIENTED_EDGE('',*,*,#663,.T.);
#1001=ORIENTED_EDGE('',*,*,#534,.T.);
#1002=ORIENTED_EDGE('',*,*,#678,.T.);
#1003=ORIENTED_EDGE('',*,*,#536,.T.);
#1004=ORIENTED_EDGE('',*,*,#541,.T.);
#1005=ORIENTED_EDGE('',*,*,#679,.T.);
#1006=ORIENTED_EDGE('',*,*,#526,.T.);
#1007=ORIENTED_EDGE('',*,*,#530,.T.);
#1008=ORIENTED_EDGE('',*,*,#680,.T.);
#1009=ORIENTED_EDGE('',*,*,#543,.T.);
#1010=ORIENTED_EDGE('',*,*,#548,.T.);
#1011=ORIENTED_EDGE('',*,*,#681,.T.);
#1012=ORIENTED_EDGE('',*,*,#661,.T.);
#1013=ORIENTED_EDGE('',*,*,#552,.T.);
#1014=ORIENTED_EDGE('',*,*,#682,.T.);
#1015=ORIENTED_EDGE('',*,*,#683,.F.);
#1016=ORIENTED_EDGE('',*,*,#684,.T.);
#1017=ORIENTED_EDGE('',*,*,#544,.F.);
#1018=ORIENTED_EDGE('',*,*,#682,.F.);
#1019=ORIENTED_EDGE('',*,*,#551,.F.);
#1020=ORIENTED_EDGE('',*,*,#555,.F.);
#1021=ORIENTED_EDGE('',*,*,#669,.F.);
#1022=ORIENTED_EDGE('',*,*,#523,.F.);
#1023=ORIENTED_EDGE('',*,*,#527,.F.);
#1024=ORIENTED_EDGE('',*,*,#679,.F.);
#1025=ORIENTED_EDGE('',*,*,#540,.F.);
#1026=ORIENTED_EDGE('',*,*,#545,.F.);
#1027=ORIENTED_EDGE('',*,*,#684,.F.);
#1028=ORIENTED_EDGE('',*,*,#685,.F.);
#1029=ORIENTED_EDGE('',*,*,#686,.T.);
#1030=ORIENTED_EDGE('',*,*,#537,.F.);
#1031=ORIENTED_EDGE('',*,*,#680,.F.);
#1032=ORIENTED_EDGE('',*,*,#529,.F.);
#1033=ORIENTED_EDGE('',*,*,#667,.F.);
#1034=ORIENTED_EDGE('',*,*,#673,.F.);
#1035=ORIENTED_EDGE('',*,*,#501,.F.);
#1036=ORIENTED_EDGE('',*,*,#505,.F.);
#1037=ORIENTED_EDGE('',*,*,#678,.F.);
#1038=ORIENTED_EDGE('',*,*,#533,.F.);
#1039=ORIENTED_EDGE('',*,*,#538,.F.);
#1040=ORIENTED_EDGE('',*,*,#686,.F.);
#1041=ORIENTED_EDGE('',*,*,#687,.F.);
#1042=ORIENTED_EDGE('',*,*,#688,.T.);
#1043=ORIENTED_EDGE('',*,*,#674,.F.);
#1044=ORIENTED_EDGE('',*,*,#513,.F.);
#1045=ORIENTED_EDGE('',*,*,#671,.F.);
#1046=ORIENTED_EDGE('',*,*,#672,.F.);
#1047=ORIENTED_EDGE('',*,*,#517,.F.);
#1048=ORIENTED_EDGE('',*,*,#521,.F.);
#1049=ORIENTED_EDGE('',*,*,#668,.F.);
#1050=ORIENTED_EDGE('',*,*,#557,.F.);
#1051=ORIENTED_EDGE('',*,*,#561,.F.);
#1052=ORIENTED_EDGE('',*,*,#675,.F.);
#1053=ORIENTED_EDGE('',*,*,#688,.F.);
#1054=ORIENTED_EDGE('',*,*,#689,.F.);
#1055=ORIENTED_EDGE('',*,*,#690,.T.);
#1056=ORIENTED_EDGE('',*,*,#664,.F.);
#1057=ORIENTED_EDGE('',*,*,#677,.F.);
#1058=ORIENTED_EDGE('',*,*,#507,.F.);
#1059=ORIENTED_EDGE('',*,*,#511,.F.);
#1060=ORIENTED_EDGE('',*,*,#676,.F.);
#1061=ORIENTED_EDGE('',*,*,#563,.F.);
#1062=ORIENTED_EDGE('',*,*,#662,.F.);
#1063=ORIENTED_EDGE('',*,*,#681,.F.);
#1064=ORIENTED_EDGE('',*,*,#547,.F.);
#1065=ORIENTED_EDGE('',*,*,#665,.F.);
#1066=ORIENTED_EDGE('',*,*,#690,.F.);
#1067=ORIENTED_EDGE('',*,*,#685,.T.);
#1068=ORIENTED_EDGE('',*,*,#657,.T.);
#1069=ORIENTED_EDGE('',*,*,#683,.T.);
#1070=ORIENTED_EDGE('',*,*,#653,.T.);
#1071=ORIENTED_EDGE('',*,*,#689,.T.);
#1072=ORIENTED_EDGE('',*,*,#659,.T.);
#1073=ORIENTED_EDGE('',*,*,#687,.T.);
#1074=ORIENTED_EDGE('',*,*,#655,.T.);
#1075=B_SPLINE_SURFACE_WITH_KNOTS('',3,3,((#1514,#1515,#1516,#1517,#1518,
#1519,#1520,#1521,#1522,#1523,#1524,#1525,#1526,#1527,#1528,#1529),(#1530,
#1531,#1532,#1533,#1534,#1535,#1536,#1537,#1538,#1539,#1540,#1541,#1542,
#1543,#1544,#1545),(#1546,#1547,#1548,#1549,#1550,#1551,#1552,#1553,#1554,
#1555,#1556,#1557,#1558,#1559,#1560,#1561),(#1562,#1563,#1564,#1565,#1566,
#1567,#1568,#1569,#1570,#1571,#1572,#1573,#1574,#1575,#1576,#1577),(#1578,
#1579,#1580,#1581,#1582,#1583,#1584,#1585,#1586,#1587,#1588,#1589,#1590,
#1591,#1592,#1593),(#1594,#1595,#1596,#1597,#1598,#1599,#1600,#1601,#1602,
#1603,#1604,#1605,#1606,#1607,#1608,#1609),(#1610,#1611,#1612,#1613,#1614,
#1615,#1616,#1617,#1618,#1619,#1620,#1621,#1622,#1623,#1624,#1625)),
 .UNSPECIFIED.,.F.,.F.,.F.,(4,1,1,1,4),(4,1,1,1,1,1,1,1,1,1,1,1,1,4),(0.,
0.25,0.5,0.75,1.),(0.,0.0769230769230769,0.153846153846154,0.230769230769231,
0.307692307692308,0.384615384615385,0.461538461538462,0.538461538461538,
0.615384615384615,0.692307692307692,0.769230769230769,0.846153846153846,
0.923076923076923,1.),.UNSPECIFIED.);
#1076=B_SPLINE_SURFACE_WITH_KNOTS('',3,3,((#1745,#1746,#1747,#1748,#1749,
#1750,#1751),(#1752,#1753,#1754,#1755,#1756,#1757,#1758),(#1759,#1760,#1761,
#1762,#1763,#1764,#1765),(#1766,#1767,#1768,#1769,#1770,#1771,#1772),(#1773,
#1774,#1775,#1776,#1777,#1778,#1779),(#1780,#1781,#1782,#1783,#1784,#1785,
#1786),(#1787,#1788,#1789,#1790,#1791,#1792,#1793),(#1794,#1795,#1796,#1797,
#1798,#1799,#1800),(#1801,#1802,#1803,#1804,#1805,#1806,#1807),(#1808,#1809,
#1810,#1811,#1812,#1813,#1814),(#1815,#1816,#1817,#1818,#1819,#1820,#1821),
(#1822,#1823,#1824,#1825,#1826,#1827,#1828),(#1829,#1830,#1831,#1832,#1833,
#1834,#1835),(#1836,#1837,#1838,#1839,#1840,#1841,#1842),(#1843,#1844,#1845,
#1846,#1847,#1848,#1849),(#1850,#1851,#1852,#1853,#1854,#1855,#1856)),
 .UNSPECIFIED.,.F.,.F.,.F.,(4,1,1,1,1,1,1,1,1,1,1,1,1,4),(4,1,1,1,4),(0.,
0.0769230769230769,0.153846153846154,0.230769230769231,0.307692307692308,
0.384615384615385,0.461538461538462,0.538461538461538,0.615384615384615,
0.692307692307692,0.769230769230769,0.846153846153846,0.923076923076923,
1.),(0.,0.25,0.5,0.75,1.),.UNSPECIFIED.);
#1077=B_SPLINE_SURFACE_WITH_KNOTS('',3,3,((#1964,#1965,#1966,#1967,#1968,
#1969,#1970,#1971,#1972,#1973,#1974,#1975,#1976,#1977,#1978,#1979),(#1980,
#1981,#1982,#1983,#1984,#1985,#1986,#1987,#1988,#1989,#1990,#1991,#1992,
#1993,#1994,#1995),(#1996,#1997,#1998,#1999,#2000,#2001,#2002,#2003,#2004,
#2005,#2006,#2007,#2008,#2009,#2010,#2011),(#2012,#2013,#2014,#2015,#2016,
#2017,#2018,#2019,#2020,#2021,#2022,#2023,#2024,#2025,#2026,#2027),(#2028,
#2029,#2030,#2031,#2032,#2033,#2034,#2035,#2036,#2037,#2038,#2039,#2040,
#2041,#2042,#2043),(#2044,#2045,#2046,#2047,#2048,#2049,#2050,#2051,#2052,
#2053,#2054,#2055,#2056,#2057,#2058,#2059),(#2060,#2061,#2062,#2063,#2064,
#2065,#2066,#2067,#2068,#2069,#2070,#2071,#2072,#2073,#2074,#2075)),
 .UNSPECIFIED.,.F.,.F.,.F.,(4,1,1,1,4),(4,1,1,1,1,1,1,1,1,1,1,1,1,4),(0.,
0.25,0.5,0.75,1.),(0.,0.0769230769230769,0.153846153846154,0.230769230769231,
0.307692307692308,0.384615384615385,0.461538461538462,0.538461538461538,
0.615384615384615,0.692307692307692,0.769230769230769,0.846153846153846,
0.923076923076923,1.),.UNSPECIFIED.);
#1078=B_SPLINE_SURFACE_WITH_KNOTS('',3,3,((#2177,#2178,#2179,#2180,#2181,
#2182,#2183),(#2184,#2185,#2186,#2187,#2188,#2189,#2190),(#2191,#2192,#2193,
#2194,#2195,#2196,#2197),(#2198,#2199,#2200,#2201,#2202,#2203,#2204),(#2205,
#2206,#2207,#2208,#2209,#2210,#2211),(#2212,#2213,#2214,#2215,#2216,#2217,
#2218),(#2219,#2220,#2221,#2222,#2223,#2224,#2225),(#2226,#2227,#2228,#2229,
#2230,#2231,#2232),(#2233,#2234,#2235,#2236,#2237,#2238,#2239),(#2240,#2241,
#2242,#2243,#2244,#2245,#2246),(#2247,#2248,#2249,#2250,#2251,#2252,#2253),
(#2254,#2255,#2256,#2257,#2258,#2259,#2260),(#2261,#2262,#2263,#2264,#2265,
#2266,#2267),(#2268,#2269,#2270,#2271,#2272,#2273,#2274),(#2275,#2276,#2277,
#2278,#2279,#2280,#2281),(#2282,#2283,#2284,#2285,#2286,#2287,#2288)),
 .UNSPECIFIED.,.F.,.F.,.F.,(4,1,1,1,1,1,1,1,1,1,1,1,1,4),(4,1,1,1,4),(0.,
0.0769230769230769,0.153846153846154,0.230769230769231,0.307692307692308,
0.384615384615385,0.461538461538462,0.538461538461538,0.615384615384615,
0.692307692307692,0.769230769230769,0.846153846153846,0.923076923076923,
1.),(0.,0.25,0.5,0.75,1.),.UNSPECIFIED.);
#1079=B_SPLINE_SURFACE_WITH_KNOTS('',3,3,((#2396,#2397,#2398,#2399,#2400,
#2401,#2402,#2403,#2404,#2405,#2406,#2407,#2408,#2409,#2410,#2411),(#2412,
#2413,#2414,#2415,#2416,#2417,#2418,#2419,#2420,#2421,#2422,#2423,#2424,
#2425,#2426,#2427),(#2428,#2429,#2430,#2431,#2432,#2433,#2434,#2435,#2436,
#2437,#2438,#2439,#2440,#2441,#2442,#2443),(#2444,#2445,#2446,#2447,#2448,
#2449,#2450,#2451,#2452,#2453,#2454,#2455,#2456,#2457,#2458,#2459),(#2460,
#2461,#2462,#2463,#2464,#2465,#2466,#2467,#2468,#2469,#2470,#2471,#2472,
#2473,#2474,#2475),(#2476,#2477,#2478,#2479,#2480,#2481,#2482,#2483,#2484,
#2485,#2486,#2487,#2488,#2489,#2490,#2491),(#2492,#2493,#2494,#2495,#2496,
#2497,#2498,#2499,#2500,#2501,#2502,#2503,#2504,#2505,#2506,#2507)),
 .UNSPECIFIED.,.F.,.F.,.F.,(4,1,1,1,4),(4,1,1,1,1,1,1,1,1,1,1,1,1,4),(0.,
0.25,0.5,0.75,1.),(0.,0.0769230769230769,0.153846153846154,0.230769230769231,
0.307692307692308,0.384615384615385,0.461538461538462,0.538461538461538,
0.615384615384615,0.692307692307692,0.769230769230769,0.846153846153846,
0.923076923076923,1.),.UNSPECIFIED.);
#1080=B_SPLINE_SURFACE_WITH_KNOTS('',3,3,((#2609,#2610,#2611,#2612,#2613,
#2614,#2615,#2616,#2617,#2618,#2619,#2620,#2621,#2622,#2623,#2624),(#2625,
#2626,#2627,#2628,#2629,#2630,#2631,#2632,#2633,#2634,#2635,#2636,#2637,
#2638,#2639,#2640),(#2641,#2642,#2643,#2644,#2645,#2646,#2647,#2648,#2649,
#2650,#2651,#2652,#2653,#2654,#2655,#2656),(#2657,#2658,#2659,#2660,#2661,
#2662,#2663,#2664,#2665,#2666,#2667,#2668,#2669,#2670,#2671,#2672),(#2673,
#2674,#2675,#2676,#2677,#2678,#2679,#2680,#2681,#2682,#2683,#2684,#2685,
#2686,#2687,#2688),(#2689,#2690,#2691,#2692,#2693,#2694,#2695,#2696,#2697,
#2698,#2699,#2700,#2701,#2702,#2703,#2704),(#2705,#2706,#2707,#2708,#2709,
#2710,#2711,#2712,#2713,#2714,#2715,#2716,#2717,#2718,#2719,#2720)),
 .UNSPECIFIED.,.F.,.F.,.F.,(4,1,1,1,4),(4,1,1,1,1,1,1,1,1,1,1,1,1,4),(0.,
0.25,0.5,0.75,1.),(0.,0.0769230769230769,0.153846153846154,0.230769230769231,
0.307692307692308,0.384615384615385,0.461538461538462,0.538461538461538,
0.615384615384615,0.692307692307692,0.769230769230769,0.846153846153846,
0.923076923076923,1.),.UNSPECIFIED.);
#1081=B_SPLINE_SURFACE_WITH_KNOTS('',3,3,((#2840,#2841,#2842,#2843,#2844,
#2845,#2846),(#2847,#2848,#2849,#2850,#2851,#2852,#2853),(#2854,#2855,#2856,
#2857,#2858,#2859,#2860),(#2861,#2862,#2863,#2864,#2865,#2866,#2867),(#2868,
#2869,#2870,#2871,#2872,#2873,#2874),(#2875,#2876,#2877,#2878,#2879,#2880,
#2881),(#2882,#2883,#2884,#2885,#2886,#2887,#2888),(#2889,#2890,#2891,#2892,
#2893,#2894,#2895),(#2896,#2897,#2898,#2899,#2900,#2901,#2902),(#2903,#2904,
#2905,#2906,#2907,#2908,#2909),(#2910,#2911,#2912,#2913,#2914,#2915,#2916),
(#2917,#2918,#2919,#2920,#2921,#2922,#2923),(#2924,#2925,#2926,#2927,#2928,
#2929,#2930),(#2931,#2932,#2933,#2934,#2935,#2936,#2937),(#2938,#2939,#2940,
#2941,#2942,#2943,#2944),(#2945,#2946,#2947,#2948,#2949,#2950,#2951)),
 .UNSPECIFIED.,.F.,.F.,.F.,(4,1,1,1,1,1,1,1,1,1,1,1,1,4),(4,1,1,1,4),(0.,
0.0769230769230769,0.153846153846154,0.230769230769231,0.307692307692308,
0.384615384615385,0.461538461538462,0.538461538461538,0.615384615384615,
0.692307692307692,0.769230769230769,0.846153846153846,0.923076923076923,
1.),(0.,0.25,0.5,0.75,1.),.UNSPECIFIED.);
#1082=B_SPLINE_SURFACE_WITH_KNOTS('',3,3,((#3059,#3060,#3061,#3062,#3063,
#3064,#3065,#3066,#3067,#3068,#3069,#3070,#3071,#3072,#3073,#3074),(#3075,
#3076,#3077,#3078,#3079,#3080,#3081,#3082,#3083,#3084,#3085,#3086,#3087,
#3088,#3089,#3090),(#3091,#3092,#3093,#3094,#3095,#3096,#3097,#3098,#3099,
#3100,#3101,#3102,#3103,#3104,#3105,#3106),(#3107,#3108,#3109,#3110,#3111,
#3112,#3113,#3114,#3115,#3116,#3117,#3118,#3119,#3120,#3121,#3122),(#3123,
#3124,#3125,#3126,#3127,#3128,#3129,#3130,#3131,#3132,#3133,#3134,#3135,
#3136,#3137,#3138),(#3139,#3140,#3141,#3142,#3143,#3144,#3145,#3146,#3147,
#3148,#3149,#3150,#3151,#3152,#3153,#3154),(#3155,#3156,#3157,#3158,#3159,
#3160,#3161,#3162,#3163,#3164,#3165,#3166,#3167,#3168,#3169,#3170)),
 .UNSPECIFIED.,.F.,.F.,.F.,(4,1,1,1,4),(4,1,1,1,1,1,1,1,1,1,1,1,1,4),(0.,
0.25,0.5,0.75,1.),(0.,0.0769230769230769,0.153846153846154,0.230769230769231,
0.307692307692308,0.384615384615385,0.461538461538462,0.538461538461538,
0.615384615384615,0.692307692307692,0.769230769230769,0.846153846153846,
0.923076923076923,1.),.UNSPECIFIED.);
#1083=B_SPLINE_SURFACE_WITH_KNOTS('',3,3,((#3272,#3273,#3274,#3275,#3276,
#3277,#3278),(#3279,#3280,#3281,#3282,#3283,#3284,#3285),(#3286,#3287,#3288,
#3289,#3290,#3291,#3292),(#3293,#3294,#3295,#3296,#3297,#3298,#3299),(#3300,
#3301,#3302,#3303,#3304,#3305,#3306),(#3307,#3308,#3309,#3310,#3311,#3312,
#3313),(#3314,#3315,#3316,#3317,#3318,#3319,#3320),(#3321,#3322,#3323,#3324,
#3325,#3326,#3327),(#3328,#3329,#3330,#3331,#3332,#3333,#3334),(#3335,#3336,
#3337,#3338,#3339,#3340,#3341),(#3342,#3343,#3344,#3345,#3346,#3347,#3348),
(#3349,#3350,#3351,#3352,#3353,#3354,#3355),(#3356,#3357,#3358,#3359,#3360,
#3361,#3362),(#3363,#3364,#3365,#3366,#3367,#3368,#3369),(#3370,#3371,#3372,
#3373,#3374,#3375,#3376),(#3377,#3378,#3379,#3380,#3381,#3382,#3383)),
 .UNSPECIFIED.,.F.,.F.,.F.,(4,1,1,1,1,1,1,1,1,1,1,1,1,4),(4,1,1,1,4),(0.,
0.0769230769230769,0.153846153846154,0.230769230769231,0.307692307692308,
0.384615384615385,0.461538461538462,0.538461538461538,0.615384615384615,
0.692307692307692,0.769230769230769,0.846153846153846,0.923076923076923,
1.),(0.,0.25,0.5,0.75,1.),.UNSPECIFIED.);
#1084=B_SPLINE_SURFACE_WITH_KNOTS('',3,3,((#3491,#3492,#3493,#3494,#3495,
#3496,#3497,#3498,#3499,#3500,#3501,#3502,#3503,#3504,#3505,#3506),(#3507,
#3508,#3509,#3510,#3511,#3512,#3513,#3514,#3515,#3516,#3517,#3518,#3519,
#3520,#3521,#3522),(#3523,#3524,#3525,#3526,#3527,#3528,#3529,#3530,#3531,
#3532,#3533,#3534,#3535,#3536,#3537,#3538),(#3539,#3540,#3541,#3542,#3543,
#3544,#3545,#3546,#3547,#3548,#3549,#3550,#3551,#3552,#3553,#3554),(#3555,
#3556,#3557,#3558,#3559,#3560,#3561,#3562,#3563,#3564,#3565,#3566,#3567,
#3568,#3569,#3570),(#3571,#3572,#3573,#3574,#3575,#3576,#3577,#3578,#3579,
#3580,#3581,#3582,#3583,#3584,#3585,#3586),(#3587,#3588,#3589,#3590,#3591,
#3592,#3593,#3594,#3595,#3596,#3597,#3598,#3599,#3600,#3601,#3602)),
 .UNSPECIFIED.,.F.,.F.,.F.,(4,1,1,1,4),(4,1,1,1,1,1,1,1,1,1,1,1,1,4),(0.,
0.25,0.5,0.75,1.),(0.,0.0769230769230769,0.153846153846154,0.230769230769231,
0.307692307692308,0.384615384615385,0.461538461538462,0.538461538461538,
0.615384615384615,0.692307692307692,0.769230769230769,0.846153846153846,
0.923076923076923,1.),.UNSPECIFIED.);
#1085=B_SPLINE_SURFACE_WITH_KNOTS('',3,3,((#3704,#3705,#3706,#3707,#3708,
#3709,#3710,#3711,#3712,#3713,#3714,#3715,#3716,#3717,#3718,#3719),(#3720,
#3721,#3722,#3723,#3724,#3725,#3726,#3727,#3728,#3729,#3730,#3731,#3732,
#3733,#3734,#3735),(#3736,#3737,#3738,#3739,#3740,#3741,#3742,#3743,#3744,
#3745,#3746,#3747,#3748,#3749,#3750,#3751),(#3752,#3753,#3754,#3755,#3756,
#3757,#3758,#3759,#3760,#3761,#3762,#3763,#3764,#3765,#3766,#3767),(#3768,
#3769,#3770,#3771,#3772,#3773,#3774,#3775,#3776,#3777,#3778,#3779,#3780,
#3781,#3782,#3783),(#3784,#3785,#3786,#3787,#3788,#3789,#3790,#3791,#3792,
#3793,#3794,#3795,#3796,#3797,#3798,#3799),(#3800,#3801,#3802,#3803,#3804,
#3805,#3806,#3807,#3808,#3809,#3810,#3811,#3812,#3813,#3814,#3815)),
 .UNSPECIFIED.,.F.,.F.,.F.,(4,1,1,1,4),(4,1,1,1,1,1,1,1,1,1,1,1,1,4),(0.,
0.25,0.5,0.75,1.),(0.,0.0769230769230769,0.153846153846154,0.230769230769231,
0.307692307692308,0.384615384615385,0.461538461538462,0.538461538461538,
0.615384615384615,0.692307692307692,0.769230769230769,0.846153846153846,
0.923076923076923,1.),.UNSPECIFIED.);
#1086=B_SPLINE_SURFACE_WITH_KNOTS('',3,3,((#3935,#3936,#3937,#3938,#3939,
#3940,#3941),(#3942,#3943,#3944,#3945,#3946,#3947,#3948),(#3949,#3950,#3951,
#3952,#3953,#3954,#3955),(#3956,#3957,#3958,#3959,#3960,#3961,#3962),(#3963,
#3964,#3965,#3966,#3967,#3968,#3969),(#3970,#3971,#3972,#3973,#3974,#3975,
#3976),(#3977,#3978,#3979,#3980,#3981,#3982,#3983),(#3984,#3985,#3986,#3987,
#3988,#3989,#3990),(#3991,#3992,#3993,#3994,#3995,#3996,#3997),(#3998,#3999,
#4000,#4001,#4002,#4003,#4004),(#4005,#4006,#4007,#4008,#4009,#4010,#4011),
(#4012,#4013,#4014,#4015,#4016,#4017,#4018),(#4019,#4020,#4021,#4022,#4023,
#4024,#4025),(#4026,#4027,#4028,#4029,#4030,#4031,#4032),(#4033,#4034,#4035,
#4036,#4037,#4038,#4039),(#4040,#4041,#4042,#4043,#4044,#4045,#4046)),
 .UNSPECIFIED.,.F.,.F.,.F.,(4,1,1,1,1,1,1,1,1,1,1,1,1,4),(4,1,1,1,4),(0.,
0.0769230769230769,0.153846153846154,0.230769230769231,0.307692307692308,
0.384615384615385,0.461538461538462,0.538461538461538,0.615384615384615,
0.692307692307692,0.769230769230769,0.846153846153846,0.923076923076923,
1.),(0.,0.25,0.5,0.75,1.),.UNSPECIFIED.);
#1087=B_SPLINE_SURFACE_WITH_KNOTS('',3,3,((#4159,#4160,#4161,#4162,#4163,
#4164,#4165,#4166,#4167,#4168,#4169,#4170,#4171,#4172,#4173,#4174),(#4175,
#4176,#4177,#4178,#4179,#4180,#4181,#4182,#4183,#4184,#4185,#4186,#4187,
#4188,#4189,#4190),(#4191,#4192,#4193,#4194,#4195,#4196,#4197,#4198,#4199,
#4200,#4201,#4202,#4203,#4204,#4205,#4206),(#4207,#4208,#4209,#4210,#4211,
#4212,#4213,#4214,#4215,#4216,#4217,#4218,#4219,#4220,#4221,#4222),(#4223,
#4224,#4225,#4226,#4227,#4228,#4229,#4230,#4231,#4232,#4233,#4234,#4235,
#4236,#4237,#4238),(#4239,#4240,#4241,#4242,#4243,#4244,#4245,#4246,#4247,
#4248,#4249,#4250,#4251,#4252,#4253,#4254),(#4255,#4256,#4257,#4258,#4259,
#4260,#4261,#4262,#4263,#4264,#4265,#4266,#4267,#4268,#4269,#4270)),
 .UNSPECIFIED.,.F.,.F.,.F.,(4,1,1,1,4),(4,1,1,1,1,1,1,1,1,1,1,1,1,4),(0.,
0.25,0.5,0.75,1.),(0.,0.0769230769230769,0.153846153846154,0.230769230769231,
0.307692307692308,0.384615384615385,0.461538461538462,0.538461538461538,
0.615384615384615,0.692307692307692,0.769230769230769,0.846153846153846,
0.923076923076923,1.),.UNSPECIFIED.);
#1088=B_SPLINE_SURFACE_WITH_KNOTS('',3,3,((#4372,#4373,#4374,#4375,#4376,
#4377,#4378),(#4379,#4380,#4381,#4382,#4383,#4384,#4385),(#4386,#4387,#4388,
#4389,#4390,#4391,#4392),(#4393,#4394,#4395,#4396,#4397,#4398,#4399),(#4400,
#4401,#4402,#4403,#4404,#4405,#4406),(#4407,#4408,#4409,#4410,#4411,#4412,
#4413),(#4414,#4415,#4416,#4417,#4418,#4419,#4420),(#4421,#4422,#4423,#4424,
#4425,#4426,#4427),(#4428,#4429,#4430,#4431,#4432,#4433,#4434),(#4435,#4436,
#4437,#4438,#4439,#4440,#4441),(#4442,#4443,#4444,#4445,#4446,#4447,#4448),
(#4449,#4450,#4451,#4452,#4453,#4454,#4455),(#4456,#4457,#4458,#4459,#4460,
#4461,#4462),(#4463,#4464,#4465,#4466,#4467,#4468,#4469),(#4470,#4471,#4472,
#4473,#4474,#4475,#4476),(#4477,#4478,#4479,#4480,#4481,#4482,#4483)),
 .UNSPECIFIED.,.F.,.F.,.F.,(4,1,1,1,1,1,1,1,1,1,1,1,1,4),(4,1,1,1,4),(0.,
0.0769230769230769,0.153846153846154,0.230769230769231,0.307692307692308,
0.384615384615385,0.461538461538462,0.538461538461538,0.615384615384615,
0.692307692307692,0.769230769230769,0.846153846153846,0.923076923076923,
1.),(0.,0.25,0.5,0.75,1.),.UNSPECIFIED.);
#1089=B_SPLINE_SURFACE_WITH_KNOTS('',3,3,((#4596,#4597,#4598,#4599,#4600,
#4601,#4602,#4603,#4604,#4605,#4606,#4607,#4608,#4609,#4610,#4611),(#4612,
#4613,#4614,#4615,#4616,#4617,#4618,#4619,#4620,#4621,#4622,#4623,#4624,
#4625,#4626,#4627),(#4628,#4629,#4630,#4631,#4632,#4633,#4634,#4635,#4636,
#4637,#4638,#4639,#4640,#4641,#4642,#4643),(#4644,#4645,#4646,#4647,#4648,
#4649,#4650,#4651,#4652,#4653,#4654,#4655,#4656,#4657,#4658,#4659),(#4660,
#4661,#4662,#4663,#4664,#4665,#4666,#4667,#4668,#4669,#4670,#4671,#4672,
#4673,#4674,#4675),(#4676,#4677,#4678,#4679,#4680,#4681,#4682,#4683,#4684,
#4685,#4686,#4687,#4688,#4689,#4690,#4691),(#4692,#4693,#4694,#4695,#4696,
#4697,#4698,#4699,#4700,#4701,#4702,#4703,#4704,#4705,#4706,#4707)),
 .UNSPECIFIED.,.F.,.F.,.F.,(4,1,1,1,4),(4,1,1,1,1,1,1,1,1,1,1,1,1,4),(0.,
0.25,0.5,0.75,1.),(0.,0.0769230769230769,0.153846153846154,0.230769230769231,
0.307692307692308,0.384615384615385,0.461538461538462,0.538461538461538,
0.615384615384615,0.692307692307692,0.769230769230769,0.846153846153846,
0.923076923076923,1.),.UNSPECIFIED.);
#1090=B_SPLINE_SURFACE_WITH_KNOTS('',3,3,((#4809,#4810,#4811,#4812,#4813,
#4814,#4815,#4816,#4817,#4818,#4819,#4820,#4821,#4822,#4823,#4824),(#4825,
#4826,#4827,#4828,#4829,#4830,#4831,#4832,#4833,#4834,#4835,#4836,#4837,
#4838,#4839,#4840),(#4841,#4842,#4843,#4844,#4845,#4846,#4847,#4848,#4849,
#4850,#4851,#4852,#4853,#4854,#4855,#4856),(#4857,#4858,#4859,#4860,#4861,
#4862,#4863,#4864,#4865,#4866,#4867,#4868,#4869,#4870,#4871,#4872),(#4873,
#4874,#4875,#4876,#4877,#4878,#4879,#4880,#4881,#4882,#4883,#4884,#4885,
#4886,#4887,#4888),(#4889,#4890,#4891,#4892,#4893,#4894,#4895,#4896,#4897,
#4898,#4899,#4900,#4901,#4902,#4903,#4904),(#4905,#4906,#4907,#4908,#4909,
#4910,#4911,#4912,#4913,#4914,#4915,#4916,#4917,#4918,#4919,#4920)),
 .UNSPECIFIED.,.F.,.F.,.F.,(4,1,1,1,4),(4,1,1,1,1,1,1,1,1,1,1,1,1,4),(0.,
0.25,0.5,0.75,1.),(0.,0.0769230769230769,0.153846153846154,0.230769230769231,
0.307692307692308,0.384615384615385,0.461538461538462,0.538461538461538,
0.615384615384615,0.692307692307692,0.769230769230769,0.846153846153846,
0.923076923076923,1.),.UNSPECIFIED.);
#1091=B_SPLINE_SURFACE_WITH_KNOTS('',3,3,((#5040,#5041,#5042,#5043,#5044,
#5045,#5046),(#5047,#5048,#5049,#5050,#5051,#5052,#5053),(#5054,#5055,#5056,
#5057,#5058,#5059,#5060),(#5061,#5062,#5063,#5064,#5065,#5066,#5067),(#5068,
#5069,#5070,#5071,#5072,#5073,#5074),(#5075,#5076,#5077,#5078,#5079,#5080,
#5081),(#5082,#5083,#5084,#5085,#5086,#5087,#5088),(#5089,#5090,#5091,#5092,
#5093,#5094,#5095),(#5096,#5097,#5098,#5099,#5100,#5101,#5102),(#5103,#5104,
#5105,#5106,#5107,#5108,#5109),(#5110,#5111,#5112,#5113,#5114,#5115,#5116),
(#5117,#5118,#5119,#5120,#5121,#5122,#5123),(#5124,#5125,#5126,#5127,#5128,
#5129,#5130),(#5131,#5132,#5133,#5134,#5135,#5136,#5137),(#5138,#5139,#5140,
#5141,#5142,#5143,#5144),(#5145,#5146,#5147,#5148,#5149,#5150,#5151)),
 .UNSPECIFIED.,.F.,.F.,.F.,(4,1,1,1,1,1,1,1,1,1,1,1,1,4),(4,1,1,1,4),(0.,
0.0769230769230769,0.153846153846154,0.230769230769231,0.307692307692308,
0.384615384615385,0.461538461538462,0.538461538461538,0.615384615384615,
0.692307692307692,0.769230769230769,0.846153846153846,0.923076923076923,
1.),(0.,0.25,0.5,0.75,1.),.UNSPECIFIED.);
#1092=B_SPLINE_SURFACE_WITH_KNOTS('',3,3,((#5259,#5260,#5261,#5262,#5263,
#5264,#5265,#5266,#5267,#5268,#5269,#5270,#5271,#5272,#5273,#5274),(#5275,
#5276,#5277,#5278,#5279,#5280,#5281,#5282,#5283,#5284,#5285,#5286,#5287,
#5288,#5289,#5290),(#5291,#5292,#5293,#5294,#5295,#5296,#5297,#5298,#5299,
#5300,#5301,#5302,#5303,#5304,#5305,#5306),(#5307,#5308,#5309,#5310,#5311,
#5312,#5313,#5314,#5315,#5316,#5317,#5318,#5319,#5320,#5321,#5322),(#5323,
#5324,#5325,#5326,#5327,#5328,#5329,#5330,#5331,#5332,#5333,#5334,#5335,
#5336,#5337,#5338),(#5339,#5340,#5341,#5342,#5343,#5344,#5345,#5346,#5347,
#5348,#5349,#5350,#5351,#5352,#5353,#5354),(#5355,#5356,#5357,#5358,#5359,
#5360,#5361,#5362,#5363,#5364,#5365,#5366,#5367,#5368,#5369,#5370)),
 .UNSPECIFIED.,.F.,.F.,.F.,(4,1,1,1,4),(4,1,1,1,1,1,1,1,1,1,1,1,1,4),(0.,
0.25,0.5,0.75,1.),(0.,0.0769230769230769,0.153846153846154,0.230769230769231,
0.307692307692308,0.384615384615385,0.461538461538462,0.538461538461538,
0.615384615384615,0.692307692307692,0.769230769230769,0.846153846153846,
0.923076923076923,1.),.UNSPECIFIED.);
#1093=B_SPLINE_SURFACE_WITH_KNOTS('',3,3,((#5472,#5473,#5474,#5475,#5476,
#5477,#5478),(#5479,#5480,#5481,#5482,#5483,#5484,#5485),(#5486,#5487,#5488,
#5489,#5490,#5491,#5492),(#5493,#5494,#5495,#5496,#5497,#5498,#5499),(#5500,
#5501,#5502,#5503,#5504,#5505,#5506),(#5507,#5508,#5509,#5510,#5511,#5512,
#5513),(#5514,#5515,#5516,#5517,#5518,#5519,#5520),(#5521,#5522,#5523,#5524,
#5525,#5526,#5527),(#5528,#5529,#5530,#5531,#5532,#5533,#5534),(#5535,#5536,
#5537,#5538,#5539,#5540,#5541),(#5542,#5543,#5544,#5545,#5546,#5547,#5548),
(#5549,#5550,#5551,#5552,#5553,#5554,#5555),(#5556,#5557,#5558,#5559,#5560,
#5561,#5562),(#5563,#5564,#5565,#5566,#5567,#5568,#5569),(#5570,#5571,#5572,
#5573,#5574,#5575,#5576),(#5577,#5578,#5579,#5580,#5581,#5582,#5583)),
 .UNSPECIFIED.,.F.,.F.,.F.,(4,1,1,1,1,1,1,1,1,1,1,1,1,4),(4,1,1,1,4),(0.,
0.0769230769230769,0.153846153846154,0.230769230769231,0.307692307692308,
0.384615384615385,0.461538461538462,0.538461538461538,0.615384615384615,
0.692307692307692,0.769230769230769,0.846153846153846,0.923076923076923,
1.),(0.,0.25,0.5,0.75,1.),.UNSPECIFIED.);
#1094=B_SPLINE_SURFACE_WITH_KNOTS('',3,3,((#5691,#5692,#5693,#5694,#5695,
#5696,#5697,#5698,#5699,#5700,#5701,#5702,#5703,#5704,#5705,#5706),(#5707,
#5708,#5709,#5710,#5711,#5712,#5713,#5714,#5715,#5716,#5717,#5718,#5719,
#5720,#5721,#5722),(#5723,#5724,#5725,#5726,#5727,#5728,#5729,#5730,#5731,
#5732,#5733,#5734,#5735,#5736,#5737,#5738),(#5739,#5740,#5741,#5742,#5743,
#5744,#5745,#5746,#5747,#5748,#5749,#5750,#5751,#5752,#5753,#5754),(#5755,
#5756,#5757,#5758,#5759,#5760,#5761,#5762,#5763,#5764,#5765,#5766,#5767,
#5768,#5769,#5770),(#5771,#5772,#5773,#5774,#5775,#5776,#5777,#5778,#5779,
#5780,#5781,#5782,#5783,#5784,#5785,#5786),(#5787,#5788,#5789,#5790,#5791,
#5792,#5793,#5794,#5795,#5796,#5797,#5798,#5799,#5800,#5801,#5802)),
 .UNSPECIFIED.,.F.,.F.,.F.,(4,1,1,1,4),(4,1,1,1,1,1,1,1,1,1,1,1,1,4),(0.,
0.25,0.5,0.75,1.),(0.,0.0769230769230769,0.153846153846154,0.230769230769231,
0.307692307692308,0.384615384615385,0.461538461538462,0.538461538461538,
0.615384615384615,0.692307692307692,0.769230769230769,0.846153846153846,
0.923076923076923,1.),.UNSPECIFIED.);
#1095=B_SPLINE_SURFACE_WITH_KNOTS('',3,3,((#5904,#5905,#5906,#5907,#5908,
#5909,#5910,#5911,#5912),(#5913,#5914,#5915,#5916,#5917,#5918,#5919,#5920,
#5921),(#5922,#5923,#5924,#5925,#5926,#5927,#5928,#5929,#5930),(#5931,#5932,
#5933,#5934,#5935,#5936,#5937,#5938,#5939),(#5940,#5941,#5942,#5943,#5944,
#5945,#5946,#5947,#5948),(#5949,#5950,#5951,#5952,#5953,#5954,#5955,#5956,
#5957)),.UNSPECIFIED.,.F.,.F.,.F.,(4,1,1,4),(4,1,1,1,1,1,4),(0.,0.333333333333333,
0.666666666666667,1.),(0.,0.166666666666667,0.333333333333333,0.5,0.666666666666667,
0.833333333333333,1.),.UNSPECIFIED.);
#1096=B_SPLINE_SURFACE_WITH_KNOTS('',3,3,((#6036,#6037,#6038,#6039,#6040,
#6041),(#6042,#6043,#6044,#6045,#6046,#6047),(#6048,#6049,#6050,#6051,#6052,
#6053),(#6054,#6055,#6056,#6057,#6058,#6059),(#6060,#6061,#6062,#6063,#6064,
#6065),(#6066,#6067,#6068,#6069,#6070,#6071),(#6072,#6073,#6074,#6075,#6076,
#6077),(#6078,#6079,#6080,#6081,#6082,#6083),(#6084,#6085,#6086,#6087,#6088,
#6089)),.UNSPECIFIED.,.F.,.F.,.F.,(4,1,1,1,1,1,4),(4,1,1,4),(0.,0.166666666666667,
0.333333333333333,0.5,0.666666666666667,0.833333333333333,1.),(0.,0.333333333333333,
0.666666666666667,1.),.UNSPECIFIED.);
#1097=B_SPLINE_SURFACE_WITH_KNOTS('',3,3,((#6157,#6158,#6159,#6160,#6161,
#6162,#6163,#6164,#6165),(#6166,#6167,#6168,#6169,#6170,#6171,#6172,#6173,
#6174),(#6175,#6176,#6177,#6178,#6179,#6180,#6181,#6182,#6183),(#6184,#6185,
#6186,#6187,#6188,#6189,#6190,#6191,#6192),(#6193,#6194,#6195,#6196,#6197,
#6198,#6199,#6200,#6201),(#6202,#6203,#6204,#6205,#6206,#6207,#6208,#6209,
#6210)),.UNSPECIFIED.,.F.,.F.,.F.,(4,1,1,4),(4,1,1,1,1,1,4),(0.,0.333333333333333,
0.666666666666667,1.),(0.,0.166666666666667,0.333333333333333,0.5,0.666666666666667,
0.833333333333333,1.),.UNSPECIFIED.);
#1098=B_SPLINE_SURFACE_WITH_KNOTS('',3,3,((#6278,#6279,#6280,#6281,#6282,
#6283),(#6284,#6285,#6286,#6287,#6288,#6289),(#6290,#6291,#6292,#6293,#6294,
#6295),(#6296,#6297,#6298,#6299,#6300,#6301),(#6302,#6303,#6304,#6305,#6306,
#6307),(#6308,#6309,#6310,#6311,#6312,#6313),(#6314,#6315,#6316,#6317,#6318,
#6319),(#6320,#6321,#6322,#6323,#6324,#6325),(#6326,#6327,#6328,#6329,#6330,
#6331)),.UNSPECIFIED.,.F.,.F.,.F.,(4,1,1,1,1,1,4),(4,1,1,4),(0.,0.166666666666667,
0.333333333333333,0.5,0.666666666666667,0.833333333333333,1.),(0.,0.333333333333333,
0.666666666666667,1.),.UNSPECIFIED.);
#1099=B_SPLINE_SURFACE_WITH_KNOTS('',3,3,((#6399,#6400,#6401,#6402,#6403,
#6404,#6405,#6406,#6407),(#6408,#6409,#6410,#6411,#6412,#6413,#6414,#6415,
#6416),(#6417,#6418,#6419,#6420,#6421,#6422,#6423,#6424,#6425),(#6426,#6427,
#6428,#6429,#6430,#6431,#6432,#6433,#6434),(#6435,#6436,#6437,#6438,#6439,
#6440,#6441,#6442,#6443),(#6444,#6445,#6446,#6447,#6448,#6449,#6450,#6451,
#6452)),.UNSPECIFIED.,.F.,.F.,.F.,(4,1,1,4),(4,1,1,1,1,1,4),(0.,0.333333333333333,
0.666666666666667,1.),(0.,0.166666666666667,0.333333333333333,0.5,0.666666666666667,
0.833333333333333,1.),.UNSPECIFIED.);
#1100=B_SPLINE_SURFACE_WITH_KNOTS('',3,3,((#6520,#6521,#6522,#6523,#6524,
#6525,#6526,#6527,#6528),(#6529,#6530,#6531,#6532,#6533,#6534,#6535,#6536,
#6537),(#6538,#6539,#6540,#6541,#6542,#6543,#6544,#6545,#6546),(#6547,#6548,
#6549,#6550,#6551,#6552,#6553,#6554,#6555),(#6556,#6557,#6558,#6559,#6560,
#6561,#6562,#6563,#6564),(#6565,#6566,#6567,#6568,#6569,#6570,#6571,#6572,
#6573)),.UNSPECIFIED.,.F.,.F.,.F.,(4,1,1,4),(4,1,1,1,1,1,4),(0.,0.333333333333333,
0.666666666666667,1.),(0.,0.166666666666667,0.333333333333333,0.5,0.666666666666667,
0.833333333333333,1.),.UNSPECIFIED.);
#1101=B_SPLINE_SURFACE_WITH_KNOTS('',3,3,((#6652,#6653,#6654,#6655,#6656,
#6657),(#6658,#6659,#6660,#6661,#6662,#6663),(#6664,#6665,#6666,#6667,#6668,
#6669),(#6670,#6671,#6672,#6673,#6674,#6675),(#6676,#6677,#6678,#6679,#6680,
#6681),(#6682,#6683,#6684,#6685,#6686,#6687),(#6688,#6689,#6690,#6691,#6692,
#6693),(#6694,#6695,#6696,#6697,#6698,#6699),(#6700,#6701,#6702,#6703,#6704,
#6705)),.UNSPECIFIED.,.F.,.F.,.F.,(4,1,1,1,1,1,4),(4,1,1,4),(0.,0.166666666666667,
0.333333333333333,0.5,0.666666666666667,0.833333333333333,1.),(0.,0.333333333333333,
0.666666666666667,1.),.UNSPECIFIED.);
#1102=B_SPLINE_SURFACE_WITH_KNOTS('',3,3,((#6773,#6774,#6775,#6776,#6777,
#6778,#6779,#6780,#6781),(#6782,#6783,#6784,#6785,#6786,#6787,#6788,#6789,
#6790),(#6791,#6792,#6793,#6794,#6795,#6796,#6797,#6798,#6799),(#6800,#6801,
#6802,#6803,#6804,#6805,#6806,#6807,#6808),(#6809,#6810,#6811,#6812,#6813,
#6814,#6815,#6816,#6817),(#6818,#6819,#6820,#6821,#6822,#6823,#6824,#6825,
#6826)),.UNSPECIFIED.,.F.,.F.,.F.,(4,1,1,4),(4,1,1,1,1,1,4),(0.,0.333333333333333,
0.666666666666667,1.),(0.,0.166666666666667,0.333333333333333,0.5,0.666666666666667,
0.833333333333333,1.),.UNSPECIFIED.);
#1103=B_SPLINE_SURFACE_WITH_KNOTS('',3,3,((#6894,#6895,#6896,#6897,#6898,
#6899),(#6900,#6901,#6902,#6903,#6904,#6905),(#6906,#6907,#6908,#6909,#6910,
#6911),(#6912,#6913,#6914,#6915,#6916,#6917),(#6918,#6919,#6920,#6921,#6922,
#6923),(#6924,#6925,#6926,#6927,#6928,#6929),(#6930,#6931,#6932,#6933,#6934,
#6935),(#6936,#6937,#6938,#6939,#6940,#6941),(#6942,#6943,#6944,#6945,#6946,
#6947)),.UNSPECIFIED.,.F.,.F.,.F.,(4,1,1,1,1,1,4),(4,1,1,4),(0.,0.166666666666667,
0.333333333333333,0.5,0.666666666666667,0.833333333333333,1.),(0.,0.333333333333333,
0.666666666666667,1.),.UNSPECIFIED.);
#1104=B_SPLINE_SURFACE_WITH_KNOTS('',3,3,((#7015,#7016,#7017,#7018,#7019,
#7020,#7021,#7022,#7023),(#7024,#7025,#7026,#7027,#7028,#7029,#7030,#7031,
#7032),(#7033,#7034,#7035,#7036,#7037,#7038,#7039,#7040,#7041),(#7042,#7043,
#7044,#7045,#7046,#7047,#7048,#7049,#7050),(#7051,#7052,#7053,#7054,#7055,
#7056,#7057,#7058,#7059),(#7060,#7061,#7062,#7063,#7064,#7065,#7066,#7067,
#7068)),.UNSPECIFIED.,.F.,.F.,.F.,(4,1,1,4),(4,1,1,1,1,1,4),(0.,0.333333333333333,
0.666666666666667,1.),(0.,0.166666666666667,0.333333333333333,0.5,0.666666666666667,
0.833333333333333,1.),.UNSPECIFIED.);
#1105=B_SPLINE_SURFACE_WITH_KNOTS('',3,3,((#7136,#7137,#7138,#7139,#7140,
#7141,#7142,#7143,#7144),(#7145,#7146,#7147,#7148,#7149,#7150,#7151,#7152,
#7153),(#7154,#7155,#7156,#7157,#7158,#7159,#7160,#7161,#7162),(#7163,#7164,
#7165,#7166,#7167,#7168,#7169,#7170,#7171),(#7172,#7173,#7174,#7175,#7176,
#7177,#7178,#7179,#7180),(#7181,#7182,#7183,#7184,#7185,#7186,#7187,#7188,
#7189)),.UNSPECIFIED.,.F.,.F.,.F.,(4,1,1,4),(4,1,1,1,1,1,4),(0.,0.333333333333333,
0.666666666666667,1.),(0.,0.166666666666667,0.333333333333333,0.5,0.666666666666667,
0.833333333333333,1.),.UNSPECIFIED.);
#1106=B_SPLINE_SURFACE_WITH_KNOTS('',3,3,((#7268,#7269,#7270,#7271,#7272,
#7273),(#7274,#7275,#7276,#7277,#7278,#7279),(#7280,#7281,#7282,#7283,#7284,
#7285),(#7286,#7287,#7288,#7289,#7290,#7291),(#7292,#7293,#7294,#7295,#7296,
#7297),(#7298,#7299,#7300,#7301,#7302,#7303),(#7304,#7305,#7306,#7307,#7308,
#7309),(#7310,#7311,#7312,#7313,#7314,#7315),(#7316,#7317,#7318,#7319,#7320,
#7321)),.UNSPECIFIED.,.F.,.F.,.F.,(4,1,1,1,1,1,4),(4,1,1,4),(0.,0.166666666666667,
0.333333333333333,0.5,0.666666666666667,0.833333333333333,1.),(0.,0.333333333333333,
0.666666666666667,1.),.UNSPECIFIED.);
#1107=B_SPLINE_SURFACE_WITH_KNOTS('',3,3,((#7389,#7390,#7391,#7392,#7393,
#7394,#7395,#7396,#7397),(#7398,#7399,#7400,#7401,#7402,#7403,#7404,#7405,
#7406),(#7407,#7408,#7409,#7410,#7411,#7412,#7413,#7414,#7415),(#7416,#7417,
#7418,#7419,#7420,#7421,#7422,#7423,#7424),(#7425,#7426,#7427,#7428,#7429,
#7430,#7431,#7432,#7433),(#7434,#7435,#7436,#7437,#7438,#7439,#7440,#7441,
#7442)),.UNSPECIFIED.,.F.,.F.,.F.,(4,1,1,4),(4,1,1,1,1,1,4),(0.,0.333333333333333,
0.666666666666667,1.),(0.,0.166666666666667,0.333333333333333,0.5,0.666666666666667,
0.833333333333333,1.),.UNSPECIFIED.);
#1108=B_SPLINE_SURFACE_WITH_KNOTS('',3,3,((#7510,#7511,#7512,#7513,#7514,
#7515),(#7516,#7517,#7518,#7519,#7520,#7521),(#7522,#7523,#7524,#7525,#7526,
#7527),(#7528,#7529,#7530,#7531,#7532,#7533),(#7534,#7535,#7536,#7537,#7538,
#7539),(#7540,#7541,#7542,#7543,#7544,#7545),(#7546,#7547,#7548,#7549,#7550,
#7551),(#7552,#7553,#7554,#7555,#7556,#7557),(#7558,#7559,#7560,#7561,#7562,
#7563)),.UNSPECIFIED.,.F.,.F.,.F.,(4,1,1,1,1,1,4),(4,1,1,4),(0.,0.166666666666667,
0.333333333333333,0.5,0.666666666666667,0.833333333333333,1.),(0.,0.333333333333333,
0.666666666666667,1.),.UNSPECIFIED.);
#1109=B_SPLINE_SURFACE_WITH_KNOTS('',3,3,((#7631,#7632,#7633,#7634,#7635,
#7636,#7637,#7638,#7639),(#7640,#7641,#7642,#7643,#7644,#7645,#7646,#7647,
#7648),(#7649,#7650,#7651,#7652,#7653,#7654,#7655,#7656,#7657),(#7658,#7659,
#7660,#7661,#7662,#7663,#7664,#7665,#7666),(#7667,#7668,#7669,#7670,#7671,
#7672,#7673,#7674,#7675),(#7676,#7677,#7678,#7679,#7680,#7681,#7682,#7683,
#7684)),.UNSPECIFIED.,.F.,.F.,.F.,(4,1,1,4),(4,1,1,1,1,1,4),(0.,0.333333333333333,
0.666666666666667,1.),(0.,0.166666666666667,0.333333333333333,0.5,0.666666666666667,
0.833333333333333,1.),.UNSPECIFIED.);
#1110=B_SPLINE_SURFACE_WITH_KNOTS('',3,3,((#7752,#7753,#7754,#7755,#7756,
#7757,#7758,#7759,#7760),(#7761,#7762,#7763,#7764,#7765,#7766,#7767,#7768,
#7769),(#7770,#7771,#7772,#7773,#7774,#7775,#7776,#7777,#7778),(#7779,#7780,
#7781,#7782,#7783,#7784,#7785,#7786,#7787),(#7788,#7789,#7790,#7791,#7792,
#7793,#7794,#7795,#7796),(#7797,#7798,#7799,#7800,#7801,#7802,#7803,#7804,
#7805)),.UNSPECIFIED.,.F.,.F.,.F.,(4,1,1,4),(4,1,1,1,1,1,4),(0.,0.333333333333333,
0.666666666666667,1.),(0.,0.166666666666667,0.333333333333333,0.5,0.666666666666667,
0.833333333333333,1.),.UNSPECIFIED.);
#1111=B_SPLINE_SURFACE_WITH_KNOTS('',3,3,((#7884,#7885,#7886,#7887,#7888,
#7889),(#7890,#7891,#7892,#7893,#7894,#7895),(#7896,#7897,#7898,#7899,#7900,
#7901),(#7902,#7903,#7904,#7905,#7906,#7907),(#7908,#7909,#7910,#7911,#7912,
#7913),(#7914,#7915,#7916,#7917,#7918,#7919),(#7920,#7921,#7922,#7923,#7924,
#7925),(#7926,#7927,#7928,#7929,#7930,#7931),(#7932,#7933,#7934,#7935,#7936,
#7937)),.UNSPECIFIED.,.F.,.F.,.F.,(4,1,1,1,1,1,4),(4,1,1,4),(0.,0.166666666666667,
0.333333333333333,0.5,0.666666666666667,0.833333333333333,1.),(0.,0.333333333333333,
0.666666666666667,1.),.UNSPECIFIED.);
#1112=B_SPLINE_SURFACE_WITH_KNOTS('',3,3,((#8010,#8011,#8012,#8013,#8014,
#8015,#8016,#8017,#8018),(#8019,#8020,#8021,#8022,#8023,#8024,#8025,#8026,
#8027),(#8028,#8029,#8030,#8031,#8032,#8033,#8034,#8035,#8036),(#8037,#8038,
#8039,#8040,#8041,#8042,#8043,#8044,#8045),(#8046,#8047,#8048,#8049,#8050,
#8051,#8052,#8053,#8054),(#8055,#8056,#8057,#8058,#8059,#8060,#8061,#8062,
#8063)),.UNSPECIFIED.,.F.,.F.,.F.,(4,1,1,4),(4,1,1,1,1,1,4),(0.,0.333333333333333,
0.666666666666667,1.),(0.,0.166666666666667,0.333333333333333,0.5,0.666666666666667,
0.833333333333333,1.),.UNSPECIFIED.);
#1113=B_SPLINE_SURFACE_WITH_KNOTS('',3,3,((#8131,#8132,#8133,#8134,#8135,
#8136),(#8137,#8138,#8139,#8140,#8141,#8142),(#8143,#8144,#8145,#8146,#8147,
#8148),(#8149,#8150,#8151,#8152,#8153,#8154),(#8155,#8156,#8157,#8158,#8159,
#8160),(#8161,#8162,#8163,#8164,#8165,#8166),(#8167,#8168,#8169,#8170,#8171,
#8172),(#8173,#8174,#8175,#8176,#8177,#8178),(#8179,#8180,#8181,#8182,#8183,
#8184)),.UNSPECIFIED.,.F.,.F.,.F.,(4,1,1,1,1,1,4),(4,1,1,4),(0.,0.166666666666667,
0.333333333333333,0.5,0.666666666666667,0.833333333333333,1.),(0.,0.333333333333333,
0.666666666666667,1.),.UNSPECIFIED.);
#1114=B_SPLINE_SURFACE_WITH_KNOTS('',3,3,((#8257,#8258,#8259,#8260,#8261,
#8262,#8263,#8264,#8265),(#8266,#8267,#8268,#8269,#8270,#8271,#8272,#8273,
#8274),(#8275,#8276,#8277,#8278,#8279,#8280,#8281,#8282,#8283),(#8284,#8285,
#8286,#8287,#8288,#8289,#8290,#8291,#8292),(#8293,#8294,#8295,#8296,#8297,
#8298,#8299,#8300,#8301),(#8302,#8303,#8304,#8305,#8306,#8307,#8308,#8309,
#8310)),.UNSPECIFIED.,.F.,.F.,.F.,(4,1,1,4),(4,1,1,1,1,1,4),(0.,0.333333333333333,
0.666666666666667,1.),(0.,0.166666666666667,0.333333333333333,0.5,0.666666666666667,
0.833333333333333,1.),.UNSPECIFIED.);
#1115=B_SPLINE_SURFACE_WITH_KNOTS('',3,3,((#8378,#8379,#8380,#8381,#8382,
#8383),(#8384,#8385,#8386,#8387,#8388,#8389),(#8390,#8391,#8392,#8393,#8394,
#8395),(#8396,#8397,#8398,#8399,#8400,#8401),(#8402,#8403,#8404,#8405,#8406,
#8407),(#8408,#8409,#8410,#8411,#8412,#8413),(#8414,#8415,#8416,#8417,#8418,
#8419),(#8420,#8421,#8422,#8423,#8424,#8425),(#8426,#8427,#8428,#8429,#8430,
#8431)),.UNSPECIFIED.,.F.,.F.,.F.,(4,1,1,1,1,1,4),(4,1,1,4),(0.,0.166666666666667,
0.333333333333333,0.5,0.666666666666667,0.833333333333333,1.),(0.,0.333333333333333,
0.666666666666667,1.),.UNSPECIFIED.);
#1116=B_SPLINE_SURFACE_WITH_KNOTS('',3,3,((#8494,#8495,#8496,#8497,#8498,
#8499),(#8500,#8501,#8502,#8503,#8504,#8505),(#8506,#8507,#8508,#8509,#8510,
#8511),(#8512,#8513,#8514,#8515,#8516,#8517),(#8518,#8519,#8520,#8521,#8522,
#8523),(#8524,#8525,#8526,#8527,#8528,#8529),(#8530,#8531,#8532,#8533,#8534,
#8535),(#8536,#8537,#8538,#8539,#8540,#8541),(#8542,#8543,#8544,#8545,#8546,
#8547)),.UNSPECIFIED.,.F.,.F.,.F.,(4,1,1,1,1,1,4),(4,1,1,4),(0.,0.166666666666667,
0.333333333333333,0.5,0.666666666666667,0.833333333333333,1.),(0.,0.333333333333333,
0.666666666666667,1.),.UNSPECIFIED.);
#1117=B_SPLINE_SURFACE_WITH_KNOTS('',3,3,((#8605,#8606,#8607,#8608,#8609,
#8610),(#8611,#8612,#8613,#8614,#8615,#8616),(#8617,#8618,#8619,#8620,#8621,
#8622),(#8623,#8624,#8625,#8626,#8627,#8628),(#8629,#8630,#8631,#8632,#8633,
#8634),(#8635,#8636,#8637,#8638,#8639,#8640),(#8641,#8642,#8643,#8644,#8645,
#8646),(#8647,#8648,#8649,#8650,#8651,#8652),(#8653,#8654,#8655,#8656,#8657,
#8658)),.UNSPECIFIED.,.F.,.F.,.F.,(4,1,1,1,1,1,4),(4,1,1,4),(0.,0.166666666666667,
0.333333333333333,0.5,0.666666666666667,0.833333333333333,1.),(0.,0.333333333333333,
0.666666666666667,1.),.UNSPECIFIED.);
#1118=B_SPLINE_SURFACE_WITH_KNOTS('',3,3,((#8716,#8717,#8718,#8719,#8720,
#8721,#8722,#8723),(#8724,#8725,#8726,#8727,#8728,#8729,#8730,#8731),(#8732,
#8733,#8734,#8735,#8736,#8737,#8738,#8739),(#8740,#8741,#8742,#8743,#8744,
#8745,#8746,#8747),(#8748,#8749,#8750,#8751,#8752,#8753,#8754,#8755)),
 .UNSPECIFIED.,.F.,.F.,.F.,(4,1,4),(4,1,1,1,1,4),(0.,0.571428571428571,
1.),(-1.01555216638347,-0.725394404559623,-0.145078880911924,0.435236642735774,
0.725394404559623,1.01555216638347),.UNSPECIFIED.);
#1119=B_SPLINE_SURFACE_WITH_KNOTS('',3,3,((#8758,#8759,#8760,#8761,#8762,
#8763),(#8764,#8765,#8766,#8767,#8768,#8769),(#8770,#8771,#8772,#8773,#8774,
#8775),(#8776,#8777,#8778,#8779,#8780,#8781),(#8782,#8783,#8784,#8785,#8786,
#8787),(#8788,#8789,#8790,#8791,#8792,#8793),(#8794,#8795,#8796,#8797,#8798,
#8799),(#8800,#8801,#8802,#8803,#8804,#8805),(#8806,#8807,#8808,#8809,#8810,
#8811)),.UNSPECIFIED.,.F.,.F.,.F.,(4,1,1,1,1,1,4),(4,1,1,4),(0.,0.166666666666667,
0.333333333333333,0.5,0.666666666666667,0.833333333333333,1.),(0.,0.333333333333333,
0.666666666666667,1.),.UNSPECIFIED.);
#1120=B_SPLINE_SURFACE_WITH_KNOTS('',3,3,((#8869,#8870,#8871,#8872,#8873,
#8874,#8875,#8876),(#8877,#8878,#8879,#8880,#8881,#8882,#8883,#8884),(#8885,
#8886,#8887,#8888,#8889,#8890,#8891,#8892),(#8893,#8894,#8895,#8896,#8897,
#8898,#8899,#8900),(#8901,#8902,#8903,#8904,#8905,#8906,#8907,#8908)),
 .UNSPECIFIED.,.F.,.F.,.F.,(4,1,4),(4,1,1,1,1,4),(0.,0.571428571428571,
1.),(-1.01555216638347,-0.725394404559623,-0.145078880911925,0.435236642735774,
0.725394404559623,1.01555216638347),.UNSPECIFIED.);
#1121=B_SPLINE_SURFACE_WITH_KNOTS('',3,3,((#8913,#8914,#8915,#8916,#8917,
#8918,#8919,#8920),(#8921,#8922,#8923,#8924,#8925,#8926,#8927,#8928),(#8929,
#8930,#8931,#8932,#8933,#8934,#8935,#8936),(#8937,#8938,#8939,#8940,#8941,
#8942,#8943,#8944),(#8945,#8946,#8947,#8948,#8949,#8950,#8951,#8952)),
 .UNSPECIFIED.,.F.,.F.,.F.,(4,1,4),(4,1,1,1,1,4),(0.,0.571428571428571,
1.),(-1.01555216638347,-0.725394404559623,-0.435236642735774,0.145078880911924,
0.725394404559622,1.01555216638347),.UNSPECIFIED.);
#1122=B_SPLINE_SURFACE_WITH_KNOTS('',3,3,((#8955,#8956,#8957,#8958,#8959,
#8960,#8961,#8962),(#8963,#8964,#8965,#8966,#8967,#8968,#8969,#8970),(#8971,
#8972,#8973,#8974,#8975,#8976,#8977,#8978),(#8979,#8980,#8981,#8982,#8983,
#8984,#8985,#8986),(#8987,#8988,#8989,#8990,#8991,#8992,#8993,#8994)),
 .UNSPECIFIED.,.F.,.F.,.F.,(4,1,4),(4,1,1,1,1,4),(0.,0.571428571428571,
1.),(-1.01555216638347,-0.725394404559623,-0.145078880911925,0.435236642735774,
0.725394404559623,1.01555216638347),.UNSPECIFIED.);
#1123=B_SPLINE_SURFACE_WITH_KNOTS('',3,3,((#8997,#8998,#8999,#9000,#9001,
#9002,#9003,#9004),(#9005,#9006,#9007,#9008,#9009,#9010,#9011,#9012),(#9013,
#9014,#9015,#9016,#9017,#9018,#9019,#9020),(#9021,#9022,#9023,#9024,#9025,
#9026,#9027,#9028),(#9029,#9030,#9031,#9032,#9033,#9034,#9035,#9036)),
 .UNSPECIFIED.,.F.,.F.,.F.,(4,1,4),(4,1,1,1,1,4),(0.,0.571428571428571,
1.),(-1.01555216638347,-0.725394404559622,-0.145078880911924,0.435236642735774,
0.725394404559623,1.01555216638347),.UNSPECIFIED.);
#1124=B_SPLINE_SURFACE_WITH_KNOTS('',3,3,((#9039,#9040,#9041,#9042,#9043,
#9044,#9045,#9046,#9047),(#9048,#9049,#9050,#9051,#9052,#9053,#9054,#9055,
#9056),(#9057,#9058,#9059,#9060,#9061,#9062,#9063,#9064,#9065),(#9066,#9067,
#9068,#9069,#9070,#9071,#9072,#9073,#9074),(#9075,#9076,#9077,#9078,#9079,
#9080,#9081,#9082,#9083)),.UNSPECIFIED.,.F.,.F.,.F.,(4,1,4),(4,1,1,1,1,
1,4),(0.,0.571428571428571,1.),(-1.01555216638347,-0.725394404559623,-0.435236642735774,
-0.145078880911924,0.435236642735774,0.725394404559623,1.01555216638347),
 .UNSPECIFIED.);
#1125=B_SPLINE_SURFACE_WITH_KNOTS('',3,3,((#9102,#9103,#9104,#9105,#9106,
#9107,#9108),(#9109,#9110,#9111,#9112,#9113,#9114,#9115),(#9116,#9117,#9118,
#9119,#9120,#9121,#9122),(#9123,#9124,#9125,#9126,#9127,#9128,#9129),(#9130,
#9131,#9132,#9133,#9134,#9135,#9136),(#9137,#9138,#9139,#9140,#9141,#9142,
#9143),(#9144,#9145,#9146,#9147,#9148,#9149,#9150),(#9151,#9152,#9153,#9154,
#9155,#9156,#9157),(#9158,#9159,#9160,#9161,#9162,#9163,#9164),(#9165,#9166,
#9167,#9168,#9169,#9170,#9171),(#9172,#9173,#9174,#9175,#9176,#9177,#9178),
(#9179,#9180,#9181,#9182,#9183,#9184,#9185),(#9186,#9187,#9188,#9189,#9190,
#9191,#9192),(#9193,#9194,#9195,#9196,#9197,#9198,#9199),(#9200,#9201,#9202,
#9203,#9204,#9205,#9206),(#9207,#9208,#9209,#9210,#9211,#9212,#9213)),
 .UNSPECIFIED.,.F.,.F.,.F.,(4,1,1,1,1,1,1,1,1,1,1,1,1,4),(4,1,1,1,4),(0.,
0.0769230769230769,0.153846153846154,0.230769230769231,0.307692307692308,
0.384615384615385,0.461538461538462,0.538461538461538,0.615384615384615,
0.692307692307692,0.769230769230769,0.846153846153846,0.923076923076923,
1.),(0.,0.25,0.5,0.75,1.),.UNSPECIFIED.);
#1126=B_SPLINE_SURFACE_WITH_KNOTS('',3,3,((#9304,#9305,#9306,#9307,#9308,
#9309,#9310),(#9311,#9312,#9313,#9314,#9315,#9316,#9317),(#9318,#9319,#9320,
#9321,#9322,#9323,#9324),(#9325,#9326,#9327,#9328,#9329,#9330,#9331),(#9332,
#9333,#9334,#9335,#9336,#9337,#9338),(#9339,#9340,#9341,#9342,#9343,#9344,
#9345),(#9346,#9347,#9348,#9349,#9350,#9351,#9352),(#9353,#9354,#9355,#9356,
#9357,#9358,#9359),(#9360,#9361,#9362,#9363,#9364,#9365,#9366),(#9367,#9368,
#9369,#9370,#9371,#9372,#9373),(#9374,#9375,#9376,#9377,#9378,#9379,#9380),
(#9381,#9382,#9383,#9384,#9385,#9386,#9387),(#9388,#9389,#9390,#9391,#9392,
#9393,#9394),(#9395,#9396,#9397,#9398,#9399,#9400,#9401),(#9402,#9403,#9404,
#9405,#9406,#9407,#9408),(#9409,#9410,#9411,#9412,#9413,#9414,#9415)),
 .UNSPECIFIED.,.F.,.F.,.F.,(4,1,1,1,1,1,1,1,1,1,1,1,1,4),(4,1,1,1,4),(0.,
0.0769230769230769,0.153846153846154,0.230769230769231,0.307692307692308,
0.384615384615385,0.461538461538462,0.538461538461538,0.615384615384615,
0.692307692307692,0.769230769230769,0.846153846153846,0.923076923076923,
1.),(0.,0.25,0.5,0.75,1.),.UNSPECIFIED.);
#1127=B_SPLINE_SURFACE_WITH_KNOTS('',3,3,((#9511,#9512,#9513,#9514,#9515,
#9516,#9517),(#9518,#9519,#9520,#9521,#9522,#9523,#9524),(#9525,#9526,#9527,
#9528,#9529,#9530,#9531),(#9532,#9533,#9534,#9535,#9536,#9537,#9538),(#9539,
#9540,#9541,#9542,#9543,#9544,#9545),(#9546,#9547,#9548,#9549,#9550,#9551,
#9552),(#9553,#9554,#9555,#9556,#9557,#9558,#9559),(#9560,#9561,#9562,#9563,
#9564,#9565,#9566),(#9567,#9568,#9569,#9570,#9571,#9572,#9573),(#9574,#9575,
#9576,#9577,#9578,#9579,#9580),(#9581,#9582,#9583,#9584,#9585,#9586,#9587),
(#9588,#9589,#9590,#9591,#9592,#9593,#9594),(#9595,#9596,#9597,#9598,#9599,
#9600,#9601),(#9602,#9603,#9604,#9605,#9606,#9607,#9608),(#9609,#9610,#9611,
#9612,#9613,#9614,#9615),(#9616,#9617,#9618,#9619,#9620,#9621,#9622)),
 .UNSPECIFIED.,.F.,.F.,.F.,(4,1,1,1,1,1,1,1,1,1,1,1,1,4),(4,1,1,1,4),(0.,
0.0769230769230769,0.153846153846154,0.230769230769231,0.307692307692308,
0.384615384615385,0.461538461538462,0.538461538461538,0.615384615384615,
0.692307692307692,0.769230769230769,0.846153846153846,0.923076923076923,
1.),(0.,0.25,0.5,0.75,1.),.UNSPECIFIED.);
#1128=B_SPLINE_SURFACE_WITH_KNOTS('',3,3,((#9713,#9714,#9715,#9716,#9717,
#9718,#9719,#9720,#9721,#9722),(#9723,#9724,#9725,#9726,#9727,#9728,#9729,
#9730,#9731,#9732),(#9733,#9734,#9735,#9736,#9737,#9738,#9739,#9740,#9741,
#9742),(#9743,#9744,#9745,#9746,#9747,#9748,#9749,#9750,#9751,#9752),(#9753,
#9754,#9755,#9756,#9757,#9758,#9759,#9760,#9761,#9762),(#9763,#9764,#9765,
#9766,#9767,#9768,#9769,#9770,#9771,#9772)),.UNSPECIFIED.,.F.,.F.,.F.,(4,
1,1,4),(4,1,1,1,1,1,1,4),(0.,0.285714285714286,0.571428571428571,1.),(-0.725099995596599,
-0.517928568283285,-0.310757140969971,-0.103585713656657,0.103585713656657,
0.310757140969971,0.517928568283285,0.725099995596599),.UNSPECIFIED.);
#1129=B_SPLINE_SURFACE_WITH_KNOTS('',3,3,((#9775,#9776,#9777,#9778,#9779,
#9780,#9781),(#9782,#9783,#9784,#9785,#9786,#9787,#9788),(#9789,#9790,#9791,
#9792,#9793,#9794,#9795),(#9796,#9797,#9798,#9799,#9800,#9801,#9802),(#9803,
#9804,#9805,#9806,#9807,#9808,#9809),(#9810,#9811,#9812,#9813,#9814,#9815,
#9816),(#9817,#9818,#9819,#9820,#9821,#9822,#9823),(#9824,#9825,#9826,#9827,
#9828,#9829,#9830),(#9831,#9832,#9833,#9834,#9835,#9836,#9837),(#9838,#9839,
#9840,#9841,#9842,#9843,#9844),(#9845,#9846,#9847,#9848,#9849,#9850,#9851),
(#9852,#9853,#9854,#9855,#9856,#9857,#9858),(#9859,#9860,#9861,#9862,#9863,
#9864,#9865),(#9866,#9867,#9868,#9869,#9870,#9871,#9872),(#9873,#9874,#9875,
#9876,#9877,#9878,#9879),(#9880,#9881,#9882,#9883,#9884,#9885,#9886)),
 .UNSPECIFIED.,.F.,.F.,.F.,(4,1,1,1,1,1,1,1,1,1,1,1,1,4),(4,1,1,1,4),(0.,
0.0769230769230769,0.153846153846154,0.230769230769231,0.307692307692308,
0.384615384615385,0.461538461538462,0.538461538461538,0.615384615384615,
0.692307692307692,0.769230769230769,0.846153846153846,0.923076923076923,
1.),(0.,0.25,0.5,0.75,1.),.UNSPECIFIED.);
#1130=B_SPLINE_SURFACE_WITH_KNOTS('',3,3,((#9977,#9978,#9979,#9980,#9981,
#9982,#9983,#9984,#9985,#9986),(#9987,#9988,#9989,#9990,#9991,#9992,#9993,
#9994,#9995,#9996),(#9997,#9998,#9999,#10000,#10001,#10002,#10003,#10004,
#10005,#10006),(#10007,#10008,#10009,#10010,#10011,#10012,#10013,#10014,
#10015,#10016),(#10017,#10018,#10019,#10020,#10021,#10022,#10023,#10024,
#10025,#10026),(#10027,#10028,#10029,#10030,#10031,#10032,#10033,#10034,
#10035,#10036)),.UNSPECIFIED.,.F.,.F.,.F.,(4,1,1,4),(4,1,1,1,1,1,1,4),(0.,
0.285714285714286,0.571428571428571,1.),(-0.7250999955966,-0.517928568283285,
-0.310757140969971,-0.103585713656657,0.103585713656657,0.310757140969971,
0.517928568283285,0.725099995596599),.UNSPECIFIED.);
#1131=B_SPLINE_SURFACE_WITH_KNOTS('',3,3,((#10039,#10040,#10041,#10042,
#10043,#10044,#10045,#10046,#10047,#10048),(#10049,#10050,#10051,#10052,
#10053,#10054,#10055,#10056,#10057,#10058),(#10059,#10060,#10061,#10062,
#10063,#10064,#10065,#10066,#10067,#10068),(#10069,#10070,#10071,#10072,
#10073,#10074,#10075,#10076,#10077,#10078),(#10079,#10080,#10081,#10082,
#10083,#10084,#10085,#10086,#10087,#10088),(#10089,#10090,#10091,#10092,
#10093,#10094,#10095,#10096,#10097,#10098)),.UNSPECIFIED.,.F.,.F.,.F.,(4,
1,1,4),(4,1,1,1,1,1,1,4),(0.,0.285714285714286,0.571428571428571,1.),(-0.725099995596599,
-0.517928568283285,-0.310757140969971,-0.103585713656657,0.103585713656657,
0.310757140969972,0.517928568283286,0.7250999955966),.UNSPECIFIED.);
#1132=B_SPLINE_SURFACE_WITH_KNOTS('',3,3,((#10103,#10104,#10105,#10106,
#10107,#10108,#10109,#10110,#10111,#10112),(#10113,#10114,#10115,#10116,
#10117,#10118,#10119,#10120,#10121,#10122),(#10123,#10124,#10125,#10126,
#10127,#10128,#10129,#10130,#10131,#10132),(#10133,#10134,#10135,#10136,
#10137,#10138,#10139,#10140,#10141,#10142),(#10143,#10144,#10145,#10146,
#10147,#10148,#10149,#10150,#10151,#10152),(#10153,#10154,#10155,#10156,
#10157,#10158,#10159,#10160,#10161,#10162)),.UNSPECIFIED.,.F.,.F.,.F.,(4,
1,1,4),(4,1,1,1,1,1,1,4),(0.,0.285714285714286,0.571428571428571,1.),(-0.725099995596599,
-0.517928568283285,-0.310757140969971,-0.103585713656657,0.103585713656657,
0.310757140969971,0.517928568283285,0.725099995596599),.UNSPECIFIED.);
#1133=B_SPLINE_SURFACE_WITH_KNOTS('',3,3,((#10165,#10166,#10167,#10168,
#10169,#10170,#10171,#10172,#10173,#10174),(#10175,#10176,#10177,#10178,
#10179,#10180,#10181,#10182,#10183,#10184),(#10185,#10186,#10187,#10188,
#10189,#10190,#10191,#10192,#10193,#10194),(#10195,#10196,#10197,#10198,
#10199,#10200,#10201,#10202,#10203,#10204),(#10205,#10206,#10207,#10208,
#10209,#10210,#10211,#10212,#10213,#10214),(#10215,#10216,#10217,#10218,
#10219,#10220,#10221,#10222,#10223,#10224)),.UNSPECIFIED.,.F.,.F.,.F.,(4,
1,1,4),(4,1,1,1,1,1,1,4),(0.,0.285714285714286,0.571428571428571,1.),(-0.725099995596599,
-0.517928568283285,-0.310757140969971,-0.103585713656657,0.103585713656657,
0.310757140969971,0.517928568283285,0.725099995596599),.UNSPECIFIED.);
#1134=B_SPLINE_SURFACE_WITH_KNOTS('',3,3,((#10227,#10228,#10229,#10230,
#10231,#10232,#10233,#10234,#10235,#10236),(#10237,#10238,#10239,#10240,
#10241,#10242,#10243,#10244,#10245,#10246),(#10247,#10248,#10249,#10250,
#10251,#10252,#10253,#10254,#10255,#10256),(#10257,#10258,#10259,#10260,
#10261,#10262,#10263,#10264,#10265,#10266),(#10267,#10268,#10269,#10270,
#10271,#10272,#10273,#10274,#10275,#10276),(#10277,#10278,#10279,#10280,
#10281,#10282,#10283,#10284,#10285,#10286)),.UNSPECIFIED.,.F.,.F.,.F.,(4,
1,1,4),(4,1,1,1,1,1,1,4),(0.,0.285714285714286,0.571428571428571,1.),(-0.725099995596599,
-0.517928568283285,-0.310757140969971,-0.103585713656657,0.103585713656657,
0.310757140969971,0.517928568283285,0.725099995596599),.UNSPECIFIED.);
#1135=ADVANCED_FACE('',(#73),#1075,.T.);
#1136=ADVANCED_FACE('',(#74),#1076,.T.);
#1137=ADVANCED_FACE('',(#75),#1077,.T.);
#1138=ADVANCED_FACE('',(#76),#1078,.T.);
#1139=ADVANCED_FACE('',(#77),#1079,.T.);
#1140=ADVANCED_FACE('',(#78),#1080,.T.);
#1141=ADVANCED_FACE('',(#79),#1081,.T.);
#1142=ADVANCED_FACE('',(#80),#1082,.T.);
#1143=ADVANCED_FACE('',(#81),#1083,.T.);
#1144=ADVANCED_FACE('',(#82),#1084,.T.);
#1145=ADVANCED_FACE('',(#83),#1085,.T.);
#1146=ADVANCED_FACE('',(#84),#1086,.T.);
#1147=ADVANCED_FACE('',(#85),#1087,.T.);
#1148=ADVANCED_FACE('',(#86),#1088,.T.);
#1149=ADVANCED_FACE('',(#87),#1089,.T.);
#1150=ADVANCED_FACE('',(#88),#1090,.T.);
#1151=ADVANCED_FACE('',(#89),#1091,.T.);
#1152=ADVANCED_FACE('',(#90),#1092,.T.);
#1153=ADVANCED_FACE('',(#91),#1093,.T.);
#1154=ADVANCED_FACE('',(#92),#1094,.T.);
#1155=ADVANCED_FACE('',(#93),#1095,.T.);
#1156=ADVANCED_FACE('',(#94),#1096,.T.);
#1157=ADVANCED_FACE('',(#95),#1097,.T.);
#1158=ADVANCED_FACE('',(#96),#1098,.T.);
#1159=ADVANCED_FACE('',(#97),#1099,.T.);
#1160=ADVANCED_FACE('',(#98),#1100,.T.);
#1161=ADVANCED_FACE('',(#99),#1101,.T.);
#1162=ADVANCED_FACE('',(#100),#1102,.T.);
#1163=ADVANCED_FACE('',(#101),#1103,.T.);
#1164=ADVANCED_FACE('',(#102),#1104,.T.);
#1165=ADVANCED_FACE('',(#103),#1105,.T.);
#1166=ADVANCED_FACE('',(#104),#1106,.T.);
#1167=ADVANCED_FACE('',(#105),#1107,.T.);
#1168=ADVANCED_FACE('',(#106),#1108,.T.);
#1169=ADVANCED_FACE('',(#107),#1109,.T.);
#1170=ADVANCED_FACE('',(#108),#1110,.T.);
#1171=ADVANCED_FACE('',(#109),#1111,.T.);
#1172=ADVANCED_FACE('',(#110),#1112,.T.);
#1173=ADVANCED_FACE('',(#111),#1113,.T.);
#1174=ADVANCED_FACE('',(#112),#1114,.T.);
#1175=ADVANCED_FACE('',(#113),#1115,.T.);
#1176=ADVANCED_FACE('',(#114),#1116,.T.);
#1177=ADVANCED_FACE('',(#115),#1117,.T.);
#1178=ADVANCED_FACE('',(#116),#1118,.F.);
#1179=ADVANCED_FACE('',(#117),#1119,.T.);
#1180=ADVANCED_FACE('',(#118),#1120,.F.);
#1181=ADVANCED_FACE('',(#119),#1121,.F.);
#1182=ADVANCED_FACE('',(#120),#1122,.F.);
#1183=ADVANCED_FACE('',(#121),#1123,.F.);
#1184=ADVANCED_FACE('',(#122),#1124,.F.);
#1185=ADVANCED_FACE('',(#123),#39,.F.);
#1186=ADVANCED_FACE('',(#124),#40,.F.);
#1187=ADVANCED_FACE('',(#125),#41,.F.);
#1188=ADVANCED_FACE('',(#126),#42,.F.);
#1189=ADVANCED_FACE('',(#127),#1125,.T.);
#1190=ADVANCED_FACE('',(#128),#1126,.T.);
#1191=ADVANCED_FACE('',(#129),#1127,.T.);
#1192=ADVANCED_FACE('',(#130),#1128,.T.);
#1193=ADVANCED_FACE('',(#131),#1129,.T.);
#1194=ADVANCED_FACE('',(#132),#1130,.T.);
#1195=ADVANCED_FACE('',(#133),#1131,.T.);
#1196=ADVANCED_FACE('',(#134),#1132,.T.);
#1197=ADVANCED_FACE('',(#135),#1133,.T.);
#1198=ADVANCED_FACE('',(#136),#1134,.T.);
#1199=ADVANCED_FACE('',(#137),#43,.T.);
#1200=ADVANCED_FACE('',(#138),#44,.T.);
#1201=ADVANCED_FACE('',(#139),#45,.T.);
#1202=ADVANCED_FACE('',(#140),#46,.T.);
#1203=ADVANCED_FACE('',(#141,#15),#19,.F.);
#1204=ADVANCED_FACE('',(#142,#16),#20,.F.);
#1205=ADVANCED_FACE('',(#143,#17),#21,.F.);
#1206=ADVANCED_FACE('',(#144,#18),#22,.F.);
#1207=CLOSED_SHELL('',(#1135,#1136,#1137,#1138,#1139,#1140,#1141,#1142,
#1143,#1144,#1145,#1146,#1147,#1148,#1149,#1150,#1151,#1152,#1153,#1154,
#1155,#1156,#1157,#1158,#1159,#1160,#1161,#1162,#1163,#1164,#1165,#1166,
#1167,#1168,#1169,#1170,#1171,#1172,#1173,#1174,#1175,#1176,#1177,#1178,
#1179,#1180,#1181,#1182,#1183,#1184,#1185,#1186,#1187,#1188,#1189,#1190,
#1191,#1192,#1193,#1194,#1195,#1196,#1197,#1198,#1199,#1200,#1201,#1202,
#1203,#1204,#1205,#1206));
#1208=DERIVED_UNIT_ELEMENT(#1210,1.);
#1209=DERIVED_UNIT_ELEMENT(#10314,-3.);
#1210=(
MASS_UNIT()
NAMED_UNIT(*)
SI_UNIT(.KILO.,.GRAM.)
);
#1211=DERIVED_UNIT((#1208,#1209));
#1212=MEASURE_REPRESENTATION_ITEM('density measure',
POSITIVE_RATIO_MEASURE(7850.),#1211);
#1213=PROPERTY_DEFINITION_REPRESENTATION(#1218,#1215);
#1214=PROPERTY_DEFINITION_REPRESENTATION(#1219,#1216);
#1215=REPRESENTATION('material name',(#1217),#10311);
#1216=REPRESENTATION('density',(#1212),#10311);
#1217=DESCRIPTIVE_REPRESENTATION_ITEM('Stahl','Stahl');
#1218=PROPERTY_DEFINITION('material property','material name',#10321);
#1219=PROPERTY_DEFINITION('material property','density of part',#10321);
#1220=AXIS2_PLACEMENT_3D('',#1513,#1315,#1316);
#1221=AXIS2_PLACEMENT_3D('',#1744,#1317,#1318);
#1222=AXIS2_PLACEMENT_3D('',#1875,#1319,#1320);
#1223=AXIS2_PLACEMENT_3D('',#2176,#1321,#1322);
#1224=AXIS2_PLACEMENT_3D('',#2307,#1323,#1324);
#1225=AXIS2_PLACEMENT_3D('',#2608,#1325,#1326);
#1226=AXIS2_PLACEMENT_3D('',#2839,#1327,#1328);
#1227=AXIS2_PLACEMENT_3D('',#2970,#1329,#1330);
#1228=AXIS2_PLACEMENT_3D('',#3271,#1331,#1332);
#1229=AXIS2_PLACEMENT_3D('',#3402,#1333,#1334);
#1230=AXIS2_PLACEMENT_3D('',#3703,#1335,#1336);
#1231=AXIS2_PLACEMENT_3D('',#3934,#1337,#1338);
#1232=AXIS2_PLACEMENT_3D('',#4065,#1339,#1340);
#1233=AXIS2_PLACEMENT_3D('',#4371,#1341,#1342);
#1234=AXIS2_PLACEMENT_3D('',#4502,#1343,#1344);
#1235=AXIS2_PLACEMENT_3D('',#4808,#1345,#1346);
#1236=AXIS2_PLACEMENT_3D('',#5039,#1347,#1348);
#1237=AXIS2_PLACEMENT_3D('',#5170,#1349,#1350);
#1238=AXIS2_PLACEMENT_3D('',#5471,#1351,#1352);
#1239=AXIS2_PLACEMENT_3D('',#5602,#1353,#1354);
#1240=AXIS2_PLACEMENT_3D('',#5903,#1355,#1356);
#1241=AXIS2_PLACEMENT_3D('',#6035,#1357,#1358);
#1242=AXIS2_PLACEMENT_3D('',#6101,#1359,#1360);
#1243=AXIS2_PLACEMENT_3D('',#6277,#1361,#1362);
#1244=AXIS2_PLACEMENT_3D('',#6343,#1363,#1364);
#1245=AXIS2_PLACEMENT_3D('',#6519,#1365,#1366);
#1246=AXIS2_PLACEMENT_3D('',#6651,#1367,#1368);
#1247=AXIS2_PLACEMENT_3D('',#6717,#1369,#1370);
#1248=AXIS2_PLACEMENT_3D('',#6893,#1371,#1372);
#1249=AXIS2_PLACEMENT_3D('',#6959,#1373,#1374);
#1250=AXIS2_PLACEMENT_3D('',#7135,#1375,#1376);
#1251=AXIS2_PLACEMENT_3D('',#7267,#1377,#1378);
#1252=AXIS2_PLACEMENT_3D('',#7333,#1379,#1380);
#1253=AXIS2_PLACEMENT_3D('',#7509,#1381,#1382);
#1254=AXIS2_PLACEMENT_3D('',#7575,#1383,#1384);
#1255=AXIS2_PLACEMENT_3D('',#7751,#1385,#1386);
#1256=AXIS2_PLACEMENT_3D('',#7883,#1387,#1388);
#1257=AXIS2_PLACEMENT_3D('',#7949,#1389,#1390);
#1258=AXIS2_PLACEMENT_3D('',#8130,#1391,#1392);
#1259=AXIS2_PLACEMENT_3D('',#8196,#1393,#1394);
#1260=AXIS2_PLACEMENT_3D('',#8377,#1395,#1396);
#1261=AXIS2_PLACEMENT_3D('',#8433,#1397,#1398);
#1262=AXIS2_PLACEMENT_3D('',#8549,#1399,#1400);
#1263=AXIS2_PLACEMENT_3D('',#8660,#1401,#1402);
#1264=AXIS2_PLACEMENT_3D('',#8756,#1403,#1404);
#1265=AXIS2_PLACEMENT_3D('',#8757,#1405,#1406);
#1266=AXIS2_PLACEMENT_3D('',#8813,#1407,#1408);
#1267=AXIS2_PLACEMENT_3D('',#8910,#1409,#1410);
#1268=AXIS2_PLACEMENT_3D('',#8911,#1411,#1412);
#1269=AXIS2_PLACEMENT_3D('',#8912,#1413,#1414);
#1270=AXIS2_PLACEMENT_3D('',#8953,#1415,#1416);
#1271=AXIS2_PLACEMENT_3D('',#8954,#1417,#1418);
#1272=AXIS2_PLACEMENT_3D('',#8995,#1419,#1420);
#1273=AXIS2_PLACEMENT_3D('',#8996,#1421,#1422);
#1274=AXIS2_PLACEMENT_3D('',#9037,#1423,#1424);
#1275=AXIS2_PLACEMENT_3D('',#9038,#1425,#1426);
#1276=AXIS2_PLACEMENT_3D('',#9084,#1427,#1428);
#1277=AXIS2_PLACEMENT_3D('',#9085,#1429,#1430);
#1278=AXIS2_PLACEMENT_3D('',#9086,#1431,#1432);
#1279=AXIS2_PLACEMENT_3D('',#9088,#1433,#1434);
#1280=AXIS2_PLACEMENT_3D('',#9090,#1436,#1437);
#1281=AXIS2_PLACEMENT_3D('',#9092,#1438,#1439);
#1282=AXIS2_PLACEMENT_3D('',#9094,#1441,#1442);
#1283=AXIS2_PLACEMENT_3D('',#9096,#1443,#1444);
#1284=AXIS2_PLACEMENT_3D('',#9098,#1446,#1447);
#1285=AXIS2_PLACEMENT_3D('',#9100,#1448,#1449);
#1286=AXIS2_PLACEMENT_3D('',#9215,#1451,#1452);
#1287=AXIS2_PLACEMENT_3D('',#9417,#1453,#1454);
#1288=AXIS2_PLACEMENT_3D('',#9624,#1455,#1456);
#1289=AXIS2_PLACEMENT_3D('',#9773,#1457,#1458);
#1290=AXIS2_PLACEMENT_3D('',#9774,#1459,#1460);
#1291=AXIS2_PLACEMENT_3D('',#9888,#1461,#1462);
#1292=AXIS2_PLACEMENT_3D('',#10037,#1463,#1464);
#1293=AXIS2_PLACEMENT_3D('',#10038,#1465,#1466);
#1294=AXIS2_PLACEMENT_3D('',#10100,#1467,#1468);
#1295=AXIS2_PLACEMENT_3D('',#10101,#1469,#1470);
#1296=AXIS2_PLACEMENT_3D('',#10102,#1471,#1472);
#1297=AXIS2_PLACEMENT_3D('',#10163,#1473,#1474);
#1298=AXIS2_PLACEMENT_3D('',#10164,#1475,#1476);
#1299=AXIS2_PLACEMENT_3D('',#10225,#1477,#1478);
#1300=AXIS2_PLACEMENT_3D('',#10226,#1479,#1480);
#1301=AXIS2_PLACEMENT_3D('',#10287,#1481,#1482);
#1302=AXIS2_PLACEMENT_3D('',#10288,#1483,#1484);
#1303=AXIS2_PLACEMENT_3D('',#10289,#1485,#1486);
#1304=AXIS2_PLACEMENT_3D('',#10291,#1487,#1488);
#1305=AXIS2_PLACEMENT_3D('',#10293,#1490,#1491);
#1306=AXIS2_PLACEMENT_3D('',#10295,#1492,#1493);
#1307=AXIS2_PLACEMENT_3D('',#10297,#1495,#1496);
#1308=AXIS2_PLACEMENT_3D('',#10299,#1497,#1498);
#1309=AXIS2_PLACEMENT_3D('',#10301,#1500,#1501);
#1310=AXIS2_PLACEMENT_3D('',#10303,#1502,#1503);
#1311=AXIS2_PLACEMENT_3D('',#10305,#1505,#1506);
#1312=AXIS2_PLACEMENT_3D('',#10306,#1507,#1508);
#1313=AXIS2_PLACEMENT_3D('',#10307,#1509,#1510);
#1314=AXIS2_PLACEMENT_3D('',#10308,#1511,#1512);
#1315=DIRECTION('axis',(0.,0.,1.));
#1316=DIRECTION('refdir',(1.,0.,0.));
#1317=DIRECTION('center_axis',(-0.88706722021625,-0.181204254495429,0.424590114075412));
#1318=DIRECTION('ref_axis',(0.200140401922081,-0.979767227211886,-1.48029736616687E-16));
#1319=DIRECTION('center_axis',(0.104618325111241,-0.181204254495428,-0.977865033736085));
#1320=DIRECTION('ref_axis',(0.815146574907253,-0.54765917106866,0.188694180518006));
#1321=DIRECTION('center_axis',(0.104618325111241,-0.181204254495428,-0.977865033736085));
#1322=DIRECTION('ref_axis',(0.815146574907253,-0.54765917106866,0.188694180518006));
#1323=DIRECTION('center_axis',(0.600461097774987,0.677620620324002,0.424590114075412));
#1324=DIRECTION('ref_axis',(0.249477702533297,-0.663210285994094,0.70562950086454));
#1325=DIRECTION('center_axis',(0.600461097774987,0.677620620324002,0.424590114075412));
#1326=DIRECTION('ref_axis',(0.249477702533297,-0.663210285994094,0.70562950086454));
#1327=DIRECTION('center_axis',(0.286606122441263,-0.858824874819432,0.424590114075411));
#1328=DIRECTION('ref_axis',(-0.699095806988676,0.115551114925433,0.705629500864541));
#1329=DIRECTION('center_axis',(0.286606122441264,0.858824874819432,0.424590114075411));
#1330=DIRECTION('ref_axis',(-0.948573509521974,0.316556941217794,0.));
#1331=DIRECTION('center_axis',(0.286606122441264,0.858824874819432,0.424590114075411));
#1332=DIRECTION('ref_axis',(-0.948573509521974,0.316556941217794,0.));
#1333=DIRECTION('center_axis',(-0.209236650222483,1.26623583651884E-16,
-0.977865033736085));
#1334=DIRECTION('ref_axis',(-0.881860042214614,-0.432108056143227,0.188694180518006));
#1335=DIRECTION('center_axis',(-0.209236650222483,1.26623583651884E-16,
-0.977865033736085));
#1336=DIRECTION('ref_axis',(-0.881860042214614,-0.432108056143227,0.188694180518006));
#1337=DIRECTION('center_axis',(0.495842772663746,-0.858824874819432,0.128684805585261));
#1338=DIRECTION('ref_axis',(-0.316191169840658,-0.316556941217793,-0.894323681382547));
#1339=DIRECTION('center_axis',(-0.991685545327491,1.74107427521341E-16,
0.128684805585261));
#1340=DIRECTION('ref_axis',(-0.116050767918577,0.432108056143227,-0.894323681382547));
#1341=DIRECTION('center_axis',(-0.991685545327491,1.74107427521341E-16,
0.128684805585261));
#1342=DIRECTION('ref_axis',(-0.116050767918577,0.432108056143227,-0.894323681382547));
#1343=DIRECTION('center_axis',(0.495842772663746,0.858824874819432,0.128684805585262));
#1344=DIRECTION('ref_axis',(0.432241937759236,-0.115551114925433,-0.894323681382546));
#1345=DIRECTION('center_axis',(0.495842772663746,0.858824874819432,0.128684805585262));
#1346=DIRECTION('ref_axis',(0.432241937759236,-0.115551114925433,-0.894323681382546));
#1347=DIRECTION('center_axis',(0.104618325111242,0.181204254495429,-0.977865033736085));
#1348=DIRECTION('ref_axis',(0.0667134673073604,0.979767227211886,0.188694180518007));
#1349=DIRECTION('center_axis',(-0.88706722021625,0.181204254495429,0.424590114075412));
#1350=DIRECTION('ref_axis',(0.449618104455379,0.547659171068659,0.705629500864541));
#1351=DIRECTION('center_axis',(-0.88706722021625,0.181204254495429,0.424590114075412));
#1352=DIRECTION('ref_axis',(0.449618104455379,0.547659171068659,0.705629500864541));
#1353=DIRECTION('center_axis',(0.600461097774987,-0.677620620324003,0.424590114075411));
#1354=DIRECTION('ref_axis',(0.748433107599893,0.663210285994093,0.));
#1355=DIRECTION('center_axis',(0.600461097774987,-0.677620620324003,0.424590114075411));
#1356=DIRECTION('ref_axis',(0.748433107599893,0.663210285994093,0.));
#1357=DIRECTION('center_axis',(0.755511169780376,0.404878362621471,-0.515049884785973));
#1358=DIRECTION('ref_axis',(0.648065462237418,-0.577061205264224,0.497002537251071));
#1359=DIRECTION('center_axis',(-0.728390532363031,-0.451852684561971,-0.515049884785969));
#1360=DIRECTION('ref_axis',(0.527150796535727,-0.849771756245022,0.));
#1361=DIRECTION('center_axis',(-0.728390532363031,-0.451852684561971,-0.515049884785969));
#1362=DIRECTION('ref_axis',(0.527150796535727,-0.849771756245022,0.));
#1363=DIRECTION('center_axis',(-0.233756631648563,0.404878362621468,0.883986056813838));
#1364=DIRECTION('ref_axis',(0.157449510019614,-0.881411859547652,0.445334464917474));
#1365=DIRECTION('center_axis',(-0.233756631648563,0.404878362621468,0.883986056813838));
#1366=DIRECTION('ref_axis',(0.157449510019614,-0.881411859547652,0.445334464917474));
#1367=DIRECTION('center_axis',(-0.233756631648554,-0.404878362621476,0.883986056813836));
#1368=DIRECTION('ref_axis',(0.684600306555342,0.577061205264224,0.445334464917475));
#1369=DIRECTION('center_axis',(-0.728390532363033,0.451852684561968,-0.51504988478597));
#1370=DIRECTION('ref_axis',(0.175716932178576,0.849771756245021,0.497002537251072));
#1371=DIRECTION('center_axis',(-0.728390532363033,0.451852684561968,-0.51504988478597));
#1372=DIRECTION('ref_axis',(0.175716932178576,0.849771756245021,0.497002537251072));
#1373=DIRECTION('center_axis',(0.755511169780376,-0.404878362621469,-0.515049884785975));
#1374=DIRECTION('ref_axis',(0.472348530058843,0.881411859547652,5.55111512312579E-16));
#1375=DIRECTION('center_axis',(0.755511169780376,-0.404878362621469,-0.515049884785975));
#1376=DIRECTION('ref_axis',(0.472348530058843,0.881411859547652,5.55111512312579E-16));
#1377=DIRECTION('center_axis',(0.467513263297119,1.57069894907313E-15,0.883986056813838));
#1378=DIRECTION('ref_axis',(-0.842049816574956,0.304350654283427,0.445334464917474));
#1379=DIRECTION('center_axis',(-0.0271206374173446,-0.85673104718344,-0.515049884785972));
#1380=DIRECTION('ref_axis',(-0.823782394415994,-0.272710550980797,0.497002537251071));
#1381=DIRECTION('center_axis',(-0.0271206374173446,-0.85673104718344,-0.515049884785972));
#1382=DIRECTION('ref_axis',(-0.823782394415994,-0.272710550980797,0.497002537251071));
#1383=DIRECTION('center_axis',(-0.0271206374173469,0.856731047183439,-0.515049884785973));
#1384=DIRECTION('ref_axis',(-0.99949932659457,-0.0316401033026292,0.));
#1385=DIRECTION('center_axis',(-0.0271206374173469,0.856731047183439,-0.515049884785973));
#1386=DIRECTION('ref_axis',(-0.99949932659457,-0.0316401033026292,0.));
#1387=DIRECTION('center_axis',(-0.494633900714468,-0.856731047183437,0.146113712758116));
#1388=DIRECTION('ref_axis',(-0.333166442198191,0.0316401033026291,-0.942337002168544));
#1389=DIRECTION('center_axis',(0.989267801428935,1.79508451322644E-15,0.146113712758116));
#1390=DIRECTION('ref_axis',(0.139182087860655,-0.304350654283428,-0.942337002168544));
#1391=DIRECTION('center_axis',(0.989267801428935,1.79508451322644E-15,0.146113712758116));
#1392=DIRECTION('ref_axis',(0.139182087860655,-0.304350654283428,-0.942337002168544));
#1393=DIRECTION('center_axis',(-0.494633900714475,0.856731047183434,0.146113712758113));
#1394=DIRECTION('ref_axis',(0.193984354337538,0.272710550980799,-0.942337002168544));
#1395=DIRECTION('center_axis',(-0.494633900714475,0.856731047183434,0.146113712758113));
#1396=DIRECTION('ref_axis',(0.193984354337538,0.272710550980799,-0.942337002168544));
#1397=DIRECTION('center_axis',(-0.494633900714468,-0.856731047183437,0.146113712758116));
#1398=DIRECTION('ref_axis',(-0.333166442198191,0.0316401033026291,-0.942337002168544));
#1399=DIRECTION('center_axis',(0.467513263297119,1.57069894907313E-15,0.883986056813838));
#1400=DIRECTION('ref_axis',(-0.842049816574956,0.304350654283427,0.445334464917474));
#1401=DIRECTION('center_axis',(-0.233756631648554,-0.404878362621476,0.883986056813836));
#1402=DIRECTION('ref_axis',(0.684600306555342,0.577061205264224,0.445334464917475));
#1403=DIRECTION('center_axis',(-0.305762609974423,0.529596375530568,-0.79122493980316));
#1404=DIRECTION('ref_axis',(0.39561246990158,-0.68522089797735,-0.611525219948847));
#1405=DIRECTION('center_axis',(0.271066143594347,-0.46950033291717,0.840293153124286));
#1406=DIRECTION('ref_axis',(0.420146576562143,-0.727715217231759,-0.542132287188694));
#1407=DIRECTION('center_axis',(0.755511169780376,0.404878362621471,-0.515049884785973));
#1408=DIRECTION('ref_axis',(0.648065462237418,-0.577061205264224,0.497002537251071));
#1409=DIRECTION('center_axis',(0.611525219948847,0.,-0.79122493980316));
#1410=DIRECTION('ref_axis',(-0.79122493980316,0.,-0.611525219948847));
#1411=DIRECTION('center_axis',(0.611525219948847,0.,-0.79122493980316));
#1412=DIRECTION('ref_axis',(-0.79122493980316,0.,-0.611525219948847));
#1413=DIRECTION('center_axis',(-0.542132287188694,0.,0.840293153124286));
#1414=DIRECTION('ref_axis',(-0.840293153124286,0.,-0.542132287188694));
#1415=DIRECTION('center_axis',(-0.305762609974424,-0.529596375530568,-0.79122493980316));
#1416=DIRECTION('ref_axis',(0.39561246990158,0.68522089797735,-0.611525219948847));
#1417=DIRECTION('center_axis',(0.271066143594347,0.46950033291717,0.840293153124286));
#1418=DIRECTION('ref_axis',(0.420146576562143,0.727715217231759,-0.542132287188694));
#1419=DIRECTION('center_axis',(-0.847894897163118,-0.529596375530568,-0.0245341066605633));
#1420=DIRECTION('ref_axis',(-0.444680683222706,0.68522089797735,0.576828753568771));
#1421=DIRECTION('center_axis',(0.882591363543194,0.46950033291717,-0.0245341066605631));
#1422=DIRECTION('ref_axis',(-0.371078363241017,0.727715217231759,0.576828753568771));
#1423=DIRECTION('center_axis',(-0.847894897163118,0.529596375530568,-0.0245341066605632));
#1424=DIRECTION('ref_axis',(-0.444680683222707,-0.68522089797735,0.57682875356877));
#1425=DIRECTION('center_axis',(0.882591363543194,-0.46950033291717,-0.0245341066605632));
#1426=DIRECTION('ref_axis',(-0.371078363241017,-0.727715217231759,0.57682875356877));
#1427=DIRECTION('center_axis',(-0.0346964663800769,-0.999096708447738,-0.0245341066605632));
#1428=DIRECTION('ref_axis',(0.815759046463723,-0.0424943192544097,0.57682875356877));
#1429=DIRECTION('center_axis',(-0.0346964663800761,0.999096708447738,-0.0245341066605631));
#1430=DIRECTION('ref_axis',(0.815759046463723,0.0424943192544091,0.57682875356877));
#1431=DIRECTION('center_axis',(0.471404520791032,-0.816496580927726,0.333333333333333));
#1432=DIRECTION('ref_axis',(0.166666666666667,-0.288675134594813,-0.942809041582063));
#1433=DIRECTION('center_axis',(-0.471404520791032,0.816496580927726,-0.333333333333333));
#1434=DIRECTION('ref_axis',(0.166666666666667,-0.288675134594813,-0.942809041582063));
#1435=DIRECTION('',(-0.471404520791032,0.816496580927726,-0.333333333333333));
#1436=DIRECTION('center_axis',(0.,0.,-1.));
#1437=DIRECTION('ref_axis',(1.,0.,0.));
#1438=DIRECTION('center_axis',(0.,0.,1.));
#1439=DIRECTION('ref_axis',(1.,0.,0.));
#1440=DIRECTION('',(0.,0.,1.));
#1441=DIRECTION('center_axis',(0.471404520791032,0.816496580927726,0.333333333333333));
#1442=DIRECTION('ref_axis',(0.166666666666667,0.288675134594813,-0.942809041582063));
#1443=DIRECTION('center_axis',(-0.471404520791032,-0.816496580927726,-0.333333333333333));
#1444=DIRECTION('ref_axis',(0.166666666666667,0.288675134594813,-0.942809041582063));
#1445=DIRECTION('',(-0.471404520791032,-0.816496580927726,-0.333333333333333));
#1446=DIRECTION('center_axis',(-0.942809041582063,0.,0.333333333333333));
#1447=DIRECTION('ref_axis',(-0.333333333333333,0.,-0.942809041582063));
#1448=DIRECTION('center_axis',(0.942809041582063,0.,-0.333333333333333));
#1449=DIRECTION('ref_axis',(-0.333333333333333,0.,-0.942809041582063));
#1450=DIRECTION('',(0.942809041582063,0.,-0.333333333333333));
#1451=DIRECTION('center_axis',(0.104618325111242,0.181204254495429,-0.977865033736085));
#1452=DIRECTION('ref_axis',(0.0667134673073604,0.979767227211886,0.188694180518007));
#1453=DIRECTION('center_axis',(0.495842772663746,-0.858824874819432,0.128684805585261));
#1454=DIRECTION('ref_axis',(-0.316191169840658,-0.316556941217793,-0.894323681382547));
#1455=DIRECTION('center_axis',(0.286606122441263,-0.858824874819432,0.424590114075411));
#1456=DIRECTION('ref_axis',(-0.699095806988676,0.115551114925433,0.705629500864541));
#1457=DIRECTION('center_axis',(0.423324390772619,-0.733219352901317,0.532152084190192));
#1458=DIRECTION('ref_axis',(0.266076042095096,-0.460857223585541,-0.846648781545237));
#1459=DIRECTION('center_axis',(-0.109750767978086,0.190093906307749,-0.975612154348684));
#1460=DIRECTION('ref_axis',(0.487806077174342,-0.844904909906826,-0.219501535956173));
#1461=DIRECTION('center_axis',(-0.88706722021625,-0.181204254495429,0.424590114075412));
#1462=DIRECTION('ref_axis',(0.200140401922081,-0.979767227211886,-1.48029736616687E-16));
#1463=DIRECTION('center_axis',(0.423324390772619,0.733219352901317,0.532152084190191));
#1464=DIRECTION('ref_axis',(0.266076042095096,0.460857223585541,-0.846648781545238));
#1465=DIRECTION('center_axis',(-0.109750767978086,-0.190093906307749,-0.975612154348684));
#1466=DIRECTION('ref_axis',(0.487806077174342,0.844904909906825,-0.219501535956173));
#1467=DIRECTION('center_axis',(-0.846648781545238,0.,0.532152084190191));
#1468=DIRECTION('ref_axis',(-0.532152084190191,0.,-0.846648781545238));
#1469=DIRECTION('center_axis',(-0.846648781545238,0.,0.532152084190191));
#1470=DIRECTION('ref_axis',(-0.532152084190191,0.,-0.846648781545238));
#1471=DIRECTION('center_axis',(0.219501535956173,0.,-0.975612154348684));
#1472=DIRECTION('ref_axis',(-0.975612154348684,0.,-0.219501535956173));
#1473=DIRECTION('center_axis',(0.642825926728792,0.733219352901317,0.221730035079247));
#1474=DIRECTION('ref_axis',(-0.709536112253588,0.460857223585541,0.533075158750705));
#1475=DIRECTION('center_axis',(-0.956399549523324,-0.190093906307749,0.221730035079246));
#1476=DIRECTION('ref_axis',(-0.044346007015849,0.844904909906825,0.533075158750705));
#1477=DIRECTION('center_axis',(0.313573622794533,0.923313259209066,0.221730035079246));
#1478=DIRECTION('ref_axis',(0.753882119269438,-0.384047686321285,0.533075158750705));
#1479=DIRECTION('center_axis',(0.313573622794532,-0.923313259209066,0.221730035079246));
#1480=DIRECTION('ref_axis',(0.753882119269438,0.384047686321284,0.533075158750705));
#1481=DIRECTION('center_axis',(0.642825926728791,-0.733219352901318,0.221730035079246));
#1482=DIRECTION('ref_axis',(-0.709536112253589,-0.460857223585541,0.533075158750705));
#1483=DIRECTION('center_axis',(-0.956399549523324,0.190093906307749,0.221730035079246));
#1484=DIRECTION('ref_axis',(-0.0443460070158495,-0.844904909906826,0.533075158750705));
#1485=DIRECTION('center_axis',(0.471404520791032,-0.816496580927726,0.333333333333333));
#1486=DIRECTION('ref_axis',(0.166666666666667,-0.288675134594813,-0.942809041582063));
#1487=DIRECTION('center_axis',(0.471404520791032,-0.816496580927726,0.333333333333333));
#1488=DIRECTION('ref_axis',(0.166666666666667,-0.288675134594813,-0.942809041582063));
#1489=DIRECTION('',(-0.471404520791032,0.816496580927726,-0.333333333333333));
#1490=DIRECTION('center_axis',(0.471404520791032,0.816496580927726,0.333333333333333));
#1491=DIRECTION('ref_axis',(0.166666666666667,0.288675134594813,-0.942809041582063));
#1492=DIRECTION('center_axis',(0.471404520791032,0.816496580927726,0.333333333333333));
#1493=DIRECTION('ref_axis',(0.166666666666667,0.288675134594813,-0.942809041582063));
#1494=DIRECTION('',(-0.471404520791032,-0.816496580927726,-0.333333333333333));
#1495=DIRECTION('center_axis',(0.,0.,-1.));
#1496=DIRECTION('ref_axis',(1.,0.,0.));
#1497=DIRECTION('center_axis',(0.,0.,-1.));
#1498=DIRECTION('ref_axis',(1.,0.,0.));
#1499=DIRECTION('',(0.,0.,1.));
#1500=DIRECTION('center_axis',(-0.942809041582063,0.,0.333333333333333));
#1501=DIRECTION('ref_axis',(-0.333333333333333,0.,-0.942809041582063));
#1502=DIRECTION('center_axis',(-0.942809041582063,0.,0.333333333333333));
#1503=DIRECTION('ref_axis',(-0.333333333333333,0.,-0.942809041582063));
#1504=DIRECTION('',(0.942809041582063,0.,-0.333333333333333));
#1505=DIRECTION('center_axis',(-0.471404520791032,-0.816496580927726,-0.333333333333333));
#1506=DIRECTION('ref_axis',(0.166666666666667,0.288675134594813,-0.942809041582063));
#1507=DIRECTION('center_axis',(-0.471404520791032,0.816496580927726,-0.333333333333333));
#1508=DIRECTION('ref_axis',(0.166666666666667,-0.288675134594813,-0.942809041582063));
#1509=DIRECTION('center_axis',(0.942809041582063,0.,-0.333333333333333));
#1510=DIRECTION('ref_axis',(-0.333333333333333,0.,-0.942809041582063));
#1511=DIRECTION('center_axis',(0.,0.,1.));
#1512=DIRECTION('ref_axis',(1.,0.,0.));
#1513=CARTESIAN_POINT('',(0.,0.,0.));
#1514=CARTESIAN_POINT('Ctrl Pts',(-13.5619265735403,23.4899458738903,-9.5897302461044));
#1515=CARTESIAN_POINT('Ctrl Pts',(-13.3023870976179,23.5798326592482,-9.73659773417908));
#1516=CARTESIAN_POINT('Ctrl Pts',(-12.7811469926051,23.7625648268553,-10.0327530493992));
#1517=CARTESIAN_POINT('Ctrl Pts',(-11.9834847610764,24.0464990398158,-10.4882639401225));
#1518=CARTESIAN_POINT('Ctrl Pts',(-11.1600628424865,24.3408589479263,-10.9595274817287));
#1519=CARTESIAN_POINT('Ctrl Pts',(-10.3001853801429,24.6460235063282,-11.4507271342947));
#1520=CARTESIAN_POINT('Ctrl Pts',(-9.39087331852487,24.9624141981467,-11.9662532590915));
#1521=CARTESIAN_POINT('Ctrl Pts',(-8.41783279821971,25.289516424383,-12.5105044222615));
#1522=CARTESIAN_POINT('Ctrl Pts',(-7.36729808238235,25.625022941422,-13.0871130905584));
#1523=CARTESIAN_POINT('Ctrl Pts',(-6.23258654817957,25.9640442314087,-13.695778876583));
#1524=CARTESIAN_POINT('Ctrl Pts',(-5.01910169058366,26.3000452371336,-14.3313593513105));
#1525=CARTESIAN_POINT('Ctrl Pts',(-3.75401009297548,26.6264776772387,-14.977960636918));
#1526=CARTESIAN_POINT('Ctrl Pts',(-2.4909033900718,26.9355785106217,-15.6138888188801));
#1527=CARTESIAN_POINT('Ctrl Pts',(-1.25488063379142,27.230411227238,-16.2321426861388));
#1528=CARTESIAN_POINT('Ctrl Pts',(-0.429906602679802,27.4139636725971,-16.6355607692485));
#1529=CARTESIAN_POINT('Ctrl Pts',(-0.00015036530895074,27.5017514488025,
-16.8412613584388));
#1530=CARTESIAN_POINT('Ctrl Pts',(-12.8869904452676,24.0743751308432,-9.11268060215478));
#1531=CARTESIAN_POINT('Ctrl Pts',(-12.6402002981815,24.1566065605032,-9.26384013414687));
#1532=CARTESIAN_POINT('Ctrl Pts',(-12.1426756171949,24.3245483731034,-9.5680479488365));
#1533=CARTESIAN_POINT('Ctrl Pts',(-11.3762751790934,24.5878545638919,-10.0331259531739));
#1534=CARTESIAN_POINT('Ctrl Pts',(-10.580291219446,24.8634678379735,-10.5104306761976));
#1535=CARTESIAN_POINT('Ctrl Pts',(-9.74373077464037,25.1524803571408,-11.0029835399722));
#1536=CARTESIAN_POINT('Ctrl Pts',(-8.85409968309098,25.455668953923,-11.5133866682971));
#1537=CARTESIAN_POINT('Ctrl Pts',(-7.89914384891422,25.7725572455631,-12.0438114821416));
#1538=CARTESIAN_POINT('Ctrl Pts',(-6.86709834197971,26.1013244062695,-12.5958850101826));
#1539=CARTESIAN_POINT('Ctrl Pts',(-5.75356429375413,26.4377552115314,-13.1678294281673));
#1540=CARTESIAN_POINT('Ctrl Pts',(-4.56770244910658,26.7757833522095,-13.7524689388636));
#1541=CARTESIAN_POINT('Ctrl Pts',(-3.33872418870284,27.1100416372254,-14.3330595202449));
#1542=CARTESIAN_POINT('Ctrl Pts',(-2.11348889076223,27.4345041900669,-14.8919647924186));
#1543=CARTESIAN_POINT('Ctrl Pts',(-0.908226750332335,27.7541190032858,-15.4210873418072));
#1544=CARTESIAN_POINT('Ctrl Pts',(-0.0988737482643653,27.9599722345112,
-15.7584765808043));
#1545=CARTESIAN_POINT('Ctrl Pts',(0.322320706464863,28.060287729086,-15.9291754320878));
#1546=CARTESIAN_POINT('Ctrl Pts',(-11.570967572099,25.2432725656851,-8.18261260067932));
#1547=CARTESIAN_POINT('Ctrl Pts',(-11.3448548118845,25.3140808248355,-8.3415779913628));
#1548=CARTESIAN_POINT('Ctrl Pts',(-10.8865348261855,25.4596826209806,-8.65957785264137));
#1549=CARTESIAN_POINT('Ctrl Pts',(-10.1713409060714,25.6925214016361,-9.13879040218858));
#1550=CARTESIAN_POINT('Ctrl Pts',(-9.41777346251624,25.9420498210104,-9.6221873116124));
#1551=CARTESIAN_POINT('Ctrl Pts',(-8.61619806079206,26.2097315642285,-10.110014717348));
#1552=CARTESIAN_POINT('Ctrl Pts',(-7.75770734667745,26.4964967342778,-10.6015535322118));
#1553=CARTESIAN_POINT('Ctrl Pts',(-6.83223710571981,26.8031380012545,-11.0966557713886));
#1554=CARTESIAN_POINT('Ctrl Pts',(-5.83176447121539,27.1287598851261,-11.5950289769726));
#1555=CARTESIAN_POINT('Ctrl Pts',(-4.75985545730134,27.4692144825686,-12.0916113241535));
#1556=CARTESIAN_POINT('Ctrl Pts',(-3.63703306886701,27.8189392104716,-12.5748025539404));
#1557=CARTESIAN_POINT('Ctrl Pts',(-2.49058815524655,28.1758278206269,-13.0313443205294));
#1558=CARTESIAN_POINT('Ctrl Pts',(-1.35413956404487,28.536532899741,-13.4489665179698));
#1559=CARTESIAN_POINT('Ctrl Pts',(-0.22983601030782,28.9089884687483,-13.818609827306));
#1560=CARTESIAN_POINT('Ctrl Pts',(0.528241020227163,29.158302322126,-14.0427155405986));
#1561=CARTESIAN_POINT('Ctrl Pts',(0.922261569777703,29.2831435907757,-14.1538760699551));
#1562=CARTESIAN_POINT('Ctrl Pts',(-9.5359140022239,27.2165509477886,-6.74331501570799));
#1563=CARTESIAN_POINT('Ctrl Pts',(-9.32951192908691,27.2771272631995,-6.909804989899));
#1564=CARTESIAN_POINT('Ctrl Pts',(-8.90572632311476,27.4046365476727,-7.23947862373471));
#1565=CARTESIAN_POINT('Ctrl Pts',(-8.22988398494026,27.6178788503264,-7.72452236026103));
#1566=CARTESIAN_POINT('Ctrl Pts',(-7.50692832958764,27.855226108527,-8.2004287399516));
#1567=CARTESIAN_POINT('Ctrl Pts',(-6.73233060033783,28.1178935080163,-8.66546126822359));
#1568=CARTESIAN_POINT('Ctrl Pts',(-5.90419515697383,28.4061161515194,-9.11693956138746));
#1569=CARTESIAN_POINT('Ctrl Pts',(-5.02211268259973,28.719202345052,-9.55313916364921));
#1570=CARTESIAN_POINT('Ctrl Pts',(-4.09234411208248,29.0540627738385,-9.9704752540514));
#1571=CARTESIAN_POINT('Ctrl Pts',(-3.13216215874426,29.4057350302862,-10.3611513190433));
#1572=CARTESIAN_POINT('Ctrl Pts',(-2.16135417655934,29.7717704898833,-10.716480225687));
#1573=CARTESIAN_POINT('Ctrl Pts',(-1.19367029703614,30.1538028541038,-11.0290347714473));
#1574=CARTESIAN_POINT('Ctrl Pts',(-0.245656651897316,30.5502053833456,-11.2903483645437));
#1575=CARTESIAN_POINT('Ctrl Pts',(0.697778301817142,30.9709364460735,-11.5000240684298));
#1576=CARTESIAN_POINT('Ctrl Pts',(1.34530377962933,31.2642417447113,-11.6156561225744));
#1577=CARTESIAN_POINT('Ctrl Pts',(1.67595478511917,31.4119180582539,-11.6707293813116));
#1578=CARTESIAN_POINT('Ctrl Pts',(-6.96185607792894,30.0014499173538,-4.92361008112942));
#1579=CARTESIAN_POINT('Ctrl Pts',(-6.77651214743331,30.0500078498987,-5.10688672274543));
#1580=CARTESIAN_POINT('Ctrl Pts',(-6.39370509790778,30.154611828555,-5.466256579153));
#1581=CARTESIAN_POINT('Ctrl Pts',(-5.78144235804653,30.334996325604,-5.98373036205001));
#1582=CARTESIAN_POINT('Ctrl Pts',(-5.13115729906363,30.538620324327,-6.47895376267217));
#1583=CARTESIAN_POINT('Ctrl Pts',(-4.44750668492518,30.7643514188033,-6.94777357366191));
#1584=CARTESIAN_POINT('Ctrl Pts',(-3.73728713388387,31.0111398597972,-7.38552540972648));
#1585=CARTESIAN_POINT('Ctrl Pts',(-3.0047554137027,31.2789498301855,-7.79026464609948));
#1586=CARTESIAN_POINT('Ctrl Pts',(-2.25798266540114,31.5668336889964,-8.15787294041632));
#1587=CARTESIAN_POINT('Ctrl Pts',(-1.5082309627954,31.8743840827974,-8.48187432573637));
#1588=CARTESIAN_POINT('Ctrl Pts',(-0.758765371834049,32.2060404097358,-8.75802158147249));
#1589=CARTESIAN_POINT('Ctrl Pts',(-0.00855688776795427,32.5659809338713,
-8.98460752730892));
#1590=CARTESIAN_POINT('Ctrl Pts',(0.742971348110945,32.9562949263212,-9.15993625892573));
#1591=CARTESIAN_POINT('Ctrl Pts',(1.50912301877829,33.3805226391605,-9.29208484843635));
#1592=CARTESIAN_POINT('Ctrl Pts',(2.01787516903524,33.6661256889885,-9.36411001303444));
#1593=CARTESIAN_POINT('Ctrl Pts',(2.27403383938055,33.808645930018,-9.39834107225821));
#1594=CARTESIAN_POINT('Ctrl Pts',(-5.21568409306739,32.5347305406534,-3.68885267299802));
#1595=CARTESIAN_POINT('Ctrl Pts',(-5.06319517251292,32.5519020335817,-3.88345949064319));
#1596=CARTESIAN_POINT('Ctrl Pts',(-4.74573531318407,32.5950904420432,-4.26332055775908));
#1597=CARTESIAN_POINT('Ctrl Pts',(-4.2324676736587,32.6881658342845,-4.80283516171409));
#1598=CARTESIAN_POINT('Ctrl Pts',(-3.68429757449191,32.8103923649844,-5.30905576981352));
#1599=CARTESIAN_POINT('Ctrl Pts',(-3.10735326207586,32.9622571010654,-5.77595117462765));
#1600=CARTESIAN_POINT('Ctrl Pts',(-2.50726704352106,33.1448186689393,-6.19917578106344));
#1601=CARTESIAN_POINT('Ctrl Pts',(-1.88622249519408,33.3593791254234,-6.57838717504205));
#1602=CARTESIAN_POINT('Ctrl Pts',(-1.25140565601423,33.6047149037173,-6.91134497189814));
#1603=CARTESIAN_POINT('Ctrl Pts',(-0.611769127727489,33.8787287986213,-7.19617393198246));
#1604=CARTESIAN_POINT('Ctrl Pts',(0.0313110619211876,34.1816825852246,-7.43555566611619));
#1605=CARTESIAN_POINT('Ctrl Pts',(0.673081172332957,34.5086853998029,-7.6335205930797));
#1606=CARTESIAN_POINT('Ctrl Pts',(1.30672630339833,34.8526711254318,-7.79433842558995));
#1607=CARTESIAN_POINT('Ctrl Pts',(1.93920867557771,35.2115869344566,-7.92708053885544));
#1608=CARTESIAN_POINT('Ctrl Pts',(2.35544037678174,35.4479321067183,-8.00503622087579));
#1609=CARTESIAN_POINT('Ctrl Pts',(2.56404012339915,35.565180892963,-8.04280626919637));
#1610=CARTESIAN_POINT('Ctrl Pts',(-4.43865259500799,33.8805865260902,-3.13941094002958));
#1611=CARTESIAN_POINT('Ctrl Pts',(-4.29927190028507,33.8805000882327,-3.33661676361977));
#1612=CARTESIAN_POINT('Ctrl Pts',(-4.00681428580944,33.8922928950366,-3.72025802553098));
#1613=CARTESIAN_POINT('Ctrl Pts',(-3.52934808368071,33.9462638229531,-4.26057575976504));
#1614=CARTESIAN_POINT('Ctrl Pts',(-3.01753248200461,34.0359290282247,-4.76217956098975));
#1615=CARTESIAN_POINT('Ctrl Pts',(-2.47954752255107,34.1603441129207,-5.2190089661508));
#1616=CARTESIAN_POINT('Ctrl Pts',(-1.92170567138913,34.3192201673668,-5.6281032021295));
#1617=CARTESIAN_POINT('Ctrl Pts',(-1.34713506441966,34.5119650170091,-5.99058059707421));
#1618=CARTESIAN_POINT('Ctrl Pts',(-0.76384780551043,34.7352608432288,-6.30575379551581));
#1619=CARTESIAN_POINT('Ctrl Pts',(-0.179829605599215,34.9853485238332,-6.57416619705227));
#1620=CARTESIAN_POINT('Ctrl Pts',(0.404771449756002,35.2607376209554,-6.80086936567046));
#1621=CARTESIAN_POINT('Ctrl Pts',(0.984681052218077,35.5543431247283,-6.99099544213274));
#1622=CARTESIAN_POINT('Ctrl Pts',(1.55541714300738,35.8595479621476,-7.14970726132511));
#1623=CARTESIAN_POINT('Ctrl Pts',(2.12311282049635,36.1735094269716,-7.28587140863518));
#1624=CARTESIAN_POINT('Ctrl Pts',(2.49497199308563,36.3771505710225,-7.36860412477648));
#1625=CARTESIAN_POINT('Ctrl Pts',(2.68096142986898,36.4776551373821,-7.40910975907767));
#1626=CARTESIAN_POINT('',(-13.5619265735403,23.4899458738903,-9.5897302461044));
#1627=CARTESIAN_POINT('',(-0.000150365308946647,27.5017514488026,-16.8412613584388));
#1628=CARTESIAN_POINT('Ctrl Pts',(-13.5619265735403,23.4899458738903,-9.5897302461044));
#1629=CARTESIAN_POINT('Ctrl Pts',(-13.3023870976179,23.5798326592482,-9.73659773417908));
#1630=CARTESIAN_POINT('Ctrl Pts',(-12.7811469926051,23.7625648268553,-10.0327530493992));
#1631=CARTESIAN_POINT('Ctrl Pts',(-11.9834847610764,24.0464990398158,-10.4882639401225));
#1632=CARTESIAN_POINT('Ctrl Pts',(-11.1600628424865,24.3408589479263,-10.9595274817287));
#1633=CARTESIAN_POINT('Ctrl Pts',(-10.3001853801429,24.6460235063282,-11.4507271342947));
#1634=CARTESIAN_POINT('Ctrl Pts',(-9.39087331852487,24.9624141981467,-11.9662532590915));
#1635=CARTESIAN_POINT('Ctrl Pts',(-8.41783279821971,25.289516424383,-12.5105044222615));
#1636=CARTESIAN_POINT('Ctrl Pts',(-7.36729808238235,25.625022941422,-13.0871130905584));
#1637=CARTESIAN_POINT('Ctrl Pts',(-6.23258654817957,25.9640442314087,-13.695778876583));
#1638=CARTESIAN_POINT('Ctrl Pts',(-5.01910169058366,26.3000452371336,-14.3313593513105));
#1639=CARTESIAN_POINT('Ctrl Pts',(-3.75401009297548,26.6264776772387,-14.977960636918));
#1640=CARTESIAN_POINT('Ctrl Pts',(-2.4909033900718,26.9355785106217,-15.6138888188801));
#1641=CARTESIAN_POINT('Ctrl Pts',(-1.25488063379142,27.230411227238,-16.2321426861388));
#1642=CARTESIAN_POINT('Ctrl Pts',(-0.429906602679802,27.4139636725971,-16.6355607692485));
#1643=CARTESIAN_POINT('Ctrl Pts',(-0.00015036530895074,27.5017514488025,
-16.8412613584388));
#1644=CARTESIAN_POINT('',(-4.43865259500799,33.8805865260902,-3.13941094002958));
#1645=CARTESIAN_POINT('Ctrl Pts',(-13.5619265735403,23.4899458738903,-9.5897302461044));
#1646=CARTESIAN_POINT('Ctrl Pts',(-12.8869904452676,24.0743751308432,-9.11268060215478));
#1647=CARTESIAN_POINT('Ctrl Pts',(-11.570967572099,25.2432725656851,-8.18261260067932));
#1648=CARTESIAN_POINT('Ctrl Pts',(-9.5359140022239,27.2165509477886,-6.74331501570799));
#1649=CARTESIAN_POINT('Ctrl Pts',(-6.96185607792894,30.0014499173538,-4.92361008112942));
#1650=CARTESIAN_POINT('Ctrl Pts',(-5.21568409306739,32.5347305406534,-3.68885267299802));
#1651=CARTESIAN_POINT('Ctrl Pts',(-4.43865259500799,33.8805865260902,-3.13941094002958));
#1652=CARTESIAN_POINT('',(2.68096142986898,36.4776551373821,-7.40910975907768));
#1653=CARTESIAN_POINT('Ctrl Pts',(-4.43865259500798,33.8805865260902,-3.13941094002958));
#1654=CARTESIAN_POINT('Ctrl Pts',(-4.37289679718315,33.8805457471983,-3.23244696838096));
#1655=CARTESIAN_POINT('Ctrl Pts',(-4.30560245625064,33.881835922125,-3.32430688342826));
#1656=CARTESIAN_POINT('Ctrl Pts',(-4.23683379299322,33.884465118591,-3.41490256777941));
#1657=CARTESIAN_POINT('Ctrl Pts',(-4.17115011519254,33.8869763684156,-3.50143409913663));
#1658=CARTESIAN_POINT('Ctrl Pts',(-4.10412194671491,33.8907093800906,-3.58681186258725));
#1659=CARTESIAN_POINT('Ctrl Pts',(-4.03578352775566,33.8956681668748,-3.67099981157554));
#1660=CARTESIAN_POINT('Ctrl Pts',(-3.96680092714798,33.9006736969038,-3.7559813453816));
#1661=CARTESIAN_POINT('Ctrl Pts',(-3.89647737686016,33.9069286098136,-3.83975774923482));
#1662=CARTESIAN_POINT('Ctrl Pts',(-3.82485872440753,33.9144291202982,-3.92229148512441));
#1663=CARTESIAN_POINT('Ctrl Pts',(-3.7453309302135,33.9227579429407,-4.01393976021913));
#1664=CARTESIAN_POINT('Ctrl Pts',(-3.66420637080804,33.9326224052318,-4.10405502748335));
#1665=CARTESIAN_POINT('Ctrl Pts',(-3.58160077581842,33.9440076122939,-4.19254135236828));
#1666=CARTESIAN_POINT('Ctrl Pts',(-3.4793382385868,33.9581020590589,-4.30208400615791));
#1667=CARTESIAN_POINT('Ctrl Pts',(-3.3748064748516,33.9745265533369,-4.4091282198881));
#1668=CARTESIAN_POINT('Ctrl Pts',(-3.26830015726851,33.9932454542801,-4.51344719662531));
#1669=CARTESIAN_POINT('Ctrl Pts',(-3.15659904644966,34.0128773604066,-4.62285428012477));
#1670=CARTESIAN_POINT('Ctrl Pts',(-3.0427310629602,34.0350320711005,-4.72925855425531));
#1671=CARTESIAN_POINT('Ctrl Pts',(-2.92706312334902,34.0596739508494,-4.83241596810417));
#1672=CARTESIAN_POINT('Ctrl Pts',(-2.84052372718322,34.0781102902623,-4.90959535190329));
#1673=CARTESIAN_POINT('Ctrl Pts',(-2.75297798887049,34.0979389867317,-4.98495723785667));
#1674=CARTESIAN_POINT('Ctrl Pts',(-2.66456057971076,34.1191505172253,-5.05843232273607));
#1675=CARTESIAN_POINT('Ctrl Pts',(-2.58469886715256,34.1383095173283,-5.12479760265766));
#1676=CARTESIAN_POINT('Ctrl Pts',(-2.50412657850465,34.1585967405279,-5.18962338442751));
#1677=CARTESIAN_POINT('Ctrl Pts',(-2.42291504418535,34.1800090774444,-5.25289114264299));
#1678=CARTESIAN_POINT('Ctrl Pts',(-2.32094570228872,34.2068944444326,-5.33233024846189));
#1679=CARTESIAN_POINT('Ctrl Pts',(-2.21796679158973,34.2355555140188,-5.40931361453265));
#1680=CARTESIAN_POINT('Ctrl Pts',(-2.1140516324907,34.2659862148574,-5.48387854422753));
#1681=CARTESIAN_POINT('Ctrl Pts',(-2.02701671320317,34.2914736761125,-5.54633095919703));
#1682=CARTESIAN_POINT('Ctrl Pts',(-1.93932421146512,34.3182019870036,-5.60708785064227));
#1683=CARTESIAN_POINT('Ctrl Pts',(-1.85106440267043,34.3461395392886,-5.66615246019628));
#1684=CARTESIAN_POINT('Ctrl Pts',(-1.74552587396684,34.3795464569334,-5.73678021337082));
#1685=CARTESIAN_POINT('Ctrl Pts',(-1.63917689057496,34.414682161328,-5.80498719331941));
#1686=CARTESIAN_POINT('Ctrl Pts',(-1.53223535287522,34.4514584659598,-5.87075853646));
#1687=CARTESIAN_POINT('Ctrl Pts',(-1.41324309711984,34.4923789122206,-5.94394133009379));
#1688=CARTESIAN_POINT('Ctrl Pts',(-1.29352160117201,34.5353289207785,-6.01410575042143));
#1689=CARTESIAN_POINT('Ctrl Pts',(-1.17340153455724,34.5801642048099,-6.08124105559707));
#1690=CARTESIAN_POINT('Ctrl Pts',(-1.08021189625842,34.6149476012869,-6.13332489956014));
#1691=CARTESIAN_POINT('Ctrl Pts',(-0.986783953761803,34.6508649421485,-6.18358541781734));
#1692=CARTESIAN_POINT('Ctrl Pts',(-0.893252529318406,34.6878511912117,-6.23203884306895));
#1693=CARTESIAN_POINT('Ctrl Pts',(-0.809004824643822,34.7211662680069,-6.27568288981969));
#1694=CARTESIAN_POINT('Ctrl Pts',(-0.72467381205636,34.7553483702521,-6.31786065996153));
#1695=CARTESIAN_POINT('Ctrl Pts',(-0.640327249405084,34.7903573662786,-6.35860538371636));
#1696=CARTESIAN_POINT('Ctrl Pts',(-0.558027200461745,34.8245169336145,-6.39836151193074));
#1697=CARTESIAN_POINT('Ctrl Pts',(-0.475713148357785,34.8594635490825,-6.43675302833527));
#1698=CARTESIAN_POINT('Ctrl Pts',(-0.393406473362695,34.89517041867,-6.47383524000749));
#1699=CARTESIAN_POINT('Ctrl Pts',(-0.315233456498276,34.9290839951644,-6.50905508528245));
#1700=CARTESIAN_POINT('Ctrl Pts',(-0.237064092929488,34.9636850974272,-6.54309496712303));
#1701=CARTESIAN_POINT('Ctrl Pts',(-0.15888294359981,34.9989557422716,-6.57602231332385));
#1702=CARTESIAN_POINT('Ctrl Pts',(-0.0803314714383365,35.0343934545638,
-6.6091056274043));
#1703=CARTESIAN_POINT('Ctrl Pts',(-0.0017666960979289,35.0705075043506,
-6.64106641430358));
#1704=CARTESIAN_POINT('Ctrl Pts',(0.0767761867946835,35.1072400456897,-6.67196283923291));
#1705=CARTESIAN_POINT('Ctrl Pts',(0.176147163899261,35.1537133656135,-6.71105241452215));
#1706=CARTESIAN_POINT('Ctrl Pts',(0.275481401349449,35.2011756718889,-6.74843765496642));
#1707=CARTESIAN_POINT('Ctrl Pts',(0.374632628556233,35.2494532541261,-6.78422257829556));
#1708=CARTESIAN_POINT('Ctrl Pts',(0.472976918259734,35.2973379315776,-6.81971626774389));
#1709=CARTESIAN_POINT('Ctrl Pts',(0.571135161919626,35.346020768886,-6.85363427981741));
#1710=CARTESIAN_POINT('Ctrl Pts',(0.66896634755194,35.395326577571,-6.88608283146507));
#1711=CARTESIAN_POINT('Ctrl Pts',(0.743508020810051,35.4328947359958,-6.91080674050272));
#1712=CARTESIAN_POINT('Ctrl Pts',(0.817859145919992,35.4708240508256,-6.93467754100641));
#1713=CARTESIAN_POINT('Ctrl Pts',(0.891990653304845,35.509055343084,-6.95775060861043));
#1714=CARTESIAN_POINT('Ctrl Pts',(0.958986858177034,35.5436067987205,-6.9786028483498));
#1715=CARTESIAN_POINT('Ctrl Pts',(1.02580324456858,35.5784046343763,-6.99880350043855));
#1716=CARTESIAN_POINT('Ctrl Pts',(1.09245621717923,35.6134267795425,-7.01840154349694));
#1717=CARTESIAN_POINT('Ctrl Pts',(1.15960075005413,35.6487072101874,-7.03814412053253));
#1718=CARTESIAN_POINT('Ctrl Pts',(1.2265799795192,35.6842160272146,-7.057275051055));
#1719=CARTESIAN_POINT('Ctrl Pts',(1.29345750943563,35.7199558797531,-7.07585442803839));
#1720=CARTESIAN_POINT('Ctrl Pts',(1.35287399455779,35.7517084941107,-7.09236103762));
#1721=CARTESIAN_POINT('Ctrl Pts',(1.41221318737142,35.7836455879138,-7.10843259445811));
#1722=CARTESIAN_POINT('Ctrl Pts',(1.4714911828882,35.8157344329185,-7.12411684167944));
#1723=CARTESIAN_POINT('Ctrl Pts',(1.54040105399539,35.8530372828879,-7.14234956775279));
#1724=CARTESIAN_POINT('Ctrl Pts',(1.60922766663954,35.8905445779204,-7.16005899841205));
#1725=CARTESIAN_POINT('Ctrl Pts',(1.67794908232896,35.9281543316883,-7.17732535064887));
#1726=CARTESIAN_POINT('Ctrl Pts',(1.76243332103332,35.9743907396997,-7.19855213431295));
#1727=CARTESIAN_POINT('Ctrl Pts',(1.84675542342028,36.0207786429253,-7.21910985439553));
#1728=CARTESIAN_POINT('Ctrl Pts',(1.93083558505606,36.0670871136332,-7.23914968451253));
#1729=CARTESIAN_POINT('Ctrl Pts',(1.99479157458132,36.1023118802119,-7.25439308010212));
#1730=CARTESIAN_POINT('Ctrl Pts',(2.0586059339974,36.1374889735486,-7.26933700926703));
#1731=CARTESIAN_POINT('Ctrl Pts',(2.12225665664566,36.1725304681965,-7.28404426523081));
#1732=CARTESIAN_POINT('Ctrl Pts',(2.18004202528053,36.2043429221876,-7.29739626143941));
#1733=CARTESIAN_POINT('Ctrl Pts',(2.23769186863433,36.2360429498845,-7.31055329423361));
#1734=CARTESIAN_POINT('Ctrl Pts',(2.29521506453212,36.2675910538879,-7.32355714079382));
#1735=CARTESIAN_POINT('Ctrl Pts',(2.34917788497986,36.2971865004765,-7.33575611941637));
#1736=CARTESIAN_POINT('Ctrl Pts',(2.40302883325972,36.326647834587,-7.34782036076142));
#1737=CARTESIAN_POINT('Ctrl Pts',(2.45680593857879,36.3559740529032,-7.35977834683526));
#1738=CARTESIAN_POINT('Ctrl Pts',(2.50707557501451,36.3833875465087,-7.37095640502319));
#1739=CARTESIAN_POINT('Ctrl Pts',(2.55728050952728,36.4106828088953,-7.38204165062624));
#1740=CARTESIAN_POINT('Ctrl Pts',(2.60748343114898,36.4378913474753,-7.393051214122));
#1741=CARTESIAN_POINT('Ctrl Pts',(2.63197257642543,36.4511637593693,-7.39842171430742));
#1742=CARTESIAN_POINT('Ctrl Pts',(2.65646175300099,36.4644160554097,-7.40377410685529));
#1743=CARTESIAN_POINT('Ctrl Pts',(2.68096142986898,36.4776551373821,-7.40910975907767));
#1744=CARTESIAN_POINT('Origin',(-10.8075817037924,52.9074302694419,-28.5779947850139));
#1745=CARTESIAN_POINT('Ctrl Pts',(-13.5619265735403,23.4899458738903,-9.5897302461044));
#1746=CARTESIAN_POINT('Ctrl Pts',(-12.8869904452676,24.0743751308432,-9.11268060215478));
#1747=CARTESIAN_POINT('Ctrl Pts',(-11.570967572099,25.2432725656851,-8.18261260067932));
#1748=CARTESIAN_POINT('Ctrl Pts',(-9.5359140022239,27.2165509477886,-6.74331501570799));
#1749=CARTESIAN_POINT('Ctrl Pts',(-6.96185607792894,30.0014499173538,-4.92361008112942));
#1750=CARTESIAN_POINT('Ctrl Pts',(-5.21568409306739,32.5347305406534,-3.68885267299802));
#1751=CARTESIAN_POINT('Ctrl Pts',(-4.43865259500799,33.8805865260902,-3.13941094002958));
#1752=CARTESIAN_POINT('Ctrl Pts',(-13.6137933946096,23.5798834752871,-9.29607825219908));
#1753=CARTESIAN_POINT('Ctrl Pts',(-12.9472249248279,24.1565395199249,-8.82980595836985));
#1754=CARTESIAN_POINT('Ctrl Pts',(-11.6454420908929,25.3142769488039,-7.91618900592981));
#1755=CARTESIAN_POINT('Ctrl Pts',(-9.62404167994646,27.277143955844,-6.49333203859551));
#1756=CARTESIAN_POINT('Ctrl Pts',(-7.07279019342082,30.0501864579634,-4.68767708977724));
#1757=CARTESIAN_POINT('Ctrl Pts',(-5.34824912905624,32.5520681755568,-3.48015760578955));
#1758=CARTESIAN_POINT('Ctrl Pts',(-4.57803328973091,33.8806729639478,-2.94220511643939));
#1759=CARTESIAN_POINT('Ctrl Pts',(-13.7193084902303,23.7625903039206,-8.70592992995113));
#1760=CARTESIAN_POINT('Ctrl Pts',(-13.0684637957486,24.3242365591665,-8.2596965130376));
#1761=CARTESIAN_POINT('Ctrl Pts',(-11.7925479700602,25.4604110405363,-7.37691597119065));
#1762=CARTESIAN_POINT('Ctrl Pts',(-9.79391295318504,27.4046614151231,-5.98370173282191));
#1763=CARTESIAN_POINT('Ctrl Pts',(-7.28450651948093,30.1551595826558,-4.20577417349505));
#1764=CARTESIAN_POINT('Ctrl Pts',(-5.60121816797764,32.5955817449358,-3.05293976149669));
#1765=CARTESIAN_POINT('Ctrl Pts',(-4.84298000193074,33.8927995044621,-2.53716896014929));
#1766=CARTESIAN_POINT('Ctrl Pts',(-13.8834165437559,24.0462152432041,-7.80204980236285));
#1767=CARTESIAN_POINT('Ctrl Pts',(-13.2521300480545,24.587488355684,-7.38157210995937));
#1768=CARTESIAN_POINT('Ctrl Pts',(-12.0061765015088,25.6934595859069,-6.54141987036181));
#1769=CARTESIAN_POINT('Ctrl Pts',(-10.0268488556197,27.6177205345104,-5.18391444300212));
#1770=CARTESIAN_POINT('Ctrl Pts',(-7.569364469973,30.3353907832326,-3.45427525280035));
#1771=CARTESIAN_POINT('Ctrl Pts',(-5.93988671848442,32.6883693221542,-2.38766198745178));
#1772=CARTESIAN_POINT('Ctrl Pts',(-5.19429221844557,33.9464237123804,-1.90552205870528));
#1773=CARTESIAN_POINT('Ctrl Pts',(-14.0534209244698,24.3404788345195,-6.86863232527742));
#1774=CARTESIAN_POINT('Ctrl Pts',(-13.436798479449,24.8633569538925,-6.47120439417211));
#1775=CARTESIAN_POINT('Ctrl Pts',(-12.2105040953977,25.9423256221275,-5.67109317167853));
#1776=CARTESIAN_POINT('Ctrl Pts',(-10.2345534532268,27.8548054736211,-4.34396486528962));
#1777=CARTESIAN_POINT('Ctrl Pts',(-7.81892491040543,30.5383405607003,-2.67788388033058));
#1778=CARTESIAN_POINT('Ctrl Pts',(-6.23358312010098,32.8099280125718,-1.70439902843639));
#1779=CARTESIAN_POINT('Ctrl Pts',(-5.49558302850314,34.0354243028805,-1.25838080634283));
#1780=CARTESIAN_POINT('Ctrl Pts',(-14.2294603579404,24.6458987084163,-5.89419886160521));
#1781=CARTESIAN_POINT('Ctrl Pts',(-13.6216435989899,25.1525134318619,-5.51853019938468));
#1782=CARTESIAN_POINT('Ctrl Pts',(-12.4028518152722,26.2094143668992,-4.75539928632607));
#1783=CARTESIAN_POINT('Ctrl Pts',(-10.4140800898705,28.1175551649816,-3.45965384101944));
#1784=CARTESIAN_POINT('Ctrl Pts',(-8.0320519811341,30.7640564324572,-1.87927198452541));
#1785=CARTESIAN_POINT('Ctrl Pts',(-6.48065998209417,32.9621050683404,-1.00606352244535));
#1786=CARTESIAN_POINT('Ctrl Pts',(-5.74632379014141,34.1603107871054,-0.599577445650424));
#1787=CARTESIAN_POINT('Ctrl Pts',(-14.4119933990308,24.9625235908248,-4.86504918669319));
#1788=CARTESIAN_POINT('Ctrl Pts',(-13.8059366323356,25.455584393531,-4.51066460007704));
#1789=CARTESIAN_POINT('Ctrl Pts',(-12.5804848416535,26.4966882827971,-3.78149507721714));
#1790=CARTESIAN_POINT('Ctrl Pts',(-10.5635897225244,28.4064390238134,-2.5271681637016));
#1791=CARTESIAN_POINT('Ctrl Pts',(-8.20853610304443,31.0117832485334,-1.06145884377001));
#1792=CARTESIAN_POINT('Ctrl Pts',(-6.68036033740938,33.1455909261678,-0.296342929977992));
#1793=CARTESIAN_POINT('Ctrl Pts',(-5.9468689242883,34.3200239890525,0.0656505228514065));
#1794=CARTESIAN_POINT('Ctrl Pts',(-14.6008831978726,25.289561314672,-3.76624073193376));
#1795=CARTESIAN_POINT('Ctrl Pts',(-13.9880931445615,25.7725804782087,-3.43302723536643));
#1796=CARTESIAN_POINT('Ctrl Pts',(-12.7395619045757,26.8038528719393,-2.7411216134893));
#1797=CARTESIAN_POINT('Ctrl Pts',(-10.680959458398,28.7196563623344,-1.54901407936341));
#1798=CARTESIAN_POINT('Ctrl Pts',(-8.34664300164274,31.2795188982237,-0.234332920310777));
#1799=CARTESIAN_POINT('Ctrl Pts',(-6.83128810575006,33.3596922058958,0.41597469336343));
#1800=CARTESIAN_POINT('Ctrl Pts',(-6.09739511727296,34.5121072570084,0.72795784272981));
#1801=CARTESIAN_POINT('Ctrl Pts',(-14.7947135511074,25.6248503288982,-2.58358421391414));
#1802=CARTESIAN_POINT('Ctrl Pts',(-14.1650663301027,26.1012866921123,-2.27515094870154));
#1803=CARTESIAN_POINT('Ctrl Pts',(-12.8759005620834,27.1289014247541,-1.63195250971585));
#1804=CARTESIAN_POINT('Ctrl Pts',(-10.7644320144804,29.0536670879472,-0.535179415805964));
#1805=CARTESIAN_POINT('Ctrl Pts',(-8.44420740218179,31.5661549917801,0.589703495265538));
#1806=CARTESIAN_POINT('Ctrl Pts',(-6.93325296381915,33.6038410275131,1.12240673460568));
#1807=CARTESIAN_POINT('Ctrl Pts',(-6.19969251439111,34.7343979922744,1.38004823499089));
#1808=CARTESIAN_POINT('Ctrl Pts',(-14.9905053865106,25.9637715022461,-1.31087932453876));
#1809=CARTESIAN_POINT('Ctrl Pts',(-14.3328818927752,26.4374314145235,-1.03538655888117));
#1810=CARTESIAN_POINT('Ctrl Pts',(-12.9860320491908,27.468715098375,-0.459173853029926));
#1811=CARTESIAN_POINT('Ctrl Pts',(-10.8126458520174,29.4052989307078,0.499209286919003));
#1812=CARTESIAN_POINT('Ctrl Pts',(-8.49924538360594,31.8743063641819,1.40425190109431));
#1813=CARTESIAN_POINT('Ctrl Pts',(-6.98820112698716,33.8791374995536,1.82175054579902));
#1814=CARTESIAN_POINT('Ctrl Pts',(-6.25778782427119,34.9859855624072,2.02211777873159));
#1815=CARTESIAN_POINT('Ctrl Pts',(-15.1841227603184,26.3004183850327,0.0450653292681213));
#1816=CARTESIAN_POINT('Ctrl Pts',(-14.4877375867343,26.7761896560388,0.277317880929109));
#1817=CARTESIAN_POINT('Ctrl Pts',(-13.0675992454049,27.8197185275636,0.763106410735653));
#1818=CARTESIAN_POINT('Ctrl Pts',(-10.823894169656,29.7728042022088,1.53618049232269));
#1819=CARTESIAN_POINT('Ctrl Pts',(-8.50973454685596,32.2071928438808,2.20578837472988));
#1820=CARTESIAN_POINT('Ctrl Pts',(-6.99975482143895,34.1825589490357,2.50964719968493));
#1821=CARTESIAN_POINT('Ctrl Pts',(-6.27696206545703,35.2613947585915,2.64991705936499));
#1822=CARTESIAN_POINT('Ctrl Pts',(-15.3728593764855,26.6263818567929,1.45333888779176));
#1823=CARTESIAN_POINT('Ctrl Pts',(-14.6267334001301,27.1099515077333,1.63038260351754));
#1824=CARTESIAN_POINT('Ctrl Pts',(-13.1167921731354,28.1756225491524,1.9963963600003));
#1825=CARTESIAN_POINT('Ctrl Pts',(-10.7962963379436,30.1532071322334,2.55057273134704));
#1826=CARTESIAN_POINT('Ctrl Pts',(-8.47403521249633,32.564999280017,2.98577983227499));
#1827=CARTESIAN_POINT('Ctrl Pts',(-6.97294355321691,34.5076127368546,3.1777513718229));
#1828=CARTESIAN_POINT('Ctrl Pts',(-6.26322943094647,35.5533245918907,3.25730403318344));
#1829=CARTESIAN_POINT('Ctrl Pts',(-15.5512869144681,26.9355379623037,2.85618336842627));
#1830=CARTESIAN_POINT('Ctrl Pts',(-14.7445086121785,27.4344637726095,2.97100044610593));
#1831=CARTESIAN_POINT('Ctrl Pts',(-13.1305762157893,28.536584907981,3.20542866651634));
#1832=CARTESIAN_POINT('Ctrl Pts',(-10.7261046904584,30.5505713706615,3.53128769086365));
#1833=CARTESIAN_POINT('Ctrl Pts',(-8.38786973462538,32.9570948290078,3.75369390085295));
#1834=CARTESIAN_POINT('Ctrl Pts',(-6.9123564100156,34.8537042191864,3.83032256990137));
#1835=CARTESIAN_POINT('Ctrl Pts',(-6.22167350159643,35.8606587423494,3.85003958075833));
#1836=CARTESIAN_POINT('Ctrl Pts',(-15.7211756616156,27.2309474538424,4.22760142106815));
#1837=CARTESIAN_POINT('Ctrl Pts',(-14.841150284507,27.754715641667,4.28425882280083));
#1838=CARTESIAN_POINT('Ctrl Pts',(-13.1044571599956,28.9096758159888,4.38999408135811));
#1839=CARTESIAN_POINT('Ctrl Pts',(-10.6093440838695,30.9716569719216,4.4917772128212));
#1840=CARTESIAN_POINT('Ctrl Pts',(-8.25731850859769,33.3811269436344,4.52065462443438));
#1841=CARTESIAN_POINT('Ctrl Pts',(-6.82709774386067,35.2120365326225,4.47101038612595));
#1842=CARTESIAN_POINT('Ctrl Pts',(-6.16129504925253,36.1738868978547,4.43060048318839));
#1843=CARTESIAN_POINT('Ctrl Pts',(-15.8274593059285,27.4139636725971,5.13986709104049));
#1844=CARTESIAN_POINT('Ctrl Pts',(-14.8901921180296,27.9599722345113,5.15960646309603));
#1845=CARTESIAN_POINT('Ctrl Pts',(-13.0635188399656,29.158302322126,5.17893559020425));
#1846=CARTESIAN_POINT('Ctrl Pts',(-10.5029110230614,31.2642417447113,5.14024994130054));
#1847=CARTESIAN_POINT('Ctrl Pts',(-8.1559425303129,33.6661256889885,5.02384095849519));
#1848=CARTESIAN_POINT('Ctrl Pts',(-6.76207373497301,35.4479321067183,4.88907589109591));
#1849=CARTESIAN_POINT('Ctrl Pts',(-6.1155292616496,36.3771505710225,4.80848352850067));
#1850=CARTESIAN_POINT('Ctrl Pts',(-15.8781436021523,27.5017514488026,5.61361202037346));
#1851=CARTESIAN_POINT('Ctrl Pts',(-14.9107303868309,28.060287729086,5.61361202037346));
#1852=CARTESIAN_POINT('Ctrl Pts',(-13.0369818089264,29.2831435907757,5.58747523667513));
#1853=CARTESIAN_POINT('Ctrl Pts',(-10.4446175875183,31.4119180582539,5.47034845179699));
#1854=CARTESIAN_POINT('Ctrl Pts',(-8.10282965900357,33.808645930018,5.27676002205098));
#1855=CARTESIAN_POINT('Ctrl Pts',(-6.72815042915818,35.565180892963,5.09833563438539));
#1856=CARTESIAN_POINT('Ctrl Pts',(-6.091721860976,36.4776551373821,4.99733792923917));
#1857=CARTESIAN_POINT('',(-15.8781436021523,27.5017514488026,5.61361202037346));
#1858=CARTESIAN_POINT('Ctrl Pts',(-13.5619265735403,23.4899458738903,-9.5897302461044));
#1859=CARTESIAN_POINT('Ctrl Pts',(-13.6137933946096,23.5798834752871,-9.29607825219908));
#1860=CARTESIAN_POINT('Ctrl Pts',(-13.7193084902303,23.7625903039206,-8.70592992995113));
#1861=CARTESIAN_POINT('Ctrl Pts',(-13.8834165437559,24.0462152432041,-7.80204980236285));
#1862=CARTESIAN_POINT('Ctrl Pts',(-14.0534209244697,24.3404788345194,-6.86863232527742));
#1863=CARTESIAN_POINT('Ctrl Pts',(-14.2294603579404,24.6458987084163,-5.8941988616052));
#1864=CARTESIAN_POINT('Ctrl Pts',(-14.4119933990308,24.9625235908248,-4.8650491866932));
#1865=CARTESIAN_POINT('Ctrl Pts',(-14.6008831978726,25.289561314672,-3.76624073193376));
#1866=CARTESIAN_POINT('Ctrl Pts',(-14.7947135511074,25.6248503288982,-2.58358421391414));
#1867=CARTESIAN_POINT('Ctrl Pts',(-14.9905053865106,25.9637715022461,-1.31087932453875));
#1868=CARTESIAN_POINT('Ctrl Pts',(-15.1841227603184,26.3004183850327,0.0450653292681125));
#1869=CARTESIAN_POINT('Ctrl Pts',(-15.3728593764855,26.6263818567929,1.45333888779178));
#1870=CARTESIAN_POINT('Ctrl Pts',(-15.5512869144681,26.9355379623037,2.85618336842627));
#1871=CARTESIAN_POINT('Ctrl Pts',(-15.7211756616156,27.2309474538425,4.22760142106816));
#1872=CARTESIAN_POINT('Ctrl Pts',(-15.8274593059286,27.4139636725971,5.13986709104049));
#1873=CARTESIAN_POINT('Ctrl Pts',(-15.8781436021523,27.5017514488026,5.61361202037346));
#1874=CARTESIAN_POINT('',(-6.091721860976,36.4776551373821,4.99733792923917));
#1875=CARTESIAN_POINT('Origin',(-30.5461191081936,52.9074302694419,-0.663487486301002));
#1876=CARTESIAN_POINT('Ctrl Pts',(-6.091721860976,36.4776551373821,4.99733792923916));
#1877=CARTESIAN_POINT('Ctrl Pts',(-6.09876242924889,36.4479328980291,4.9414879723176));
#1878=CARTESIAN_POINT('Ctrl Pts',(-6.10570691914365,36.418141889444,4.88565772946696));
#1879=CARTESIAN_POINT('Ctrl Pts',(-6.11256421872038,36.3882348846227,4.82975306447465));
#1880=CARTESIAN_POINT('Ctrl Pts',(-6.11975806857423,36.3568600701122,4.77110464732664));
#1881=CARTESIAN_POINT('Ctrl Pts',(-6.12685584945512,36.3253577787616,4.71237449698151));
#1882=CARTESIAN_POINT('Ctrl Pts',(-6.13384749568026,36.2937134690376,4.65349082199392));
#1883=CARTESIAN_POINT('Ctrl Pts',(-6.14129097651042,36.2600241482067,4.59080179399307));
#1884=CARTESIAN_POINT('Ctrl Pts',(-6.14861401989877,36.2261741168949,4.52793899047963));
#1885=CARTESIAN_POINT('Ctrl Pts',(-6.15578389541521,36.1921867673049,4.46485355854218));
#1886=CARTESIAN_POINT('Ctrl Pts',(-6.16364628344775,36.1549167017283,4.39567493138818));
#1887=CARTESIAN_POINT('Ctrl Pts',(-6.17132428479645,36.1174819110921,4.32622894235973));
#1888=CARTESIAN_POINT('Ctrl Pts',(-6.17875332092875,36.0799561011687,4.25649089712331));
#1889=CARTESIAN_POINT('Ctrl Pts',(-6.1878785789184,36.0338622754391,4.17083003302968));
#1890=CARTESIAN_POINT('Ctrl Pts',(-6.19662786277727,35.9876319253008,4.08472914579234));
#1891=CARTESIAN_POINT('Ctrl Pts',(-6.20485398516423,35.9414559692607,3.99819389940297));
#1892=CARTESIAN_POINT('Ctrl Pts',(-6.21389084618401,35.8907290681084,3.90313003356829));
#1893=CARTESIAN_POINT('Ctrl Pts',(-6.22229435642087,35.840072289485,3.8075458143404));
#1894=CARTESIAN_POINT('Ctrl Pts',(-6.22985901980558,35.7897539102648,3.71146739261265));
#1895=CARTESIAN_POINT('Ctrl Pts',(-6.23555410213051,35.7518715488771,3.63913442899453));
#1896=CARTESIAN_POINT('Ctrl Pts',(-6.24077328063014,35.7141819018296,3.5665222487009));
#1897=CARTESIAN_POINT('Ctrl Pts',(-6.24543693880427,35.6767779728053,3.49362553181817));
#1898=CARTESIAN_POINT('Ctrl Pts',(-6.24979804391978,35.6418006095171,3.425457961848));
#1899=CARTESIAN_POINT('Ctrl Pts',(-6.25367308430841,35.6070737916086,3.35704217274439));
#1900=CARTESIAN_POINT('Ctrl Pts',(-6.25700956766019,35.5726419178881,3.28834810924664));
#1901=CARTESIAN_POINT('Ctrl Pts',(-6.26127819391392,35.5285905066769,3.20046237687341));
#1902=CARTESIAN_POINT('Ctrl Pts',(-6.26466505694795,35.485021736227,3.11211897252261));
#1903=CARTESIAN_POINT('Ctrl Pts',(-6.26709602604747,35.4419414245123,3.02319132809132));
#1904=CARTESIAN_POINT('Ctrl Pts',(-6.26922115863815,35.4042809810043,2.94545153475887));
#1905=CARTESIAN_POINT('Ctrl Pts',(-6.27061650002847,35.3669920189924,2.86726425587306));
#1906=CARTESIAN_POINT('Ctrl Pts',(-6.2712298994706,35.330099444652,2.7885963629718));
#1907=CARTESIAN_POINT('Ctrl Pts',(-6.27190010199871,35.2897904797382,2.70264352851954));
#1908=CARTESIAN_POINT('Ctrl Pts',(-6.27163668277981,35.2499549770407,2.61611740487415));
#1909=CARTESIAN_POINT('Ctrl Pts',(-6.27036768286031,35.2106539406313,2.52903386810781));
#1910=CARTESIAN_POINT('Ctrl Pts',(-6.26886419661058,35.1640908424515,2.4258589993831));
#1911=CARTESIAN_POINT('Ctrl Pts',(-6.26594885598119,35.1182785728172,2.32190252080496));
#1912=CARTESIAN_POINT('Ctrl Pts',(-6.26150055025834,35.0733510314699,2.21726172053797));
#1913=CARTESIAN_POINT('Ctrl Pts',(-6.25654974587279,35.0233482927661,2.10080027091062));
#1914=CARTESIAN_POINT('Ctrl Pts',(-6.24969950036794,34.9744440893891,1.98349543408172));
#1915=CARTESIAN_POINT('Ctrl Pts',(-6.24078890268836,34.9268336979458,1.86552009572251));
#1916=CARTESIAN_POINT('Ctrl Pts',(-6.23299637113039,34.8851972678038,1.76234783048463));
#1917=CARTESIAN_POINT('Ctrl Pts',(-6.22362809351049,34.8445519802504,1.65866575792069));
#1918=CARTESIAN_POINT('Ctrl Pts',(-6.2125841992708,34.8050059024607,1.55456497361431));
#1919=CARTESIAN_POINT('Ctrl Pts',(-6.20340947682204,34.7721529721642,1.46808317815523));
#1920=CARTESIAN_POINT('Ctrl Pts',(-6.19307847298568,34.7400587902299,1.38131274760278));
#1921=CARTESIAN_POINT('Ctrl Pts',(-6.18153844734285,34.7087600603047,1.2942714130722));
#1922=CARTESIAN_POINT('Ctrl Pts',(-6.16869042960587,34.6739138086871,1.19736446983739));
#1923=CARTESIAN_POINT('Ctrl Pts',(-6.15434324758855,34.6400520781985,1.10011715884039));
#1924=CARTESIAN_POINT('Ctrl Pts',(-6.13843172435966,34.6071875612393,1.00251067051592));
#1925=CARTESIAN_POINT('Ctrl Pts',(-6.12250495306621,34.5742915501064,0.904810645575623));
#1926=CARTESIAN_POINT('Ctrl Pts',(-6.1050107701886,34.5423940091346,0.806750067876728));
#1927=CARTESIAN_POINT('Ctrl Pts',(-6.08589941209016,34.511515359575,0.708367857834943));
#1928=CARTESIAN_POINT('Ctrl Pts',(-6.06509515232223,34.4779014508506,0.601270861184581));
#1929=CARTESIAN_POINT('Ctrl Pts',(-6.04237438198583,34.445495011136,0.493793326536737));
#1930=CARTESIAN_POINT('Ctrl Pts',(-6.01769296828976,34.4143332416707,0.386048834139389));
#1931=CARTESIAN_POINT('Ctrl Pts',(-5.98929406877976,34.3784779227455,0.262075991658565));
#1932=CARTESIAN_POINT('Ctrl Pts',(-5.95829915236911,34.3442707067303,0.137750932772593));
#1933=CARTESIAN_POINT('Ctrl Pts',(-5.92467059290463,34.3117798001835,0.0133137589276338));
#1934=CARTESIAN_POINT('Ctrl Pts',(-5.88644066488916,34.2748431892128,-0.128150052615225));
#1935=CARTESIAN_POINT('Ctrl Pts',(-5.84480736840081,34.240125853158,-0.269754431417381));
#1936=CARTESIAN_POINT('Ctrl Pts',(-5.79975200297852,34.2077309951209,-0.411110468766234));
#1937=CARTESIAN_POINT('Ctrl Pts',(-5.76201609491163,34.1805988350936,-0.529502548823762));
#1938=CARTESIAN_POINT('Ctrl Pts',(-5.72188090385816,34.1550964875445,-0.647717978940841));
#1939=CARTESIAN_POINT('Ctrl Pts',(-5.67934568190985,34.1312743389123,-0.765551926153766));
#1940=CARTESIAN_POINT('Ctrl Pts',(-5.64212736270508,34.1104299588591,-0.868656629965075));
#1941=CARTESIAN_POINT('Ctrl Pts',(-5.60307202242045,34.0908722054847,-0.971468654164722));
#1942=CARTESIAN_POINT('Ctrl Pts',(-5.56217764287579,34.0726213038589,-1.07388727575014));
#1943=CARTESIAN_POINT('Ctrl Pts',(-5.52219535691025,34.0547774637994,-1.17402158912081));
#1944=CARTESIAN_POINT('Ctrl Pts',(-5.48045552170735,34.0381831898051,-1.27377916048024));
#1945=CARTESIAN_POINT('Ctrl Pts',(-5.43694834520197,34.0228390090591,-1.37311364614839));
#1946=CARTESIAN_POINT('Ctrl Pts',(-5.39308319205924,34.0073685765389,-1.47326545502635));
#1947=CARTESIAN_POINT('Ctrl Pts',(-5.34741850613335,33.9931671894683,-1.57299468184887));
#1948=CARTESIAN_POINT('Ctrl Pts',(-5.29996100128474,33.9802284377442,-1.67223777148399));
#1949=CARTESIAN_POINT('Ctrl Pts',(-5.24876045961184,33.9662691893818,-1.77930829621591));
#1950=CARTESIAN_POINT('Ctrl Pts',(-5.19547318592616,33.9537794442921,-1.88581226970329));
#1951=CARTESIAN_POINT('Ctrl Pts',(-5.14014276571038,33.9427540693085,-1.99161802518024));
#1952=CARTESIAN_POINT('Ctrl Pts',(-5.07633040326184,33.9300385464218,-2.11364339913016));
#1953=CARTESIAN_POINT('Ctrl Pts',(-5.00980050226667,33.9192705056716,-2.23473881458112));
#1954=CARTESIAN_POINT('Ctrl Pts',(-4.94066549126788,33.9104495551281,-2.35465075775961));
#1955=CARTESIAN_POINT('Ctrl Pts',(-4.86319504250608,33.9005650843335,-2.48902018817886));
#1956=CARTESIAN_POINT('Ctrl Pts',(-4.78245495968599,33.8931253938511,-2.62189965163364));
#1957=CARTESIAN_POINT('Ctrl Pts',(-4.69864495977851,33.8881424708803,-2.75291457990779));
#1958=CARTESIAN_POINT('Ctrl Pts',(-4.62541309071297,33.8837884706064,-2.86739337818478));
#1959=CARTESIAN_POINT('Ctrl Pts',(-4.5498393469872,33.8813106460678,-2.98044637649037));
#1960=CARTESIAN_POINT('Ctrl Pts',(-4.47205914210073,33.8807227010545,-3.09185429366439));
#1961=CARTESIAN_POINT('Ctrl Pts',(-4.4609683896606,33.8806388654231,-3.1077400531716));
#1962=CARTESIAN_POINT('Ctrl Pts',(-4.44983275271857,33.8805934595388,-3.12359244943038));
#1963=CARTESIAN_POINT('Ctrl Pts',(-4.43865259500798,33.8805865260902,-3.13941094002958));
#1964=CARTESIAN_POINT('Ctrl Pts',(-13.5619265735403,23.4899458738903,-9.5897302461044));
#1965=CARTESIAN_POINT('Ctrl Pts',(-13.6137933946096,23.5798834752871,-9.29607825219908));
#1966=CARTESIAN_POINT('Ctrl Pts',(-13.7193084902303,23.7625903039206,-8.70592992995113));
#1967=CARTESIAN_POINT('Ctrl Pts',(-13.8834165437559,24.0462152432041,-7.80204980236285));
#1968=CARTESIAN_POINT('Ctrl Pts',(-14.0534209244697,24.3404788345194,-6.86863232527742));
#1969=CARTESIAN_POINT('Ctrl Pts',(-14.2294603579404,24.6458987084163,-5.8941988616052));
#1970=CARTESIAN_POINT('Ctrl Pts',(-14.4119933990308,24.9625235908248,-4.8650491866932));
#1971=CARTESIAN_POINT('Ctrl Pts',(-14.6008831978726,25.289561314672,-3.76624073193376));
#1972=CARTESIAN_POINT('Ctrl Pts',(-14.7947135511074,25.6248503288982,-2.58358421391414));
#1973=CARTESIAN_POINT('Ctrl Pts',(-14.9905053865106,25.9637715022461,-1.31087932453875));
#1974=CARTESIAN_POINT('Ctrl Pts',(-15.1841227603184,26.3004183850327,0.0450653292681125));
#1975=CARTESIAN_POINT('Ctrl Pts',(-15.3728593764855,26.6263818567929,1.45333888779178));
#1976=CARTESIAN_POINT('Ctrl Pts',(-15.5512869144681,26.9355379623037,2.85618336842627));
#1977=CARTESIAN_POINT('Ctrl Pts',(-15.7211756616156,27.2309474538425,4.22760142106816));
#1978=CARTESIAN_POINT('Ctrl Pts',(-15.8274593059286,27.4139636725971,5.13986709104049));
#1979=CARTESIAN_POINT('Ctrl Pts',(-15.8781436021523,27.5017514488026,5.61361202037346));
#1980=CARTESIAN_POINT('Ctrl Pts',(-14.4054298702881,23.1978138214771,-9.11241090986172));
#1981=CARTESIAN_POINT('Ctrl Pts',(-14.4465187818025,23.2911085984265,-8.8293484171515));
#1982=CARTESIAN_POINT('Ctrl Pts',(-14.5314764989316,23.4798411410641,-8.25887504461055));
#1983=CARTESIAN_POINT('Ctrl Pts',(-14.6679998817133,23.7699880872421,-7.38127978065019));
#1984=CARTESIAN_POINT('Ctrl Pts',(-14.8143483677345,24.0677316220059,-6.47171733219916));
#1985=CARTESIAN_POINT('Ctrl Pts',(-14.9718756454341,24.3729114117866,-5.51881629308162));
#1986=CARTESIAN_POINT('Ctrl Pts',(-15.1421101788585,24.6844337442571,-4.50992968018805));
#1987=CARTESIAN_POINT('Ctrl Pts',(-15.3256581400908,25.0002959330574,-3.43278041413316));
#1988=CARTESIAN_POINT('Ctrl Pts',(-15.5221364807541,25.3175197858544,-2.27573406952411));
#1989=CARTESIAN_POINT('Ctrl Pts',(-15.729465928485,25.6312762590031,-1.03523596141933));
#1990=CARTESIAN_POINT('Ctrl Pts',(-15.9442488179055,25.9353176632865,0.277685144680335));
#1991=CARTESIAN_POINT('Ctrl Pts',(-16.1648616694303,26.221721565675,1.62990715429057));
#1992=CARTESIAN_POINT('Ctrl Pts',(-16.3865898937612,26.4866021213447,2.97137182864568));
#1993=CARTESIAN_POINT('Ctrl Pts',(-16.6148307030053,26.7305070698111,4.28407805524906));
#1994=CARTESIAN_POINT('Ctrl Pts',(-16.7689501851795,26.8752707587001,5.15960646309603));
#1995=CARTESIAN_POINT('Ctrl Pts',(-16.8455568174738,26.9432151685191,5.61361202037346));
#1996=CARTESIAN_POINT('Ctrl Pts',(-16.0755001493463,22.6429621156212,-8.18167531326801));
#1997=CARTESIAN_POINT('Ctrl Pts',(-16.0995703567865,22.7428878116868,-7.91550569495961));
#1998=CARTESIAN_POINT('Ctrl Pts',(-16.1521453031504,22.9430289256697,-7.37739751474522));
#1999=CARTESIAN_POINT('Ctrl Pts',(-16.2470856265936,23.2442650230901,-6.54336870386138));
#2000=CARTESIAN_POINT('Ctrl Pts',(-16.360902662225,23.5461849733582,-5.67176620149442));
#2001=CARTESIAN_POINT('Ctrl Pts',(-16.4963537078391,23.8469403668526,-4.75342452999394));
#2002=CARTESIAN_POINT('Ctrl Pts',(-16.6560677962369,24.1438377911614,-3.78018545099123));
#2003=CARTESIAN_POINT('Ctrl Pts',(-16.8424785296454,24.4342474637753,-2.74260966037551));
#2004=CARTESIAN_POINT('Ctrl Pts',(-17.0562854100369,24.7151668516724,-1.63323061284799));
#2005=CARTESIAN_POINT('Ctrl Pts',(-17.2956880791703,24.981418460151,-0.457097653716276));
#2006=CARTESIAN_POINT('Ctrl Pts',(-17.5579171124768,25.2266739070504,0.76257318945275));
#2007=CARTESIAN_POINT('Ctrl Pts',(-17.8428500147626,25.4469328638536,1.99563240855284));
#2008=CARTESIAN_POINT('Ctrl Pts',(-18.1477688832272,25.6402080497151,3.20629381477776));
#2009=CARTESIAN_POINT('Ctrl Pts',(-18.48345726629,25.8036898527541,4.38951180716937));
#2010=CARTESIAN_POINT('Ctrl Pts',(-18.7200711222051,25.8924903392898,5.17893559020424));
#2011=CARTESIAN_POINT('Ctrl Pts',(-18.8414553478161,25.9319292305937,5.58747523667511));
#2012=CARTESIAN_POINT('Ctrl Pts',(-18.8020763402849,21.866950386415,-6.74277426914302));
#2013=CARTESIAN_POINT('Ctrl Pts',(-18.8104531873212,21.9735938925627,-6.49267987032452));
#2014=CARTESIAN_POINT('Ctrl Pts',(-18.8361007598463,22.1841895628048,-5.98323975804308));
#2015=CARTESIAN_POINT('Ctrl Pts',(-18.9047625906218,22.4917483886684,-5.18436824541941));
#2016=CARTESIAN_POINT('Ctrl Pts',(-19.0064595361081,22.7902986285128,-4.34412365699321));
#2017=CARTESIAN_POINT('Ctrl Pts',(-19.1438173622111,23.0777226938637,-3.45881507151027));
#2018=CARTESIAN_POINT('Ctrl Pts',(-19.3186191588884,23.3514023877707,-2.52754872346409));
#2019=CARTESIAN_POINT('Ctrl Pts',(-19.5311470373172,23.6094656913721,-1.55051352378259));
#2020=CARTESIAN_POINT('Ctrl Pts',(-19.7793719840833,23.8492483294404,-0.534807278785983));
#2021=CARTESIAN_POINT('Ctrl Pts',(-20.0597929543275,24.066889474365,0.500686303382496));
#2022=CARTESIAN_POINT('Ctrl Pts',(-20.3710866384291,24.2597839166201,1.53441581550773));
#2023=CARTESIAN_POINT('Ctrl Pts',(-20.7158773916339,24.4266535425303,2.55094177510215));
#2024=CARTESIAN_POINT('Ctrl Pts',(-21.0939899171416,24.5645484958562,3.53184214231433));
#2025=CARTESIAN_POINT('Ctrl Pts',(-21.5167507898657,24.6737673103018,4.49121304811625));
#2026=CARTESIAN_POINT('Ctrl Pts',(-21.8241720694472,24.7279086320144,5.14024994130053));
#2027=CARTESIAN_POINT('Ctrl Pts',(-21.9812102262839,24.7512631927316,5.47034845179698));
#2028=CARTESIAN_POINT('Ctrl Pts',(-22.5006963816167,21.0305504960662,-4.922497496088));
#2029=CARTESIAN_POINT('Ctrl Pts',(-22.4872420024253,21.1509700294999,-4.68666134874237));
#2030=CARTESIAN_POINT('Ctrl Pts',(-22.4722243052529,21.3861894013277,-4.20595744913247));
#2031=CARTESIAN_POINT('Ctrl Pts',(-22.4865461714746,21.7221521954705,-3.45621934120177));
#2032=CARTESIAN_POINT('Ctrl Pts',(-22.5378200204979,22.0405912813085,-2.67805024111287));
#2033=CARTESIAN_POINT('Ctrl Pts',(-22.6262468734246,22.3388936682387,-1.87722499049013));
#2034=CARTESIAN_POINT('Ctrl Pts',(-22.7519836633538,22.6146880416885,-1.0617062975719));
#2035=CARTESIAN_POINT('Ctrl Pts',(-22.9152066153594,22.8675975366303,-0.236155689748339));
#2036=CARTESIAN_POINT('Ctrl Pts',(-23.1156912633247,23.0961156578384,0.590444507462997));
#2037=CARTESIAN_POINT('Ctrl Pts',(-23.3542606166188,23.2980022044062,1.40531765339464));
#2038=CARTESIAN_POINT('Ctrl Pts',(-23.6362172881422,23.4729515776715,2.20396967415297));
#2039=CARTESIAN_POINT('Ctrl Pts',(-23.9661560340243,23.621361954689,2.98680166461425));
#2040=CARTESIAN_POINT('Ctrl Pts',(-24.3467818162096,23.7427267461733,3.75379219094403));
#2041=CARTESIAN_POINT('Ctrl Pts',(-24.7795702951176,23.8415705374529,4.52017644310922));
#2042=CARTESIAN_POINT('Ctrl Pts',(-25.0777488285075,23.8963162675512,5.02384095849519));
#2043=CARTESIAN_POINT('Ctrl Pts',(-25.2277314134472,23.9215792922441,5.27676002205098));
#2044=CARTESIAN_POINT('Ctrl Pts',(-25.567680644726,20.784939172946,-3.68777656331367));
#2045=CARTESIAN_POINT('Ctrl Pts',(-25.5162278803006,20.9084009609774,-3.47913969105876));
#2046=CARTESIAN_POINT('Ctrl Pts',(-25.4274718914211,21.1485076601156,-3.05321530963885));
#2047=CARTESIAN_POINT('Ctrl Pts',(-25.3392925288196,21.4873895808029,-2.38946373702445));
#2048=CARTESIAN_POINT('Ctrl Pts',(-25.297870809441,21.8035871647034,-1.70390380850534));
#2049=CARTESIAN_POINT('Ctrl Pts',(-25.305450309663,22.094188557385,-1.00432369266543));
#2050=CARTESIAN_POINT('Ctrl Pts',(-25.3640576421717,22.3578008155315,-0.297482111271199));
#2051=CARTESIAN_POINT('Ctrl Pts',(-25.4746179073988,22.5954257318283,0.414448102109573));
#2052=CARTESIAN_POINT('Ctrl Pts',(-25.6359299197179,22.8066966872081,1.12394509012226));
#2053=CARTESIAN_POINT('Ctrl Pts',(-25.8455693423065,22.9916183458233,1.82194317901193));
#2054=CARTESIAN_POINT('Ctrl Pts',(-26.1022694176203,23.1529083462796,2.50803890765292));
#2055=CARTESIAN_POINT('Ctrl Pts',(-26.3991022856942,23.292784366576,3.17909387935409));
#2056=CARTESIAN_POINT('Ctrl Pts',(-26.726799931203,23.4131668462916,3.83010618224707));
#2057=CARTESIAN_POINT('Ctrl Pts',(-27.0804686360422,23.5184262985127,4.47066365246755));
#2058=CARTESIAN_POINT('Ctrl Pts',(-27.3177728485576,23.5800936901093,4.8890758910959));
#2059=CARTESIAN_POINT('Ctrl Pts',(-27.4362749289158,23.6093396386157,5.09833563438538));
#2060=CARTESIAN_POINT('Ctrl Pts',(-27.1217406844588,20.7849401969899,-3.13833148567202));
#2061=CARTESIAN_POINT('Ctrl Pts',(-27.0519322260987,20.9056791179525,-2.9411868319352));
#2062=CARTESIAN_POINT('Ctrl Pts',(-26.9300378068918,21.1403920587858,-2.53757472809098));
#2063=CARTESIAN_POINT('Ctrl Pts',(-26.8016474793066,21.4707124851967,-1.90730936426274));
#2064=CARTESIAN_POINT('Ctrl Pts',(-26.7281441256435,21.7773544388113,-1.25756372030494));
#2065=CARTESIAN_POINT('Ctrl Pts',(-26.71020346269,22.0572587479603,-0.598070167909968));
#2066=CARTESIAN_POINT('Ctrl Pts',(-26.7479189314837,22.3096857486704,0.0642329184646762));
#2067=CARTESIAN_POINT('Ctrl Pts',(-26.8397291528893,22.5361554798263,0.726769080057664));
#2068=CARTESIAN_POINT('Ctrl Pts',(-26.9817494835286,22.7367607038908,1.38175531441078));
#2069=CARTESIAN_POINT('Ctrl Pts',(-27.1691373152367,22.9123708198609,2.02184375424771));
#2070=CARTESIAN_POINT('Ctrl Pts',(-27.3981958799314,23.0664079421453,2.64857863782775));
#2071=CARTESIAN_POINT('Ctrl Pts',(-27.6594910133354,23.2010425028648,3.25869801315001));
#2072=CARTESIAN_POINT('Ctrl Pts',(-27.9441113686265,23.3184752614712,3.84969709963417));
#2073=CARTESIAN_POINT('Ctrl Pts',(-28.2464375246099,23.4227539284987,4.43031376634116));
#2074=CARTESIAN_POINT('Ctrl Pts',(-28.4457718809723,23.4847789836869,4.80848352850066));
#2075=CARTESIAN_POINT('Ctrl Pts',(-28.5447150889728,23.5144134530853,4.99733792923916));
#2076=CARTESIAN_POINT('',(-27.1217406844588,20.7849401969899,-3.13833148567202));
#2077=CARTESIAN_POINT('Ctrl Pts',(-13.5619265735403,23.4899458738903,-9.5897302461044));
#2078=CARTESIAN_POINT('Ctrl Pts',(-14.4054298702881,23.1978138214771,-9.11241090986172));
#2079=CARTESIAN_POINT('Ctrl Pts',(-16.0755001493463,22.6429621156212,-8.18167531326801));
#2080=CARTESIAN_POINT('Ctrl Pts',(-18.8020763402849,21.866950386415,-6.74277426914302));
#2081=CARTESIAN_POINT('Ctrl Pts',(-22.5006963816167,21.0305504960662,-4.922497496088));
#2082=CARTESIAN_POINT('Ctrl Pts',(-25.567680644726,20.784939172946,-3.68777656331367));
#2083=CARTESIAN_POINT('Ctrl Pts',(-27.1217406844588,20.7849401969899,-3.13833148567202));
#2084=CARTESIAN_POINT('',(-28.5447150889728,23.5144134530853,4.99733792923916));
#2085=CARTESIAN_POINT('Ctrl Pts',(-27.1217406844588,20.7849401969899,-3.13833148567202));
#2086=CARTESIAN_POINT('Ctrl Pts',(-27.0888070641782,20.8419013428093,-3.04532431549453));
#2087=CARTESIAN_POINT('Ctrl Pts',(-27.0578369326955,20.8981235339077,-2.95125863073224));
#2088=CARTESIAN_POINT('Ctrl Pts',(-27.0288681123352,20.9535573955393,-2.85622435178385));
#2089=CARTESIAN_POINT('Ctrl Pts',(-27.0011988430533,21.0065044753906,-2.7654533427291));
#2090=CARTESIAN_POINT('Ctrl Pts',(-26.975355623756,21.0587322675899,-2.67379932501089));
#2091=CARTESIAN_POINT('Ctrl Pts',(-26.9513532158374,21.1102232311699,-2.58130659611348));
#2092=CARTESIAN_POINT('Ctrl Pts',(-26.9271245528819,21.1621995664635,-2.4879419986161));
#2093=CARTESIAN_POINT('Ctrl Pts',(-26.9047694825615,21.2134295098822,-2.39371485162027));
#2094=CARTESIAN_POINT('Ctrl Pts',(-26.8842947810403,21.263893754153,-2.29868089324824));
#2095=CARTESIAN_POINT('Ctrl Pts',(-26.8615589741948,21.3199309720418,-2.1931519448002));
#2096=CARTESIAN_POINT('Ctrl Pts',(-26.8411418646527,21.3750233676905,-2.08662855428376));
#2097=CARTESIAN_POINT('Ctrl Pts',(-26.8230564887804,21.4291185716951,-1.97925181082078));
#2098=CARTESIAN_POINT('Ctrl Pts',(-26.8006674917204,21.4960863456563,-1.84632354819114));
#2099=CARTESIAN_POINT('Ctrl Pts',(-26.7818523553539,21.5615241063419,-1.71208865164986));
#2100=CARTESIAN_POINT('Ctrl Pts',(-26.766638014792,21.6253139190758,-1.57690054021873));
#2101=CARTESIAN_POINT('Ctrl Pts',(-26.7506816022526,21.6922150485496,-1.43511869514735));
#2102=CARTESIAN_POINT('Ctrl Pts',(-26.7386866859144,21.7573002744643,-1.29229483938618));
#2103=CARTESIAN_POINT('Ctrl Pts',(-26.7306762984636,21.820458432012,-1.14885625547933));
#2104=CARTESIAN_POINT('Ctrl Pts',(-26.7246831590044,21.8677115328755,-1.04153966905179));
#2105=CARTESIAN_POINT('Ctrl Pts',(-26.7209203365197,21.9138863255356,-0.933880126764296));
#2106=CARTESIAN_POINT('Ctrl Pts',(-26.7193898084598,21.9589603388829,-0.82602769901222));
#2107=CARTESIAN_POINT('Ctrl Pts',(-26.7180073817054,21.9996727724642,-0.728611594357578));
#2108=CARTESIAN_POINT('Ctrl Pts',(-26.7184461805506,22.0394871969682,-0.631038718191333));
#2109=CARTESIAN_POINT('Ctrl Pts',(-26.7207003567494,22.0784075230951,-0.533382496611051));
#2110=CARTESIAN_POINT('Ctrl Pts',(-26.723530704254,22.1272759513887,-0.41076517716344));
#2111=CARTESIAN_POINT('Ctrl Pts',(-26.7292247636044,22.1747356904632,-0.288014607036858));
#2112=CARTESIAN_POINT('Ctrl Pts',(-26.7377474718158,22.2208353284988,-0.165187478912159));
#2113=CARTESIAN_POINT('Ctrl Pts',(-26.7448857298682,22.2594464253779,-0.0623126984262219));
#2114=CARTESIAN_POINT('Ctrl Pts',(-26.7540074697569,22.2971037302122,0.0406168822315908));
#2115=CARTESIAN_POINT('Ctrl Pts',(-26.7650687439219,22.3338201459246,0.143517231148079));
#2116=CARTESIAN_POINT('Ctrl Pts',(-26.7782954959037,22.3777245747493,0.266562494619328));
#2117=CARTESIAN_POINT('Ctrl Pts',(-26.7942956603519,22.420282885771,0.389564937689938));
#2118=CARTESIAN_POINT('Ctrl Pts',(-26.8129635555358,22.461501752091,0.512314167383866));
#2119=CARTESIAN_POINT('Ctrl Pts',(-26.8337350443947,22.5073653705711,0.648895406559916));
#2120=CARTESIAN_POINT('Ctrl Pts',(-26.8578086006169,22.551568765204,0.785158055547583));
#2121=CARTESIAN_POINT('Ctrl Pts',(-26.8850092203147,22.5941264779673,0.920786775512951));
#2122=CARTESIAN_POINT('Ctrl Pts',(-26.9061115721719,22.6271429253477,1.02600809041119));
#2123=CARTESIAN_POINT('Ctrl Pts',(-26.9290951900198,22.6591688132191,1.13084630542648));
#2124=CARTESIAN_POINT('Ctrl Pts',(-26.9538736283284,22.6902237972658,1.23517971982164));
#2125=CARTESIAN_POINT('Ctrl Pts',(-26.9761926143301,22.718196333129,1.32915723310967));
#2126=CARTESIAN_POINT('Ctrl Pts',(-26.9999675604717,22.7453811229564,1.42272453098158));
#2127=CARTESIAN_POINT('Ctrl Pts',(-27.025136753857,22.7718047932823,1.51582880746521));
#2128=CARTESIAN_POINT('Ctrl Pts',(-27.0496952632024,22.7975873419999,1.60667408045919));
#2129=CARTESIAN_POINT('Ctrl Pts',(-27.0755809942603,22.8226451715424,1.69707768515645));
#2130=CARTESIAN_POINT('Ctrl Pts',(-27.1027411073506,22.8470162148954,1.78703789973808));
#2131=CARTESIAN_POINT('Ctrl Pts',(-27.1285371679907,22.87016328023,1.8724800752855));
#2132=CARTESIAN_POINT('Ctrl Pts',(-27.1554842746271,22.8926917269544,1.95752548532781));
#2133=CARTESIAN_POINT('Ctrl Pts',(-27.1835376407722,22.9146431611674,2.04221116187867));
#2134=CARTESIAN_POINT('Ctrl Pts',(-27.2117238880732,22.9366985733463,2.12729797141754));
#2135=CARTESIAN_POINT('Ctrl Pts',(-27.2410272424104,22.9581717743702,2.21202314758679));
#2136=CARTESIAN_POINT('Ctrl Pts',(-27.2713643224469,22.9790914930663,2.29637289603504));
#2137=CARTESIAN_POINT('Ctrl Pts',(-27.3097462250992,23.0055587274059,2.4030906101257));
#2138=CARTESIAN_POINT('Ctrl Pts',(-27.3497819229303,23.0311394771727,2.50920557412333));
#2139=CARTESIAN_POINT('Ctrl Pts',(-27.3912475654706,23.0558740419745,2.61461455537081));
#2140=CARTESIAN_POINT('Ctrl Pts',(-27.4323757418822,23.0804073057156,2.71916567071667));
#2141=CARTESIAN_POINT('Ctrl Pts',(-27.4749069187705,23.1041068210625,2.82301615437883));
#2142=CARTESIAN_POINT('Ctrl Pts',(-27.5186158053135,23.1270124262041,2.92606846463342));
#2143=CARTESIAN_POINT('Ctrl Pts',(-27.5519194345985,23.1444651650524,3.00458833116666));
#2144=CARTESIAN_POINT('Ctrl Pts',(-27.5859062356999,23.1614569284143,3.08264417767165));
#2145=CARTESIAN_POINT('Ctrl Pts',(-27.6204940088669,23.1780117324818,3.16022705563323));
#2146=CARTESIAN_POINT('Ctrl Pts',(-27.6517526412493,23.1929731042941,3.23034242992032));
#2147=CARTESIAN_POINT('Ctrl Pts',(-27.6835018366049,23.2075775561512,3.30007107383446));
#2148=CARTESIAN_POINT('Ctrl Pts',(-27.7157021266858,23.2218493080456,3.36944478008161));
#2149=CARTESIAN_POINT('Ctrl Pts',(-27.7481398912958,23.2362263129534,3.43933011178853));
#2150=CARTESIAN_POINT('Ctrl Pts',(-27.781036226678,23.2502658227496,3.5088557117749));
#2151=CARTESIAN_POINT('Ctrl Pts',(-27.8143756995893,23.2639998668534,3.57810157732747));
#2152=CARTESIAN_POINT('Ctrl Pts',(-27.8439957273969,23.2762017024778,3.63962217990819));
#2153=CARTESIAN_POINT('Ctrl Pts',(-27.8739677228694,23.2881628711149,3.70092489302042));
#2154=CARTESIAN_POINT('Ctrl Pts',(-27.9042435186923,23.2999013445129,3.76204080556228));
#2155=CARTESIAN_POINT('Ctrl Pts',(-27.9394387234119,23.3135471616783,3.83308723043974));
#2156=CARTESIAN_POINT('Ctrl Pts',(-27.9750437901632,23.326891967107,3.90388072668084));
#2157=CARTESIAN_POINT('Ctrl Pts',(-28.0109289251278,23.3399565976316,3.97442734947452));
#2158=CARTESIAN_POINT('Ctrl Pts',(-28.0550451337232,23.3560178989479,4.06115544816889));
#2159=CARTESIAN_POINT('Ctrl Pts',(-28.0995809179005,23.3716554644676,4.14750766208329));
#2160=CARTESIAN_POINT('Ctrl Pts',(-28.1442517237124,23.386900300621,4.23345914208128));
#2161=CARTESIAN_POINT('Ctrl Pts',(-28.1782307924096,23.3984963604082,4.2988385591391));
#2162=CARTESIAN_POINT('Ctrl Pts',(-28.2122861396765,23.4098649553532,4.36398462390784));
#2163=CARTESIAN_POINT('Ctrl Pts',(-28.2463083510566,23.4210197459603,4.42889751938523));
#2164=CARTESIAN_POINT('Ctrl Pts',(-28.2771954477696,23.4311466331413,4.48782875281197));
#2165=CARTESIAN_POINT('Ctrl Pts',(-28.3080544995439,23.4410972429927,4.5465672239735));
#2166=CARTESIAN_POINT('Ctrl Pts',(-28.3388330863141,23.4508833749324,4.60513522869038));
#2167=CARTESIAN_POINT('Ctrl Pts',(-28.3677066446331,23.4600637981074,4.66007818992658));
#2168=CARTESIAN_POINT('Ctrl Pts',(-28.3965089285395,23.4690994472299,4.71487076464553));
#2169=CARTESIAN_POINT('Ctrl Pts',(-28.4252319807907,23.4780020980164,4.76955830112961));
#2170=CARTESIAN_POINT('Ctrl Pts',(-28.4520816482366,23.4863240970474,4.82067898827641));
#2171=CARTESIAN_POINT('Ctrl Pts',(-28.4788618930616,23.494529877147,4.87170773633693));
#2172=CARTESIAN_POINT('Ctrl Pts',(-28.5056023742726,23.5026310822331,4.92270935925637));
#2173=CARTESIAN_POINT('Ctrl Pts',(-28.5186464663086,23.5065828759167,4.94758811361));
#2174=CARTESIAN_POINT('Ctrl Pts',(-28.5316816787431,23.510509817814,4.97246086159349));
#2175=CARTESIAN_POINT('Ctrl Pts',(-28.5447150889728,23.5144134530853,4.99733792923916));
#2176=CARTESIAN_POINT('Origin',(-30.5461191081936,52.9074302694419,-0.663487486301002));
#2177=CARTESIAN_POINT('Ctrl Pts',(-13.5619265735403,23.4899458738903,-9.5897302461044));
#2178=CARTESIAN_POINT('Ctrl Pts',(-14.4054298702881,23.1978138214771,-9.11241090986172));
#2179=CARTESIAN_POINT('Ctrl Pts',(-16.0755001493463,22.6429621156212,-8.18167531326801));
#2180=CARTESIAN_POINT('Ctrl Pts',(-18.8020763402849,21.866950386415,-6.74277426914302));
#2181=CARTESIAN_POINT('Ctrl Pts',(-22.5006963816167,21.0305504960662,-4.922497496088));
#2182=CARTESIAN_POINT('Ctrl Pts',(-25.567680644726,20.784939172946,-3.68777656331367));
#2183=CARTESIAN_POINT('Ctrl Pts',(-27.1217406844588,20.7849401969899,-3.13833148567202));
#2184=CARTESIAN_POINT('Ctrl Pts',(-13.7695992283935,23.3101214871356,-9.73651475193506));
#2185=CARTESIAN_POINT('Ctrl Pts',(-14.5998956244899,23.0253180330307,-9.26349206973445));
#2186=CARTESIAN_POINT('Ctrl Pts',(-16.2501726161186,22.4824292947259,-8.34069842787089));
#2187=CARTESIAN_POINT('Ctrl Pts',(-18.9577065837972,21.7185769135683,-6.90918949955098));
#2188=CARTESIAN_POINT('Ctrl Pts',(-22.6356343233557,20.8943042063247,-5.10573151364439));
#2189=CARTESIAN_POINT('Ctrl Pts',(-25.6589811024779,20.6614774111721,-3.88232510024443));
#2190=CARTESIAN_POINT('Ctrl Pts',(-27.1915491428189,20.6642012760273,-3.33547613940884));
#2191=CARTESIAN_POINT('Ctrl Pts',(-14.1884407212097,22.9500803985268,-10.0327114455257));
#2192=CARTESIAN_POINT('Ctrl Pts',(-14.9936712120011,22.6786727871643,-9.56783365520707));
#2193=CARTESIAN_POINT('Ctrl Pts',(-16.6064265519067,22.1576475610094,-8.65914885906606));
#2194=CARTESIAN_POINT('Ctrl Pts',(-19.2800700941596,21.4152618536725,-7.2392224404566));
#2195=CARTESIAN_POINT('Ctrl Pts',(-22.9184288750285,20.6144359241087,-5.46597388553172));
#2196=CARTESIAN_POINT('Ctrl Pts',(-25.8558958756448,20.4074381580441,-4.26323254547749));
#2197=CARTESIAN_POINT('Ctrl Pts',(-27.3488291247566,20.4160374373262,-3.720282347305));
#2198=CARTESIAN_POINT('Ctrl Pts',(-14.83280895992,22.4012517488637,-10.4887273780488));
#2199=CARTESIAN_POINT('Ctrl Pts',(-15.6049947267541,22.1463329927854,-10.033703992874));
#2200=CARTESIAN_POINT('Ctrl Pts',(-17.1665043963053,21.6536613690587,-9.13905847033203));
#2201=CARTESIAN_POINT('Ctrl Pts',(-19.8027853977434,20.9360106287462,-7.72543227865422));
#2202=CARTESIAN_POINT('Ctrl Pts',(-23.3812973367855,20.1731866322777,-5.98504017705379));
#2203=CARTESIAN_POINT('Ctrl Pts',(-26.1934224665204,20.0084001081791,-4.80429157500968));
#2204=CARTESIAN_POINT('Ctrl Pts',(-27.6344782198703,20.02852710729,-4.26205164860136));
#2205=CARTESIAN_POINT('Ctrl Pts',(-15.4993318604391,21.8353274033873,-10.9601482043228));
#2206=CARTESIAN_POINT('Ctrl Pts',(-16.2422773258144,21.5942643488506,-10.5112669649499));
#2207=CARTESIAN_POINT('Ctrl Pts',(-17.7582500471543,21.1264599090713,-9.62180927285626));
#2208=CARTESIAN_POINT('Ctrl Pts',(-20.3694455731036,20.4286962926178,-8.2012412438273));
#2209=CARTESIAN_POINT('Ctrl Pts',(-23.8814579959117,19.7127825136596,-6.47912514087128));
#2210=CARTESIAN_POINT('Ctrl Pts',(-26.5718392279722,19.5960804317439,-5.30894551760576));
#2211=CARTESIAN_POINT('Ctrl Pts',(-27.9664051691395,19.6316139477544,-4.76182509925678));
#2212=CARTESIAN_POINT('Ctrl Pts',(-16.1938456644612,21.2432339560569,-11.4509309284314));
#2213=CARTESIAN_POINT('Ctrl Pts',(-16.910981583745,21.0143475548159,-11.0030986798745));
#2214=CARTESIAN_POINT('Ctrl Pts',(-18.3891599690949,20.5678693588142,-10.108387737399));
#2215=CARTESIAN_POINT('Ctrl Pts',(-20.9839405891774,19.8898590865012,-8.66527092148321));
#2216=CARTESIAN_POINT('Ctrl Pts',(-24.4178817544758,19.2351010529533,-6.94626723542852));
#2217=CARTESIAN_POINT('Ctrl Pts',(-26.9916474616953,19.1733053530372,-5.77467031905565));
#2218=CARTESIAN_POINT('Ctrl Pts',(-28.3433327926707,19.2285291214721,-5.21782687665329));
#2219=CARTESIAN_POINT('Ctrl Pts',(-16.9227744919062,20.6139419566373,-11.9660746215962));
#2220=CARTESIAN_POINT('Ctrl Pts',(-17.6178456300055,20.3961650359871,-11.5128070177827));
#2221=CARTESIAN_POINT('Ctrl Pts',(-19.0674438207016,19.9675950976738,-10.6004964971246));
#2222=CARTESIAN_POINT('Ctrl Pts',(-21.6487810414206,19.3160893619526,-9.1170585140589));
#2223=CARTESIAN_POINT('Ctrl Pts',(-24.9885262617924,18.7421694053732,-7.38526244151309));
#2224=CARTESIAN_POINT('Ctrl Pts',(-27.4518329790439,18.7432123717366,-6.19952315047644));
#2225=CARTESIAN_POINT('Ctrl Pts',(-28.7618157655605,18.8231217542186,-5.62864529853955));
#2226=CARTESIAN_POINT('Ctrl Pts',(-17.6924991086704,19.9348152602597,-12.5104311167267));
#2227=CARTESIAN_POINT('Ctrl Pts',(-18.3700159990302,19.727359910244,-12.0437582793959));
#2228=CARTESIAN_POINT('Ctrl Pts',(-19.7973800683338,19.3176376087731,-11.097266944932));
#2229=CARTESIAN_POINT('Ctrl Pts',(-22.3615798482271,18.7079202900312,-9.55376712369461));
#2230=CARTESIAN_POINT('Ctrl Pts',(-25.587285219072,18.2405597692585,-7.79117951536947));
#2231=CARTESIAN_POINT('Ctrl Pts',(-27.9478852460967,18.3122272014476,-6.57925842287428));
#2232=CARTESIAN_POINT('Ctrl Pts',(-29.2152917211652,18.4218448950124,-5.99133186090651));
#2233=CARTESIAN_POINT('Ctrl Pts',(-18.5080724828651,19.1927787673065,-13.0873949656293));
#2234=CARTESIAN_POINT('Ctrl Pts',(-19.1710165157796,18.9973987461523,-12.5965689610633));
#2235=CARTESIAN_POINT('Ctrl Pts',(-20.5790245927907,18.6138866845853,-11.5955312985385));
#2236=CARTESIAN_POINT('Ctrl Pts',(-23.1148557727994,18.0712295677789,-9.97041069214554));
#2237=CARTESIAN_POINT('Ctrl Pts',(-26.2077131159093,17.7392193166159,-8.15784291952633));
#2238=CARTESIAN_POINT('Ctrl Pts',(-28.475345442783,17.8869369850511,-6.91086916006625));
#2239=CARTESIAN_POINT('Ctrl Pts',(-29.6981499376213,18.0300914017901,-6.30514223592689));
#2240=CARTESIAN_POINT('Ctrl Pts',(-19.3689136947821,18.379600397713,-13.6962242414405));
#2241=CARTESIAN_POINT('Ctrl Pts',(-20.0185876623674,18.2016519020552,-13.1680417874759));
#2242=CARTESIAN_POINT('Ctrl Pts',(-21.4078097794974,17.8580159798906,-12.0902904792415));
#2243=CARTESIAN_POINT('Ctrl Pts',(-23.8989577525399,17.4163887860743,-10.3606633683465));
#2244=CARTESIAN_POINT('Ctrl Pts',(-26.8493888366271,17.244107111153,-8.48124936131974));
#2245=CARTESIAN_POINT('Ctrl Pts',(-29.0342749881314,17.4694355587373,-7.19578938885045));
#2246=CARTESIAN_POINT('Ctrl Pts',(-30.2090230985677,17.6484082710734,-6.57393820060221));
#2247=CARTESIAN_POINT('Ctrl Pts',(-20.2673873248258,17.4966921867896,-14.3307500033429));
#2248=CARTESIAN_POINT('Ctrl Pts',(-20.9049664303234,17.3439153242355,-13.7516092824845));
#2249=CARTESIAN_POINT('Ctrl Pts',(-22.2743815753006,17.0590764595304,-12.5746195239172));
#2250=CARTESIAN_POINT('Ctrl Pts',(-24.7041848482355,16.7567050877006,-10.7169254523866));
#2251=CARTESIAN_POINT('Ctrl Pts',(-27.5137767079984,16.7591265214031,-8.75831746381567));
#2252=CARTESIAN_POINT('Ctrl Pts',(-29.6193976481729,17.0628162818499,-7.43598120107192));
#2253=CARTESIAN_POINT('Ctrl Pts',(-30.7402861710747,17.2790520296745,-6.80128227543551));
#2254=CARTESIAN_POINT('Ctrl Pts',(-21.1820903913799,16.5643069451993,-14.9781171110507));
#2255=CARTESIAN_POINT('Ctrl Pts',(-21.8086875309568,16.4461481654556,-14.3336773662922));
#2256=CARTESIAN_POINT('Ctrl Pts',(-23.1557831355466,16.2442522184915,-13.0320957107184));
#2257=CARTESIAN_POINT('Ctrl Pts',(-25.5164121752609,16.1106919500457,-11.0290367134616));
#2258=CARTESIAN_POINT('Ctrl Pts',(-28.1972875596551,16.2908638710816,-8.98465696111797));
#2259=CARTESIAN_POINT('Ctrl Pts',(-30.2203183578292,16.6720986570425,-7.63340468568856));
#2260=CARTESIAN_POINT('Ctrl Pts',(-31.2817185605805,16.9251232887857,-6.99079734806036));
#2261=CARTESIAN_POINT('Ctrl Pts',(-22.0813967396281,15.6249748694858,-15.6139550340061));
#2262=CARTESIAN_POINT('Ctrl Pts',(-22.7020675058205,15.5477931882796,-14.8915895152818));
#2263=CARTESIAN_POINT('Ctrl Pts',(-24.0360316627339,15.4415417637726,-13.4481021996007));
#2264=CARTESIAN_POINT('Ctrl Pts',(-26.3345517737328,15.4883610746646,-11.2897643800745));
#2265=CARTESIAN_POINT('Ctrl Pts',(-28.9132113422772,15.8350386032149,-9.15939072570166));
#2266=CARTESIAN_POINT('Ctrl Pts',(-30.8377652436745,16.294832244447,-7.79380631196757));
#2267=CARTESIAN_POINT('Ctrl Pts',(-31.8342219473135,16.5828276525275,-7.14919655799609));
#2268=CARTESIAN_POINT('Ctrl Pts',(-22.9554067425382,14.7019641211995,-16.2312670317604));
#2269=CARTESIAN_POINT('Ctrl Pts',(-23.5823827503863,14.6635461961291,-15.4204569499784));
#2270=CARTESIAN_POINT('Ctrl Pts',(-24.9219005346844,14.6533536847263,-13.8183320559214));
#2271=CARTESIAN_POINT('Ctrl Pts',(-27.1714618055134,14.8809615807769,-11.4998445984677));
#2272=CARTESIAN_POINT('Ctrl Pts',(-29.6637412156008,15.3831469592731,-9.29195942394027));
#2273=CARTESIAN_POINT('Ctrl Pts',(-31.4643230407835,15.926266932848,-7.92698627605165));
#2274=CARTESIAN_POINT('Ctrl Pts',(-32.3892275965524,16.2479859805687,-7.28579150801954));
#2275=CARTESIAN_POINT('Ctrl Pts',(-23.5262356575529,14.0792918754739,-16.6355607692484));
#2276=CARTESIAN_POINT('Ctrl Pts',(-24.1646093700621,14.06561329502,-15.7584765808043));
#2277=CARTESIAN_POINT('Ctrl Pts',(-25.5159510523015,14.1216810182253,-14.0427155405986));
#2278=CARTESIAN_POINT('Ctrl Pts',(-27.7482794707926,14.4670536233894,-11.6156561225744));
#2279=CARTESIAN_POINT('Ctrl Pts',(-30.1646576781815,15.0855316864439,-9.36411001303443));
#2280=CARTESIAN_POINT('Ctrl Pts',(-31.876529904435,15.6840948499666,-8.00503622087579));
#2281=CARTESIAN_POINT('Ctrl Pts',(-32.7510225083399,16.0278661577684,-7.36860412477648));
#2282=CARTESIAN_POINT('Ctrl Pts',(-23.817140220574,13.7510059445787,-16.8412613584388));
#2283=CARTESIAN_POINT('Ctrl Pts',(-24.4620823641217,13.7510059445787,-15.9291754320877));
#2284=CARTESIAN_POINT('Ctrl Pts',(-25.8210770371681,13.8428698470263,-14.1538760699551));
#2285=CARTESIAN_POINT('Ctrl Pts',(-28.0414964126027,14.2545396096197,-11.6707293813117));
#2286=CARTESIAN_POINT('Ctrl Pts',(-30.4161631626392,14.93495189104,-9.39834107225821));
#2287=CARTESIAN_POINT('Ctrl Pts',(-32.0823702051944,15.5620665632952,-8.04280626919637));
#2288=CARTESIAN_POINT('Ctrl Pts',(-32.9310567343953,15.9170468638582,-7.40910975907767));
#2289=CARTESIAN_POINT('',(-23.817140220574,13.7510059445787,-16.8412613584388));
#2290=CARTESIAN_POINT('Ctrl Pts',(-13.5619265735403,23.4899458738903,-9.5897302461044));
#2291=CARTESIAN_POINT('Ctrl Pts',(-13.7695992283935,23.3101214871356,-9.73651475193506));
#2292=CARTESIAN_POINT('Ctrl Pts',(-14.1884407212097,22.9500803985268,-10.0327114455257));
#2293=CARTESIAN_POINT('Ctrl Pts',(-14.83280895992,22.4012517488637,-10.4887273780488));
#2294=CARTESIAN_POINT('Ctrl Pts',(-15.4993318604391,21.8353274033873,-10.9601482043228));
#2295=CARTESIAN_POINT('Ctrl Pts',(-16.1938456644612,21.2432339560569,-11.4509309284314));
#2296=CARTESIAN_POINT('Ctrl Pts',(-16.9227744919062,20.6139419566373,-11.9660746215962));
#2297=CARTESIAN_POINT('Ctrl Pts',(-17.6924991086704,19.9348152602597,-12.5104311167267));
#2298=CARTESIAN_POINT('Ctrl Pts',(-18.5080724828651,19.1927787673065,-13.0873949656293));
#2299=CARTESIAN_POINT('Ctrl Pts',(-19.3689136947821,18.379600397713,-13.6962242414405));
#2300=CARTESIAN_POINT('Ctrl Pts',(-20.2673873248258,17.4966921867896,-14.3307500033429));
#2301=CARTESIAN_POINT('Ctrl Pts',(-21.1820903913799,16.5643069451993,-14.9781171110507));
#2302=CARTESIAN_POINT('Ctrl Pts',(-22.0813967396281,15.6249748694858,-15.6139550340061));
#2303=CARTESIAN_POINT('Ctrl Pts',(-22.9554067425382,14.7019641211995,-16.2312670317604));
#2304=CARTESIAN_POINT('Ctrl Pts',(-23.5262356575529,14.0792918754739,-16.6355607692484));
#2305=CARTESIAN_POINT('Ctrl Pts',(-23.817140220574,13.7510059445787,-16.8412613584388));
#2306=CARTESIAN_POINT('',(-32.9310567343953,15.9170468638582,-7.40910975907767));
#2307=CARTESIAN_POINT('Origin',(-40.4153878103942,35.8133554436811,-28.5779947850139));
#2308=CARTESIAN_POINT('Ctrl Pts',(-32.9310567343953,15.9170468638583,-7.40910975907767));
#2309=CARTESIAN_POINT('Ctrl Pts',(-32.8778151698341,15.949819480047,-7.39713101819606));
#2310=CARTESIAN_POINT('Ctrl Pts',(-32.8245393557359,15.9825138797093,-7.38506826510781));
#2311=CARTESIAN_POINT('Ctrl Pts',(-32.7711425347362,16.015185877001,-7.37289850081883));
#2312=CARTESIAN_POINT('Ctrl Pts',(-32.7151250443744,16.0494613873989,-7.3601314551221));
#2313=CARTESIAN_POINT('Ctrl Pts',(-32.6589746379275,16.0837121615291,-7.34724659033001));
#2314=CARTESIAN_POINT('Ctrl Pts',(-32.6026465568602,16.1179866403821,-7.33421048594401));
#2315=CARTESIAN_POINT('Ctrl Pts',(-32.5426782778408,16.1544761048226,-7.3203319243042));
#2316=CARTESIAN_POINT('Ctrl Pts',(-32.482508973807,16.1909923338397,-7.30628188798443));
#2317=CARTESIAN_POINT('Ctrl Pts',(-32.422141328589,16.2275774633087,-7.29201323413546));
#2318=CARTESIAN_POINT('Ctrl Pts',(-32.355942989414,16.2676962189866,-7.27636642227699));
#2319=CARTESIAN_POINT('Ctrl Pts',(-32.2895066896705,16.3078976843403,-7.26045664836107));
#2320=CARTESIAN_POINT('Ctrl Pts',(-32.222895382498,16.3482202328783,-7.24421479571879));
#2321=CARTESIAN_POINT('Ctrl Pts',(-32.1410751635381,16.3977493577438,-7.22426455009363));
#2322=CARTESIAN_POINT('Ctrl Pts',(-32.0589919444281,16.4474609634144,-7.20381315827732));
#2323=CARTESIAN_POINT('Ctrl Pts',(-31.9768382666996,16.4974033951884,-7.18272373871109));
#2324=CARTESIAN_POINT('Ctrl Pts',(-31.886587802022,16.5522679831089,-7.15955581770915));
#2325=CARTESIAN_POINT('Ctrl Pts',(-31.7962583267578,16.6074096664378,-7.13561731673145));
#2326=CARTESIAN_POINT('Ctrl Pts',(-31.7061287524894,16.6628819098918,-7.11072320919037));
#2327=CARTESIAN_POINT('Ctrl Pts',(-31.6382743987328,16.7046443753372,-7.09198159642609));
#2328=CARTESIAN_POINT('Ctrl Pts',(-31.5705346337917,16.7465937958129,-7.07269822500722));
#2329=CARTESIAN_POINT('Ctrl Pts',(-31.5030007628034,16.7887580335476,-7.05279625847297));
#2330=CARTESIAN_POINT('Ctrl Pts',(-31.4398481261306,16.8281868823206,-7.03418542448373));
#2331=CARTESIAN_POINT('Ctrl Pts',(-31.3768764672874,16.8678033590567,-7.01503358456404));
#2332=CARTESIAN_POINT('Ctrl Pts',(-31.3141188173026,16.9076390499531,-6.99528123006921));
#2333=CARTESIAN_POINT('Ctrl Pts',(-31.2338280068591,16.9586039906005,-6.97001048537212));
#2334=CARTESIAN_POINT('Ctrl Pts',(-31.1538863874731,17.0099293961172,-6.94375584901312));
#2335=CARTESIAN_POINT('Ctrl Pts',(-31.0742516880011,17.0617001182196,-6.91640524051637));
#2336=CARTESIAN_POINT('Ctrl Pts',(-31.0046357084191,17.1069576448595,-6.89249557029362));
#2337=CARTESIAN_POINT('Ctrl Pts',(-30.9352521264036,17.1525556100989,-6.86774868447757));
#2338=CARTESIAN_POINT('Ctrl Pts',(-30.8661155862197,17.1985184616771,-6.84210437205102));
#2339=CARTESIAN_POINT('Ctrl Pts',(-30.7905767434492,17.2487376454752,-6.81408530023753));
#2340=CARTESIAN_POINT('Ctrl Pts',(-30.7153332834928,17.2993921356641,-6.7849949050019));
#2341=CARTESIAN_POINT('Ctrl Pts',(-30.6404575146376,17.3504786987602,-6.7547706348161));
#2342=CARTESIAN_POINT('Ctrl Pts',(-30.5517461702291,17.4110050581254,-6.71896151147829));
#2343=CARTESIAN_POINT('Ctrl Pts',(-30.4635519170596,17.4721374462831,-6.68156074244818));
#2344=CARTESIAN_POINT('Ctrl Pts',(-30.3760567629064,17.5338284159988,-6.64248657283794));
#2345=CARTESIAN_POINT('Ctrl Pts',(-30.2786778011402,17.6024882479565,-6.59899842649029));
#2346=CARTESIAN_POINT('Ctrl Pts',(-30.1821691958543,17.6718376489233,-6.55343834081414));
#2347=CARTESIAN_POINT('Ctrl Pts',(-30.0868083791472,17.7417866456226,-6.50571223596862));
#2348=CARTESIAN_POINT('Ctrl Pts',(-30.0034130559275,17.8029587222686,-6.46397461167967));
#2349=CARTESIAN_POINT('Ctrl Pts',(-29.9208983862338,17.8645877474411,-6.42058142398094));
#2350=CARTESIAN_POINT('Ctrl Pts',(-29.8394175469478,17.9266245453482,-6.37546887920202));
#2351=CARTESIAN_POINT('Ctrl Pts',(-29.7717272857862,17.9781616562661,-6.33799160277108));
#2352=CARTESIAN_POINT('Ctrl Pts',(-29.704750769658,18.0299800212466,-6.29932796209554));
#2353=CARTESIAN_POINT('Ctrl Pts',(-29.6385369334516,18.0820682898709,-6.25943414340339));
#2354=CARTESIAN_POINT('Ctrl Pts',(-29.5648181594762,18.1400604486323,-6.21501860170279));
#2355=CARTESIAN_POINT('Ctrl Pts',(-29.4920414156206,18.1983900056218,-6.16907617844313));
#2356=CARTESIAN_POINT('Ctrl Pts',(-29.4202196897338,18.2570598500262,-6.12153915436923));
#2357=CARTESIAN_POINT('Ctrl Pts',(-29.3483291368536,18.3157859179332,-6.07395657541057));
#2358=CARTESIAN_POINT('Ctrl Pts',(-29.2773945535614,18.3748531382653,-6.02477604238562));
#2359=CARTESIAN_POINT('Ctrl Pts',(-29.2074602663788,18.4342255777374,-5.97396361115969));
#2360=CARTESIAN_POINT('Ctrl Pts',(-29.131331135747,18.4988572824789,-5.91865016806389));
#2361=CARTESIAN_POINT('Ctrl Pts',(-29.0563877350478,18.5638501807529,-5.86140297547671));
#2362=CARTESIAN_POINT('Ctrl Pts',(-28.9827231792071,18.6291173952555,-5.80221828468622));
#2363=CARTESIAN_POINT('Ctrl Pts',(-28.8979633536762,18.7042150816664,-5.73411926463181));
#2364=CARTESIAN_POINT('Ctrl Pts',(-28.8148974602113,18.7796749974947,-5.66345529090308));
#2365=CARTESIAN_POINT('Ctrl Pts',(-28.7337040233571,18.8553243422748,-5.590270923038));
#2366=CARTESIAN_POINT('Ctrl Pts',(-28.6414009543027,18.941324725627,-5.50707279739548));
#2367=CARTESIAN_POINT('Ctrl Pts',(-28.5515207977409,19.0275670512718,-5.42061908943154));
#2368=CARTESIAN_POINT('Ctrl Pts',(-28.4643393802486,19.1137799797679,-5.33102180441996));
#2369=CARTESIAN_POINT('Ctrl Pts',(-28.3913209966515,19.1859872099899,-5.25598002241633));
#2370=CARTESIAN_POINT('Ctrl Pts',(-28.3201972261423,19.2581724990394,-5.17873505803314));
#2371=CARTESIAN_POINT('Ctrl Pts',(-28.2511083884933,19.330193578819,-5.09935448379025));
#2372=CARTESIAN_POINT('Ctrl Pts',(-28.1906556555505,19.3932120236261,-5.02989648132773));
#2373=CARTESIAN_POINT('Ctrl Pts',(-28.1317613146686,19.4561045075628,-4.9588040786521));
#2374=CARTESIAN_POINT('Ctrl Pts',(-28.0744906989143,19.5187983205785,-4.88610894733903));
#2375=CARTESIAN_POINT('Ctrl Pts',(-28.0184974266168,19.5800938330735,-4.81503518239508));
#2376=CARTESIAN_POINT('Ctrl Pts',(-27.9640568330258,19.6411991592755,-4.7424299648192));
#2377=CARTESIAN_POINT('Ctrl Pts',(-27.9111928533263,19.7020738965945,-4.66829951045716));
#2378=CARTESIAN_POINT('Ctrl Pts',(-27.8578939091441,19.7634495108579,-4.59355911119666));
#2379=CARTESIAN_POINT('Ctrl Pts',(-27.806193119781,19.8245951306746,-4.51726295684337));
#2380=CARTESIAN_POINT('Ctrl Pts',(-27.7561137751246,19.8854575965697,-4.43943856232942));
#2381=CARTESIAN_POINT('Ctrl Pts',(-27.7020846056404,19.9511203664729,-4.35547605383311));
#2382=CARTESIAN_POINT('Ctrl Pts',(-27.6499429268067,20.0164529132142,-4.26973500594357));
#2383=CARTESIAN_POINT('Ctrl Pts',(-27.5997390972323,20.0813577467913,-4.18230040036969));
#2384=CARTESIAN_POINT('Ctrl Pts',(-27.5418392122252,20.1562122435972,-4.08146240352192));
#2385=CARTESIAN_POINT('Ctrl Pts',(-27.4865172059495,20.2304966877321,-3.9783722729305));
#2386=CARTESIAN_POINT('Ctrl Pts',(-27.4338735084323,20.304036345427,-3.87322051183294));
#2387=CARTESIAN_POINT('Ctrl Pts',(-27.374882690072,20.3864424983754,-3.7553908620984));
#2388=CARTESIAN_POINT('Ctrl Pts',(-27.3192564297444,20.4679106264956,-3.63497522746209));
#2389=CARTESIAN_POINT('Ctrl Pts',(-27.2671483956577,20.5481985430426,-3.51228675896242));
#2390=CARTESIAN_POINT('Ctrl Pts',(-27.221617209246,20.6183528706618,-3.40508349121813));
#2391=CARTESIAN_POINT('Ctrl Pts',(-27.1787732796806,20.687605084364,-3.29614754952499));
#2392=CARTESIAN_POINT('Ctrl Pts',(-27.1387092760054,20.7558220842365,-3.18567969667514));
#2393=CARTESIAN_POINT('Ctrl Pts',(-27.1329965119999,20.7655492104767,-3.16992798152842));
#2394=CARTESIAN_POINT('Ctrl Pts',(-27.1273402374703,20.7752553535718,-3.15414506994912));
#2395=CARTESIAN_POINT('Ctrl Pts',(-27.1217406844588,20.7849401969899,-3.13833148567202));
#2396=CARTESIAN_POINT('Ctrl Pts',(-13.5619265735403,23.4899458738903,-9.5897302461044));
#2397=CARTESIAN_POINT('Ctrl Pts',(-13.7695992283935,23.3101214871356,-9.73651475193506));
#2398=CARTESIAN_POINT('Ctrl Pts',(-14.1884407212097,22.9500803985268,-10.0327114455257));
#2399=CARTESIAN_POINT('Ctrl Pts',(-14.83280895992,22.4012517488637,-10.4887273780488));
#2400=CARTESIAN_POINT('Ctrl Pts',(-15.4993318604391,21.8353274033873,-10.9601482043228));
#2401=CARTESIAN_POINT('Ctrl Pts',(-16.1938456644612,21.2432339560569,-11.4509309284314));
#2402=CARTESIAN_POINT('Ctrl Pts',(-16.9227744919062,20.6139419566373,-11.9660746215962));
#2403=CARTESIAN_POINT('Ctrl Pts',(-17.6924991086704,19.9348152602597,-12.5104311167267));
#2404=CARTESIAN_POINT('Ctrl Pts',(-18.5080724828651,19.1927787673065,-13.0873949656293));
#2405=CARTESIAN_POINT('Ctrl Pts',(-19.3689136947821,18.379600397713,-13.6962242414405));
#2406=CARTESIAN_POINT('Ctrl Pts',(-20.2673873248258,17.4966921867896,-14.3307500033429));
#2407=CARTESIAN_POINT('Ctrl Pts',(-21.1820903913799,16.5643069451993,-14.9781171110507));
#2408=CARTESIAN_POINT('Ctrl Pts',(-22.0813967396281,15.6249748694858,-15.6139550340061));
#2409=CARTESIAN_POINT('Ctrl Pts',(-22.9554067425382,14.7019641211995,-16.2312670317604));
#2410=CARTESIAN_POINT('Ctrl Pts',(-23.5262356575529,14.0792918754739,-16.6355607692484));
#2411=CARTESIAN_POINT('Ctrl Pts',(-23.817140220574,13.7510059445787,-16.8412613584388));
#2412=CARTESIAN_POINT('Ctrl Pts',(-13.3933594050652,23.1976486693507,-10.5440992262967));
#2413=CARTESIAN_POINT('Ctrl Pts',(-13.6007438387548,23.0250378474004,-10.677192387818));
#2414=CARTESIAN_POINT('Ctrl Pts',(-14.0189551224849,22.6781397409564,-10.9474490825265));
#2415=CARTESIAN_POINT('Ctrl Pts',(-14.661178226431,22.1460705874832,-11.3686963168539));
#2416=CARTESIAN_POINT('Ctrl Pts',(-15.3234121271537,21.5945348944644,-11.8098624755135));
#2417=CARTESIAN_POINT('Ctrl Pts',(-16.0106528892487,21.0145585570452,-12.2760142969304));
#2418=CARTESIAN_POINT('Ctrl Pts',(-16.7276604310604,20.395709730158,-12.7728084918636));
#2419=CARTESIAN_POINT('Ctrl Pts',(-17.4783868173694,19.7271378640889,-13.3049089246289));
#2420=CARTESIAN_POINT('Ctrl Pts',(-18.2658012200809,18.9977438175752,-13.8758325955511));
#2421=CARTESIAN_POINT('Ctrl Pts',(-19.0877438046677,18.2016104464638,-14.4848040428262));
#2422=CARTESIAN_POINT('Ctrl Pts',(-19.9341711811999,17.3436380339594,-15.1249436616489));
#2423=CARTESIAN_POINT('Ctrl Pts',(-20.7828789962672,16.4464407822589,-15.7836801226257));
#2424=CARTESIAN_POINT('Ctrl Pts',(-21.6076900943631,15.5475871650497,-16.4398823887506));
#2425=CARTESIAN_POINT('Ctrl Pts',(-22.3996934906611,14.6636069398273,-17.092638629565));
#2426=CARTESIAN_POINT('Ctrl Pts',(-22.9121039919622,14.06561329502,-17.5297866734585));
#2427=CARTESIAN_POINT('Ctrl Pts',(-23.1721980770264,13.7510059445787,-17.7533472847898));
#2428=CARTESIAN_POINT('Ctrl Pts',(-13.0732516538467,22.6423881466462,-12.4289017843349));
#2429=CARTESIAN_POINT('Ctrl Pts',(-13.2812517052581,22.4819728817559,-12.5403185996451));
#2430=CARTESIAN_POINT('Ctrl Pts',(-13.699483132076,22.1578570291509,-12.7692561278423));
#2431=CARTESIAN_POINT('Ctrl Pts',(-14.337702809659,21.6549003160277,-13.1367763268233));
#2432=CARTESIAN_POINT('Ctrl Pts',(-14.9910810105105,21.1270559761312,-13.5346182245583));
#2433=CARTESIAN_POINT('Ctrl Pts',(-15.661878062909,20.5667121867984,-13.9684365855551));
#2434=CARTESIAN_POINT('Ctrl Pts',(-16.351169061598,19.9666200044868,-14.443429498499));
#2435=CARTESIAN_POINT('Ctrl Pts',(-17.0607206783778,19.3184598988593,-14.9650378202762));
#2436=CARTESIAN_POINT('Ctrl Pts',(-17.7913358229224,18.6148361235231,-15.5364098961044));
#2437=CARTESIAN_POINT('Ctrl Pts',(-18.5364504287938,17.8567629856493,-16.1541652168528));
#2438=CARTESIAN_POINT('Ctrl Pts',(-19.2801013866876,17.0592326372787,-16.8079540681425));
#2439=CARTESIAN_POINT('Ctrl Pts',(-20.0046321119295,16.2448265231215,-17.4876111243619));
#2440=CARTESIAN_POINT('Ctrl Pts',(-20.6919047814375,15.440985712603,-18.1786451925741));
#2441=CARTESIAN_POINT('Ctrl Pts',(-21.3353104227767,14.6535380580052,-18.8895412327436));
#2442=CARTESIAN_POINT('Ctrl Pts',(-21.7449161974752,14.1216810182253,-19.3757641764757));
#2443=CARTESIAN_POINT('Ctrl Pts',(-21.9514280112417,13.8428698470263,-19.6263862040441));
#2444=CARTESIAN_POINT('Ctrl Pts',(-12.6250808747344,21.8666192481239,-15.4791761510891));
#2445=CARTESIAN_POINT('Ctrl Pts',(-12.8339363492618,21.718157967099,-15.5704387178211));
#2446=CARTESIAN_POINT('Ctrl Pts',(-13.2521953261994,21.4149035088055,-15.7644328518528));
#2447=CARTESIAN_POINT('Ctrl Pts',(-13.8836970866747,20.9362280263202,-16.0954583509274));
#2448=CARTESIAN_POINT('Ctrl Pts',(-14.5213947853258,20.4288036920755,-16.4714206801086));
#2449=CARTESIAN_POINT('Ctrl Pts',(-15.1647568260533,19.8893160805761,-16.8960257423183));
#2450=CARTESIAN_POINT('Ctrl Pts',(-15.8116399272268,19.3162410706,-17.3712525727257));
#2451=CARTESIAN_POINT('Ctrl Pts',(-16.4602868009604,18.7088783363254,-17.8973041779906));
#2452=CARTESIAN_POINT('Ctrl Pts',(-17.1053823481401,18.0711053490104,-18.46990165048));
#2453=CARTESIAN_POINT('Ctrl Pts',(-17.7352646360639,17.4153995133879,-19.079449604065));
#2454=CARTESIAN_POINT('Ctrl Pts',(-18.3377386079129,16.7576728684176,-19.7175166080651));
#2455=CARTESIAN_POINT('Ctrl Pts',(-18.9039817503913,16.1106502280281,-20.381430434172));
#2456=CARTESIAN_POINT('Ctrl Pts',(-19.4227843963233,15.4878475928245,-21.0648851310267));
#2457=CARTESIAN_POINT('Ctrl Pts',(-19.8991623008608,14.8811744874535,-21.7832582061922));
#2458=CARTESIAN_POINT('Ctrl Pts',(-20.2007721065353,14.4670536233894,-22.2894433992177));
#2459=CARTESIAN_POINT('Ctrl Pts',(-20.3504346534256,14.2545396096197,-22.5475332301889));
#2460=CARTESIAN_POINT('Ctrl Pts',(-12.1423873483236,21.0298691796545,-19.5730274917851));
#2461=CARTESIAN_POINT('Ctrl Pts',(-12.3600903459457,20.8936355936805,-19.6389546305498));
#2462=CARTESIAN_POINT('Ctrl Pts',(-12.7929052383774,20.6144169533717,-19.7850304430752));
#2463=CARTESIAN_POINT('Ctrl Pts',(-13.4349005086157,20.1743741153857,-20.0484459306849));
#2464=CARTESIAN_POINT('Ctrl Pts',(-14.0689636367272,19.7130227339665,-20.3561770791704));
#2465=CARTESIAN_POINT('Ctrl Pts',(-14.6900759165044,19.2338294820479,-20.7064884658359));
#2466=CARTESIAN_POINT('Ctrl Pts',(-15.2924039171091,18.7421555290788,-21.0968738125468));
#2467=CARTESIAN_POINT('Ctrl Pts',(-15.8733944279224,18.2416694355182,-21.5259454234324));
#2468=CARTESIAN_POINT('Ctrl Pts',(-16.4275458879718,17.7388871940404,-21.9904975613031));
#2469=CARTESIAN_POINT('Ctrl Pts',(-16.9467580919628,17.2433583699538,-22.4870472866103));
#2470=CARTESIAN_POINT('Ctrl Pts',(-17.4277640881239,16.7601302923881,-23.0190959261097));
#2471=CARTESIAN_POINT('Ctrl Pts',(-17.8703319931492,16.29040094912,-23.591109155716));
#2472=CARTESIAN_POINT('Ctrl Pts',(-18.2735621568511,15.8347154014126,-24.2056300933962));
#2473=CARTESIAN_POINT('Ctrl Pts',(-18.648308979088,15.3833224478824,-24.8691284017915));
#2474=CARTESIAN_POINT('Ctrl Pts',(-18.8834534793852,15.0855316864439,-25.3181419908726));
#2475=CARTESIAN_POINT('Ctrl Pts',(-18.9995619930102,14.93495189104,-25.5438532825522));
#2476=CARTESIAN_POINT('Ctrl Pts',(-12.0005706888179,20.7842801930374,-22.8761816296925));
#2477=CARTESIAN_POINT('Ctrl Pts',(-12.214419559172,20.6608066605058,-22.8972171222628));
#2478=CARTESIAN_POINT('Ctrl Pts',(-12.6379334039743,20.4074725618759,-22.9555119672593));
#2479=CARTESIAN_POINT('Ctrl Pts',(-13.2590058086188,20.0095074432271,-23.0936261911224));
#2480=CARTESIAN_POINT('Ctrl Pts',(-13.8629206183655,19.5958914771036,-23.2830933957475));
#2481=CARTESIAN_POINT('Ctrl Pts',(-14.4431107860285,19.1721754140228,-23.5234327890341));
#2482=CARTESIAN_POINT('Ctrl Pts',(-14.994846126533,18.7437662882304,-23.814302172491));
#2483=CARTESIAN_POINT('Ctrl Pts',(-15.5178157508224,18.3132061607395,-24.1558494613137));
#2484=CARTESIAN_POINT('Ctrl Pts',(-16.0083565175135,17.8861065404065,-24.5444348810483));
#2485=CARTESIAN_POINT('Ctrl Pts',(-16.4626029224255,17.4691720051737,-24.9747508537667));
#2486=CARTESIAN_POINT('Ctrl Pts',(-16.8829294424882,17.0637251175691,-25.445468581961));
#2487=CARTESIAN_POINT('Ctrl Pts',(-17.2709318321254,16.6714373058521,-25.9490102843869));
#2488=CARTESIAN_POINT('Ctrl Pts',(-17.6274599861525,16.2946773881796,-26.474970688442));
#2489=CARTESIAN_POINT('Ctrl Pts',(-17.961634248913,15.9263894909388,-27.0219318978293));
#2490=CARTESIAN_POINT('Ctrl Pts',(-18.1727304953786,15.6840948499666,-27.3851352012037));
#2491=CARTESIAN_POINT('Ctrl Pts',(-18.2769538720227,15.5620665632952,-27.5666132817749));
#2492=CARTESIAN_POINT('Ctrl Pts',(-12.0005724625706,20.7842791688957,-24.5245118455279));
#2493=CARTESIAN_POINT('Ctrl Pts',(-12.209705059431,20.6635287275398,-24.524410684386));
#2494=CARTESIAN_POINT('Ctrl Pts',(-12.6235527357222,20.4161494072756,-24.5440248917875));
#2495=CARTESIAN_POINT('Ctrl Pts',(-13.2281269461204,20.029637010742,-24.6330657846978));
#2496=CARTESIAN_POINT('Ctrl Pts',(-13.8122302606867,19.631224300273,-24.780348039597));
#2497=CARTESIAN_POINT('Ctrl Pts',(-14.3685128555622,19.2275232008803,-24.983264604484));
#2498=CARTESIAN_POINT('Ctrl Pts',(-14.8930478083634,18.823856013703,-25.2395907849284));
#2499=CARTESIAN_POINT('Ctrl Pts',(-15.3861971869276,18.4226356966208,-25.5469956789769));
#2500=CARTESIAN_POINT('Ctrl Pts',(-15.8450198239227,18.0291420258114,-25.8992224755765));
#2501=CARTESIAN_POINT('Ctrl Pts',(-16.2676119244749,17.648411268718,-26.2892562308724));
#2502=CARTESIAN_POINT('Ctrl Pts',(-16.6582812155069,17.2798264522623,-26.7141263445783));
#2503=CARTESIAN_POINT('Ctrl Pts',(-17.0189420081659,16.924412756518,-27.1638508839805));
#2504=CARTESIAN_POINT('Ctrl Pts',(-17.3518046756256,16.5827432217476,-27.6291932238618));
#2505=CARTESIAN_POINT('Ctrl Pts',(-17.6654302792127,16.2480850758355,-28.1077679461322));
#2506=CARTESIAN_POINT('Ctrl Pts',(-17.8641940954581,16.0278661577684,-28.421758766995));
#2507=CARTESIAN_POINT('Ctrl Pts',(-17.9623945823974,15.9170468638582,-28.5779947850139));
#2508=CARTESIAN_POINT('',(-12.0005724625706,20.7842791688957,-24.5245118455279));
#2509=CARTESIAN_POINT('Ctrl Pts',(-13.5619265735403,23.4899458738903,-9.5897302461044));
#2510=CARTESIAN_POINT('Ctrl Pts',(-13.3933594050652,23.1976486693507,-10.5440992262967));
#2511=CARTESIAN_POINT('Ctrl Pts',(-13.0732516538467,22.6423881466462,-12.4289017843349));
#2512=CARTESIAN_POINT('Ctrl Pts',(-12.6250808747344,21.8666192481239,-15.4791761510891));
#2513=CARTESIAN_POINT('Ctrl Pts',(-12.1423873483236,21.0298691796545,-19.5730274917851));
#2514=CARTESIAN_POINT('Ctrl Pts',(-12.0005706888179,20.7842801930374,-22.8761816296925));
#2515=CARTESIAN_POINT('Ctrl Pts',(-12.0005724625706,20.7842791688957,-24.5245118455279));
#2516=CARTESIAN_POINT('',(-17.9623945823974,15.9170468638582,-28.5779947850139));
#2517=CARTESIAN_POINT('Ctrl Pts',(-12.0005724625706,20.7842791688957,-24.5245118455279));
#2518=CARTESIAN_POINT('Ctrl Pts',(-12.0992351990805,20.7273125880862,-24.5244641206144));
#2519=CARTESIAN_POINT('Ctrl Pts',(-12.1974297224574,20.6696790667699,-24.5266204288877));
#2520=CARTESIAN_POINT('Ctrl Pts',(-12.2950645803138,20.6114382556364,-24.5309864561109));
#2521=CARTESIAN_POINT('Ctrl Pts',(-12.3883195052936,20.5558101470669,-24.5351566218703));
#2522=CARTESIAN_POINT('Ctrl Pts',(-12.4810634215073,20.4996285563433,-24.5413427402809));
#2523=CARTESIAN_POINT('Ctrl Pts',(-12.5732577957651,20.4429251429738,-24.5495439626905));
#2524=CARTESIAN_POINT('Ctrl Pts',(-12.6663212263468,20.3856872234551,-24.5578224926827));
#2525=CARTESIAN_POINT('Ctrl Pts',(-12.7588326068975,20.3279126988887,-24.5681549792503));
#2526=CARTESIAN_POINT('Ctrl Pts',(-12.8507478122651,20.2696393817346,-24.5805292316481));
#2527=CARTESIAN_POINT('Ctrl Pts',(-12.952813591002,20.2049307030004,-24.594270023525));
#2528=CARTESIAN_POINT('Ctrl Pts',(-13.0541434646136,20.1396070048538,-24.6105283848724));
#2529=CARTESIAN_POINT('Ctrl Pts',(-13.1546233970882,20.073761064653,-24.6292695767871));
#2530=CARTESIAN_POINT('Ctrl Pts',(-13.2790136739594,19.9922463329976,-24.6524704487797));
#2531=CARTESIAN_POINT('Ctrl Pts',(-13.4020992301518,19.9099314173003,-24.6794763335805));
#2532=CARTESIAN_POINT('Ctrl Pts',(-13.5236068387305,19.8270536911423,-24.7101948195152));
#2533=CARTESIAN_POINT('Ctrl Pts',(-13.6510409212405,19.7401336445956,-24.7424115845143));
#2534=CARTESIAN_POINT('Ctrl Pts',(-13.7767333443207,19.6525984335522,-24.7787106208477));
#2535=CARTESIAN_POINT('Ctrl Pts',(-13.9003825747193,19.5647479993084,-24.8189712164258));
#2536=CARTESIAN_POINT('Ctrl Pts',(-13.992893341078,19.4990208534892,-24.8490930258295));
#2537=CARTESIAN_POINT('Ctrl Pts',(-14.0842602165862,19.4331183683337,-24.8814319168635));
#2538=CARTESIAN_POINT('Ctrl Pts',(-14.1743926672541,19.3671524110927,-24.9159397304209));
#2539=CARTESIAN_POINT('Ctrl Pts',(-14.2558034655871,19.307569639272,-24.9471084008565));
#2540=CARTESIAN_POINT('Ctrl Pts',(-14.3362069304456,19.2479356020544,-24.9800463964252));
#2541=CARTESIAN_POINT('Ctrl Pts',(-14.4155728099086,19.1883105187044,-25.0147237279817));
#2542=CARTESIAN_POINT('Ctrl Pts',(-14.5152247444013,19.1134451616983,-25.0582646450108));
#2543=CARTESIAN_POINT('Ctrl Pts',(-14.6132422479088,19.0385933437612,-25.1045499123544));
#2544=CARTESIAN_POINT('Ctrl Pts',(-14.709646517674,18.9638155265516,-25.1535275747529));
#2545=CARTESIAN_POINT('Ctrl Pts',(-14.7903906353435,18.901184806081,-25.194549182463));
#2546=CARTESIAN_POINT('Ctrl Pts',(-14.8700039976157,18.838605027321,-25.2374591015052));
#2547=CARTESIAN_POINT('Ctrl Pts',(-14.948465490319,18.7761385669349,-25.282187887085));
#2548=CARTESIAN_POINT('Ctrl Pts',(-15.0422874757691,18.701442978876,-25.3356732762266));
#2549=CARTESIAN_POINT('Ctrl Pts',(-15.1344612678658,18.6269099098428,-25.3917591902477));
#2550=CARTESIAN_POINT('Ctrl Pts',(-15.2249110791063,18.5526839738435,-25.4502758604657));
#2551=CARTESIAN_POINT('Ctrl Pts',(-15.3255532367092,18.4700938805462,-25.5153864877375));
#2552=CARTESIAN_POINT('Ctrl Pts',(-15.4240570688655,18.3878870278655,-25.5835041372517));
#2553=CARTESIAN_POINT('Ctrl Pts',(-15.5203156844594,18.3062776405998,-25.6543587008153));
#2554=CARTESIAN_POINT('Ctrl Pts',(-15.5949935115385,18.2429647446823,-25.7093279605842));
#2555=CARTESIAN_POINT('Ctrl Pts',(-15.6683193495697,18.1800124434679,-25.7659431949786));
#2556=CARTESIAN_POINT('Ctrl Pts',(-15.7402672581857,18.1175049783597,-25.8240823354588));
#2557=CARTESIAN_POINT('Ctrl Pts',(-15.8050737784782,18.0612018642887,-25.876450715024));
#2558=CARTESIAN_POINT('Ctrl Pts',(-15.8687620532667,18.0052601161739,-25.9300550485016));
#2559=CARTESIAN_POINT('Ctrl Pts',(-15.9313405343151,17.9497183481995,-25.9848195504243));
#2560=CARTESIAN_POINT('Ctrl Pts',(-15.9924006639488,17.8955241987764,-26.0382552927227));
#2561=CARTESIAN_POINT('Ctrl Pts',(-16.0524037603166,17.8417114463261,-26.0927951288855));
#2562=CARTESIAN_POINT('Ctrl Pts',(-16.1113906692877,17.7882852096989,-26.1483886672448));
#2563=CARTESIAN_POINT('Ctrl Pts',(-16.167415100319,17.7375421793994,-26.2011901516746));
#2564=CARTESIAN_POINT('Ctrl Pts',(-16.2225249138649,17.6871460758318,-26.2549445975104));
#2565=CARTESIAN_POINT('Ctrl Pts',(-16.2767810633371,17.6370745367873,-26.3096221236509));
#2566=CARTESIAN_POINT('Ctrl Pts',(-16.3312942093596,17.5867658225484,-26.3645586422879));
#2567=CARTESIAN_POINT('Ctrl Pts',(-16.3849464856204,17.5367837561657,-26.4204278350821));
#2568=CARTESIAN_POINT('Ctrl Pts',(-16.4377701661836,17.4871298949749,-26.4771464912384));
#2569=CARTESIAN_POINT('Ctrl Pts',(-16.5046016925432,17.4243087644205,-26.5489058674042));
#2570=CARTESIAN_POINT('Ctrl Pts',(-16.5701057290958,17.3620139445149,-26.6220235399182));
#2571=CARTESIAN_POINT('Ctrl Pts',(-16.634305820396,17.3002852541089,-26.6962540496486));
#2572=CARTESIAN_POINT('Ctrl Pts',(-16.6979834224124,17.2390589396122,-26.7698804380284));
#2573=CARTESIAN_POINT('Ctrl Pts',(-16.7603748627826,17.1783928256443,-26.8445960440493));
#2574=CARTESIAN_POINT('Ctrl Pts',(-16.8215062092509,17.1183214379253,-26.9201559475793));
#2575=CARTESIAN_POINT('Ctrl Pts',(-16.8680847396502,17.0725505344421,-26.9777281992452));
#2576=CARTESIAN_POINT('Ctrl Pts',(-16.913931450459,17.0271252286985,-27.0357898781343));
#2577=CARTESIAN_POINT('Ctrl Pts',(-16.9590766218974,16.9820411061985,-27.0942605027399));
#2578=CARTESIAN_POINT('Ctrl Pts',(-16.9998764823278,16.9412964186268,-27.1471032154194));
#2579=CARTESIAN_POINT('Ctrl Pts',(-17.0401031740679,16.9008306484372,-27.2002795251815));
#2580=CARTESIAN_POINT('Ctrl Pts',(-17.0797992375131,16.8606185534887,-27.2537628185738));
#2581=CARTESIAN_POINT('Ctrl Pts',(-17.1197880562063,16.8201098976017,-27.3076405469167));
#2582=CARTESIAN_POINT('Ctrl Pts',(-17.1592385879376,16.7798585918584,-27.3618307093564));
#2583=CARTESIAN_POINT('Ctrl Pts',(-17.1982188542873,16.7398108782637,-27.4163454210541));
#2584=CARTESIAN_POINT('Ctrl Pts',(-17.232850372782,16.7042309999331,-27.4647783185988));
#2585=CARTESIAN_POINT('Ctrl Pts',(-17.2671120921939,16.6688102984279,-27.5134704246175));
#2586=CARTESIAN_POINT('Ctrl Pts',(-17.3010422598464,16.6335184709372,-27.5623866894966));
#2587=CARTESIAN_POINT('Ctrl Pts',(-17.3404856225719,16.5924921969966,-27.6192511883273));
#2588=CARTESIAN_POINT('Ctrl Pts',(-17.3794807594456,16.5516402495316,-27.6764177992417));
#2589=CARTESIAN_POINT('Ctrl Pts',(-17.4180702024403,16.5109306346693,-27.7337661698509));
#2590=CARTESIAN_POINT('Ctrl Pts',(-17.4655110137922,16.460883341705,-27.8042686964559));
#2591=CARTESIAN_POINT('Ctrl Pts',(-17.5123377361308,16.4110522105179,-27.8750415077871));
#2592=CARTESIAN_POINT('Ctrl Pts',(-17.5586129334752,16.361390889909,-27.9458080407643));
#2593=CARTESIAN_POINT('Ctrl Pts',(-17.5938123904943,16.3236157615336,-27.9996369529865));
#2594=CARTESIAN_POINT('Ctrl Pts',(-17.6286921407624,16.2859394518098,-28.0534599972376));
#2595=CARTESIAN_POINT('Ctrl Pts',(-17.6632823366321,16.2483370563397,-28.107174077578));
#2596=CARTESIAN_POINT('Ctrl Pts',(-17.6946850785965,16.2141996861252,-28.1559384561072));
#2597=CARTESIAN_POINT('Ctrl Pts',(-17.7258489650684,16.1801234711,-28.2046121395263));
#2598=CARTESIAN_POINT('Ctrl Pts',(-17.7568034616718,16.1460809741423,-28.2531531376639));
#2599=CARTESIAN_POINT('Ctrl Pts',(-17.7858420419537,16.1141455240664,-28.2986897099248));
#2600=CARTESIAN_POINT('Ctrl Pts',(-17.814696230413,16.0822399018909,-28.344108955186));
#2601=CARTESIAN_POINT('Ctrl Pts',(-17.8433989287116,16.0503306716982,-28.3894184873813));
#2602=CARTESIAN_POINT('Ctrl Pts',(-17.8702295697362,16.020502636307,-28.4317728256626));
#2603=CARTESIAN_POINT('Ctrl Pts',(-17.8969277921497,15.9906715188153,-28.4740310653072));
#2604=CARTESIAN_POINT('Ctrl Pts',(-17.9235292902996,15.9607987826353,-28.5162427737431));
#2605=CARTESIAN_POINT('Ctrl Pts',(-17.9365055860003,15.9462267665828,-28.536833779844));
#2606=CARTESIAN_POINT('Ctrl Pts',(-17.9494590079262,15.9316446654976,-28.5574144120527));
#2607=CARTESIAN_POINT('Ctrl Pts',(-17.9623945823974,15.9170468638582,-28.5779947850139));
#2608=CARTESIAN_POINT('Origin',(-40.4153878103942,35.8133554436811,-28.5779947850139));
#2609=CARTESIAN_POINT('Ctrl Pts',(27.1238531470807,-2.4980018054066E-15,
-9.58973024610438));
#2610=CARTESIAN_POINT('Ctrl Pts',(27.0719569873577,0.26976198815154,-9.73651475193503));
#2611=CARTESIAN_POINT('Ctrl Pts',(26.9695730046244,0.812509905393868,-10.0327114455257));
#2612=CARTESIAN_POINT('Ctrl Pts',(26.8164575710466,1.64496349434035,-10.4887273780487));
#2613=CARTESIAN_POINT('Ctrl Pts',(26.6596141615034,2.50515143113218,-10.9601482043228));
#2614=CARTESIAN_POINT('Ctrl Pts',(26.4941030967121,3.40266475235941,-11.4509309284314));
#2615=CARTESIAN_POINT('Ctrl Pts',(26.313584652539,4.34858163418742,-11.9660746215962));
#2616=CARTESIAN_POINT('Ctrl Pts',(26.1103059894698,5.35474605441231,-12.5104311167267));
#2617=CARTESIAN_POINT('Ctrl Pts',(25.8754702231346,6.43207156159172,-13.0873949656293));
#2618=CARTESIAN_POINT('Ctrl Pts',(25.6016577032171,7.58417110453308,-13.6962242414405));
#2619=CARTESIAN_POINT('Ctrl Pts',(25.2862735783695,8.80372619824309,-14.3307500033429));
#2620=CARTESIAN_POINT('Ctrl Pts',(24.9361558063156,10.0620749115937,-14.9781171110507));
#2621=CARTESIAN_POINT('Ctrl Pts',(24.5723235402822,11.3105630928179,-15.6139550340061));
#2622=CARTESIAN_POINT('Ctrl Pts',(24.2099777857552,12.528983332643,-16.2312670317604));
#2623=CARTESIAN_POINT('Ctrl Pts',(23.9561422602327,13.3346717971232,-16.6355607692484));
#2624=CARTESIAN_POINT('Ctrl Pts',(23.817290585883,13.7507455042239,-16.8412613584387));
#2625=CARTESIAN_POINT('Ctrl Pts',(26.7864327582566,0.000165152126383739,
-10.5440992262967));
#2626=CARTESIAN_POINT('Ctrl Pts',(26.7406396183243,0.266070751026092,-10.677192387818));
#2627=CARTESIAN_POINT('Ctrl Pts',(26.6493226874841,0.801701400107752,-10.9474490825265));
#2628=CARTESIAN_POINT('Ctrl Pts',(26.5096488359793,1.62391749975896,-11.3686963168539));
#2629=CARTESIAN_POINT('Ctrl Pts',(26.3631218650926,2.4731967275414,-11.8098624755135));
#2630=CARTESIAN_POINT('Ctrl Pts',(26.2044680043411,3.35835285474144,-12.2760142969304));
#2631=CARTESIAN_POINT('Ctrl Pts',(26.0270329700605,4.28872401409908,-12.7728084918636));
#2632=CARTESIAN_POINT('Ctrl Pts',(25.8233959429435,5.2731580689685,-13.304908924629));
#2633=CARTESIAN_POINT('Ctrl Pts',(25.5854293706493,6.31977596827929,-13.8758325955511));
#2634=CARTESIAN_POINT('Ctrl Pts',(25.3069289387597,7.4296658125393,-14.4848040428262));
#2635=CARTESIAN_POINT('Ctrl Pts',(24.9871167220508,8.59167962932712,-15.1249436616489));
#2636=CARTESIAN_POINT('Ctrl Pts',(24.6344750174063,9.77528078341602,-15.7836801226256));
#2637=CARTESIAN_POINT('Ctrl Pts',(24.2684504996675,10.939014956295,-16.4398823887506));
#2638=CARTESIAN_POINT('Ctrl Pts',(23.8989028663308,12.0669001299838,-17.092638629565));
#2639=CARTESIAN_POINT('Ctrl Pts',(23.6372304292765,12.8096574636801,-17.5297866734584));
#2640=CARTESIAN_POINT('Ctrl Pts',(23.4948195141092,13.1922092239405,-17.7533472847898));
#2641=CARTESIAN_POINT('Ctrl Pts',(26.1455091642666,0.000573968975001559,
-12.4289017843349));
#2642=CARTESIAN_POINT('Ctrl Pts',(26.1105854954225,0.260914929930909,-12.5403185996451));
#2643=CARTESIAN_POINT('Ctrl Pts',(26.0390086467063,0.785171896518708,-12.7692561278424));
#2644=CARTESIAN_POINT('Ctrl Pts',(25.9225451949291,1.58936470706234,-13.1367763268234));
#2645=CARTESIAN_POINT('Ctrl Pts',(25.7921076877607,2.41912899722699,-13.5346182245583));
#2646=CARTESIAN_POINT('Ctrl Pts',(25.6422342575449,3.28022818005415,-13.9684365855551));
#2647=CARTESIAN_POINT('Ctrl Pts',(25.4671846823951,4.17721778667461,-14.443429498499));
#2648=CARTESIAN_POINT('Ctrl Pts',(25.260637373592,5.11578756491604,-14.9650378202762));
#2649=CARTESIAN_POINT('Ctrl Pts',(25.0165888817164,6.10033072814936,-15.5364098961044));
#2650=CARTESIAN_POINT('Ctrl Pts',(24.7326355893268,7.12465547450169,-16.1541652168528));
#2651=CARTESIAN_POINT('Ctrl Pts',(24.4137795262958,8.16744126977166,-16.8079540681425));
#2652=CARTESIAN_POINT('Ctrl Pts',(24.0707485050592,9.20210634073209,-17.4876111243618));
#2653=CARTESIAN_POINT('Ctrl Pts',(23.7182382773055,10.1992223371122,-18.1786451925741));
#2654=CARTESIAN_POINT('Ctrl Pts',(23.3579914249429,11.1501517947489,-18.8895412327437));
#2655=CARTESIAN_POINT('Ctrl Pts',(23.1021926046612,11.7708093210646,-19.3757641764757));
#2656=CARTESIAN_POINT('Ctrl Pts',(22.9639909544272,12.0890593835675,-19.6263862040441));
#2657=CARTESIAN_POINT('Ctrl Pts',(25.2495882011243,0.000331138291075647,
-15.4791761510891));
#2658=CARTESIAN_POINT('Ctrl Pts',(25.225444697542,0.255435925463725,-15.5704387178211));
#2659=CARTESIAN_POINT('Ctrl Pts',(25.1719481213177,0.769286053999306,-15.7644328518528));
#2660=CARTESIAN_POINT('Ctrl Pts',(25.0731538735544,1.55552036234825,-16.0954583509274));
#2661=CARTESIAN_POINT('Ctrl Pts',(24.9525603589256,2.3614949364373,-16.4714206801086));
#2662=CARTESIAN_POINT('Ctrl Pts',(24.8070314027039,3.1884066132876,-16.8960257423183));
#2663=CARTESIAN_POINT('Ctrl Pts',(24.6341754363773,4.03516131717067,-17.3712525727256));
#2664=CARTESIAN_POINT('Ctrl Pts',(24.4325073160504,4.90058735504674,-17.8973041779906));
#2665=CARTESIAN_POINT('Ctrl Pts',(24.2027274807779,5.77814298043008,-18.46990165048));
#2666=CARTESIAN_POINT('Ctrl Pts',(23.9498107136811,6.65148996097712,-19.079449604065));
#2667=CARTESIAN_POINT('Ctrl Pts',(23.6814397163153,7.50211104820241,-19.717516608065));
#2668=CARTESIAN_POINT('Ctrl Pts',(23.4042232441536,8.31600331450221,-20.381430434172));
#2669=CARTESIAN_POINT('Ctrl Pts',(23.1242616634893,9.07670090303177,-21.0648851310267));
#2670=CARTESIAN_POINT('Ctrl Pts',(22.837056294714,9.79259282284829,-21.7832582061921));
#2671=CARTESIAN_POINT('Ctrl Pts',(22.6292220090346,10.260855008625,-22.2894433992177));
#2672=CARTESIAN_POINT('Ctrl Pts',(22.520010747895,10.4967235831119,-22.5475332301889));
#2673=CARTESIAN_POINT('Ctrl Pts',(24.283594622006,0.000681316411725076,
-19.5730274917851));
#2674=CARTESIAN_POINT('Ctrl Pts',(24.2744643745148,0.257334435819419,-19.6389546305498));
#2675=CARTESIAN_POINT('Ctrl Pts',(24.2490613850132,0.771772447955958,-19.7850304430752));
#2676=CARTESIAN_POINT('Ctrl Pts',(24.1889707436831,1.54777808008483,-20.0484459306849));
#2677=CARTESIAN_POINT('Ctrl Pts',(24.1064602913588,2.32756854734198,-20.3561770791704));
#2678=CARTESIAN_POINT('Ctrl Pts',(24.0020229017638,3.10506418619076,-20.7064884658359));
#2679=CARTESIAN_POINT('Ctrl Pts',(23.8773847684157,3.87253251260971,-21.0968738125468));
#2680=CARTESIAN_POINT('Ctrl Pts',(23.7344463525581,4.62592810111214,-21.5259454234324));
#2681=CARTESIAN_POINT('Ctrl Pts',(23.5760998888914,5.35722846379788,-21.990497561303));
#2682=CARTESIAN_POINT('Ctrl Pts',(23.4065654409203,6.0546438344524,-22.4870472866103));
#2683=CARTESIAN_POINT('Ctrl Pts',(23.2285806480072,6.71282128528337,-23.0190959261097));
#2684=CARTESIAN_POINT('Ctrl Pts',(23.0430670563467,7.33096100556902,-23.591109155716));
#2685=CARTESIAN_POINT('Ctrl Pts',(22.8500468777455,7.90801134476082,-24.2056300933962));
#2686=CARTESIAN_POINT('Ctrl Pts',(22.6465025240176,8.45824808957052,-24.8691284017916));
#2687=CARTESIAN_POINT('Ctrl Pts',(22.5061804097481,8.81078458110727,-25.3181419908725));
#2688=CARTESIAN_POINT('Ctrl Pts',(22.4338287384442,8.98662740120414,-25.5438532825521));
#2689=CARTESIAN_POINT('Ctrl Pts',(23.9999999909531,0.000658979908472988,
-22.8761816296925));
#2690=CARTESIAN_POINT('Ctrl Pts',(23.9999932102627,0.247594300471547,-22.8972171222628));
#2691=CARTESIAN_POINT('Ctrl Pts',(23.9923563676055,0.741035098239662,-22.9555119672593));
#2692=CARTESIAN_POINT('Ctrl Pts',(23.9582446673579,1.47788213757582,-23.0936261911225));
#2693=CARTESIAN_POINT('Ctrl Pts',(23.9020001381574,2.20769568759976,-23.2830933957475));
#2694=CARTESIAN_POINT('Ctrl Pts',(23.8251463473694,2.92201314336219,-23.5234327890341));
#2695=CARTESIAN_POINT('Ctrl Pts',(23.7300008314724,3.61403452730113,-23.814302172491));
#2696=CARTESIAN_POINT('Ctrl Pts',(23.6186096353533,4.28221957108879,-24.1558494613138));
#2697=CARTESIAN_POINT('Ctrl Pts',(23.4940008975438,4.92059014680163,-24.5444348810482));
#2698=CARTESIAN_POINT('Ctrl Pts',(23.3600482007731,5.52244634064957,-24.9747508537667));
#2699=CARTESIAN_POINT('Ctrl Pts',(23.2190841562535,6.08918322871048,-25.445468581961));
#2700=CARTESIAN_POINT('Ctrl Pts',(23.0733541405302,6.62134706072387,-25.9490102843868));
#2701=CARTESIAN_POINT('Ctrl Pts',(22.9253345577117,7.118489458112,-26.4749706884421));
#2702=CARTESIAN_POINT('Ctrl Pts',(22.773475014175,7.59203680757384,-27.0219318978293));
#2703=CARTESIAN_POINT('Ctrl Pts',(22.669189823125,7.89599884014275,-27.3851352012037));
#2704=CARTESIAN_POINT('Ctrl Pts',(22.6156219152094,8.04727307532042,-27.5666132817748));
#2705=CARTESIAN_POINT('Ctrl Pts',(23.9999999908967,0.000661028094156452,
-24.5245118455279));
#2706=CARTESIAN_POINT('Ctrl Pts',(23.9999933395945,0.242150390412699,-24.524410684386));
#2707=CARTESIAN_POINT('Ctrl Pts',(23.9926804020204,0.724242651510082,-24.5440248917875));
#2708=CARTESIAN_POINT('Ctrl Pts',(23.9602379529437,1.4410754744548,-24.6330657846978));
#2709=CARTESIAN_POINT('Ctrl Pts',(23.9072540817702,2.14613013853821,-24.7803480395969));
#2710=CARTESIAN_POINT('Ctrl Pts',(23.8357799715982,2.82973554707993,-24.983264604484));
#2711=CARTESIAN_POINT('Ctrl Pts',(23.748461409229,3.48582973496741,-25.2395907849284));
#2712=CARTESIAN_POINT('Ctrl Pts',(23.6475691114034,4.11351978320558,-25.5469956789769));
#2713=CARTESIAN_POINT('Ctrl Pts',(23.5362049147516,4.70761867807935,-25.8992224755765));
#2714=CARTESIAN_POINT('Ctrl Pts',(23.4177784573828,5.26395955114287,-26.2892562308724));
#2715=CARTESIAN_POINT('Ctrl Pts',(23.293909288399,5.78658148988296,-26.7141263445783));
#2716=CARTESIAN_POINT('Ctrl Pts',(23.166442395361,6.27662974634673,-27.1638508839805));
#2717=CARTESIAN_POINT('Ctrl Pts',(23.0369792322804,6.73573203972358,-27.6291932238619));
#2718=CARTESIAN_POINT('Ctrl Pts',(22.9039695781307,7.17466885266322,-28.1077679461322));
#2719=CARTESIAN_POINT('Ctrl Pts',(22.8126363088134,7.45691282591851,-28.421758766995));
#2720=CARTESIAN_POINT('Ctrl Pts',(22.7657642285274,7.59736658922704,-28.5779947850139));
#2721=CARTESIAN_POINT('',(27.1238531470807,-2.4980018054066E-15,-9.58973024610438));
#2722=CARTESIAN_POINT('',(23.817290585883,13.7507455042239,-16.8412613584388));
#2723=CARTESIAN_POINT('Ctrl Pts',(27.1238531470807,-2.4980018054066E-15,
-9.58973024610438));
#2724=CARTESIAN_POINT('Ctrl Pts',(27.0719569873577,0.26976198815154,-9.73651475193503));
#2725=CARTESIAN_POINT('Ctrl Pts',(26.9695730046244,0.812509905393868,-10.0327114455257));
#2726=CARTESIAN_POINT('Ctrl Pts',(26.8164575710466,1.64496349434035,-10.4887273780487));
#2727=CARTESIAN_POINT('Ctrl Pts',(26.6596141615034,2.50515143113218,-10.9601482043228));
#2728=CARTESIAN_POINT('Ctrl Pts',(26.4941030967121,3.40266475235941,-11.4509309284314));
#2729=CARTESIAN_POINT('Ctrl Pts',(26.313584652539,4.34858163418742,-11.9660746215962));
#2730=CARTESIAN_POINT('Ctrl Pts',(26.1103059894698,5.35474605441231,-12.5104311167267));
#2731=CARTESIAN_POINT('Ctrl Pts',(25.8754702231346,6.43207156159172,-13.0873949656293));
#2732=CARTESIAN_POINT('Ctrl Pts',(25.6016577032171,7.58417110453308,-13.6962242414405));
#2733=CARTESIAN_POINT('Ctrl Pts',(25.2862735783695,8.80372619824309,-14.3307500033429));
#2734=CARTESIAN_POINT('Ctrl Pts',(24.9361558063156,10.0620749115937,-14.9781171110507));
#2735=CARTESIAN_POINT('Ctrl Pts',(24.5723235402822,11.3105630928179,-15.6139550340061));
#2736=CARTESIAN_POINT('Ctrl Pts',(24.2099777857552,12.528983332643,-16.2312670317604));
#2737=CARTESIAN_POINT('Ctrl Pts',(23.9561422602327,13.3346717971232,-16.6355607692484));
#2738=CARTESIAN_POINT('Ctrl Pts',(23.817290585883,13.7507455042239,-16.8412613584387));
#2739=CARTESIAN_POINT('',(23.9999999908967,0.000661028094156452,-24.5245118455279));
#2740=CARTESIAN_POINT('Ctrl Pts',(27.1238531470807,-2.4980018054066E-15,
-9.58973024610438));
#2741=CARTESIAN_POINT('Ctrl Pts',(26.7864327582566,0.000165152126383739,
-10.5440992262967));
#2742=CARTESIAN_POINT('Ctrl Pts',(26.1455091642666,0.000573968975001559,
-12.4289017843349));
#2743=CARTESIAN_POINT('Ctrl Pts',(25.2495882011243,0.000331138291075647,
-15.4791761510891));
#2744=CARTESIAN_POINT('Ctrl Pts',(24.283594622006,0.000681316411725076,
-19.5730274917851));
#2745=CARTESIAN_POINT('Ctrl Pts',(23.9999999909531,0.000658979908472988,
-22.8761816296925));
#2746=CARTESIAN_POINT('Ctrl Pts',(23.9999999908967,0.000661028094156452,
-24.5245118455279));
#2747=CARTESIAN_POINT('',(22.7657642285274,7.59736658922704,-28.5779947850139));
#2748=CARTESIAN_POINT('Ctrl Pts',(23.9999999908967,0.000661028094156304,
-24.5245118455279));
#2749=CARTESIAN_POINT('Ctrl Pts',(23.9999968530039,0.11458875472239,-24.5244641206144));
#2750=CARTESIAN_POINT('Ctrl Pts',(23.9991820211228,0.228444467136447,-24.5266204288877));
#2751=CARTESIAN_POINT('Ctrl Pts',(23.9975614280725,0.342119139900738,-24.5309864561108));
#2752=CARTESIAN_POINT('Ctrl Pts',(23.996013535374,0.450694328439361,-24.5351566218775));
#2753=CARTESIAN_POINT('Ctrl Pts',(23.9937308086838,0.559103711481381,-24.5413427403027));
#2754=CARTESIAN_POINT('Ctrl Pts',(23.9907213993455,0.6672980885513,-24.5495439627341));
#2755=CARTESIAN_POINT('Ctrl Pts',(23.9876836222702,0.77651234337565,-24.5578224927349));
#2756=CARTESIAN_POINT('Ctrl Pts',(23.9839051065762,0.885516811372731,-24.5681549793118));
#2757=CARTESIAN_POINT('Ctrl Pts',(23.9793965362381,0.99425437280977,-24.5805292317196));
#2758=CARTESIAN_POINT('Ctrl Pts',(23.9743900659729,1.11500026945428,-24.5942700236092));
#2759=CARTESIAN_POINT('Ctrl Pts',(23.9684830207095,1.23541636327134,-24.6105283849708));
#2760=CARTESIAN_POINT('Ctrl Pts',(23.9616987299913,1.35535750749845,-24.6292695769011));
#2761=CARTESIAN_POINT('Ctrl Pts',(23.9533000400204,1.50384001318195,-24.6524704489224));
#2762=CARTESIAN_POINT('Ctrl Pts',(23.9435560100002,1.65159268963204,-24.679476333757));
#2763=CARTESIAN_POINT('Ctrl Pts',(23.9325355980153,1.79826022859078,-24.7101948197305));
#2764=CARTESIAN_POINT('Ctrl Pts',(23.920977670858,1.95208140459897,-24.7424115847433));
#2765=CARTESIAN_POINT('Ctrl Pts',(23.9080161659049,2.10470184154396,-24.7787106210891));
#2766=CARTESIAN_POINT('Ctrl Pts',(23.8937600733121,2.25571043332165,-24.8189712166781));
#2767=CARTESIAN_POINT('Ctrl Pts',(23.8830940784926,2.36869067998602,-24.8490930260861));
#2768=CARTESIAN_POINT('Ctrl Pts',(23.8717042899289,2.48076795778292,-24.8814319171231));
#2769=CARTESIAN_POINT('Ctrl Pts',(23.859642320507,2.59180792835216,-24.9159397306821));
#2770=CARTESIAN_POINT('Ctrl Pts',(23.8487475256471,2.69210313374491,-24.947108401124));
#2771=CARTESIAN_POINT('Ctrl Pts',(23.8373046669141,2.79155159545708,-24.9800463966985));
#2772=CARTESIAN_POINT('Ctrl Pts',(23.8253507697605,2.89009700492455,-25.0147237282603));
#2773=CARTESIAN_POINT('Ctrl Pts',(23.8103414359747,3.01383079021203,-25.0582646452953));
#2774=CARTESIAN_POINT('Ctrl Pts',(23.7945266118744,3.1361423472113,-25.1045499126439));
#2775=CARTESIAN_POINT('Ctrl Pts',(23.7779692574132,3.25701980244423,-25.1535275750467));
#2776=CARTESIAN_POINT('Ctrl Pts',(23.7641015212561,3.35826161981544,-25.194549182779));
#2777=CARTESIAN_POINT('Ctrl Pts',(23.7497125242156,3.45849870343106,-25.2374591018446));
#2778=CARTESIAN_POINT('Ctrl Pts',(23.734845728981,3.55768157955045,-25.2821878874487));
#2779=CARTESIAN_POINT('Ctrl Pts',(23.717068444882,3.67628159648165,-25.3356732766361));
#2780=CARTESIAN_POINT('Ctrl Pts',(23.6986078097105,3.79337297658341,-25.391759190706));
#2781=CARTESIAN_POINT('Ctrl Pts',(23.6795511691201,3.90881777894859,-25.4502758609752));
#2782=CARTESIAN_POINT('Ctrl Pts',(23.6583471290425,4.03727149063406,-25.5153864881976));
#2783=CARTESIAN_POINT('Ctrl Pts',(23.6364058223532,4.1636817378563,-25.5835041376557));
#2784=CARTESIAN_POINT('Ctrl Pts',(23.6138593276114,4.28784883779529,-25.6543587011573));
#2785=CARTESIAN_POINT('Ctrl Pts',(23.5963676649023,4.38417818107251,-25.7093279609182));
#2786=CARTESIAN_POINT('Ctrl Pts',(23.5785122918431,4.47915637013766,-25.7659431953036));
#2787=CARTESIAN_POINT('Ctrl Pts',(23.560353193445,4.57271881927214,-25.8240823357737));
#2788=CARTESIAN_POINT('Ctrl Pts',(23.5439965264949,4.65699446919588,-25.8764507153368));
#2789=CARTESIAN_POINT('Ctrl Pts',(23.5273936888909,4.74012100712766,-25.9300550488118));
#2790=CARTESIAN_POINT('Ctrl Pts',(23.5105823473796,4.82208644541764,-25.9848195507315));
#2791=CARTESIAN_POINT('Ctrl Pts',(23.4941789020512,4.90206314358366,-26.0382552930592));
#2792=CARTESIAN_POINT('Ctrl Pts',(23.477577239557,4.98093372560132,-26.0927951292522));
#2793=CARTESIAN_POINT('Ctrl Pts',(23.460802215886,5.05873100560596,-26.1483886676426));
#2794=CARTESIAN_POINT('Ctrl Pts',(23.4448696781111,5.13262110118923,-26.2011901520291));
#2795=CARTESIAN_POINT('Ctrl Pts',(23.4287802789567,5.20554565143135,-26.2549445978198));
#2796=CARTESIAN_POINT('Ctrl Pts',(23.4125451288881,5.27756862463954,-26.3096221239135));
#2797=CARTESIAN_POINT('Ctrl Pts',(23.3962330773324,5.34993275106886,-26.3645586425664));
#2798=CARTESIAN_POINT('Ctrl Pts',(23.3797734762373,5.42138801848673,-26.4204278353768));
#2799=CARTESIAN_POINT('Ctrl Pts',(23.3631838113274,5.49196159838464,-26.4771464915496));
#2800=CARTESIAN_POINT('Ctrl Pts',(23.3421948795354,5.58124996332922,-26.5489058677758));
#2801=CARTESIAN_POINT('Ctrl Pts',(23.3209980012319,5.66912553305109,-26.6220235403521));
#2802=CARTESIAN_POINT('Ctrl Pts',(23.2996394328306,5.7555887883071,-26.6962540501459));
#2803=CARTESIAN_POINT('Ctrl Pts',(23.2784546901098,5.84134836652332,-26.7698804385098));
#2804=CARTESIAN_POINT('Ctrl Pts',(23.2571120144552,5.92571399581692,-26.8445960445137));
#2805=CARTESIAN_POINT('Ctrl Pts',(23.2356543398897,6.00869098865663,-26.9201559480258));
#2806=CARTESIAN_POINT('Ctrl Pts',(23.2193048399216,6.07191463097871,-26.9777281996832));
#2807=CARTESIAN_POINT('Ctrl Pts',(23.2028887265801,6.13433170007491,-27.0357898785634));
#2808=CARTESIAN_POINT('Ctrl Pts',(23.1864173169099,6.19597062663324,-27.0942605031597));
#2809=CARTESIAN_POINT('Ctrl Pts',(23.1715313126226,6.25167668600393,-27.1471032158264));
#2810=CARTESIAN_POINT('Ctrl Pts',(23.1566002735287,6.3067469080375,-27.2002795255754));
#2811=CARTESIAN_POINT('Ctrl Pts',(23.1416236094904,6.36123075486771,-27.2537628189544));
#2812=CARTESIAN_POINT('Ctrl Pts',(23.1265364937699,6.41611641564795,-27.3076405472828));
#2813=CARTESIAN_POINT('Ctrl Pts',(23.1114031063306,6.47040723117328,-27.361830709708));
#2814=CARTESIAN_POINT('Ctrl Pts',(23.0962109021732,6.5241889888579,-27.416345421391));
#2815=CARTESIAN_POINT('Ctrl Pts',(23.0827135829193,6.57197070282034,-27.4647783189481));
#2816=CARTESIAN_POINT('Ctrl Pts',(23.0691692152986,6.61935257297011,-27.5134704249792));
#2817=CARTESIAN_POINT('Ctrl Pts',(23.0555706799685,6.66638287386624,-27.5623866898707));
#2818=CARTESIAN_POINT('Ctrl Pts',(23.0397625658666,6.72105496499726,-27.6192511887359));
#2819=CARTESIAN_POINT('Ctrl Pts',(23.023881309995,6.77525171791583,-27.6764177996849));
#2820=CARTESIAN_POINT('Ctrl Pts',(23.0079204708336,6.8290259633273,-27.7337661703286));
#2821=CARTESIAN_POINT('Ctrl Pts',(22.9882986494223,6.89513455757607,-27.8042686968949));
#2822=CARTESIAN_POINT('Ctrl Pts',(22.9685569850949,6.96060325425152,-27.8750415081866));
#2823=CARTESIAN_POINT('Ctrl Pts',(22.9486866185451,7.02550941098286,-27.9458080411239));
#2824=CARTESIAN_POINT('Ctrl Pts',(22.933572126254,7.07488059913389,-27.9996369533318));
#2825=CARTESIAN_POINT('Ctrl Pts',(22.9183833600502,7.12392550379138,-28.0534599975683));
#2826=CARTESIAN_POINT('Ctrl Pts',(22.9031138282684,7.17268268985736,-28.1071740778941));
#2827=CARTESIAN_POINT('Ctrl Pts',(22.8892513694282,7.21694694724687,-28.1559384564159));
#2828=CARTESIAN_POINT('Ctrl Pts',(22.8753224447893,7.2609737721176,-28.2046121398275));
#2829=CARTESIAN_POINT('Ctrl Pts',(22.861318025919,7.30480240100919,-28.2531531379575));
#2830=CARTESIAN_POINT('Ctrl Pts',(22.8481804050138,7.3459182742567,-28.2986897102139));
#2831=CARTESIAN_POINT('Ctrl Pts',(22.8349764199168,7.38685954555156,-28.3441089554706));
#2832=CARTESIAN_POINT('Ctrl Pts',(22.8216935651048,7.42767142652746,-28.3894184876614));
#2833=CARTESIAN_POINT('Ctrl Pts',(22.8092770492238,7.46582146094763,-28.43177282594));
#2834=CARTESIAN_POINT('Ctrl Pts',(22.7967916548598,7.50385835853692,-28.4740310655819));
#2835=CARTESIAN_POINT('Ctrl Pts',(22.7842218555227,7.54183229980116,-28.5162427740153));
#2836=CARTESIAN_POINT('Ctrl Pts',(22.778090267314,7.56035610946948,-28.5368337800254));
#2837=CARTESIAN_POINT('Ctrl Pts',(22.7719385083236,7.5788651523842,-28.5574144121434));
#2838=CARTESIAN_POINT('Ctrl Pts',(22.7657642285274,7.59736658922704,-28.5779947850139));
#2839=CARTESIAN_POINT('Origin',(51.2229695141866,17.0940748257608,-28.5779947850139));
#2840=CARTESIAN_POINT('Ctrl Pts',(27.1238531470807,-2.4980018054066E-15,
-9.58973024610438));
#2841=CARTESIAN_POINT('Ctrl Pts',(26.7864327582566,0.000165152126383739,
-10.5440992262967));
#2842=CARTESIAN_POINT('Ctrl Pts',(26.1455091642666,0.000573968975001559,
-12.4289017843349));
#2843=CARTESIAN_POINT('Ctrl Pts',(25.2495882011243,0.000331138291075647,
-15.4791761510891));
#2844=CARTESIAN_POINT('Ctrl Pts',(24.283594622006,0.000681316411725076,
-19.5730274917851));
#2845=CARTESIAN_POINT('Ctrl Pts',(23.9999999909531,0.000658979908472988,
-22.8761816296925));
#2846=CARTESIAN_POINT('Ctrl Pts',(23.9999999908967,0.000661028094156452,
-24.5245118455279));
#2847=CARTESIAN_POINT('Ctrl Pts',(27.0719276487039,-0.269711172112656,-9.73659773417905));
#2848=CARTESIAN_POINT('Ctrl Pts',(26.7406783242202,-0.265577420343792,-10.677082911012));
#2849=CARTESIAN_POINT('Ctrl Pts',(26.1105599561595,-0.259957868689876,-12.5405768604556));
#2850=CARTESIAN_POINT('Ctrl Pts',(25.2254802702529,-0.254659646267587,-15.5704340083468));
#2851=CARTESIAN_POINT('Ctrl Pts',(24.2744688751137,-0.256005005796934,-19.639170197457));
#2852=CARTESIAN_POINT('Ctrl Pts',(24.0000067716421,-0.24627628813702,-22.8974110144513));
#2853=CARTESIAN_POINT('Ctrl Pts',(24.0000066421989,-0.240828334224386,-24.5246130066697));
#2854=CARTESIAN_POINT('Ctrl Pts',(26.9695582954338,-0.812484428328552,-10.0327530493991));
#2855=CARTESIAN_POINT('Ctrl Pts',(26.6495719990405,-0.801067127974485,-10.9468909001143));
#2856=CARTESIAN_POINT('Ctrl Pts',(26.0387853529538,-0.785204076677511,-12.7703061484841));
#2857=CARTESIAN_POINT('Ctrl Pts',(25.1721079951126,-0.768846273800791,-15.7643502602908));
#2858=CARTESIAN_POINT('Ctrl Pts',(24.2490481409682,-0.771711567123062,-19.785710667055));
#2859=CARTESIAN_POINT('Ctrl Pts',(23.9923829454218,-0.741149940031378,-22.9560948946032));
#2860=CARTESIAN_POINT('Ctrl Pts',(23.9927031699368,-0.724506026596861,-24.544629259735));
#2861=CARTESIAN_POINT('Ctrl Pts',(26.8166214210968,-1.64524729095208,-10.4882639401225));
#2862=CARTESIAN_POINT('Ctrl Pts',(26.5100528494004,-1.62409246092691,-11.3679621245996));
#2863=CARTESIAN_POINT('Ctrl Pts',(25.9218983752896,-1.59072227652114,-13.1383827337508));
#2864=CARTESIAN_POINT('Ctrl Pts',(25.073384992575,-1.55635546738264,-16.095101028617));
#2865=CARTESIAN_POINT('Ctrl Pts',(24.1887499848805,-1.54977068083851,-20.0490851406888));
#2866=CARTESIAN_POINT('Ctrl Pts',(23.9581179615109,-1.47987734670735,-23.093965006411));
#2867=CARTESIAN_POINT('Ctrl Pts',(23.9601100602724,-1.44307376475387,-24.6333520422292));
#2868=CARTESIAN_POINT('Ctrl Pts',(26.6598336200812,-2.50553154453905,-10.9595274817287));
#2869=CARTESIAN_POINT('Ctrl Pts',(26.3632864896291,-2.47402295683059,-11.8096102636778));
#2870=CARTESIAN_POINT('Ctrl Pts',(25.7915237038951,-2.41930964162081,-13.5353689495135));
#2871=CARTESIAN_POINT('Ctrl Pts',(24.9527797495593,-2.36208973107696,-16.4707503770601));
#2872=CARTESIAN_POINT('Ctrl Pts',(24.106302317603,-2.32777536938465,-20.3559461444174));
#2873=CARTESIAN_POINT('Ctrl Pts',(23.9020042574547,-2.20732491315135,-23.2825217697286));
#2874=CARTESIAN_POINT('Ctrl Pts',(23.90728980324,-2.14541271497623,-24.7797046209266));
#2875=CARTESIAN_POINT('Ctrl Pts',(26.4941751488201,-3.40278955027125,-11.4507271342947));
#2876=CARTESIAN_POINT('Ctrl Pts',(26.2043662174529,-3.35859855913794,-12.2761267792244));
#2877=CARTESIAN_POINT('Ctrl Pts',(25.6422970386204,-3.2780225760351,-13.9680037068287));
#2878=CARTESIAN_POINT('Ctrl Pts',(24.8072945643986,-3.18777641086321,-16.8954252750029));
#2879=CARTESIAN_POINT('Ctrl Pts',(24.0022348927013,-3.1028882234546,-20.7059772825919));
#2880=CARTESIAN_POINT('Ctrl Pts',(23.8253831150096,-2.92016335891581,-23.52307916773));
#2881=CARTESIAN_POINT('Ctrl Pts',(23.8359906737415,-2.82808865271398,-24.9830747999483));
#2882=CARTESIAN_POINT('Ctrl Pts',(26.3135214946469,-4.34847224150937,-11.9662532590914));
#2883=CARTESIAN_POINT('Ctrl Pts',(26.0270939411232,-4.28791900741932,-12.7726618139054));
#2884=CARTESIAN_POINT('Ctrl Pts',(25.4674738818914,-4.17576850852186,-14.4434596016406));
#2885=CARTESIAN_POINT('Ctrl Pts',(24.6341768626351,-4.03546720481651,-17.3716470003954));
#2886=CARTESIAN_POINT('Ctrl Pts',(23.8773953062075,-3.87252301201179,-21.0976543482577));
#2887=CARTESIAN_POINT('Ctrl Pts',(23.7298867988412,-3.61494484997788,-23.8153286238179));
#2888=CARTESIAN_POINT('Ctrl Pts',(23.7483064182683,-3.48702980171757,-25.2406848565748));
#2889=CARTESIAN_POINT('Ctrl Pts',(26.1102800720494,-5.35470116412342,-12.5105044222615));
#2890=CARTESIAN_POINT('Ctrl Pts',(25.8235462652633,-5.27297434255375,-13.3048310847609));
#2891=CARTESIAN_POINT('Ctrl Pts',(25.2604300612873,-5.11707306964356,-14.9660599464176));
#2892=CARTESIAN_POINT('Ctrl Pts',(24.4321532105402,-4.90189011890049,-17.8981106237362));
#2893=CARTESIAN_POINT('Ctrl Pts',(23.7341329217779,-4.62760455559554,-21.5268640156237));
#2894=CARTESIAN_POINT('Ctrl Pts',(23.6183269946709,-4.28368794165038,-24.1564327621598));
#2895=CARTESIAN_POINT('Ctrl Pts',(23.6473418753089,-4.11470780196146,-25.54733056687));
#2896=CARTESIAN_POINT('Ctrl Pts',(25.8755698810216,-6.4322441741155,-13.0871130905583));
#2897=CARTESIAN_POINT('Ctrl Pts',(25.5854788939884,-6.32055188806441,-13.8757513870416));
#2898=CARTESIAN_POINT('Ctrl Pts',(25.0161220392526,-6.10142101115833,-15.5369133535098));
#2899=CARTESIAN_POINT('Ctrl Pts',(24.2027165198709,-5.7778755580452,-18.4694247867455));
#2900=CARTESIAN_POINT('Ctrl Pts',(23.5762107896457,-5.35675630438813,-21.9895879116927));
#2901=CARTESIAN_POINT('Ctrl Pts',(23.4942476967268,-4.91935672623658,-24.543190092273));
#2902=CARTESIAN_POINT('Ctrl Pts',(23.5364813970223,-4.70619880746204,-25.8979702008069));
#2903=CARTESIAN_POINT('Ctrl Pts',(25.6018151634725,-7.58444383369563,-13.695778876583));
#2904=CARTESIAN_POINT('Ctrl Pts',(25.3069986436638,-7.42970363379188,-14.4843581852911));
#2905=CARTESIAN_POINT('Ctrl Pts',(24.7328813859478,-7.12257521825508,-16.1533797941653));
#2906=CARTESIAN_POINT('Ctrl Pts',(23.9502583065827,-6.65028666925113,-19.0785989973669));
#2907=CARTESIAN_POINT('Ctrl Pts',(23.4068322541584,-6.05360848613837,-22.4867634356847));
#2908=CARTESIAN_POINT('Ctrl Pts',(23.3601484635612,-5.52209289376543,-24.9751805116401));
#2909=CARTESIAN_POINT('Ctrl Pts',(23.4177912693683,-5.26398773744208,-26.290027381157));
#2910=CARTESIAN_POINT('Ctrl Pts',(25.2860581413294,-8.80335305034401,-14.3313593513105));
#2911=CARTESIAN_POINT('Ctrl Pts',(24.9870031275099,-8.59092829725854,-15.1255216036503));
#2912=CARTESIAN_POINT('Ctrl Pts',(24.413722999073,-8.16765571724636,-16.8089485035366));
#2913=CARTESIAN_POINT('Ctrl Pts',(23.6811035382808,-7.50346433220027,-19.7190203557022));
#2914=CARTESIAN_POINT('Ctrl Pts',(23.2281692110714,-6.71411619757662,-23.0207982937656));
#2915=CARTESIAN_POINT('Ctrl Pts',(23.2187537895866,-6.09042868829676,-25.4467755085546));
#2916=CARTESIAN_POINT('Ctrl Pts',(23.2936342513399,-5.78765395689827,-26.7151256510975));
#2917=CARTESIAN_POINT('Ctrl Pts',(24.9362111282757,-10.0621707320394,-14.977960636918));
#2918=CARTESIAN_POINT('Ctrl Pts',(24.6345236708771,-9.77595028730612,-15.7835353337933));
#2919=CARTESIAN_POINT('Ctrl Pts',(24.0706211093672,-9.20303429418093,-17.487449801534));
#2920=CARTESIAN_POINT('Ctrl Pts',(23.4041416305246,-8.31577851151506,-20.3807585364169));
#2921=CARTESIAN_POINT('Ctrl Pts',(23.0432577977876,-7.33036553551261,-23.5897720056263));
#2922=CARTESIAN_POINT('Ctrl Pts',(23.0736021755651,-6.62045396762564,-25.947521158687));
#2923=CARTESIAN_POINT('Ctrl Pts',(23.1666999641784,-6.27565480408971,-27.162421312454));
#2924=CARTESIAN_POINT('Ctrl Pts',(24.5723469508645,-11.310603641136,-15.6138888188801));
#2925=CARTESIAN_POINT('Ctrl Pts',(24.2684244107417,-10.9385577224903,-16.4398513353333));
#2926=CARTESIAN_POINT('Ctrl Pts',(23.7182688910993,-10.1981632594192,-18.178687242178));
#2927=CARTESIAN_POINT('Ctrl Pts',(23.1244520833671,-9.0760037562546,-21.0651987249282));
#2928=CARTESIAN_POINT('Ctrl Pts',(22.8501924531248,-7.90761708510922,-24.2065068327714));
#2929=CARTESIAN_POINT('Ctrl Pts',(22.9254017443405,-7.11829611623192,-26.4761884565989));
#2930=CARTESIAN_POINT('Ctrl Pts',(23.0370172490165,-6.73562902508225,-27.6305267643254));
#2931=CARTESIAN_POINT('Ctrl Pts',(24.2096681951808,-12.5284471060386,-16.2321426861388));
#2932=CARTESIAN_POINT('Ctrl Pts',(23.8986737593622,-12.0666247924702,-17.0935313624536));
#2933=CARTESIAN_POINT('Ctrl Pts',(23.3578508316783,-11.1502770266293,-18.8904824722022));
#2934=CARTESIAN_POINT('Ctrl Pts',(22.8369464613906,-9.79282839930503,-21.7842183304171));
#2935=CARTESIAN_POINT('Ctrl Pts',(22.6464246055989,-8.45846410812913,-24.8699236172389));
#2936=CARTESIAN_POINT('Ctrl Pts',(22.7734227582083,-7.59219141376605,-27.0225194914256));
#2937=CARTESIAN_POINT('Ctrl Pts',(22.9039282733526,-7.17479550122273,-28.1082594585491));
#2938=CARTESIAN_POINT('Ctrl Pts',(23.9561422602327,-13.3346717971232,-16.6355607692484));
#2939=CARTESIAN_POINT('Ctrl Pts',(23.6372304292765,-12.8096574636801,-17.5297866734585));
#2940=CARTESIAN_POINT('Ctrl Pts',(23.1021926046612,-11.7708093210646,-19.3757641764757));
#2941=CARTESIAN_POINT('Ctrl Pts',(22.6292220090346,-10.260855008625,-22.2894433992177));
#2942=CARTESIAN_POINT('Ctrl Pts',(22.5061804097481,-8.81078458110729,-25.3181419908726));
#2943=CARTESIAN_POINT('Ctrl Pts',(22.669189823125,-7.89599884014277,-27.3851352012037));
#2944=CARTESIAN_POINT('Ctrl Pts',(22.8126363088134,-7.45691282591853,-28.421758766995));
#2945=CARTESIAN_POINT('Ctrl Pts',(23.817290585883,-13.7507455042239,-16.8412613584388));
#2946=CARTESIAN_POINT('Ctrl Pts',(23.4948195141092,-13.1922092239405,-17.7533472847898));
#2947=CARTESIAN_POINT('Ctrl Pts',(22.9639909544272,-12.0890593835675,-19.6263862040441));
#2948=CARTESIAN_POINT('Ctrl Pts',(22.520010747895,-10.4967235831119,-22.5475332301889));
#2949=CARTESIAN_POINT('Ctrl Pts',(22.4338287384441,-8.98662740120416,-25.5438532825522));
#2950=CARTESIAN_POINT('Ctrl Pts',(22.6156219152094,-8.04727307532045,-27.5666132817749));
#2951=CARTESIAN_POINT('Ctrl Pts',(22.7657642285274,-7.59736658922706,-28.5779947850139));
#2952=CARTESIAN_POINT('',(23.817290585883,-13.7507455042239,-16.8412613584388));
#2953=CARTESIAN_POINT('Ctrl Pts',(27.1238531470807,-2.4980018054066E-15,
-9.58973024610438));
#2954=CARTESIAN_POINT('Ctrl Pts',(27.0719276487039,-0.269711172112656,-9.73659773417905));
#2955=CARTESIAN_POINT('Ctrl Pts',(26.9695582954338,-0.81248442832855,-10.0327530493991));
#2956=CARTESIAN_POINT('Ctrl Pts',(26.8166214210968,-1.64524729095208,-10.4882639401225));
#2957=CARTESIAN_POINT('Ctrl Pts',(26.6598336200812,-2.50553154453904,-10.9595274817287));
#2958=CARTESIAN_POINT('Ctrl Pts',(26.4941751488201,-3.40278955027125,-11.4507271342947));
#2959=CARTESIAN_POINT('Ctrl Pts',(26.3135214946469,-4.34847224150937,-11.9662532590914));
#2960=CARTESIAN_POINT('Ctrl Pts',(26.1102800720494,-5.35470116412342,-12.5105044222615));
#2961=CARTESIAN_POINT('Ctrl Pts',(25.8755698810216,-6.43224417411551,-13.0871130905584));
#2962=CARTESIAN_POINT('Ctrl Pts',(25.6018151634725,-7.58444383369564,-13.695778876583));
#2963=CARTESIAN_POINT('Ctrl Pts',(25.2860581413294,-8.80335305034401,-14.3313593513105));
#2964=CARTESIAN_POINT('Ctrl Pts',(24.9362111282757,-10.0621707320394,-14.977960636918));
#2965=CARTESIAN_POINT('Ctrl Pts',(24.5723469508645,-11.310603641136,-15.6138888188801));
#2966=CARTESIAN_POINT('Ctrl Pts',(24.2096681951808,-12.5284471060386,-16.2321426861388));
#2967=CARTESIAN_POINT('Ctrl Pts',(23.9561422602327,-13.3346717971232,-16.6355607692484));
#2968=CARTESIAN_POINT('Ctrl Pts',(23.817290585883,-13.7507455042239,-16.8412613584388));
#2969=CARTESIAN_POINT('',(22.7657642285274,-7.59736658922706,-28.5779947850139));
#2970=CARTESIAN_POINT('Origin',(51.2229695141866,-17.0940748257609,-28.5779947850139));
#2971=CARTESIAN_POINT('Ctrl Pts',(22.7657642285274,-7.59736658922706,-28.5779947850139));
#2972=CARTESIAN_POINT('Ctrl Pts',(22.7796257199969,-7.55583016434288,-28.5317910701844));
#2973=CARTESIAN_POINT('Ctrl Pts',(22.7933741619774,-7.51425436505271,-28.4855830686506));
#2974=CARTESIAN_POINT('Ctrl Pts',(22.8070325895552,-7.47256746098475,-28.4392966511161));
#2975=CARTESIAN_POINT('Ctrl Pts',(22.8213613608352,-7.42883460005599,-28.3907385366152));
#2976=CARTESIAN_POINT('Ctrl Pts',(22.835591016744,-7.38497953880386,-28.3420943806592));
#2977=CARTESIAN_POINT('Ctrl Pts',(22.8497402940799,-7.34093784833397,-28.2933331246627));
#2978=CARTESIAN_POINT('Ctrl Pts',(22.8648039673868,-7.29404996696934,-28.2414206762084));
#2979=CARTESIAN_POINT('Ctrl Pts',(22.8797764813886,-7.24695066390336,-28.1893758577796));
#2980=CARTESIAN_POINT('Ctrl Pts',(22.8946725507765,-7.19958115397828,-28.1372169139987));
#2981=CARTESIAN_POINT('Ctrl Pts',(22.9110073779868,-7.14763639328269,-28.0800201252391));
#2982=CARTESIAN_POINT('Ctrl Pts',(22.9272502122799,-7.09536687682922,-28.0226866391231));
#2983=CARTESIAN_POINT('Ctrl Pts',(22.943412196369,-7.04271515734582,-27.9652988473295));
#2984=CARTESIAN_POINT('Ctrl Pts',(22.9632643375914,-6.97804182484975,-27.894808086984));
#2985=CARTESIAN_POINT('Ctrl Pts',(22.9829944358883,-6.91279214619566,-27.8242364164493));
#2986=CARTESIAN_POINT('Ctrl Pts',(23.0026119231858,-6.8468857673624,-27.7538109928088));
#2987=CARTESIAN_POINT('Ctrl Pts',(23.0241628432826,-6.7744838800784,-27.6764446790373));
#2988=CARTESIAN_POINT('Ctrl Pts',(23.0455773117272,-6.70129146078291,-27.5992607333624));
#2989=CARTESIAN_POINT('Ctrl Pts',(23.066860893216,-6.62721121838001,-27.5225837916748));
#2990=CARTESIAN_POINT('Ctrl Pts',(23.0828843092728,-6.57143965821131,-27.4648572976979));
#2991=CARTESIAN_POINT('Ctrl Pts',(23.0988333437921,-6.51516535538009,-27.4074194253105));
#2992=CARTESIAN_POINT('Ctrl Pts',(23.1147111226398,-6.45833799958724,-27.3503818699753));
#2993=CARTESIAN_POINT('Ctrl Pts',(23.1295588365956,-6.40519729698823,-27.2970446044496));
#2994=CARTESIAN_POINT('Ctrl Pts',(23.1443441714641,-6.35157329471452,-27.2440583017683));
#2995=CARTESIAN_POINT('Ctrl Pts',(23.1590719342219,-6.29741114629923,-27.1914739400986));
#2996=CARTESIAN_POINT('Ctrl Pts',(23.1779143224896,-6.22811723882425,-27.1241986196251));
#2997=CARTESIAN_POINT('Ctrl Pts',(23.1966632700235,-6.15794055751222,-27.0575804835251));
#2998=CARTESIAN_POINT('Ctrl Pts',(23.2153323801318,-6.08673496055173,-26.9916170383409));
#2999=CARTESIAN_POINT('Ctrl Pts',(23.231652758017,-6.0244876309687,-26.9339523534273));
#3000=CARTESIAN_POINT('Ctrl Pts',(23.2479120300899,-5.96145358581538,-26.8767858469051));
#3001=CARTESIAN_POINT('Ctrl Pts',(23.2641054256791,-5.89757566656749,-26.8201513958588));
#3002=CARTESIAN_POINT('Ctrl Pts',(23.281798390356,-5.82778241272756,-26.7582723825081));
#3003=CARTESIAN_POINT('Ctrl Pts',(23.2994125451904,-5.75698204345465,-26.6970289665528));
#3004=CARTESIAN_POINT('Ctrl Pts',(23.3169276542114,-5.68514597598617,-26.6365101714088));
#3005=CARTESIAN_POINT('Ctrl Pts',(23.3376792123249,-5.60003601024586,-26.5648086882561));
#3006=CARTESIAN_POINT('Ctrl Pts',(23.3582914796666,-5.51347272822652,-26.494125271963));
#3007=CARTESIAN_POINT('Ctrl Pts',(23.3787151607317,-5.42546564207868,-26.4246587727368));
#3008=CARTESIAN_POINT('Ctrl Pts',(23.4014459836769,-5.32751691839978,-26.3473450559048));
#3009=CARTESIAN_POINT('Ctrl Pts',(23.4239423287488,-5.22778292911273,-26.2715425654747));
#3010=CARTESIAN_POINT('Ctrl Pts',(23.446128165825,-5.12631193273584,-26.1975442268844));
#3011=CARTESIAN_POINT('Ctrl Pts',(23.4655302128891,-5.03757311072984,-26.1328309035569));
#3012=CARTESIAN_POINT('Ctrl Pts',(23.4846943244973,-4.94750827537215,-26.069499722806));
#3013=CARTESIAN_POINT('Ctrl Pts',(23.5035733700201,-4.85613414560185,-26.0077163657378));
#3014=CARTESIAN_POINT('Ctrl Pts',(23.5192571495834,-4.78022502681878,-25.9563898009617));
#3015=CARTESIAN_POINT('Ctrl Pts',(23.5347442023473,-4.70341265909839,-25.9061316162048));
#3016=CARTESIAN_POINT('Ctrl Pts',(23.5500122003651,-4.6256810701406,-25.857002552313));
#3017=CARTESIAN_POINT('Ctrl Pts',(23.5670107335924,-4.53913907582204,-25.8023050062419));
#3018=CARTESIAN_POINT('Ctrl Pts',(23.5837386884067,-4.45145362948858,-25.7490045752048));
#3019=CARTESIAN_POINT('Ctrl Pts',(23.6001688083957,-4.36257174327568,-25.6971360773484));
#3020=CARTESIAN_POINT('Ctrl Pts',(23.6166146734222,-4.27360468126146,-25.6452178737414));
#3021=CARTESIAN_POINT('Ctrl Pts',(23.6327620306092,-4.18343828365254,-25.5947336182609));
#3022=CARTESIAN_POINT('Ctrl Pts',(23.648571147154,-4.09207559778626,-25.5457364170638));
#3023=CARTESIAN_POINT('Ctrl Pts',(23.6657806497755,-3.99261992121618,-25.4923989987416));
#3024=CARTESIAN_POINT('Ctrl Pts',(23.6825889985751,-3.89174703877963,-25.4408240804845));
#3025=CARTESIAN_POINT('Ctrl Pts',(23.6989347075949,-3.78952420828187,-25.3911007014572));
#3026=CARTESIAN_POINT('Ctrl Pts',(23.7177423882888,-3.67190469399271,-25.3338880449349));
#3027=CARTESIAN_POINT('Ctrl Pts',(23.7359369601134,-3.55249878515663,-25.2791274274383));
#3028=CARTESIAN_POINT('Ctrl Pts',(23.7534195331341,-3.43148080031381,-25.226972310343));
#3029=CARTESIAN_POINT('Ctrl Pts',(23.7732942324604,-3.29390402262992,-25.1676808508215));
#3030=CARTESIAN_POINT('Ctrl Pts',(23.7922475824829,-3.15424753655534,-25.1117589292119));
#3031=CARTESIAN_POINT('Ctrl Pts',(23.810143367241,-3.01281808800802,-25.0594292622137));
#3032=CARTESIAN_POINT('Ctrl Pts',(23.8251318970658,-2.89436452275206,-25.0156007972916));
#3033=CARTESIAN_POINT('Ctrl Pts',(23.839378603992,-2.77466996489036,-24.9742929848455));
#3034=CARTESIAN_POINT('Ctrl Pts',(23.8528155208531,-2.65390122803239,-24.9356155954523));
#3035=CARTESIAN_POINT('Ctrl Pts',(23.8645728231065,-2.54822858328166,-24.9017728797333));
#3036=CARTESIAN_POINT('Ctrl Pts',(23.8757103084072,-2.44173430581822,-24.8699442302107));
#3037=CARTESIAN_POINT('Ctrl Pts',(23.8861908269726,-2.33449947043239,-24.8401806862985));
#3038=CARTESIAN_POINT('Ctrl Pts',(23.8964375917979,-2.22965636248729,-24.8110809778318));
#3039=CARTESIAN_POINT('Ctrl Pts',(23.90605649655,-2.12410614158257,-24.7839556331068));
#3040=CARTESIAN_POINT('Ctrl Pts',(23.9150194709344,-2.01788099372302,-24.7588251464838));
#3041=CARTESIAN_POINT('Ctrl Pts',(23.9240561925971,-1.91078182623499,-24.7334878864269));
#3042=CARTESIAN_POINT('Ctrl Pts',(23.9324267023785,-1.80298873481369,-24.7101759662149));
#3043=CARTESIAN_POINT('Ctrl Pts',(23.9401018151343,-1.69455748825612,-24.6889021721203));
#3044=CARTESIAN_POINT('Ctrl Pts',(23.9483822742888,-1.57757412439308,-24.6659504854586));
#3045=CARTESIAN_POINT('Ctrl Pts',(23.9558529220605,-1.4598485723949,-24.6453711885136));
#3046=CARTESIAN_POINT('Ctrl Pts',(23.9624777834941,-1.34151350181578,-24.6271834326004));
#3047=CARTESIAN_POINT('Ctrl Pts',(23.9701182108989,-1.20503811659034,-24.6062075631267));
#3048=CARTESIAN_POINT('Ctrl Pts',(23.9766329386351,-1.0677530676883,-24.5884128522802));
#3049=CARTESIAN_POINT('Ctrl Pts',(23.9819771852448,-0.929930258888367,-24.5738304853193));
#3050=CARTESIAN_POINT('Ctrl Pts',(23.9879657744898,-0.775490493894021,-24.5574899583332));
#3051=CARTESIAN_POINT('Ctrl Pts',(23.9924837251038,-0.620379557727435,-24.545183562046));
#3052=CARTESIAN_POINT('Ctrl Pts',(23.9954945293966,-0.465018590703558,-24.536951792554));
#3053=CARTESIAN_POINT('Ctrl Pts',(23.9981253231681,-0.329266603979194,-24.5297590009269));
#3054=CARTESIAN_POINT('Ctrl Pts',(23.9996059491793,-0.193326696090692,-24.5256773373332));
#3055=CARTESIAN_POINT('Ctrl Pts',(23.9999312248531,-0.057456090376213,-24.5247272500546));
#3056=CARTESIAN_POINT('Ctrl Pts',(23.9999776062171,-0.03808217302759,-24.5245917762168));
#3057=CARTESIAN_POINT('Ctrl Pts',(24.0000005244183,-0.0187095825780052,
-24.5245199599768));
#3058=CARTESIAN_POINT('Ctrl Pts',(23.9999999908967,0.000661028094156304,
-24.5245118455279));
#3059=CARTESIAN_POINT('Ctrl Pts',(27.1238531470807,-2.4980018054066E-15,
-9.58973024610438));
#3060=CARTESIAN_POINT('Ctrl Pts',(27.0719276487039,-0.269711172112656,-9.73659773417905));
#3061=CARTESIAN_POINT('Ctrl Pts',(26.9695582954338,-0.81248442832855,-10.0327530493991));
#3062=CARTESIAN_POINT('Ctrl Pts',(26.8166214210968,-1.64524729095208,-10.4882639401225));
#3063=CARTESIAN_POINT('Ctrl Pts',(26.6598336200812,-2.50553154453904,-10.9595274817287));
#3064=CARTESIAN_POINT('Ctrl Pts',(26.4941751488201,-3.40278955027125,-11.4507271342947));
#3065=CARTESIAN_POINT('Ctrl Pts',(26.3135214946469,-4.34847224150937,-11.9662532590914));
#3066=CARTESIAN_POINT('Ctrl Pts',(26.1102800720494,-5.35470116412342,-12.5105044222615));
#3067=CARTESIAN_POINT('Ctrl Pts',(25.8755698810216,-6.43224417411551,-13.0871130905584));
#3068=CARTESIAN_POINT('Ctrl Pts',(25.6018151634725,-7.58444383369564,-13.695778876583));
#3069=CARTESIAN_POINT('Ctrl Pts',(25.2860581413294,-8.80335305034401,-14.3313593513105));
#3070=CARTESIAN_POINT('Ctrl Pts',(24.9362111282757,-10.0621707320394,-14.977960636918));
#3071=CARTESIAN_POINT('Ctrl Pts',(24.5723469508645,-11.310603641136,-15.6138888188801));
#3072=CARTESIAN_POINT('Ctrl Pts',(24.2096681951808,-12.5284471060386,-16.2321426861388));
#3073=CARTESIAN_POINT('Ctrl Pts',(23.9561422602327,-13.3346717971232,-16.6355607692484));
#3074=CARTESIAN_POINT('Ctrl Pts',(23.817290585883,-13.7507455042239,-16.8412613584388));
#3075=CARTESIAN_POINT('Ctrl Pts',(27.2925156661804,-0.876726461492514,-9.11268060215475));
#3076=CARTESIAN_POINT('Ctrl Pts',(27.2403350997124,-1.13156871310283,-9.26384013414684));
#3077=CARTESIAN_POINT('Ctrl Pts',(27.1370146352884,-1.64640863214706,-9.56804794883646));
#3078=CARTESIAN_POINT('Ctrl Pts',(26.9818442664343,-2.44178397640876,-10.033125953174));
#3079=CARTESIAN_POINT('Ctrl Pts',(26.8225403835854,-3.26893294350909,-10.5104306761976));
#3080=CARTESIAN_POINT('Ctrl Pts',(26.6545523447932,-4.13792180009562,-11.0029835399721));
#3081=CARTESIAN_POINT('Ctrl Pts',(26.4723058259696,-5.05995922376496,-11.5133866682971));
#3082=CARTESIAN_POINT('Ctrl Pts',(26.2692612196035,-6.04541938147425,-12.0438114821416));
#3083=CARTESIAN_POINT('Ctrl Pts',(26.037959179238,-7.10358058869433,-12.5958850101826));
#3084=CARTESIAN_POINT('Ctrl Pts',(25.7725497790977,-8.23614476506754,-13.1678294281673));
#3085=CARTESIAN_POINT('Ctrl Pts',(25.4723598137951,-9.4321453182501,-13.7524689388636));
#3086=CARTESIAN_POINT('Ctrl Pts',(25.1473468498425,-10.6636008549665,-14.3330595202448));
#3087=CARTESIAN_POINT('Ctrl Pts',(24.8157220142097,-11.8869170250172,-14.8919647924186));
#3088=CARTESIAN_POINT('Ctrl Pts',(24.4898854916681,-13.0905120634586,-15.4210873418072));
#3089=CARTESIAN_POINT('Ctrl Pts',(24.2634831183265,-13.8943589394913,-15.7584765808043));
#3090=CARTESIAN_POINT('Ctrl Pts',(24.1397616576568,-14.3092817845074,-15.9291754320877));
#3091=CARTESIAN_POINT('Ctrl Pts',(27.6467991025876,-2.60088441903887,-8.1826126006793));
#3092=CARTESIAN_POINT('Ctrl Pts',(27.5950644737024,-2.83210794307957,-8.34157799136278));
#3093=CARTESIAN_POINT('Ctrl Pts',(27.4919993351511,-3.30182559182965,-8.65957785264139));
#3094=CARTESIAN_POINT('Ctrl Pts',(27.3360466741279,-4.03762108560845,-9.13879040218863));
#3095=CARTESIAN_POINT('Ctrl Pts',(27.1753609024947,-4.81499384487926,-9.6221873116124));
#3096=CARTESIAN_POINT('Ctrl Pts',(27.0063923913888,-5.6430193774301,-10.1100147173479));
#3097=CARTESIAN_POINT('Ctrl Pts',(26.8254929565148,-6.52987672979103,-10.6015535322118));
#3098=CARTESIAN_POINT('Ctrl Pts',(26.6283169630864,-7.4846781023953,-11.0966557713887));
#3099=CARTESIAN_POINT('Ctrl Pts',(26.4100774692951,-8.51392376160302,-11.5950289769727));
#3100=CARTESIAN_POINT('Ctrl Pts',(26.1689652925586,-9.61245149691934,-12.0916113241535));
#3101=CARTESIAN_POINT('Ctrl Pts',(25.910424597037,-10.759706573193,-12.5748025539404));
#3102=CARTESIAN_POINT('Ctrl Pts',(25.6462767429424,-11.9310012975053,-13.0313443205294));
#3103=CARTESIAN_POINT('Ctrl Pts',(25.3904322091286,-13.0955471871381,-13.4489665179697));
#3104=CARTESIAN_POINT('Ctrl Pts',(25.1508364168013,-14.2554504107432,-13.818609827306));
#3105=CARTESIAN_POINT('Ctrl Pts',(24.9877100320744,-15.0366213039008,-14.0427155405986));
#3106=CARTESIAN_POINT('Ctrl Pts',(24.8988154673904,-15.4402737437495,-14.1538760699551));
#3107=CARTESIAN_POINT('Ctrl Pts',(28.3381815252903,-5.34993169966467,-6.74331501570797));
#3108=CARTESIAN_POINT('Ctrl Pts',(28.2874411167353,-5.55896929610053,-6.90980498989899));
#3109=CARTESIAN_POINT('Ctrl Pts',(28.1859745933214,-5.98973303886718,-7.23947862373471));
#3110=CARTESIAN_POINT('Ctrl Pts',(28.0327266754938,-6.68165082400627,-7.72452236026106));
#3111=CARTESIAN_POINT('Ctrl Pts',(27.8767976029377,-7.42642241645152,-8.20042873995162));
#3112=CARTESIAN_POINT('Ctrl Pts',(27.7169753790166,-8.22857742744021,-8.6654612682236));
#3113=CARTESIAN_POINT('Ctrl Pts',(27.5525157885542,-9.08987508091936,-9.11693956138743));
#3114=CARTESIAN_POINT('Ctrl Pts',(27.3826151485405,-10.0103240087267,-9.55313916364922));
#3115=CARTESIAN_POINT('Ctrl Pts',(27.2077285013332,-10.9829574248281,-9.97047525405138));
#3116=CARTESIAN_POINT('Ctrl Pts',(27.032194632554,-11.9903355168983,-10.3611513190433));
#3117=CARTESIAN_POINT('Ctrl Pts',(26.8637866481585,-13.0140976214658,-10.7164802256871));
#3118=CARTESIAN_POINT('Ctrl Pts',(26.7107944408797,-14.0431526260757,-11.0290347714472));
#3119=CARTESIAN_POINT('Ctrl Pts',(26.580082278758,-15.0623577905211,-11.2903483645437));
#3120=CARTESIAN_POINT('Ctrl Pts',(26.4727285903844,-16.0897619586201,-11.5000240684297));
#3121=CARTESIAN_POINT('Ctrl Pts',(26.4029756911632,-16.7971881213219,-11.6156561225743));
#3122=CARTESIAN_POINT('Ctrl Pts',(26.3655416274835,-17.1573784486343,-11.6707293813116));
#3123=CARTESIAN_POINT('Ctrl Pts',(29.4629458177594,-8.97158073769932,-4.92361008112938));
#3124=CARTESIAN_POINT('Ctrl Pts',(29.4123262556508,-9.15637225621826,-5.10688672274538));
#3125=CARTESIAN_POINT('Ctrl Pts',(29.3115124337413,-9.54019487518332,-5.46625657915302));
#3126=CARTESIAN_POINT('Ctrl Pts',(29.1615986207039,-10.1606222102183,-5.9837303620501));
#3127=CARTESIAN_POINT('Ctrl Pts',(29.0127996469268,-10.8255975903605,-6.47895376267222));
#3128=CARTESIAN_POINT('Ctrl Pts',(28.8664632020981,-11.5305219367553,-6.94777357366188));
#3129=CARTESIAN_POINT('Ctrl Pts',(28.7250784858385,-12.2689843307185,-7.38552540972646));
#3130=CARTESIAN_POINT('Ctrl Pts',(28.590742863491,-13.0372803946675,-7.79026464609952));
#3131=CARTESIAN_POINT('Ctrl Pts',(28.4666712244099,-13.8279464949559,-8.15787294041631));
#3132=CARTESIAN_POINT('Ctrl Pts',(28.3581418270826,-14.6310257128436,-8.48187432573638));
#3133=CARTESIAN_POINT('Ctrl Pts',(28.2706318360564,-15.4459101173478,-8.75802158147252));
#3134=CARTESIAN_POINT('Ctrl Pts',(28.2072452317762,-16.2755799847513,-8.98460752730892));
#3135=CARTESIAN_POINT('Ctrl Pts',(28.1695029467509,-17.1215795249087,-9.15993625892573));
#3136=CARTESIAN_POINT('Ctrl Pts',(28.1538190877255,-17.9972001912782,-9.29208484843632));
#3137=CARTESIAN_POINT('Ctrl Pts',(28.1467825091463,-18.5805940025446,-9.36411001303443));
#3138=CARTESIAN_POINT('Ctrl Pts',(28.1421293232587,-18.8736940389781,-9.3983410722582));
#3139=CARTESIAN_POINT('Ctrl Pts',(30.783745200021,-11.7504503476159,-3.68885267299799));
#3140=CARTESIAN_POINT('Ctrl Pts',(30.7223716888406,-11.891095373076,-3.88345949064317));
#3141=CARTESIAN_POINT('Ctrl Pts',(30.6010440180528,-12.1876178801673,-4.26332055775911));
#3142=CARTESIAN_POINT('Ctrl Pts',(30.4250158524382,-12.6786583910575,-4.80283516171421));
#3143=CARTESIAN_POINT('Ctrl Pts',(30.2567820834575,-13.2145008878808,-5.30905576981348));
#3144=CARTESIAN_POINT('Ctrl Pts',(30.0998286466346,-13.7900816870426,-5.7759511746276));
#3145=CARTESIAN_POINT('Ctrl Pts',(29.9578884928907,-14.401052380709,-6.19917578106349));
#3146=CARTESIAN_POINT('Ctrl Pts',(29.8331810246901,-15.046172964684,-6.57838717504205));
#3147=CARTESIAN_POINT('Ctrl Pts',(29.7282396215599,-15.7186083633108,-6.9113449718981));
#3148=CARTESIAN_POINT('Ctrl Pts',(29.6457243513933,-16.4095567934477,-7.19617393198247));
#3149=CARTESIAN_POINT('Ctrl Pts',(29.58654993194,-17.1179574676556,-7.43555566611623));
#3150=CARTESIAN_POINT('Ctrl Pts',(29.5488576212681,-17.8372480939508,-7.63352059307965));
#3151=CARTESIAN_POINT('Ctrl Pts',(29.5299354326692,-18.5579937372523,-7.79433842558998));
#3152=CARTESIAN_POINT('Ctrl Pts',(29.5245244550148,-19.2851974435179,-7.92708053885542));
#3153=CARTESIAN_POINT('Ctrl Pts',(29.5210895276532,-19.7638372567518,-8.00503622087579));
#3154=CARTESIAN_POINT('Ctrl Pts',(29.5183300817953,-20.0031143296678,-8.04280626919636));
#3155=CARTESIAN_POINT('Ctrl Pts',(31.5607749242149,-13.0963073571945,-3.13941094002956));
#3156=CARTESIAN_POINT('Ctrl Pts',(31.491009719473,-13.2169713606929,-3.33661676361975));
#3157=CARTESIAN_POINT('Ctrl Pts',(31.3549937825093,-13.476143487761,-3.72025802553101));
#3158=CARTESIAN_POINT('Ctrl Pts',(31.1630008760863,-13.9166268122112,-4.26057575976515));
#3159=CARTESIAN_POINT('Ctrl Pts',(30.9847454208492,-14.4047047279517,-4.7621795609897));
#3160=CARTESIAN_POINT('Ctrl Pts',(30.8234995650831,-14.9328209120404,-5.21900896615075));
#3161=CARTESIAN_POINT('Ctrl Pts',(30.6821693387054,-15.4953641536639,-5.62810320212956));
#3162=CARTESIAN_POINT('Ctrl Pts',(30.5618059714595,-16.0893293203884,-5.99058059707421));
#3163=CARTESIAN_POINT('Ctrl Pts',(30.4635422000702,-16.7061188174173,-6.30575379551578));
#3164=CARTESIAN_POINT('Ctrl Pts',(30.3881153846916,-17.3369372551152,-6.5741661970523));
#3165=CARTESIAN_POINT('Ctrl Pts',(30.334308811047,-17.9809111686931,-6.80086936567049));
#3166=CARTESIAN_POINT('Ctrl Pts',(30.2986238347743,-18.6299303682102,-6.99099544213269));
#3167=CARTESIAN_POINT('Ctrl Pts',(30.2775709319427,-19.2768047404001,-7.14970726132514));
#3168=CARTESIAN_POINT('Ctrl Pts',(30.2656216975451,-19.9254243511361,-7.28587140863517));
#3169=CARTESIAN_POINT('Ctrl Pts',(30.2560505152543,-20.3492844132541,-7.36860412477648));
#3170=CARTESIAN_POINT('Ctrl Pts',(30.2500953045263,-20.5606082735239,-7.40910975907767));
#3171=CARTESIAN_POINT('',(31.5607749242149,-13.0963073571945,-3.13941094002956));
#3172=CARTESIAN_POINT('Ctrl Pts',(27.1238531470807,-2.4980018054066E-15,
-9.58973024610438));
#3173=CARTESIAN_POINT('Ctrl Pts',(27.2925156661804,-0.876726461492514,-9.11268060215475));
#3174=CARTESIAN_POINT('Ctrl Pts',(27.6467991025876,-2.60088441903887,-8.1826126006793));
#3175=CARTESIAN_POINT('Ctrl Pts',(28.3381815252903,-5.34993169966467,-6.74331501570797));
#3176=CARTESIAN_POINT('Ctrl Pts',(29.4629458177594,-8.97158073769932,-4.92361008112938));
#3177=CARTESIAN_POINT('Ctrl Pts',(30.783745200021,-11.7504503476159,-3.68885267299799));
#3178=CARTESIAN_POINT('Ctrl Pts',(31.5607749242149,-13.0963073571945,-3.13941094002956));
#3179=CARTESIAN_POINT('',(30.2500953045263,-20.5606082735239,-7.40910975907768));
#3180=CARTESIAN_POINT('Ctrl Pts',(31.5607749242149,-13.0963073571945,-3.13941094002955));
#3181=CARTESIAN_POINT('Ctrl Pts',(31.5278617097454,-13.1532331591123,-3.23244696838314));
#3182=CARTESIAN_POINT('Ctrl Pts',(31.4953318635402,-13.2121568553556,-3.32430688343261));
#3183=CARTESIAN_POINT('Ctrl Pts',(31.4632244828418,-13.2730268629553,-3.41490256778586));
#3184=CARTESIAN_POINT('Ctrl Pts',(31.4325574500446,-13.3311662215334,-3.50143409925649));
#3185=CARTESIAN_POINT('Ctrl Pts',(31.4022762487099,-13.3910808241226,-3.58681186281749));
#3186=CARTESIAN_POINT('Ctrl Pts',(31.3724014745192,-13.4527430244734,-3.670999811913));
#3187=CARTESIAN_POINT('Ctrl Pts',(31.3422450903764,-13.5149864740474,-3.75598134572877));
#3188=CARTESIAN_POINT('Ctrl Pts',(31.3125002287075,-13.5790159115506,-3.83975774959129));
#3189=CARTESIAN_POINT('Ctrl Pts',(31.283186535099,-13.6447897392168,-3.92229148548972));
#3190=CARTESIAN_POINT('Ctrl Pts',(31.250635609989,-13.717827240637,-4.01393976059827));
#3191=CARTESIAN_POINT('Ctrl Pts',(31.2186162052204,-13.7930154011192,-4.10405502787561));
#3192=CARTESIAN_POINT('Ctrl Pts',(31.1871732862643,-13.8702465484273,-4.19254135277285));
#3193=CARTESIAN_POINT('Ctrl Pts',(31.1482481665878,-13.965855726949,-4.30208400659474));
#3194=CARTESIAN_POINT('Ctrl Pts',(31.1102063139985,-14.0645951370282,-4.40912822035518));
#3195=CARTESIAN_POINT('Ctrl Pts',(31.0731641989449,-14.1661917642349,-4.51344719712034));
#3196=CARTESIAN_POINT('Ctrl Pts',(31.0343153729727,-14.2727437168977,-4.62285428060043));
#3197=CARTESIAN_POINT('Ctrl Pts',(30.9965679235095,-14.3824336386225,-4.72925855471175));
#3198=CARTESIAN_POINT('Ctrl Pts',(30.9600744475704,-14.494925952601,-4.8324159685417));
#3199=CARTESIAN_POINT('Ctrl Pts',(30.9327710877812,-14.5790894378005,-4.9095953523151));
#3200=CARTESIAN_POINT('Ctrl Pts',(30.9061703735004,-14.6648206193915,-4.98495723824347));
#3201=CARTESIAN_POINT('Ctrl Pts',(30.88033139319,-14.7519981070909,-5.05843232309871));
#3202=CARTESIAN_POINT('Ctrl Pts',(30.8569927177166,-14.8307398790011,-5.12479760300571));
#3203=CARTESIAN_POINT('Ctrl Pts',(30.834275824061,-14.9106611394042,-5.18962338476132));
#3204=CARTESIAN_POINT('Ctrl Pts',(30.8122136846307,-14.9916985596561,-5.25289114296298));
#3205=CARTESIAN_POINT('Ctrl Pts',(30.7845124244893,-15.0934492836361,-5.33233024876864));
#3206=CARTESIAN_POINT('Ctrl Pts',(30.7578441835061,-15.1969621711444,-5.40931361482661));
#3207=CARTESIAN_POINT('Ctrl Pts',(30.7322403639426,-15.3021706891772,-5.48387854450915));
#3208=CARTESIAN_POINT('Ctrl Pts',(30.7107956932211,-15.3902888709475,-5.54633095948764));
#3209=CARTESIAN_POINT('Ctrl Pts',(30.6900968385817,-15.4795969606435,-5.60708785094112));
#3210=CARTESIAN_POINT('Ctrl Pts',(30.6701615641809,-15.5700009733595,-5.6661524605026));
#3211=CARTESIAN_POINT('Ctrl Pts',(30.646323539164,-15.6781034791707,-5.7367802137021));
#3212=CARTESIAN_POINT('Ctrl Pts',(30.6235774600471,-15.7877722527066,-5.80498719367343));
#3213=CARTESIAN_POINT('Ctrl Pts',(30.6019559052602,-15.8987744934455,-5.87075853683453));
#3214=CARTESIAN_POINT('Ctrl Pts',(30.5778979233994,-16.0222850328359,-5.94394133040867));
#3215=CARTESIAN_POINT('Ctrl Pts',(30.5552329739486,-16.1474418939043,-6.0141057506807));
#3216=CARTESIAN_POINT('Ctrl Pts',(30.5340014356156,-16.27388656503,-6.08124105580482));
#3217=CARTESIAN_POINT('Ctrl Pts',(30.5175299214503,-16.3719828573899,-6.13332489975406));
#3218=CARTESIAN_POINT('Ctrl Pts',(30.5019212798294,-16.4708524994307,-6.18358541799803));
#3219=CARTESIAN_POINT('Ctrl Pts',(30.4871865988917,-16.5703462135667,-6.23203884323711));
#3220=CARTESIAN_POINT('Ctrl Pts',(30.4739144493909,-16.6599644044176,-6.2756828899808));
#3221=CARTESIAN_POINT('Ctrl Pts',(30.461351511999,-16.7500882547622,-6.31786066011585));
#3222=CARTESIAN_POINT('Ctrl Pts',(30.4494969105959,-16.8406390187476,-6.35860538386416));
#3223=CARTESIAN_POINT('Ctrl Pts',(30.4379299392176,-16.9289927355604,-6.39836151208695));
#3224=CARTESIAN_POINT('Ctrl Pts',(30.4270375699359,-17.0177521035322,-6.43675302849914));
#3225=CARTESIAN_POINT('Ctrl Pts',(30.4168072885897,-17.1068852098003,-6.47383524017835));
#3226=CARTESIAN_POINT('Ctrl Pts',(30.4070907989425,-17.191541816493,-6.5090550854284));
#3227=CARTESIAN_POINT('Ctrl Pts',(30.3979715507237,-17.2765390222227,-6.54309496724561));
#3228=CARTESIAN_POINT('Ctrl Pts',(30.3894262505083,-17.3618812060111,-6.57602231342445));
#3229=CARTESIAN_POINT('Ctrl Pts',(30.3808404735241,-17.4476276325714,-6.60910562750918));
#3230=CARTESIAN_POINT('Ctrl Pts',(30.3728337704024,-17.53372374877,-6.64106641441237));
#3231=CARTESIAN_POINT('Ctrl Pts',(30.3653736429012,-17.6201101513289,-6.67196283934524));
#3232=CARTESIAN_POINT('Ctrl Pts',(30.3559352299976,-17.7294046019232,-6.71105241465271));
#3233=CARTESIAN_POINT('Ctrl Pts',(30.3473716742265,-17.8391617282195,-6.74843765511342));
#3234=CARTESIAN_POINT('Ctrl Pts',(30.339605673272,-17.9491680009768,-6.7842225784574));
#3235=CARTESIAN_POINT('Ctrl Pts',(30.3319028755491,-18.0582789928829,-6.8197162678942));
#3236=CARTESIAN_POINT('Ctrl Pts',(30.32498432756,-18.167627944117,-6.85363427995693));
#3237=CARTESIAN_POINT('Ctrl Pts',(30.3187688176222,-18.2770051404787,-6.88608283159452));
#3238=CARTESIAN_POINT('Ctrl Pts',(30.3140329605651,-18.3603442023511,-6.91080674062259));
#3239=CARTESIAN_POINT('Ctrl Pts',(30.3097051482033,-18.4436988228888,-6.93467754111725));
#3240=CARTESIAN_POINT('Ctrl Pts',(30.3057486648283,-18.5270142376118,-6.95775060871276));
#3241=CARTESIAN_POINT('Ctrl Pts',(30.3021730007128,-18.6023103807923,-6.97860284844608));
#3242=CARTESIAN_POINT('Ctrl Pts',(30.2989006171933,-18.6775739866101,-6.9988035005291));
#3243=CARTESIAN_POINT('Ctrl Pts',(30.2959041982983,-18.7528082266976,-7.01840154358206));
#3244=CARTESIAN_POINT('Ctrl Pts',(30.292885681057,-18.8285973132012,-7.03814412061235));
#3245=CARTESIAN_POINT('Ctrl Pts',(30.2901476039296,-18.9043574359438,-7.05727505112983));
#3246=CARTESIAN_POINT('Ctrl Pts',(30.2876604591983,-18.9801450020495,-7.07585442810849));
#3247=CARTESIAN_POINT('Ctrl Pts',(30.2854507873078,-19.0474774947554,-7.09236103769074));
#3248=CARTESIAN_POINT('Ctrl Pts',(30.2834395254579,-19.1148352900814,-7.10843259452946));
#3249=CARTESIAN_POINT('Ctrl Pts',(30.2815902826519,-19.1822159625943,-7.12411684175138));
#3250=CARTESIAN_POINT('Ctrl Pts',(30.2794405628052,-19.2605450865564,-7.14234956782963));
#3251=CARTESIAN_POINT('Ctrl Pts',(30.2775095268084,-19.3389043291059,-7.16005899849353));
#3252=CARTESIAN_POINT('Ctrl Pts',(30.2757198211566,-19.4172236977877,-7.17732535073482));
#3253=CARTESIAN_POINT('Ctrl Pts',(30.2735196057234,-19.5135073986981,-7.19855213438993));
#3254=CARTESIAN_POINT('Ctrl Pts',(30.2715316571525,-19.6097264330457,-7.21910985446421));
#3255=CARTESIAN_POINT('Ctrl Pts',(30.2695958883788,-19.7056962242976,-7.23914968457339));
#3256=CARTESIAN_POINT('Ctrl Pts',(30.2681234363161,-19.7786961192282,-7.25439308015979));
#3257=CARTESIAN_POINT('Ctrl Pts',(30.2666805130691,-19.8515495222651,-7.26933700932168));
#3258=CARTESIAN_POINT('Ctrl Pts',(30.2652019762968,-19.9241934123598,-7.28404426528258));
#3259=CARTESIAN_POINT('Ctrl Pts',(30.2638596852924,-19.9901432365532,-7.29739626148934));
#3260=CARTESIAN_POINT('Ctrl Pts',(30.2624877929017,-20.0559194792631,-7.31055329428179));
#3261=CARTESIAN_POINT('Ctrl Pts',(30.261047654461,-20.1215100802122,-7.32355714084032));
#3262=CARTESIAN_POINT('Ctrl Pts',(30.2596966528191,-20.1830409768727,-7.33575611946234));
#3263=CARTESIAN_POINT('Ctrl Pts',(30.258285442448,-20.2444079331548,-7.34782036080691));
#3264=CARTESIAN_POINT('Ctrl Pts',(30.256794139847,-20.3056433816599,-7.35977834688029));
#3265=CARTESIAN_POINT('Ctrl Pts',(30.2554001034979,-20.3628849106541,-7.37095640506784));
#3266=CARTESIAN_POINT('Ctrl Pts',(30.2539360268711,-20.4200112905298,-7.38204165067054));
#3267=CARTESIAN_POINT('Ctrl Pts',(30.2523978516702,-20.4770925652876,-7.39305121416596));
#3268=CARTESIAN_POINT('Ctrl Pts',(30.2516475249036,-20.504936993085,-7.39842171433662));
#3269=CARTESIAN_POINT('Ctrl Pts',(30.2508797616473,-20.5327713900614,-7.40377410686985));
#3270=CARTESIAN_POINT('Ctrl Pts',(30.2500953045263,-20.5606082735239,-7.40910975907767));
#3271=CARTESIAN_POINT('Origin',(51.2229695141866,-17.0940748257609,-28.5779947850139));
#3272=CARTESIAN_POINT('Ctrl Pts',(27.1238531470807,-2.4980018054066E-15,
-9.58973024610438));
#3273=CARTESIAN_POINT('Ctrl Pts',(27.2925156661804,-0.876726461492514,-9.11268060215475));
#3274=CARTESIAN_POINT('Ctrl Pts',(27.6467991025876,-2.60088441903887,-8.1826126006793));
#3275=CARTESIAN_POINT('Ctrl Pts',(28.3381815252903,-5.34993169966467,-6.74331501570797));
#3276=CARTESIAN_POINT('Ctrl Pts',(29.4629458177594,-8.97158073769932,-4.92361008112938));
#3277=CARTESIAN_POINT('Ctrl Pts',(30.783745200021,-11.7504503476159,-3.68885267299799));
#3278=CARTESIAN_POINT('Ctrl Pts',(31.5607749242149,-13.0963073571945,-3.13941094002956));
#3279=CARTESIAN_POINT('Ctrl Pts',(27.2276748051804,-5.08160388906847E-5,
-9.29607825219905));
#3280=CARTESIAN_POINT('Ctrl Pts',(27.3937893541917,-0.865644066550434,-8.82980595836983));
#3281=CARTESIAN_POINT('Ctrl Pts',(27.7455279615454,-2.5718897853881,-7.91618900592979));
#3282=CARTESIAN_POINT('Ctrl Pts',(28.4347204484193,-5.30390739600812,-6.49333203859549));
#3283=CARTESIAN_POINT('Ctrl Pts',(29.5606199577659,-8.89987724584178,-4.6876770897772));
#3284=CARTESIAN_POINT('Ctrl Pts',(30.8650425502833,-11.6443144762477,-3.48015760578951));
#3285=CARTESIAN_POINT('Ctrl Pts',(31.6305401289569,-12.9756433536961,-2.94220511643936));
#3286=CARTESIAN_POINT('Ctrl Pts',(27.4386611080322,-2.54770653306664E-5,
-8.7059299299511));
#3287=CARTESIAN_POINT('Ctrl Pts',(27.5996386857747,-0.844496644027791,-8.25969651303757));
#3288=CARTESIAN_POINT('Ctrl Pts',(27.9456367369284,-2.51755940284941,-7.37691597119061));
#3289=CARTESIAN_POINT('Ctrl Pts',(28.6300894442004,-5.22055328764983,-5.98370173282191));
#3290=CARTESIAN_POINT('Ctrl Pts',(29.7573875134942,-8.76901209142405,-4.20577417349503));
#3291=CARTESIAN_POINT('Ctrl Pts',(31.0292109262355,-11.4469936468603,-3.05293976149669));
#3292=CARTESIAN_POINT('Ctrl Pts',(31.7735153772022,-12.752256040539,-2.53716896014929));
#3293=CARTESIAN_POINT('Ctrl Pts',(27.7663415373613,0.000283796611701456,
-7.80204980236285));
#3294=CARTESIAN_POINT('Ctrl Pts',(27.9194545553037,-0.817062901971725,-7.38157210995939));
#3295=CARTESIAN_POINT('Ctrl Pts',(28.2542769632586,-2.44907594032707,-6.54141987036182));
#3296=CARTESIAN_POINT('Ctrl Pts',(28.931072005315,-5.12535443838167,-5.18391444300215));
#3297=CARTESIAN_POINT('Ctrl Pts',(30.0559012869942,-8.61243347011638,-3.45427525280043));
#3298=CARTESIAN_POINT('Ctrl Pts',(31.2789016005157,-11.2000918672679,-2.38766198745184));
#3299=CARTESIAN_POINT('Ctrl Pts',(31.9956114117747,-12.4748228403366,-1.90552205870534));
#3300=CARTESIAN_POINT('Ctrl Pts',(28.1061834732062,0.000380113406847944,
-6.86863232527744));
#3301=CARTESIAN_POINT('Ctrl Pts',(28.2506979851559,-0.795069648211356,-6.47120439417214));
#3302=CARTESIAN_POINT('Ctrl Pts',(28.5719650697093,-2.39655607143544,-5.67109317167854));
#3303=CARTESIAN_POINT('Ctrl Pts',(29.2402458842431,-5.06401944992642,-4.34396486528966));
#3304=CARTESIAN_POINT('Ctrl Pts',(30.3564411701899,-8.49778267765609,-2.67788388033064));
#3305=CARTESIAN_POINT('Ctrl Pts',(31.5310227152763,-11.0065226676766,-1.70439902843642));
#3306=CARTESIAN_POINT('Ctrl Pts',(32.2233335891284,-12.2583976401499,-1.25838080634285));
#3307=CARTESIAN_POINT('Ctrl Pts',(28.4587045595569,0.000124797911838441,
-5.8941988616052));
#3308=CARTESIAN_POINT('Ctrl Pts',(28.5935374005167,-0.779567317908057,-5.51853019938466));
#3309=CARTESIAN_POINT('Ctrl Pts',(28.8994445676836,-2.36352243204996,-4.75539928632607));
#3310=CARTESIAN_POINT('Ctrl Pts',(29.5575571101198,-5.03991966761722,-3.45965384101939));
#3311=CARTESIAN_POINT('Ctrl Pts',(30.6584803845331,-8.42606715604936,-1.8792719845254));
#3312=CARTESIAN_POINT('Ctrl Pts',(31.7863503424418,-10.8686363563875,-1.00606352244529));
#3313=CARTESIAN_POINT('Ctrl Pts',(32.4568588378757,-12.1036930129194,-0.59957744565036));
#3314=CARTESIAN_POINT('Ctrl Pts',(28.824176271738,-0.000109392678049671,
-4.86504918669317));
#3315=CARTESIAN_POINT('Ctrl Pts',(28.9481510691444,-0.771500350124661,-4.51066460007701));
#3316=CARTESIAN_POINT('Ctrl Pts',(29.2370475898866,-2.35332467660152,-3.78149507721714));
#3317=CARTESIAN_POINT('Ctrl Pts',(29.8824926869383,-5.05488245704433,-2.52716816370157));
#3318=CARTESIAN_POINT('Ctrl Pts',(30.9612601614089,-8.39709083114846,-1.06145884376998));
#3319=CARTESIAN_POINT('Ctrl Pts',(32.045103934213,-10.7874337044534,-0.29634292997802));
#3320=CARTESIAN_POINT('Ctrl Pts',(32.695447095155,-12.0098724331163,0.065650522851366));
#3321=CARTESIAN_POINT('Ctrl Pts',(29.2018441480064,-4.48902889318405E-5,
-3.76624073193376));
#3322=CARTESIAN_POINT('Ctrl Pts',(29.3137559874885,-0.772246225411129,-3.43302723536643));
#3323=CARTESIAN_POINT('Ctrl Pts',(29.5825984586878,-2.3691421935226,-2.74112161348931));
#3324=CARTESIAN_POINT('Ctrl Pts',(30.21243172694,-5.10984595340284,-1.54901407936345));
#3325=CARTESIAN_POINT('Ctrl Pts',(31.2621794848385,-8.41135457336965,-0.234332920310876));
#3326=CARTESIAN_POINT('Ctrl Pts',(32.3059849656105,-10.7637770627979,0.415974693363357));
#3327=CARTESIAN_POINT('Ctrl Pts',(32.9370591813391,-11.9755545600346,0.727957842729742));
#3328=CARTESIAN_POINT('Ctrl Pts',(29.5891281285536,0.000172612523774128,
-2.58358421391417));
#3329=CARTESIAN_POINT('Ctrl Pts',(29.6869105118814,-0.783336057895583,-2.27515094870158));
#3330=CARTESIAN_POINT('Ctrl Pts',(29.9322680916426,-2.41359372901045,-1.63195250971587));
#3331=CARTESIAN_POINT('Ctrl Pts',(30.5434297784983,-5.20456196212307,-0.535179415806003));
#3332=CARTESIAN_POINT('Ctrl Pts',(31.5591958237694,-8.47017937077605,0.589703495265511));
#3333=CARTESIAN_POINT('Ctrl Pts',(32.5684064764697,-10.7975473162254,1.1224067346057));
#3334=CARTESIAN_POINT('Ctrl Pts',(33.1807173036644,-11.9981077830223,1.38004823499091));
#3335=CARTESIAN_POINT('Ctrl Pts',(29.9805383922549,0.000272729162556948,
-1.31087932453874));
#3336=CARTESIAN_POINT('Ctrl Pts',(30.0619281621738,-0.806075878676432,-1.03538655888115));
#3337=CARTESIAN_POINT('Ctrl Pts',(30.2816211091054,-2.48812390022946,-0.459173853029922));
#3338=CARTESIAN_POINT('Ctrl Pts',(30.8720588058771,-5.33862347538235,0.499209286919037));
#3339=CARTESIAN_POINT('Ctrl Pts',(31.8535817311925,-8.57659076689057,1.40425190109438));
#3340=CARTESIAN_POINT('Ctrl Pts',(32.834294296413,-10.8876090470509,1.82175054579902));
#3341=CARTESIAN_POINT('Ctrl Pts',(33.4276461856158,-12.0735895538918,2.02211777873159));
#3342=CARTESIAN_POINT('Ctrl Pts',(30.3688918317568,-0.000373147899132409,
0.0450653292681302));
#3343=CARTESIAN_POINT('Ctrl Pts',(30.4327292520469,-0.84134603454478,0.277317880929108));
#3344=CARTESIAN_POINT('Ctrl Pts',(30.6263825937051,-2.59298635078681,0.763106410735659));
#3345=CARTESIAN_POINT('Ctrl Pts',(31.195951865841,-5.51263478230804,1.53618049232265));
#3346=CARTESIAN_POINT('Ctrl Pts',(32.1471144608131,-8.73395012490107,2.2057883747298));
#3347=CARTESIAN_POINT('Ctrl Pts',(33.1028418269435,-11.0293139788891,2.50964719968493));
#3348=CARTESIAN_POINT('Ctrl Pts',(33.6757446665402,-12.1946887720187,2.64991705936499));
#3349=CARTESIAN_POINT('Ctrl Pts',(30.7455527870905,9.58204457669755E-5,
1.45333888779173));
#3350=CARTESIAN_POINT('Ctrl Pts',(30.7912734011264,-0.887853054971626,1.63038260351751));
#3351=CARTESIAN_POINT('Ctrl Pts',(30.9592009815754,-2.72833603647996,1.9963963600003));
#3352=CARTESIAN_POINT('Ctrl Pts',(31.5115915510601,-5.72673667067268,2.550572731347));
#3353=CARTESIAN_POINT('Ctrl Pts',(32.4391342569648,-8.9437698734228,2.98577983227495));
#3354=CARTESIAN_POINT('Ctrl Pts',(33.37094103068,-11.2150601121865,3.17775137182287));
#3355=CARTESIAN_POINT('Ctrl Pts',(33.9216970010446,-12.3525464990154,3.25730403318342));
#3356=CARTESIAN_POINT('Ctrl Pts',(31.1025035971892,4.05483179849447E-5,
2.85618336842629));
#3357=CARTESIAN_POINT('Ctrl Pts',(31.131196872373,-0.948112861839778,2.97100044610595));
#3358=CARTESIAN_POINT('Ctrl Pts',(31.2786955754578,-2.89687988478923,3.20542866651636));
#3359=CARTESIAN_POINT('Ctrl Pts',(31.8206232523516,-5.98620653974236,3.53128769086366));
#3360=CARTESIAN_POINT('Ctrl Pts',(32.7356162241663,-9.21443914068377,3.75369390085297));
#3361=CARTESIAN_POINT('Ctrl Pts',(33.6403714748122,-11.4405758585075,3.83032256990137));
#3362=CARTESIAN_POINT('Ctrl Pts',(34.1670782181174,-12.5422020647397,3.85003958075833));
#3363=CARTESIAN_POINT('Ctrl Pts',(31.4432800949545,-0.000536226604472771,
4.22760142106815));
#3364=CARTESIAN_POINT('Ctrl Pts',(31.4568639627505,-1.02454465306776,4.28425882280083));
#3365=CARTESIAN_POINT('Ctrl Pts',(31.5887422518167,-3.10604510463329,4.38999408135807));
#3366=CARTESIAN_POINT('Ctrl Pts',(32.1269137769163,-6.29786699183972,4.49177721282125));
#3367=CARTESIAN_POINT('Ctrl Pts',(33.0375631944394,-9.5395158762321,4.52065462443433));
#3368=CARTESIAN_POINT('Ctrl Pts',(33.9080670281672,-11.6935781860085,4.47101038612595));
#3369=CARTESIAN_POINT('Ctrl Pts',(34.4081525317936,-12.7511054160634,4.43060048318839));
#3370=CARTESIAN_POINT('Ctrl Pts',(31.6549186118571,-9.70136797951995E-15,
5.13986709104048));
#3371=CARTESIAN_POINT('Ctrl Pts',(31.6591423032091,-1.08470147581119,5.15960646309602));
#3372=CARTESIAN_POINT('Ctrl Pts',(31.7835899621707,-3.26581198283621,5.17893559020425));
#3373=CARTESIAN_POINT('Ctrl Pts',(32.3270830925086,-6.53633311269691,5.14024994130052));
#3374=CARTESIAN_POINT('Ctrl Pts',(33.2336913588204,-9.76980942143734,5.02384095849516));
#3375=CARTESIAN_POINT('Ctrl Pts',(34.0798465835306,-11.867838416609,4.88907589109591));
#3376=CARTESIAN_POINT('Ctrl Pts',(34.5613011426219,-12.8923715873356,4.80848352850067));
#3377=CARTESIAN_POINT('Ctrl Pts',(31.7562872043047,-1.07261892330201E-14,
5.61361202037345));
#3378=CARTESIAN_POINT('Ctrl Pts',(31.7562872043047,-1.11707256056688,5.61361202037345));
#3379=CARTESIAN_POINT('Ctrl Pts',(31.8784371567425,-3.35121436018203,5.58747523667512));
#3380=CARTESIAN_POINT('Ctrl Pts',(32.4258278138023,-6.66065486552238,5.47034845179697));
#3381=CARTESIAN_POINT('Ctrl Pts',(33.3305610724508,-9.88706663777391,5.27676002205095));
#3382=CARTESIAN_POINT('Ctrl Pts',(34.164425358074,-11.9558412543473,5.09833563438539));
#3383=CARTESIAN_POINT('Ctrl Pts',(34.6364369499488,-12.9632416842968,4.99733792923917));
#3384=CARTESIAN_POINT('',(31.7562872043047,-1.07261892330201E-14,5.61361202037345));
#3385=CARTESIAN_POINT('Ctrl Pts',(27.1238531470807,-2.4980018054066E-15,
-9.58973024610438));
#3386=CARTESIAN_POINT('Ctrl Pts',(27.2276748051804,-5.08160388906847E-5,
-9.29607825219905));
#3387=CARTESIAN_POINT('Ctrl Pts',(27.4386611080322,-2.54770653306664E-5,
-8.7059299299511));
#3388=CARTESIAN_POINT('Ctrl Pts',(27.7663415373613,0.000283796611701456,
-7.80204980236285));
#3389=CARTESIAN_POINT('Ctrl Pts',(28.1061834732062,0.000380113406847944,
-6.86863232527744));
#3390=CARTESIAN_POINT('Ctrl Pts',(28.4587045595569,0.000124797911838441,
-5.8941988616052));
#3391=CARTESIAN_POINT('Ctrl Pts',(28.824176271738,-0.000109392678049671,
-4.86504918669317));
#3392=CARTESIAN_POINT('Ctrl Pts',(29.2018441480064,-4.48902889318405E-5,
-3.76624073193376));
#3393=CARTESIAN_POINT('Ctrl Pts',(29.5891281285536,0.000172612523774128,
-2.58358421391417));
#3394=CARTESIAN_POINT('Ctrl Pts',(29.9805383922549,0.000272729162556948,
-1.31087932453874));
#3395=CARTESIAN_POINT('Ctrl Pts',(30.3688918317568,-0.000373147899132409,
0.0450653292681302));
#3396=CARTESIAN_POINT('Ctrl Pts',(30.7455527870905,9.58204457669755E-5,
1.45333888779173));
#3397=CARTESIAN_POINT('Ctrl Pts',(31.1025035971892,4.05483179849447E-5,
2.85618336842629));
#3398=CARTESIAN_POINT('Ctrl Pts',(31.4432800949545,-0.000536226604472771,
4.22760142106815));
#3399=CARTESIAN_POINT('Ctrl Pts',(31.6549186118571,-9.70136797951995E-15,
5.13986709104048));
#3400=CARTESIAN_POINT('Ctrl Pts',(31.7562872043047,-1.07261892330201E-14,
5.61361202037345));
#3401=CARTESIAN_POINT('',(34.6364369499488,-12.9632416842968,4.99733792923915));
#3402=CARTESIAN_POINT('Origin',(61.0922382163872,-1.42654578844951E-14,
-0.663487486301042));
#3403=CARTESIAN_POINT('Ctrl Pts',(34.6364369499488,-12.9632416842968,4.99733792923915));
#3404=CARTESIAN_POINT('Ctrl Pts',(34.6142170197489,-12.9422832536395,4.94148797231906));
#3405=CARTESIAN_POINT('Ctrl Pts',(34.5918894944577,-12.9213736446823,4.88565772946989));
#3406=CARTESIAN_POINT('Ctrl Pts',(34.5694179183204,-12.9004815466374,4.82975306447907));
#3407=CARTESIAN_POINT('Ctrl Pts',(34.5458434568421,-12.8785640826576,4.77110464733081));
#3408=CARTESIAN_POINT('Ctrl Pts',(34.5221105626954,-12.8566660784289,4.71237449698545));
#3409=CARTESIAN_POINT('Ctrl Pts',(34.4982016097016,-12.8347889803215,4.65349082199761));
#3410=CARTESIAN_POINT('Ctrl Pts',(34.4727475424393,-12.811498076413,4.59080179399264));
#3411=CARTESIAN_POINT('Ctrl Pts',(34.4470940770968,-12.7882311191483,4.52793899047504));
#3412=CARTESIAN_POINT('Ctrl Pts',(34.4212451067011,-12.7650281500125,4.46485355853342));
#3413=CARTESIAN_POINT('Ctrl Pts',(34.3928994771277,-12.739584089454,4.39567493138038));
#3414=CARTESIAN_POINT('Ctrl Pts',(34.3643189981261,-12.714217349918,4.32622894235289));
#3415=CARTESIAN_POINT('Ctrl Pts',(34.3355352115014,-12.6890207109405,4.25649089711744));
#3416=CARTESIAN_POINT('Ctrl Pts',(34.3001794164588,-12.6580710928424,4.17083003302883));
#3417=CARTESIAN_POINT('Ctrl Pts',(34.2645174007448,-12.6273788156884,4.08472914579656));
#3418=CARTESIAN_POINT('Ctrl Pts',(34.2286409109656,-12.5971668067083,3.99819389941231));
#3419=CARTESIAN_POINT('Ctrl Pts',(34.1892285564224,-12.5639772049186,3.90313003357791));
#3420=CARTESIAN_POINT('Ctrl Pts',(34.1495602543793,-12.5313711622609,3.80754581435034));
#3421=CARTESIAN_POINT('Ctrl Pts',(34.1097655913898,-12.4996607819886,3.71146739262287));
#3422=CARTESIAN_POINT('Ctrl Pts',(34.0798060452347,-12.4757875153243,3.63913442900377));
#3423=CARTESIAN_POINT('Ctrl Pts',(34.0497754426814,-12.4524227506326,3.56652224870916));
#3424=CARTESIAN_POINT('Ctrl Pts',(34.0197145190316,-12.4296819396667,3.49362553182542));
#3425=CARTESIAN_POINT('Ctrl Pts',(33.9916037864242,-12.4084164302039,3.42545796185483));
#3426=CARTESIAN_POINT('Ctrl Pts',(33.963467000117,-12.3876971378321,3.35704217275078));
#3427=CARTESIAN_POINT('Ctrl Pts',(33.9353163644508,-12.3675917216298,3.2883481092526));
#3428=CARTESIAN_POINT('Ctrl Pts',(33.8993010363953,-12.3418692772485,3.20046237687701));
#3429=CARTESIAN_POINT('Ctrl Pts',(33.86326280589,-12.3171517825962,3.11211897252383));
#3430=CARTESIAN_POINT('Ctrl Pts',(33.8271696460909,-12.2935063457422,3.02319132809011));
#3431=CARTESIAN_POINT('Ctrl Pts',(33.7956173115909,-12.2728357051785,2.9454515347585));
#3432=CARTESIAN_POINT('Ctrl Pts',(33.7640217939033,-12.2529828230818,2.86726425587352));
#3433=CARTESIAN_POINT('Ctrl Pts',(33.7323785870349,-12.2340053164123,2.78859636297312));
#3434=CARTESIAN_POINT('Ctrl Pts',(33.6978051006833,-12.2132704215403,2.70264352852064));
#3435=CARTESIAN_POINT('Ctrl Pts',(33.6631748337652,-12.1935807979269,2.61611740487502));
#3436=CARTESIAN_POINT('Ctrl Pts',(33.6285046378798,-12.1750292658898,2.52903386810845));
#3437=CARTESIAN_POINT('Ctrl Pts',(33.5874280688515,-12.153049774086,2.42585899938157));
#3438=CARTESIAN_POINT('Ctrl Pts',(33.5462958092276,-12.1326683983141,2.32190252080123));
#3439=CARTESIAN_POINT('Ctrl Pts',(33.5051632642289,-12.1140569733999,2.21726172053201));
#3440=CARTESIAN_POINT('Ctrl Pts',(33.4593842200598,-12.0933431264151,2.10080027090445));
#3441=CARTESIAN_POINT('Ctrl Pts',(33.413606814831,-12.0748235113561,1.98349543407532));
#3442=CARTESIAN_POINT('Ctrl Pts',(33.3679197075171,-12.0587351195879,1.8655200957159));
#3443=CARTESIAN_POINT('Ctrl Pts',(33.3279652355123,-12.044665434806,1.76234783047814));
#3444=CARTESIAN_POINT('Ctrl Pts',(33.288081245137,-12.0324559574379,1.65866575791431));
#3445=CARTESIAN_POINT('Ctrl Pts',(33.2483113900313,-12.0222472115114,1.55456497360805));
#3446=CARTESIAN_POINT('Ctrl Pts',(33.2152725565794,-12.013766289076,1.46808317814369));
#3447=CARTESIAN_POINT('Ctrl Pts',(33.1823126777904,-12.0066661098775,1.38131274758591));
#3448=CARTESIAN_POINT('Ctrl Pts',(33.1494371697456,-12.0010107002818,1.29427141304998));
#3449=CARTESIAN_POINT('Ctrl Pts',(33.1128354217504,-11.9947142842219,1.19736446981695));
#3450=CARTESIAN_POINT('Ctrl Pts',(33.0763367119231,-11.9902084430776,1.10011715882175));
#3451=CARTESIAN_POINT('Ctrl Pts',(33.0399194437396,-11.9875559679274,1.00251067049908));
#3452=CARTESIAN_POINT('Ctrl Pts',(33.0034672767681,-11.9849009509016,0.904810645557292));
#3453=CARTESIAN_POINT('Ctrl Pts',(32.967096104529,-11.9841025872063,0.806750067856896));
#3454=CARTESIAN_POINT('Ctrl Pts',(32.930798730526,-11.9852141840409,0.708367857813606));
#3455=CARTESIAN_POINT('Ctrl Pts',(32.8912861017652,-11.986424247145,0.601270861160342));
#3456=CARTESIAN_POINT('Ctrl Pts',(32.8518609165569,-11.989897791593,0.493793326509581));
#3457=CARTESIAN_POINT('Ctrl Pts',(32.812533325724,-11.9956916381231,0.386048834109324));
#3458=CARTESIAN_POINT('Ctrl Pts',(32.7672822589188,-12.0023581470761,0.262075991627914));
#3459=CARTESIAN_POINT('Ctrl Pts',(32.7221604826515,-12.0120969240689,0.137750932741366));
#3460=CARTESIAN_POINT('Ctrl Pts',(32.6772082524575,-12.024974657585,0.0133137588958601));
#3461=CARTESIAN_POINT('Ctrl Pts',(32.6261052450192,-12.0396144409466,-0.1281500526479));
#3462=CARTESIAN_POINT('Ctrl Pts',(32.5752225017995,-12.0583112653222,-0.269754431450934));
#3463=CARTESIAN_POINT('Ctrl Pts',(32.524640049076,-12.0811329273369,-0.411110468800633));
#3464=CARTESIAN_POINT('Ctrl Pts',(32.4822749551999,-12.1002471023444,-0.529502548856689));
#3465=CARTESIAN_POINT('Ctrl Pts',(32.4401216788401,-12.1222540236081,-0.647717978972277));
#3466=CARTESIAN_POINT('Ctrl Pts',(32.3982234819782,-12.1471795320551,-0.765551926183717));
#3467=CARTESIAN_POINT('Ctrl Pts',(32.3615625597242,-12.1689893519462,-0.868656629993726));
#3468=CARTESIAN_POINT('Ctrl Pts',(32.3250973783191,-12.193033392099,-0.971468654192057));
#3469=CARTESIAN_POINT('Ctrl Pts',(32.2888444440974,-12.2193235128439,-1.07388727577618));
#3470=CARTESIAN_POINT('Ctrl Pts',(32.253400082356,-12.2450272681374,-1.17402158905079));
#3471=CARTESIAN_POINT('Ctrl Pts',(32.2181591019518,-12.2728778887473,-1.27377916031488));
#3472=CARTESIAN_POINT('Ctrl Pts',(32.183117063406,-12.3028841184424,-1.37311364588852));
#3473=CARTESIAN_POINT('Ctrl Pts',(32.1477866992653,-12.3331372391401,-1.47326545476422));
#3474=CARTESIAN_POINT('Ctrl Pts',(32.112655594331,-12.3655833236676,-1.57299468158452));
#3475=CARTESIAN_POINT('Ctrl Pts',(32.0777215542211,-12.4002133525998,-1.67223777121753));
#3476=CARTESIAN_POINT('Ctrl Pts',(32.0400322196881,-12.4375746981873,-1.77930829594083));
#3477=CARTESIAN_POINT('Ctrl Pts',(32.0025721463137,-12.4774779583446,-1.88581226941978));
#3478=CARTESIAN_POINT('Ctrl Pts',(31.9653586813866,-12.5198828203534,-1.99161802488856));
#3479=CARTESIAN_POINT('Ctrl Pts',(31.9224405343235,-12.5687881858561,-2.11364339882857));
#3480=CARTESIAN_POINT('Ctrl Pts',(31.8798501869906,-12.6210207498436,-2.23473881427002));
#3481=CARTESIAN_POINT('Ctrl Pts',(31.8376435142383,-12.6764829503769,-2.35465075743941));
#3482=CARTESIAN_POINT('Ctrl Pts',(31.7903480870383,-12.7386320916529,-2.48902018788158));
#3483=CARTESIAN_POINT('Ctrl Pts',(31.7435350846662,-12.804835209242,-2.62189965135911));
#3484=CARTESIAN_POINT('Ctrl Pts',(31.6973147468269,-12.8749253367734,-2.7529145796557));
#3485=CARTESIAN_POINT('Ctrl Pts',(31.6569281374438,-12.936168995616,-2.86739337794705));
#3486=CARTESIAN_POINT('Ctrl Pts',(31.6169954065794,-13.0003788652753,-2.98044637626688));
#3487=CARTESIAN_POINT('Ctrl Pts',(31.5775961288138,-13.0674445261155,-3.09185429345492));
#3488=CARTESIAN_POINT('Ctrl Pts',(31.5719781487824,-13.0770074817015,-3.10774005303223));
#3489=CARTESIAN_POINT('Ctrl Pts',(31.5663710076374,-13.0866285232805,-3.12359244936083));
#3490=CARTESIAN_POINT('Ctrl Pts',(31.5607749242149,-13.0963073571945,-3.13941094002955));
#3491=CARTESIAN_POINT('Ctrl Pts',(27.1238531470807,-2.4980018054066E-15,
-9.58973024610438));
#3492=CARTESIAN_POINT('Ctrl Pts',(27.2276748051804,-5.08160388906847E-5,
-9.29607825219905));
#3493=CARTESIAN_POINT('Ctrl Pts',(27.4386611080322,-2.54770653306664E-5,
-8.7059299299511));
#3494=CARTESIAN_POINT('Ctrl Pts',(27.7663415373613,0.000283796611701456,
-7.80204980236285));
#3495=CARTESIAN_POINT('Ctrl Pts',(28.1061834732062,0.000380113406847944,
-6.86863232527744));
#3496=CARTESIAN_POINT('Ctrl Pts',(28.4587045595569,0.000124797911838441,
-5.8941988616052));
#3497=CARTESIAN_POINT('Ctrl Pts',(28.824176271738,-0.000109392678049671,
-4.86504918669317));
#3498=CARTESIAN_POINT('Ctrl Pts',(29.2018441480064,-4.48902889318405E-5,
-3.76624073193376));
#3499=CARTESIAN_POINT('Ctrl Pts',(29.5891281285536,0.000172612523774128,
-2.58358421391417));
#3500=CARTESIAN_POINT('Ctrl Pts',(29.9805383922549,0.000272729162556948,
-1.31087932453874));
#3501=CARTESIAN_POINT('Ctrl Pts',(30.3688918317568,-0.000373147899132409,
0.0450653292681302));
#3502=CARTESIAN_POINT('Ctrl Pts',(30.7455527870905,9.58204457669755E-5,
1.45333888779173));
#3503=CARTESIAN_POINT('Ctrl Pts',(31.1025035971892,4.05483179849447E-5,
2.85618336842629));
#3504=CARTESIAN_POINT('Ctrl Pts',(31.4432800949545,-0.000536226604472771,
4.22760142106815));
#3505=CARTESIAN_POINT('Ctrl Pts',(31.6549186118571,-9.70136797951995E-15,
5.13986709104048));
#3506=CARTESIAN_POINT('Ctrl Pts',(31.7562872043047,-1.07261892330201E-14,
5.61361202037345));
#3507=CARTESIAN_POINT('Ctrl Pts',(27.292611016805,0.876561309366123,-9.11241090986169));
#3508=CARTESIAN_POINT('Ctrl Pts',(27.3939511194408,0.865497962076725,-8.82934841715148));
#3509=CARTESIAN_POINT('Ctrl Pts',(27.5998771544503,0.844707232039278,-8.25887504461055));
#3510=CARTESIAN_POINT('Ctrl Pts',(27.9194134720618,0.817866476649771,-7.38127978065021));
#3511=CARTESIAN_POINT('Ctrl Pts',(28.2504411799904,0.795736215967665,-6.47171733219917));
#3512=CARTESIAN_POINT('Ctrl Pts',(28.593498269512,0.779568945354172,-5.5188162930816));
#3513=CARTESIAN_POINT('Ctrl Pts',(28.9484017899897,0.771235209665874,-4.50992968018803));
#3514=CARTESIAN_POINT('Ctrl Pts',(29.3137204502019,0.7722613125057,-3.43278041413317));
#3515=CARTESIAN_POINT('Ctrl Pts',(29.6866835357422,0.783804620415029,-2.27573406952413));
#3516=CARTESIAN_POINT('Ctrl Pts',(30.0620693359562,0.806478952528235,-1.0352359614193));
#3517=CARTESIAN_POINT('Ctrl Pts',(30.4327683605782,0.84046568892293,0.277685144680337));
#3518=CARTESIAN_POINT('Ctrl Pts',(30.7911078415519,0.888320071550454,1.62990715429052));
#3519=CARTESIAN_POINT('Ctrl Pts',(31.131365243896,0.947902068722183,2.97137182864569));
#3520=CARTESIAN_POINT('Ctrl Pts',(31.4567135299986,1.02361193347473,4.28407805524904));
#3521=CARTESIAN_POINT('Ctrl Pts',(31.6591423032091,1.08470147581117,5.15960646309602));
#3522=CARTESIAN_POINT('Ctrl Pts',(31.7562872043047,1.11707256056686,5.61361202037345));
#3523=CARTESIAN_POINT('Ctrl Pts',(27.6471304837298,2.60031045006383,-8.18167531326801));
#3524=CARTESIAN_POINT('Ctrl Pts',(27.7457037787336,2.57119301314862,-7.91550569495961));
#3525=CARTESIAN_POINT('Ctrl Pts',(27.9453185409664,2.51665369531086,-7.37739751474526));
#3526=CARTESIAN_POINT('Ctrl Pts',(28.2536668155909,2.44825637854608,-6.54336870386132));
#3527=CARTESIAN_POINT('Ctrl Pts',(28.5720456802482,2.39586484765223,-5.67176620149443));
#3528=CARTESIAN_POINT('Ctrl Pts',(28.9002330141464,2.36279119737597,-4.75342452999396));
#3529=CARTESIAN_POINT('Ctrl Pts',(29.2372107701151,2.35265894311642,-3.78018545099121));
#3530=CARTESIAN_POINT('Ctrl Pts',(29.5819182908076,2.3688905374792,-2.74260966037556));
#3531=CARTESIAN_POINT('Ctrl Pts',(29.9321050573378,2.41359303345363,-1.63323061284799));
#3532=CARTESIAN_POINT('Ctrl Pts',(30.2823870486455,2.48779602241767,-0.457097653716185));
#3533=CARTESIAN_POINT('Ctrl Pts',(30.6258990127301,2.59226530342125,0.762573189452688));
#3534=CARTESIAN_POINT('Ctrl Pts',(30.9591153158757,2.7288949567732,1.99563240855285));
#3535=CARTESIAN_POINT('Ctrl Pts',(31.2789559709851,2.89632485002596,3.20629381477781));
#3536=CARTESIAN_POINT('Ctrl Pts',(31.5883795570048,3.10529861599419,4.38951180716928));
#3537=CARTESIAN_POINT('Ctrl Pts',(31.7835899621708,3.26581198283619,5.17893559020425));
#3538=CARTESIAN_POINT('Ctrl Pts',(31.8784371567425,3.35121436018201,5.58747523667512));
#3539=CARTESIAN_POINT('Ctrl Pts',(28.3383727080718,5.34960056137359,-6.74277426914299));
#3540=CARTESIAN_POINT('Ctrl Pts',(28.4349171170625,5.3035333706368,-6.49267987032449));
#3541=CARTESIAN_POINT('Ctrl Pts',(28.6301221036817,5.22044698486785,-5.98323975804306));
#3542=CARTESIAN_POINT('Ctrl Pts',(28.9308067754254,5.12613046165798,-5.18436824541944));
#3543=CARTESIAN_POINT('Ctrl Pts',(29.2402073401798,5.06492748001423,-4.34412365699324));
#3544=CARTESIAN_POINT('Ctrl Pts',(29.5578027954842,5.04017081415264,-3.45881507151023));
#3545=CARTESIAN_POINT('Ctrl Pts',(29.8822172612462,5.05471376374865,-2.52754872346414));
#3546=CARTESIAN_POINT('Ctrl Pts',(30.211970577164,5.10973665367988,-1.55051352378254));
#3547=CARTESIAN_POINT('Ctrl Pts',(30.5437409065006,5.20481444439811,-0.534807278786006));
#3548=CARTESIAN_POINT('Ctrl Pts',(30.8724341520362,5.33884555592117,0.500686303382513));
#3549=CARTESIAN_POINT('Ctrl Pts',(31.1951324813287,5.5119865732633,1.53441581550776));
#3550=CARTESIAN_POINT('Ctrl Pts',(31.5120411930895,5.72714931157352,2.55094177510217));
#3551=CARTESIAN_POINT('Ctrl Pts',(31.8205179884771,5.9856568874893,3.53184214231433));
#3552=CARTESIAN_POINT('Ctrl Pts',(32.1264846927203,6.2971691357717,4.49121304811628));
#3553=CARTESIAN_POINT('Ctrl Pts',(32.3270830925086,6.53633311269688,5.14024994130052));
#3554=CARTESIAN_POINT('Ctrl Pts',(32.4258278138022,6.66065486552235,5.47034845179697));
#3555=CARTESIAN_POINT('Ctrl Pts',(29.4633391759732,8.97089942128758,-4.92249749608796));
#3556=CARTESIAN_POINT('Ctrl Pts',(29.5608983614429,8.89903782039883,-4.68666134874233));
#3557=CARTESIAN_POINT('Ctrl Pts',(29.7570954643218,8.76842242722732,-4.20595744913244));
#3558=CARTESIAN_POINT('Ctrl Pts',(30.0552087118867,8.61284413013346,-3.45621934120174));
#3559=CARTESIAN_POINT('Ctrl Pts',(30.356621974292,8.49802904301848,-2.67805024111289));
#3560=CARTESIAN_POINT('Ctrl Pts',(30.6591728458464,8.42545775056455,-1.87722499049011));
#3561=CARTESIAN_POINT('Ctrl Pts',(30.9608861744393,8.39645181810876,-1.06170629757187));
#3562=CARTESIAN_POINT('Ctrl Pts',(31.26152369792,8.4113522935553,-0.23615568974834));
#3563=CARTESIAN_POINT('Ctrl Pts',(31.5596685200939,8.47071803115801,0.590444507463045));
#3564=CARTESIAN_POINT('Ctrl Pts',(31.853792074751,8.57638187839124,1.40531765339462));
#3565=CARTESIAN_POINT('Ctrl Pts',(32.1462810121366,8.73308883206433,2.203969674153));
#3566=CARTESIAN_POINT('Ctrl Pts',(32.4397775417601,8.94461897918223,2.98680166461425));
#3567=CARTESIAN_POINT('Ctrl Pts',(32.7351954254032,9.21356818014789,3.75379219094404));
#3568=CARTESIAN_POINT('Ctrl Pts',(33.0371908991116,9.53895210170759,4.52017644310923));
#3569=CARTESIAN_POINT('Ctrl Pts',(33.2336913588204,9.76980942143733,5.02384095849519));
#3570=CARTESIAN_POINT('Ctrl Pts',(33.3305610724508,9.88706663777392,5.27676002205099));
#3571=CARTESIAN_POINT('Ctrl Pts',(30.7841256622485,11.7497913677074,-3.68777656331364));
#3572=CARTESIAN_POINT('Ctrl Pts',(30.8653203248677,11.6435010726044,-3.47913969105873));
#3573=CARTESIAN_POINT('Ctrl Pts',(31.0288808315004,11.4465827819276,-3.05321530963882));
#3574=CARTESIAN_POINT('Ctrl Pts',(31.2782715023982,11.2007762534816,-2.38946373702448));
#3575=CARTESIAN_POINT('Ctrl Pts',(31.531395782982,11.0068052002811,-1.7039038085053));
#3576=CARTESIAN_POINT('Ctrl Pts',(31.7868537215304,10.8680685436804,-1.00432369266541));
#3577=CARTESIAN_POINT('Ctrl Pts',(32.0444523000886,10.7870178534078,-0.297482111271223));
#3578=CARTESIAN_POINT('Ctrl Pts',(32.3055216467873,10.7639533935952,0.414448102109609));
#3579=CARTESIAN_POINT('Ctrl Pts',(32.5691436673876,10.7980182165092,1.12394509012228));
#3580=CARTESIAN_POINT('Ctrl Pts',(32.8341102327526,10.8871104527981,1.82194317901194));
#3581=CARTESIAN_POINT('Ctrl Pts',(33.102141508181,11.0287742389451,2.50803890765294));
#3582=CARTESIAN_POINT('Ctrl Pts',(33.3716941291749,11.215901033227,3.17909387935411));
#3583=CARTESIAN_POINT('Ctrl Pts',(33.6397972375336,11.4395042791402,3.83010618224704));
#3584=CARTESIAN_POINT('Ctrl Pts',(33.9077889495651,11.693160635944,4.47066365246754));
#3585=CARTESIAN_POINT('Ctrl Pts',(34.0798465835306,11.867838416609,4.8890758910959));
#3586=CARTESIAN_POINT('Ctrl Pts',(34.164425358074,11.9558412543473,5.09833563438538));
#3587=CARTESIAN_POINT('Ctrl Pts',(31.561156568963,13.0956463291003,-3.13833148567199));
#3588=CARTESIAN_POINT('Ctrl Pts',(31.6308153125621,12.9748209702801,-2.94118683193517));
#3589=CARTESIAN_POINT('Ctrl Pts',(31.7731354723172,12.7519008362508,-2.53757472809094));
#3590=CARTESIAN_POINT('Ctrl Pts',(31.9950061891854,12.4755513377563,-1.90730936426277));
#3591=CARTESIAN_POINT('Ctrl Pts',(32.2238142340502,12.2585745894135,-1.2575637203049));
#3592=CARTESIAN_POINT('Ctrl Pts',(32.4572481449251,12.1030853649604,-0.598070167909948));
#3593=CARTESIAN_POINT('Ctrl Pts',(32.6947140745381,12.0095344186964,0.0642329184646512));
#3594=CARTESIAN_POINT('Ctrl Pts',(32.9367477256102,11.9758095371827,0.726769080057701));
#3595=CARTESIAN_POINT('Ctrl Pts',(33.1814871111015,11.998500139338,1.3817553144108));
#3596=CARTESIAN_POINT('Ctrl Pts',(33.4272638485472,12.0729777039723,2.02184375424771));
#3597=CARTESIAN_POINT('Ctrl Pts',(33.6751931919187,12.1943296788101,2.64857863782777));
#3598=CARTESIAN_POINT('Ctrl Pts',(33.9224377084312,12.3533006218635,3.25869801315004));
#3599=CARTESIAN_POINT('Ctrl Pts',(34.1664476382663,12.5410727006764,3.84969709963414));
#3600=CARTESIAN_POINT('Ctrl Pts',(34.4079186909767,12.7507554984729,4.43031376634117));
#3601=CARTESIAN_POINT('Ctrl Pts',(34.5613011426219,12.8923715873356,4.80848352850066));
#3602=CARTESIAN_POINT('Ctrl Pts',(34.6364369499488,12.9632416842968,4.99733792923916));
#3603=CARTESIAN_POINT('',(31.561156568963,13.0956463291003,-3.13833148567199));
#3604=CARTESIAN_POINT('Ctrl Pts',(27.1238531470807,-2.4980018054066E-15,
-9.58973024610438));
#3605=CARTESIAN_POINT('Ctrl Pts',(27.292611016805,0.876561309366123,-9.11241090986169));
#3606=CARTESIAN_POINT('Ctrl Pts',(27.6471304837298,2.60031045006383,-8.18167531326801));
#3607=CARTESIAN_POINT('Ctrl Pts',(28.3383727080718,5.34960056137359,-6.74277426914299));
#3608=CARTESIAN_POINT('Ctrl Pts',(29.4633391759732,8.97089942128758,-4.92249749608796));
#3609=CARTESIAN_POINT('Ctrl Pts',(30.7841256622485,11.7497913677074,-3.68777656331364));
#3610=CARTESIAN_POINT('Ctrl Pts',(31.561156568963,13.0956463291003,-3.13833148567199));
#3611=CARTESIAN_POINT('',(34.6364369499488,12.9632416842968,4.99733792923915));
#3612=CARTESIAN_POINT('Ctrl Pts',(31.561156568963,13.0956463291003,-3.13833148567199));
#3613=CARTESIAN_POINT('Ctrl Pts',(31.5940195581306,13.0386444043896,-3.04532431549556));
#3614=CARTESIAN_POINT('Ctrl Pts',(31.6272243381365,12.9837123882185,-2.95125863073436));
#3615=CARTESIAN_POINT('Ctrl Pts',(31.6607470603588,12.9309077230536,-2.85622435178709));
#3616=CARTESIAN_POINT('Ctrl Pts',(31.6927659419359,12.880471893009,-2.76545334270242));
#3617=CARTESIAN_POINT('Ctrl Pts',(31.7250749271261,12.8319771124669,-2.6737993249537));
#3618=CARTESIAN_POINT('Ctrl Pts',(31.7576662057033,12.7854449356533,-2.58130659602524));
#3619=CARTESIAN_POINT('Ctrl Pts',(31.790564700986,12.7384741303882,-2.48794199852662));
#3620=CARTESIAN_POINT('Ctrl Pts',(31.8237535982611,12.6934990998789,-2.39371485152955));
#3621=CARTESIAN_POINT('Ctrl Pts',(31.8572195650223,12.6505353660922,-2.29868089315628));
#3622=CARTESIAN_POINT('Ctrl Pts',(31.8943813158481,12.6028269708465,-2.19315194470982));
#3623=CARTESIAN_POINT('Ctrl Pts',(31.9318841752636,12.5575990374892,-2.08662855419505));
#3624=CARTESIAN_POINT('Ctrl Pts',(31.9696893082177,12.5148890405467,-1.9792518107338));
#3625=CARTESIAN_POINT('Ctrl Pts',(32.0164906031718,12.4620157133502,-1.84632354810761));
#3626=CARTESIAN_POINT('Ctrl Pts',(32.0637537981078,12.4130024469414,-1.71208865156991));
#3627=CARTESIAN_POINT('Ctrl Pts',(32.1113902261557,12.3679315351488,-1.5769005401425));
#3628=CARTESIAN_POINT('Ctrl Pts',(32.1613500975518,12.3206623118017,-1.43511869507233));
#3629=CARTESIAN_POINT('Ctrl Pts',(32.2117180984354,12.2777317965811,-1.29229483931248));
#3630=CARTESIAN_POINT('Ctrl Pts',(32.2624094736021,12.2392155187827,-1.14885625540702));
#3631=CARTESIAN_POINT('Ctrl Pts',(32.3003352896315,12.2103987573293,-1.04153966896951));
#3632=CARTESIAN_POINT('Ctrl Pts',(32.3384424218508,12.1840526611365,-0.933880126672027));
#3633=CARTESIAN_POINT('Ctrl Pts',(32.3767123984337,12.1601901782812,-0.826027698909961));
#3634=CARTESIAN_POINT('Ctrl Pts',(32.411279186787,12.1386367448043,-0.7286115942578));
#3635=CARTESIAN_POINT('Ctrl Pts',(32.4459788892663,12.1191095435013,-0.631038718094068));
#3636=CARTESIAN_POINT('Ctrl Pts',(32.4808119685143,12.1016015542924,-0.53338249651633));
#3637=CARTESIAN_POINT('Ctrl Pts',(32.5245484426113,12.0796184929881,-0.410765177070621));
#3638=CARTESIAN_POINT('Ctrl Pts',(32.5684968119814,12.0608198235008,-0.288014606945975));
#3639=CARTESIAN_POINT('Ctrl Pts',(32.6126816237306,12.0451508863049,-0.165187478823222));
#3640=CARTESIAN_POINT('Ctrl Pts',(32.6496889435231,12.0320272506785,-0.0623126983346454));
#3641=CARTESIAN_POINT('Ctrl Pts',(32.6868619960931,12.0210982567327,0.0406168823257895));
#3642=CARTESIAN_POINT('Ctrl Pts',(32.7241899819194,12.0123193933027,0.143517231244871));
#3643=CARTESIAN_POINT('Ctrl Pts',(32.7688257086102,12.001821882118,0.266562494712786));
#3644=CARTESIAN_POINT('Ctrl Pts',(32.8136823693201,11.9943992754857,0.389564937780025));
#3645=CARTESIAN_POINT('Ctrl Pts',(32.8587129022592,11.9899567137917,0.512314167470532));
#3646=CARTESIAN_POINT('Ctrl Pts',(32.9088177053999,11.9850135415796,0.648895406640861));
#3647=CARTESIAN_POINT('Ctrl Pts',(32.9591357461947,11.9837601555125,0.785158055622762));
#3648=CARTESIAN_POINT('Ctrl Pts',(33.0095921164215,11.9860377267889,0.92078677558237));
#3649=CARTESIAN_POINT('Ctrl Pts',(33.0487363745221,11.9878046758875,1.02600809047454));
#3650=CARTESIAN_POINT('Ctrl Pts',(33.0879634159192,11.9916961288796,1.13084630548377));
#3651=CARTESIAN_POINT('Ctrl Pts',(33.1272470401699,11.9976273938979,1.23517971987291));
#3652=CARTESIAN_POINT('Ctrl Pts',(33.1626314598357,12.0029699348309,1.32915723315831));
#3653=CARTESIAN_POINT('Ctrl Pts',(33.1980616514926,12.0099672472498,1.42272453102757));
#3654=CARTESIAN_POINT('Ctrl Pts',(33.2335298179477,12.0185525729516,1.5158288075086));
#3655=CARTESIAN_POINT('Ctrl Pts',(33.2681374147851,12.0269295915657,1.60667408050475));
#3656=CARTESIAN_POINT('Ctrl Pts',(33.3027809972624,12.0368183774869,1.69707768520417));
#3657=CARTESIAN_POINT('Ctrl Pts',(33.3374669964689,12.048154203717,1.78703789978795));
#3658=CARTESIAN_POINT('Ctrl Pts',(33.3704109733914,12.0589207148819,1.87248007533405));
#3659=CARTESIAN_POINT('Ctrl Pts',(33.4033947338803,12.0709933704257,1.95752548537506));
#3660=CARTESIAN_POINT('Ctrl Pts',(33.4364319166304,12.0843125810628,2.04221116192464));
#3661=CARTESIAN_POINT('Ctrl Pts',(33.4696255875209,12.0976948811746,2.12729797146871));
#3662=CARTESIAN_POINT('Ctrl Pts',(33.5028736022788,12.1123357299362,2.2120231476431));
#3663=CARTESIAN_POINT('Ctrl Pts',(33.53615915013,12.128148552578,2.29637289609646));
#3664=CARTESIAN_POINT('Ctrl Pts',(33.5782713987703,12.1481546381552,2.40309061020731));
#3665=CARTESIAN_POINT('Ctrl Pts',(33.6204428268398,12.170036194657,2.50920557422487));
#3666=CARTESIAN_POINT('Ctrl Pts',(33.6625964095879,12.193579212086,2.61461455549198));
#3667=CARTESIAN_POINT('Ctrl Pts',(33.7044069274292,12.2169306257994,2.71916567083226));
#3668=CARTESIAN_POINT('Ctrl Pts',(33.7461968982191,12.2419139477639,2.82301615448886));
#3669=CARTESIAN_POINT('Ctrl Pts',(33.7878881774302,12.2683141513102,2.92606846473794));
#3670=CARTESIAN_POINT('Ctrl Pts',(33.8196545072813,12.2884295708861,3.00458833127178));
#3671=CARTESIAN_POINT('Ctrl Pts',(33.8513632065588,12.3093671223532,3.08264417777736));
#3672=CARTESIAN_POINT('Ctrl Pts',(33.8829939740199,12.3310436105434,3.1602270557395));
#3673=CARTESIAN_POINT('Ctrl Pts',(33.9115802182769,12.3506336943693,3.23034243002876));
#3674=CARTESIAN_POINT('Ctrl Pts',(33.9401026422722,12.3708270781698,3.30007107394505));
#3675=CARTESIAN_POINT('Ctrl Pts',(33.9685624870108,12.3915774714432,3.36944478019434));
#3676=CARTESIAN_POINT('Ctrl Pts',(33.9972322207942,12.4124808971828,3.43933011189618));
#3677=CARTESIAN_POINT('Ctrl Pts',(34.0258389606235,12.4339502044162,3.50885571187756));
#3678=CARTESIAN_POINT('Ctrl Pts',(34.0544027281678,12.4559560128532,3.5781015774252));
#3679=CARTESIAN_POINT('Ctrl Pts',(34.0797798416954,12.4755067915839,3.63962218000635));
#3680=CARTESIAN_POINT('Ctrl Pts',(34.1051245153306,12.4954827167473,3.70092489311902));
#3681=CARTESIAN_POINT('Ctrl Pts',(34.1304282294066,12.5158330883513,3.76204080566134));
#3682=CARTESIAN_POINT('Ctrl Pts',(34.1598434560913,12.5394901211511,3.83308723054893));
#3683=CARTESIAN_POINT('Ctrl Pts',(34.1892029299809,12.5636526107508,3.9038807268001));
#3684=CARTESIAN_POINT('Ctrl Pts',(34.2184597993926,12.5881977339902,3.97442734960376));
#3685=CARTESIAN_POINT('Ctrl Pts',(34.2544273986435,12.6183728406912,4.06115544828699));
#3686=CARTESIAN_POINT('Ctrl Pts',(34.290237819721,12.6491231784029,4.14750766219033));
#3687=CARTESIAN_POINT('Ctrl Pts',(34.3257756380077,12.6801868129631,4.23345914217735));
#3688=CARTESIAN_POINT('Ctrl Pts',(34.3528076547138,12.7038155197569,4.29883855923052));
#3689=CARTESIAN_POINT('Ctrl Pts',(34.379680820373,12.7276240181506,4.36398462399462));
#3690=CARTESIAN_POINT('Ctrl Pts',(34.4063522581007,12.7515107221936,4.42889751946742));
#3691=CARTESIAN_POINT('Ctrl Pts',(34.4305659480157,12.7731962890046,4.4878287528908));
#3692=CARTESIAN_POINT('Ctrl Pts',(34.4546129548159,12.7949457068511,4.54656722404898));
#3693=CARTESIAN_POINT('Ctrl Pts',(34.4784772870641,12.8167076789156,4.60513522876256));
#3694=CARTESIAN_POINT('Ctrl Pts',(34.5008645459107,12.8371227023303,4.66007818999914));
#3695=CARTESIAN_POINT('Ctrl Pts',(34.5230907895438,12.8575483873191,4.71487076471851));
#3696=CARTESIAN_POINT('Ctrl Pts',(34.5451622374115,12.8779719548498,4.76955830120301));
#3697=CARTESIAN_POINT('Ctrl Pts',(34.5657941337053,12.8970634494255,4.82067898834935));
#3698=CARTESIAN_POINT('Ctrl Pts',(34.5862906701417,12.9161529317136,4.87170773640943));
#3699=CARTESIAN_POINT('Ctrl Pts',(34.6066767601528,12.9352602652086,4.92270935932847));
#3700=CARTESIAN_POINT('Ctrl Pts',(34.6166211598816,12.9445808834303,4.94758811365806));
#3701=CARTESIAN_POINT('Ctrl Pts',(34.6265395975315,12.9539062375846,4.97246086161752));
#3702=CARTESIAN_POINT('Ctrl Pts',(34.6364369499488,12.9632416842968,4.99733792923915));
#3703=CARTESIAN_POINT('Origin',(61.0922382163872,-1.42654578844951E-14,
-0.663487486301042));
#3704=CARTESIAN_POINT('Ctrl Pts',(7.97972798949331E-15,2.1094237467878E-14,
28.7691907383132));
#3705=CARTESIAN_POINT('Ctrl Pts',(-0.155776495130149,0.269711172112671,
28.7691907383132));
#3706=CARTESIAN_POINT('Ctrl Pts',(-0.469117521788904,0.812484428328542,
28.771394424876));
#3707=CARTESIAN_POINT('Ctrl Pts',(-0.949556266214292,1.64524729095205,28.7790411205341));
#3708=CARTESIAN_POINT('Ctrl Pts',(-1.44613039454712,2.50553154453906,28.788308011329));
#3709=CARTESIAN_POINT('Ctrl Pts',(-1.96445735862874,3.40278955027126,28.7958569243313));
#3710=CARTESIAN_POINT('Ctrl Pts',(-2.51071793498329,4.34847224150941,28.7973770673809));
#3711=CARTESIAN_POINT('Ctrl Pts',(-3.09158999337738,5.35470116412334,28.787176270922));
#3712=CARTESIAN_POINT('Ctrl Pts',(-3.71345858964483,6.43224417411547,28.7580922701019));
#3713=CARTESIAN_POINT('Ctrl Pts',(-4.37856576852694,7.58444383369567,28.7028824425623));
#3714=CARTESIAN_POINT('Ctrl Pts',(-5.08304912746744,8.80335305034394,28.6170440253853));
#3715=CARTESIAN_POINT('Ctrl Pts',(-5.80928633685462,10.0621707320394,28.502738860177));
#3716=CARTESIAN_POINT('Ctrl Pts',(-6.53013323574237,11.3106036411359,28.3716604844599));
#3717=CARTESIAN_POINT('Ctrl Pts',(-7.23392149034819,12.5284471060385,28.2358082968311));
#3718=CARTESIAN_POINT('Ctrl Pts',(-7.6987763516244,13.3346717971232,28.1312544474564));
#3719=CARTESIAN_POINT('Ctrl Pts',(-7.93899661842172,13.7507455042239,28.0689106965041));
#3720=CARTESIAN_POINT('Ctrl Pts',(0.505987557299108,0.876726461492527,28.7691907383132));
#3721=CARTESIAN_POINT('Ctrl Pts',(0.34607946165966,1.13156871310284,28.7703809391164));
#3722=CARTESIAN_POINT('Ctrl Pts',(0.0248294286424014,1.64640863214706,28.7743720759735));
#3723=CARTESIAN_POINT('Ctrl Pts',(-0.465373775172603,2.44178397640874,28.783102050678));
#3724=CARTESIAN_POINT('Ctrl Pts',(-0.968482277912009,3.26893294350908,28.7920104839103));
#3725=CARTESIAN_POINT('Ctrl Pts',(-1.48886158426661,4.13792180009561,28.7978141299842));
#3726=CARTESIAN_POINT('Ctrl Pts',(-2.03082310811102,5.059959223765,28.7961248403488));
#3727=CARTESIAN_POINT('Ctrl Pts',(-2.59859395393845,6.04541938147416,28.7815008209038));
#3728=CARTESIAN_POINT('Ctrl Pts',(-3.19619454791545,7.10358058869428,28.7474516752578));
#3729=CARTESIAN_POINT('Ctrl Pts',(-3.8238987165206,8.23614476506756,28.6878694324129));
#3730=CARTESIAN_POINT('Ctrl Pts',(-4.47516545503876,9.43214531825005,28.5997274558322));
#3731=CARTESIAN_POINT('Ctrl Pts',(-5.13088915927321,10.6636008549665,28.48683248858));
#3732=CARTESIAN_POINT('Ctrl Pts',(-5.7683717151441,11.8869170250172,28.3604753525235));
#3733=CARTESIAN_POINT('Ctrl Pts',(-6.37584541299312,13.0905120634585,28.2296479161232));
#3734=CARTESIAN_POINT('Ctrl Pts',(-6.76940649583267,13.8943589394913,28.1286567911667));
#3735=CARTESIAN_POINT('Ctrl Pts',(-6.97158340310028,14.3092817845073,28.0689106965041));
#3736=CARTESIAN_POINT('Ctrl Pts',(1.50095855717871,2.60088441903888,28.7931896982822));
#3737=CARTESIAN_POINT('Ctrl Pts',(1.33383967324863,2.83210794307958,28.7974022859675));
#3738=CARTESIAN_POINT('Ctrl Pts',(0.999671482629569,3.30182559182961,28.806231495229));
#3739=CARTESIAN_POINT('Ctrl Pts',(0.495881337735862,4.03762108560838,28.8189354328733));
#3740=CARTESIAN_POINT('Ctrl Pts',(-0.0134315630194207,4.81499384487915,
28.8285717376652));
#3741=CARTESIAN_POINT('Ctrl Pts',(-0.529682488913881,5.64301937743021,28.831875832897));
#3742=CARTESIAN_POINT('Ctrl Pts',(-1.05340953948061,6.52987672979101,28.8251684817021));
#3743=CARTESIAN_POINT('Ctrl Pts',(-1.58592173822684,7.48467810239519,28.8043032520404));
#3744=CARTESIAN_POINT('Ctrl Pts',(-2.12853900046412,8.51392376160299,28.7646694859251));
#3745=CARTESIAN_POINT('Ctrl Pts',(-2.67709205285522,9.61245149691937,28.7028741947226));
#3746=CARTESIAN_POINT('Ctrl Pts',(-3.21882934495195,10.7597065731929,28.6201834326302));
#3747=CARTESIAN_POINT('Ctrl Pts',(-3.73731033505003,11.9310012975053,28.5233230363384));
#3748=CARTESIAN_POINT('Ctrl Pts',(-4.21632983003346,13.0955471871381,28.4213178957661));
#3749=CARTESIAN_POINT('Ctrl Pts',(-4.64469814834505,14.2554504107431,28.3186392528804));
#3750=CARTESIAN_POINT('Ctrl Pts',(-4.91036250268321,15.0366213039008,28.2395441268701));
#3751=CARTESIAN_POINT('Ctrl Pts',(-5.04479717638884,15.4402737437495,28.192787037324));
#3752=CARTESIAN_POINT('Ctrl Pts',(3.08840214138451,5.34993169966468,28.9652654359402));
#3753=CARTESIAN_POINT('Ctrl Pts',(2.91452041886613,5.55896929610054,28.9729235780446));
#3754=CARTESIAN_POINT('Ctrl Pts',(2.56987896164326,5.9897330388672,28.9871512336306));
#3755=CARTESIAN_POINT('Ctrl Pts',(2.06149270200772,6.68165082400623,29.0043489566079));
#3756=CARTESIAN_POINT('Ctrl Pts',(1.56082750677016,7.42642241645156,29.0159730770534));
#3757=CARTESIAN_POINT('Ctrl Pts',(1.06911655984519,8.22857742744025,29.0203020820522));
#3758=CARTESIAN_POINT('Ctrl Pts',(0.588638879484732,9.08987508091933,29.0157408575772));
#3759=CARTESIAN_POINT('Ctrl Pts',(0.120752403866763,10.0103240087265,29.0009568654224));
#3760=CARTESIAN_POINT('Ctrl Pts',(-0.331011384612137,10.9829574248281,28.9751841833174));
#3761=CARTESIAN_POINT('Ctrl Pts',(-0.757855600609312,11.9903355168983,28.9399146197258));
#3762=CARTESIAN_POINT('Ctrl Pts',(-1.1489989013269,13.0140976214656,28.8995810182444));
#3763=CARTESIAN_POINT('Ctrl Pts',(-1.49467555548351,14.0431526260757,28.8595234305171));
#3764=CARTESIAN_POINT('Ctrl Pts',(-1.78461509445041,15.0623577905211,28.8233913532561));
#3765=CARTESIAN_POINT('Ctrl Pts',(-2.01808380666543,16.08976195862,28.7920692265057));
#3766=CARTESIAN_POINT('Ctrl Pts',(-2.15035371921675,16.7971881213219,28.7648495804915));
#3767=CARTESIAN_POINT('Ctrl Pts',(-2.21475530673023,17.1573784486343,28.7479141597036));
#3768=CARTESIAN_POINT('Ctrl Pts',(5.17895783753967,8.97158073769939,29.4191350690025));
#3769=CARTESIAN_POINT('Ctrl Pts',(4.98928977534375,9.15637225621833,29.4325027020375));
#3770=CARTESIAN_POINT('Ctrl Pts',(4.61686801814758,9.54019487518326,29.4572444713607));
#3771=CARTESIAN_POINT('Ctrl Pts',(4.07901778583815,10.1606222102182,29.4883956339367));
#3772=CARTESIAN_POINT('Ctrl Pts',(3.56251702820283,10.8255975903604,29.5131810829555));
#3773=CARTESIAN_POINT('Ctrl Pts',(3.07173065658587,11.5305219367554,29.531487029988));
#3774=CARTESIAN_POINT('Ctrl Pts',(2.61188602882206,12.2689843307184,29.5441055198451));
#3775=CARTESIAN_POINT('Ctrl Pts',(2.18551567650406,13.0372803946673,29.5523657592803));
#3776=CARTESIAN_POINT('Ctrl Pts',(1.79757403983442,13.827946494956,29.5579259942564));
#3777=CARTESIAN_POINT('Ctrl Pts',(1.45592613849376,14.6310257128437,29.563603958952));
#3778=CARTESIAN_POINT('Ctrl Pts',(1.16640201196902,15.4459101173477,29.5731478334292));
#3779=CARTESIAN_POINT('Ctrl Pts',(0.931645865445532,16.2755799847514,29.5889150184108));
#3780=CARTESIAN_POINT('Ctrl Pts',(0.753763590353148,17.1215795249086,29.6117741613779));
#3781=CARTESIAN_POINT('Ctrl Pts',(0.623944752321616,17.9972001912782,29.6410368071187));
#3782=CARTESIAN_POINT('Ctrl Pts',(0.553693249724101,18.5805940025446,29.6584110454118));
#3783=CARTESIAN_POINT('Ctrl Pts',(0.519868835622457,18.873694038978,29.6654343327594));
#3784=CARTESIAN_POINT('Ctrl Pts',(6.78336474684026,11.750450347616,30.2528108660042));
#3785=CARTESIAN_POINT('Ctrl Pts',(6.57942984255075,11.891095373076,30.2598163039648));
#3786=CARTESIAN_POINT('Ctrl Pts',(6.18085083699962,12.1876178801673,30.2720478346572));
#3787=CARTESIAN_POINT('Ctrl Pts',(5.61351553512046,12.6786583910574,30.2859250898611));
#3788=CARTESIAN_POINT('Ctrl Pts',(5.08016824577557,13.2145008878808,30.2960529740663));
#3789=CARTESIAN_POINT('Ctrl Pts',(4.58765722436936,13.7900816870427,30.3037076563271));
#3790=CARTESIAN_POINT('Ctrl Pts',(4.14132385422045,14.4010523807088,30.3109600648257));
#3791=CARTESIAN_POINT('Ctrl Pts',(3.74223076723957,15.046172964684,30.3197885342462));
#3792=CARTESIAN_POINT('Ctrl Pts',(3.39333467818835,15.7186083633108,30.3318347628241));
#3793=CARTESIAN_POINT('Ctrl Pts',(3.09729026926086,16.4095567934476,30.3489816067373));
#3794=CARTESIAN_POINT('Ctrl Pts',(2.8518741994456,17.1179574676555,30.3729853404243));
#3795=CARTESIAN_POINT('Ctrl Pts',(2.65266697283096,17.8372480939508,30.4034369981125));
#3796=CARTESIAN_POINT('Ctrl Pts',(2.49473907009302,18.5579937372522,30.439202931785));
#3797=CARTESIAN_POINT('Ctrl Pts',(2.36778494628946,19.2851974435178,30.4783487842172));
#3798=CARTESIAN_POINT('Ctrl Pts',(2.29314264865081,19.7638372567518,30.5010955309836));
#3799=CARTESIAN_POINT('Ctrl Pts',(2.25661289030719,20.0031143296677,30.5110839165858));
#3800=CARTESIAN_POINT('Ctrl Pts',(7.56039328857007,13.0963073571945,30.8022542712295));
#3801=CARTESIAN_POINT('Ctrl Pts',(7.35121078678928,13.2169713606929,30.802214279941));
#3802=CARTESIAN_POINT('Ctrl Pts',(6.94417169068089,13.4761434877609,30.8018576454094));
#3803=CARTESIAN_POINT('Ctrl Pts',(6.37075761004362,13.9166268122111,30.8009509087257));
#3804=CARTESIAN_POINT('Ctrl Pts',(5.83842252587797,14.4047047279517,30.8000913208916));
#3805=CARTESIAN_POINT('Ctrl Pts',(5.35397101364286,14.9328209120404,30.8003437385447));
#3806=CARTESIAN_POINT('Ctrl Pts',(4.92116319364389,15.4953641536637,30.8034610685933));
#3807=CARTESIAN_POINT('Ctrl Pts',(4.53929510590555,16.0893293203883,30.8108071959935));
#3808=CARTESIAN_POINT('Ctrl Pts',(4.20939237428736,16.7061188174173,30.8232209566815));
#3809=CARTESIAN_POINT('Ctrl Pts',(3.93118846345312,17.3369372551151,30.8415786736769));
#3810=CARTESIAN_POINT('Ctrl Pts',(3.69951514177643,17.980911168693,30.8664170724211));
#3811=CARTESIAN_POINT('Ctrl Pts',(3.50836756575638,18.6299303682102,30.8961483129632));
#3812=CARTESIAN_POINT('Ctrl Pts',(3.35171499333865,19.2768047404,30.9292033855528));
#3813=CARTESIAN_POINT('Ctrl Pts',(3.21935512598285,19.9254243511361,30.9633255884262));
#3814=CARTESIAN_POINT('Ctrl Pts',(3.13816357907326,20.3492844132541,30.9818793632708));
#3815=CARTESIAN_POINT('Ctrl Pts',(3.09798943057644,20.5606082735238,30.9897666148524));
#3816=CARTESIAN_POINT('',(7.97972798949331E-15,2.1094237467878E-14,28.7691907383132));
#3817=CARTESIAN_POINT('',(-7.9389966184217,13.7507455042239,28.0689106965041));
#3818=CARTESIAN_POINT('Ctrl Pts',(7.97972798949331E-15,2.1094237467878E-14,
28.7691907383132));
#3819=CARTESIAN_POINT('Ctrl Pts',(-0.155776495130149,0.269711172112671,
28.7691907383132));
#3820=CARTESIAN_POINT('Ctrl Pts',(-0.469117521788904,0.812484428328542,
28.771394424876));
#3821=CARTESIAN_POINT('Ctrl Pts',(-0.949556266214292,1.64524729095205,28.7790411205341));
#3822=CARTESIAN_POINT('Ctrl Pts',(-1.44613039454712,2.50553154453906,28.788308011329));
#3823=CARTESIAN_POINT('Ctrl Pts',(-1.96445735862874,3.40278955027126,28.7958569243313));
#3824=CARTESIAN_POINT('Ctrl Pts',(-2.51071793498329,4.34847224150941,28.7973770673809));
#3825=CARTESIAN_POINT('Ctrl Pts',(-3.09158999337738,5.35470116412334,28.787176270922));
#3826=CARTESIAN_POINT('Ctrl Pts',(-3.71345858964483,6.43224417411547,28.7580922701019));
#3827=CARTESIAN_POINT('Ctrl Pts',(-4.37856576852694,7.58444383369567,28.7028824425623));
#3828=CARTESIAN_POINT('Ctrl Pts',(-5.08304912746744,8.80335305034394,28.6170440253853));
#3829=CARTESIAN_POINT('Ctrl Pts',(-5.80928633685462,10.0621707320394,28.502738860177));
#3830=CARTESIAN_POINT('Ctrl Pts',(-6.53013323574237,11.3106036411359,28.3716604844599));
#3831=CARTESIAN_POINT('Ctrl Pts',(-7.23392149034819,12.5284471060385,28.2358082968311));
#3832=CARTESIAN_POINT('Ctrl Pts',(-7.6987763516244,13.3346717971232,28.1312544474564));
#3833=CARTESIAN_POINT('Ctrl Pts',(-7.93899661842172,13.7507455042239,28.0689106965041));
#3834=CARTESIAN_POINT('',(7.56039328857007,13.0963073571945,30.8022542712295));
#3835=CARTESIAN_POINT('Ctrl Pts',(7.97972798949331E-15,2.1094237467878E-14,
28.7691907383132));
#3836=CARTESIAN_POINT('Ctrl Pts',(0.505987557299108,0.876726461492527,28.7691907383132));
#3837=CARTESIAN_POINT('Ctrl Pts',(1.50095855717871,2.60088441903888,28.7931896982822));
#3838=CARTESIAN_POINT('Ctrl Pts',(3.08840214138451,5.34993169966468,28.9652654359402));
#3839=CARTESIAN_POINT('Ctrl Pts',(5.17895783753967,8.97158073769939,29.4191350690025));
#3840=CARTESIAN_POINT('Ctrl Pts',(6.78336474684026,11.750450347616,30.2528108660042));
#3841=CARTESIAN_POINT('Ctrl Pts',(7.56039328857007,13.0963073571945,30.8022542712295));
#3842=CARTESIAN_POINT('',(3.09798943057644,20.5606082735238,30.9897666148524));
#3843=CARTESIAN_POINT('Ctrl Pts',(7.56039328857004,13.0963073571945,30.8022542712295));
#3844=CARTESIAN_POINT('Ctrl Pts',(7.46170700833505,13.1532331591242,30.8022354044913));
#3845=CARTESIAN_POINT('Ctrl Pts',(7.36425736777911,13.2121568553801,30.8021859430508));
#3846=CARTESIAN_POINT('Ctrl Pts',(7.26814047719036,13.2730268629932,30.8021133756779));
#3847=CARTESIAN_POINT('Ctrl Pts',(7.17633542311769,13.3311662212903,30.8020440637022));
#3848=CARTESIAN_POINT('Ctrl Pts',(7.08574676233775,13.3910808235813,30.8019539278147));
#3849=CARTESIAN_POINT('Ctrl Pts',(6.99641534509609,13.452743023617,30.8018503702916));
#3850=CARTESIAN_POINT('Ctrl Pts',(6.90624185862843,13.5149864731466,30.8017458365991));
#3851=CARTESIAN_POINT('Ctrl Pts',(6.81734175373367,13.5790159106038,30.8016275800314));
#3852=CARTESIAN_POINT('Ctrl Pts',(6.72975697011648,13.6447897382228,30.8015016099547));
#3853=CARTESIAN_POINT('Ctrl Pts',(6.6324998393877,13.7178272395682,30.8013617284856));
#3854=CARTESIAN_POINT('Ctrl Pts',(6.5368652157473,13.7930153999727,30.8012119665896));
#3855=CARTESIAN_POINT('Ctrl Pts',(6.44295853564526,13.8702465472007,30.8010627399366));
#3856=CARTESIAN_POINT('Ctrl Pts',(6.32670569143145,13.9658557255615,30.8008780031018));
#3857=CARTESIAN_POINT('Ctrl Pts',(6.21310282145132,14.064595135472,30.800693205109));
#3858=CARTESIAN_POINT('Ctrl Pts',(6.10240257538639,14.1661917625037,30.8005425563721));
#3859=CARTESIAN_POINT('Ctrl Pts',(5.98630297913691,14.2727437151686,30.8003845598168));
#3860=CARTESIAN_POINT('Ctrl Pts',(5.87340158421395,14.3824336368995,30.8002640145359));
#3861=CARTESIAN_POINT('Ctrl Pts',(5.76397934969683,14.4949259508875,30.8002434400708));
#3862=CARTESIAN_POINT('Ctrl Pts',(5.68211280882468,14.5790894361385,30.8002280468529));
#3863=CARTESIAN_POINT('Ctrl Pts',(5.60219403652599,14.6648206177845,30.8002692815583));
#3864=CARTESIAN_POINT('Ctrl Pts',(5.52430806866532,14.751998105542,30.8003997522472));
#3865=CARTESIAN_POINT('Ctrl Pts',(5.45395872417657,14.8307398774731,30.8005175979604));
#3866=CARTESIAN_POINT('Ctrl Pts',(5.38526809307166,14.9106611378986,30.8007084991428));
#3867=CARTESIAN_POINT('Ctrl Pts',(5.3182646320703,14.9916985581742,30.8009973673441));
#3868=CARTESIAN_POINT('Ctrl Pts',(5.23413497142978,15.0934492821679,30.8013600707534));
#3869=CARTESIAN_POINT('Ctrl Pts',(5.15266494414818,15.1969621696913,30.8018781340491));
#3870=CARTESIAN_POINT('Ctrl Pts',(5.0738298476895,15.3021706877406,30.8025935980249));
#3871=CARTESIAN_POINT('Ctrl Pts',(5.00780092263098,15.390288869437,30.8031928402325));
#3872=CARTESIAN_POINT('Ctrl Pts',(4.94361915784024,15.4795969590578,30.8039300700771));
#3873=CARTESIAN_POINT('Ctrl Pts',(4.88128741846173,15.5700009716978,30.8048231163103));
#3874=CARTESIAN_POINT('Ctrl Pts',(4.80675292591727,15.678103477312,30.8058909951866));
#3875=CARTESIAN_POINT('Ctrl Pts',(4.73486474221766,15.7877722506468,30.8071814461201));
#3876=CARTESIAN_POINT('Ctrl Pts',(4.66564774035891,15.8987744911818,30.8087202298217));
#3877=CARTESIAN_POINT('Ctrl Pts',(4.58863101337975,16.0222850308439,30.8104324115262));
#3878=CARTESIAN_POINT('Ctrl Pts',(4.51492438019273,16.1474418921938,30.8124518323492));
#3879=CARTESIAN_POINT('Ctrl Pts',(4.44455142787682,16.2738865636085,30.8148129810865));
#3880=CARTESIAN_POINT('Ctrl Pts',(4.38995580410718,16.3719828560199,30.8166447699185));
#3881=CARTESIAN_POINT('Ctrl Pts',(4.33736685248208,16.470852498114,30.8186823075521));
#3882=CARTESIAN_POINT('Ctrl Pts',(4.28677296471121,16.5703462123045,30.820941458885));
#3883=CARTESIAN_POINT('Ctrl Pts',(4.2412009129664,16.6599644031798,30.8229763719146));
#3884=CARTESIAN_POINT('Ctrl Pts',(4.19724768410309,16.7500882535496,30.8251911776634));
#3885=CARTESIAN_POINT('Ctrl Pts',(4.15488165632773,16.8406390175607,30.8275961268581));
#3886=CARTESIAN_POINT('Ctrl Pts',(4.11354356208801,16.9289927342702,30.8299427243956));
#3887=CARTESIAN_POINT('Ctrl Pts',(4.07371690356383,17.0177521021381,30.8324704722852));
#3888=CARTESIAN_POINT('Ctrl Pts',(4.03534536535575,17.1068852083014,30.8351860077554));
#3889=CARTESIAN_POINT('Ctrl Pts',(3.99890094683692,17.1915418151668,30.8377651618836));
#3890=CARTESIAN_POINT('Ctrl Pts',(3.96376808899331,17.2765390210706,30.8405140794869));
#3891=CARTESIAN_POINT('Ctrl Pts',(3.92987545581525,17.3618812050346,30.8434332752453));
#3892=CARTESIAN_POINT('Ctrl Pts',(3.89582228252109,17.4476276315386,30.846366298434));
#3893=CARTESIAN_POINT('Ctrl Pts',(3.86302046262265,17.5337237476805,30.8494711019687));
#3894=CARTESIAN_POINT('Ctrl Pts',(3.83140432468563,17.6201101501827,30.8527364346167));
#3895=CARTESIAN_POINT('Ctrl Pts',(3.7914041820831,17.7294046005641,30.8568676720191));
#3896=CARTESIAN_POINT('Ctrl Pts',(3.75330252082129,17.8391617266464,30.8612556210197));
#3897=CARTESIAN_POINT('Ctrl Pts',(3.71697550460589,17.94916799919,30.8658620728729));
#3898=CARTESIAN_POINT('Ctrl Pts',(3.68094413400116,18.0582789911679,30.8704310353474));
#3899=CARTESIAN_POINT('Ctrl Pts',(3.64665974285229,18.1676279424755,30.8752141697709));
#3900=CARTESIAN_POINT('Ctrl Pts',(3.61399511829845,18.2770051389115,30.8801703146844));
#3901=CARTESIAN_POINT('Ctrl Pts',(3.58910657427256,18.3603442008511,30.8839466088425));
#3902=CARTESIAN_POINT('Ctrl Pts',(3.56515836358574,18.4436988214566,30.8878232417178));
#3903=CARTESIAN_POINT('Ctrl Pts',(3.54208603901975,18.5270142362475,30.8917840559531));
#3904=CARTESIAN_POINT('Ctrl Pts',(3.52123447080293,18.6023103794712,30.8953636340743));
#3905=CARTESIAN_POINT('Ctrl Pts',(3.5010983188473,18.6775739853323,30.8990119520002));
#3906=CARTESIAN_POINT('Ctrl Pts',(3.48162230034302,18.7528082254629,30.9027195821928));
#3907=CARTESIAN_POINT('Ctrl Pts',(3.4620026477804,18.8285973120183,30.9064545558575));
#3908=CARTESIAN_POINT('Ctrl Pts',(3.4430531411195,18.9043574348123,30.9102500488264));
#3909=CARTESIAN_POINT('Ctrl Pts',(3.42470728825512,18.9801450009692,30.9140982719477));
#3910=CARTESIAN_POINT('Ctrl Pts',(3.40840815020284,19.047477493635,30.917517176502));
#3911=CARTESIAN_POINT('Ctrl Pts',(3.39258532049062,19.1148352889207,30.9209781262554));
#3912=CARTESIAN_POINT('Ctrl Pts',(3.37718165613487,19.1822159613936,30.9244627258228));
#3913=CARTESIAN_POINT('Ctrl Pts',(3.35927510387399,19.26054508524,30.9285135258676));
#3914=CARTESIAN_POINT('Ctrl Pts',(3.34193481387664,19.3389043276739,30.9325960712186));
#3915=CARTESIAN_POINT('Ctrl Pts',(3.32505937233657,19.4172236962408,30.9366641712897));
#3916=CARTESIAN_POINT('Ctrl Pts',(3.30431316360312,19.5135073972808,30.9416653828444));
#3917=CARTESIAN_POINT('Ctrl Pts',(3.28426850968679,19.6097264317588,30.9466437003231));
#3918=CARTESIAN_POINT('Ctrl Pts',(3.26472952037996,19.7056962231412,30.9514985833981));
#3919=CARTESIAN_POINT('Ctrl Pts',(3.24986709182993,19.7786961181196,30.9551914741452));
#3920=CARTESIAN_POINT('Ctrl Pts',(3.23529684587198,19.8515495212047,30.9588123827856));
#3921=CARTESIAN_POINT('Ctrl Pts',(3.22093786637332,19.9241934113473,30.9623208236052));
#3922=CARTESIAN_POINT('Ctrl Pts',(3.20790205328518,19.990143235566,30.9655059649142));
#3923=CARTESIAN_POINT('Ctrl Pts',(3.19504018633847,20.0559194783013,30.9685982099638));
#3924=CARTESIAN_POINT('Ctrl Pts',(3.1822999960751,20.1215100792755,30.9715750499424));
#3925=CARTESIAN_POINT('Ctrl Pts',(3.17034835484803,20.1830409759502,30.9743676395881));
#3926=CARTESIAN_POINT('Ctrl Pts',(3.15850367556823,20.2444079322464,30.9770585514739));
#3927=CARTESIAN_POINT('Ctrl Pts',(3.14673247730902,20.3056433807652,30.9796385332574));
#3928=CARTESIAN_POINT('Ctrl Pts',(3.13572902419766,20.3628849097661,30.9820502425802));
#3929=CARTESIAN_POINT('Ctrl Pts',(3.12478972887139,20.4200112896485,30.9843649797677));
#3930=CARTESIAN_POINT('Ctrl Pts',(3.11389708779551,20.4770925644123,30.9865846287804));
#3931=CARTESIAN_POINT('Ctrl Pts',(3.10858362269868,20.5049369925016,30.9876673806561));
#3932=CARTESIAN_POINT('Ctrl Pts',(3.10328141748317,20.5327713897697,30.988727657372));
#3933=CARTESIAN_POINT('Ctrl Pts',(3.09798943057644,20.5606082735238,30.9897666148524));
#3934=CARTESIAN_POINT('Origin',(-9.86926870220062,17.0940748257608,57.8194770563288));
#3935=CARTESIAN_POINT('Ctrl Pts',(7.97972798949331E-15,2.1094237467878E-14,
28.7691907383132));
#3936=CARTESIAN_POINT('Ctrl Pts',(0.505987557299108,0.876726461492527,28.7691907383132));
#3937=CARTESIAN_POINT('Ctrl Pts',(1.50095855717871,2.60088441903888,28.7931896982822));
#3938=CARTESIAN_POINT('Ctrl Pts',(3.08840214138451,5.34993169966468,28.9652654359402));
#3939=CARTESIAN_POINT('Ctrl Pts',(5.17895783753967,8.97158073769939,29.4191350690025));
#3940=CARTESIAN_POINT('Ctrl Pts',(6.78336474684026,11.750450347616,30.2528108660042));
#3941=CARTESIAN_POINT('Ctrl Pts',(7.56039328857007,13.0963073571945,30.8022542712295));
#3942=CARTESIAN_POINT('Ctrl Pts',(0.311464974299119,5.08160389118422E-5,
28.7691907383132));
#3943=CARTESIAN_POINT('Ctrl Pts',(0.80644222509762,0.865644066550447,28.7703809391164));
#3944=CARTESIAN_POINT('Ctrl Pts',(1.78505475085198,2.57188978538812,28.7974642942563));
#3945=CARTESIAN_POINT('Ctrl Pts',(3.35626799349075,5.30390739600813,28.9729555464933));
#3946=CARTESIAN_POINT('Ctrl Pts',(5.43395564166283,8.89987724584186,29.4325788008786));
#3947=CARTESIAN_POINT('Ctrl Pts',(7.00722345989207,11.6443144762477,30.2598937204853));
#3948=CARTESIAN_POINT('Ctrl Pts',(7.76957579035085,12.9756433536961,30.8022942625179));
#3949=CARTESIAN_POINT('Ctrl Pts',(0.938190916006255,2.54770653405594E-5,
28.771394424876));
#3950=CARTESIAN_POINT('Ctrl Pts',(1.41256300870917,0.844496644027796,28.774421068359));
#3951=CARTESIAN_POINT('Ctrl Pts',(2.36018916901313,2.51755940284947,28.8063709787408));
#3952=CARTESIAN_POINT('Ctrl Pts',(3.90187505223199,5.22055328764986,28.9872744335693));
#3953=CARTESIAN_POINT('Ctrl Pts',(5.95388725354133,8.76901209142408,29.4574587260818));
#3954=CARTESIAN_POINT('Ctrl Pts',(7.46473109820072,11.4469936468603,30.2722672015774));
#3955=CARTESIAN_POINT('Ctrl Pts',(8.19910595675064,12.752256040539,30.8020805671894));
#3956=CARTESIAN_POINT('Ctrl Pts',(1.89960408257916,-0.000283796611726185,
28.7790411205341));
#3957=CARTESIAN_POINT('Ctrl Pts',(2.34707192540818,0.817062901971691,28.783238227433));
#3958=CARTESIAN_POINT('Ctrl Pts',(3.2507825225246,2.44907594032708,28.8188610744446));
#3959=CARTESIAN_POINT('Ctrl Pts',(4.75624926078816,5.12535443838161,29.0044477502734));
#3960=CARTESIAN_POINT('Ctrl Pts',(6.76191182187801,8.61243347011639,29.4884005705429));
#3961=CARTESIAN_POINT('Ctrl Pts',(8.17519122349401,11.2000918672678,30.2859185688725));
#3962=CARTESIAN_POINT('Ctrl Pts',(8.86866037804361,12.4748228403365,30.8009257495359));
#3963=CARTESIAN_POINT('Ctrl Pts',(2.89291916482769,-0.000380113406882991,
28.788308011329));
#3964=CARTESIAN_POINT('Ctrl Pts',(3.3157893156343,0.795069648211322,28.7920816227999));
#3965=CARTESIAN_POINT('Ctrl Pts',(4.17723043865697,2.39655607143544,28.8282713940483));
#3966=CARTESIAN_POINT('Ctrl Pts',(5.65121927677119,5.06401944992633,29.015956486177));
#3967=CARTESIAN_POINT('Ctrl Pts',(7.59408058871413,8.49778267765612,29.5129551656193));
#3968=CARTESIAN_POINT('Ctrl Pts',(8.90341809061851,11.0065226676766,30.2958663157707));
#3969=CARTESIAN_POINT('Ctrl Pts',(9.55469839440267,12.2583976401499,30.7999105265262));
#3970=CARTESIAN_POINT('Ctrl Pts',(3.92913087358151,-0.000124797911836728,
28.7958569243313));
#3971=CARTESIAN_POINT('Ctrl Pts',(4.32825896528203,0.779567317908068,28.7977556584836));
#3972=CARTESIAN_POINT('Ctrl Pts',(5.14971474574664,2.36352243204997,28.8317907305538));
#3973=CARTESIAN_POINT('Ctrl Pts',(6.59072611464925,5.03991966761729,29.0203500375056));
#3974=CARTESIAN_POINT('Ctrl Pts',(8.44769884290851,8.4260671560493,29.5315165025459));
#3975=CARTESIAN_POINT('Ctrl Pts',(9.64692432877978,10.8686363563875,30.303813009231));
#3976=CARTESIAN_POINT('Ctrl Pts',(10.2536659090706,12.1036930129195,30.800479122252));
#3977=CARTESIAN_POINT('Ctrl Pts',(5.02124639629022,0.000109392678081194,
28.7973770673808));
#3978=CARTESIAN_POINT('Ctrl Pts',(5.39668832121801,0.771500350124692,28.7961334317651));
#3979=CARTESIAN_POINT('Ctrl Pts',(6.18045478046374,2.35332467660149,28.8254511759825));
#3980=CARTESIAN_POINT('Ctrl Pts',(7.57819390130986,5.05488245704439,29.0158736781559));
#3981=CARTESIAN_POINT('Ctrl Pts',(9.31966705862932,8.39709083114857,29.5443756335409));
#3982=CARTESIAN_POINT('Ctrl Pts',(10.4023065176122,10.7874337044534,30.3111947042723));
#3983=CARTESIAN_POINT('Ctrl Pts',(10.9603782715806,12.0098724331163,30.803679632263));
#3984=CARTESIAN_POINT('Ctrl Pts',(6.18310223449366,4.48902889052017E-5,
28.787176270922));
#3985=CARTESIAN_POINT('Ctrl Pts',(6.53456287832851,0.772246225411093,28.7816165995233));
#3986=CARTESIAN_POINT('Ctrl Pts',(7.27651191162222,2.36914219352268,28.8044485048389));
#3987=CARTESIAN_POINT('Ctrl Pts',(8.61038609608504,5.10984595340279,29.0008918267943));
#3988=CARTESIAN_POINT('Ctrl Pts',(10.1997952989369,8.41135457336967,29.552376451304));
#3989=CARTESIAN_POINT('Ctrl Pts',(11.160846357176,10.7637770627979,30.3197164916707));
#3990=CARTESIAN_POINT('Ctrl Pts',(11.6653449631293,11.9755545600346,30.8107045850467));
#3991=CARTESIAN_POINT('Ctrl Pts',(7.42721615295093,-0.000172612523789025,
28.7580922701018));
#3992=CARTESIAN_POINT('Ctrl Pts',(7.75060395189401,0.783336057895571,28.7474712968065));
#3993=CARTESIAN_POINT('Ctrl Pts',(8.43880311562167,2.41359372901043,28.7643971617643));
#3994=CARTESIAN_POINT('Ctrl Pts',(9.67657126740895,5.2045619621231,28.975014894697));
#3995=CARTESIAN_POINT('Ctrl Pts',(11.0757097284455,8.47017937077591,29.5577273359535));
#3996=CARTESIAN_POINT('Ctrl Pts',(11.9143507098754,10.7975473162253,30.3316525177335));
#3997=CARTESIAN_POINT('Ctrl Pts',(12.3613610549902,11.9981077830222,30.8230642017429));
#3998=CARTESIAN_POINT('Ctrl Pts',(8.75760391782018,-0.000272729162602284,
28.7028824425623));
#3999=CARTESIAN_POINT('Ctrl Pts',(9.04447091147889,0.806075878676387,28.6877865316482));
#4000=CARTESIAN_POINT('Ctrl Pts',(9.66096044274031,2.48812390022948,28.7028441264368));
#4001=CARTESIAN_POINT('Ctrl Pts',(10.7613452979746,5.33862347538228,28.9400530787943));
#4002=CARTESIAN_POINT('Ctrl Pts',(11.9418019660746,8.57659076689061,29.5637608959101));
#4003=CARTESIAN_POINT('Ctrl Pts',(12.6623276515573,10.8876090470509,30.3492193546915));
#4004=CARTESIAN_POINT('Ctrl Pts',(13.0490196534705,12.0735895538918,30.8418478030276));
#4005=CARTESIAN_POINT('Ctrl Pts',(10.1654519438148,0.000373147899141507,
28.6170440253853));
#4006=CARTESIAN_POINT('Ctrl Pts',(10.4057008895479,0.841346034544796,28.5998130052057));
#4007=CARTESIAN_POINT('Ctrl Pts',(10.9282578216325,2.59298635078682,28.6204616167182));
#4008=CARTESIAN_POINT('Ctrl Pts',(11.8469754796108,5.51263478230806,28.8997653157662));
#4009=CARTESIAN_POINT('Ctrl Pts',(12.795342043783,8.73395012490107,29.5733273828515));
#4010=CARTESIAN_POINT('Ctrl Pts',(13.4003986800253,11.0293139788891,30.3731095099416));
#4011=CARTESIAN_POINT('Ctrl Pts',(13.723613985192,12.1946887720187,30.8664908671681));
#4012=CARTESIAN_POINT('Ctrl Pts',(11.6187386395897,-9.58204457731256E-5,
28.502738860177));
#4013=CARTESIAN_POINT('Ctrl Pts',(11.8008972602099,0.887853054971615,28.4868300965681));
#4014=CARTESIAN_POINT('Ctrl Pts',(12.201954199315,2.72833603648001,28.5231491522521));
#4015=CARTESIAN_POINT('Ctrl Pts',(12.90856688268,5.72673667067266,28.8592225185314));
#4016=CARTESIAN_POINT('Ctrl Pts',(13.6280649743638,8.94376987342283,29.5886491344693));
#4017=CARTESIAN_POINT('Ctrl Pts',(14.1196597354811,11.2150601121865,30.4031744725527));
#4018=CARTESIAN_POINT('Ctrl Pts',(14.3782480273486,12.3525464990154,30.8959146273309));
#4019=CARTESIAN_POINT('Ctrl Pts',(13.0603367032316,-4.05483180252833E-5,
28.3716604844599));
#4020=CARTESIAN_POINT('Ctrl Pts',(13.1781517072573,0.948112861839738,28.3604404045092));
#4021=CARTESIAN_POINT('Ctrl Pts',(13.4483389874238,2.89687988478913,28.4213607752624));
#4022=CARTESIAN_POINT('Ctrl Pts',(13.9362043808242,5.98620653974238,28.823675414139));
#4023=CARTESIAN_POINT('Ctrl Pts',(14.4508886237777,9.21443914068369,29.6122036576201));
#4024=CARTESIAN_POINT('Ctrl Pts',(14.8247199093495,11.4405758585075,30.4396721986651));
#4025=CARTESIAN_POINT('Ctrl Pts',(15.0188781998935,12.5422020647397,30.9296837415632));
#4026=CARTESIAN_POINT('Ctrl Pts',(14.4669142089731,0.000536226604487612,
28.2358082968311));
#4027=CARTESIAN_POINT('Ctrl Pts',(14.5248592755312,1.02454465306778,28.2297294896312));
#4028=CARTESIAN_POINT('Ctrl Pts',(14.6685068630018,3.10604510463329,28.3188204467654));
#4029=CARTESIAN_POINT('Ctrl Pts',(14.9438594279922,6.29786699183974,28.7922857160637));
#4030=CARTESIAN_POINT('Ctrl Pts',(15.2746351185996,9.5395158762321,29.6412284167448));
#4031=CARTESIAN_POINT('Ctrl Pts',(15.517998026436,11.6935781860085,30.4784953813514));
#4032=CARTESIAN_POINT('Ctrl Pts',(15.6465943724524,12.7511054160634,30.9634504833802));
#4033=CARTESIAN_POINT('Ctrl Pts',(15.3975527032488,3.01665166598268E-15,
28.1312544474564));
#4034=CARTESIAN_POINT('Ctrl Pts',(15.4175710588152,1.08470147581119,28.1286567911667));
#4035=CARTESIAN_POINT('Ctrl Pts',(15.477277287606,3.2658119828362,28.2395441268701));
#4036=CARTESIAN_POINT('Ctrl Pts',(15.6219684848194,6.5363331126969,28.7648495804916));
#4037=CARTESIAN_POINT('Ctrl Pts',(15.8144197987464,9.76980942143734,29.6584110454118));
#4038=CARTESIAN_POINT('Ctrl Pts',(15.969413816283,11.867838416609,30.5010955309836));
#4039=CARTESIAN_POINT('Ctrl Pts',(16.0539154611762,12.8923715873356,30.9818793632709));
#4040=CARTESIAN_POINT('Ctrl Pts',(15.8779932368434,2.65907204956005E-15,
28.0689106965041));
#4041=CARTESIAN_POINT('Ctrl Pts',(15.8779932368434,1.11707256056688,28.0689106965041));
#4042=CARTESIAN_POINT('Ctrl Pts',(15.8940678916674,3.35121436018202,28.192787037324));
#4043=CARTESIAN_POINT('Ctrl Pts',(15.9661032522261,6.66065486552237,28.7479141597036));
#4044=CARTESIAN_POINT('Ctrl Pts',(16.0851640831987,9.88706663777391,29.6654343327594));
#4045=CARTESIAN_POINT('Ctrl Pts',(16.1948987191432,11.9558412543473,30.5110839165859));
#4046=CARTESIAN_POINT('Ctrl Pts',(16.257014366844,12.9632416842968,30.9897666148524));
#4047=CARTESIAN_POINT('',(15.8779932368434,2.65907204956005E-15,28.0689106965041));
#4048=CARTESIAN_POINT('Ctrl Pts',(7.97972798949331E-15,2.1094237467878E-14,
28.7691907383132));
#4049=CARTESIAN_POINT('Ctrl Pts',(0.311464974299119,5.08160389117039E-5,
28.7691907383132));
#4050=CARTESIAN_POINT('Ctrl Pts',(0.938190916006248,2.54770653354341E-5,
28.7713944248759));
#4051=CARTESIAN_POINT('Ctrl Pts',(1.89960408257918,-0.000283796611708039,
28.7790411205341));
#4052=CARTESIAN_POINT('Ctrl Pts',(2.89291916482768,-0.000380113406894244,
28.7883080113289));
#4053=CARTESIAN_POINT('Ctrl Pts',(3.92913087358151,-0.000124797911831094,
28.7958569243313));
#4054=CARTESIAN_POINT('Ctrl Pts',(5.02124639629024,0.000109392678067417,
28.7973770673808));
#4055=CARTESIAN_POINT('Ctrl Pts',(6.18310223449364,4.48902889117967E-5,
28.787176270922));
#4056=CARTESIAN_POINT('Ctrl Pts',(7.42721615295093,-0.000172612523783308,
28.7580922701018));
#4057=CARTESIAN_POINT('Ctrl Pts',(8.75760391782017,-0.000272729162598854,
28.7028824425623));
#4058=CARTESIAN_POINT('Ctrl Pts',(10.1654519438148,0.000373147899141638,
28.6170440253853));
#4059=CARTESIAN_POINT('Ctrl Pts',(11.6187386395898,-9.58204457870723E-5,
28.502738860177));
#4060=CARTESIAN_POINT('Ctrl Pts',(13.0603367032316,-4.05483180160491E-5,
28.3716604844599));
#4061=CARTESIAN_POINT('Ctrl Pts',(14.466914208973,0.000536226604488092,
28.2358082968311));
#4062=CARTESIAN_POINT('Ctrl Pts',(15.3975527032488,-7.40130637251003E-15,
28.1312544474564));
#4063=CARTESIAN_POINT('Ctrl Pts',(15.8779932368434,-8.44315819669152E-15,
28.0689106965041));
#4064=CARTESIAN_POINT('',(16.257014366844,12.9632416842968,30.9897666148524));
#4065=CARTESIAN_POINT('Origin',(19.7385374044013,-1.34319404863083E-15,
57.8194770563288));
#4066=CARTESIAN_POINT('',(7.56096589636726,13.0959770868036,30.8022543803572));
#4067=CARTESIAN_POINT('Ctrl Pts',(16.257014366844,12.9632416842968,30.9897666148524));
#4068=CARTESIAN_POINT('Ctrl Pts',(16.1969520073468,12.9422832983947,30.9874341210442));
#4069=CARTESIAN_POINT('Ctrl Pts',(16.1368723695112,12.9213737339963,30.9849936147189));
#4070=CARTESIAN_POINT('Ctrl Pts',(16.0766745495512,12.900481680478,30.9824421038075));
#4071=CARTESIAN_POINT('Ctrl Pts',(16.0135223087219,12.8785642755606,30.9797653684761));
#4072=CARTESIAN_POINT('Ctrl Pts',(15.950240199115,12.8566663303371,30.9769665064506));
#4073=CARTESIAN_POINT('Ctrl Pts',(15.8867546601758,12.8347892910497,30.9740528299991));
#4074=CARTESIAN_POINT('Ctrl Pts',(15.819166437978,12.8114984721153,30.9709508604057));
#4075=CARTESIAN_POINT('Ctrl Pts',(15.751347914626,12.788231599569,30.9677188225619));
#4076=CARTESIAN_POINT('Ctrl Pts',(15.6832543290729,12.7650287142424,30.9643766708709));
#4077=CARTESIAN_POINT('Ctrl Pts',(15.608583690789,12.7395846985794,30.9607117059849));
#4078=CARTESIAN_POINT('Ctrl Pts',(15.5335826996206,12.7142180031105,30.9569144437978));
#4079=CARTESIAN_POINT('Ctrl Pts',(15.4582385872048,12.689021406587,30.9530228533656));
#4080=CARTESIAN_POINT('Ctrl Pts',(15.3656923932587,12.6580720857457,30.9482427601195));
#4081=CARTESIAN_POINT('Ctrl Pts',(15.2726292779736,12.6273800993613,30.9433206358155));
#4082=CARTESIAN_POINT('Ctrl Pts',(15.1790851620676,12.597168367734,30.9383410894109));
#4083=CARTESIAN_POINT('Ctrl Pts',(15.0763165473204,12.563977420571,30.9328705038897));
#4084=CARTESIAN_POINT('Ctrl Pts',(14.9729719757915,12.5313700743622,30.9273320526883));
#4085=CARTESIAN_POINT('Ctrl Pts',(14.869119306188,12.4996584695845,30.9218392077291));
#4086=CARTESIAN_POINT('Ctrl Pts',(14.7909361230144,12.4757850899734,30.9177040410047));
#4087=CARTESIAN_POINT('Ctrl Pts',(14.7124660036446,12.4524202226987,30.9135949556923));
#4088=CARTESIAN_POINT('Ctrl Pts',(14.6337175099504,12.4296793207182,30.9095521310514));
#4089=CARTESIAN_POINT('Ctrl Pts',(14.5600797205428,12.4084142822085,30.9057716819844));
#4090=CARTESIAN_POINT('Ctrl Pts',(14.4861992326953,12.3876954422083,30.9020494077436));
#4091=CARTESIAN_POINT('Ctrl Pts',(14.4120517784507,12.3675904547392,30.8984068314021));
#4092=CARTESIAN_POINT('Ctrl Pts',(14.317185274347,12.3418675233767,30.893746408641));
#4093=CARTESIAN_POINT('Ctrl Pts',(14.2218796188256,12.3171495837866,30.8892169562853));
#4094=CARTESIAN_POINT('Ctrl Pts',(14.1260047994723,12.2935037476014,30.8848304687929));
#4095=CARTESIAN_POINT('Ctrl Pts',(14.0421937548731,12.2728332290599,30.8809959259866));
#4096=CARTESIAN_POINT('Ctrl Pts',(13.9579464222082,12.2529804668445,30.8772698312295));
#4097=CARTESIAN_POINT('Ctrl Pts',(13.8732300681283,12.2340030781166,30.8736589790515));
#4098=CARTESIAN_POINT('Ctrl Pts',(13.7806687884776,12.2132683403653,30.8697137538131));
#4099=CARTESIAN_POINT('Ctrl Pts',(13.6875480839242,12.1935788687108,30.8659060910077));
#4100=CARTESIAN_POINT('Ctrl Pts',(13.5938885414007,12.1750274828607,30.8622465863822));
#4101=CARTESIAN_POINT('Ctrl Pts',(13.4829222138289,12.1530480976994,30.8579108638484));
#4102=CARTESIAN_POINT('Ctrl Pts',(13.371200417461,12.132666830141,30.8537831724717));
#4103=CARTESIAN_POINT('Ctrl Pts',(13.2588333460901,12.1140555148079,30.8498833193848));
#4104=CARTESIAN_POINT('Ctrl Pts',(13.1337680631313,12.0933409995148,30.8455427574759));
#4105=CARTESIAN_POINT('Ctrl Pts',(13.0079081188007,12.0748208853874,30.8414848915997));
#4106=CARTESIAN_POINT('Ctrl Pts',(12.8814460855334,12.0587321895886,30.8377356843406));
#4107=CARTESIAN_POINT('Ctrl Pts',(12.7708696064933,12.0446644786099,30.8344574345197));
#4108=CARTESIAN_POINT('Ctrl Pts',(12.6598360894442,12.0324565314202,30.8314155144036));
#4109=CARTESIAN_POINT('Ctrl Pts',(12.548445934448,12.0222488205204,30.8286207118597));
#4110=CARTESIAN_POINT('Ctrl Pts',(12.4558960632867,12.0137676192091,30.8262986160213));
#4111=CARTESIAN_POINT('Ctrl Pts',(12.3631003740045,12.0066671905571,30.824147175063));
#4112=CARTESIAN_POINT('Ctrl Pts',(12.2700773923261,12.0010115643294,30.8221655853859));
#4113=CARTESIAN_POINT('Ctrl Pts',(12.166509981362,11.9947148561911,30.8199593766756));
#4114=CARTESIAN_POINT('Ctrl Pts',(12.0626560042829,11.9902087927802,30.8179637782268));
#4115=CARTESIAN_POINT('Ctrl Pts',(11.9584905263112,11.9875561696265,30.8161646980009));
#4116=CARTESIAN_POINT('Ctrl Pts',(11.8542285669712,11.9849010895292,30.8143639514097));
#4117=CARTESIAN_POINT('Ctrl Pts',(11.7496536807412,11.9841026180383,30.8127597475067));
#4118=CARTESIAN_POINT('Ctrl Pts',(11.6448001603231,11.9852140607658,30.8113323286985));
#4119=CARTESIAN_POINT('Ctrl Pts',(11.5306592674745,11.9864239492345,30.8097784766524));
#4120=CARTESIAN_POINT('Ctrl Pts',(11.4161887566296,11.9898972384183,30.8084339068626));
#4121=CARTESIAN_POINT('Ctrl Pts',(11.3014990877196,11.9956907466297,30.8072703310459));
#4122=CARTESIAN_POINT('Ctrl Pts',(11.1695369490392,12.0023567675651,30.8059315186249));
#4123=CARTESIAN_POINT('Ctrl Pts',(11.0372858437672,12.012094855501,30.8048319945466));
#4124=CARTESIAN_POINT('Ctrl Pts',(10.9049855339533,12.0249716937353,30.803929682122));
#4125=CARTESIAN_POINT('Ctrl Pts',(10.7545647549762,12.0396122039554,30.8029037847679));
#4126=CARTESIAN_POINT('Ctrl Pts',(10.6040848327178,12.0583104562547,30.8021324584058));
#4127=CARTESIAN_POINT('Ctrl Pts',(10.4539392115645,12.0811342656972,30.801561501924));
#4128=CARTESIAN_POINT('Ctrl Pts',(10.32822355728,12.1002444476344,30.8010834449075));
#4129=CARTESIAN_POINT('Ctrl Pts',(10.2027449572036,12.1222461268463,30.8007461466391));
#4130=CARTESIAN_POINT('Ctrl Pts',(10.0777108200207,12.1471651283842,30.8005221348676));
#4131=CARTESIAN_POINT('Ctrl Pts',(9.96830594998572,12.1689692547299,30.8003261245676));
#4132=CARTESIAN_POINT('Ctrl Pts',(9.85924209158573,12.1930066332472,30.8002170668673));
#4133=CARTESIAN_POINT('Ctrl Pts',(9.75061965998327,12.2192891177883,30.8001769618335));
#4134=CARTESIAN_POINT('Ctrl Pts',(9.64443804507723,12.244981017805,30.8001377579858));
#4135=CARTESIAN_POINT('Ctrl Pts',(9.53867905927941,12.2728181180902,30.8001646795198));
#4136=CARTESIAN_POINT('Ctrl Pts',(9.43338489796661,12.3028091545433,30.8002381186533));
#4137=CARTESIAN_POINT('Ctrl Pts',(9.32719106268435,12.3330564459918,30.8003121852792));
#4138=CARTESIAN_POINT('Ctrl Pts',(9.2214619661649,12.3654963776118,30.8004332665582));
#4139=CARTESIAN_POINT('Ctrl Pts',(9.11625674089386,12.400119953487,30.8005781143067));
#4140=CARTESIAN_POINT('Ctrl Pts',(9.00275735126166,12.4374731811294,30.8007343815547));
#4141=CARTESIAN_POINT('Ctrl Pts',(8.88986831720237,12.4773678167345,30.8009179669057));
#4142=CARTESIAN_POINT('Ctrl Pts',(8.77771947552191,12.5197635833656,30.8011013414797));
#4143=CARTESIAN_POINT('Ctrl Pts',(8.6483908443761,12.5686538472562,30.8013128067279));
#4144=CARTESIAN_POINT('Ctrl Pts',(8.52004767166683,12.6208700559653,30.8015233707513));
#4145=CARTESIAN_POINT('Ctrl Pts',(8.39294740627667,12.6763147328039,30.8017012142598));
#4146=CARTESIAN_POINT('Ctrl Pts',(8.2504417538271,12.7384796686795,30.8019006135698));
#4147=CARTESIAN_POINT('Ctrl Pts',(8.10950247521817,12.8047017404394,30.8020581898906));
#4148=CARTESIAN_POINT('Ctrl Pts',(7.97051990229051,12.8748138069918,30.8021529796695));
#4149=CARTESIAN_POINT('Ctrl Pts',(7.84909852081363,12.9360668389344,30.8022357922527));
#4150=CARTESIAN_POINT('Ctrl Pts',(7.72917316956285,13.0002874085717,30.8022712413289));
#4151=CARTESIAN_POINT('Ctrl Pts',(7.6109772846963,13.0673650206492,30.8022612513522));
#4152=CARTESIAN_POINT('Ctrl Pts',(7.59427216643448,13.0768453798321,30.802259839427));
#4153=CARTESIAN_POINT('Ctrl Pts',(7.57760151379902,13.0863828306196,30.802257540817));
#4154=CARTESIAN_POINT('Ctrl Pts',(7.56096589636727,13.0959770868036,30.8022543803572));
#4155=CARTESIAN_POINT('Ctrl Pts',(7.56096589636727,13.0959770868036,30.8022543803572));
#4156=CARTESIAN_POINT('Ctrl Pts',(7.56077502248923,13.0960871694556,30.8022543440947));
#4157=CARTESIAN_POINT('Ctrl Pts',(7.5605841532232,13.0961972595861,30.8022543077188));
#4158=CARTESIAN_POINT('Ctrl Pts',(7.56039328857004,13.0963073571945,30.8022542712295));
#4159=CARTESIAN_POINT('Ctrl Pts',(7.97972798949331E-15,2.1094237467878E-14,
28.7691907383132));
#4160=CARTESIAN_POINT('Ctrl Pts',(0.311464974299119,5.08160389117039E-5,
28.7691907383132));
#4161=CARTESIAN_POINT('Ctrl Pts',(0.938190916006248,2.54770653354341E-5,
28.7713944248759));
#4162=CARTESIAN_POINT('Ctrl Pts',(1.89960408257918,-0.000283796611708039,
28.7790411205341));
#4163=CARTESIAN_POINT('Ctrl Pts',(2.89291916482768,-0.000380113406894244,
28.7883080113289));
#4164=CARTESIAN_POINT('Ctrl Pts',(3.92913087358151,-0.000124797911831094,
28.7958569243313));
#4165=CARTESIAN_POINT('Ctrl Pts',(5.02124639629024,0.000109392678067417,
28.7973770673808));
#4166=CARTESIAN_POINT('Ctrl Pts',(6.18310223449364,4.48902889117967E-5,
28.787176270922));
#4167=CARTESIAN_POINT('Ctrl Pts',(7.42721615295093,-0.000172612523783308,
28.7580922701018));
#4168=CARTESIAN_POINT('Ctrl Pts',(8.75760391782017,-0.000272729162598854,
28.7028824425623));
#4169=CARTESIAN_POINT('Ctrl Pts',(10.1654519438148,0.000373147899141638,
28.6170440253853));
#4170=CARTESIAN_POINT('Ctrl Pts',(11.6187386395898,-9.58204457870723E-5,
28.502738860177));
#4171=CARTESIAN_POINT('Ctrl Pts',(13.0603367032316,-4.05483180160491E-5,
28.3716604844599));
#4172=CARTESIAN_POINT('Ctrl Pts',(14.466914208973,0.000536226604488092,
28.2358082968311));
#4173=CARTESIAN_POINT('Ctrl Pts',(15.3975527032488,-7.40130637251003E-15,
28.1312544474564));
#4174=CARTESIAN_POINT('Ctrl Pts',(15.8779932368434,-8.44315819669152E-15,
28.0689106965041));
#4175=CARTESIAN_POINT('Ctrl Pts',(0.506273609173018,-0.87656130936609,28.7691907383132));
#4176=CARTESIAN_POINT('Ctrl Pts',(0.806927520844907,-0.865497962076701,
28.7703809391164));
#4177=CARTESIAN_POINT('Ctrl Pts',(1.41341698612817,-0.844707232039297,28.7743720759735));
#4178=CARTESIAN_POINT('Ctrl Pts',(2.34733384171009,-0.817866476649791,28.7831020506781));
#4179=CARTESIAN_POINT('Ctrl Pts',(3.31522011130274,-0.7957362159677,28.7920104839103));
#4180=CARTESIAN_POINT('Ctrl Pts',(4.32797618988954,-0.779568945354147,28.7978141299842));
#4181=CARTESIAN_POINT('Ctrl Pts',(5.39746478394939,-0.771235209665853,28.7961248403487));
#4182=CARTESIAN_POINT('Ctrl Pts',(6.53478373785672,-0.772261312505739,28.7815008209037));
#4183=CARTESIAN_POINT('Ctrl Pts',(7.74997852159706,-0.783804620415048,28.7474516752578));
#4184=CARTESIAN_POINT('Ctrl Pts',(9.04465995405504,-0.806478952528269,28.6878694324129));
#4185=CARTESIAN_POINT('Ctrl Pts',(10.4060601853104,-0.840465688922919,28.5997274558322));
#4186=CARTESIAN_POINT('Ctrl Pts',(11.8003938158551,-0.888320071550481,28.48683248858));
#4187=CARTESIAN_POINT('Ctrl Pts',(13.1785579739146,-0.947902068722218,28.3604753525235));
#4188=CARTESIAN_POINT('Ctrl Pts',(14.5246387019983,-1.02361193347471,28.2296479161232));
#4189=CARTESIAN_POINT('Ctrl Pts',(15.4175710588152,-1.08470147581119,28.1286567911667));
#4190=CARTESIAN_POINT('Ctrl Pts',(15.8779932368434,-1.11707256056688,28.0689106965041));
#4191=CARTESIAN_POINT('Ctrl Pts',(1.5019527006055,-2.60031045006385,28.7931896982822));
#4192=CARTESIAN_POINT('Ctrl Pts',(1.78575758834234,-2.57119301314864,28.7974022859675));
#4193=CARTESIAN_POINT('Ctrl Pts',(2.35962910007526,-2.51665369531085,28.806231495229));
#4194=CARTESIAN_POINT('Ctrl Pts',(3.24874176212459,-2.44825637854608,28.8189354328733));
#4195=CARTESIAN_POINT('Ctrl Pts',(4.17662277024086,-2.39586484765222,28.8285717376652));
#4196=CARTESIAN_POINT('Ctrl Pts',(5.15183937935924,-2.36279119737597,28.8318758328971));
#4197=CARTESIAN_POINT('Ctrl Pts',(6.18174390132031,-2.35265894311641,28.825168481702));
#4198=CARTESIAN_POINT('Ctrl Pts',(7.27488224493673,-2.36889053747921,28.8043032520405));
#4199=CARTESIAN_POINT('Ctrl Pts',(8.43754376366417,-2.41359303345364,28.764669485925));
#4200=CARTESIAN_POINT('Ctrl Pts',(9.66317321540555,-2.48779602241768,28.7028741947226));
#4201=CARTESIAN_POINT('Ctrl Pts',(10.9275939021275,-2.59226530342121,28.6201834326302));
#4202=CARTESIAN_POINT('Ctrl Pts',(12.2012053837496,-2.72889495677323,28.5233230363384));
#4203=CARTESIAN_POINT('Ctrl Pts',(13.4492414555361,-2.89632485002601,28.4213178957661));
#4204=CARTESIAN_POINT('Ctrl Pts',(14.6679312722653,-3.10529861599416,28.3186392528804));
#4205=CARTESIAN_POINT('Ctrl Pts',(15.477277287606,-3.26581198283622,28.2395441268701));
#4206=CARTESIAN_POINT('Ctrl Pts',(15.8940678916674,-3.35121436018204,28.192787037324));
#4207=CARTESIAN_POINT('Ctrl Pts',(3.08897568972905,-5.34960056137355,28.9652654359402));
#4208=CARTESIAN_POINT('Ctrl Pts',(3.35694841984774,-5.30353337063677,28.9729235780446));
#4209=CARTESIAN_POINT('Ctrl Pts',(3.9023214927243,-5.22044698486784,28.9871512336307));
#4210=CARTESIAN_POINT('Ctrl Pts',(4.75573300180276,-5.12613046165801,29.0043489566079));
#4211=CARTESIAN_POINT('Ctrl Pts',(5.65105671849625,-5.06492748001423,29.0159730770534));
#4212=CARTESIAN_POINT('Ctrl Pts',(6.59159880924803,-5.04017081415261,29.0203020820522));
#4213=CARTESIAN_POINT('Ctrl Pts',(7.57774329756078,-5.05471376374872,29.0157408575772));
#4214=CARTESIAN_POINT('Ctrl Pts',(8.60881868973718,-5.10973665367989,29.0009568654224));
#4215=CARTESIAN_POINT('Ctrl Pts',(9.67702583089025,-5.2048144443981,28.9751841833174));
#4216=CARTESIAN_POINT('Ctrl Pts',(10.7628629578375,-5.33884555592118,28.9399146197258));
#4217=CARTESIAN_POINT('Ctrl Pts',(11.8450385981834,-5.51198657326331,28.8995810182444));
#4218=CARTESIAN_POINT('Ctrl Pts',(12.9090647011456,-5.72714931157355,28.8595234305171));
#4219=CARTESIAN_POINT('Ctrl Pts',(13.9366920347069,-5.98565688748928,28.8233913532561));
#4220=CARTESIAN_POINT('Ctrl Pts',(14.9431845003421,-6.29716913577169,28.7920692265056));
#4221=CARTESIAN_POINT('Ctrl Pts',(15.6219684848193,-6.5363331126969,28.7648495804916));
#4222=CARTESIAN_POINT('Ctrl Pts',(15.9661032522261,-6.66065486552237,28.7479141597036));
#4223=CARTESIAN_POINT('Ctrl Pts',(5.18013791218102,-8.97089942128757,29.4191350690025));
#4224=CARTESIAN_POINT('Ctrl Pts',(5.43500609272027,-8.89903782039882,29.4325027020376));
#4225=CARTESIAN_POINT('Ctrl Pts',(5.95361710988906,-8.7684224272273,29.4572444713607));
#4226=CARTESIAN_POINT('Ctrl Pts',(6.7598480593864,-8.6128441301335,29.4883956339367));
#4227=CARTESIAN_POINT('Ctrl Pts',(7.59398401029839,-8.49802904301849,29.5131810829556));
#4228=CARTESIAN_POINT('Ctrl Pts',(8.44985958783101,-8.42545775056458,29.531487029988));
#4229=CARTESIAN_POINT('Ctrl Pts',(9.31930909462436,-8.39645181810872,29.5441055198451));
#4230=CARTESIAN_POINT('Ctrl Pts',(10.1978581797907,-8.41135229355533,29.5523657592804));
#4231=CARTESIAN_POINT('Ctrl Pts',(11.0765659268867,-8.47071803115802,29.5579259942564));
#4232=CARTESIAN_POINT('Ctrl Pts',(11.942876881499,-8.57638187839128,29.5636039589521));
#4233=CARTESIAN_POINT('Ctrl Pts',(12.7933495402096,-8.73308883206427,29.5731478334292));
#4234=CARTESIAN_POINT('Ctrl Pts',(13.6292427953974,-8.94461897918232,29.5889150184108));
#4235=CARTESIAN_POINT('Ctrl Pts',(14.4508410263098,-9.21356818014785,29.6117741613779));
#4236=CARTESIAN_POINT('Ctrl Pts',(15.2740601864801,-9.53895210170765,29.6410368071187));
#4237=CARTESIAN_POINT('Ctrl Pts',(15.8144197987464,-9.76980942143733,29.6584110454118));
#4238=CARTESIAN_POINT('Ctrl Pts',(16.0851640831987,-9.8870666377739,29.6654343327594));
#4239=CARTESIAN_POINT('Ctrl Pts',(6.78450613352301,-11.7497913677074,30.2528108660042));
#4240=CARTESIAN_POINT('Ctrl Pts',(7.00827575063203,-11.6435010726044,30.2598163039648));
#4241=CARTESIAN_POINT('Ctrl Pts',(7.46436127734251,-11.4465827819277,30.2720478346573));
#4242=CARTESIAN_POINT('Ctrl Pts',(8.17328248500021,-11.2007762534816,30.2859250898611));
#4243=CARTESIAN_POINT('Ctrl Pts',(8.90400934434911,-11.0068052002811,30.2960529740664));
#4244=CARTESIAN_POINT('Ctrl Pts',(9.64873244905683,-10.8680685436804,30.3037076563271));
#4245=CARTESIAN_POINT('Ctrl Pts',(10.401015275814,-10.7870178534078,30.3109600648257));
#4246=CARTESIAN_POINT('Ctrl Pts',(11.1592526335311,-10.7639533935952,30.3197885342462));
#4247=CARTESIAN_POINT('Ctrl Pts',(11.9160468156717,-10.7980182165092,30.3318347628241));
#4248=CARTESIAN_POINT('Ctrl Pts',(12.6624479133387,-10.8871104527981,30.3489816067373));
#4249=CARTESIAN_POINT('Ctrl Pts',(13.3986489281684,-11.0287742389451,30.3729853404243));
#4250=CARTESIAN_POINT('Ctrl Pts',(14.1211764965516,-11.215901033227,30.4034369981125));
#4251=CARTESIAN_POINT('Ctrl Pts',(14.8243244846864,-11.4395042791402,30.439202931785));
#4252=CARTESIAN_POINT('Ctrl Pts',(15.5175784299404,-11.693160635944,30.4783487842172));
#4253=CARTESIAN_POINT('Ctrl Pts',(15.969413816283,-11.867838416609,30.5010955309836));
#4254=CARTESIAN_POINT('Ctrl Pts',(16.1948987191432,-11.9558412543473,30.5110839165859));
#4255=CARTESIAN_POINT('Ctrl Pts',(7.56153822281448,-13.0956463291003,30.8022542712295));
#4256=CARTESIAN_POINT('Ctrl Pts',(7.7706275660568,-12.9748209702801,30.802214279941));
#4257=CARTESIAN_POINT('Ctrl Pts',(8.19859676010473,-12.7519008362509,30.8018576454094));
#4258=CARTESIAN_POINT('Ctrl Pts',(8.86677354934068,-12.4755513377564,30.8009509087257));
#4259=CARTESIAN_POINT('Ctrl Pts',(9.55562896548108,-12.2585745894135,30.8000913208916));
#4260=CARTESIAN_POINT('Ctrl Pts',(10.2552167531691,-12.1030853649604,30.8003437385447));
#4261=CARTESIAN_POINT('Ctrl Pts',(10.9587974011416,-12.0095344186964,30.8034610685933));
#4262=CARTESIAN_POINT('Ctrl Pts',(11.6641203683573,-11.9758095371828,30.8108071959935));
#4263=CARTESIAN_POINT('Ctrl Pts',(12.3632271073811,-11.998500139338,30.8232209566815));
#4264=CARTESIAN_POINT('Ctrl Pts',(13.04863385502,-12.0729777039723,30.841578673677));
#4265=CARTESIAN_POINT('Ctrl Pts',(13.7221682843913,-12.1943296788101,30.8664170724211));
#4266=CARTESIAN_POINT('Ctrl Pts',(14.3798091867271,-12.3533006218635,30.8961483129632));
#4267=CARTESIAN_POINT('Ctrl Pts',(15.0183451123093,-12.5410727006764,30.9292033855528));
#4268=CARTESIAN_POINT('Ctrl Pts',(15.6462461062775,-12.7507554984729,30.9633255884262));
#4269=CARTESIAN_POINT('Ctrl Pts',(16.0539154611762,-12.8923715873356,30.9818793632709));
#4270=CARTESIAN_POINT('Ctrl Pts',(16.257014366844,-12.9632416842968,30.9897666148524));
#4271=CARTESIAN_POINT('',(7.56153822281448,-13.0956463291003,30.8022542712295));
#4272=CARTESIAN_POINT('Ctrl Pts',(7.97972798949331E-15,2.1094237467878E-14,
28.7691907383132));
#4273=CARTESIAN_POINT('Ctrl Pts',(0.506273609173018,-0.87656130936609,28.7691907383132));
#4274=CARTESIAN_POINT('Ctrl Pts',(1.5019527006055,-2.60031045006385,28.7931896982822));
#4275=CARTESIAN_POINT('Ctrl Pts',(3.08897568972905,-5.34960056137355,28.9652654359402));
#4276=CARTESIAN_POINT('Ctrl Pts',(5.18013791218102,-8.97089942128757,29.4191350690025));
#4277=CARTESIAN_POINT('Ctrl Pts',(6.78450613352301,-11.7497913677074,30.2528108660042));
#4278=CARTESIAN_POINT('Ctrl Pts',(7.56153822281448,-13.0956463291003,30.8022542712295));
#4279=CARTESIAN_POINT('',(16.2570143668439,-12.9632416842968,30.9897666148524));
#4280=CARTESIAN_POINT('Ctrl Pts',(7.56153822281449,-13.0956463291003,30.8022542712295));
#4281=CARTESIAN_POINT('Ctrl Pts',(7.66018055348004,-13.0386444044077,30.8022354044913));
#4282=CARTESIAN_POINT('Ctrl Pts',(7.75993479154553,-12.9837123882534,30.8021859430509));
#4283=CARTESIAN_POINT('Ctrl Pts',(7.86070820970542,-12.9309077231038,30.8021133756781));
#4284=CARTESIAN_POINT('Ctrl Pts',(7.95696089865399,-12.8804718928772,30.8020440637018));
#4285=CARTESIAN_POINT('Ctrl Pts',(8.05414279736586,-12.831977112167,30.8019539278136));
#4286=CARTESIAN_POINT('Ctrl Pts',(8.15220953836317,-12.7854449351994,30.8018503702896));
#4287=CARTESIAN_POINT('Ctrl Pts',(8.2512006901752,-12.7384741299345,30.8017458365969));
#4288=CARTESIAN_POINT('Ctrl Pts',(8.35110186211778,-12.6934990994265,30.8016275800289));
#4289=CARTESIAN_POINT('Ctrl Pts',(8.45185605961619,-12.6505353656423,30.8015016099522));
#4290=CARTESIAN_POINT('Ctrl Pts',(8.56373695669704,-12.6028269703887,30.8013617284827));
#4291=CARTESIAN_POINT('Ctrl Pts',(8.67666912561519,-12.5575990370261,30.8012119665865));
#4292=CARTESIAN_POINT('Ctrl Pts',(8.79050660125338,-12.5148890400809,30.8010627399334));
#4293=CARTESIAN_POINT('Ctrl Pts',(8.93143300095358,-12.4620157128489,30.8008780030983));
#4294=CARTESIAN_POINT('Ctrl Pts',(9.07374527358229,-12.4130024464134,30.8006932051053));
#4295=CARTESIAN_POINT('Ctrl Pts',(9.21708065686561,-12.3679315346031,30.8005425563685));
#4296=CARTESIAN_POINT('Ctrl Pts',(9.3674071527678,-12.3206623113007,30.800384559814));
#4297=CARTESIAN_POINT('Ctrl Pts',(9.51885210892989,-12.2777317961231,30.800264014534));
#4298=CARTESIAN_POINT('Ctrl Pts',(9.67098442777165,-12.2392155183658,30.8002434400703));
#4299=CARTESIAN_POINT('Ctrl Pts',(9.78480541437704,-12.2103987569565,30.8002280468536));
#4300=CARTESIAN_POINT('Ctrl Pts',(9.89901018159672,-12.1840526608042,30.8002692815602));
#4301=CARTESIAN_POINT('Ctrl Pts',(10.0134510844301,-12.1601901779861,30.8003997522503));
#4302=CARTESIAN_POINT('Ctrl Pts',(10.1168181314378,-12.1386367445361,30.8005175979648));
#4303=CARTESIAN_POINT('Ctrl Pts',(10.2203772887521,-12.1191095432585,30.8007084991486));
#4304=CARTESIAN_POINT('Ctrl Pts',(10.324059483799,-12.1016015540732,30.8009973673513));
#4305=CARTESIAN_POINT('Ctrl Pts',(10.4542430259003,-12.0796184927946,30.8013600707625));
#4306=CARTESIAN_POINT('Ctrl Pts',(10.5846228297038,-12.0608198233316,30.8018781340603));
#4307=CARTESIAN_POINT('Ctrl Pts',(10.7151536272064,-12.0451508861584,30.8025935980382));
#4308=CARTESIAN_POINT('Ctrl Pts',(10.8244806737085,-12.0320272505433,30.8031928402483));
#4309=CARTESIAN_POINT('Ctrl Pts',(10.9339146305672,-12.0210982566103,30.8039300700958));
#4310=CARTESIAN_POINT('Ctrl Pts',(11.0433726718942,-12.0123193931947,30.8048231163322));
#4311=CARTESIAN_POINT('Ctrl Pts',(11.1742594345098,-12.0018218820206,30.8058909952137));
#4312=CARTESIAN_POINT('Ctrl Pts',(11.3051794703369,-11.9943992754048,30.8071814461536));
#4313=CARTESIAN_POINT('Ctrl Pts',(11.4359187317113,-11.9899567137327,30.8087202298628));
#4314=CARTESIAN_POINT('Ctrl Pts',(11.5813903597213,-11.985013541558,30.8104324115668));
#4315=CARTESIAN_POINT('Ctrl Pts',(11.7266326972384,-11.9837601555156,30.8124518323876));
#4316=CARTESIAN_POINT('Ctrl Pts',(11.8713234705534,-11.9860377268051,30.8148129811208));
#4317=CARTESIAN_POINT('Ctrl Pts',(11.9835751635908,-11.9878046759159,30.8166447699539));
#4318=CARTESIAN_POINT('Ctrl Pts',(12.0954932610268,-11.9916961289184,30.8186823075884));
#4319=CARTESIAN_POINT('Ctrl Pts',(12.2069542888251,-11.9976273939454,30.8209414589219));
#4320=CARTESIAN_POINT('Ctrl Pts',(12.3073519445862,-12.002969934887,30.8229763719528));
#4321=CARTESIAN_POINT('Ctrl Pts',(12.4073781028742,-12.0099672473136,30.8251911777027));
#4322=CARTESIAN_POINT('Ctrl Pts',(12.5069803786771,-12.0185525730221,30.8275961268985));
#4323=CARTESIAN_POINT('Ctrl Pts',(12.604165989127,-12.0269295916511,30.8299427244416));
#4324=CARTESIAN_POINT('Ctrl Pts',(12.7009471859259,-12.0368183775892,30.8324704723373));
#4325=CARTESIAN_POINT('Ctrl Pts',(12.797324489424,-12.0481542038383,30.8351860078142));
#4326=CARTESIAN_POINT('Ctrl Pts',(12.8888614705696,-12.0589207149977,30.837765161938));
#4327=CARTESIAN_POINT('Ctrl Pts',(12.9800376387995,-12.0709933705321,30.8405140795358));
#4328=CARTESIAN_POINT('Ctrl Pts',(13.0708924544626,-12.0843125811562,30.8434332752878));
#4329=CARTESIAN_POINT('Ctrl Pts',(13.1621776248084,-12.0976948812777,30.8463662984802));
#4330=CARTESIAN_POINT('Ctrl Pts',(13.253139958566,-12.1123357300495,30.8494711020189));
#4331=CARTESIAN_POINT('Ctrl Pts',(13.3437608467044,-12.128148552702,30.8527364346711));
#4332=CARTESIAN_POINT('Ctrl Pts',(13.4584126888197,-12.148154638312,30.8568676720864));
#4333=CARTESIAN_POINT('Ctrl Pts',(13.5725159791721,-12.1700361948509,30.8612556211011));
#4334=CARTESIAN_POINT('Ctrl Pts',(13.6859477141615,-12.1935792123203,30.8658620729692));
#4335=CARTESIAN_POINT('Ctrl Pts',(13.7984562902407,-12.2169306260349,30.8704310354427));
#4336=CARTESIAN_POINT('Ctrl Pts',(13.9102974554168,-12.2419139479985,30.8752141698645));
#4337=CARTESIAN_POINT('Ctrl Pts',(14.0213531982949,-12.268314151542,30.8801703147758));
#4338=CARTESIAN_POINT('Ctrl Pts',(14.1059712149932,-12.2884295711178,30.8839466089322));
#4339=CARTESIAN_POINT('Ctrl Pts',(14.1901325392224,-12.3093671225839,30.8878232418054));
#4340=CARTESIAN_POINT('Ctrl Pts',(14.2738219671607,-12.3310436107724,30.8917840560385));
#4341=CARTESIAN_POINT('Ctrl Pts',(14.3494561240458,-12.3506336945949,30.8953636341582));
#4342=CARTESIAN_POINT('Ctrl Pts',(14.4247043946184,-12.3708270783912,30.8990119520823));
#4343=CARTESIAN_POINT('Ctrl Pts',(14.4995971669976,-12.3915774716599,30.902719582273));
#4344=CARTESIAN_POINT('Ctrl Pts',(14.5750422674928,-12.4124808973943,30.9064545559353));
#4345=CARTESIAN_POINT('Ctrl Pts',(14.6501272116853,-12.433950204622,30.9102500489015));
#4346=CARTESIAN_POINT('Ctrl Pts',(14.7249340956299,-12.4559560130528,30.91409827202));
#4347=CARTESIAN_POINT('Ctrl Pts',(14.791395313853,-12.4755067917937,30.9175171765775));
#4348=CARTESIAN_POINT('Ctrl Pts',(14.8576402906177,-12.4954827169675,30.9209781263341));
#4349=CARTESIAN_POINT('Ctrl Pts',(14.9236954969291,-12.515833088582,30.9244627259046));
#4350=CARTESIAN_POINT('Ctrl Pts',(15.000483784311,-12.5394901214054,30.9285135259576));
#4351=CARTESIAN_POINT('Ctrl Pts',(15.0770150240221,-12.5636526110292,30.9325960713167));
#4352=CARTESIAN_POINT('Ctrl Pts',(15.1532793077216,-12.5881977342927,30.9366641713953));
#4353=CARTESIAN_POINT('Ctrl Pts',(15.2470365429886,-12.6183728409723,30.9416653829409));
#4354=CARTESIAN_POINT('Ctrl Pts',(15.3403869979626,-12.6491231786608,30.9466437004099));
#4355=CARTESIAN_POINT('Ctrl Pts',(15.4332687697806,-12.6801868131967,30.951498583475));
#4356=CARTESIAN_POINT('Ctrl Pts',(15.5039197475182,-12.7038155199826,30.9551914742181));
#4357=CARTESIAN_POINT('Ctrl Pts',(15.5742977682589,-12.727624018368,30.9588123828542));
#4358=CARTESIAN_POINT('Ctrl Pts',(15.6443887122399,-12.7515107224022,30.9623208236696));
#4359=CARTESIAN_POINT('Ctrl Pts',(15.7080208419002,-12.7731962892092,30.9655059649758));
#4360=CARTESIAN_POINT('Ctrl Pts',(15.7714156725159,-12.7949457070514,30.9685982100227));
#4361=CARTESIAN_POINT('Ctrl Pts',(15.8345888943091,-12.8167076791116,30.9715750499984));
#4362=CARTESIAN_POINT('Ctrl Pts',(15.8938520345353,-12.8371227025218,30.9743676396418));
#4363=CARTESIAN_POINT('Ctrl Pts',(15.9529197172556,-12.857548387506,30.9770585515251));
#4364=CARTESIAN_POINT('Ctrl Pts',(16.0118367703902,-12.8779719550322,30.9796385333062));
#4365=CARTESIAN_POINT('Ctrl Pts',(16.0669111152015,-12.8970634496058,30.9820502426273));
#4366=CARTESIAN_POINT('Ctrl Pts',(16.1218536590587,-12.9161529318918,30.9843649798131));
#4367=CARTESIAN_POINT('Ctrl Pts',(16.1767338136129,-12.9352602653849,30.9865846288242));
#4368=CARTESIAN_POINT('Ctrl Pts',(16.2035045278787,-12.9445808835479,30.9876673806847));
#4369=CARTESIAN_POINT('Ctrl Pts',(16.2302609252585,-12.9539062376435,30.988727657386));
#4370=CARTESIAN_POINT('Ctrl Pts',(16.2570143668439,-12.9632416842968,30.9897666148524));
#4371=CARTESIAN_POINT('Origin',(19.7385374044013,-1.34319404863083E-15,
57.8194770563288));
#4372=CARTESIAN_POINT('Ctrl Pts',(7.97972798949331E-15,2.1094237467878E-14,
28.7691907383132));
#4373=CARTESIAN_POINT('Ctrl Pts',(0.506273609173018,-0.87656130936609,28.7691907383132));
#4374=CARTESIAN_POINT('Ctrl Pts',(1.5019527006055,-2.60031045006385,28.7931896982822));
#4375=CARTESIAN_POINT('Ctrl Pts',(3.08897568972905,-5.34960056137355,28.9652654359402));
#4376=CARTESIAN_POINT('Ctrl Pts',(5.18013791218102,-8.97089942128757,29.4191350690025));
#4377=CARTESIAN_POINT('Ctrl Pts',(6.78450613352301,-11.7497913677074,30.2528108660042));
#4378=CARTESIAN_POINT('Ctrl Pts',(7.56153822281448,-13.0956463291003,30.8022542712295));
#4379=CARTESIAN_POINT('Ctrl Pts',(-0.155688479168946,-0.269761988151519,
28.7691907383132));
#4380=CARTESIAN_POINT('Ctrl Pts',(0.346448639719151,-1.13122148689418,28.7703809391164));
#4381=CARTESIAN_POINT('Ctrl Pts',(1.33479451445389,-2.83184765407797,28.7974642942563));
#4382=CARTESIAN_POINT('Ctrl Pts',(2.91518454751787,-5.55856704227565,28.9729555464933));
#4383=CARTESIAN_POINT('Ctrl Pts',(4.99054196463077,-9.1558822516387,29.4325788008786));
#4384=CARTESIAN_POINT('Ctrl Pts',(6.58066041613941,-11.8905907643847,30.2598937204853));
#4385=CARTESIAN_POINT('Ctrl Pts',(7.35244887957217,-13.2164716879204,30.802294262518));
#4386=CARTESIAN_POINT('Ctrl Pts',(-0.469073394217319,-0.812509905393847,
28.771394424876));
#4387=CARTESIAN_POINT('Ctrl Pts',(0.0250740427841938,-1.64556377200221,
28.774421068359));
#4388=CARTESIAN_POINT('Ctrl Pts',(1.00017581389747,-3.30276347952694,28.8063709787408));
#4389=CARTESIAN_POINT('Ctrl Pts',(2.57019424279915,-5.98939956145058,28.9872744335693));
#4390=CARTESIAN_POINT('Ctrl Pts',(4.61724361049556,-9.54072365854711,29.4574587260818));
#4391=CARTESIAN_POINT('Ctrl Pts',(6.18102174603987,-12.1881435868916,30.2722672015774));
#4392=CARTESIAN_POINT('Ctrl Pts',(6.94422470829514,-13.4767620671358,30.8020805671894));
#4393=CARTESIAN_POINT('Ctrl Pts',(-0.950047816364853,-1.64496349434033,
28.7790411205341));
#4394=CARTESIAN_POINT('Ctrl Pts',(-0.46593873310677,-2.44115536289859,28.783238227433));
#4395=CARTESIAN_POINT('Ctrl Pts',(0.495570718858284,-4.03979821684827,28.8188610744446));
#4396=CARTESIAN_POINT('Ctrl Pts',(2.06056251664377,-6.68170990576423,29.0044477502734));
#4397=CARTESIAN_POINT('Ctrl Pts',(4.07763026258514,-10.1622041509549,29.488400570543));
#4398=CARTESIAN_POINT('Ctrl Pts',(5.61196847002646,-12.6799692139752,30.2859185688725));
#4399=CARTESIAN_POINT('Ctrl Pts',(6.36918329842001,-13.9178966050905,30.8009257495359));
#4400=CARTESIAN_POINT('Ctrl Pts',(-1.44678877028052,-2.50515143113217,28.788308011329));
#4401=CARTESIAN_POINT('Ctrl Pts',(-0.969344144688171,-3.26909260504192,
28.7920816227999));
#4402=CARTESIAN_POINT('Ctrl Pts',(-0.013136779871534,-4.81586571305627,
28.8282713940483));
#4403=CARTESIAN_POINT('Ctrl Pts',(1.55995985050909,-7.42610918100333,29.015956486177));
#4404=CARTESIAN_POINT('Ctrl Pts',(3.56225538033246,-10.8255580470407,29.5129551656192));
#4405=CARTESIAN_POINT('Ctrl Pts',(5.08021919222787,-13.2138475808279,30.2958663157707));
#4406=CARTESIAN_POINT('Ctrl Pts',(5.83873456885965,-14.4038103551261,30.7999105265262));
#4407=CARTESIAN_POINT('Ctrl Pts',(-1.96467351495277,-3.4026647523594,28.7958569243313));
#4408=CARTESIAN_POINT('Ctrl Pts',(-1.48900438137255,-4.13816587704601,28.7977556584836));
#4409=CARTESIAN_POINT('Ctrl Pts',(-0.527986904303665,-5.64154500808493,
28.8317907305538));
#4410=CARTESIAN_POINT('Ctrl Pts',(1.0693354078646,-8.22769607848046,29.0203500375055));
#4411=CARTESIAN_POINT('Ctrl Pts',(3.07333878967814,-11.5289553795039,29.5315165025459));
#4412=CARTESIAN_POINT('Ctrl Pts',(4.58905302473684,-13.7887997153032,30.303813009231));
#4413=CARTESIAN_POINT('Ctrl Pts',(5.35527267426116,-14.9317816656333,30.800479122252));
#4414=CARTESIAN_POINT('Ctrl Pts',(-2.51052846130693,-4.34858163418739,28.7973770673809));
#4415=CARTESIAN_POINT('Ctrl Pts',(-2.03020525837246,-5.05941935754389,28.7961334317652));
#4416=CARTESIAN_POINT('Ctrl Pts',(-1.05218843694214,-6.52909318512338,28.8254511759825));
#4417=CARTESIAN_POINT('Ctrl Pts',(0.588559670289812,-9.09034966186081,29.0158736781559));
#4418=CARTESIAN_POINT('Ctrl Pts',(2.61226044834542,-12.2696138431602,29.5443756335408));
#4419=CARTESIAN_POINT('Ctrl Pts',(4.14103837089105,-14.4023785544312,30.3111947042723));
#4420=CARTESIAN_POINT('Ctrl Pts',(4.92066548749893,-15.4969022348339,30.803679632263));
#4421=CARTESIAN_POINT('Ctrl Pts',(-3.09151224111623,-5.35474605441228,28.787176270922));
#4422=CARTESIAN_POINT('Ctrl Pts',(-2.59849658998157,-6.04522056796481,28.7816165995233));
#4423=CARTESIAN_POINT('Ctrl Pts',(-1.58651863104297,-7.48621526316621,28.8044485048389));
#4424=CARTESIAN_POINT('Ctrl Pts',(0.120063357029539,-10.0117360723033,29.0008918267943));
#4425=CARTESIAN_POINT('Ctrl Pts',(2.18454909130805,-13.0389591289652,29.552376451304));
#4426=CARTESIAN_POINT('Ctrl Pts',(3.74128119846729,-15.0474650044483,30.3197164916707));
#4427=CARTESIAN_POINT('Ctrl Pts',(4.53846199183197,-16.0902623619961,30.8107045850467));
#4428=CARTESIAN_POINT('Ctrl Pts',(-3.71375756330607,-6.43207156159171,28.7580922701019));
#4429=CARTESIAN_POINT('Ctrl Pts',(-3.19691305010906,-7.10388794596001,28.7474712968065));
#4430=CARTESIAN_POINT('Ctrl Pts',(-2.1291680740729,-8.51501474016876,28.7643971617643));
#4431=CARTESIAN_POINT('Ctrl Pts',(-0.331002758935651,-10.9824375201683,
28.9750148946971));
#4432=CARTESIAN_POINT('Ctrl Pts',(1.7975356454802,-13.8269356751642,29.5577273359535));
#4433=CARTESIAN_POINT('Ctrl Pts',(3.39377491947801,-15.7169040424619,30.3316525177336));
#4434=CARTESIAN_POINT('Ctrl Pts',(4.209985609946,-16.7043065904843,30.8230642017429));
#4435=CARTESIAN_POINT('Ctrl Pts',(-4.37903814929323,-7.58417110453311,28.7028824425623));
#4436=CARTESIAN_POINT('Ctrl Pts',(-3.8241532674278,-8.23577951246832,28.6877865316483));
#4437=CARTESIAN_POINT('Ctrl Pts',(-2.67570171600826,-9.61069911848447,28.7028441264367));
#4438=CARTESIAN_POINT('Ctrl Pts',(-0.757289098066301,-11.9889101446335,
28.9400530787944));
#4439=CARTESIAN_POINT('Ctrl Pts',(1.45664449895307,-14.6301992530289,29.5637608959101));
#4440=CARTESIAN_POINT('Ctrl Pts',(3.09778219544069,-16.4097019408163,30.3492193546915));
#4441=CARTESIAN_POINT('Ctrl Pts',(3.93152544180147,-17.3375772913338,30.8418478030276));
#4442=CARTESIAN_POINT('Ctrl Pts',(-5.08240281634736,-8.80372619824305,28.6170440253853));
#4443=CARTESIAN_POINT('Ctrl Pts',(-4.47422340548487,-9.43227433180322,28.5998130052057));
#4444=CARTESIAN_POINT('Ctrl Pts',(-3.21853685936861,-10.7606420680331,28.6204616167182));
#4445=CARTESIAN_POINT('Ctrl Pts',(-1.14940597654092,-13.0160991145083,28.8997653157662));
#4446=CARTESIAN_POINT('Ctrl Pts',(1.16615166165913,-15.4480663224777,29.5733273828515));
#4447=CARTESIAN_POINT('Ctrl Pts',(2.85146675202016,-17.1197426671859,30.3731095099416));
#4448=CARTESIAN_POINT('Ctrl Pts',(3.69910327521707,-17.982342728917,30.866490867168));
#4449=CARTESIAN_POINT('Ctrl Pts',(-5.80945230273511,-10.0620749115937,28.502738860177));
#4450=CARTESIAN_POINT('Ctrl Pts',(-5.13154532967191,-10.6638033422777,28.4868300965681));
#4451=CARTESIAN_POINT('Ctrl Pts',(-3.73816878200523,-11.9313703306609,28.5231491522521));
#4452=CARTESIAN_POINT('Ctrl Pts',(-1.49478400375352,-14.0425151821877,28.8592225185314));
#4453=CARTESIAN_POINT('Ctrl Pts',(0.931499428804131,-16.2741354089354,29.5886491344692));
#4454=CARTESIAN_POINT('Ctrl Pts',(2.65269709438255,-17.8355140798122,30.4031744725527));
#4455=CARTESIAN_POINT('Ctrl Pts',(3.50849505590155,-18.6282013031051,30.8959146273309));
#4456=CARTESIAN_POINT('Ctrl Pts',(-6.53020346748933,-11.310563092818,28.3716604844599));
#4457=CARTESIAN_POINT('Ctrl Pts',(-5.76798602962069,-11.88667058433,28.3604404045092));
#4458=CARTESIAN_POINT('Ctrl Pts',(-4.21539792177236,-13.0950431442084,28.4213607752624));
#4459=CARTESIAN_POINT('Ctrl Pts',(-1.78389525469476,-15.062210295997,28.823675414139));
#4460=CARTESIAN_POINT('Ctrl Pts',(0.754494065568949,-17.1220562257929,29.6122036576202));
#4461=CARTESIAN_POINT('Ctrl Pts',(2.49546937271562,-18.5588719747394,30.4396721986651));
#4462=CARTESIAN_POINT('Ctrl Pts',(3.35242650751541,-19.277831089822,30.9296837415631));
#4463=CARTESIAN_POINT('Ctrl Pts',(-7.23299271862488,-12.528983332643,28.2358082968311));
#4464=CARTESIAN_POINT('Ctrl Pts',(-6.3751479408974,-13.091169445538,28.2297294896312));
#4465=CARTESIAN_POINT('Ctrl Pts',(-4.64433946558817,-14.2563221312625,28.3188204467655));
#4466=CARTESIAN_POINT('Ctrl Pts',(-2.01781690940739,-16.0906953911447,28.7922857160637));
#4467=CARTESIAN_POINT('Ctrl Pts',(0.624145529322137,-17.9979799843613,29.6412284167448));
#4468=CARTESIAN_POINT('Ctrl Pts',(2.367936757005,-19.2857695997746,30.4784953813514));
#4469=CARTESIAN_POINT('Ctrl Pts',(3.21948403041808,-19.9259009172861,30.9634504833803));
#4470=CARTESIAN_POINT('Ctrl Pts',(-7.6987763516244,-13.3346717971232,28.1312544474564));
#4471=CARTESIAN_POINT('Ctrl Pts',(-6.76940649583267,-13.8943589394913,28.1286567911667));
#4472=CARTESIAN_POINT('Ctrl Pts',(-4.9103625026832,-15.0366213039008,28.2395441268701));
#4473=CARTESIAN_POINT('Ctrl Pts',(-2.1503537192168,-16.7971881213219,28.7648495804915));
#4474=CARTESIAN_POINT('Ctrl Pts',(0.553693249724105,-18.5805940025446,29.6584110454118));
#4475=CARTESIAN_POINT('Ctrl Pts',(2.29314264865079,-19.7638372567518,30.5010955309836));
#4476=CARTESIAN_POINT('Ctrl Pts',(3.13816357907325,-20.3492844132541,30.9818793632708));
#4477=CARTESIAN_POINT('Ctrl Pts',(-7.93899661842172,-13.7507455042239,28.0689106965041));
#4478=CARTESIAN_POINT('Ctrl Pts',(-6.97158340310028,-14.3092817845073,28.0689106965041));
#4479=CARTESIAN_POINT('Ctrl Pts',(-5.04479717638883,-15.4402737437495,28.192787037324));
#4480=CARTESIAN_POINT('Ctrl Pts',(-2.21475530673029,-17.1573784486343,28.7479141597036));
#4481=CARTESIAN_POINT('Ctrl Pts',(0.519868835622466,-18.873694038978,29.6654343327594));
#4482=CARTESIAN_POINT('Ctrl Pts',(2.25661289030718,-20.0031143296678,30.5110839165859));
#4483=CARTESIAN_POINT('Ctrl Pts',(3.09798943057643,-20.5606082735239,30.9897666148524));
#4484=CARTESIAN_POINT('',(-7.93899661842172,-13.7507455042239,28.0689106965041));
#4485=CARTESIAN_POINT('Ctrl Pts',(7.97972798949331E-15,2.1094237467878E-14,
28.7691907383132));
#4486=CARTESIAN_POINT('Ctrl Pts',(-0.155688479168946,-0.269761988151519,
28.7691907383132));
#4487=CARTESIAN_POINT('Ctrl Pts',(-0.469073394217319,-0.812509905393847,
28.771394424876));
#4488=CARTESIAN_POINT('Ctrl Pts',(-0.950047816364853,-1.64496349434033,
28.7790411205341));
#4489=CARTESIAN_POINT('Ctrl Pts',(-1.44678877028052,-2.50515143113217,28.788308011329));
#4490=CARTESIAN_POINT('Ctrl Pts',(-1.96467351495277,-3.4026647523594,28.7958569243313));
#4491=CARTESIAN_POINT('Ctrl Pts',(-2.51052846130693,-4.34858163418739,28.7973770673809));
#4492=CARTESIAN_POINT('Ctrl Pts',(-3.09151224111623,-5.35474605441228,28.787176270922));
#4493=CARTESIAN_POINT('Ctrl Pts',(-3.71375756330607,-6.43207156159171,28.7580922701019));
#4494=CARTESIAN_POINT('Ctrl Pts',(-4.37903814929323,-7.58417110453311,28.7028824425623));
#4495=CARTESIAN_POINT('Ctrl Pts',(-5.08240281634736,-8.80372619824305,28.6170440253853));
#4496=CARTESIAN_POINT('Ctrl Pts',(-5.80945230273511,-10.0620749115937,28.502738860177));
#4497=CARTESIAN_POINT('Ctrl Pts',(-6.53020346748933,-11.310563092818,28.3716604844599));
#4498=CARTESIAN_POINT('Ctrl Pts',(-7.23299271862488,-12.528983332643,28.2358082968311));
#4499=CARTESIAN_POINT('Ctrl Pts',(-7.6987763516244,-13.3346717971232,28.1312544474564));
#4500=CARTESIAN_POINT('Ctrl Pts',(-7.93899661842172,-13.7507455042239,28.0689106965041));
#4501=CARTESIAN_POINT('',(3.09798943057643,-20.5606082735239,30.9897666148524));
#4502=CARTESIAN_POINT('Origin',(-9.86926870220065,-17.0940748257609,57.8194770563288));
#4503=CARTESIAN_POINT('',(7.56096589636724,-13.0959770868036,30.8022543803572));
#4504=CARTESIAN_POINT('Ctrl Pts',(3.09798943057643,-20.5606082735239,30.9897666148524));
#4505=CARTESIAN_POINT('Ctrl Pts',(3.10987011571131,-20.4981135514378,30.9874341210442));
#4506=CARTESIAN_POINT('Ctrl Pts',(3.12180172067791,-20.4356282766237,30.984993614719));
#4507=CARTESIAN_POINT('Ctrl Pts',(3.13380758157362,-20.3730494085276,30.9824421038076));
#4508=CARTESIAN_POINT('Ctrl Pts',(3.14640267254495,-20.3073992612037,30.9797653684762));
#4509=CARTESIAN_POINT('Ctrl Pts',(3.15907955049444,-20.2416463740661,30.9769665064506));
#4510=CARTESIAN_POINT('Ctrl Pts',(3.17187624818176,-20.175727764927,30.9740528299991));
#4511=CARTESIAN_POINT('Ctrl Pts',(3.18549991840804,-20.1055492380422,30.9709508604058));
#4512=CARTESIAN_POINT('Ctrl Pts',(3.1992594773919,-20.0351832377013,30.9677188225621));
#4513=CARTESIAN_POINT('Ctrl Pts',(3.21321198203409,-19.9646110201166,30.9643766708712));
#4514=CARTESIAN_POINT('Ctrl Pts',(3.22851213723804,-19.8872223426121,30.9607117059851));
#4515=CARTESIAN_POINT('Ctrl Pts',(3.24404443013663,-19.8095862312144,30.9569144437979));
#4516=CARTESIAN_POINT('Ctrl Pts',(3.25989559366667,-19.7317380175727,30.9530228533656));
#4517=CARTESIAN_POINT('Ctrl Pts',(3.2793657925618,-19.636116002169,30.9482427601194));
#4518=CARTESIAN_POINT('Ctrl Pts',(3.29931731030321,-19.5401749869824,30.9433206358152));
#4519=CARTESIAN_POINT('Ctrl Pts',(3.3199252411752,-19.4440575404175,30.9383410894105));
#4520=CARTESIAN_POINT('Ctrl Pts',(3.34256534512914,-19.3384618357573,30.9328705038895));
#4521=CARTESIAN_POINT('Ctrl Pts',(3.36599884072587,-19.2326591383698,30.9273320526884));
#4522=CARTESIAN_POINT('Ctrl Pts',(3.39046212019432,-19.1268642858576,30.9218392077294));
#4523=CARTESIAN_POINT('Ctrl Pts',(3.40887875856414,-19.0472189732732,30.9177040410049));
#4524=CARTESIAN_POINT('Ctrl Pts',(3.42787924963353,-18.9675794228219,30.9135949556923));
#4525=CARTESIAN_POINT('Ctrl Pts',(3.44755929766092,-18.8880107757809,30.9095521310514));
#4526=CARTESIAN_POINT('Ctrl Pts',(3.46596212880315,-18.8136060602196,30.9057716819843));
#4527=CARTESIAN_POINT('Ctrl Pts',(3.48495933095002,-18.7392642608987,30.9020494077435));
#4528=CARTESIAN_POINT('Ctrl Pts',(3.50462162818155,-18.6649981881616,30.898406831402));
#4529=CARTESIAN_POINT('Ctrl Pts',(3.52977816821312,-18.5699799199603,30.8937464086409));
#4530=CARTESIAN_POINT('Ctrl Pts',(3.55602463235908,-18.4750838313614,30.8892169562853));
#4531=CARTESIAN_POINT('Ctrl Pts',(3.58348414720504,-18.3802308841275,30.8848304687931));
#4532=CARTESIAN_POINT('Ctrl Pts',(3.60748847533816,-18.2973131311166,30.8809959259868));
#4533=CARTESIAN_POINT('Ctrl Pts',(3.63241914525658,-18.2144264197205,30.8772698312297));
#4534=CARTESIAN_POINT('Ctrl Pts',(3.65834242156042,-18.1315712106079,30.8736589790517));
#4535=CARTESIAN_POINT('Ctrl Pts',(3.68666625175358,-18.041043422144,30.8697137538131));
#4536=CARTESIAN_POINT('Ctrl Pts',(3.71617502139165,-17.9505537905512,30.8659060910076));
#4537=CARTESIAN_POINT('Ctrl Pts',(3.74693882123322,-17.8601665544901,30.8622465863819));
#4538=CARTESIAN_POINT('Ctrl Pts',(3.78338727910968,-17.7530772032685,30.8579108638482));
#4539=CARTESIAN_POINT('Ctrl Pts',(3.82159748182643,-17.6461326556792,30.8537831724714));
#4540=CARTESIAN_POINT('Ctrl Pts',(3.86166314563534,-17.5395142596576,30.8498833193846));
#4541=CARTESIAN_POINT('Ctrl Pts',(3.90625649064377,-17.4208472898374,30.8455427574758));
#4542=CARTESIAN_POINT('Ctrl Pts',(3.95314757349373,-17.3025893236647,30.8414848915996));
#4543=CARTESIAN_POINT('Ctrl Pts',(4.00244537085186,-17.1850256423418,30.8377356843405));
#4544=CARTESIAN_POINT('Ctrl Pts',(4.0455506152913,-17.0822297469428,30.8344574345196));
#4545=CARTESIAN_POINT('Ctrl Pts',(4.09049498142148,-16.979967926912,30.8314155144035));
#4546=CARTESIAN_POINT('Ctrl Pts',(4.13734992196596,-16.878397367504,30.8286207118596));
#4547=CARTESIAN_POINT('Ctrl Pts',(4.17627992175452,-16.7940062273098,30.8262986160213));
#4548=CARTESIAN_POINT('Ctrl Pts',(4.21652861480334,-16.7100925887078,30.8241471750631));
#4549=CARTESIAN_POINT('Ctrl Pts',(4.25814218965287,-16.6267045103287,30.8221655853862));
#4550=CARTESIAN_POINT('Ctrl Pts',(4.30447278592863,-16.5338641473567,30.8199593766757));
#4551=CARTESIAN_POINT('Ctrl Pts',(4.35249740908514,-16.4416709332131,30.8179637782269));
#4552=CARTESIAN_POINT('Ctrl Pts',(4.40228290903527,-16.3501346715118,30.8161646980008));
#4553=CARTESIAN_POINT('Ctrl Pts',(4.45211452189263,-16.2585136260251,30.8143639514097));
#4554=CARTESIAN_POINT('Ctrl Pts',(4.50371046841304,-16.1675498822055,30.8127597475067));
#4555=CARTESIAN_POINT('Ctrl Pts',(4.55709976625965,-16.0772997912098,30.8113323286984));
#4556=CARTESIAN_POINT('Ctrl Pts',(4.61521800683344,-15.9790558226271,30.8097784766523));
#4557=CARTESIAN_POINT('Ctrl Pts',(4.67546121892362,-15.8816580968436,30.8084339068626));
#4558=CARTESIAN_POINT('Ctrl Pts',(4.73782337866645,-15.785230684122,30.8072703310458));
#4559=CARTESIAN_POINT('Ctrl Pts',(4.80957739148251,-15.6742811301494,30.8059315186248));
#4560=CARTESIAN_POINT('Ctrl Pts',(4.88413637565915,-15.564617357268,30.8048319945465));
#4561=CARTESIAN_POINT('Ctrl Pts',(4.96143819960155,-15.4564803471525,30.8039296821219));
#4562=CARTESIAN_POINT('Ctrl Pts',(5.04932764286659,-15.33353238641,30.8029037847678));
#4563=CARTESIAN_POINT('Ctrl Pts',(5.14076076549496,-15.2125620771231,30.8021324584057));
#4564=CARTESIAN_POINT('Ctrl Pts',(5.23559957486154,-15.0939440596574,30.8015615019239));
#4565=CARTESIAN_POINT('Ctrl Pts',(5.31500730503198,-14.9946262003635,30.8010834449074));
#4566=CARTESIAN_POINT('Ctrl Pts',(5.39680061819309,-14.8969593846733,30.800746146639));
#4567=CARTESIAN_POINT('Ctrl Pts',(5.48089817515279,-14.8011361463029,30.8005221348676));
#4568=CARTESIAN_POINT('Ctrl Pts',(5.55448353749252,-14.7172908127287,30.8003261245675));
#4569=CARTESIAN_POINT('Ctrl Pts',(5.62983244712844,-14.6348574299793,30.8002170668673));
#4570=CARTESIAN_POINT('Ctrl Pts',(5.70690496221621,-14.5539288870623,30.8001769618334));
#4571=CARTESIAN_POINT('Ctrl Pts',(5.78224560746357,-14.4748188614539,30.800137757986));
#4572=CARTESIAN_POINT('Ctrl Pts',(5.85923273607275,-14.3971474435127,30.8001646795196));
#4573=CARTESIAN_POINT('Ctrl Pts',(5.93785281586635,-14.3209555434562,30.8002381186525));
#4574=CARTESIAN_POINT('Ctrl Pts',(6.01714465626327,-14.2441126301104,30.800312185278));
#4575=CARTESIAN_POINT('Ctrl Pts',(6.09810300936783,-14.1687685124241,30.8004332665567));
#4576=CARTESIAN_POINT('Ctrl Pts',(6.18069051824539,-14.0949699026738,30.8005781143049));
#4577=CARTESIAN_POINT('Ctrl Pts',(6.26978905707245,-14.0153531617697,30.8007343815527));
#4578=CARTESIAN_POINT('Ctrl Pts',(6.36078334196933,-13.937535708277,30.8009179669035));
#4579=CARTESIAN_POINT('Ctrl Pts',(6.45357357368291,-13.8616098456996,30.8011013414774));
#4580=CARTESIAN_POINT('Ctrl Pts',(6.56057809965699,-13.7740530977075,30.8013128067254));
#4581=CARTESIAN_POINT('Ctrl Pts',(6.66997024911297,-13.6890127541594,30.8015233707488));
#4582=CARTESIAN_POINT('Ctrl Pts',(6.78153688032155,-13.6066630339827,30.8017012142574));
#4583=CARTESIAN_POINT('Ctrl Pts',(6.90662612030316,-13.5143319866255,30.8019006135679));
#4584=CARTESIAN_POINT('Ctrl Pts',(7.03444575611204,-13.4253860267519,30.8020581898892));
#4585=CARTESIAN_POINT('Ctrl Pts',(7.16465587339559,-13.3400796211064,30.8021529796685));
#4586=CARTESIAN_POINT('Ctrl Pts',(7.27841324587141,-13.2655521361149,30.8022357922522));
#4587=CARTESIAN_POINT('Ctrl Pts',(7.39399256626636,-13.1938040201524,30.8022712413287));
#4588=CARTESIAN_POINT('Ctrl Pts',(7.51118142480364,-13.1249821872347,30.8022612513523));
#4589=CARTESIAN_POINT('Ctrl Pts',(7.52774421624052,-13.1152553097896,30.8022598394272));
#4590=CARTESIAN_POINT('Ctrl Pts',(7.54433921764575,-13.1055868262578,30.802257540817));
#4591=CARTESIAN_POINT('Ctrl Pts',(7.56096589636725,-13.0959770868036,30.8022543803572));
#4592=CARTESIAN_POINT('Ctrl Pts',(7.56096589636725,-13.0959770868036,30.8022543803572));
#4593=CARTESIAN_POINT('Ctrl Pts',(7.56115666767943,-13.0958668265023,30.8022543440947));
#4594=CARTESIAN_POINT('Ctrl Pts',(7.5613474431621,-13.0957565739344,30.8022543077188));
#4595=CARTESIAN_POINT('Ctrl Pts',(7.56153822281449,-13.0956463291003,30.8022542712295));
#4596=CARTESIAN_POINT('Ctrl Pts',(7.97972798949331E-15,2.1094237467878E-14,
28.7691907383132));
#4597=CARTESIAN_POINT('Ctrl Pts',(-0.155688479168946,-0.269761988151519,
28.7691907383132));
#4598=CARTESIAN_POINT('Ctrl Pts',(-0.469073394217319,-0.812509905393847,
28.771394424876));
#4599=CARTESIAN_POINT('Ctrl Pts',(-0.950047816364853,-1.64496349434033,
28.7790411205341));
#4600=CARTESIAN_POINT('Ctrl Pts',(-1.44678877028052,-2.50515143113217,28.788308011329));
#4601=CARTESIAN_POINT('Ctrl Pts',(-1.96467351495277,-3.4026647523594,28.7958569243313));
#4602=CARTESIAN_POINT('Ctrl Pts',(-2.51052846130693,-4.34858163418739,28.7973770673809));
#4603=CARTESIAN_POINT('Ctrl Pts',(-3.09151224111623,-5.35474605441228,28.787176270922));
#4604=CARTESIAN_POINT('Ctrl Pts',(-3.71375756330607,-6.43207156159171,28.7580922701019));
#4605=CARTESIAN_POINT('Ctrl Pts',(-4.37903814929323,-7.58417110453311,28.7028824425623));
#4606=CARTESIAN_POINT('Ctrl Pts',(-5.08240281634736,-8.80372619824305,28.6170440253853));
#4607=CARTESIAN_POINT('Ctrl Pts',(-5.80945230273511,-10.0620749115937,28.502738860177));
#4608=CARTESIAN_POINT('Ctrl Pts',(-6.53020346748933,-11.310563092818,28.3716604844599));
#4609=CARTESIAN_POINT('Ctrl Pts',(-7.23299271862488,-12.528983332643,28.2358082968311));
#4610=CARTESIAN_POINT('Ctrl Pts',(-7.6987763516244,-13.3346717971232,28.1312544474564));
#4611=CARTESIAN_POINT('Ctrl Pts',(-7.93899661842172,-13.7507455042239,28.0689106965041));
#4612=CARTESIAN_POINT('Ctrl Pts',(-1.0122611664721,-0.00016515212637396,
28.7691907383132));
#4613=CARTESIAN_POINT('Ctrl Pts',(-1.15300698250454,-0.266070751026083,
28.7703809391164));
#4614=CARTESIAN_POINT('Ctrl Pts',(-1.43824641477054,-0.801701400107754,
28.7743720759735));
#4615=CARTESIAN_POINT('Ctrl Pts',(-1.88196006653747,-1.62391749975895,28.783102050678));
#4616=CARTESIAN_POINT('Ctrl Pts',(-2.34673783339071,-2.47319672754139,28.7920104839103));
#4617=CARTESIAN_POINT('Ctrl Pts',(-2.83911460562295,-3.35835285474145,28.7978141299842));
#4618=CARTESIAN_POINT('Ctrl Pts',(-3.36664167583833,-4.28872401409905,28.7961248403488));
#4619=CARTESIAN_POINT('Ctrl Pts',(-3.93618978391822,-5.27315806896849,28.7815008209038));
#4620=CARTESIAN_POINT('Ctrl Pts',(-4.55378397368158,-6.31977596827928,28.7474516752578));
#4621=CARTESIAN_POINT('Ctrl Pts',(-5.22076123753445,-7.42966581253934,28.6878694324129));
#4622=CARTESIAN_POINT('Ctrl Pts',(-5.93089473027161,-8.59167962932708,28.5997274558322));
#4623=CARTESIAN_POINT('Ctrl Pts',(-6.66950465658185,-9.77528078341602,28.48683248858));
#4624=CARTESIAN_POINT('Ctrl Pts',(-7.41018625877061,-10.939014956295,28.3604753525235));
#4625=CARTESIAN_POINT('Ctrl Pts',(-8.14879328900518,-12.0669001299838,28.2296479161232));
#4626=CARTESIAN_POINT('Ctrl Pts',(-8.64816456298258,-12.8096574636801,28.1286567911667));
#4627=CARTESIAN_POINT('Ctrl Pts',(-8.90640983374317,-13.1922092239405,28.0689106965041));
#4628=CARTESIAN_POINT('Ctrl Pts',(-3.00291125778418,-0.000573968975053224,
28.7931896982822));
#4629=CARTESIAN_POINT('Ctrl Pts',(-3.11959726159095,-0.260914929930961,
28.7974022859675));
#4630=CARTESIAN_POINT('Ctrl Pts',(-3.35930058270479,-0.785171896518732,
28.806231495229));
#4631=CARTESIAN_POINT('Ctrl Pts',(-3.74462309986047,-1.58936470706234,28.8189354328733));
#4632=CARTESIAN_POINT('Ctrl Pts',(-4.16319120722134,-2.41912899722701,28.8285717376652));
#4633=CARTESIAN_POINT('Ctrl Pts',(-4.62215689044542,-3.28022818005417,28.8318758328971));
#4634=CARTESIAN_POINT('Ctrl Pts',(-5.12833436183958,-4.17721778667467,28.825168481702));
#4635=CARTESIAN_POINT('Ctrl Pts',(-5.68896050670997,-5.11578756491604,28.8043032520405));
#4636=CARTESIAN_POINT('Ctrl Pts',(-6.30900476320007,-6.10033072814938,28.764669485925));
#4637=CARTESIAN_POINT('Ctrl Pts',(-6.98608116255033,-7.12465547450167,28.7028741947226));
#4638=CARTESIAN_POINT('Ctrl Pts',(-7.70876455717555,-8.16744126977168,28.6201834326302));
#4639=CARTESIAN_POINT('Ctrl Pts',(-8.46389504869972,-9.20210634073214,28.5233230363384));
#4640=CARTESIAN_POINT('Ctrl Pts',(-9.23291162550273,-10.1992223371122,28.4213178957661));
#4641=CARTESIAN_POINT('Ctrl Pts',(-10.0232331239203,-11.150151794749,28.3186392528803));
#4642=CARTESIAN_POINT('Ctrl Pts',(-10.5669147849228,-11.7708093210646,28.2395441268701));
#4643=CARTESIAN_POINT('Ctrl Pts',(-10.8492707152785,-12.0890593835675,28.192787037324));
#4644=CARTESIAN_POINT('Ctrl Pts',(-6.17737783111354,-0.000331138291114531,
28.9652654359402));
#4645=CARTESIAN_POINT('Ctrl Pts',(-6.27146883871384,-0.255435925463759,
28.9729235780446));
#4646=CARTESIAN_POINT('Ctrl Pts',(-6.4722004543676,-0.769286053999281,28.9871512336307));
#4647=CARTESIAN_POINT('Ctrl Pts',(-6.81722570381048,-1.55552036234824,29.0043489566079));
#4648=CARTESIAN_POINT('Ctrl Pts',(-7.21188422526634,-2.36149493643724,29.0159730770535));
#4649=CARTESIAN_POINT('Ctrl Pts',(-7.66071536909305,-3.18840661328762,29.0203020820522));
#4650=CARTESIAN_POINT('Ctrl Pts',(-8.16638217704564,-4.03516131717065,29.0157408575772));
#4651=CARTESIAN_POINT('Ctrl Pts',(-8.72957109360388,-4.90058735504675,29.0009568654223));
#4652=CARTESIAN_POINT('Ctrl Pts',(-9.34601444627807,-5.77814298043006,28.9751841833174));
#4653=CARTESIAN_POINT('Ctrl Pts',(-10.0050073572281,-6.65148996097716,28.9399146197258));
#4654=CARTESIAN_POINT('Ctrl Pts',(-10.6960396968564,-7.50211104820235,28.8995810182444));
#4655=CARTESIAN_POINT('Ctrl Pts',(-11.414389145662,-8.31600331450227,28.8595234305171));
#4656=CARTESIAN_POINT('Ctrl Pts',(-12.1520769402564,-9.07670090303171,28.8233913532561));
#4657=CARTESIAN_POINT('Ctrl Pts',(-12.9251006936767,-9.79259282284829,28.7920692265057));
#4658=CARTESIAN_POINT('Ctrl Pts',(-13.4716147656026,-10.260855008625,28.7648495804916));
#4659=CARTESIAN_POINT('Ctrl Pts',(-13.7513479454958,-10.4967235831119,28.7479141597036));
#4660=CARTESIAN_POINT('Ctrl Pts',(-10.3590957497206,-0.000681316411768718,
29.4191350690025));
#4661=CARTESIAN_POINT('Ctrl Pts',(-10.424295868064,-0.257334435819463,29.4325027020376));
#4662=CARTESIAN_POINT('Ctrl Pts',(-10.5704851280366,-0.771772447956016,
29.4572444713607));
#4663=CARTESIAN_POINT('Ctrl Pts',(-10.8388658452245,-1.54777808008468,29.4883956339367));
#4664=CARTESIAN_POINT('Ctrl Pts',(-11.1565010385012,-2.32756854734214,29.5131810829555));
#4665=CARTESIAN_POINT('Ctrl Pts',(-11.5215902444169,-3.10506418619077,29.531487029988));
#4666=CARTESIAN_POINT('Ctrl Pts',(-11.9311951234464,-3.87253251260968,29.5441055198451));
#4667=CARTESIAN_POINT('Ctrl Pts',(-12.3833738562948,-4.62592810111214,29.5523657592804));
#4668=CARTESIAN_POINT('Ctrl Pts',(-12.8741399667211,-5.35722846379798,29.5579259942563));
#4669=CARTESIAN_POINT('Ctrl Pts',(-13.3988030199929,-6.05464383445239,29.5636039589521));
#4670=CARTESIAN_POINT('Ctrl Pts',(-13.9597515521787,-6.71282128528345,29.5731478334292));
#4671=CARTESIAN_POINT('Ctrl Pts',(-14.560888660843,-7.33096100556902,29.5889150184108));
#4672=CARTESIAN_POINT('Ctrl Pts',(-15.204604616663,-7.90801134476083,29.6117741613779));
#4673=CARTESIAN_POINT('Ctrl Pts',(-15.8980049388019,-8.45824808957048,29.6410368071187));
#4674=CARTESIAN_POINT('Ctrl Pts',(-16.3681130484705,-8.81078458110729,29.6584110454118));
#4675=CARTESIAN_POINT('Ctrl Pts',(-16.6050329188212,-8.98662740120415,29.6654343327594));
#4676=CARTESIAN_POINT('Ctrl Pts',(-13.5678708803633,-0.000658979908533428,
30.2528108660042));
#4677=CARTESIAN_POINT('Ctrl Pts',(-13.5877055931828,-0.247594300471605,
30.2598163039648));
#4678=CARTESIAN_POINT('Ctrl Pts',(-13.6452121143422,-0.741035098239648,
30.2720478346573));
#4679=CARTESIAN_POINT('Ctrl Pts',(-13.7867980201207,-1.47788213757586,30.2859250898611));
#4680=CARTESIAN_POINT('Ctrl Pts',(-13.9841775901246,-2.20769568759973,30.2960529740664));
#4681=CARTESIAN_POINT('Ctrl Pts',(-14.2363896734262,-2.92201314336227,30.3037076563271));
#4682=CARTESIAN_POINT('Ctrl Pts',(-14.5423391300345,-3.61403452730112,30.3109600648257));
#4683=CARTESIAN_POINT('Ctrl Pts',(-14.9014834007708,-4.2822195710888,30.3197885342462));
#4684=CARTESIAN_POINT('Ctrl Pts',(-15.3093814938599,-4.9205901468017,30.3318347628242));
#4685=CARTESIAN_POINT('Ctrl Pts',(-15.7597381825996,-5.52244634064954,30.3489816067373));
#4686=CARTESIAN_POINT('Ctrl Pts',(-16.250523127614,-6.08918322871046,30.3729853404243));
#4687=CARTESIAN_POINT('Ctrl Pts',(-16.7738434693825,-6.6213470607239,30.4034369981125));
#4688=CARTESIAN_POINT('Ctrl Pts',(-17.3190635547794,-7.118489458112,30.439202931785));
#4689=CARTESIAN_POINT('Ctrl Pts',(-17.8853633762299,-7.59203680757387,30.4783487842172));
#4690=CARTESIAN_POINT('Ctrl Pts',(-18.2625564649338,-7.89599884014276,30.5010955309836));
#4691=CARTESIAN_POINT('Ctrl Pts',(-18.4515116094504,-8.04727307532044,30.5110839165859));
#4692=CARTESIAN_POINT('Ctrl Pts',(-15.1219315113845,-0.000661028094220569,
30.8022542712295));
#4693=CARTESIAN_POINT('Ctrl Pts',(-15.1218383528461,-0.242150390412761,
30.802214279941));
#4694=CARTESIAN_POINT('Ctrl Pts',(-15.1427684507857,-0.724242651510067,
30.8018576454094));
#4695=CARTESIAN_POINT('Ctrl Pts',(-15.2375311593843,-1.44107547445484,30.8009509087257));
#4696=CARTESIAN_POINT('Ctrl Pts',(-15.394051491359,-2.1461301385382,30.8000913208916));
#4697=CARTESIAN_POINT('Ctrl Pts',(-15.609187766812,-2.82973554708001,30.8003437385447));
#4698=CARTESIAN_POINT('Ctrl Pts',(-15.8799605947855,-3.48582973496739,30.8034610685933));
#4699=CARTESIAN_POINT('Ctrl Pts',(-16.2034154742629,-4.11351978320559,30.8108071959935));
#4700=CARTESIAN_POINT('Ctrl Pts',(-16.5726194816684,-4.70761867807941,30.8232209566815));
#4701=CARTESIAN_POINT('Ctrl Pts',(-16.9798223184731,-5.26395955114284,30.841578673677));
#4702=CARTESIAN_POINT('Ctrl Pts',(-17.4216834261678,-5.78658148988295,30.8664170724211));
#4703=CARTESIAN_POINT('Ctrl Pts',(-17.8881767524834,-6.27662974634677,30.8961483129632));
#4704=CARTESIAN_POINT('Ctrl Pts',(-18.370060105648,-6.73573203972357,30.9292033855528));
#4705=CARTESIAN_POINT('Ctrl Pts',(-18.8656012322604,-7.17466885266325,30.9633255884262));
#4706=CARTESIAN_POINT('Ctrl Pts',(-19.1920790402494,-7.45691282591853,30.9818793632709));
#4707=CARTESIAN_POINT('Ctrl Pts',(-19.3550037974204,-7.59736658922705,30.9897666148524));
#4708=CARTESIAN_POINT('',(-15.1219315113845,-0.000661028094220569,30.8022542712295));
#4709=CARTESIAN_POINT('Ctrl Pts',(7.97972798949331E-15,2.1094237467878E-14,
28.7691907383132));
#4710=CARTESIAN_POINT('Ctrl Pts',(-1.0122611664721,-0.00016515212637396,
28.7691907383132));
#4711=CARTESIAN_POINT('Ctrl Pts',(-3.00291125778418,-0.000573968975053224,
28.7931896982822));
#4712=CARTESIAN_POINT('Ctrl Pts',(-6.17737783111354,-0.000331138291114531,
28.9652654359402));
#4713=CARTESIAN_POINT('Ctrl Pts',(-10.3590957497206,-0.000681316411768718,
29.4191350690025));
#4714=CARTESIAN_POINT('Ctrl Pts',(-13.5678708803633,-0.000658979908533428,
30.2528108660042));
#4715=CARTESIAN_POINT('Ctrl Pts',(-15.1219315113845,-0.000661028094220569,
30.8022542712295));
#4716=CARTESIAN_POINT('',(-19.3550037974204,-7.59736658922705,30.9897666148524));
#4717=CARTESIAN_POINT('Ctrl Pts',(-15.1219315113846,-0.000661028094223496,
30.8022542712295));
#4718=CARTESIAN_POINT('Ctrl Pts',(-15.1218875618689,-0.114588754779832,
30.8022354044913));
#4719=CARTESIAN_POINT('Ctrl Pts',(-15.1241921594347,-0.228444467251165,
30.8021859430508));
#4720=CARTESIAN_POINT('Ctrl Pts',(-15.1288486870646,-0.342119140072509,
30.8021133756779));
#4721=CARTESIAN_POINT('Ctrl Pts',(-15.1332963212906,-0.450694328638299,
30.8020440637019));
#4722=CARTESIAN_POINT('Ctrl Pts',(-15.1398895585754,-0.559103711707389,
30.8019539278139));
#4723=CARTESIAN_POINT('Ctrl Pts',(-15.1486248816873,-0.667298088804218,
30.8018503702904));
#4724=CARTESIAN_POINT('Ctrl Pts',(-15.1574425469855,-0.77651234363541,30.8017458365977));
#4725=CARTESIAN_POINT('Ctrl Pts',(-15.1684436139878,-0.885516811639254,
30.8016275800299));
#4726=CARTESIAN_POINT('Ctrl Pts',(-15.1816130278245,-0.994254373082992,
30.8015016099531));
#4727=CARTESIAN_POINT('Ctrl Pts',(-15.196236794084,-1.11500026974073,30.8013617284838));
#4728=CARTESIAN_POINT('Ctrl Pts',(-15.2135343392711,-1.23541636357085,30.8012119665877));
#4729=CARTESIAN_POINT('Ctrl Pts',(-15.2334651347192,-1.35535750781077,30.8010627399346));
#4730=CARTESIAN_POINT('Ctrl Pts',(-15.2581386899671,-1.50384001351943,30.8008780030996));
#4731=CARTESIAN_POINT('Ctrl Pts',(-15.2868480923832,-1.65159268999418,30.8006932051067));
#4732=CARTESIAN_POINT('Ctrl Pts',(-15.3194832293771,-1.79826022897688,30.8005425563699));
#4733=CARTESIAN_POINT('Ctrl Pts',(-15.3537101291128,-1.95208140497503,30.800384559815));
#4734=CARTESIAN_POINT('Ctrl Pts',(-15.3922536904363,-2.10470184190976,30.8002640145347));
#4735=CARTESIAN_POINT('Ctrl Pts',(-15.4349637748456,-2.25571043367703,30.8002434400705));
#4736=CARTESIAN_POINT('Ctrl Pts',(-15.4669182207141,-2.36869068033407,30.8002280468533));
#4737=CARTESIAN_POINT('Ctrl Pts',(-15.5012042157695,-2.48076795812355,30.8002692815595));
#4738=CARTESIAN_POINT('Ctrl Pts',(-15.5377591508749,-2.59180792868536,30.8003997522492));
#4739=CARTESIAN_POINT('Ctrl Pts',(-15.5707768534679,-2.69210313406267,30.8005175979632));
#4740=CARTESIAN_POINT('Ctrl Pts',(-15.6056453797505,-2.79155159575955,30.8007084991465));
#4741=CARTESIAN_POINT('Ctrl Pts',(-15.642324113868,-2.89009700521194,30.8009973673486));
#4742=CARTESIAN_POINT('Ctrl Pts',(-15.6883779953915,-3.01383079049123,30.8013600707592));
#4743=CARTESIAN_POINT('Ctrl Pts',(-15.7372877719752,-3.13614234748243,30.8018781340562));
#4744=CARTESIAN_POINT('Ctrl Pts',(-15.7889834730793,-3.25701980270742,30.8025935980333));
#4745=CARTESIAN_POINT('Ctrl Pts',(-15.8322815944742,-3.3582616200819,30.8031928402425));
#4746=CARTESIAN_POINT('Ctrl Pts',(-15.8775337864952,-3.45849870370065,30.8039300700889));
#4747=CARTESIAN_POINT('Ctrl Pts',(-15.9246600883991,-3.55768157982302,30.8048231163241));
#4748=CARTESIAN_POINT('Ctrl Pts',(-15.9810123583145,-3.67628159680798,30.805890995204));
#4749=CARTESIAN_POINT('Ctrl Pts',(-16.0400442102953,-3.79337297696199,30.807181446142));
#4750=CARTESIAN_POINT('Ctrl Pts',(-16.1015664696738,-3.90881777937767,30.808720229849));
#4751=CARTESIAN_POINT('Ctrl Pts',(-16.1700213710547,-4.0372714909957,30.8104324115531));
#4752=CARTESIAN_POINT('Ctrl Pts',(-16.2415570757216,-4.16368173815229,30.8124518323746));
#4753=CARTESIAN_POINT('Ctrl Pts',(-16.3158748970426,-4.28784883802768,30.8148129811091));
#4754=CARTESIAN_POINT('Ctrl Pts',(-16.3735309663867,-4.38417818129168,30.8166447699418));
#4755=CARTESIAN_POINT('Ctrl Pts',(-16.4328601122718,-4.47915637034385,30.818682307576));
#4756=CARTESIAN_POINT('Ctrl Pts',(-16.4937272523714,-4.57271881946563,30.8209414589094));
#4757=CARTESIAN_POINT('Ctrl Pts',(-16.5485528564336,-4.65699446938528,30.8229763719399));
#4758=CARTESIAN_POINT('Ctrl Pts',(-16.6046257859034,-4.74012100731304,30.8251911776895));
#4759=CARTESIAN_POINT('Ctrl Pts',(-16.6618620339748,-4.82208644559904,30.827596126885));
#4760=CARTESIAN_POINT('Ctrl Pts',(-16.7177095501054,-4.90206314377652,30.8299427244261));
#4761=CARTESIAN_POINT('Ctrl Pts',(-16.7746640883037,-4.98093372580525,30.8324704723197));
#4762=CARTESIAN_POINT('Ctrl Pts',(-16.8326698535202,-5.05873100582069,30.8351860077942));
#4763=CARTESIAN_POINT('Ctrl Pts',(-16.8877624163133,-5.13262110137211,30.8377651619195));
#4764=CARTESIAN_POINT('Ctrl Pts',(-16.9438057268601,-5.20554565158327,30.8405140795191));
#4765=CARTESIAN_POINT('Ctrl Pts',(-17.0007679095,-5.27756862476122,30.8434332752732));
#4766=CARTESIAN_POINT('Ctrl Pts',(-17.0579999065263,-5.34993275119928,30.8463662984646));
#4767=CARTESIAN_POINT('Ctrl Pts',(-17.1161604203613,-5.42138801862569,30.8494711020022));
#4768=CARTESIAN_POINT('Ctrl Pts',(-17.1751651705398,-5.49196159853189,30.8527364346531));
#4769=CARTESIAN_POINT('Ctrl Pts',(-17.2498168698786,-5.58124996349363,30.8568676720631));
#4770=CARTESIAN_POINT('Ctrl Pts',(-17.3258184988017,-5.66912553323205,30.8612556210719));
#4771=CARTESIAN_POINT('Ctrl Pts',(-17.4029232174148,-5.75558878850406,30.8658620729338));
#4772=CARTESIAN_POINT('Ctrl Pts',(-17.4794004229646,-5.84134836670995,30.8704310354076));
#4773=CARTESIAN_POINT('Ctrl Pts',(-17.5569571970645,-5.92571399599348,30.87521416983));
#4774=CARTESIAN_POINT('Ctrl Pts',(-17.6353483154589,-6.0086909888234,30.8801703147421));
#4775=CARTESIAN_POINT('Ctrl Pts',(-17.6950777881791,-6.07191463113321,30.8839466088988));
#4776=CARTESIAN_POINT('Ctrl Pts',(-17.7552909017675,-6.1343317002174,30.8878232417724));
#4777=CARTESIAN_POINT('Ctrl Pts',(-17.8159080051842,-6.19597062676405,30.8917840560059));
#4778=CARTESIAN_POINT('Ctrl Pts',(-17.8706905938932,-6.25167668612922,30.8953636341262));
#4779=CARTESIAN_POINT('Ctrl Pts',(-17.9258027125497,-6.3067469081574,30.8990119520511));
#4780=CARTESIAN_POINT('Ctrl Pts',(-17.981219466463,-6.36123075498235,30.9027195822425));
#4781=CARTESIAN_POINT('Ctrl Pts',(-18.0370449144401,-6.41611641575698,30.9064545559057));
#4782=CARTESIAN_POINT('Ctrl Pts',(-18.0931803520146,-6.47040723127687,30.9102500488729));
#4783=CARTESIAN_POINT('Ctrl Pts',(-18.1496413831365,-6.52418898895619,30.9140982719925));
#4784=CARTESIAN_POINT('Ctrl Pts',(-18.1998034632848,-6.57197070292106,30.9175171765488));
#4785=CARTESIAN_POINT('Ctrl Pts',(-18.2502256103151,-6.61935257307325,30.9209781263041));
#4786=CARTESIAN_POINT('Ctrl Pts',(-18.3008771522488,-6.66638287397178,30.9244627258734));
#4787=CARTESIAN_POINT('Ctrl Pts',(-18.3597588872957,-6.72105496510597,30.9285135259231));
#4788=CARTESIAN_POINT('Ctrl Pts',(-18.4189498369367,-6.77525171802771,30.932596071279));
#4789=CARTESIAN_POINT('Ctrl Pts',(-18.4783386790244,-6.8290259634423,30.9366641713545));
#4790=CARTESIAN_POINT('Ctrl Pts',(-18.5513497056523,-6.89513455768074,30.9416653829036));
#4791=CARTESIAN_POINT('Ctrl Pts',(-18.6246555068016,-6.96060325434608,30.9466437003763));
#4792=CARTESIAN_POINT('Ctrl Pts',(-18.6979982894023,-7.02550941106753,30.9514985834453));
#4793=CARTESIAN_POINT('Ctrl Pts',(-18.7537868386241,-7.07488059921521,30.95519147419));
#4794=CARTESIAN_POINT('Ctrl Pts',(-18.8095946134404,-7.12392550386942,30.9588123828277));
#4795=CARTESIAN_POINT('Ctrl Pts',(-18.8653265779556,-7.17268268993216,30.9623208236447));
#4796=CARTESIAN_POINT('Ctrl Pts',(-18.9159228945439,-7.2169469473192,30.965505964952));
#4797=CARTESIAN_POINT('Ctrl Pts',(-18.9664558582285,-7.26097377218748,30.9685982099998));
#4798=CARTESIAN_POINT('Ctrl Pts',(-19.0168888897736,-7.30480240107667,30.9715750499766));
#4799=CARTESIAN_POINT('Ctrl Pts',(-19.0642003887837,-7.34591827432035,30.9743676396207));
#4800=CARTESIAN_POINT('Ctrl Pts',(-19.1114233922349,-7.38685954561142,30.9770585515048));
#4801=CARTESIAN_POINT('Ctrl Pts',(-19.1585692471207,-7.42767142658358,30.9796385332867));
#4802=CARTESIAN_POINT('Ctrl Pts',(-19.2026401388269,-7.46582146100364,30.9820502426086));
#4803=CARTESIAN_POINT('Ctrl Pts',(-19.2466433873639,-7.50385835859283,30.984364979795));
#4804=CARTESIAN_POINT('Ctrl Pts',(-19.290630900848,-7.541832299857,30.9865846288068));
#4805=CARTESIAN_POINT('Ctrl Pts',(-19.3120881502041,-7.56035610950668,30.9876673806733));
#4806=CARTESIAN_POINT('Ctrl Pts',(-19.3335423425551,-7.5788651524028,30.9887276573805));
#4807=CARTESIAN_POINT('Ctrl Pts',(-19.3550037974204,-7.59736658922705,30.9897666148524));
#4808=CARTESIAN_POINT('Origin',(-9.86926870220065,-17.0940748257609,57.8194770563288));
#4809=CARTESIAN_POINT('Ctrl Pts',(-13.5619265735403,-23.4899458738903,-9.5897302461044));
#4810=CARTESIAN_POINT('Ctrl Pts',(-13.6138814105708,-23.5798326592482,-9.29607825219908));
#4811=CARTESIAN_POINT('Ctrl Pts',(-13.7193526178019,-23.7625648268553,-8.70592992995112));
#4812=CARTESIAN_POINT('Ctrl Pts',(-13.8829249936054,-24.0464990398158,-7.80204980236282));
#4813=CARTESIAN_POINT('Ctrl Pts',(-14.0527625487364,-24.3408589479263,-6.86863232527741));
#4814=CARTESIAN_POINT('Ctrl Pts',(-14.2292442016164,-24.6460235063282,-5.89419886160523));
#4815=CARTESIAN_POINT('Ctrl Pts',(-14.4121828727072,-24.9624141981467,-4.86504918669319));
#4816=CARTESIAN_POINT('Ctrl Pts',(-14.6009609501338,-25.289516424383,-3.76624073193374));
#4817=CARTESIAN_POINT('Ctrl Pts',(-14.7944145774462,-25.625022941422,-2.58358421391415));
#4818=CARTESIAN_POINT('Ctrl Pts',(-14.9900330057443,-25.9640442314086,-1.31087932453878));
#4819=CARTESIAN_POINT('Ctrl Pts',(-15.1847690714384,-26.3000452371336,0.0450653292681136));
#4820=CARTESIAN_POINT('Ctrl Pts',(-15.372693410605,-26.6264776772387,1.45333888779178));
#4821=CARTESIAN_POINT('Ctrl Pts',(-15.5512166827211,-26.9355785106217,2.85618336842625));
#4822=CARTESIAN_POINT('Ctrl Pts',(-15.722104433339,-27.230411227238,4.22760142106819));
#4823=CARTESIAN_POINT('Ctrl Pts',(-15.8274593059286,-27.4139636725971,5.13986709104048));
#4824=CARTESIAN_POINT('Ctrl Pts',(-15.8781436021524,-27.5017514488026,5.61361202037345));
#4825=CARTESIAN_POINT('Ctrl Pts',(-12.8871811465169,-24.0743751308432,-9.11241090986171));
#4826=CARTESIAN_POINT('Ctrl Pts',(-12.9474323376383,-24.1566065605032,-8.8293484171515));
#4827=CARTESIAN_POINT('Ctrl Pts',(-13.0684006555187,-24.3245483731034,-8.25887504461054));
#4828=CARTESIAN_POINT('Ctrl Pts',(-13.2514135903485,-24.5878545638919,-7.38127978065016));
#4829=CARTESIAN_POINT('Ctrl Pts',(-13.4360928122559,-24.8634678379735,-6.47171733219915));
#4830=CARTESIAN_POINT('Ctrl Pts',(-13.6216226240778,-25.1524803571408,-5.51881629308165));
#4831=CARTESIAN_POINT('Ctrl Pts',(-13.8062916111312,-25.455668953923,-4.50992968018803));
#4832=CARTESIAN_POINT('Ctrl Pts',(-13.9880623101111,-25.7725572455631,-3.43278041413312));
#4833=CARTESIAN_POINT('Ctrl Pts',(-14.1645470549881,-26.1013244062695,-2.27573406952412));
#4834=CARTESIAN_POINT('Ctrl Pts',(-14.3326034074712,-26.4377552115314,-1.03523596141936));
#4835=CARTESIAN_POINT('Ctrl Pts',(-14.4885195426726,-26.7757833522095,0.277685144680343));
#4836=CARTESIAN_POINT('Ctrl Pts',(-14.6262461721217,-27.1100416372254,1.62990715429056));
#4837=CARTESIAN_POINT('Ctrl Pts',(-14.7447753501347,-27.4345041900669,2.97137182864566));
#4838=CARTESIAN_POINT('Ctrl Pts',(-14.8418828269933,-27.7541190032858,4.28407805524908));
#4839=CARTESIAN_POINT('Ctrl Pts',(-14.8901921180296,-27.9599722345112,5.15960646309602));
#4840=CARTESIAN_POINT('Ctrl Pts',(-14.9107303868309,-28.060287729086,5.61361202037345));
#4841=CARTESIAN_POINT('Ctrl Pts',(-11.5716303343834,-25.2432725656851,-8.18167531326798));
#4842=CARTESIAN_POINT('Ctrl Pts',(-11.646133421947,-25.3140808248355,-7.91550569495959));
#4843=CARTESIAN_POINT('Ctrl Pts',(-11.7931732378159,-25.4596826209806,-7.37739751474524));
#4844=CARTESIAN_POINT('Ctrl Pts',(-12.0065811889973,-25.6925214016361,-6.54336870386139));
#4845=CARTESIAN_POINT('Ctrl Pts',(-12.2111430180231,-25.9420498210104,-5.67176620149444));
#4846=CARTESIAN_POINT('Ctrl Pts',(-12.4038793063074,-26.2097315642285,-4.75342452999392));
#4847=CARTESIAN_POINT('Ctrl Pts',(-12.581142973878,-26.4964967342779,-3.78018545099119));
#4848=CARTESIAN_POINT('Ctrl Pts',(-12.7394397611623,-26.8031380012545,-2.74260966037553));
#4849=CARTESIAN_POINT('Ctrl Pts',(-12.8758196473009,-27.1287598851261,-1.63323061284804));
#4850=CARTESIAN_POINT('Ctrl Pts',(-12.9866989694752,-27.4692144825687,-0.457097653716226));
#4851=CARTESIAN_POINT('Ctrl Pts',(-13.0679819002533,-27.8189392104716,0.762573189452717));
#4852=CARTESIAN_POINT('Ctrl Pts',(-13.116265301113,-28.1758278206268,1.99563240855284));
#4853=CARTESIAN_POINT('Ctrl Pts',(-13.131187087758,-28.536532899741,3.20629381477775));
#4854=CARTESIAN_POINT('Ctrl Pts',(-13.1049222907148,-28.9089884687483,4.38951180716934));
#4855=CARTESIAN_POINT('Ctrl Pts',(-13.0635188399656,-29.1583023221261,5.17893559020427));
#4856=CARTESIAN_POINT('Ctrl Pts',(-13.0369818089264,-29.2831435907758,5.58747523667514));
#4857=CARTESIAN_POINT('Ctrl Pts',(-9.53629636778688,-27.2165509477886,-6.74277426914304));
#4858=CARTESIAN_POINT('Ctrl Pts',(-9.62446392974127,-27.2771272631995,-6.49267987032453));
#4859=CARTESIAN_POINT('Ctrl Pts',(-9.79402134383541,-27.4046365476727,-5.98323975804307));
#4860=CARTESIAN_POINT('Ctrl Pts',(-10.0260441848037,-27.6178788503264,-5.18436824541939));
#4861=CARTESIAN_POINT('Ctrl Pts',(-10.2337478040717,-27.855226108527,-4.34412365699318));
#4862=CARTESIAN_POINT('Ctrl Pts',(-10.413985433273,-28.1178935080163,-3.4588150715103));
#4863=CARTESIAN_POINT('Ctrl Pts',(-10.5635981023579,-28.4061161515194,-2.52754872346407));
#4864=CARTESIAN_POINT('Ctrl Pts',(-10.6808235398468,-28.719202345052,-1.55051352378256));
#4865=CARTESIAN_POINT('Ctrl Pts',(-10.7643689224174,-29.0540627738385,-0.534807278786006));
#4866=CARTESIAN_POINT('Ctrl Pts',(-10.8126411977087,-29.4057350302862,0.500686303382463));
#4867=CARTESIAN_POINT('Ctrl Pts',(-10.8240458428996,-29.7717704898834,1.53441581550778));
#4868=CARTESIAN_POINT('Ctrl Pts',(-10.7961638014555,-30.1538028541039,2.55094177510212));
#4869=CARTESIAN_POINT('Ctrl Pts',(-10.7265280713355,-30.5502053833456,3.5318421423144));
#4870=CARTESIAN_POINT('Ctrl Pts',(-10.6097339028546,-30.9709364460735,4.49121304811625));
#4871=CARTESIAN_POINT('Ctrl Pts',(-10.5029110230614,-31.2642417447113,5.14024994130053));
#4872=CARTESIAN_POINT('Ctrl Pts',(-10.4446175875184,-31.4119180582539,5.47034845179697));
#4873=CARTESIAN_POINT('Ctrl Pts',(-6.96264279435639,-30.0014499173538,-4.92249749608798));
#4874=CARTESIAN_POINT('Ctrl Pts',(-7.07365635901754,-30.0500078498988,-4.68666134874235));
#4875=CARTESIAN_POINT('Ctrl Pts',(-7.28487115906884,-30.154611828555,-4.20595744913245));
#4876=CARTESIAN_POINT('Ctrl Pts',(-7.56866254041206,-30.334996325604,-3.45621934120177));
#4877=CARTESIAN_POINT('Ctrl Pts',(-7.81880195379405,-30.538620324327,-2.67805024111292));
#4878=CARTESIAN_POINT('Ctrl Pts',(-8.03292597242176,-30.7643514188033,-1.87722499049013));
#4879=CARTESIAN_POINT('Ctrl Pts',(-8.20890251108547,-31.0111398597972,-1.06170629757189));
#4880=CARTESIAN_POINT('Ctrl Pts',(-8.3463170825606,-31.2789498301856,-0.236155689748349));
#4881=CARTESIAN_POINT('Ctrl Pts',(-8.44397725676923,-31.5668336889964,0.590444507462989));
#4882=CARTESIAN_POINT('Ctrl Pts',(-8.49953145813219,-31.8743840827974,1.40531765339466));
#4883=CARTESIAN_POINT('Ctrl Pts',(-8.51006372399446,-32.2060404097358,2.203969674153));
#4884=CARTESIAN_POINT('Ctrl Pts',(-8.47362150773577,-32.5659809338713,2.98680166461421));
#4885=CARTESIAN_POINT('Ctrl Pts',(-8.38841360919363,-32.9562949263212,3.75379219094398));
#4886=CARTESIAN_POINT('Ctrl Pts',(-8.25762060399404,-33.3805226391606,4.52017644310933));
#4887=CARTESIAN_POINT('Ctrl Pts',(-8.15594253031293,-33.6661256889885,5.02384095849519));
#4888=CARTESIAN_POINT('Ctrl Pts',(-8.1028296590036,-33.808645930018,5.27676002205098));
#4889=CARTESIAN_POINT('Ctrl Pts',(-5.21644501752249,-32.5347305406534,-3.68777656331368));
#4890=CARTESIAN_POINT('Ctrl Pts',(-5.34909244456705,-32.5519020335817,-3.47913969105877));
#4891=CARTESIAN_POINT('Ctrl Pts',(-5.60140894007932,-32.5950904420432,-3.05321530963886));
#4892=CARTESIAN_POINT('Ctrl Pts',(-5.93897897357859,-32.6881658342845,-2.38946373702447));
#4893=CARTESIAN_POINT('Ctrl Pts',(-6.2335249735409,-32.8103923649844,-1.70390380850534));
#4894=CARTESIAN_POINT('Ctrl Pts',(-6.48140341186742,-32.9622571010655,-1.00432369266544));
#4895=CARTESIAN_POINT('Ctrl Pts',(-6.68039465791686,-33.1448186689393,-0.297482111271193));
#4896=CARTESIAN_POINT('Ctrl Pts',(-6.8309037393885,-33.3593791254234,0.414448102109546));
#4897=CARTESIAN_POINT('Ctrl Pts',(-6.9332137476697,-33.6047149037173,1.12394509012221));
#4898=CARTESIAN_POINT('Ctrl Pts',(-6.98854089044607,-33.8787287986214,1.82194317901197));
#4899=CARTESIAN_POINT('Ctrl Pts',(-6.99987209056071,-34.1816825852246,2.50803890765293));
#4900=CARTESIAN_POINT('Ctrl Pts',(-6.97259184348076,-34.508685399803,3.1790938793541));
#4901=CARTESIAN_POINT('Ctrl Pts',(-6.91299730633061,-34.8526711254318,3.83010618224705));
#4902=CARTESIAN_POINT('Ctrl Pts',(-6.82732031352288,-35.2115869344566,4.47066365246756));
#4903=CARTESIAN_POINT('Ctrl Pts',(-6.76207373497303,-35.4479321067183,4.8890758910959));
#4904=CARTESIAN_POINT('Ctrl Pts',(-6.72815042915819,-35.565180892963,5.09833563438538));
#4905=CARTESIAN_POINT('Ctrl Pts',(-4.4394158845042,-33.8805865260902,-3.13833148567203));
#4906=CARTESIAN_POINT('Ctrl Pts',(-4.57888308646337,-33.8805000882327,-2.94118683193521));
#4907=CARTESIAN_POINT('Ctrl Pts',(-4.84309766542534,-33.8922928950366,-2.53757472809098));
#4908=CARTESIAN_POINT('Ctrl Pts',(-5.1933587098788,-33.9462638229531,-1.90730936426277));
#4909=CARTESIAN_POINT('Ctrl Pts',(-5.49567010840663,-34.0359290282248,-1.25756372030494));
#4910=CARTESIAN_POINT('Ctrl Pts',(-5.74704468223517,-34.1603441129208,-0.59807016790998));
#4911=CARTESIAN_POINT('Ctrl Pts',(-5.94679514305438,-34.3192201673668,0.0642329184646812));
#4912=CARTESIAN_POINT('Ctrl Pts',(-6.09701857272087,-34.5119650170091,0.726769080057632));
#4913=CARTESIAN_POINT('Ctrl Pts',(-6.19973762757287,-34.7352608432287,1.38175531441074));
#4914=CARTESIAN_POINT('Ctrl Pts',(-6.25812653331049,-34.9853485238332,2.02184375424775));
#4915=CARTESIAN_POINT('Ctrl Pts',(-6.27699731198727,-35.2607376209554,2.64857863782775));
#4916=CARTESIAN_POINT('Ctrl Pts',(-6.26294669509571,-35.5543431247283,3.25869801315002));
#4917=CARTESIAN_POINT('Ctrl Pts',(-6.2223362696398,-35.8595479621477,3.84969709963415));
#4918=CARTESIAN_POINT('Ctrl Pts',(-6.1614811663667,-36.1735094269716,4.43031376634119));
#4919=CARTESIAN_POINT('Ctrl Pts',(-6.11552926164962,-36.3771505710225,4.80848352850066));
#4920=CARTESIAN_POINT('Ctrl Pts',(-6.09172186097601,-36.4776551373821,4.99733792923916));
#4921=CARTESIAN_POINT('',(-13.5619265735403,-23.4899458738903,-9.5897302461044));
#4922=CARTESIAN_POINT('',(-15.8781436021524,-27.5017514488026,5.61361202037345));
#4923=CARTESIAN_POINT('Ctrl Pts',(-13.5619265735403,-23.4899458738903,-9.5897302461044));
#4924=CARTESIAN_POINT('Ctrl Pts',(-13.6138814105708,-23.5798326592482,-9.29607825219908));
#4925=CARTESIAN_POINT('Ctrl Pts',(-13.7193526178019,-23.7625648268553,-8.70592992995112));
#4926=CARTESIAN_POINT('Ctrl Pts',(-13.8829249936054,-24.0464990398158,-7.80204980236282));
#4927=CARTESIAN_POINT('Ctrl Pts',(-14.0527625487364,-24.3408589479263,-6.86863232527741));
#4928=CARTESIAN_POINT('Ctrl Pts',(-14.2292442016164,-24.6460235063282,-5.89419886160523));
#4929=CARTESIAN_POINT('Ctrl Pts',(-14.4121828727072,-24.9624141981467,-4.86504918669319));
#4930=CARTESIAN_POINT('Ctrl Pts',(-14.6009609501338,-25.289516424383,-3.76624073193374));
#4931=CARTESIAN_POINT('Ctrl Pts',(-14.7944145774462,-25.625022941422,-2.58358421391415));
#4932=CARTESIAN_POINT('Ctrl Pts',(-14.9900330057443,-25.9640442314086,-1.31087932453878));
#4933=CARTESIAN_POINT('Ctrl Pts',(-15.1847690714384,-26.3000452371336,0.0450653292681136));
#4934=CARTESIAN_POINT('Ctrl Pts',(-15.372693410605,-26.6264776772387,1.45333888779178));
#4935=CARTESIAN_POINT('Ctrl Pts',(-15.5512166827211,-26.9355785106217,2.85618336842625));
#4936=CARTESIAN_POINT('Ctrl Pts',(-15.722104433339,-27.230411227238,4.22760142106819));
#4937=CARTESIAN_POINT('Ctrl Pts',(-15.8274593059286,-27.4139636725971,5.13986709104048));
#4938=CARTESIAN_POINT('Ctrl Pts',(-15.8781436021524,-27.5017514488026,5.61361202037345));
#4939=CARTESIAN_POINT('',(-4.4394158845042,-33.8805865260902,-3.13833148567203));
#4940=CARTESIAN_POINT('Ctrl Pts',(-13.5619265735403,-23.4899458738903,-9.5897302461044));
#4941=CARTESIAN_POINT('Ctrl Pts',(-12.8871811465169,-24.0743751308432,-9.11241090986171));
#4942=CARTESIAN_POINT('Ctrl Pts',(-11.5716303343834,-25.2432725656851,-8.18167531326798));
#4943=CARTESIAN_POINT('Ctrl Pts',(-9.53629636778688,-27.2165509477886,-6.74277426914304));
#4944=CARTESIAN_POINT('Ctrl Pts',(-6.96264279435639,-30.0014499173538,-4.92249749608798));
#4945=CARTESIAN_POINT('Ctrl Pts',(-5.21644501752249,-32.5347305406534,-3.68777656331368));
#4946=CARTESIAN_POINT('Ctrl Pts',(-4.4394158845042,-33.8805865260902,-3.13833148567203));
#4947=CARTESIAN_POINT('',(-6.09172186097601,-36.4776551373821,4.99733792923915));
#4948=CARTESIAN_POINT('Ctrl Pts',(-4.43941588450421,-33.8805865260903,-3.13833148567203));
#4949=CARTESIAN_POINT('Ctrl Pts',(-4.50521249395237,-33.8805457471983,-3.04532431549511));
#4950=CARTESIAN_POINT('Ctrl Pts',(-4.56938740544094,-33.881835922125,-2.95125863073339));
#4951=CARTESIAN_POINT('Ctrl Pts',(-4.63187894802354,-33.884465118591,-2.85622435178559));
#4952=CARTESIAN_POINT('Ctrl Pts',(-4.69156709893489,-33.8869763684171,-2.76545334263519));
#4953=CARTESIAN_POINT('Ctrl Pts',(-4.74971930347135,-33.8907093800949,-2.67379932481949));
#4954=CARTESIAN_POINT('Ctrl Pts',(-4.80631299001265,-33.8956681668832,-2.58130659582284));
#4955=CARTESIAN_POINT('Ctrl Pts',(-4.86344014825135,-33.9006736969138,-2.48794199831664));
#4956=CARTESIAN_POINT('Ctrl Pts',(-4.91898411584733,-33.9069286098253,-2.39371485131191));
#4957=CARTESIAN_POINT('Ctrl Pts',(-4.97292478412971,-33.9144291203119,-2.29868089293093));
#4958=CARTESIAN_POINT('Ctrl Pts',(-5.03282234180567,-33.9227579429567,-2.19315194446667));
#4959=CARTESIAN_POINT('Ctrl Pts',(-5.09074231076739,-33.9326224052504,-2.08662855393386));
#4960=CARTESIAN_POINT('Ctrl Pts',(-5.14663281959731,-33.9440076123153,-1.97925181045447));
#4961=CARTESIAN_POINT('Ctrl Pts',(-5.21582311162746,-33.9581020590851,-1.84632354778298));
#4962=CARTESIAN_POINT('Ctrl Pts',(-5.28190144294406,-33.9745265533687,-1.71208865119937));
#4963=CARTESIAN_POINT('Ctrl Pts',(-5.34475221156604,-33.9932454543183,-1.57690053972579));
#4964=CARTESIAN_POINT('Ctrl Pts',(-5.41066849548888,-34.0128773604473,-1.43511869466226));
#4965=CARTESIAN_POINT('Ctrl Pts',(-5.47303141269856,-34.0350320711434,-1.29229483890961));
#4966=CARTESIAN_POINT('Ctrl Pts',(-5.53173317530426,-34.0596739508944,-1.1488562550118));
#4967=CARTESIAN_POINT('Ctrl Pts',(-5.57565213077622,-34.0781102903072,-1.04153966860052));
#4968=CARTESIAN_POINT('Ctrl Pts',(-5.61752208546435,-34.0979389867761,-0.933880126329658));
#4969=CARTESIAN_POINT('Ctrl Pts',(-5.65732259009179,-34.1191505172689,-0.826027698594425));
#4970=CARTESIAN_POINT('Ctrl Pts',(-5.69327180519092,-34.1383095173721,-0.728611593951787));
#4971=CARTESIAN_POINT('Ctrl Pts',(-5.72753270881676,-34.1585967405717,-0.631038717797713));
#4972=CARTESIAN_POINT('Ctrl Pts',(-5.76011161185836,-34.1800090774881,-0.533382496229693));
#4973=CARTESIAN_POINT('Ctrl Pts',(-5.80101773844315,-34.2068944444773,-0.410765176789737));
#4974=CARTESIAN_POINT('Ctrl Pts',(-5.83927204845571,-34.2355555140644,-0.288014606670902));
#4975=CARTESIAN_POINT('Ctrl Pts',(-5.8749341519868,-34.2659862149038,-0.165187478554019));
#4976=CARTESIAN_POINT('Ctrl Pts',(-5.90480321372527,-34.2914736761615,-0.0623126980553161));
#4977=CARTESIAN_POINT('Ctrl Pts',(-5.93285452640454,-34.3182019870553,0.040616882615203));
#4978=CARTESIAN_POINT('Ctrl Pts',(-5.95912123806351,-34.3461395393431,0.143517231544253));
#4979=CARTESIAN_POINT('Ctrl Pts',(-5.99053021277838,-34.379546456996,0.266562495055922));
#4980=CARTESIAN_POINT('Ctrl Pts',(-6.0193867090445,-34.4146821613995,0.389564938166719));
#4981=CARTESIAN_POINT('Ctrl Pts',(-6.04574934680252,-34.4514584660406,0.51231416790035));
#4982=CARTESIAN_POINT('Ctrl Pts',(-6.0750826610646,-34.4923789122925,0.648895407010572));
#4983=CARTESIAN_POINT('Ctrl Pts',(-6.10132714562042,-34.5353289208403,0.78515805593231));
#4984=CARTESIAN_POINT('Ctrl Pts',(-6.12458289613567,-34.5801642048605,0.920786775832116));
#4985=CARTESIAN_POINT('Ctrl Pts',(-6.14262480237514,-34.6149476013363,1.02600809071534));
#4986=CARTESIAN_POINT('Ctrl Pts',(-6.15886822592102,-34.6508649421964,1.1308463057156));
#4987=CARTESIAN_POINT('Ctrl Pts',(-6.17337341186028,-34.6878511912579,1.23517972009575));
#4988=CARTESIAN_POINT('Ctrl Pts',(-6.18643884552164,-34.7211662680531,1.32915723337651));
#4989=CARTESIAN_POINT('Ctrl Pts',(-6.19809409103447,-34.7553483702983,1.42272453124111));
#4990=CARTESIAN_POINT('Ctrl Pts',(-6.20839306410211,-34.7903573663247,1.51582880771749));
#4991=CARTESIAN_POINT('Ctrl Pts',(-6.21844215159291,-34.8245169336645,1.6066740807301));
#4992=CARTESIAN_POINT('Ctrl Pts',(-6.22720000301072,-34.8594635491365,1.69707768544579));
#4993=CARTESIAN_POINT('Ctrl Pts',(-6.23472588912482,-34.8951704187282,1.78703790004568));
#4994=CARTESIAN_POINT('Ctrl Pts',(-6.24187380540203,-34.9290839952151,1.87248007555708));
#4995=CARTESIAN_POINT('Ctrl Pts',(-6.24791045925037,-34.9636850974701,1.95752548556374));
#4996=CARTESIAN_POINT('Ctrl Pts',(-6.25289427585201,-34.9989557423065,2.04221116207926));
#4997=CARTESIAN_POINT('Ctrl Pts',(-6.25790169943834,-35.0343934546013,2.12729797162771));
#4998=CARTESIAN_POINT('Ctrl Pts',(-6.26184635985575,-35.0705075043907,2.21202314780647));
#4999=CARTESIAN_POINT('Ctrl Pts',(-6.26479482766687,-35.1072400457325,2.2963728962641));
#5000=CARTESIAN_POINT('Ctrl Pts',(-6.26852517364574,-35.1537133656619,2.40309061038993));
#5001=CARTESIAN_POINT('Ctrl Pts',(-6.27066090387404,-35.201175671943,2.50920557442227));
#5002=CARTESIAN_POINT('Ctrl Pts',(-6.27134884407102,-35.249453254186,2.61461455570385));
#5003=CARTESIAN_POINT('Ctrl Pts',(-6.27203118549962,-35.2973379316357,2.71916567103435));
#5004=CARTESIAN_POINT('Ctrl Pts',(-6.27128997940072,-35.3460207689421,2.82301615468119));
#5005=CARTESIAN_POINT('Ctrl Pts',(-6.26927237206877,-35.395326577625,2.92606846492063));
#5006=CARTESIAN_POINT('Ctrl Pts',(-6.26773507263283,-35.4328947360456,3.00458833144575));
#5007=CARTESIAN_POINT('Ctrl Pts',(-6.26545697080721,-35.4708240508712,3.08264417794269));
#5008=CARTESIAN_POINT('Ctrl Pts',(-6.26249996509957,-35.5090553431252,3.16022705589629));
#5009=CARTESIAN_POINT('Ctrl Pts',(-6.2598275769721,-35.5436067987594,3.23034243017582));
#5010=CARTESIAN_POINT('Ctrl Pts',(-6.2566008056099,-35.5784046344129,3.30007107408248));
#5011=CARTESIAN_POINT('Ctrl Pts',(-6.25286036026571,-35.6134267795766,3.36944478032227));
#5012=CARTESIAN_POINT('Ctrl Pts',(-6.24909232944052,-35.6487072102202,3.43933011201835));
#5013=CARTESIAN_POINT('Ctrl Pts',(-6.24480273388917,-35.6842160272461,3.50885571199407));
#5014=CARTESIAN_POINT('Ctrl Pts',(-6.24002702852384,-35.7199558797833,3.57810157753614));
#5015=CARTESIAN_POINT('Ctrl Pts',(-6.23578411424241,-35.7517084941401,3.63962218012019));
#5016=CARTESIAN_POINT('Ctrl Pts',(-6.23115679240374,-35.7836455879423,3.70092489323579));
#5017=CARTESIAN_POINT('Ctrl Pts',(-6.22618471065544,-35.8157344329461,3.762040805781));
#5018=CARTESIAN_POINT('Ctrl Pts',(-6.22040473261376,-35.8530372829179,3.8330872306772));
#5019=CARTESIAN_POINT('Ctrl Pts',(-6.21415913974524,-35.8905445779529,3.90388072693691));
#5020=CARTESIAN_POINT('Ctrl Pts',(-6.20753087418546,-35.9281543317231,3.97442734974906));
#5021=CARTESIAN_POINT('Ctrl Pts',(-6.19938226484643,-35.9743907397317,4.06115544841976));
#5022=CARTESIAN_POINT('Ctrl Pts',(-6.19065690175262,-36.0207786429544,4.14750766231066));
#5023=CARTESIAN_POINT('Ctrl Pts',(-6.18152391423385,-36.0670871136594,4.23345914228533));
#5024=CARTESIAN_POINT('Ctrl Pts',(-6.17457686224512,-36.1023118802371,4.2988385593343));
#5025=CARTESIAN_POINT('Ctrl Pts',(-6.16739468063997,-36.1374889735728,4.36398462409423));
#5026=CARTESIAN_POINT('Ctrl Pts',(-6.1600439069902,-36.1725304682196,4.42889751956288));
#5027=CARTESIAN_POINT('Ctrl Pts',(-6.15337050019389,-36.2043429222102,4.48782875298505));
#5028=CARTESIAN_POINT('Ctrl Pts',(-6.14655845522142,-36.2360429499067,4.54656722414206));
#5029=CARTESIAN_POINT('Ctrl Pts',(-6.13964420070116,-36.2675910539096,4.60513522885448));
#5030=CARTESIAN_POINT('Ctrl Pts',(-6.13315790122897,-36.2971865004966,4.66007819008634));
#5031=CARTESIAN_POINT('Ctrl Pts',(-6.12658186095596,-36.3266478346054,4.71487076480104));
#5032=CARTESIAN_POINT('Ctrl Pts',(-6.11993025657279,-36.3559740529199,4.76955830128091));
#5033=CARTESIAN_POINT('Ctrl Pts',(-6.11371248542109,-36.3833875465255,4.82067898842563));
#5034=CARTESIAN_POINT('Ctrl Pts',(-6.10742877703282,-36.4106828089121,4.8717077364841));
#5035=CARTESIAN_POINT('Ctrl Pts',(-6.10107438583321,-36.4378913474921,4.92270935940159));
#5036=CARTESIAN_POINT('Ctrl Pts',(-6.09797469354166,-36.4511637593805,4.94758811370679));
#5037=CARTESIAN_POINT('Ctrl Pts',(-6.09485791877269,-36.4644160554153,4.9724608616419));
#5038=CARTESIAN_POINT('Ctrl Pts',(-6.09172186097602,-36.4776551373821,4.99733792923916));
#5039=CARTESIAN_POINT('Origin',(-30.5461191081936,-52.9074302694419,-0.663487486301055));
#5040=CARTESIAN_POINT('Ctrl Pts',(-13.5619265735403,-23.4899458738903,-9.5897302461044));
#5041=CARTESIAN_POINT('Ctrl Pts',(-12.8871811465169,-24.0743751308432,-9.11241090986171));
#5042=CARTESIAN_POINT('Ctrl Pts',(-11.5716303343834,-25.2432725656851,-8.18167531326798));
#5043=CARTESIAN_POINT('Ctrl Pts',(-9.53629636778688,-27.2165509477886,-6.74277426914304));
#5044=CARTESIAN_POINT('Ctrl Pts',(-6.96264279435639,-30.0014499173538,-4.92249749608798));
#5045=CARTESIAN_POINT('Ctrl Pts',(-5.21644501752249,-32.5347305406534,-3.68777656331368));
#5046=CARTESIAN_POINT('Ctrl Pts',(-4.4394158845042,-33.8805865260902,-3.13833148567203));
#5047=CARTESIAN_POINT('Ctrl Pts',(-13.3023577589642,-23.5798834752871,-9.73651475193506));
#5048=CARTESIAN_POINT('Ctrl Pts',(-12.6405625345756,-24.1565395199249,-9.26349206973445));
#5049=CARTESIAN_POINT('Ctrl Pts',(-11.3452685999608,-25.3142769488039,-8.34069842787086));
#5050=CARTESIAN_POINT('Ctrl Pts',(-9.32998604929782,-27.277143955844,-6.909189499551));
#5051=CARTESIAN_POINT('Ctrl Pts',(-6.77718107539935,-30.0501864579634,-5.10573151364437));
#5052=CARTESIAN_POINT('Ctrl Pts',(-5.06387376655438,-32.5520681755568,-3.88232510024444));
#5053=CARTESIAN_POINT('Ctrl Pts',(-4.29994868254504,-33.8806729639478,-3.33547613940885));
#5054=CARTESIAN_POINT('Ctrl Pts',(-12.7811322834146,-23.7625903039206,-10.0327114455257));
#5055=CARTESIAN_POINT('Ctrl Pts',(-12.1434711517986,-24.3242365591665,-9.56783365520706));
#5056=CARTESIAN_POINT('Ctrl Pts',(-10.8858723999831,-25.4604110405363,-8.65914885906608));
#5057=CARTESIAN_POINT('Ctrl Pts',(-8.90612574689643,-27.4046614151231,-7.23922244045659));
#5058=CARTESIAN_POINT('Ctrl Pts',(-6.39341075745046,-30.1551595826558,-5.46597388553176));
#5059=CARTESIAN_POINT('Ctrl Pts',(-4.7454119332037,-32.5955817449358,-4.26323254547748));
#5060=CARTESIAN_POINT('Ctrl Pts',(-4.00639250296037,-33.8927995044621,-3.72028234730499));
#5061=CARTESIAN_POINT('Ctrl Pts',(-11.9836486111265,-24.0462152432041,-10.4887273780488));
#5062=CARTESIAN_POINT('Ctrl Pts',(-11.3767896090445,-24.587488355684,-10.033703992874));
#5063=CARTESIAN_POINT('Ctrl Pts',(-10.169368632398,-25.693459585907,-9.13905847033198));
#5064=CARTESIAN_POINT('Ctrl Pts',(-8.22972435952347,-27.6177205345104,-7.72543227865424));
#5065=CARTESIAN_POINT('Ctrl Pts',(-5.77984343044442,-30.3353907832326,-5.98504017705375));
#5066=CARTESIAN_POINT('Ctrl Pts',(-4.23107154950619,-32.6883693221542,-4.80429157500969));
#5067=CARTESIAN_POINT('Ctrl Pts',(-3.52797416536331,-33.9464237123804,-4.26205164860137));
#5068=CARTESIAN_POINT('Ctrl Pts',(-11.1602823010643,-24.3404788345194,-10.9601482043228));
#5069=CARTESIAN_POINT('Ctrl Pts',(-10.5800428392341,-24.8633569538925,-10.5112669649499));
#5070=CARTESIAN_POINT('Ctrl Pts',(-9.41692594971208,-25.9423256221275,-9.62180927285621));
#5071=CARTESIAN_POINT('Ctrl Pts',(-7.50704716905218,-27.8548054736211,-8.20124124382729));
#5072=CARTESIAN_POINT('Ctrl Pts',(-5.13104143815102,-30.5383405607003,-6.47912514087127));
#5073=CARTESIAN_POINT('Ctrl Pts',(-3.6847838545072,-32.8099280125718,-5.30894551760574));
#5074=CARTESIAN_POINT('Ctrl Pts',(-3.01827381147442,-34.0354243028805,-4.76182509925677));
#5075=CARTESIAN_POINT('Ctrl Pts',(-10.3002574322509,-24.6458987084163,-11.4509309284314));
#5076=CARTESIAN_POINT('Ctrl Pts',(-9.7434680345535,-25.1525134318619,-11.0030986798745));
#5077=CARTESIAN_POINT('Ctrl Pts',(-8.61771738190516,-26.2094143668992,-10.1083877373991));
#5078=CARTESIAN_POINT('Ctrl Pts',(-6.73315295201407,-28.1175551649817,-8.66527092148319));
#5079=CARTESIAN_POINT('Ctrl Pts',(-4.44914527898046,-30.7640564324572,-6.94626723542857));
#5080=CARTESIAN_POINT('Ctrl Pts',(-3.10874577939874,-32.9621050683405,-5.77467031905567));
#5081=CARTESIAN_POINT('Ctrl Pts',(-2.48072830026834,-34.1603107871055,-5.21782687665331));
#5082=CARTESIAN_POINT('Ctrl Pts',(-9.39081016063274,-24.9625235908248,-11.9660746215962));
#5083=CARTESIAN_POINT('Ctrl Pts',(-8.85467424594197,-25.455584393531,-11.5128070177827));
#5084=CARTESIAN_POINT('Ctrl Pts',(-7.75872269671623,-26.4966882827971,-10.6004964971246));
#5085=CARTESIAN_POINT('Ctrl Pts',(-5.903833568511,-28.4064390238134,-9.11705851405892));
#5086=CARTESIAN_POINT('Ctrl Pts',(-3.73693169618841,-31.0117832485334,-7.38526244151308));
#5087=CARTESIAN_POINT('Ctrl Pts',(-2.50618157292866,-33.1455909261678,-6.19952315047646));
#5088=CARTESIAN_POINT('Ctrl Pts',(-1.92039373490057,-34.3200239890525,-5.62864529853956));
#5089=CARTESIAN_POINT('Ctrl Pts',(-8.41780688079934,-25.2895613146719,-12.5104311167267));
#5090=CARTESIAN_POINT('Ctrl Pts',(-7.8993868323548,-25.7725804782087,-12.0437582793959));
#5091=CARTESIAN_POINT('Ctrl Pts',(-6.83087487613233,-26.8038528719393,-11.097266944932));
#5092=CARTESIAN_POINT('Ctrl Pts',(-5.02074429902776,-28.7196563623344,-9.55376712369463));
#5093=CARTESIAN_POINT('Ctrl Pts',(-3.00314552989032,-31.2795188982237,-7.79117951536946));
#5094=CARTESIAN_POINT('Ctrl Pts',(-1.8849113332777,-33.3596922058958,-6.57925842287428));
#5095=CARTESIAN_POINT('Ctrl Pts',(-1.3461398030748,-34.5121072570084,-5.99133186090651));
#5096=CARTESIAN_POINT('Ctrl Pts',(-7.36739774026944,-25.6248503288982,-13.0873949656293));
#5097=CARTESIAN_POINT('Ctrl Pts',(-6.86672166210078,-26.1012866921123,-12.5965689610633));
#5098=CARTESIAN_POINT('Ctrl Pts',(-5.83058643562048,-27.1289014247541,-11.5955312985385));
#5099=CARTESIAN_POINT('Ctrl Pts',(-4.09271599691731,-29.0536670879471,-9.97041069214555));
#5100=CARTESIAN_POINT('Ctrl Pts',(-2.25875801353839,-31.5661549917801,-8.15784291952632));
#5101=CARTESIAN_POINT('Ctrl Pts',(-1.25286910355423,-33.6038410275131,-6.91086916006625));
#5102=CARTESIAN_POINT('Ctrl Pts',(-0.765442217694936,-34.7343979922744,
-6.30514223592689));
#5103=CARTESIAN_POINT('Ctrl Pts',(-6.23274400843499,-25.9637715022461,-13.6962242414405));
#5104=CARTESIAN_POINT('Ctrl Pts',(-5.75379910683746,-26.4374314145235,-13.1680417874759));
#5105=CARTESIAN_POINT('Ctrl Pts',(-4.76159061002494,-27.468715098375,-12.0902904792415));
#5106=CARTESIAN_POINT('Ctrl Pts',(-3.13355625465682,-29.4052989307078,-10.3606633683465));
#5107=CARTESIAN_POINT('Ctrl Pts',(-1.50914040552476,-31.8743063641819,-8.48124936131974));
#5108=CARTESIAN_POINT('Ctrl Pts',(-0.611837489575985,-33.8791374995536,
-7.19578938885046));
#5109=CARTESIAN_POINT('Ctrl Pts',(-0.179458349825059,-34.9859855624072,
-6.57393820060222));
#5110=CARTESIAN_POINT('Ctrl Pts',(-5.0188862535436,-26.3004183850327,-14.3307500033429));
#5111=CARTESIAN_POINT('Ctrl Pts',(-4.56778805671243,-26.7761896560388,-13.7516092824845));
#5112=CARTESIAN_POINT('Ctrl Pts',(-3.63640279140414,-27.8197185275636,-12.5746195239172));
#5113=CARTESIAN_POINT('Ctrl Pts',(-2.15963986555488,-29.7728042022089,-10.7169254523866));
#5114=CARTESIAN_POINT('Ctrl Pts',(-0.756940958773418,-32.2071928438808,
-8.75831746381567));
#5115=CARTESIAN_POINT('Ctrl Pts',(0.0328664638977183,-34.1825589490357,
-7.43598120107192));
#5116=CARTESIAN_POINT('Ctrl Pts',(0.406045074526166,-35.2613947585915,-6.80128227543551));
#5117=CARTESIAN_POINT('Ctrl Pts',(-3.75406541493564,-26.6263818567929,-14.9781171110507));
#5118=CARTESIAN_POINT('Ctrl Pts',(-3.33843834020897,-27.1099515077333,-14.3336773662922));
#5119=CARTESIAN_POINT('Ctrl Pts',(-2.49004351892203,-28.1756225491524,-13.0320957107184));
#5120=CARTESIAN_POINT('Ctrl Pts',(-1.19406241365457,-30.1532071322334,-11.0290367134615));
#5121=CARTESIAN_POINT('Ctrl Pts',(-0.0096581821232361,-32.564999280017,
-8.98465696111801));
#5122=CARTESIAN_POINT('Ctrl Pts',(0.671698207515455,-34.5076127368546,-7.63340468568856));
#5123=CARTESIAN_POINT('Ctrl Pts',(0.983272550018245,-35.5533245918908,-6.99079734806036));
#5124=CARTESIAN_POINT('Ctrl Pts',(-2.49092680065408,-26.9355379623037,-15.6139550340061));
#5125=CARTESIAN_POINT('Ctrl Pts',(-2.11375012092648,-27.4344637726095,-14.8915895152818));
#5126=CARTESIAN_POINT('Ctrl Pts',(-1.35475160965848,-28.536584907981,-13.4481021996007));
#5127=CARTESIAN_POINT('Ctrl Pts',(-0.246038266779129,-30.5505713706615,
-11.2897643800745));
#5128=CARTESIAN_POINT('Ctrl Pts',(0.743059970847197,-32.9570948290079,-9.15939072570162));
#5129=CARTESIAN_POINT('Ctrl Pts',(1.30714394774031,-34.8537042191864,-7.79380631196758));
#5130=CARTESIAN_POINT('Ctrl Pts',(1.55596095998894,-35.8606587423494,-7.1491965579961));
#5131=CARTESIAN_POINT('Ctrl Pts',(-1.25457104321695,-27.2309474538425,-16.2312670317604));
#5132=CARTESIAN_POINT('Ctrl Pts',(-0.907812140221319,-27.7547156416671,
-15.4204569499784));
#5133=CARTESIAN_POINT('Ctrl Pts',(-0.22922627426907,-28.9096758159888,-13.8183320559214));
#5134=CARTESIAN_POINT('Ctrl Pts',(0.698440141063672,-30.9716569719217,-11.4998445984677));
#5135=CARTESIAN_POINT('Ctrl Pts',(1.50967455092053,-33.3811269436344,-9.29195942394031));
#5136=CARTESIAN_POINT('Ctrl Pts',(1.93960976909331,-35.2120365326226,-7.92698627605168));
#5137=CARTESIAN_POINT('Ctrl Pts',(2.12344517877038,-36.1738868978547,-7.28579150801956));
#5138=CARTESIAN_POINT('Ctrl Pts',(-0.429906602679795,-27.4139636725971,
-16.6355607692484));
#5139=CARTESIAN_POINT('Ctrl Pts',(-0.0988737482643579,-27.9599722345113,
-15.7584765808043));
#5140=CARTESIAN_POINT('Ctrl Pts',(0.528241020227176,-29.1583023221261,-14.0427155405986));
#5141=CARTESIAN_POINT('Ctrl Pts',(1.34530377962933,-31.2642417447113,-11.6156561225743));
#5142=CARTESIAN_POINT('Ctrl Pts',(2.01787516903524,-33.6661256889885,-9.36411001303443));
#5143=CARTESIAN_POINT('Ctrl Pts',(2.35544037678174,-35.4479321067183,-8.00503622087578));
#5144=CARTESIAN_POINT('Ctrl Pts',(2.49497199308562,-36.3771505710225,-7.36860412477648));
#5145=CARTESIAN_POINT('Ctrl Pts',(-0.000150365308941858,-27.5017514488026,
-16.8412613584388));
#5146=CARTESIAN_POINT('Ctrl Pts',(0.322320706464872,-28.060287729086,-15.9291754320877));
#5147=CARTESIAN_POINT('Ctrl Pts',(0.922261569777715,-29.2831435907758,-14.1538760699551));
#5148=CARTESIAN_POINT('Ctrl Pts',(1.67595478511917,-31.411918058254,-11.6707293813116));
#5149=CARTESIAN_POINT('Ctrl Pts',(2.27403383938055,-33.808645930018,-9.3983410722582));
#5150=CARTESIAN_POINT('Ctrl Pts',(2.56404012339914,-35.565180892963,-8.04280626919636));
#5151=CARTESIAN_POINT('Ctrl Pts',(2.68096142986897,-36.4776551373821,-7.40910975907767));
#5152=CARTESIAN_POINT('',(-0.000150365308941997,-27.5017514488026,-16.8412613584388));
#5153=CARTESIAN_POINT('Ctrl Pts',(-13.5619265735403,-23.4899458738903,-9.5897302461044));
#5154=CARTESIAN_POINT('Ctrl Pts',(-13.3023577589642,-23.5798834752871,-9.73651475193506));
#5155=CARTESIAN_POINT('Ctrl Pts',(-12.7811322834146,-23.7625903039206,-10.0327114455257));
#5156=CARTESIAN_POINT('Ctrl Pts',(-11.9836486111266,-24.046215243204,-10.4887273780488));
#5157=CARTESIAN_POINT('Ctrl Pts',(-11.1602823010643,-24.3404788345194,-10.9601482043228));
#5158=CARTESIAN_POINT('Ctrl Pts',(-10.3002574322509,-24.6458987084163,-11.4509309284314));
#5159=CARTESIAN_POINT('Ctrl Pts',(-9.39081016063273,-24.9625235908248,-11.9660746215962));
#5160=CARTESIAN_POINT('Ctrl Pts',(-8.41780688079934,-25.2895613146719,-12.5104311167267));
#5161=CARTESIAN_POINT('Ctrl Pts',(-7.36739774026944,-25.6248503288982,-13.0873949656293));
#5162=CARTESIAN_POINT('Ctrl Pts',(-6.232744008435,-25.9637715022461,-13.6962242414405));
#5163=CARTESIAN_POINT('Ctrl Pts',(-5.01888625354359,-26.3004183850327,-14.3307500033429));
#5164=CARTESIAN_POINT('Ctrl Pts',(-3.75406541493564,-26.626381856793,-14.9781171110507));
#5165=CARTESIAN_POINT('Ctrl Pts',(-2.49092680065407,-26.9355379623037,-15.6139550340061));
#5166=CARTESIAN_POINT('Ctrl Pts',(-1.25457104321696,-27.2309474538424,-16.2312670317605));
#5167=CARTESIAN_POINT('Ctrl Pts',(-0.429906602679795,-27.4139636725971,
-16.6355607692484));
#5168=CARTESIAN_POINT('Ctrl Pts',(-0.000150365308944078,-27.5017514488026,
-16.8412613584388));
#5169=CARTESIAN_POINT('',(2.68096142986898,-36.4776551373821,-7.40910975907767));
#5170=CARTESIAN_POINT('Origin',(-10.8075817037924,-52.9074302694419,-28.5779947850139));
#5171=CARTESIAN_POINT('Ctrl Pts',(2.68096142986898,-36.4776551373821,-7.40910975907767));
#5172=CARTESIAN_POINT('Ctrl Pts',(2.62595872942042,-36.4479328980292,-7.39713101819605));
#5173=CARTESIAN_POINT('Ctrl Pts',(2.5710066417022,-36.418141889444,-7.38506826510779));
#5174=CARTESIAN_POINT('Ctrl Pts',(2.51601345155528,-36.3882348846227,-7.3728985008188));
#5175=CARTESIAN_POINT('Ctrl Pts',(2.45832124364441,-36.3568600701134,-7.36013145512258));
#5176=CARTESIAN_POINT('Ctrl Pts',(2.40058399992732,-36.3253577787639,-7.347246590331));
#5177=CARTESIAN_POINT('Ctrl Pts',(2.34273739000778,-36.293713469041,-7.33421048594554));
#5178=CARTESIAN_POINT('Ctrl Pts',(2.28115244732251,-36.2600241482094,-7.32033192430582));
#5179=CARTESIAN_POINT('Ctrl Pts',(2.21944381332668,-36.2261741168968,-7.30628188798614));
#5180=CARTESIAN_POINT('Ctrl Pts',(2.15757633919709,-36.1921867673061,-7.29201323413726));
#5181=CARTESIAN_POINT('Ctrl Pts',(2.08973330802155,-36.1549167017296,-7.27636642227817));
#5182=CARTESIAN_POINT('Ctrl Pts',(2.02169966788136,-36.1174819110936,-7.26045664836161));
#5183=CARTESIAN_POINT('Ctrl Pts',(1.9534736629131,-36.0799561011704,-7.24421479571867));
#5184=CARTESIAN_POINT('Ctrl Pts',(1.86967007307104,-36.0338622754399,-7.22426455009316));
#5185=CARTESIAN_POINT('Ctrl Pts',(1.78557695014083,-35.9876319253008,-7.20381315827649));
#5186=CARTESIAN_POINT('Ctrl Pts',(1.7012486966321,-35.9414559692597,-7.18272373870986));
#5187=CARTESIAN_POINT('Ctrl Pts',(1.60860933738377,-35.8907290681046,-7.15955581770734));
#5188=CARTESIAN_POINT('Ctrl Pts',(1.51569050117913,-35.8400722894785,-7.13561731672901));
#5189=CARTESIAN_POINT('Ctrl Pts',(1.42258534200659,-35.7897539102556,-7.11072320918725));
#5190=CARTESIAN_POINT('Ctrl Pts',(1.3524908091291,-35.7518715488685,-7.09198159642324));
#5191=CARTESIAN_POINT('Ctrl Pts',(1.28229166285381,-35.7141819018216,-7.07269822500467));
#5192=CARTESIAN_POINT('Ctrl Pts',(1.21200942635149,-35.676777972798,-7.05279625847073));
#5193=CARTESIAN_POINT('Ctrl Pts',(1.14628672333482,-35.6418006095093,-7.03418542448119));
#5194=CARTESIAN_POINT('Ctrl Pts',(1.08049201865048,-35.6070737916003,-7.01503358456119));
#5195=CARTESIAN_POINT('Ctrl Pts',(1.01461447336358,-35.5726419178794,-6.99528123006604));
#5196=CARTESIAN_POINT('Ctrl Pts',(0.93033213484453,-35.5285905066716,-6.97001048537058));
#5197=CARTESIAN_POINT('Ctrl Pts',(0.845912220120205,-35.485021736225,-6.94375584901333));
#5198=CARTESIAN_POINT('Ctrl Pts',(0.761260109877064,-35.4419414245136,-6.9164052405185));
#5199=CARTESIAN_POINT('Ctrl Pts',(0.687257952304194,-35.4042809810066,-6.89249557029605));
#5200=CARTESIAN_POINT('Ctrl Pts',(0.613077165039102,-35.3669920189956,-6.86774868448033));
#5201=CARTESIAN_POINT('Ctrl Pts',(0.538703897850809,-35.3300994446561,-6.84210437205412));
#5202=CARTESIAN_POINT('Ctrl Pts',(0.457443387539624,-35.2897904797437,-6.8140853002409));
#5203=CARTESIAN_POINT('Ctrl Pts',(0.375953582242728,-35.2499549770475,-6.78499490500555));
#5204=CARTESIAN_POINT('Ctrl Pts',(0.294273436382383,-35.2106539406392,-6.75477063482005));
#5205=CARTESIAN_POINT('Ctrl Pts',(0.197500399371011,-35.1640908424609,-6.71896151148298));
#5206=CARTESIAN_POINT('Ctrl Pts',(0.100461071649394,-35.1182785728279,-6.68156074245368));
#5207=CARTESIAN_POINT('Ctrl Pts',(0.00328754761665984,-35.0733510314818,
-6.64248657284432));
#5208=CARTESIAN_POINT('Ctrl Pts',(-0.104863091962787,-35.0233482927762,
-6.5989984264963));
#5209=CARTESIAN_POINT('Ctrl Pts',(-0.213175737581674,-34.9744440893975,
-6.55343834081973));
#5210=CARTESIAN_POINT('Ctrl Pts',(-0.32143375404749,-34.9268336979524,-6.50571223597374));
#5211=CARTESIAN_POINT('Ctrl Pts',(-0.41610798803526,-34.8851972678102,-6.46397461168482));
#5212=CARTESIAN_POINT('Ctrl Pts',(-0.510737624292216,-34.8445519802566,
-6.42058142398611));
#5213=CARTESIAN_POINT('Ctrl Pts',(-0.605203486892494,-34.8050059024666,
-6.37546887920721));
#5214=CARTESIAN_POINT('Ctrl Pts',(-0.683681064766978,-34.7721529721702,
-6.33799160277579));
#5215=CARTESIAN_POINT('Ctrl Pts',(-0.762045343288007,-34.7400587902359,
-6.29932796209976));
#5216=CARTESIAN_POINT('Ctrl Pts',(-0.840262025260193,-34.7087600603108,
-6.25943414340708));
#5217=CARTESIAN_POINT('Ctrl Pts',(-0.927344094957401,-34.6739138086922,
-6.21501860170564));
#5218=CARTESIAN_POINT('Ctrl Pts',(-1.01424734503146,-34.6400520782025,-6.16907617844508));
#5219=CARTESIAN_POINT('Ctrl Pts',(-1.10096778366687,-34.6071875612424,-6.12153915437022));
#5220=CARTESIAN_POINT('Ctrl Pts',(-1.18777132678013,-34.574291550109,-6.07395657541088));
#5221=CARTESIAN_POINT('Ctrl Pts',(-1.27439233176612,-34.5423940091367,-6.02477604238519));
#5222=CARTESIAN_POINT('Ctrl Pts',(-1.36077751622609,-34.5115153595766,-5.97396361115848));
#5223=CARTESIAN_POINT('Ctrl Pts',(-1.45481477974081,-34.4779014508512,-5.91865016806102));
#5224=CARTESIAN_POINT('Ctrl Pts',(-1.54857198106405,-34.4454950111358,-5.86140297547206));
#5225=CARTESIAN_POINT('Ctrl Pts',(-1.64192732478065,-34.4143332416697,-5.80221828467969));
#5226=CARTESIAN_POINT('Ctrl Pts',(-1.74934374174303,-34.3784779227454,-5.73411926462529));
#5227=CARTESIAN_POINT('Ctrl Pts',(-1.85622689254992,-34.344270706731,-5.66345529089658));
#5228=CARTESIAN_POINT('Ctrl Pts',(-1.96233786533592,-34.3117798001849,-5.59027092303154));
#5229=CARTESIAN_POINT('Ctrl Pts',(-2.08296791657947,-34.2748431892133,-5.5070727973901));
#5230=CARTESIAN_POINT('Ctrl Pts',(-2.20259603974836,-34.2401258531577,-5.42061908942734));
#5231=CARTESIAN_POINT('Ctrl Pts',(-2.32084933470497,-34.20773099512,-5.33102180441704));
#5232=CARTESIAN_POINT('Ctrl Pts',(-2.41989182221244,-34.1805988350927,-5.25598002241348));
#5233=CARTESIAN_POINT('Ctrl Pts',(-2.51796800156334,-34.1550964875436,-5.17873505803036));
#5234=CARTESIAN_POINT('Ctrl Pts',(-2.61488450508471,-34.1312743389115,-5.09935448378755));
#5235=CARTESIAN_POINT('Ctrl Pts',(-2.69968644566592,-34.1104299588584,-5.0298964813251));
#5236=CARTESIAN_POINT('Ctrl Pts',(-2.78360010490301,-34.090872205484,-4.95880407864954));
#5237=CARTESIAN_POINT('Ctrl Pts',(-2.86652984751175,-34.0726213038584,-4.88610894733654));
#5238=CARTESIAN_POINT('Ctrl Pts',(-2.9476099547447,-34.0547774638275,-4.81503518228243));
#5239=CARTESIAN_POINT('Ctrl Pts',(-3.02774901646035,-34.038183189858,-4.74242996459166));
#5240=CARTESIAN_POINT('Ctrl Pts',(-3.10690007539664,-34.0228390091326,-4.66829951010999));
#5241=CARTESIAN_POINT('Ctrl Pts',(-3.18670238861865,-34.0073685766098,-4.59355911083627));
#5242=CARTESIAN_POINT('Ctrl Pts',(-3.26550644339718,-33.9931671895365,-4.51726295646941));
#5243=CARTESIAN_POINT('Ctrl Pts',(-3.34325455733273,-33.9802284378095,-4.43943856194163));
#5244=CARTESIAN_POINT('Ctrl Pts',(-3.42713476890392,-33.9662691894446,-4.35547605342599));
#5245=CARTESIAN_POINT('Ctrl Pts',(-3.50978525350214,-33.953779444352,-4.26973500551661));
#5246=CARTESIAN_POINT('Ctrl Pts',(-3.59109640300439,-33.942754069365,-4.18230039992252));
#5247=CARTESIAN_POINT('Ctrl Pts',(-3.68487224136742,-33.9300385464755,-4.08146240302148));
#5248=CARTESIAN_POINT('Ctrl Pts',(-3.77686546026826,-33.9192705057216,-3.97837227237493));
#5249=CARTESIAN_POINT('Ctrl Pts',(-3.86687452081021,-33.9104495551735,-3.87322051122077));
#5250=CARTESIAN_POINT('Ctrl Pts',(-3.96773575183462,-33.9005650843688,-3.75539086151065));
#5251=CARTESIAN_POINT('Ctrl Pts',(-4.06610235051298,-33.8931253938776,-3.63497522690076));
#5252=CARTESIAN_POINT('Ctrl Pts',(-4.16168774286785,-33.8881424708994,-3.51228675842926));
#5253=CARTESIAN_POINT('Ctrl Pts',(-4.245208765958,-33.8837884706189,-3.40508349069498));
#5254=CARTESIAN_POINT('Ctrl Pts',(-4.32660490705611,-33.8813106460747,-3.29614754901272));
#5255=CARTESIAN_POINT('Ctrl Pts',(-4.40571456373469,-33.8807227010567,-3.18567969617447));
#5256=CARTESIAN_POINT('Ctrl Pts',(-4.41699488404679,-33.8806388654239,-3.16992798119399));
#5257=CARTESIAN_POINT('Ctrl Pts',(-4.42822878768519,-33.8805934595389,-3.15414506978158));
#5258=CARTESIAN_POINT('Ctrl Pts',(-4.43941588450421,-33.8805865260903,-3.13833148567203));
#5259=CARTESIAN_POINT('Ctrl Pts',(-13.5619265735403,-23.4899458738903,-9.5897302461044));
#5260=CARTESIAN_POINT('Ctrl Pts',(-13.3023577589642,-23.5798834752871,-9.73651475193506));
#5261=CARTESIAN_POINT('Ctrl Pts',(-12.7811322834146,-23.7625903039206,-10.0327114455257));
#5262=CARTESIAN_POINT('Ctrl Pts',(-11.9836486111266,-24.046215243204,-10.4887273780488));
#5263=CARTESIAN_POINT('Ctrl Pts',(-11.1602823010643,-24.3404788345194,-10.9601482043228));
#5264=CARTESIAN_POINT('Ctrl Pts',(-10.3002574322509,-24.6458987084163,-11.4509309284314));
#5265=CARTESIAN_POINT('Ctrl Pts',(-9.39081016063273,-24.9625235908248,-11.9660746215962));
#5266=CARTESIAN_POINT('Ctrl Pts',(-8.41780688079934,-25.2895613146719,-12.5104311167267));
#5267=CARTESIAN_POINT('Ctrl Pts',(-7.36739774026944,-25.6248503288982,-13.0873949656293));
#5268=CARTESIAN_POINT('Ctrl Pts',(-6.232744008435,-25.9637715022461,-13.6962242414405));
#5269=CARTESIAN_POINT('Ctrl Pts',(-5.01888625354359,-26.3004183850327,-14.3307500033429));
#5270=CARTESIAN_POINT('Ctrl Pts',(-3.75406541493564,-26.626381856793,-14.9781171110507));
#5271=CARTESIAN_POINT('Ctrl Pts',(-2.49092680065407,-26.9355379623037,-15.6139550340061));
#5272=CARTESIAN_POINT('Ctrl Pts',(-1.25457104321696,-27.2309474538424,-16.2312670317605));
#5273=CARTESIAN_POINT('Ctrl Pts',(-0.429906602679795,-27.4139636725971,
-16.6355607692484));
#5274=CARTESIAN_POINT('Ctrl Pts',(-0.000150365308944078,-27.5017514488026,
-16.8412613584388));
#5275=CARTESIAN_POINT('Ctrl Pts',(-13.3930733531914,-23.1978138214771,-10.5440992262967));
#5276=CARTESIAN_POINT('Ctrl Pts',(-13.1398957795695,-23.2911085984265,-10.677192387818));
#5277=CARTESIAN_POINT('Ctrl Pts',(-12.6303675649992,-23.4798411410641,-10.9474490825265));
#5278=CARTESIAN_POINT('Ctrl Pts',(-11.8484706095483,-23.7699880872421,-11.3686963168539));
#5279=CARTESIAN_POINT('Ctrl Pts',(-11.0397097379389,-24.0677316220059,-11.8098624755135));
#5280=CARTESIAN_POINT('Ctrl Pts',(-10.1938151150925,-24.3729114117866,-12.2760142969304));
#5281=CARTESIAN_POINT('Ctrl Pts',(-9.29937253900009,-24.6844337442571,-12.7728084918636));
#5282=CARTESIAN_POINT('Ctrl Pts',(-8.34500912557417,-25.0002959330574,-13.3049089246289));
#5283=CARTESIAN_POINT('Ctrl Pts',(-7.31962815056841,-25.3175197858544,-13.8758325955511));
#5284=CARTESIAN_POINT('Ctrl Pts',(-6.21918513409206,-25.6312762590031,-14.4848040428262));
#5285=CARTESIAN_POINT('Ctrl Pts',(-5.05294554085085,-25.9353176632865,-15.1249436616489));
#5286=CARTESIAN_POINT('Ctrl Pts',(-3.85159602113904,-26.221721565675,-15.7836801226257));
#5287=CARTESIAN_POINT('Ctrl Pts',(-2.66076040530435,-26.4866021213447,-16.4398823887506));
#5288=CARTESIAN_POINT('Ctrl Pts',(-1.49920937566967,-26.7305070698111,-17.092638629565));
#5289=CARTESIAN_POINT('Ctrl Pts',(-0.725126437314327,-26.8752707587001,
-17.5297866734585));
#5290=CARTESIAN_POINT('Ctrl Pts',(-0.322621437082757,-26.9432151685191,
-17.7533472847898));
#5291=CARTESIAN_POINT('Ctrl Pts',(-13.07225751042,-22.6429621156212,-12.4289017843349));
#5292=CARTESIAN_POINT('Ctrl Pts',(-12.8293337901644,-22.7428878116868,-12.540318599645));
#5293=CARTESIAN_POINT('Ctrl Pts',(-12.3395255146303,-22.9430289256697,-12.7692561278424));
#5294=CARTESIAN_POINT('Ctrl Pts',(-11.5848423852701,-23.2442650230901,-13.1367763268233));
#5295=CARTESIAN_POINT('Ctrl Pts',(-10.8010266772502,-23.5461849733582,-13.5346182245583));
#5296=CARTESIAN_POINT('Ctrl Pts',(-9.98035619463595,-23.8469403668526,-13.9684365855551));
#5297=CARTESIAN_POINT('Ctrl Pts',(-9.11601562079716,-24.1438377911614,-14.443429498499));
#5298=CARTESIAN_POINT('Ctrl Pts',(-8.19991669521418,-24.4342474637753,-14.9650378202762));
#5299=CARTESIAN_POINT('Ctrl Pts',(-7.22525305879398,-24.7151668516724,-15.5364098961043));
#5300=CARTESIAN_POINT('Ctrl Pts',(-6.19618516053308,-24.981418460151,-16.1541652168528));
#5301=CARTESIAN_POINT('Ctrl Pts',(-5.13367813960818,-25.2266739070504,-16.8079540681425));
#5302=CARTESIAN_POINT('Ctrl Pts',(-4.06611639312978,-25.4469328638536,-17.4876111243619));
#5303=CARTESIAN_POINT('Ctrl Pts',(-3.02633349586795,-25.6402080497151,-18.1786451925741));
#5304=CARTESIAN_POINT('Ctrl Pts',(-2.02268100216621,-25.8036898527541,-18.8895412327437));
#5305=CARTESIAN_POINT('Ctrl Pts',(-1.35727640718601,-25.8924903392899,-19.3757641764757));
#5306=CARTESIAN_POINT('Ctrl Pts',(-1.01256294318551,-25.9319292305937,-19.6263862040441));
#5307=CARTESIAN_POINT('Ctrl Pts',(-12.6245073263899,-21.866950386415,-15.4791761510892));
#5308=CARTESIAN_POINT('Ctrl Pts',(-12.3915083482802,-21.9735938925627,-15.5704387178211));
#5309=CARTESIAN_POINT('Ctrl Pts',(-11.9197527951184,-22.1841895628048,-15.7644328518528));
#5310=CARTESIAN_POINT('Ctrl Pts',(-11.1894567868797,-22.4917483886684,-16.0954583509275));
#5311=CARTESIAN_POINT('Ctrl Pts',(-10.4311655735998,-22.7902986285128,-16.4714206801086));
#5312=CARTESIAN_POINT('Ctrl Pts',(-9.64227457665059,-23.0777226938636,-16.8960257423183));
#5313=CARTESIAN_POINT('Ctrl Pts',(-8.82253550915059,-23.3514023877708,-17.3712525727256));
#5314=CARTESIAN_POINT('Ctrl Pts',(-7.97222051508988,-23.6094656913721,-17.8973041779906));
#5315=CARTESIAN_POINT('Ctrl Pts',(-7.0973451326378,-23.8492483294404,-18.46990165048));
#5316=CARTESIAN_POINT('Ctrl Pts',(-6.21454607761718,-24.066889474365,-19.079449604065));
#5317=CARTESIAN_POINT('Ctrl Pts',(-5.34370110840248,-24.2597839166201,-19.7175166080651));
#5318=CARTESIAN_POINT('Ctrl Pts',(-4.50024149376224,-24.4266535425304,-20.3814304341719));
#5319=CARTESIAN_POINT('Ctrl Pts',(-3.70147726716602,-24.5645484958562,-21.0648851310267));
#5320=CARTESIAN_POINT('Ctrl Pts',(-2.93789399385319,-24.6737673103018,-21.7832582061922));
#5321=CARTESIAN_POINT('Ctrl Pts',(-2.42844990249927,-24.7279086320144,-22.2894433992177));
#5322=CARTESIAN_POINT('Ctrl Pts',(-2.16957609446935,-24.7512631927316,-22.5475332301889));
#5323=CARTESIAN_POINT('Ctrl Pts',(-12.1412072736824,-21.0305504960662,-19.5730274917851));
#5324=CARTESIAN_POINT('Ctrl Pts',(-11.9143740285693,-21.1509700294999,-19.6389546305498));
#5325=CARTESIAN_POINT('Ctrl Pts',(-11.4561561466359,-21.3861894013277,-19.7850304430752));
#5326=CARTESIAN_POINT('Ctrl Pts',(-10.7540702350674,-21.7221521954705,-20.0484459306849));
#5327=CARTESIAN_POINT('Ctrl Pts',(-10.0374966546316,-22.0405912813085,-20.3561770791704));
#5328=CARTESIAN_POINT('Ctrl Pts',(-9.3119469852594,-22.3388936682387,-20.7064884658359));
#5329=CARTESIAN_POINT('Ctrl Pts',(-8.58498085130664,-22.6146880416885,-21.0968738125468));
#5330=CARTESIAN_POINT('Ctrl Pts',(-7.86105192463566,-22.8675975366303,-21.5259454234325));
#5331=CARTESIAN_POINT('Ctrl Pts',(-7.14855400091962,-23.0961156578384,-21.990497561303));
#5332=CARTESIAN_POINT('Ctrl Pts',(-6.45980734895756,-23.2980022044062,-22.4870472866103));
#5333=CARTESIAN_POINT('Ctrl Pts',(-5.80081655988326,-23.4729515776715,-23.0190959261097));
#5334=CARTESIAN_POINT('Ctrl Pts',(-5.17273506319751,-23.621361954689,-23.5911091557161));
#5335=CARTESIAN_POINT('Ctrl Pts',(-4.57648472089432,-23.7427267461733,-24.2056300933961));
#5336=CARTESIAN_POINT('Ctrl Pts',(-3.99819354492964,-23.8415705374529,-24.8691284017916));
#5337=CARTESIAN_POINT('Ctrl Pts',(-3.62272693036293,-23.8963162675512,-25.3181419908726));
#5338=CARTESIAN_POINT('Ctrl Pts',(-3.43426674543397,-23.9215792922441,-25.5438532825522));
#5339=CARTESIAN_POINT('Ctrl Pts',(-11.9994293021352,-20.7849391729459,-22.8761816296925));
#5340=CARTESIAN_POINT('Ctrl Pts',(-11.7855736510908,-20.9084009609773,-22.8972171222628));
#5341=CARTESIAN_POINT('Ctrl Pts',(-11.3544229636314,-21.1485076601155,-22.9555119672593));
#5342=CARTESIAN_POINT('Ctrl Pts',(-10.699238858739,-21.4873895808029,-23.0936261911225));
#5343=CARTESIAN_POINT('Ctrl Pts',(-10.039079519792,-21.8035871647033,-23.2830933957475));
#5344=CARTESIAN_POINT('Ctrl Pts',(-9.38203556134104,-22.094188557385,-23.5234327890341));
#5345=CARTESIAN_POINT('Ctrl Pts',(-8.73515470493933,-22.3578008155315,-23.8143021724911));
#5346=CARTESIAN_POINT('Ctrl Pts',(-8.10079388453087,-22.5954257318283,-24.1558494613137));
#5347=CARTESIAN_POINT('Ctrl Pts',(-7.48564438003029,-22.8066966872081,-24.5444348810482));
#5348=CARTESIAN_POINT('Ctrl Pts',(-6.89744527834762,-22.9916183458233,-24.9747508537668));
#5349=CARTESIAN_POINT('Ctrl Pts',(-6.33615471376533,-23.1529083462796,-25.445468581961));
#5350=CARTESIAN_POINT('Ctrl Pts',(-5.80242230840483,-23.292784366576,-25.9490102843868));
#5351=CARTESIAN_POINT('Ctrl Pts',(-5.29787457155912,-23.4131668462916,-26.4749706884421));
#5352=CARTESIAN_POINT('Ctrl Pts',(-4.81184076526206,-23.5184262985127,-27.0219318978293));
#5353=CARTESIAN_POINT('Ctrl Pts',(-4.49645932774644,-23.5800936901093,-27.3851352012037));
#5354=CARTESIAN_POINT('Ctrl Pts',(-4.3386680431867,-23.6093396386157,-27.5666132817749));
#5355=CARTESIAN_POINT('Ctrl Pts',(-11.9994275283262,-20.7849401969899,-24.5245118455279));
#5356=CARTESIAN_POINT('Ctrl Pts',(-11.7902882801635,-20.9056791179525,-24.524410684386));
#5357=CARTESIAN_POINT('Ctrl Pts',(-11.3691276662983,-21.1403920587857,-24.5440248917875));
#5358=CARTESIAN_POINT('Ctrl Pts',(-10.7321110068233,-21.4707124851967,-24.6330657846978));
#5359=CARTESIAN_POINT('Ctrl Pts',(-10.0950238210836,-21.7773544388113,-24.7803480395969));
#5360=CARTESIAN_POINT('Ctrl Pts',(-9.46726711603601,-22.0572587479603,-24.983264604484));
#5361=CARTESIAN_POINT('Ctrl Pts',(-8.85541360086555,-22.3096857486704,-25.2395907849284));
#5362=CARTESIAN_POINT('Ctrl Pts',(-8.26137192447582,-22.5361554798263,-25.5469956789769));
#5363=CARTESIAN_POINT('Ctrl Pts',(-7.691185090829,-22.7367607038908,-25.8992224755765));
#5364=CARTESIAN_POINT('Ctrl Pts',(-7.15016653290793,-22.9123708198609,-26.2892562308724));
#5365=CARTESIAN_POINT('Ctrl Pts',(-6.63562807289203,-23.0664079421453,-26.7141263445783));
#5366=CARTESIAN_POINT('Ctrl Pts',(-6.14750038719515,-23.2010425028648,-27.1638508839805));
#5367=CARTESIAN_POINT('Ctrl Pts',(-5.68517455665483,-23.3184752614712,-27.6291932238618));
#5368=CARTESIAN_POINT('Ctrl Pts',(-5.23853929891804,-23.4227539284987,-28.1077679461322));
#5369=CARTESIAN_POINT('Ctrl Pts',(-4.94844221335525,-23.4847789836869,-28.421758766995));
#5370=CARTESIAN_POINT('Ctrl Pts',(-4.80336964612995,-23.5144134530853,-28.5779947850139));
#5371=CARTESIAN_POINT('',(-11.9994275283262,-20.7849401969899,-24.5245118455279));
#5372=CARTESIAN_POINT('Ctrl Pts',(-13.5619265735403,-23.4899458738903,-9.5897302461044));
#5373=CARTESIAN_POINT('Ctrl Pts',(-13.3930733531914,-23.1978138214771,-10.5440992262967));
#5374=CARTESIAN_POINT('Ctrl Pts',(-13.07225751042,-22.6429621156212,-12.4289017843349));
#5375=CARTESIAN_POINT('Ctrl Pts',(-12.6245073263899,-21.866950386415,-15.4791761510892));
#5376=CARTESIAN_POINT('Ctrl Pts',(-12.1412072736824,-21.0305504960662,-19.5730274917851));
#5377=CARTESIAN_POINT('Ctrl Pts',(-11.9994293021352,-20.7849391729459,-22.8761816296925));
#5378=CARTESIAN_POINT('Ctrl Pts',(-11.9994275283262,-20.7849401969899,-24.5245118455279));
#5379=CARTESIAN_POINT('',(-4.80336964612995,-23.5144134530853,-28.5779947850139));
#5380=CARTESIAN_POINT('Ctrl Pts',(-11.9994275283262,-20.7849401969899,-24.5245118455279));
#5381=CARTESIAN_POINT('Ctrl Pts',(-11.9007616539246,-20.841901342809,-24.5244641206144));
#5382=CARTESIAN_POINT('Ctrl Pts',(-11.8017522986678,-20.898123533907,-24.5266204288877));
#5383=CARTESIAN_POINT('Ctrl Pts',(-11.7024968477621,-20.9535573955383,-24.5309864561107));
#5384=CARTESIAN_POINT('Ctrl Pts',(-11.6076940299994,-21.0065044753627,-24.5351566218739));
#5385=CARTESIAN_POINT('Ctrl Pts',(-11.5126673870134,-21.0587322675358,-24.541342740292));
#5386=CARTESIAN_POINT('Ctrl Pts',(-11.4174636033374,-21.1102232310903,-24.5495439627128));
#5387=CARTESIAN_POINT('Ctrl Pts',(-11.3213623956742,-21.1621995663815,-24.5578224927095));
#5388=CARTESIAN_POINT('Ctrl Pts',(-11.2250724994235,-21.2134295097978,-24.5681549792819));
#5389=CARTESIAN_POINT('Ctrl Pts',(-11.1286487237122,-21.2638937540663,-24.5805292316849));
#5390=CARTESIAN_POINT('Ctrl Pts',(-11.0215764746933,-21.3199309719517,-24.594270023569));
#5391=CARTESIAN_POINT('Ctrl Pts',(-10.9143395558021,-21.3750233675973,-24.6105283849245));
#5392=CARTESIAN_POINT('Ctrl Pts',(-10.8070753325937,-21.4291185715989,-24.6292695768484));
#5393=CARTESIAN_POINT('Ctrl Pts',(-10.6742863657157,-21.496086345546,-24.6524704488557));
#5394=CARTESIAN_POINT('Ctrl Pts',(-10.5414567794695,-21.5615241062182,-24.6794763336738));
#5395=CARTESIAN_POINT('Ctrl Pts',(-10.4089287588743,-21.6253139189395,-24.7101948196282));
#5396=CARTESIAN_POINT('Ctrl Pts',(-10.2699367492227,-21.6922150484186,-24.7424115846345));
#5397=CARTESIAN_POINT('Ctrl Pts',(-10.1312828212048,-21.7573002743385,-24.7787106209744));
#5398=CARTESIAN_POINT('Ctrl Pts',(-9.99337749822861,-21.8204584318913,-24.8189712165582));
#5399=CARTESIAN_POINT('Ctrl Pts',(-9.89020073706746,-21.8677115327621,-24.8490930259641));
#5400=CARTESIAN_POINT('Ctrl Pts',(-9.7874440730121,-21.9138863254292,-24.8814319169997));
#5401=CARTESIAN_POINT('Ctrl Pts',(-9.68524965293842,-21.9589603387833,-24.9159397305579));
#5402=CARTESIAN_POINT('Ctrl Pts',(-9.59294405974822,-21.9996727723692,-24.9471084009989));
#5403=CARTESIAN_POINT('Ctrl Pts',(-9.50109773615933,-22.0394871968777,-24.9800463965729));
#5404=CARTESIAN_POINT('Ctrl Pts',(-9.40977795954506,-22.078407523009,-25.0147237281347));
#5405=CARTESIAN_POINT('Ctrl Pts',(-9.29511669127831,-22.127275951306,-25.058264645167));
#5406=CARTESIAN_POINT('Ctrl Pts',(-9.18128436368194,-22.1747356903838,-25.1045499125134));
#5407=CARTESIAN_POINT('Ctrl Pts',(-9.06832273946643,-22.2208353284227,-25.1535275749142));
#5408=CARTESIAN_POINT('Ctrl Pts',(-8.97371088562404,-22.2594464253027,-25.1945491826398));
#5409=CARTESIAN_POINT('Ctrl Pts',(-8.8797085262962,-22.2971037301381,-25.2374591016984));
#5410=CARTESIAN_POINT('Ctrl Pts',(-8.78638023834374,-22.3338201458515,-25.2821878872954));
#5411=CARTESIAN_POINT('Ctrl Pts',(-8.67478096877316,-22.3777245746669,-25.3356732764622));
#5412=CARTESIAN_POINT('Ctrl Pts',(-8.56414654148501,-22.4202828856798,-25.3917591905102));
#5413=CARTESIAN_POINT('Ctrl Pts',(-8.45464008963572,-22.4615017519917,-25.4502758607564));
#5414=CARTESIAN_POINT('Ctrl Pts',(-8.33279389200944,-22.5073653704886,-25.5153864880011));
#5415=CARTESIAN_POINT('Ctrl Pts',(-8.21234875321516,-22.5515687651372,-25.5835041374845));
#5416=CARTESIAN_POINT('Ctrl Pts',(-8.09354364292761,-22.5941264779151,-25.654358701014));
#5417=CARTESIAN_POINT('Ctrl Pts',(-8.0013741531542,-22.6271429252983,-25.7093279607776));
#5418=CARTESIAN_POINT('Ctrl Pts',(-7.91019294207787,-22.6591688131724,-25.7659431951661));
#5419=CARTESIAN_POINT('Ctrl Pts',(-7.82008593507739,-22.6902237972217,-25.8240823356397));
#5420=CARTESIAN_POINT('Ctrl Pts',(-7.73892274783996,-22.7181963330871,-25.8764507152049));
#5421=CARTESIAN_POINT('Ctrl Pts',(-7.65863163545256,-22.7453811229165,-25.9300550486822));
#5422=CARTESIAN_POINT('Ctrl Pts',(-7.57924181289775,-22.7718047932443,-25.9848195506044));
#5423=CARTESIAN_POINT('Ctrl Pts',(-7.50177823792214,-22.7975873419602,-26.0382552929217));
#5424=CARTESIAN_POINT('Ctrl Pts',(-7.42517347904739,-22.8226451715012,-26.092795129104));
#5425=CARTESIAN_POINT('Ctrl Pts',(-7.34941154639324,-22.8470162148527,-26.1483886674834));
#5426=CARTESIAN_POINT('Ctrl Pts',(-7.27745457761549,-22.870163280194,-26.2011901518868));
#5427=CARTESIAN_POINT('Ctrl Pts',(-7.20625536494255,-22.8926917269247,-26.254944597695));
#5428=CARTESIAN_POINT('Ctrl Pts',(-7.13576406542784,-22.9146431611437,-26.3096221238069));
#5429=CARTESIAN_POINT('Ctrl Pts',(-7.06493886784439,-22.9366985733222,-26.3645586424541));
#5430=CARTESIAN_POINT('Ctrl Pts',(-6.99482699048356,-22.9581717743457,-26.4204278352588));
#5431=CARTESIAN_POINT('Ctrl Pts',(-6.92541364500564,-22.9790914930414,-26.4771464914257));
#5432=CARTESIAN_POINT('Ctrl Pts',(-6.83759318682367,-23.0055587273787,-26.5489058676342));
#5433=CARTESIAN_POINT('Ctrl Pts',(-6.75089227193861,-23.0311394771433,-26.6220235401924));
#5434=CARTESIAN_POINT('Ctrl Pts',(-6.66533361220969,-23.0558740419431,-26.6962540499678));
#5435=CARTESIAN_POINT('Ctrl Pts',(-6.58047126748585,-23.0804073056863,-26.7698804383374));
#5436=CARTESIAN_POINT('Ctrl Pts',(-6.49673715147388,-23.1041068210351,-26.8445960443474));
#5437=CARTESIAN_POINT('Ctrl Pts',(-6.41414813045237,-23.1270124261785,-26.9201559478659));
#5438=CARTESIAN_POINT('Ctrl Pts',(-6.35122010008944,-23.1444651650307,-26.9777281995287));
#5439=CARTESIAN_POINT('Ctrl Pts',(-6.28895727594366,-23.1614569283964,-27.0357898784145));
#5440=CARTESIAN_POINT('Ctrl Pts',(-6.22734069483919,-23.1780117324675,-27.0942605030166));
#5441=CARTESIAN_POINT('Ctrl Pts',(-6.17165483013128,-23.1929731042808,-27.1471032156861));
#5442=CARTESIAN_POINT('Ctrl Pts',(-6.1164970993068,-23.2075775561389,-27.2002795254379));
#5443=CARTESIAN_POINT('Ctrl Pts',(-6.06182437183247,-23.2218493080344,-27.2537628188198));
#5444=CARTESIAN_POINT('Ctrl Pts',(-6.0067484374265,-23.2362263129428,-27.3076405471533));
#5445=CARTESIAN_POINT('Ctrl Pts',(-5.95216451826333,-23.2502658227396,-27.3618307095836));
#5446=CARTESIAN_POINT('Ctrl Pts',(-5.89799204776335,-23.2639998668441,-27.4163454212718));
#5447=CARTESIAN_POINT('Ctrl Pts',(-5.84986321001022,-23.2762017024682,-27.4647783188263));
#5448=CARTESIAN_POINT('Ctrl Pts',(-5.80205712297303,-23.2881628711052,-27.5134704248548));
#5449=CARTESIAN_POINT('Ctrl Pts',(-5.75452841998602,-23.299901344503,-27.5623866897437));
#5450=CARTESIAN_POINT('Ctrl Pts',(-5.69927694314816,-23.313547161668,-27.619251188597));
#5451=CARTESIAN_POINT('Ctrl Pts',(-5.64440055039275,-23.3268919670963,-27.676417799534));
#5452=CARTESIAN_POINT('Ctrl Pts',(-5.58985026822677,-23.3399565976204,-27.7337661701657));
#5453=CARTESIAN_POINT('Ctrl Pts',(-5.52278763547954,-23.3560178989379,-27.8042686967452));
#5454=CARTESIAN_POINT('Ctrl Pts',(-5.45621924882882,-23.3716554644587,-27.8750415080504));
#5455=CARTESIAN_POINT('Ctrl Pts',(-5.39007368494934,-23.3869003006131,-27.9458080410013));
#5456=CARTESIAN_POINT('Ctrl Pts',(-5.33975973564531,-23.3984963604006,-27.9996369532138));
#5457=CARTESIAN_POINT('Ctrl Pts',(-5.28969121917921,-23.4098649553459,-28.053459997455));
#5458=CARTESIAN_POINT('Ctrl Pts',(-5.23983149153361,-23.4210197459533,-28.1071740777855));
#5459=CARTESIAN_POINT('Ctrl Pts',(-5.19456629073019,-23.4311466331347,-28.1559384563118));
#5460=CARTESIAN_POINT('Ctrl Pts',(-5.14947347962042,-23.4410972429864,-28.204612139728));
#5461=CARTESIAN_POINT('Ctrl Pts',(-5.10451456414793,-23.4508833749265,-28.2531531378626));
#5462=CARTESIAN_POINT('Ctrl Pts',(-5.06233836296203,-23.4600637981016,-28.2986897101213));
#5463=CARTESIAN_POINT('Ctrl Pts',(-5.02028018940678,-23.4690994472244,-28.3441089553803));
#5464=CARTESIAN_POINT('Ctrl Pts',(-4.97829463629737,-23.4780020980111,-28.3894184875734));
#5465=CARTESIAN_POINT('Ctrl Pts',(-4.93904747939186,-23.4863240970422,-28.431772825854));
#5466=CARTESIAN_POINT('Ctrl Pts',(-4.89986386261458,-23.4945298771419,-28.474031065498));
#5467=CARTESIAN_POINT('Ctrl Pts',(-4.86069256512757,-23.5026310822281,-28.5162427739334));
#5468=CARTESIAN_POINT('Ctrl Pts',(-4.84158468125026,-23.5065828759133,-28.5368337799707));
#5469=CARTESIAN_POINT('Ctrl Pts',(-4.82247950036584,-23.5105098178123,-28.5574144121161));
#5470=CARTESIAN_POINT('Ctrl Pts',(-4.80336964612995,-23.5144134530853,-28.5779947850139));
#5471=CARTESIAN_POINT('Origin',(-10.8075817037924,-52.9074302694419,-28.5779947850139));
#5472=CARTESIAN_POINT('Ctrl Pts',(-13.5619265735403,-23.4899458738903,-9.5897302461044));
#5473=CARTESIAN_POINT('Ctrl Pts',(-13.3930733531914,-23.1978138214771,-10.5440992262967));
#5474=CARTESIAN_POINT('Ctrl Pts',(-13.07225751042,-22.6429621156212,-12.4289017843349));
#5475=CARTESIAN_POINT('Ctrl Pts',(-12.6245073263899,-21.866950386415,-15.4791761510892));
#5476=CARTESIAN_POINT('Ctrl Pts',(-12.1412072736824,-21.0305504960662,-19.5730274917851));
#5477=CARTESIAN_POINT('Ctrl Pts',(-11.9994293021352,-20.7849391729459,-22.8761816296925));
#5478=CARTESIAN_POINT('Ctrl Pts',(-11.9994275283262,-20.7849401969899,-24.5245118455279));
#5479=CARTESIAN_POINT('Ctrl Pts',(-13.769540551086,-23.3101214871356,-9.73659773417908));
#5480=CARTESIAN_POINT('Ctrl Pts',(-13.6003359547994,-23.0253180330307,-10.6770829110121));
#5481=CARTESIAN_POINT('Ctrl Pts',(-13.2804100962789,-22.4824292947259,-12.5405768604555));
#5482=CARTESIAN_POINT('Ctrl Pts',(-12.8332818581129,-21.7185769135683,-15.5704340083468));
#5483=CARTESIAN_POINT('Ctrl Pts',(-12.358941276073,-20.8943042063247,-19.639170197457));
#5484=CARTESIAN_POINT('Ctrl Pts',(-12.2132849076974,-20.6614774111721,-22.8974110144513));
#5485=CARTESIAN_POINT('Ctrl Pts',(-12.2085667764889,-20.6642012760273,-24.5246130066697));
#5486=CARTESIAN_POINT('Ctrl Pts',(-14.1884113028287,-22.9500803985268,-10.0327530493991));
#5487=CARTESIAN_POINT('Ctrl Pts',(-14.0185304824828,-22.6786727871643,-10.9468909001143));
#5488=CARTESIAN_POINT('Ctrl Pts',(-13.6993993540347,-22.1576475610094,-12.770306148484));
#5489=CARTESIAN_POINT('Ctrl Pts',(-13.2518944022728,-21.4152618536725,-15.7643502602908));
#5490=CARTESIAN_POINT('Ctrl Pts',(-12.792845892007,-20.6144359241087,-19.7857106670551));
#5491=CARTESIAN_POINT('Ctrl Pts',(-12.6380461487914,-20.4074381580441,-22.9560948946032));
#5492=CARTESIAN_POINT('Ctrl Pts',(-12.6237922091962,-20.4160374373262,-24.5446292597351));
#5493=CARTESIAN_POINT('Ctrl Pts',(-14.8331366600204,-22.4012517488637,-10.4882639401225));
#5494=CARTESIAN_POINT('Ctrl Pts',(-14.6615317539577,-22.1463329927854,-11.3679621245996));
#5495=CARTESIAN_POINT('Ctrl Pts',(-14.338555089478,-21.6536613690586,-13.1383827337508));
#5496=CARTESIAN_POINT('Ctrl Pts',(-13.8845358683596,-20.9360106287462,-16.095101028617));
#5497=CARTESIAN_POINT('Ctrl Pts',(-13.4365157720868,-20.1731866322777,-20.0490851406888));
#5498=CARTESIAN_POINT('Ctrl Pts',(-13.2606703574892,-20.008400108179,-23.093965006411));
#5499=CARTESIAN_POINT('Ctrl Pts',(-13.2297935699479,-20.02852710729,-24.6333520422292));
#5500=CARTESIAN_POINT('Ctrl Pts',(-15.4997707775947,-21.8353274033872,-10.9595274817287));
#5501=CARTESIAN_POINT('Ctrl Pts',(-15.3242099749757,-21.5942643488506,-11.8096102636778));
#5502=CARTESIAN_POINT('Ctrl Pts',(-14.9909454612118,-21.1264599090713,-13.5353689495135));
#5503=CARTESIAN_POINT('Ctrl Pts',(-14.5220195879106,-20.4286962926178,-16.4707503770601));
#5504=CARTESIAN_POINT('Ctrl Pts',(-14.0690637629923,-19.7127825136596,-20.3559461444174));
#5505=CARTESIAN_POINT('Ctrl Pts',(-13.8626015779227,-19.5960804317439,-23.2825217697286));
#5506=CARTESIAN_POINT('Ctrl Pts',(-13.8116268143915,-19.6316139477544,-24.7797046209266));
#5507=CARTESIAN_POINT('Ctrl Pts',(-16.1939897686772,-21.2432339560569,-11.4507271342947));
#5508=CARTESIAN_POINT('Ctrl Pts',(-16.0108147820537,-21.0143475548159,-12.2761267792244));
#5509=CARTESIAN_POINT('Ctrl Pts',(-15.6599993443354,-20.5678693588142,-13.9680037068286));
#5510=CARTESIAN_POINT('Ctrl Pts',(-15.1643426355917,-19.8898590865012,-16.8954252750029));
#5511=CARTESIAN_POINT('Ctrl Pts',(-14.6882974729658,-19.2351010529534,-20.7059772825919));
#5512=CARTESIAN_POINT('Ctrl Pts',(-14.4416272095263,-19.1733053530372,-23.52307916773));
#5513=CARTESIAN_POINT('Ctrl Pts',(-14.3671919542755,-19.2285291214721,-24.9830747999483));
#5514=CARTESIAN_POINT('Ctrl Pts',(-16.922648176122,-20.6139419566374,-11.9662532590914));
#5515=CARTESIAN_POINT('Ctrl Pts',(-16.7269937603568,-20.3961650359871,-12.7726618139054));
#5516=CARTESIAN_POINT('Ctrl Pts',(-16.3500585496487,-19.9675950976738,-14.4434596016406));
#5517=CARTESIAN_POINT('Ctrl Pts',(-15.8119055468276,-19.3160893619526,-17.3716470003954));
#5518=CARTESIAN_POINT('Ctrl Pts',(-15.2924009582458,-18.7421694053731,-21.0976543482577));
#5519=CARTESIAN_POINT('Ctrl Pts',(-14.9955774727811,-18.7432123717366,-23.8153286238178));
#5520=CARTESIAN_POINT('Ctrl Pts',(-14.8940096011749,-18.8231217542187,-25.2406848565748));
#5521=CARTESIAN_POINT('Ctrl Pts',(-17.6924472738296,-19.9348152602597,-12.5105044222615));
#5522=CARTESIAN_POINT('Ctrl Pts',(-17.4783028667867,-19.7273599102439,-13.304831084761));
#5523=CARTESIAN_POINT('Ctrl Pts',(-17.0617303019762,-19.3176376087731,-14.9660599464176));
#5524=CARTESIAN_POINT('Ctrl Pts',(-16.4612379747978,-18.7079202900311,-17.8981106237363));
#5525=CARTESIAN_POINT('Ctrl Pts',(-15.8746895647033,-18.2405597692585,-21.5268640156237));
#5526=CARTESIAN_POINT('Ctrl Pts',(-15.5189460766897,-18.3122272014476,-24.1564327621598));
#5527=CARTESIAN_POINT('Ctrl Pts',(-15.3871124233031,-18.4218448950123,-25.54733056687));
#5528=CARTESIAN_POINT('Ctrl Pts',(-18.5082717986393,-19.1927787673065,-13.0871130905584));
#5529=CARTESIAN_POINT('Ctrl Pts',(-18.2664979479957,-18.9973987461523,-13.8757513870416));
#5530=CARTESIAN_POINT('Ctrl Pts',(-17.7920466144735,-18.6138866845853,-15.5369133535098));
#5531=CARTESIAN_POINT('Ctrl Pts',(-17.1051452731078,-18.0712295677789,-18.4694247867455));
#5532=CARTESIAN_POINT('Ctrl Pts',(-16.4271924363054,-17.739219316616,-21.9895879116927));
#5533=CARTESIAN_POINT('Ctrl Pts',(-16.007411743562,-17.8869369850512,-24.543190092273));
#5534=CARTESIAN_POINT('Ctrl Pts',(-15.8439284210332,-18.0300914017901,-25.8979702008069));
#5535=CARTESIAN_POINT('Ctrl Pts',(-19.3692286152929,-18.379600397713,-13.695778876583));
#5536=CARTESIAN_POINT('Ctrl Pts',(-19.0878114112852,-18.2016519020552,-14.4843581852912));
#5537=CARTESIAN_POINT('Ctrl Pts',(-18.5347717723482,-17.8580159798906,-16.1533797941653));
#5538=CARTESIAN_POINT('Ctrl Pts',(-17.7344463513118,-17.4163887860744,-19.0785989973669));
#5539=CARTESIAN_POINT('Ctrl Pts',(-16.94599486064,-17.244107111153,-22.4867634356847));
#5540=CARTESIAN_POINT('Ctrl Pts',(-16.4623469598389,-17.4694355587373,-24.9751805116401));
#5541=CARTESIAN_POINT('Ctrl Pts',(-16.2676427405187,-17.6484082710734,-26.290027381157));
#5542=CARTESIAN_POINT('Ctrl Pts',(-20.2669564507458,-17.4966921867897,-14.3313593513105));
#5543=CARTESIAN_POINT('Ctrl Pts',(-19.9334637112713,-17.3439153242355,-15.1255216036503));
#5544=CARTESIAN_POINT('Ctrl Pts',(-19.280258840037,-17.0590764595304,-16.8089485035366));
#5545=CARTESIAN_POINT('Ctrl Pts',(-18.3387424972162,-16.7567050877006,-19.7190203557022));
#5546=CARTESIAN_POINT('Ctrl Pts',(-17.4286797965977,-16.7591265214031,-23.0207982937657));
#5547=CARTESIAN_POINT('Ctrl Pts',(-16.8838428587959,-17.0628162818498,-25.4467755085546));
#5548=CARTESIAN_POINT('Ctrl Pts',(-16.6590724806574,-17.2790520296745,-26.7151256510976));
#5549=CARTESIAN_POINT('Ctrl Pts',(-21.1822010353003,-16.5643069451993,-14.977960636918));
#5550=CARTESIAN_POINT('Ctrl Pts',(-20.7834831303795,-16.4461481654555,-15.7835353337934));
#5551=CARTESIAN_POINT('Ctrl Pts',(-20.0053720453437,-16.2442522184914,-17.487449801534));
#5552=CARTESIAN_POINT('Ctrl Pts',(-18.9037462584791,-16.1106919500457,-20.3807585364169));
#5553=CARTESIAN_POINT('Ctrl Pts',(-17.8699116716736,-16.2908638710816,-23.5897720056263));
#5554=CARTESIAN_POINT('Ctrl Pts',(-17.2702824083318,-16.6720986570424,-25.947521158687));
#5555=CARTESIAN_POINT('Ctrl Pts',(-17.0182264678127,-16.9251232887857,-27.162421312454));
#5556=CARTESIAN_POINT('Ctrl Pts',(-22.0814435607928,-15.6249748694858,-15.6138888188801));
#5557=CARTESIAN_POINT('Ctrl Pts',(-21.6072810738098,-15.5477931882796,-16.4398513353333));
#5558=CARTESIAN_POINT('Ctrl Pts',(-20.6910029001478,-15.4415417637726,-18.1786872421781));
#5559=CARTESIAN_POINT('Ctrl Pts',(-19.4222758594429,-15.4883610746646,-21.0651987249281));
#5560=CARTESIAN_POINT('Ctrl Pts',(-18.2732935056668,-15.835038603215,-24.2065068327714));
#5561=CARTESIAN_POINT('Ctrl Pts',(-17.6273261404872,-16.2948322444471,-26.4761884565989));
#5562=CARTESIAN_POINT('Ctrl Pts',(-17.3517344706972,-16.5828276525275,-27.6305267643253));
#5563=CARTESIAN_POINT('Ctrl Pts',(-22.9547875613894,-14.7019641211994,-16.2321426861388));
#5564=CARTESIAN_POINT('Ctrl Pts',(-22.3993404878954,-14.6635461961291,-17.0935313624536));
#5565=CARTESIAN_POINT('Ctrl Pts',(-21.3353485801341,-14.6533536847263,-18.8904824722022));
#5566=CARTESIAN_POINT('Ctrl Pts',(-19.8993113993952,-14.8809615807769,-21.7842183304171));
#5567=CARTESIAN_POINT('Ctrl Pts',(-18.6484570974382,-15.3831469592731,-24.8699236172389));
#5568=CARTESIAN_POINT('Ctrl Pts',(-17.9617420138196,-15.926266932848,-27.0225194914256));
#5569=CARTESIAN_POINT('Ctrl Pts',(-17.6655193076934,-16.2479859805687,-28.1082594585491));
#5570=CARTESIAN_POINT('Ctrl Pts',(-23.5262356575529,-14.0792918754739,-16.6355607692484));
#5571=CARTESIAN_POINT('Ctrl Pts',(-22.9121039919622,-14.0656132950199,-17.5297866734585));
#5572=CARTESIAN_POINT('Ctrl Pts',(-21.7449161974752,-14.1216810182253,-19.3757641764757));
#5573=CARTESIAN_POINT('Ctrl Pts',(-20.2007721065353,-14.4670536233894,-22.2894433992177));
#5574=CARTESIAN_POINT('Ctrl Pts',(-18.8834534793852,-15.0855316864439,-25.3181419908726));
#5575=CARTESIAN_POINT('Ctrl Pts',(-18.1727304953786,-15.6840948499666,-27.3851352012037));
#5576=CARTESIAN_POINT('Ctrl Pts',(-17.8641940954581,-16.0278661577684,-28.421758766995));
#5577=CARTESIAN_POINT('Ctrl Pts',(-23.817140220574,-13.7510059445787,-16.8412613584388));
#5578=CARTESIAN_POINT('Ctrl Pts',(-23.1721980770264,-13.7510059445787,-17.7533472847898));
#5579=CARTESIAN_POINT('Ctrl Pts',(-21.9514280112417,-13.8428698470263,-19.6263862040441));
#5580=CARTESIAN_POINT('Ctrl Pts',(-20.3504346534256,-14.2545396096197,-22.5475332301889));
#5581=CARTESIAN_POINT('Ctrl Pts',(-18.9995619930102,-14.93495189104,-25.5438532825522));
#5582=CARTESIAN_POINT('Ctrl Pts',(-18.2769538720227,-15.5620665632952,-27.5666132817749));
#5583=CARTESIAN_POINT('Ctrl Pts',(-17.9623945823974,-15.9170468638582,-28.5779947850139));
#5584=CARTESIAN_POINT('',(-23.817140220574,-13.7510059445787,-16.8412613584388));
#5585=CARTESIAN_POINT('Ctrl Pts',(-13.5619265735403,-23.4899458738903,-9.5897302461044));
#5586=CARTESIAN_POINT('Ctrl Pts',(-13.769540551086,-23.3101214871356,-9.73659773417908));
#5587=CARTESIAN_POINT('Ctrl Pts',(-14.1884113028287,-22.9500803985268,-10.0327530493991));
#5588=CARTESIAN_POINT('Ctrl Pts',(-14.8331366600204,-22.4012517488637,-10.4882639401225));
#5589=CARTESIAN_POINT('Ctrl Pts',(-15.4997707775947,-21.8353274033872,-10.9595274817287));
#5590=CARTESIAN_POINT('Ctrl Pts',(-16.1939897686772,-21.2432339560569,-11.4507271342947));
#5591=CARTESIAN_POINT('Ctrl Pts',(-16.922648176122,-20.6139419566374,-11.9662532590914));
#5592=CARTESIAN_POINT('Ctrl Pts',(-17.6924472738296,-19.9348152602597,-12.5105044222615));
#5593=CARTESIAN_POINT('Ctrl Pts',(-18.5082717986393,-19.1927787673065,-13.0871130905584));
#5594=CARTESIAN_POINT('Ctrl Pts',(-19.3692286152929,-18.379600397713,-13.695778876583));
#5595=CARTESIAN_POINT('Ctrl Pts',(-20.2669564507458,-17.4966921867897,-14.3313593513105));
#5596=CARTESIAN_POINT('Ctrl Pts',(-21.1822010353003,-16.5643069451993,-14.977960636918));
#5597=CARTESIAN_POINT('Ctrl Pts',(-22.0814435607928,-15.6249748694858,-15.6138888188801));
#5598=CARTESIAN_POINT('Ctrl Pts',(-22.9547875613894,-14.7019641211994,-16.2321426861388));
#5599=CARTESIAN_POINT('Ctrl Pts',(-23.5262356575529,-14.0792918754739,-16.6355607692484));
#5600=CARTESIAN_POINT('Ctrl Pts',(-23.817140220574,-13.7510059445787,-16.8412613584388));
#5601=CARTESIAN_POINT('',(-17.9623945823974,-15.9170468638582,-28.5779947850139));
#5602=CARTESIAN_POINT('Origin',(-40.4153878103942,-35.813355443681,-28.5779947850139));
#5603=CARTESIAN_POINT('Ctrl Pts',(-17.9623945823974,-15.9170468638582,-28.5779947850139));
#5604=CARTESIAN_POINT('Ctrl Pts',(-17.9333537290004,-15.949819480047,-28.5317910701847));
#5605=CARTESIAN_POINT('Ctrl Pts',(-17.904222251623,-15.9825138797094,-28.4855830686513));
#5606=CARTESIAN_POINT('Ctrl Pts',(-17.8749495474841,-16.0151858770012,-28.4392966511173));
#5607=CARTESIAN_POINT('Ctrl Pts',(-17.8442401645798,-16.0494613873989,-28.3907385366166));
#5608=CARTESIAN_POINT('Ctrl Pts',(-17.8133753954055,-16.0837121615289,-28.342094380661));
#5609=CARTESIAN_POINT('Ctrl Pts',(-17.7823088113011,-16.1179866403817,-28.2933331246647));
#5610=CARTESIAN_POINT('Ctrl Pts',(-17.7492345515624,-16.154476104823,-28.2414206762092));
#5611=CARTESIAN_POINT('Ctrl Pts',(-17.7159316156069,-16.1909923338409,-28.1893758577792));
#5612=CARTESIAN_POINT('Ctrl Pts',(-17.6823564513401,-16.2275774633108,-28.1372169139971));
#5613=CARTESIAN_POINT('Ctrl Pts',(-17.6455383825895,-16.2676962189888,-28.0800201252379));
#5614=CARTESIAN_POINT('Ctrl Pts',(-17.6083930706441,-16.3078976843426,-28.0226866391222));
#5615=CARTESIAN_POINT('Ctrl Pts',(-17.5708763360633,-16.3482202328807,-27.9652988473289));
#5616=CARTESIAN_POINT('Ctrl Pts',(-17.524793657787,-16.3977493577452,-27.8948080869858));
#5617=CARTESIAN_POINT('Ctrl Pts',(-17.4781508276339,-16.447460963415,-27.8242364164535));
#5618=CARTESIAN_POINT('Ctrl Pts',(-17.4308829729432,-16.497403395188,-27.7538109928152));
#5619=CARTESIAN_POINT('Ctrl Pts',(-17.3789565593238,-16.5522679831066,-27.6764446790468));
#5620=CARTESIAN_POINT('Ctrl Pts',(-17.3262772990738,-16.6074096664336,-27.5992607333749));
#5621=CARTESIAN_POINT('Ctrl Pts',(-17.2727637179811,-16.6628819098857,-27.5225837916902));
#5622=CARTESIAN_POINT('Ctrl Pts',(-17.2324758380942,-16.7046443753313,-27.4648572977124));
#5623=CARTESIAN_POINT('Ctrl Pts',(-17.1917153795212,-16.746593795807,-27.4074194253241));
#5624=CARTESIAN_POINT('Ctrl Pts',(-17.150440335198,-16.7887580335418,-27.350381869988));
#5625=CARTESIAN_POINT('Ctrl Pts',(-17.1118429937511,-16.8281868823143,-27.2970446044633));
#5626=CARTESIAN_POINT('Ctrl Pts',(-17.0727959129646,-16.8678033590499,-27.244058301783));
#5627=CARTESIAN_POINT('Ctrl Pts',(-17.0332539978932,-16.9076390499459,-27.1914739401143));
#5628=CARTESIAN_POINT('Ctrl Pts',(-16.9826649078269,-16.9586039905905,-27.1241986196415));
#5629=CARTESIAN_POINT('Ctrl Pts',(-16.9312645928251,-17.0099293961044,-27.0575804835422));
#5630=CARTESIAN_POINT('Ctrl Pts',(-16.8789332920206,-17.0617001182039,-26.9916170383587));
#5631=CARTESIAN_POINT('Ctrl Pts',(-16.8331857122265,-17.1069576448434,-26.9339523534447));
#5632=CARTESIAN_POINT('Ctrl Pts',(-16.7867262638568,-17.1525556100824,-26.8767858469221));
#5633=CARTESIAN_POINT('Ctrl Pts',(-16.7395030608418,-17.1985184616602,-26.8201513958755));
#5634=CARTESIAN_POINT('Ctrl Pts',(-16.6879068123417,-17.2487376454591,-26.758272382524));
#5635=CARTESIAN_POINT('Ctrl Pts',(-16.6353989713709,-17.2993921356488,-26.6970289665679));
#5636=CARTESIAN_POINT('Ctrl Pts',(-16.5819446665453,-17.3504786987458,-26.6365101714232));
#5637=CARTESIAN_POINT('Ctrl Pts',(-16.5186130531614,-17.411005058105,-26.5648086882766));
#5638=CARTESIAN_POINT('Ctrl Pts',(-16.4539531855744,-17.4721374462566,-26.4941252719894));
#5639=CARTESIAN_POINT('Ctrl Pts',(-16.3879486537961,-17.5338284159662,-26.4246587727689));
#5640=CARTESIAN_POINT('Ctrl Pts',(-16.3144879822925,-17.6024882479273,-26.3473450559339));
#5641=CARTESIAN_POINT('Ctrl Pts',(-16.239363986483,-17.6718376488976,-26.2715425655008));
#5642=CARTESIAN_POINT('Ctrl Pts',(-16.1625804444091,-17.7417866456004,-26.1975442269077));
#5643=CARTESIAN_POINT('Ctrl Pts',(-16.0954313937819,-17.8029587222467,-26.1328309035793));
#5644=CARTESIAN_POINT('Ctrl Pts',(-16.0270150141783,-17.8645877474196,-26.0694997228276));
#5645=CARTESIAN_POINT('Ctrl Pts',(-15.9573222193097,-17.9266245453271,-26.0077163657586));
#5646=CARTESIAN_POINT('Ctrl Pts',(-15.8994248838443,-17.9781616562498,-25.9563898009802));
#5647=CARTESIAN_POINT('Ctrl Pts',(-15.8406469484533,-18.0299800212353,-25.9061316162209));
#5648=CARTESIAN_POINT('Ctrl Pts',(-15.780963416746,-18.0820682898645,-25.857002552327));
#5649=CARTESIAN_POINT('Ctrl Pts',(-15.7145151177863,-18.1400604486253,-25.802305006256));
#5650=CARTESIAN_POINT('Ctrl Pts',(-15.6469412711273,-18.1983900056141,-25.7490045752191));
#5651=CARTESIAN_POINT('Ctrl Pts',(-15.5781823597258,-18.2570598500177,-25.6971360773628));
#5652=CARTESIAN_POINT('Ctrl Pts',(-15.5093575564341,-18.3157859179256,-25.6452178737549));
#5653=CARTESIAN_POINT('Ctrl Pts',(-15.4393448441299,-18.3748531382586,-25.5947336182736));
#5654=CARTESIAN_POINT('Ctrl Pts',(-15.3681269954835,-18.4342255777315,-25.5457364170757));
#5655=CARTESIAN_POINT('Ctrl Pts',(-15.290600604335,-18.4988572824727,-25.4923989987537));
#5656=CARTESIAN_POINT('Ctrl Pts',(-15.2116462999928,-18.5638501807463,-25.4408240804969));
#5657=CARTESIAN_POINT('Ctrl Pts',(-15.1312915864459,-18.6291173952485,-25.3911007014697));
#5658=CARTESIAN_POINT('Ctrl Pts',(-15.0388339394393,-18.7042150816591,-25.333888044948));
#5659=CARTESIAN_POINT('Ctrl Pts',(-14.9445226749394,-18.779674997487,-25.2791274274518));
#5660=CARTESIAN_POINT('Ctrl Pts',(-14.8484593122629,-18.8553243422667,-25.2269723103569));
#5661=CARTESIAN_POINT('Ctrl Pts',(-14.739251677478,-18.9413247256203,-25.1676808508331));
#5662=CARTESIAN_POINT('Ctrl Pts',(-14.6277822877424,-19.0275670512664,-25.1117589292214));
#5663=CARTESIAN_POINT('Ctrl Pts',(-14.5142486848331,-19.1137799797638,-25.0594292622213));
#5664=CARTESIAN_POINT('Ctrl Pts',(-14.4191591530645,-19.1859872099859,-25.0156007972986));
#5665=CARTESIAN_POINT('Ctrl Pts',(-14.3226239787241,-19.2581724990357,-24.9742929848519));
#5666=CARTESIAN_POINT('Ctrl Pts',(-14.2247536430521,-19.3301935788154,-24.9356155954582));
#5667=CARTESIAN_POINT('Ctrl Pts',(-14.139117099339,-19.3932120236227,-24.9017728797387));
#5668=CARTESIAN_POINT('Ctrl Pts',(-14.0524590923479,-19.4561045075595,-24.8699442302156));
#5669=CARTESIAN_POINT('Ctrl Pts',(-13.9648312600153,-19.5187983205754,-24.840180686303));
#5670=CARTESIAN_POINT('Ctrl Pts',(-13.8791578478197,-19.5800938329903,-24.8110809779325));
#5671=CARTESIAN_POINT('Ctrl Pts',(-13.7925581278073,-19.6411991591127,-24.7839556332906));
#5672=CARTESIAN_POINT('Ctrl Pts',(-13.7050459387284,-19.7020738963527,-24.7588251467374));
#5673=CARTESIAN_POINT('Ctrl Pts',(-13.6168136998167,-19.7634495106116,-24.7334878866727));
#5674=CARTESIAN_POINT('Ctrl Pts',(-13.5276473992102,-19.8245951304238,-24.7101759664518));
#5675=CARTESIAN_POINT('Ctrl Pts',(-13.4375807415315,-19.8854575963145,-24.6889021723474));
#5676=CARTESIAN_POINT('Ctrl Pts',(-13.340410406227,-19.9511203662061,-24.6659504856788));
#5677=CARTESIAN_POINT('Ctrl Pts',(-13.2421924114522,-20.016452912936,-24.6453711887249));
#5678=CARTESIAN_POINT('Ctrl Pts',(-13.1430236649334,-20.0813577465021,-24.6271834328011));
#5679=CARTESIAN_POINT('Ctrl Pts',(-13.0286527281224,-20.1562122432978,-24.6062075633208));
#5680=CARTESIAN_POINT('Ctrl Pts',(-12.9130177521656,-20.2304966874229,-24.5884128524635));
#5681=CARTESIAN_POINT('Ctrl Pts',(-12.7963318219134,-20.3040363451085,-24.5738304854875));
#5682=CARTESIAN_POINT('Ctrl Pts',(-12.665577356633,-20.3864424980766,-24.5574899584647));
#5683=CARTESIAN_POINT('Ctrl Pts',(-12.5335063207492,-20.4679106262164,-24.5451835621451));
#5684=CARTESIAN_POINT('Ctrl Pts',(-12.4004651786284,-20.5481985427829,-24.5369517926251));
#5685=CARTESIAN_POINT('Ctrl Pts',(-12.2842159063584,-20.6183528704152,-24.5297590009748));
#5686=CARTESIAN_POINT('Ctrl Pts',(-12.1672288057049,-20.6876050841304,-24.5256773373602));
#5687=CARTESIAN_POINT('Ctrl Pts',(-12.049724047325,-20.7558220840158,-24.524727250063));
#5688=CARTESIAN_POINT('Ctrl Pts',(-12.0329689330692,-20.7655492103299,-24.5245917762197));
#5689=CARTESIAN_POINT('Ctrl Pts',(-12.0162032363598,-20.7752553534985,-24.5245199599769));
#5690=CARTESIAN_POINT('Ctrl Pts',(-11.9994275283262,-20.7849401969899,-24.5245118455279));
#5691=CARTESIAN_POINT('Ctrl Pts',(-13.5619265735403,-23.4899458738903,-9.5897302461044));
#5692=CARTESIAN_POINT('Ctrl Pts',(-13.769540551086,-23.3101214871356,-9.73659773417908));
#5693=CARTESIAN_POINT('Ctrl Pts',(-14.1884113028287,-22.9500803985268,-10.0327530493991));
#5694=CARTESIAN_POINT('Ctrl Pts',(-14.8331366600204,-22.4012517488637,-10.4882639401225));
#5695=CARTESIAN_POINT('Ctrl Pts',(-15.4997707775947,-21.8353274033872,-10.9595274817287));
#5696=CARTESIAN_POINT('Ctrl Pts',(-16.1939897686772,-21.2432339560569,-11.4507271342947));
#5697=CARTESIAN_POINT('Ctrl Pts',(-16.922648176122,-20.6139419566374,-11.9662532590914));
#5698=CARTESIAN_POINT('Ctrl Pts',(-17.6924472738296,-19.9348152602597,-12.5105044222615));
#5699=CARTESIAN_POINT('Ctrl Pts',(-18.5082717986393,-19.1927787673065,-13.0871130905584));
#5700=CARTESIAN_POINT('Ctrl Pts',(-19.3692286152929,-18.379600397713,-13.695778876583));
#5701=CARTESIAN_POINT('Ctrl Pts',(-20.2669564507458,-17.4966921867897,-14.3313593513105));
#5702=CARTESIAN_POINT('Ctrl Pts',(-21.1822010353003,-16.5643069451993,-14.977960636918));
#5703=CARTESIAN_POINT('Ctrl Pts',(-22.0814435607928,-15.6249748694858,-15.6138888188801));
#5704=CARTESIAN_POINT('Ctrl Pts',(-22.9547875613894,-14.7019641211994,-16.2321426861388));
#5705=CARTESIAN_POINT('Ctrl Pts',(-23.5262356575529,-14.0792918754739,-16.6355607692484));
#5706=CARTESIAN_POINT('Ctrl Pts',(-23.817140220574,-13.7510059445787,-16.8412613584388));
#5707=CARTESIAN_POINT('Ctrl Pts',(-14.4055252209127,-23.1976486693507,-9.11268060215478));
#5708=CARTESIAN_POINT('Ctrl Pts',(-14.6001348015309,-23.0250378474004,-9.26384013414688));
#5709=CARTESIAN_POINT('Ctrl Pts',(-14.9943390180936,-22.6781397409563,-9.56804794883649));
#5710=CARTESIAN_POINT('Ctrl Pts',(-15.6055690873409,-22.1460705874832,-10.033125953174));
#5711=CARTESIAN_POINT('Ctrl Pts',(-16.2422491641394,-21.5945348944644,-10.5104306761976));
#5712=CARTESIAN_POINT('Ctrl Pts',(-16.9108215701528,-21.0145585570452,-11.0029835399722));
#5713=CARTESIAN_POINT('Ctrl Pts',(-17.6182061428786,-20.395709730158,-11.5133866682971));
#5714=CARTESIAN_POINT('Ctrl Pts',(-18.3701173706892,-19.7271378640889,-12.0438114821416));
#5715=CARTESIAN_POINT('Ctrl Pts',(-19.1708608372583,-18.9977438175752,-12.5958850101826));
#5716=CARTESIAN_POINT('Ctrl Pts',(-20.0189854853435,-18.2016104464638,-13.1678294281673));
#5717=CARTESIAN_POINT('Ctrl Pts',(-20.9046573646885,-17.3436380339594,-13.7524689388636));
#5718=CARTESIAN_POINT('Ctrl Pts',(-21.8086226611397,-16.4464407822589,-14.3330595202449));
#5719=CARTESIAN_POINT('Ctrl Pts',(-22.7022331234475,-15.5475871650497,-14.8919647924186));
#5720=CARTESIAN_POINT('Ctrl Pts',(-23.5816587413358,-14.6636069398273,-15.4210873418072));
#5721=CARTESIAN_POINT('Ctrl Pts',(-24.1646093700621,-14.0656132950199,-15.7584765808043));
#5722=CARTESIAN_POINT('Ctrl Pts',(-24.4620823641217,-13.7510059445787,-15.9291754320877));
#5723=CARTESIAN_POINT('Ctrl Pts',(-16.0758315304886,-22.6423881466462,-8.18261260067932));
#5724=CARTESIAN_POINT('Ctrl Pts',(-16.2502096618178,-22.4819728817559,-8.3415779913628));
#5725=CARTESIAN_POINT('Ctrl Pts',(-16.6054645089656,-22.1578570291509,-8.65957785264143));
#5726=CARTESIAN_POINT('Ctrl Pts',(-17.1647057680565,-21.6549003160277,-9.1387904021886));
#5727=CARTESIAN_POINT('Ctrl Pts',(-17.7575874399785,-21.1270559761312,-9.62218731161237));
#5728=CARTESIAN_POINT('Ctrl Pts',(-18.3901943305967,-20.5667121867984,-10.110014717348));
#5729=CARTESIAN_POINT('Ctrl Pts',(-19.0677856098373,-19.9666200044868,-10.6015535322118));
#5730=CARTESIAN_POINT('Ctrl Pts',(-19.7960798573665,-19.3184598988593,-11.0966557713886));
#5731=CARTESIAN_POINT('Ctrl Pts',(-20.5783129980797,-18.6148361235231,-11.5950289769726));
#5732=CARTESIAN_POINT('Ctrl Pts',(-21.4091098352572,-17.8567629856493,-12.0916113241536));
#5733=CARTESIAN_POINT('Ctrl Pts',(-22.27339152817,-17.0592326372787,-12.5748025539404));
#5734=CARTESIAN_POINT('Ctrl Pts',(-23.155688587696,-16.2448265231216,-13.0313443205294));
#5735=CARTESIAN_POINT('Ctrl Pts',(-24.0362926450837,-15.440985712603,-13.4489665179698));
#5736=CARTESIAN_POINT('Ctrl Pts',(-24.9210004064935,-14.6535380580052,-13.818609827306));
#5737=CARTESIAN_POINT('Ctrl Pts',(-25.5159510523015,-14.1216810182253,-14.0427155405986));
#5738=CARTESIAN_POINT('Ctrl Pts',(-25.8210770371681,-13.8428698470263,-14.1538760699551));
#5739=CARTESIAN_POINT('Ctrl Pts',(-18.8022675230664,-21.8666192481239,-6.74331501570801));
#5740=CARTESIAN_POINT('Ctrl Pts',(-18.9579291876484,-21.718157967099,-6.90980498989903));
#5741=CARTESIAN_POINT('Ctrl Pts',(-19.2802482702066,-21.4149035088055,-7.23947862373473));
#5742=CARTESIAN_POINT('Ctrl Pts',(-19.8028426905535,-20.9362280263202,-7.724522360261));
#5743=CARTESIAN_POINT('Ctrl Pts',(-20.3698692733501,-20.4288036920755,-8.20042873995163));
#5744=CARTESIAN_POINT('Ctrl Pts',(-20.9846447786788,-19.8893160805761,-8.66546126822362));
#5745=CARTESIAN_POINT('Ctrl Pts',(-21.6483206315803,-19.3162410706001,-9.11693956138746));
#5746=CARTESIAN_POINT('Ctrl Pts',(-22.3605024659408,-18.7088783363254,-9.5531391636492));
#5747=CARTESIAN_POINT('Ctrl Pts',(-23.1153843892507,-18.0711053490103,-9.97047525405139));
#5748=CARTESIAN_POINT('Ctrl Pts',(-23.9000324738097,-17.4153995133879,-10.3611513190433));
#5749=CARTESIAN_POINT('Ctrl Pts',(-24.7024324715992,-16.7576728684176,-10.716480225687));
#5750=CARTESIAN_POINT('Ctrl Pts',(-25.5171241438436,-16.1106502280281,-11.0290347714473));
#5751=CARTESIAN_POINT('Ctrl Pts',(-26.3344256268607,-15.4878475928245,-11.2903483645437));
#5752=CARTESIAN_POINT('Ctrl Pts',(-27.1705068922016,-14.8811744874535,-11.5000240684298));
#5753=CARTESIAN_POINT('Ctrl Pts',(-27.7482794707926,-14.4670536233894,-11.6156561225744));
#5754=CARTESIAN_POINT('Ctrl Pts',(-28.0414964126027,-14.2545396096197,-11.6707293813117));
#5755=CARTESIAN_POINT('Ctrl Pts',(-22.5010897398305,-21.0298691796545,-4.92361008112942));
#5756=CARTESIAN_POINT('Ctrl Pts',(-22.6358141082175,-20.8936355936805,-5.10688672274543));
#5757=CARTESIAN_POINT('Ctrl Pts',(-22.9178073358334,-20.6144169533717,-5.46625657915303));
#5758=CARTESIAN_POINT('Ctrl Pts',(-23.3801562626574,-20.1743741153857,-5.98373036205002));
#5759=CARTESIAN_POINT('Ctrl Pts',(-23.8816423478632,-19.7130227339665,-6.47895376267221));
#5760=CARTESIAN_POINT('Ctrl Pts',(-24.4189565171729,-19.2338294820479,-6.94777357366196));
#5761=CARTESIAN_POINT('Ctrl Pts',(-24.9877913519546,-18.7421555290788,-7.38552540972644));
#5762=CARTESIAN_POINT('Ctrl Pts',(-25.5859874497883,-18.2416694355181,-7.79026464609948));
#5763=CARTESIAN_POINT('Ctrl Pts',(-26.2086885590088,-17.7388871940405,-8.15787294041637));
#5764=CARTESIAN_POINT('Ctrl Pts',(-26.8499108642873,-17.2433583699538,-8.48187432573638));
#5765=CARTESIAN_POINT('Ctrl Pts',(-27.5118664642224,-16.7601302923881,-8.7580215814725));
#5766=CARTESIAN_POINT('Ctrl Pts',(-28.1986883440083,-16.29040094912,-8.98460752730892));
#5767=CARTESIAN_POINT('Ctrl Pts',(-28.9124742948618,-15.8347154014125,-9.15993625892577));
#5768=CARTESIAN_POINT('Ctrl Pts',(-29.6629421065037,-15.3833224478824,-9.29208484843633));
#5769=CARTESIAN_POINT('Ctrl Pts',(-30.1646576781816,-15.0855316864439,-9.36411001303445));
#5770=CARTESIAN_POINT('Ctrl Pts',(-30.4161631626393,-14.93495189104,-9.39834107225821));
#5771=CARTESIAN_POINT('Ctrl Pts',(-25.5680611069536,-20.7842801930374,-3.68885267299806));
#5772=CARTESIAN_POINT('Ctrl Pts',(-25.6591765163277,-20.6608066605058,-3.88345949064323));
#5773=CARTESIAN_POINT('Ctrl Pts',(-25.8553087048688,-20.4074725618759,-4.26332055775911));
#5774=CARTESIAN_POINT('Ctrl Pts',(-26.1925481787796,-20.0095074432271,-4.80283516171411));
#5775=CARTESIAN_POINT('Ctrl Pts',(-26.5724845089656,-19.5958914771036,-5.30905576981353));
#5776=CARTESIAN_POINT('Ctrl Pts',(-26.9924753845588,-19.1721754140228,-5.77595117462766));
#5777=CARTESIAN_POINT('Ctrl Pts',(-27.4506214493696,-18.7437662882304,-6.19917578106346));
#5778=CARTESIAN_POINT('Ctrl Pts',(-27.946958529496,-18.3132061607395,-6.57838717504204));
#5779=CARTESIAN_POINT('Ctrl Pts',(-28.4768339655456,-17.8861065404065,-6.91134497189814));
#5780=CARTESIAN_POINT('Ctrl Pts',(-29.0339552236658,-17.4691720051737,-7.19617393198249));
#5781=CARTESIAN_POINT('Ctrl Pts',(-29.6178609938613,-17.0637251175691,-7.4355556661162));
#5782=CARTESIAN_POINT('Ctrl Pts',(-30.221938793601,-16.6714373058521,-7.6335205930797));
#5783=CARTESIAN_POINT('Ctrl Pts',(-30.8366617360675,-16.2946773881796,-7.79433842558995));
#5784=CARTESIAN_POINT('Ctrl Pts',(-31.4637331305925,-15.9263894909388,-7.92708053885544));
#5785=CARTESIAN_POINT('Ctrl Pts',(-31.876529904435,-15.6840948499666,-8.0050362208758));
#5786=CARTESIAN_POINT('Ctrl Pts',(-32.0823702051945,-15.5620665632952,-8.04280626919637));
#5787=CARTESIAN_POINT('Ctrl Pts',(-27.1221223292069,-20.7842791688957,-3.13941094002963));
#5788=CARTESIAN_POINT('Ctrl Pts',(-27.1917378191879,-20.6635287275398,-3.33661676361982));
#5789=CARTESIAN_POINT('Ctrl Pts',(-27.3481794966999,-20.4161494072757,-3.72025802553101));
#5790=CARTESIAN_POINT('Ctrl Pts',(-27.6336527924057,-20.0296370107419,-4.26057575976506));
#5791=CARTESIAN_POINT('Ctrl Pts',(-27.9672129388446,-19.6312243002731,-4.76217956098976));
#5792=CARTESIAN_POINT('Ctrl Pts',(-28.343952042532,-19.2275232008803,-5.21900896615081));
#5793=CARTESIAN_POINT('Ctrl Pts',(-28.7604636673163,-18.823856013703,-5.62810320212952));
#5794=CARTESIAN_POINT('Ctrl Pts',(-29.2146709070399,-18.4226356966207,-5.99058059707421));
#5795=CARTESIAN_POINT('Ctrl Pts',(-29.6996943945598,-18.0291420258114,-6.30575379551582));
#5796=CARTESIAN_POINT('Ctrl Pts',(-30.2082857790924,-17.648411268718,-6.5741661970523));
#5797=CARTESIAN_POINT('Ctrl Pts',(-30.739080260803,-17.2798264522623,-6.80086936567047));
#5798=CARTESIAN_POINT('Ctrl Pts',(-31.2833048869924,-16.9244127565181,-6.99099544213274));
#5799=CARTESIAN_POINT('Ctrl Pts',(-31.83298807495,-16.5827432217476,-7.14970726132512));
#5800=CARTESIAN_POINT('Ctrl Pts',(-32.3887345180415,-16.2480850758355,-7.28587140863518));
#5801=CARTESIAN_POINT('Ctrl Pts',(-32.7510225083399,-16.0278661577684,-7.36860412477649));
#5802=CARTESIAN_POINT('Ctrl Pts',(-32.9310567343953,-15.9170468638582,-7.40910975907768));
#5803=CARTESIAN_POINT('',(-27.1221223292069,-20.7842791688957,-3.13941094002963));
#5804=CARTESIAN_POINT('Ctrl Pts',(-13.5619265735403,-23.4899458738903,-9.5897302461044));
#5805=CARTESIAN_POINT('Ctrl Pts',(-14.4055252209127,-23.1976486693507,-9.11268060215478));
#5806=CARTESIAN_POINT('Ctrl Pts',(-16.0758315304886,-22.6423881466462,-8.18261260067932));
#5807=CARTESIAN_POINT('Ctrl Pts',(-18.8022675230664,-21.8666192481239,-6.74331501570801));
#5808=CARTESIAN_POINT('Ctrl Pts',(-22.5010897398305,-21.0298691796545,-4.92361008112942));
#5809=CARTESIAN_POINT('Ctrl Pts',(-25.5680611069536,-20.7842801930374,-3.68885267299806));
#5810=CARTESIAN_POINT('Ctrl Pts',(-27.1221223292069,-20.7842791688957,-3.13941094002963));
#5811=CARTESIAN_POINT('',(-32.9310567343953,-15.9170468638582,-7.40910975907768));
#5812=CARTESIAN_POINT('Ctrl Pts',(-27.1221223292069,-20.7842791688957,-3.13941094002963));
#5813=CARTESIAN_POINT('Ctrl Pts',(-27.1549649125629,-20.7273125880876,-3.23244696838066));
#5814=CARTESIAN_POINT('Ctrl Pts',(-27.1897294072908,-20.6696790667726,-3.32430688342762));
#5815=CARTESIAN_POINT('Ctrl Pts',(-27.2263906898505,-20.6114382556406,-3.41490256777844));
#5816=CARTESIAN_POINT('Ctrl Pts',(-27.2614073349339,-20.5558101469004,-3.50143409923393));
#5817=CARTESIAN_POINT('Ctrl Pts',(-27.2981543021597,-20.4996285560027,-3.58681186278019));
#5818=CARTESIAN_POINT('Ctrl Pts',(-27.3366179470139,-20.4429251424561,-3.67099981186139));
#5819=CARTESIAN_POINT('Ctrl Pts',(-27.37544416349,-20.3856872229184,-3.75598134567311));
#5820=CARTESIAN_POINT('Ctrl Pts',(-27.4160228521203,-20.3279126983328,-3.83975774953173));
#5821=CARTESIAN_POINT('Ctrl Pts',(-27.458327810976,-20.2696393811594,-3.9222914854264));
#5822=CARTESIAN_POINT('Ctrl Pts',(-27.5053046800754,-20.2049307023924,-4.01393976052882));
#5823=CARTESIAN_POINT('Ctrl Pts',(-27.5544098347277,-20.1396070042128,-4.10405502780029));
#5824=CARTESIAN_POINT('Ctrl Pts',(-27.6055725107768,-20.0737610639789,-4.19254135269195));
#5825=CARTESIAN_POINT('Ctrl Pts',(-27.6689099283698,-19.9922463322359,-4.30208400651152));
#5826=CARTESIAN_POINT('Ctrl Pts',(-27.7353998395546,-19.9099314164499,-4.40912822026986));
#5827=CARTESIAN_POINT('Ctrl Pts',(-27.8048640421238,-19.8270536902032,-4.51344719703317));
#5828=CARTESIAN_POINT('Ctrl Pts',(-27.8777163269659,-19.7401336436716,-4.62285428051668));
#5829=CARTESIAN_POINT('Ctrl Pts',(-27.9538368609868,-19.6525984326447,-4.7292585546314));
#5830=CARTESIAN_POINT('Ctrl Pts',(-28.0330113246529,-19.5647479984186,-4.8324159684647));
#5831=CARTESIAN_POINT('Ctrl Pts',(-28.0922473610144,-19.499020852629,-4.90959535224373));
#5832=CARTESIAN_POINT('Ctrl Pts',(-28.1531923850307,-19.4331183675038,-4.98495723817756));
#5833=CARTESIAN_POINT('Ctrl Pts',(-28.2157708138639,-19.3671524102937,-5.05843232303804));
#5834=CARTESIAN_POINT('Ctrl Pts',(-28.2722938509394,-19.3075696384883,-5.12479760294562));
#5835=CARTESIAN_POINT('Ctrl Pts',(-28.330149245922,-19.2479356012863,-5.18962338470183));
#5836=CARTESIAN_POINT('Ctrl Pts',(-28.389298640801,-19.1883105179521,-5.25289114290409));
#5837=CARTESIAN_POINT('Ctrl Pts',(-28.4635667225506,-19.1134451609617,-5.33233024871219));
#5838=CARTESIAN_POINT('Ctrl Pts',(-28.5398773922604,-19.0385933430407,-5.40931361477249));
#5839=CARTESIAN_POINT('Ctrl Pts',(-28.6181887317899,-18.9638155258472,-5.4838785444573));
#5840=CARTESIAN_POINT('Ctrl Pts',(-28.6837789803705,-18.9011848053473,-5.54633095943083));
#5841=CARTESIAN_POINT('Ctrl Pts',(-28.7507726274838,-18.8386050265583,-5.60708785087966));
#5842=CARTESIAN_POINT('Ctrl Pts',(-28.8190971618922,-18.7761385661436,-5.66615246043682));
#5843=CARTESIAN_POINT('Ctrl Pts',(-28.9007976656184,-18.7014429780057,-5.73678021362981));
#5844=CARTESIAN_POINT('Ctrl Pts',(-28.9844005699331,-18.6269099088943,-5.80498719359518));
#5845=CARTESIAN_POINT('Ctrl Pts',(-29.0697205528854,-18.5526839728182,-5.8707585367509));
#5846=CARTESIAN_POINT('Ctrl Pts',(-29.1646548267132,-18.4700938796566,-5.94394133033695));
#5847=CARTESIAN_POINT('Ctrl Pts',(-29.2617113731424,-18.3878870271114,-6.01410575062011));
#5848=CARTESIAN_POINT('Ctrl Pts',(-29.360599901356,-18.3062776399797,-6.08124105575456));
#5849=CARTESIAN_POINT('Ctrl Pts',(-29.4373180254759,-18.2429647440916,-6.13332489970661));
#5850=CARTESIAN_POINT('Ctrl Pts',(-29.5151373263377,-18.1800124429067,-6.18358541795329));
#5851=CARTESIAN_POINT('Ctrl Pts',(-29.5939340698293,-18.1175049778278,-6.23203884319494));
#5852=CARTESIAN_POINT('Ctrl Pts',(-29.6649096249964,-18.0612018637717,-6.27568288993948));
#5853=CARTESIAN_POINT('Ctrl Pts',(-29.736677700185,-18.0052601156717,-6.31786066007538));
#5854=CARTESIAN_POINT('Ctrl Pts',(-29.8091696614263,-17.9497183477121,-6.35860538382453));
#5855=CARTESIAN_POINT('Ctrl Pts',(-29.8799027390084,-17.8955241982524,-6.3983615120443));
#5856=CARTESIAN_POINT('Ctrl Pts',(-29.9513244218474,-17.841711445766,-6.43675302845373));
#5857=CARTESIAN_POINT('Ctrl Pts',(-30.023400815513,-17.7882852091033,-6.47383524013041));
#5858=CARTESIAN_POINT('Ctrl Pts',(-30.0918573426949,-17.7375421788777,-6.50905508538768));
#5859=CARTESIAN_POINT('Ctrl Pts',(-30.1609074580097,-17.6871460753829,-6.54309496721166));
#5860=CARTESIAN_POINT('Ctrl Pts',(-30.230543307089,-17.6370745364103,-6.57602231339686));
#5861=CARTESIAN_POINT('Ctrl Pts',(-30.3005090022766,-17.586765822154,-6.60910562747987));
#5862=CARTESIAN_POINT('Ctrl Pts',(-30.3710670745055,-17.5367837557541,-6.64106641438148));
#5863=CARTESIAN_POINT('Ctrl Pts',(-30.442149829907,-17.4871298945464,-6.6719628393129));
#5864=CARTESIAN_POINT('Ctrl Pts',(-30.5320823941358,-17.4243087639215,-6.71105241460987));
#5865=CARTESIAN_POINT('Ctrl Pts',(-30.6228530758421,-17.3620139439466,-6.74843765506106));
#5866=CARTESIAN_POINT('Ctrl Pts',(-30.7142383021208,-17.3002852534729,-6.7842225783964));
#5867=CARTESIAN_POINT('Ctrl Pts',(-30.804879794088,-17.2390589390065,-6.81971626783755));
#5868=CARTESIAN_POINT('Ctrl Pts',(-30.8961194897454,-17.1783928250687,-6.85363427990436));
#5869=CARTESIAN_POINT('Ctrl Pts',(-30.9877351654267,-17.1183214373793,-6.88608283154574));
#5870=CARTESIAN_POINT('Ctrl Pts',(-31.0575409816163,-17.0725505339163,-6.91080674057829));
#5871=CARTESIAN_POINT('Ctrl Pts',(-31.1275642943532,-17.0271252281927,-6.93467754107715));
#5872=CARTESIAN_POINT('Ctrl Pts',(-31.197739318352,-16.9820411057124,-6.95775060867663));
#5873=CARTESIAN_POINT('Ctrl Pts',(-31.2611598590989,-16.9412964181602,-6.97860284841184));
#5874=CARTESIAN_POINT('Ctrl Pts',(-31.3247038619611,-16.9008306479899,-6.99880350049667));
#5875=CARTESIAN_POINT('Ctrl Pts',(-31.3883604156672,-16.8606185530602,-7.01840154355133));
#5876=CARTESIAN_POINT('Ctrl Pts',(-31.4524864312923,-16.8201098971928,-7.03814412058354));
#5877=CARTESIAN_POINT('Ctrl Pts',(-31.5167275836216,-16.7798585914688,-7.05727505110282));
#5878=CARTESIAN_POINT('Ctrl Pts',(-31.5811179687986,-16.739810877893,-7.07585442808319));
#5879=CARTESIAN_POINT('Ctrl Pts',(-31.638324782032,-16.7042309995515,-7.09236103766456));
#5880=CARTESIAN_POINT('Ctrl Pts',(-31.6956527129975,-16.6688102980355,-7.10843259450246));
#5881=CARTESIAN_POINT('Ctrl Pts',(-31.7530814657102,-16.6335184705339,-7.12411684172358));
#5882=CARTESIAN_POINT('Ctrl Pts',(-31.8198416169876,-16.5924921965585,-7.1423495678006));
#5883=CARTESIAN_POINT('Ctrl Pts',(-31.8867371936517,-16.5516402490586,-7.16005899846333));
#5884=CARTESIAN_POINT('Ctrl Pts',(-31.9536689037061,-16.5109306341617,-7.17732535070348));
#5885=CARTESIAN_POINT('Ctrl Pts',(-32.0359529269584,-16.4608833412412,-7.19855213436186));
#5886=CARTESIAN_POINT('Ctrl Pts',(-32.1182870807557,-16.4110522100973,-7.21910985443917));
#5887=CARTESIAN_POINT('Ctrl Pts',(-32.2004314735992,-16.3613908895312,-7.2391496845512));
#5888=CARTESIAN_POINT('Ctrl Pts',(-32.2629150110554,-16.3236157611713,-7.25439308013885));
#5889=CARTESIAN_POINT('Ctrl Pts',(-32.3252864472182,-16.2859394514628,-7.26933700930193));
#5890=CARTESIAN_POINT('Ctrl Pts',(-32.3874586330878,-16.2483370560077,-7.28404426526397));
#5891=CARTESIAN_POINT('Ctrl Pts',(-32.4439017107135,-16.2141996858013,-7.29739626147117));
#5892=CARTESIAN_POINT('Ctrl Pts',(-32.5001796616717,-16.1801234707839,-7.31055329426405));
#5893=CARTESIAN_POINT('Ctrl Pts',(-32.556262719124,-16.146080973834,-7.32355714082298));
#5894=CARTESIAN_POINT('Ctrl Pts',(-32.6088745379252,-16.1141455237635,-7.33575611944427));
#5895=CARTESIAN_POINT('Ctrl Pts',(-32.6613142758294,-16.0822399015933,-7.34782036078812));
#5896=CARTESIAN_POINT('Ctrl Pts',(-32.713600078543,-16.0503306714058,-7.35977834686078));
#5897=CARTESIAN_POINT('Ctrl Pts',(-32.7624756786289,-16.0205026360166,-7.37095640504842));
#5898=CARTESIAN_POINT('Ctrl Pts',(-32.8112165365142,-15.9906715185269,-7.38204165065118));
#5899=CARTESIAN_POINT('Ctrl Pts',(-32.8598812829344,-15.9607987823486,-7.39305121414668));
#5900=CARTESIAN_POINT('Ctrl Pts',(-32.8836201014059,-15.9462267663916,-7.39842171432382));
#5901=CARTESIAN_POINT('Ctrl Pts',(-32.9073415146868,-15.9316446654019,-7.40377410686347));
#5902=CARTESIAN_POINT('Ctrl Pts',(-32.9310567343953,-15.9170468638582,-7.40910975907767));
#5903=CARTESIAN_POINT('Origin',(-40.4153878103942,-35.813355443681,-28.5779947850139));
#5904=CARTESIAN_POINT('Ctrl Pts',(-10.8276390158215,18.7540209014179,-7.65629697232741));
#5905=CARTESIAN_POINT('Ctrl Pts',(-10.7888927870174,18.7674550087063,-7.67818570658656));
#5906=CARTESIAN_POINT('Ctrl Pts',(-10.710093534665,18.7968976472104,-7.72412415837768));
#5907=CARTESIAN_POINT('Ctrl Pts',(-10.5783140335821,18.8523484279051,-7.80481031867274));
#5908=CARTESIAN_POINT('Ctrl Pts',(-10.4291289631777,18.9208099229354,-7.89939041430597));
#5909=CARTESIAN_POINT('Ctrl Pts',(-10.2602161133943,19.0042684483254,-8.01010565047242));
#5910=CARTESIAN_POINT('Ctrl Pts',(-10.070659194594,19.1025674754175,-8.13736884810321));
#5911=CARTESIAN_POINT('Ctrl Pts',(-9.97348311674866,19.1555395987158,-8.20416566918157));
#5912=CARTESIAN_POINT('Ctrl Pts',(-9.92397697405275,19.1820699357858,-8.23791518091829));
#5913=CARTESIAN_POINT('Ctrl Pts',(-10.8120919464105,18.7272127863928,-7.74395005152101));
#5914=CARTESIAN_POINT('Ctrl Pts',(-10.7741633266646,18.7423025653394,-7.76283965445114));
#5915=CARTESIAN_POINT('Ctrl Pts',(-10.6962576513408,18.7746661939113,-7.80403210753732));
#5916=CARTESIAN_POINT('Ctrl Pts',(-10.5659195118251,18.8331770229013,-7.87864957496661));
#5917=CARTESIAN_POINT('Ctrl Pts',(-10.4203946391842,18.9027197904343,-7.96694406999344));
#5918=CARTESIAN_POINT('Ctrl Pts',(-10.256735234322,18.9846632215662,-8.07368397128121));
#5919=CARTESIAN_POINT('Ctrl Pts',(-10.0797894973916,19.0760703112602,-8.19468888269919));
#5920=CARTESIAN_POINT('Ctrl Pts',(-9.98992659663951,19.1237688329046,-8.26032896642894));
#5921=CARTESIAN_POINT('Ctrl Pts',(-9.94381579869426,19.1477080835442,-8.29402785065744));
#5922=CARTESIAN_POINT('Ctrl Pts',(-10.7864463189324,18.6832437401572,-7.91152752086464));
#5923=CARTESIAN_POINT('Ctrl Pts',(-10.7490025339353,18.7008090863244,-7.92651829392895));
#5924=CARTESIAN_POINT('Ctrl Pts',(-10.6724771757257,18.7373925580876,-7.96016138054846));
#5925=CARTESIAN_POINT('Ctrl Pts',(-10.5450339180317,18.8005450543084,-8.02476037580619));
#5926=CARTESIAN_POINT('Ctrl Pts',(-10.402566861959,18.872426820267,-8.10728903866829));
#5927=CARTESIAN_POINT('Ctrl Pts',(-10.2498178730441,18.9498999943629,-8.20857019486857));
#5928=CARTESIAN_POINT('Ctrl Pts',(-10.100641014781,19.0269323318546,-8.31518185778749));
#5929=CARTESIAN_POINT('Ctrl Pts',(-10.0262837849937,19.0650542111824,-8.37607564816233));
#5930=CARTESIAN_POINT('Ctrl Pts',(-9.98766348897704,19.084412769588,-8.40810286472782));
#5931=CARTESIAN_POINT('Ctrl Pts',(-10.7581801839795,18.6340745307574,-8.21264286304762));
#5932=CARTESIAN_POINT('Ctrl Pts',(-10.7191696288094,18.655449680206,-8.22281054197703));
#5933=CARTESIAN_POINT('Ctrl Pts',(-10.6391907598812,18.6991737789749,-8.24817137143587));
#5934=CARTESIAN_POINT('Ctrl Pts',(-10.5067709852517,18.7710454056051,-8.3014134702896));
#5935=CARTESIAN_POINT('Ctrl Pts',(-10.3755910044637,18.8416631551566,-8.36428158789259));
#5936=CARTESIAN_POINT('Ctrl Pts',(-10.2578591410931,18.905125067801,-8.43253913478801));
#5937=CARTESIAN_POINT('Ctrl Pts',(-10.1493053514116,18.9633635217659,-8.50712970176032));
#5938=CARTESIAN_POINT('Ctrl Pts',(-10.0927229621546,18.9926359086441,-8.55773262267163));
#5939=CARTESIAN_POINT('Ctrl Pts',(-10.0652470238985,19.0067627041156,-8.58294817826014));
#5940=CARTESIAN_POINT('Ctrl Pts',(-10.7497653895046,18.6196816318274,-8.44281906191798));
#5941=CARTESIAN_POINT('Ctrl Pts',(-10.7097954204275,18.6427576327333,-8.44579117749552));
#5942=CARTESIAN_POINT('Ctrl Pts',(-10.6289057223635,18.6891234350463,-8.45679870409035));
#5943=CARTESIAN_POINT('Ctrl Pts',(-10.5022293649685,18.7605909179962,-8.4875306337817));
#5944=CARTESIAN_POINT('Ctrl Pts',(-10.3877874003121,18.8241563808858,-8.52843443724667));
#5945=CARTESIAN_POINT('Ctrl Pts',(-10.2865849354755,18.8796378225156,-8.58132999525472));
#5946=CARTESIAN_POINT('Ctrl Pts',(-10.1925794102915,18.9305311437179,-8.64399382707136));
#5947=CARTESIAN_POINT('Ctrl Pts',(-10.14645233524,18.9552425723104,-8.682100020907));
#5948=CARTESIAN_POINT('Ctrl Pts',(-10.1242948221455,18.9670742931198,-8.70076249446122));
#5949=CARTESIAN_POINT('Ctrl Pts',(-10.7497653835733,18.6196816352517,-8.55151248790422));
#5950=CARTESIAN_POINT('Ctrl Pts',(-10.7096587855561,18.6428365166006,-8.55146256833967));
#5951=CARTESIAN_POINT('Ctrl Pts',(-10.6287155888337,18.6892290193415,-8.55732255986955));
#5952=CARTESIAN_POINT('Ctrl Pts',(-10.5046618179103,18.7592147461164,-8.58139856070782));
#5953=CARTESIAN_POINT('Ctrl Pts',(-10.3971674961688,18.8189571652727,-8.6154844231524));
#5954=CARTESIAN_POINT('Ctrl Pts',(-10.3030175646617,18.8706499197479,-8.661133278359));
#5955=CARTESIAN_POINT('Ctrl Pts',(-10.217281234575,18.9171763656359,-8.71394296465304));
#5956=CARTESIAN_POINT('Ctrl Pts',(-10.1755431864637,18.9396102996514,-8.74472982079849));
#5957=CARTESIAN_POINT('Ctrl Pts',(-10.1554933962651,18.9503549802745,-8.75966971905011));
#5958=CARTESIAN_POINT('',(-10.8276390158215,18.7540209014179,-7.65629697232741));
#5959=CARTESIAN_POINT('',(-9.92397697405275,19.1820699357858,-8.23791518091829));
#5960=CARTESIAN_POINT('Ctrl Pts',(-10.8276390158215,18.7540209014179,-7.65629697232741));
#5961=CARTESIAN_POINT('Ctrl Pts',(-10.7888927870174,18.7674550087063,-7.67818570658656));
#5962=CARTESIAN_POINT('Ctrl Pts',(-10.710093534665,18.7968976472104,-7.72412415837768));
#5963=CARTESIAN_POINT('Ctrl Pts',(-10.5783140335821,18.8523484279051,-7.80481031867274));
#5964=CARTESIAN_POINT('Ctrl Pts',(-10.4291289631777,18.9208099229354,-7.89939041430597));
#5965=CARTESIAN_POINT('Ctrl Pts',(-10.2602161133943,19.0042684483254,-8.01010565047242));
#5966=CARTESIAN_POINT('Ctrl Pts',(-10.070659194594,19.1025674754175,-8.13736884810321));
#5967=CARTESIAN_POINT('Ctrl Pts',(-9.97348311674866,19.1555395987158,-8.20416566918157));
#5968=CARTESIAN_POINT('Ctrl Pts',(-9.92397697405275,19.1820699357858,-8.23791518091829));
#5969=CARTESIAN_POINT('',(-10.7497653835733,18.6196816352517,-8.55151248790422));
#5970=CARTESIAN_POINT('Ctrl Pts',(-10.8276390158215,18.7540209014179,-7.65629697232741));
#5971=CARTESIAN_POINT('Ctrl Pts',(-10.8120919464105,18.7272127863928,-7.74395005152101));
#5972=CARTESIAN_POINT('Ctrl Pts',(-10.7864463189324,18.6832437401572,-7.91152752086464));
#5973=CARTESIAN_POINT('Ctrl Pts',(-10.7581801839795,18.6340745307574,-8.21264286304762));
#5974=CARTESIAN_POINT('Ctrl Pts',(-10.7497653895046,18.6196816318274,-8.44281906191798));
#5975=CARTESIAN_POINT('Ctrl Pts',(-10.7497653835733,18.6196816352517,-8.55151248790422));
#5976=CARTESIAN_POINT('',(-10.1554933962651,18.9503549802745,-8.75966971905011));
#5977=CARTESIAN_POINT('Ctrl Pts',(-10.7497653835733,18.6196816352517,-8.55151248790423));
#5978=CARTESIAN_POINT('Ctrl Pts',(-10.7378711992359,18.6265485459519,-8.55149768354454));
#5979=CARTESIAN_POINT('Ctrl Pts',(-10.7259874166907,18.6333943065123,-8.55173852271536));
#5980=CARTESIAN_POINT('Ctrl Pts',(-10.7140542724606,18.6402532452424,-8.55223270959445));
#5981=CARTESIAN_POINT('Ctrl Pts',(-10.7020065103311,18.6471780641072,-8.55273164314055));
#5982=CARTESIAN_POINT('Ctrl Pts',(-10.6899087652313,18.6541160825592,-8.55348866816295));
#5983=CARTESIAN_POINT('Ctrl Pts',(-10.6777502237419,18.6610731245387,-8.55449319261662));
#5984=CARTESIAN_POINT('Ctrl Pts',(-10.6645328475544,18.6686360251608,-8.55558519675257));
#5985=CARTESIAN_POINT('Ctrl Pts',(-10.6512440555209,18.6762211128489,-8.55696956383706));
#5986=CARTESIAN_POINT('Ctrl Pts',(-10.6379227082313,18.6838058342967,-8.5586250045061));
#5987=CARTESIAN_POINT('Ctrl Pts',(-10.6221946639861,18.6927608470235,-8.56057952483514));
#5988=CARTESIAN_POINT('Ctrl Pts',(-10.6064219709158,18.7017148423126,-8.56291164476298));
#5989=CARTESIAN_POINT('Ctrl Pts',(-10.5907314820478,18.7105961068898,-8.56557896751706));
#5990=CARTESIAN_POINT('Ctrl Pts',(-10.568638619095,18.723101297952,-8.56933466923883));
#5991=CARTESIAN_POINT('Ctrl Pts',(-10.5467158648326,18.7354579054387,-8.57375270808076));
#5992=CARTESIAN_POINT('Ctrl Pts',(-10.5253843876812,18.7474340508657,-8.57871939116561));
#5993=CARTESIAN_POINT('Ctrl Pts',(-10.5118404158521,18.7550380519919,-8.58187288191113));
#5994=CARTESIAN_POINT('Ctrl Pts',(-10.4985360410141,18.7624881650642,-8.58524772829879));
#5995=CARTESIAN_POINT('Ctrl Pts',(-10.4855534325711,18.7697407870406,-8.58882405573613));
#5996=CARTESIAN_POINT('Ctrl Pts',(-10.4738959262882,18.7762531521504,-8.59203535643535));
#5997=CARTESIAN_POINT('Ctrl Pts',(-10.4624984087994,18.7826060154764,-8.59540904691098));
#5998=CARTESIAN_POINT('Ctrl Pts',(-10.4513862742988,18.7887872132663,-8.59893955496312));
#5999=CARTESIAN_POINT('Ctrl Pts',(-10.4410082745592,18.7945600437743,-8.60223681631681));
#6000=CARTESIAN_POINT('Ctrl Pts',(-10.4308795566547,18.8001829695029,-8.6056708115397));
#6001=CARTESIAN_POINT('Ctrl Pts',(-10.4209831848879,18.8056669506903,-8.60924588740641));
#6002=CARTESIAN_POINT('Ctrl Pts',(-10.4111766097582,18.8111011719171,-8.61278852413303));
#6003=CARTESIAN_POINT('Ctrl Pts',(-10.4015987375528,18.8163986798442,-8.61646960633309));
#6004=CARTESIAN_POINT('Ctrl Pts',(-10.3921873943021,18.8215950748524,-8.62030361192878));
#6005=CARTESIAN_POINT('Ctrl Pts',(-10.3831178040621,18.8266027737743,-8.62399839372613));
#6006=CARTESIAN_POINT('Ctrl Pts',(-10.3741959394085,18.8315203822545,-8.6278377547619));
#6007=CARTESIAN_POINT('Ctrl Pts',(-10.3653782245479,18.8363726407732,-8.63182276903195));
#6008=CARTESIAN_POINT('Ctrl Pts',(-10.3559060347918,18.8415850471801,-8.63610356195205));
#6009=CARTESIAN_POINT('Ctrl Pts',(-10.346554404175,18.8467218088191,-8.64055221968768));
#6010=CARTESIAN_POINT('Ctrl Pts',(-10.3373173887036,18.8517868968755,-8.64514447015435));
#6011=CARTESIAN_POINT('Ctrl Pts',(-10.3268298908808,18.8575376829522,-8.65035840715819));
#6012=CARTESIAN_POINT('Ctrl Pts',(-10.3164907157653,18.8631957254888,-8.6557571183316));
#6013=CARTESIAN_POINT('Ctrl Pts',(-10.3063442265883,18.8687378667221,-8.66127711269188));
#6014=CARTESIAN_POINT('Ctrl Pts',(-10.2910650248856,18.8770835607143,-8.66958945657327));
#6015=CARTESIAN_POINT('Ctrl Pts',(-10.2762259261369,18.885164545138,-8.67817494075531));
#6016=CARTESIAN_POINT('Ctrl Pts',(-10.2620790236643,18.8928487558671,-8.68676568696394));
#6017=CARTESIAN_POINT('Ctrl Pts',(-10.2521972665943,18.8982162561978,-8.69276641166309));
#6018=CARTESIAN_POINT('Ctrl Pts',(-10.2426564844276,18.9033884787714,-8.69876804475435));
#6019=CARTESIAN_POINT('Ctrl Pts',(-10.2335237819546,18.9083312591082,-8.7046904363562));
#6020=CARTESIAN_POINT('Ctrl Pts',(-10.2260010508185,18.9124026944418,-8.70956879080112));
#6021=CARTESIAN_POINT('Ctrl Pts',(-10.2187554910848,18.9163183194843,-8.71439324378279));
#6022=CARTESIAN_POINT('Ctrl Pts',(-10.2117956352696,18.9200747858852,-8.71913494197653));
#6023=CARTESIAN_POINT('Ctrl Pts',(-10.2052391186344,18.9236135566732,-8.72360184817579));
#6024=CARTESIAN_POINT('Ctrl Pts',(-10.1989365987771,18.9270108538145,-8.7279950791272));
#6025=CARTESIAN_POINT('Ctrl Pts',(-10.1928615360037,18.9302819236232,-8.73230882239166));
#6026=CARTESIAN_POINT('Ctrl Pts',(-10.1870508317878,18.9334106516442,-8.73643485155527));
#6027=CARTESIAN_POINT('Ctrl Pts',(-10.1814485574936,18.936423728093,-8.74048798344912));
#6028=CARTESIAN_POINT('Ctrl Pts',(-10.1759941722098,18.9393543344844,-8.74448331090763));
#6029=CARTESIAN_POINT('Ctrl Pts',(-10.1708071452975,18.9421412909296,-8.74828279883758));
#6030=CARTESIAN_POINT('Ctrl Pts',(-10.1657540267554,18.9448535854784,-8.75202992685734));
#6031=CARTESIAN_POINT('Ctrl Pts',(-10.160744837367,18.947539796763,-8.75575810537915));
#6032=CARTESIAN_POINT('Ctrl Pts',(-10.1589910341226,18.9484802854731,-8.75706340471613));
#6033=CARTESIAN_POINT('Ctrl Pts',(-10.1572422517112,18.9494177688106,-8.75836657711387));
#6034=CARTESIAN_POINT('Ctrl Pts',(-10.1554933962651,18.9503549802745,-8.75966971905011));
#6035=CARTESIAN_POINT('Origin',(-11.1001904563828,20.7131786993698,-8.7596697190501));
#6036=CARTESIAN_POINT('Ctrl Pts',(-10.8276390158215,18.7540209014179,-7.65629697232741));
#6037=CARTESIAN_POINT('Ctrl Pts',(-10.8120919464105,18.7272127863928,-7.74395005152101));
#6038=CARTESIAN_POINT('Ctrl Pts',(-10.7864463189324,18.6832437401572,-7.91152752086464));
#6039=CARTESIAN_POINT('Ctrl Pts',(-10.7581801839795,18.6340745307574,-8.21264286304762));
#6040=CARTESIAN_POINT('Ctrl Pts',(-10.7497653895046,18.6196816318274,-8.44281906191798));
#6041=CARTESIAN_POINT('Ctrl Pts',(-10.7497653835733,18.6196816352517,-8.55151248790422));
#6042=CARTESIAN_POINT('Ctrl Pts',(-10.8586117099201,18.7271827366169,-7.67823477766506));
#6043=CARTESIAN_POINT('Ctrl Pts',(-10.8440575738647,18.7019706057064,-7.76278698355615));
#6044=CARTESIAN_POINT('Ctrl Pts',(-10.8204176579809,18.6595894204966,-7.9265541855605));
#6045=CARTESIAN_POINT('Ctrl Pts',(-10.7961781152283,18.6109823355585,-8.22290089216262));
#6046=CARTESIAN_POINT('Ctrl Pts',(-10.7897353582521,18.5966056311116,-8.44588547000635));
#6047=CARTESIAN_POINT('Ctrl Pts',(-10.7898719815905,18.5965267539028,-8.55156240746878));
#6048=CARTESIAN_POINT('Ctrl Pts',(-10.9235554639835,18.6736619015326,-7.72410809786722));
#6049=CARTESIAN_POINT('Ctrl Pts',(-10.9111413157922,18.6506887622971,-7.80386652679951));
#6050=CARTESIAN_POINT('Ctrl Pts',(-10.8907341651568,18.6113922733277,-7.9603314048683));
#6051=CARTESIAN_POINT('Ctrl Pts',(-10.8745609529316,18.5632694496041,-8.24841479461448));
#6052=CARTESIAN_POINT('Ctrl Pts',(-10.8710763359862,18.549306596084,-8.45705481085305));
#6053=CARTESIAN_POINT('Ctrl Pts',(-10.871328412706,18.5491561488283,-8.55758516162589));
#6054=CARTESIAN_POINT('Ctrl Pts',(-11.0375976172011,18.5872628962441,-7.80460953650734));
#6055=CARTESIAN_POINT('Ctrl Pts',(-11.0272747650353,18.5669122108944,-7.87849049160936));
#6056=CARTESIAN_POINT('Ctrl Pts',(-11.0095842722573,18.532289738627,-8.02503852577826));
#6057=CARTESIAN_POINT('Ctrl Pts',(-11.0032530256824,18.4843919938389,-8.30147008412771));
#6058=CARTESIAN_POINT('Ctrl Pts',(-10.996438867612,18.4752496305623,-8.48757248213857));
#6059=CARTESIAN_POINT('Ctrl Pts',(-10.9939679122994,18.4767055197433,-8.58140734045797));
#6060=CARTESIAN_POINT('Ctrl Pts',(-11.171395896211,18.4922955829237,-7.89930793120351));
#6061=CARTESIAN_POINT('Ctrl Pts',(-11.160105077934,18.4756510259574,-7.96693788667565));
#6062=CARTESIAN_POINT('Ctrl Pts',(-11.1424855926101,18.4452096758451,-8.10721962212251));
#6063=CARTESIAN_POINT('Ctrl Pts',(-11.1291817119542,18.4065897151334,-8.3640614449174));
#6064=CARTESIAN_POINT('Ctrl Pts',(-11.107853166149,18.4084375056522,-8.52823357568703));
#6065=CARTESIAN_POINT('Ctrl Pts',(-11.0986609760464,18.4139609440201,-8.61530465248305));
#6066=CARTESIAN_POINT('Ctrl Pts',(-11.3280237645902,18.3877420266806,-8.01017273411916));
#6067=CARTESIAN_POINT('Ctrl Pts',(-11.3127133944546,18.3749869933263,-8.07368665544466));
#6068=CARTESIAN_POINT('Ctrl Pts',(-11.2860647245037,18.3516225404252,-8.2086121475473));
#6069=CARTESIAN_POINT('Ctrl Pts',(-11.2434196819053,18.3361117924963,-8.43267445857932));
#6070=CARTESIAN_POINT('Ctrl Pts',(-11.2070555033717,18.3482016486639,-8.58149534357081));
#6071=CARTESIAN_POINT('Ctrl Pts',(-11.1910843581066,18.3579211407667,-8.66130611657459));
#6072=CARTESIAN_POINT('Ctrl Pts',(-11.5079779626536,18.2727304330825,-8.1373704762411));
#6073=CARTESIAN_POINT('Ctrl Pts',(-11.4805183220102,18.2673568196687,-8.19472758852648));
#6074=CARTESIAN_POINT('Ctrl Pts',(-11.4275912482447,18.2608114118909,-8.31525931385296));
#6075=CARTESIAN_POINT('Ctrl Pts',(-11.3482101140745,18.2711706493611,-8.50720543324124));
#6076=CARTESIAN_POINT('Ctrl Pts',(-11.2981062689884,18.2922514004413,-8.64404782915268));
#6077=CARTESIAN_POINT('Ctrl Pts',(-11.2741741075897,18.3069761891233,-8.71398641310989));
#6078=CARTESIAN_POINT('Ctrl Pts',(-11.6024423573123,18.2150595426774,-8.20416566918157));
#6079=CARTESIAN_POINT('Ctrl Pts',(-11.5667063270767,18.2134146310839,-8.26032896642895));
#6080=CARTESIAN_POINT('Ctrl Pts',(-11.4976793789145,18.2155435689477,-8.37607564816233));
#6081=CARTESIAN_POINT('Ctrl Pts',(-11.4017437006371,18.2368724329064,-8.55773262267163));
#6082=CARTESIAN_POINT('Ctrl Pts',(-11.3424954348971,18.264706766761,-8.68210002090701));
#6083=CARTESIAN_POINT('Ctrl Pts',(-11.3144120640437,18.2820840466089,-8.7447298207985));
#6084=CARTESIAN_POINT('Ctrl Pts',(-11.6501713745339,18.1854511339944,-8.23791518091829));
#6085=CARTESIAN_POINT('Ctrl Pts',(-11.6104937252508,18.1854511339944,-8.29402785065744));
#6086=CARTESIAN_POINT('Ctrl Pts',(-11.5337545302828,18.1917766906985,-8.40810286472783));
#6087=CARTESIAN_POINT('Ctrl Pts',(-11.4277158335174,18.2201409701196,-8.58294817826014));
#6088=CARTESIAN_POINT('Ctrl Pts',(-11.3638207622358,18.2514336579412,-8.70076249446123));
#6089=CARTESIAN_POINT('Ctrl Pts',(-11.3337421255181,18.270092759268,-8.75966971905011));
#6090=CARTESIAN_POINT('',(-11.6501713745339,18.1854511339944,-8.23791518091829));
#6091=CARTESIAN_POINT('Ctrl Pts',(-10.8276390158215,18.7540209014179,-7.65629697232741));
#6092=CARTESIAN_POINT('Ctrl Pts',(-10.8586117099201,18.7271827366169,-7.67823477766506));
#6093=CARTESIAN_POINT('Ctrl Pts',(-10.9235554639834,18.6736619015326,-7.72410809786721));
#6094=CARTESIAN_POINT('Ctrl Pts',(-11.0375976172011,18.5872628962441,-7.80460953650734));
#6095=CARTESIAN_POINT('Ctrl Pts',(-11.171395896211,18.4922955829237,-7.89930793120351));
#6096=CARTESIAN_POINT('Ctrl Pts',(-11.3280237645902,18.3877420266806,-8.01017273411917));
#6097=CARTESIAN_POINT('Ctrl Pts',(-11.5079779626536,18.2727304330825,-8.13737047624109));
#6098=CARTESIAN_POINT('Ctrl Pts',(-11.6024423573123,18.2150595426774,-8.20416566918157));
#6099=CARTESIAN_POINT('Ctrl Pts',(-11.6501713745339,18.1854511339944,-8.23791518091829));
#6100=CARTESIAN_POINT('',(-11.3337421255181,18.270092759268,-8.75966971905011));
#6101=CARTESIAN_POINT('Origin',(-12.3880437185896,19.969636271758,-8.75966971905011));
#6102=CARTESIAN_POINT('Ctrl Pts',(-11.3337421255181,18.270092759268,-8.75966971905011));
#6103=CARTESIAN_POINT('Ctrl Pts',(-11.3288613337828,18.2731205290568,-8.75589743244829));
#6104=CARTESIAN_POINT('Ctrl Pts',(-11.3239758204672,18.2761485579999,-8.75212319537258));
#6105=CARTESIAN_POINT('Ctrl Pts',(-11.3189822877263,18.2792406836318,-8.74830558130735));
#6106=CARTESIAN_POINT('Ctrl Pts',(-11.3137715444414,18.2824673116941,-8.74432190724597));
#6107=CARTESIAN_POINT('Ctrl Pts',(-11.3084433685164,18.2857636063931,-8.74029110523195));
#6108=CARTESIAN_POINT('Ctrl Pts',(-11.3029247048843,18.2891742054068,-8.73619074118304));
#6109=CARTESIAN_POINT('Ctrl Pts',(-11.2971007643947,18.2927734691078,-8.73186355659666));
#6110=CARTESIAN_POINT('Ctrl Pts',(-11.291064926065,18.2964998679714,-8.72745903765365));
#6111=CARTESIAN_POINT('Ctrl Pts',(-11.2847763624402,18.3003776586635,-8.72297586069512));
#6112=CARTESIAN_POINT('Ctrl Pts',(-11.2780107141812,18.3045496396452,-8.71815256555271));
#6113=CARTESIAN_POINT('Ctrl Pts',(-11.2709528958657,18.3088966180617,-8.71323842039444));
#6114=CARTESIAN_POINT('Ctrl Pts',(-11.2635982841185,18.3134200436183,-8.70825750550544));
#6115=CARTESIAN_POINT('Ctrl Pts',(-11.255227542498,18.3185684359301,-8.70258841609548));
#6116=CARTESIAN_POINT('Ctrl Pts',(-11.2464728807463,18.3239450318214,-8.69683313026042));
#6117=CARTESIAN_POINT('Ctrl Pts',(-11.2373788136077,18.3295203810542,-8.69105581045488));
#6118=CARTESIAN_POINT('Ctrl Pts',(-11.2221333072213,18.3388670266242,-8.68137057670316));
#6119=CARTESIAN_POINT('Ctrl Pts',(-11.2059379993635,18.348769461784,-8.67162547418425));
#6120=CARTESIAN_POINT('Ctrl Pts',(-11.1891351645804,18.3590101658218,-8.66219831383212));
#6121=CARTESIAN_POINT('Ctrl Pts',(-11.179276571395,18.3650186123932,-8.65666719125634));
#6122=CARTESIAN_POINT('Ctrl Pts',(-11.1692109286735,18.3711423239184,-8.65124672068165));
#6123=CARTESIAN_POINT('Ctrl Pts',(-11.1589875194867,18.3773501229078,-8.6460029195536));
#6124=CARTESIAN_POINT('Ctrl Pts',(-11.1499284717598,18.3828509051124,-8.64135634385448));
#6125=CARTESIAN_POINT('Ctrl Pts',(-11.1407460823664,18.3884174126013,-8.63684878004384));
#6126=CARTESIAN_POINT('Ctrl Pts',(-11.131444233602,18.3940465714918,-8.63250986973368));
#6127=CARTESIAN_POINT('Ctrl Pts',(-11.1225509557751,18.3994284773057,-8.62836154010246));
#6128=CARTESIAN_POINT('Ctrl Pts',(-11.1135490427147,18.4048673377485,-8.62436767535623));
#6129=CARTESIAN_POINT('Ctrl Pts',(-11.1044044916964,18.4103829640991,-8.62053409348372));
#6130=CARTESIAN_POINT('Ctrl Pts',(-11.0939051622452,18.4167157384551,-8.61613256092328));
#6131=CARTESIAN_POINT('Ctrl Pts',(-11.0832123965841,18.4231530194326,-8.61194066584454));
#6132=CARTESIAN_POINT('Ctrl Pts',(-11.0722280425608,18.429752200546,-8.60793720347794));
#6133=CARTESIAN_POINT('Ctrl Pts',(-11.0622896182156,18.4357230079414,-8.60431495061126));
#6134=CARTESIAN_POINT('Ctrl Pts',(-11.0521127074448,18.4418261767018,-8.60084672569058));
#6135=CARTESIAN_POINT('Ctrl Pts',(-11.0416730298901,18.4480746068797,-8.59752661231509));
#6136=CARTESIAN_POINT('Ctrl Pts',(-11.0299694605685,18.4550795105612,-8.59380454553267));
#6137=CARTESIAN_POINT('Ctrl Pts',(-11.0179356950861,18.4622669075555,-8.59026859007024));
#6138=CARTESIAN_POINT('Ctrl Pts',(-11.0055956017301,18.4696200678622,-8.58692359915964));
#6139=CARTESIAN_POINT('Ctrl Pts',(-10.9916380130198,18.4779370541541,-8.58314015878985));
#6140=CARTESIAN_POINT('Ctrl Pts',(-10.9772892876988,18.4864655776776,-8.57960109125293));
#6141=CARTESIAN_POINT('Ctrl Pts',(-10.96264851911,18.4951436178921,-8.57632931264684));
#6142=CARTESIAN_POINT('Ctrl Pts',(-10.9414506439747,18.5077082596846,-8.5715922147314));
#6143=CARTESIAN_POINT('Ctrl Pts',(-10.9196443449392,18.5205836607702,-8.56741532691101));
#6144=CARTESIAN_POINT('Ctrl Pts',(-10.897637291036,18.533523719817,-8.56390358570173));
#6145=CARTESIAN_POINT('Ctrl Pts',(-10.8828268194942,18.5422322174245,-8.56154022786787));
#6146=CARTESIAN_POINT('Ctrl Pts',(-10.8679282815381,18.5509684899453,-8.55947902833852));
#6147=CARTESIAN_POINT('Ctrl Pts',(-10.853050273713,18.559668632717,-8.55775387444347));
#6148=CARTESIAN_POINT('Ctrl Pts',(-10.8396997750839,18.5674755411089,-8.55620584025895));
#6149=CARTESIAN_POINT('Ctrl Pts',(-10.826366663023,18.5752529085491,-8.55492859447463));
#6150=CARTESIAN_POINT('Ctrl Pts',(-10.8130960100875,18.5829748607867,-8.5539431858575));
#6151=CARTESIAN_POINT('Ctrl Pts',(-10.8010737154308,18.5899704159848,-8.55305047373475));
#6152=CARTESIAN_POINT('Ctrl Pts',(-10.7891029633969,18.5969203651031,-8.55239735522301));
#6153=CARTESIAN_POINT('Ctrl Pts',(-10.7771813322316,18.6038265561738,-8.5519947436074));
#6154=CARTESIAN_POINT('Ctrl Pts',(-10.7680207113057,18.6091332962972,-8.55168537550669));
#6155=CARTESIAN_POINT('Ctrl Pts',(-10.7588884974809,18.6144145562546,-8.55152384318979));
#6156=CARTESIAN_POINT('Ctrl Pts',(-10.7497653835733,18.6196816352517,-8.55151248790423));
#6157=CARTESIAN_POINT('Ctrl Pts',(-10.8276390158215,18.7540209014179,-7.65629697232741));
#6158=CARTESIAN_POINT('Ctrl Pts',(-10.8586117099201,18.7271827366169,-7.67823477766506));
#6159=CARTESIAN_POINT('Ctrl Pts',(-10.9235554639834,18.6736619015326,-7.72410809786721));
#6160=CARTESIAN_POINT('Ctrl Pts',(-11.0375976172011,18.5872628962441,-7.80460953650734));
#6161=CARTESIAN_POINT('Ctrl Pts',(-11.171395896211,18.4922955829237,-7.89930793120351));
#6162=CARTESIAN_POINT('Ctrl Pts',(-11.3280237645902,18.3877420266806,-8.01017273411917));
#6163=CARTESIAN_POINT('Ctrl Pts',(-11.5079779626536,18.2727304330825,-8.13737047624109));
#6164=CARTESIAN_POINT('Ctrl Pts',(-11.6024423573123,18.2150595426774,-8.20416566918157));
#6165=CARTESIAN_POINT('Ctrl Pts',(-11.6501713745339,18.1854511339944,-8.23791518091829));
#6166=CARTESIAN_POINT('Ctrl Pts',(-10.9051314734298,18.727152686841,-7.61251950380912));
#6167=CARTESIAN_POINT('Ctrl Pts',(-10.9336182424569,18.7018504280839,-7.6364234452315));
#6168=CARTESIAN_POINT('Ctrl Pts',(-10.9947817137261,18.6505639484405,-7.68584250715437));
#6169=CARTESIAN_POINT('Ctrl Pts',(-11.103745381365,18.5669432230329,-7.77018589802814));
#6170=CARTESIAN_POINT('Ctrl Pts',(-11.231319642816,18.4756863702098,-7.86613691445528));
#6171=CARTESIAN_POINT('Ctrl Pts',(-11.3828865853359,18.3749248835969,-7.97461326203));
#6172=CARTESIAN_POINT('Ctrl Pts',(-11.552849019972,18.2673889251708,-8.09232488808874));
#6173=CARTESIAN_POINT('Ctrl Pts',(-11.6434816116837,18.2134146310839,-8.15175231768272));
#6174=CARTESIAN_POINT('Ctrl Pts',(-11.6898490238169,18.1854511339944,-8.18180251117914));
#6175=CARTESIAN_POINT('Ctrl Pts',(-11.0547065275987,18.6829583988313,-7.53284923617497));
#6176=CARTESIAN_POINT('Ctrl Pts',(-11.0801512734859,18.6593138028935,-7.55984552643167));
#6177=CARTESIAN_POINT('Ctrl Pts',(-11.135185244741,18.6113326345318,-7.6145758436535));
#6178=CARTESIAN_POINT('Ctrl Pts',(-11.2355608598426,18.5325397839382,-7.70468397029684));
#6179=CARTESIAN_POINT('Ctrl Pts',(-11.3578646171872,18.4451005771561,-7.80302524644223));
#6180=CARTESIAN_POINT('Ctrl Pts',(-11.5011761507734,18.3515526594015,-7.90452800672572));
#6181=CARTESIAN_POINT('Ctrl Pts',(-11.6487907206156,18.2608778792347,-8.00221007131829));
#6182=CARTESIAN_POINT('Ctrl Pts',(-11.7295996470343,18.2155435689477,-8.0480908595982));
#6183=CARTESIAN_POINT('Ctrl Pts',(-11.7718202468451,18.1917766906984,-8.07142709962948));
#6184=CARTESIAN_POINT('Ctrl Pts',(-11.3291178891186,18.6338946031953,-7.40565574788753));
#6185=CARTESIAN_POINT('Ctrl Pts',(-11.3513763020842,18.6107980461266,-7.43810901008506));
#6186=CARTESIAN_POINT('Ctrl Pts',(-11.4012385929852,18.5633963632533,-7.50305837779481));
#6187=CARTESIAN_POINT('Ctrl Pts',(-11.4942532391066,18.4846532877758,-7.60641722932212));
#6188=CARTESIAN_POINT('Ctrl Pts',(-11.5957747872978,18.4063569667211,-7.70495917716344));
#6189=CARTESIAN_POINT('Ctrl Pts',(-11.6980704730697,18.3361291385295,-7.78952242885898));
#6190=CARTESIAN_POINT('Ctrl Pts',(-11.8032994258451,18.2712380259708,-7.8633831522805));
#6191=CARTESIAN_POINT('Ctrl Pts',(-11.8688889256423,18.2368724329065,-7.89708950987143));
#6192=CARTESIAN_POINT('Ctrl Pts',(-11.9013197570664,18.2201409701196,-7.91317108638401));
#6193=CARTESIAN_POINT('Ctrl Pts',(-11.5433776842806,18.6194107279474,-7.32114536765506));
#6194=CARTESIAN_POINT('Ctrl Pts',(-11.5595029509,18.5963337197912,-7.35783816242256));
#6195=CARTESIAN_POINT('Ctrl Pts',(-11.5967472170663,18.5494640875197,-7.43015827530423));
#6196=CARTESIAN_POINT('Ctrl Pts',(-11.6674651697368,18.4754928854317,-7.53798306176997));
#6197=CARTESIAN_POINT('Ctrl Pts',(-11.74345307481,18.4081659682251,-7.63019790323665));
#6198=CARTESIAN_POINT('Ctrl Pts',(-11.8262066752623,18.3482627835659,-7.70557375740209));
#6199=CARTESIAN_POINT('Ctrl Pts',(-11.9156459263579,18.2922982712616,-7.77055466576803));
#6200=CARTESIAN_POINT('Ctrl Pts',(-11.9663942112633,18.264706766761,-7.79977390982192));
#6201=CARTESIAN_POINT('Ctrl Pts',(-11.9910978025147,18.2514336579412,-7.81365879673347));
#6202=CARTESIAN_POINT('Ctrl Pts',(-11.645854831038,18.6194107245229,-7.28491423125163));
#6203=CARTESIAN_POINT('Ctrl Pts',(-11.659176437914,18.5962548324551,-7.32274318417848));
#6204=CARTESIAN_POINT('Ctrl Pts',(-11.6915841856719,18.5493522192005,-7.39682616239941));
#6205=CARTESIAN_POINT('Ctrl Pts',(-11.7551620245311,18.4769113655329,-7.50442344384656));
#6206=CARTESIAN_POINT('Ctrl Pts',(-11.8224603550151,18.4136897617204,-7.59251427990411));
#6207=CARTESIAN_POINT('Ctrl Pts',(-11.8961125765487,18.3579999065083,-7.66388765546753));
#6208=CARTESIAN_POINT('Ctrl Pts',(-11.9736224426465,18.3070132895699,-7.72468960429209));
#6209=CARTESIAN_POINT('Ctrl Pts',(-12.0160810292557,18.2820840466089,-7.75242005389937));
#6210=CARTESIAN_POINT('Ctrl Pts',(-12.0366098542324,18.270092759268,-7.76566464454796));
#6211=CARTESIAN_POINT('',(-11.645854831038,18.6194107245229,-7.28491423125163));
#6212=CARTESIAN_POINT('Ctrl Pts',(-10.8276390158215,18.7540209014179,-7.65629697232741));
#6213=CARTESIAN_POINT('Ctrl Pts',(-10.9051314734298,18.727152686841,-7.61251950380912));
#6214=CARTESIAN_POINT('Ctrl Pts',(-11.0547065275987,18.6829583988313,-7.53284923617497));
#6215=CARTESIAN_POINT('Ctrl Pts',(-11.3291178891186,18.6338946031953,-7.40565574788753));
#6216=CARTESIAN_POINT('Ctrl Pts',(-11.5433776842806,18.6194107279474,-7.32114536765506));
#6217=CARTESIAN_POINT('Ctrl Pts',(-11.645854831038,18.6194107245229,-7.28491423125163));
#6218=CARTESIAN_POINT('',(-12.0366098542324,18.270092759268,-7.76566464454796));
#6219=CARTESIAN_POINT('Ctrl Pts',(-11.645854831038,18.6194107245229,-7.28491423125163));
#6220=CARTESIAN_POINT('Ctrl Pts',(-11.6498055437807,18.6125435140796,-7.29613294741422));
#6221=CARTESIAN_POINT('Ctrl Pts',(-11.6539894404039,18.6056747367825,-7.30724427659791));
#6222=CARTESIAN_POINT('Ctrl Pts',(-11.6584242266945,18.5987698000973,-7.31830518579743));
#6223=CARTESIAN_POINT('Ctrl Pts',(-11.6629016091258,18.5917985414665,-7.32947233507575));
#6224=CARTESIAN_POINT('Ctrl Pts',(-11.6676344634223,18.5847905961074,-7.34058779347793));
#6225=CARTESIAN_POINT('Ctrl Pts',(-11.6726162867713,18.577739511294,-7.35166494440777));
#6226=CARTESIAN_POINT('Ctrl Pts',(-11.6780319555305,18.5700743780552,-7.36370675641693));
#6227=CARTESIAN_POINT('Ctrl Pts',(-11.6837415742162,18.5623584904125,-7.37570289552619));
#6228=CARTESIAN_POINT('Ctrl Pts',(-11.68971208368,18.5546142259708,-7.38762372443472));
#6229=CARTESIAN_POINT('Ctrl Pts',(-11.6967612533304,18.5454708464655,-7.40169822609319));
#6230=CARTESIAN_POINT('Ctrl Pts',(-11.7041735750586,18.5362882912245,-7.41566707814241));
#6231=CARTESIAN_POINT('Ctrl Pts',(-11.7118672327937,18.527140561555,-7.42942606010596));
#6232=CARTESIAN_POINT('Ctrl Pts',(-11.7227002238719,18.5142601765279,-7.44879928074935));
#6233=CARTESIAN_POINT('Ctrl Pts',(-11.7340864285435,18.5014528181603,-7.46775021436576));
#6234=CARTESIAN_POINT('Ctrl Pts',(-11.7457815238464,18.4889672897616,-7.48592888989393));
#6235=CARTESIAN_POINT('Ctrl Pts',(-11.7532070781208,18.4810398666524,-7.49747105678314));
#6236=CARTESIAN_POINT('Ctrl Pts',(-11.7607569720095,18.4732429965971,-7.50870084228359));
#6237=CARTESIAN_POINT('Ctrl Pts',(-11.7683861855524,18.465626038866,-7.51955053449632));
#6238=CARTESIAN_POINT('Ctrl Pts',(-11.7752367044752,18.4587865248351,-7.52929282593864));
#6239=CARTESIAN_POINT('Ctrl Pts',(-11.7821509502829,18.4520924168129,-7.5387281949015));
#6240=CARTESIAN_POINT('Ctrl Pts',(-11.7891159257165,18.4455596249401,-7.54783659618478));
#6241=CARTESIAN_POINT('Ctrl Pts',(-11.7956207527804,18.4394584287791,-7.556343241433));
#6242=CARTESIAN_POINT('Ctrl Pts',(-11.8021696730177,18.4334981646302,-7.56456439940103));
#6243=CARTESIAN_POINT('Ctrl Pts',(-11.808772771171,18.4276696458686,-7.57251555372512));
#6244=CARTESIAN_POINT('Ctrl Pts',(-11.8153159548372,18.4218940132982,-7.58039456171388));
#6245=CARTESIAN_POINT('Ctrl Pts',(-11.8219120832632,18.4162480866203,-7.58800798367755));
#6246=CARTESIAN_POINT('Ctrl Pts',(-11.8285954456379,18.4106958217881,-7.59540937032143));
#6247=CARTESIAN_POINT('Ctrl Pts',(-11.8350361158567,18.4053451756991,-7.60254199127812));
#6248=CARTESIAN_POINT('Ctrl Pts',(-11.8415624688872,18.4000774185001,-7.60948322210841));
#6249=CARTESIAN_POINT('Ctrl Pts',(-11.8481899218962,18.3948671826867,-7.61627344715714));
#6250=CARTESIAN_POINT('Ctrl Pts',(-11.8553092825796,18.3892702289323,-7.62356766126594));
#6251=CARTESIAN_POINT('Ctrl Pts',(-11.8625449777753,18.3837398600711,-7.63068732461857));
#6252=CARTESIAN_POINT('Ctrl Pts',(-11.8698762605909,18.3782729140463,-7.63764657239461));
#6253=CARTESIAN_POINT('Ctrl Pts',(-11.8782000327878,18.3720658675486,-7.64554794444734));
#6254=CARTESIAN_POINT('Ctrl Pts',(-11.8866465185372,18.3659409005134,-7.65324208033209));
#6255=CARTESIAN_POINT('Ctrl Pts',(-11.8951417790244,18.359924853744,-7.66071032244751));
#6256=CARTESIAN_POINT('Ctrl Pts',(-11.9079344599473,18.350865523915,-7.67195645652203));
#6257=CARTESIAN_POINT('Ctrl Pts',(-11.9208348944527,18.3420549796401,-7.68268794284985));
#6258=CARTESIAN_POINT('Ctrl Pts',(-11.9335103852988,18.3336455080776,-7.69276740634987));
#6259=CARTESIAN_POINT('Ctrl Pts',(-11.9423643461934,18.3277714055861,-7.69980801540811));
#6260=CARTESIAN_POINT('Ctrl Pts',(-11.951105962545,18.3220949571442,-7.7065281409371));
#6261=CARTESIAN_POINT('Ctrl Pts',(-11.9596386217531,18.3166571949656,-7.71289497088163));
#6262=CARTESIAN_POINT('Ctrl Pts',(-11.9666670890984,18.312178036362,-7.71813941522973));
#6263=CARTESIAN_POINT('Ctrl Pts',(-11.9735535638663,18.3078610100886,-7.72314394831019));
#6264=CARTESIAN_POINT('Ctrl Pts',(-11.9802684542099,18.3037118313458,-7.72791143171442));
#6265=CARTESIAN_POINT('Ctrl Pts',(-11.9865942016687,18.2998031067731,-7.73240262881313));
#6266=CARTESIAN_POINT('Ctrl Pts',(-11.9927673147173,18.2960436130393,-7.73668313634959));
#6267=CARTESIAN_POINT('Ctrl Pts',(-11.9987911378498,18.2924179892523,-7.74077985129851));
#6268=CARTESIAN_POINT('Ctrl Pts',(-12.0045528321366,18.2889501357977,-7.74469829621243));
#6269=CARTESIAN_POINT('Ctrl Pts',(-12.0101776741649,18.2856049621641,-7.74844835629557));
#6270=CARTESIAN_POINT('Ctrl Pts',(-12.0156995624256,18.2823466291419,-7.75208063245574));
#6271=CARTESIAN_POINT('Ctrl Pts',(-12.0209507835118,18.2792480102882,-7.7555348648239));
#6272=CARTESIAN_POINT('Ctrl Pts',(-12.0261087681066,18.2762280285367,-7.75888246430122));
#6273=CARTESIAN_POINT('Ctrl Pts',(-12.0312340358279,18.2732330489162,-7.76219437498008));
#6274=CARTESIAN_POINT('Ctrl Pts',(-12.0330284800924,18.2721844551072,-7.76335393179648));
#6275=CARTESIAN_POINT('Ctrl Pts',(-12.0348192146774,18.2711387067809,-7.76450937687278));
#6276=CARTESIAN_POINT('Ctrl Pts',(-12.0366098542324,18.270092759268,-7.76566464454796));
#6277=CARTESIAN_POINT('Origin',(-12.3880437185896,19.969636271758,-8.75966971905011));
#6278=CARTESIAN_POINT('Ctrl Pts',(-10.8276390158215,18.7540209014179,-7.65629697232741));
#6279=CARTESIAN_POINT('Ctrl Pts',(-10.9051314734298,18.727152686841,-7.61251950380912));
#6280=CARTESIAN_POINT('Ctrl Pts',(-11.0547065275987,18.6829583988313,-7.53284923617497));
#6281=CARTESIAN_POINT('Ctrl Pts',(-11.3291178891186,18.6338946031953,-7.40565574788753));
#6282=CARTESIAN_POINT('Ctrl Pts',(-11.5433776842806,18.6194107279474,-7.32114536765506));
#6283=CARTESIAN_POINT('Ctrl Pts',(-11.645854831038,18.6194107245229,-7.28491423125163));
#6284=CARTESIAN_POINT('Ctrl Pts',(-10.835412550527,18.7674249589305,-7.61247043273062));
#6285=CARTESIAN_POINT('Ctrl Pts',(-10.9102767087854,18.7422146419211,-7.57056163094671));
#6286=CARTESIAN_POINT('Ctrl Pts',(-11.0563834991856,18.7005512816175,-7.49251243401113));
#6287=CARTESIAN_POINT('Ctrl Pts',(-11.3257901206185,18.6552556793486,-7.36546930985181));
#6288=CARTESIAN_POINT('Ctrl Pts',(-11.532945592481,18.6424877359133,-7.28243973197626));
#6289=CARTESIAN_POINT('Ctrl Pts',(-11.632533224162,18.6425666165907,-7.24708527832478));
#6290=CARTESIAN_POINT('Ctrl Pts',(-10.8523882382988,18.7969074822243,-7.52286496787926));
#6291=CARTESIAN_POINT('Ctrl Pts',(-10.9230224568762,18.7746699449065,-7.483373420842));
#6292=CARTESIAN_POINT('Ctrl Pts',(-11.0625962311398,18.7373485895527,-7.40875303566576));
#6293=CARTESIAN_POINT('Ctrl Pts',(-11.3230075284774,18.6992807650432,-7.28105724340742));
#6294=CARTESIAN_POINT('Ctrl Pts',(-11.5162652630946,18.6892815714859,-7.20175261335003));
#6295=CARTESIAN_POINT('Ctrl Pts',(-11.6109607435883,18.6894246527011,-7.1680008266506));
#6296=CARTESIAN_POINT('Ctrl Pts',(-10.8843374524923,18.8524713813688,-7.37172667599807));
#6297=CARTESIAN_POINT('Ctrl Pts',(-10.9498388234918,18.8333561864789,-7.33534966513494));
#6298=CARTESIAN_POINT('Ctrl Pts',(-11.0809594037535,18.800724534194,-7.26657056845292));
#6299=CARTESIAN_POINT('Ctrl Pts',(-11.3288098961829,18.7712926414284,-7.13830294907375));
#6300=CARTESIAN_POINT('Ctrl Pts',(-11.50276543975,18.7608202257957,-7.07201633296634));
#6301=CARTESIAN_POINT('Ctrl Pts',(-11.5920658974798,18.7594082603139,-7.04309159490339));
#6302=CARTESIAN_POINT('Ctrl Pts',(-10.923905540112,18.9208604333138,-7.19954694420735));
#6303=CARTESIAN_POINT('Ctrl Pts',(-10.9847446069365,18.9027600193733,-7.16873594464181));
#6304=CARTESIAN_POINT('Ctrl Pts',(-11.111152415531,18.872280422425,-7.10542601290966));
#6305=CARTESIAN_POINT('Ctrl Pts',(-11.3443738994047,18.8414489434522,-6.99455051558667));
#6306=CARTESIAN_POINT('Ctrl Pts',(-11.503245037481,18.8239017762186,-6.95138955955214));
#6307=CARTESIAN_POINT('Ctrl Pts',(-11.5884629469426,18.8187028252572,-6.93120897579951));
#6308=CARTESIAN_POINT('Ctrl Pts',(-10.9721432220433,19.0042273681493,-7.00338930346995));
#6309=CARTESIAN_POINT('Ctrl Pts',(-11.030894388721,18.9845906819933,-6.97902093293501));
#6310=CARTESIAN_POINT('Ctrl Pts',(-11.1558000710211,18.9498300303882,-6.9275310764797));
#6311=CARTESIAN_POINT('Ctrl Pts',(-11.3696779835936,18.9051429661881,-6.86028223268772));
#6312=CARTESIAN_POINT('Ctrl Pts',(-11.5195383968184,18.8796955918741,-6.83768883540412));
#6313=CARTESIAN_POINT('Ctrl Pts',(-11.6002523484572,18.8707239203984,-6.82655004655339));
#6314=CARTESIAN_POINT('Ctrl Pts',(-11.0288730497789,19.1025664783907,-6.78225226065373));
#6315=CARTESIAN_POINT('Ctrl Pts',(-11.085975232039,19.0760989253079,-6.77169028498421));
#6316=CARTESIAN_POINT('Ctrl Pts',(-11.206545314964,19.0269900309901,-6.7511188019827));
#6317=CARTESIAN_POINT('Ctrl Pts',(-11.4037344951192,18.9634235709527,-6.7330156696753));
#6318=CARTESIAN_POINT('Ctrl Pts',(-11.5471868727594,18.9305727438209,-6.72823307796789));
#6319=CARTESIAN_POINT('Ctrl Pts',(-11.6213649759908,18.9172092784231,-6.72822468533822));
#6320=CARTESIAN_POINT('Ctrl Pts',(-11.0594559437911,19.1555395987158,-6.6683681688095));
#6321=CARTESIAN_POINT('Ctrl Pts',(-11.1178883682046,19.1237688329046,-6.66515013124322));
#6322=CARTESIAN_POINT('Ctrl Pts',(-11.2391344490607,19.0650542111824,-6.66084578990558));
#6323=CARTESIAN_POINT('Ctrl Pts',(-11.4325486794815,18.9926359086441,-6.66293292201169));
#6324=CARTESIAN_POINT('Ctrl Pts',(-11.5677131780443,18.9552425723104,-6.67213366134337));
#6325=CARTESIAN_POINT('Ctrl Pts',(-11.6364580700623,18.9396102996514,-6.67868417894058));
#6326=CARTESIAN_POINT('Ctrl Pts',(-11.0747732410402,19.1820699357858,-6.61044349261638));
#6327=CARTESIAN_POINT('Ctrl Pts',(-11.1342897149647,19.1477080835442,-6.61044349261638));
#6328=CARTESIAN_POINT('Ctrl Pts',(-11.2564565664098,19.084412769588,-6.61375848677734));
#6329=CARTESIAN_POINT('Ctrl Pts',(-11.4471634871935,19.0067627041156,-6.6286231738018));
#6330=CARTESIAN_POINT('Ctrl Pts',(-11.5779224891513,18.9670742931198,-6.64502253314084));
#6331=CARTESIAN_POINT('Ctrl Pts',(-11.6438602778148,18.9503549802745,-6.65480108937567));
#6332=CARTESIAN_POINT('',(-11.0747732410402,19.1820699357858,-6.61044349261638));
#6333=CARTESIAN_POINT('Ctrl Pts',(-10.8276390158215,18.7540209014179,-7.65629697232741));
#6334=CARTESIAN_POINT('Ctrl Pts',(-10.835412550527,18.7674249589305,-7.61247043273062));
#6335=CARTESIAN_POINT('Ctrl Pts',(-10.8523882382988,18.7969074822243,-7.52286496787926));
#6336=CARTESIAN_POINT('Ctrl Pts',(-10.8843374524923,18.8524713813688,-7.37172667599807));
#6337=CARTESIAN_POINT('Ctrl Pts',(-10.923905540112,18.9208604333138,-7.19954694420735));
#6338=CARTESIAN_POINT('Ctrl Pts',(-10.9721432220433,19.0042273681493,-7.00338930346995));
#6339=CARTESIAN_POINT('Ctrl Pts',(-11.0288730497789,19.1025664783907,-6.78225226065373));
#6340=CARTESIAN_POINT('Ctrl Pts',(-11.0594559437911,19.1555395987158,-6.6683681688095));
#6341=CARTESIAN_POINT('Ctrl Pts',(-11.0747732410402,19.1820699357858,-6.61044349261638));
#6342=CARTESIAN_POINT('',(-11.6438602778148,18.9503549802745,-6.65480108937567));
#6343=CARTESIAN_POINT('Origin',(-11.958759297854,20.7131786993698,-7.54547001921062));
#6344=CARTESIAN_POINT('Ctrl Pts',(-11.6438602778148,18.9503549802745,-6.65480108937567));
#6345=CARTESIAN_POINT('Ctrl Pts',(-11.6419912390396,18.9476419755356,-6.66083150921252));
#6346=CARTESIAN_POINT('Ctrl Pts',(-11.6401212230815,18.9449250113653,-6.66686501658021));
#6347=CARTESIAN_POINT('Ctrl Pts',(-11.6382468172633,18.9421465479728,-6.67301623851702));
#6348=CARTESIAN_POINT('Ctrl Pts',(-11.6362908778438,18.9392472259466,-6.67943502859296));
#6349=CARTESIAN_POINT('Ctrl Pts',(-11.6343301888969,18.9362810375891,-6.68598176883467));
#6350=CARTESIAN_POINT('Ctrl Pts',(-11.632368660999,18.9332070341955,-6.69273482226963));
#6351=CARTESIAN_POINT('Ctrl Pts',(-11.630298626928,18.9299629856319,-6.69986143551311));
#6352=CARTESIAN_POINT('Ctrl Pts',(-11.6282276983932,18.926598995737,-6.70721752190092));
#6353=CARTESIAN_POINT('Ctrl Pts',(-11.6261684343091,18.9230918352306,-6.71484257438415));
#6354=CARTESIAN_POINT('Ctrl Pts',(-11.6239529432531,18.9193186024561,-6.72304610481434));
#6355=CARTESIAN_POINT('Ctrl Pts',(-11.6217510103983,18.9153798417077,-6.73156053367582));
#6356=CARTESIAN_POINT('Ctrl Pts',(-11.6195865279115,18.911272273878,-6.74038119736633));
#6357=CARTESIAN_POINT('Ctrl Pts',(-11.6171229956049,18.9065971951413,-6.75042054399968));
#6358=CARTESIAN_POINT('Ctrl Pts',(-11.614708059917,18.901703733608,-6.7608559319027));
#6359=CARTESIAN_POINT('Ctrl Pts',(-11.6123862931146,18.8966157150579,-6.77162094312015));
#6360=CARTESIAN_POINT('Ctrl Pts',(-11.6084940290627,18.8880860420187,-6.78966765915402));
#6361=CARTESIAN_POINT('Ctrl Pts',(-11.6048640630757,18.8790117115717,-6.80863587245078));
#6362=CARTESIAN_POINT('Ctrl Pts',(-11.6017327601398,18.8695803818129,-6.82806069134674));
#6363=CARTESIAN_POINT('Ctrl Pts',(-11.5998955557523,18.8640468129546,-6.83945766035008));
#6364=CARTESIAN_POINT('Ctrl Pts',(-11.598230457454,18.8583915664152,-6.85100946288099));
#6365=CARTESIAN_POINT('Ctrl Pts',(-11.5967824930782,18.8526417338411,-6.86264540454839));
#6366=CARTESIAN_POINT('Ctrl Pts',(-11.5954994398278,18.8475467594778,-6.87295610902968));
#6367=CARTESIAN_POINT('Ctrl Pts',(-11.5943869784425,18.8423778307401,-6.883332284504));
#6368=CARTESIAN_POINT('Ctrl Pts',(-11.5934715208993,18.8371367728532,-6.89375971048753));
#6369=CARTESIAN_POINT('Ctrl Pts',(-11.5925962735719,18.832125921239,-6.90372912609975));
#6370=CARTESIAN_POINT('Ctrl Pts',(-11.5919012043921,18.8270494660673,-6.91374476781693));
#6371=CARTESIAN_POINT('Ctrl Pts',(-11.5914031847566,18.8218878657544,-6.923836901189));
#6372=CARTESIAN_POINT('Ctrl Pts',(-11.5908313827934,18.8159615669062,-6.9354241986846));
#6373=CARTESIAN_POINT('Ctrl Pts',(-11.5905196367747,18.809920000697,-6.94711813302273));
#6374=CARTESIAN_POINT('Ctrl Pts',(-11.5904808814245,18.8037068616268,-6.95901890343617));
#6375=CARTESIAN_POINT('Ctrl Pts',(-11.5904458163569,18.7980853373683,-6.96978648304723));
#6376=CARTESIAN_POINT('Ctrl Pts',(-11.5906339274019,18.7923234584894,-6.98072321619072));
#6377=CARTESIAN_POINT('Ctrl Pts',(-11.591047407174,18.7864066476091,-6.99185305371967));
#6378=CARTESIAN_POINT('Ctrl Pts',(-11.5915109453581,18.7797735111025,-7.00433033804038));
#6379=CARTESIAN_POINT('Ctrl Pts',(-11.5922576649525,18.7729456629888,-7.0170502463832));
#6380=CARTESIAN_POINT('Ctrl Pts',(-11.5932833340451,18.7659354088109,-7.02998624939772));
#6381=CARTESIAN_POINT('Ctrl Pts',(-11.5944434441784,18.7580062755583,-7.04461785747571));
#6382=CARTESIAN_POINT('Ctrl Pts',(-11.5959602062019,18.7498441766803,-7.0595251109357));
#6383=CARTESIAN_POINT('Ctrl Pts',(-11.597820806275,18.7415039192588,-7.07460301846905));
#6384=CARTESIAN_POINT('Ctrl Pts',(-11.6005147063793,18.7294283417806,-7.09643381234359));
#6385=CARTESIAN_POINT('Ctrl Pts',(-11.6039278900908,18.716981233395,-7.11861841719729));
#6386=CARTESIAN_POINT('Ctrl Pts',(-11.6080203043315,18.7043925951747,-7.14072873627039));
#6387=CARTESIAN_POINT('Ctrl Pts',(-11.6107744478399,18.6959205993812,-7.15560870397644));
#6388=CARTESIAN_POINT('Ctrl Pts',(-11.6138361645923,18.6873862232923,-7.17045214527528));
#6389=CARTESIAN_POINT('Ctrl Pts',(-11.6172008567584,18.6788515619438,-7.18514439354951));
#6390=CARTESIAN_POINT('Ctrl Pts',(-11.6202200995681,18.6711931451739,-7.19832820436232));
#6391=CARTESIAN_POINT('Ctrl Pts',(-11.6234832186303,18.6635350151379,-7.21138943618208));
#6392=CARTESIAN_POINT('Ctrl Pts',(-11.6269950775672,18.6559032686898,-7.2242786991087));
#6393=CARTESIAN_POINT('Ctrl Pts',(-11.6301765791208,18.6489894337045,-7.23595548076865));
#6394=CARTESIAN_POINT('Ctrl Pts',(-11.6335622159188,18.6420974328998,-7.24749086325799));
#6395=CARTESIAN_POINT('Ctrl Pts',(-11.6371632142118,18.6352260929915,-7.25888385935288));
#6396=CARTESIAN_POINT('Ctrl Pts',(-11.639930233243,18.6299461326168,-7.26763827533773));
#6397=CARTESIAN_POINT('Ctrl Pts',(-11.6428245431808,18.6246780334301,-7.27630921702376));
#6398=CARTESIAN_POINT('Ctrl Pts',(-11.645854831038,18.6194107245229,-7.28491423125163));
#6399=CARTESIAN_POINT('Ctrl Pts',(-10.8276390158215,18.7540209014179,-7.65629697232741));
#6400=CARTESIAN_POINT('Ctrl Pts',(-10.835412550527,18.7674249589305,-7.61247043273062));
#6401=CARTESIAN_POINT('Ctrl Pts',(-10.8523882382988,18.7969074822243,-7.52286496787926));
#6402=CARTESIAN_POINT('Ctrl Pts',(-10.8843374524923,18.8524713813688,-7.37172667599807));
#6403=CARTESIAN_POINT('Ctrl Pts',(-10.923905540112,18.9208604333138,-7.19954694420735));
#6404=CARTESIAN_POINT('Ctrl Pts',(-10.9721432220433,19.0042273681493,-7.00338930346995));
#6405=CARTESIAN_POINT('Ctrl Pts',(-11.0288730497789,19.1025664783907,-6.78225226065373));
#6406=CARTESIAN_POINT('Ctrl Pts',(-11.0594559437911,19.1555395987158,-6.6683681688095));
#6407=CARTESIAN_POINT('Ctrl Pts',(-11.0747732410402,19.1820699357858,-6.61044349261638));
#6408=CARTESIAN_POINT('Ctrl Pts',(-10.7656936276242,18.8076972310199,-7.61242136165212));
#6409=CARTESIAN_POINT('Ctrl Pts',(-10.7761785519365,18.8197163672906,-7.57036538171092));
#6410=CARTESIAN_POINT('Ctrl Pts',(-10.7977722470518,18.8470422473717,-7.48318438892972));
#6411=CARTESIAN_POINT('Ctrl Pts',(-10.8349921231301,18.8995971889327,-7.33542792338821));
#6412=CARTESIAN_POINT('Ctrl Pts',(-10.8778496477867,18.9644513138068,-7.16879425934494));
#6413=CARTESIAN_POINT('Ctrl Pts',(-10.9257736362814,19.0453313930964,-6.97891472560504));
#6414=CARTESIAN_POINT('Ctrl Pts',(-10.9773831919171,19.1387551999673,-6.77175371448499));
#6415=CARTESIAN_POINT('Ctrl Pts',(-11.0027254412941,19.190258179757,-6.66515013124322));
#6416=CARTESIAN_POINT('Ctrl Pts',(-11.0152567671156,19.2164317880274,-6.61044349261638));
#6417=CARTESIAN_POINT('Ctrl Pts',(-10.6528928112191,18.9151358836978,-7.53238327574086));
#6418=CARTESIAN_POINT('Ctrl Pts',(-10.6672787598663,18.92534938206,-7.49208401233972));
#6419=CARTESIAN_POINT('Ctrl Pts',(-10.6958556990144,18.9490196150572,-7.40872085050285));
#6420=CARTESIAN_POINT('Ctrl Pts',(-10.7413356495999,18.9965510223589,-7.26703319644108));
#6421=CARTESIAN_POINT('Ctrl Pts',(-10.7884272095664,19.0587495798065,-7.10520441356072));
#6422=CARTESIAN_POINT('Ctrl Pts',(-10.8332347163606,19.1360870496702,-6.92743090031929));
#6423=CARTESIAN_POINT('Ctrl Pts',(-10.8745522673828,19.2185876270388,-6.751248388581));
#6424=CARTESIAN_POINT('Ctrl Pts',(-10.8912540468811,19.2659030550266,-6.66084578990558));
#6425=CARTESIAN_POINT('Ctrl Pts',(-10.8993579915665,19.2905837279011,-6.61375848677734));
#6426=CARTESIAN_POINT('Ctrl Pts',(-10.4730749157024,19.1282511960431,-7.40536192740898));
#6427=CARTESIAN_POINT('Ctrl Pts',(-10.4932950075163,19.1359792685849,-7.36519319696772));
#6428=CARTESIAN_POINT('Ctrl Pts',(-10.5325357896378,19.1554604377594,-7.28133478638714));
#6429=CARTESIAN_POINT('Ctrl Pts',(-10.5917498404531,19.1966419464858,-7.1387408592975));
#6430=CARTESIAN_POINT('Ctrl Pts',(-10.6451336208025,19.2454140257236,-6.99410714813507));
#6431=CARTESIAN_POINT('Ctrl Pts',(-10.6875383103691,19.2988907742038,-6.86035596723509));
#6432=CARTESIAN_POINT('Ctrl Pts',(-10.7209042587809,19.3575761642416,-6.73314695050139));
#6433=CARTESIAN_POINT('Ctrl Pts',(-10.7318308419736,19.3971955407552,-6.66293292201169));
#6434=CARTESIAN_POINT('Ctrl Pts',(-10.7367576018699,19.416915733241,-6.62862317380179));
#6435=CARTESIAN_POINT('Ctrl Pts',(-10.3535066646147,19.3065636840391,-7.32070298347154));
#6436=CARTESIAN_POINT('Ctrl Pts',(-10.3787516604103,19.3089900704962,-7.28202823004143));
#6437=CARTESIAN_POINT('Ctrl Pts',(-10.4271982416246,19.3178097350058,-7.20209551580424));
#6438=CARTESIAN_POINT('Ctrl Pts',(-10.4957164530472,19.3420676774781,-7.07241992413366));
#6439=CARTESIAN_POINT('Ctrl Pts',(-10.550557181618,19.3742116750485,-6.95088840396424));
#6440=CARTESIAN_POINT('Ctrl Pts',(-10.590537391806,19.4159268029652,-6.83784195241659));
#6441=CARTESIAN_POINT('Ctrl Pts',(-10.6207398747724,19.4654012103573,-6.72832474937556));
#6442=CARTESIAN_POINT('Ctrl Pts',(-10.6318650134949,19.4955547620336,-6.67213366134337));
#6443=CARTESIAN_POINT('Ctrl Pts',(-10.6370069287329,19.5103121452121,-6.64502253314084));
#6444=CARTESIAN_POINT('Ctrl Pts',(-10.3022680961786,19.3953114947261,-7.28447183588407));
#6445=CARTESIAN_POINT('Ctrl Pts',(-10.3290287769596,19.395270398666,-7.2466756125012));
#6446=CARTESIAN_POINT('Ctrl Pts',(-10.3799339691665,19.3998850248765,-7.16840830426684));
#6447=CARTESIAN_POINT('Ctrl Pts',(-10.4498694793054,19.4187246216125,-7.0434239537851));
#6448=CARTESIAN_POINT('Ctrl Pts',(-10.5034554226171,19.4453958835377,-6.93071538118031));
#6449=CARTESIAN_POINT('Ctrl Pts',(-10.542395239722,19.4813356508249,-6.82673368942227));
#6450=CARTESIAN_POINT('Ctrl Pts',(-10.5720829872961,19.5229678554403,-6.7282974734597));
#6451=CARTESIAN_POINT('Ctrl Pts',(-10.5839546222443,19.5472734485721,-6.67868417894057));
#6452=CARTESIAN_POINT('Ctrl Pts',(-10.5895586847433,19.5590562888414,-6.65480108937566));
#6453=CARTESIAN_POINT('',(-10.3022680961786,19.3953114947261,-7.28447183588407));
#6454=CARTESIAN_POINT('Ctrl Pts',(-10.8276390170194,18.7540209034836,-7.65629696557344));
#6455=CARTESIAN_POINT('Ctrl Pts',(-10.76569362924,18.8076972328722,-7.61242135517099));
#6456=CARTESIAN_POINT('Ctrl Pts',(-10.652892813436,18.9151358852717,-7.53238326953046));
#6457=CARTESIAN_POINT('Ctrl Pts',(-10.4730749188184,19.128251197234,-7.40536192121869));
#6458=CARTESIAN_POINT('Ctrl Pts',(-10.3535066685051,19.306563684413,-7.32070297751149));
#6459=CARTESIAN_POINT('Ctrl Pts',(-10.3022681003026,19.3953114947198,-7.2844718300594));
#6460=CARTESIAN_POINT('',(-10.5895586847433,19.5590562888414,-6.65480108937567));
#6461=CARTESIAN_POINT('Ctrl Pts',(-10.3022680961786,19.3953114947261,-7.28447183588406));
#6462=CARTESIAN_POINT('Ctrl Pts',(-10.3102043581895,19.3952993071027,-7.27326282613423));
#6463=CARTESIAN_POINT('Ctrl Pts',(-10.3180000584938,19.3954882792167,-7.26197840877793));
#6464=CARTESIAN_POINT('Ctrl Pts',(-10.3256959691204,19.3958764484621,-7.25056300354271));
#6465=CARTESIAN_POINT('Ctrl Pts',(-10.333465799,19.3962683460748,-7.23903795329354));
#6466=CARTESIAN_POINT('Ctrl Pts',(-10.3411337250639,19.3968631454483,-7.22737974815601));
#6467=CARTESIAN_POINT('Ctrl Pts',(-10.3487115863665,19.3976519886191,-7.2155817238221));
#6468=CARTESIAN_POINT('Ctrl Pts',(-10.3569493707769,19.3985095287237,-7.20275626066708));
#6469=CARTESIAN_POINT('Ctrl Pts',(-10.3650804511754,19.3995962597303,-7.18976601169042));
#6470=CARTESIAN_POINT('Ctrl Pts',(-10.3730888549632,19.4008947403787,-7.17665471146252));
#6471=CARTESIAN_POINT('Ctrl Pts',(-10.3825440944648,19.4024278106189,-7.16117466236452));
#6472=CARTESIAN_POINT('Ctrl Pts',(-10.3918278921524,19.4042557919161,-7.14552665141747));
#6473=CARTESIAN_POINT('Ctrl Pts',(-10.4008769863678,19.4063448301281,-7.12984440906023));
#6474=CARTESIAN_POINT('Ctrl Pts',(-10.4136184885593,19.409286283087,-7.1077631575441));
#6475=CARTESIAN_POINT('Ctrl Pts',(-10.4258907334389,19.4127433464012,-7.08562150699937));
#6476=CARTESIAN_POINT('Ctrl Pts',(-10.4374763089484,19.4166288318335,-7.06385443644647));
#6477=CARTESIAN_POINT('Ctrl Pts',(-10.4448323259389,19.4190958389177,-7.05003389376468));
#6478=CARTESIAN_POINT('Ctrl Pts',(-10.4519107910831,19.4217358037936,-7.03636546007844));
#6479=CARTESIAN_POINT('Ctrl Pts',(-10.458669617111,19.4245344176671,-7.02293323030876));
#6480=CARTESIAN_POINT('Ctrl Pts',(-10.4647385867814,19.4270473840679,-7.01087199441639));
#6481=CARTESIAN_POINT('Ctrl Pts',(-10.4705495411147,19.4296882425743,-6.99900174838441));
#6482=CARTESIAN_POINT('Ctrl Pts',(-10.476090340387,19.4324536923002,-6.98734829148849));
#6483=CARTESIAN_POINT('Ctrl Pts',(-10.4812650809736,19.4350364397043,-6.97646473238242));
#6484=CARTESIAN_POINT('Ctrl Pts',(-10.4862039962766,19.4377278389227,-6.9657706204879));
#6485=CARTESIAN_POINT('Ctrl Pts',(-10.4909173516675,19.4405320302863,-6.95524853975163));
#6486=CARTESIAN_POINT('Ctrl Pts',(-10.4955879395292,19.4433107772848,-6.94482193312188));
#6487=CARTESIAN_POINT('Ctrl Pts',(-10.5000367492234,19.446200228737,-6.93456480118658));
#6488=CARTESIAN_POINT('Ctrl Pts',(-10.5042981489545,19.4492120579284,-6.9244136997906));
#6489=CARTESIAN_POINT('Ctrl Pts',(-10.508404804966,19.4521145189118,-6.91463121417531));
#6490=CARTESIAN_POINT('Ctrl Pts',(-10.5123406641287,19.4551326278318,-6.90493981249909));
#6491=CARTESIAN_POINT('Ctrl Pts',(-10.5161339086726,19.4582670525944,-6.89529805311121));
#6492=CARTESIAN_POINT('Ctrl Pts',(-10.5202086981934,19.4616341229292,-6.88494065599074));
#6493=CARTESIAN_POINT('Ctrl Pts',(-10.5241187520007,19.4651352343537,-6.87464096817827));
#6494=CARTESIAN_POINT('Ctrl Pts',(-10.5278799418778,19.4687508385033,-6.86440147631766));
#6495=CARTESIAN_POINT('Ctrl Pts',(-10.5321503115418,19.472855913435,-6.85277578954174));
#6496=CARTESIAN_POINT('Ctrl Pts',(-10.5362285391138,19.4771083011518,-6.84122835136565));
#6497=CARTESIAN_POINT('Ctrl Pts',(-10.5401171054469,19.4814573891634,-6.82982215150586));
#6498=CARTESIAN_POINT('Ctrl Pts',(-10.5459727455857,19.4880065109082,-6.81264600070646));
#6499=CARTESIAN_POINT('Ctrl Pts',(-10.551397030449,19.4947733427694,-6.79579373618461));
#6500=CARTESIAN_POINT('Ctrl Pts',(-10.5563598526245,19.5015459040629,-6.77959232656148));
#6501=CARTESIAN_POINT('Ctrl Pts',(-10.5598264350241,19.5062766078742,-6.76827547508816));
#6502=CARTESIAN_POINT('Ctrl Pts',(-10.5630666445547,19.5110088454819,-6.75727979503915));
#6503=CARTESIAN_POINT('Ctrl Pts',(-10.5660774927938,19.5156794640266,-6.74669527004468));
#6504=CARTESIAN_POINT('Ctrl Pts',(-10.5685575694043,19.5195267159933,-6.73797665296825));
#6505=CARTESIAN_POINT('Ctrl Pts',(-10.5708819245045,19.523332064946,-6.72953732275034));
#6506=CARTESIAN_POINT('Ctrl Pts',(-10.5730598378394,19.5270727411935,-6.72139494169903));
#6507=CARTESIAN_POINT('Ctrl Pts',(-10.5751115362358,19.530596636904,-6.71372442980205));
#6508=CARTESIAN_POINT('Ctrl Pts',(-10.5770331129088,19.5340629627573,-6.7063179467798));
#6509=CARTESIAN_POINT('Ctrl Pts',(-10.5788449348461,19.537466934724,-6.69915240824847));
#6510=CARTESIAN_POINT('Ctrl Pts',(-10.5805779146956,19.5407227816174,-6.69229868072202));
#6511=CARTESIAN_POINT('Ctrl Pts',(-10.5822103631277,19.543921450889,-6.68566576190021));
#6512=CARTESIAN_POINT('Ctrl Pts',(-10.5837739914989,19.5470743798881,-6.67919154231958));
#6513=CARTESIAN_POINT('Ctrl Pts',(-10.585260975278,19.5500727613225,-6.67303467047155));
#6514=CARTESIAN_POINT('Ctrl Pts',(-10.5866856645949,19.553029716138,-6.66702150194903));
#6515=CARTESIAN_POINT('Ctrl Pts',(-10.5880893764958,19.5559708383754,-6.66105606672897));
#6516=CARTESIAN_POINT('Ctrl Pts',(-10.5885808401412,19.5570005757848,-6.65896746540148));
#6517=CARTESIAN_POINT('Ctrl Pts',(-10.5890698669009,19.558028523259,-6.65688430674052));
#6518=CARTESIAN_POINT('Ctrl Pts',(-10.5895586847433,19.5590562888414,-6.65480108937566));
#6519=CARTESIAN_POINT('Origin',(-11.958759297854,20.7131786993698,-7.54547001921062));
#6520=CARTESIAN_POINT('Ctrl Pts',(-10.8276390158215,-18.7540209014179,-7.65629697232741));
#6521=CARTESIAN_POINT('Ctrl Pts',(-10.8353605027884,-18.7674550087063,-7.61247043273061));
#6522=CARTESIAN_POINT('Ctrl Pts',(-10.8524052730426,-18.7968976472104,-7.52286496787924));
#6523=CARTESIAN_POINT('Ctrl Pts',(-10.8845504141384,-18.8523484279051,-7.37172667599807));
#6524=CARTESIAN_POINT('Ctrl Pts',(-10.9239930266536,-18.9208099229354,-7.19954694420736));
#6525=CARTESIAN_POINT('Ctrl Pts',(-10.9720720690911,-19.0042684483254,-7.00338930346993));
#6526=CARTESIAN_POINT('Ctrl Pts',(-11.028871322878,-19.1025674754175,-6.78225226065374));
#6527=CARTESIAN_POINT('Ctrl Pts',(-11.0594559437911,-19.1555395987158,-6.6683681688095));
#6528=CARTESIAN_POINT('Ctrl Pts',(-11.0747732410402,-19.1820699357858,-6.61044349261637));
#6529=CARTESIAN_POINT('Ctrl Pts',(-10.9050967749374,-18.7272127863928,-7.6124213616521));
#6530=CARTESIAN_POINT('Ctrl Pts',(-10.9102631901232,-18.7423025653394,-7.57036538171091));
#6531=CARTESIAN_POINT('Ctrl Pts',(-10.9231312488965,-18.7746661939112,-7.48318438892971));
#6532=CARTESIAN_POINT('Ctrl Pts',(-10.9500352253436,-18.8331770229013,-7.33542792338822));
#6533=CARTESIAN_POINT('Ctrl Pts',(-10.9847717826965,-18.9027197904343,-7.16879425934494));
#6534=CARTESIAN_POINT('Ctrl Pts',(-11.0308539917741,-18.9846632215662,-6.97891472560502));
#6535=CARTESIAN_POINT('Ctrl Pts',(-11.0859566040247,-19.0760703112602,-6.77175371448501));
#6536=CARTESIAN_POINT('Ctrl Pts',(-11.1178883682046,-19.1237688329046,-6.66515013124321));
#6537=CARTESIAN_POINT('Ctrl Pts',(-11.1342897149647,-19.1477080835442,-6.61044349261637));
#6538=CARTESIAN_POINT('Ctrl Pts',(-11.0545417857073,-18.6832437401572,-7.53238327574086));
#6539=CARTESIAN_POINT('Ctrl Pts',(-11.056193960427,-18.7008090863244,-7.49208401233973));
#6540=CARTESIAN_POINT('Ctrl Pts',(-11.062404513942,-18.7373925580876,-7.40872085050286));
#6541=CARTESIAN_POINT('Ctrl Pts',(-11.0808279448501,-18.8005450543084,-7.26703319644108));
#6542=CARTESIAN_POINT('Ctrl Pts',(-11.1111476956953,-18.872426820267,-7.10520441356071));
#6543=CARTESIAN_POINT('Ctrl Pts',(-11.1557201558645,-18.9498999943629,-6.92743090031929));
#6544=CARTESIAN_POINT('Ctrl Pts',(-11.2065089761815,-19.0269323318546,-6.75124838858098));
#6545=CARTESIAN_POINT('Ctrl Pts',(-11.2391344490607,-19.0650542111824,-6.66084578990559));
#6546=CARTESIAN_POINT('Ctrl Pts',(-11.2564565664098,-19.084412769588,-6.61375848677735));
#6547=CARTESIAN_POINT('Ctrl Pts',(-11.3290140078922,-18.6340745307574,-7.40536192740896));
#6548=CARTESIAN_POINT('Ctrl Pts',(-11.3255966691287,-18.655449680206,-7.36519319696771));
#6549=CARTESIAN_POINT('Ctrl Pts',(-11.3228474654685,-18.6991737789748,-7.28133478638717));
#6550=CARTESIAN_POINT('Ctrl Pts',(-11.3289046727841,-18.7710454056051,-7.13874085929753));
#6551=CARTESIAN_POINT('Ctrl Pts',(-11.3444506422248,-18.8416631551566,-6.99410714813502));
#6552=CARTESIAN_POINT('Ctrl Pts',(-11.3695605201371,-18.905125067801,-6.86035596723513));
#6553=CARTESIAN_POINT('Ctrl Pts',(-11.4037005845349,-18.9633635217658,-6.73314695050136));
#6554=CARTESIAN_POINT('Ctrl Pts',(-11.4325486794815,-18.9926359086441,-6.66293292201169));
#6555=CARTESIAN_POINT('Ctrl Pts',(-11.4471634871935,-19.0067627041156,-6.6286231738018));
#6556=CARTESIAN_POINT('Ctrl Pts',(-11.5432212778525,-18.6196816318274,-7.32070298347151));
#6557=CARTESIAN_POINT('Ctrl Pts',(-11.532700092266,-18.6427576327334,-7.2820282300414));
#6558=CARTESIAN_POINT('Ctrl Pts',(-11.516114855177,-18.6891234350463,-7.20209551580425));
#6559=CARTESIAN_POINT('Ctrl Pts',(-11.5028637438903,-18.7605909179962,-7.07241992413365));
#6560=CARTESIAN_POINT('Ctrl Pts',(-11.50328089808,-18.8241563808858,-6.95088840396425));
#6561=CARTESIAN_POINT('Ctrl Pts',(-11.519417153484,-18.8796378225156,-6.8378419524166));
#6562=CARTESIAN_POINT('Ctrl Pts',(-11.5471620056396,-18.9305311437179,-6.72832474937557));
#6563=CARTESIAN_POINT('Ctrl Pts',(-11.5677131780443,-18.9552425723104,-6.67213366134337));
#6564=CARTESIAN_POINT('Ctrl Pts',(-11.5779224891513,-18.9670742931198,-6.64502253314084));
#6565=CARTESIAN_POINT('Ctrl Pts',(-11.6456984206558,-18.6196816352517,-7.28447183588403));
#6566=CARTESIAN_POINT('Ctrl Pts',(-11.6322824900333,-18.6428365166006,-7.24667561250118));
#6567=CARTESIAN_POINT('Ctrl Pts',(-11.6108262774571,-18.6892290193415,-7.16840830426685));
#6568=CARTESIAN_POINT('Ctrl Pts',(-11.5921740917581,-18.7592147461164,-7.04342395378509));
#6569=CARTESIAN_POINT('Ctrl Pts',(-11.5884791104805,-18.8189571652727,-6.93071538118032));
#6570=CARTESIAN_POINT('Ctrl Pts',(-11.6001339534048,-18.8706499197478,-6.82673368942228));
#6571=CARTESIAN_POINT('Ctrl Pts',(-11.6213446264303,-18.9171763656359,-6.72829747345971));
#6572=CARTESIAN_POINT('Ctrl Pts',(-11.6364580700624,-18.9396102996514,-6.67868417894058));
#6573=CARTESIAN_POINT('Ctrl Pts',(-11.6438602778148,-18.9503549802745,-6.65480108937567));
#6574=CARTESIAN_POINT('',(-10.8276390158215,-18.7540209014179,-7.65629697232741));
#6575=CARTESIAN_POINT('',(-11.0747732410402,-19.1820699357858,-6.61044349261638));
#6576=CARTESIAN_POINT('Ctrl Pts',(-10.8276390158215,-18.7540209014179,-7.65629697232741));
#6577=CARTESIAN_POINT('Ctrl Pts',(-10.8353605027884,-18.7674550087063,-7.61247043273061));
#6578=CARTESIAN_POINT('Ctrl Pts',(-10.8524052730426,-18.7968976472104,-7.52286496787924));
#6579=CARTESIAN_POINT('Ctrl Pts',(-10.8845504141384,-18.8523484279051,-7.37172667599807));
#6580=CARTESIAN_POINT('Ctrl Pts',(-10.9239930266536,-18.9208099229354,-7.19954694420736));
#6581=CARTESIAN_POINT('Ctrl Pts',(-10.9720720690911,-19.0042684483254,-7.00338930346993));
#6582=CARTESIAN_POINT('Ctrl Pts',(-11.028871322878,-19.1025674754175,-6.78225226065374));
#6583=CARTESIAN_POINT('Ctrl Pts',(-11.0594559437911,-19.1555395987158,-6.6683681688095));
#6584=CARTESIAN_POINT('Ctrl Pts',(-11.0747732410402,-19.1820699357858,-6.61044349261637));
#6585=CARTESIAN_POINT('',(-11.6456984206558,-18.6196816352517,-7.28447183588403));
#6586=CARTESIAN_POINT('Ctrl Pts',(-10.8276390158215,-18.7540209014179,-7.65629697232741));
#6587=CARTESIAN_POINT('Ctrl Pts',(-10.9050967749374,-18.7272127863928,-7.6124213616521));
#6588=CARTESIAN_POINT('Ctrl Pts',(-11.0545417857073,-18.6832437401572,-7.53238327574086));
#6589=CARTESIAN_POINT('Ctrl Pts',(-11.3290140078922,-18.6340745307574,-7.40536192740896));
#6590=CARTESIAN_POINT('Ctrl Pts',(-11.5432212778525,-18.6196816318274,-7.32070298347151));
#6591=CARTESIAN_POINT('Ctrl Pts',(-11.6456984206558,-18.6196816352517,-7.28447183588403));
#6592=CARTESIAN_POINT('',(-11.6438602778148,-18.9503549802745,-6.65480108937566));
#6593=CARTESIAN_POINT('Ctrl Pts',(-11.6456984206558,-18.6196816352517,-7.28447183588403));
#6594=CARTESIAN_POINT('Ctrl Pts',(-11.6417197348592,-18.6265485459519,-7.27326282613508));
#6595=CARTESIAN_POINT('Ctrl Pts',(-11.6379855393586,-18.6333943065123,-7.26197840877966));
#6596=CARTESIAN_POINT('Ctrl Pts',(-11.6344737484731,-18.6402532452424,-7.25056300354534));
#6597=CARTESIAN_POINT('Ctrl Pts',(-11.6309282268216,-18.6471780641073,-7.23903795329652));
#6598=CARTESIAN_POINT('Ctrl Pts',(-11.6276093751574,-18.6541160825595,-7.22737974815935));
#6599=CARTESIAN_POINT('Ctrl Pts',(-11.6245036027316,-18.6610731245391,-7.21558172382581));
#6600=CARTESIAN_POINT('Ctrl Pts',(-11.6211273620419,-18.6686360251615,-7.20275626067125));
#6601=CARTESIAN_POINT('Ctrl Pts',(-11.6180029585014,-18.6762211128498,-7.18976601169507));
#6602=CARTESIAN_POINT('Ctrl Pts',(-11.6151232738354,-18.6838058342978,-7.17665471146764));
#6603=CARTESIAN_POINT('Ctrl Pts',(-11.6117233318585,-18.6927608470246,-7.16117466237059));
#6604=CARTESIAN_POINT('Ctrl Pts',(-11.6086645112558,-18.7017148423137,-7.14552665142452));
#6605=CARTESIAN_POINT('Ctrl Pts',(-11.6059491243092,-18.7105961068909,-7.12984440906822));
#6606=CARTESIAN_POINT('Ctrl Pts',(-11.6021257461994,-18.7231012979521,-7.10776315754966));
#6607=CARTESIAN_POINT('Ctrl Pts',(-11.5989835284117,-18.7354579054378,-7.08562150700243));
#6608=CARTESIAN_POINT('Ctrl Pts',(-11.5965556697471,-18.7474340508639,-7.06385443644711));
#6609=CARTESIAN_POINT('Ctrl Pts',(-11.595014152058,-18.7550380519905,-7.05003389376536));
#6610=CARTESIAN_POINT('Ctrl Pts',(-11.5937611961335,-18.7624881650631,-7.03636546007915));
#6611=CARTESIAN_POINT('Ctrl Pts',(-11.5928054538294,-18.7697407870397,-7.0229332303095));
#6612=CARTESIAN_POINT('Ctrl Pts',(-11.5919472617362,-18.7762531521495,-7.01087199441721));
#6613=CARTESIAN_POINT('Ctrl Pts',(-11.5913288351238,-18.7826060154755,-6.9990017483853));
#6614=CARTESIAN_POINT('Ctrl Pts',(-11.5909533852032,-18.7887872132654,-6.98734829148945));
#6615=CARTESIAN_POINT('Ctrl Pts',(-11.5906027397734,-18.7945600437736,-6.97646473238335));
#6616=CARTESIAN_POINT('Ctrl Pts',(-11.5904641022167,-18.8001829695023,-6.96577062048881));
#6617=CARTESIAN_POINT('Ctrl Pts',(-11.5905359254793,-18.8056669506897,-6.95524853975251));
#6618=CARTESIAN_POINT('Ctrl Pts',(-11.5906070970395,-18.8111011719109,-6.94482193315518));
#6619=CARTESIAN_POINT('Ctrl Pts',(-11.5908850305515,-18.8163986798327,-6.9345648012512));
#6620=CARTESIAN_POINT('Ctrl Pts',(-11.5913626512748,-18.8215950748357,-6.92441369988614));
#6621=CARTESIAN_POINT('Ctrl Pts',(-11.5918229282129,-18.8266027737576,-6.91463121427212));
#6622=CARTESIAN_POINT('Ctrl Pts',(-11.5924687576264,-18.8315203822378,-6.90493981259736));
#6623=CARTESIAN_POINT('Ctrl Pts',(-11.5932866268237,-18.8363726407564,-6.89529805321098));
#6624=CARTESIAN_POINT('Ctrl Pts',(-11.5941652005081,-18.841585047163,-6.88494065609289));
#6625=CARTESIAN_POINT('Ctrl Pts',(-11.595242225038,-18.8467218088017,-6.87464096828283));
#6626=CARTESIAN_POINT('Ctrl Pts',(-11.5964928351415,-18.8517868968576,-6.86440147642453));
#6627=CARTESIAN_POINT('Ctrl Pts',(-11.5979127494825,-18.8575376829331,-6.85277578965512));
#6628=CARTESIAN_POINT('Ctrl Pts',(-11.5995563114837,-18.8631957254685,-6.84122835148535));
#6629=CARTESIAN_POINT('Ctrl Pts',(-11.6013784490161,-18.8687378667006,-6.82982215163139));
#6630=CARTESIAN_POINT('Ctrl Pts',(-11.6041223347499,-18.8770835606951,-6.81264600081993));
#6631=CARTESIAN_POINT('Ctrl Pts',(-11.6072704406137,-18.885164545121,-6.79579373628566));
#6632=CARTESIAN_POINT('Ctrl Pts',(-11.610654239656,-18.8928487558523,-6.77959232665029));
#6633=CARTESIAN_POINT('Ctrl Pts',(-11.6130178581351,-18.8982162561838,-6.76827547516997));
#6634=CARTESIAN_POINT('Ctrl Pts',(-11.6154959913556,-18.9033884787582,-6.75727979511396));
#6635=CARTESIAN_POINT('Ctrl Pts',(-11.6180354415481,-18.908331259096,-6.74669527011275));
#6636=CARTESIAN_POINT('Ctrl Pts',(-11.6201272211819,-18.9124026944308,-6.73797665302922));
#6637=CARTESIAN_POINT('Ctrl Pts',(-11.6222605724963,-18.9163183194746,-6.72953732280446));
#6638=CARTESIAN_POINT('Ctrl Pts',(-11.624411136488,-18.9200747858767,-6.72139494174671));
#6639=CARTESIAN_POINT('Ctrl Pts',(-11.6264370704954,-18.923613556665,-6.71372442984795));
#6640=CARTESIAN_POINT('Ctrl Pts',(-11.6284782084058,-18.9270108538066,-6.70631794682399));
#6641=CARTESIAN_POINT('Ctrl Pts',(-11.6305202236342,-18.9302819236156,-6.69915240829107));
#6642=CARTESIAN_POINT('Ctrl Pts',(-11.6324733798303,-18.9334106516371,-6.69229868076282));
#6643=CARTESIAN_POINT('Ctrl Pts',(-11.634427284462,-18.9364237280863,-6.68566576193933));
#6644=CARTESIAN_POINT('Ctrl Pts',(-11.6363759868863,-18.939354334478,-6.67919154235724));
#6645=CARTESIAN_POINT('Ctrl Pts',(-11.6382291694893,-18.9421412909234,-6.67303467050835));
#6646=CARTESIAN_POINT('Ctrl Pts',(-11.6400776228189,-18.9448535854725,-6.66702150198512));
#6647=CARTESIAN_POINT('Ctrl Pts',(-11.6419228534419,-18.9475397967572,-6.6610560667646));
#6648=CARTESIAN_POINT('Ctrl Pts',(-11.6425689003786,-18.9484802854692,-6.65896746542518));
#6649=CARTESIAN_POINT('Ctrl Pts',(-11.6432146156288,-18.9494177688086,-6.65688430675237));
#6650=CARTESIAN_POINT('Ctrl Pts',(-11.6438602778148,-18.9503549802745,-6.65480108937567));
#6651=CARTESIAN_POINT('Origin',(-11.958759297854,-20.7131786993698,-7.54547001921063));
#6652=CARTESIAN_POINT('Ctrl Pts',(-10.8276390158215,-18.7540209014179,-7.65629697232741));
#6653=CARTESIAN_POINT('Ctrl Pts',(-10.9050967749374,-18.7272127863928,-7.6124213616521));
#6654=CARTESIAN_POINT('Ctrl Pts',(-11.0545417857073,-18.6832437401572,-7.53238327574086));
#6655=CARTESIAN_POINT('Ctrl Pts',(-11.3290140078922,-18.6340745307574,-7.40536192740896));
#6656=CARTESIAN_POINT('Ctrl Pts',(-11.5432212778525,-18.6196816318274,-7.32070298347151));
#6657=CARTESIAN_POINT('Ctrl Pts',(-11.6456984206558,-18.6196816352517,-7.28447183588403));
#6658=CARTESIAN_POINT('Ctrl Pts',(-10.8586464084125,-18.7271827366169,-7.67818570658655));
#6659=CARTESIAN_POINT('Ctrl Pts',(-10.9335116139272,-18.7019706057064,-7.63627986689068));
#6660=CARTESIAN_POINT('Ctrl Pts',(-11.0800328407302,-18.6595894204966,-7.55940287311844));
#6661=CARTESIAN_POINT('Ctrl Pts',(-11.3513513475736,-18.6109823355585,-7.43776737751346));
#6662=CARTESIAN_POINT('Ctrl Pts',(-11.5594356380393,-18.5966056311116,-7.35736489536898));
#6663=CARTESIAN_POINT('Ctrl Pts',(-11.6591143512783,-18.5965267539028,-7.32226805926689));
#6664=CARTESIAN_POINT('Ctrl Pts',(-10.9235441074876,-18.6736619015326,-7.72412415837767));
#6665=CARTESIAN_POINT('Ctrl Pts',(-10.9946030260303,-18.6506887622971,-7.68583384424197));
#6666=CARTESIAN_POINT('Ctrl Pts',(-11.1353171442184,-18.6113922733277,-7.61443883875369));
#6667=CARTESIAN_POINT('Ctrl Pts',(-11.401533698059,-18.5632694496041,-7.50316279145434));
#6668=CARTESIAN_POINT('Ctrl Pts',(-11.5970798528228,-18.549306596084,-7.43033079101227));
#6669=CARTESIAN_POINT('Ctrl Pts',(-11.6919448020581,-18.5491561488283,-7.39705833429857));
#6670=CARTESIAN_POINT('Ctrl Pts',(-11.0374556427704,-18.5872628962441,-7.80481031867274));
#6671=CARTESIAN_POINT('Ctrl Pts',(-11.1036703245194,-18.5669122108944,-7.77045085528187));
#6672=CARTESIAN_POINT('Ctrl Pts',(-11.2359403052339,-18.5322897386271,-7.70492275401778));
#6673=CARTESIAN_POINT('Ctrl Pts',(-11.4944520622994,-18.4843919938389,-7.60680974471935));
#6674=CARTESIAN_POINT('Ctrl Pts',(-11.6676396997807,-18.4752496305623,-7.53835116220946));
#6675=CARTESIAN_POINT('Ctrl Pts',(-11.7552844008489,-18.4767055197433,-7.5047432370929));
#6676=CARTESIAN_POINT('Ctrl Pts',(-11.1713375718499,-18.4922955829237,-7.89939041430598));
#6677=CARTESIAN_POINT('Ctrl Pts',(-11.2313360992585,-18.4756510259574,-7.86620201025686));
#6678=CARTESIAN_POINT('Ctrl Pts',(-11.357721826032,-18.445209675845,-7.8028296217032));
#6679=CARTESIAN_POINT('Ctrl Pts',(-11.5954399919341,-18.4065897151334,-7.70467266180102));
#6680=CARTESIAN_POINT('Ctrl Pts',(-11.7431134459311,-18.4084375056522,-7.62983987238226));
#6681=CARTESIAN_POINT('Ctrl Pts',(-11.8221407810272,-18.4139609440201,-7.59214970017618));
#6682=CARTESIAN_POINT('Ctrl Pts',(-11.3280711998917,-18.3877420266806,-8.01010565047241));
#6683=CARTESIAN_POINT('Ctrl Pts',(-11.3828492424719,-18.3749869933263,-7.97449958797008));
#6684=CARTESIAN_POINT('Ctrl Pts',(-11.5011753263825,-18.3516225404252,-7.90439981696002));
#6685=CARTESIAN_POINT('Ctrl Pts',(-11.6982082849018,-18.3361117924964,-7.78950624820894));
#6686=CARTESIAN_POINT('Ctrl Pts',(-11.8263965680035,-18.3482016486639,-7.70561481023395));
#6687=CARTESIAN_POINT('Ctrl Pts',(-11.8963191713188,-18.3579211407667,-7.66395347907234));
#6688=CARTESIAN_POINT('Ctrl Pts',(-11.5079791139209,-18.2727304330825,-8.13736884810322));
#6689=CARTESIAN_POINT('Ctrl Pts',(-11.5529027044348,-18.2673568196687,-8.09236061319762));
#6690=CARTESIAN_POINT('Ctrl Pts',(-11.6488987469483,-18.2608114118909,-8.00228324773151));
#6691=CARTESIAN_POINT('Ctrl Pts',(-11.8034069057474,-18.2711706493611,-7.86345995690877));
#6692=CARTESIAN_POINT('Ctrl Pts',(-11.9157218721891,-18.2922514004413,-7.77060746677304));
#6693=CARTESIAN_POINT('Ctrl Pts',(-11.9736832143665,-18.3069761891233,-7.72473114730265));
#6694=CARTESIAN_POINT('Ctrl Pts',(-11.6024423573123,-18.2150595426774,-8.20416566918157));
#6695=CARTESIAN_POINT('Ctrl Pts',(-11.6434816116837,-18.2134146310839,-8.15175231768272));
#6696=CARTESIAN_POINT('Ctrl Pts',(-11.7295996470343,-18.2155435689477,-8.04809085959823));
#6697=CARTESIAN_POINT('Ctrl Pts',(-11.8688889256423,-18.2368724329065,-7.89708950987141));
#6698=CARTESIAN_POINT('Ctrl Pts',(-11.9663942112633,-18.264706766761,-7.79977390982192));
#6699=CARTESIAN_POINT('Ctrl Pts',(-12.0160810292557,-18.2820840466089,-7.75242005389937));
#6700=CARTESIAN_POINT('Ctrl Pts',(-11.6501713745339,-18.1854511339944,-8.23791518091829));
#6701=CARTESIAN_POINT('Ctrl Pts',(-11.6898490238169,-18.1854511339944,-8.18180251117914));
#6702=CARTESIAN_POINT('Ctrl Pts',(-11.7718202468451,-18.1917766906984,-8.07142709962951));
#6703=CARTESIAN_POINT('Ctrl Pts',(-11.9013197570664,-18.2201409701196,-7.91317108638399));
#6704=CARTESIAN_POINT('Ctrl Pts',(-11.9910978025147,-18.2514336579412,-7.81365879673347));
#6705=CARTESIAN_POINT('Ctrl Pts',(-12.0366098542324,-18.270092759268,-7.76566464454796));
#6706=CARTESIAN_POINT('',(-11.6501713745339,-18.1854511339944,-8.23791518091829));
#6707=CARTESIAN_POINT('Ctrl Pts',(-10.8276390158215,-18.7540209014179,-7.65629697232741));
#6708=CARTESIAN_POINT('Ctrl Pts',(-10.8586464084125,-18.7271827366169,-7.67818570658655));
#6709=CARTESIAN_POINT('Ctrl Pts',(-10.9235441074876,-18.6736619015326,-7.72412415837767));
#6710=CARTESIAN_POINT('Ctrl Pts',(-11.0374556427704,-18.5872628962441,-7.80481031867274));
#6711=CARTESIAN_POINT('Ctrl Pts',(-11.1713375718499,-18.4922955829237,-7.89939041430598));
#6712=CARTESIAN_POINT('Ctrl Pts',(-11.3280711998917,-18.3877420266806,-8.01010565047242));
#6713=CARTESIAN_POINT('Ctrl Pts',(-11.5079791139209,-18.2727304330825,-8.1373688481032));
#6714=CARTESIAN_POINT('Ctrl Pts',(-11.6024423573123,-18.2150595426774,-8.20416566918157));
#6715=CARTESIAN_POINT('Ctrl Pts',(-11.6501713745339,-18.1854511339944,-8.23791518091829));
#6716=CARTESIAN_POINT('',(-12.0366098542324,-18.270092759268,-7.76566464454796));
#6717=CARTESIAN_POINT('Origin',(-12.3880437185896,-19.969636271758,-8.75966971905011));
#6718=CARTESIAN_POINT('Ctrl Pts',(-12.0366098542324,-18.270092759268,-7.76566464454796));
#6719=CARTESIAN_POINT('Ctrl Pts',(-12.0314263777384,-18.2731205290568,-7.76232041883714));
#6720=CARTESIAN_POINT('Ctrl Pts',(-12.0262394884598,-18.2761485579999,-7.75897239173566));
#6721=CARTESIAN_POINT('Ctrl Pts',(-12.0209756964882,-18.2792406836317,-7.75553698193982));
#6722=CARTESIAN_POINT('Ctrl Pts',(-12.0154829381361,-18.2824673116941,-7.75195213741126));
#6723=CARTESIAN_POINT('Ctrl Pts',(-12.0099066029108,-18.2857636063932,-7.7482722856453));
#6724=CARTESIAN_POINT('Ctrl Pts',(-12.0042011880676,-18.2891742054068,-7.7444360276918));
#6725=CARTESIAN_POINT('Ctrl Pts',(-11.9981801658184,-18.2927734691079,-7.74038755880271));
#6726=CARTESIAN_POINT('Ctrl Pts',(-11.9920155994251,-18.2964998679716,-7.73616508883281));
#6727=CARTESIAN_POINT('Ctrl Pts',(-11.9856926317786,-18.3003776586637,-7.73173056650823));
#6728=CARTESIAN_POINT('Ctrl Pts',(-11.9788899694221,-18.3045496396452,-7.72695961720519));
#6729=CARTESIAN_POINT('Ctrl Pts',(-11.9719042628303,-18.3088966180615,-7.7219434906698));
#6730=CARTESIAN_POINT('Ctrl Pts',(-11.9647566739889,-18.3134200436179,-7.71666980118053));
#6731=CARTESIAN_POINT('Ctrl Pts',(-11.9566215580285,-18.3185684359298,-7.71066748676567));
#6732=CARTESIAN_POINT('Ctrl Pts',(-11.9482772019222,-18.3239450318214,-7.7043319411217));
#6733=CARTESIAN_POINT('Ctrl Pts',(-11.9397989368602,-18.3295203810544,-7.69768374566689));
#6734=CARTESIAN_POINT('Ctrl Pts',(-11.9255857754471,-18.3388670266243,-7.68653855565286));
#6735=CARTESIAN_POINT('Ctrl Pts',(-11.9109995687286,-18.3487694617841,-7.6745178404797));
#6736=CARTESIAN_POINT('Ctrl Pts',(-11.8965106117844,-18.359010165822,-7.66181836270601));
#6737=CARTESIAN_POINT('Ctrl Pts',(-11.8880096216812,-18.3650186123935,-7.65436729943858));
#6738=CARTESIAN_POINT('Ctrl Pts',(-11.8795439387731,-18.3711423239188,-7.64668414399616));
#6739=CARTESIAN_POINT('Ctrl Pts',(-11.8711922325949,-18.3773501229083,-7.63879335508828));
#6740=CARTESIAN_POINT('Ctrl Pts',(-11.8637917164377,-18.3828509051129,-7.63180126154954));
#6741=CARTESIAN_POINT('Ctrl Pts',(-11.856481148057,-18.3884174126019,-7.62464654307623));
#6742=CARTESIAN_POINT('Ctrl Pts',(-11.8492897679311,-18.3940465714925,-7.61732297939437));
#6743=CARTESIAN_POINT('Ctrl Pts',(-11.8424142593048,-18.3994284773066,-7.61032109319335));
#6744=CARTESIAN_POINT('Ctrl Pts',(-11.8356481698242,-18.4048673377496,-7.60316529641699));
#6745=CARTESIAN_POINT('Ctrl Pts',(-11.8289856505002,-18.4103829641004,-7.59582159165966));
#6746=CARTESIAN_POINT('Ctrl Pts',(-11.8213360693228,-18.4167157384554,-7.58738990644388));
#6747=CARTESIAN_POINT('Ctrl Pts',(-11.8138196575219,-18.423153019432,-7.57870596865987));
#6748=CARTESIAN_POINT('Ctrl Pts',(-11.806383705665,-18.4297522005444,-7.56968430782768));
#6749=CARTESIAN_POINT('Ctrl Pts',(-11.7996558047967,-18.4357230079394,-7.56152168911866));
#6750=CARTESIAN_POINT('Ctrl Pts',(-11.7929936273934,-18.4418261766994,-7.55308288060274));
#6751=CARTESIAN_POINT('Ctrl Pts',(-11.786383501966,-18.4480746068769,-7.54434696267203));
#6752=CARTESIAN_POINT('Ctrl Pts',(-11.7789731139764,-18.4550795105584,-7.53455342062449));
#6753=CARTESIAN_POINT('Ctrl Pts',(-11.771628128035,-18.4622669075525,-7.52438652954442));
#6754=CARTESIAN_POINT('Ctrl Pts',(-11.7643610759086,-18.4696200678591,-7.51386717492487));
#6755=CARTESIAN_POINT('Ctrl Pts',(-11.75614148455,-18.4779370541504,-7.50196898088086));
#6756=CARTESIAN_POINT('Ctrl Pts',(-11.7480219112375,-18.4864655776734,-7.48962056209281));
#6757=CARTESIAN_POINT('Ctrl Pts',(-11.7400569925897,-18.4951436178874,-7.47690770596114));
#6758=CARTESIAN_POINT('Ctrl Pts',(-11.7285248554644,-18.5077082596812,-7.4585011902579));
#6759=CARTESIAN_POINT('Ctrl Pts',(-11.7173180815152,-18.5205836607682,-7.4393343103018));
#6760=CARTESIAN_POINT('Ctrl Pts',(-11.7066714955158,-18.5335237198164,-7.41975644130431));
#6761=CARTESIAN_POINT('Ctrl Pts',(-11.6995064765341,-18.5422322174241,-7.40658078076897));
#6762=CARTESIAN_POINT('Ctrl Pts',(-11.6925969796625,-18.5509684899451,-7.39322137098713));
#6763=CARTESIAN_POINT('Ctrl Pts',(-11.6860111530303,-18.5596686327169,-7.37976930198689));
#6764=CARTESIAN_POINT('Ctrl Pts',(-11.6801014861948,-18.5674755411088,-7.36769834256465));
#6765=CARTESIAN_POINT('Ctrl Pts',(-11.674452916634,-18.5752529085489,-7.35555351255602));
#6766=CARTESIAN_POINT('Ctrl Pts',(-11.6691003135017,-18.5829748607866,-7.34337029051978));
#6767=CARTESIAN_POINT('Ctrl Pts',(-11.6642512248886,-18.5899704159847,-7.33233313312455));
#6768=CARTESIAN_POINT('Ctrl Pts',(-11.6596452081725,-18.5969203651029,-7.321264706043));
#6769=CARTESIAN_POINT('Ctrl Pts',(-11.655291745246,-18.6038265561737,-7.31015908826187));
#6770=CARTESIAN_POINT('Ctrl Pts',(-11.6519465298948,-18.6091332962971,-7.30162549472662));
#6771=CARTESIAN_POINT('Ctrl Pts',(-11.6487501644909,-18.6144145562545,-7.2930694050684));
#6772=CARTESIAN_POINT('Ctrl Pts',(-11.6456984206558,-18.6196816352517,-7.28447183588403));
#6773=CARTESIAN_POINT('Ctrl Pts',(-10.8276390158215,-18.7540209014179,-7.65629697232741));
#6774=CARTESIAN_POINT('Ctrl Pts',(-10.8586464084125,-18.7271827366169,-7.67818570658655));
#6775=CARTESIAN_POINT('Ctrl Pts',(-10.9235441074876,-18.6736619015326,-7.72412415837767));
#6776=CARTESIAN_POINT('Ctrl Pts',(-11.0374556427704,-18.5872628962441,-7.80481031867274));
#6777=CARTESIAN_POINT('Ctrl Pts',(-11.1713375718499,-18.4922955829237,-7.89939041430598));
#6778=CARTESIAN_POINT('Ctrl Pts',(-11.3280711998917,-18.3877420266806,-8.01010565047242));
#6779=CARTESIAN_POINT('Ctrl Pts',(-11.5079791139209,-18.2727304330825,-8.1373688481032));
#6780=CARTESIAN_POINT('Ctrl Pts',(-11.6024423573123,-18.2150595426774,-8.20416566918157));
#6781=CARTESIAN_POINT('Ctrl Pts',(-11.6501713745339,-18.1854511339944,-8.23791518091829));
#6782=CARTESIAN_POINT('Ctrl Pts',(-10.8121960418876,-18.727152686841,-7.743950051521));
#6783=CARTESIAN_POINT('Ctrl Pts',(-10.8442284836658,-18.7018504280839,-7.76283965445114));
#6784=CARTESIAN_POINT('Ctrl Pts',(-10.9112090458296,-18.6505639484405,-7.80403210753732));
#6785=CARTESIAN_POINT('Ctrl Pts',(-11.0270499798894,-18.5669432230329,-7.87864957496662));
#6786=CARTESIAN_POINT('Ctrl Pts',(-11.1600382195429,-18.4756863702098,-7.96694406999345));
#6787=CARTESIAN_POINT('Ctrl Pts',(-11.3128330150074,-18.3749248835969,-8.07368397128121));
#6788=CARTESIAN_POINT('Ctrl Pts',(-11.4804667452336,-18.2673889251708,-8.19468888269918));
#6789=CARTESIAN_POINT('Ctrl Pts',(-11.5667063270767,-18.2134146310839,-8.26032896642894));
#6790=CARTESIAN_POINT('Ctrl Pts',(-11.6104937252508,-18.1854511339944,-8.29402785065744));
#6791=CARTESIAN_POINT('Ctrl Pts',(-10.7869405446065,-18.6829583988312,-7.91152752086463));
#6792=CARTESIAN_POINT('Ctrl Pts',(-10.8208744731121,-18.6593138028935,-7.92651829392895));
#6793=CARTESIAN_POINT('Ctrl Pts',(-10.8908193681225,-18.6113326345318,-7.96016138054846));
#6794=CARTESIAN_POINT('Ctrl Pts',(-11.0092326630091,-18.5325397839382,-8.0247603758062));
#6795=CARTESIAN_POINT('Ctrl Pts',(-11.1427176264345,-18.4451005771561,-8.10728903866831));
#6796=CARTESIAN_POINT('Ctrl Pts',(-11.2861858577708,-18.3515526594015,-8.20857019486857));
#6797=CARTESIAN_POINT('Ctrl Pts',(-11.4274862480831,-18.2608778792347,-8.31518185778748));
#6798=CARTESIAN_POINT('Ctrl Pts',(-11.4976793789146,-18.2155435689477,-8.37607564816233));
#6799=CARTESIAN_POINT('Ctrl Pts',(-11.5337545302828,-18.1917766906985,-8.40810286472782));
#6800=CARTESIAN_POINT('Ctrl Pts',(-10.7584918276587,-18.6338946031953,-8.21264286304762));
#6801=CARTESIAN_POINT('Ctrl Pts',(-10.7965085276759,-18.6107980461266,-8.22281054197703));
#6802=CARTESIAN_POINT('Ctrl Pts',(-10.8743641424315,-18.5633963632532,-8.24817137143587));
#6803=CARTESIAN_POINT('Ctrl Pts',(-11.0028166842194,-18.4846532877758,-8.30141347028963));
#6804=CARTESIAN_POINT('Ctrl Pts',(-11.129563439683,-18.4063569667211,-8.36428158789259));
#6805=CARTESIAN_POINT('Ctrl Pts',(-11.2433889998911,-18.3361291385295,-8.43253913478799));
#6806=CARTESIAN_POINT('Ctrl Pts',(-11.3481018753424,-18.2712380259708,-8.50712970176032));
#6807=CARTESIAN_POINT('Ctrl Pts',(-11.4017437006371,-18.2368724329065,-8.55773262267163));
#6808=CARTESIAN_POINT('Ctrl Pts',(-11.4277158335174,-18.2201409701196,-8.58294817826014));
#6809=CARTESIAN_POINT('Ctrl Pts',(-10.7502346087887,-18.6194107279474,-8.44281906191799));
#6810=CARTESIAN_POINT('Ctrl Pts',(-10.7902039963296,-18.5963337197912,-8.44579117749553));
#6811=CARTESIAN_POINT('Ctrl Pts',(-10.8708028080314,-18.5494640875197,-8.45679870409036));
#6812=CARTESIAN_POINT('Ctrl Pts',(-10.9960336425081,-18.4754928854317,-8.48753063378172));
#6813=CARTESIAN_POINT('Ctrl Pts',(-11.108303930502,-18.4081659682251,-8.52843443724668));
#6814=CARTESIAN_POINT('Ctrl Pts',(-11.2069535008103,-18.3482627835659,-8.58132999525472));
#6815=CARTESIAN_POINT('Ctrl Pts',(-11.2980311724464,-18.2922982712616,-8.64399382707136));
#6816=CARTESIAN_POINT('Ctrl Pts',(-11.3424954348971,-18.264706766761,-8.682100020907));
#6817=CARTESIAN_POINT('Ctrl Pts',(-11.3638207622358,-18.2514336579412,-8.70076249446122));
#6818=CARTESIAN_POINT('Ctrl Pts',(-10.7502346147199,-18.6194107245229,-8.55151248790423));
#6819=CARTESIAN_POINT('Ctrl Pts',(-10.7903406291982,-18.5962548324551,-8.55146256833968));
#6820=CARTESIAN_POINT('Ctrl Pts',(-10.8709893134782,-18.5493522192005,-8.55732255986956));
#6821=CARTESIAN_POINT('Ctrl Pts',(-10.9936256162293,-18.4769113655329,-8.58139856070785));
#6822=CARTESIAN_POINT('Ctrl Pts',(-11.0991112297729,-18.4136897617204,-8.6154844231524));
#6823=CARTESIAN_POINT('Ctrl Pts',(-11.1909534340935,-18.3579999065083,-8.661133278359));
#6824=CARTESIAN_POINT('Ctrl Pts',(-11.2741146832238,-18.3070132895699,-8.71394296465305));
#6825=CARTESIAN_POINT('Ctrl Pts',(-11.3144120640437,-18.2820840466089,-8.74472982079849));
#6826=CARTESIAN_POINT('Ctrl Pts',(-11.3337421255181,-18.270092759268,-8.75966971905011));
#6827=CARTESIAN_POINT('',(-10.7502346147199,-18.6194107245229,-8.55151248790423));
#6828=CARTESIAN_POINT('Ctrl Pts',(-10.8276390158215,-18.7540209014179,-7.65629697232741));
#6829=CARTESIAN_POINT('Ctrl Pts',(-10.8121960418876,-18.727152686841,-7.743950051521));
#6830=CARTESIAN_POINT('Ctrl Pts',(-10.7869405446065,-18.6829583988312,-7.91152752086463));
#6831=CARTESIAN_POINT('Ctrl Pts',(-10.7584918276587,-18.6338946031953,-8.21264286304762));
#6832=CARTESIAN_POINT('Ctrl Pts',(-10.7502346087887,-18.6194107279474,-8.44281906191799));
#6833=CARTESIAN_POINT('Ctrl Pts',(-10.7502346147199,-18.6194107245229,-8.55151248790423));
#6834=CARTESIAN_POINT('',(-11.3337421255181,-18.270092759268,-8.75966971905011));
#6835=CARTESIAN_POINT('Ctrl Pts',(-10.7502346147199,-18.6194107245229,-8.55151248790423));
#6836=CARTESIAN_POINT('Ctrl Pts',(-10.7621286260009,-18.6125435140793,-8.55149768354454));
#6837=CARTESIAN_POINT('Ctrl Pts',(-10.7739991198274,-18.6056747367821,-8.55173852271538));
#6838=CARTESIAN_POINT('Ctrl Pts',(-10.785905707126,-18.5987698000966,-8.5522327095945));
#6839=CARTESIAN_POINT('Ctrl Pts',(-10.7979266572448,-18.5917985414658,-8.55273164314063));
#6840=CARTESIAN_POINT('Ctrl Pts',(-10.8099840300265,-18.5847905961067,-8.55348866816308));
#6841=CARTESIAN_POINT('Ctrl Pts',(-10.8220882758611,-18.5777395112933,-8.55449319261683));
#6842=CARTESIAN_POINT('Ctrl Pts',(-10.8352466280196,-18.5700743780548,-8.5555851967528));
#6843=CARTESIAN_POINT('Ctrl Pts',(-10.848459902664,-18.5623584904124,-8.55696956383729));
#6844=CARTESIAN_POINT('Ctrl Pts',(-10.8616891377629,-18.5546142259709,-8.55862500450632));
#6845=CARTESIAN_POINT('Ctrl Pts',(-10.8773084283971,-18.5454708464668,-8.56057952483528));
#6846=CARTESIAN_POINT('Ctrl Pts',(-10.8929491623171,-18.5362882912269,-8.56291164476298));
#6847=CARTESIAN_POINT('Ctrl Pts',(-10.9084858074918,-18.5271405615586,-8.56557896751689));
#6848=CARTESIAN_POINT('Ctrl Pts',(-10.9303620521064,-18.5142601765307,-8.5693346692385));
#6849=CARTESIAN_POINT('Ctrl Pts',(-10.9520245652249,-18.5014528181623,-8.57375270808021));
#6850=CARTESIAN_POINT('Ctrl Pts',(-10.9730619499791,-18.4889672897629,-8.57871939116481));
#6851=CARTESIAN_POINT('Ctrl Pts',(-10.9864191940394,-18.4810398666539,-8.58187288191028));
#6852=CARTESIAN_POINT('Ctrl Pts',(-10.99952336864,-18.4732429965989,-8.5852477282979));
#6853=CARTESIAN_POINT('Ctrl Pts',(-11.0122956277372,-18.465626038868,-8.58882405573519));
#6854=CARTESIAN_POINT('Ctrl Pts',(-11.0237642545026,-18.4587865248369,-8.59203535643443));
#6855=CARTESIAN_POINT('Ctrl Pts',(-11.0349647542744,-18.4520924168145,-8.5954090469101));
#6856=CARTESIAN_POINT('Ctrl Pts',(-11.0458738958368,-18.4455596249415,-8.59893955496228));
#6857=CARTESIAN_POINT('Ctrl Pts',(-11.0560623135787,-18.4394584287803,-8.60223681631606));
#6858=CARTESIAN_POINT('Ctrl Pts',(-11.0659962690559,-18.4334981646312,-8.60567081153906));
#6859=CARTESIAN_POINT('Ctrl Pts',(-11.0756937219618,-18.4276696458694,-8.60924588740587));
#6860=CARTESIAN_POINT('Ctrl Pts',(-11.0853031831587,-18.4218940132964,-8.61278852413241));
#6861=CARTESIAN_POINT('Ctrl Pts',(-11.0946798957029,-18.416248086616,-8.61646960633238));
#6862=CARTESIAN_POINT('Ctrl Pts',(-11.1038857774132,-18.4106958217814,-8.62030361192797));
#6863=CARTESIAN_POINT('Ctrl Pts',(-11.1127573670146,-18.4053451756922,-8.62399839372551));
#6864=CARTESIAN_POINT('Ctrl Pts',(-11.1214770732117,-18.400077418493,-8.62783775476149));
#6865=CARTESIAN_POINT('Ctrl Pts',(-11.1300881097854,-18.3948671826794,-8.63182276903177));
#6866=CARTESIAN_POINT('Ctrl Pts',(-11.1393382810267,-18.3892702289246,-8.63610356195187));
#6867=CARTESIAN_POINT('Ctrl Pts',(-11.1484626624077,-18.3837398600631,-8.6405522196875));
#6868=CARTESIAN_POINT('Ctrl Pts',(-11.1574676650726,-18.3782729140379,-8.64514447015417));
#6869=CARTESIAN_POINT('Ctrl Pts',(-11.167691740818,-18.3720658675397,-8.65035840715789));
#6870=CARTESIAN_POINT('Ctrl Pts',(-11.1777613369479,-18.365940900504,-8.65575711833117));
#6871=CARTESIAN_POINT('Ctrl Pts',(-11.1876342166355,-18.3599248537342,-8.66127711269132));
#6872=CARTESIAN_POINT('Ctrl Pts',(-11.2025014004965,-18.3508655239062,-8.66958945657274));
#6873=CARTESIAN_POINT('Ctrl Pts',(-11.2169192876694,-18.3420549796323,-8.67817494075482));
#6874=CARTESIAN_POINT('Ctrl Pts',(-11.2306474606052,-18.3336455080707,-8.6867656869635));
#6875=CARTESIAN_POINT('Ctrl Pts',(-11.2402367307802,-18.3277714055802,-8.69276641166187));
#6876=CARTESIAN_POINT('Ctrl Pts',(-11.2494863980052,-18.3220949571393,-8.69876804475236));
#6877=CARTESIAN_POINT('Ctrl Pts',(-11.2583333225777,-18.3166571949615,-8.70469043635345));
#6878=CARTESIAN_POINT('Ctrl Pts',(-11.2656206545749,-18.3121780363584,-8.70956879079862));
#6879=CARTESIAN_POINT('Ctrl Pts',(-11.2726344652006,-18.3078610100854,-8.71439324378054));
#6880=CARTESIAN_POINT('Ctrl Pts',(-11.2793675884403,-18.3037118313429,-8.71913494197453));
#6881=CARTESIAN_POINT('Ctrl Pts',(-11.2857105121586,-18.2998031067704,-8.72360184817382));
#6882=CARTESIAN_POINT('Ctrl Pts',(-11.2918039177159,-18.2960436130367,-8.72799507912527));
#6883=CARTESIAN_POINT('Ctrl Pts',(-11.2976742786546,-18.2924179892497,-8.73230882238976));
#6884=CARTESIAN_POINT('Ctrl Pts',(-11.3032891887103,-18.2889501357953,-8.73643485155339));
#6885=CARTESIAN_POINT('Ctrl Pts',(-11.3086997266057,-18.2856049621619,-8.74048798344726));
#6886=CARTESIAN_POINT('Ctrl Pts',(-11.313964898831,-18.2823466291398,-8.74448331090579));
#6887=CARTESIAN_POINT('Ctrl Pts',(-11.3189719873681,-18.2792480102862,-8.74828279883577));
#6888=CARTESIAN_POINT('Ctrl Pts',(-11.3238474626211,-18.2762280285348,-8.75202992685557));
#6889=CARTESIAN_POINT('Ctrl Pts',(-11.3286783845277,-18.2732330489143,-8.7557581053774));
#6890=CARTESIAN_POINT('Ctrl Pts',(-11.3303697732655,-18.2721844551059,-8.75706340471497));
#6891=CARTESIAN_POINT('Ctrl Pts',(-11.3320560488579,-18.2711387067803,-8.75836657711329));
#6892=CARTESIAN_POINT('Ctrl Pts',(-11.3337421255181,-18.270092759268,-8.75966971905011));
#6893=CARTESIAN_POINT('Origin',(-12.3880437185896,-19.969636271758,-8.75966971905011));
#6894=CARTESIAN_POINT('Ctrl Pts',(-10.8276390158215,-18.7540209014179,-7.65629697232741));
#6895=CARTESIAN_POINT('Ctrl Pts',(-10.8121960418876,-18.727152686841,-7.743950051521));
#6896=CARTESIAN_POINT('Ctrl Pts',(-10.7869405446065,-18.6829583988312,-7.91152752086463));
#6897=CARTESIAN_POINT('Ctrl Pts',(-10.7584918276587,-18.6338946031953,-8.21264286304762));
#6898=CARTESIAN_POINT('Ctrl Pts',(-10.7502346087887,-18.6194107279474,-8.44281906191799));
#6899=CARTESIAN_POINT('Ctrl Pts',(-10.7502346147199,-18.6194107245229,-8.55151248790423));
#6900=CARTESIAN_POINT('Ctrl Pts',(-10.7889101362635,-18.7674249589305,-7.67823477766506));
#6901=CARTESIAN_POINT('Ctrl Pts',(-10.7743528584393,-18.7422146419211,-7.76278698355616));
#6902=CARTESIAN_POINT('Ctrl Pts',(-10.7494696333469,-18.7005512816175,-7.92655418556049));
#6903=CARTESIAN_POINT('Ctrl Pts',(-10.719494434363,-18.6552556793486,-8.22290089216262));
#6904=CARTESIAN_POINT('Ctrl Pts',(-10.7102652215773,-18.6424877359133,-8.44588547000635));
#6905=CARTESIAN_POINT('Ctrl Pts',(-10.7101286002415,-18.6425666165907,-8.55156240746878));
#6906=CARTESIAN_POINT('Ctrl Pts',(-10.7100878564171,-18.7969074822243,-7.72410809786724));
#6907=CARTESIAN_POINT('Ctrl Pts',(-10.6963996083302,-18.7746699449065,-7.80386652679952));
#6908=CARTESIAN_POINT('Ctrl Pts',(-10.6725714259208,-18.7373485895527,-7.96033140486829));
#6909=CARTESIAN_POINT('Ctrl Pts',(-10.638982444187,-18.6992807650431,-8.24841479461451));
#6910=CARTESIAN_POINT('Ctrl Pts',(-10.6286325668019,-18.6892815714859,-8.45705481085306));
#6911=CARTESIAN_POINT('Ctrl Pts',(-10.6283762372966,-18.6894246527011,-8.55758516162589));
#6912=CARTESIAN_POINT('Ctrl Pts',(-10.5782430463668,-18.8524713813688,-7.80460953650732));
#6913=CARTESIAN_POINT('Ctrl Pts',(-10.5657802619524,-18.8333561864789,-7.87849049160934));
#6914=CARTESIAN_POINT('Ctrl Pts',(-10.5446415678161,-18.800724534194,-8.02503852577825));
#6915=CARTESIAN_POINT('Ctrl Pts',(-10.506326527333,-18.7712926414284,-8.30147008412771));
#6916=CARTESIAN_POINT('Ctrl Pts',(-10.50181608752,-18.7608202257957,-8.48757248213857));
#6917=CARTESIAN_POINT('Ctrl Pts',(-10.5043124021922,-18.7594082603138,-8.58140734045796));
#6918=CARTESIAN_POINT('Ctrl Pts',(-10.4290998009972,-18.9208604333138,-7.89930793120351));
#6919=CARTESIAN_POINT('Ctrl Pts',(-10.4203306009681,-18.9027600193733,-7.96693788667565));
#6920=CARTESIAN_POINT('Ctrl Pts',(-10.4027773611073,-18.872280422425,-8.10721962212251));
#6921=CARTESIAN_POINT('Ctrl Pts',(-10.3759834343659,-18.8414489434522,-8.3640614449174));
#6922=CARTESIAN_POINT('Ctrl Pts',(-10.3882479407986,-18.8239017762186,-8.52823357568702));
#6923=CARTESIAN_POINT('Ctrl Pts',(-10.3976274737927,-18.8187028252572,-8.61530465248305));
#6924=CARTESIAN_POINT('Ctrl Pts',(-10.260239831045,-19.0042273681493,-8.01017273411917));
#6925=CARTESIAN_POINT('Ctrl Pts',(-10.2568488332019,-18.9845906819933,-8.07368665544466));
#6926=CARTESIAN_POINT('Ctrl Pts',(-10.2499389584195,-18.9498300303882,-8.2086121475473));
#6927=CARTESIAN_POINT('Ctrl Pts',(-10.2578287779806,-18.9051429661881,-8.43267445857934));
#6928=CARTESIAN_POINT('Ctrl Pts',(-10.2864809898166,-18.879695591874,-8.58149534357081));
#6929=CARTESIAN_POINT('Ctrl Pts',(-10.3028838895221,-18.8707239203984,-8.66130611657459));
#6930=CARTESIAN_POINT('Ctrl Pts',(-10.0706597702277,-19.1025664783908,-8.13737047624111));
#6931=CARTESIAN_POINT('Ctrl Pts',(-10.0797359048229,-19.0760989253079,-8.19472758852649));
#6932=CARTESIAN_POINT('Ctrl Pts',(-10.100530952292,-19.02699003099,-8.31525931385297));
#6933=CARTESIAN_POINT('Ctrl Pts',(-10.14919288219,-18.9634235709527,-8.50720543324123));
#6934=CARTESIAN_POINT('Ctrl Pts',(-10.1925012706994,-18.9305727438209,-8.64404782915268));
#6935=CARTESIAN_POINT('Ctrl Pts',(-10.2172193924628,-18.9172092784231,-8.71398641310989));
#6936=CARTESIAN_POINT('Ctrl Pts',(-9.97348311674866,-19.1555395987158,-8.20416566918157));
#6937=CARTESIAN_POINT('Ctrl Pts',(-9.98992659663952,-19.1237688329046,-8.26032896642894));
#6938=CARTESIAN_POINT('Ctrl Pts',(-10.0262837849937,-19.0650542111824,-8.37607564816233));
#6939=CARTESIAN_POINT('Ctrl Pts',(-10.0927229621546,-18.9926359086441,-8.55773262267164));
#6940=CARTESIAN_POINT('Ctrl Pts',(-10.14645233524,-18.9552425723104,-8.682100020907));
#6941=CARTESIAN_POINT('Ctrl Pts',(-10.1755431864637,-18.9396102996514,-8.74472982079849));
#6942=CARTESIAN_POINT('Ctrl Pts',(-9.92397697405275,-19.1820699357858,-8.23791518091829));
#6943=CARTESIAN_POINT('Ctrl Pts',(-9.94381579869427,-19.1477080835442,-8.29402785065744));
#6944=CARTESIAN_POINT('Ctrl Pts',(-9.98766348897705,-19.084412769588,-8.40810286472782));
#6945=CARTESIAN_POINT('Ctrl Pts',(-10.0652470238986,-19.0067627041155,-8.58294817826014));
#6946=CARTESIAN_POINT('Ctrl Pts',(-10.1242948221455,-18.9670742931198,-8.70076249446122));
#6947=CARTESIAN_POINT('Ctrl Pts',(-10.1554933962651,-18.9503549802745,-8.75966971905011));
#6948=CARTESIAN_POINT('',(-9.92397697405275,-19.1820699357858,-8.23791518091829));
#6949=CARTESIAN_POINT('Ctrl Pts',(-10.8276390158215,-18.7540209014179,-7.65629697232741));
#6950=CARTESIAN_POINT('Ctrl Pts',(-10.7889101362635,-18.7674249589305,-7.67823477766506));
#6951=CARTESIAN_POINT('Ctrl Pts',(-10.7100878564171,-18.7969074822243,-7.72410809786724));
#6952=CARTESIAN_POINT('Ctrl Pts',(-10.5782430463668,-18.8524713813688,-7.80460953650732));
#6953=CARTESIAN_POINT('Ctrl Pts',(-10.4290998009972,-18.9208604333138,-7.89930793120351));
#6954=CARTESIAN_POINT('Ctrl Pts',(-10.260239831045,-19.0042273681493,-8.01017273411917));
#6955=CARTESIAN_POINT('Ctrl Pts',(-10.0706597702277,-19.1025664783908,-8.13737047624111));
#6956=CARTESIAN_POINT('Ctrl Pts',(-9.97348311674866,-19.1555395987158,-8.20416566918157));
#6957=CARTESIAN_POINT('Ctrl Pts',(-9.92397697405275,-19.1820699357858,-8.23791518091829));
#6958=CARTESIAN_POINT('',(-10.1554933962651,-18.9503549802745,-8.75966971905011));
#6959=CARTESIAN_POINT('Origin',(-11.1001904563828,-20.7131786993698,-8.75966971905011));
#6960=CARTESIAN_POINT('Ctrl Pts',(-10.1554933962651,-18.9503549802745,-8.75966971905011));
#6961=CARTESIAN_POINT('Ctrl Pts',(-10.1605559176868,-18.9476419755356,-8.75589743244825));
#6962=CARTESIAN_POINT('Ctrl Pts',(-10.1656210243328,-18.9449250113653,-8.7521231953725));
#6963=CARTESIAN_POINT('Ctrl Pts',(-10.1707956500521,-18.9421465479729,-8.74830558130723));
#6964=CARTESIAN_POINT('Ctrl Pts',(-10.1761953635652,-18.9392472259466,-8.74432190724575));
#6965=CARTESIAN_POINT('Ctrl Pts',(-10.1817141264757,-18.9362810375892,-8.74029110523163));
#6966=CARTESIAN_POINT('Ctrl Pts',(-10.1874271236798,-18.9332070341956,-8.7361907411826));
#6967=CARTESIAN_POINT('Ctrl Pts',(-10.1934561477248,-18.9299629856319,-8.7318635565961));
#6968=CARTESIAN_POINT('Ctrl Pts',(-10.1997012229704,-18.9265989957369,-8.72745903765296));
#6969=CARTESIAN_POINT('Ctrl Pts',(-10.2062037700329,-18.9230918352305,-8.7229758606943));
#6970=CARTESIAN_POINT('Ctrl Pts',(-10.2131996356768,-18.9193186024558,-8.71815256555177));
#6971=CARTESIAN_POINT('Ctrl Pts',(-10.2204931385732,-18.9153798417074,-8.71323842039336));
#6972=CARTESIAN_POINT('Ctrl Pts',(-10.2280878458912,-18.9112722738776,-8.70825750550422));
#6973=CARTESIAN_POINT('Ctrl Pts',(-10.2367318552328,-18.9065971951412,-8.70258841609386));
#6974=CARTESIAN_POINT('Ctrl Pts',(-10.2457654547371,-18.9017037336081,-8.69683313025839));
#6975=CARTESIAN_POINT('Ctrl Pts',(-10.2551408823777,-18.8966157150583,-8.69105581045246));
#6976=CARTESIAN_POINT('Ctrl Pts',(-10.2708580680746,-18.8880860420191,-8.68137057670083));
#6977=CARTESIAN_POINT('Ctrl Pts',(-10.2875314824111,-18.8790117115721,-8.67162547418205));
#6978=CARTESIAN_POINT('Ctrl Pts',(-10.304801609652,-18.8695803818133,-8.66219831383006));
#6979=CARTESIAN_POINT('Ctrl Pts',(-10.3149343736129,-18.8640468129548,-8.65666719125434));
#6980=CARTESIAN_POINT('Ctrl Pts',(-10.3252704847198,-18.8583915664151,-8.65124672067972));
#6981=CARTESIAN_POINT('Ctrl Pts',(-10.3357583009396,-18.8526417338409,-8.64600291955175));
#6982=CARTESIAN_POINT('Ctrl Pts',(-10.3450516419328,-18.8475467594776,-8.64135634385269));
#6983=CARTESIAN_POINT('Ctrl Pts',(-10.3544635735253,-18.8423778307399,-8.63684878004211));
#6984=CARTESIAN_POINT('Ctrl Pts',(-10.3639894925086,-18.837136772853,-8.63250986973201));
#6985=CARTESIAN_POINT('Ctrl Pts',(-10.3730969985781,-18.8321259212387,-8.62836154010067));
#6986=CARTESIAN_POINT('Ctrl Pts',(-10.3823081464198,-18.827049466067,-8.62436767535433));
#6987=CARTESIAN_POINT('Ctrl Pts',(-10.3916570944668,-18.821887865754,-8.62053409348172));
#6988=CARTESIAN_POINT('Ctrl Pts',(-10.4023911026585,-18.8159615669059,-8.61613256092238));
#6989=CARTESIAN_POINT('Ctrl Pts',(-10.4133123343444,-18.8099200006968,-8.61194066584464));
#6990=CARTESIAN_POINT('Ctrl Pts',(-10.4245195698417,-18.8037068616267,-8.60793720347896));
#6991=CARTESIAN_POINT('Ctrl Pts',(-10.4346596528989,-18.7980853373683,-8.60431495061258));
#6992=CARTESIAN_POINT('Ctrl Pts',(-10.4450336074734,-18.7923234584896,-8.60084672569217));
#6993=CARTESIAN_POINT('Ctrl Pts',(-10.4556647455175,-18.7864066476094,-8.59752661231693));
#6994=CARTESIAN_POINT('Ctrl Pts',(-10.4675829547175,-18.7797735111028,-8.59380454553446));
#6995=CARTESIAN_POINT('Ctrl Pts',(-10.4798243058426,-18.7729456629891,-8.59026859007199));
#6996=CARTESIAN_POINT('Ctrl Pts',(-10.4923623761441,-18.7659354088112,-8.58692359916133));
#6997=CARTESIAN_POINT('Ctrl Pts',(-10.5065438919107,-18.7580062755587,-8.58314015879152));
#6998=CARTESIAN_POINT('Ctrl Pts',(-10.5211041725991,-18.7498441766806,-8.57960109125457));
#6999=CARTESIAN_POINT('Ctrl Pts',(-10.535939960174,-18.7415039192592,-8.57632931264842));
#7000=CARTESIAN_POINT('Ctrl Pts',(-10.5574201967252,-18.7294283417811,-8.57159221473244));
#7001=CARTESIAN_POINT('Ctrl Pts',(-10.5794737706689,-18.7169812333955,-8.5674153269116));
#7002=CARTESIAN_POINT('Ctrl Pts',(-10.6016837174834,-18.7043925951753,-8.56390358570198));
#7003=CARTESIAN_POINT('Ctrl Pts',(-10.6166307334108,-18.6959205993819,-8.56154022786815));
#7004=CARTESIAN_POINT('Ctrl Pts',(-10.631645836326,-18.6873862232933,-8.55947902833882));
#7005=CARTESIAN_POINT('Ctrl Pts',(-10.6466193848951,-18.678851561945,-8.55775387444376));
#7006=CARTESIAN_POINT('Ctrl Pts',(-10.6600556152026,-18.6711931451747,-8.55620584025915));
#7007=CARTESIAN_POINT('Ctrl Pts',(-10.6734575690114,-18.6635350151382,-8.55492859447475));
#7008=CARTESIAN_POINT('Ctrl Pts',(-10.6867803022844,-18.6559032686897,-8.55394318585756));
#7009=CARTESIAN_POINT('Ctrl Pts',(-10.6988497781277,-18.6489894337044,-8.55305047373481));
#7010=CARTESIAN_POINT('Ctrl Pts',(-10.7108539866361,-18.6420974328997,-8.55239735522307));
#7011=CARTESIAN_POINT('Ctrl Pts',(-10.7227957391293,-18.6352260929915,-8.55199474360744));
#7012=CARTESIAN_POINT('Ctrl Pts',(-10.7319718213506,-18.6299461326168,-8.5516853755067));
#7013=CARTESIAN_POINT('Ctrl Pts',(-10.7411116335505,-18.6246780334301,-8.55152384318979));
#7014=CARTESIAN_POINT('Ctrl Pts',(-10.7502346147199,-18.6194107245229,-8.55151248790423));
#7015=CARTESIAN_POINT('Ctrl Pts',(-10.8276390158215,-18.7540209014179,-7.65629697232741));
#7016=CARTESIAN_POINT('Ctrl Pts',(-10.7889101362635,-18.7674249589305,-7.67823477766506));
#7017=CARTESIAN_POINT('Ctrl Pts',(-10.7100878564171,-18.7969074822243,-7.72410809786724));
#7018=CARTESIAN_POINT('Ctrl Pts',(-10.5782430463668,-18.8524713813688,-7.80460953650732));
#7019=CARTESIAN_POINT('Ctrl Pts',(-10.4290998009972,-18.9208604333138,-7.89930793120351));
#7020=CARTESIAN_POINT('Ctrl Pts',(-10.260239831045,-19.0042273681493,-8.01017273411917));
#7021=CARTESIAN_POINT('Ctrl Pts',(-10.0706597702277,-19.1025664783908,-8.13737047624111));
#7022=CARTESIAN_POINT('Ctrl Pts',(-9.97348311674866,-19.1555395987158,-8.20416566918157));
#7023=CARTESIAN_POINT('Ctrl Pts',(-9.92397697405275,-19.1820699357858,-8.23791518091829));
#7024=CARTESIAN_POINT('Ctrl Pts',(-10.7656242306395,-18.8076972310199,-7.61251950380912));
#7025=CARTESIAN_POINT('Ctrl Pts',(-10.7294684472691,-18.8197163672906,-7.6364234452315));
#7026=CARTESIAN_POINT('Ctrl Pts',(-10.6544713173926,-18.8470422473717,-7.6858425071544));
#7027=CARTESIAN_POINT('Ctrl Pts',(-10.5275718110873,-18.8995971889327,-7.77018589802812));
#7028=CARTESIAN_POINT('Ctrl Pts',(-10.3847539275476,-18.9644513138068,-7.86613691445528));
#7029=CARTESIAN_POINT('Ctrl Pts',(-10.2217084491577,-19.0453313930964,-7.97461326203));
#7030=CARTESIAN_POINT('Ctrl Pts',(-10.0435983600224,-19.1387551999673,-8.09232488808875));
#7031=CARTESIAN_POINT('Ctrl Pts',(-9.95153895433604,-19.190258179757,-8.15175231768272));
#7032=CARTESIAN_POINT('Ctrl Pts',(-9.90413814941124,-19.2164317880274,-8.18180251117914));
#7033=CARTESIAN_POINT('Ctrl Pts',(-10.6525633274364,-18.9151358836978,-7.53284923617496));
#7034=CARTESIAN_POINT('Ctrl Pts',(-10.6193641337484,-18.92534938206,-7.55984552643166));
#7035=CARTESIAN_POINT('Ctrl Pts',(-10.5502942374164,-18.9490196150572,-7.61457584365353));
#7036=CARTESIAN_POINT('Ctrl Pts',(-10.431869819615,-18.9965510223589,-7.70468397029688));
#7037=CARTESIAN_POINT('Ctrl Pts',(-10.2949933665826,-19.0587495798065,-7.8030252464422));
#7038=CARTESIAN_POINT('Ctrl Pts',(-10.1423227265429,-19.1360870496702,-7.90452800672574));
#7039=CARTESIAN_POINT('Ctrl Pts',(-9.98998877851476,-19.2185876270389,-8.0022100713183));
#7040=CARTESIAN_POINT('Ctrl Pts',(-9.91032365093383,-19.2659030550266,-8.0480908595982));
#7041=CARTESIAN_POINT('Ctrl Pts',(-9.86863063069594,-19.290583727901,-8.07142709962947));
#7042=CARTESIAN_POINT('Ctrl Pts',(-10.4728671532495,-19.1282511960431,-7.4056557478875));
#7043=CARTESIAN_POINT('Ctrl Pts',(-10.4417357416053,-19.1359792685849,-7.43810901008504));
#7044=CARTESIAN_POINT('Ctrl Pts',(-10.3757535346044,-19.1554604377594,-7.50305837779484));
#7045=CARTESIAN_POINT('Ctrl Pts',(-10.2610527078081,-19.1966419464858,-7.6064172293221));
#7046=CARTESIAN_POINT('Ctrl Pts',(-10.1424853306563,-19.2454140257236,-7.70495917716342));
#7047=CARTESIAN_POINT('Ctrl Pts',(-10.0305184045037,-19.2988907742038,-7.78952242885904));
#7048=CARTESIAN_POINT('Ctrl Pts',(-9.92170657616039,-19.3575761642416,-7.86338315228048));
#7049=CARTESIAN_POINT('Ctrl Pts',(-9.85915034965197,-19.3971955407553,-7.89708950987142));
#7050=CARTESIAN_POINT('Ctrl Pts',(-9.82844506212404,-19.416915733241,-7.913171086384));
#7051=CARTESIAN_POINT('Ctrl Pts',(-10.3531938517587,-19.3065636840391,-7.32114536765506));
#7052=CARTESIAN_POINT('Ctrl Pts',(-10.3251459431423,-19.3089900704962,-7.35783816242258));
#7053=CARTESIAN_POINT('Ctrl Pts',(-10.2659335178461,-19.3178097350058,-7.43015827530424));
#7054=CARTESIAN_POINT('Ctrl Pts',(-10.1665136013541,-19.3420676774781,-7.53798306176997));
#7055=CARTESIAN_POINT('Ctrl Pts',(-10.0702128281581,-19.3742116750485,-7.63019790323664));
#7056=CARTESIAN_POINT('Ctrl Pts',(-9.97695834824947,-19.4159268029652,-7.70557375740214));
#7057=CARTESIAN_POINT('Ctrl Pts',(-9.88377203333578,-19.4654012103573,-7.77055466576801));
#7058=CARTESIAN_POINT('Ctrl Pts',(-9.83450294705688,-19.4955547620336,-7.79977390982192));
#7059=CARTESIAN_POINT('Ctrl Pts',(-9.81065630200603,-19.5103121452121,-7.81365879673347));
#7060=CARTESIAN_POINT('Ctrl Pts',(-10.3019552754143,-19.3953114947261,-7.28491423125163));
#7061=CARTESIAN_POINT('Ctrl Pts',(-10.2752408811982,-19.395270398666,-7.3227431841785));
#7062=CARTESIAN_POINT('Ctrl Pts',(-10.2184181527369,-19.3998850248765,-7.39682616239942));
#7063=CARTESIAN_POINT('Ctrl Pts',(-10.1238936137594,-19.4187246216125,-7.50442344384656));
#7064=CARTESIAN_POINT('Ctrl Pts',(-10.0354929335477,-19.4453958835377,-7.5925142799041));
#7065=CARTESIAN_POINT('Ctrl Pts',(-9.95043799343417,-19.4813356508249,-7.66388765546758));
#7066=CARTESIAN_POINT('Ctrl Pts',(-9.86752735486359,-19.5229678554403,-7.72468960429207));
#7067=CARTESIAN_POINT('Ctrl Pts',(-9.8247087038577,-19.5472734485721,-7.75242005389937));
#7068=CARTESIAN_POINT('Ctrl Pts',(-9.80405953190798,-19.5590562888414,-7.76566464454796));
#7069=CARTESIAN_POINT('',(-10.3019552754143,-19.3953114947261,-7.28491423125163));
#7070=CARTESIAN_POINT('Ctrl Pts',(-10.8276390098531,-18.7540209034836,-7.65629697570818));
#7071=CARTESIAN_POINT('Ctrl Pts',(-10.7656242250676,-18.8076972328721,-7.61251950749288));
#7072=CARTESIAN_POINT('Ctrl Pts',(-10.6525633223201,-18.9151358852717,-7.53284924033527));
#7073=CARTESIAN_POINT('Ctrl Pts',(-10.472867148452,-19.128251197234,-7.40565575288878));
#7074=CARTESIAN_POINT('Ctrl Pts',(-10.3531938474363,-19.306563684413,-7.32114537330968));
#7075=CARTESIAN_POINT('Ctrl Pts',(-10.3019552712974,-19.3953114947198,-7.28491423708134));
#7076=CARTESIAN_POINT('',(-9.80405953190798,-19.5590562888414,-7.76566464454796));
#7077=CARTESIAN_POINT('Ctrl Pts',(-10.3019552754143,-19.3953114947261,-7.28491423125163));
#7078=CARTESIAN_POINT('Ctrl Pts',(-10.2940327403457,-19.3952993071026,-7.29613294741444));
#7079=CARTESIAN_POINT('Ctrl Pts',(-10.2859922564018,-19.3954882792166,-7.30724427659835));
#7080=CARTESIAN_POINT('Ctrl Pts',(-10.2777950126754,-19.395876448462,-7.31830518579809));
#7081=CARTESIAN_POINT('Ctrl Pts',(-10.2695190343891,-19.3962683460747,-7.32947233507644));
#7082=CARTESIAN_POINT('Ctrl Pts',(-10.2610835485315,-19.3968631454482,-7.34058779347867));
#7083=CARTESIAN_POINT('Ctrl Pts',(-10.2524862182843,-19.397651988619,-7.35166494440854));
#7084=CARTESIAN_POINT('Ctrl Pts',(-10.2431401837963,-19.3985095287235,-7.3637067564179));
#7085=CARTESIAN_POINT('Ctrl Pts',(-10.2336032197419,-19.39959625973,-7.37570289552734));
#7086=CARTESIAN_POINT('Ctrl Pts',(-10.2239112352697,-19.4008947403783,-7.38762372443607));
#7087=CARTESIAN_POINT('Ctrl Pts',(-10.2124682515169,-19.4024278106185,-7.40169822609399));
#7088=CARTESIAN_POINT('Ctrl Pts',(-10.2008097645429,-19.4042557919155,-7.41566707814267));
#7089=CARTESIAN_POINT('Ctrl Pts',(-10.1890407693951,-19.4063448301274,-7.42942606010569));
#7090=CARTESIAN_POINT('Ctrl Pts',(-10.1724695332115,-19.4092862830866,-7.44879928074964));
#7091=CARTESIAN_POINT('Ctrl Pts',(-10.1556849331736,-19.4127433464012,-7.46775021436659));
#7092=CARTESIAN_POINT('Ctrl Pts',(-10.1390246007487,-19.416628831834,-7.48592888989524));
#7093=CARTESIAN_POINT('Ctrl Pts',(-10.1284464738125,-19.4190958389181,-7.49747105678418));
#7094=CARTESIAN_POINT('Ctrl Pts',(-10.1179192393306,-19.4217358037939,-7.50870084228437));
#7095=CARTESIAN_POINT('Ctrl Pts',(-10.1075081536647,-19.4245344176674,-7.51955053449686));
#7096=CARTESIAN_POINT('Ctrl Pts',(-10.098159701303,-19.4270473840682,-7.52929282593922));
#7097=CARTESIAN_POINT('Ctrl Pts',(-10.0889053107961,-19.4296882425746,-7.5387281949021));
#7098=CARTESIAN_POINT('Ctrl Pts',(-10.0797652593598,-19.4324536923004,-7.54783659618541));
#7099=CARTESIAN_POINT('Ctrl Pts',(-10.0712290549589,-19.4350364397045,-7.55634324143365));
#7100=CARTESIAN_POINT('Ctrl Pts',(-10.0627928546741,-19.4377278389229,-7.5645643994017));
#7101=CARTESIAN_POINT('Ctrl Pts',(-10.0544436602834,-19.4405320302866,-7.5725155537258));
#7102=CARTESIAN_POINT('Ctrl Pts',(-10.0461702239012,-19.4433107772848,-7.58039456173386));
#7103=CARTESIAN_POINT('Ctrl Pts',(-10.0379826437373,-19.4462002287367,-7.58800798371551));
#7104=CARTESIAN_POINT('Ctrl Pts',(-10.0298325601369,-19.4492120579278,-7.5954093703765));
#7105=CARTESIAN_POINT('Ctrl Pts',(-10.0219784295869,-19.4521145189112,-7.60254199133319));
#7106=CARTESIAN_POINT('Ctrl Pts',(-10.0141532415152,-19.4551326278312,-7.60948322216358));
#7107=CARTESIAN_POINT('Ctrl Pts',(-10.0063273184356,-19.4582670525937,-7.61627344721243));
#7108=CARTESIAN_POINT('Ctrl Pts',(-9.99792053395663,-19.4616341229286,-7.62356766132218));
#7109=CARTESIAN_POINT('Ctrl Pts',(-9.98951324643053,-19.4651352343531,-7.63068732467575));
#7110=CARTESIAN_POINT('Ctrl Pts',(-9.98111309088203,-19.4687508385028,-7.63764657245264));
#7111=CARTESIAN_POINT('Ctrl Pts',(-9.9715757448295,-19.4728559134345,-7.64554794450823));
#7112=CARTESIAN_POINT('Ctrl Pts',(-9.96204812490041,-19.4771083011514,-7.65324208039564));
#7113=CARTESIAN_POINT('Ctrl Pts',(-9.95259044531997,-19.4814573891632,-7.6607103225134));
#7114=CARTESIAN_POINT('Ctrl Pts',(-9.93834849509296,-19.488006510908,-7.6719564565804));
#7115=CARTESIAN_POINT('Ctrl Pts',(-9.92426812268503,-19.4947733427692,-7.68268794290098));
#7116=CARTESIAN_POINT('Ctrl Pts',(-9.9106475612644,-19.5015459040627,-7.69276740639417));
#7117=CARTESIAN_POINT('Ctrl Pts',(-9.90113345884015,-19.5062766078737,-7.69980801544797));
#7118=CARTESIAN_POINT('Ctrl Pts',(-9.89184670211559,-19.5110088454812,-7.70652814097271));
#7119=CARTESIAN_POINT('Ctrl Pts',(-9.88287113233011,-19.5156794640257,-7.71289497091327));
#7120=CARTESIAN_POINT('Ctrl Pts',(-9.87547783352369,-19.5195267159925,-7.71813941525778));
#7121=CARTESIAN_POINT('Ctrl Pts',(-9.86829594172257,-19.5233320649452,-7.72314394833486));
#7122=CARTESIAN_POINT('Ctrl Pts',(-9.86134520235885,-19.5270727411929,-7.72791143173597));
#7123=CARTESIAN_POINT('Ctrl Pts',(-9.8547972738542,-19.5305966369034,-7.73240262883373));
#7124=CARTESIAN_POINT('Ctrl Pts',(-9.8484549002521,-19.5340629627567,-7.73668313636928));
#7125=CARTESIAN_POINT('Ctrl Pts',(-9.84230310638268,-19.5374669347234,-7.74077985131737));
#7126=CARTESIAN_POINT('Ctrl Pts',(-9.836419010052,-19.5407227816168,-7.74469829623045));
#7127=CARTESIAN_POINT('Ctrl Pts',(-9.83070958369208,-19.5439214508884,-7.74844835631284));
#7128=CARTESIAN_POINT('Ctrl Pts',(-9.82512684039132,-19.5470743798875,-7.75208063247237));
#7129=CARTESIAN_POINT('Ctrl Pts',(-9.81981774720478,-19.550072761322,-7.7555348648401));
#7130=CARTESIAN_POINT('Ctrl Pts',(-9.81462337399209,-19.5530297161375,-7.75888246431707));
#7131=CARTESIAN_POINT('Ctrl Pts',(-9.80946701169654,-19.5559708383749,-7.76219437499573));
#7132=CARTESIAN_POINT('Ctrl Pts',(-9.80766168069559,-19.5570005757845,-7.76335393180688));
#7133=CARTESIAN_POINT('Ctrl Pts',(-9.80586066879461,-19.5580285232588,-7.76450937687798));
#7134=CARTESIAN_POINT('Ctrl Pts',(-9.80405953190798,-19.5590562888414,-7.76566464454796));
#7135=CARTESIAN_POINT('Origin',(-11.1001904563828,-20.7131786993698,-8.75966971905011));
#7136=CARTESIAN_POINT('Ctrl Pts',(21.655278031643,-5.32776947559377E-15,
-7.65629697232741));
#7137=CARTESIAN_POINT('Ctrl Pts',(21.6707730533154,3.00497758568072E-5,
-7.61247043273061));
#7138=CARTESIAN_POINT('Ctrl Pts',(21.7047935113414,-9.8350139261464E-6,
-7.52286496787926));
#7139=CARTESIAN_POINT('Ctrl Pts',(21.7688878666307,-0.000122953463684217,
-7.37172667599807));
#7140=CARTESIAN_POINT('Ctrl Pts',(21.8478985667656,-5.05103783695776E-5,
-7.19954694420737));
#7141=CARTESIAN_POINT('Ctrl Pts',(21.9442152911344,4.10801761399725E-5,
-7.00338930346996));
#7142=CARTESIAN_POINT('Ctrl Pts',(22.0577443726569,9.97026747267171E-7,
-6.78225226065376));
#7143=CARTESIAN_POINT('Ctrl Pts',(22.1189118875822,-4.26469967858314E-15,
-6.66836816880952));
#7144=CARTESIAN_POINT('Ctrl Pts',(22.1495464820803,-2.94245489578304E-15,
-6.61044349261639));
#7145=CARTESIAN_POINT('Ctrl Pts',(21.6707904025616,-0.0804844446271717,
-7.61242136165211));
#7146=CARTESIAN_POINT('Ctrl Pts',(21.6864417420597,-0.0774138019512749,
-7.57036538171091));
#7147=CARTESIAN_POINT('Ctrl Pts',(21.7209034959483,-0.0723760534604331,
-7.48318438892972));
#7148=CARTESIAN_POINT('Ctrl Pts',(21.7850273484737,-0.0664201660313486,
-7.33542792338822));
#7149=CARTESIAN_POINT('Ctrl Pts',(21.8626214304832,-0.061731523372478,-7.16879425934495));
#7150=CARTESIAN_POINT('Ctrl Pts',(21.9566276280555,-0.0606681715302866,
-6.97891472560505));
#7151=CARTESIAN_POINT('Ctrl Pts',(22.0633397959418,-0.0626848887071603,
-6.77175371448502));
#7152=CARTESIAN_POINT('Ctrl Pts',(22.1206138094987,-0.0664893468524152,
-6.66515013124323));
#7153=CARTESIAN_POINT('Ctrl Pts',(22.1495464820803,-0.0687237044831178,
-6.61044349261639));
#7154=CARTESIAN_POINT('Ctrl Pts',(21.7074345969264,-0.231892143540525,-7.53238327574086));
#7155=CARTESIAN_POINT('Ctrl Pts',(21.7234727202932,-0.224540295735628,-7.49208401233972));
#7156=CARTESIAN_POINT('Ctrl Pts',(21.7582602129564,-0.211627056969599,-7.40872085050286));
#7157=CARTESIAN_POINT('Ctrl Pts',(21.82216359445,-0.196005968050517,-7.26703319644108));
#7158=CARTESIAN_POINT('Ctrl Pts',(21.8995749052616,-0.186322759539529,-7.10520441356073));
#7159=CARTESIAN_POINT('Ctrl Pts',(21.9889548722251,-0.186187055307325,-6.92743090031929));
#7160=CARTESIAN_POINT('Ctrl Pts',(22.0810612435643,-0.191655295184223,-6.75124838858101));
#7161=CARTESIAN_POINT('Ctrl Pts',(22.1303884959418,-0.200848843844193,-6.66084578990561));
#7162=CARTESIAN_POINT('Ctrl Pts',(22.1558145579763,-0.20617095831303,-6.61375848677737));
#7163=CARTESIAN_POINT('Ctrl Pts',(21.8020889235946,-0.494176665285716,-7.40536192740897));
#7164=CARTESIAN_POINT('Ctrl Pts',(21.818891676645,-0.480529588378921,-7.36519319696772));
#7165=CARTESIAN_POINT('Ctrl Pts',(21.8553832551063,-0.456286658784573,-7.28133478638717));
#7166=CARTESIAN_POINT('Ctrl Pts',(21.9206545132372,-0.425596540880702,-7.13874085929754));
#7167=CARTESIAN_POINT('Ctrl Pts',(21.9895842630272,-0.403750870567036,-6.99410714813505));
#7168=CARTESIAN_POINT('Ctrl Pts',(22.0570988305062,-0.393765706402854,-6.86035596723516));
#7169=CARTESIAN_POINT('Ctrl Pts',(22.1246048433158,-0.394212642475737,-6.73314695050141));
#7170=CARTESIAN_POINT('Ctrl Pts',(22.1643795214551,-0.404559632111131,-6.66293292201172));
#7171=CARTESIAN_POINT('Ctrl Pts',(22.1839210890634,-0.410153029125446,-6.62862317380182));
#7172=CARTESIAN_POINT('Ctrl Pts',(21.8967279424673,-0.686882052211681,-7.32070298347153));
#7173=CARTESIAN_POINT('Ctrl Pts',(21.9114517526763,-0.66623243776281,-7.28202823004141));
#7174=CARTESIAN_POINT('Ctrl Pts',(21.9433130968017,-0.628686299959544,-7.20209551580425));
#7175=CARTESIAN_POINT('Ctrl Pts',(21.9985801969375,-0.58147675948186,-7.07241992413365));
#7176=CARTESIAN_POINT('Ctrl Pts',(22.0538380796981,-0.550055294162681,-6.95088840396427));
#7177=CARTESIAN_POINT('Ctrl Pts',(22.10995454529,-0.5362889804496,-6.8378419524166));
#7178=CARTESIAN_POINT('Ctrl Pts',(22.1679018804119,-0.534870066639425,-6.7283247493756));
#7179=CARTESIAN_POINT('Ctrl Pts',(22.1995781915392,-0.540312189723181,-6.67213366134339));
#7180=CARTESIAN_POINT('Ctrl Pts',(22.2149294178842,-0.543237852092296,-6.64502253314086));
#7181=CARTESIAN_POINT('Ctrl Pts',(21.9479665168344,-0.775629859474391,-7.28447183588405));
#7182=CARTESIAN_POINT('Ctrl Pts',(21.9613112669929,-0.752433882065422,-7.24667561250119));
#7183=CARTESIAN_POINT('Ctrl Pts',(21.9907602466236,-0.710656005534999,-7.16840830426685));
#7184=CARTESIAN_POINT('Ctrl Pts',(22.0420435710635,-0.659509875496101,-7.04342395378509));
#7185=CARTESIAN_POINT('Ctrl Pts',(22.0919345330976,-0.626438718265044,-6.93071538118035));
#7186=CARTESIAN_POINT('Ctrl Pts',(22.1425291931268,-0.61068573107702,-6.82673368942228));
#7187=CARTESIAN_POINT('Ctrl Pts',(22.1934276137264,-0.6057914898045,-6.72829747345973));
#7188=CARTESIAN_POINT('Ctrl Pts',(22.2204126923067,-0.607663148920751,-6.6786841789406));
#7189=CARTESIAN_POINT('Ctrl Pts',(22.2334189625581,-0.608701308566866,-6.65480108937569));
#7190=CARTESIAN_POINT('',(21.655278031643,-5.32776947559377E-15,-7.65629697232741));
#7191=CARTESIAN_POINT('',(22.1495464820803,-9.2563700216556E-15,-6.6104434926164));
#7192=CARTESIAN_POINT('Ctrl Pts',(21.655278031643,-5.32776947559377E-15,
-7.65629697232741));
#7193=CARTESIAN_POINT('Ctrl Pts',(21.6707730533154,3.00497758568072E-5,
-7.61247043273061));
#7194=CARTESIAN_POINT('Ctrl Pts',(21.7047935113414,-9.8350139261464E-6,
-7.52286496787926));
#7195=CARTESIAN_POINT('Ctrl Pts',(21.7688878666307,-0.000122953463684217,
-7.37172667599807));
#7196=CARTESIAN_POINT('Ctrl Pts',(21.8478985667656,-5.05103783695776E-5,
-7.19954694420737));
#7197=CARTESIAN_POINT('Ctrl Pts',(21.9442152911344,4.10801761399725E-5,
-7.00338930346996));
#7198=CARTESIAN_POINT('Ctrl Pts',(22.0577443726569,9.97026747267171E-7,
-6.78225226065376));
#7199=CARTESIAN_POINT('Ctrl Pts',(22.1189118875822,-4.26469967858314E-15,
-6.66836816880952));
#7200=CARTESIAN_POINT('Ctrl Pts',(22.1495464820803,-2.94245489578304E-15,
-6.61044349261639));
#7201=CARTESIAN_POINT('',(21.9479665168344,-0.775629859474391,-7.28447183588405));
#7202=CARTESIAN_POINT('Ctrl Pts',(21.655278031643,-5.32776947559377E-15,
-7.65629697232741));
#7203=CARTESIAN_POINT('Ctrl Pts',(21.6707904025616,-0.0804844446271717,
-7.61242136165211));
#7204=CARTESIAN_POINT('Ctrl Pts',(21.7074345969264,-0.231892143540525,-7.53238327574086));
#7205=CARTESIAN_POINT('Ctrl Pts',(21.8020889235946,-0.494176665285716,-7.40536192740897));
#7206=CARTESIAN_POINT('Ctrl Pts',(21.8967279424673,-0.686882052211681,-7.32070298347153));
#7207=CARTESIAN_POINT('Ctrl Pts',(21.9479665168344,-0.775629859474391,-7.28447183588405));
#7208=CARTESIAN_POINT('',(22.2334189625581,-0.608701308566863,-6.65480108937569));
#7209=CARTESIAN_POINT('Ctrl Pts',(21.9479665168344,-0.775629859474396,-7.28447183588405));
#7210=CARTESIAN_POINT('Ctrl Pts',(21.9519240930482,-0.768750761150448,-7.27326282613463));
#7211=CARTESIAN_POINT('Ctrl Pts',(21.9559855978516,-0.762093972703791,-7.26197840877873));
#7212=CARTESIAN_POINT('Ctrl Pts',(21.9601697175923,-0.755623203218858,-7.25056300354392));
#7213=CARTESIAN_POINT('Ctrl Pts',(21.9643940258202,-0.749090281966477,-7.23903795329501));
#7214=CARTESIAN_POINT('Ctrl Pts',(21.9687431002197,-0.742747062887794,-7.22737974815773));
#7215=CARTESIAN_POINT('Ctrl Pts',(21.9732151890964,-0.736578864078833,-7.21558172382409));
#7216=CARTESIAN_POINT('Ctrl Pts',(21.9780767328166,-0.729873503561264,-7.20275626066988));
#7217=CARTESIAN_POINT('Ctrl Pts',(21.9830834096743,-0.723375146879551,-7.18976601169407));
#7218=CARTESIAN_POINT('Ctrl Pts',(21.9882121287957,-0.717088906080109,-7.17665471146701));
#7219=CARTESIAN_POINT('Ctrl Pts',(21.9942674263203,-0.709666963592853,-7.16117466236882));
#7220=CARTESIAN_POINT('Ctrl Pts',(22.0004924034052,-0.7025409496002,-7.14552665142157));
#7221=CARTESIAN_POINT('Ctrl Pts',(22.006826110674,-0.695748723234286,-7.12984440906412));
#7222=CARTESIAN_POINT('Ctrl Pts',(22.0157442347567,-0.686184985132982,-7.10776315754688));
#7223=CARTESIAN_POINT('Ctrl Pts',(22.0248742618496,-0.677285440962339,-7.08562150700101));
#7224=CARTESIAN_POINT('Ctrl Pts',(22.0340319786952,-0.669194780969414,-7.063854436447));
#7225=CARTESIAN_POINT('Ctrl Pts',(22.0398464779966,-0.66405778692703,-7.05003389376521));
#7226=CARTESIAN_POINT('Ctrl Pts',(22.0456719872163,-0.659247638730301,-7.03636546007896));
#7227=CARTESIAN_POINT('Ctrl Pts',(22.0514750709401,-0.654793630627104,-7.02293323030928));
#7228=CARTESIAN_POINT('Ctrl Pts',(22.0566858485173,-0.650794231918172,-7.01087199441697));
#7229=CARTESIAN_POINT('Ctrl Pts',(22.0618783762382,-0.647082227098478,-6.99900174838504));
#7230=CARTESIAN_POINT('Ctrl Pts',(22.0670437255898,-0.643666479034413,-6.98734829148918));
#7231=CARTESIAN_POINT('Ctrl Pts',(22.0718678207466,-0.640476395930433,-6.97646473238318));
#7232=CARTESIAN_POINT('Ctrl Pts',(22.0766680984929,-0.637544869420105,-6.96577062048874));
#7233=CARTESIAN_POINT('Ctrl Pts',(22.0814532771464,-0.634865079596355,-6.95524853975253));
#7234=CARTESIAN_POINT('Ctrl Pts',(22.0861950365635,-0.632209605359521,-6.94482193313389));
#7235=CARTESIAN_POINT('Ctrl Pts',(22.0909217797662,-0.629801548876192,-6.93456480120932));
#7236=CARTESIAN_POINT('Ctrl Pts',(22.0956608002183,-0.627616983050887,-6.92441369982393));
#7237=CARTESIAN_POINT('Ctrl Pts',(22.1002277331688,-0.625511745111712,-6.914631214209));
#7238=CARTESIAN_POINT('Ctrl Pts',(22.104809421746,-0.623612245550776,-6.90493981253321));
#7239=CARTESIAN_POINT('Ctrl Pts',(22.1094205354883,-0.62189441179395,-6.89529805314577));
#7240=CARTESIAN_POINT('Ctrl Pts',(22.1143738986945,-0.620049075720895,-6.8849406560259));
#7241=CARTESIAN_POINT('Ctrl Pts',(22.1193609770328,-0.618413425505514,-6.87464096821405));
#7242=CARTESIAN_POINT('Ctrl Pts',(22.1243727770146,-0.616963941597982,-6.86440147635402));
#7243=CARTESIAN_POINT('Ctrl Pts',(22.1300630610208,-0.615318230451017,-6.85277578957975));
#7244=CARTESIAN_POINT('Ctrl Pts',(22.1357848505954,-0.61391257562937,-6.84122835140525));
#7245=CARTESIAN_POINT('Ctrl Pts',(22.1414955544624,-0.612719522406102,-6.8298221515469));
#7246=CARTESIAN_POINT('Ctrl Pts',(22.1500950803371,-0.610922950161729,-6.81264600074356));
#7247=CARTESIAN_POINT('Ctrl Pts',(22.1586674710656,-0.609608797602429,-6.79579373621766));
#7248=CARTESIAN_POINT('Ctrl Pts',(22.1670140922841,-0.608697148170114,-6.77959232659053));
#7249=CARTESIAN_POINT('Ctrl Pts',(22.1728442931635,-0.608060351652953,-6.76827547511459));
#7250=CARTESIAN_POINT('Ctrl Pts',(22.1785626359151,-0.607620366689401,-6.75727979506297));
#7251=CARTESIAN_POINT('Ctrl Pts',(22.1841129343471,-0.607348204899449,-6.74669527006601));
#7252=CARTESIAN_POINT('Ctrl Pts',(22.1886847905914,-0.607124021534516,-6.73797665298736));
#7253=CARTESIAN_POINT('Ctrl Pts',(22.1931424970058,-0.607013745446469,-6.7295373227673));
#7254=CARTESIAN_POINT('Ctrl Pts',(22.197470974332,-0.606997955294903,-6.72139494171398));
#7255=CARTESIAN_POINT('Ctrl Pts',(22.2015486067361,-0.606983080217864,-6.71372442981634));
#7256=CARTESIAN_POINT('Ctrl Pts',(22.2055113213196,-0.607052108930256,-6.70631794679347));
#7257=CARTESIAN_POINT('Ctrl Pts',(22.2093651584855,-0.607185011088641,-6.69915240826155));
#7258=CARTESIAN_POINT('Ctrl Pts',(22.2130512945309,-0.607312129961456,-6.69229868073476));
#7259=CARTESIAN_POINT('Ctrl Pts',(22.2166376475947,-0.607497722784571,-6.68566576191263));
#7260=CARTESIAN_POINT('Ctrl Pts',(22.2201499783899,-0.607720045392576,-6.67919154233174));
#7261=CARTESIAN_POINT('Ctrl Pts',(22.223490144772,-0.607931470382009,-6.67303467048345));
#7262=CARTESIAN_POINT('Ctrl Pts',(22.2267632874186,-0.608176130648766,-6.66702150196069));
#7263=CARTESIAN_POINT('Ctrl Pts',(22.2300122299424,-0.608431041601714,-6.6610560667405));
#7264=CARTESIAN_POINT('Ctrl Pts',(22.2311497405229,-0.608520290304625,-6.65896746540916));
#7265=CARTESIAN_POINT('Ctrl Pts',(22.2322844825313,-0.608610754444864,-6.65688430674437));
#7266=CARTESIAN_POINT('Ctrl Pts',(22.2334189625581,-0.608701308566866,-6.65480108937569));
#7267=CARTESIAN_POINT('Origin',(23.917518595708,-8.24276707122876E-15,-7.54547001921064));
#7268=CARTESIAN_POINT('Ctrl Pts',(21.655278031643,-5.32776947559377E-15,
-7.65629697232741));
#7269=CARTESIAN_POINT('Ctrl Pts',(21.6707904025616,-0.0804844446271717,
-7.61242136165211));
#7270=CARTESIAN_POINT('Ctrl Pts',(21.7074345969264,-0.231892143540525,-7.53238327574086));
#7271=CARTESIAN_POINT('Ctrl Pts',(21.8020889235946,-0.494176665285716,-7.40536192740897));
#7272=CARTESIAN_POINT('Ctrl Pts',(21.8967279424673,-0.686882052211681,-7.32070298347153));
#7273=CARTESIAN_POINT('Ctrl Pts',(21.9479665168344,-0.775629859474391,-7.28447183588405));
#7274=CARTESIAN_POINT('Ctrl Pts',(21.6475391954299,-0.0402722720894507,
-7.67818570658656));
#7275=CARTESIAN_POINT('Ctrl Pts',(21.6631374523352,-0.117713507379937,-7.63627986689069));
#7276=CARTESIAN_POINT('Ctrl Pts',(21.6996948827025,-0.265795204589959,-7.55940287311845));
#7277=CARTESIAN_POINT('Ctrl Pts',(21.7932591657639,-0.525067466502172,-7.43776737751347));
#7278=CARTESIAN_POINT('Ctrl Pts',(21.884850719723,-0.712462100397369,-7.357364895369));
#7279=CARTESIAN_POINT('Ctrl Pts',(21.934621766676,-0.79882583688336,-7.32226805926691));
#7280=CARTESIAN_POINT('Ctrl Pts',(21.6336376421526,-0.123235745677784,-7.72412415837768));
#7281=CARTESIAN_POINT('Ctrl Pts',(21.6492717792414,-0.196261143918921,-7.68583384424198));
#7282=CARTESIAN_POINT('Ctrl Pts',(21.6855970806084,-0.337771389425681,-7.6144388387537));
#7283=CARTESIAN_POINT('Ctrl Pts',(21.7770297696822,-0.592383099821368,-7.50316279145435));
#7284=CARTESIAN_POINT('Ctrl Pts',(21.8627106612064,-0.768712464219221,-7.43033079101231));
#7285=CARTESIAN_POINT('Ctrl Pts',(21.9100128446787,-0.850943143813547,-7.39705833429861));
#7286=CARTESIAN_POINT('Ctrl Pts',(21.6157696763525,-0.265085531661029,-7.80481031867275));
#7287=CARTESIAN_POINT('Ctrl Pts',(21.6312528067298,-0.332604470833972,-7.77045085528187));
#7288=CARTESIAN_POINT('Ctrl Pts',(21.6674038565617,-0.464464870424501,-7.70492275401778));
#7289=CARTESIAN_POINT('Ctrl Pts',(21.7551790713239,-0.712291491614299,-7.60680974471936));
#7290=CARTESIAN_POINT('Ctrl Pts',(21.8338553712164,-0.86684756693275,-7.53835116220946));
#7291=CARTESIAN_POINT('Ctrl Pts',(21.8789385587663,-0.942022159974441,-7.5047432370929));
#7292=CARTESIAN_POINT('Ctrl Pts',(21.6004665350276,-0.428514340011733,-7.89939041430598));
#7293=CARTESIAN_POINT('Ctrl Pts',(21.6160511895644,-0.48879686742038,-7.86620201025686));
#7294=CARTESIAN_POINT('Ctrl Pts',(21.6528810704283,-0.613470792538182,-7.80282962170322));
#7295=CARTESIAN_POINT('Ctrl Pts',(21.73829428631,-0.838650743506266,-7.70467266180103));
#7296=CARTESIAN_POINT('Ctrl Pts',(21.8137312468387,-0.965615810872851,-7.62983987238225));
#7297=CARTESIAN_POINT('Ctrl Pts',(21.8580283523295,-1.03129377147545,-7.59214970017617));
#7298=CARTESIAN_POINT('Ctrl Pts',(21.588287313286,-0.616526421644832,-8.01010565047244));
#7299=CARTESIAN_POINT('Ctrl Pts',(21.6046301516652,-0.670343114765939,-7.9744995879701));
#7300=CARTESIAN_POINT('Ctrl Pts',(21.6435589838627,-0.784498735813424,-7.90439981696));
#7301=CARTESIAN_POINT('Ctrl Pts',(21.7286427613841,-0.962889657238392,-7.78950624820896));
#7302=CARTESIAN_POINT('Ctrl Pts',(21.8032070255042,-1.06785903878821,-7.70561481023396));
#7303=CARTESIAN_POINT('Ctrl Pts',(21.8465856542348,-1.12355404350652,-7.66395347907235));
#7304=CARTESIAN_POINT('Ctrl Pts',(21.578638308515,-0.829837042334979,-8.13736884810322));
#7305=CARTESIAN_POINT('Ctrl Pts',(21.5964464180454,-0.871428819656157,-8.09236061319762));
#7306=CARTESIAN_POINT('Ctrl Pts',(21.6387759498884,-0.957836535024466,-8.0022832477315));
#7307=CARTESIAN_POINT('Ctrl Pts',(21.7250013921011,-1.0864649069014,-7.86345995690883));
#7308=CARTESIAN_POINT('Ctrl Pts',(21.7994153412882,-1.17319214552495,-7.77060746677303));
#7309=CARTESIAN_POINT('Ctrl Pts',(21.8411480534409,-1.21602574594702,-7.72473114730264));
#7310=CARTESIAN_POINT('Ctrl Pts',(21.575925474061,-0.940480056038352,-8.20416566918157));
#7311=CARTESIAN_POINT('Ctrl Pts',(21.5950205660197,-0.97684354867306,-8.15175231768272));
#7312=CARTESIAN_POINT('Ctrl Pts',(21.6399232979681,-1.05035948607885,-8.04809085959822));
#7313=CARTESIAN_POINT('Ctrl Pts',(21.7280392752943,-1.16032310784878,-7.89708950987141));
#7314=CARTESIAN_POINT('Ctrl Pts',(21.8008971583202,-1.23084799527259,-7.79977390982192));
#7315=CARTESIAN_POINT('Ctrl Pts',(21.8407897331134,-1.26518940196321,-7.75242005389936));
#7316=CARTESIAN_POINT('Ctrl Pts',(21.5741483485866,-0.996618801791388,-8.23791518091829));
#7317=CARTESIAN_POINT('Ctrl Pts',(21.5939871732281,-1.03098065403295,-8.18180251117914));
#7318=CARTESIAN_POINT('Ctrl Pts',(21.640450877541,-1.09880703720261,-8.0714270996295));
#7319=CARTESIAN_POINT('Ctrl Pts',(21.7297648191905,-1.19677476312134,-7.91317108638399));
#7320=CARTESIAN_POINT('Ctrl Pts',(21.8017541045208,-1.25887848727094,-7.81365879673347));
#7321=CARTESIAN_POINT('Ctrl Pts',(21.8406693861404,-1.28896352957341,-7.76566464454796));
#7322=CARTESIAN_POINT('',(21.5741483485866,-0.996618801791388,-8.23791518091829));
#7323=CARTESIAN_POINT('Ctrl Pts',(21.655278031643,-5.32776947559377E-15,
-7.65629697232741));
#7324=CARTESIAN_POINT('Ctrl Pts',(21.6475391954299,-0.0402722720894506,
-7.67818570658656));
#7325=CARTESIAN_POINT('Ctrl Pts',(21.6336376421526,-0.123235745677784,-7.72412415837768));
#7326=CARTESIAN_POINT('Ctrl Pts',(21.6157696763525,-0.265085531661029,-7.80481031867274));
#7327=CARTESIAN_POINT('Ctrl Pts',(21.6004665350276,-0.428514340011733,-7.89939041430598));
#7328=CARTESIAN_POINT('Ctrl Pts',(21.588287313286,-0.61652642164483,-8.01010565047243));
#7329=CARTESIAN_POINT('Ctrl Pts',(21.578638308515,-0.829837042334976,-8.13736884810321));
#7330=CARTESIAN_POINT('Ctrl Pts',(21.575925474061,-0.940480056038352,-8.20416566918157));
#7331=CARTESIAN_POINT('Ctrl Pts',(21.5741483485866,-0.996618801791388,-8.23791518091829));
#7332=CARTESIAN_POINT('',(21.8406693861404,-1.2889635295734,-7.76566464454796));
#7333=CARTESIAN_POINT('Origin',(23.4882341749724,-0.743542427611806,-8.7596697190501));
#7334=CARTESIAN_POINT('Ctrl Pts',(21.8406693861404,-1.28896352957341,-7.76566464454796));
#7335=CARTESIAN_POINT('Ctrl Pts',(21.8406997734473,-1.28296062235509,-7.76232041883706));
#7336=CARTESIAN_POINT('Ctrl Pts',(21.8407286787962,-1.27695463000153,-7.75897239173551));
#7337=CARTESIAN_POINT('Ctrl Pts',(21.8407746421592,-1.27084998961785,-7.75553698193959));
#7338=CARTESIAN_POINT('Ctrl Pts',(21.8408226048537,-1.26447980731696,-7.75195213741104));
#7339=CARTESIAN_POINT('Ctrl Pts',(21.8408891121888,-1.25800241200227,-7.7482722856451));
#7340=CARTESIAN_POINT('Ctrl Pts',(21.8409900701552,-1.25135607830218,-7.74443602769161));
#7341=CARTESIAN_POINT('Ctrl Pts',(21.8410966128306,-1.24434208822702,-7.74038755880249));
#7342=CARTESIAN_POINT('Ctrl Pts',(21.8412414857146,-1.2371402176952,-7.73616508883254));
#7343=CARTESIAN_POINT('Ctrl Pts',(21.8414382671413,-1.22972547173985,-7.73173056650793));
#7344=CARTESIAN_POINT('Ctrl Pts',(21.8416499774771,-1.22174820283469,-7.7269596172047));
#7345=CARTESIAN_POINT('Ctrl Pts',(21.8419217179194,-1.21352491425443,-7.7219434906691));
#7346=CARTESIAN_POINT('Ctrl Pts',(21.8422653249428,-1.20507320796338,-7.71666980117961));
#7347=CARTESIAN_POINT('Ctrl Pts',(21.8426564054934,-1.19545379472253,-7.71066748676446));
#7348=CARTESIAN_POINT('Ctrl Pts',(21.8431404960682,-1.18553907240996,-7.70433194112016));
#7349=CARTESIAN_POINT('Ctrl Pts',(21.843729757608,-1.17540900486932,-7.69768374566501));
#7350=CARTESIAN_POINT('Ctrl Pts',(21.8447176094052,-1.15842672323256,-7.68653855565096));
#7351=CARTESIAN_POINT('Ctrl Pts',(21.8460002664537,-1.14084348008965,-7.67451784047781));
#7352=CARTESIAN_POINT('Ctrl Pts',(21.8476244978311,-1.12317532328287,-7.66181836270415));
#7353=CARTESIAN_POINT('Ctrl Pts',(21.8485774701476,-1.11280902661081,-7.65436729943694));
#7354=CARTESIAN_POINT('Ctrl Pts',(21.8496479184399,-1.10241567438975,-7.64668414399477));
#7355=CARTESIAN_POINT('Ctrl Pts',(21.8508481769773,-1.09207898518009,-7.63879335508716));
#7356=CARTESIAN_POINT('Ctrl Pts',(21.8519117360286,-1.08291955908475,-7.63180126154858));
#7357=CARTESIAN_POINT('Ctrl Pts',(21.853077188734,-1.07380516740669,-7.62464654307543));
#7358=CARTESIAN_POINT('Ctrl Pts',(21.8543564932722,-1.06476267008434,-7.61732297939374));
#7359=CARTESIAN_POINT('Ctrl Pts',(21.8555796061148,-1.05611735204307,-7.61032109319277));
#7360=CARTESIAN_POINT('Ctrl Pts',(21.8569067526858,-1.04753831644717,-7.60316529641647));
#7361=CARTESIAN_POINT('Ctrl Pts',(21.8583521655614,-1.03901059228405,-7.5958215916592));
#7362=CARTESIAN_POINT('Ctrl Pts',(21.8600117184405,-1.02921947347897,-7.58738990644371));
#7363=CARTESIAN_POINT('Ctrl Pts',(21.861828361397,-1.01949142942613,-7.57870596866002));
#7364=CARTESIAN_POINT('Ctrl Pts',(21.863825443956,-1.00975211566091,-7.56968430782817));
#7365=CARTESIAN_POINT('Ctrl Pts',(21.8656323644071,-1.00094017889723,-7.56152168911909));
#7366=CARTESIAN_POINT('Ctrl Pts',(21.8675867748952,-0.992118979641348,-7.55308288060311));
#7367=CARTESIAN_POINT('Ctrl Pts',(21.8696930114489,-0.983270228010261,-7.54434696267234));
#7368=CARTESIAN_POINT('Ctrl Pts',(21.8720542419933,-0.973350191918527,-7.53455342062476));
#7369=CARTESIAN_POINT('Ctrl Pts',(21.8746062174067,-0.963395549005762,-7.52438652954464));
#7370=CARTESIAN_POINT('Ctrl Pts',(21.8773407149671,-0.953425517100269,-7.51386717492504));
#7371=CARTESIAN_POINT('Ctrl Pts',(21.880433640699,-0.942148649029314,-7.501968980881));
#7372=CARTESIAN_POINT('Ctrl Pts',(21.8837597720705,-0.930852630511277,-7.48962056209293));
#7373=CARTESIAN_POINT('Ctrl Pts',(21.8872927160269,-0.919615788516261,-7.47690770596124));
#7374=CARTESIAN_POINT('Ctrl Pts',(21.8924079464472,-0.903346343908828,-7.45850119025793));
#7375=CARTESIAN_POINT('Ctrl Pts',(21.8979549838978,-0.887203292430775,-7.43933431030175));
#7376=CARTESIAN_POINT('Ctrl Pts',(21.9038381107605,-0.871513048967558,-7.41975644130418));
#7377=CARTESIAN_POINT('Ctrl Pts',(21.9077973814266,-0.860953711707165,-7.40658078076904));
#7378=CARTESIAN_POINT('Ctrl Pts',(21.9119084669283,-0.850601775628628,-7.39322137098741));
#7379=CARTESIAN_POINT('Ctrl Pts',(21.916150098269,-0.840548211074402,-7.37976930198738));
#7380=CARTESIAN_POINT('Ctrl Pts',(21.9199562458437,-0.83152683527089,-7.36769834256502));
#7381=CARTESIAN_POINT('Ctrl Pts',(21.9238673588411,-0.82274634681611,-7.35555351255626));
#7382=CARTESIAN_POINT('Ctrl Pts',(21.9278784640795,-0.814249880408189,-7.3433702905199));
#7383=CARTESIAN_POINT('Ctrl Pts',(21.9315122482881,-0.806552668885079,-7.33233313312475));
#7384=CARTESIAN_POINT('Ctrl Pts',(21.9352280724215,-0.79908876683963,-7.32126470604327));
#7385=CARTESIAN_POINT('Ctrl Pts',(21.9390322778688,-0.791865461815489,-7.31015908826222));
#7386=CARTESIAN_POINT('Ctrl Pts',(21.9419554419514,-0.786315050278452,-7.30162549472686));
#7387=CARTESIAN_POINT('Ctrl Pts',(21.9449309645367,-0.780906286660124,-7.29306940506853));
#7388=CARTESIAN_POINT('Ctrl Pts',(21.9479665168344,-0.775629859474396,-7.28447183588405));
#7389=CARTESIAN_POINT('Ctrl Pts',(21.655278031643,-5.32776947559377E-15,
-7.65629697232741));
#7390=CARTESIAN_POINT('Ctrl Pts',(21.6475391954299,-0.0402722720894506,
-7.67818570658656));
#7391=CARTESIAN_POINT('Ctrl Pts',(21.6336376421526,-0.123235745677784,-7.72412415837768));
#7392=CARTESIAN_POINT('Ctrl Pts',(21.6157696763525,-0.265085531661029,-7.80481031867274));
#7393=CARTESIAN_POINT('Ctrl Pts',(21.6004665350276,-0.428514340011733,-7.89939041430598));
#7394=CARTESIAN_POINT('Ctrl Pts',(21.588287313286,-0.61652642164483,-8.01010565047243));
#7395=CARTESIAN_POINT('Ctrl Pts',(21.578638308515,-0.829837042334976,-8.13736884810321));
#7396=CARTESIAN_POINT('Ctrl Pts',(21.575925474061,-0.940480056038352,-8.20416566918157));
#7397=CARTESIAN_POINT('Ctrl Pts',(21.5741483485866,-0.996618801791388,-8.23791518091829));
#7398=CARTESIAN_POINT('Ctrl Pts',(21.6242879882981,-6.00995517295668E-5,
-7.74395005152101));
#7399=CARTESIAN_POINT('Ctrl Pts',(21.6183918103305,-0.0404521372554436,
-7.76283965445114));
#7400=CARTESIAN_POINT('Ctrl Pts',(21.6074666971705,-0.124102245470769,-7.80403210753732));
#7401=CARTESIAN_POINT('Ctrl Pts',(21.5929694917145,-0.266233799868427,-7.87864957496662));
#7402=CARTESIAN_POINT('Ctrl Pts',(21.580432858727,-0.427033420224492,-7.96694406999344));
#7403=CARTESIAN_POINT('Ctrl Pts',(21.5695682493294,-0.609738337969291,-8.07368397128122));
#7404=CARTESIAN_POINT('Ctrl Pts',(21.5602562426252,-0.808681386089388,-8.19468888269919));
#7405=CARTESIAN_POINT('Ctrl Pts',(21.5566329237162,-0.910354201820649,-8.26032896642894));
#7406=CARTESIAN_POINT('Ctrl Pts',(21.5543095239451,-0.962256949549831,-8.29402785065744));
#7407=CARTESIAN_POINT('Ctrl Pts',(21.573386863539,-0.000285341325982682,
-7.91152752086464));
#7408=CARTESIAN_POINT('Ctrl Pts',(21.5698770070474,-0.0414952834309372,
-7.92651829392895));
#7409=CARTESIAN_POINT('Ctrl Pts',(21.5632965438482,-0.126059923555812,-7.96016138054846));
#7410=CARTESIAN_POINT('Ctrl Pts',(21.5542665810408,-0.268005270370232,-8.02476037580619));
#7411=CARTESIAN_POINT('Ctrl Pts',(21.5452844883935,-0.427326243110906,-8.10728903866831));
#7412=CARTESIAN_POINT('Ctrl Pts',(21.536003730815,-0.59834733496143,-8.20857019486858));
#7413=CARTESIAN_POINT('Ctrl Pts',(21.5281272628641,-0.766054452619956,-8.31518185778748));
#7414=CARTESIAN_POINT('Ctrl Pts',(21.5239631639083,-0.849510642234652,-8.37607564816233));
#7415=CARTESIAN_POINT('Ctrl Pts',(21.5214180192599,-0.892636078889572,-8.40810286472782));
#7416=CARTESIAN_POINT('Ctrl Pts',(21.5166720116382,-0.000179927562113449,
-8.21264286304762));
#7417=CARTESIAN_POINT('Ctrl Pts',(21.5156781564854,-0.0446516340794039,
-8.22281054197703));
#7418=CARTESIAN_POINT('Ctrl Pts',(21.5135549023127,-0.13577741572157,-8.24817137143589));
#7419=CARTESIAN_POINT('Ctrl Pts',(21.5095876694711,-0.286392117829312,-8.30141347028962));
#7420=CARTESIAN_POINT('Ctrl Pts',(21.5051544441467,-0.435306188435414,-8.36428158789258));
#7421=CARTESIAN_POINT('Ctrl Pts',(21.5012481409842,-0.568995929271465,-8.43253913478801));
#7422=CARTESIAN_POINT('Ctrl Pts',(21.4974072267542,-0.692125495795045,-8.50712970176032));
#7423=CARTESIAN_POINT('Ctrl Pts',(21.4944666627917,-0.755763475737673,-8.55773262267163));
#7424=CARTESIAN_POINT('Ctrl Pts',(21.492962857416,-0.786621733995915,-8.58294817826014));
#7425=CARTESIAN_POINT('Ctrl Pts',(21.4999999982933,-0.000270903880000977,
-8.44281906191799));
#7426=CARTESIAN_POINT('Ctrl Pts',(21.4999994167571,-0.0464239129422001,
-8.44579117749553));
#7427=CARTESIAN_POINT('Ctrl Pts',(21.4997085303949,-0.139659347526533,-8.45679870409035));
#7428=CARTESIAN_POINT('Ctrl Pts',(21.4982630074765,-0.285098032564532,-8.48753063378171));
#7429=CARTESIAN_POINT('Ctrl Pts',(21.4960913308141,-0.415990412660724,-8.52843443724668));
#7430=CARTESIAN_POINT('Ctrl Pts',(21.4935384362858,-0.531375038949702,-8.58132999525472));
#7431=CARTESIAN_POINT('Ctrl Pts',(21.4906105827379,-0.638232872456275,-8.64399382707136));
#7432=CARTESIAN_POINT('Ctrl Pts',(21.4889477701371,-0.690535805549422,-8.682100020907));
#7433=CARTESIAN_POINT('Ctrl Pts',(21.4881155843813,-0.715640635178657,-8.70076249446122));
#7434=CARTESIAN_POINT('Ctrl Pts',(21.4999999982932,-0.000270910728802518,
-8.55151248790423));
#7435=CARTESIAN_POINT('Ctrl Pts',(21.4999994147543,-0.0465816841455105,
-8.55146256833968));
#7436=CARTESIAN_POINT('Ctrl Pts',(21.499704902312,-0.139876800141077,-8.55732255986955));
#7437=CARTESIAN_POINT('Ctrl Pts',(21.4982874341396,-0.282303380583467,-8.58139856070783));
#7438=CARTESIAN_POINT('Ctrl Pts',(21.4962787259418,-0.405267403552278,-8.6154844231524));
#7439=CARTESIAN_POINT('Ctrl Pts',(21.4939709987553,-0.512650013239552,-8.661133278359));
#7440=CARTESIAN_POINT('Ctrl Pts',(21.4913959177987,-0.610163076065949,-8.71394296465305));
#7441=CARTESIAN_POINT('Ctrl Pts',(21.4899552505074,-0.657526253042474,-8.74472982079849));
#7442=CARTESIAN_POINT('Ctrl Pts',(21.4892355217833,-0.680262221006551,-8.75966971905011));
#7443=CARTESIAN_POINT('',(21.4999999982932,-0.000270910728802518,-8.55151248790423));
#7444=CARTESIAN_POINT('Ctrl Pts',(21.655278031643,-5.32776947559377E-15,
-7.65629697232741));
#7445=CARTESIAN_POINT('Ctrl Pts',(21.6242879882981,-6.00995517295668E-5,
-7.74395005152101));
#7446=CARTESIAN_POINT('Ctrl Pts',(21.573386863539,-0.000285341325982682,
-7.91152752086464));
#7447=CARTESIAN_POINT('Ctrl Pts',(21.5166720116382,-0.000179927562113449,
-8.21264286304762));
#7448=CARTESIAN_POINT('Ctrl Pts',(21.4999999982933,-0.000270903880000977,
-8.44281906191799));
#7449=CARTESIAN_POINT('Ctrl Pts',(21.4999999982932,-0.000270910728802518,
-8.55151248790423));
#7450=CARTESIAN_POINT('',(21.4892355217833,-0.680262221006551,-8.75966971905011));
#7451=CARTESIAN_POINT('Ctrl Pts',(21.4999999982932,-0.00027091072880251,
-8.55151248790423));
#7452=CARTESIAN_POINT('Ctrl Pts',(21.4999998252364,-0.0140050318727991,
-8.55149768354454));
#7453=CARTESIAN_POINT('Ctrl Pts',(21.4999865365173,-0.0277195697306033,
-8.55173852271538));
#7454=CARTESIAN_POINT('Ctrl Pts',(21.4999599795855,-0.0414834451463467,
-8.5522327095945));
#7455=CARTESIAN_POINT('Ctrl Pts',(21.4999331675743,-0.055379522642288,-8.55273164314063));
#7456=CARTESIAN_POINT('Ctrl Pts',(21.4998927952558,-0.06932548645383,-8.55348866816309));
#7457=CARTESIAN_POINT('Ctrl Pts',(21.4998384996005,-0.083333613247054,-8.55449319261685));
#7458=CARTESIAN_POINT('Ctrl Pts',(21.4997794755718,-0.0985616471085006,
-8.55558519675289));
#7459=CARTESIAN_POINT('Ctrl Pts',(21.4997039581829,-0.113862622439944,-8.55696956383749));
#7460=CARTESIAN_POINT('Ctrl Pts',(21.4996118459924,-0.129191608329909,-8.55862500450666));
#7461=CARTESIAN_POINT('Ctrl Pts',(21.4995030923825,-0.14729000056219,-8.56057952483586));
#7462=CARTESIAN_POINT('Ctrl Pts',(21.4993711332331,-0.165426551092534,-8.56291164476388));
#7463=CARTESIAN_POINT('Ctrl Pts',(21.4992172895407,-0.18345554533938,-8.56557896751818));
#7464=CARTESIAN_POINT('Ctrl Pts',(21.4990006712033,-0.208841121426545,-8.56933466923959));
#7465=CARTESIAN_POINT('Ctrl Pts',(21.4987404300602,-0.234005087278722,-8.57375270808097));
#7466=CARTESIAN_POINT('Ctrl Pts',(21.4984463376637,-0.258466761102464,-8.57871939116513));
#7467=CARTESIAN_POINT('Ctrl Pts',(21.4982596098949,-0.273998185338131,-8.5818728819107));
#7468=CARTESIAN_POINT('Ctrl Pts',(21.4980594096576,-0.289245168465806,-8.58524772829843));
#7469=CARTESIAN_POINT('Ctrl Pts',(21.4978490603117,-0.304114748173394,-8.58882405573584));
#7470=CARTESIAN_POINT('Ctrl Pts',(21.497660180794,-0.317466627314066,-8.59203535643504));
#7471=CARTESIAN_POINT('Ctrl Pts',(21.4974631630767,-0.330513598662419,-8.59540904691066));
#7472=CARTESIAN_POINT('Ctrl Pts',(21.4972601701383,-0.343227588325157,-8.59893955496279));
#7473=CARTESIAN_POINT('Ctrl Pts',(21.4970705881401,-0.355101614994276,-8.60223681631651));
#7474=CARTESIAN_POINT('Ctrl Pts',(21.4968758257124,-0.366684804871885,-8.60567081153943));
#7475=CARTESIAN_POINT('Ctrl Pts',(21.4966769068512,-0.377997304821013,-8.60924588740617));
#7476=CARTESIAN_POINT('Ctrl Pts',(21.4964797929186,-0.389207158619043,-8.6127885241322));
#7477=CARTESIAN_POINT('Ctrl Pts',(21.4962786332575,-0.400150593224957,-8.61646960633163));
#7478=CARTESIAN_POINT('Ctrl Pts',(21.4960731717174,-0.410899253066124,-8.62030361192664));
#7479=CARTESIAN_POINT('Ctrl Pts',(21.4958751710782,-0.421257598077022,-8.62399839372396));
#7480=CARTESIAN_POINT('Ctrl Pts',(21.4956730126212,-0.431442963756364,-8.62783775475969));
#7481=CARTESIAN_POINT('Ctrl Pts',(21.4954663343338,-0.441505458088402,-8.63182276902972));
#7482=CARTESIAN_POINT('Ctrl Pts',(21.495244315819,-0.452314818249947,-8.63610356194967));
#7483=CARTESIAN_POINT('Ctrl Pts',(21.4950170665832,-0.462981948750262,-8.64055221968515));
#7484=CARTESIAN_POINT('Ctrl Pts',(21.4947850537767,-0.473513982831595,-8.64514447015166));
#7485=CARTESIAN_POINT('Ctrl Pts',(21.4945216316995,-0.48547181540619,-8.6503584071552));
#7486=CARTESIAN_POINT('Ctrl Pts',(21.4942520527142,-0.497254824978226,-8.6557571183283));
#7487=CARTESIAN_POINT('Ctrl Pts',(21.493978443225,-0.508813012980946,-8.66127711268828));
#7488=CARTESIAN_POINT('Ctrl Pts',(21.4935664253831,-0.526218036801889,-8.66958945656988));
#7489=CARTESIAN_POINT('Ctrl Pts',(21.4931452138073,-0.54310956550016,-8.67817494075221));
#7490=CARTESIAN_POINT('Ctrl Pts',(21.4927264842704,-0.559203247791588,-8.68676568696115));
#7491=CARTESIAN_POINT('Ctrl Pts',(21.4924339973766,-0.570444850613318,-8.6927664116601));
#7492=CARTESIAN_POINT('Ctrl Pts',(21.492142882436,-0.581293521628266,-8.69876804475117));
#7493=CARTESIAN_POINT('Ctrl Pts',(21.4918571045366,-0.591674064143336,-8.70469043635284));
#7494=CARTESIAN_POINT('Ctrl Pts',(21.4916217053972,-0.600224658080413,-8.70956879079807));
#7495=CARTESIAN_POINT('Ctrl Pts',(21.4913899562889,-0.608457309396273,-8.71439324378004));
#7496=CARTESIAN_POINT('Ctrl Pts',(21.4911632237129,-0.616362954539928,-8.71913494197409));
#7497=CARTESIAN_POINT('Ctrl Pts',(21.4909496307958,-0.623810449900564,-8.7236018481734));
#7498=CARTESIAN_POINT('Ctrl Pts',(21.4907405164958,-0.630967240775646,-8.72799507912486));
#7499=CARTESIAN_POINT('Ctrl Pts',(21.490535814661,-0.637863934371414,-8.73230882238938));
#7500=CARTESIAN_POINT('Ctrl Pts',(21.4903400205008,-0.644460515847071,-8.7364348515531));
#7501=CARTESIAN_POINT('Ctrl Pts',(21.4901482841019,-0.650818765929439,-8.74048798344708));
#7502=CARTESIAN_POINT('Ctrl Pts',(21.4899590710434,-0.657007705343067,-8.7444833109057));
#7503=CARTESIAN_POINT('Ctrl Pts',(21.489779132668,-0.662893280641978,-8.74828279883569));
#7504=CARTESIAN_POINT('Ctrl Pts',(21.4896014893788,-0.668625556942275,-8.75202992685548));
#7505=CARTESIAN_POINT('Ctrl Pts',(21.489423221897,-0.674306747847346,-8.75575810537732));
#7506=CARTESIAN_POINT('Ctrl Pts',(21.4893608073896,-0.676295830366245,-8.75706340471492));
#7507=CARTESIAN_POINT('Ctrl Pts',(21.4892983005698,-0.678279062029854,-8.75836657711327));
#7508=CARTESIAN_POINT('Ctrl Pts',(21.4892355217833,-0.680262221006551,-8.75966971905011));
#7509=CARTESIAN_POINT('Origin',(23.4882341749724,-0.743542427611806,-8.7596697190501));
#7510=CARTESIAN_POINT('Ctrl Pts',(21.655278031643,-5.32776947559377E-15,
-7.65629697232741));
#7511=CARTESIAN_POINT('Ctrl Pts',(21.6242879882981,-6.00995517295668E-5,
-7.74395005152101));
#7512=CARTESIAN_POINT('Ctrl Pts',(21.573386863539,-0.000285341325982682,
-7.91152752086464));
#7513=CARTESIAN_POINT('Ctrl Pts',(21.5166720116382,-0.000179927562113449,
-8.21264286304762));
#7514=CARTESIAN_POINT('Ctrl Pts',(21.4999999982933,-0.000270903880000977,
-8.44281906191799));
#7515=CARTESIAN_POINT('Ctrl Pts',(21.4999999982932,-0.000270910728802518,
-8.55151248790423));
#7516=CARTESIAN_POINT('Ctrl Pts',(21.6475218461837,0.0402422223135779,-7.67823477766506));
#7517=CARTESIAN_POINT('Ctrl Pts',(21.618410432304,0.0402440362146498,-7.76278698355616));
#7518=CARTESIAN_POINT('Ctrl Pts',(21.5698872913278,0.0409618611208948,-7.9265541855605));
#7519=CARTESIAN_POINT('Ctrl Pts',(21.5156725495913,0.0442733437900652,-8.22290089216262));
#7520=CARTESIAN_POINT('Ctrl Pts',(21.5000005798295,0.0458821048017091,-8.44588547000634));
#7521=CARTESIAN_POINT('Ctrl Pts',(21.5000005818321,0.0460398626879055,-8.55156240746877));
#7522=CARTESIAN_POINT('Ctrl Pts',(21.6336433204006,0.123245580691685,-7.72410809786723));
#7523=CARTESIAN_POINT('Ctrl Pts',(21.6075409241223,0.12398118260945,-7.80386652679951));
#7524=CARTESIAN_POINT('Ctrl Pts',(21.5633055910776,0.125956316225002,-7.96033140486829));
#7525=CARTESIAN_POINT('Ctrl Pts',(21.5135433971185,0.13601131543902,-8.2484147946145));
#7526=CARTESIAN_POINT('Ctrl Pts',(21.4997089027881,0.139974975401949,-8.45705481085305));
#7527=CARTESIAN_POINT('Ctrl Pts',(21.4997046500027,0.140268503872816,-8.55758516162589));
#7528=CARTESIAN_POINT('Ctrl Pts',(21.6158406635679,0.265208485124689,-7.80460953650733));
#7529=CARTESIAN_POINT('Ctrl Pts',(21.5930550269877,0.2664439755844,-7.87849049160935));
#7530=CARTESIAN_POINT('Ctrl Pts',(21.5542258400734,0.26843479556689,-8.02503852577824));
#7531=CARTESIAN_POINT('Ctrl Pts',(21.5095795530153,0.286900647589522,-8.3014700841277));
#7532=CARTESIAN_POINT('Ctrl Pts',(21.498254955132,0.285570595233366,-8.48757248213857));
#7533=CARTESIAN_POINT('Ctrl Pts',(21.4982803144915,0.282702740570529,-8.58140734045796));
#7534=CARTESIAN_POINT('Ctrl Pts',(21.6004956972082,0.428564850390068,-7.8993079312035));
#7535=CARTESIAN_POINT('Ctrl Pts',(21.5804356789021,0.427108993415831,-7.96693788667564));
#7536=CARTESIAN_POINT('Ctrl Pts',(21.5452629537174,0.427070746579943,-8.1072196221225));
#7537=CARTESIAN_POINT('Ctrl Pts',(21.50516514632,0.434859228318768,-8.3640614449174));
#7538=CARTESIAN_POINT('Ctrl Pts',(21.4961011069476,0.415464270566325,-8.52823357568701));
#7539=CARTESIAN_POINT('Ctrl Pts',(21.4962884498391,0.404741881237057,-8.61530465248304));
#7540=CARTESIAN_POINT('Ctrl Pts',(21.5882635956352,0.616485341468674,-8.01017273411916));
#7541=CARTESIAN_POINT('Ctrl Pts',(21.5695622276565,0.609603688667005,-8.07368665544466));
#7542=CARTESIAN_POINT('Ctrl Pts',(21.5360036829232,0.598207489962989,-8.2086121475473));
#7543=CARTESIAN_POINT('Ctrl Pts',(21.5012484598859,0.569031173691777,-8.43267445857931));
#7544=CARTESIAN_POINT('Ctrl Pts',(21.4935364931883,0.531493943210176,-8.58149534357081));
#7545=CARTESIAN_POINT('Ctrl Pts',(21.4939682476287,0.512802779631634,-8.66130611657459));
#7546=CARTESIAN_POINT('Ctrl Pts',(21.5786377328813,0.8298360453082,-8.1373704762411));
#7547=CARTESIAN_POINT('Ctrl Pts',(21.5602542268331,0.808742105639189,-8.19472758852648));
#7548=CARTESIAN_POINT('Ctrl Pts',(21.5281222005367,0.76617861909919,-8.31525931385295));
#7549=CARTESIAN_POINT('Ctrl Pts',(21.4974029962646,0.692252921591514,-8.50720543324124));
#7550=CARTESIAN_POINT('Ctrl Pts',(21.4906075396879,0.638321343379506,-8.64404782915267));
#7551=CARTESIAN_POINT('Ctrl Pts',(21.4913935000525,0.61023308929974,-8.71398641310987));
#7552=CARTESIAN_POINT('Ctrl Pts',(21.575925474061,0.94048005603833,-8.20416566918156));
#7553=CARTESIAN_POINT('Ctrl Pts',(21.5566329237162,0.910354201820627,-8.26032896642893));
#7554=CARTESIAN_POINT('Ctrl Pts',(21.5239631639083,0.849510642234628,-8.37607564816232));
#7555=CARTESIAN_POINT('Ctrl Pts',(21.4944666627916,0.755763475737649,-8.55773262267163));
#7556=CARTESIAN_POINT('Ctrl Pts',(21.4889477701371,0.690535805549398,-8.68210002090699));
#7557=CARTESIAN_POINT('Ctrl Pts',(21.4899552505074,0.657526253042449,-8.74472982079848));
#7558=CARTESIAN_POINT('Ctrl Pts',(21.5741483485866,0.996618801791366,-8.23791518091828));
#7559=CARTESIAN_POINT('Ctrl Pts',(21.5543095239451,0.962256949549808,-8.29402785065743));
#7560=CARTESIAN_POINT('Ctrl Pts',(21.5214180192599,0.892636078889548,-8.40810286472781));
#7561=CARTESIAN_POINT('Ctrl Pts',(21.4929628574159,0.786621733995892,-8.58294817826013));
#7562=CARTESIAN_POINT('Ctrl Pts',(21.4881155843813,0.715640635178633,-8.70076249446121));
#7563=CARTESIAN_POINT('Ctrl Pts',(21.4892355217833,0.680262221006527,-8.7596697190501));
#7564=CARTESIAN_POINT('',(21.5741483485866,0.996618801791366,-8.23791518091828));
#7565=CARTESIAN_POINT('Ctrl Pts',(21.655278031643,-5.32776947559377E-15,
-7.65629697232741));
#7566=CARTESIAN_POINT('Ctrl Pts',(21.6475218461837,0.0402422223135779,-7.67823477766506));
#7567=CARTESIAN_POINT('Ctrl Pts',(21.6336433204006,0.123245580691685,-7.72410809786723));
#7568=CARTESIAN_POINT('Ctrl Pts',(21.6158406635679,0.265208485124689,-7.80460953650733));
#7569=CARTESIAN_POINT('Ctrl Pts',(21.6004956972082,0.428564850390068,-7.8993079312035));
#7570=CARTESIAN_POINT('Ctrl Pts',(21.5882635956352,0.616485341468674,-8.01017273411916));
#7571=CARTESIAN_POINT('Ctrl Pts',(21.5786377328813,0.8298360453082,-8.1373704762411));
#7572=CARTESIAN_POINT('Ctrl Pts',(21.575925474061,0.94048005603833,-8.20416566918156));
#7573=CARTESIAN_POINT('Ctrl Pts',(21.5741483485866,0.996618801791366,-8.23791518091828));
#7574=CARTESIAN_POINT('',(21.4892355217833,0.680262221006527,-8.7596697190501));
#7575=CARTESIAN_POINT('Origin',(23.4882341749724,0.743542427611785,-8.7596697190501));
#7576=CARTESIAN_POINT('Ctrl Pts',(21.4892355217833,0.680262221006527,-8.7596697190501));
#7577=CARTESIAN_POINT('Ctrl Pts',(21.4894172514696,0.674521446478726,-8.75589743244825));
#7578=CARTESIAN_POINT('Ctrl Pts',(21.4895968447999,0.668776453365286,-8.75212319537251));
#7579=CARTESIAN_POINT('Ctrl Pts',(21.4897779377783,0.662905864341063,-8.74830558130726));
#7580=CARTESIAN_POINT('Ctrl Pts',(21.4899669080064,0.656779914252517,-8.74432190724583));
#7581=CARTESIAN_POINT('Ctrl Pts',(21.4901574949916,0.650517431195948,-8.74029110523175));
#7582=CARTESIAN_POINT('Ctrl Pts',(21.4903518285635,0.644032828788688,-8.73619074118279));
#7583=CARTESIAN_POINT('Ctrl Pts',(21.4905569121187,0.637189516524037,-8.73186355659635));
#7584=CARTESIAN_POINT('Ctrl Pts',(21.4907661490344,0.630099127765392,-8.72745903765329));
#7585=CARTESIAN_POINT('Ctrl Pts',(21.4909801324719,0.622714176566849,-8.7229758606947));
#7586=CARTESIAN_POINT('Ctrl Pts',(21.4912103498567,0.614768962810737,-8.71815256555234));
#7587=CARTESIAN_POINT('Ctrl Pts',(21.4914460344373,0.606483223646048,-8.71323842039412));
#7588=CARTESIAN_POINT('Ctrl Pts',(21.4916861300079,0.597852230259804,-8.70825750550516));
#7589=CARTESIAN_POINT('Ctrl Pts',(21.4919593977282,0.588028759211301,-8.70258841609482));
#7590=CARTESIAN_POINT('Ctrl Pts',(21.4922383354802,0.577758701786451,-8.69683313025936));
#7591=CARTESIAN_POINT('Ctrl Pts',(21.4925196959815,0.567095334003502,-8.69105581045343));
#7592=CARTESIAN_POINT('Ctrl Pts',(21.492991375292,0.549219015394328,-8.68137057670176));
#7593=CARTESIAN_POINT('Ctrl Pts',(21.4934694817709,0.530242249787565,-8.67162547418293));
#7594=CARTESIAN_POINT('Ctrl Pts',(21.4939367742288,0.510570215990923,-8.66219831383088));
#7595=CARTESIAN_POINT('Ctrl Pts',(21.4942109450041,0.499028200561141,-8.65666719125519));
#7596=CARTESIAN_POINT('Ctrl Pts',(21.4944814133896,0.487249242496449,-8.65124672068058));
#7597=CARTESIAN_POINT('Ctrl Pts',(21.4947458204226,0.475291610932842,-8.64600291955262));
#7598=CARTESIAN_POINT('Ctrl Pts',(21.494980113689,0.46469585436503,-8.64135634385355));
#7599=CARTESIAN_POINT('Ctrl Pts',(21.4952096558881,0.453960418138468,-8.63684878004296));
#7600=CARTESIAN_POINT('Ctrl Pts',(21.495433726107,0.443090201361135,-8.63250986973284));
#7601=CARTESIAN_POINT('Ctrl Pts',(21.4956479543491,0.432697443932814,-8.62836154010152));
#7602=CARTESIAN_POINT('Ctrl Pts',(21.4958571891301,0.422182128318122,-8.62436767535518));
#7603=CARTESIAN_POINT('Ctrl Pts',(21.4960615861584,0.411504901654418,-8.62053409348259));
#7604=CARTESIAN_POINT('Ctrl Pts',(21.4962962649014,0.399245828450776,-8.61613256092282));
#7605=CARTESIAN_POINT('Ctrl Pts',(21.4965247309287,0.386766981264524,-8.61194066584469));
#7606=CARTESIAN_POINT('Ctrl Pts',(21.4967476124054,0.373954661081413,-8.60793720347865));
#7607=CARTESIAN_POINT('Ctrl Pts',(21.4969492711182,0.362362329427803,-8.60431495061215));
#7608=CARTESIAN_POINT('Ctrl Pts',(21.497146314923,0.35049728178876,-8.60084672569163));
#7609=CARTESIAN_POINT('Ctrl Pts',(21.4973377754134,0.338332040730847,-8.59752661231628));
#7610=CARTESIAN_POINT('Ctrl Pts',(21.4975524152919,0.3246940005427,-8.59380454553383));
#7611=CARTESIAN_POINT('Ctrl Pts',(21.4977600009348,0.310678755434756,-8.59026859007138));
#7612=CARTESIAN_POINT('Ctrl Pts',(21.4979579778805,0.296315340950205,-8.58692359916074));
#7613=CARTESIAN_POINT('Ctrl Pts',(21.4981819049371,0.280069221406241,-8.58314015879104));
#7614=CARTESIAN_POINT('Ctrl Pts',(21.4983934603047,0.263378599005199,-8.57960109125418));
#7615=CARTESIAN_POINT('Ctrl Pts',(21.4985884792911,0.246360301369823,-8.57632931264813));
#7616=CARTESIAN_POINT('Ctrl Pts',(21.4988708407053,0.221720082098374,-8.57159221473222));
#7617=CARTESIAN_POINT('Ctrl Pts',(21.4991181156115,0.196397572626347,-8.56741532691145));
#7618=CARTESIAN_POINT('Ctrl Pts',(21.499321008521,0.170868875358422,-8.56390358570188));
#7619=CARTESIAN_POINT('Ctrl Pts',(21.499457552907,0.153688381957268,-8.56154022786798));
#7620=CARTESIAN_POINT('Ctrl Pts',(21.4995741178664,0.136417733347428,-8.5594790283386));
#7621=CARTESIAN_POINT('Ctrl Pts',(21.4996696586106,0.119182929227062,-8.55775387444351));
#7622=CARTESIAN_POINT('Ctrl Pts',(21.4997553902885,0.103717604065199,-8.556205840259));
#7623=CARTESIAN_POINT('Ctrl Pts',(21.4998242320358,0.0882821065889654,-8.55492859447468));
#7624=CARTESIAN_POINT('Ctrl Pts',(21.4998763123726,0.0729284079032304,-8.55394318585754));
#7625=CARTESIAN_POINT('Ctrl Pts',(21.4999234935594,0.0590190177197851,-8.55305047373479));
#7626=CARTESIAN_POINT('Ctrl Pts',(21.4999569500339,0.0451770677968774,-8.55239735522305));
#7627=CARTESIAN_POINT('Ctrl Pts',(21.4999770713619,0.031399536817859,-8.55199474360742));
#7628=CARTESIAN_POINT('Ctrl Pts',(21.4999925326571,0.020812836319705,-8.5516853755067));
#7629=CARTESIAN_POINT('Ctrl Pts',(21.5000001310317,0.0102634771756096,-8.55152384318979));
#7630=CARTESIAN_POINT('Ctrl Pts',(21.4999999982932,-0.00027091072880251,
-8.55151248790423));
#7631=CARTESIAN_POINT('Ctrl Pts',(21.655278031643,-5.32776947559377E-15,
-7.65629697232741));
#7632=CARTESIAN_POINT('Ctrl Pts',(21.6475218461837,0.0402422223135779,-7.67823477766506));
#7633=CARTESIAN_POINT('Ctrl Pts',(21.6336433204006,0.123245580691685,-7.72410809786723));
#7634=CARTESIAN_POINT('Ctrl Pts',(21.6158406635679,0.265208485124689,-7.80460953650733));
#7635=CARTESIAN_POINT('Ctrl Pts',(21.6004956972082,0.428564850390068,-7.8993079312035));
#7636=CARTESIAN_POINT('Ctrl Pts',(21.5882635956352,0.616485341468674,-8.01017273411916));
#7637=CARTESIAN_POINT('Ctrl Pts',(21.5786377328813,0.8298360453082,-8.1373704762411));
#7638=CARTESIAN_POINT('Ctrl Pts',(21.575925474061,0.94048005603833,-8.20416566918156));
#7639=CARTESIAN_POINT('Ctrl Pts',(21.5741483485866,0.996618801791366,-8.23791518091828));
#7640=CARTESIAN_POINT('Ctrl Pts',(21.6707557040692,0.0805445441788853,-7.61251950380912));
#7641=CARTESIAN_POINT('Ctrl Pts',(21.663086689726,0.117865939206702,-7.6364234452315));
#7642=CARTESIAN_POINT('Ctrl Pts',(21.6492530311187,0.196478298931176,-7.68584250715439));
#7643=CARTESIAN_POINT('Ctrl Pts',(21.6313171924523,0.33265396589975,-7.77018589802813));
#7644=CARTESIAN_POINT('Ctrl Pts',(21.6160735703636,0.488764943596935,-7.86613691445526));
#7645=CARTESIAN_POINT('Ctrl Pts',(21.6045950344937,0.670406509499561,-7.97461326203));
#7646=CARTESIAN_POINT('Ctrl Pts',(21.5964473799944,0.871366274796518,-8.09232488808875));
#7647=CARTESIAN_POINT('Ctrl Pts',(21.5950205660197,0.976843548673038,-8.15175231768271));
#7648=CARTESIAN_POINT('Ctrl Pts',(21.5939871732281,1.03098065403292,-8.18180251117913));
#7649=CARTESIAN_POINT('Ctrl Pts',(21.707269855035,0.232177484866485,-7.53284923617498));
#7650=CARTESIAN_POINT('Ctrl Pts',(21.6995154072343,0.266035579166546,-7.55984552643169));
#7651=CARTESIAN_POINT('Ctrl Pts',(21.6854794821574,0.337686980525391,-7.61457584365352));
#7652=CARTESIAN_POINT('Ctrl Pts',(21.6674306794576,0.464011238420716,-7.70468397029685));
#7653=CARTESIAN_POINT('Ctrl Pts',(21.6528579837697,0.613649002650397,-7.80302524644221));
#7654=CARTESIAN_POINT('Ctrl Pts',(21.6434988773163,0.784534390268733,-7.90452800672572));
#7655=CARTESIAN_POINT('Ctrl Pts',(21.6387794991303,0.957709747804147,-8.0022100713183));
#7656=CARTESIAN_POINT('Ctrl Pts',(21.6399232979681,1.05035948607881,-8.04809085959819));
#7657=CARTESIAN_POINT('Ctrl Pts',(21.640450877541,1.09880703720257,-8.07142709962947));
#7658=CARTESIAN_POINT('Ctrl Pts',(21.8019850423681,0.494356592847812,-7.40565574788752));
#7659=CARTESIAN_POINT('Ctrl Pts',(21.7931120436895,0.525181222458312,-7.43810901008505));
#7660=CARTESIAN_POINT('Ctrl Pts',(21.7769921275896,0.592064074506096,-7.50305837779483));
#7661=CARTESIAN_POINT('Ctrl Pts',(21.7553059469147,0.711988658709992,-7.60641722932212));
#7662=CARTESIAN_POINT('Ctrl Pts',(21.7382601179542,0.839057059002416,-7.7049591771634));
#7663=CARTESIAN_POINT('Ctrl Pts',(21.7285888775735,0.962761635674291,-7.78952242885902));
#7664=CARTESIAN_POINT('Ctrl Pts',(21.7250060020055,1.08633813827075,-7.86338315228048));
#7665=CARTESIAN_POINT('Ctrl Pts',(21.7280392752943,1.16032310784877,-7.89708950987141));
#7666=CARTESIAN_POINT('Ctrl Pts',(21.7297648191905,1.19677476312133,-7.91317108638399));
#7667=CARTESIAN_POINT('Ctrl Pts',(21.8965715360392,0.687152956091668,-7.32114536765508));
#7668=CARTESIAN_POINT('Ctrl Pts',(21.8846488940423,0.712656350705,-7.3578381624226));
#7669=CARTESIAN_POINT('Ctrl Pts',(21.8626807349124,0.768345647486048,-7.43015827530425));
#7670=CARTESIAN_POINT('Ctrl Pts',(21.8339787710909,0.866574792046356,-7.53798306176996));
#7671=CARTESIAN_POINT('Ctrl Pts',(21.8136659029681,0.966045706823368,-7.63019790323664));
#7672=CARTESIAN_POINT('Ctrl Pts',(21.8031650235118,1.06766401939929,-7.70557375740212));
#7673=CARTESIAN_POINT('Ctrl Pts',(21.7994179596937,1.17310293909567,-7.77055466576801));
#7674=CARTESIAN_POINT('Ctrl Pts',(21.8008971583202,1.23084799527257,-7.79977390982191));
#7675=CARTESIAN_POINT('Ctrl Pts',(21.8017541045208,1.25887848727092,-7.81365879673346));
#7676=CARTESIAN_POINT('Ctrl Pts',(21.9478101064523,0.775900770203179,-7.28491423125165));
#7677=CARTESIAN_POINT('Ctrl Pts',(21.9344173191122,0.799015566210923,-7.32274318417852));
#7678=CARTESIAN_POINT('Ctrl Pts',(21.9100023384088,0.850532805676045,-7.39682616239943));
#7679=CARTESIAN_POINT('Ctrl Pts',(21.8790556382905,0.941813256079532,-7.50442344384655));
#7680=CARTESIAN_POINT('Ctrl Pts',(21.8579532885629,1.03170612181729,-7.59251427990411));
#7681=CARTESIAN_POINT('Ctrl Pts',(21.8465505699829,1.12333574431655,-7.66388765546755));
#7682=CARTESIAN_POINT('Ctrl Pts',(21.8411497975101,1.21595456587042,-7.72468960429207));
#7683=CARTESIAN_POINT('Ctrl Pts',(21.8407897331134,1.26518940196319,-7.75242005389936));
#7684=CARTESIAN_POINT('Ctrl Pts',(21.8406693861404,1.28896352957338,-7.76566464454795));
#7685=CARTESIAN_POINT('',(21.9478101064523,0.775900770203179,-7.28491423125165));
#7686=CARTESIAN_POINT('Ctrl Pts',(21.6552780304477,6.20160409062332E-9,
-7.65629697570818));
#7687=CARTESIAN_POINT('Ctrl Pts',(21.6707557028874,0.0805445499303747,-7.61251950749288));
#7688=CARTESIAN_POINT('Ctrl Pts',(21.70726985384,0.232177490084256,-7.5328492403353));
#7689=CARTESIAN_POINT('Ctrl Pts',(21.8019850410007,0.494356597598104,-7.4056557528888));
#7690=CARTESIAN_POINT('Ctrl Pts',(21.8965715342019,0.68715296002192,-7.3211453733097));
#7691=CARTESIAN_POINT('Ctrl Pts',(21.9478101043883,0.775900773765332,-7.28491423708136));
#7692=CARTESIAN_POINT('',(21.8406693861404,1.28896352957338,-7.76566464454796));
#7693=CARTESIAN_POINT('Ctrl Pts',(21.9478101064523,0.775900770203179,-7.28491423125164));
#7694=CARTESIAN_POINT('Ctrl Pts',(21.9438382841263,0.782755793023396,-7.29613294741473));
#7695=CARTESIAN_POINT('Ctrl Pts',(21.9399816968056,0.789813542434715,-7.30724427659892));
#7696=CARTESIAN_POINT('Ctrl Pts',(21.9362192393698,0.797106648365696,-7.31830518579892));
#7697=CARTESIAN_POINT('Ctrl Pts',(21.9324206435148,0.804469804609193,-7.32947233507737));
#7698=CARTESIAN_POINT('Ctrl Pts',(21.9287180119537,0.812072549341999,-7.3405877934797));
#7699=CARTESIAN_POINT('Ctrl Pts',(21.9251025050555,0.819912477326215,-7.35166494440967));
#7700=CARTESIAN_POINT('Ctrl Pts',(21.9211721393268,0.828435150669935,-7.36370675641932));
#7701=CARTESIAN_POINT('Ctrl Pts',(21.9173447939582,0.837237769319537,-7.37570289552907));
#7702=CARTESIAN_POINT('Ctrl Pts',(21.9136233189498,0.846280514409951,-7.38762372443809));
#7703=CARTESIAN_POINT('Ctrl Pts',(21.909229504847,0.856956964155241,-7.40169822609624));
#7704=CARTESIAN_POINT('Ctrl Pts',(21.9049833396009,0.867967500693182,-7.41566707814516));
#7705=CARTESIAN_POINT('Ctrl Pts',(21.9009080021879,0.879204268574334,-7.4294260601084));
#7706=CARTESIAN_POINT('Ctrl Pts',(21.8951697570832,0.895026106560033,-7.44879928075094));
#7707=CARTESIAN_POINT('Ctrl Pts',(21.8897713617176,0.911290528241399,-7.46775021436652));
#7708=CARTESIAN_POINT('Ctrl Pts',(21.8848061245963,0.92766154207206,-7.48592888989392));
#7709=CARTESIAN_POINT('Ctrl Pts',(21.8816535519344,0.938055972265203,-7.49747105678279));
#7710=CARTESIAN_POINT('Ctrl Pts',(21.878676211341,0.948492807195994,-7.5087008422829));
#7711=CARTESIAN_POINT('Ctrl Pts',(21.8758943392179,0.958908378800225,-7.51955053449534));
#7712=CARTESIAN_POINT('Ctrl Pts',(21.8733964057789,0.968260859231997,-7.52929282593773));
#7713=CARTESIAN_POINT('Ctrl Pts',(21.8710562610798,0.977595825760684,-7.53872819490066));
#7714=CARTESIAN_POINT('Ctrl Pts',(21.8688811850771,0.986894067359384,-7.54783659618401));
#7715=CARTESIAN_POINT('Ctrl Pts',(21.8668498077401,0.995578010924597,-7.5563432414324));
#7716=CARTESIAN_POINT('Ctrl Pts',(21.8649625276925,1.00422967429196,-7.56456439940059));
#7717=CARTESIAN_POINT('Ctrl Pts',(21.8632164314551,1.01286238441742,-7.57251555372482));
#7718=CARTESIAN_POINT('Ctrl Pts',(21.8614861787572,1.02141676399003,-7.58039456172363));
#7719=CARTESIAN_POINT('Ctrl Pts',(21.8598947270373,1.0299521421234,-7.58800798369666));
#7720=CARTESIAN_POINT('Ctrl Pts',(21.8584280058299,1.03851623614967,-7.59540937034944));
#7721=CARTESIAN_POINT('Ctrl Pts',(21.8570145454998,1.04676934322171,-7.60254199130614));
#7722=CARTESIAN_POINT('Ctrl Pts',(21.8557157104599,1.05505520934048,-7.6094832221365));
#7723=CARTESIAN_POINT('Ctrl Pts',(21.8545172403905,1.06339986991607,-7.6162734471853));
#7724=CARTESIAN_POINT('Ctrl Pts',(21.8532298165971,1.07236389400535,-7.62356766129476));
#7725=CARTESIAN_POINT('Ctrl Pts',(21.8520582242691,1.08139537429107,-7.63068732464804));
#7726=CARTESIAN_POINT('Ctrl Pts',(21.8509893515383,1.09047792446562,-7.63764657242466));
#7727=CARTESIAN_POINT('Ctrl Pts',(21.8497757776874,1.10079004589466,-7.64554794447858));
#7728=CARTESIAN_POINT('Ctrl Pts',(21.8486946435124,1.11116740064635,-7.65324208036441));
#7729=CARTESIAN_POINT('Ctrl Pts',(21.8477322244235,1.12153253542693,-7.66071032248078));
#7730=CARTESIAN_POINT('Ctrl Pts',(21.8462829551127,1.13714098699922,-7.6719564565515));
#7731=CARTESIAN_POINT('Ctrl Pts',(21.8451030172029,1.15271836313397,-7.68268794287567));
#7732=CARTESIAN_POINT('Ctrl Pts',(21.8441579466209,1.16790039598904,-7.69276740637224));
#7733=CARTESIAN_POINT('Ctrl Pts',(21.8434978050865,1.17850520229134,-7.69980801542854));
#7734=CARTESIAN_POINT('Ctrl Pts',(21.8429526647087,1.18891388834052,-7.70652814095564));
#7735=CARTESIAN_POINT('Ctrl Pts',(21.8425097541266,1.19902226906353,-7.71289497089841));
#7736=CARTESIAN_POINT('Ctrl Pts',(21.8421449226612,1.20734867963339,-7.7181394152446));
#7737=CARTESIAN_POINT('Ctrl Pts',(21.8418495056238,1.21547105485904,-7.72314394832328));
#7738=CARTESIAN_POINT('Ctrl Pts',(21.8416136565996,1.22336090984911,-7.72791143172585));
#7739=CARTESIAN_POINT('Ctrl Pts',(21.8413914755528,1.23079353013206,-7.73240262882404));
#7740=CARTESIAN_POINT('Ctrl Pts',(21.8412222149984,1.23801934971891,-7.73668313635999));
#7741=CARTESIAN_POINT('Ctrl Pts',(21.8410942442605,1.24504894547249,-7.74077985130846));
#7742=CARTESIAN_POINT('Ctrl Pts',(21.8409718422157,1.25177264582048,-7.74469829622197));
#7743=CARTESIAN_POINT('Ctrl Pts',(21.8408872578832,1.25831648872554,-7.74844835630474));
#7744=CARTESIAN_POINT('Ctrl Pts',(21.8408264028423,1.26472775074681,-7.7520806324646));
#7745=CARTESIAN_POINT('Ctrl Pts',(21.8407685307415,1.27082475103484,-7.75553486483248));
#7746=CARTESIAN_POINT('Ctrl Pts',(21.8407321421232,1.27680168760164,-7.75888246430957));
#7747=CARTESIAN_POINT('Ctrl Pts',(21.8407010475487,1.28273778945949,-7.76219437498828));
#7748=CARTESIAN_POINT('Ctrl Pts',(21.8406901608041,1.28481612067779,-7.76335393180193));
#7749=CARTESIAN_POINT('Ctrl Pts',(21.8406798834801,1.28688981647815,-7.7645093768755));
#7750=CARTESIAN_POINT('Ctrl Pts',(21.8406693861404,1.28896352957338,-7.76566464454795));
#7751=CARTESIAN_POINT('Origin',(23.4882341749724,0.743542427611785,-8.7596697190501));
#7752=CARTESIAN_POINT('Ctrl Pts',(7.11561885802237E-15,-5.17814957579077E-15,
22.9688909169822));
#7753=CARTESIAN_POINT('Ctrl Pts',(-0.0232685563778967,-0.0402422223135906,
22.9688909169822));
#7754=CARTESIAN_POINT('Ctrl Pts',(-0.0711445126929132,-0.1232455806917,
22.9710972241241));
#7755=CARTESIAN_POINT('Ctrl Pts',(-0.152976215847424,-0.265208485124727,
22.9811465311781));
#7756=CARTESIAN_POINT('Ctrl Pts',(-0.247373707376845,-0.428564850390084,
22.9982452897168));
#7757=CARTESIAN_POINT('Ctrl Pts',(-0.35597541314992,-0.616485341468694,
23.0236676880615));
#7758=CARTESIAN_POINT('Ctrl Pts',(-0.479107215409294,-0.829836045308236,
23.0569915849981));
#7759=CARTESIAN_POINT('Ctrl Pts',(-0.542986413521224,-0.940480056038368,
23.0766995071726));
#7760=CARTESIAN_POINT('Ctrl Pts',(-0.575398133493708,-0.996618801791403,
23.086273854453));
#7761=CARTESIAN_POINT('Ctrl Pts',(0.0464330172787081,-0.0805445441789014,
22.9688909169822));
#7762=CARTESIAN_POINT('Ctrl Pts',(0.0213398270618366,-0.117865939206722,
22.9696284813936));
#7763=CARTESIAN_POINT('Ctrl Pts',(-0.0298641308813206,-0.196478298931187,
22.9730590036214));
#7764=CARTESIAN_POINT('Ctrl Pts',(-0.115362455283605,-0.33265396589978,
22.984263396383));
#7765=CARTESIAN_POINT('Ctrl Pts',(-0.210907148483,-0.488764943596953,23.0018752437936));
#7766=CARTESIAN_POINT('Ctrl Pts',(-0.317005808397559,-0.670406509499583,
23.0272119589163));
#7767=CARTESIAN_POINT('Ctrl Pts',(-0.430701278578155,-0.871366274796549,
23.0587674852729));
#7768=CARTESIAN_POINT('Ctrl Pts',(-0.487205601175583,-0.976843548673076,
23.0772314153549));
#7769=CARTESIAN_POINT('Ctrl Pts',(-0.515881659569154,-1.03098065403296,
23.086273854453));
#7770=CARTESIAN_POINT('Ctrl Pts',(0.133718249604731,-0.232177484866489,
22.9767600327805));
#7771=CARTESIAN_POINT('Ctrl Pts',(0.105681087127949,-0.266035579166544,
22.9784478327004));
#7772=CARTESIAN_POINT('Ctrl Pts',(0.0494022075101951,-0.337686980525446,
22.9834580747048));
#7773=CARTESIAN_POINT('Ctrl Pts',(-0.0415688165756897,-0.464011238420676,
22.9964775425441));
#7774=CARTESIAN_POINT('Ctrl Pts',(-0.139143426115582,-0.613649002650479,
23.0155186986712));
#7775=CARTESIAN_POINT('Ctrl Pts',(-0.23796084840759,-0.784534390268748,
23.0405291019136));
#7776=CARTESIAN_POINT('Ctrl Pts',(-0.331629508167838,-0.957709747804217,
23.0686403176868));
#7777=CARTESIAN_POINT('Ctrl Pts',(-0.374505063913771,-1.05035948607885,
23.0850122976661));
#7778=CARTESIAN_POINT('Ctrl Pts',(-0.396330822154169,-1.09880703720261,
23.0932884511347));
#7779=CARTESIAN_POINT('Ctrl Pts',(0.285209149503531,-0.494356592847825,
23.0236605383441));
#7780=CARTESIAN_POINT('Ctrl Pts',(0.251654254248654,-0.525181222458329,
23.0261127490298));
#7781=CARTESIAN_POINT('Ctrl Pts',(0.185046097760249,-0.592064074506071,
23.0325645356179));
#7782=CARTESIAN_POINT('Ctrl Pts',(0.0803697111210743,-0.711988658710033,
23.0465715589092));
#7783=CARTESIAN_POINT('Ctrl Pts',(-0.018218471265689,-0.839057059002458,
23.0633479131911));
#7784=CARTESIAN_POINT('Ctrl Pts',(-0.10116921634335,-0.962761635674298,
23.0824175308821));
#7785=CARTESIAN_POINT('Ctrl Pts',(-0.17200006605895,-1.08633813827077,23.1036598045422));
#7786=CARTESIAN_POINT('Ctrl Pts',(-0.202767633658223,-1.16032310784881,
23.1177550545548));
#7787=CARTESIAN_POINT('Ctrl Pts',(-0.217354308098442,-1.19677476312137,
23.1247424384459));
#7788=CARTESIAN_POINT('Ctrl Pts',(0.396415131317928,-0.687152956091661,
23.0846674130446));
#7789=CARTESIAN_POINT('Ctrl Pts',(0.35784661865124,-0.712656350704983,23.0856575699595));
#7790=CARTESIAN_POINT('Ctrl Pts',(0.282339842628205,-0.768345647486039,
23.0890524951988));
#7791=CARTESIAN_POINT('Ctrl Pts',(0.171114337767805,-0.866574792046382,
23.0979336196853));
#7792=CARTESIAN_POINT('Ctrl Pts',(0.0774023954240392,-0.966045706823394,
23.1095207444476));
#7793=CARTESIAN_POINT('Ctrl Pts',(0.0028370654477123,-1.06766401939932,
23.1247457050734));
#7794=CARTESIAN_POINT('Ctrl Pts',(-0.0596765437625478,-1.17310293909569,
23.142873242215));
#7795=CARTESIAN_POINT('Ctrl Pts',(-0.0867316450359266,-1.23084799527261,
23.1540075920723));
#7796=CARTESIAN_POINT('Ctrl Pts',(-0.0995367932239579,-1.25887848727096,
23.1594438243355));
#7797=CARTESIAN_POINT('Ctrl Pts',(0.447653697776886,-0.775900770203173,
23.1208985550399));
#7798=CARTESIAN_POINT('Ctrl Pts',(0.407523956477187,-0.799015566210907,
23.1208813650194));
#7799=CARTESIAN_POINT('Ctrl Pts',(0.329539527882043,-0.850532805676039,
23.1225570265358));
#7800=CARTESIAN_POINT('Ctrl Pts',(0.217780271377895,-0.941813256079559,
23.1292459583395));
#7801=CARTESIAN_POINT('Ctrl Pts',(0.127693318086449,-1.03170612181731,23.1387140842368));
#7802=CARTESIAN_POINT('Ctrl Pts',(0.0566009480836246,-1.12333574431659,
23.1517546232488));
#7803=CARTESIAN_POINT('Ctrl Pts',(-0.00252393650482602,-1.21595456587044,
23.1669300424048));
#7804=CARTESIAN_POINT('Ctrl Pts',(-0.0287884765873138,-1.26518940196323,
23.1758340536384));
#7805=CARTESIAN_POINT('Ctrl Pts',(-0.0413157120605143,-1.28896352957342,
23.1801354529737));
#7806=CARTESIAN_POINT('',(7.11561885802237E-15,-5.17814957579077E-15,22.9688909169822));
#7807=CARTESIAN_POINT('',(-0.575398133493707,-0.996618801791404,23.086273854453));
#7808=CARTESIAN_POINT('Ctrl Pts',(7.11561885802237E-15,-5.17814957579077E-15,
22.9688909169822));
#7809=CARTESIAN_POINT('Ctrl Pts',(-0.0232685563778967,-0.0402422223135906,
22.9688909169822));
#7810=CARTESIAN_POINT('Ctrl Pts',(-0.0711445126929132,-0.1232455806917,
22.9710972241241));
#7811=CARTESIAN_POINT('Ctrl Pts',(-0.152976215847424,-0.265208485124727,
22.9811465311781));
#7812=CARTESIAN_POINT('Ctrl Pts',(-0.247373707376845,-0.428564850390084,
22.9982452897168));
#7813=CARTESIAN_POINT('Ctrl Pts',(-0.35597541314992,-0.616485341468694,
23.0236676880615));
#7814=CARTESIAN_POINT('Ctrl Pts',(-0.479107215409294,-0.829836045308236,
23.0569915849981));
#7815=CARTESIAN_POINT('Ctrl Pts',(-0.542986413521224,-0.940480056038368,
23.0766995071726));
#7816=CARTESIAN_POINT('Ctrl Pts',(-0.575398133493708,-0.996618801791403,
23.086273854453));
#7817=CARTESIAN_POINT('',(0.447653697776886,-0.775900770203173,23.1208985550399));
#7818=CARTESIAN_POINT('Ctrl Pts',(7.11561885802237E-15,-5.17814957579077E-15,
22.9688909169822));
#7819=CARTESIAN_POINT('Ctrl Pts',(0.0464330172787081,-0.0805445441789014,
22.9688909169822));
#7820=CARTESIAN_POINT('Ctrl Pts',(0.133718249604731,-0.232177484866489,
22.9767600327805));
#7821=CARTESIAN_POINT('Ctrl Pts',(0.285209149503531,-0.494356592847825,
23.0236605383441));
#7822=CARTESIAN_POINT('Ctrl Pts',(0.396415131317928,-0.687152956091661,
23.0846674130446));
#7823=CARTESIAN_POINT('Ctrl Pts',(0.447653697776886,-0.775900770203173,
23.1208985550399));
#7824=CARTESIAN_POINT('',(-0.0413157120605201,-1.28896352957342,23.1801354529737));
#7825=CARTESIAN_POINT('Ctrl Pts',(0.447653697776895,-0.77590077020317,23.1208985550399));
#7826=CARTESIAN_POINT('Ctrl Pts',(0.435752649935802,-0.782755793041986,
23.1208934570938));
#7827=CARTESIAN_POINT('Ctrl Pts',(0.42399125917865,-0.789813542472929,23.1209612080933));
#7828=CARTESIAN_POINT('Ctrl Pts',(0.412308781466996,-0.797106648424905,
23.1211008989384));
#7829=CARTESIAN_POINT('Ctrl Pts',(0.400514093538698,-0.804469804670926,
23.1212419315142));
#7830=CARTESIAN_POINT('Ctrl Pts',(0.388800128333635,-0.812072549406378,
23.1214562098019));
#7831=CARTESIAN_POINT('Ctrl Pts',(0.377151321314249,-0.819912477393268,
23.1217398608522));
#7832=CARTESIAN_POINT('Ctrl Pts',(0.36448807016172,-0.82843515074089,23.1220482138435));
#7833=CARTESIAN_POINT('Ctrl Pts',(0.35190221995229,-0.83723776939449,23.1224384710618));
#7834=CARTESIAN_POINT('Ctrl Pts',(0.339422663001298,-0.846280514488887,
23.1229034404128));
#7835=CARTESIAN_POINT('Ctrl Pts',(0.324688490870489,-0.856956964244205,
23.1234524133034));
#7836=CARTESIAN_POINT('Ctrl Pts',(0.310103142432455,-0.867967500792481,
23.1241053743346));
#7837=CARTESIAN_POINT('Ctrl Pts',(0.295772604020619,-0.879204268683922,
23.1248494366964));
#7838=CARTESIAN_POINT('Ctrl Pts',(0.275594608124088,-0.895026106628023,
23.1258971075411));
#7839=CARTESIAN_POINT('Ctrl Pts',(0.255928031499059,-0.911290528264562,
23.1271244294491));
#7840=CARTESIAN_POINT('Ctrl Pts',(0.237133932858464,-0.92766154204996,23.1285027175027));
#7841=CARTESIAN_POINT('Ctrl Pts',(0.22520101600035,-0.938055972244246,23.1293778324558));
#7842=CARTESIAN_POINT('Ctrl Pts',(0.213621025829463,-0.948492807176257,
23.1303140306579));
#7843=CARTESIAN_POINT('Ctrl Pts',(0.202464547203685,-0.95890837878172,23.1313078205385));
#7844=CARTESIAN_POINT('Ctrl Pts',(0.192446782265415,-0.968260859214044,
23.1322001767878));
#7845=CARTESIAN_POINT('Ctrl Pts',(0.182770982862436,-0.977595825743312,
23.1331389901945));
#7846=CARTESIAN_POINT('Ctrl Pts',(0.173458474442941,-0.986894067342583,
23.1341244426341));
#7847=CARTESIAN_POINT('Ctrl Pts',(0.16476120660969,-0.995578010907974,23.13504479013));
#7848=CARTESIAN_POINT('Ctrl Pts',(0.156381131195282,-1.00422967427551,23.1360058314265));
#7849=CARTESIAN_POINT('Ctrl Pts',(0.148302678927737,-1.01286238440112,23.1370099808811));
#7850=CARTESIAN_POINT('Ctrl Pts',(0.140297528053455,-1.021416763968,23.1380050189922));
#7851=CARTESIAN_POINT('Ctrl Pts',(0.132589041077933,-1.02995214209565,23.139042391245));
#7852=CARTESIAN_POINT('Ctrl Pts',(0.125122039756706,-1.03851623611608,23.1401266821126));
#7853=CARTESIAN_POINT('Ctrl Pts',(0.117926186785312,-1.0467693431872,23.1411715992521));
#7854=CARTESIAN_POINT('Ctrl Pts',(0.110948986585611,-1.05505520930496,23.1422607894429));
#7855=CARTESIAN_POINT('Ctrl Pts',(0.104147610992263,-1.06339986987954,23.1433942693747));
#7856=CARTESIAN_POINT('Ctrl Pts',(0.0968414187143351,-1.07236389396777,
23.1446118792849));
#7857=CARTESIAN_POINT('Ctrl Pts',(0.0897384049559927,-1.08139537425242,
23.1458805125625));
#7858=CARTESIAN_POINT('Ctrl Pts',(0.082820872319453,-1.09047792442594,23.1471925189462));
#7859=CARTESIAN_POINT('Ctrl Pts',(0.0749668626904131,-1.10079004585234,
23.1486821412311));
#7860=CARTESIAN_POINT('Ctrl Pts',(0.0673523837529051,-1.11116740060142,
23.1502275501171));
#7861=CARTESIAN_POINT('Ctrl Pts',(0.0599904511989253,-1.12153253537954,
23.1518095867367));
#7862=CARTESIAN_POINT('Ctrl Pts',(0.0489044045399395,-1.13714098695586,
23.1541919138841));
#7863=CARTESIAN_POINT('Ctrl Pts',(0.0383933495635144,-1.15271836309497,
23.1566566198628));
#7864=CARTESIAN_POINT('Ctrl Pts',(0.028575316713777,-1.16790039595448,23.1591254199393));
#7865=CARTESIAN_POINT('Ctrl Pts',(0.02171731965638,-1.17850520226032,23.1608499022179));
#7866=CARTESIAN_POINT('Ctrl Pts',(0.0151998110870139,-1.18891388831304,
23.1625759807837));
#7867=CARTESIAN_POINT('Ctrl Pts',(0.00904946938767459,-1.19902226903949,
23.1642806773304));
#7868=CARTESIAN_POINT('Ctrl Pts',(0.00398334934983801,-1.20734867961174,
23.1656848590419));
#7869=CARTESIAN_POINT('Ctrl Pts',(-0.000833442033022536,-1.21547105483973,
23.1670745148813));
#7870=CARTESIAN_POINT('Ctrl Pts',(-0.0054068848334099,-1.22336090983204,
23.1684413154233));
#7871=CARTESIAN_POINT('Ctrl Pts',(-0.00971528641454744,-1.23079353011559,
23.169728906823));
#7872=CARTESIAN_POINT('Ctrl Pts',(-0.0138074078072673,-1.23801934970303,
23.1709961622874));
#7873=CARTESIAN_POINT('Ctrl Pts',(-0.0177124846145027,-1.24504894545717,
23.1722410819682));
#7874=CARTESIAN_POINT('Ctrl Pts',(-0.0214476305898524,-1.25177264580559,
23.1734318285182));
#7875=CARTESIAN_POINT('Ctrl Pts',(-0.025011415920174,-1.25831648871104,
23.1746021016724));
#7876=CARTESIAN_POINT('Ctrl Pts',(-0.0284562437390985,-1.26472775073265,
23.1757554857096));
#7877=CARTESIAN_POINT('Ctrl Pts',(-0.0317322159478353,-1.27082475102113,
23.1768523341591));
#7878=CARTESIAN_POINT('Ctrl Pts',(-0.0349004925421212,-1.27680168758833,
23.1779338931332));
#7879=CARTESIAN_POINT('Ctrl Pts',(-0.03803335673327,-1.28273778944649,23.1790085471135));
#7880=CARTESIAN_POINT('Ctrl Pts',(-0.0391302262985855,-1.28481612066916,
23.1793848019309));
#7881=CARTESIAN_POINT('Ctrl Pts',(-0.0402230161379561,-1.28688981647386,
23.1797602607356));
#7882=CARTESIAN_POINT('Ctrl Pts',(-0.0413157120605137,-1.28896352957342,
23.1801354529737));
#7883=CARTESIAN_POINT('Origin',(-0.429284420735594,-0.743542427611822,25.0648094573108));
#7884=CARTESIAN_POINT('Ctrl Pts',(7.11561885802237E-15,-5.17814957579077E-15,
22.9688909169822));
#7885=CARTESIAN_POINT('Ctrl Pts',(0.0464330172787081,-0.0805445441789014,
22.9688909169822));
#7886=CARTESIAN_POINT('Ctrl Pts',(0.133718249604731,-0.232177484866489,
22.9767600327805));
#7887=CARTESIAN_POINT('Ctrl Pts',(0.285209149503531,-0.494356592847825,
23.0236605383441));
#7888=CARTESIAN_POINT('Ctrl Pts',(0.396415131317928,-0.687152956091661,
23.0846674130446));
#7889=CARTESIAN_POINT('Ctrl Pts',(0.447653697776886,-0.775900770203173,
23.1208985550399));
#7890=CARTESIAN_POINT('Ctrl Pts',(0.0464850650172614,-3.00497758678188E-5,
22.9688909169822));
#7891=CARTESIAN_POINT('Ctrl Pts',(0.0911968303148684,-0.077469471165287,
22.9696284813936));
#7892=CARTESIAN_POINT('Ctrl Pts',(0.177106274464004,-0.224833343469045,
22.9784694926901));
#7893=CARTESIAN_POINT('Ctrl Pts',(0.328709070082881,-0.480794122712097,
23.0261375795279));
#7894=CARTESIAN_POINT('Ctrl Pts',(0.437830231010113,-0.666579995595644,
23.0856900973516));
#7895=CARTESIAN_POINT('Ctrl Pts',(0.487783439076584,-0.752785974195439,
23.1209157450605));
#7896=CARTESIAN_POINT('Ctrl Pts',(0.142306060129636,9.8350139038958E-6,
22.9710972241241));
#7897=CARTESIAN_POINT('Ctrl Pts',(0.184891993427071,-0.0722799613094637,
22.9730737918835));
#7898=CARTESIAN_POINT('Ctrl Pts',(0.26773331568808,-0.211815073200695,22.9835232792878));
#7899=CARTESIAN_POINT('Ctrl Pts',(0.420538711726894,-0.456371784382291,
23.0326348294763));
#7900=CARTESIAN_POINT('Ctrl Pts',(0.524630937874567,-0.62873748881723,23.0891382152154));
#7901=CARTESIAN_POINT('Ctrl Pts',(0.572276311615668,-0.71067463994069,23.1226443225751));
#7902=CARTESIAN_POINT('Ctrl Pts',(0.306165393340898,0.00012295346367821,
22.9811465311781));
#7903=CARTESIAN_POINT('Ctrl Pts',(0.345860781797299,-0.0661604952495548,
22.9842910120262));
#7904=CARTESIAN_POINT('Ctrl Pts',(0.423139819449192,-0.196030074857579,
22.996531848249));
#7905=CARTESIAN_POINT('Ctrl Pts',(0.576883850541391,-0.425390844024808,
23.0465827779208));
#7906=CARTESIAN_POINT('Ctrl Pts',(0.66534893614561,-0.581276971699376,23.0979399773144));
#7907=CARTESIAN_POINT('Ctrl Pts',(0.70709525101286,-0.659319419403906,23.1292421724543));
#7908=CARTESIAN_POINT('Ctrl Pts',(0.494834901295344,5.05103783552793E-5,
22.9982452897168));
#7909=CARTESIAN_POINT('Ctrl Pts',(0.528798495306177,-0.0616878740045323,
23.0018758415743));
#7910=CARTESIAN_POINT('Ctrl Pts',(0.600756937712765,-0.186400045958241,
23.0154752567353));
#7911=CARTESIAN_POINT('Ctrl Pts',(0.735261325048916,-0.403791515187442,
23.0632846223051));
#7912=CARTESIAN_POINT('Ctrl Pts',(0.797366956791363,-0.5501515403065,23.1094630076214));
#7913=CARTESIAN_POINT('Ctrl Pts',(0.829095570659496,-0.626551890238361,
23.1386633284587));
#7914=CARTESIAN_POINT('Ctrl Pts',(0.711879673347537,-4.10801761375898E-5,
23.0236676880615));
#7915=CARTESIAN_POINT('Ctrl Pts',(0.738977631510396,-0.0607394260989165,
23.0272071763498));
#7916=CARTESIAN_POINT('Ctrl Pts',(0.798305811662261,-0.186291245850386,
23.0405430409871));
#7917=CARTESIAN_POINT('Ctrl Pts',(0.884454904114738,-0.393858483546611,
23.0824629394759));
#7918=CARTESIAN_POINT('Ctrl Pts',(0.923386874685996,-0.536365095578042,
23.1247989892089));
#7919=CARTESIAN_POINT('Ctrl Pts',(0.94475105232909,-0.610751263874894,23.1518096422003));
#7920=CARTESIAN_POINT('Ctrl Pts',(0.958212703917581,-9.97026758837837E-7,
23.0569915849981));
#7921=CARTESIAN_POINT('Ctrl Pts',(0.97004713600387,-0.0626867140169479,
23.0587784867083));
#7922=CARTESIAN_POINT('Ctrl Pts',(0.995360613320237,-0.191657915925302,
23.0686613635671));
#7923=CARTESIAN_POINT('Ctrl Pts',(1.02694321709283,-0.394211985309828,23.1036810598254));
#7924=CARTESIAN_POINT('Ctrl Pts',(1.04587780045971,-0.534870802145399,23.1428883738936));
#7925=CARTESIAN_POINT('Ctrl Pts',(1.05439103013973,-0.60579265664723,23.1669422457507));
#7926=CARTESIAN_POINT('Ctrl Pts',(1.08597282704244,3.93761454779457E-15,
23.0766995071726));
#7927=CARTESIAN_POINT('Ctrl Pts',(1.0895741292616,-0.066489346852409,23.0772314153549));
#7928=CARTESIAN_POINT('Ctrl Pts',(1.09689053000717,-0.200848843844159,23.0850122976661));
#7929=CARTESIAN_POINT('Ctrl Pts',(1.10625310482428,-0.404559632111122,23.1177550545547));
#7930=CARTESIAN_POINT('Ctrl Pts',(1.10931145462114,-0.540312189723198,23.1540075920723));
#7931=CARTESIAN_POINT('Ctrl Pts',(1.11008040099261,-0.607663148920768,23.1758340536384));
#7932=CARTESIAN_POINT('Ctrl Pts',(1.1507962669874,4.85900611203673E-15,
23.086273854453));
#7933=CARTESIAN_POINT('Ctrl Pts',(1.15079626698741,-0.068723704483112,23.086273854453));
#7934=CARTESIAN_POINT('Ctrl Pts',(1.1497602191517,-0.206170958312987,23.0932884511346));
#7935=CARTESIAN_POINT('Ctrl Pts',(1.14511450152042,-0.410153029125436,23.1247424384459));
#7936=CARTESIAN_POINT('Ctrl Pts',(1.13998914686631,-0.543237852092315,23.1594438243355));
#7937=CARTESIAN_POINT('Ctrl Pts',(1.13693301719245,-0.608701308566885,23.1801354529737));
#7938=CARTESIAN_POINT('',(1.1507962669874,4.85900611203673E-15,23.086273854453));
#7939=CARTESIAN_POINT('Ctrl Pts',(7.11561885802237E-15,-5.17814957579077E-15,
22.9688909169822));
#7940=CARTESIAN_POINT('Ctrl Pts',(0.0464850650172614,-3.00497758677981E-5,
22.9688909169822));
#7941=CARTESIAN_POINT('Ctrl Pts',(0.142306060129633,9.83501390608986E-6,
22.9710972241241));
#7942=CARTESIAN_POINT('Ctrl Pts',(0.30616539334091,0.000122953463670968,
22.9811465311781));
#7943=CARTESIAN_POINT('Ctrl Pts',(0.494834901295341,5.05103783583735E-5,
22.9982452897168));
#7944=CARTESIAN_POINT('Ctrl Pts',(0.711879673347535,-4.10801761390038E-5,
23.0236676880615));
#7945=CARTESIAN_POINT('Ctrl Pts',(0.958212703917595,-9.97026747311697E-7,
23.0569915849981));
#7946=CARTESIAN_POINT('Ctrl Pts',(1.08597282704244,4.29848503330979E-15,
23.0766995071726));
#7947=CARTESIAN_POINT('Ctrl Pts',(1.1507962669874,5.27533974627117E-15,
23.086273854453));
#7948=CARTESIAN_POINT('',(1.13693301719249,-0.608701308566858,23.1801354529737));
#7949=CARTESIAN_POINT('Origin',(0.858568841471177,-1.03727332698276E-15,
25.0648094573108));
#7950=CARTESIAN_POINT('',(0.447888466307664,-0.77576557976866,23.1208986650075));
#7951=CARTESIAN_POINT('Ctrl Pts',(1.13693301719249,-0.60870130856686,23.1801354529737));
#7952=CARTESIAN_POINT('Ctrl Pts',(1.13015286550126,-0.608439178432947,23.1790493710903));
#7953=CARTESIAN_POINT('Ctrl Pts',(1.12336849717285,-0.608178181719132,23.1779606249345));
#7954=CARTESIAN_POINT('Ctrl Pts',(1.11645466512007,-0.607944132124974,23.1768588340008));
#7955=CARTESIAN_POINT('Ctrl Pts',(1.10924010895879,-0.607699902307315,23.1757091195576));
#7956=CARTESIAN_POINT('Ctrl Pts',(1.10188483052246,-0.607484991482192,23.1745452205219));
#7957=CARTESIAN_POINT('Ctrl Pts',(1.09430378158159,-0.607323259878373,23.173361666995));
#7958=CARTESIAN_POINT('Ctrl Pts',(1.08630339933925,-0.607152582355868,23.1721126471439));
#7959=CARTESIAN_POINT('Ctrl Pts',(1.07805190395631,-0.607041098500855,23.1708417657577));
#7960=CARTESIAN_POINT('Ctrl Pts',(1.06950744903981,-0.607011298379442,23.1695491406804));
#7961=CARTESIAN_POINT('Ctrl Pts',(1.06031482630843,-0.606979237671512,23.1681584592635));
#7962=CARTESIAN_POINT('Ctrl Pts',(1.05078357751548,-0.607041677643187,23.1667426500402));
#7963=CARTESIAN_POINT('Ctrl Pts',(1.04092113217397,-0.60722094779993,23.1653087432302));
#7964=CARTESIAN_POINT('Ctrl Pts',(1.02969628916667,-0.607424982326425,23.1636767566111));
#7965=CARTESIAN_POINT('Ctrl Pts',(1.01804314640772,-0.607780280028091,23.1620213848794));
#7966=CARTESIAN_POINT('Ctrl Pts',(1.00603861668311,-0.608313525715696,23.1603609511967));
#7967=CARTESIAN_POINT('Ctrl Pts',(0.985921557992323,-0.609207132965647,
23.1575784147198));
#7968=CARTESIAN_POINT('Ctrl Pts',(0.964822986878569,-0.610599800288336,
23.1547819877249));
#7969=CARTESIAN_POINT('Ctrl Pts',(0.943274106968661,-0.612602255925024,
23.1520812129876));
#7970=CARTESIAN_POINT('Ctrl Pts',(0.930623234254126,-0.613777853519059,
23.1504956476322));
#7971=CARTESIAN_POINT('Ctrl Pts',(0.917819803521201,-0.615163397498651,
23.148943470338));
#7972=CARTESIAN_POINT('Ctrl Pts',(0.904945867722791,-0.616784348110619,
23.1474444773279));
#7973=CARTESIAN_POINT('Ctrl Pts',(0.893539184424708,-0.618220557717538,
23.1461163257198));
#7974=CARTESIAN_POINT('Ctrl Pts',(0.882077818893469,-0.619841503449988,
23.1448300318437));
#7975=CARTESIAN_POINT('Ctrl Pts',(0.870580142802206,-0.621669149212594,
23.1435948029208));
#7976=CARTESIAN_POINT('Ctrl Pts',(0.859589225011624,-0.623416241770052,
23.1424140165223));
#7977=CARTESIAN_POINT('Ctrl Pts',(0.848565822747842,-0.625352138298418,
23.1412800012359));
#7978=CARTESIAN_POINT('Ctrl Pts',(0.837478613726854,-0.627501212232642,
23.1401948474258));
#7979=CARTESIAN_POINT('Ctrl Pts',(0.824738178677357,-0.629970736963683,
23.138947885128));
#7980=CARTESIAN_POINT('Ctrl Pts',(0.811907197513712,-0.632723522988124,
23.137765046741));
#7981=CARTESIAN_POINT('Ctrl Pts',(0.798876855607698,-0.635799018088597,
23.1366398427003));
#7982=CARTESIAN_POINT('Ctrl Pts',(0.78709656245772,-0.638579469601398,23.1356225836331));
#7983=CARTESIAN_POINT('Ctrl Pts',(0.775153464258447,-0.641623370083152,
23.1346523140856));
#7984=CARTESIAN_POINT('Ctrl Pts',(0.76302114745548,-0.644939903479751,23.1337261494371));
#7985=CARTESIAN_POINT('Ctrl Pts',(0.749420726581526,-0.648657763041847,
23.1326879117103));
#7986=CARTESIAN_POINT('Ctrl Pts',(0.735582578337585,-0.652718174588141,
23.1317050525197));
#7987=CARTESIAN_POINT('Ctrl Pts',(0.72153456334157,-0.657111319920137,23.1307767818025));
#7988=CARTESIAN_POINT('Ctrl Pts',(0.705646028264435,-0.662080039253521,
23.1297268924156));
#7989=CARTESIAN_POINT('Ctrl Pts',(0.689489874604357,-0.667474006215224,
23.1287467799207));
#7990=CARTESIAN_POINT('Ctrl Pts',(0.673178735512099,-0.673254733627887,
23.1278401552546));
#7991=CARTESIAN_POINT('Ctrl Pts',(0.649533080444168,-0.68163484035547,23.1265258550082));
#7992=CARTESIAN_POINT('Ctrl Pts',(0.625565742459053,-0.690825446248754,
23.1253655531723));
#7993=CARTESIAN_POINT('Ctrl Pts',(0.601741621322561,-0.700676366353862,
23.1243855597839));
#7994=CARTESIAN_POINT('Ctrl Pts',(0.585725877725632,-0.707298638365215,
23.1237267601268));
#7995=CARTESIAN_POINT('Ctrl Pts',(0.569778060092679,-0.714218409388025,
23.1231498628991));
#7996=CARTESIAN_POINT('Ctrl Pts',(0.554023386467269,-0.721400676275803,
23.1226651805598));
#7997=CARTESIAN_POINT('Ctrl Pts',(0.539886366054434,-0.727845484719132,
23.1222302642748));
#7998=CARTESIAN_POINT('Ctrl Pts',(0.52590578767665,-0.734501323896153,23.1218697026696));
#7999=CARTESIAN_POINT('Ctrl Pts',(0.512136480857548,-0.741359393728441,
23.1215906314677));
#8000=CARTESIAN_POINT('Ctrl Pts',(0.499660770404574,-0.747573162846811,
23.1213377783971));
#8001=CARTESIAN_POINT('Ctrl Pts',(0.48735879813369,-0.753952851407824,23.1211518796515));
#8002=CARTESIAN_POINT('Ctrl Pts',(0.475232937327663,-0.760508812316807,
23.1210369382529));
#8003=CARTESIAN_POINT('Ctrl Pts',(0.466023052068672,-0.765488223568515,
23.120949637474));
#8004=CARTESIAN_POINT('Ctrl Pts',(0.456914101199478,-0.77056961486719,23.1209032540753));
#8005=CARTESIAN_POINT('Ctrl Pts',(0.447888466307664,-0.775765579768665,
23.1208986650075));
#8006=CARTESIAN_POINT('Ctrl Pts',(0.447888466307664,-0.775765579768665,
23.1208986650075));
#8007=CARTESIAN_POINT('Ctrl Pts',(0.447810203986767,-0.775810634579474,
23.1208986252151));
#8008=CARTESIAN_POINT('Ctrl Pts',(0.447731947815722,-0.775855698054023,
23.1208985885592));
#8009=CARTESIAN_POINT('Ctrl Pts',(0.447653697776895,-0.77590077020317,23.1208985550399));
#8010=CARTESIAN_POINT('Ctrl Pts',(7.11561885802237E-15,-5.17814957579077E-15,
22.9688909169822));
#8011=CARTESIAN_POINT('Ctrl Pts',(0.0464850650172614,-3.00497758677981E-5,
22.9688909169822));
#8012=CARTESIAN_POINT('Ctrl Pts',(0.142306060129633,9.83501390608986E-6,
22.9710972241241));
#8013=CARTESIAN_POINT('Ctrl Pts',(0.30616539334091,0.000122953463670968,
22.9811465311781));
#8014=CARTESIAN_POINT('Ctrl Pts',(0.494834901295341,5.05103783583735E-5,
22.9982452897168));
#8015=CARTESIAN_POINT('Ctrl Pts',(0.711879673347535,-4.10801761390038E-5,
23.0236676880615));
#8016=CARTESIAN_POINT('Ctrl Pts',(0.958212703917595,-9.97026747311697E-7,
23.0569915849981));
#8017=CARTESIAN_POINT('Ctrl Pts',(1.08597282704244,4.29848503330979E-15,
23.0766995071726));
#8018=CARTESIAN_POINT('Ctrl Pts',(1.1507962669874,5.27533974627117E-15,
23.086273854453));
#8019=CARTESIAN_POINT('Ctrl Pts',(0.0465371127558147,0.0804844446271658,
22.9688909169822));
#8020=CARTESIAN_POINT('Ctrl Pts',(0.0914049840630128,0.0774138019512686,
22.9696284813936));
#8021=CARTESIAN_POINT('Ctrl Pts',(0.185087263607421,0.0723760534604159,
22.9730590036214));
#8022=CARTESIAN_POINT('Ctrl Pts',(0.345768012780664,0.0664201660313409,
22.984263396383));
#8023=CARTESIAN_POINT('Ctrl Pts',(0.528736431875761,0.0617315233724686,
23.0018752437936));
#8024=CARTESIAN_POINT('Ctrl Pts',(0.739091972287829,0.0606681715302904,
23.0272119589162));
#8025=CARTESIAN_POINT('Ctrl Pts',(0.969975969263904,0.0626848887071606,
23.0587674852729));
#8026=CARTESIAN_POINT('Ctrl Pts',(1.0895741292616,0.0664893468524173,23.0772314153549));
#8027=CARTESIAN_POINT('Ctrl Pts',(1.1507962669874,0.0687237044831221,23.086273854453));
#8028=CARTESIAN_POINT('Ctrl Pts',(0.13421247527879,0.231892143540523,22.9767600327805));
#8029=CARTESIAN_POINT('Ctrl Pts',(0.177553026304752,0.224540295735631,22.9784478327003));
#8030=CARTESIAN_POINT('Ctrl Pts',(0.267744399907097,0.211627056969621,22.9834580747048));
#8031=CARTESIAN_POINT('Ctrl Pts',(0.422629928401685,0.196005968050512,22.9964775425441));
#8032=CARTESIAN_POINT('Ctrl Pts',(0.601007338360138,0.186322759539501,23.0155186986712));
#8033=CARTESIAN_POINT('Ctrl Pts',(0.798407136318978,0.186187055307357,23.0405291019136));
#8034=CARTESIAN_POINT('Ctrl Pts',(0.995215725134362,0.191655295184167,23.0686403176868));
#8035=CARTESIAN_POINT('Ctrl Pts',(1.09689053000714,0.200848843844204,23.0850122976661));
#8036=CARTESIAN_POINT('Ctrl Pts',(1.14976021915165,0.206170958313038,23.0932884511346));
#8037=CARTESIAN_POINT('Ctrl Pts',(0.285520793182765,0.494176665285727,23.0236605383441));
#8038=CARTESIAN_POINT('Ctrl Pts',(0.32899315311514,0.480529588378929,23.0261127490298));
#8039=CARTESIAN_POINT('Ctrl Pts',(0.420219480310353,0.456286658784539,23.0325645356179));
#8040=CARTESIAN_POINT('Ctrl Pts',(0.576415410088784,0.425596540880676,23.0465715589093));
#8041=CARTESIAN_POINT('Ctrl Pts',(0.735753963953534,0.403750870567082,23.0633479131911));
#8042=CARTESIAN_POINT('Ctrl Pts',(0.884360642454751,0.393765706402789,23.0824175308821));
#8043=CARTESIAN_POINT('Ctrl Pts',(1.02679645787177,0.394212642475775,23.1036598045422));
#8044=CARTESIAN_POINT('Ctrl Pts',(1.10625310482427,0.404559632111127,23.1177550545548));
#8045=CARTESIAN_POINT('Ctrl Pts',(1.14511450152041,0.410153029125447,23.1247424384459));
#8046=CARTESIAN_POINT('Ctrl Pts',(0.396884350602014,0.686882052211688,23.0846674130446));
#8047=CARTESIAN_POINT('Ctrl Pts',(0.438255194553233,0.666232437762815,23.0856575699595));
#8048=CARTESIAN_POINT('Ctrl Pts',(0.524236928296044,0.628686299959534,23.0890524951988));
#8049=CARTESIAN_POINT('Ctrl Pts',(0.664918615307504,0.581476759481856,23.0979336196853));
#8050=CARTESIAN_POINT('Ctrl Pts',(0.79791892561391,0.550055294162688,23.1095207444476));
#8051=CARTESIAN_POINT('Ctrl Pts',(0.923205630782474,0.536288980449609,23.1247457050734));
#8052=CARTESIAN_POINT('Ctrl Pts',(1.0457752183923,0.534870066639437,23.142873242215));
#8053=CARTESIAN_POINT('Ctrl Pts',(1.10931145462117,0.540312189723183,23.1540075920723));
#8054=CARTESIAN_POINT('Ctrl Pts',(1.13998914686634,0.543237852092298,23.1594438243355));
#8055=CARTESIAN_POINT('Ctrl Pts',(0.448122928923443,0.775629859474399,23.1208985550399));
#8056=CARTESIAN_POINT('Ctrl Pts',(0.488205800119284,0.752433882065428,23.1208813650194));
#8057=CARTESIAN_POINT('Ctrl Pts',(0.571813252526512,0.71065600553499,23.1225570265358));
#8058=CARTESIAN_POINT('Ctrl Pts',(0.706744069696917,0.659509875496095,23.1292459583395));
#8059=CARTESIAN_POINT('Ctrl Pts',(0.829637051690459,0.626438718265053,23.1387140842368));
#8060=CARTESIAN_POINT('Ctrl Pts',(0.944536817515377,0.610685731077028,23.1517546232488));
#8061=CARTESIAN_POINT('Ctrl Pts',(1.05430951214386,0.605791489804514,23.1669300424048));
#8062=CARTESIAN_POINT('Ctrl Pts',(1.11008040099264,0.607663148920753,23.1758340536384));
#8063=CARTESIAN_POINT('Ctrl Pts',(1.13693301719248,0.608701308566868,23.1801354529737));
#8064=CARTESIAN_POINT('',(0.448122928923443,0.775629859474399,23.1208985550399));
#8065=CARTESIAN_POINT('Ctrl Pts',(7.11561885802237E-15,-5.17814957579077E-15,
22.9688909169822));
#8066=CARTESIAN_POINT('Ctrl Pts',(0.0465371127558147,0.0804844446271658,
22.9688909169822));
#8067=CARTESIAN_POINT('Ctrl Pts',(0.13421247527879,0.231892143540523,22.9767600327805));
#8068=CARTESIAN_POINT('Ctrl Pts',(0.285520793182765,0.494176665285727,23.0236605383441));
#8069=CARTESIAN_POINT('Ctrl Pts',(0.396884350602014,0.686882052211688,23.0846674130446));
#8070=CARTESIAN_POINT('Ctrl Pts',(0.448122928923443,0.775629859474399,23.1208985550399));
#8071=CARTESIAN_POINT('',(1.13693301719249,0.608701308566855,23.1801354529737));
#8072=CARTESIAN_POINT('Ctrl Pts',(0.448122928923444,0.775629859474399,23.1208985550399));
#8073=CARTESIAN_POINT('Ctrl Pts',(0.460010076624913,0.76875076121339,23.1208934570939));
#8074=CARTESIAN_POINT('Ctrl Pts',(0.472002962160633,0.762093972825668,23.1209612080917));
#8075=CARTESIAN_POINT('Ctrl Pts',(0.484160215895376,0.755623203396511,23.1211008989334));
#8076=CARTESIAN_POINT('Ctrl Pts',(0.496434240206923,0.749090282144657,23.1212419315074));
#8077=CARTESIAN_POINT('Ctrl Pts',(0.508875392874513,0.742747063066499,23.1214562097932));
#8078=CARTESIAN_POINT('Ctrl Pts',(0.521489373170323,0.736578864257892,23.1217398608415));
#8079=CARTESIAN_POINT('Ctrl Pts',(0.53520185035113,0.729873503743114,23.1220482138305));
#8080=CARTESIAN_POINT('Ctrl Pts',(0.549118066806771,0.723375147063848,23.1224384710464));
#8081=CARTESIAN_POINT('Ctrl Pts',(0.563189092231558,0.717088906266289,23.1229034403949));
#8082=CARTESIAN_POINT('Ctrl Pts',(0.579802254948023,0.709666963792874,23.1234524132814));
#8083=CARTESIAN_POINT('Ctrl Pts',(0.596630333467737,0.702540949812351,23.124105374308));
#8084=CARTESIAN_POINT('Ctrl Pts',(0.613526929066617,0.69574872345635,23.1248494366647));
#8085=CARTESIAN_POINT('Ctrl Pts',(0.637318040894623,0.686184985255297,23.1258971075185));
#8086=CARTESIAN_POINT('Ctrl Pts',(0.661236731815708,0.677285440996242,23.1271244294402));
#8087=CARTESIAN_POINT('Ctrl Pts',(0.684811495244043,0.669194780930248,23.1285027175111));
#8088=CARTESIAN_POINT('Ctrl Pts',(0.69977979427185,0.664057786891335,23.1293778324642));
#8089=CARTESIAN_POINT('Ctrl Pts',(0.714608353535888,0.659247638697944,23.1303140306663));
#8090=CARTESIAN_POINT('Ctrl Pts',(0.729206742446456,0.654793630597874,23.1313078205468));
#8091=CARTESIAN_POINT('Ctrl Pts',(0.742315110553535,0.650794231891257,23.1322001767961));
#8092=CARTESIAN_POINT('Ctrl Pts',(0.755237328407947,0.647082227073784,23.1331389902028));
#8093=CARTESIAN_POINT('Ctrl Pts',(0.767946096048402,0.643666479011807,23.1341244426424));
#8094=CARTESIAN_POINT('Ctrl Pts',(0.779815245694661,0.640476395909455,23.1350447901384));
#8095=CARTESIAN_POINT('Ctrl Pts',(0.791497843660174,0.637544869400693,23.136005831435));
#8096=CARTESIAN_POINT('Ctrl Pts',(0.80301321606344,0.634865079578406,23.1370099808897));
#8097=CARTESIAN_POINT('Ctrl Pts',(0.814424101533764,0.632209605341378,23.1380050190023));
#8098=CARTESIAN_POINT('Ctrl Pts',(0.825670199325285,0.629801548858079,23.1390423912569));
#8099=CARTESIAN_POINT('Ctrl Pts',(0.836820422982423,0.627616983032922,23.1401266821264));
#8100=CARTESIAN_POINT('Ctrl Pts',(0.847565749854024,0.625511745094596,23.1411715992666));
#8101=CARTESIAN_POINT('Ctrl Pts',(0.858230120506645,0.623612245534493,23.142260789458));
#8102=CARTESIAN_POINT('Ctrl Pts',(0.868857496349356,0.621894411778494,23.1433942693906));
#8103=CARTESIAN_POINT('Ctrl Pts',(0.88027366507171,0.620049075706289,23.1446118793015));
#8104=CARTESIAN_POINT('Ctrl Pts',(0.89164666331411,0.618413425491757,23.1458805125799));
#8105=CARTESIAN_POINT('Ctrl Pts',(0.902971148816544,0.616963941585079,23.1471925189644));
#8106=CARTESIAN_POINT('Ctrl Pts',(0.915828712762352,0.615318230438684,23.1486821412509));
#8107=CARTESIAN_POINT('Ctrl Pts',(0.928623005076726,0.613912575617729,23.1502275501385));
#8108=CARTESIAN_POINT('Ctrl Pts',(0.941280441393384,0.612719522395253,23.1518095867596));
#8109=CARTESIAN_POINT('Ctrl Pts',(0.960340780284377,0.610922950153726,23.1541919139056));
#8110=CARTESIAN_POINT('Ctrl Pts',(0.979086711215393,0.60960879759663,23.1566566198826));
#8111=CARTESIAN_POINT('Ctrl Pts',(0.9971437537599,0.608697148165986,23.1591254199571));
#8112=CARTESIAN_POINT('Ctrl Pts',(1.00975678393929,0.608060351649979,23.1608499022344));
#8113=CARTESIAN_POINT('Ctrl Pts',(1.02202972475341,0.607620366687328,23.1625759807987));
#8114=CARTESIAN_POINT('Ctrl Pts',(1.03385901009155,0.607348204898068,23.164280677344));
#8115=CARTESIAN_POINT('Ctrl Pts',(1.04360295317864,0.607124021533713,23.1656848590542));
#8116=CARTESIAN_POINT('Ctrl Pts',(1.05304553214718,0.607013745446096,23.1670745148923));
#8117=CARTESIAN_POINT('Ctrl Pts',(1.06216506839403,0.606997955294825,23.1684413154332));
#8118=CARTESIAN_POINT('Ctrl Pts',(1.07075610716405,0.606983080218058,23.1697289068326));
#8119=CARTESIAN_POINT('Ctrl Pts',(1.07905991118359,0.607052108930682,23.1709961622966));
#8120=CARTESIAN_POINT('Ctrl Pts',(1.08710025808614,0.607185011089243,23.1722410819772));
#8121=CARTESIAN_POINT('Ctrl Pts',(1.09479072638117,0.607312129962239,23.173431828527));
#8122=CARTESIAN_POINT('Ctrl Pts',(1.10223975323916,0.607497722785501,23.174602101681));
#8123=CARTESIAN_POINT('Ctrl Pts',(1.10951448292826,0.607720045393616,23.1757554857181));
#8124=CARTESIAN_POINT('Ctrl Pts',(1.11643262616826,0.607931470383156,23.1768523341674));
#8125=CARTESIAN_POINT('Ctrl Pts',(1.12319294336858,0.60817613064998,23.1779338931414));
#8126=CARTESIAN_POINT('Ctrl Pts',(1.12990019047226,0.608431041602961,23.1790085471216));
#8127=CARTESIAN_POINT('Ctrl Pts',(1.13224851287425,0.608520290305469,23.1793848019363));
#8128=CARTESIAN_POINT('Ctrl Pts',(1.13459078102367,0.608610754445287,23.1797602607383));
#8129=CARTESIAN_POINT('Ctrl Pts',(1.13693301719248,0.608701308566868,23.1801354529737));
#8130=CARTESIAN_POINT('Origin',(0.858568841471177,-1.03727332698276E-15,
25.0648094573108));
#8131=CARTESIAN_POINT('Ctrl Pts',(7.11561885802237E-15,-5.17814957579077E-15,
22.9688909169822));
#8132=CARTESIAN_POINT('Ctrl Pts',(0.0465371127558147,0.0804844446271658,
22.9688909169822));
#8133=CARTESIAN_POINT('Ctrl Pts',(0.13421247527879,0.231892143540523,22.9767600327805));
#8134=CARTESIAN_POINT('Ctrl Pts',(0.285520793182765,0.494176665285727,23.0236605383441));
#8135=CARTESIAN_POINT('Ctrl Pts',(0.396884350602014,0.686882052211688,23.0846674130446));
#8136=CARTESIAN_POINT('Ctrl Pts',(0.448122928923443,0.775629859474399,23.1208985550399));
#8137=CARTESIAN_POINT('Ctrl Pts',(-0.0232165086393434,0.0402722720894429,
22.9688909169822));
#8138=CARTESIAN_POINT('Ctrl Pts',(0.0214921148894555,0.117713507379932,
22.9696284813936));
#8139=CARTESIAN_POINT('Ctrl Pts',(0.106158249829992,0.265795204589957,22.9784694926901));
#8140=CARTESIAN_POINT('Ctrl Pts',(0.252025389217486,0.525067466502186,23.0261375795279));
#8141=CARTESIAN_POINT('Ctrl Pts',(0.358360094335318,0.712462100397379,23.0856900973516));
#8142=CARTESIAN_POINT('Ctrl Pts',(0.408040057727602,0.79882583688337,23.1209157450605));
#8143=CARTESIAN_POINT('Ctrl Pts',(-0.0711615474366959,0.123235745677771,
22.9710972241242));
#8144=CARTESIAN_POINT('Ctrl Pts',(-0.0298497140349754,0.196261143918916,
22.9730737918835));
#8145=CARTESIAN_POINT('Ctrl Pts',(0.0495705764521635,0.337771389425721,
22.9835232792877));
#8146=CARTESIAN_POINT('Ctrl Pts',(0.184960202982229,0.592383099821334,23.0326348294763));
#8147=CARTESIAN_POINT('Ctrl Pts',(0.282187168690129,0.768712464219229,23.0891382152154));
#8148=CARTESIAN_POINT('Ctrl Pts',(0.329324136206217,0.850943143813558,23.1226443225751));
#8149=CARTESIAN_POINT('Ctrl Pts',(-0.15318917749347,0.26508553166106,22.9811465311781));
#8150=CARTESIAN_POINT('Ctrl Pts',(-0.115633721285569,0.332604470833998,
22.9842910120262));
#8151=CARTESIAN_POINT('Ctrl Pts',(-0.0418028849921087,0.464464870424489,
22.996531848249));
#8152=CARTESIAN_POINT('Ctrl Pts',(0.0799573521919449,0.712291491614342,
23.0465827779208));
#8153=CARTESIAN_POINT('Ctrl Pts',(0.170726156053708,0.866847566932782,23.0979399773144));
#8154=CARTESIAN_POINT('Ctrl Pts',(0.217439740905718,0.942022159974474,23.1292421724543));
#8155=CARTESIAN_POINT('Ctrl Pts',(-0.247461193918476,0.428514340011723,
22.9982452897168));
#8156=CARTESIAN_POINT('Ctrl Pts',(-0.210975981659707,0.488796867420372,
23.0018758415743));
#8157=CARTESIAN_POINT('Ctrl Pts',(-0.138951293790035,0.613470792538195,
23.0154752567353));
#8158=CARTESIAN_POINT('Ctrl Pts',(-0.0179369525394951,0.838650743506273,
23.0632846223051));
#8159=CARTESIAN_POINT('Ctrl Pts',(0.0777617314408937,0.965615810872857,
23.1094630076214));
#8160=CARTESIAN_POINT('Ctrl Pts',(0.128062068405846,1.03129377147545,23.1386633284587));
#8161=CARTESIAN_POINT('Ctrl Pts',(-0.355904260197637,0.616526421644823,
23.0236676880615));
#8162=CARTESIAN_POINT('Ctrl Pts',(-0.316886929742243,0.670343114765933,
23.0272071763497));
#8163=CARTESIAN_POINT('Ctrl Pts',(-0.237819954421992,0.784498735813435,
23.0405430409871));
#8164=CARTESIAN_POINT('Ctrl Pts',(-0.101135999810034,0.962889657238391,
23.0824629394759));
#8165=CARTESIAN_POINT('Ctrl Pts',(0.00281236113084962,1.06785903878819,
23.1247989892089));
#8166=CARTESIAN_POINT('Ctrl Pts',(0.0565505837445576,1.1235540435065,23.1518096422003));
#8167=CARTESIAN_POINT('Ctrl Pts',(-0.479105488508298,0.829837042334985,
23.0569915849981));
#8168=CARTESIAN_POINT('Ctrl Pts',(-0.430735281183496,0.871428819656164,
23.0587784867083));
#8169=CARTESIAN_POINT('Ctrl Pts',(-0.331699682632519,0.957836535024478,
23.0686613635671));
#8170=CARTESIAN_POINT('Ctrl Pts',(-0.172074014791739,1.08646490690139,23.1036810598254));
#8171=CARTESIAN_POINT('Ctrl Pts',(-0.0597271978293495,1.17319214552498,
23.1428883738936));
#8172=CARTESIAN_POINT('Ctrl Pts',(-0.00256368498727053,1.21602574594704,
23.1669422457508));
#8173=CARTESIAN_POINT('Ctrl Pts',(-0.54298641352122,0.940480056038346,23.0766995071726));
#8174=CARTESIAN_POINT('Ctrl Pts',(-0.487205601175578,0.976843548673056,
23.0772314153549));
#8175=CARTESIAN_POINT('Ctrl Pts',(-0.374505063913762,1.05035948607883,23.0850122976661));
#8176=CARTESIAN_POINT('Ctrl Pts',(-0.20276763365822,1.1603231078488,23.1177550545548));
#8177=CARTESIAN_POINT('Ctrl Pts',(-0.0867316450359237,1.2308479952726,23.1540075920723));
#8178=CARTESIAN_POINT('Ctrl Pts',(-0.0287884765873112,1.26518940196322,
23.1758340536384));
#8179=CARTESIAN_POINT('Ctrl Pts',(-0.575398133493705,0.996618801791383,
23.086273854453));
#8180=CARTESIAN_POINT('Ctrl Pts',(-0.515881659569152,1.03098065403294,23.086273854453));
#8181=CARTESIAN_POINT('Ctrl Pts',(-0.396330822154165,1.09880703720259,23.0932884511346));
#8182=CARTESIAN_POINT('Ctrl Pts',(-0.217354308098442,1.19677476312136,23.1247424384459));
#8183=CARTESIAN_POINT('Ctrl Pts',(-0.099536793223958,1.25887848727095,23.1594438243355));
#8184=CARTESIAN_POINT('Ctrl Pts',(-0.0413157120605145,1.28896352957341,
23.1801354529737));
#8185=CARTESIAN_POINT('',(-0.575398133493705,0.996618801791383,23.086273854453));
#8186=CARTESIAN_POINT('Ctrl Pts',(7.11561885802237E-15,-5.17814957579077E-15,
22.9688909169822));
#8187=CARTESIAN_POINT('Ctrl Pts',(-0.0232165086393434,0.0402722720894429,
22.9688909169822));
#8188=CARTESIAN_POINT('Ctrl Pts',(-0.0711615474366959,0.123235745677771,
22.9710972241242));
#8189=CARTESIAN_POINT('Ctrl Pts',(-0.15318917749347,0.26508553166106,22.9811465311781));
#8190=CARTESIAN_POINT('Ctrl Pts',(-0.247461193918476,0.428514340011723,
22.9982452897168));
#8191=CARTESIAN_POINT('Ctrl Pts',(-0.355904260197637,0.616526421644823,
23.0236676880615));
#8192=CARTESIAN_POINT('Ctrl Pts',(-0.479105488508298,0.829837042334985,
23.0569915849981));
#8193=CARTESIAN_POINT('Ctrl Pts',(-0.54298641352122,0.940480056038346,23.0766995071726));
#8194=CARTESIAN_POINT('Ctrl Pts',(-0.575398133493705,0.996618801791383,
23.086273854453));
#8195=CARTESIAN_POINT('',(-0.0413157120605145,1.28896352957341,23.1801354529737));
#8196=CARTESIAN_POINT('Origin',(-0.429284420735591,0.743542427611814,25.0648094573108));
#8197=CARTESIAN_POINT('',(0.447888466307388,0.775765579768821,23.1208986650075));
#8198=CARTESIAN_POINT('Ctrl Pts',(-0.041315712060511,1.28896352957341,23.1801354529737));
#8199=CARTESIAN_POINT('Ctrl Pts',(-0.038152647569972,1.28296068090036,23.1790493710903));
#8200=CARTESIAN_POINT('Ctrl Pts',(-0.0349864931902266,1.27695474722243,
23.1779606249345));
#8201=CARTESIAN_POINT('Ctrl Pts',(-0.0317322700581375,1.27085016823017,
23.1768588340008));
#8202=CARTESIAN_POINT('Ctrl Pts',(-0.0283365012040525,1.26448006440883,
23.1757091195577));
#8203=CARTESIAN_POINT('Ctrl Pts',(-0.0248449802201186,1.25800275101871,
23.174545220522));
#8204=CARTESIAN_POINT('Ctrl Pts',(-0.0211945194273051,1.25135650424689,
23.1733616669951));
#8205=CARTESIAN_POINT('Ctrl Pts',(-0.0173421393768222,1.2443426312244,23.1721126471442));
#8206=CARTESIAN_POINT('Ctrl Pts',(-0.013312939536278,1.2371408846767,23.170841765758));
#8207=CARTESIAN_POINT('Ctrl Pts',(-0.00906651974062367,1.2297262695975,
23.1695491406808));
#8208=CARTESIAN_POINT('Ctrl Pts',(-0.00449797376297902,1.22174919443161,
23.1681584592642));
#8209=CARTESIAN_POINT('Ctrl Pts',(0.000321725234572436,1.21352611083389,
23.166742650041));
#8210=CARTESIAN_POINT('Ctrl Pts',(0.00540820041458545,1.20507461770402,
23.1653087432311));
#8211=CARTESIAN_POINT('Ctrl Pts',(0.0111973210014888,1.19545563576925,23.1636767566119));
#8212=CARTESIAN_POINT('Ctrl Pts',(0.0173315892166295,1.18554136695667,23.1620213848802));
#8213=CARTESIAN_POINT('Ctrl Pts',(0.023795658390962,1.17541176209822,23.1603609511975));
#8214=CARTESIAN_POINT('Ctrl Pts',(0.0346280743157836,1.15843668184746,23.1575784147206));
#8215=CARTESIAN_POINT('Ctrl Pts',(0.0463834451531318,1.14086111694059,23.1547819877256));
#8216=CARTESIAN_POINT('Ctrl Pts',(0.0588920625594449,1.12320046733365,23.1520812129882));
#8217=CARTESIAN_POINT('Ctrl Pts',(0.0662355962972342,1.11283228898052,23.1504956476329));
#8218=CARTESIAN_POINT('Ctrl Pts',(0.073837227947451,1.10243696470071,23.1489434703389));
#8219=CARTESIAN_POINT('Ctrl Pts',(0.081677980254292,1.09209828455923,23.1474444773288));
#8220=CARTESIAN_POINT('Ctrl Pts',(0.0886251159081355,1.08293791185343,23.1461163257207));
#8221=CARTESIAN_POINT('Ctrl Pts',(0.0957595788562877,1.07382255100733,23.1448300318445));
#8222=CARTESIAN_POINT('Ctrl Pts',(0.103091204561514,1.06477909430891,23.1435948029216));
#8223=CARTESIAN_POINT('Ctrl Pts',(0.110099689993845,1.05613422657056,23.1424140165231));
#8224=CARTESIAN_POINT('Ctrl Pts',(0.117287926697897,1.04755562843862,23.1412800012368));
#8225=CARTESIAN_POINT('Ctrl Pts',(0.124692683829497,1.03902836073696,23.1401948474267));
#8226=CARTESIAN_POINT('Ctrl Pts',(0.13320157250811,1.02922958269242,23.1389478851286));
#8227=CARTESIAN_POINT('Ctrl Pts',(0.142001045719867,1.01949402005957,23.1377650467414));
#8228=CARTESIAN_POINT('Ctrl Pts',(0.151179673560844,1.00974716049731,23.1366398427004));
#8229=CARTESIAN_POINT('Ctrl Pts',(0.159477761779563,1.00093535312214,23.1356225836333));
#8230=CARTESIAN_POINT('Ctrl Pts',(0.168085406022587,0.992114276922914,23.1346523140858));
#8231=CARTESIAN_POINT('Ctrl Pts',(0.177023766597631,0.983265649063425,23.1337261494373));
#8232=CARTESIAN_POINT('Ctrl Pts',(0.187043737862863,0.973346268865633,23.1326879117105));
#8233=CARTESIAN_POINT('Ctrl Pts',(0.197479231533529,0.963392286718347,23.13170505252));
#8234=CARTESIAN_POINT('Ctrl Pts',(0.208307814491317,0.953422921525213,23.1307767818028));
#8235=CARTESIAN_POINT('Ctrl Pts',(0.220555119197596,0.942147406185446,23.1297268924157));
#8236=CARTESIAN_POINT('Ctrl Pts',(0.233304508444455,0.930852750168473,23.1287467799208));
#8237=CARTESIAN_POINT('Ctrl Pts',(0.246466334783159,0.919617253055503,23.1278401552547));
#8238=CARTESIAN_POINT('Ctrl Pts',(0.265546547629792,0.903329568441189,23.1265258550082));
#8239=CARTESIAN_POINT('Ctrl Pts',(0.285489514802283,0.887168547831477,23.1253655531723));
#8240=CARTESIAN_POINT('Ctrl Pts',(0.305932722432396,0.87146171375684,23.1243855597839));
#8241=CARTESIAN_POINT('Ctrl Pts',(0.319675650023039,0.860902808947401,23.1237267601268));
#8242=CARTESIAN_POINT('Ctrl Pts',(0.333642256333168,0.850551479254071,23.1231498628992));
#8243=CARTESIAN_POINT('Ctrl Pts',(0.347739618726999,0.840498665110312,23.1226651805598));
#8244=CARTESIAN_POINT('Ctrl Pts',(0.360389496767314,0.831478050521007,23.1222302642748));
#8245=CARTESIAN_POINT('Ctrl Pts',(0.373143911766455,0.822698434075097,23.1218697026696));
#8246=CARTESIAN_POINT('Ctrl Pts',(0.38596782787113,0.814202899493714,23.1215906314678));
#8247=CARTESIAN_POINT('Ctrl Pts',(0.397586965007527,0.806505501870214,23.1213377783971));
#8248=CARTESIAN_POINT('Ctrl Pts',(0.409262923505181,0.799041525647343,23.1211518796515));
#8249=CARTESIAN_POINT('Ctrl Pts',(0.421003482601746,0.791818202600921,23.1210369382529));
#8250=CARTESIAN_POINT('Ctrl Pts',(0.429920721871998,0.786331913625968,23.120949637474));
#8251=CARTESIAN_POINT('Ctrl Pts',(0.438875811258726,0.780984026420204,23.1209032540753));
#8252=CARTESIAN_POINT('Ctrl Pts',(0.447888466307386,0.775765579768823,23.1208986650075));
#8253=CARTESIAN_POINT('Ctrl Pts',(0.447888466307386,0.775765579768823,23.1208986650075));
#8254=CARTESIAN_POINT('Ctrl Pts',(0.447966616078566,0.775720330016168,23.1208986252151));
#8255=CARTESIAN_POINT('Ctrl Pts',(0.448044770277859,0.775675089921301,23.1208985885592));
#8256=CARTESIAN_POINT('Ctrl Pts',(0.448122928923444,0.775629859474399,23.1208985550399));
#8257=CARTESIAN_POINT('Ctrl Pts',(7.11561885802237E-15,-5.17814957579077E-15,
22.9688909169822));
#8258=CARTESIAN_POINT('Ctrl Pts',(-0.0232165086393434,0.0402722720894429,
22.9688909169822));
#8259=CARTESIAN_POINT('Ctrl Pts',(-0.0711615474366959,0.123235745677771,
22.9710972241242));
#8260=CARTESIAN_POINT('Ctrl Pts',(-0.15318917749347,0.26508553166106,22.9811465311781));
#8261=CARTESIAN_POINT('Ctrl Pts',(-0.247461193918476,0.428514340011723,
22.9982452897168));
#8262=CARTESIAN_POINT('Ctrl Pts',(-0.355904260197637,0.616526421644823,
23.0236676880615));
#8263=CARTESIAN_POINT('Ctrl Pts',(-0.479105488508298,0.829837042334985,
23.0569915849981));
#8264=CARTESIAN_POINT('Ctrl Pts',(-0.54298641352122,0.940480056038346,23.0766995071726));
#8265=CARTESIAN_POINT('Ctrl Pts',(-0.575398133493705,0.996618801791383,
23.086273854453));
#8266=CARTESIAN_POINT('Ctrl Pts',(-0.0929701300345014,6.00995517201145E-5,
22.9688909169822));
#8267=CARTESIAN_POINT('Ctrl Pts',(-0.112744811124827,0.0404521372554371,
22.9696284813936));
#8268=CARTESIAN_POINT('Ctrl Pts',(-0.15522313272609,0.124102245470763,22.9730590036214));
#8269=CARTESIAN_POINT('Ctrl Pts',(-0.230405557497041,0.266233799868459,
22.9842633963829));
#8270=CARTESIAN_POINT('Ctrl Pts',(-0.31782928339274,0.427033420224478,23.0018752437937));
#8271=CARTESIAN_POINT('Ctrl Pts',(-0.422086163890298,0.609738337969286,
23.0272119589162));
#8272=CARTESIAN_POINT('Ctrl Pts',(-0.539274690685744,0.808681386089396,
23.0587674852729));
#8273=CARTESIAN_POINT('Ctrl Pts',(-0.602368528086026,0.910354201820641,
23.0772314153549));
#8274=CARTESIAN_POINT('Ctrl Pts',(-0.634914607418258,0.962256949549823,
23.086273854453));
#8275=CARTESIAN_POINT('Ctrl Pts',(-0.26793072488352,0.000285341325974103,
22.9767600327805));
#8276=CARTESIAN_POINT('Ctrl Pts',(-0.28323411343271,0.0414952834309338,
22.9784478327004));
#8277=CARTESIAN_POINT('Ctrl Pts',(-0.317146607417377,0.126059923555817,
22.9834580747048));
#8278=CARTESIAN_POINT('Ctrl Pts',(-0.381061111825972,0.268005270370274,
22.9964775425441));
#8279=CARTESIAN_POINT('Ctrl Pts',(-0.46186391224445,0.427326243110843,23.0155186986712));
#8280=CARTESIAN_POINT('Ctrl Pts',(-0.560446287911488,0.59834733496144,23.0405291019136));
#8281=CARTESIAN_POINT('Ctrl Pts',(-0.663586216966483,0.76605445261994,23.0686403176868));
#8282=CARTESIAN_POINT('Ctrl Pts',(-0.72238546609336,0.849510642234634,23.0850122976661));
#8283=CARTESIAN_POINT('Ctrl Pts',(-0.753429396997481,0.892636078889554,
23.0932884511346));
#8284=CARTESIAN_POINT('Ctrl Pts',(-0.570729942686305,0.000179927562069844,
23.0236605383441));
#8285=CARTESIAN_POINT('Ctrl Pts',(-0.580647407363805,0.0446516340793639,
23.0261127490298));
#8286=CARTESIAN_POINT('Ctrl Pts',(-0.6052655780705,0.135777415721506,23.0325645356178));
#8287=CARTESIAN_POINT('Ctrl Pts',(-0.656785121209816,0.286392117829266,
23.0465715589092));
#8288=CARTESIAN_POINT('Ctrl Pts',(-0.717535492687944,0.435306188435385,
23.0633479131911));
#8289=CARTESIAN_POINT('Ctrl Pts',(-0.783191426111314,0.568995929271506,
23.0824175308821));
#8290=CARTESIAN_POINT('Ctrl Pts',(-0.854796391812901,0.692125495794947,
23.1036598045422));
#8291=CARTESIAN_POINT('Ctrl Pts',(-0.903485471166057,0.755763475737674,
23.1177550545547));
#8292=CARTESIAN_POINT('Ctrl Pts',(-0.92776019342198,0.786621733995919,23.1247424384459));
#8293=CARTESIAN_POINT('Ctrl Pts',(-0.793299481919918,0.000270903879970551,
23.0846674130446));
#8294=CARTESIAN_POINT('Ctrl Pts',(-0.796101813204451,0.0464239129421904,
23.0856575699595));
#8295=CARTESIAN_POINT('Ctrl Pts',(-0.806576770924218,0.139659347526517,
23.0890524951988));
#8296=CARTESIAN_POINT('Ctrl Pts',(-0.836032953075288,0.285098032564565,
23.0979336196853));
#8297=CARTESIAN_POINT('Ctrl Pts',(-0.875321321037964,0.415990412660676,
23.1095207444476));
#8298=CARTESIAN_POINT('Ctrl Pts',(-0.926042696230259,0.531375038949669,
23.1247457050734));
#8299=CARTESIAN_POINT('Ctrl Pts',(-0.986098674629788,0.638232872456303,
23.1428732422149));
#8300=CARTESIAN_POINT('Ctrl Pts',(-1.02257980958525,0.69053580554936,23.1540075920723));
#8301=CARTESIAN_POINT('Ctrl Pts',(-1.04045235364239,0.715640635178589,23.1594438243355));
#8302=CARTESIAN_POINT('Ctrl Pts',(-0.895776626700306,0.000270910728771686,
23.1208985550399));
#8303=CARTESIAN_POINT('Ctrl Pts',(-0.895729756596449,0.0465816841455016,
23.1208813650194));
#8304=CARTESIAN_POINT('Ctrl Pts',(-0.901352780408527,0.139876800141062,
23.1225570265358));
#8305=CARTESIAN_POINT('Ctrl Pts',(-0.924524341074785,0.2823033805835,23.1292459583395));
#8306=CARTESIAN_POINT('Ctrl Pts',(-0.957330369776928,0.405267403552225,
23.1387140842368));
#8307=CARTESIAN_POINT('Ctrl Pts',(-1.00113776559907,0.512650013239522,23.1517546232488));
#8308=CARTESIAN_POINT('Ctrl Pts',(-1.05178557563907,0.610163076065974,23.1669300424048));
#8309=CARTESIAN_POINT('Ctrl Pts',(-1.08129192440533,0.65752625304241,23.1758340536384));
#8310=CARTESIAN_POINT('Ctrl Pts',(-1.09561730513197,0.680262221006482,23.1801354529737));
#8311=CARTESIAN_POINT('',(-0.895776626700306,0.000270910728771686,23.1208985550399));
#8312=CARTESIAN_POINT('Ctrl Pts',(-3.5778197638758E-9,6.20623451962289E-9,
22.9688909169822));
#8313=CARTESIAN_POINT('Ctrl Pts',(-0.0929701330819186,6.01057764165355E-5,
22.9688909170959));
#8314=CARTESIAN_POINT('Ctrl Pts',(-0.267930727241879,0.000285347676715328,
22.9767600330406));
#8315=CARTESIAN_POINT('Ctrl Pts',(-0.570729944214656,0.00017993441547185,
23.023660538722));
#8316=CARTESIAN_POINT('Ctrl Pts',(-0.793299482351777,0.000270910992473071,
23.0846674131972));
#8317=CARTESIAN_POINT('Ctrl Pts',(-0.895776626693083,0.000270917865586799,
23.1208985550373));
#8318=CARTESIAN_POINT('',(-1.09561730513197,0.680262221006543,23.1801354529737));
#8319=CARTESIAN_POINT('Ctrl Pts',(-0.895776626700314,0.000270910728771469,
23.1208985550399));
#8320=CARTESIAN_POINT('Ctrl Pts',(-0.895762726701983,0.0140050316111592,
23.120893457094));
#8321=CARTESIAN_POINT('Ctrl Pts',(-0.895994221613756,0.0277195692078856,
23.1209612080904));
#8322=CARTESIAN_POINT('Ctrl Pts',(-0.896468997763932,0.0414834443597312,
23.1211008989293));
#8323=CARTESIAN_POINT('Ctrl Pts',(-0.896948334149454,0.0553795218345558,
23.1212419315017));
#8324=CARTESIAN_POINT('Ctrl Pts',(-0.897675521614252,0.069325485624069,
23.1214562097859));
#8325=CARTESIAN_POINT('Ctrl Pts',(-0.898640694892541,0.0833336123953892,
23.1217398608325));
#8326=CARTESIAN_POINT('Ctrl Pts',(-0.899689920928842,0.0985616462198623,
23.1220482138195));
#8327=CARTESIAN_POINT('Ctrl Pts',(-0.901020287182257,0.11386262151435,23.1224384710333));
#8328=CARTESIAN_POINT('Ctrl Pts',(-0.902611755661949,0.129191607368663,
23.1229034403795));
#8329=CARTESIAN_POINT('Ctrl Pts',(-0.904490746281026,0.147289999506337,
23.1234524132627));
#8330=CARTESIAN_POINT('Ctrl Pts',(-0.906733476392696,0.165426549943699,
23.1241053742855));
#8331=CARTESIAN_POINT('Ctrl Pts',(-0.909299533605041,0.183455544102577,
23.124849436638));
#8332=CARTESIAN_POINT('Ctrl Pts',(-0.912912649307051,0.208841120688124,
23.1258971074992));
#8333=CARTESIAN_POINT('Ctrl Pts',(-0.917164763396172,0.234005087037912,
23.1271244294322));
#8334=CARTESIAN_POINT('Ctrl Pts',(-0.921945428009228,0.258466761330628,
23.1285027175174));
#8335=CARTESIAN_POINT('Ctrl Pts',(-0.924980810186493,0.273998185553819,
23.1293778324705));
#8336=CARTESIAN_POINT('Ctrl Pts',(-0.928229379287039,0.28924516866882,23.1303140306725));
#8337=CARTESIAN_POINT('Ctrl Pts',(-0.931671289578829,0.304114748363911,
23.131307820553));
#8338=CARTESIAN_POINT('Ctrl Pts',(-0.934761892752844,0.317466627496708,
23.1322001768024));
#8339=CARTESIAN_POINT('Ctrl Pts',(-0.938008311209346,0.33051359883719,23.1331389902092));
#8340=CARTESIAN_POINT('Ctrl Pts',(-0.941404570435124,0.343227588492277,
23.1341244426489));
#8341=CARTESIAN_POINT('Ctrl Pts',(-0.944576452251621,0.355101615155492,
23.1350447901449));
#8342=CARTESIAN_POINT('Ctrl Pts',(-0.947878974806072,0.366684805027329,
23.1360058314416));
#8343=CARTESIAN_POINT('Ctrl Pts',(-0.951315894944934,0.37799730497104,23.1370099808963));
#8344=CARTESIAN_POINT('Ctrl Pts',(-0.954721629543297,0.389207158821475,
23.1380050190124));
#8345=CARTESIAN_POINT('Ctrl Pts',(-0.958259240363199,0.400150593477355,
23.1390423912706));
#8346=CARTESIAN_POINT('Ctrl Pts',(-0.961942462704402,0.410899253367443,
23.1401266821441));
#8347=CARTESIAN_POINT('Ctrl Pts',(-0.965491936607306,0.421257598380795,
23.1411715992851));
#8348=CARTESIAN_POINT('Ctrl Pts',(-0.969179107062957,0.431442964063108,
23.1422607894775));
#8349=CARTESIAN_POINT('Ctrl Pts',(-0.973005107315039,0.441505458398267,
23.1433942694109));
#8350=CARTESIAN_POINT('Ctrl Pts',(-0.977115083763506,0.452314818566975,
23.1446118793232));
#8351=CARTESIAN_POINT('Ctrl Pts',(-0.981385068251688,0.462981949074507,
23.1458805126029));
#8352=CARTESIAN_POINT('Ctrl Pts',(-0.985792021121785,0.473513983162633,
23.1471925189888));
#8353=CARTESIAN_POINT('Ctrl Pts',(-0.99079557544205,0.485471815754943,23.1486821412775));
#8354=CARTESIAN_POINT('Ctrl Pts',(-0.995975388822892,0.497254825343882,
23.1502275501674));
#8355=CARTESIAN_POINT('Ctrl Pts',(-1.00127089258984,0.508813013361898,23.1518095867907));
#8356=CARTESIAN_POINT('Ctrl Pts',(-1.00924518482801,0.526218037143532,23.1541919139349));
#8357=CARTESIAN_POINT('Ctrl Pts',(-1.01748006078654,0.543109565802426,23.1566566199095));
#8358=CARTESIAN_POINT('Ctrl Pts',(-1.02571907048357,0.559203248055761,23.1591254199813));
#8359=CARTESIAN_POINT('Ctrl Pts',(-1.0314741036078,0.570444850853267,23.1608499022569));
#8360=CARTESIAN_POINT('Ctrl Pts',(-1.03722953585394,0.581293521844483,23.1625759808195));
#8361=CARTESIAN_POINT('Ctrl Pts',(-1.04290847949351,0.591674064337044,23.1642806773629));
#8362=CARTESIAN_POINT('Ctrl Pts',(-1.0475863025427,0.600224658253216,23.1656848590715));
#8363=CARTESIAN_POINT('Ctrl Pts',(-1.05221209012791,0.608457309549193,23.1670745149079));
#8364=CARTESIAN_POINT('Ctrl Pts',(-1.05675818357356,0.616362954674255,23.1684413154471));
#8365=CARTESIAN_POINT('Ctrl Pts',(-1.061040820763,0.623810450029071,23.1697289068461));
#8366=CARTESIAN_POINT('Ctrl Pts',(-1.06525250339025,0.630967240898572,23.1709961623097));
#8367=CARTESIAN_POINT('Ctrl Pts',(-1.06938777348584,0.637863934489224,23.17224108199));
#8368=CARTESIAN_POINT('Ctrl Pts',(-1.07334309580578,0.644460515960864,23.1734318285395));
#8369=CARTESIAN_POINT('Ctrl Pts',(-1.0772283373336,0.650818766039585,23.1746021016932));
#8370=CARTESIAN_POINT('Ctrl Pts',(-1.08105823920384,0.657007705450159,23.17575548573));
#8371=CARTESIAN_POINT('Ctrl Pts',(-1.0847004102351,0.662893280746631,23.1768523341792));
#8372=CARTESIAN_POINT('Ctrl Pts',(-1.08829245084103,0.668625557045014,23.177933893153));
#8373=CARTESIAN_POINT('Ctrl Pts',(-1.09186683375342,0.674306747948921,23.1790085471331));
#8374=CARTESIAN_POINT('Ctrl Pts',(-1.0931182865853,0.676295830433759,23.1793848019439));
#8375=CARTESIAN_POINT('Ctrl Pts',(-1.09436776489054,0.678279062063596,23.1797602607421));
#8376=CARTESIAN_POINT('Ctrl Pts',(-1.09561730513197,0.68026222100653,23.1801354529737));
#8377=CARTESIAN_POINT('Origin',(-0.429284420735591,0.743542427611814,25.0648094573108));
#8378=CARTESIAN_POINT('Ctrl Pts',(7.11561885802237E-15,-5.17814957579077E-15,
22.9688909169822));
#8379=CARTESIAN_POINT('Ctrl Pts',(-0.0929701300345014,6.00995517200918E-5,
22.9688909169822));
#8380=CARTESIAN_POINT('Ctrl Pts',(-0.267930724883517,0.00028534132596154,
22.9767600327805));
#8381=CARTESIAN_POINT('Ctrl Pts',(-0.570729942686302,0.000179927562077188,
23.0236605383441));
#8382=CARTESIAN_POINT('Ctrl Pts',(-0.793299481919918,0.000270903879961123,
23.0846674130446));
#8383=CARTESIAN_POINT('Ctrl Pts',(-0.895776626700306,0.000270910728762194,
23.1208985550399));
#8384=CARTESIAN_POINT('Ctrl Pts',(-0.0232685563778966,-0.0402422223135907,
22.9688909169822));
#8385=CARTESIAN_POINT('Ctrl Pts',(-0.112688945204301,-0.0402440362146612,
22.9696284813936));
#8386=CARTESIAN_POINT('Ctrl Pts',(-0.283264524293981,-0.0409618611209214,
22.9784694926901));
#8387=CARTESIAN_POINT('Ctrl Pts',(-0.580734459300372,-0.0442733437901105,
23.0261375795279));
#8388=CARTESIAN_POINT('Ctrl Pts',(-0.796190325345407,-0.0458821048017597,
23.0856900973516));
#8389=CARTESIAN_POINT('Ctrl Pts',(-0.895823496804164,-0.0460398626879571,
23.1209157450605));
#8390=CARTESIAN_POINT('Ctrl Pts',(-0.0711445126929151,-0.123245580691706,
22.9710972241241));
#8391=CARTESIAN_POINT('Ctrl Pts',(-0.155042279392074,-0.123981182609477,
22.9730737918835));
#8392=CARTESIAN_POINT('Ctrl Pts',(-0.317303892140309,-0.125956316224974,
22.9835232792878));
#8393=CARTESIAN_POINT('Ctrl Pts',(-0.605498914708951,-0.136011315439173,
23.0326348294763));
#8394=CARTESIAN_POINT('Ctrl Pts',(-0.806818106564651,-0.139974975402,23.0891382152154));
#8395=CARTESIAN_POINT('Ctrl Pts',(-0.901600447821842,-0.140268503872867,
23.1226443225751));
#8396=CARTESIAN_POINT('Ctrl Pts',(-0.152976215847421,-0.265208485124727,
22.9811465311781));
#8397=CARTESIAN_POINT('Ctrl Pts',(-0.230227060511717,-0.266443975584447,
22.9842910120262));
#8398=CARTESIAN_POINT('Ctrl Pts',(-0.381336934456998,-0.268434795566902,
22.996531848249));
#8399=CARTESIAN_POINT('Ctrl Pts',(-0.656841202733495,-0.286900647589571,
23.0465827779208));
#8400=CARTESIAN_POINT('Ctrl Pts',(-0.836075092199354,-0.285570595233392,
23.0979399773144));
#8401=CARTESIAN_POINT('Ctrl Pts',(-0.924534991918621,-0.282702740570549,
23.1292421724543));
#8402=CARTESIAN_POINT('Ctrl Pts',(-0.247373707376844,-0.428564850390083,
22.9982452897168));
#8403=CARTESIAN_POINT('Ctrl Pts',(-0.31782251364645,-0.427108993415841,
23.0018758415743));
#8404=CARTESIAN_POINT('Ctrl Pts',(-0.461805643922839,-0.427070746579945,
23.0154752567353));
#8405=CARTESIAN_POINT('Ctrl Pts',(-0.717324372509379,-0.434859228318773,
23.0632846223051));
#8406=CARTESIAN_POINT('Ctrl Pts',(-0.875128688232251,-0.415464270566371,
23.1094630076214));
#8407=CARTESIAN_POINT('Ctrl Pts',(-0.95715763906533,-0.404741881237107,
23.1386633284587));
#8408=CARTESIAN_POINT('Ctrl Pts',(-0.355975413149924,-0.616485341468699,
23.0236676880615));
#8409=CARTESIAN_POINT('Ctrl Pts',(-0.422090701768172,-0.609603688667033,
23.0272071763498));
#8410=CARTESIAN_POINT('Ctrl Pts',(-0.560485857240231,-0.598207489963083,
23.0405430409871));
#8411=CARTESIAN_POINT('Ctrl Pts',(-0.783318904304752,-0.569031173691839,
23.082462939476));
#8412=CARTESIAN_POINT('Ctrl Pts',(-0.92619923581685,-0.531493943210216,
23.1247989892089));
#8413=CARTESIAN_POINT('Ctrl Pts',(-1.00130163607366,-0.512802779631672,
23.1518096422003));
#8414=CARTESIAN_POINT('Ctrl Pts',(-0.479107215409292,-0.829836045308235,
23.0569915849981));
#8415=CARTESIAN_POINT('Ctrl Pts',(-0.539311854820377,-0.808742105639225,
23.0587784867083));
#8416=CARTESIAN_POINT('Ctrl Pts',(-0.663660930687821,-0.766178619099223,
23.0686613635671));
#8417=CARTESIAN_POINT('Ctrl Pts',(-0.85486920230103,-0.692252921591625,
23.1036810598254));
#8418=CARTESIAN_POINT('Ctrl Pts',(-0.986150602630338,-0.638321343379579,
23.1428883738936));
#8419=CARTESIAN_POINT('Ctrl Pts',(-1.05182734515244,-0.610233089299812,
23.1669422457508));
#8420=CARTESIAN_POINT('Ctrl Pts',(-0.542986413521224,-0.940480056038369,
23.0766995071726));
#8421=CARTESIAN_POINT('Ctrl Pts',(-0.60236852808603,-0.910354201820666,
23.0772314153549));
#8422=CARTESIAN_POINT('Ctrl Pts',(-0.722385466093366,-0.84951064223467,
23.0850122976661));
#8423=CARTESIAN_POINT('Ctrl Pts',(-0.903485471166067,-0.755763475737689,
23.1177550545548));
#8424=CARTESIAN_POINT('Ctrl Pts',(-1.02257980958526,-0.690535805549437,
23.1540075920723));
#8425=CARTESIAN_POINT('Ctrl Pts',(-1.08129192440534,-0.657526253042488,
23.1758340536384));
#8426=CARTESIAN_POINT('Ctrl Pts',(-0.575398133493707,-0.996618801791404,
23.086273854453));
#8427=CARTESIAN_POINT('Ctrl Pts',(-0.63491460741826,-0.962256949549847,
23.086273854453));
#8428=CARTESIAN_POINT('Ctrl Pts',(-0.753429396997483,-0.892636078889587,
23.0932884511346));
#8429=CARTESIAN_POINT('Ctrl Pts',(-0.927760193421987,-0.786621733995929,
23.1247424384459));
#8430=CARTESIAN_POINT('Ctrl Pts',(-1.04045235364239,-0.715640635178669,
23.1594438243355));
#8431=CARTESIAN_POINT('Ctrl Pts',(-1.09561730513197,-0.680262221006563,
23.1801354529737));
#8432=CARTESIAN_POINT('',(-1.09561730513198,-0.680262221006563,23.1801354529737));
#8433=CARTESIAN_POINT('Origin',(-0.429284420735594,-0.743542427611822,25.0648094573108));
#8434=CARTESIAN_POINT('',(-0.895776932615059,-1.5754064719431E-13,23.1208986650075));
#8435=CARTESIAN_POINT('Ctrl Pts',(-1.09561730513198,-0.680262221006564,
23.1801354529737));
#8436=CARTESIAN_POINT('Ctrl Pts',(-1.09200021793128,-0.674521502467369,
23.1790493710903));
#8437=CARTESIAN_POINT('Ctrl Pts',(-1.08838200398258,-0.668776565503188,
23.1779606249345));
#8438=CARTESIAN_POINT('Ctrl Pts',(-1.08472239506189,-0.662906036105031,
23.1768588340008));
#8439=CARTESIAN_POINT('Ctrl Pts',(-1.0809036077549,-0.656780162101326,23.1757091195576));
#8440=CARTESIAN_POINT('Ctrl Pts',(-1.07703985030274,-0.650517759536313,
23.1745452205219));
#8441=CARTESIAN_POINT('Ctrl Pts',(-1.07310926215491,-0.644033244368283,
23.1733616669951));
#8442=CARTESIAN_POINT('Ctrl Pts',(-1.06896125996356,-0.637190048867962,
23.1721126471441));
#8443=CARTESIAN_POINT('Ctrl Pts',(-1.06473896442171,-0.630099786174923,
23.1708417657579));
#8444=CARTESIAN_POINT('Ctrl Pts',(-1.06044092930145,-0.622714971216774,
23.1695491406806));
#8445=CARTESIAN_POINT('Ctrl Pts',(-1.05581685254851,-0.61476995675846,23.1681584592639));
#8446=CARTESIAN_POINT('Ctrl Pts',(-1.05110530275401,-0.606484433188725,
23.1667426500406));
#8447=CARTESIAN_POINT('Ctrl Pts',(-1.04632933259343,-0.59785366990175,23.1653087432307));
#8448=CARTESIAN_POINT('Ctrl Pts',(-1.04089361017316,-0.588030653441094,
23.1636767566116));
#8449=CARTESIAN_POINT('Ctrl Pts',(-1.03537473562944,-0.577761086927473,
23.16202138488));
#8450=CARTESIAN_POINT('Ctrl Pts',(-1.02983427507924,-0.567098236382132,
23.1603609511974));
#8451=CARTESIAN_POINT('Ctrl Pts',(-1.02054963231323,-0.549229548881506,
23.1575784147205));
#8452=CARTESIAN_POINT('Ctrl Pts',(-1.0112064320367,-0.530261316652054,23.1547819877255));
#8453=CARTESIAN_POINT('Ctrl Pts',(-1.00216616953294,-0.510598211408523,
23.1520812129881));
#8454=CARTESIAN_POINT('Ctrl Pts',(-0.996858830556774,-0.499054435460861,
23.1504956476328));
#8455=CARTESIAN_POINT('Ctrl Pts',(-0.991657031474723,-0.48727356720095,
23.1489434703386));
#8456=CARTESIAN_POINT('Ctrl Pts',(-0.986623847983777,-0.475313936447038,
23.1474444773285));
#8457=CARTESIAN_POINT('Ctrl Pts',(-0.982164300339401,-0.46471735413444,
23.1461163257204));
#8458=CARTESIAN_POINT('Ctrl Pts',(-0.977837397756152,-0.453981047556021,
23.1448300318442));
#8459=CARTESIAN_POINT('Ctrl Pts',(-0.973671347369968,-0.443109945095117,
23.1435948029213));
#8460=CARTESIAN_POINT('Ctrl Pts',(-0.969688915012205,-0.432717984798996,
23.1424140165228));
#8461=CARTESIAN_POINT('Ctrl Pts',(-0.965853749452976,-0.422203490138413,
23.1412800012364));
#8462=CARTESIAN_POINT('Ctrl Pts',(-0.962171297564129,-0.411527148502236,
23.1401948474263));
#8463=CARTESIAN_POINT('Ctrl Pts',(-0.957939751191306,-0.399258845727554,
23.1389478851284));
#8464=CARTESIAN_POINT('Ctrl Pts',(-0.953908243237439,-0.386770497071077,
23.1377650467412));
#8465=CARTESIAN_POINT('Ctrl Pts',(-0.950056529170298,-0.373948142409128,
23.1366398427004));
#8466=CARTESIAN_POINT('Ctrl Pts',(-0.946574324239512,-0.362355883521318,
23.1356225836333));
#8467=CARTESIAN_POINT('Ctrl Pts',(-0.94323887028378,-0.350490906840521,
23.1346523140858));
#8468=CARTESIAN_POINT('Ctrl Pts',(-0.940044914056355,-0.338325745584634,
23.1337261494374));
#8469=CARTESIAN_POINT('Ctrl Pts',(-0.936464464447718,-0.324688505824224,
23.1326879117105));
#8470=CARTESIAN_POINT('Ctrl Pts',(-0.933061809874533,-0.310674112130117,
23.1317050525199));
#8471=CARTESIAN_POINT('Ctrl Pts',(-0.929842377836435,-0.29631160160442,
23.1307767818026));
#8472=CARTESIAN_POINT('Ctrl Pts',(-0.926201147464712,-0.280067366931513,
23.1297268924157));
#8473=CARTESIAN_POINT('Ctrl Pts',(-0.922794383050563,-0.26337874395304,
23.1287467799207));
#8474=CARTESIAN_POINT('Ctrl Pts',(-0.919645070296045,-0.246362519427602,
23.1278401552547));
#8475=CARTESIAN_POINT('Ctrl Pts',(-0.915079628074246,-0.221694728084056,
23.1265258550081));
#8476=CARTESIAN_POINT('Ctrl Pts',(-0.911055257261177,-0.196343101579306,
23.1253655531722));
#8477=CARTESIAN_POINT('Ctrl Pts',(-0.907674343754443,-0.170785347397801,
23.1243855597837));
#8478=CARTESIAN_POINT('Ctrl Pts',(-0.905401527748695,-0.153604170577103,
23.1237267601266));
#8479=CARTESIAN_POINT('Ctrl Pts',(-0.903420316426439,-0.136333069861131,
23.123149862899));
#8480=CARTESIAN_POINT('Ctrl Pts',(-0.901763005195398,-0.119097988829752,
23.1226651805597));
#8481=CARTESIAN_POINT('Ctrl Pts',(-0.900275862823368,-0.103632565795708,
23.1222302642746));
#8482=CARTESIAN_POINT('Ctrl Pts',(-0.899049699445259,-0.0881971101713983,
23.1218697026694));
#8483=CARTESIAN_POINT('Ctrl Pts',(-0.898104308731416,-0.0728435057563902,
23.1215906314676));
#8484=CARTESIAN_POINT('Ctrl Pts',(-0.897247735414734,-0.0589323390142077,
23.121337778397));
#8485=CARTESIAN_POINT('Ctrl Pts',(-0.896621721641426,-0.0450886742299892,
23.1211518796514));
#8486=CARTESIAN_POINT('Ctrl Pts',(-0.896236419931892,-0.0313093902742587,
23.1210369382528));
#8487=CARTESIAN_POINT('Ctrl Pts',(-0.895943773942414,-0.0208436900509306,
23.120949637474));
#8488=CARTESIAN_POINT('Ctrl Pts',(-0.895789912459117,-0.0104144115497555,
23.1209032540753));
#8489=CARTESIAN_POINT('Ctrl Pts',(-0.895776932615062,-1.45851760794812E-13,
23.1208986650075));
#8490=CARTESIAN_POINT('Ctrl Pts',(-0.895776932615062,-1.45851760794812E-13,
23.1208986650075));
#8491=CARTESIAN_POINT('Ctrl Pts',(-0.895776820065338,9.03045633087315E-5,
23.1208986252151));
#8492=CARTESIAN_POINT('Ctrl Pts',(-0.895776718093564,0.000180608132733346,
23.1208985885592));
#8493=CARTESIAN_POINT('Ctrl Pts',(-0.895776626700314,0.000270910728771469,
23.1208985550399));
#8494=CARTESIAN_POINT('Ctrl Pts',(21.655278031643,-5.32776947559377E-15,
-7.65629697232741));
#8495=CARTESIAN_POINT('Ctrl Pts',(21.6707557040692,0.0805445441788853,-7.61251950380912));
#8496=CARTESIAN_POINT('Ctrl Pts',(21.707269855035,0.232177484866478,-7.53284923617497));
#8497=CARTESIAN_POINT('Ctrl Pts',(21.8019850423681,0.494356592847817,-7.40565574788753));
#8498=CARTESIAN_POINT('Ctrl Pts',(21.8965715360392,0.687152956091665,-7.32114536765508));
#8499=CARTESIAN_POINT('Ctrl Pts',(21.9478101064523,0.775900770203177,-7.28491423125165));
#8500=CARTESIAN_POINT('Ctrl Pts',(21.6707730533154,3.00497758567648E-5,
-7.61247043273061));
#8501=CARTESIAN_POINT('Ctrl Pts',(21.686372357477,0.0774694711652708,-7.57056163094671));
#8502=CARTESIAN_POINT('Ctrl Pts',(21.7233442242471,0.224833343469035,-7.49251243401113));
#8503=CARTESIAN_POINT('Ctrl Pts',(21.8188203927191,0.480794122712091,-7.36546930985181));
#8504=CARTESIAN_POINT('Ctrl Pts',(21.9113407652813,0.666579995595639,-7.28243973197626));
#8505=CARTESIAN_POINT('Ctrl Pts',(21.9612028937923,0.752785974195433,-7.24708527832478));
#8506=CARTESIAN_POINT('Ctrl Pts',(21.7047935113414,-9.83501392520225E-6,
-7.52286496787925));
#8507=CARTESIAN_POINT('Ctrl Pts',(21.7208523483954,0.0722799613094424,-7.48337342084199));
#8508=CARTESIAN_POINT('Ctrl Pts',(21.758317993687,0.211815073200651,-7.40875303566574));
#8509=CARTESIAN_POINT('Ctrl Pts',(21.8555559392638,0.456371784382327,-7.28105724340743));
#8510=CARTESIAN_POINT('Ctrl Pts',(21.9435252509345,0.628737488817238,-7.20175261334999));
#8511=CARTESIAN_POINT('Ctrl Pts',(21.9909969031485,0.710674639940697,-7.16800082665056));
#8512=CARTESIAN_POINT('Ctrl Pts',(21.7688878666306,-0.000122953463685506,
-7.37172667599808));
#8513=CARTESIAN_POINT('Ctrl Pts',(21.7850843077574,0.0661604952495407,-7.33534966513495));
#8514=CARTESIAN_POINT('Ctrl Pts',(21.8223847580421,0.196030074857591,-7.26657056845297));
#8515=CARTESIAN_POINT('Ctrl Pts',(21.9208212374404,0.42539084402474,-7.13830294907377));
#8516=CARTESIAN_POINT('Ctrl Pts',(21.998729631247,0.581276971699351,-7.07201633296638));
#8517=CARTESIAN_POINT('Ctrl Pts',(22.0421570621353,0.659319419403881,-7.04309159490343));
#8518=CARTESIAN_POINT('Ctrl Pts',(21.8478985667656,-5.05103783668605E-5,
-7.19954694420736));
#8519=CARTESIAN_POINT('Ctrl Pts',(21.8626426818863,0.0616878740045215,-7.16873594464182));
#8520=CARTESIAN_POINT('Ctrl Pts',(21.8994504809293,0.1864000459582,-7.10542601290965));
#8521=CARTESIAN_POINT('Ctrl Pts',(21.9893603788394,0.403791515187469,-6.99455051558674));
#8522=CARTESIAN_POINT('Ctrl Pts',(22.0535996552888,0.550151540306508,-6.95138955955217));
#8523=CARTESIAN_POINT('Ctrl Pts',(22.091706186414,0.62655189023837,-6.93120897579954));
#8524=CARTESIAN_POINT('Ctrl Pts',(21.9442152911344,4.1080176136819E-5,-7.00338930346996));
#8525=CARTESIAN_POINT('Ctrl Pts',(21.9565850054161,0.0607394260989117,-6.97902093293502));
#8526=CARTESIAN_POINT('Ctrl Pts',(21.988934239224,0.18629124585042,-6.92753107647974));
#8527=CARTESIAN_POINT('Ctrl Pts',(22.0571730626924,0.393858483546579,-6.86028223268766));
#8528=CARTESIAN_POINT('Ctrl Pts',(22.1100651966892,0.536365095578002,-6.83768883540412));
#8529=CARTESIAN_POINT('Ctrl Pts',(22.1426524770963,0.610751263874854,-6.82655004655339));
#8530=CARTESIAN_POINT('Ctrl Pts',(22.0577443726569,9.97026747869762E-7,
-6.78225226065375));
#8531=CARTESIAN_POINT('Ctrl Pts',(22.0633738904412,0.0626867140169366,-6.77169028498423));
#8532=CARTESIAN_POINT('Ctrl Pts',(22.0811293818726,0.191657915925248,-6.75111880198266));
#8533=CARTESIAN_POINT('Ctrl Pts',(22.1246738027292,0.39421198530984,-6.73301566967538));
#8534=CARTESIAN_POINT('Ctrl Pts',(22.1679503407179,0.534870802145424,-6.72823307796791));
#8535=CARTESIAN_POINT('Ctrl Pts',(22.1934662918165,0.605792656647255,-6.72822468533824));
#8536=CARTESIAN_POINT('Ctrl Pts',(22.1189118875822,-9.62258942213959E-15,
-6.66836816880953));
#8537=CARTESIAN_POINT('Ctrl Pts',(22.1206138094987,0.0664893468524022,-6.66515013124325));
#8538=CARTESIAN_POINT('Ctrl Pts',(22.1303884959418,0.200848843844174,-6.6608457899056));
#8539=CARTESIAN_POINT('Ctrl Pts',(22.1643795214551,0.404559632111114,-6.66293292201172));
#8540=CARTESIAN_POINT('Ctrl Pts',(22.1995781915392,0.540312189723159,-6.6721336613434));
#8541=CARTESIAN_POINT('Ctrl Pts',(22.2204126923067,0.607663148920729,-6.6786841789406));
#8542=CARTESIAN_POINT('Ctrl Pts',(22.1495464820803,-9.2563700216556E-15,
-6.6104434926164));
#8543=CARTESIAN_POINT('Ctrl Pts',(22.1495464820803,0.0687237044831066,-6.6104434926164));
#8544=CARTESIAN_POINT('Ctrl Pts',(22.1558145579762,0.206170958313009,-6.61375848677736));
#8545=CARTESIAN_POINT('Ctrl Pts',(22.1839210890634,0.410153029125432,-6.62862317380182));
#8546=CARTESIAN_POINT('Ctrl Pts',(22.2149294178842,0.543237852092272,-6.64502253314087));
#8547=CARTESIAN_POINT('Ctrl Pts',(22.2334189625581,0.608701308566842,-6.6548010893757));
#8548=CARTESIAN_POINT('',(22.2334189625581,0.608701308566847,-6.65480108937569));
#8549=CARTESIAN_POINT('Origin',(23.917518595708,-8.24276707122876E-15,-7.54547001921064));
#8550=CARTESIAN_POINT('Ctrl Pts',(22.2334189625581,0.60870130856685,-6.65480108937569));
#8551=CARTESIAN_POINT('Ctrl Pts',(22.230134912146,0.608439175876408,-6.66083150921251));
#8552=CARTESIAN_POINT('Ctrl Pts',(22.2268469441743,0.608178176636366,-6.66686501658019));
#8553=CARTESIAN_POINT('Ctrl Pts',(22.2235035213839,0.607944125276988,-6.67301623851696));
#8554=CARTESIAN_POINT('Ctrl Pts',(22.2200146651457,0.607699893064552,-6.67943502859275));
#8555=CARTESIAN_POINT('Ctrl Pts',(22.2164655262024,0.607484980806331,-6.6859817688343));
#8556=CARTESIAN_POINT('Ctrl Pts',(22.2128225972234,0.607323249513399,-6.69273482226908));
#8557=CARTESIAN_POINT('Ctrl Pts',(22.2089781517207,0.607152571702951,-6.69986143551256));
#8558=CARTESIAN_POINT('Ctrl Pts',(22.2050293867462,0.607041089929837,-6.70721752190037));
#8559=CARTESIAN_POINT('Ctrl Pts',(22.2009624646105,0.607011295173092,-6.7148425743836));
#8560=CARTESIAN_POINT('Ctrl Pts',(22.1965870036454,0.606979240024075,-6.72304610481359));
#8561=CARTESIAN_POINT('Ctrl Pts',(22.1920749703506,0.607041690608526,-6.73156053367486));
#8562=CARTESIAN_POINT('Ctrl Pts',(22.187435471019,0.607220977703752,-6.74038119736514));
#8563=CARTESIAN_POINT('Ctrl Pts',(22.1821549679156,0.60742503551152,-6.75042054399765));
#8564=CARTESIAN_POINT('Ctrl Pts',(22.1767096380717,0.607780370623913,-6.76085593189976));
#8565=CARTESIAN_POINT('Ctrl Pts',(22.1711424013517,0.608313670866326,-6.77162094311625));
#8566=CARTESIAN_POINT('Ctrl Pts',(22.1618093557878,0.609207707838706,-6.78966765915014));
#8567=CARTESIAN_POINT('Ctrl Pts',(22.1521357721048,0.610601230302516,-6.80863587244698));
#8568=CARTESIAN_POINT('Ctrl Pts',(22.1424023494742,0.612605107292342,-6.82806069134306));
#8569=CARTESIAN_POINT('Ctrl Pts',(22.1366915360753,0.613780826050025,-6.83945766034698));
#8570=CARTESIAN_POINT('Ctrl Pts',(22.1309613997579,0.615166431893639,-6.85100946287851));
#8571=CARTESIAN_POINT('Ctrl Pts',(22.1252579164931,0.616787374247576,-6.86264540454653));
#8572=CARTESIAN_POINT('Ctrl Pts',(22.1202040126376,0.618223704719968,-6.87295610902789));
#8573=CARTESIAN_POINT('Ctrl Pts',(22.1151713583477,0.619844749268389,-6.88333228450227));
#8574=CARTESIAN_POINT('Ctrl Pts',(22.1101747403034,0.621672468723301,-6.89375971048586));
#8575=CARTESIAN_POINT('Ctrl Pts',(22.1053975918471,0.623419908110303,-6.9037291260982));
#8576=CARTESIAN_POINT('Ctrl Pts',(22.1006537181173,0.625356188129048,-6.91374476781549));
#8577=CARTESIAN_POINT('Ctrl Pts',(22.0959346313043,0.627505690629587,-6.92383690118766));
#8578=CARTESIAN_POINT('Ctrl Pts',(22.0905164049694,0.629973645027763,-6.93542419868397));
#8579=CARTESIAN_POINT('Ctrl Pts',(22.0851283821439,0.632724448160787,-6.94711813302281));
#8580=CARTESIAN_POINT('Ctrl Pts',(22.0797282681964,0.635797454578283,-6.959018903437));
#8581=CARTESIAN_POINT('Ctrl Pts',(22.0748423528467,0.638577849468267,-6.96978648304832));
#8582=CARTESIAN_POINT('Ctrl Pts',(22.0699464748864,0.641621697851477,-6.98072321619208));
#8583=CARTESIAN_POINT('Ctrl Pts',(22.0650291062406,0.644938187278361,-6.99185305372131));
#8584=CARTESIAN_POINT('Ctrl Pts',(22.0595164106112,0.648656191374734,-7.00433033804196));
#8585=CARTESIAN_POINT('Ctrl Pts',(22.0539766804888,0.652716793569863,-7.01705024638471));
#8586=CARTESIAN_POINT('Ctrl Pts',(22.0484184568301,0.657110176148874,-7.02998624939915));
#8587=CARTESIAN_POINT('Ctrl Pts',(22.0421316810701,0.662079427621696,-7.04461785747695));
#8588=CARTESIAN_POINT('Ctrl Pts',(22.0358214771053,0.667474031504525,-7.05952511093673));
#8589=CARTESIAN_POINT('Ctrl Pts',(22.0295289023409,0.673255487144724,-7.07460301846987));
#8590=CARTESIAN_POINT('Ctrl Pts',(22.0204180955318,0.681626261809337,-7.09643381234403));
#8591=CARTESIAN_POINT('Ctrl Pts',(22.011345175322,0.690805719803907,-7.11861841719734));
#8592=CARTESIAN_POINT('Ctrl Pts',(22.0024893019447,0.700644173609175,-7.14072873627005));
#8593=CARTESIAN_POINT('Ctrl Pts',(21.9965294101209,0.707265329749806,-7.15560870397607));
#8594=CARTESIAN_POINT('Ctrl Pts',(21.9906692819988,0.71418404228097,-7.17045214527487));
#8595=CARTESIAN_POINT('Ctrl Pts',(21.9849603945413,0.721365281846976,-7.18514439354909));
#8596=CARTESIAN_POINT('Ctrl Pts',(21.9798376324707,0.727809231205376,-7.19832820436195));
#8597=CARTESIAN_POINT('Ctrl Pts',(21.9748370568451,0.734464240226874,-7.21138943618176));
#8598=CARTESIAN_POINT('Ctrl Pts',(21.9699837000142,0.74132147250472,-7.22427869910843));
#8599=CARTESIAN_POINT('Ctrl Pts',(21.9655868940562,0.747533651164992,-7.23595548076835));
#8600=CARTESIAN_POINT('Ctrl Pts',(21.9613110646754,0.753911699042387,-7.24749086325764));
#8601=CARTESIAN_POINT('Ctrl Pts',(21.9571608089033,0.760465924997205,-7.2588838593525));
#8602=CARTESIAN_POINT('Ctrl Pts',(21.9539717386034,0.765502213958451,-7.26763827533749));
#8603=CARTESIAN_POINT('Ctrl Pts',(21.9508565858469,0.770642809484353,-7.27630921702365));
#8604=CARTESIAN_POINT('Ctrl Pts',(21.9478101064523,0.775900770203179,-7.28491423125164));
#8605=CARTESIAN_POINT('Ctrl Pts',(-10.8276390158215,-18.7540209014179,-7.65629697232741));
#8606=CARTESIAN_POINT('Ctrl Pts',(-10.7656242306395,-18.8076972310199,-7.61251950380912));
#8607=CARTESIAN_POINT('Ctrl Pts',(-10.6525633274364,-18.9151358836977,-7.53284923617496));
#8608=CARTESIAN_POINT('Ctrl Pts',(-10.4728671532496,-19.1282511960431,-7.4056557478875));
#8609=CARTESIAN_POINT('Ctrl Pts',(-10.3531938517587,-19.306563684039,-7.32114536765506));
#8610=CARTESIAN_POINT('Ctrl Pts',(-10.3019552754143,-19.3953114947261,-7.28491423125163));
#8611=CARTESIAN_POINT('Ctrl Pts',(-10.8353605027884,-18.7674550087063,-7.61247043273061));
#8612=CARTESIAN_POINT('Ctrl Pts',(-10.7760956486916,-18.8196841130864,-7.57056163094671));
#8613=CARTESIAN_POINT('Ctrl Pts',(-10.6669607250616,-18.9253846250865,-7.49251243401112));
#8614=CARTESIAN_POINT('Ctrl Pts',(-10.4930302721006,-19.1360498020607,-7.36546930985179));
#8615=CARTESIAN_POINT('Ctrl Pts',(-10.3783951728003,-19.309067731509,-7.28243973197624));
#8616=CARTESIAN_POINT('Ctrl Pts',(-10.3286696696303,-19.3953525907862,-7.24708527832477));
#8617=CARTESIAN_POINT('Ctrl Pts',(-10.8524052730426,-18.7968976472104,-7.52286496787924));
#8618=CARTESIAN_POINT('Ctrl Pts',(-10.7978298915192,-18.846949906216,-7.48337342084198));
#8619=CARTESIAN_POINT('Ctrl Pts',(-10.6957217625473,-18.9491636627534,-7.40875303566572));
#8620=CARTESIAN_POINT('Ctrl Pts',(-10.5325484107863,-19.1556525494255,-7.28105724340744));
#8621=CARTESIAN_POINT('Ctrl Pts',(-10.4272599878399,-19.3180190603032,-7.20175261334998));
#8622=CARTESIAN_POINT('Ctrl Pts',(-10.3800361595602,-19.4000992926419,-7.16800082665055));
#8623=CARTESIAN_POINT('Ctrl Pts',(-10.8845504141384,-18.8523484279051,-7.37172667599807));
#8624=CARTESIAN_POINT('Ctrl Pts',(-10.8352454842656,-18.8995166817284,-7.33534966513494));
#8625=CARTESIAN_POINT('Ctrl Pts',(-10.7414253542886,-18.9967546090516,-7.26657056845295));
#8626=CARTESIAN_POINT('Ctrl Pts',(-10.5920113412574,-19.1966834854532,-7.13830294907376));
#8627=CARTESIAN_POINT('Ctrl Pts',(-10.495964191497,-19.3420971974951,-7.07201633296637));
#8628=CARTESIAN_POINT('Ctrl Pts',(-10.4500911646555,-19.4187276797177,-7.04309159490342));
#8629=CARTESIAN_POINT('Ctrl Pts',(-10.9239930266536,-18.9208099229354,-7.19954694420735));
#8630=CARTESIAN_POINT('Ctrl Pts',(-10.8778980749498,-18.9644478933778,-7.16873594464181));
#8631=CARTESIAN_POINT('Ctrl Pts',(-10.7882980653982,-19.0586804683832,-7.10542601290966));
#8632=CARTESIAN_POINT('Ctrl Pts',(-10.6449864794348,-19.2452404586397,-6.99455051558669));
#8633=CARTESIAN_POINT('Ctrl Pts',(-10.5503546178078,-19.3740533165251,-6.95138955955216));
#8634=CARTESIAN_POINT('Ctrl Pts',(-10.5032432394714,-19.4452547154956,-6.93120897579953));
#8635=CARTESIAN_POINT('Ctrl Pts',(-10.9720720690911,-19.0042684483254,-7.00338930346993));
#8636=CARTESIAN_POINT('Ctrl Pts',(-10.9256906166951,-19.0453301080923,-6.97902093293499));
#8637=CARTESIAN_POINT('Ctrl Pts',(-10.8331341682029,-19.1361212762387,-6.9275310764797));
#8638=CARTESIAN_POINT('Ctrl Pts',(-10.6874950790988,-19.2990014497347,-6.86028223268766));
#8639=CARTESIAN_POINT('Ctrl Pts',(-10.5905267998708,-19.4160606874521,-6.8376888354041));
#8640=CARTESIAN_POINT('Ctrl Pts',(-10.5424001286391,-19.4814751842733,-6.82655004655337));
#8641=CARTESIAN_POINT('Ctrl Pts',(-11.028871322878,-19.1025674754175,-6.78225226065373));
#8642=CARTESIAN_POINT('Ctrl Pts',(-10.9773986584021,-19.1387856393248,-6.77169028498421));
#8643=CARTESIAN_POINT('Ctrl Pts',(-10.8745840669087,-19.2186479469154,-6.75111880198267));
#8644=CARTESIAN_POINT('Ctrl Pts',(-10.72093930761,-19.3576355562625,-6.73301566967534));
#8645=CARTESIAN_POINT('Ctrl Pts',(-10.6207634679584,-19.4654435459663,-6.7282330779679));
#8646=CARTESIAN_POINT('Ctrl Pts',(-10.5721013158257,-19.5230019350703,-6.72822468533823));
#8647=CARTESIAN_POINT('Ctrl Pts',(-11.0594559437911,-19.1555395987158,-6.66836816880951));
#8648=CARTESIAN_POINT('Ctrl Pts',(-11.0027254412942,-19.190258179757,-6.66515013124322));
#8649=CARTESIAN_POINT('Ctrl Pts',(-10.8912540468811,-19.2659030550265,-6.66084578990558));
#8650=CARTESIAN_POINT('Ctrl Pts',(-10.7318308419736,-19.3971955407553,-6.6629329220117));
#8651=CARTESIAN_POINT('Ctrl Pts',(-10.631865013495,-19.4955547620335,-6.67213366134337));
#8652=CARTESIAN_POINT('Ctrl Pts',(-10.5839546222443,-19.5472734485721,-6.67868417894058));
#8653=CARTESIAN_POINT('Ctrl Pts',(-11.0747732410402,-19.1820699357858,-6.61044349261638));
#8654=CARTESIAN_POINT('Ctrl Pts',(-11.0152567671156,-19.2164317880274,-6.61044349261638));
#8655=CARTESIAN_POINT('Ctrl Pts',(-10.8993579915665,-19.290583727901,-6.61375848677734));
#8656=CARTESIAN_POINT('Ctrl Pts',(-10.7367576018699,-19.416915733241,-6.6286231738018));
#8657=CARTESIAN_POINT('Ctrl Pts',(-10.6370069287329,-19.5103121452121,-6.64502253314085));
#8658=CARTESIAN_POINT('Ctrl Pts',(-10.5895586847433,-19.5590562888414,-6.65480108937568));
#8659=CARTESIAN_POINT('',(-10.5895586847433,-19.5590562888414,-6.65480108937567));
#8660=CARTESIAN_POINT('Origin',(-11.958759297854,-20.7131786993698,-7.54547001921063));
#8661=CARTESIAN_POINT('Ctrl Pts',(-10.5895586847433,-19.5590562888414,-6.65480108937568));
#8662=CARTESIAN_POINT('Ctrl Pts',(-10.5881436731064,-19.556081151412,-6.66083150921252));
#8663=CARTESIAN_POINT('Ctrl Pts',(-10.5867257210927,-19.5531031880016,-6.66686501658021));
#8664=CARTESIAN_POINT('Ctrl Pts',(-10.5852567041205,-19.5500906732498,-6.67301623851701));
#8665=CARTESIAN_POINT('Ctrl Pts',(-10.5837237873018,-19.5469471190112,-6.67943502859292));
#8666=CARTESIAN_POINT('Ctrl Pts',(-10.5821353373053,-19.5437660183955,-6.6859817688346));
#8667=CARTESIAN_POINT('Ctrl Pts',(-10.580453936224,-19.540530283709,-6.69273482226951));
#8668=CARTESIAN_POINT('Ctrl Pts',(-10.5786795247923,-19.5371155573348,-6.69986143551322));
#8669=CARTESIAN_POINT('Ctrl Pts',(-10.5768016883526,-19.5336400856667,-6.70721752190128));
#8670=CARTESIAN_POINT('Ctrl Pts',(-10.5747940303009,-19.5301031304035,-6.71484257438476));
#8671=CARTESIAN_POINT('Ctrl Pts',(-10.5726340603917,-19.5262978424799,-6.72304610481496));
#8672=CARTESIAN_POINT('Ctrl Pts',(-10.5703239599516,-19.522421532316,-6.73156053367645));
#8673=CARTESIAN_POINT('Ctrl Pts',(-10.5678489431067,-19.5184932515815,-6.74038119736696));
#8674=CARTESIAN_POINT('Ctrl Pts',(-10.5650319723096,-19.514022230653,-6.75042054399947));
#8675=CARTESIAN_POINT('Ctrl Pts',(-10.5620015781535,-19.5094841042325,-6.76085593190158));
#8676=CARTESIAN_POINT('Ctrl Pts',(-10.5587561082357,-19.5049293859253,-6.77162094311807));
#8677=CARTESIAN_POINT('Ctrl Pts',(-10.5533153267237,-19.4972937498585,-6.78966765915194));
#8678=CARTESIAN_POINT('Ctrl Pts',(-10.5472717090278,-19.4896129418754,-6.80863587244875));
#8679=CARTESIAN_POINT('Ctrl Pts',(-10.5406695893332,-19.4821854891064,-6.82806069134477));
#8680=CARTESIAN_POINT('Ctrl Pts',(-10.536795980322,-19.4778276390057,-6.83945766034833));
#8681=CARTESIAN_POINT('Ctrl Pts',(-10.5327309423033,-19.4735579983097,-6.85100946287947));
#8682=CARTESIAN_POINT('Ctrl Pts',(-10.5284754234144,-19.4694291080894,-6.8626454045471));
#8683=CARTESIAN_POINT('Ctrl Pts',(-10.5247045728094,-19.4657704641985,-6.8729561090284));
#8684=CARTESIAN_POINT('Ctrl Pts',(-10.5207843799049,-19.4622225800092,-6.88333228450272));
#8685=CARTESIAN_POINT('Ctrl Pts',(-10.5167032194038,-19.4588092415772,-6.89375971048625));
#8686=CARTESIAN_POINT('Ctrl Pts',(-10.512801318275,-19.45554582935,-6.90372912609838));
#8687=CARTESIAN_POINT('Ctrl Pts',(-10.5087525137251,-19.4524056541971,-6.91374476781545));
#8688=CARTESIAN_POINT('Ctrl Pts',(-10.5045314465477,-19.4493935563848,-6.9238369011874));
#8689=CARTESIAN_POINT('Ctrl Pts',(-10.4996850221762,-19.4459352119345,-6.93542419868339));
#8690=CARTESIAN_POINT('Ctrl Pts',(-10.4946087453696,-19.442644448858,-6.94711813302191));
#8691=CARTESIAN_POINT('Ctrl Pts',(-10.4892473867725,-19.4395043162049,-6.95901890343576));
#8692=CARTESIAN_POINT('Ctrl Pts',(-10.4843965364903,-19.4366631868363,-6.96978648304725));
#8693=CARTESIAN_POINT('Ctrl Pts',(-10.4793125474849,-19.4339451563404,-6.98072321619118));
#8694=CARTESIAN_POINT('Ctrl Pts',(-10.4739816990669,-19.4313448348868,-6.99185305372059));
#8695=CARTESIAN_POINT('Ctrl Pts',(-10.4680054652534,-19.4284297024765,-7.00433033804122));
#8696=CARTESIAN_POINT('Ctrl Pts',(-10.4617190155365,-19.425662456558,-7.01705024638396));
#8697=CARTESIAN_POINT('Ctrl Pts',(-10.4551351227852,-19.4230455849591,-7.02998624939839));
#8698=CARTESIAN_POINT('Ctrl Pts',(-10.447688236892,-19.4200857031795,-7.04461785747622));
#8699=CARTESIAN_POINT('Ctrl Pts',(-10.4398612709037,-19.4173182081844,-7.05952511093603));
#8700=CARTESIAN_POINT('Ctrl Pts',(-10.4317080960662,-19.4147594064032,-7.07460301846919));
#8701=CARTESIAN_POINT('Ctrl Pts',(-10.4199033891525,-19.4110546035898,-7.09643381234376));
#8702=CARTESIAN_POINT('Ctrl Pts',(-10.4074172852311,-19.4077869531988,-7.11861841719749));
#8703=CARTESIAN_POINT('Ctrl Pts',(-10.3944689976129,-19.405036768784,-7.14072873627061));
#8704=CARTESIAN_POINT('Ctrl Pts',(-10.3857549622808,-19.4031859291311,-7.15560870397658));
#8705=CARTESIAN_POINT('Ctrl Pts',(-10.3768331174063,-19.4015702655735,-7.17045214527535));
#8706=CARTESIAN_POINT('Ctrl Pts',(-10.3677595377828,-19.400216843791,-7.18514439354952));
#8707=CARTESIAN_POINT('Ctrl Pts',(-10.3596175329026,-19.3990023763795,-7.19832820436202));
#8708=CARTESIAN_POINT('Ctrl Pts',(-10.351353838215,-19.397999255365,-7.21138943618147));
#8709=CARTESIAN_POINT('Ctrl Pts',(-10.3429886224475,-19.3972247411948,-7.2242786991078));
#8710=CARTESIAN_POINT('Ctrl Pts',(-10.3354103149358,-19.3965230848697,-7.2359554807678));
#8711=CARTESIAN_POINT('Ctrl Pts',(-10.327748848757,-19.3960091319424,-7.24749086325718));
#8712=CARTESIAN_POINT('Ctrl Pts',(-10.3199975946919,-19.395692017989,-7.25888385935212));
#8713=CARTESIAN_POINT('Ctrl Pts',(-10.3140415053606,-19.3954483465754,-7.26763827533723));
#8714=CARTESIAN_POINT('Ctrl Pts',(-10.3080320426663,-19.3953208429146,-7.27630921702351));
#8715=CARTESIAN_POINT('Ctrl Pts',(-10.3019552754143,-19.3953114947261,-7.28491423125163));
#8716=CARTESIAN_POINT('Ctrl Pts',(-9.80405953190798,-19.5590562888414,-7.76566464454796));
#8717=CARTESIAN_POINT('Ctrl Pts',(-7.91640247610376,-20.6361920512742,-8.97642723831887));
#8718=CARTESIAN_POINT('Ctrl Pts',(-1.84094116487859,-23.0525039392121,-12.2863567476429));
#8719=CARTESIAN_POINT('Ctrl Pts',(9.10485989944859,-22.3460257638785,-15.4225769283522));
#8720=CARTESIAN_POINT('Ctrl Pts',(17.5596424584027,-15.5334714995983,-14.3435592206151));
#8721=CARTESIAN_POINT('Ctrl Pts',(21.1868845696932,-7.76956552530704,-11.1756958401037));
#8722=CARTESIAN_POINT('Ctrl Pts',(21.8296677918298,-3.46229037474919,-8.97642723831887));
#8723=CARTESIAN_POINT('Ctrl Pts',(21.8406693861404,-1.2889635295734,-7.76566464454796));
#8724=CARTESIAN_POINT('Ctrl Pts',(-9.82667702938699,-19.3919335106839,-7.93021602346971));
#8725=CARTESIAN_POINT('Ctrl Pts',(-7.93971530212629,-20.4327739427948,-9.15838486625249));
#8726=CARTESIAN_POINT('Ctrl Pts',(-1.86128222677286,-22.7303388410578,-12.4996004963408));
#8727=CARTESIAN_POINT('Ctrl Pts',(8.92438890408791,-21.8854395054374,-15.55879231194));
#8728=CARTESIAN_POINT('Ctrl Pts',(17.2423702263132,-15.2436647528733,-14.5170278622557));
#8729=CARTESIAN_POINT('Ctrl Pts',(20.9608745224399,-7.60496045653562,-11.3782403723373));
#8730=CARTESIAN_POINT('Ctrl Pts',(21.6651589553082,-3.34039182093998,-9.15838486625249));
#8731=CARTESIAN_POINT('Ctrl Pts',(21.7072455634445,-1.18581481310781,-7.93021602346971));
#8732=CARTESIAN_POINT('Ctrl Pts',(-9.91399995332211,-19.1420654158974,-8.25472755999561));
#8733=CARTESIAN_POINT('Ctrl Pts',(-8.03971068848913,-20.1334034147277,-9.53109458329307));
#8734=CARTESIAN_POINT('Ctrl Pts',(-1.99245405299604,-22.2732460044721,-12.9991780792198));
#8735=CARTESIAN_POINT('Ctrl Pts',(8.6118187954012,-21.2197854478803,-16.1303014440107));
#8736=CARTESIAN_POINT('Ctrl Pts',(16.8364456179934,-14.7554092068913,-15.0694189575782));
#8737=CARTESIAN_POINT('Ctrl Pts',(20.6779415333016,-7.29356025190185,-11.8346094211087));
#8738=CARTESIAN_POINT('Ctrl Pts',(21.4558941660391,-3.104108012055,-9.53109458329306));
#8739=CARTESIAN_POINT('Ctrl Pts',(21.5345149077317,-0.985256895253991,-8.2547275599956));
#8740=CARTESIAN_POINT('Ctrl Pts',(-10.0752684913861,-18.9933474990196,-8.60819399867869));
#8741=CARTESIAN_POINT('Ctrl Pts',(-8.22885900412118,-19.9728344053484,-9.94713151072025));
#8742=CARTESIAN_POINT('Ctrl Pts',(-2.26475418538353,-22.1035028162712,-13.6010761095184));
#8743=CARTESIAN_POINT('Ctrl Pts',(8.44195068842597,-21.0874525454917,-17.0170439690269));
#8744=CARTESIAN_POINT('Ctrl Pts',(16.8367834773306,-14.475406784671,-15.8466764657792));
#8745=CARTESIAN_POINT('Ctrl Pts',(20.6470141037753,-7.00466488761029,-12.3747244603997));
#8746=CARTESIAN_POINT('Ctrl Pts',(21.4114114826722,-2.86001626094494,-9.94713151072025));
#8747=CARTESIAN_POINT('Ctrl Pts',(21.4863556827496,-0.771235286020529,-8.60819399867868));
#8748=CARTESIAN_POINT('Ctrl Pts',(-10.1554933962651,-18.9503549802745,-8.75966971905011));
#8749=CARTESIAN_POINT('Ctrl Pts',(-8.32262920065051,-19.9325867249669,-10.1254099248237));
#8750=CARTESIAN_POINT('Ctrl Pts',(-2.39695819990806,-22.0894541846672,-13.8590104113412));
#8751=CARTESIAN_POINT('Ctrl Pts',(8.4069137407664,-21.1371475560934,-17.3966667751813));
#8752=CARTESIAN_POINT('Ctrl Pts',(16.9105270669628,-14.4091706616495,-16.1795348008538));
#8753=CARTESIAN_POINT('Ctrl Pts',(20.6811303096602,-6.89357345078548,-12.606184907637));
#8754=CARTESIAN_POINT('Ctrl Pts',(21.4234410672831,-2.75868504844193,-10.1254099248237));
#8755=CARTESIAN_POINT('Ctrl Pts',(21.4892355217833,-0.680262221006542,-8.7596697190501));
#8756=CARTESIAN_POINT('Origin',(0.,0.,0.));
#8757=CARTESIAN_POINT('Origin',(0.,0.,0.));
#8758=CARTESIAN_POINT('Ctrl Pts',(-10.8276390158215,18.7540209014179,-7.65629697232741));
#8759=CARTESIAN_POINT('Ctrl Pts',(-10.7656936276242,18.8076972310199,-7.61242136165212));
#8760=CARTESIAN_POINT('Ctrl Pts',(-10.6528928112191,18.9151358836978,-7.53238327574085));
#8761=CARTESIAN_POINT('Ctrl Pts',(-10.4730749157024,19.1282511960431,-7.40536192740898));
#8762=CARTESIAN_POINT('Ctrl Pts',(-10.3535066646147,19.3065636840391,-7.32070298347154));
#8763=CARTESIAN_POINT('Ctrl Pts',(-10.3022680961786,19.3953114947261,-7.28447183588406));
#8764=CARTESIAN_POINT('Ctrl Pts',(-10.7888927870174,18.7674550087063,-7.67818570658656));
#8765=CARTESIAN_POINT('Ctrl Pts',(-10.729625838408,18.8196841130864,-7.6362798668907));
#8766=CARTESIAN_POINT('Ctrl Pts',(-10.6196620419722,18.9253846250865,-7.55940287311844));
#8767=CARTESIAN_POINT('Ctrl Pts',(-10.4419078181903,19.1360498020607,-7.43776737751349));
#8768=CARTESIAN_POINT('Ctrl Pts',(-10.3254150816838,19.309067731509,-7.35736489536901));
#8769=CARTESIAN_POINT('Ctrl Pts',(-10.2755074153976,19.3953525907862,-7.32226805926692));
#8770=CARTESIAN_POINT('Ctrl Pts',(-10.710093534665,18.7968976472104,-7.72412415837768));
#8771=CARTESIAN_POINT('Ctrl Pts',(-10.6546687532111,18.846949906216,-7.68583384424199));
#8772=CARTESIAN_POINT('Ctrl Pts',(-10.55027993639,18.9491636627534,-7.61443883875372));
#8773=CARTESIAN_POINT('Ctrl Pts',(-10.3754960716232,19.1556525494255,-7.50316279145434));
#8774=CARTESIAN_POINT('Ctrl Pts',(-10.2656308083836,19.3180190603032,-7.4303307910123));
#8775=CARTESIAN_POINT('Ctrl Pts',(-10.2180680426206,19.4000992926419,-7.3970583342986));
#8776=CARTESIAN_POINT('Ctrl Pts',(-10.5783140335821,18.8523484279051,-7.80481031867274));
#8777=CARTESIAN_POINT('Ctrl Pts',(-10.5275824822104,18.8995166817284,-7.77045085528186));
#8778=CARTESIAN_POINT('Ctrl Pts',(-10.4314635513278,18.9967546090516,-7.70492275401778));
#8779=CARTESIAN_POINT('Ctrl Pts',(-10.2607270090244,19.1966834854532,-7.60680974471936));
#8780=CARTESIAN_POINT('Ctrl Pts',(-10.1662156714357,19.3420971974951,-7.53835116220946));
#8781=CARTESIAN_POINT('Ctrl Pts',(-10.1236541579174,19.4187276797177,-7.5047432370929));
#8782=CARTESIAN_POINT('Ctrl Pts',(-10.4291289631777,18.9208099229354,-7.89939041430597));
#8783=CARTESIAN_POINT('Ctrl Pts',(-10.3847150903059,18.9644478933778,-7.86620201025686));
#8784=CARTESIAN_POINT('Ctrl Pts',(-10.2951592443963,19.0586804683832,-7.80282962170319));
#8785=CARTESIAN_POINT('Ctrl Pts',(-10.1428542943759,19.2452404586397,-7.704672661801));
#8786=CARTESIAN_POINT('Ctrl Pts',(-10.0706178009075,19.3740533165251,-7.62983987238224));
#8787=CARTESIAN_POINT('Ctrl Pts',(-10.0358875713023,19.4452547154956,-7.59214970017617));
#8788=CARTESIAN_POINT('Ctrl Pts',(-10.2602161133943,19.0042684483254,-8.01010565047243));
#8789=CARTESIAN_POINT('Ctrl Pts',(-10.2217809091933,19.0453301080923,-7.97449958797009));
#8790=CARTESIAN_POINT('Ctrl Pts',(-10.1423836574801,19.1361212762387,-7.90439981696001));
#8791=CARTESIAN_POINT('Ctrl Pts',(-10.0304344764823,19.2990014497347,-7.78950624820897));
#8792=CARTESIAN_POINT('Ctrl Pts',(-9.97681045750067,19.4160606874521,-7.70561481023396));
#8793=CARTESIAN_POINT('Ctrl Pts',(-9.95026648291602,19.4814751842733,-7.66395347907235));
#8794=CARTESIAN_POINT('Ctrl Pts',(-10.070659194594,19.1025674754175,-8.13736884810321));
#8795=CARTESIAN_POINT('Ctrl Pts',(-10.0435437136106,19.1387856393249,-8.09236061319761));
#8796=CARTESIAN_POINT('Ctrl Pts',(-9.98987720294014,19.2186479469154,-8.00228324773152));
#8797=CARTESIAN_POINT('Ctrl Pts',(-9.92159448635361,19.3576355562625,-7.86345995690879));
#8798=CARTESIAN_POINT('Ctrl Pts',(-9.8836934690991,19.4654435459663,-7.77060746677303));
#8799=CARTESIAN_POINT('Ctrl Pts',(-9.86746483907437,19.5230019350704,-7.72473114730264));
#8800=CARTESIAN_POINT('Ctrl Pts',(-9.97348311674866,19.1555395987158,-8.20416566918157));
#8801=CARTESIAN_POINT('Ctrl Pts',(-9.95153895433603,19.190258179757,-8.15175231768272));
#8802=CARTESIAN_POINT('Ctrl Pts',(-9.91032365093382,19.2659030550266,-8.0480908595982));
#8803=CARTESIAN_POINT('Ctrl Pts',(-9.85915034965196,19.3971955407553,-7.89708950987142));
#8804=CARTESIAN_POINT('Ctrl Pts',(-9.83450294705688,19.4955547620336,-7.79977390982192));
#8805=CARTESIAN_POINT('Ctrl Pts',(-9.8247087038577,19.5472734485721,-7.75242005389937));
#8806=CARTESIAN_POINT('Ctrl Pts',(-9.92397697405275,19.1820699357858,-8.23791518091829));
#8807=CARTESIAN_POINT('Ctrl Pts',(-9.90413814941123,19.2164317880274,-8.18180251117914));
#8808=CARTESIAN_POINT('Ctrl Pts',(-9.86863063069593,19.290583727901,-8.07142709962947));
#8809=CARTESIAN_POINT('Ctrl Pts',(-9.82844506212403,19.416915733241,-7.913171086384));
#8810=CARTESIAN_POINT('Ctrl Pts',(-9.81065630200602,19.5103121452121,-7.81365879673347));
#8811=CARTESIAN_POINT('Ctrl Pts',(-9.80405953190798,19.5590562888414,-7.76566464454796));
#8812=CARTESIAN_POINT('',(-9.80405953190798,19.5590562888414,-7.76566464454796));
#8813=CARTESIAN_POINT('Origin',(-11.1001904563828,20.7131786993698,-8.7596697190501));
#8814=CARTESIAN_POINT('Ctrl Pts',(-9.80405953190798,19.5590562888414,-7.76566464454796));
#8815=CARTESIAN_POINT('Ctrl Pts',(-9.80927339570897,19.556081151412,-7.76232041883712));
#8816=CARTESIAN_POINT('Ctrl Pts',(-9.81448919033641,19.5531031880017,-7.75897239173564));
#8817=CARTESIAN_POINT('Ctrl Pts',(-9.81979894567106,19.55009067325,-7.7555369819398));
#8818=CARTESIAN_POINT('Ctrl Pts',(-9.82533966671772,19.5469471190113,-7.75195213741116));
#8819=CARTESIAN_POINT('Ctrl Pts',(-9.83098250927828,19.5437660183956,-7.74827228564514));
#8820=CARTESIAN_POINT('Ctrl Pts',(-9.8367888820879,19.5405302837091,-7.74443602769156));
#8821=CARTESIAN_POINT('Ctrl Pts',(-9.84291644701242,19.5371155573351,-7.74038755880255));
#8822=CARTESIAN_POINT('Ctrl Pts',(-9.84922588628955,19.5336400856671,-7.73616508883273));
#8823=CARTESIAN_POINT('Ctrl Pts',(-9.85574563536265,19.5301031304041,-7.73173056650825));
#8824=CARTESIAN_POINT('Ctrl Pts',(-9.86276000805531,19.5262978424805,-7.72695961720498));
#8825=CARTESIAN_POINT('Ctrl Pts',(-9.8700174550897,19.5224215323167,-7.72194349066933));
#8826=CARTESIAN_POINT('Ctrl Pts',(-9.87750865095481,19.5184932515822,-7.71666980117979));
#8827=CARTESIAN_POINT('Ctrl Pts',(-9.88603484746599,19.5140222306537,-7.71066748676478));
#8828=CARTESIAN_POINT('Ctrl Pts',(-9.89486329414735,19.509484104233,-7.70433194112066));
#8829=CARTESIAN_POINT('Ctrl Pts',(-9.90393082074928,19.5049293859257,-7.69768374566566));
#8830=CARTESIAN_POINT('Ctrl Pts',(-9.91913183395957,19.4972937498589,-7.68653855565162));
#8831=CARTESIAN_POINT('Ctrl Pts',(-9.93500069772651,19.4896129418757,-7.67451784047844));
#8832=CARTESIAN_POINT('Ctrl Pts',(-9.95111388604795,19.4821854891068,-7.66181836270478));
#8833=CARTESIAN_POINT('Ctrl Pts',(-9.96056784846747,19.477827639006,-7.65436729943755));
#8834=CARTESIAN_POINT('Ctrl Pts',(-9.97010397966757,19.4735579983099,-7.64668414399534));
#8835=CARTESIAN_POINT('Ctrl Pts',(-9.97965594438292,19.4694291080896,-7.63879335508769));
#8836=CARTESIAN_POINT('Ctrl Pts',(-9.98812001959129,19.4657704641987,-7.63180126154904));
#8837=CARTESIAN_POINT('Ctrl Pts',(-9.99659604067734,19.4622225800094,-7.62464654307582));
#8838=CARTESIAN_POINT('Ctrl Pts',(-10.0050667253413,19.4588092415775,-7.61732297939406));
#8839=CARTESIAN_POINT('Ctrl Pts',(-10.0131653468102,19.4555458293502,-7.6103210931931));
#8840=CARTESIAN_POINT('Ctrl Pts',(-10.0212585828617,19.4524056541973,-7.60316529641683));
#8841=CARTESIAN_POINT('Ctrl Pts',(-10.0293665150612,19.4493935563849,-7.59582159165958));
#8842=CARTESIAN_POINT('Ctrl Pts',(-10.0386756491177,19.4459352119345,-7.58738990644384));
#8843=CARTESIAN_POINT('Ctrl Pts',(-10.0480087038751,19.442644448858,-7.57870596865989));
#8844=CARTESIAN_POINT('Ctrl Pts',(-10.057441738291,19.4395043162048,-7.56968430782775));
#8845=CARTESIAN_POINT('Ctrl Pts',(-10.0659765596104,19.4366631868362,-7.56152168911867));
#8846=CARTESIAN_POINT('Ctrl Pts',(-10.0745931475019,19.4339451563404,-7.55308288060268));
#8847=CARTESIAN_POINT('Ctrl Pts',(-10.0833095094831,19.4313448348868,-7.54434696267191));
#8848=CARTESIAN_POINT('Ctrl Pts',(-10.0930811280172,19.4284297024766,-7.53455342062433));
#8849=CARTESIAN_POINT('Ctrl Pts',(-10.1029780893719,19.425662456558,-7.52438652954421));
#8850=CARTESIAN_POINT('Ctrl Pts',(-10.1129796390588,19.4230455849591,-7.51386717492462));
#8851=CARTESIAN_POINT('Ctrl Pts',(-10.1242921561491,19.4200857031796,-7.50196898088087));
#8852=CARTESIAN_POINT('Ctrl Pts',(-10.1357378608327,19.4173182081847,-7.48962056209311));
#8853=CARTESIAN_POINT('Ctrl Pts',(-10.1472357234367,19.4147594064037,-7.47690770596175));
#8854=CARTESIAN_POINT('Ctrl Pts',(-10.163883090982,19.4110546035902,-7.45850119025881));
#8855=CARTESIAN_POINT('Ctrl Pts',(-10.1806369023816,19.4077869531992,-7.43933431030304));
#8856=CARTESIAN_POINT('Ctrl Pts',(-10.1971666152433,19.4050367687843,-7.41975644130589));
#8857=CARTESIAN_POINT('Ctrl Pts',(-10.2082909048912,19.4031859291314,-7.40658078077044));
#8858=CARTESIAN_POINT('Ctrl Pts',(-10.2193114872647,19.4015702655736,-7.39322137098849));
#8859=CARTESIAN_POINT('Ctrl Pts',(-10.2301389452379,19.4002168437911,-7.37976930198813));
#8860=CARTESIAN_POINT('Ctrl Pts',(-10.2398547596481,19.3990023763796,-7.36769834256588));
#8861=CARTESIAN_POINT('Ctrl Pts',(-10.2494144422062,19.397999255365,-7.35555351255723));
#8862=CARTESIAN_POINT('Ctrl Pts',(-10.258778150577,19.3972247411948,-7.34337029052098));
#8863=CARTESIAN_POINT('Ctrl Pts',(-10.2672610233987,19.3965230848697,-7.33233313312578));
#8864=CARTESIAN_POINT('Ctrl Pts',(-10.2755828642481,19.3960091319424,-7.32126470604426));
#8865=CARTESIAN_POINT('Ctrl Pts',(-10.283740532622,19.395692017989,-7.31015908826316));
#8866=CARTESIAN_POINT('Ctrl Pts',(-10.2900089120561,19.3954483465754,-7.3016254947275));
#8867=CARTESIAN_POINT('Ctrl Pts',(-10.2961808000455,19.3953208429146,-7.29306940506885));
#8868=CARTESIAN_POINT('Ctrl Pts',(-10.3022680961786,19.3953114947261,-7.28447183588406));
#8869=CARTESIAN_POINT('Ctrl Pts',(-12.0366098542324,18.270092759268,-7.76566464454796));
#8870=CARTESIAN_POINT('Ctrl Pts',(-13.9132653157261,17.173901676525,-8.97642723831887));
#8871=CARTESIAN_POINT('Ctrl Pts',(-19.0435687531526,13.1205522796396,-12.286347265827));
#8872=CARTESIAN_POINT('Ctrl Pts',(-23.9046468829704,3.28797186012361,-15.4225710883378));
#8873=CARTESIAN_POINT('Ctrl Pts',(-22.2322529761096,-7.44039327621585,-14.3435920077207));
#8874=CARTESIAN_POINT('Ctrl Pts',(-17.3220751078977,-14.4635890472262,-11.1756904863296));
#8875=CARTESIAN_POINT('Ctrl Pts',(-13.9132653157261,-17.173901676525,-8.97642723831887));
#8876=CARTESIAN_POINT('Ctrl Pts',(-12.0366098542324,-18.270092759268,-7.76566464454796));
#8877=CARTESIAN_POINT('Ctrl Pts',(-11.8805685340575,18.2061186975761,-7.93021602346971));
#8878=CARTESIAN_POINT('Ctrl Pts',(-13.7254436531819,17.0923821218548,-9.15838486625249));
#8879=CARTESIAN_POINT('Ctrl Pts',(-18.7543911312511,12.9771085271486,-12.4995862799084));
#8880=CARTESIAN_POINT('Ctrl Pts',(-23.4155583825827,3.21398246705758,-15.5588205141644));
#8881=CARTESIAN_POINT('Ctrl Pts',(-21.822616042384,-7.31050186930511,-14.5170463468834));
#8882=CARTESIAN_POINT('Ctrl Pts',(-17.0665245232836,-14.350185066721,-11.3782404486118));
#8883=CARTESIAN_POINT('Ctrl Pts',(-13.7254436531819,-17.0923821218548,-9.15838486625249));
#8884=CARTESIAN_POINT('Ctrl Pts',(-11.8805685340575,-18.2061186975761,-7.93021602346971));
#8885=CARTESIAN_POINT('Ctrl Pts',(-11.62051464071,18.1568078003848,-8.25472737175174));
#8886=CARTESIAN_POINT('Ctrl Pts',(-13.4161831638504,17.0292946824141,-9.53109439504919));
#8887=CARTESIAN_POINT('Ctrl Pts',(-18.2929532346662,12.8621417988671,-12.9991669269881));
#8888=CARTESIAN_POINT('Ctrl Pts',(-22.6827612663923,3.15183061595257,-16.1302840110187));
#8889=CARTESIAN_POINT('Ctrl Pts',(-21.1967472627481,-7.20301673251436,-15.0693957198215));
#8890=CARTESIAN_POINT('Ctrl Pts',(-16.6553913319797,-14.2608600489181,-11.8346179039966));
#8891=CARTESIAN_POINT('Ctrl Pts',(-13.4161831638504,-17.0292946824141,-9.53109439504919));
#8892=CARTESIAN_POINT('Ctrl Pts',(-11.62051464071,-18.1568078003848,-8.25472737175174));
#8893=CARTESIAN_POINT('Ctrl Pts',(-11.4110871913636,18.2221122129991,-8.60819399867869));
#8894=CARTESIAN_POINT('Ctrl Pts',(-13.182552478551,17.1128181444035,-9.94713151072025));
#8895=CARTESIAN_POINT('Ctrl Pts',(-18.00980310959,13.0130910982947,-13.601066075443));
#8896=CARTESIAN_POINT('Ctrl Pts',(-22.4832460969275,3.23278193256925,-17.017033877749));
#8897=CARTESIAN_POINT('Ctrl Pts',(-20.9544836982306,-7.34337786489841,-15.8466954513481));
#8898=CARTESIAN_POINT('Ctrl Pts',(-16.3897250802214,-14.3785104734419,-12.3747234534409));
#8899=CARTESIAN_POINT('Ctrl Pts',(-13.182552478551,-17.1128181444035,-9.94713151072025));
#8900=CARTESIAN_POINT('Ctrl Pts',(-11.4110871913636,-18.2221122129991,-8.60819399867869));
#8901=CARTESIAN_POINT('Ctrl Pts',(-11.3337421255181,18.270092759268,-8.7596697190501));
#8902=CARTESIAN_POINT('Ctrl Pts',(-13.1008118666326,17.173901676525,-10.1254099248237));
#8903=CARTESIAN_POINT('Ctrl Pts',(-17.9315355412897,13.1205522796396,-13.8589997158529));
#8904=CARTESIAN_POINT('Ctrl Pts',(-22.5087550941837,3.28797186012362,-17.396660187645));
#8905=CARTESIAN_POINT('Ctrl Pts',(-20.9340192256799,-7.44039327621585,-16.179571784709));
#8906=CARTESIAN_POINT('Ctrl Pts',(-16.3105670724001,-14.4635890472262,-12.6061788685797));
#8907=CARTESIAN_POINT('Ctrl Pts',(-13.1008118666326,-17.173901676525,-10.1254099248237));
#8908=CARTESIAN_POINT('Ctrl Pts',(-11.3337421255181,-18.270092759268,-8.7596697190501));
#8909=CARTESIAN_POINT('',(-21.5,2.63299061816681E-15,-16.6170093578839));
#8910=CARTESIAN_POINT('Origin',(0.,0.,0.));
#8911=CARTESIAN_POINT('Origin',(0.,0.,0.));
#8912=CARTESIAN_POINT('Origin',(0.,0.,0.));
#8913=CARTESIAN_POINT('Ctrl Pts',(21.8406693861404,1.28896352957338,-7.76566464454796));
#8914=CARTESIAN_POINT('Ctrl Pts',(21.8296677918298,3.46229037474917,-8.97642723831886));
#8915=CARTESIAN_POINT('Ctrl Pts',(21.1868845696932,7.76956552530703,-11.1756958401037));
#8916=CARTESIAN_POINT('Ctrl Pts',(17.5596424584027,15.5334714995983,-14.3435592206151));
#8917=CARTESIAN_POINT('Ctrl Pts',(9.10485989944858,22.3460257638785,-15.4225769283522));
#8918=CARTESIAN_POINT('Ctrl Pts',(-1.84094116487857,23.0525039392121,-12.2863567476429));
#8919=CARTESIAN_POINT('Ctrl Pts',(-7.91640247610375,20.6361920512742,-8.97642723831887));
#8920=CARTESIAN_POINT('Ctrl Pts',(-9.80405953190797,19.5590562888414,-7.76566464454796));
#8921=CARTESIAN_POINT('Ctrl Pts',(21.7072455634445,1.18581481310779,-7.9302160234697));
#8922=CARTESIAN_POINT('Ctrl Pts',(21.6651589553082,3.34039182093996,-9.15838486625248));
#8923=CARTESIAN_POINT('Ctrl Pts',(20.9608745224399,7.60496045653561,-11.3782403723372));
#8924=CARTESIAN_POINT('Ctrl Pts',(17.2423702263132,15.2436647528733,-14.5170278622557));
#8925=CARTESIAN_POINT('Ctrl Pts',(8.92438890408792,21.8854395054374,-15.55879231194));
#8926=CARTESIAN_POINT('Ctrl Pts',(-1.86128222677284,22.7303388410578,-12.4996004963408));
#8927=CARTESIAN_POINT('Ctrl Pts',(-7.93971530212628,20.4327739427948,-9.15838486625249));
#8928=CARTESIAN_POINT('Ctrl Pts',(-9.82667702938698,19.3919335106839,-7.93021602346971));
#8929=CARTESIAN_POINT('Ctrl Pts',(21.5345149077317,0.985256895253972,-8.2547275599956));
#8930=CARTESIAN_POINT('Ctrl Pts',(21.4558941660391,3.10410801205498,-9.53109458329306));
#8931=CARTESIAN_POINT('Ctrl Pts',(20.6779415333016,7.29356025190183,-11.8346094211087));
#8932=CARTESIAN_POINT('Ctrl Pts',(16.8364456179934,14.7554092068913,-15.0694189575782));
#8933=CARTESIAN_POINT('Ctrl Pts',(8.6118187954012,21.2197854478802,-16.1303014440107));
#8934=CARTESIAN_POINT('Ctrl Pts',(-1.99245405299603,22.2732460044722,-12.9991780792198));
#8935=CARTESIAN_POINT('Ctrl Pts',(-8.03971068848911,20.1334034147277,-9.53109458329307));
#8936=CARTESIAN_POINT('Ctrl Pts',(-9.9139999533221,19.1420654158974,-8.25472755999561));
#8937=CARTESIAN_POINT('Ctrl Pts',(21.4863556827496,0.77123528602051,-8.60819399867868));
#8938=CARTESIAN_POINT('Ctrl Pts',(21.4114114826722,2.86001626094492,-9.94713151072024));
#8939=CARTESIAN_POINT('Ctrl Pts',(20.6470141037753,7.00466488761028,-12.3747244603997));
#8940=CARTESIAN_POINT('Ctrl Pts',(16.8367834773306,14.475406784671,-15.8466764657792));
#8941=CARTESIAN_POINT('Ctrl Pts',(8.44195068842598,21.0874525454917,-17.0170439690269));
#8942=CARTESIAN_POINT('Ctrl Pts',(-2.26475418538351,22.1035028162712,-13.6010761095184));
#8943=CARTESIAN_POINT('Ctrl Pts',(-8.22885900412117,19.9728344053484,-9.94713151072025));
#8944=CARTESIAN_POINT('Ctrl Pts',(-10.0752684913861,18.9933474990196,-8.60819399867869));
#8945=CARTESIAN_POINT('Ctrl Pts',(21.4892355217833,0.680262221006523,-8.75966971905009));
#8946=CARTESIAN_POINT('Ctrl Pts',(21.4234410672831,2.75868504844192,-10.1254099248237));
#8947=CARTESIAN_POINT('Ctrl Pts',(20.6811303096602,6.89357345078546,-12.606184907637));
#8948=CARTESIAN_POINT('Ctrl Pts',(16.9105270669628,14.4091706616495,-16.1795348008538));
#8949=CARTESIAN_POINT('Ctrl Pts',(8.40691374076641,21.1371475560934,-17.3966667751813));
#8950=CARTESIAN_POINT('Ctrl Pts',(-2.39695819990804,22.0894541846673,-13.8590104113412));
#8951=CARTESIAN_POINT('Ctrl Pts',(-8.32262920065049,19.9325867249669,-10.1254099248237));
#8952=CARTESIAN_POINT('Ctrl Pts',(-10.1554933962651,18.9503549802745,-8.7596697190501));
#8953=CARTESIAN_POINT('Origin',(0.,0.,0.));
#8954=CARTESIAN_POINT('Origin',(0.,0.,0.));
#8955=CARTESIAN_POINT('Ctrl Pts',(-10.5895586847433,19.5590562888414,-6.65480108937567));
#8956=CARTESIAN_POINT('Ctrl Pts',(-11.1018575867585,20.6361920512742,-4.47151341850031));
#8957=CARTESIAN_POINT('Ctrl Pts',(-12.1973424843514,23.0525179558131,2.35980550534354));
#8958=CARTESIAN_POINT('Ctrl Pts',(-11.5055958224135,22.3460337461921,13.7250066853231));
#8959=CARTESIAN_POINT('Ctrl Pts',(-7.67001005211116,15.5334435993081,21.3365140286065));
#8960=CARTESIAN_POINT('Ctrl Pts',(-3.47425310445057,7.76956774804425,23.7004292686452));
#8961=CARTESIAN_POINT('Ctrl Pts',(-1.1865008307806,3.46229037474919,23.5733505816429));
#8962=CARTESIAN_POINT('Ctrl Pts',(-0.0413157120605095,1.2889635295734,23.1801354529737));
#8963=CARTESIAN_POINT('Ctrl Pts',(-10.7522383784219,19.3919335106839,-6.62127461085626));
#8964=CARTESIAN_POINT('Ctrl Pts',(-11.2811798255666,20.4327739427948,-4.43284041901464));
#8965=CARTESIAN_POINT('Ctrl Pts',(-12.4051673051872,22.7303438902083,2.41173125400603));
#8966=CARTESIAN_POINT('Ctrl Pts',(-11.694145903782,21.8854179395097,13.6002490842011));
#8967=CARTESIAN_POINT('Ctrl Pts',(-7.93931634567944,15.2436399858267,21.0952477259288));
#8968=CARTESIAN_POINT('Ctrl Pts',(-3.74055344520786,7.60496899837679,23.5548360008439));
#8969=CARTESIAN_POINT('Ctrl Pts',(-1.41288840642179,3.34039182093998,23.4789027057946));
#8970=CARTESIAN_POINT('Ctrl Pts',(-0.240930847478031,1.18581481310781,23.1091927262142));
#8971=CARTESIAN_POINT('Ctrl Pts',(-11.0872984023055,19.1420653624835,-6.59543290899296));
#8972=CARTESIAN_POINT('Ctrl Pts',(-11.6659056839699,20.1334033613139,-4.40288036913573));
#8973=CARTESIAN_POINT('Ctrl Pts',(-12.9198989478332,22.2732548982598,2.45457068640321));
#8974=CARTESIAN_POINT('Ctrl Pts',(-12.337198349895,21.2197980880715,13.496074403262));
#8975=CARTESIAN_POINT('Ctrl Pts',(-8.59543068500878,14.7554011623283,20.8967662703281));
#8976=CARTESIAN_POINT('Ctrl Pts',(-4.2651281436045,7.29355714467707,23.4401949256605));
#8977=CARTESIAN_POINT('Ctrl Pts',(-1.83403743428333,3.1041080195334,23.4058424752087));
#8978=CARTESIAN_POINT('Ctrl Pts',(-0.604460150443771,0.985256902732382,
23.0545111468998));
#8979=CARTESIAN_POINT('Ctrl Pts',(-11.4743059641087,18.9933474990196,-6.62965623048611));
#8980=CARTESIAN_POINT('Ctrl Pts',(-12.1211985274866,19.9728344053484,-4.44253216741601));
#8981=CARTESIAN_POINT('Ctrl Pts',(-13.5781415311948,22.1035132980051,2.39847611045692));
#8982=CARTESIAN_POINT('Ctrl Pts',(-13.2298491714321,21.0874513747892,13.6314976508401));
#8983=CARTESIAN_POINT('Ctrl Pts',(-9.32811421803539,14.4753870227488,21.1560810055912));
#8984=CARTESIAN_POINT('Ctrl Pts',(-4.78466593301529,7.00466617830342,23.5910959889083));
#8985=CARTESIAN_POINT('Ctrl Pts',(-2.24110836522218,2.86001626094493,23.5025828424708));
#8986=CARTESIAN_POINT('Ctrl Pts',(-0.953764572730179,0.771235286020527,
23.1269284079041));
#8987=CARTESIAN_POINT('Ctrl Pts',(-11.6438602778148,18.9503549802745,-6.65480108937567));
#8988=CARTESIAN_POINT('Ctrl Pts',(-12.3205377603987,19.9325867249669,-4.47151341850031));
#8989=CARTESIAN_POINT('Ctrl Pts',(-13.8653949287554,22.089467428014,2.35980550534353));
#8990=CARTESIAN_POINT('Ctrl Pts',(-13.5994349868199,21.1371551409823,13.7250066853231));
#8991=CARTESIAN_POINT('Ctrl Pts',(-9.61735173919801,14.4091453520643,21.3365140286065));
#8992=CARTESIAN_POINT('Ctrl Pts',(-4.99151649400528,6.89357532165327,23.7004292686452));
#8993=CARTESIAN_POINT('Ctrl Pts',(-2.40518100442085,2.75868504844193,23.5733505816429));
#8994=CARTESIAN_POINT('Ctrl Pts',(-1.09561730513197,0.68026222100654,23.1801354529737));
#8995=CARTESIAN_POINT('Origin',(0.,0.,0.));
#8996=CARTESIAN_POINT('Origin',(0.,0.,0.));
#8997=CARTESIAN_POINT('Ctrl Pts',(-0.0413157120605129,-1.28896352957341,
23.1801354529737));
#8998=CARTESIAN_POINT('Ctrl Pts',(-1.18650083078061,-3.46229037474921,23.5733505816429));
#8999=CARTESIAN_POINT('Ctrl Pts',(-4.62218633005564,-9.93196262130484,23.7855826463417));
#9000=CARTESIAN_POINT('Ctrl Pts',(-9.60728241868416,-19.0580584822438,19.0942478077006));
#9001=CARTESIAN_POINT('Ctrl Pts',(-11.9656852926812,-22.973771368791,9.18650965907775));
#9002=CARTESIAN_POINT('Ctrl Pts',(-11.8248194068927,-22.2331728558466,0.0814610318263237));
#9003=CARTESIAN_POINT('Ctrl Pts',(-11.1018575867585,-20.6361920512742,-4.47151341850032));
#9004=CARTESIAN_POINT('Ctrl Pts',(-10.5895586847433,-19.5590562888414,-6.65480108937569));
#9005=CARTESIAN_POINT('Ctrl Pts',(-0.240930847478035,-1.18581481310782,
23.1091927262142));
#9006=CARTESIAN_POINT('Ctrl Pts',(-1.4128884064218,-3.34039182094,23.4789027057946));
#9007=CARTESIAN_POINT('Ctrl Pts',(-4.91285535516855,-9.75327892662053,23.6031896004989));
#9008=CARTESIAN_POINT('Ctrl Pts',(-9.83856451930983,-18.6714567040249,18.8486258042164));
#9009=CARTESIAN_POINT('Ctrl Pts',(-12.160032275319,-22.5541344202778,9.15726030468783));
#9010=CARTESIAN_POINT('Ctrl Pts',(-12.0256185990999,-21.9551227889363,0.121132989286125));
#9011=CARTESIAN_POINT('Ctrl Pts',(-11.2811798255666,-20.4327739427948,-4.43284041901465));
#9012=CARTESIAN_POINT('Ctrl Pts',(-10.7522383784219,-19.3919335106839,-6.62127461085627));
#9013=CARTESIAN_POINT('Ctrl Pts',(-0.604460150443778,-0.985256902732397,
23.0545111468998));
#9014=CARTESIAN_POINT('Ctrl Pts',(-1.83403743428333,-3.10410801953341,23.4058424752087));
#9015=CARTESIAN_POINT('Ctrl Pts',(-5.49394331907955,-9.41112245450643,23.4583450139316));
#9016=CARTESIAN_POINT('Ctrl Pts',(-10.5174810423935,-18.0679552560666,18.6430121951692));
#9017=CARTESIAN_POINT('Ctrl Pts',(-12.7541715773846,-21.9585516834375,9.13407072554111));
#9018=CARTESIAN_POINT('Ctrl Pts',(-12.4986187187685,-21.5543811445007,0.152366851524516));
#9019=CARTESIAN_POINT('Ctrl Pts',(-11.6659056839699,-20.1334033613139,-4.40288036913574));
#9020=CARTESIAN_POINT('Ctrl Pts',(-11.0872984023056,-19.1420653624835,-6.59543290899297));
#9021=CARTESIAN_POINT('Ctrl Pts',(-0.953764572730186,-0.77123528602054,
23.1269284079041));
#9022=CARTESIAN_POINT('Ctrl Pts',(-2.24110836522219,-2.86001626094495,23.5025828424708));
#9023=CARTESIAN_POINT('Ctrl Pts',(-6.06503574782121,-9.09043235856238,23.6487482992385));
#9024=CARTESIAN_POINT('Ctrl Pts',(-11.3634010634063,-17.8546684219977,18.9106101065116));
#9025=CARTESIAN_POINT('Ctrl Pts',(-13.5678164461824,-21.8187666908624,9.1643922226532));
#9026=CARTESIAN_POINT('Ctrl Pts',(-13.0860979586191,-21.3831682222287,0.111100473453632));
#9027=CARTESIAN_POINT('Ctrl Pts',(-12.1211985274866,-19.9728344053484,-4.44253216741602));
#9028=CARTESIAN_POINT('Ctrl Pts',(-11.4743059641088,-18.9933474990196,-6.62965623048613));
#9029=CARTESIAN_POINT('Ctrl Pts',(-1.09561730513198,-0.680262221006553,
23.1801354529737));
#9030=CARTESIAN_POINT('Ctrl Pts',(-2.40518100442086,-2.75868504844195,23.5733505816429));
#9031=CARTESIAN_POINT('Ctrl Pts',(-6.29023877445966,-8.96891209350576,23.7855826463417));
#9032=CARTESIAN_POINT('Ctrl Pts',(-11.7011215830906,-17.849179877034,19.0942478077006));
#9033=CARTESIAN_POINT('Ctrl Pts',(-13.913026979768,-21.8494731215472,9.18650965907775));
#9034=CARTESIAN_POINT('Ctrl Pts',(-13.3420827964474,-21.3571804294556,0.0814610318263232));
#9035=CARTESIAN_POINT('Ctrl Pts',(-12.3205377603987,-19.9325867249669,-4.47151341850032));
#9036=CARTESIAN_POINT('Ctrl Pts',(-11.6438602778148,-18.9503549802745,-6.65480108937569));
#9037=CARTESIAN_POINT('Origin',(0.,0.,0.));
#9038=CARTESIAN_POINT('Origin',(0.,0.,0.));
#9039=CARTESIAN_POINT('Ctrl Pts',(1.13693301719248,0.608701308566856,23.1801354529737));
#9040=CARTESIAN_POINT('Ctrl Pts',(3.59168183520145,0.703605326307252,23.5733505816429));
#9041=CARTESIAN_POINT('Ctrl Pts',(8.47128737650805,0.876321789588367,23.7060385328267));
#9042=CARTESIAN_POINT('Ctrl Pts',(15.0728032455811,1.06167023847861,21.9179869516695));
#9043=CARTESIAN_POINT('Ctrl Pts',(22.2201018271245,1.19167655225719,17.1043971844452));
#9044=CARTESIAN_POINT('Ctrl Pts',(25.8798201579853,1.12443525256016,9.19052210790067));
#9045=CARTESIAN_POINT('Ctrl Pts',(25.1664700089952,0.875938371360549,0.0798709765229423));
#9046=CARTESIAN_POINT('Ctrl Pts',(23.4223953471572,0.703605326307247,-4.47151341850032));
#9047=CARTESIAN_POINT('Ctrl Pts',(22.2334189625581,0.608701308566851,-6.65480108937569));
#9048=CARTESIAN_POINT('Ctrl Pts',(1.14741117607428,0.384255172082617,23.1091927262142));
#9049=CARTESIAN_POINT('Ctrl Pts',(3.59930837873868,0.446598657796204,23.4789027057946));
#9050=CARTESIAN_POINT('Ctrl Pts',(8.4602106519388,0.563817738969021,23.5570438695392));
#9051=CARTESIAN_POINT('Ctrl Pts',(14.9858636119465,0.699098520657403,21.7066500951614));
#9052=CARTESIAN_POINT('Ctrl Pts',(21.9859903646726,0.801590919958464,16.9054195073031));
#9053=CARTESIAN_POINT('Ctrl Pts',(25.6163380617327,0.746083545764801,9.15964564759321));
#9054=CARTESIAN_POINT('Ctrl Pts',(25.0250032846808,0.563102430586399,0.120159908904767));
#9055=CARTESIAN_POINT('Ctrl Pts',(23.3358912170283,0.446598657796199,-4.43284041901465));
#9056=CARTESIAN_POINT('Ctrl Pts',(22.1700262379619,0.384255172082613,-6.62127461085627));
#9057=CARTESIAN_POINT('Ctrl Pts',(1.15548788703096,-0.0308494653211275,
23.0545090833167));
#9058=CARTESIAN_POINT('Ctrl Pts',(3.60525542293744,-0.0362690706419482,
23.4058404116255));
#9059=CARTESIAN_POINT('Ctrl Pts',(8.45103776446803,-0.0470870493443393,
23.4390552609515));
#9060=CARTESIAN_POINT('Ctrl Pts',(14.9154924967576,-0.061085370678021,21.5345512795981));
#9061=CARTESIAN_POINT('Ctrl Pts',(21.790343773162,-0.0728444867760955,16.7387537354602));
#9062=CARTESIAN_POINT('Ctrl Pts',(25.4001095418379,-0.0661244409112904,
9.13521194683575));
#9063=CARTESIAN_POINT('Ctrl Pts',(24.9134176426596,-0.0469457446701259,
0.15191493713289));
#9064=CARTESIAN_POINT('Ctrl Pts',(23.2689897735532,-0.036269070641954,-4.40287939391701));
#9065=CARTESIAN_POINT('Ctrl Pts',(22.1211622419971,-0.0308494653211327,
-6.59543193377424));
#9066=CARTESIAN_POINT('Ctrl Pts',(1.14479163635383,-0.440366706203679,23.1269284079041));
#9067=CARTESIAN_POINT('Ctrl Pts',(3.59740091982599,-0.51084864644375,23.5025828424708));
#9068=CARTESIAN_POINT('Ctrl Pts',(8.46278550506584,-0.64195337363314,23.594145662869));
#9069=CARTESIAN_POINT('Ctrl Pts',(15.0075257554526,-0.789737688740286,21.7597223926243));
#9070=CARTESIAN_POINT('Ctrl Pts',(22.0448865779568,-0.899093870152101,16.9554967080167));
#9071=CARTESIAN_POINT('Ctrl Pts',(25.6826214899808,-0.840660863764033,9.16721748228253));
#9072=CARTESIAN_POINT('Ctrl Pts',(25.060196016898,-0.641319453327418,0.109976327973606));
#9073=CARTESIAN_POINT('Ctrl Pts',(23.3575812443549,-0.510848646443756,-4.44253216741602));
#9074=CARTESIAN_POINT('Ctrl Pts',(22.185874419111,-0.440366706203685,-6.62965623048613));
#9075=CARTESIAN_POINT('Ctrl Pts',(1.13693301719247,-0.608701308566858,23.1801354529737));
#9076=CARTESIAN_POINT('Ctrl Pts',(3.59168183520145,-0.703605326307257,23.5733505816429));
#9077=CARTESIAN_POINT('Ctrl Pts',(8.47128737650805,-0.876321789588374,23.7060385328267));
#9078=CARTESIAN_POINT('Ctrl Pts',(15.0728032455811,-1.06167023847862,21.9179869516695));
#9079=CARTESIAN_POINT('Ctrl Pts',(22.2201018271244,-1.19167655225721,17.1043971844452));
#9080=CARTESIAN_POINT('Ctrl Pts',(25.8798201579853,-1.12443525256018,9.19052210790067));
#9081=CARTESIAN_POINT('Ctrl Pts',(25.1664700089952,-0.875938371360564,0.0798709765229401));
#9082=CARTESIAN_POINT('Ctrl Pts',(23.4223953471572,-0.703605326307264,-4.47151341850032));
#9083=CARTESIAN_POINT('Ctrl Pts',(22.2334189625581,-0.608701308566864,-6.65480108937569));
#9084=CARTESIAN_POINT('Origin',(0.,0.,0.));
#9085=CARTESIAN_POINT('Origin',(0.,0.,0.));
#9086=CARTESIAN_POINT('Origin',(0.,0.,0.));
#9087=CARTESIAN_POINT('',(15.2728474983079,-26.4533478433206,33.6037277273477));
#9088=CARTESIAN_POINT('Origin',(18.8561808316413,-32.6598632371091,13.3333333333333));
#9089=CARTESIAN_POINT('',(-3.58333333333333,6.20651539378848,20.2703943940144));
#9090=CARTESIAN_POINT('Origin',(0.,0.,0.));
#9091=CARTESIAN_POINT('',(-21.5,-2.63299061816681E-15,-40.));
#9092=CARTESIAN_POINT('Origin',(0.,0.,-40.));
#9093=CARTESIAN_POINT('',(-21.5,2.63299061816681E-15,0.));
#9094=CARTESIAN_POINT('Origin',(0.,0.,0.));
#9095=CARTESIAN_POINT('',(15.2728474983079,26.4533478433206,33.6037277273477));
#9096=CARTESIAN_POINT('Origin',(18.8561808316413,32.659863237109,13.3333333333333));
#9097=CARTESIAN_POINT('',(-3.58333333333333,-6.20651539378848,20.2703943940144));
#9098=CARTESIAN_POINT('Origin',(0.,0.,0.));
#9099=CARTESIAN_POINT('',(-30.5456949966159,-2.63299061816681E-15,33.6037277273477));
#9100=CARTESIAN_POINT('Origin',(-37.7123616632825,0.,13.3333333333333));
#9101=CARTESIAN_POINT('',(7.16666666666667,2.63299061816681E-15,20.2703943940144));
#9102=CARTESIAN_POINT('Ctrl Pts',(-13.5619265735403,-23.4899458738903,-9.5897302461044));
#9103=CARTESIAN_POINT('Ctrl Pts',(-14.4055252209127,-23.1976486693507,-9.11268060215478));
#9104=CARTESIAN_POINT('Ctrl Pts',(-16.0758315304886,-22.6423881466462,-8.18261260067932));
#9105=CARTESIAN_POINT('Ctrl Pts',(-18.8022675230664,-21.8666192481239,-6.74331501570802));
#9106=CARTESIAN_POINT('Ctrl Pts',(-22.5010897398305,-21.0298691796545,-4.92361008112942));
#9107=CARTESIAN_POINT('Ctrl Pts',(-25.5680611069536,-20.7842801930374,-3.68885267299806));
#9108=CARTESIAN_POINT('Ctrl Pts',(-27.1221223292069,-20.7842791688957,-3.13941094002963));
#9109=CARTESIAN_POINT('Ctrl Pts',(-13.6138814105708,-23.5798326592482,-9.29607825219908));
#9110=CARTESIAN_POINT('Ctrl Pts',(-14.4465644293638,-23.2908954533745,-8.82980595836985));
#9111=CARTESIAN_POINT('Ctrl Pts',(-16.1000858706525,-22.7423871634158,-7.91618900592982));
#9112=CARTESIAN_POINT('Ctrl Pts',(-18.8106787684729,-21.9732365598359,-6.49333203859553));
#9113=CARTESIAN_POINT('Ctrl Pts',(-22.4878297643451,-21.1503092121216,-4.68767708977724));
#9114=CARTESIAN_POINT('Ctrl Pts',(-25.516793421227,-20.9077536993091,-3.48015760578959));
#9115=CARTESIAN_POINT('Ctrl Pts',(-27.052506839226,-20.9050296102517,-2.94220511643943));
#9116=CARTESIAN_POINT('Ctrl Pts',(-13.7193526178019,-23.7625648268553,-8.70592992995112));
#9117=CARTESIAN_POINT('Ctrl Pts',(-14.5311748900261,-23.4797399151387,-8.25969651303759));
#9118=CARTESIAN_POINT('Ctrl Pts',(-16.1530887668682,-22.9428516376869,-7.37691597119064));
#9119=CARTESIAN_POINT('Ctrl Pts',(-18.8361764910153,-22.1841081274733,-5.9837017328219));
#9120=CARTESIAN_POINT('Ctrl Pts',(-22.4728809940133,-21.3861474912318,-4.20577417349505));
#9121=CARTESIAN_POINT('Ctrl Pts',(-25.4279927582579,-21.1485880980755,-3.05293976149668));
#9122=CARTESIAN_POINT('Ctrl Pts',(-26.9305353752714,-21.1405434639231,-2.53716896014928));
#9123=CARTESIAN_POINT('Ctrl Pts',(-13.8829249936054,-24.0464990398158,-7.80204980236282));
#9124=CARTESIAN_POINT('Ctrl Pts',(-14.6673245072492,-23.7704254537123,-7.38157210995935));
#9125=CARTESIAN_POINT('Ctrl Pts',(-16.2481004617498,-23.2443836455799,-6.54141987036182));
#9126=CARTESIAN_POINT('Ctrl Pts',(-18.9042231496953,-22.4923660961288,-5.18391444300209));
#9127=CARTESIAN_POINT('Ctrl Pts',(-22.4865368170213,-21.7229573131163,-3.45427525280034));
#9128=CARTESIAN_POINT('Ctrl Pts',(-25.3390148820313,-21.4882774548864,-2.38766198745178));
#9129=CARTESIAN_POINT('Ctrl Pts',(-26.8013191933292,-21.4716008720439,-1.90552205870529));
#9130=CARTESIAN_POINT('Ctrl Pts',(-14.0527625487364,-24.3408589479263,-6.86863232527742));
#9131=CARTESIAN_POINT('Ctrl Pts',(-14.8138995057069,-24.0682873056812,-6.47120439417212));
#9132=CARTESIAN_POINT('Ctrl Pts',(-16.3614609743115,-23.5457695506921,-5.67109317167852));
#9133=CARTESIAN_POINT('Ctrl Pts',(-19.0056924310163,-22.7907860236947,-4.34396486528963));
#9134=CARTESIAN_POINT('Ctrl Pts',(-22.5375162597844,-22.0405578830442,-2.67788388033062));
#9135=CARTESIAN_POINT('Ctrl Pts',(-25.2974395951753,-21.8034053448952,-1.70439902843643));
#9136=CARTESIAN_POINT('Ctrl Pts',(-26.7277505606252,-21.7770266627306,-1.25838080634288));
#9137=CARTESIAN_POINT('Ctrl Pts',(-14.2292442016164,-24.6460235063282,-5.89419886160522));
#9138=CARTESIAN_POINT('Ctrl Pts',(-14.9718938015268,-24.3729461139539,-5.51853019938469));
#9139=CARTESIAN_POINT('Ctrl Pts',(-16.4965927524114,-23.8458919348492,-4.7553992863261));
#9140=CARTESIAN_POINT('Ctrl Pts',(-19.1434770202492,-23.0776354973644,-3.45965384101948));
#9141=CARTESIAN_POINT('Ctrl Pts',(-22.626428403399,-22.3379892764079,-1.87927198452542));
#9142=CARTESIAN_POINT('Ctrl Pts',(-25.3056903603476,-22.093468711953,-1.00606352244538));
#9143=CARTESIAN_POINT('Ctrl Pts',(-26.7105350477342,-22.0566177741861,-0.599577445650455));
#9144=CARTESIAN_POINT('Ctrl Pts',(-14.4121828727072,-24.9624141981467,-4.86504918669319));
#9145=CARTESIAN_POINT('Ctrl Pts',(-15.1422144368087,-24.6840840434064,-4.51066460007702));
#9146=CARTESIAN_POINT('Ctrl Pts',(-16.656562748233,-24.1433636061956,-3.78149507721718));
#9147=CARTESIAN_POINT('Ctrl Pts',(-19.3189029644139,-23.3515565667691,-2.52716816370162));
#9148=CARTESIAN_POINT('Ctrl Pts',(-22.7527240583644,-22.6146924173849,-1.06145884377009));
#9149=CARTESIAN_POINT('Ctrl Pts',(-25.3647435968036,-22.3581572217144,-0.296342929978017));
#9150=CARTESIAN_POINT('Ctrl Pts',(-26.7485781708667,-22.3101515559362,0.0656505228513865));
#9151=CARTESIAN_POINT('Ctrl Pts',(-14.6009609501338,-25.289516424383,-3.76624073193375));
#9152=CARTESIAN_POINT('Ctrl Pts',(-15.3256628429269,-25.0003342527976,-3.43302723536642));
#9153=CARTESIAN_POINT('Ctrl Pts',(-16.8430365541121,-24.4347106784167,-2.74112161348932));
#9154=CARTESIAN_POINT('Ctrl Pts',(-19.531472268542,-23.6098104089316,-1.54901407936338));
#9155=CARTESIAN_POINT('Ctrl Pts',(-22.9155364831958,-22.8681643248541,-0.234332920310801));
#9156=CARTESIAN_POINT('Ctrl Pts',(-25.4746968598605,-22.595915143098,0.415974693363445));
#9157=CARTESIAN_POINT('Ctrl Pts',(-26.8396640640661,-22.5365526969738,0.727957842729819));
#9158=CARTESIAN_POINT('Ctrl Pts',(-14.7944145774462,-25.625022941422,-2.58358421391412));
#9159=CARTESIAN_POINT('Ctrl Pts',(-15.5218441817786,-25.3179506342167,-2.27515094870153));
#9160=CARTESIAN_POINT('Ctrl Pts',(-17.0563675295592,-24.7153076957437,-1.63195250971581));
#9161=CARTESIAN_POINT('Ctrl Pts',(-19.7789977640179,-23.8491051258241,-0.535179415805977));
#9162=CARTESIAN_POINT('Ctrl Pts',(-23.1149884215876,-23.095975621004,0.58970349526553));
#9163=CARTESIAN_POINT('Ctrl Pts',(-25.6351535126505,-22.8062937112877,1.12240673460566));
#9164=CARTESIAN_POINT('Ctrl Pts',(-26.9810247892733,-22.7362902092521,1.38004823499086));
#9165=CARTESIAN_POINT('Ctrl Pts',(-14.9900330057443,-25.9640442314086,-1.31087932453878));
#9166=CARTESIAN_POINT('Ctrl Pts',(-15.7290462693985,-25.6313555358471,-1.03538655888119));
#9167=CARTESIAN_POINT('Ctrl Pts',(-17.2955890599146,-24.9805911981456,-0.459173853029984));
#9168=CARTESIAN_POINT('Ctrl Pts',(-20.0594129538596,-24.0666754553254,0.499209286919029));
#9169=CARTESIAN_POINT('Ctrl Pts',(-23.3543363475865,-23.2977155972913,1.40425190109428));
#9170=CARTESIAN_POINT('Ctrl Pts',(-25.8460931694258,-22.9915284525027,1.821750545799));
#9171=CARTESIAN_POINT('Ctrl Pts',(-27.1698583613446,-22.9123960085154,2.02211777873158));
#9172=CARTESIAN_POINT('Ctrl Pts',(-15.1847690714384,-26.3000452371336,0.0450653292681247));
#9173=CARTESIAN_POINT('Ctrl Pts',(-15.9449916653125,-25.934843621494,0.27731788092911));
#9174=CARTESIAN_POINT('Ctrl Pts',(-17.5587833483002,-25.2267321767768,0.763106410735701));
#9175=CARTESIAN_POINT('Ctrl Pts',(-20.3720576961849,-24.2601694199008,1.5361804923226));
#9176=CARTESIAN_POINT('Ctrl Pts',(-23.6373799139571,-23.4732427189797,2.20578837472988));
#9177=CARTESIAN_POINT('Ctrl Pts',(-26.1030870055046,-23.1532449701466,2.50964719968494));
#9178=CARTESIAN_POINT('Ctrl Pts',(-27.3987826010832,-23.0667059865728,2.649917059365));
#9179=CARTESIAN_POINT('Ctrl Pts',(-15.372693410605,-26.6264776772387,1.45333888779176));
#9180=CARTESIAN_POINT('Ctrl Pts',(-16.1645400009962,-26.2220984527617,1.63038260351754));
#9181=CARTESIAN_POINT('Ctrl Pts',(-17.8424088084399,-25.4472865126724,1.99639636000031));
#9182=CARTESIAN_POINT('Ctrl Pts',(-20.7152952131165,-24.4264704615608,2.55057273134705));
#9183=CARTESIAN_POINT('Ctrl Pts',(-23.9650990444685,-23.6212294065942,2.98577983227499));
#9184=CARTESIAN_POINT('Ctrl Pts',(-26.3979974774631,-23.2925526246681,3.17775137182288));
#9185=CARTESIAN_POINT('Ctrl Pts',(-27.6584675700982,-23.2007780928754,3.25730403318342));
#9186=CARTESIAN_POINT('Ctrl Pts',(-15.5512166827211,-26.9355785106217,2.85618336842627));
#9187=CARTESIAN_POINT('Ctrl Pts',(-16.3866882601945,-26.4863509107698,2.97100044610593));
#9188=CARTESIAN_POINT('Ctrl Pts',(-18.1481193596685,-25.6397050231918,3.20542866651631));
#9189=CARTESIAN_POINT('Ctrl Pts',(-21.0945185618932,-24.5643648309192,3.53128769086363));
#9190=CARTESIAN_POINT('Ctrl Pts',(-24.3477464895409,-23.7426556883241,3.75369390085292));
#9191=CARTESIAN_POINT('Ctrl Pts',(-26.7280150647965,-23.413128360679,3.83032256990134));
#9192=CARTESIAN_POINT('Ctrl Pts',(-27.9454047165209,-23.3184566776097,3.8500395807583));
#9193=CARTESIAN_POINT('Ctrl Pts',(-15.7221044333389,-27.230411227238,4.22760142106818));
#9194=CARTESIAN_POINT('Ctrl Pts',(-16.6157136782434,-26.7301709885993,4.28425882280085));
#9195=CARTESIAN_POINT('Ctrl Pts',(-18.4842850918211,-25.8036307113555,4.3899940813581));
#9196=CARTESIAN_POINT('Ctrl Pts',(-21.5175696930468,-24.6737899800819,4.49177721282122));
#9197=CARTESIAN_POINT('Ctrl Pts',(-24.7802446858417,-23.8416110674023,4.52065462443436));
#9198=CARTESIAN_POINT('Ctrl Pts',(-27.0809692843065,-23.518458346614,4.47101038612593));
#9199=CARTESIAN_POINT('Ctrl Pts',(-28.246857482541,-23.4227814817914,4.43060048318838));
#9200=CARTESIAN_POINT('Ctrl Pts',(-15.8274593059286,-27.4139636725971,5.13986709104048));
#9201=CARTESIAN_POINT('Ctrl Pts',(-16.7689501851795,-26.8752707587001,5.15960646309602));
#9202=CARTESIAN_POINT('Ctrl Pts',(-18.7200711222052,-25.8924903392899,5.17893559020425));
#9203=CARTESIAN_POINT('Ctrl Pts',(-21.8241720694472,-24.7279086320144,5.14024994130052));
#9204=CARTESIAN_POINT('Ctrl Pts',(-25.0777488285075,-23.8963162675512,5.02384095849519));
#9205=CARTESIAN_POINT('Ctrl Pts',(-27.3177728485576,-23.5800936901093,4.88907589109587));
#9206=CARTESIAN_POINT('Ctrl Pts',(-28.4457718809723,-23.4847789836869,4.80848352850063));
#9207=CARTESIAN_POINT('Ctrl Pts',(-15.8781436021524,-27.5017514488026,5.61361202037345));
#9208=CARTESIAN_POINT('Ctrl Pts',(-16.8455568174738,-26.9432151685191,5.61361202037345));
#9209=CARTESIAN_POINT('Ctrl Pts',(-18.8414553478161,-25.9319292305938,5.58747523667512));
#9210=CARTESIAN_POINT('Ctrl Pts',(-21.9812102262839,-24.7512631927316,5.47034845179697));
#9211=CARTESIAN_POINT('Ctrl Pts',(-25.2277314134472,-23.9215792922441,5.27676002205098));
#9212=CARTESIAN_POINT('Ctrl Pts',(-27.4362749289158,-23.6093396386156,5.09833563438534));
#9213=CARTESIAN_POINT('Ctrl Pts',(-28.5447150889728,-23.5144134530853,4.99733792923912));
#9214=CARTESIAN_POINT('',(-28.5447150889728,-23.5144134530853,4.99733792923915));
#9215=CARTESIAN_POINT('Origin',(-30.5461191081936,-52.9074302694419,-0.663487486301055));
#9216=CARTESIAN_POINT('Ctrl Pts',(-28.5447150889728,-23.5144134530853,4.99733792923914));
#9217=CARTESIAN_POINT('Ctrl Pts',(-28.5154545904996,-23.5056496443903,4.94148797231802));
#9218=CARTESIAN_POINT('Ctrl Pts',(-28.4861825753134,-23.496768244763,4.8856577294678));
#9219=CARTESIAN_POINT('Ctrl Pts',(-28.4568536995989,-23.4877533379872,4.82975306447593));
#9220=CARTESIAN_POINT('Ctrl Pts',(-28.4260853882669,-23.4782959874564,4.771104647328));
#9221=CARTESIAN_POINT('Ctrl Pts',(-28.3952547132395,-23.4686917003345,4.71237449698297));
#9222=CARTESIAN_POINT('Ctrl Pts',(-28.3643541140207,-23.4589244887177,4.65349082199545));
#9223=CARTESIAN_POINT('Ctrl Pts',(-28.3314565659279,-23.4485260717932,4.59080179399101));
#9224=CARTESIAN_POINT('Ctrl Pts',(-28.2984800571969,-23.437942997744,4.52793899047393));
#9225=CARTESIAN_POINT('Ctrl Pts',(-28.2654612112846,-23.4271586172876,4.46485355853283));
#9226=CARTESIAN_POINT('Ctrl Pts',(-28.22925319368,-23.4153326122704,4.39567493138211));
#9227=CARTESIAN_POINT('Ctrl Pts',(-28.192994713331,-23.4032645611711,4.32622894235696));
#9228=CARTESIAN_POINT('Ctrl Pts',(-28.1567818905754,-23.3909353902262,4.25649089712387));
#9229=CARTESIAN_POINT('Ctrl Pts',(-28.1123008375394,-23.375791182596,4.17083003302695));
#9230=CARTESIAN_POINT('Ctrl Pts',(-28.0678895379627,-23.3602531096129,4.08472914578625));
#9231=CARTESIAN_POINT('Ctrl Pts',(-28.0237869257927,-23.344289162554,3.99819389939353));
#9232=CARTESIAN_POINT('Ctrl Pts',(-27.9753377102295,-23.3267518631913,3.90313003355846));
#9233=CARTESIAN_POINT('Ctrl Pts',(-27.9272658979492,-23.3087011272256,3.80754581433019));
#9234=CARTESIAN_POINT('Ctrl Pts',(-27.8799065715748,-23.2900931282776,3.71146739260204));
#9235=CARTESIAN_POINT('Ctrl Pts',(-27.8442519430956,-23.2760840335539,3.63913442898468));
#9236=CARTESIAN_POINT('Ctrl Pts',(-27.8090021620434,-23.2617591511979,3.56652224869182));
#9237=CARTESIAN_POINT('Ctrl Pts',(-27.7742775802204,-23.2470960331392,3.49362553180985));
#9238=CARTESIAN_POINT('Ctrl Pts',(-27.7418057424979,-23.2333841793138,3.42545796184003));
#9239=CARTESIAN_POINT('Ctrl Pts',(-27.7097939158024,-23.2193766537768,3.35704217273678));
#9240=CARTESIAN_POINT('Ctrl Pts',(-27.6783067967849,-23.2050501962586,3.28834810923939));
#9241=CARTESIAN_POINT('Ctrl Pts',(-27.6380228424804,-23.1867212294296,3.2004623768742));
#9242=CARTESIAN_POINT('Ctrl Pts',(-27.5985977489456,-23.167869953633,3.11211897253153));
#9243=CARTESIAN_POINT('Ctrl Pts',(-27.5600736200514,-23.1484350787735,3.02319132810847));
#9244=CARTESIAN_POINT('Ctrl Pts',(-27.5263961529608,-23.1314452758298,2.9454515347774));
#9245=CARTESIAN_POINT('Ctrl Pts',(-27.493405293883,-23.1140091959152,2.86726425589297));
#9246=CARTESIAN_POINT('Ctrl Pts',(-27.4611486875726,-23.0960941282449,2.78859636299314));
#9247=CARTESIAN_POINT('Ctrl Pts',(-27.4259049986938,-23.0765200582037,2.70264352854358));
#9248=CARTESIAN_POINT('Ctrl Pts',(-27.3915381509956,-23.0563741791203,2.61611740490092));
#9249=CARTESIAN_POINT('Ctrl Pts',(-27.3581369550305,-23.0356246747487,2.52903386813734));
#9250=CARTESIAN_POINT('Ctrl Pts',(-27.3185638722569,-23.0110410683751,2.42585899942401));
#9251=CARTESIAN_POINT('Ctrl Pts',(-27.280346953267,-22.9856101745153,2.32190252085743));
#9252=CARTESIAN_POINT('Ctrl Pts',(-27.2436627139954,-22.959294058085,2.2172617206021));
#9253=CARTESIAN_POINT('Ctrl Pts',(-27.202834474208,-22.9300051663642,2.10080027096605));
#9254=CARTESIAN_POINT('Ctrl Pts',(-27.1639073144806,-22.8996205780444,1.98349543412827));
#9255=CARTESIAN_POINT('Ctrl Pts',(-27.127130804843,-22.8680985783671,1.86552009576008));
#9256=CARTESIAN_POINT('Ctrl Pts',(-27.0949688643955,-22.8405318330071,1.76234783052154));
#9257=CARTESIAN_POINT('Ctrl Pts',(-27.0644531516394,-22.8120960228218,1.65866575795693));
#9258=CARTESIAN_POINT('Ctrl Pts',(-27.0357271907727,-22.7827586909587,1.55456497364985));
#9259=CARTESIAN_POINT('Ctrl Pts',(-27.0118630797713,-22.7583866830974,1.46808317819101));
#9260=CARTESIAN_POINT('Ctrl Pts',(-26.9892342048204,-22.7333926803615,1.38131274763877));
#9261=CARTESIAN_POINT('Ctrl Pts',(-26.9678987224201,-22.7077493600322,1.29427141310843));
#9262=CARTESIAN_POINT('Ctrl Pts',(-26.9441449921598,-22.679199524474,1.19736446987009));
#9263=CARTESIAN_POINT('Ctrl Pts',(-26.921993464348,-22.649843635129,1.10011715886957));
#9264=CARTESIAN_POINT('Ctrl Pts',(-26.9014877193916,-22.6196315933194,1.00251067054151));
#9265=CARTESIAN_POINT('Ctrl Pts',(-26.8809623237139,-22.5893905992128,0.904810645601677));
#9266=CARTESIAN_POINT('Ctrl Pts',(-26.8620853343527,-22.5582914219367,0.806750067903222));
#9267=CARTESIAN_POINT('Ctrl Pts',(-26.8448993184484,-22.5263011755431,0.708367857861892));
#9268=CARTESIAN_POINT('Ctrl Pts',(-26.8261909494562,-22.4914772037152,0.6012708612117));
#9269=CARTESIAN_POINT('Ctrl Pts',(-26.8094865345851,-22.4555972195532,0.493793326564024));
#9270=CARTESIAN_POINT('Ctrl Pts',(-26.794840357449,-22.4186416035587,0.386048834166827));
#9271=CARTESIAN_POINT('Ctrl Pts',(-26.7779881901536,-22.3761197756814,0.262075991686972));
#9272=CARTESIAN_POINT('Ctrl Pts',(-26.7638613302968,-22.3321737826746,0.137750932801937));
#9273=CARTESIAN_POINT('Ctrl Pts',(-26.7525376595671,-22.2868051426128,0.0133137589579135));
#9274=CARTESIAN_POINT('Ctrl Pts',(-26.7396645801437,-22.23522874828,-0.128150052588981));
#9275=CARTESIAN_POINT('Ctrl Pts',(-26.730415133412,-22.1818145878491,-0.269754431395211));
#9276=CARTESIAN_POINT('Ctrl Pts',(-26.7248880461105,-22.1265980677966,-0.411110468748138));
#9277=CARTESIAN_POINT('Ctrl Pts',(-26.7202588603005,-22.080351732762,-0.529502548806444));
#9278=CARTESIAN_POINT('Ctrl Pts',(-26.7182407749933,-22.0328424639492,-0.647717978924303));
#9279=CARTESIAN_POINT('Ctrl Pts',(-26.718877800079,-21.9840948068701,-0.765551926138015));
#9280=CARTESIAN_POINT('Ctrl Pts',(-26.719435197029,-21.9414406069258,-0.868656629950013));
#9281=CARTESIAN_POINT('Ctrl Pts',(-26.7220253559079,-21.8978388133984,-0.971468654150342));
#9282=CARTESIAN_POINT('Ctrl Pts',(-26.7266668012302,-21.8532977910277,-1.07388727573645));
#9283=CARTESIAN_POINT('Ctrl Pts',(-26.7312047254112,-21.8097501957369,-1.17402158890841));
#9284=CARTESIAN_POINT('Ctrl Pts',(-26.7377035801592,-21.7653053011944,-1.27377916007065));
#9285=CARTESIAN_POINT('Ctrl Pts',(-26.7461687180608,-21.7199548908145,-1.37311364554335));
#9286=CARTESIAN_POINT('Ctrl Pts',(-26.7547035070531,-21.6742313376008,-1.4732654544115));
#9287=CARTESIAN_POINT('Ctrl Pts',(-26.7652370880344,-21.6275838660071,-1.57299468122438));
#9288=CARTESIAN_POINT('Ctrl Pts',(-26.7777605527626,-21.5800150853553,-1.67223777085016));
#9289=CARTESIAN_POINT('Ctrl Pts',(-26.7912717598866,-21.5286944914162,-1.77930829555486));
#9290=CARTESIAN_POINT('Ctrl Pts',(-26.8070989601809,-21.47630148618,-1.88581226901553));
#9291=CARTESIAN_POINT('Ctrl Pts',(-26.8252159154514,-21.4228712491987,-1.99161802446652));
#9292=CARTESIAN_POINT('Ctrl Pts',(-26.8461101308148,-21.3612503608246,-2.11364339838072));
#9293=CARTESIAN_POINT('Ctrl Pts',(-26.8700496844532,-21.2982497561024,-2.23473881379704));
#9294=CARTESIAN_POINT('Ctrl Pts',(-26.8969780226742,-21.2339666050414,-2.35465075694224));
#9295=CARTESIAN_POINT('Ctrl Pts',(-26.9271530442389,-21.1619329929561,-2.48902018741259));
#9296=CARTESIAN_POINT('Ctrl Pts',(-26.9610801246925,-21.08829018487,-2.62189965091822));
#9297=CARTESIAN_POINT('Ctrl Pts',(-26.9986697867686,-21.0132171343532,-2.7529145792426));
#9298=CARTESIAN_POINT('Ctrl Pts',(-27.0315150464542,-20.9476194752252,-2.86739337755642));
#9299=CARTESIAN_POINT('Ctrl Pts',(-27.0671560593204,-20.8809317810157,-2.98044637589853));
#9300=CARTESIAN_POINT('Ctrl Pts',(-27.1055369864475,-20.8132781751505,-3.09185429310849));
#9301=CARTESIAN_POINT('Ctrl Pts',(-27.1110097589435,-20.8036313838625,-3.10774005280179));
#9302=CARTESIAN_POINT('Ctrl Pts',(-27.1165382548291,-20.7939649363287,-3.12359244924589));
#9303=CARTESIAN_POINT('Ctrl Pts',(-27.1221223292069,-20.7842791688957,-3.13941094002963));
#9304=CARTESIAN_POINT('Ctrl Pts',(7.97972798949331E-15,2.1094237467878E-14,
28.7691907383132));
#9305=CARTESIAN_POINT('Ctrl Pts',(-1.0122611664721,-0.000165152126373713,
28.7691907383132));
#9306=CARTESIAN_POINT('Ctrl Pts',(-3.00291125778418,-0.000573968975062807,
28.7931896982822));
#9307=CARTESIAN_POINT('Ctrl Pts',(-6.17737783111353,-0.000331138291080531,
28.9652654359402));
#9308=CARTESIAN_POINT('Ctrl Pts',(-10.3590957497206,-0.000681316411832581,
29.4191350690025));
#9309=CARTESIAN_POINT('Ctrl Pts',(-13.5678708803633,-0.000658979908523021,
30.2528108660042));
#9310=CARTESIAN_POINT('Ctrl Pts',(-15.1219315113845,-0.000661028094209737,
30.8022542712295));
#9311=CARTESIAN_POINT('Ctrl Pts',(-0.155776495130149,0.269711172112671,
28.7691907383132));
#9312=CARTESIAN_POINT('Ctrl Pts',(-1.15289086481675,0.265577420343788,28.7703809391164));
#9313=CARTESIAN_POINT('Ctrl Pts',(-3.11984926530583,0.259957868689832,28.7974642942563));
#9314=CARTESIAN_POINT('Ctrl Pts',(-6.27145254100859,0.254659646267561,28.9729555464933));
#9315=CARTESIAN_POINT('Ctrl Pts',(-10.4244976062935,0.256005005796836,29.4325788008786));
#9316=CARTESIAN_POINT('Ctrl Pts',(-13.5878838760315,0.246276288136962,30.2598937204853));
#9317=CARTESIAN_POINT('Ctrl Pts',(-15.122024669923,0.240828334224325,30.802294262518));
#9318=CARTESIAN_POINT('Ctrl Pts',(-0.469117521788892,0.812484428328569,
28.7713944248759));
#9319=CARTESIAN_POINT('Ctrl Pts',(-1.43763705149331,0.801067127974464,28.774421068359));
#9320=CARTESIAN_POINT('Ctrl Pts',(-3.36036498291057,0.785204076677531,28.8063709787408));
#9321=CARTESIAN_POINT('Ctrl Pts',(-6.47206929503112,0.768846273800729,28.9872744335693));
#9322=CARTESIAN_POINT('Ctrl Pts',(-10.5711308640368,0.771711567123046,29.4574587260819));
#9323=CARTESIAN_POINT('Ctrl Pts',(-13.6457528442405,0.741149940031336,30.2722672015774));
#9324=CARTESIAN_POINT('Ctrl Pts',(-15.1433306650457,0.724506026596819,30.8020805671894));
#9325=CARTESIAN_POINT('Ctrl Pts',(-0.94955626621431,1.64524729095204,28.7790411205341));
#9326=CARTESIAN_POINT('Ctrl Pts',(-1.88113319230139,1.62409246092688,28.783238227433));
#9327=CARTESIAN_POINT('Ctrl Pts',(-3.74635324138278,1.59072227652121,28.8188610744446));
#9328=CARTESIAN_POINT('Ctrl Pts',(-6.81681177743188,1.55635546738256,29.0044477502734));
#9329=CARTESIAN_POINT('Ctrl Pts',(-10.8395420844632,1.54977068083852,29.488400570543));
#9330=CARTESIAN_POINT('Ctrl Pts',(-13.7871596935204,1.47987734670737,30.2859185688725));
#9331=CARTESIAN_POINT('Ctrl Pts',(-15.2378436764635,1.44307376475388,30.8009257495359));
#9332=CARTESIAN_POINT('Ctrl Pts',(-1.44613039454715,2.50553154453907,28.788308011329));
#9333=CARTESIAN_POINT('Ctrl Pts',(-2.34644517094606,2.47402295683063,28.7920816227999));
#9334=CARTESIAN_POINT('Ctrl Pts',(-4.16409365878539,2.41930964162077,28.8282713940483));
#9335=CARTESIAN_POINT('Ctrl Pts',(-7.21117912728028,2.36208973107699,29.015956486177));
#9336=CARTESIAN_POINT('Ctrl Pts',(-11.1563359690466,2.32777536938471,29.5129551656193));
#9337=CARTESIAN_POINT('Ctrl Pts',(-13.9836372828465,2.2073249131513,30.2958663157708));
#9338=CARTESIAN_POINT('Ctrl Pts',(-15.3934329632624,2.14541271497617,30.7999105265262));
#9339=CARTESIAN_POINT('Ctrl Pts',(-1.96445735862873,3.40278955027125,28.7958569243313));
#9340=CARTESIAN_POINT('Ctrl Pts',(-2.83925458390947,3.35859855913796,28.7977556584836));
#9341=CARTESIAN_POINT('Ctrl Pts',(-4.621727841443,3.27802257603503,28.8317907305538));
#9342=CARTESIAN_POINT('Ctrl Pts',(-7.660061522514,3.18777641086323,29.0203500375056));
#9343=CARTESIAN_POINT('Ctrl Pts',(-11.5210376325867,3.1028882234545,29.5315165025459));
#9344=CARTESIAN_POINT('Ctrl Pts',(-14.2359773535166,2.92016335891581,30.303813009231));
#9345=CARTESIAN_POINT('Ctrl Pts',(-15.6089385833317,2.82808865271398,30.800479122252));
#9346=CARTESIAN_POINT('Ctrl Pts',(-2.5107179349833,4.3484722415094,28.7973770673808));
#9347=CARTESIAN_POINT('Ctrl Pts',(-3.36648306284555,4.2879190074193,28.7961334317652));
#9348=CARTESIAN_POINT('Ctrl Pts',(-5.12826634352158,4.17576850852179,28.8254511759825));
#9349=CARTESIAN_POINT('Ctrl Pts',(-8.16675357159968,4.03546720481646,29.0158736781559));
#9350=CARTESIAN_POINT('Ctrl Pts',(-11.9319275069746,3.87252301201177,29.5443756335408));
#9351=CARTESIAN_POINT('Ctrl Pts',(-14.5433448885032,3.61494484997782,30.3111947042723));
#9352=CARTESIAN_POINT('Ctrl Pts',(-15.8810437590795,3.48702980171751,30.803679632263));
#9353=CARTESIAN_POINT('Ctrl Pts',(-3.0915899933774,5.35470116412335,28.787176270922));
#9354=CARTESIAN_POINT('Ctrl Pts',(-3.9360662883469,5.27297434255367,28.7816165995233));
#9355=CARTESIAN_POINT('Ctrl Pts',(-5.68999328057928,5.11707306964359,28.8044485048389));
#9356=CARTESIAN_POINT('Ctrl Pts',(-8.73044945311445,4.90189011890052,29.0008918267943));
#9357=CARTESIAN_POINT('Ctrl Pts',(-12.384344390245,4.62760455559551,29.5523764513041));
#9358=CARTESIAN_POINT('Ctrl Pts',(-14.9021275556432,4.28368794165037,30.3197164916707));
#9359=CARTESIAN_POINT('Ctrl Pts',(-16.2038069549612,4.11470780196144,30.8107045850467));
#9360=CARTESIAN_POINT('Ctrl Pts',(-3.71345858964482,6.4322441741155,28.7580922701019));
#9361=CARTESIAN_POINT('Ctrl Pts',(-4.55369090178489,6.32055188806446,28.7474712968065));
#9362=CARTESIAN_POINT('Ctrl Pts',(-6.30963504154867,6.10142101115832,28.7643971617643));
#9363=CARTESIAN_POINT('Ctrl Pts',(-9.34556850847321,5.77787555804519,28.9750148946971));
#9364=CARTESIAN_POINT('Ctrl Pts',(-12.8732453739256,5.35675630438805,29.5577273359535));
#9365=CARTESIAN_POINT('Ctrl Pts',(-15.3081256293534,4.91935672623655,30.3316525177335));
#9366=CARTESIAN_POINT('Ctrl Pts',(-16.5713466649362,4.706198807462,30.8230642017429));
#9367=CARTESIAN_POINT('Ctrl Pts',(-4.37856576852695,7.58444383369566,28.7028824425623));
#9368=CARTESIAN_POINT('Ctrl Pts',(-5.22031764405109,7.42970363379189,28.6877865316483));
#9369=CARTESIAN_POINT('Ctrl Pts',(-6.98525872673209,7.12257521825497,28.7028441264368));
#9370=CARTESIAN_POINT('Ctrl Pts',(-10.0040561999084,6.65028666925103,28.9400530787944));
#9371=CARTESIAN_POINT('Ctrl Pts',(-13.3984464650276,6.05360848613836,29.5637608959101));
#9372=CARTESIAN_POINT('Ctrl Pts',(-15.760109846998,5.52209289376532,30.3492193546916));
#9373=CARTESIAN_POINT('Ctrl Pts',(-16.980545095272,5.26398773744198,30.8418478030276));
#9374=CARTESIAN_POINT('Ctrl Pts',(-5.08304912746742,8.80335305034396,28.6170440253853));
#9375=CARTESIAN_POINT('Ctrl Pts',(-5.93147748406305,8.59092829725846,28.5998130052057));
#9376=CARTESIAN_POINT('Ctrl Pts',(-7.70972096226395,8.16765571724636,28.6204616167182));
#9377=CARTESIAN_POINT('Ctrl Pts',(-10.6975695030698,7.50346433220026,28.8997653157662));
#9378=CARTESIAN_POINT('Ctrl Pts',(-13.9614937054421,6.71411619757658,29.5733273828515));
#9379=CARTESIAN_POINT('Ctrl Pts',(-16.2518654320454,6.09042868829678,30.3731095099416));
#9380=CARTESIAN_POINT('Ctrl Pts',(-17.4227172604091,5.78765395689829,30.866490867168));
#9381=CARTESIAN_POINT('Ctrl Pts',(-5.80928633685462,10.0621707320394,28.502738860177));
#9382=CARTESIAN_POINT('Ctrl Pts',(-6.669351930538,9.77595028730614,28.4868300965681));
#9383=CARTESIAN_POINT('Ctrl Pts',(-8.46378541730969,9.20303429418099,28.5231491522521));
#9384=CARTESIAN_POINT('Ctrl Pts',(-11.4137828789264,8.31577851151503,28.8592225185314));
#9385=CARTESIAN_POINT('Ctrl Pts',(-14.559564403168,7.3303655355126,29.5886491344693));
#9386=CARTESIAN_POINT('Ctrl Pts',(-16.7723568298636,6.6204539676256,30.4031744725527));
#9387=CARTESIAN_POINT('Ctrl Pts',(-17.8867430832501,6.27565480408967,30.8959146273309));
#9388=CARTESIAN_POINT('Ctrl Pts',(-6.53013323574236,11.3106036411359,28.3716604844599));
#9389=CARTESIAN_POINT('Ctrl Pts',(-7.41016567763665,10.9385577224902,28.3604404045092));
#9390=CARTESIAN_POINT('Ctrl Pts',(-9.23294106565146,10.1981632594191,28.4213607752624));
#9391=CARTESIAN_POINT('Ctrl Pts',(-12.1523091261295,9.07600375625464,28.823675414139));
#9392=CARTESIAN_POINT('Ctrl Pts',(-15.2053826893466,7.90761708510917,29.6122036576201));
#9393=CARTESIAN_POINT('Ctrl Pts',(-17.3201892820652,7.11829611623183,30.4396721986651));
#9394=CARTESIAN_POINT('Ctrl Pts',(-18.371304707409,6.73562902508216,30.9296837415632));
#9395=CARTESIAN_POINT('Ctrl Pts',(-7.23392149034817,12.5284471060385,28.2358082968311));
#9396=CARTESIAN_POINT('Ctrl Pts',(-8.14971133463377,12.0666247924702,28.2297294896312));
#9397=CARTESIAN_POINT('Ctrl Pts',(-10.0241673974136,11.1502770266293,28.3188204467655));
#9398=CARTESIAN_POINT('Ctrl Pts',(-12.9260425185847,9.79282839930492,28.7922857160637));
#9399=CARTESIAN_POINT('Ctrl Pts',(-15.8987806479218,8.45846410812915,29.6412284167448));
#9400=CARTESIAN_POINT('Ctrl Pts',(-17.8859347834409,7.59219141376608,30.4784953813513));
#9401=CARTESIAN_POINT('Ctrl Pts',(-18.8660784028704,7.17479550122276,30.9634504833802));
#9402=CARTESIAN_POINT('Ctrl Pts',(-7.69877635162438,13.3346717971232,28.1312544474564));
#9403=CARTESIAN_POINT('Ctrl Pts',(-8.64816456298256,12.8096574636801,28.1286567911667));
#9404=CARTESIAN_POINT('Ctrl Pts',(-10.5669147849227,11.7708093210646,28.2395441268701));
#9405=CARTESIAN_POINT('Ctrl Pts',(-13.4716147656026,10.2608550086251,28.7648495804915));
#9406=CARTESIAN_POINT('Ctrl Pts',(-16.3681130484705,8.81078458110725,29.6584110454118));
#9407=CARTESIAN_POINT('Ctrl Pts',(-18.2625564649338,7.89599884014275,30.5010955309836));
#9408=CARTESIAN_POINT('Ctrl Pts',(-19.1920790402494,7.45691282591851,30.9818793632709));
#9409=CARTESIAN_POINT('Ctrl Pts',(-7.9389966184217,13.7507455042239,28.0689106965041));
#9410=CARTESIAN_POINT('Ctrl Pts',(-8.90640983374314,13.1922092239405,28.0689106965041));
#9411=CARTESIAN_POINT('Ctrl Pts',(-10.8492707152785,12.0890593835675,28.1927870373241));
#9412=CARTESIAN_POINT('Ctrl Pts',(-13.7513479454958,10.496723583112,28.7479141597035));
#9413=CARTESIAN_POINT('Ctrl Pts',(-16.6050329188211,8.98662740120411,29.6654343327594));
#9414=CARTESIAN_POINT('Ctrl Pts',(-18.4515116094504,8.04727307532042,30.5110839165859));
#9415=CARTESIAN_POINT('Ctrl Pts',(-19.3550037974204,7.59736658922703,30.9897666148524));
#9416=CARTESIAN_POINT('',(-19.3550037974204,7.59736658922703,30.9897666148524));
#9417=CARTESIAN_POINT('Origin',(-9.86926870220062,17.0940748257608,57.8194770563288));
#9418=CARTESIAN_POINT('',(-15.1219317927345,2.93915231795365E-15,30.8022543803572));
#9419=CARTESIAN_POINT('Ctrl Pts',(-19.3550037974204,7.59736658922703,30.9897666148524));
#9420=CARTESIAN_POINT('Ctrl Pts',(-19.3068221230585,7.55583025304252,30.9874341210442));
#9421=CARTESIAN_POINT('Ctrl Pts',(-19.2586740901899,7.51425454262614,30.9849936147189));
#9422=CARTESIAN_POINT('Ctrl Pts',(-19.2104821311261,7.47256772804777,30.9824421038075));
#9423=CARTESIAN_POINT('Ctrl Pts',(-19.1599249812692,7.42883498564349,30.9797653684762));
#9424=CARTESIAN_POINT('Ctrl Pts',(-19.1093197496128,7.38498004373164,30.9769665064508));
#9425=CARTESIAN_POINT('Ctrl Pts',(-19.0586309083619,7.34093847388216,30.9740528299994));
#9426=CARTESIAN_POINT('Ctrl Pts',(-19.0046663563937,7.29405076593189,30.9709508604061));
#9427=CARTESIAN_POINT('Ctrl Pts',(-18.9506073920287,7.24695163813743,30.9677188225625));
#9428=CARTESIAN_POINT('Ctrl Pts',(-18.896466311121,7.19958230587943,30.9643766708717));
#9429=CARTESIAN_POINT('Ctrl Pts',(-18.8370958280407,7.14763764404035,30.9607117059857));
#9430=CARTESIAN_POINT('Ctrl Pts',(-18.7776271297704,7.09536822811396,30.9569144437986));
#9431=CARTESIAN_POINT('Ctrl Pts',(-18.7181341808842,7.04271661099816,30.9530228533665));
#9432=CARTESIAN_POINT('Ctrl Pts',(-18.6450581858324,6.97804391643764,30.9482427601204));
#9433=CARTESIAN_POINT('Ctrl Pts',(-18.571946588288,6.91279488763749,30.9433206358163));
#9434=CARTESIAN_POINT('Ctrl Pts',(-18.4990104032531,6.84688917270172,30.9383410894117));
#9435=CARTESIAN_POINT('Ctrl Pts',(-18.418881892459,6.77448441519898,30.9328705038904));
#9436=CARTESIAN_POINT('Ctrl Pts',(-18.338970816526,6.70128906401467,30.9273320526889));
#9437=CARTESIAN_POINT('Ctrl Pts',(-18.2595814263903,6.6272058162746,30.9218392077296));
#9438=CARTESIAN_POINT('Ctrl Pts',(-18.1998148815857,6.57143388330278,30.9177040410051));
#9439=CARTESIAN_POINT('Ctrl Pts',(-18.1403452532847,6.51515920012766,30.9135949556927));
#9440=CARTESIAN_POINT('Ctrl Pts',(-18.0812768076171,6.45833145506878,30.9095521310518));
#9441=CARTESIAN_POINT('Ctrl Pts',(-18.0260418493512,6.40519177801782,30.9057716819848));
#9442=CARTESIAN_POINT('Ctrl Pts',(-17.97115856365,6.35156881869779,30.902049407744));
#9443=CARTESIAN_POINT('Ctrl Pts',(-17.9166734066365,6.2974077334304,30.8984068314025));
#9444=CARTESIAN_POINT('Ctrl Pts',(-17.8469634425658,6.22811239659066,30.8937464086413));
#9445=CARTESIAN_POINT('Ctrl Pts',(-17.7779042511918,6.15793424758084,30.8892169562857));
#9446=CARTESIAN_POINT('Ctrl Pts',(-17.7094889466859,6.08672713653124,30.8848304687934));
#9447=CARTESIAN_POINT('Ctrl Pts',(-17.6496822302201,6.02447990206165,30.8809959259871));
#9448=CARTESIAN_POINT('Ctrl Pts',(-17.590365567474,5.96144595288077,30.87726983123));
#9449=CARTESIAN_POINT('Ctrl Pts',(-17.5315724896983,5.8975681324959,30.873658979052));
#9450=CARTESIAN_POINT('Ctrl Pts',(-17.4673350402344,5.82777508178166,30.8697137538133));
#9451=CARTESIAN_POINT('Ctrl Pts',(-17.4037231053125,5.75697492184165,30.8659060910076));
#9452=CARTESIAN_POINT('Ctrl Pts',(-17.3408273626242,5.68513907162863,30.8622465863818));
#9453=CARTESIAN_POINT('Ctrl Pts',(-17.2663094929322,5.60002910557076,30.8579108638482));
#9454=CARTESIAN_POINT('Ctrl Pts',(-17.1927978992843,5.51346582554245,30.8537831724716));
#9455=CARTESIAN_POINT('Ctrl Pts',(-17.1204964917256,5.42545874485652,30.8498833193849));
#9456=CARTESIAN_POINT('Ctrl Pts',(-17.0400245537756,5.3275062903298,30.845542757476));
#9457=CARTESIAN_POINT('Ctrl Pts',(-16.9610556922953,5.22776843828486,30.8414848915999));
#9458=CARTESIAN_POINT('Ctrl Pts',(-16.8838914563865,5.12629345276108,30.8377356843407));
#9459=CARTESIAN_POINT('Ctrl Pts',(-16.8164202217857,5.03756526834061,30.8344574345198));
#9460=CARTESIAN_POINT('Ctrl Pts',(-16.7503310708667,4.94751139549938,30.8314155144037));
#9461=CARTESIAN_POINT('Ctrl Pts',(-16.6857958564148,4.85614854699096,30.8286207118598));
#9462=CARTESIAN_POINT('Ctrl Pts',(-16.6321759850419,4.7802386081011,30.8262986160213));
#9463=CARTESIAN_POINT('Ctrl Pts',(-16.5796289888084,4.70342539814397,30.8241471750629));
#9464=CARTESIAN_POINT('Ctrl Pts',(-16.5282195819797,4.62569294598559,30.8221655853858));
#9465=CARTESIAN_POINT('Ctrl Pts',(-16.4709827672872,4.53914929115187,30.8199593766754));
#9466=CARTESIAN_POINT('Ctrl Pts',(-16.4151534133605,4.45146214041886,30.8179637782265));
#9467=CARTESIAN_POINT('Ctrl Pts',(-16.3607734353348,4.36257850187085,30.8161646980005));
#9468=CARTESIAN_POINT('Ctrl Pts',(-16.3063430888515,4.27361253648245,30.8143639514094));
#9469=CARTESIAN_POINT('Ctrl Pts',(-16.2533641491414,4.18344726415463,30.8127597475064));
#9470=CARTESIAN_POINT('Ctrl Pts',(-16.2018999265693,4.09208573043245,30.8113323286982));
#9471=CARTESIAN_POINT('Ctrl Pts',(-16.1458772742956,3.99263187338165,30.8097784766521));
#9472=CARTESIAN_POINT('Ctrl Pts',(-16.0916499755419,3.89176085841494,30.8084339068624));
#9473=CARTESIAN_POINT('Ctrl Pts',(-16.0393224663758,3.78953993748277,30.8072703310457));
#9474=CARTESIAN_POINT('Ctrl Pts',(-15.9791143405078,3.6719243625796,30.8059315186247));
#9475=CARTESIAN_POINT('Ctrl Pts',(-15.9214222194087,3.55252250176707,30.8048319945465));
#9476=CARTESIAN_POINT('Ctrl Pts',(-15.866423733533,3.43150865342201,30.8039296821219));
#9477=CARTESIAN_POINT('Ctrl Pts',(-15.8038923978201,3.29392018246132,30.8029037847678));
#9478=CARTESIAN_POINT('Ctrl Pts',(-15.744845598189,3.15425162087698,30.8021324584058));
#9479=CARTESIAN_POINT('Ctrl Pts',(-15.6895387864012,3.01280979397068,30.8015615019239));
#9480=CARTESIAN_POINT('Ctrl Pts',(-15.643230862288,2.89438175273876,30.8010834449074));
#9481=CARTESIAN_POINT('Ctrl Pts',(-15.5995455753736,2.77471325783585,30.8007461466391));
#9482=CARTESIAN_POINT('Ctrl Pts',(-15.5586089951513,2.65397101792675,30.8005221348676));
#9483=CARTESIAN_POINT('Ctrl Pts',(-15.5227894874569,2.54832155800629,30.8003261245676));
#9484=CARTESIAN_POINT('Ctrl Pts',(-15.4890745386936,2.44185079673896,30.8002170668673));
#9485=CARTESIAN_POINT('Ctrl Pts',(-15.4575246221798,2.33463976928036,30.8001769618334));
#9486=CARTESIAN_POINT('Ctrl Pts',(-15.4266836529714,2.22983784388715,30.800137757986));
#9487=CARTESIAN_POINT('Ctrl Pts',(-15.3979117962246,2.12432932591103,30.8001646795195));
#9488=CARTESIAN_POINT('Ctrl Pts',(-15.3712377151381,2.01814638967012,30.8002381186522));
#9489=CARTESIAN_POINT('Ctrl Pts',(-15.3443357202775,1.91105618492127,30.8003121852776));
#9490=CARTESIAN_POINT('Ctrl Pts',(-15.3195649768862,1.80327213566188,30.8004332665562));
#9491=CARTESIAN_POINT('Ctrl Pts',(-15.2969472605149,1.69484995008442,30.8005781143043));
#9492=CARTESIAN_POINT('Ctrl Pts',(-15.2725464097353,1.57787998158519,30.800734381552));
#9493=CARTESIAN_POINT('Ctrl Pts',(-15.2506516605969,1.4601678925362,30.8009179669027));
#9494=CARTESIAN_POINT('Ctrl Pts',(-15.2312930506524,1.34184626337759,30.8011013414766));
#9495=CARTESIAN_POINT('Ctrl Pts',(-15.2089689456016,1.20539925159936,30.8013128067246));
#9496=CARTESIAN_POINT('Ctrl Pts',(-15.1900179224649,1.06814269945315,30.8015233707479));
#9497=CARTESIAN_POINT('Ctrl Pts',(-15.1744842883947,0.9303483025546,30.8017012142566));
#9498=CARTESIAN_POINT('Ctrl Pts',(-15.1570678758007,0.775852319279062,30.8019006135672));
#9499=CARTESIAN_POINT('Ctrl Pts',(-15.1439482328769,0.62068428759569,30.8020581898887));
#9500=CARTESIAN_POINT('Ctrl Pts',(-15.1351757771125,0.465265815341434,30.8021529796682));
#9501=CARTESIAN_POINT('Ctrl Pts',(-15.1275117680575,0.3294852983852,30.802235792252));
#9502=CARTESIAN_POINT('Ctrl Pts',(-15.1231657371489,0.193516612760578,30.8022712413286));
#9503=CARTESIAN_POINT('Ctrl Pts',(-15.1221587107686,0.0576171677386127,
30.8022612513523));
#9504=CARTESIAN_POINT('Ctrl Pts',(-15.122016383518,0.0384099307291314,30.8022598394272));
#9505=CARTESIAN_POINT('Ctrl Pts',(-15.1219407318649,0.0192039960254443,
30.8022575408171));
#9506=CARTESIAN_POINT('Ctrl Pts',(-15.1219317927345,2.93915231795365E-15,
30.8022543803572));
#9507=CARTESIAN_POINT('Ctrl Pts',(-15.1219317927345,2.93915231795365E-15,
30.8022543803572));
#9508=CARTESIAN_POINT('Ctrl Pts',(-15.1219316901686,-0.000220342953296658,
30.8022543440947));
#9509=CARTESIAN_POINT('Ctrl Pts',(-15.1219315963853,-0.000440685651690423,
30.8022543077188));
#9510=CARTESIAN_POINT('Ctrl Pts',(-15.1219315113846,-0.000661028094223496,
30.8022542712295));
#9511=CARTESIAN_POINT('Ctrl Pts',(27.1238531470807,-2.4980018054066E-15,
-9.58973024610438));
#9512=CARTESIAN_POINT('Ctrl Pts',(27.292611016805,0.876561309366123,-9.11241090986169));
#9513=CARTESIAN_POINT('Ctrl Pts',(27.6471304837298,2.60031045006383,-8.18167531326801));
#9514=CARTESIAN_POINT('Ctrl Pts',(28.3383727080718,5.34960056137359,-6.74277426914299));
#9515=CARTESIAN_POINT('Ctrl Pts',(29.4633391759732,8.97089942128759,-4.92249749608798));
#9516=CARTESIAN_POINT('Ctrl Pts',(30.7841256622485,11.7497913677074,-3.68777656331364));
#9517=CARTESIAN_POINT('Ctrl Pts',(31.561156568963,13.0956463291003,-3.13833148567199));
#9518=CARTESIAN_POINT('Ctrl Pts',(27.0719569873577,0.26976198815154,-9.73651475193503));
#9519=CARTESIAN_POINT('Ctrl Pts',(27.2404581590655,1.13122148689422,-9.26349206973442));
#9520=CARTESIAN_POINT('Ctrl Pts',(27.5954412160794,2.83184765407795,-8.3406984278709));
#9521=CARTESIAN_POINT('Ctrl Pts',(28.287692633095,5.55856704227569,-6.90918949955095));
#9522=CARTESIAN_POINT('Ctrl Pts',(29.4128153987552,9.15588225163871,-5.10573151364436));
#9523=CARTESIAN_POINT('Ctrl Pts',(30.7228548690323,11.8905907643847,-3.8823251002444));
#9524=CARTESIAN_POINT('Ctrl Pts',(31.491497825364,13.2164716879204,-3.33547613940881));
#9525=CARTESIAN_POINT('Ctrl Pts',(26.9695730046244,0.812509905393868,-10.0327114455257));
#9526=CARTESIAN_POINT('Ctrl Pts',(27.1371423637997,1.64556377200225,-9.56783365520706));
#9527=CARTESIAN_POINT('Ctrl Pts',(27.4922989518898,3.30276347952691,-8.65914885906607));
#9528=CARTESIAN_POINT('Ctrl Pts',(28.1861958410561,5.98939956145061,-7.23922244045654));
#9529=CARTESIAN_POINT('Ctrl Pts',(29.311839632479,9.54072365854711,-5.46597388553173));
#9530=CARTESIAN_POINT('Ctrl Pts',(30.6013078088485,12.1881435868917,-4.26323254547747));
#9531=CARTESIAN_POINT('Ctrl Pts',(31.355221627717,13.4767620671358,-3.72028234730498));
#9532=CARTESIAN_POINT('Ctrl Pts',(26.8164575710466,1.64496349434035,-10.4887273780487));
#9533=CARTESIAN_POINT('Ctrl Pts',(26.9817843357987,2.44115536289862,-10.033703992874));
#9534=CARTESIAN_POINT('Ctrl Pts',(27.3358730287032,4.0397982168482,-9.13905847033205));
#9535=CARTESIAN_POINT('Ctrl Pts',(28.0325097572669,6.68170990576425,-7.72543227865426));
#9536=CARTESIAN_POINT('Ctrl Pts',(29.16114076723,10.1622041509549,-5.98504017705376));
#9537=CARTESIAN_POINT('Ctrl Pts',(30.4244940160266,12.6799692139752,-4.80429157500969));
#9538=CARTESIAN_POINT('Ctrl Pts',(31.1624523852336,13.9178966050904,-4.26205164860137));
#9539=CARTESIAN_POINT('Ctrl Pts',(26.6596141615034,2.50515143113217,-10.9601482043228));
#9540=CARTESIAN_POINT('Ctrl Pts',(26.8223201650484,3.26909260504193,-10.5112669649499));
#9541=CARTESIAN_POINT('Ctrl Pts',(27.1751759968664,4.81586571305621,-9.62180927285627));
#9542=CARTESIAN_POINT('Ctrl Pts',(27.8764927421558,7.42610918100332,-8.20124124382726));
#9543=CARTESIAN_POINT('Ctrl Pts',(29.0124994340627,10.8255580470407,-6.4791251408713));
#9544=CARTESIAN_POINT('Ctrl Pts',(30.2566230824794,13.2138475808279,-5.30894551760573));
#9545=CARTESIAN_POINT('Ctrl Pts',(30.984678980614,14.4038103551261,-4.76182509925675));
#9546=CARTESIAN_POINT('Ctrl Pts',(26.4941030967121,3.40266475235941,-11.4509309284314));
#9547=CARTESIAN_POINT('Ctrl Pts',(26.6544496182985,4.138165877046,-11.0030986798745));
#9548=CARTESIAN_POINT('Ctrl Pts',(27.0068773510001,5.64154500808496,-10.1083877373991));
#9549=CARTESIAN_POINT('Ctrl Pts',(27.7170935411915,8.22769607848044,-8.66527092148316));
#9550=CARTESIAN_POINT('Ctrl Pts',(28.8670270334562,11.5289553795039,-6.94626723542857));
#9551=CARTESIAN_POINT('Ctrl Pts',(30.100393241094,13.7887997153032,-5.77467031905566));
#9552=CARTESIAN_POINT('Ctrl Pts',(30.8240610929391,14.9317816656333,-5.2178268766533));
#9553=CARTESIAN_POINT('Ctrl Pts',(26.313584652539,4.34858163418741,-11.9660746215962));
#9554=CARTESIAN_POINT('Ctrl Pts',(26.4725198759476,5.05941935754394,-11.5128070177827));
#9555=CARTESIAN_POINT('Ctrl Pts',(26.8261665174179,6.52909318512334,-10.6004964971247));
#9556=CARTESIAN_POINT('Ctrl Pts',(27.5526146099316,9.09034966186086,-9.11705851405886));
#9557=CARTESIAN_POINT('Ctrl Pts',(28.7254579579809,12.2696138431602,-7.38526244151307));
#9558=CARTESIAN_POINT('Ctrl Pts',(29.9580145519726,14.4023785544312,-6.19952315047642));
#9559=CARTESIAN_POINT('Ctrl Pts',(30.6822095004611,15.4969022348339,-5.62864529853953));
#9560=CARTESIAN_POINT('Ctrl Pts',(26.1103059894698,5.35474605441231,-12.5104311167266));
#9561=CARTESIAN_POINT('Ctrl Pts',(26.2694028313851,6.04522056796483,-12.0437582793959));
#9562=CARTESIAN_POINT('Ctrl Pts',(26.6282549444661,7.48621526316618,-11.097266944932));
#9563=CARTESIAN_POINT('Ctrl Pts',(27.3823241472548,10.0117360723033,-9.55376712369466));
#9564=CARTESIAN_POINT('Ctrl Pts',(28.5904307489623,13.0389591289652,-7.79117951536948));
#9565=CARTESIAN_POINT('Ctrl Pts',(29.8327965793743,15.0474650044482,-6.57925842287432));
#9566=CARTESIAN_POINT('Ctrl Pts',(30.56143152424,16.0902623619961,-5.99133186090656));
#9567=CARTESIAN_POINT('Ctrl Pts',(25.8754702231346,6.43207156159172,-13.0873949656293));
#9568=CARTESIAN_POINT('Ctrl Pts',(26.0377381778804,7.10388794596001,-12.5965689610633));
#9569=CARTESIAN_POINT('Ctrl Pts',(26.4096110284111,8.51501474016878,-11.5955312985386));
#9570=CARTESIAN_POINT('Ctrl Pts',(27.2075717697168,10.9824375201682,-9.97041069214555));
#9571=CARTESIAN_POINT('Ctrl Pts',(28.4664711294477,13.8269356751641,-8.15784291952636));
#9572=CARTESIAN_POINT('Ctrl Pts',(29.7282145463372,15.7169040424619,-6.91086916006625));
#9573=CARTESIAN_POINT('Ctrl Pts',(30.4635921553163,16.7043065904843,-6.30514223592688));
#9574=CARTESIAN_POINT('Ctrl Pts',(25.6016577032171,7.58417110453307,-13.6962242414405));
#9575=CARTESIAN_POINT('Ctrl Pts',(25.7723867692049,8.23577951246829,-13.1680417874759));
#9576=CARTESIAN_POINT('Ctrl Pts',(26.1694003895224,9.61069911848445,-12.0902904792415));
#9577=CARTESIAN_POINT('Ctrl Pts',(27.0325140071967,11.9889101446334,-10.3606633683465));
#9578=CARTESIAN_POINT('Ctrl Pts',(28.3585292421519,14.6301992530289,-8.48124936131974));
#9579=CARTESIAN_POINT('Ctrl Pts',(29.6461124777074,16.4097019408162,-7.19578938885044));
#9580=CARTESIAN_POINT('Ctrl Pts',(30.3884814483928,17.3375772913338,-6.5739382006022));
#9581=CARTESIAN_POINT('Ctrl Pts',(25.2862735783695,8.80372619824308,-14.3307500033429));
#9582=CARTESIAN_POINT('Ctrl Pts',(25.4727544870359,9.43227433180325,-13.7516092824845));
#9583=CARTESIAN_POINT('Ctrl Pts',(25.9107843667047,10.7606420680332,-12.5746195239172));
#9584=CARTESIAN_POINT('Ctrl Pts',(26.8638247137904,13.0160991145083,-10.7169254523866));
#9585=CARTESIAN_POINT('Ctrl Pts',(28.2707176667719,15.4480663224777,-8.75831746381566));
#9586=CARTESIAN_POINT('Ctrl Pts',(29.5865311842752,17.1197426671859,-7.43598120107193));
#9587=CARTESIAN_POINT('Ctrl Pts',(30.3342410965486,17.982342728917,-6.80128227543552));
#9588=CARTESIAN_POINT('Ctrl Pts',(24.9361558063156,10.0620749115936,-14.9781171110507));
#9589=CARTESIAN_POINT('Ctrl Pts',(25.1471258711658,10.6638033422777,-14.3336773662922));
#9590=CARTESIAN_POINT('Ctrl Pts',(25.6458266544686,11.9313703306609,-13.0320957107184));
#9591=CARTESIAN_POINT('Ctrl Pts',(26.7104745889156,14.0425151821877,-11.0290367134615));
#9592=CARTESIAN_POINT('Ctrl Pts',(28.2069457417783,16.2741354089354,-8.98465696111801));
#9593=CARTESIAN_POINT('Ctrl Pts',(29.5486201503138,17.8355140798121,-7.63340468568856));
#9594=CARTESIAN_POINT('Ctrl Pts',(30.2984460105623,18.6282013031051,-6.99079734806036));
#9595=CARTESIAN_POINT('Ctrl Pts',(24.5723235402822,11.3105630928179,-15.6139550340061));
#9596=CARTESIAN_POINT('Ctrl Pts',(24.815817626747,11.88667058433,-14.8915895152818));
#9597=CARTESIAN_POINT('Ctrl Pts',(25.3907832723924,13.0950431442083,-13.4481021996007));
#9598=CARTESIAN_POINT('Ctrl Pts',(26.580590040512,15.0622102959969,-11.2897643800745));
#9599=CARTESIAN_POINT('Ctrl Pts',(28.17015137143,17.1220562257929,-9.15939072570168));
#9600=CARTESIAN_POINT('Ctrl Pts',(29.5306212959342,18.5588719747394,-7.79380631196755));
#9601=CARTESIAN_POINT('Ctrl Pts',(30.2782609873247,19.2778310898219,-7.14919655799607));
#9602=CARTESIAN_POINT('Ctrl Pts',(24.2099777857552,12.528983332643,-16.2312670317604));
#9603=CARTESIAN_POINT('Ctrl Pts',(24.4901948906077,13.0911694455379,-15.4204569499784));
#9604=CARTESIAN_POINT('Ctrl Pts',(25.1511268089534,14.2563221312625,-13.8183320559214));
#9605=CARTESIAN_POINT('Ctrl Pts',(26.4730216644497,16.0906953911447,-11.4998445984677));
#9606=CARTESIAN_POINT('Ctrl Pts',(28.1540666646803,17.9979799843612,-9.29195942394026));
#9607=CARTESIAN_POINT('Ctrl Pts',(29.5247132716902,19.2857695997745,-7.92698627605167));
#9608=CARTESIAN_POINT('Ctrl Pts',(30.2657824177821,19.9259009172861,-7.28579150801956));
#9609=CARTESIAN_POINT('Ctrl Pts',(23.9561422602327,13.3346717971232,-16.6355607692484));
#9610=CARTESIAN_POINT('Ctrl Pts',(24.2634831183265,13.8943589394913,-15.7584765808043));
#9611=CARTESIAN_POINT('Ctrl Pts',(24.9877100320744,15.0366213039007,-14.0427155405986));
#9612=CARTESIAN_POINT('Ctrl Pts',(26.4029756911632,16.7971881213219,-11.6156561225744));
#9613=CARTESIAN_POINT('Ctrl Pts',(28.1467825091463,18.5805940025446,-9.36411001303443));
#9614=CARTESIAN_POINT('Ctrl Pts',(29.5210895276532,19.7638372567518,-8.0050362208758));
#9615=CARTESIAN_POINT('Ctrl Pts',(30.2560505152542,20.3492844132541,-7.36860412477649));
#9616=CARTESIAN_POINT('Ctrl Pts',(23.817290585883,13.7507455042239,-16.8412613584388));
#9617=CARTESIAN_POINT('Ctrl Pts',(24.1397616576568,14.3092817845073,-15.9291754320877));
#9618=CARTESIAN_POINT('Ctrl Pts',(24.8988154673904,15.4402737437495,-14.1538760699551));
#9619=CARTESIAN_POINT('Ctrl Pts',(26.3655416274835,17.1573784486343,-11.6707293813117));
#9620=CARTESIAN_POINT('Ctrl Pts',(28.1421293232587,18.873694038978,-9.3983410722582));
#9621=CARTESIAN_POINT('Ctrl Pts',(29.5183300817953,20.0031143296677,-8.04280626919637));
#9622=CARTESIAN_POINT('Ctrl Pts',(30.2500953045263,20.5606082735238,-7.40910975907768));
#9623=CARTESIAN_POINT('',(30.2500953045263,20.5606082735238,-7.40910975907768));
#9624=CARTESIAN_POINT('Origin',(51.2229695141866,17.0940748257608,-28.5779947850139));
#9625=CARTESIAN_POINT('Ctrl Pts',(30.2500953045263,20.5606082735238,-7.40910975907768));
#9626=CARTESIAN_POINT('Ctrl Pts',(30.2518564404136,20.4981134179827,-7.39713101819616));
#9627=CARTESIAN_POINT('Ctrl Pts',(30.2535327140336,20.4356280097357,-7.38506826510801));
#9628=CARTESIAN_POINT('Ctrl Pts',(30.2551290831807,20.3730490076233,-7.37289850081913));
#9629=CARTESIAN_POINT('Ctrl Pts',(30.2568038007321,20.307398682715,-7.36013145512244));
#9630=CARTESIAN_POINT('Ctrl Pts',(30.2583906380046,20.2416456172343,-7.3472465903304));
#9631=CARTESIAN_POINT('Ctrl Pts',(30.2599091668592,20.1757268286573,-7.33421048594445));
#9632=CARTESIAN_POINT('Ctrl Pts',(30.2615258305254,20.1055480433853,-7.32033192430468));
#9633=CARTESIAN_POINT('Ctrl Pts',(30.2630651604877,20.0351817830556,-7.30628188798495));
#9634=CARTESIAN_POINT('Ctrl Pts',(30.2645649893996,19.9646093039958,-7.29201323413602));
#9635=CARTESIAN_POINT('Ctrl Pts',(30.2662096813975,19.8872204827396,-7.27636642227688));
#9636=CARTESIAN_POINT('Ctrl Pts',(30.2678070217914,19.809584226748,-7.26045664836026));
#9637=CARTESIAN_POINT('Ctrl Pts',(30.2694217195845,19.731735868285,-7.24421479571726));
#9638=CARTESIAN_POINT('Ctrl Pts',(30.2714050904653,19.6361129176908,-7.22426455009226));
#9639=CARTESIAN_POINT('Ctrl Pts',(30.273414994284,19.5401709618826,-7.20381315827614));
#9640=CARTESIAN_POINT('Ctrl Pts',(30.2755895700627,19.4440525740694,-7.18272373871009));
#9641=CARTESIAN_POINT('Ctrl Pts',(30.2779784646312,19.3384610849971,-7.15955581770859));
#9642=CARTESIAN_POINT('Ctrl Pts',(30.2805678255693,19.2326626230455,-7.13561731673136));
#9643=CARTESIAN_POINT('Ctrl Pts',(30.2835434104711,19.1268720003719,-7.11072320919078));
#9644=CARTESIAN_POINT('Ctrl Pts',(30.2857835895932,19.0472271735387,-7.09198159642654));
#9645=CARTESIAN_POINT('Ctrl Pts',(30.2882429709286,18.9675881060155,-7.0726982250077));
#9646=CARTESIAN_POINT('Ctrl Pts',(30.290991336444,18.8880199392566,-7.05279625847349));
#9647=CARTESIAN_POINT('Ctrl Pts',(30.2935614027869,18.8136137271956,-7.03418542448431));
#9648=CARTESIAN_POINT('Ctrl Pts',(30.2963844486272,18.7392704325512,-7.01503358456469));
#9649=CARTESIAN_POINT('Ctrl Pts',(30.2995043439283,18.6650028679345,-6.99528123006993));
#9650=CARTESIAN_POINT('Ctrl Pts',(30.3034958720095,18.5699865160781,-6.97001048537333));
#9651=CARTESIAN_POINT('Ctrl Pts',(30.3079741673535,18.4750923401135,-6.94375584901485));
#9652=CARTESIAN_POINT('Ctrl Pts',(30.3129915781302,18.3802413062987,-6.91640524051869));
#9653=CARTESIAN_POINT('Ctrl Pts',(30.3173777561218,18.2973233361524,-6.89249557029631));
#9654=CARTESIAN_POINT('Ctrl Pts',(30.3221749613721,18.2144364089029,-6.86774868448065));
#9655=CARTESIAN_POINT('Ctrl Pts',(30.3274116883772,18.1315809829859,-6.84210437205452));
#9656=CARTESIAN_POINT('Ctrl Pts',(30.3331333559183,18.0410528342758,-6.81408530024136));
#9657=CARTESIAN_POINT('Ctrl Pts',(30.3393797012593,17.9505628413913,-6.78499490500607));
#9658=CARTESIAN_POINT('Ctrl Pts',(30.3461840782649,17.8601752418874,-6.75477063482064));
#9659=CARTESIAN_POINT('Ctrl Pts',(30.3542457708693,17.7530857843438,-6.71896151148317));
#9660=CARTESIAN_POINT('Ctrl Pts',(30.3630908454231,17.646141126553,-6.68156074245342));
#9661=CARTESIAN_POINT('Ctrl Pts',(30.3727692153042,17.539522615491,-6.64248657284357));
#9662=CARTESIAN_POINT('Ctrl Pts',(30.3835408931161,17.4208600448276,-6.5989984264958));
#9663=CARTESIAN_POINT('Ctrl Pts',(30.3953449334476,17.302606440482,-6.55343834081951));
#9664=CARTESIAN_POINT('Ctrl Pts',(30.4082421332049,17.1850470523375,-6.50571223597382));
#9665=CARTESIAN_POINT('Ctrl Pts',(30.4195210439727,17.0822385455491,-6.4639746116849));
#9666=CARTESIAN_POINT('Ctrl Pts',(30.4316360105356,16.9799642328229,-6.4205814239862));
#9667=CARTESIAN_POINT('Ctrl Pts',(30.4446210338496,16.8783813571257,-6.3754688792073));
#9668=CARTESIAN_POINT('Ctrl Pts',(30.4554083505615,16.7939913159105,-6.33799160277578));
#9669=CARTESIAN_POINT('Ctrl Pts',(30.4667961129532,16.7100787689946,-6.29932796209964));
#9670=CARTESIAN_POINT('Ctrl Pts',(30.478798958718,16.6266917704442,-6.25943414340685));
#9671=CARTESIAN_POINT('Ctrl Pts',(30.4921622544381,16.5338533600637,-6.21501860170576));
#9672=CARTESIAN_POINT('Ctrl Pts',(30.5062887606549,16.4416620725841,-6.16907617844556));
#9673=CARTESIAN_POINT('Ctrl Pts',(30.5211874734019,16.3501277112191,-6.1215391543711));
#9674=CARTESIAN_POINT('Ctrl Pts',(30.5361004636338,16.2585056321784,-6.07395657541204));
#9675=CARTESIAN_POINT('Ctrl Pts',(30.5517868853264,16.1675408708735,-6.02477604238666));
#9676=CARTESIAN_POINT('Ctrl Pts',(30.5682377826026,16.077289781841,-5.97396361116027));
#9677=CARTESIAN_POINT('Ctrl Pts',(30.5861459154827,15.9790441683758,-5.91865016806486));
#9678=CARTESIAN_POINT('Ctrl Pts',(30.6049597161038,15.8816448303879,-5.86140297547809));
#9679=CARTESIAN_POINT('Ctrl Pts',(30.6246505039768,15.7852158464206,-5.80221828468804));
#9680=CARTESIAN_POINT('Ctrl Pts',(30.6473070954084,15.6742628410866,-5.73411926463455));
#9681=CARTESIAN_POINT('Ctrl Pts',(30.6711243527503,15.5645957092451,-5.66345529090681));
#9682=CARTESIAN_POINT('Ctrl Pts',(30.696041888682,15.45645545792,-5.59027092304278));
#9683=CARTESIAN_POINT('Ctrl Pts',(30.7243688708727,15.3335184635969,-5.50707279740131));
#9684=CARTESIAN_POINT('Ctrl Pts',(30.7541168374812,15.2125588018971,-5.42061908943849));
#9685=CARTESIAN_POINT('Ctrl Pts',(30.7851887149469,15.0939510153639,-5.33102180442809));
#9686=CARTESIAN_POINT('Ctrl Pts',(30.8112128188575,14.994611625114,-5.25598002242429));
#9687=CARTESIAN_POINT('Ctrl Pts',(30.8381652276994,14.8969239885147,-5.17873505804089));
#9688=CARTESIAN_POINT('Ctrl Pts',(30.8659928935721,14.8010807601025,-5.09935448379778));
#9689=CARTESIAN_POINT('Ctrl Pts',(30.8903421012107,14.7172179352417,-5.02989648133506));
#9690=CARTESIAN_POINT('Ctrl Pts',(30.9153614195661,14.63476769793,-4.95880407865922));
#9691=CARTESIAN_POINT('Ctrl Pts',(30.9410205464208,14.5538229832881,-4.88610894734592));
#9692=CARTESIAN_POINT('Ctrl Pts',(30.96610738128,14.4746836306338,-4.8150351822619));
#9693=CARTESIAN_POINT('Ctrl Pts',(30.9918058493339,14.3969840303355,-4.74242996453992));
#9694=CARTESIAN_POINT('Ctrl Pts',(31.0180929285052,14.3207651121664,-4.66829951002576));
#9695=CARTESIAN_POINT('Ctrl Pts',(31.0445962975448,14.2439190653741,-4.59355911074985));
#9696=CARTESIAN_POINT('Ctrl Pts',(31.0716995629604,14.1685720584781,-4.51726295638075));
#9697=CARTESIAN_POINT('Ctrl Pts',(31.0993683322402,14.0947708408503,-4.43943856185072));
#9698=CARTESIAN_POINT('Ctrl Pts',(31.1292193743248,14.0151488225728,-4.3554760533329));
#9699=CARTESIAN_POINT('Ctrl Pts',(31.1597281800877,13.9373265307299,-4.26973500542134));
#9700=CARTESIAN_POINT('Ctrl Pts',(31.1908355000146,13.8613963221572,-4.18230039982507));
#9701=CARTESIAN_POINT('Ctrl Pts',(31.2267114533491,13.7738263024372,-4.08146240293037));
#9702=CARTESIAN_POINT('Ctrl Pts',(31.2633826659552,13.6887738175243,-3.97837227229058));
#9703=CARTESIAN_POINT('Ctrl Pts',(31.3007480289635,13.6064132092578,-3.87322051114353));
#9704=CARTESIAN_POINT('Ctrl Pts',(31.342618441655,13.5141225855357,-3.75539086143587));
#9705=CARTESIAN_POINT('Ctrl Pts',(31.3853587800316,13.4252147669549,-3.63497522682864));
#9706=CARTESIAN_POINT('Ctrl Pts',(31.4288361383237,13.3399439274597,-3.51228675836001));
#9707=CARTESIAN_POINT('Ctrl Pts',(31.4668259750175,13.2654355995754,-3.4050834906263));
#9708=CARTESIAN_POINT('Ctrl Pts',(31.5053781865649,13.1937055613444,-3.29614754894471));
#9709=CARTESIAN_POINT('Ctrl Pts',(31.5444238395823,13.1249006164691,-3.1856796961072));
#9710=CARTESIAN_POINT('Ctrl Pts',(31.5499913959427,13.1150896547137,-3.16992798114904));
#9711=CARTESIAN_POINT('Ctrl Pts',(31.5555690251041,13.1053381058507,-3.15414506975904));
#9712=CARTESIAN_POINT('Ctrl Pts',(31.561156568963,13.0956463291003,-3.13833148567199));
#9713=CARTESIAN_POINT('Ctrl Pts',(22.7657642285274,-7.59736658922705,-28.5779947850139));
#9714=CARTESIAN_POINT('Ctrl Pts',(22.2411118018232,-9.16950521226118,-30.3267886403767));
#9715=CARTESIAN_POINT('Ctrl Pts',(20.8649437274136,-12.2046460945219,-33.413986023913));
#9716=CARTESIAN_POINT('Ctrl Pts',(17.9084475995756,-16.2354858266535,-36.6159518312946));
#9717=CARTESIAN_POINT('Ctrl Pts',(14.1860463960268,-19.5720688681662,-38.2520706453755));
#9718=CARTESIAN_POINT('Ctrl Pts',(9.85677638456549,-22.0712735744694,-38.2516566047751));
#9719=CARTESIAN_POINT('Ctrl Pts',(5.10617101927422,-23.6270374503826,-36.6161637343052));
#9720=CARTESIAN_POINT('Ctrl Pts',(0.137045672072555,-24.1718778552494,-33.4139505290724));
#9721=CARTESIAN_POINT('Ctrl Pts',(-3.1795314469596,-23.8461204349193,-30.3267886403767));
#9722=CARTESIAN_POINT('Ctrl Pts',(-4.80336964612996,-23.5144134530853,-28.5779947850139));
#9723=CARTESIAN_POINT('Ctrl Pts',(22.4225817980863,-8.62572427172622,-26.2662656347532));
#9724=CARTESIAN_POINT('Ctrl Pts',(21.8261445109521,-10.1758705099769,-27.8308017686047));
#9725=CARTESIAN_POINT('Ctrl Pts',(20.3310488675032,-13.090900705031,-30.5627991993282));
#9726=CARTESIAN_POINT('Ctrl Pts',(17.3926673828956,-16.7631377811919,-33.3344863787297));
#9727=CARTESIAN_POINT('Ctrl Pts',(13.9467902554384,-19.6994104082095,-34.7244280018061));
#9728=CARTESIAN_POINT('Ctrl Pts',(10.0867504068717,-21.9286510334968,-34.7244555247271));
#9729=CARTESIAN_POINT('Ctrl Pts',(5.82115075134516,-23.4437831187601,-33.3345462137903));
#9730=CARTESIAN_POINT('Ctrl Pts',(1.17156108931879,-24.1527086441418,-30.5628093149131));
#9731=CARTESIAN_POINT('Ctrl Pts',(-2.10050988821513,-23.9899308681433,-27.8308017686047));
#9732=CARTESIAN_POINT('Ctrl Pts',(-3.74119455368826,-23.7313875914404,-26.2662656347532));
#9733=CARTESIAN_POINT('Ctrl Pts',(22.3594437491107,-10.8897990713856,-21.6440677956247));
#9734=CARTESIAN_POINT('Ctrl Pts',(21.6877937424585,-12.4665224680405,-22.8405347679391));
#9735=CARTESIAN_POINT('Ctrl Pts',(20.0710311404458,-15.3141858893195,-24.8632019869987));
#9736=CARTESIAN_POINT('Ctrl Pts',(17.2179485577244,-18.5765197780757,-26.776520595919));
#9737=CARTESIAN_POINT('Ctrl Pts',(14.2172464864736,-20.9785289297677,-27.6756893378518));
#9738=CARTESIAN_POINT('Ctrl Pts',(11.0592406696808,-22.8035312820462,-27.6765720015164));
#9739=CARTESIAN_POINT('Ctrl Pts',(7.47911080869319,-24.1986395965306,-26.77628122371));
#9740=CARTESIAN_POINT('Ctrl Pts',(3.22712833743484,-25.0392634176538,-24.8633042529649));
#9741=CARTESIAN_POINT('Ctrl Pts',(-0.0475717170567083,-25.0154415670265,
-22.8405347679391));
#9742=CARTESIAN_POINT('Ctrl Pts',(-1.74887923662728,-24.8087458369118,-21.6440677956247));
#9743=CARTESIAN_POINT('Ctrl Pts',(24.4267316228474,-15.3215807333401,-14.0752929630038));
#9744=CARTESIAN_POINT('Ctrl Pts',(23.8691229054299,-17.1541479801053,-14.7370760599398));
#9745=CARTESIAN_POINT('Ctrl Pts',(22.4647968283647,-20.4269636647667,-15.7651525878179));
#9746=CARTESIAN_POINT('Ctrl Pts',(19.9243573515628,-24.0350589873741,-16.5530091999239));
#9747=CARTESIAN_POINT('Ctrl Pts',(17.2366808076638,-26.5047707831415,-16.8371109441675));
#9748=CARTESIAN_POINT('Ctrl Pts',(14.3352647226798,-28.1814270929188,-16.8380882959506));
#9749=CARTESIAN_POINT('Ctrl Pts',(10.8530597977265,-29.2717649315746,-16.5525648962043));
#9750=CARTESIAN_POINT('Ctrl Pts',(6.45821407609309,-29.668677665882,-15.7653760816377));
#9751=CARTESIAN_POINT('Ctrl Pts',(2.92136647833371,-29.2483407922079,-14.7370760599398));
#9752=CARTESIAN_POINT('Ctrl Pts',(1.05551232978301,-28.8149604834806,-14.0752929630038));
#9753=CARTESIAN_POINT('Ctrl Pts',(27.7411859694485,-18.6492004660173,-9.58178350805604));
#9754=CARTESIAN_POINT('Ctrl Pts',(27.4636797658954,-20.8034960831198,-10.0491168350707));
#9755=CARTESIAN_POINT('Ctrl Pts',(26.5481200317873,-24.7659751619834,-10.7969121057905));
#9756=CARTESIAN_POINT('Ctrl Pts',(24.3033211719659,-29.444965659679,-11.4141908662981));
#9757=CARTESIAN_POINT('Ctrl Pts',(21.3544435960529,-32.8017365179968,-11.6659546369593));
#9758=CARTESIAN_POINT('Ctrl Pts',(17.7296751333445,-34.8954408549494,-11.6673640108576));
#9759=CARTESIAN_POINT('Ctrl Pts',(13.3489530162168,-35.7693151936872,-11.4138641214197));
#9760=CARTESIAN_POINT('Ctrl Pts',(8.17381744205581,-35.3744372960318,-10.7969554661408));
#9761=CARTESIAN_POINT('Ctrl Pts',(4.28451621256403,-34.185992400226,-10.0491168350707));
#9762=CARTESIAN_POINT('Ctrl Pts',(2.28008837911527,-33.3491720136594,-9.58178350805603));
#9763=CARTESIAN_POINT('Ctrl Pts',(30.2500953045263,-20.5606082735239,-7.40910975907766));
#9764=CARTESIAN_POINT('Ctrl Pts',(30.183436949683,-22.9260158985864,-7.86250075861617));
#9765=CARTESIAN_POINT('Ctrl Pts',(29.6157793214808,-27.3615379521284,-8.66288526545892));
#9766=CARTESIAN_POINT('Ctrl Pts',(27.4978505030972,-32.8448188698015,-9.49302454885416));
#9767=CARTESIAN_POINT('Ctrl Pts',(24.2039347470534,-36.9235604766968,-9.91720350065289));
#9768=CARTESIAN_POINT('Ctrl Pts',(19.8745563019194,-39.4225773703696,-9.91709615679353));
#9769=CARTESIAN_POINT('Ctrl Pts',(14.6956294183721,-40.2364666146882,-9.4930794866717));
#9770=CARTESIAN_POINT('Ctrl Pts',(8.88787197034622,-39.3287536120693,-8.66287606309283));
#9771=CARTESIAN_POINT('Ctrl Pts',(4.76279370090022,-37.6026311212445,-7.86250075861616));
#9772=CARTESIAN_POINT('Ctrl Pts',(2.68096142986897,-36.4776551373821,-7.40910975907766));
#9773=CARTESIAN_POINT('Origin',(0.,0.,0.));
#9774=CARTESIAN_POINT('Origin',(0.,0.,0.));
#9775=CARTESIAN_POINT('Ctrl Pts',(-13.5619265735403,23.4899458738903,-9.5897302461044));
#9776=CARTESIAN_POINT('Ctrl Pts',(-13.3933594050652,23.1976486693507,-10.5440992262967));
#9777=CARTESIAN_POINT('Ctrl Pts',(-13.0732516538467,22.6423881466462,-12.4289017843349));
#9778=CARTESIAN_POINT('Ctrl Pts',(-12.6250808747344,21.8666192481239,-15.4791761510892));
#9779=CARTESIAN_POINT('Ctrl Pts',(-12.1423873483236,21.0298691796545,-19.5730274917851));
#9780=CARTESIAN_POINT('Ctrl Pts',(-12.000570688818,20.7842801930374,-22.8761816296925));
#9781=CARTESIAN_POINT('Ctrl Pts',(-12.0005724625706,20.7842791688957,-24.5245118455279));
#9782=CARTESIAN_POINT('Ctrl Pts',(-13.3023870976179,23.5798326592482,-9.73659773417908));
#9783=CARTESIAN_POINT('Ctrl Pts',(-13.1403423694209,23.2908954533745,-10.6770829110121));
#9784=CARTESIAN_POINT('Ctrl Pts',(-12.8301498598807,22.7423871634157,-12.5405768604556));
#9785=CARTESIAN_POINT('Ctrl Pts',(-12.39219841214,21.9732365598359,-15.5704340083468));
#9786=CARTESIAN_POINT('Ctrl Pts',(-11.9155275990408,21.1503092121216,-19.639170197457));
#9787=CARTESIAN_POINT('Ctrl Pts',(-11.7867218639447,20.9077536993091,-22.8974110144514));
#9788=CARTESIAN_POINT('Ctrl Pts',(-11.7914398657101,20.9050296102517,-24.5246130066697));
#9789=CARTESIAN_POINT('Ctrl Pts',(-12.7811469926051,23.7625648268553,-10.0327530493992));
#9790=CARTESIAN_POINT('Ctrl Pts',(-12.6310415165577,23.4797399151387,-10.9468909001143));
#9791=CARTESIAN_POINT('Ctrl Pts',(-12.3393859989191,22.9428516376869,-12.770306148484));
#9792=CARTESIAN_POINT('Ctrl Pts',(-11.9202135928398,22.1841081274733,-15.7643502602908));
#9793=CARTESIAN_POINT('Ctrl Pts',(-11.4562022489613,21.3861474912317,-19.785710667055));
#9794=CARTESIAN_POINT('Ctrl Pts',(-11.3543367966304,21.1485880980755,-22.9560948946032));
#9795=CARTESIAN_POINT('Ctrl Pts',(-11.3689109607406,21.1405434639231,-24.5446292597351));
#9796=CARTESIAN_POINT('Ctrl Pts',(-11.9834847610764,24.0464990398158,-10.4882639401225));
#9797=CARTESIAN_POINT('Ctrl Pts',(-11.8485210954427,23.7704254537123,-11.3679621245996));
#9798=CARTESIAN_POINT('Ctrl Pts',(-11.5833432858116,23.2443836455799,-13.1383827337508));
#9799=CARTESIAN_POINT('Ctrl Pts',(-11.1888491242153,22.4923660961288,-16.095101028617));
#9800=CARTESIAN_POINT('Ctrl Pts',(-10.7522342127938,21.7229573131163,-20.0490851406888));
#9801=CARTESIAN_POINT('Ctrl Pts',(-10.6974476040218,21.4882774548864,-23.093965006411));
#9802=CARTESIAN_POINT('Ctrl Pts',(-10.7303164903245,21.4716008720439,-24.6333520422292));
#9803=CARTESIAN_POINT('Ctrl Pts',(-11.1600628424865,24.3408589479263,-10.9595274817287));
#9804=CARTESIAN_POINT('Ctrl Pts',(-11.0390765146533,24.0682873056812,-11.8096102636778));
#9805=CARTESIAN_POINT('Ctrl Pts',(-10.8005782426833,23.5457695506921,-13.5353689495135));
#9806=CARTESIAN_POINT('Ctrl Pts',(-10.4307601616487,22.7907860236947,-16.4707503770601));
#9807=CARTESIAN_POINT('Ctrl Pts',(-10.0372385546107,22.0405578830443,-20.3559461444174));
#9808=CARTESIAN_POINT('Ctrl Pts',(-10.039402679532,21.8034053448952,-23.2825217697286));
#9809=CARTESIAN_POINT('Ctrl Pts',(-10.0956629888485,21.7770266627306,-24.7797046209265));
#9810=CARTESIAN_POINT('Ctrl Pts',(-10.3001853801429,24.6460235063282,-11.4507271342947));
#9811=CARTESIAN_POINT('Ctrl Pts',(-10.1935514353991,24.3729461139539,-12.2761267792244));
#9812=CARTESIAN_POINT('Ctrl Pts',(-9.98229769428495,23.8458919348492,-13.9680037068286));
#9813=CARTESIAN_POINT('Ctrl Pts',(-9.64295192880698,23.0776354973645,-16.8954252750029));
#9814=CARTESIAN_POINT('Ctrl Pts',(-9.31393741973548,22.3379892764078,-20.7059772825919));
#9815=CARTESIAN_POINT('Ctrl Pts',(-9.38375590548322,22.093468711953,-23.52307916773));
#9816=CARTESIAN_POINT('Ctrl Pts',(-9.46879871946596,22.0566177741861,-24.9830747999482));
#9817=CARTESIAN_POINT('Ctrl Pts',(-9.39087331852488,24.9624141981467,-11.9662532590914));
#9818=CARTESIAN_POINT('Ctrl Pts',(-9.30010018076636,24.6840840434064,-12.7726618139054));
#9819=CARTESIAN_POINT('Ctrl Pts',(-9.1174153322427,24.1433636061956,-14.4434596016406));
#9820=CARTESIAN_POINT('Ctrl Pts',(-8.82227131580755,23.3515565667691,-17.3716470003954));
#9821=CARTESIAN_POINT('Ctrl Pts',(-8.58499434796173,22.6146924173849,-21.0976543482577));
#9822=CARTESIAN_POINT('Ctrl Pts',(-8.73430932606008,22.3581572217144,-23.8153286238179));
#9823=CARTESIAN_POINT('Ctrl Pts',(-8.85429681709337,22.3101515559362,-25.2406848565749));
#9824=CARTESIAN_POINT('Ctrl Pts',(-8.41783279821972,25.289516424383,-12.5105044222615));
#9825=CARTESIAN_POINT('Ctrl Pts',(-8.34524339847657,25.0003342527976,-13.3048310847609));
#9826=CARTESIAN_POINT('Ctrl Pts',(-8.19869975931112,24.4347106784167,-14.9660599464176));
#9827=CARTESIAN_POINT('Ctrl Pts',(-7.97091523574232,23.6098104089316,-17.8981106237362));
#9828=CARTESIAN_POINT('Ctrl Pts',(-7.85944335707465,22.8681643248541,-21.5268640156237));
#9829=CARTESIAN_POINT('Ctrl Pts',(-8.09938091798111,22.5959151430979,-24.1564327621598));
#9830=CARTESIAN_POINT('Ctrl Pts',(-8.26022945200578,22.5365526969738,-25.54733056687));
#9831=CARTESIAN_POINT('Ctrl Pts',(-7.36729808238234,25.625022941422,-13.0871130905584));
#9832=CARTESIAN_POINT('Ctrl Pts',(-7.3189809459927,25.3179506342168,-13.8757513870416));
#9833=CARTESIAN_POINT('Ctrl Pts',(-7.22407542477901,24.7153076957437,-15.5369133535098));
#9834=CARTESIAN_POINT('Ctrl Pts',(-7.09757124676318,23.8491051258241,-18.4694247867455));
#9835=CARTESIAN_POINT('Ctrl Pts',(-7.14901835334032,23.0959756210041,-21.9895879116927));
#9836=CARTESIAN_POINT('Ctrl Pts',(-7.48683595316467,22.8062937112877,-24.5431900922729));
#9837=CARTESIAN_POINT('Ctrl Pts',(-7.692552975989,22.7362902092521,-25.8979702008069));
#9838=CARTESIAN_POINT('Ctrl Pts',(-6.23258654817958,25.9640442314087,-13.695778876583));
#9839=CARTESIAN_POINT('Ctrl Pts',(-6.21918723237857,25.6313555358471,-14.4843581852911));
#9840=CARTESIAN_POINT('Ctrl Pts',(-6.19810961359955,24.9805911981456,-16.1533797941653));
#9841=CARTESIAN_POINT('Ctrl Pts',(-6.21581195527093,24.0666754553255,-19.0785989973669));
#9842=CARTESIAN_POINT('Ctrl Pts',(-6.46083739351841,23.2977155972913,-22.4867634356846));
#9843=CARTESIAN_POINT('Ctrl Pts',(-6.89780150372225,22.9915284525027,-24.97518051164));
#9844=CARTESIAN_POINT('Ctrl Pts',(-7.15014852884958,22.9123960085154,-26.2900273811569));
#9845=CARTESIAN_POINT('Ctrl Pts',(-5.01910169058366,26.3000452371336,-14.3313593513105));
#9846=CARTESIAN_POINT('Ctrl Pts',(-5.05353941623853,25.934843621494,-15.1255216036503));
#9847=CARTESIAN_POINT('Ctrl Pts',(-5.13346415903601,25.2267321767767,-16.8089485035366));
#9848=CARTESIAN_POINT('Ctrl Pts',(-5.3423610410645,24.2601694199008,-19.7190203557021));
#9849=CARTESIAN_POINT('Ctrl Pts',(-5.79948941447379,23.4732427189797,-23.0207982937657));
#9850=CARTESIAN_POINT('Ctrl Pts',(-6.33491093079083,23.1532449701466,-25.4467755085546));
#9851=CARTESIAN_POINT('Ctrl Pts',(-6.63456177068255,23.0667059865728,-26.7151256510975));
#9852=CARTESIAN_POINT('Ctrl Pts',(-3.75401009297547,26.6264776772387,-14.977960636918));
#9853=CARTESIAN_POINT('Ctrl Pts',(-3.85104054049766,26.2220984527617,-15.7835353337934));
#9854=CARTESIAN_POINT('Ctrl Pts',(-4.06524906402347,25.4472865126724,-17.487449801534));
#9855=CARTESIAN_POINT('Ctrl Pts',(-4.50039537204554,24.4264704615608,-20.3807585364169));
#9856=CARTESIAN_POINT('Ctrl Pts',(-5.17334612611395,23.6212294065942,-23.5897720056262));
#9857=CARTESIAN_POINT('Ctrl Pts',(-5.80331976723325,23.2925526246681,-25.9475211586869));
#9858=CARTESIAN_POINT('Ctrl Pts',(-6.14847349636564,23.2007780928754,-27.1624213124539));
#9859=CARTESIAN_POINT('Ctrl Pts',(-2.49090339007178,26.9355785106217,-15.61388881888));
#9860=CARTESIAN_POINT('Ctrl Pts',(-2.66114333693182,26.4863509107698,-16.4398513353333));
#9861=CARTESIAN_POINT('Ctrl Pts',(-3.02726599095156,25.6397050231918,-18.178687242178));
#9862=CARTESIAN_POINT('Ctrl Pts',(-3.70217622392409,24.5643648309192,-21.0651987249281));
#9863=CARTESIAN_POINT('Ctrl Pts',(-4.57689894745807,23.7426556883241,-24.2065068327714));
#9864=CARTESIAN_POINT('Ctrl Pts',(-5.29807560385336,23.4131283606789,-26.4761884565988));
#9865=CARTESIAN_POINT('Ctrl Pts',(-5.68528277831924,23.3184566776097,-27.6305267643253));
#9866=CARTESIAN_POINT('Ctrl Pts',(-1.25488063379142,27.230411227238,-16.2321426861388));
#9867=CARTESIAN_POINT('Ctrl Pts',(-1.49933327146681,26.7301709885993,-17.0935313624536));
#9868=CARTESIAN_POINT('Ctrl Pts',(-2.02250225154423,25.8036307113555,-18.8904824722022));
#9869=CARTESIAN_POINT('Ctrl Pts',(-2.9376350619955,24.6737899800819,-21.7842183304171));
#9870=CARTESIAN_POINT('Ctrl Pts',(-3.99796750816076,23.8416110674023,-24.8699236172389));
#9871=CARTESIAN_POINT('Ctrl Pts',(-4.81168074438868,23.518458346614,-27.0225194914256));
#9872=CARTESIAN_POINT('Ctrl Pts',(-5.23840896565915,23.4227814817914,-28.1082594585491));
#9873=CARTESIAN_POINT('Ctrl Pts',(-0.429906602679797,27.4139636725971,-16.6355607692484));
#9874=CARTESIAN_POINT('Ctrl Pts',(-0.72512643731433,26.8752707587001,-17.5297866734585));
#9875=CARTESIAN_POINT('Ctrl Pts',(-1.35727640718602,25.8924903392898,-19.3757641764757));
#9876=CARTESIAN_POINT('Ctrl Pts',(-2.42844990249924,24.7279086320144,-22.2894433992177));
#9877=CARTESIAN_POINT('Ctrl Pts',(-3.62272693036295,23.8963162675512,-25.3181419908726));
#9878=CARTESIAN_POINT('Ctrl Pts',(-4.49645932774644,23.5800936901093,-27.3851352012037));
#9879=CARTESIAN_POINT('Ctrl Pts',(-4.94844221335525,23.4847789836869,-28.421758766995));
#9880=CARTESIAN_POINT('Ctrl Pts',(-0.000150365308946299,27.5017514488026,
-16.8412613584388));
#9881=CARTESIAN_POINT('Ctrl Pts',(-0.32262143708276,26.9432151685191,-17.7533472847898));
#9882=CARTESIAN_POINT('Ctrl Pts',(-1.01256294318553,25.9319292305937,-19.6263862040441));
#9883=CARTESIAN_POINT('Ctrl Pts',(-2.16957609446931,24.7512631927316,-22.5475332301889));
#9884=CARTESIAN_POINT('Ctrl Pts',(-3.43426674543399,23.9215792922441,-25.5438532825522));
#9885=CARTESIAN_POINT('Ctrl Pts',(-4.33866804318671,23.6093396386156,-27.5666132817749));
#9886=CARTESIAN_POINT('Ctrl Pts',(-4.80336964612995,23.5144134530853,-28.5779947850139));
#9887=CARTESIAN_POINT('',(-4.80336964612995,23.5144134530853,-28.5779947850139));
#9888=CARTESIAN_POINT('Origin',(-10.8075817037924,52.9074302694419,-28.5779947850139));
#9889=CARTESIAN_POINT('Ctrl Pts',(-4.80336964612995,23.5144134530853,-28.5779947850139));
#9890=CARTESIAN_POINT('Ctrl Pts',(-4.846271990996,23.5056496443903,-28.5317910701852));
#9891=CARTESIAN_POINT('Ctrl Pts',(-4.88915191035338,23.496768244763,-28.4855830686523));
#9892=CARTESIAN_POINT('Ctrl Pts',(-4.93208304206942,23.4877533379873,-28.4392966511187));
#9893=CARTESIAN_POINT('Ctrl Pts',(-4.97712119625257,23.4782959874567,-28.3907385366192));
#9894=CARTESIAN_POINT('Ctrl Pts',(-5.02221562133447,23.468691700335,-28.3420943806648));
#9895=CARTESIAN_POINT('Ctrl Pts',(-5.06743148277361,23.4589244887185,-28.2933331246696));
#9896=CARTESIAN_POINT('Ctrl Pts',(-5.11556941581887,23.4485260717942,-28.2414206762149));
#9897=CARTESIAN_POINT('Ctrl Pts',(-5.16384486577586,23.4379429977452,-28.1893758577857));
#9898=CARTESIAN_POINT('Ctrl Pts',(-5.21231609943015,23.4271586172891,-28.1372169140044));
#9899=CARTESIAN_POINT('Ctrl Pts',(-5.26546899539548,23.4153326122708,-28.0800201252401));
#9900=CARTESIAN_POINT('Ctrl Pts',(-5.31885714163862,23.4032645611704,-28.0226866391194));
#9901=CARTESIAN_POINT('Ctrl Pts',(-5.3725358603131,23.3909353902243,-27.9652988473211));
#9902=CARTESIAN_POINT('Ctrl Pts',(-5.43847067981342,23.3757911825944,-27.8948080869755));
#9903=CARTESIAN_POINT('Ctrl Pts',(-5.50484360826525,23.3602531096116,-27.8242364164408));
#9904=CARTESIAN_POINT('Ctrl Pts',(-5.57172895025515,23.344289162553,-27.7538109928001));
#9905=CARTESIAN_POINT('Ctrl Pts',(-5.64520628397281,23.3267518631899,-27.6764446790294));
#9906=CARTESIAN_POINT('Ctrl Pts',(-5.71930001266877,23.3087011272238,-27.5992607333552));
#9907=CARTESIAN_POINT('Ctrl Pts',(-5.79409717525195,23.2900931282753,-27.5225837916684));
#9908=CARTESIAN_POINT('Ctrl Pts',(-5.85040847119518,23.2760840335516,-27.4648572976915));
#9909=CARTESIAN_POINT('Ctrl Pts',(-5.90711796428697,23.2617591511955,-27.4074194253041));
#9910=CARTESIAN_POINT('Ctrl Pts',(-5.96427078745736,23.2470960331368,-27.3503818699689));
#9911=CARTESIAN_POINT('Ctrl Pts',(-6.01771584286146,23.233384179311,-27.2970446044428));
#9912=CARTESIAN_POINT('Ctrl Pts',(-6.07154825851788,23.2193766537736,-27.244058301761));
#9913=CARTESIAN_POINT('Ctrl Pts',(-6.1258179363485,23.2050501962549,-27.1914739400909));
#9914=CARTESIAN_POINT('Ctrl Pts',(-6.19524941468113,23.1867212294257,-27.1241986196195));
#9915=CARTESIAN_POINT('Ctrl Pts',(-6.2653986772155,23.1678699536288,-27.0575804835215));
#9916=CARTESIAN_POINT('Ctrl Pts',(-6.33639908812698,23.148435078769,-26.9916170383393));
#9917=CARTESIAN_POINT('Ctrl Pts',(-6.39846704580534,23.1314452758257,-26.9339523534266));
#9918=CARTESIAN_POINT('Ctrl Pts',(-6.46118576624695,23.1140091959114,-26.8767858469051));
#9919=CARTESIAN_POINT('Ctrl Pts',(-6.52460236485022,23.0960941282415,-26.8201513958597));
#9920=CARTESIAN_POINT('Ctrl Pts',(-6.59389157802412,23.0765200582008,-26.7582723825114));
#9921=CARTESIAN_POINT('Ctrl Pts',(-6.66401357382619,23.0563741791179,-26.6970289665584));
#9922=CARTESIAN_POINT('Ctrl Pts',(-6.73498298766954,23.0356246747468,-26.6365101714167));
#9923=CARTESIAN_POINT('Ctrl Pts',(-6.8190661591754,23.0110410683702,-26.5648086882615));
#9924=CARTESIAN_POINT('Ctrl Pts',(-6.90433829411278,22.9856101745072,-26.4941252719659));
#9925=CARTESIAN_POINT('Ctrl Pts',(-6.99076650696535,22.9592940580736,-26.4246587727374));
#9926=CARTESIAN_POINT('Ctrl Pts',(-7.08695800141017,22.9300051663542,-26.3473450559069));
#9927=CARTESIAN_POINT('Ctrl Pts',(-7.18457834228744,22.8996205780359,-26.2715425654784));
#9928=CARTESIAN_POINT('Ctrl Pts',(-7.28354772143312,22.8680985783603,-26.1975442268895));
#9929=CARTESIAN_POINT('Ctrl Pts',(-7.3700988191244,22.8405318330004,-26.1328309035618));
#9930=CARTESIAN_POINT('Ctrl Pts',(-7.457679310336,22.8120960228151,-26.0694997228108));
#9931=CARTESIAN_POINT('Ctrl Pts',(-7.54625115072728,22.782758690952,-26.0077163657423));
#9932=CARTESIAN_POINT('Ctrl Pts',(-7.61983226574929,22.7583866830912,-25.9563898009694));
#9933=CARTESIAN_POINT('Ctrl Pts',(-7.69409725389715,22.7333926803559,-25.9061316162155));
#9934=CARTESIAN_POINT('Ctrl Pts',(-7.76904878361517,22.707749360027,-25.8570025523266));
#9935=CARTESIAN_POINT('Ctrl Pts',(-7.85249561580493,22.6791995244691,-25.8023050062538));
#9936=CARTESIAN_POINT('Ctrl Pts',(-7.93679741728116,22.6498436351243,-25.7490045752152));
#9937=CARTESIAN_POINT('Ctrl Pts',(-8.02198644867443,22.6196315933148,-25.6971360773572));
#9938=CARTESIAN_POINT('Ctrl Pts',(-8.10725711699002,22.5893905992086,-25.6452178737512));
#9939=CARTESIAN_POINT('Ctrl Pts',(-8.1934171864785,22.5582914219329,-25.5947336182717));
#9940=CARTESIAN_POINT('Ctrl Pts',(-8.28044415166692,22.5263011755398,-25.5457364170755));
#9941=CARTESIAN_POINT('Ctrl Pts',(-8.37518004543609,22.4914772037123,-25.492398998754));
#9942=CARTESIAN_POINT('Ctrl Pts',(-8.47094269857696,22.4555972195509,-25.4408240804975));
#9943=CARTESIAN_POINT('Ctrl Pts',(-8.56764312114275,22.418641603557,-25.3911007014708));
#9944=CARTESIAN_POINT('Ctrl Pts',(-8.67890844884884,22.3761197756782,-25.333888044946));
#9945=CARTESIAN_POINT('Ctrl Pts',(-8.79141428517926,22.3321737826698,-25.279127427447));
#9946=CARTESIAN_POINT('Ctrl Pts',(-8.90496022088249,22.2868051426063,-25.2269723103496));
#9947=CARTESIAN_POINT('Ctrl Pts',(-9.0340425549906,22.2352287482735,-25.1676808508278));
#9948=CARTESIAN_POINT('Ctrl Pts',(-9.16446529474565,22.1818145878427,-25.1117589292179));
#9949=CARTESIAN_POINT('Ctrl Pts',(-9.29589468240987,22.1265980677904,-25.0594292622194));
#9950=CARTESIAN_POINT('Ctrl Pts',(-9.40597274400331,22.0803517327559,-25.0156007972969));
#9951=CARTESIAN_POINT('Ctrl Pts',(-9.51675462526996,22.0328424639432,-24.9742929848504));
#9952=CARTESIAN_POINT('Ctrl Pts',(-9.628061877803,21.9840948068643,-24.9356155954568));
#9953=CARTESIAN_POINT('Ctrl Pts',(-9.72545572376942,21.9414406069202,-24.9017728797374));
#9954=CARTESIAN_POINT('Ctrl Pts',(-9.82325121606129,21.897838813393,-24.8699442302144));
#9955=CARTESIAN_POINT('Ctrl Pts',(-9.92135956695929,21.8532977910224,-24.840180686302));
#9956=CARTESIAN_POINT('Ctrl Pts',(-10.0172797441863,21.8097501957306,-24.8110809778586));
#9957=CARTESIAN_POINT('Ctrl Pts',(-10.1134983691626,21.7653053011869,-24.7839556331539));
#9958=CARTESIAN_POINT('Ctrl Pts',(-10.2099735328432,21.7199548908059,-24.7588251465479));
#9959=CARTESIAN_POINT('Ctrl Pts',(-10.3072424934357,21.6742313375937,-24.7334878864895));
#9960=CARTESIAN_POINT('Ctrl Pts',(-10.404779303842,21.6275838660014,-24.7101759662756));
#9961=CARTESIAN_POINT('Ctrl Pts',(-10.502521074295,21.5800150853513,-24.6889021721788));
#9962=CARTESIAN_POINT('Ctrl Pts',(-10.6079718687929,21.5286944914066,-24.6659504855142));
#9963=CARTESIAN_POINT('Ctrl Pts',(-10.7136605113788,21.4763014861647,-24.6453711885658));
#9964=CARTESIAN_POINT('Ctrl Pts',(-10.819454119371,21.4228712491773,-24.6271834326492));
#9965=CARTESIAN_POINT('Ctrl Pts',(-10.9414654836293,21.3612503608155,-24.6062075631775));
#9966=CARTESIAN_POINT('Ctrl Pts',(-11.0636151873658,21.2982497561061,-24.5884128523308));
#9967=CARTESIAN_POINT('Ctrl Pts',(-11.1856453642723,21.2339666050584,-24.5738304853677));
#9968=CARTESIAN_POINT('Ctrl Pts',(-11.3223884187571,21.1619329929715,-24.557489958371));
#9969=CARTESIAN_POINT('Ctrl Pts',(-11.4589774052123,21.0882901848836,-24.5451835620744));
#9970=CARTESIAN_POINT('Ctrl Pts',(-11.5950293515811,21.0132171343651,-24.5369517925744));
#9971=CARTESIAN_POINT('Ctrl Pts',(-11.7139094175952,20.9476194752376,-24.5297590009408));
#9972=CARTESIAN_POINT('Ctrl Pts',(-11.8323771442314,20.8809317810287,-24.5256773373411));
#9973=CARTESIAN_POINT('Ctrl Pts',(-11.9502071782557,20.8132781751642,-24.5247272500571));
#9974=CARTESIAN_POINT('Ctrl Pts',(-11.9670086736336,20.8036313838716,-24.5245917762176));
#9975=CARTESIAN_POINT('Ctrl Pts',(-11.9837972883016,20.7939649363333,-24.5245199599768));
#9976=CARTESIAN_POINT('Ctrl Pts',(-12.0005724625706,20.7842791688957,-24.5245118455279));
#9977=CARTESIAN_POINT('Ctrl Pts',(-4.80336964612996,23.5144134530853,-28.5779947850139));
#9978=CARTESIAN_POINT('Ctrl Pts',(-3.1795314469596,23.8461204349193,-30.3267886403767));
#9979=CARTESIAN_POINT('Ctrl Pts',(0.137061698347639,24.1718943637339,-33.413986023913));
#9980=CARTESIAN_POINT('Ctrl Pts',(5.10611936887633,23.6269134769017,-36.6159518312946));
#9981=CARTESIAN_POINT('Ctrl Pts',(9.85688564643711,22.071510992307,-38.2520706453755));
#9982=CARTESIAN_POINT('Ctrl Pts',(14.1858954170839,19.571855535691,-38.251656604775));
#9983=CARTESIAN_POINT('Ctrl Pts',(17.9085291385606,16.2355925439507,-36.6161637343052));
#9984=CARTESIAN_POINT('Ctrl Pts',(20.8649374437842,12.2046239611183,-33.4139505290724));
#9985=CARTESIAN_POINT('Ctrl Pts',(22.2411118018232,9.16950521226116,-30.3267886403767));
#9986=CARTESIAN_POINT('Ctrl Pts',(22.7657642285274,7.59736658922703,-28.5779947850139));
#9987=CARTESIAN_POINT('Ctrl Pts',(-3.74119455368826,23.7313875914404,-26.2662656347532));
#9988=CARTESIAN_POINT('Ctrl Pts',(-2.10050988821513,23.9899308681433,-27.8308017686047));
#9989=CARTESIAN_POINT('Ctrl Pts',(1.17152813522482,24.1526551573561,-30.5627991993282));
#9990=CARTESIAN_POINT('Ctrl Pts',(5.8209694742031,23.4440606837565,-33.3344863787297));
#9991=CARTESIAN_POINT('Ctrl Pts',(10.0867947253658,21.9279798665677,-34.7244280018061));
#9992=CARTESIAN_POINT('Ctrl Pts',(13.9473936622963,19.6997076107323,-34.7244555247271));
#9993=CARTESIAN_POINT('Ctrl Pts',(17.3923363659864,16.7631559893038,-33.3345462137903));
#9994=CARTESIAN_POINT('Ctrl Pts',(20.3310787113714,13.0909559875063,-30.5628093149131));
#9995=CARTESIAN_POINT('Ctrl Pts',(21.8261445109521,10.1758705099769,-27.8308017686047));
#9996=CARTESIAN_POINT('Ctrl Pts',(22.4225817980863,8.6257242717262,-26.2662656347532));
#9997=CARTESIAN_POINT('Ctrl Pts',(-1.74887916551805,24.8087456864491,-21.6440677112747));
#9998=CARTESIAN_POINT('Ctrl Pts',(-0.047571645947482,25.0154414165637,-22.8405346835891));
#9999=CARTESIAN_POINT('Ctrl Pts',(3.22695845911273,25.0391155063518,-24.863201771823));
#10000=CARTESIAN_POINT('Ctrl Pts',(7.4787637273246,24.1994404162284,-26.7765203304915));
#10001=CARTESIAN_POINT('Ctrl Pts',(11.059315596757,22.8017607530606,-27.6756890106409));
#10002=CARTESIAN_POINT('Ctrl Pts',(14.2188167980453,20.9793486858735,-27.676571642143));
#10003=CARTESIAN_POINT('Ctrl Pts',(17.2170809797674,18.5764195556055,-26.7762809614131));
#10004=CARTESIAN_POINT('Ctrl Pts',(20.071073780687,15.314406705387,-24.8633040403935));
#10005=CARTESIAN_POINT('Ctrl Pts',(21.6877935765993,12.4665224543915,-22.8405346835891));
#10006=CARTESIAN_POINT('Ctrl Pts',(22.3594435832515,10.8897990577366,-21.6440677112747));
#10007=CARTESIAN_POINT('Ctrl Pts',(1.05551249657009,28.8149602167216,-14.0752927283928));
#10008=CARTESIAN_POINT('Ctrl Pts',(2.9213666451208,29.2483405254489,-14.7370758253289));
#10009=CARTESIAN_POINT('Ctrl Pts',(6.45787111946689,29.6685660902062,-15.765151991137));
#10010=CARTESIAN_POINT('Ctrl Pts',(10.8527929843472,29.2725285699218,-16.5530084645017));
#10011=CARTESIAN_POINT('Ctrl Pts',(14.3354641991279,28.1797882969886,-16.8371100380886));
#10012=CARTESIAN_POINT('Ctrl Pts',(17.2381989904712,26.5054164685299,-16.8380873010591));
#10013=CARTESIAN_POINT('Ctrl Pts',(19.9235617164467,24.0349076667183,-16.5525641694593));
#10014=CARTESIAN_POINT('Ctrl Pts',(22.4647210379376,20.4273161266132,-15.7653754921552));
#10015=CARTESIAN_POINT('Ctrl Pts',(23.8691225910162,17.1541479911676,-14.7370758253289));
#10016=CARTESIAN_POINT('Ctrl Pts',(24.4267313084338,15.3215807444024,-14.0752927283928));
#10017=CARTESIAN_POINT('Ctrl Pts',(2.28008837911527,33.3491720136594,-9.58178350805605));
#10018=CARTESIAN_POINT('Ctrl Pts',(4.28451621256403,34.185992400226,-10.0491168350707));
#10019=CARTESIAN_POINT('Ctrl Pts',(8.17390362387833,35.374333951238,-10.7969121057905));
#10020=CARTESIAN_POINT('Ctrl Pts',(13.3484276888594,35.7697763610941,-11.4141908662981));
#10021=CARTESIAN_POINT('Ctrl Pts',(17.7299153148025,34.8943588968621,-11.6659546369593));
#10022=CARTESIAN_POINT('Ctrl Pts',(21.3555006899713,32.8020694937963,-11.6673640108576));
#10023=CARTESIAN_POINT('Ctrl Pts',(24.3026591255974,29.4451900228122,-11.4138641214197));
#10024=CARTESIAN_POINT('Ctrl Pts',(26.5482526219154,24.7659521987326,-10.7969554661408));
#10025=CARTESIAN_POINT('Ctrl Pts',(27.4636797658954,20.8034960831197,-10.0491168350707));
#10026=CARTESIAN_POINT('Ctrl Pts',(27.7411859694485,18.6492004660172,-9.58178350805604));
#10027=CARTESIAN_POINT('Ctrl Pts',(2.68096142986897,36.4776551373821,-7.40910975907767));
#10028=CARTESIAN_POINT('Ctrl Pts',(4.76279370090022,37.6026311212445,-7.86250075861618));
#10029=CARTESIAN_POINT('Ctrl Pts',(8.88789729241483,39.3287862213404,-8.66288526545893));
#10030=CARTESIAN_POINT('Ctrl Pts',(14.695522272398,40.2362465200497,-9.49302454885417));
#10031=CARTESIAN_POINT('Ctrl Pts',(19.8747739974637,39.4230026008375,-9.91720350065291));
#10032=CARTESIAN_POINT('Ctrl Pts',(24.2036753344379,36.9231593315911,-9.91709615679354));
#10033=CARTESIAN_POINT('Ctrl Pts',(27.4979875376584,32.8450217082563,-9.49307948667172));
#10034=CARTESIAN_POINT('Ctrl Pts',(29.6157637420579,27.3614997179382,-8.66287606309284));
#10035=CARTESIAN_POINT('Ctrl Pts',(30.183436949683,22.9260158985864,-7.86250075861618));
#10036=CARTESIAN_POINT('Ctrl Pts',(30.2500953045263,20.5606082735238,-7.40910975907767));
#10037=CARTESIAN_POINT('Origin',(0.,0.,0.));
#10038=CARTESIAN_POINT('Origin',(0.,0.,0.));
#10039=CARTESIAN_POINT('Ctrl Pts',(-17.9623945823974,-15.9170468638582,
-28.5779947850139));
#10040=CARTESIAN_POINT('Ctrl Pts',(-19.0615803548636,-14.6766152226582,
-30.3267886403767));
#10041=CARTESIAN_POINT('Ctrl Pts',(-21.0019807747213,-11.9672565795167,
-33.4139468043486));
#10042=CARTESIAN_POINT('Ctrl Pts',(-23.0146990572032,-7.39144425370297,
-36.616161983211));
#10043=CARTESIAN_POINT('Ctrl Pts',(-24.0426540031877,-2.49942586479126,
-38.2516282875958));
#10044=CARTESIAN_POINT('Ctrl Pts',(-24.042932162052,2.49944392266425,-38.252070835639));
#10045=CARTESIAN_POINT('Ctrl Pts',(-23.0144264616267,7.39137222254672,-36.6157282863046));
#10046=CARTESIAN_POINT('Ctrl Pts',(-21.0021607396357,11.9673109980684,-33.4142331267741));
#10047=CARTESIAN_POINT('Ctrl Pts',(-19.0615803548636,14.6766152226582,-30.3267886403767));
#10048=CARTESIAN_POINT('Ctrl Pts',(-17.9623945823974,15.9170468638583,-28.5779947850139));
#10049=CARTESIAN_POINT('Ctrl Pts',(-18.6813872443981,-15.1056633197142,
-26.2662656347532));
#10050=CARTESIAN_POINT('Ctrl Pts',(-19.725634622737,-13.8140603581664,-27.8308017686047));
#10051=CARTESIAN_POINT('Ctrl Pts',(-21.5026554286679,-11.0617637592912,
-30.5628149680317));
#10052=CARTESIAN_POINT('Ctrl Pts',(-23.2135092183201,-6.68064443140856,
-33.334556734583));
#10053=CARTESIAN_POINT('Ctrl Pts',(-24.0341761817582,-2.22889395666612,
-34.7244550190824));
#10054=CARTESIAN_POINT('Ctrl Pts',(-24.033615446956,2.22858653918373,-34.724443827436));
#10055=CARTESIAN_POINT('Ctrl Pts',(-23.2136021914807,6.6813743700516,-33.334326488767));
#10056=CARTESIAN_POINT('Ctrl Pts',(-21.5027921470507,11.061280554676,-30.5630710218569));
#10057=CARTESIAN_POINT('Ctrl Pts',(-19.725634622737,13.8140603581664,-27.8308017686047));
#10058=CARTESIAN_POINT('Ctrl Pts',(-18.6813872443981,15.1056633197142,-26.2662656347532));
#10059=CARTESIAN_POINT('Ctrl Pts',(-20.6105790198233,-13.9189678261812,
-21.6440808907033));
#10060=CARTESIAN_POINT('Ctrl Pts',(-21.6402365327416,-12.548940159641,-22.8405478630177));
#10061=CARTESIAN_POINT('Ctrl Pts',(-23.298256427655,-9.72488413599432,-24.863359240899));
#10062=CARTESIAN_POINT('Ctrl Pts',(-24.6962633929061,-5.62226651754251,
-26.7763544976592));
#10063=CARTESIAN_POINT('Ctrl Pts',(-25.278134916956,-1.82404592515759,-27.6766766946643));
#10064=CARTESIAN_POINT('Ctrl Pts',(-25.2766689781924,1.82326849420221,-27.675785364057));
#10065=CARTESIAN_POINT('Ctrl Pts',(-24.6966517922525,5.62411931518296,-26.7765150787048));
#10066=CARTESIAN_POINT('Ctrl Pts',(-23.2983289284702,9.72369084632905,-24.8635522340341));
#10067=CARTESIAN_POINT('Ctrl Pts',(-21.6402365327416,12.548940159641,-22.8405478630177));
#10068=CARTESIAN_POINT('Ctrl Pts',(-20.6105790198233,13.9189678261813,-21.6440808907032));
#10069=CARTESIAN_POINT('Ctrl Pts',(-25.4822665984321,-13.4934222741838,
-14.0753288028529));
#10070=CARTESIAN_POINT('Ctrl Pts',(-26.7905120295652,-12.0942353361459,
-14.737111899789));
#10071=CARTESIAN_POINT('Ctrl Pts',(-28.9229851924987,-9.24135333025787,
-15.7654497337289));
#10072=CARTESIAN_POINT('Ctrl Pts',(-30.7766854390696,-5.23688356949477,
-16.5526554475506));
#10073=CARTESIAN_POINT('Ctrl Pts',(-31.5734643038361,-1.67583065058978,
-16.8381295348009));
#10074=CARTESIAN_POINT('Ctrl Pts',(-31.572258254959,1.67503341221663,-16.8372547258475));
#10075=CARTESIAN_POINT('Ctrl Pts',(-30.7768283999861,5.23878190088969,-16.5527850116536));
#10076=CARTESIAN_POINT('Ctrl Pts',(-28.9230466253462,9.2402057870492,-15.7653999356038));
#10077=CARTESIAN_POINT('Ctrl Pts',(-26.7905120295652,12.0942353361459,-14.737111899789));
#10078=CARTESIAN_POINT('Ctrl Pts',(-25.4822665984321,13.4934222741838,-14.0753288028529));
#10079=CARTESIAN_POINT('Ctrl Pts',(-30.0212743485638,-14.6999715476422,
-9.58178350805605));
#10080=CARTESIAN_POINT('Ctrl Pts',(-31.7481959784595,-13.3824963171062,
-10.0491168350707));
#10081=CARTESIAN_POINT('Ctrl Pts',(-34.7221080192403,-10.6085558334684,
-10.7970238628423));
#10082=CARTESIAN_POINT('Ctrl Pts',(-37.6516677114117,-6.32419155323691,
-11.4139562751204));
#10083=CARTESIAN_POINT('Ctrl Pts',(-39.0852920789779,-2.09330815346872,
-11.6676048312428));
#10084=CARTESIAN_POINT('Ctrl Pts',(-39.0844227065452,2.09267868326285,-11.6660482689338));
#10085=CARTESIAN_POINT('Ctrl Pts',(-37.6518074474455,6.32569163252106,-11.4146520384677));
#10086=CARTESIAN_POINT('Ctrl Pts',(-34.7224333817741,10.607504319963,-10.7971770578218));
#10087=CARTESIAN_POINT('Ctrl Pts',(-31.7481959784595,13.3824963171063,-10.0491168350707));
#10088=CARTESIAN_POINT('Ctrl Pts',(-30.0212743485637,14.6999715476422,-9.58178350805604));
#10089=CARTESIAN_POINT('Ctrl Pts',(-32.9310567343953,-15.9170468638582,
-7.40910975907767));
#10090=CARTESIAN_POINT('Ctrl Pts',(-34.9462306505832,-14.6766152226582,
-7.86250075861618));
#10091=CARTESIAN_POINT('Ctrl Pts',(-38.5036314203223,-11.9672565795167,
-8.6628750974237));
#10092=CARTESIAN_POINT('Ctrl Pts',(-42.1936149382058,-7.39144425370297,
-9.49307903268434));
#10093=CARTESIAN_POINT('Ctrl Pts',(-44.0781990058442,-2.49942586479126,
-9.91708881530263));
#10094=CARTESIAN_POINT('Ctrl Pts',(-44.078708963762,2.49944392266425,-9.91720354998048));
#10095=CARTESIAN_POINT('Ctrl Pts',(-42.193115179649,7.39137222254673,-9.49296659274564));
#10096=CARTESIAN_POINT('Ctrl Pts',(-38.5039613559988,11.9673109980684,-8.66294932916366));
#10097=CARTESIAN_POINT('Ctrl Pts',(-34.9462306505832,14.6766152226582,-7.86250075861617));
#10098=CARTESIAN_POINT('Ctrl Pts',(-32.9310567343953,15.9170468638583,-7.40910975907766));
#10099=CARTESIAN_POINT('',(-24.,2.93915231795365E-15,-38.1837661840736));
#10100=CARTESIAN_POINT('Origin',(0.,0.,0.));
#10101=CARTESIAN_POINT('Origin',(0.,0.,0.));
#10102=CARTESIAN_POINT('Origin',(0.,0.,0.));
#10103=CARTESIAN_POINT('Ctrl Pts',(-19.3550037974204,7.59736658922702,30.9897666148524));
#10104=CARTESIAN_POINT('Ctrl Pts',(-21.1786665983543,9.16950521226116,31.0780508483887));
#10105=CARTESIAN_POINT('Ctrl Pts',(-24.5482156210845,12.204749797515,30.8098571529286));
#10106=CARTESIAN_POINT('Ctrl Pts',(-28.5521905507475,16.2353890007715,29.0893695631682));
#10107=CARTESIAN_POINT('Ctrl Pts',(-31.3357170201038,19.5720694831919,26.1254241432986));
#10108=CARTESIAN_POINT('Ctrl Pts',(-32.7783890745946,22.0712588553627,22.0435819448628));
#10109=CARTESIAN_POINT('Ctrl Pts',(-32.8199945788475,23.627038415046,17.0195328358572));
#10110=CARTESIAN_POINT('Ctrl Pts',(-31.4572859668193,24.1718735027232,11.2671860400923));
#10111=CARTESIAN_POINT('Ctrl Pts',(-29.6522143479486,23.8461204349193,7.11123855060425));
#10112=CARTESIAN_POINT('Ctrl Pts',(-28.5447150889728,23.5144134530853,4.99733792923917));
#10113=CARTESIAN_POINT('Ctrl Pts',(-17.2898787963461,8.62572427172619,29.8956347331003));
#10114=CARTESIAN_POINT('Ctrl Pts',(-18.9637500382679,10.1758705099769,29.8548203106706));
#10115=CARTESIAN_POINT('Ctrl Pts',(-22.038222436273,13.0913092300063,29.3556421290143));
#10116=CARTESIAN_POINT('Ctrl Pts',(-25.6302053511528,16.7628388689443,27.5096870787243));
#10117=CARTESIAN_POINT('Ctrl Pts',(-28.0895547584921,19.6993586001224,24.7239301171596));
#10118=CARTESIAN_POINT('Ctrl Pts',(-29.376220391025,21.928566759305,21.0847118148509));
#10119=CARTESIAN_POINT('Ctrl Pts',(-29.4877102763681,23.4437415261863,16.5997476586289));
#10120=CARTESIAN_POINT('Ctrl Pts',(-28.4243497880993,24.1526705031504,11.2921749529082));
#10121=CARTESIAN_POINT('Ctrl Pts',(-26.939301504657,23.9899308681433,7.29655420832651));
#10122=CARTESIAN_POINT('Ctrl Pts',(-26.011137580271,23.7313875914404,5.22818982671624));
#10123=CARTESIAN_POINT('Ctrl Pts',(-12.953078918271,10.889801189914,28.2954046262763));
#10124=CARTESIAN_POINT('Ctrl Pts',(-14.3050021332741,12.4665245865689,28.0609892513307));
#10125=CARTESIAN_POINT('Ctrl Pts',(-16.7515112317442,15.3150849699989,27.2100582475292));
#10126=CARTESIAN_POINT('Ctrl Pts',(-19.5054155317615,18.5758161916673,25.159603428248));
#10127=CARTESIAN_POINT('Ctrl Pts',(-21.3537680530874,20.9785256739182,22.6293777258302));
#10128=CARTESIAN_POINT('Ctrl Pts',(-22.4072365518193,22.8034515240619,19.6524040787077));
#10129=CARTESIAN_POINT('Ctrl Pts',(-22.7518654910339,24.1986391245101,15.9768271857708));
#10130=CARTESIAN_POINT('Ctrl Pts',(-22.3656274574427,25.0392507296463,11.3303716390721));
#10131=CARTESIAN_POINT('Ctrl Pts',(-21.5501366390503,25.0154656582437,7.56865429275887));
#10132=CARTESIAN_POINT('Ctrl Pts',(-20.9891992661215,24.808769928129,5.56582385669138));
#10133=CARTESIAN_POINT('Ctrl Pts',(-5.12808809497472,15.3215790139752,27.7215675630826));
#10134=CARTESIAN_POINT('Ctrl Pts',(-5.93789275480472,17.1541462607404,27.4164433882817));
#10135=CARTESIAN_POINT('Ctrl Pts',(-7.37584604182578,20.427967734342,26.434227674502));
#10136=CARTESIAN_POINT('Ctrl Pts',(-8.96436188091672,24.03408786527,24.3034982321097));
#10137=CARTESIAN_POINT('Ctrl Pts',(-10.1288060916732,26.5048823166478,21.8634544349491));
#10138=CARTESIAN_POINT('Ctrl Pts',(-11.0968014686965,28.18144006605,19.1283384862994));
#10139=CARTESIAN_POINT('Ctrl Pts',(-11.9883689450044,29.2718735195647,15.7499601436085));
#10140=CARTESIAN_POINT('Ctrl Pts',(-12.711097811501,29.6687439862892,11.3440037941886));
#10141=CARTESIAN_POINT('Ctrl Pts',(-12.9205038389063,29.248383427898,7.66663679645537));
#10142=CARTESIAN_POINT('Ctrl Pts',(-12.9185201343991,28.8150031191707,5.68689826928302));
#10143=CARTESIAN_POINT('Ctrl Pts',(0.213269863939026,18.6492004660172,29.3485687922242));
#10144=CARTESIAN_POINT('Ctrl Pts',(-0.319838290054068,20.8034960831197,
29.2427112100908));
#10145=CARTESIAN_POINT('Ctrl Pts',(-1.33040664351002,24.7667593554051,28.6281374435718));
#10146=CARTESIAN_POINT('Ctrl Pts',(-2.66029618115212,29.4445147617884,26.7187148971477));
#10147=CARTESIAN_POINT('Ctrl Pts',(-3.88038619226622,32.8015987639117,24.0216232485665));
#10148=CARTESIAN_POINT('Ctrl Pts',(-5.09001890516599,34.8952419152273,20.6048281302998));
#10149=CARTESIAN_POINT('Ctrl Pts',(-6.31128668776387,35.7691914270127,16.3901102083584));
#10150=CARTESIAN_POINT('Ctrl Pts',(-7.45477224339692,35.3743334854664,11.305391695682));
#10151=CARTESIAN_POINT('Ctrl Pts',(-8.04622614116453,34.185992400226,7.38918623570058));
#10152=CARTESIAN_POINT('Ctrl Pts',(-8.27376266617203,33.3491720136594,5.34361577545478));
#10153=CARTESIAN_POINT('Ctrl Pts',(3.09798943057645,20.5606082735238,30.9897666148524));
#10154=CARTESIAN_POINT('Ctrl Pts',(2.64830884522518,22.9260158985864,31.0780508483887));
#10155=CARTESIAN_POINT('Ctrl Pts',(1.70448443906131,27.3617532441947,30.8098571529286));
#10156=CARTESIAN_POINT('Ctrl Pts',(0.215835960383171,32.8446168510271,29.0893695631682));
#10157=CARTESIAN_POINT('Ctrl Pts',(-1.28205086702645,36.9235617268062,26.1254241432986));
#10158=CARTESIAN_POINT('Ctrl Pts',(-2.72507632494902,39.4225470614106,22.0435819448628));
#10159=CARTESIAN_POINT('Ctrl Pts',(-4.05161819419686,40.2364682648725,17.0195328358572));
#10160=CARTESIAN_POINT('Ctrl Pts',(-5.20481352701253,39.3287455327389,11.2671860400923));
#10161=CARTESIAN_POINT('Ctrl Pts',(-5.82523890436907,37.6026311212445,7.11123855060424));
#10162=CARTESIAN_POINT('Ctrl Pts',(-6.09172186097599,36.4776551373821,4.99733792923916));
#10163=CARTESIAN_POINT('Origin',(0.,0.,0.));
#10164=CARTESIAN_POINT('Origin',(0.,0.,0.));
#10165=CARTESIAN_POINT('Ctrl Pts',(34.6364369499488,-12.9632416842968,4.99733792923914));
#10166=CARTESIAN_POINT('Ctrl Pts',(35.4774532523176,-13.7565106863252,7.11123855060423));
#10167=CARTESIAN_POINT('Ctrl Pts',(36.6621326753275,-15.1568909572357,11.2672179298245));
#10168=CARTESIAN_POINT('Ctrl Pts',(36.8714145408234,-16.6093339579995,17.0194138722731));
#10169=CARTESIAN_POINT('Ctrl Pts',(35.5038767985283,-17.3514929729709,22.0438528154511));
#10170=CARTESIAN_POINT('Ctrl Pts',(32.6174123917219,-17.3513038535539,26.1251424085411));
#10171=CARTESIAN_POINT('Ctrl Pts',(28.3367075929806,-16.6094300513698,29.0897123343247));
#10172=CARTESIAN_POINT('Ctrl Pts',(22.843511928176,-15.1568754027049,30.8096340326082));
#10173=CARTESIAN_POINT('Ctrl Pts',(18.5303577531292,-13.7565106863252,31.0780508483886));
#10174=CARTESIAN_POINT('Ctrl Pts',(16.2570143668439,-12.9632416842968,30.9897666148524));
#10175=CARTESIAN_POINT('Ctrl Pts',(33.5575533113777,-10.6606121301266,5.22818982671622));
#10176=CARTESIAN_POINT('Ctrl Pts',(34.245540319173,-11.3351540291697,7.29655420832649));
#10177=CARTESIAN_POINT('Ctrl Pts',(35.1289828147314,-12.5399032366241,11.292126807816));
#10178=CARTESIAN_POINT('Ctrl Pts',(35.0469943942686,-13.8150981625936,16.5995589116601));
#10179=CARTESIAN_POINT('Ctrl Pts',(33.678278689075,-14.4765851856576,21.0847226889501));
#10180=CARTESIAN_POINT('Ctrl Pts',(31.1051256476213,-14.4762831624834,24.7245287267585));
#10181=CARTESIAN_POINT('Ctrl Pts',(27.3326435467485,-13.8152332726041,27.5091492871262));
#10182=CARTESIAN_POINT('Ctrl Pts',(22.356030904092,-12.5398757658954,29.3559101871035));
#10183=CARTESIAN_POINT('Ctrl Pts',(18.2944373863949,-11.3351540291697,29.8548203106706));
#10184=CARTESIAN_POINT('Ctrl Pts',(16.115035743528,-10.6606121301266,29.8956347331003));
#10185=CARTESIAN_POINT('Ctrl Pts',(31.9796243663899,-5.77279478259732,5.56582391255414));
#10186=CARTESIAN_POINT('Ctrl Pts',(32.4390968059873,-6.15523293242848,7.56865434862163));
#10187=CARTESIAN_POINT('Ctrl Pts',(32.8673422726285,-6.84961930985022,11.3301447304295));
#10188=CARTESIAN_POINT('Ctrl Pts',(32.3334678257623,-7.60428046560759,15.9765758369452));
#10189=CARTESIAN_POINT('Ctrl Pts',(30.9501479945508,-8.00366984308323,19.6520820841866));
#10190=CARTESIAN_POINT('Ctrl Pts',(28.8457400628019,-8.00352462373769,22.6311883408065));
#10191=CARTESIAN_POINT('Ctrl Pts',(25.8406256484558,-7.60438632496463,25.1578689016525));
#10192=CARTESIAN_POINT('Ctrl Pts',(21.63818037711,-6.8495804133095,27.210983070183));
#10193=CARTESIAN_POINT('Ctrl Pts',(17.9488280211523,-6.15523293242848,28.0609889865668));
#10194=CARTESIAN_POINT('Ctrl Pts',(15.9073838974063,-5.77279478259733,28.2954043615124));
#10195=CARTESIAN_POINT('Ctrl Pts',(31.4137842544876,3.21973509309841,5.68689838141372));
#10196=CARTESIAN_POINT('Ctrl Pts',(31.790094463599,3.43470730896518,7.66663690858607));
#10197=CARTESIAN_POINT('Ctrl Pts',(32.0493148524815,3.82626944164435,11.3435903045019));
#10198=CARTESIAN_POINT('Ctrl Pts',(31.3452705393152,4.25365799733841,15.7498322261535));
#10199=CARTESIAN_POINT('Ctrl Pts',(29.9524168734534,4.48066439118313,19.128079638073));
#10200=CARTESIAN_POINT('Ctrl Pts',(28.0190408688088,4.4806191352149,21.8651880675746));
#10201=CARTESIAN_POINT('Ctrl Pts',(25.2972981752036,4.25371729017933,24.3017586355652));
#10202=CARTESIAN_POINT('Ctrl Pts',(21.3783696840435,3.82624239740214,26.4351876050582));
#10203=CARTESIAN_POINT('Ctrl Pts',(17.8248727504747,3.43470730896518,27.4164428568337));
#10204=CARTESIAN_POINT('Ctrl Pts',(15.8329206307178,3.2197350930984,27.7215670316346));
#10205=CARTESIAN_POINT('Ctrl Pts',(33.0181114920921,9.50929735304147,5.34361577545476));
#10206=CARTESIAN_POINT('Ctrl Pts',(33.6290509427597,10.1247599572701,7.38918623570056));
#10207=CARTESIAN_POINT('Ctrl Pts',(34.3624026792233,11.2311458250415,11.3054134967335));
#10208=CARTESIAN_POINT('Ctrl Pts',(34.1333979561785,12.418638182661,16.3897425096975));
#10209=CARTESIAN_POINT('Ctrl Pts',(32.7636801081413,13.0402078226673,20.604530520009));
#10210=CARTESIAN_POINT('Ctrl Pts',(30.3481308121431,13.0395311809785,24.0231870483104));
#10211=CARTESIAN_POINT('Ctrl Pts',(26.8303455402673,12.4188229295716,26.7173104449962));
#10212=CARTESIAN_POINT('Ctrl Pts',(22.1129646634983,11.2311372611446,28.6288481383717));
#10213=CARTESIAN_POINT('Ctrl Pts',(18.1762752405388,10.1247599572701,29.2427112100908));
#10214=CARTESIAN_POINT('Ctrl Pts',(16.04404643187,9.50929735304146,29.3485687922242));
#10215=CARTESIAN_POINT('Ctrl Pts',(34.6364369499488,12.9632416842968,4.99733792923914));
#10216=CARTESIAN_POINT('Ctrl Pts',(35.4774532523177,13.7565106863252,7.11123855060422));
#10217=CARTESIAN_POINT('Ctrl Pts',(36.6621326753275,15.1568909572357,11.2672179298245));
#10218=CARTESIAN_POINT('Ctrl Pts',(36.8714145408234,16.6093339579995,17.0194138722731));
#10219=CARTESIAN_POINT('Ctrl Pts',(35.5038767985283,17.3514929729709,22.0438528154511));
#10220=CARTESIAN_POINT('Ctrl Pts',(32.6174123917219,17.3513038535539,26.1251424085411));
#10221=CARTESIAN_POINT('Ctrl Pts',(28.3367075929806,16.6094300513698,29.0897123343247));
#10222=CARTESIAN_POINT('Ctrl Pts',(22.843511928176,15.1568754027049,30.8096340326082));
#10223=CARTESIAN_POINT('Ctrl Pts',(18.5303577531292,13.7565106863252,31.0780508483887));
#10224=CARTESIAN_POINT('Ctrl Pts',(16.2570143668439,12.9632416842968,30.9897666148524));
#10225=CARTESIAN_POINT('Origin',(0.,0.,0.));
#10226=CARTESIAN_POINT('Origin',(0.,0.,0.));
#10227=CARTESIAN_POINT('Ctrl Pts',(-28.5447150889728,-23.5144134530853,
4.99733792923915));
#10228=CARTESIAN_POINT('Ctrl Pts',(-29.6522143479486,-23.8461204349193,
7.11123855060423));
#10229=CARTESIAN_POINT('Ctrl Pts',(-31.4575445072266,-24.1720584745163,
11.2673239175721));
#10230=CARTESIAN_POINT('Ctrl Pts',(-32.8195993396646,-23.6267578398419,
17.0193147922149));
#10231=CARTESIAN_POINT('Ctrl Pts',(-32.7787707731279,-22.0715119014825,
22.0438517657786));
#10232=CARTESIAN_POINT('Ctrl Pts',(-31.335344791316,-19.5718328391522,26.1251275378981));
#10233=CARTESIAN_POINT('Ctrl Pts',(-28.5525417084072,-16.2355932245377,
29.0897122881866));
#10234=CARTESIAN_POINT('Ctrl Pts',(-24.5479885714352,-12.2046193693144,
30.8096302061351));
#10235=CARTESIAN_POINT('Ctrl Pts',(-21.1786665983543,-9.16950521226118,
31.0780508483887));
#10236=CARTESIAN_POINT('Ctrl Pts',(-19.3550037974204,-7.59736658922704,
30.9897666148524));
#10237=CARTESIAN_POINT('Ctrl Pts',(-26.011137580271,-23.7313875914404,5.22818982671622));
#10238=CARTESIAN_POINT('Ctrl Pts',(-26.939301504657,-23.9899308681433,7.29655420832649));
#10239=CARTESIAN_POINT('Ctrl Pts',(-28.4244323199075,-24.1525492162597,
11.2927128698205));
#10240=CARTESIAN_POINT('Ctrl Pts',(-29.4876805470676,-23.4441818972054,
16.5990996015632));
#10241=CARTESIAN_POINT('Ctrl Pts',(-29.3762197323722,-21.927927707202,21.0846920045763));
#10242=CARTESIAN_POINT('Ctrl Pts',(-28.0893801675706,-19.6996941110586,
24.7244456080839));
#10243=CARTESIAN_POINT('Ctrl Pts',(-25.6306627467636,-16.7631392377033,
27.5091255127976));
#10244=CARTESIAN_POINT('Ctrl Pts',(-22.0378650707925,-13.0909544910129,
29.3558815591158));
#10245=CARTESIAN_POINT('Ctrl Pts',(-18.9637500382679,-10.1758705099769,
29.8548203106706));
#10246=CARTESIAN_POINT('Ctrl Pts',(-17.2898787963462,-8.62572427172621,
29.8956347331003));
#10247=CARTESIAN_POINT('Ctrl Pts',(-20.9891988940305,-24.808769396883,5.56582399494315));
#10248=CARTESIAN_POINT('Ctrl Pts',(-21.5501362669593,-25.0154651269976,
7.56865443101064));
#10249=CARTESIAN_POINT('Ctrl Pts',(-22.3654522157716,-25.0387162725177,
11.3314329439195));
#10250=CARTESIAN_POINT('Ctrl Pts',(-22.7524866000826,-24.199908625219,15.9754965350903));
#10251=CARTESIAN_POINT('Ctrl Pts',(-22.4064180437425,-22.801769356726,19.6520305249866));
#10252=CARTESIAN_POINT('Ctrl Pts',(-21.3541389038931,-20.9794333578327,
22.6310102119985));
#10253=CARTESIAN_POINT('Ctrl Pts',(-19.5058904729754,-18.57644581173,25.1578282022929));
#10254=CARTESIAN_POINT('Ctrl Pts',(-16.7510018048788,-15.3144341130696,
27.2109288525396));
#10255=CARTESIAN_POINT('Ctrl Pts',(-14.3050020417284,-12.4665245412415,
28.0609885960808));
#10256=CARTESIAN_POINT('Ctrl Pts',(-12.9530788267253,-10.8898011445865,
28.2954039710264));
#10257=CARTESIAN_POINT('Ctrl Pts',(-12.9185191660608,-28.8150021805752,
5.68689854680946));
#10258=CARTESIAN_POINT('Ctrl Pts',(-12.920502870568,-29.2483824893025,7.66663707398181));
#10259=CARTESIAN_POINT('Ctrl Pts',(-12.7107044339439,-29.6682153820061,
11.3449631896389));
#10260=CARTESIAN_POINT('Ctrl Pts',(-11.9890344306662,-29.2729767730352,
15.7484242805643));
#10261=CARTESIAN_POINT('Ctrl Pts',(-11.0958999019114,-28.1799406207883,
19.1280909140381));
#10262=CARTESIAN_POINT('Ctrl Pts',(-10.1292360561053,-26.5055706149393,
21.8650165056726));
#10263=CARTESIAN_POINT('Ctrl Pts',(-8.96484599084233,-24.0349803344676,
24.3017670456535));
#10264=CARTESIAN_POINT('Ctrl Pts',(-7.37556614313522,-20.4273338595069,
26.4351601749311));
#10265=CARTESIAN_POINT('Ctrl Pts',(-5.93789234963253,-17.1541462975773,
27.4164420729339));
#10266=CARTESIAN_POINT('Ctrl Pts',(-5.12808768980253,-15.3215790508122,
27.7215662477348));
#10267=CARTESIAN_POINT('Ctrl Pts',(-8.27376266617205,-33.3491720136595,
5.34361577545476));
#10268=CARTESIAN_POINT('Ctrl Pts',(-8.04622614116455,-34.185992400226,7.38918623570056));
#10269=CARTESIAN_POINT('Ctrl Pts',(-7.45455802525286,-35.3741007018268,
11.3064215593985));
#10270=CARTESIAN_POINT('Ctrl Pts',(-6.31233721459736,-35.7700353830419,
16.3891829774652));
#10271=CARTESIAN_POINT('Ctrl Pts',(-5.08855101823781,-34.8942016264121,
20.6044170836243));
#10272=CARTESIAN_POINT('Ctrl Pts',(-3.88150289512042,-32.8020307840679,
24.0230275938028));
#10273=CARTESIAN_POINT('Ctrl Pts',(-2.66010147207945,-29.4451531256029,
26.7172215098726));
#10274=CARTESIAN_POINT('Ctrl Pts',(-1.33003247736987,-24.7659730275699,
28.6287717819246));
#10275=CARTESIAN_POINT('Ctrl Pts',(-0.31983829005409,-20.8034960831198,
29.2427112100908));
#10276=CARTESIAN_POINT('Ctrl Pts',(0.213269863939007,-18.6492004660173,
29.3485687922242));
#10277=CARTESIAN_POINT('Ctrl Pts',(-6.09172186097601,-36.4776551373821,
4.99733792923914));
#10278=CARTESIAN_POINT('Ctrl Pts',(-5.82523890436909,-37.6026311212446,
7.11123855060422));
#10279=CARTESIAN_POINT('Ctrl Pts',(-5.20484444708074,-39.329061921196,11.2673239175721));
#10280=CARTESIAN_POINT('Ctrl Pts',(-4.05157282853392,-40.2359856900975,
17.0193147922149));
#10281=CARTESIAN_POINT('Ctrl Pts',(-2.72510462005052,-39.4230041450968,
22.0438517657786));
#10282=CARTESIAN_POINT('Ctrl Pts',(-1.28203204167039,-36.9231210452001,
26.1251275378981));
#10283=CARTESIAN_POINT('Ctrl Pts',(0.215834676243444,-32.8450230743642,
29.0897122881866));
#10284=CARTESIAN_POINT('Ctrl Pts',(1.70448386837164,-27.3614913993301,30.8096302061351));
#10285=CARTESIAN_POINT('Ctrl Pts',(2.64830884522516,-22.9260158985864,31.0780508483887));
#10286=CARTESIAN_POINT('Ctrl Pts',(3.09798943057643,-20.5606082735239,30.9897666148524));
#10287=CARTESIAN_POINT('Origin',(0.,0.,0.));
#10288=CARTESIAN_POINT('Origin',(0.,0.,0.));
#10289=CARTESIAN_POINT('Origin',(0.,0.,0.));
#10290=CARTESIAN_POINT('',(14.8561808316413,-25.7316600068335,35.9607503313029));
#10291=CARTESIAN_POINT('Origin',(18.8561808316413,-32.6598632371091,13.3333333333333));
#10292=CARTESIAN_POINT('',(-4.,6.92820323027551,22.6274169979695));
#10293=CARTESIAN_POINT('Origin',(0.,0.,0.));
#10294=CARTESIAN_POINT('',(14.8561808316413,25.7316600068335,35.9607503313029));
#10295=CARTESIAN_POINT('Origin',(18.8561808316413,32.659863237109,13.3333333333333));
#10296=CARTESIAN_POINT('',(-4.,-6.92820323027551,22.6274169979695));
#10297=CARTESIAN_POINT('Origin',(0.,0.,0.));
#10298=CARTESIAN_POINT('',(-24.,-2.93915231795365E-15,-40.));
#10299=CARTESIAN_POINT('Origin',(0.,0.,-40.));
#10300=CARTESIAN_POINT('',(-24.,2.93915231795365E-15,0.));
#10301=CARTESIAN_POINT('Origin',(0.,0.,0.));
#10302=CARTESIAN_POINT('',(-29.7123616632825,-2.93915231795365E-15,35.9607503313029));
#10303=CARTESIAN_POINT('Origin',(-37.7123616632825,0.,13.3333333333333));
#10304=CARTESIAN_POINT('',(8.,2.93915231795365E-15,22.6274169979695));
#10305=CARTESIAN_POINT('Origin',(18.8561808316413,32.659863237109,13.3333333333333));
#10306=CARTESIAN_POINT('Origin',(18.8561808316413,-32.6598632371091,13.3333333333333));
#10307=CARTESIAN_POINT('Origin',(-37.7123616632825,0.,13.3333333333333));
#10308=CARTESIAN_POINT('Origin',(0.,0.,-40.));
#10309=UNCERTAINTY_MEASURE_WITH_UNIT(LENGTH_MEASURE(0.01),#10313,
'DISTANCE_ACCURACY_VALUE',
'Maximum model space distance between geometric entities at asserted c
onnectivities');
#10310=UNCERTAINTY_MEASURE_WITH_UNIT(LENGTH_MEASURE(0.01),#10313,
'DISTANCE_ACCURACY_VALUE',
'Maximum model space distance between geometric entities at asserted c
onnectivities');
#10311=(
GEOMETRIC_REPRESENTATION_CONTEXT(3)
GLOBAL_UNCERTAINTY_ASSIGNED_CONTEXT((#10309))
GLOBAL_UNIT_ASSIGNED_CONTEXT((#10313,#10315,#10316))
REPRESENTATION_CONTEXT('','3D')
);
#10312=(
GEOMETRIC_REPRESENTATION_CONTEXT(3)
GLOBAL_UNCERTAINTY_ASSIGNED_CONTEXT((#10310))
GLOBAL_UNIT_ASSIGNED_CONTEXT((#10313,#10315,#10316))
REPRESENTATION_CONTEXT('','3D')
);
#10313=(
LENGTH_UNIT()
NAMED_UNIT(*)
SI_UNIT(.MILLI.,.METRE.)
);
#10314=(
LENGTH_UNIT()
NAMED_UNIT(*)
SI_UNIT($,.METRE.)
);
#10315=(
NAMED_UNIT(*)
PLANE_ANGLE_UNIT()
SI_UNIT($,.RADIAN.)
);
#10316=(
NAMED_UNIT(*)
SI_UNIT($,.STERADIAN.)
SOLID_ANGLE_UNIT()
);
#10317=SHAPE_DEFINITION_REPRESENTATION(#10318,#10319);
#10318=PRODUCT_DEFINITION_SHAPE('',$,#10321);
#10319=SHAPE_REPRESENTATION('',(#1220),#10311);
#10320=PRODUCT_DEFINITION_CONTEXT('part definition',#10325,'design');
#10321=PRODUCT_DEFINITION('alkane-lamp-node-v5',
'alkane-lamp-node-v5 v5',#10322,#10320);
#10322=PRODUCT_DEFINITION_FORMATION('',$,#10327);
#10323=PRODUCT_RELATED_PRODUCT_CATEGORY('alkane-lamp-node-v5 v5',
'alkane-lamp-node-v5 v5',(#10327));
#10324=APPLICATION_PROTOCOL_DEFINITION('international standard',
'automotive_design',2009,#10325);
#10325=APPLICATION_CONTEXT(
'Core Data for Automotive Mechanical Design Process');
#10326=PRODUCT_CONTEXT('part definition',#10325,'mechanical');
#10327=PRODUCT('alkane-lamp-node-v5','alkane-lamp-node-v5 v5',$,(#10326));
#10328=PRESENTATION_STYLE_ASSIGNMENT((#10329));
#10329=SURFACE_STYLE_USAGE(.BOTH.,#10330);
#10330=SURFACE_SIDE_STYLE('',(#10331));
#10331=SURFACE_STYLE_FILL_AREA(#10332);
#10332=FILL_AREA_STYLE('Stahl - satiniert',(#10333));
#10333=FILL_AREA_STYLE_COLOUR('Stahl - satiniert',#10334);
#10334=COLOUR_RGB('Stahl - satiniert',0.627450980392157,0.627450980392157,
0.627450980392157);
ENDSEC;
END-ISO-10303-21;
