ISO-10303-21;
HEADER;
/* Generated by software containing ST-Developer
 * from STEP Tools, Inc. (www.steptools.com) 
 */

FILE_DESCRIPTION(
/* description */ (''),
/* implementation_level */ '2;1');

FILE_NAME(
/* name */ 'complete-v2-connector-pipe.step',
/* time_stamp */ '2026-08-24T14:11:02+02:00',
/* author */ (''),
/* organization */ (''),
/* preprocessor_version */ 'ST-DEVELOPER v20.1',
/* originating_system */ 'Autodesk Translation Framework v15.8.0.0',
/* authorisation */ '');

FILE_SCHEMA (('AUTOMOTIVE_DESIGN { 1 0 10303 214 3 1 1 }'));
ENDSEC;

DATA;
#10=MECHANICAL_DESIGN_GEOMETRIC_PRESENTATION_REPRESENTATION('',(#13),#4947);
#11=SHAPE_REPRESENTATION_RELATIONSHIP('SRR','None',#4954,#12);
#12=ADVANCED_BREP_SHAPE_REPRESENTATION('',(#14),#4946);
#13=STYLED_ITEM('',(#4963),#14);
#14=MANIFOLD_SOLID_BREP('Connector_Pipe',#2985);
#15=CYLINDRICAL_SURFACE('',#3079,23.);
#16=CYLINDRICAL_SURFACE('',#3117,17.);
#17=FACE_BOUND('',#396,.T.);
#18=FACE_BOUND('',#398,.T.);
#19=FACE_BOUND('',#474,.T.);
#20=FACE_BOUND('',#476,.T.);
#21=PLANE('',#3001);
#22=PLANE('',#3002);
#23=PLANE('',#3003);
#24=PLANE('',#3004);
#25=PLANE('',#3005);
#26=PLANE('',#3006);
#27=PLANE('',#3007);
#28=PLANE('',#3008);
#29=PLANE('',#3009);
#30=PLANE('',#3010);
#31=PLANE('',#3011);
#32=PLANE('',#3012);
#33=PLANE('',#3013);
#34=PLANE('',#3014);
#35=PLANE('',#3015);
#36=PLANE('',#3016);
#37=PLANE('',#3017);
#38=PLANE('',#3018);
#39=PLANE('',#3019);
#40=PLANE('',#3020);
#41=PLANE('',#3021);
#42=PLANE('',#3022);
#43=PLANE('',#3023);
#44=PLANE('',#3024);
#45=PLANE('',#3025);
#46=PLANE('',#3026);
#47=PLANE('',#3027);
#48=PLANE('',#3028);
#49=PLANE('',#3029);
#50=PLANE('',#3030);
#51=PLANE('',#3031);
#52=PLANE('',#3032);
#53=PLANE('',#3033);
#54=PLANE('',#3034);
#55=PLANE('',#3035);
#56=PLANE('',#3036);
#57=PLANE('',#3039);
#58=PLANE('',#3040);
#59=PLANE('',#3041);
#60=PLANE('',#3042);
#61=PLANE('',#3043);
#62=PLANE('',#3044);
#63=PLANE('',#3045);
#64=PLANE('',#3046);
#65=PLANE('',#3047);
#66=PLANE('',#3048);
#67=PLANE('',#3049);
#68=PLANE('',#3050);
#69=PLANE('',#3051);
#70=PLANE('',#3052);
#71=PLANE('',#3053);
#72=PLANE('',#3054);
#73=PLANE('',#3055);
#74=PLANE('',#3056);
#75=PLANE('',#3057);
#76=PLANE('',#3058);
#77=PLANE('',#3059);
#78=PLANE('',#3060);
#79=PLANE('',#3061);
#80=PLANE('',#3062);
#81=PLANE('',#3063);
#82=PLANE('',#3064);
#83=PLANE('',#3065);
#84=PLANE('',#3066);
#85=PLANE('',#3067);
#86=PLANE('',#3068);
#87=PLANE('',#3069);
#88=PLANE('',#3070);
#89=PLANE('',#3071);
#90=PLANE('',#3072);
#91=PLANE('',#3073);
#92=PLANE('',#3074);
#93=PLANE('',#3075);
#94=PLANE('',#3077);
#95=PLANE('',#3080);
#96=PLANE('',#3081);
#97=PLANE('',#3082);
#98=PLANE('',#3083);
#99=PLANE('',#3084);
#100=PLANE('',#3085);
#101=PLANE('',#3086);
#102=PLANE('',#3087);
#103=PLANE('',#3088);
#104=PLANE('',#3089);
#105=PLANE('',#3090);
#106=PLANE('',#3091);
#107=PLANE('',#3092);
#108=PLANE('',#3093);
#109=PLANE('',#3094);
#110=PLANE('',#3095);
#111=PLANE('',#3096);
#112=PLANE('',#3097);
#113=PLANE('',#3098);
#114=PLANE('',#3099);
#115=PLANE('',#3100);
#116=PLANE('',#3101);
#117=PLANE('',#3102);
#118=PLANE('',#3103);
#119=PLANE('',#3104);
#120=PLANE('',#3105);
#121=PLANE('',#3106);
#122=PLANE('',#3107);
#123=PLANE('',#3108);
#124=PLANE('',#3109);
#125=PLANE('',#3110);
#126=PLANE('',#3111);
#127=PLANE('',#3112);
#128=PLANE('',#3113);
#129=PLANE('',#3114);
#130=PLANE('',#3115);
#131=PLANE('',#3116);
#132=PLANE('',#3120);
#133=PLANE('',#3121);
#134=PLANE('',#3122);
#135=PLANE('',#3123);
#136=PLANE('',#3124);
#137=PLANE('',#3125);
#138=PLANE('',#3126);
#139=PLANE('',#3127);
#140=PLANE('',#3128);
#141=PLANE('',#3129);
#142=PLANE('',#3130);
#143=PLANE('',#3131);
#144=PLANE('',#3132);
#145=PLANE('',#3133);
#146=PLANE('',#3134);
#147=PLANE('',#3135);
#148=PLANE('',#3136);
#149=PLANE('',#3137);
#150=PLANE('',#3138);
#151=PLANE('',#3139);
#152=PLANE('',#3140);
#153=PLANE('',#3141);
#154=PLANE('',#3142);
#155=PLANE('',#3143);
#156=PLANE('',#3144);
#157=PLANE('',#3145);
#158=PLANE('',#3146);
#159=PLANE('',#3147);
#160=PLANE('',#3148);
#161=PLANE('',#3149);
#162=PLANE('',#3150);
#163=PLANE('',#3151);
#164=PLANE('',#3152);
#165=PLANE('',#3153);
#166=PLANE('',#3154);
#167=PLANE('',#3155);
#168=PLANE('',#3156);
#169=FACE_OUTER_BOUND('',#321,.T.);
#170=FACE_OUTER_BOUND('',#322,.T.);
#171=FACE_OUTER_BOUND('',#323,.T.);
#172=FACE_OUTER_BOUND('',#324,.T.);
#173=FACE_OUTER_BOUND('',#325,.T.);
#174=FACE_OUTER_BOUND('',#326,.T.);
#175=FACE_OUTER_BOUND('',#327,.T.);
#176=FACE_OUTER_BOUND('',#328,.T.);
#177=FACE_OUTER_BOUND('',#329,.T.);
#178=FACE_OUTER_BOUND('',#330,.T.);
#179=FACE_OUTER_BOUND('',#331,.T.);
#180=FACE_OUTER_BOUND('',#332,.T.);
#181=FACE_OUTER_BOUND('',#333,.T.);
#182=FACE_OUTER_BOUND('',#334,.T.);
#183=FACE_OUTER_BOUND('',#335,.T.);
#184=FACE_OUTER_BOUND('',#336,.T.);
#185=FACE_OUTER_BOUND('',#337,.T.);
#186=FACE_OUTER_BOUND('',#338,.T.);
#187=FACE_OUTER_BOUND('',#339,.T.);
#188=FACE_OUTER_BOUND('',#340,.T.);
#189=FACE_OUTER_BOUND('',#341,.T.);
#190=FACE_OUTER_BOUND('',#342,.T.);
#191=FACE_OUTER_BOUND('',#343,.T.);
#192=FACE_OUTER_BOUND('',#344,.T.);
#193=FACE_OUTER_BOUND('',#345,.T.);
#194=FACE_OUTER_BOUND('',#346,.T.);
#195=FACE_OUTER_BOUND('',#347,.T.);
#196=FACE_OUTER_BOUND('',#348,.T.);
#197=FACE_OUTER_BOUND('',#349,.T.);
#198=FACE_OUTER_BOUND('',#350,.T.);
#199=FACE_OUTER_BOUND('',#351,.T.);
#200=FACE_OUTER_BOUND('',#352,.T.);
#201=FACE_OUTER_BOUND('',#353,.T.);
#202=FACE_OUTER_BOUND('',#354,.T.);
#203=FACE_OUTER_BOUND('',#355,.T.);
#204=FACE_OUTER_BOUND('',#356,.T.);
#205=FACE_OUTER_BOUND('',#357,.T.);
#206=FACE_OUTER_BOUND('',#358,.T.);
#207=FACE_OUTER_BOUND('',#359,.T.);
#208=FACE_OUTER_BOUND('',#360,.T.);
#209=FACE_OUTER_BOUND('',#361,.T.);
#210=FACE_OUTER_BOUND('',#362,.T.);
#211=FACE_OUTER_BOUND('',#363,.T.);
#212=FACE_OUTER_BOUND('',#364,.T.);
#213=FACE_OUTER_BOUND('',#365,.T.);
#214=FACE_OUTER_BOUND('',#366,.T.);
#215=FACE_OUTER_BOUND('',#367,.T.);
#216=FACE_OUTER_BOUND('',#368,.T.);
#217=FACE_OUTER_BOUND('',#369,.T.);
#218=FACE_OUTER_BOUND('',#370,.T.);
#219=FACE_OUTER_BOUND('',#371,.T.);
#220=FACE_OUTER_BOUND('',#372,.T.);
#221=FACE_OUTER_BOUND('',#373,.T.);
#222=FACE_OUTER_BOUND('',#374,.T.);
#223=FACE_OUTER_BOUND('',#375,.T.);
#224=FACE_OUTER_BOUND('',#376,.T.);
#225=FACE_OUTER_BOUND('',#377,.T.);
#226=FACE_OUTER_BOUND('',#378,.T.);
#227=FACE_OUTER_BOUND('',#379,.T.);
#228=FACE_OUTER_BOUND('',#380,.T.);
#229=FACE_OUTER_BOUND('',#381,.T.);
#230=FACE_OUTER_BOUND('',#382,.T.);
#231=FACE_OUTER_BOUND('',#383,.T.);
#232=FACE_OUTER_BOUND('',#384,.T.);
#233=FACE_OUTER_BOUND('',#385,.T.);
#234=FACE_OUTER_BOUND('',#386,.T.);
#235=FACE_OUTER_BOUND('',#387,.T.);
#236=FACE_OUTER_BOUND('',#388,.T.);
#237=FACE_OUTER_BOUND('',#389,.T.);
#238=FACE_OUTER_BOUND('',#390,.T.);
#239=FACE_OUTER_BOUND('',#391,.T.);
#240=FACE_OUTER_BOUND('',#392,.T.);
#241=FACE_OUTER_BOUND('',#393,.T.);
#242=FACE_OUTER_BOUND('',#394,.T.);
#243=FACE_OUTER_BOUND('',#395,.T.);
#244=FACE_OUTER_BOUND('',#397,.T.);
#245=FACE_OUTER_BOUND('',#399,.T.);
#246=FACE_OUTER_BOUND('',#400,.T.);
#247=FACE_OUTER_BOUND('',#401,.T.);
#248=FACE_OUTER_BOUND('',#402,.T.);
#249=FACE_OUTER_BOUND('',#403,.T.);
#250=FACE_OUTER_BOUND('',#404,.T.);
#251=FACE_OUTER_BOUND('',#405,.T.);
#252=FACE_OUTER_BOUND('',#406,.T.);
#253=FACE_OUTER_BOUND('',#407,.T.);
#254=FACE_OUTER_BOUND('',#408,.T.);
#255=FACE_OUTER_BOUND('',#409,.T.);
#256=FACE_OUTER_BOUND('',#410,.T.);
#257=FACE_OUTER_BOUND('',#411,.T.);
#258=FACE_OUTER_BOUND('',#412,.T.);
#259=FACE_OUTER_BOUND('',#413,.T.);
#260=FACE_OUTER_BOUND('',#414,.T.);
#261=FACE_OUTER_BOUND('',#415,.T.);
#262=FACE_OUTER_BOUND('',#416,.T.);
#263=FACE_OUTER_BOUND('',#417,.T.);
#264=FACE_OUTER_BOUND('',#418,.T.);
#265=FACE_OUTER_BOUND('',#419,.T.);
#266=FACE_OUTER_BOUND('',#420,.T.);
#267=FACE_OUTER_BOUND('',#421,.T.);
#268=FACE_OUTER_BOUND('',#422,.T.);
#269=FACE_OUTER_BOUND('',#423,.T.);
#270=FACE_OUTER_BOUND('',#424,.T.);
#271=FACE_OUTER_BOUND('',#425,.T.);
#272=FACE_OUTER_BOUND('',#426,.T.);
#273=FACE_OUTER_BOUND('',#427,.T.);
#274=FACE_OUTER_BOUND('',#428,.T.);
#275=FACE_OUTER_BOUND('',#429,.T.);
#276=FACE_OUTER_BOUND('',#430,.T.);
#277=FACE_OUTER_BOUND('',#431,.T.);
#278=FACE_OUTER_BOUND('',#432,.T.);
#279=FACE_OUTER_BOUND('',#433,.T.);
#280=FACE_OUTER_BOUND('',#434,.T.);
#281=FACE_OUTER_BOUND('',#435,.T.);
#282=FACE_OUTER_BOUND('',#436,.T.);
#283=FACE_OUTER_BOUND('',#437,.T.);
#284=FACE_OUTER_BOUND('',#438,.T.);
#285=FACE_OUTER_BOUND('',#439,.T.);
#286=FACE_OUTER_BOUND('',#440,.T.);
#287=FACE_OUTER_BOUND('',#441,.T.);
#288=FACE_OUTER_BOUND('',#442,.T.);
#289=FACE_OUTER_BOUND('',#443,.T.);
#290=FACE_OUTER_BOUND('',#444,.T.);
#291=FACE_OUTER_BOUND('',#445,.T.);
#292=FACE_OUTER_BOUND('',#446,.T.);
#293=FACE_OUTER_BOUND('',#447,.T.);
#294=FACE_OUTER_BOUND('',#448,.T.);
#295=FACE_OUTER_BOUND('',#449,.T.);
#296=FACE_OUTER_BOUND('',#450,.T.);
#297=FACE_OUTER_BOUND('',#451,.T.);
#298=FACE_OUTER_BOUND('',#452,.T.);
#299=FACE_OUTER_BOUND('',#453,.T.);
#300=FACE_OUTER_BOUND('',#454,.T.);
#301=FACE_OUTER_BOUND('',#455,.T.);
#302=FACE_OUTER_BOUND('',#456,.T.);
#303=FACE_OUTER_BOUND('',#457,.T.);
#304=FACE_OUTER_BOUND('',#458,.T.);
#305=FACE_OUTER_BOUND('',#459,.T.);
#306=FACE_OUTER_BOUND('',#460,.T.);
#307=FACE_OUTER_BOUND('',#461,.T.);
#308=FACE_OUTER_BOUND('',#462,.T.);
#309=FACE_OUTER_BOUND('',#463,.T.);
#310=FACE_OUTER_BOUND('',#464,.T.);
#311=FACE_OUTER_BOUND('',#465,.T.);
#312=FACE_OUTER_BOUND('',#466,.T.);
#313=FACE_OUTER_BOUND('',#467,.T.);
#314=FACE_OUTER_BOUND('',#468,.T.);
#315=FACE_OUTER_BOUND('',#469,.T.);
#316=FACE_OUTER_BOUND('',#470,.T.);
#317=FACE_OUTER_BOUND('',#471,.T.);
#318=FACE_OUTER_BOUND('',#472,.T.);
#319=FACE_OUTER_BOUND('',#473,.T.);
#320=FACE_OUTER_BOUND('',#475,.T.);
#321=EDGE_LOOP('',(#1947,#1948,#1949,#1950,#1951,#1952,#1953,#1954,#1955,
#1956,#1957,#1958,#1959,#1960,#1961,#1962,#1963,#1964,#1965,#1966,#1967,
#1968,#1969,#1970,#1971,#1972,#1973,#1974,#1975,#1976,#1977,#1978,#1979,
#1980,#1981,#1982,#1983,#1984,#1985,#1986,#1987,#1988,#1989,#1990,#1991,
#1992,#1993,#1994,#1995,#1996,#1997,#1998,#1999,#2000,#2001,#2002,#2003,
#2004,#2005,#2006,#2007,#2008,#2009,#2010,#2011,#2012,#2013,#2014,#2015,
#2016,#2017,#2018,#2019,#2020,#2021));
#322=EDGE_LOOP('',(#2022,#2023,#2024,#2025));
#323=EDGE_LOOP('',(#2026,#2027,#2028,#2029));
#324=EDGE_LOOP('',(#2030,#2031,#2032,#2033));
#325=EDGE_LOOP('',(#2034,#2035,#2036,#2037));
#326=EDGE_LOOP('',(#2038,#2039,#2040,#2041));
#327=EDGE_LOOP('',(#2042,#2043,#2044,#2045));
#328=EDGE_LOOP('',(#2046,#2047,#2048,#2049));
#329=EDGE_LOOP('',(#2050,#2051,#2052,#2053));
#330=EDGE_LOOP('',(#2054,#2055,#2056,#2057));
#331=EDGE_LOOP('',(#2058,#2059,#2060,#2061));
#332=EDGE_LOOP('',(#2062,#2063,#2064,#2065));
#333=EDGE_LOOP('',(#2066,#2067,#2068,#2069));
#334=EDGE_LOOP('',(#2070,#2071,#2072,#2073));
#335=EDGE_LOOP('',(#2074,#2075,#2076,#2077));
#336=EDGE_LOOP('',(#2078,#2079,#2080,#2081));
#337=EDGE_LOOP('',(#2082,#2083,#2084,#2085));
#338=EDGE_LOOP('',(#2086,#2087,#2088,#2089));
#339=EDGE_LOOP('',(#2090,#2091,#2092,#2093));
#340=EDGE_LOOP('',(#2094,#2095,#2096,#2097));
#341=EDGE_LOOP('',(#2098,#2099,#2100,#2101));
#342=EDGE_LOOP('',(#2102,#2103,#2104,#2105));
#343=EDGE_LOOP('',(#2106,#2107,#2108,#2109));
#344=EDGE_LOOP('',(#2110,#2111,#2112,#2113));
#345=EDGE_LOOP('',(#2114,#2115,#2116,#2117));
#346=EDGE_LOOP('',(#2118,#2119,#2120,#2121));
#347=EDGE_LOOP('',(#2122,#2123,#2124,#2125));
#348=EDGE_LOOP('',(#2126,#2127,#2128,#2129));
#349=EDGE_LOOP('',(#2130,#2131,#2132,#2133));
#350=EDGE_LOOP('',(#2134,#2135,#2136,#2137));
#351=EDGE_LOOP('',(#2138,#2139,#2140,#2141));
#352=EDGE_LOOP('',(#2142,#2143,#2144,#2145));
#353=EDGE_LOOP('',(#2146,#2147,#2148,#2149));
#354=EDGE_LOOP('',(#2150,#2151,#2152,#2153));
#355=EDGE_LOOP('',(#2154,#2155,#2156,#2157));
#356=EDGE_LOOP('',(#2158,#2159,#2160,#2161));
#357=EDGE_LOOP('',(#2162,#2163,#2164,#2165));
#358=EDGE_LOOP('',(#2166,#2167,#2168,#2169,#2170,#2171,#2172,#2173,#2174,
#2175,#2176,#2177,#2178,#2179,#2180,#2181,#2182,#2183,#2184,#2185,#2186,
#2187,#2188,#2189,#2190,#2191,#2192,#2193,#2194,#2195,#2196,#2197,#2198,
#2199,#2200,#2201,#2202,#2203,#2204,#2205,#2206,#2207,#2208,#2209,#2210,
#2211,#2212,#2213,#2214,#2215,#2216,#2217,#2218,#2219,#2220,#2221,#2222,
#2223,#2224,#2225,#2226,#2227,#2228,#2229,#2230,#2231,#2232,#2233,#2234,
#2235,#2236,#2237,#2238,#2239,#2240));
#359=EDGE_LOOP('',(#2241,#2242,#2243,#2244));
#360=EDGE_LOOP('',(#2245,#2246,#2247,#2248));
#361=EDGE_LOOP('',(#2249,#2250,#2251,#2252));
#362=EDGE_LOOP('',(#2253,#2254,#2255,#2256));
#363=EDGE_LOOP('',(#2257,#2258,#2259,#2260));
#364=EDGE_LOOP('',(#2261,#2262,#2263,#2264));
#365=EDGE_LOOP('',(#2265,#2266,#2267,#2268));
#366=EDGE_LOOP('',(#2269,#2270,#2271,#2272));
#367=EDGE_LOOP('',(#2273,#2274,#2275,#2276));
#368=EDGE_LOOP('',(#2277,#2278,#2279,#2280));
#369=EDGE_LOOP('',(#2281,#2282,#2283,#2284));
#370=EDGE_LOOP('',(#2285,#2286,#2287,#2288));
#371=EDGE_LOOP('',(#2289,#2290,#2291,#2292));
#372=EDGE_LOOP('',(#2293,#2294,#2295,#2296));
#373=EDGE_LOOP('',(#2297,#2298,#2299,#2300));
#374=EDGE_LOOP('',(#2301,#2302,#2303,#2304));
#375=EDGE_LOOP('',(#2305,#2306,#2307,#2308));
#376=EDGE_LOOP('',(#2309,#2310,#2311,#2312));
#377=EDGE_LOOP('',(#2313,#2314,#2315,#2316));
#378=EDGE_LOOP('',(#2317,#2318,#2319,#2320));
#379=EDGE_LOOP('',(#2321,#2322,#2323,#2324));
#380=EDGE_LOOP('',(#2325,#2326,#2327,#2328));
#381=EDGE_LOOP('',(#2329,#2330,#2331,#2332));
#382=EDGE_LOOP('',(#2333,#2334,#2335,#2336));
#383=EDGE_LOOP('',(#2337,#2338,#2339,#2340));
#384=EDGE_LOOP('',(#2341,#2342,#2343,#2344));
#385=EDGE_LOOP('',(#2345,#2346,#2347,#2348));
#386=EDGE_LOOP('',(#2349,#2350,#2351,#2352));
#387=EDGE_LOOP('',(#2353,#2354,#2355,#2356));
#388=EDGE_LOOP('',(#2357,#2358,#2359,#2360));
#389=EDGE_LOOP('',(#2361,#2362,#2363,#2364));
#390=EDGE_LOOP('',(#2365,#2366,#2367,#2368));
#391=EDGE_LOOP('',(#2369,#2370,#2371,#2372));
#392=EDGE_LOOP('',(#2373,#2374,#2375,#2376));
#393=EDGE_LOOP('',(#2377,#2378,#2379,#2380));
#394=EDGE_LOOP('',(#2381,#2382,#2383,#2384));
#395=EDGE_LOOP('',(#2385));
#396=EDGE_LOOP('',(#2386,#2387,#2388,#2389,#2390,#2391,#2392,#2393,#2394,
#2395,#2396,#2397,#2398,#2399,#2400,#2401,#2402,#2403,#2404,#2405,#2406,
#2407,#2408,#2409,#2410,#2411,#2412,#2413,#2414,#2415,#2416,#2417,#2418,
#2419,#2420,#2421,#2422,#2423,#2424,#2425,#2426,#2427,#2428,#2429,#2430,
#2431,#2432,#2433,#2434,#2435,#2436,#2437,#2438,#2439,#2440,#2441,#2442,
#2443,#2444,#2445,#2446,#2447,#2448,#2449,#2450,#2451,#2452,#2453,#2454,
#2455,#2456,#2457));
#397=EDGE_LOOP('',(#2458));
#398=EDGE_LOOP('',(#2459,#2460,#2461,#2462,#2463,#2464,#2465,#2466,#2467,
#2468,#2469,#2470,#2471,#2472,#2473,#2474,#2475,#2476,#2477,#2478,#2479,
#2480,#2481,#2482,#2483,#2484,#2485,#2486,#2487,#2488,#2489,#2490,#2491,
#2492,#2493,#2494,#2495,#2496,#2497,#2498,#2499,#2500,#2501,#2502,#2503,
#2504,#2505,#2506,#2507,#2508,#2509,#2510,#2511,#2512,#2513,#2514,#2515,
#2516,#2517,#2518,#2519,#2520,#2521,#2522,#2523,#2524,#2525,#2526,#2527,
#2528,#2529,#2530));
#399=EDGE_LOOP('',(#2531,#2532,#2533,#2534));
#400=EDGE_LOOP('',(#2535,#2536,#2537,#2538));
#401=EDGE_LOOP('',(#2539,#2540,#2541,#2542));
#402=EDGE_LOOP('',(#2543,#2544,#2545,#2546));
#403=EDGE_LOOP('',(#2547,#2548,#2549,#2550));
#404=EDGE_LOOP('',(#2551,#2552,#2553,#2554));
#405=EDGE_LOOP('',(#2555,#2556,#2557,#2558));
#406=EDGE_LOOP('',(#2559,#2560,#2561,#2562));
#407=EDGE_LOOP('',(#2563,#2564,#2565,#2566));
#408=EDGE_LOOP('',(#2567,#2568,#2569,#2570));
#409=EDGE_LOOP('',(#2571,#2572,#2573,#2574));
#410=EDGE_LOOP('',(#2575,#2576,#2577,#2578));
#411=EDGE_LOOP('',(#2579,#2580,#2581,#2582));
#412=EDGE_LOOP('',(#2583,#2584,#2585,#2586));
#413=EDGE_LOOP('',(#2587,#2588,#2589,#2590));
#414=EDGE_LOOP('',(#2591,#2592,#2593,#2594));
#415=EDGE_LOOP('',(#2595,#2596,#2597,#2598));
#416=EDGE_LOOP('',(#2599,#2600,#2601,#2602));
#417=EDGE_LOOP('',(#2603,#2604,#2605,#2606));
#418=EDGE_LOOP('',(#2607,#2608,#2609,#2610));
#419=EDGE_LOOP('',(#2611,#2612,#2613,#2614));
#420=EDGE_LOOP('',(#2615,#2616,#2617,#2618));
#421=EDGE_LOOP('',(#2619,#2620,#2621,#2622));
#422=EDGE_LOOP('',(#2623,#2624,#2625,#2626));
#423=EDGE_LOOP('',(#2627,#2628,#2629,#2630));
#424=EDGE_LOOP('',(#2631,#2632,#2633,#2634));
#425=EDGE_LOOP('',(#2635,#2636,#2637,#2638));
#426=EDGE_LOOP('',(#2639,#2640,#2641,#2642));
#427=EDGE_LOOP('',(#2643,#2644,#2645,#2646));
#428=EDGE_LOOP('',(#2647,#2648,#2649,#2650));
#429=EDGE_LOOP('',(#2651,#2652,#2653,#2654));
#430=EDGE_LOOP('',(#2655,#2656,#2657,#2658));
#431=EDGE_LOOP('',(#2659,#2660,#2661,#2662));
#432=EDGE_LOOP('',(#2663,#2664,#2665,#2666));
#433=EDGE_LOOP('',(#2667,#2668,#2669,#2670));
#434=EDGE_LOOP('',(#2671,#2672,#2673,#2674));
#435=EDGE_LOOP('',(#2675,#2676,#2677,#2678));
#436=EDGE_LOOP('',(#2679,#2680,#2681,#2682));
#437=EDGE_LOOP('',(#2683,#2684,#2685,#2686));
#438=EDGE_LOOP('',(#2687,#2688,#2689,#2690));
#439=EDGE_LOOP('',(#2691,#2692,#2693,#2694));
#440=EDGE_LOOP('',(#2695,#2696,#2697,#2698));
#441=EDGE_LOOP('',(#2699,#2700,#2701,#2702));
#442=EDGE_LOOP('',(#2703,#2704,#2705,#2706));
#443=EDGE_LOOP('',(#2707,#2708,#2709,#2710));
#444=EDGE_LOOP('',(#2711,#2712,#2713,#2714));
#445=EDGE_LOOP('',(#2715,#2716,#2717,#2718));
#446=EDGE_LOOP('',(#2719,#2720,#2721,#2722));
#447=EDGE_LOOP('',(#2723,#2724,#2725,#2726));
#448=EDGE_LOOP('',(#2727,#2728,#2729,#2730));
#449=EDGE_LOOP('',(#2731,#2732,#2733,#2734));
#450=EDGE_LOOP('',(#2735,#2736,#2737,#2738));
#451=EDGE_LOOP('',(#2739,#2740,#2741,#2742));
#452=EDGE_LOOP('',(#2743,#2744,#2745,#2746));
#453=EDGE_LOOP('',(#2747,#2748,#2749,#2750));
#454=EDGE_LOOP('',(#2751,#2752,#2753,#2754));
#455=EDGE_LOOP('',(#2755,#2756,#2757,#2758));
#456=EDGE_LOOP('',(#2759,#2760,#2761,#2762));
#457=EDGE_LOOP('',(#2763,#2764,#2765,#2766));
#458=EDGE_LOOP('',(#2767,#2768,#2769,#2770));
#459=EDGE_LOOP('',(#2771,#2772,#2773,#2774));
#460=EDGE_LOOP('',(#2775,#2776,#2777,#2778));
#461=EDGE_LOOP('',(#2779,#2780,#2781,#2782));
#462=EDGE_LOOP('',(#2783,#2784,#2785,#2786));
#463=EDGE_LOOP('',(#2787,#2788,#2789,#2790));
#464=EDGE_LOOP('',(#2791,#2792,#2793,#2794));
#465=EDGE_LOOP('',(#2795,#2796,#2797,#2798));
#466=EDGE_LOOP('',(#2799,#2800,#2801,#2802));
#467=EDGE_LOOP('',(#2803,#2804,#2805,#2806));
#468=EDGE_LOOP('',(#2807,#2808,#2809,#2810));
#469=EDGE_LOOP('',(#2811,#2812,#2813,#2814));
#470=EDGE_LOOP('',(#2815,#2816,#2817,#2818));
#471=EDGE_LOOP('',(#2819,#2820,#2821,#2822));
#472=EDGE_LOOP('',(#2823,#2824,#2825,#2826));
#473=EDGE_LOOP('',(#2827));
#474=EDGE_LOOP('',(#2828));
#475=EDGE_LOOP('',(#2829));
#476=EDGE_LOOP('',(#2830));
#477=(
BOUNDED_CURVE()
B_SPLINE_CURVE(2,(#3774,#3775,#3776),.UNSPECIFIED.,.F.,.F.)
B_SPLINE_CURVE_WITH_KNOTS((3,3),(1.40112878402334,1.57833189722956),
 .UNSPECIFIED.)
CURVE()
GEOMETRIC_REPRESENTATION_ITEM()
RATIONAL_B_SPLINE_CURVE((1.01669849779435,1.00940519244383,1.))
REPRESENTATION_ITEM('')
);
#478=(
BOUNDED_CURVE()
B_SPLINE_CURVE(2,(#3778,#3779,#3780),.UNSPECIFIED.,.F.,.F.)
B_SPLINE_CURVE_WITH_KNOTS((3,3),(0.,0.177203113206227),.UNSPECIFIED.)
CURVE()
GEOMETRIC_REPRESENTATION_ITEM()
RATIONAL_B_SPLINE_CURVE((1.,1.00940519244383,1.01669849779435))
REPRESENTATION_ITEM('')
);
#479=(
BOUNDED_CURVE()
B_SPLINE_CURVE(2,(#3782,#3783,#3784),.UNSPECIFIED.,.F.,.F.)
B_SPLINE_CURVE_WITH_KNOTS((3,3),(1.40112878402334,1.57833189722957),
 .UNSPECIFIED.)
CURVE()
GEOMETRIC_REPRESENTATION_ITEM()
RATIONAL_B_SPLINE_CURVE((1.01669849779435,1.00940519244383,1.))
REPRESENTATION_ITEM('')
);
#480=(
BOUNDED_CURVE()
B_SPLINE_CURVE(2,(#3786,#3787,#3788),.UNSPECIFIED.,.F.,.F.)
B_SPLINE_CURVE_WITH_KNOTS((3,3),(0.,0.177203113206229),.UNSPECIFIED.)
CURVE()
GEOMETRIC_REPRESENTATION_ITEM()
RATIONAL_B_SPLINE_CURVE((1.,1.00940519244383,1.01669849779435))
REPRESENTATION_ITEM('')
);
#481=(
BOUNDED_CURVE()
B_SPLINE_CURVE(2,(#3790,#3791,#3792),.UNSPECIFIED.,.F.,.F.)
B_SPLINE_CURVE_WITH_KNOTS((3,3),(1.40112878402334,1.57833189722957),
 .UNSPECIFIED.)
CURVE()
GEOMETRIC_REPRESENTATION_ITEM()
RATIONAL_B_SPLINE_CURVE((1.01669849779435,1.00940519244383,1.))
REPRESENTATION_ITEM('')
);
#482=(
BOUNDED_CURVE()
B_SPLINE_CURVE(2,(#3794,#3795,#3796),.UNSPECIFIED.,.F.,.F.)
B_SPLINE_CURVE_WITH_KNOTS((3,3),(0.,0.177203113206228),.UNSPECIFIED.)
CURVE()
GEOMETRIC_REPRESENTATION_ITEM()
RATIONAL_B_SPLINE_CURVE((1.,1.00940519244383,1.01669849779435))
REPRESENTATION_ITEM('')
);
#483=(
BOUNDED_CURVE()
B_SPLINE_CURVE(2,(#3798,#3799,#3800),.UNSPECIFIED.,.F.,.F.)
B_SPLINE_CURVE_WITH_KNOTS((3,3),(1.40112878402335,1.57833189722957),
 .UNSPECIFIED.)
CURVE()
GEOMETRIC_REPRESENTATION_ITEM()
RATIONAL_B_SPLINE_CURVE((1.01669849779435,1.00940519244383,1.))
REPRESENTATION_ITEM('')
);
#484=(
BOUNDED_CURVE()
B_SPLINE_CURVE(2,(#3802,#3803,#3804),.UNSPECIFIED.,.F.,.F.)
B_SPLINE_CURVE_WITH_KNOTS((3,3),(0.,0.177203113206227),.UNSPECIFIED.)
CURVE()
GEOMETRIC_REPRESENTATION_ITEM()
RATIONAL_B_SPLINE_CURVE((1.,1.00940519244383,1.01669849779435))
REPRESENTATION_ITEM('')
);
#485=(
BOUNDED_CURVE()
B_SPLINE_CURVE(2,(#3806,#3807,#3808),.UNSPECIFIED.,.F.,.F.)
B_SPLINE_CURVE_WITH_KNOTS((3,3),(1.40112878402334,1.57833189722957),
 .UNSPECIFIED.)
CURVE()
GEOMETRIC_REPRESENTATION_ITEM()
RATIONAL_B_SPLINE_CURVE((1.01669849779435,1.00940519244383,1.))
REPRESENTATION_ITEM('')
);
#486=(
BOUNDED_CURVE()
B_SPLINE_CURVE(2,(#3810,#3811,#3812),.UNSPECIFIED.,.F.,.F.)
B_SPLINE_CURVE_WITH_KNOTS((3,3),(0.,0.177203113206226),.UNSPECIFIED.)
CURVE()
GEOMETRIC_REPRESENTATION_ITEM()
RATIONAL_B_SPLINE_CURVE((1.,1.00940519244383,1.01669849779435))
REPRESENTATION_ITEM('')
);
#487=(
BOUNDED_CURVE()
B_SPLINE_CURVE(2,(#3814,#3815,#3816),.UNSPECIFIED.,.F.,.F.)
B_SPLINE_CURVE_WITH_KNOTS((3,3),(1.40112878402334,1.57833189722957),
 .UNSPECIFIED.)
CURVE()
GEOMETRIC_REPRESENTATION_ITEM()
RATIONAL_B_SPLINE_CURVE((1.01669849779435,1.00940519244383,1.))
REPRESENTATION_ITEM('')
);
#488=(
BOUNDED_CURVE()
B_SPLINE_CURVE(2,(#3818,#3819,#3820),.UNSPECIFIED.,.F.,.F.)
B_SPLINE_CURVE_WITH_KNOTS((3,3),(0.,0.177203113206227),.UNSPECIFIED.)
CURVE()
GEOMETRIC_REPRESENTATION_ITEM()
RATIONAL_B_SPLINE_CURVE((1.,1.00940519244383,1.01669849779435))
REPRESENTATION_ITEM('')
);
#489=(
BOUNDED_CURVE()
B_SPLINE_CURVE(2,(#3822,#3823,#3824),.UNSPECIFIED.,.F.,.F.)
B_SPLINE_CURVE_WITH_KNOTS((3,3),(1.40112878402333,1.57833189722956),
 .UNSPECIFIED.)
CURVE()
GEOMETRIC_REPRESENTATION_ITEM()
RATIONAL_B_SPLINE_CURVE((1.01669849779435,1.00940519244383,1.))
REPRESENTATION_ITEM('')
);
#490=(
BOUNDED_CURVE()
B_SPLINE_CURVE(2,(#3826,#3827,#3828),.UNSPECIFIED.,.F.,.F.)
B_SPLINE_CURVE_WITH_KNOTS((3,3),(0.,0.177203113206228),.UNSPECIFIED.)
CURVE()
GEOMETRIC_REPRESENTATION_ITEM()
RATIONAL_B_SPLINE_CURVE((1.,1.00940519244383,1.01669849779435))
REPRESENTATION_ITEM('')
);
#491=(
BOUNDED_CURVE()
B_SPLINE_CURVE(2,(#3830,#3831,#3832),.UNSPECIFIED.,.F.,.F.)
B_SPLINE_CURVE_WITH_KNOTS((3,3),(1.40112878402334,1.57833189722956),
 .UNSPECIFIED.)
CURVE()
GEOMETRIC_REPRESENTATION_ITEM()
RATIONAL_B_SPLINE_CURVE((1.01669849779436,1.00940519244383,1.))
REPRESENTATION_ITEM('')
);
#492=(
BOUNDED_CURVE()
B_SPLINE_CURVE(2,(#3834,#3835,#3836),.UNSPECIFIED.,.F.,.F.)
B_SPLINE_CURVE_WITH_KNOTS((3,3),(0.,0.177203113206227),.UNSPECIFIED.)
CURVE()
GEOMETRIC_REPRESENTATION_ITEM()
RATIONAL_B_SPLINE_CURVE((1.,1.00940519244383,1.01669849779435))
REPRESENTATION_ITEM('')
);
#493=(
BOUNDED_CURVE()
B_SPLINE_CURVE(2,(#3838,#3839,#3840),.UNSPECIFIED.,.F.,.F.)
B_SPLINE_CURVE_WITH_KNOTS((3,3),(1.40112878402333,1.57833189722956),
 .UNSPECIFIED.)
CURVE()
GEOMETRIC_REPRESENTATION_ITEM()
RATIONAL_B_SPLINE_CURVE((1.01669849779435,1.00940519244383,1.))
REPRESENTATION_ITEM('')
);
#494=(
BOUNDED_CURVE()
B_SPLINE_CURVE(2,(#3842,#3843,#3844),.UNSPECIFIED.,.F.,.F.)
B_SPLINE_CURVE_WITH_KNOTS((3,3),(0.,0.177203113206226),.UNSPECIFIED.)
CURVE()
GEOMETRIC_REPRESENTATION_ITEM()
RATIONAL_B_SPLINE_CURVE((1.,1.00940519244383,1.01669849779435))
REPRESENTATION_ITEM('')
);
#495=(
BOUNDED_CURVE()
B_SPLINE_CURVE(2,(#3846,#3847,#3848),.UNSPECIFIED.,.F.,.F.)
B_SPLINE_CURVE_WITH_KNOTS((3,3),(1.40112878402334,1.57833189722956),
 .UNSPECIFIED.)
CURVE()
GEOMETRIC_REPRESENTATION_ITEM()
RATIONAL_B_SPLINE_CURVE((1.01669849779435,1.00940519244383,1.))
REPRESENTATION_ITEM('')
);
#496=(
BOUNDED_CURVE()
B_SPLINE_CURVE(2,(#3850,#3851,#3852),.UNSPECIFIED.,.F.,.F.)
B_SPLINE_CURVE_WITH_KNOTS((3,3),(0.,0.177203113206227),.UNSPECIFIED.)
CURVE()
GEOMETRIC_REPRESENTATION_ITEM()
RATIONAL_B_SPLINE_CURVE((1.,1.00940519244383,1.01669849779435))
REPRESENTATION_ITEM('')
);
#497=(
BOUNDED_CURVE()
B_SPLINE_CURVE(2,(#3854,#3855,#3856),.UNSPECIFIED.,.F.,.F.)
B_SPLINE_CURVE_WITH_KNOTS((3,3),(1.40112878402333,1.57833189722956),
 .UNSPECIFIED.)
CURVE()
GEOMETRIC_REPRESENTATION_ITEM()
RATIONAL_B_SPLINE_CURVE((1.01669849779435,1.00940519244383,1.))
REPRESENTATION_ITEM('')
);
#498=(
BOUNDED_CURVE()
B_SPLINE_CURVE(2,(#3858,#3859,#3860),.UNSPECIFIED.,.F.,.F.)
B_SPLINE_CURVE_WITH_KNOTS((3,3),(0.,0.177203113206226),.UNSPECIFIED.)
CURVE()
GEOMETRIC_REPRESENTATION_ITEM()
RATIONAL_B_SPLINE_CURVE((1.,1.00940519244383,1.01669849779435))
REPRESENTATION_ITEM('')
);
#499=(
BOUNDED_CURVE()
B_SPLINE_CURVE(2,(#3862,#3863,#3864),.UNSPECIFIED.,.F.,.F.)
B_SPLINE_CURVE_WITH_KNOTS((3,3),(1.40112878402334,1.57833189722957),
 .UNSPECIFIED.)
CURVE()
GEOMETRIC_REPRESENTATION_ITEM()
RATIONAL_B_SPLINE_CURVE((1.01669849779435,1.00940519244383,1.))
REPRESENTATION_ITEM('')
);
#500=(
BOUNDED_CURVE()
B_SPLINE_CURVE(2,(#3866,#3867,#3868),.UNSPECIFIED.,.F.,.F.)
B_SPLINE_CURVE_WITH_KNOTS((3,3),(0.,0.177203113206227),.UNSPECIFIED.)
CURVE()
GEOMETRIC_REPRESENTATION_ITEM()
RATIONAL_B_SPLINE_CURVE((1.,1.00940519244383,1.01669849779435))
REPRESENTATION_ITEM('')
);
#501=(
BOUNDED_CURVE()
B_SPLINE_CURVE(2,(#3870,#3871,#3872),.UNSPECIFIED.,.F.,.F.)
B_SPLINE_CURVE_WITH_KNOTS((3,3),(1.40112878402334,1.57833189722957),
 .UNSPECIFIED.)
CURVE()
GEOMETRIC_REPRESENTATION_ITEM()
RATIONAL_B_SPLINE_CURVE((1.01669849779435,1.00940519244383,1.))
REPRESENTATION_ITEM('')
);
#502=(
BOUNDED_CURVE()
B_SPLINE_CURVE(2,(#3874,#3875,#3876),.UNSPECIFIED.,.F.,.F.)
B_SPLINE_CURVE_WITH_KNOTS((3,3),(0.,0.177203113206228),.UNSPECIFIED.)
CURVE()
GEOMETRIC_REPRESENTATION_ITEM()
RATIONAL_B_SPLINE_CURVE((1.,1.00940519244383,1.01669849779435))
REPRESENTATION_ITEM('')
);
#503=(
BOUNDED_CURVE()
B_SPLINE_CURVE(2,(#3878,#3879,#3880),.UNSPECIFIED.,.F.,.F.)
B_SPLINE_CURVE_WITH_KNOTS((3,3),(1.40112878402334,1.57833189722957),
 .UNSPECIFIED.)
CURVE()
GEOMETRIC_REPRESENTATION_ITEM()
RATIONAL_B_SPLINE_CURVE((1.01669849779435,1.00940519244383,1.))
REPRESENTATION_ITEM('')
);
#504=(
BOUNDED_CURVE()
B_SPLINE_CURVE(2,(#3882,#3883,#3884),.UNSPECIFIED.,.F.,.F.)
B_SPLINE_CURVE_WITH_KNOTS((3,3),(0.,0.177203113206227),.UNSPECIFIED.)
CURVE()
GEOMETRIC_REPRESENTATION_ITEM()
RATIONAL_B_SPLINE_CURVE((1.,1.00940519244383,1.01669849779435))
REPRESENTATION_ITEM('')
);
#505=(
BOUNDED_CURVE()
B_SPLINE_CURVE(2,(#3886,#3887,#3888),.UNSPECIFIED.,.F.,.F.)
B_SPLINE_CURVE_WITH_KNOTS((3,3),(1.40112878402334,1.57833189722956),
 .UNSPECIFIED.)
CURVE()
GEOMETRIC_REPRESENTATION_ITEM()
RATIONAL_B_SPLINE_CURVE((1.01669849779435,1.00940519244383,1.))
REPRESENTATION_ITEM('')
);
#506=(
BOUNDED_CURVE()
B_SPLINE_CURVE(2,(#3890,#3891,#3892),.UNSPECIFIED.,.F.,.F.)
B_SPLINE_CURVE_WITH_KNOTS((3,3),(0.,0.177203113206227),.UNSPECIFIED.)
CURVE()
GEOMETRIC_REPRESENTATION_ITEM()
RATIONAL_B_SPLINE_CURVE((1.,1.00940519244383,1.01669849779435))
REPRESENTATION_ITEM('')
);
#507=(
BOUNDED_CURVE()
B_SPLINE_CURVE(2,(#3894,#3895,#3896),.UNSPECIFIED.,.F.,.F.)
B_SPLINE_CURVE_WITH_KNOTS((3,3),(1.40112878402334,1.57833189722957),
 .UNSPECIFIED.)
CURVE()
GEOMETRIC_REPRESENTATION_ITEM()
RATIONAL_B_SPLINE_CURVE((1.01669849779435,1.00940519244383,1.))
REPRESENTATION_ITEM('')
);
#508=(
BOUNDED_CURVE()
B_SPLINE_CURVE(2,(#3898,#3899,#3900),.UNSPECIFIED.,.F.,.F.)
B_SPLINE_CURVE_WITH_KNOTS((3,3),(0.,0.177203113206226),.UNSPECIFIED.)
CURVE()
GEOMETRIC_REPRESENTATION_ITEM()
RATIONAL_B_SPLINE_CURVE((1.,1.00940519244383,1.01669849779435))
REPRESENTATION_ITEM('')
);
#509=(
BOUNDED_CURVE()
B_SPLINE_CURVE(2,(#3902,#3903,#3904),.UNSPECIFIED.,.F.,.F.)
B_SPLINE_CURVE_WITH_KNOTS((3,3),(1.40112878402334,1.57833189722956),
 .UNSPECIFIED.)
CURVE()
GEOMETRIC_REPRESENTATION_ITEM()
RATIONAL_B_SPLINE_CURVE((1.01669849779435,1.00940519244383,1.))
REPRESENTATION_ITEM('')
);
#510=(
BOUNDED_CURVE()
B_SPLINE_CURVE(2,(#3906,#3907,#3908),.UNSPECIFIED.,.F.,.F.)
B_SPLINE_CURVE_WITH_KNOTS((3,3),(0.,0.177203113206227),.UNSPECIFIED.)
CURVE()
GEOMETRIC_REPRESENTATION_ITEM()
RATIONAL_B_SPLINE_CURVE((1.,1.00940519244383,1.01669849779435))
REPRESENTATION_ITEM('')
);
#511=(
BOUNDED_CURVE()
B_SPLINE_CURVE(2,(#3910,#3911,#3912),.UNSPECIFIED.,.F.,.F.)
B_SPLINE_CURVE_WITH_KNOTS((3,3),(1.40112878402333,1.57833189722956),
 .UNSPECIFIED.)
CURVE()
GEOMETRIC_REPRESENTATION_ITEM()
RATIONAL_B_SPLINE_CURVE((1.01669849779435,1.00940519244383,1.))
REPRESENTATION_ITEM('')
);
#512=(
BOUNDED_CURVE()
B_SPLINE_CURVE(2,(#3914,#3915,#3916),.UNSPECIFIED.,.F.,.F.)
B_SPLINE_CURVE_WITH_KNOTS((3,3),(0.,0.177203113206227),.UNSPECIFIED.)
CURVE()
GEOMETRIC_REPRESENTATION_ITEM()
RATIONAL_B_SPLINE_CURVE((1.,1.00940519244383,1.01669849779435))
REPRESENTATION_ITEM('')
);
#513=(
BOUNDED_CURVE()
B_SPLINE_CURVE(2,(#3918,#3919,#3920),.UNSPECIFIED.,.F.,.F.)
B_SPLINE_CURVE_WITH_KNOTS((3,3),(1.40112878402333,1.57833189722956),
 .UNSPECIFIED.)
CURVE()
GEOMETRIC_REPRESENTATION_ITEM()
RATIONAL_B_SPLINE_CURVE((1.01669849779435,1.00940519244383,1.))
REPRESENTATION_ITEM('')
);
#514=(
BOUNDED_CURVE()
B_SPLINE_CURVE(2,(#3922,#3923,#3924),.UNSPECIFIED.,.F.,.F.)
B_SPLINE_CURVE_WITH_KNOTS((3,3),(0.,0.177203113206227),.UNSPECIFIED.)
CURVE()
GEOMETRIC_REPRESENTATION_ITEM()
RATIONAL_B_SPLINE_CURVE((1.,1.00940519244383,1.01669849779435))
REPRESENTATION_ITEM('')
);
#515=(
BOUNDED_CURVE()
B_SPLINE_CURVE(2,(#3926,#3927,#3928),.UNSPECIFIED.,.F.,.F.)
B_SPLINE_CURVE_WITH_KNOTS((3,3),(1.40112878402334,1.57833189722956),
 .UNSPECIFIED.)
CURVE()
GEOMETRIC_REPRESENTATION_ITEM()
RATIONAL_B_SPLINE_CURVE((1.01669849779435,1.00940519244383,1.))
REPRESENTATION_ITEM('')
);
#516=(
BOUNDED_CURVE()
B_SPLINE_CURVE(2,(#3930,#3931,#3932),.UNSPECIFIED.,.F.,.F.)
B_SPLINE_CURVE_WITH_KNOTS((3,3),(0.,0.177203113206225),.UNSPECIFIED.)
CURVE()
GEOMETRIC_REPRESENTATION_ITEM()
RATIONAL_B_SPLINE_CURVE((1.,1.00940519244383,1.01669849779436))
REPRESENTATION_ITEM('')
);
#517=(
BOUNDED_CURVE()
B_SPLINE_CURVE(2,(#3934,#3935,#3936),.UNSPECIFIED.,.F.,.F.)
B_SPLINE_CURVE_WITH_KNOTS((3,3),(1.40112878402332,1.57833189722955),
 .UNSPECIFIED.)
CURVE()
GEOMETRIC_REPRESENTATION_ITEM()
RATIONAL_B_SPLINE_CURVE((1.01669849779435,1.00940519244383,1.))
REPRESENTATION_ITEM('')
);
#518=(
BOUNDED_CURVE()
B_SPLINE_CURVE(2,(#3938,#3939,#3940),.UNSPECIFIED.,.F.,.F.)
B_SPLINE_CURVE_WITH_KNOTS((3,3),(0.,0.177203113206226),.UNSPECIFIED.)
CURVE()
GEOMETRIC_REPRESENTATION_ITEM()
RATIONAL_B_SPLINE_CURVE((1.,1.00940519244383,1.01669849779435))
REPRESENTATION_ITEM('')
);
#519=(
BOUNDED_CURVE()
B_SPLINE_CURVE(2,(#3942,#3943,#3944),.UNSPECIFIED.,.F.,.F.)
B_SPLINE_CURVE_WITH_KNOTS((3,3),(1.40112878402332,1.57833189722955),
 .UNSPECIFIED.)
CURVE()
GEOMETRIC_REPRESENTATION_ITEM()
RATIONAL_B_SPLINE_CURVE((1.01669849779435,1.00940519244383,1.))
REPRESENTATION_ITEM('')
);
#520=(
BOUNDED_CURVE()
B_SPLINE_CURVE(2,(#3946,#3947,#3948),.UNSPECIFIED.,.F.,.F.)
B_SPLINE_CURVE_WITH_KNOTS((3,3),(0.,0.177203113206227),.UNSPECIFIED.)
CURVE()
GEOMETRIC_REPRESENTATION_ITEM()
RATIONAL_B_SPLINE_CURVE((1.,1.00940519244383,1.01669849779435))
REPRESENTATION_ITEM('')
);
#521=(
BOUNDED_CURVE()
B_SPLINE_CURVE(2,(#3950,#3951,#3952),.UNSPECIFIED.,.F.,.F.)
B_SPLINE_CURVE_WITH_KNOTS((3,3),(1.40112878402334,1.57833189722957),
 .UNSPECIFIED.)
CURVE()
GEOMETRIC_REPRESENTATION_ITEM()
RATIONAL_B_SPLINE_CURVE((1.01669849779435,1.00940519244383,1.))
REPRESENTATION_ITEM('')
);
#522=(
BOUNDED_CURVE()
B_SPLINE_CURVE(2,(#3954,#3955,#3956),.UNSPECIFIED.,.F.,.F.)
B_SPLINE_CURVE_WITH_KNOTS((3,3),(0.,0.177203113206228),.UNSPECIFIED.)
CURVE()
GEOMETRIC_REPRESENTATION_ITEM()
RATIONAL_B_SPLINE_CURVE((1.,1.00940519244383,1.01669849779435))
REPRESENTATION_ITEM('')
);
#523=(
BOUNDED_CURVE()
B_SPLINE_CURVE(2,(#3958,#3959,#3960),.UNSPECIFIED.,.F.,.F.)
B_SPLINE_CURVE_WITH_KNOTS((3,3),(1.40112878402334,1.57833189722957),
 .UNSPECIFIED.)
CURVE()
GEOMETRIC_REPRESENTATION_ITEM()
RATIONAL_B_SPLINE_CURVE((1.01669849779435,1.00940519244383,1.))
REPRESENTATION_ITEM('')
);
#524=(
BOUNDED_CURVE()
B_SPLINE_CURVE(2,(#3962,#3963,#3964),.UNSPECIFIED.,.F.,.F.)
B_SPLINE_CURVE_WITH_KNOTS((3,3),(0.,0.177203113206229),.UNSPECIFIED.)
CURVE()
GEOMETRIC_REPRESENTATION_ITEM()
RATIONAL_B_SPLINE_CURVE((1.,1.00940519244383,1.01669849779435))
REPRESENTATION_ITEM('')
);
#525=(
BOUNDED_CURVE()
B_SPLINE_CURVE(2,(#3966,#3967,#3968),.UNSPECIFIED.,.F.,.F.)
B_SPLINE_CURVE_WITH_KNOTS((3,3),(1.40112878402334,1.57833189722957),
 .UNSPECIFIED.)
CURVE()
GEOMETRIC_REPRESENTATION_ITEM()
RATIONAL_B_SPLINE_CURVE((1.01669849779435,1.00940519244383,1.))
REPRESENTATION_ITEM('')
);
#526=(
BOUNDED_CURVE()
B_SPLINE_CURVE(2,(#3970,#3971,#3972),.UNSPECIFIED.,.F.,.F.)
B_SPLINE_CURVE_WITH_KNOTS((3,3),(0.,0.177203113206226),.UNSPECIFIED.)
CURVE()
GEOMETRIC_REPRESENTATION_ITEM()
RATIONAL_B_SPLINE_CURVE((1.,1.00940519244383,1.01669849779435))
REPRESENTATION_ITEM('')
);
#527=(
BOUNDED_CURVE()
B_SPLINE_CURVE(2,(#3974,#3975,#3976),.UNSPECIFIED.,.F.,.F.)
B_SPLINE_CURVE_WITH_KNOTS((3,3),(1.40112878402333,1.57833189722956),
 .UNSPECIFIED.)
CURVE()
GEOMETRIC_REPRESENTATION_ITEM()
RATIONAL_B_SPLINE_CURVE((1.01669849779435,1.00940519244383,1.))
REPRESENTATION_ITEM('')
);
#528=(
BOUNDED_CURVE()
B_SPLINE_CURVE(2,(#3978,#3979,#3980),.UNSPECIFIED.,.F.,.F.)
B_SPLINE_CURVE_WITH_KNOTS((3,3),(0.,0.177203113206226),.UNSPECIFIED.)
CURVE()
GEOMETRIC_REPRESENTATION_ITEM()
RATIONAL_B_SPLINE_CURVE((1.,1.00940519244383,1.01669849779435))
REPRESENTATION_ITEM('')
);
#529=(
BOUNDED_CURVE()
B_SPLINE_CURVE(2,(#3982,#3983,#3984),.UNSPECIFIED.,.F.,.F.)
B_SPLINE_CURVE_WITH_KNOTS((3,3),(1.40112878402334,1.57833189722957),
 .UNSPECIFIED.)
CURVE()
GEOMETRIC_REPRESENTATION_ITEM()
RATIONAL_B_SPLINE_CURVE((1.01669849779435,1.00940519244383,1.))
REPRESENTATION_ITEM('')
);
#530=(
BOUNDED_CURVE()
B_SPLINE_CURVE(2,(#3986,#3987,#3988),.UNSPECIFIED.,.F.,.F.)
B_SPLINE_CURVE_WITH_KNOTS((3,3),(0.,0.177203113206226),.UNSPECIFIED.)
CURVE()
GEOMETRIC_REPRESENTATION_ITEM()
RATIONAL_B_SPLINE_CURVE((1.,1.00940519244383,1.01669849779435))
REPRESENTATION_ITEM('')
);
#531=(
BOUNDED_CURVE()
B_SPLINE_CURVE(2,(#3990,#3991,#3992),.UNSPECIFIED.,.F.,.F.)
B_SPLINE_CURVE_WITH_KNOTS((3,3),(1.40112878402334,1.57833189722957),
 .UNSPECIFIED.)
CURVE()
GEOMETRIC_REPRESENTATION_ITEM()
RATIONAL_B_SPLINE_CURVE((1.01669849779435,1.00940519244383,1.))
REPRESENTATION_ITEM('')
);
#532=(
BOUNDED_CURVE()
B_SPLINE_CURVE(2,(#3994,#3995,#3996),.UNSPECIFIED.,.F.,.F.)
B_SPLINE_CURVE_WITH_KNOTS((3,3),(0.,0.177203113206227),.UNSPECIFIED.)
CURVE()
GEOMETRIC_REPRESENTATION_ITEM()
RATIONAL_B_SPLINE_CURVE((1.,1.00940519244383,1.01669849779435))
REPRESENTATION_ITEM('')
);
#533=(
BOUNDED_CURVE()
B_SPLINE_CURVE(2,(#3998,#3999,#4000),.UNSPECIFIED.,.F.,.F.)
B_SPLINE_CURVE_WITH_KNOTS((3,3),(1.40112878402334,1.57833189722956),
 .UNSPECIFIED.)
CURVE()
GEOMETRIC_REPRESENTATION_ITEM()
RATIONAL_B_SPLINE_CURVE((1.01669849779435,1.00940519244383,1.))
REPRESENTATION_ITEM('')
);
#534=(
BOUNDED_CURVE()
B_SPLINE_CURVE(2,(#4002,#4003,#4004),.UNSPECIFIED.,.F.,.F.)
B_SPLINE_CURVE_WITH_KNOTS((3,3),(0.,0.177203113206225),.UNSPECIFIED.)
CURVE()
GEOMETRIC_REPRESENTATION_ITEM()
RATIONAL_B_SPLINE_CURVE((1.,1.00940519244383,1.01669849779436))
REPRESENTATION_ITEM('')
);
#535=(
BOUNDED_CURVE()
B_SPLINE_CURVE(2,(#4006,#4007,#4008),.UNSPECIFIED.,.F.,.F.)
B_SPLINE_CURVE_WITH_KNOTS((3,3),(1.40112878402333,1.57833189722955),
 .UNSPECIFIED.)
CURVE()
GEOMETRIC_REPRESENTATION_ITEM()
RATIONAL_B_SPLINE_CURVE((1.01669849779435,1.00940519244383,1.))
REPRESENTATION_ITEM('')
);
#536=(
BOUNDED_CURVE()
B_SPLINE_CURVE(2,(#4010,#4011,#4012),.UNSPECIFIED.,.F.,.F.)
B_SPLINE_CURVE_WITH_KNOTS((3,3),(0.,0.177203113206226),.UNSPECIFIED.)
CURVE()
GEOMETRIC_REPRESENTATION_ITEM()
RATIONAL_B_SPLINE_CURVE((1.,1.00940519244383,1.01669849779435))
REPRESENTATION_ITEM('')
);
#537=(
BOUNDED_CURVE()
B_SPLINE_CURVE(2,(#4014,#4015,#4016),.UNSPECIFIED.,.F.,.F.)
B_SPLINE_CURVE_WITH_KNOTS((3,3),(1.40112878402335,1.57833189722958),
 .UNSPECIFIED.)
CURVE()
GEOMETRIC_REPRESENTATION_ITEM()
RATIONAL_B_SPLINE_CURVE((1.01669849779435,1.00940519244383,1.))
REPRESENTATION_ITEM('')
);
#538=(
BOUNDED_CURVE()
B_SPLINE_CURVE(2,(#4018,#4019,#4020),.UNSPECIFIED.,.F.,.F.)
B_SPLINE_CURVE_WITH_KNOTS((3,3),(0.,0.177203113206228),.UNSPECIFIED.)
CURVE()
GEOMETRIC_REPRESENTATION_ITEM()
RATIONAL_B_SPLINE_CURVE((1.,1.00940519244383,1.01669849779435))
REPRESENTATION_ITEM('')
);
#539=(
BOUNDED_CURVE()
B_SPLINE_CURVE(2,(#4022,#4023,#4024),.UNSPECIFIED.,.F.,.F.)
B_SPLINE_CURVE_WITH_KNOTS((3,3),(1.40112878402334,1.57833189722957),
 .UNSPECIFIED.)
CURVE()
GEOMETRIC_REPRESENTATION_ITEM()
RATIONAL_B_SPLINE_CURVE((1.01669849779435,1.00940519244383,1.))
REPRESENTATION_ITEM('')
);
#540=(
BOUNDED_CURVE()
B_SPLINE_CURVE(2,(#4026,#4027,#4028),.UNSPECIFIED.,.F.,.F.)
B_SPLINE_CURVE_WITH_KNOTS((3,3),(0.,0.177203113206228),.UNSPECIFIED.)
CURVE()
GEOMETRIC_REPRESENTATION_ITEM()
RATIONAL_B_SPLINE_CURVE((1.,1.00940519244383,1.01669849779435))
REPRESENTATION_ITEM('')
);
#541=(
BOUNDED_CURVE()
B_SPLINE_CURVE(2,(#4030,#4031,#4032),.UNSPECIFIED.,.F.,.F.)
B_SPLINE_CURVE_WITH_KNOTS((3,3),(1.40112878402333,1.57833189722956),
 .UNSPECIFIED.)
CURVE()
GEOMETRIC_REPRESENTATION_ITEM()
RATIONAL_B_SPLINE_CURVE((1.01669849779435,1.00940519244383,1.))
REPRESENTATION_ITEM('')
);
#542=(
BOUNDED_CURVE()
B_SPLINE_CURVE(2,(#4034,#4035,#4036),.UNSPECIFIED.,.F.,.F.)
B_SPLINE_CURVE_WITH_KNOTS((3,3),(0.,0.177203113206227),.UNSPECIFIED.)
CURVE()
GEOMETRIC_REPRESENTATION_ITEM()
RATIONAL_B_SPLINE_CURVE((1.,1.00940519244383,1.01669849779435))
REPRESENTATION_ITEM('')
);
#543=(
BOUNDED_CURVE()
B_SPLINE_CURVE(2,(#4038,#4039,#4040),.UNSPECIFIED.,.F.,.F.)
B_SPLINE_CURVE_WITH_KNOTS((3,3),(1.40112878402333,1.57833189722956),
 .UNSPECIFIED.)
CURVE()
GEOMETRIC_REPRESENTATION_ITEM()
RATIONAL_B_SPLINE_CURVE((1.01669849779435,1.00940519244383,1.))
REPRESENTATION_ITEM('')
);
#544=(
BOUNDED_CURVE()
B_SPLINE_CURVE(2,(#4042,#4043,#4044),.UNSPECIFIED.,.F.,.F.)
B_SPLINE_CURVE_WITH_KNOTS((3,3),(0.,0.177203113206226),.UNSPECIFIED.)
CURVE()
GEOMETRIC_REPRESENTATION_ITEM()
RATIONAL_B_SPLINE_CURVE((1.,1.00940519244383,1.01669849779435))
REPRESENTATION_ITEM('')
);
#545=(
BOUNDED_CURVE()
B_SPLINE_CURVE(2,(#4046,#4047,#4048),.UNSPECIFIED.,.F.,.F.)
B_SPLINE_CURVE_WITH_KNOTS((3,3),(1.40112878402333,1.57833189722956),
 .UNSPECIFIED.)
CURVE()
GEOMETRIC_REPRESENTATION_ITEM()
RATIONAL_B_SPLINE_CURVE((1.01669849779436,1.00940519244383,1.))
REPRESENTATION_ITEM('')
);
#546=(
BOUNDED_CURVE()
B_SPLINE_CURVE(2,(#4050,#4051,#4052),.UNSPECIFIED.,.F.,.F.)
B_SPLINE_CURVE_WITH_KNOTS((3,3),(0.,0.177203113206227),.UNSPECIFIED.)
CURVE()
GEOMETRIC_REPRESENTATION_ITEM()
RATIONAL_B_SPLINE_CURVE((1.,1.00940519244383,1.01669849779435))
REPRESENTATION_ITEM('')
);
#547=(
BOUNDED_CURVE()
B_SPLINE_CURVE(2,(#4054,#4055,#4056),.UNSPECIFIED.,.F.,.F.)
B_SPLINE_CURVE_WITH_KNOTS((3,3),(1.40112878402334,1.57833189722957),
 .UNSPECIFIED.)
CURVE()
GEOMETRIC_REPRESENTATION_ITEM()
RATIONAL_B_SPLINE_CURVE((1.01669849779435,1.00940519244383,1.))
REPRESENTATION_ITEM('')
);
#548=(
BOUNDED_CURVE()
B_SPLINE_CURVE(2,(#4057,#4058,#4059),.UNSPECIFIED.,.F.,.F.)
B_SPLINE_CURVE_WITH_KNOTS((3,3),(0.,0.177203113206226),.UNSPECIFIED.)
CURVE()
GEOMETRIC_REPRESENTATION_ITEM()
RATIONAL_B_SPLINE_CURVE((1.,1.00940519244383,1.01669849779435))
REPRESENTATION_ITEM('')
);
#549=(
BOUNDED_CURVE()
B_SPLINE_CURVE(2,(#4209,#4210,#4211),.UNSPECIFIED.,.F.,.F.)
B_SPLINE_CURVE_WITH_KNOTS((3,3),(0.,0.177203113206228),.UNSPECIFIED.)
CURVE()
GEOMETRIC_REPRESENTATION_ITEM()
RATIONAL_B_SPLINE_CURVE((1.,1.00940519244383,1.01669849779435))
REPRESENTATION_ITEM('')
);
#550=(
BOUNDED_CURVE()
B_SPLINE_CURVE(2,(#4213,#4214,#4215),.UNSPECIFIED.,.F.,.F.)
B_SPLINE_CURVE_WITH_KNOTS((3,3),(1.40112878402334,1.57833189722956),
 .UNSPECIFIED.)
CURVE()
GEOMETRIC_REPRESENTATION_ITEM()
RATIONAL_B_SPLINE_CURVE((1.01669849779435,1.00940519244383,1.))
REPRESENTATION_ITEM('')
);
#551=(
BOUNDED_CURVE()
B_SPLINE_CURVE(2,(#4217,#4218,#4219),.UNSPECIFIED.,.F.,.F.)
B_SPLINE_CURVE_WITH_KNOTS((3,3),(0.,0.177203113206226),.UNSPECIFIED.)
CURVE()
GEOMETRIC_REPRESENTATION_ITEM()
RATIONAL_B_SPLINE_CURVE((1.,1.00940519244383,1.01669849779435))
REPRESENTATION_ITEM('')
);
#552=(
BOUNDED_CURVE()
B_SPLINE_CURVE(2,(#4224,#4225,#4226),.UNSPECIFIED.,.F.,.F.)
B_SPLINE_CURVE_WITH_KNOTS((3,3),(1.40112878402334,1.57833189722956),
 .UNSPECIFIED.)
CURVE()
GEOMETRIC_REPRESENTATION_ITEM()
RATIONAL_B_SPLINE_CURVE((1.01669849779435,1.00940519244383,1.))
REPRESENTATION_ITEM('')
);
#553=(
BOUNDED_CURVE()
B_SPLINE_CURVE(2,(#4228,#4229,#4230),.UNSPECIFIED.,.F.,.F.)
B_SPLINE_CURVE_WITH_KNOTS((3,3),(0.,0.177203113206225),.UNSPECIFIED.)
CURVE()
GEOMETRIC_REPRESENTATION_ITEM()
RATIONAL_B_SPLINE_CURVE((1.,1.00940519244383,1.01669849779435))
REPRESENTATION_ITEM('')
);
#554=(
BOUNDED_CURVE()
B_SPLINE_CURVE(2,(#4232,#4233,#4234),.UNSPECIFIED.,.F.,.F.)
B_SPLINE_CURVE_WITH_KNOTS((3,3),(1.40112878402334,1.57833189722957),
 .UNSPECIFIED.)
CURVE()
GEOMETRIC_REPRESENTATION_ITEM()
RATIONAL_B_SPLINE_CURVE((1.01669849779435,1.00940519244383,1.))
REPRESENTATION_ITEM('')
);
#555=(
BOUNDED_CURVE()
B_SPLINE_CURVE(2,(#4236,#4237,#4238),.UNSPECIFIED.,.F.,.F.)
B_SPLINE_CURVE_WITH_KNOTS((3,3),(0.,0.177203113206227),.UNSPECIFIED.)
CURVE()
GEOMETRIC_REPRESENTATION_ITEM()
RATIONAL_B_SPLINE_CURVE((1.,1.00940519244383,1.01669849779435))
REPRESENTATION_ITEM('')
);
#556=(
BOUNDED_CURVE()
B_SPLINE_CURVE(2,(#4240,#4241,#4242),.UNSPECIFIED.,.F.,.F.)
B_SPLINE_CURVE_WITH_KNOTS((3,3),(1.40112878402335,1.57833189722957),
 .UNSPECIFIED.)
CURVE()
GEOMETRIC_REPRESENTATION_ITEM()
RATIONAL_B_SPLINE_CURVE((1.01669849779435,1.00940519244383,1.))
REPRESENTATION_ITEM('')
);
#557=(
BOUNDED_CURVE()
B_SPLINE_CURVE(2,(#4244,#4245,#4246),.UNSPECIFIED.,.F.,.F.)
B_SPLINE_CURVE_WITH_KNOTS((3,3),(0.,0.177203113206229),.UNSPECIFIED.)
CURVE()
GEOMETRIC_REPRESENTATION_ITEM()
RATIONAL_B_SPLINE_CURVE((1.,1.00940519244383,1.01669849779435))
REPRESENTATION_ITEM('')
);
#558=(
BOUNDED_CURVE()
B_SPLINE_CURVE(2,(#4248,#4249,#4250),.UNSPECIFIED.,.F.,.F.)
B_SPLINE_CURVE_WITH_KNOTS((3,3),(1.40112878402335,1.57833189722957),
 .UNSPECIFIED.)
CURVE()
GEOMETRIC_REPRESENTATION_ITEM()
RATIONAL_B_SPLINE_CURVE((1.01669849779435,1.00940519244383,1.))
REPRESENTATION_ITEM('')
);
#559=(
BOUNDED_CURVE()
B_SPLINE_CURVE(2,(#4252,#4253,#4254),.UNSPECIFIED.,.F.,.F.)
B_SPLINE_CURVE_WITH_KNOTS((3,3),(0.,0.177203113206226),.UNSPECIFIED.)
CURVE()
GEOMETRIC_REPRESENTATION_ITEM()
RATIONAL_B_SPLINE_CURVE((1.,1.00940519244383,1.01669849779435))
REPRESENTATION_ITEM('')
);
#560=(
BOUNDED_CURVE()
B_SPLINE_CURVE(2,(#4256,#4257,#4258),.UNSPECIFIED.,.F.,.F.)
B_SPLINE_CURVE_WITH_KNOTS((3,3),(1.40112878402333,1.57833189722956),
 .UNSPECIFIED.)
CURVE()
GEOMETRIC_REPRESENTATION_ITEM()
RATIONAL_B_SPLINE_CURVE((1.01669849779435,1.00940519244383,1.))
REPRESENTATION_ITEM('')
);
#561=(
BOUNDED_CURVE()
B_SPLINE_CURVE(2,(#4260,#4261,#4262),.UNSPECIFIED.,.F.,.F.)
B_SPLINE_CURVE_WITH_KNOTS((3,3),(0.,0.177203113206225),.UNSPECIFIED.)
CURVE()
GEOMETRIC_REPRESENTATION_ITEM()
RATIONAL_B_SPLINE_CURVE((1.,1.00940519244383,1.01669849779435))
REPRESENTATION_ITEM('')
);
#562=(
BOUNDED_CURVE()
B_SPLINE_CURVE(2,(#4264,#4265,#4266),.UNSPECIFIED.,.F.,.F.)
B_SPLINE_CURVE_WITH_KNOTS((3,3),(1.40112878402332,1.57833189722955),
 .UNSPECIFIED.)
CURVE()
GEOMETRIC_REPRESENTATION_ITEM()
RATIONAL_B_SPLINE_CURVE((1.01669849779435,1.00940519244383,1.))
REPRESENTATION_ITEM('')
);
#563=(
BOUNDED_CURVE()
B_SPLINE_CURVE(2,(#4268,#4269,#4270),.UNSPECIFIED.,.F.,.F.)
B_SPLINE_CURVE_WITH_KNOTS((3,3),(0.,0.177203113206225),.UNSPECIFIED.)
CURVE()
GEOMETRIC_REPRESENTATION_ITEM()
RATIONAL_B_SPLINE_CURVE((1.,1.00940519244383,1.01669849779435))
REPRESENTATION_ITEM('')
);
#564=(
BOUNDED_CURVE()
B_SPLINE_CURVE(2,(#4272,#4273,#4274),.UNSPECIFIED.,.F.,.F.)
B_SPLINE_CURVE_WITH_KNOTS((3,3),(1.40112878402334,1.57833189722957),
 .UNSPECIFIED.)
CURVE()
GEOMETRIC_REPRESENTATION_ITEM()
RATIONAL_B_SPLINE_CURVE((1.01669849779435,1.00940519244383,1.))
REPRESENTATION_ITEM('')
);
#565=(
BOUNDED_CURVE()
B_SPLINE_CURVE(2,(#4276,#4277,#4278),.UNSPECIFIED.,.F.,.F.)
B_SPLINE_CURVE_WITH_KNOTS((3,3),(0.,0.177203113206229),.UNSPECIFIED.)
CURVE()
GEOMETRIC_REPRESENTATION_ITEM()
RATIONAL_B_SPLINE_CURVE((1.,1.00940519244383,1.01669849779435))
REPRESENTATION_ITEM('')
);
#566=(
BOUNDED_CURVE()
B_SPLINE_CURVE(2,(#4280,#4281,#4282),.UNSPECIFIED.,.F.,.F.)
B_SPLINE_CURVE_WITH_KNOTS((3,3),(1.40112878402333,1.57833189722956),
 .UNSPECIFIED.)
CURVE()
GEOMETRIC_REPRESENTATION_ITEM()
RATIONAL_B_SPLINE_CURVE((1.01669849779435,1.00940519244383,1.))
REPRESENTATION_ITEM('')
);
#567=(
BOUNDED_CURVE()
B_SPLINE_CURVE(2,(#4284,#4285,#4286),.UNSPECIFIED.,.F.,.F.)
B_SPLINE_CURVE_WITH_KNOTS((3,3),(0.,0.177203113206226),.UNSPECIFIED.)
CURVE()
GEOMETRIC_REPRESENTATION_ITEM()
RATIONAL_B_SPLINE_CURVE((1.,1.00940519244383,1.01669849779435))
REPRESENTATION_ITEM('')
);
#568=(
BOUNDED_CURVE()
B_SPLINE_CURVE(2,(#4288,#4289,#4290),.UNSPECIFIED.,.F.,.F.)
B_SPLINE_CURVE_WITH_KNOTS((3,3),(1.40112878402334,1.57833189722956),
 .UNSPECIFIED.)
CURVE()
GEOMETRIC_REPRESENTATION_ITEM()
RATIONAL_B_SPLINE_CURVE((1.01669849779435,1.00940519244383,1.))
REPRESENTATION_ITEM('')
);
#569=(
BOUNDED_CURVE()
B_SPLINE_CURVE(2,(#4292,#4293,#4294),.UNSPECIFIED.,.F.,.F.)
B_SPLINE_CURVE_WITH_KNOTS((3,3),(0.,0.177203113206226),.UNSPECIFIED.)
CURVE()
GEOMETRIC_REPRESENTATION_ITEM()
RATIONAL_B_SPLINE_CURVE((1.,1.00940519244383,1.01669849779435))
REPRESENTATION_ITEM('')
);
#570=(
BOUNDED_CURVE()
B_SPLINE_CURVE(2,(#4296,#4297,#4298),.UNSPECIFIED.,.F.,.F.)
B_SPLINE_CURVE_WITH_KNOTS((3,3),(1.40112878402334,1.57833189722957),
 .UNSPECIFIED.)
CURVE()
GEOMETRIC_REPRESENTATION_ITEM()
RATIONAL_B_SPLINE_CURVE((1.01669849779435,1.00940519244383,1.))
REPRESENTATION_ITEM('')
);
#571=(
BOUNDED_CURVE()
B_SPLINE_CURVE(2,(#4300,#4301,#4302),.UNSPECIFIED.,.F.,.F.)
B_SPLINE_CURVE_WITH_KNOTS((3,3),(0.,0.177203113206225),.UNSPECIFIED.)
CURVE()
GEOMETRIC_REPRESENTATION_ITEM()
RATIONAL_B_SPLINE_CURVE((1.,1.00940519244383,1.01669849779435))
REPRESENTATION_ITEM('')
);
#572=(
BOUNDED_CURVE()
B_SPLINE_CURVE(2,(#4304,#4305,#4306),.UNSPECIFIED.,.F.,.F.)
B_SPLINE_CURVE_WITH_KNOTS((3,3),(1.40112878402334,1.57833189722957),
 .UNSPECIFIED.)
CURVE()
GEOMETRIC_REPRESENTATION_ITEM()
RATIONAL_B_SPLINE_CURVE((1.01669849779435,1.00940519244383,1.))
REPRESENTATION_ITEM('')
);
#573=(
BOUNDED_CURVE()
B_SPLINE_CURVE(2,(#4308,#4309,#4310),.UNSPECIFIED.,.F.,.F.)
B_SPLINE_CURVE_WITH_KNOTS((3,3),(0.,0.177203113206229),.UNSPECIFIED.)
CURVE()
GEOMETRIC_REPRESENTATION_ITEM()
RATIONAL_B_SPLINE_CURVE((1.,1.00940519244383,1.01669849779435))
REPRESENTATION_ITEM('')
);
#574=(
BOUNDED_CURVE()
B_SPLINE_CURVE(2,(#4312,#4313,#4314),.UNSPECIFIED.,.F.,.F.)
B_SPLINE_CURVE_WITH_KNOTS((3,3),(1.40112878402335,1.57833189722958),
 .UNSPECIFIED.)
CURVE()
GEOMETRIC_REPRESENTATION_ITEM()
RATIONAL_B_SPLINE_CURVE((1.01669849779435,1.00940519244383,1.))
REPRESENTATION_ITEM('')
);
#575=(
BOUNDED_CURVE()
B_SPLINE_CURVE(2,(#4316,#4317,#4318),.UNSPECIFIED.,.F.,.F.)
B_SPLINE_CURVE_WITH_KNOTS((3,3),(0.,0.177203113206227),.UNSPECIFIED.)
CURVE()
GEOMETRIC_REPRESENTATION_ITEM()
RATIONAL_B_SPLINE_CURVE((1.,1.00940519244383,1.01669849779435))
REPRESENTATION_ITEM('')
);
#576=(
BOUNDED_CURVE()
B_SPLINE_CURVE(2,(#4320,#4321,#4322),.UNSPECIFIED.,.F.,.F.)
B_SPLINE_CURVE_WITH_KNOTS((3,3),(1.40112878402333,1.57833189722955),
 .UNSPECIFIED.)
CURVE()
GEOMETRIC_REPRESENTATION_ITEM()
RATIONAL_B_SPLINE_CURVE((1.01669849779435,1.00940519244383,1.))
REPRESENTATION_ITEM('')
);
#577=(
BOUNDED_CURVE()
B_SPLINE_CURVE(2,(#4324,#4325,#4326),.UNSPECIFIED.,.F.,.F.)
B_SPLINE_CURVE_WITH_KNOTS((3,3),(0.,0.177203113206226),.UNSPECIFIED.)
CURVE()
GEOMETRIC_REPRESENTATION_ITEM()
RATIONAL_B_SPLINE_CURVE((1.,1.00940519244383,1.01669849779435))
REPRESENTATION_ITEM('')
);
#578=(
BOUNDED_CURVE()
B_SPLINE_CURVE(2,(#4328,#4329,#4330),.UNSPECIFIED.,.F.,.F.)
B_SPLINE_CURVE_WITH_KNOTS((3,3),(1.40112878402334,1.57833189722957),
 .UNSPECIFIED.)
CURVE()
GEOMETRIC_REPRESENTATION_ITEM()
RATIONAL_B_SPLINE_CURVE((1.01669849779435,1.00940519244383,1.))
REPRESENTATION_ITEM('')
);
#579=(
BOUNDED_CURVE()
B_SPLINE_CURVE(2,(#4332,#4333,#4334),.UNSPECIFIED.,.F.,.F.)
B_SPLINE_CURVE_WITH_KNOTS((3,3),(0.,0.177203113206225),.UNSPECIFIED.)
CURVE()
GEOMETRIC_REPRESENTATION_ITEM()
RATIONAL_B_SPLINE_CURVE((1.,1.00940519244383,1.01669849779435))
REPRESENTATION_ITEM('')
);
#580=(
BOUNDED_CURVE()
B_SPLINE_CURVE(2,(#4336,#4337,#4338),.UNSPECIFIED.,.F.,.F.)
B_SPLINE_CURVE_WITH_KNOTS((3,3),(1.40112878402334,1.57833189722957),
 .UNSPECIFIED.)
CURVE()
GEOMETRIC_REPRESENTATION_ITEM()
RATIONAL_B_SPLINE_CURVE((1.01669849779435,1.00940519244383,1.))
REPRESENTATION_ITEM('')
);
#581=(
BOUNDED_CURVE()
B_SPLINE_CURVE(2,(#4340,#4341,#4342),.UNSPECIFIED.,.F.,.F.)
B_SPLINE_CURVE_WITH_KNOTS((3,3),(0.,0.177203113206229),.UNSPECIFIED.)
CURVE()
GEOMETRIC_REPRESENTATION_ITEM()
RATIONAL_B_SPLINE_CURVE((1.,1.00940519244383,1.01669849779435))
REPRESENTATION_ITEM('')
);
#582=(
BOUNDED_CURVE()
B_SPLINE_CURVE(2,(#4344,#4345,#4346),.UNSPECIFIED.,.F.,.F.)
B_SPLINE_CURVE_WITH_KNOTS((3,3),(1.40112878402335,1.57833189722958),
 .UNSPECIFIED.)
CURVE()
GEOMETRIC_REPRESENTATION_ITEM()
RATIONAL_B_SPLINE_CURVE((1.01669849779435,1.00940519244383,1.))
REPRESENTATION_ITEM('')
);
#583=(
BOUNDED_CURVE()
B_SPLINE_CURVE(2,(#4348,#4349,#4350),.UNSPECIFIED.,.F.,.F.)
B_SPLINE_CURVE_WITH_KNOTS((3,3),(0.,0.177203113206228),.UNSPECIFIED.)
CURVE()
GEOMETRIC_REPRESENTATION_ITEM()
RATIONAL_B_SPLINE_CURVE((1.,1.00940519244383,1.01669849779435))
REPRESENTATION_ITEM('')
);
#584=(
BOUNDED_CURVE()
B_SPLINE_CURVE(2,(#4352,#4353,#4354),.UNSPECIFIED.,.F.,.F.)
B_SPLINE_CURVE_WITH_KNOTS((3,3),(1.40112878402333,1.57833189722956),
 .UNSPECIFIED.)
CURVE()
GEOMETRIC_REPRESENTATION_ITEM()
RATIONAL_B_SPLINE_CURVE((1.01669849779435,1.00940519244383,1.))
REPRESENTATION_ITEM('')
);
#585=(
BOUNDED_CURVE()
B_SPLINE_CURVE(2,(#4356,#4357,#4358),.UNSPECIFIED.,.F.,.F.)
B_SPLINE_CURVE_WITH_KNOTS((3,3),(0.,0.177203113206226),.UNSPECIFIED.)
CURVE()
GEOMETRIC_REPRESENTATION_ITEM()
RATIONAL_B_SPLINE_CURVE((1.,1.00940519244383,1.01669849779435))
REPRESENTATION_ITEM('')
);
#586=(
BOUNDED_CURVE()
B_SPLINE_CURVE(2,(#4360,#4361,#4362),.UNSPECIFIED.,.F.,.F.)
B_SPLINE_CURVE_WITH_KNOTS((3,3),(1.40112878402334,1.57833189722956),
 .UNSPECIFIED.)
CURVE()
GEOMETRIC_REPRESENTATION_ITEM()
RATIONAL_B_SPLINE_CURVE((1.01669849779435,1.00940519244383,1.))
REPRESENTATION_ITEM('')
);
#587=(
BOUNDED_CURVE()
B_SPLINE_CURVE(2,(#4364,#4365,#4366),.UNSPECIFIED.,.F.,.F.)
B_SPLINE_CURVE_WITH_KNOTS((3,3),(0.,0.177203113206228),.UNSPECIFIED.)
CURVE()
GEOMETRIC_REPRESENTATION_ITEM()
RATIONAL_B_SPLINE_CURVE((1.,1.00940519244383,1.01669849779435))
REPRESENTATION_ITEM('')
);
#588=(
BOUNDED_CURVE()
B_SPLINE_CURVE(2,(#4368,#4369,#4370),.UNSPECIFIED.,.F.,.F.)
B_SPLINE_CURVE_WITH_KNOTS((3,3),(1.40112878402334,1.57833189722956),
 .UNSPECIFIED.)
CURVE()
GEOMETRIC_REPRESENTATION_ITEM()
RATIONAL_B_SPLINE_CURVE((1.01669849779435,1.00940519244383,1.))
REPRESENTATION_ITEM('')
);
#589=(
BOUNDED_CURVE()
B_SPLINE_CURVE(2,(#4372,#4373,#4374),.UNSPECIFIED.,.F.,.F.)
B_SPLINE_CURVE_WITH_KNOTS((3,3),(0.,0.177203113206226),.UNSPECIFIED.)
CURVE()
GEOMETRIC_REPRESENTATION_ITEM()
RATIONAL_B_SPLINE_CURVE((1.,1.00940519244383,1.01669849779435))
REPRESENTATION_ITEM('')
);
#590=(
BOUNDED_CURVE()
B_SPLINE_CURVE(2,(#4376,#4377,#4378),.UNSPECIFIED.,.F.,.F.)
B_SPLINE_CURVE_WITH_KNOTS((3,3),(1.40112878402334,1.57833189722956),
 .UNSPECIFIED.)
CURVE()
GEOMETRIC_REPRESENTATION_ITEM()
RATIONAL_B_SPLINE_CURVE((1.01669849779435,1.00940519244383,1.))
REPRESENTATION_ITEM('')
);
#591=(
BOUNDED_CURVE()
B_SPLINE_CURVE(2,(#4380,#4381,#4382),.UNSPECIFIED.,.F.,.F.)
B_SPLINE_CURVE_WITH_KNOTS((3,3),(0.,0.177203113206227),.UNSPECIFIED.)
CURVE()
GEOMETRIC_REPRESENTATION_ITEM()
RATIONAL_B_SPLINE_CURVE((1.,1.00940519244383,1.01669849779435))
REPRESENTATION_ITEM('')
);
#592=(
BOUNDED_CURVE()
B_SPLINE_CURVE(2,(#4384,#4385,#4386),.UNSPECIFIED.,.F.,.F.)
B_SPLINE_CURVE_WITH_KNOTS((3,3),(1.40112878402334,1.57833189722956),
 .UNSPECIFIED.)
CURVE()
GEOMETRIC_REPRESENTATION_ITEM()
RATIONAL_B_SPLINE_CURVE((1.01669849779435,1.00940519244383,1.))
REPRESENTATION_ITEM('')
);
#593=(
BOUNDED_CURVE()
B_SPLINE_CURVE(2,(#4388,#4389,#4390),.UNSPECIFIED.,.F.,.F.)
B_SPLINE_CURVE_WITH_KNOTS((3,3),(0.,0.177203113206228),.UNSPECIFIED.)
CURVE()
GEOMETRIC_REPRESENTATION_ITEM()
RATIONAL_B_SPLINE_CURVE((1.,1.00940519244383,1.01669849779435))
REPRESENTATION_ITEM('')
);
#594=(
BOUNDED_CURVE()
B_SPLINE_CURVE(2,(#4392,#4393,#4394),.UNSPECIFIED.,.F.,.F.)
B_SPLINE_CURVE_WITH_KNOTS((3,3),(1.40112878402334,1.57833189722957),
 .UNSPECIFIED.)
CURVE()
GEOMETRIC_REPRESENTATION_ITEM()
RATIONAL_B_SPLINE_CURVE((1.01669849779435,1.00940519244383,1.))
REPRESENTATION_ITEM('')
);
#595=(
BOUNDED_CURVE()
B_SPLINE_CURVE(2,(#4396,#4397,#4398),.UNSPECIFIED.,.F.,.F.)
B_SPLINE_CURVE_WITH_KNOTS((3,3),(0.,0.177203113206225),.UNSPECIFIED.)
CURVE()
GEOMETRIC_REPRESENTATION_ITEM()
RATIONAL_B_SPLINE_CURVE((1.,1.00940519244383,1.01669849779435))
REPRESENTATION_ITEM('')
);
#596=(
BOUNDED_CURVE()
B_SPLINE_CURVE(2,(#4400,#4401,#4402),.UNSPECIFIED.,.F.,.F.)
B_SPLINE_CURVE_WITH_KNOTS((3,3),(1.40112878402334,1.57833189722957),
 .UNSPECIFIED.)
CURVE()
GEOMETRIC_REPRESENTATION_ITEM()
RATIONAL_B_SPLINE_CURVE((1.01669849779435,1.00940519244383,1.))
REPRESENTATION_ITEM('')
);
#597=(
BOUNDED_CURVE()
B_SPLINE_CURVE(2,(#4404,#4405,#4406),.UNSPECIFIED.,.F.,.F.)
B_SPLINE_CURVE_WITH_KNOTS((3,3),(0.,0.177203113206227),.UNSPECIFIED.)
CURVE()
GEOMETRIC_REPRESENTATION_ITEM()
RATIONAL_B_SPLINE_CURVE((1.,1.00940519244383,1.01669849779435))
REPRESENTATION_ITEM('')
);
#598=(
BOUNDED_CURVE()
B_SPLINE_CURVE(2,(#4408,#4409,#4410),.UNSPECIFIED.,.F.,.F.)
B_SPLINE_CURVE_WITH_KNOTS((3,3),(1.40112878402334,1.57833189722957),
 .UNSPECIFIED.)
CURVE()
GEOMETRIC_REPRESENTATION_ITEM()
RATIONAL_B_SPLINE_CURVE((1.01669849779435,1.00940519244383,1.))
REPRESENTATION_ITEM('')
);
#599=(
BOUNDED_CURVE()
B_SPLINE_CURVE(2,(#4412,#4413,#4414),.UNSPECIFIED.,.F.,.F.)
B_SPLINE_CURVE_WITH_KNOTS((3,3),(0.,0.177203113206226),.UNSPECIFIED.)
CURVE()
GEOMETRIC_REPRESENTATION_ITEM()
RATIONAL_B_SPLINE_CURVE((1.,1.00940519244383,1.01669849779435))
REPRESENTATION_ITEM('')
);
#600=(
BOUNDED_CURVE()
B_SPLINE_CURVE(2,(#4416,#4417,#4418),.UNSPECIFIED.,.F.,.F.)
B_SPLINE_CURVE_WITH_KNOTS((3,3),(1.40112878402334,1.57833189722956),
 .UNSPECIFIED.)
CURVE()
GEOMETRIC_REPRESENTATION_ITEM()
RATIONAL_B_SPLINE_CURVE((1.01669849779435,1.00940519244383,1.))
REPRESENTATION_ITEM('')
);
#601=(
BOUNDED_CURVE()
B_SPLINE_CURVE(2,(#4420,#4421,#4422),.UNSPECIFIED.,.F.,.F.)
B_SPLINE_CURVE_WITH_KNOTS((3,3),(0.,0.177203113206228),.UNSPECIFIED.)
CURVE()
GEOMETRIC_REPRESENTATION_ITEM()
RATIONAL_B_SPLINE_CURVE((1.,1.00940519244383,1.01669849779435))
REPRESENTATION_ITEM('')
);
#602=(
BOUNDED_CURVE()
B_SPLINE_CURVE(2,(#4424,#4425,#4426),.UNSPECIFIED.,.F.,.F.)
B_SPLINE_CURVE_WITH_KNOTS((3,3),(1.40112878402334,1.57833189722956),
 .UNSPECIFIED.)
CURVE()
GEOMETRIC_REPRESENTATION_ITEM()
RATIONAL_B_SPLINE_CURVE((1.01669849779435,1.00940519244383,1.))
REPRESENTATION_ITEM('')
);
#603=(
BOUNDED_CURVE()
B_SPLINE_CURVE(2,(#4428,#4429,#4430),.UNSPECIFIED.,.F.,.F.)
B_SPLINE_CURVE_WITH_KNOTS((3,3),(0.,0.177203113206228),.UNSPECIFIED.)
CURVE()
GEOMETRIC_REPRESENTATION_ITEM()
RATIONAL_B_SPLINE_CURVE((1.,1.00940519244383,1.01669849779435))
REPRESENTATION_ITEM('')
);
#604=(
BOUNDED_CURVE()
B_SPLINE_CURVE(2,(#4432,#4433,#4434),.UNSPECIFIED.,.F.,.F.)
B_SPLINE_CURVE_WITH_KNOTS((3,3),(1.40112878402333,1.57833189722956),
 .UNSPECIFIED.)
CURVE()
GEOMETRIC_REPRESENTATION_ITEM()
RATIONAL_B_SPLINE_CURVE((1.01669849779435,1.00940519244383,1.))
REPRESENTATION_ITEM('')
);
#605=(
BOUNDED_CURVE()
B_SPLINE_CURVE(2,(#4436,#4437,#4438),.UNSPECIFIED.,.F.,.F.)
B_SPLINE_CURVE_WITH_KNOTS((3,3),(0.,0.177203113206226),.UNSPECIFIED.)
CURVE()
GEOMETRIC_REPRESENTATION_ITEM()
RATIONAL_B_SPLINE_CURVE((1.,1.00940519244383,1.01669849779435))
REPRESENTATION_ITEM('')
);
#606=(
BOUNDED_CURVE()
B_SPLINE_CURVE(2,(#4440,#4441,#4442),.UNSPECIFIED.,.F.,.F.)
B_SPLINE_CURVE_WITH_KNOTS((3,3),(1.40112878402334,1.57833189722956),
 .UNSPECIFIED.)
CURVE()
GEOMETRIC_REPRESENTATION_ITEM()
RATIONAL_B_SPLINE_CURVE((1.01669849779435,1.00940519244383,1.))
REPRESENTATION_ITEM('')
);
#607=(
BOUNDED_CURVE()
B_SPLINE_CURVE(2,(#4444,#4445,#4446),.UNSPECIFIED.,.F.,.F.)
B_SPLINE_CURVE_WITH_KNOTS((3,3),(0.,0.177203113206228),.UNSPECIFIED.)
CURVE()
GEOMETRIC_REPRESENTATION_ITEM()
RATIONAL_B_SPLINE_CURVE((1.,1.00940519244383,1.01669849779435))
REPRESENTATION_ITEM('')
);
#608=(
BOUNDED_CURVE()
B_SPLINE_CURVE(2,(#4448,#4449,#4450),.UNSPECIFIED.,.F.,.F.)
B_SPLINE_CURVE_WITH_KNOTS((3,3),(1.40112878402333,1.57833189722955),
 .UNSPECIFIED.)
CURVE()
GEOMETRIC_REPRESENTATION_ITEM()
RATIONAL_B_SPLINE_CURVE((1.01669849779435,1.00940519244383,1.))
REPRESENTATION_ITEM('')
);
#609=(
BOUNDED_CURVE()
B_SPLINE_CURVE(2,(#4452,#4453,#4454),.UNSPECIFIED.,.F.,.F.)
B_SPLINE_CURVE_WITH_KNOTS((3,3),(0.,0.177203113206226),.UNSPECIFIED.)
CURVE()
GEOMETRIC_REPRESENTATION_ITEM()
RATIONAL_B_SPLINE_CURVE((1.,1.00940519244383,1.01669849779435))
REPRESENTATION_ITEM('')
);
#610=(
BOUNDED_CURVE()
B_SPLINE_CURVE(2,(#4456,#4457,#4458),.UNSPECIFIED.,.F.,.F.)
B_SPLINE_CURVE_WITH_KNOTS((3,3),(1.40112878402333,1.57833189722956),
 .UNSPECIFIED.)
CURVE()
GEOMETRIC_REPRESENTATION_ITEM()
RATIONAL_B_SPLINE_CURVE((1.01669849779435,1.00940519244383,1.))
REPRESENTATION_ITEM('')
);
#611=(
BOUNDED_CURVE()
B_SPLINE_CURVE(2,(#4460,#4461,#4462),.UNSPECIFIED.,.F.,.F.)
B_SPLINE_CURVE_WITH_KNOTS((3,3),(0.,0.177203113206226),.UNSPECIFIED.)
CURVE()
GEOMETRIC_REPRESENTATION_ITEM()
RATIONAL_B_SPLINE_CURVE((1.,1.00940519244383,1.01669849779435))
REPRESENTATION_ITEM('')
);
#612=(
BOUNDED_CURVE()
B_SPLINE_CURVE(2,(#4464,#4465,#4466),.UNSPECIFIED.,.F.,.F.)
B_SPLINE_CURVE_WITH_KNOTS((3,3),(1.40112878402333,1.57833189722956),
 .UNSPECIFIED.)
CURVE()
GEOMETRIC_REPRESENTATION_ITEM()
RATIONAL_B_SPLINE_CURVE((1.01669849779435,1.00940519244383,1.))
REPRESENTATION_ITEM('')
);
#613=(
BOUNDED_CURVE()
B_SPLINE_CURVE(2,(#4468,#4469,#4470),.UNSPECIFIED.,.F.,.F.)
B_SPLINE_CURVE_WITH_KNOTS((3,3),(0.,0.177203113206227),.UNSPECIFIED.)
CURVE()
GEOMETRIC_REPRESENTATION_ITEM()
RATIONAL_B_SPLINE_CURVE((1.,1.00940519244383,1.01669849779435))
REPRESENTATION_ITEM('')
);
#614=(
BOUNDED_CURVE()
B_SPLINE_CURVE(2,(#4472,#4473,#4474),.UNSPECIFIED.,.F.,.F.)
B_SPLINE_CURVE_WITH_KNOTS((3,3),(1.40112878402334,1.57833189722957),
 .UNSPECIFIED.)
CURVE()
GEOMETRIC_REPRESENTATION_ITEM()
RATIONAL_B_SPLINE_CURVE((1.01669849779435,1.00940519244383,1.))
REPRESENTATION_ITEM('')
);
#615=(
BOUNDED_CURVE()
B_SPLINE_CURVE(2,(#4476,#4477,#4478),.UNSPECIFIED.,.F.,.F.)
B_SPLINE_CURVE_WITH_KNOTS((3,3),(0.,0.177203113206226),.UNSPECIFIED.)
CURVE()
GEOMETRIC_REPRESENTATION_ITEM()
RATIONAL_B_SPLINE_CURVE((1.,1.00940519244383,1.01669849779435))
REPRESENTATION_ITEM('')
);
#616=(
BOUNDED_CURVE()
B_SPLINE_CURVE(2,(#4480,#4481,#4482),.UNSPECIFIED.,.F.,.F.)
B_SPLINE_CURVE_WITH_KNOTS((3,3),(1.40112878402333,1.57833189722956),
 .UNSPECIFIED.)
CURVE()
GEOMETRIC_REPRESENTATION_ITEM()
RATIONAL_B_SPLINE_CURVE((1.01669849779435,1.00940519244383,1.))
REPRESENTATION_ITEM('')
);
#617=(
BOUNDED_CURVE()
B_SPLINE_CURVE(2,(#4484,#4485,#4486),.UNSPECIFIED.,.F.,.F.)
B_SPLINE_CURVE_WITH_KNOTS((3,3),(0.,0.177203113206225),.UNSPECIFIED.)
CURVE()
GEOMETRIC_REPRESENTATION_ITEM()
RATIONAL_B_SPLINE_CURVE((1.,1.00940519244383,1.01669849779435))
REPRESENTATION_ITEM('')
);
#618=(
BOUNDED_CURVE()
B_SPLINE_CURVE(2,(#4488,#4489,#4490),.UNSPECIFIED.,.F.,.F.)
B_SPLINE_CURVE_WITH_KNOTS((3,3),(1.40112878402333,1.57833189722955),
 .UNSPECIFIED.)
CURVE()
GEOMETRIC_REPRESENTATION_ITEM()
RATIONAL_B_SPLINE_CURVE((1.01669849779435,1.00940519244383,1.))
REPRESENTATION_ITEM('')
);
#619=(
BOUNDED_CURVE()
B_SPLINE_CURVE(2,(#4492,#4493,#4494),.UNSPECIFIED.,.F.,.F.)
B_SPLINE_CURVE_WITH_KNOTS((3,3),(0.,0.177203113206228),.UNSPECIFIED.)
CURVE()
GEOMETRIC_REPRESENTATION_ITEM()
RATIONAL_B_SPLINE_CURVE((1.,1.00940519244383,1.01669849779435))
REPRESENTATION_ITEM('')
);
#620=(
BOUNDED_CURVE()
B_SPLINE_CURVE(2,(#4495,#4496,#4497),.UNSPECIFIED.,.F.,.F.)
B_SPLINE_CURVE_WITH_KNOTS((3,3),(1.40112878402333,1.57833189722956),
 .UNSPECIFIED.)
CURVE()
GEOMETRIC_REPRESENTATION_ITEM()
RATIONAL_B_SPLINE_CURVE((1.01669849779435,1.00940519244383,1.))
REPRESENTATION_ITEM('')
);
#621=LINE('',#3772,#913);
#622=LINE('',#4062,#914);
#623=LINE('',#4064,#915);
#624=LINE('',#4065,#916);
#625=LINE('',#4068,#917);
#626=LINE('',#4069,#918);
#627=LINE('',#4072,#919);
#628=LINE('',#4073,#920);
#629=LINE('',#4076,#921);
#630=LINE('',#4077,#922);
#631=LINE('',#4080,#923);
#632=LINE('',#4081,#924);
#633=LINE('',#4084,#925);
#634=LINE('',#4085,#926);
#635=LINE('',#4088,#927);
#636=LINE('',#4089,#928);
#637=LINE('',#4092,#929);
#638=LINE('',#4093,#930);
#639=LINE('',#4096,#931);
#640=LINE('',#4097,#932);
#641=LINE('',#4100,#933);
#642=LINE('',#4101,#934);
#643=LINE('',#4104,#935);
#644=LINE('',#4105,#936);
#645=LINE('',#4108,#937);
#646=LINE('',#4109,#938);
#647=LINE('',#4112,#939);
#648=LINE('',#4113,#940);
#649=LINE('',#4116,#941);
#650=LINE('',#4117,#942);
#651=LINE('',#4120,#943);
#652=LINE('',#4121,#944);
#653=LINE('',#4124,#945);
#654=LINE('',#4125,#946);
#655=LINE('',#4128,#947);
#656=LINE('',#4129,#948);
#657=LINE('',#4132,#949);
#658=LINE('',#4133,#950);
#659=LINE('',#4136,#951);
#660=LINE('',#4137,#952);
#661=LINE('',#4140,#953);
#662=LINE('',#4141,#954);
#663=LINE('',#4144,#955);
#664=LINE('',#4145,#956);
#665=LINE('',#4148,#957);
#666=LINE('',#4149,#958);
#667=LINE('',#4152,#959);
#668=LINE('',#4153,#960);
#669=LINE('',#4156,#961);
#670=LINE('',#4157,#962);
#671=LINE('',#4160,#963);
#672=LINE('',#4161,#964);
#673=LINE('',#4164,#965);
#674=LINE('',#4165,#966);
#675=LINE('',#4168,#967);
#676=LINE('',#4169,#968);
#677=LINE('',#4172,#969);
#678=LINE('',#4173,#970);
#679=LINE('',#4176,#971);
#680=LINE('',#4177,#972);
#681=LINE('',#4180,#973);
#682=LINE('',#4181,#974);
#683=LINE('',#4184,#975);
#684=LINE('',#4185,#976);
#685=LINE('',#4188,#977);
#686=LINE('',#4189,#978);
#687=LINE('',#4192,#979);
#688=LINE('',#4193,#980);
#689=LINE('',#4196,#981);
#690=LINE('',#4197,#982);
#691=LINE('',#4200,#983);
#692=LINE('',#4201,#984);
#693=LINE('',#4204,#985);
#694=LINE('',#4205,#986);
#695=LINE('',#4221,#987);
#696=LINE('',#4500,#988);
#697=LINE('',#4502,#989);
#698=LINE('',#4503,#990);
#699=LINE('',#4506,#991);
#700=LINE('',#4507,#992);
#701=LINE('',#4510,#993);
#702=LINE('',#4511,#994);
#703=LINE('',#4514,#995);
#704=LINE('',#4515,#996);
#705=LINE('',#4518,#997);
#706=LINE('',#4519,#998);
#707=LINE('',#4522,#999);
#708=LINE('',#4523,#1000);
#709=LINE('',#4526,#1001);
#710=LINE('',#4527,#1002);
#711=LINE('',#4530,#1003);
#712=LINE('',#4531,#1004);
#713=LINE('',#4534,#1005);
#714=LINE('',#4535,#1006);
#715=LINE('',#4538,#1007);
#716=LINE('',#4539,#1008);
#717=LINE('',#4542,#1009);
#718=LINE('',#4543,#1010);
#719=LINE('',#4546,#1011);
#720=LINE('',#4547,#1012);
#721=LINE('',#4550,#1013);
#722=LINE('',#4551,#1014);
#723=LINE('',#4554,#1015);
#724=LINE('',#4555,#1016);
#725=LINE('',#4558,#1017);
#726=LINE('',#4559,#1018);
#727=LINE('',#4562,#1019);
#728=LINE('',#4563,#1020);
#729=LINE('',#4566,#1021);
#730=LINE('',#4567,#1022);
#731=LINE('',#4570,#1023);
#732=LINE('',#4571,#1024);
#733=LINE('',#4574,#1025);
#734=LINE('',#4575,#1026);
#735=LINE('',#4578,#1027);
#736=LINE('',#4579,#1028);
#737=LINE('',#4582,#1029);
#738=LINE('',#4583,#1030);
#739=LINE('',#4586,#1031);
#740=LINE('',#4587,#1032);
#741=LINE('',#4590,#1033);
#742=LINE('',#4591,#1034);
#743=LINE('',#4594,#1035);
#744=LINE('',#4595,#1036);
#745=LINE('',#4598,#1037);
#746=LINE('',#4599,#1038);
#747=LINE('',#4602,#1039);
#748=LINE('',#4603,#1040);
#749=LINE('',#4606,#1041);
#750=LINE('',#4607,#1042);
#751=LINE('',#4610,#1043);
#752=LINE('',#4611,#1044);
#753=LINE('',#4614,#1045);
#754=LINE('',#4615,#1046);
#755=LINE('',#4618,#1047);
#756=LINE('',#4619,#1048);
#757=LINE('',#4622,#1049);
#758=LINE('',#4623,#1050);
#759=LINE('',#4626,#1051);
#760=LINE('',#4627,#1052);
#761=LINE('',#4630,#1053);
#762=LINE('',#4631,#1054);
#763=LINE('',#4634,#1055);
#764=LINE('',#4635,#1056);
#765=LINE('',#4638,#1057);
#766=LINE('',#4639,#1058);
#767=LINE('',#4642,#1059);
#768=LINE('',#4643,#1060);
#769=LINE('',#4648,#1061);
#770=LINE('',#4650,#1062);
#771=LINE('',#4652,#1063);
#772=LINE('',#4654,#1064);
#773=LINE('',#4656,#1065);
#774=LINE('',#4658,#1066);
#775=LINE('',#4660,#1067);
#776=LINE('',#4662,#1068);
#777=LINE('',#4664,#1069);
#778=LINE('',#4666,#1070);
#779=LINE('',#4668,#1071);
#780=LINE('',#4670,#1072);
#781=LINE('',#4672,#1073);
#782=LINE('',#4674,#1074);
#783=LINE('',#4676,#1075);
#784=LINE('',#4678,#1076);
#785=LINE('',#4680,#1077);
#786=LINE('',#4682,#1078);
#787=LINE('',#4684,#1079);
#788=LINE('',#4686,#1080);
#789=LINE('',#4688,#1081);
#790=LINE('',#4690,#1082);
#791=LINE('',#4692,#1083);
#792=LINE('',#4694,#1084);
#793=LINE('',#4696,#1085);
#794=LINE('',#4698,#1086);
#795=LINE('',#4700,#1087);
#796=LINE('',#4702,#1088);
#797=LINE('',#4704,#1089);
#798=LINE('',#4706,#1090);
#799=LINE('',#4708,#1091);
#800=LINE('',#4710,#1092);
#801=LINE('',#4712,#1093);
#802=LINE('',#4714,#1094);
#803=LINE('',#4716,#1095);
#804=LINE('',#4717,#1096);
#805=LINE('',#4722,#1097);
#806=LINE('',#4724,#1098);
#807=LINE('',#4726,#1099);
#808=LINE('',#4728,#1100);
#809=LINE('',#4730,#1101);
#810=LINE('',#4732,#1102);
#811=LINE('',#4734,#1103);
#812=LINE('',#4736,#1104);
#813=LINE('',#4738,#1105);
#814=LINE('',#4740,#1106);
#815=LINE('',#4742,#1107);
#816=LINE('',#4744,#1108);
#817=LINE('',#4746,#1109);
#818=LINE('',#4748,#1110);
#819=LINE('',#4750,#1111);
#820=LINE('',#4752,#1112);
#821=LINE('',#4754,#1113);
#822=LINE('',#4756,#1114);
#823=LINE('',#4758,#1115);
#824=LINE('',#4760,#1116);
#825=LINE('',#4762,#1117);
#826=LINE('',#4764,#1118);
#827=LINE('',#4766,#1119);
#828=LINE('',#4768,#1120);
#829=LINE('',#4770,#1121);
#830=LINE('',#4772,#1122);
#831=LINE('',#4774,#1123);
#832=LINE('',#4776,#1124);
#833=LINE('',#4778,#1125);
#834=LINE('',#4780,#1126);
#835=LINE('',#4782,#1127);
#836=LINE('',#4784,#1128);
#837=LINE('',#4786,#1129);
#838=LINE('',#4788,#1130);
#839=LINE('',#4790,#1131);
#840=LINE('',#4791,#1132);
#841=LINE('',#4793,#1133);
#842=LINE('',#4795,#1134);
#843=LINE('',#4797,#1135);
#844=LINE('',#4799,#1136);
#845=LINE('',#4801,#1137);
#846=LINE('',#4803,#1138);
#847=LINE('',#4805,#1139);
#848=LINE('',#4807,#1140);
#849=LINE('',#4809,#1141);
#850=LINE('',#4811,#1142);
#851=LINE('',#4813,#1143);
#852=LINE('',#4815,#1144);
#853=LINE('',#4817,#1145);
#854=LINE('',#4819,#1146);
#855=LINE('',#4821,#1147);
#856=LINE('',#4823,#1148);
#857=LINE('',#4825,#1149);
#858=LINE('',#4827,#1150);
#859=LINE('',#4829,#1151);
#860=LINE('',#4831,#1152);
#861=LINE('',#4833,#1153);
#862=LINE('',#4835,#1154);
#863=LINE('',#4837,#1155);
#864=LINE('',#4839,#1156);
#865=LINE('',#4841,#1157);
#866=LINE('',#4843,#1158);
#867=LINE('',#4845,#1159);
#868=LINE('',#4847,#1160);
#869=LINE('',#4849,#1161);
#870=LINE('',#4851,#1162);
#871=LINE('',#4853,#1163);
#872=LINE('',#4855,#1164);
#873=LINE('',#4857,#1165);
#874=LINE('',#4859,#1166);
#875=LINE('',#4861,#1167);
#876=LINE('',#4863,#1168);
#877=LINE('',#4865,#1169);
#878=LINE('',#4871,#1170);
#879=LINE('',#4874,#1171);
#880=LINE('',#4876,#1172);
#881=LINE('',#4878,#1173);
#882=LINE('',#4880,#1174);
#883=LINE('',#4882,#1175);
#884=LINE('',#4884,#1176);
#885=LINE('',#4886,#1177);
#886=LINE('',#4888,#1178);
#887=LINE('',#4890,#1179);
#888=LINE('',#4892,#1180);
#889=LINE('',#4894,#1181);
#890=LINE('',#4896,#1182);
#891=LINE('',#4898,#1183);
#892=LINE('',#4900,#1184);
#893=LINE('',#4902,#1185);
#894=LINE('',#4904,#1186);
#895=LINE('',#4906,#1187);
#896=LINE('',#4908,#1188);
#897=LINE('',#4910,#1189);
#898=LINE('',#4912,#1190);
#899=LINE('',#4914,#1191);
#900=LINE('',#4916,#1192);
#901=LINE('',#4918,#1193);
#902=LINE('',#4920,#1194);
#903=LINE('',#4922,#1195);
#904=LINE('',#4924,#1196);
#905=LINE('',#4926,#1197);
#906=LINE('',#4928,#1198);
#907=LINE('',#4930,#1199);
#908=LINE('',#4932,#1200);
#909=LINE('',#4934,#1201);
#910=LINE('',#4936,#1202);
#911=LINE('',#4938,#1203);
#912=LINE('',#4940,#1204);
#913=VECTOR('',#3163,18.25);
#914=VECTOR('',#3166,10.);
#915=VECTOR('',#3167,10.);
#916=VECTOR('',#3168,10.);
#917=VECTOR('',#3171,10.);
#918=VECTOR('',#3172,10.);
#919=VECTOR('',#3175,10.);
#920=VECTOR('',#3176,10.);
#921=VECTOR('',#3179,10.);
#922=VECTOR('',#3180,10.);
#923=VECTOR('',#3183,10.);
#924=VECTOR('',#3184,10.);
#925=VECTOR('',#3187,10.);
#926=VECTOR('',#3188,10.);
#927=VECTOR('',#3191,10.);
#928=VECTOR('',#3192,10.);
#929=VECTOR('',#3195,10.);
#930=VECTOR('',#3196,10.);
#931=VECTOR('',#3199,10.);
#932=VECTOR('',#3200,10.);
#933=VECTOR('',#3203,10.);
#934=VECTOR('',#3204,10.);
#935=VECTOR('',#3207,10.);
#936=VECTOR('',#3208,10.);
#937=VECTOR('',#3211,10.);
#938=VECTOR('',#3212,10.);
#939=VECTOR('',#3215,10.);
#940=VECTOR('',#3216,10.);
#941=VECTOR('',#3219,10.);
#942=VECTOR('',#3220,10.);
#943=VECTOR('',#3223,10.);
#944=VECTOR('',#3224,10.);
#945=VECTOR('',#3227,10.);
#946=VECTOR('',#3228,10.);
#947=VECTOR('',#3231,10.);
#948=VECTOR('',#3232,10.);
#949=VECTOR('',#3235,10.);
#950=VECTOR('',#3236,10.);
#951=VECTOR('',#3239,10.);
#952=VECTOR('',#3240,10.);
#953=VECTOR('',#3243,10.);
#954=VECTOR('',#3244,10.);
#955=VECTOR('',#3247,10.);
#956=VECTOR('',#3248,10.);
#957=VECTOR('',#3251,10.);
#958=VECTOR('',#3252,10.);
#959=VECTOR('',#3255,10.);
#960=VECTOR('',#3256,10.);
#961=VECTOR('',#3259,10.);
#962=VECTOR('',#3260,10.);
#963=VECTOR('',#3263,10.);
#964=VECTOR('',#3264,10.);
#965=VECTOR('',#3267,10.);
#966=VECTOR('',#3268,10.);
#967=VECTOR('',#3271,10.);
#968=VECTOR('',#3272,10.);
#969=VECTOR('',#3275,10.);
#970=VECTOR('',#3276,10.);
#971=VECTOR('',#3279,10.);
#972=VECTOR('',#3280,10.);
#973=VECTOR('',#3283,10.);
#974=VECTOR('',#3284,10.);
#975=VECTOR('',#3287,10.);
#976=VECTOR('',#3288,10.);
#977=VECTOR('',#3291,10.);
#978=VECTOR('',#3292,10.);
#979=VECTOR('',#3295,10.);
#980=VECTOR('',#3296,10.);
#981=VECTOR('',#3299,10.);
#982=VECTOR('',#3300,10.);
#983=VECTOR('',#3303,10.);
#984=VECTOR('',#3304,10.);
#985=VECTOR('',#3307,10.);
#986=VECTOR('',#3308,10.);
#987=VECTOR('',#3311,18.25);
#988=VECTOR('',#3316,10.);
#989=VECTOR('',#3317,10.);
#990=VECTOR('',#3318,10.);
#991=VECTOR('',#3321,10.);
#992=VECTOR('',#3322,10.);
#993=VECTOR('',#3325,10.);
#994=VECTOR('',#3326,10.);
#995=VECTOR('',#3329,10.);
#996=VECTOR('',#3330,10.);
#997=VECTOR('',#3333,10.);
#998=VECTOR('',#3334,10.);
#999=VECTOR('',#3337,10.);
#1000=VECTOR('',#3338,10.);
#1001=VECTOR('',#3341,10.);
#1002=VECTOR('',#3342,10.);
#1003=VECTOR('',#3345,10.);
#1004=VECTOR('',#3346,10.);
#1005=VECTOR('',#3349,10.);
#1006=VECTOR('',#3350,10.);
#1007=VECTOR('',#3353,10.);
#1008=VECTOR('',#3354,10.);
#1009=VECTOR('',#3357,10.);
#1010=VECTOR('',#3358,10.);
#1011=VECTOR('',#3361,10.);
#1012=VECTOR('',#3362,10.);
#1013=VECTOR('',#3365,10.);
#1014=VECTOR('',#3366,10.);
#1015=VECTOR('',#3369,10.);
#1016=VECTOR('',#3370,10.);
#1017=VECTOR('',#3373,10.);
#1018=VECTOR('',#3374,10.);
#1019=VECTOR('',#3377,10.);
#1020=VECTOR('',#3378,10.);
#1021=VECTOR('',#3381,10.);
#1022=VECTOR('',#3382,10.);
#1023=VECTOR('',#3385,10.);
#1024=VECTOR('',#3386,10.);
#1025=VECTOR('',#3389,10.);
#1026=VECTOR('',#3390,10.);
#1027=VECTOR('',#3393,10.);
#1028=VECTOR('',#3394,10.);
#1029=VECTOR('',#3397,10.);
#1030=VECTOR('',#3398,10.);
#1031=VECTOR('',#3401,10.);
#1032=VECTOR('',#3402,10.);
#1033=VECTOR('',#3405,10.);
#1034=VECTOR('',#3406,10.);
#1035=VECTOR('',#3409,10.);
#1036=VECTOR('',#3410,10.);
#1037=VECTOR('',#3413,10.);
#1038=VECTOR('',#3414,10.);
#1039=VECTOR('',#3417,10.);
#1040=VECTOR('',#3418,10.);
#1041=VECTOR('',#3421,10.);
#1042=VECTOR('',#3422,10.);
#1043=VECTOR('',#3425,10.);
#1044=VECTOR('',#3426,10.);
#1045=VECTOR('',#3429,10.);
#1046=VECTOR('',#3430,10.);
#1047=VECTOR('',#3433,10.);
#1048=VECTOR('',#3434,10.);
#1049=VECTOR('',#3437,10.);
#1050=VECTOR('',#3438,10.);
#1051=VECTOR('',#3441,10.);
#1052=VECTOR('',#3442,10.);
#1053=VECTOR('',#3445,10.);
#1054=VECTOR('',#3446,10.);
#1055=VECTOR('',#3449,10.);
#1056=VECTOR('',#3450,10.);
#1057=VECTOR('',#3453,10.);
#1058=VECTOR('',#3454,10.);
#1059=VECTOR('',#3457,10.);
#1060=VECTOR('',#3458,10.);
#1061=VECTOR('',#3463,10.);
#1062=VECTOR('',#3464,10.);
#1063=VECTOR('',#3465,10.);
#1064=VECTOR('',#3466,10.);
#1065=VECTOR('',#3467,10.);
#1066=VECTOR('',#3468,10.);
#1067=VECTOR('',#3469,10.);
#1068=VECTOR('',#3470,10.);
#1069=VECTOR('',#3471,10.);
#1070=VECTOR('',#3472,10.);
#1071=VECTOR('',#3473,10.);
#1072=VECTOR('',#3474,10.);
#1073=VECTOR('',#3475,10.);
#1074=VECTOR('',#3476,10.);
#1075=VECTOR('',#3477,10.);
#1076=VECTOR('',#3478,10.);
#1077=VECTOR('',#3479,10.);
#1078=VECTOR('',#3480,10.);
#1079=VECTOR('',#3481,10.);
#1080=VECTOR('',#3482,10.);
#1081=VECTOR('',#3483,10.);
#1082=VECTOR('',#3484,10.);
#1083=VECTOR('',#3485,10.);
#1084=VECTOR('',#3486,10.);
#1085=VECTOR('',#3487,10.);
#1086=VECTOR('',#3488,10.);
#1087=VECTOR('',#3489,10.);
#1088=VECTOR('',#3490,10.);
#1089=VECTOR('',#3491,10.);
#1090=VECTOR('',#3492,10.);
#1091=VECTOR('',#3493,10.);
#1092=VECTOR('',#3494,10.);
#1093=VECTOR('',#3495,10.);
#1094=VECTOR('',#3496,10.);
#1095=VECTOR('',#3497,10.);
#1096=VECTOR('',#3498,10.);
#1097=VECTOR('',#3503,10.);
#1098=VECTOR('',#3504,10.);
#1099=VECTOR('',#3505,10.);
#1100=VECTOR('',#3506,10.);
#1101=VECTOR('',#3507,10.);
#1102=VECTOR('',#3508,10.);
#1103=VECTOR('',#3509,10.);
#1104=VECTOR('',#3510,10.);
#1105=VECTOR('',#3511,10.);
#1106=VECTOR('',#3512,10.);
#1107=VECTOR('',#3513,10.);
#1108=VECTOR('',#3514,10.);
#1109=VECTOR('',#3515,10.);
#1110=VECTOR('',#3516,10.);
#1111=VECTOR('',#3517,10.);
#1112=VECTOR('',#3518,10.);
#1113=VECTOR('',#3519,10.);
#1114=VECTOR('',#3520,10.);
#1115=VECTOR('',#3521,10.);
#1116=VECTOR('',#3522,10.);
#1117=VECTOR('',#3523,10.);
#1118=VECTOR('',#3524,10.);
#1119=VECTOR('',#3525,10.);
#1120=VECTOR('',#3526,10.);
#1121=VECTOR('',#3527,10.);
#1122=VECTOR('',#3528,10.);
#1123=VECTOR('',#3529,10.);
#1124=VECTOR('',#3530,10.);
#1125=VECTOR('',#3531,10.);
#1126=VECTOR('',#3532,10.);
#1127=VECTOR('',#3533,10.);
#1128=VECTOR('',#3534,10.);
#1129=VECTOR('',#3535,10.);
#1130=VECTOR('',#3536,10.);
#1131=VECTOR('',#3537,10.);
#1132=VECTOR('',#3538,10.);
#1133=VECTOR('',#3541,23.);
#1134=VECTOR('',#3544,10.);
#1135=VECTOR('',#3547,10.);
#1136=VECTOR('',#3550,10.);
#1137=VECTOR('',#3553,10.);
#1138=VECTOR('',#3556,10.);
#1139=VECTOR('',#3559,10.);
#1140=VECTOR('',#3562,10.);
#1141=VECTOR('',#3565,10.);
#1142=VECTOR('',#3568,10.);
#1143=VECTOR('',#3571,10.);
#1144=VECTOR('',#3574,10.);
#1145=VECTOR('',#3577,10.);
#1146=VECTOR('',#3580,10.);
#1147=VECTOR('',#3583,10.);
#1148=VECTOR('',#3586,10.);
#1149=VECTOR('',#3589,10.);
#1150=VECTOR('',#3592,10.);
#1151=VECTOR('',#3595,10.);
#1152=VECTOR('',#3598,10.);
#1153=VECTOR('',#3601,10.);
#1154=VECTOR('',#3604,10.);
#1155=VECTOR('',#3607,10.);
#1156=VECTOR('',#3610,10.);
#1157=VECTOR('',#3613,10.);
#1158=VECTOR('',#3616,10.);
#1159=VECTOR('',#3619,10.);
#1160=VECTOR('',#3622,10.);
#1161=VECTOR('',#3625,10.);
#1162=VECTOR('',#3628,10.);
#1163=VECTOR('',#3631,10.);
#1164=VECTOR('',#3634,10.);
#1165=VECTOR('',#3637,10.);
#1166=VECTOR('',#3640,10.);
#1167=VECTOR('',#3643,10.);
#1168=VECTOR('',#3646,10.);
#1169=VECTOR('',#3649,10.);
#1170=VECTOR('',#3656,17.);
#1171=VECTOR('',#3661,10.);
#1172=VECTOR('',#3664,10.);
#1173=VECTOR('',#3667,10.);
#1174=VECTOR('',#3670,10.);
#1175=VECTOR('',#3673,10.);
#1176=VECTOR('',#3676,10.);
#1177=VECTOR('',#3679,10.);
#1178=VECTOR('',#3682,10.);
#1179=VECTOR('',#3685,10.);
#1180=VECTOR('',#3688,10.);
#1181=VECTOR('',#3691,10.);
#1182=VECTOR('',#3694,10.);
#1183=VECTOR('',#3697,10.);
#1184=VECTOR('',#3700,10.);
#1185=VECTOR('',#3703,10.);
#1186=VECTOR('',#3706,10.);
#1187=VECTOR('',#3709,10.);
#1188=VECTOR('',#3712,10.);
#1189=VECTOR('',#3715,10.);
#1190=VECTOR('',#3718,10.);
#1191=VECTOR('',#3721,10.);
#1192=VECTOR('',#3724,10.);
#1193=VECTOR('',#3727,10.);
#1194=VECTOR('',#3730,10.);
#1195=VECTOR('',#3733,10.);
#1196=VECTOR('',#3736,10.);
#1197=VECTOR('',#3739,10.);
#1198=VECTOR('',#3742,10.);
#1199=VECTOR('',#3745,10.);
#1200=VECTOR('',#3748,10.);
#1201=VECTOR('',#3751,10.);
#1202=VECTOR('',#3754,10.);
#1203=VECTOR('',#3757,10.);
#1204=VECTOR('',#3760,10.);
#1205=CIRCLE('',#3000,17.5);
#1206=CIRCLE('',#3038,17.5);
#1207=CIRCLE('',#3076,23.);
#1208=CIRCLE('',#3078,23.);
#1209=CIRCLE('',#3118,17.);
#1210=CIRCLE('',#3119,17.);
#1211=VERTEX_POINT('',#3769);
#1212=VERTEX_POINT('',#3771);
#1213=VERTEX_POINT('',#3773);
#1214=VERTEX_POINT('',#3777);
#1215=VERTEX_POINT('',#3781);
#1216=VERTEX_POINT('',#3785);
#1217=VERTEX_POINT('',#3789);
#1218=VERTEX_POINT('',#3793);
#1219=VERTEX_POINT('',#3797);
#1220=VERTEX_POINT('',#3801);
#1221=VERTEX_POINT('',#3805);
#1222=VERTEX_POINT('',#3809);
#1223=VERTEX_POINT('',#3813);
#1224=VERTEX_POINT('',#3817);
#1225=VERTEX_POINT('',#3821);
#1226=VERTEX_POINT('',#3825);
#1227=VERTEX_POINT('',#3829);
#1228=VERTEX_POINT('',#3833);
#1229=VERTEX_POINT('',#3837);
#1230=VERTEX_POINT('',#3841);
#1231=VERTEX_POINT('',#3845);
#1232=VERTEX_POINT('',#3849);
#1233=VERTEX_POINT('',#3853);
#1234=VERTEX_POINT('',#3857);
#1235=VERTEX_POINT('',#3861);
#1236=VERTEX_POINT('',#3865);
#1237=VERTEX_POINT('',#3869);
#1238=VERTEX_POINT('',#3873);
#1239=VERTEX_POINT('',#3877);
#1240=VERTEX_POINT('',#3881);
#1241=VERTEX_POINT('',#3885);
#1242=VERTEX_POINT('',#3889);
#1243=VERTEX_POINT('',#3893);
#1244=VERTEX_POINT('',#3897);
#1245=VERTEX_POINT('',#3901);
#1246=VERTEX_POINT('',#3905);
#1247=VERTEX_POINT('',#3909);
#1248=VERTEX_POINT('',#3913);
#1249=VERTEX_POINT('',#3917);
#1250=VERTEX_POINT('',#3921);
#1251=VERTEX_POINT('',#3925);
#1252=VERTEX_POINT('',#3929);
#1253=VERTEX_POINT('',#3933);
#1254=VERTEX_POINT('',#3937);
#1255=VERTEX_POINT('',#3941);
#1256=VERTEX_POINT('',#3945);
#1257=VERTEX_POINT('',#3949);
#1258=VERTEX_POINT('',#3953);
#1259=VERTEX_POINT('',#3957);
#1260=VERTEX_POINT('',#3961);
#1261=VERTEX_POINT('',#3965);
#1262=VERTEX_POINT('',#3969);
#1263=VERTEX_POINT('',#3973);
#1264=VERTEX_POINT('',#3977);
#1265=VERTEX_POINT('',#3981);
#1266=VERTEX_POINT('',#3985);
#1267=VERTEX_POINT('',#3989);
#1268=VERTEX_POINT('',#3993);
#1269=VERTEX_POINT('',#3997);
#1270=VERTEX_POINT('',#4001);
#1271=VERTEX_POINT('',#4005);
#1272=VERTEX_POINT('',#4009);
#1273=VERTEX_POINT('',#4013);
#1274=VERTEX_POINT('',#4017);
#1275=VERTEX_POINT('',#4021);
#1276=VERTEX_POINT('',#4025);
#1277=VERTEX_POINT('',#4029);
#1278=VERTEX_POINT('',#4033);
#1279=VERTEX_POINT('',#4037);
#1280=VERTEX_POINT('',#4041);
#1281=VERTEX_POINT('',#4045);
#1282=VERTEX_POINT('',#4049);
#1283=VERTEX_POINT('',#4053);
#1284=VERTEX_POINT('',#4061);
#1285=VERTEX_POINT('',#4063);
#1286=VERTEX_POINT('',#4067);
#1287=VERTEX_POINT('',#4071);
#1288=VERTEX_POINT('',#4075);
#1289=VERTEX_POINT('',#4079);
#1290=VERTEX_POINT('',#4083);
#1291=VERTEX_POINT('',#4087);
#1292=VERTEX_POINT('',#4091);
#1293=VERTEX_POINT('',#4095);
#1294=VERTEX_POINT('',#4099);
#1295=VERTEX_POINT('',#4103);
#1296=VERTEX_POINT('',#4107);
#1297=VERTEX_POINT('',#4111);
#1298=VERTEX_POINT('',#4115);
#1299=VERTEX_POINT('',#4119);
#1300=VERTEX_POINT('',#4123);
#1301=VERTEX_POINT('',#4127);
#1302=VERTEX_POINT('',#4131);
#1303=VERTEX_POINT('',#4135);
#1304=VERTEX_POINT('',#4139);
#1305=VERTEX_POINT('',#4143);
#1306=VERTEX_POINT('',#4147);
#1307=VERTEX_POINT('',#4151);
#1308=VERTEX_POINT('',#4155);
#1309=VERTEX_POINT('',#4159);
#1310=VERTEX_POINT('',#4163);
#1311=VERTEX_POINT('',#4167);
#1312=VERTEX_POINT('',#4171);
#1313=VERTEX_POINT('',#4175);
#1314=VERTEX_POINT('',#4179);
#1315=VERTEX_POINT('',#4183);
#1316=VERTEX_POINT('',#4187);
#1317=VERTEX_POINT('',#4191);
#1318=VERTEX_POINT('',#4195);
#1319=VERTEX_POINT('',#4199);
#1320=VERTEX_POINT('',#4203);
#1321=VERTEX_POINT('',#4207);
#1322=VERTEX_POINT('',#4208);
#1323=VERTEX_POINT('',#4212);
#1324=VERTEX_POINT('',#4216);
#1325=VERTEX_POINT('',#4220);
#1326=VERTEX_POINT('',#4223);
#1327=VERTEX_POINT('',#4227);
#1328=VERTEX_POINT('',#4231);
#1329=VERTEX_POINT('',#4235);
#1330=VERTEX_POINT('',#4239);
#1331=VERTEX_POINT('',#4243);
#1332=VERTEX_POINT('',#4247);
#1333=VERTEX_POINT('',#4251);
#1334=VERTEX_POINT('',#4255);
#1335=VERTEX_POINT('',#4259);
#1336=VERTEX_POINT('',#4263);
#1337=VERTEX_POINT('',#4267);
#1338=VERTEX_POINT('',#4271);
#1339=VERTEX_POINT('',#4275);
#1340=VERTEX_POINT('',#4279);
#1341=VERTEX_POINT('',#4283);
#1342=VERTEX_POINT('',#4287);
#1343=VERTEX_POINT('',#4291);
#1344=VERTEX_POINT('',#4295);
#1345=VERTEX_POINT('',#4299);
#1346=VERTEX_POINT('',#4303);
#1347=VERTEX_POINT('',#4307);
#1348=VERTEX_POINT('',#4311);
#1349=VERTEX_POINT('',#4315);
#1350=VERTEX_POINT('',#4319);
#1351=VERTEX_POINT('',#4323);
#1352=VERTEX_POINT('',#4327);
#1353=VERTEX_POINT('',#4331);
#1354=VERTEX_POINT('',#4335);
#1355=VERTEX_POINT('',#4339);
#1356=VERTEX_POINT('',#4343);
#1357=VERTEX_POINT('',#4347);
#1358=VERTEX_POINT('',#4351);
#1359=VERTEX_POINT('',#4355);
#1360=VERTEX_POINT('',#4359);
#1361=VERTEX_POINT('',#4363);
#1362=VERTEX_POINT('',#4367);
#1363=VERTEX_POINT('',#4371);
#1364=VERTEX_POINT('',#4375);
#1365=VERTEX_POINT('',#4379);
#1366=VERTEX_POINT('',#4383);
#1367=VERTEX_POINT('',#4387);
#1368=VERTEX_POINT('',#4391);
#1369=VERTEX_POINT('',#4395);
#1370=VERTEX_POINT('',#4399);
#1371=VERTEX_POINT('',#4403);
#1372=VERTEX_POINT('',#4407);
#1373=VERTEX_POINT('',#4411);
#1374=VERTEX_POINT('',#4415);
#1375=VERTEX_POINT('',#4419);
#1376=VERTEX_POINT('',#4423);
#1377=VERTEX_POINT('',#4427);
#1378=VERTEX_POINT('',#4431);
#1379=VERTEX_POINT('',#4435);
#1380=VERTEX_POINT('',#4439);
#1381=VERTEX_POINT('',#4443);
#1382=VERTEX_POINT('',#4447);
#1383=VERTEX_POINT('',#4451);
#1384=VERTEX_POINT('',#4455);
#1385=VERTEX_POINT('',#4459);
#1386=VERTEX_POINT('',#4463);
#1387=VERTEX_POINT('',#4467);
#1388=VERTEX_POINT('',#4471);
#1389=VERTEX_POINT('',#4475);
#1390=VERTEX_POINT('',#4479);
#1391=VERTEX_POINT('',#4483);
#1392=VERTEX_POINT('',#4487);
#1393=VERTEX_POINT('',#4491);
#1394=VERTEX_POINT('',#4499);
#1395=VERTEX_POINT('',#4501);
#1396=VERTEX_POINT('',#4505);
#1397=VERTEX_POINT('',#4509);
#1398=VERTEX_POINT('',#4513);
#1399=VERTEX_POINT('',#4517);
#1400=VERTEX_POINT('',#4521);
#1401=VERTEX_POINT('',#4525);
#1402=VERTEX_POINT('',#4529);
#1403=VERTEX_POINT('',#4533);
#1404=VERTEX_POINT('',#4537);
#1405=VERTEX_POINT('',#4541);
#1406=VERTEX_POINT('',#4545);
#1407=VERTEX_POINT('',#4549);
#1408=VERTEX_POINT('',#4553);
#1409=VERTEX_POINT('',#4557);
#1410=VERTEX_POINT('',#4561);
#1411=VERTEX_POINT('',#4565);
#1412=VERTEX_POINT('',#4569);
#1413=VERTEX_POINT('',#4573);
#1414=VERTEX_POINT('',#4577);
#1415=VERTEX_POINT('',#4581);
#1416=VERTEX_POINT('',#4585);
#1417=VERTEX_POINT('',#4589);
#1418=VERTEX_POINT('',#4593);
#1419=VERTEX_POINT('',#4597);
#1420=VERTEX_POINT('',#4601);
#1421=VERTEX_POINT('',#4605);
#1422=VERTEX_POINT('',#4609);
#1423=VERTEX_POINT('',#4613);
#1424=VERTEX_POINT('',#4617);
#1425=VERTEX_POINT('',#4621);
#1426=VERTEX_POINT('',#4625);
#1427=VERTEX_POINT('',#4629);
#1428=VERTEX_POINT('',#4633);
#1429=VERTEX_POINT('',#4637);
#1430=VERTEX_POINT('',#4641);
#1431=VERTEX_POINT('',#4645);
#1432=VERTEX_POINT('',#4647);
#1433=VERTEX_POINT('',#4649);
#1434=VERTEX_POINT('',#4651);
#1435=VERTEX_POINT('',#4653);
#1436=VERTEX_POINT('',#4655);
#1437=VERTEX_POINT('',#4657);
#1438=VERTEX_POINT('',#4659);
#1439=VERTEX_POINT('',#4661);
#1440=VERTEX_POINT('',#4663);
#1441=VERTEX_POINT('',#4665);
#1442=VERTEX_POINT('',#4667);
#1443=VERTEX_POINT('',#4669);
#1444=VERTEX_POINT('',#4671);
#1445=VERTEX_POINT('',#4673);
#1446=VERTEX_POINT('',#4675);
#1447=VERTEX_POINT('',#4677);
#1448=VERTEX_POINT('',#4679);
#1449=VERTEX_POINT('',#4681);
#1450=VERTEX_POINT('',#4683);
#1451=VERTEX_POINT('',#4685);
#1452=VERTEX_POINT('',#4687);
#1453=VERTEX_POINT('',#4689);
#1454=VERTEX_POINT('',#4691);
#1455=VERTEX_POINT('',#4693);
#1456=VERTEX_POINT('',#4695);
#1457=VERTEX_POINT('',#4697);
#1458=VERTEX_POINT('',#4699);
#1459=VERTEX_POINT('',#4701);
#1460=VERTEX_POINT('',#4703);
#1461=VERTEX_POINT('',#4705);
#1462=VERTEX_POINT('',#4707);
#1463=VERTEX_POINT('',#4709);
#1464=VERTEX_POINT('',#4711);
#1465=VERTEX_POINT('',#4713);
#1466=VERTEX_POINT('',#4715);
#1467=VERTEX_POINT('',#4719);
#1468=VERTEX_POINT('',#4721);
#1469=VERTEX_POINT('',#4723);
#1470=VERTEX_POINT('',#4725);
#1471=VERTEX_POINT('',#4727);
#1472=VERTEX_POINT('',#4729);
#1473=VERTEX_POINT('',#4731);
#1474=VERTEX_POINT('',#4733);
#1475=VERTEX_POINT('',#4735);
#1476=VERTEX_POINT('',#4737);
#1477=VERTEX_POINT('',#4739);
#1478=VERTEX_POINT('',#4741);
#1479=VERTEX_POINT('',#4743);
#1480=VERTEX_POINT('',#4745);
#1481=VERTEX_POINT('',#4747);
#1482=VERTEX_POINT('',#4749);
#1483=VERTEX_POINT('',#4751);
#1484=VERTEX_POINT('',#4753);
#1485=VERTEX_POINT('',#4755);
#1486=VERTEX_POINT('',#4757);
#1487=VERTEX_POINT('',#4759);
#1488=VERTEX_POINT('',#4761);
#1489=VERTEX_POINT('',#4763);
#1490=VERTEX_POINT('',#4765);
#1491=VERTEX_POINT('',#4767);
#1492=VERTEX_POINT('',#4769);
#1493=VERTEX_POINT('',#4771);
#1494=VERTEX_POINT('',#4773);
#1495=VERTEX_POINT('',#4775);
#1496=VERTEX_POINT('',#4777);
#1497=VERTEX_POINT('',#4779);
#1498=VERTEX_POINT('',#4781);
#1499=VERTEX_POINT('',#4783);
#1500=VERTEX_POINT('',#4785);
#1501=VERTEX_POINT('',#4787);
#1502=VERTEX_POINT('',#4789);
#1503=VERTEX_POINT('',#4868);
#1504=VERTEX_POINT('',#4870);
#1505=EDGE_CURVE('',#1211,#1211,#1205,.T.);
#1506=EDGE_CURVE('',#1211,#1212,#621,.T.);
#1507=EDGE_CURVE('',#1213,#1212,#477,.T.);
#1508=EDGE_CURVE('',#1214,#1213,#478,.T.);
#1509=EDGE_CURVE('',#1215,#1214,#479,.T.);
#1510=EDGE_CURVE('',#1216,#1215,#480,.T.);
#1511=EDGE_CURVE('',#1217,#1216,#481,.T.);
#1512=EDGE_CURVE('',#1218,#1217,#482,.T.);
#1513=EDGE_CURVE('',#1219,#1218,#483,.T.);
#1514=EDGE_CURVE('',#1220,#1219,#484,.T.);
#1515=EDGE_CURVE('',#1221,#1220,#485,.T.);
#1516=EDGE_CURVE('',#1222,#1221,#486,.T.);
#1517=EDGE_CURVE('',#1223,#1222,#487,.T.);
#1518=EDGE_CURVE('',#1224,#1223,#488,.T.);
#1519=EDGE_CURVE('',#1225,#1224,#489,.T.);
#1520=EDGE_CURVE('',#1226,#1225,#490,.T.);
#1521=EDGE_CURVE('',#1227,#1226,#491,.T.);
#1522=EDGE_CURVE('',#1228,#1227,#492,.T.);
#1523=EDGE_CURVE('',#1229,#1228,#493,.T.);
#1524=EDGE_CURVE('',#1230,#1229,#494,.T.);
#1525=EDGE_CURVE('',#1231,#1230,#495,.T.);
#1526=EDGE_CURVE('',#1232,#1231,#496,.T.);
#1527=EDGE_CURVE('',#1233,#1232,#497,.T.);
#1528=EDGE_CURVE('',#1234,#1233,#498,.T.);
#1529=EDGE_CURVE('',#1235,#1234,#499,.T.);
#1530=EDGE_CURVE('',#1236,#1235,#500,.T.);
#1531=EDGE_CURVE('',#1237,#1236,#501,.T.);
#1532=EDGE_CURVE('',#1238,#1237,#502,.T.);
#1533=EDGE_CURVE('',#1239,#1238,#503,.T.);
#1534=EDGE_CURVE('',#1240,#1239,#504,.T.);
#1535=EDGE_CURVE('',#1241,#1240,#505,.T.);
#1536=EDGE_CURVE('',#1242,#1241,#506,.T.);
#1537=EDGE_CURVE('',#1243,#1242,#507,.T.);
#1538=EDGE_CURVE('',#1244,#1243,#508,.T.);
#1539=EDGE_CURVE('',#1245,#1244,#509,.T.);
#1540=EDGE_CURVE('',#1246,#1245,#510,.T.);
#1541=EDGE_CURVE('',#1247,#1246,#511,.T.);
#1542=EDGE_CURVE('',#1248,#1247,#512,.T.);
#1543=EDGE_CURVE('',#1249,#1248,#513,.T.);
#1544=EDGE_CURVE('',#1250,#1249,#514,.T.);
#1545=EDGE_CURVE('',#1251,#1250,#515,.T.);
#1546=EDGE_CURVE('',#1252,#1251,#516,.T.);
#1547=EDGE_CURVE('',#1253,#1252,#517,.T.);
#1548=EDGE_CURVE('',#1254,#1253,#518,.T.);
#1549=EDGE_CURVE('',#1255,#1254,#519,.T.);
#1550=EDGE_CURVE('',#1256,#1255,#520,.T.);
#1551=EDGE_CURVE('',#1257,#1256,#521,.T.);
#1552=EDGE_CURVE('',#1258,#1257,#522,.T.);
#1553=EDGE_CURVE('',#1259,#1258,#523,.T.);
#1554=EDGE_CURVE('',#1260,#1259,#524,.T.);
#1555=EDGE_CURVE('',#1261,#1260,#525,.T.);
#1556=EDGE_CURVE('',#1262,#1261,#526,.T.);
#1557=EDGE_CURVE('',#1263,#1262,#527,.T.);
#1558=EDGE_CURVE('',#1264,#1263,#528,.T.);
#1559=EDGE_CURVE('',#1265,#1264,#529,.T.);
#1560=EDGE_CURVE('',#1266,#1265,#530,.T.);
#1561=EDGE_CURVE('',#1267,#1266,#531,.T.);
#1562=EDGE_CURVE('',#1268,#1267,#532,.T.);
#1563=EDGE_CURVE('',#1269,#1268,#533,.T.);
#1564=EDGE_CURVE('',#1270,#1269,#534,.T.);
#1565=EDGE_CURVE('',#1271,#1270,#535,.T.);
#1566=EDGE_CURVE('',#1272,#1271,#536,.T.);
#1567=EDGE_CURVE('',#1273,#1272,#537,.T.);
#1568=EDGE_CURVE('',#1274,#1273,#538,.T.);
#1569=EDGE_CURVE('',#1275,#1274,#539,.T.);
#1570=EDGE_CURVE('',#1276,#1275,#540,.T.);
#1571=EDGE_CURVE('',#1277,#1276,#541,.T.);
#1572=EDGE_CURVE('',#1278,#1277,#542,.T.);
#1573=EDGE_CURVE('',#1279,#1278,#543,.T.);
#1574=EDGE_CURVE('',#1280,#1279,#544,.T.);
#1575=EDGE_CURVE('',#1281,#1280,#545,.T.);
#1576=EDGE_CURVE('',#1282,#1281,#546,.T.);
#1577=EDGE_CURVE('',#1283,#1282,#547,.T.);
#1578=EDGE_CURVE('',#1212,#1283,#548,.T.);
#1579=EDGE_CURVE('',#1249,#1284,#622,.T.);
#1580=EDGE_CURVE('',#1284,#1285,#623,.T.);
#1581=EDGE_CURVE('',#1250,#1285,#624,.T.);
#1582=EDGE_CURVE('',#1248,#1286,#625,.T.);
#1583=EDGE_CURVE('',#1286,#1284,#626,.T.);
#1584=EDGE_CURVE('',#1247,#1287,#627,.T.);
#1585=EDGE_CURVE('',#1287,#1286,#628,.T.);
#1586=EDGE_CURVE('',#1246,#1288,#629,.T.);
#1587=EDGE_CURVE('',#1288,#1287,#630,.T.);
#1588=EDGE_CURVE('',#1245,#1289,#631,.T.);
#1589=EDGE_CURVE('',#1289,#1288,#632,.T.);
#1590=EDGE_CURVE('',#1244,#1290,#633,.T.);
#1591=EDGE_CURVE('',#1290,#1289,#634,.T.);
#1592=EDGE_CURVE('',#1243,#1291,#635,.T.);
#1593=EDGE_CURVE('',#1291,#1290,#636,.T.);
#1594=EDGE_CURVE('',#1242,#1292,#637,.T.);
#1595=EDGE_CURVE('',#1292,#1291,#638,.T.);
#1596=EDGE_CURVE('',#1241,#1293,#639,.T.);
#1597=EDGE_CURVE('',#1293,#1292,#640,.T.);
#1598=EDGE_CURVE('',#1240,#1294,#641,.T.);
#1599=EDGE_CURVE('',#1294,#1293,#642,.T.);
#1600=EDGE_CURVE('',#1239,#1295,#643,.T.);
#1601=EDGE_CURVE('',#1295,#1294,#644,.T.);
#1602=EDGE_CURVE('',#1238,#1296,#645,.T.);
#1603=EDGE_CURVE('',#1296,#1295,#646,.T.);
#1604=EDGE_CURVE('',#1237,#1297,#647,.T.);
#1605=EDGE_CURVE('',#1297,#1296,#648,.T.);
#1606=EDGE_CURVE('',#1236,#1298,#649,.T.);
#1607=EDGE_CURVE('',#1298,#1297,#650,.T.);
#1608=EDGE_CURVE('',#1235,#1299,#651,.T.);
#1609=EDGE_CURVE('',#1299,#1298,#652,.T.);
#1610=EDGE_CURVE('',#1234,#1300,#653,.T.);
#1611=EDGE_CURVE('',#1300,#1299,#654,.T.);
#1612=EDGE_CURVE('',#1233,#1301,#655,.T.);
#1613=EDGE_CURVE('',#1301,#1300,#656,.T.);
#1614=EDGE_CURVE('',#1232,#1302,#657,.T.);
#1615=EDGE_CURVE('',#1302,#1301,#658,.T.);
#1616=EDGE_CURVE('',#1231,#1303,#659,.T.);
#1617=EDGE_CURVE('',#1303,#1302,#660,.T.);
#1618=EDGE_CURVE('',#1230,#1304,#661,.T.);
#1619=EDGE_CURVE('',#1304,#1303,#662,.T.);
#1620=EDGE_CURVE('',#1229,#1305,#663,.T.);
#1621=EDGE_CURVE('',#1305,#1304,#664,.T.);
#1622=EDGE_CURVE('',#1228,#1306,#665,.T.);
#1623=EDGE_CURVE('',#1306,#1305,#666,.T.);
#1624=EDGE_CURVE('',#1227,#1307,#667,.T.);
#1625=EDGE_CURVE('',#1307,#1306,#668,.T.);
#1626=EDGE_CURVE('',#1226,#1308,#669,.T.);
#1627=EDGE_CURVE('',#1308,#1307,#670,.T.);
#1628=EDGE_CURVE('',#1225,#1309,#671,.T.);
#1629=EDGE_CURVE('',#1309,#1308,#672,.T.);
#1630=EDGE_CURVE('',#1224,#1310,#673,.T.);
#1631=EDGE_CURVE('',#1310,#1309,#674,.T.);
#1632=EDGE_CURVE('',#1223,#1311,#675,.T.);
#1633=EDGE_CURVE('',#1311,#1310,#676,.T.);
#1634=EDGE_CURVE('',#1222,#1312,#677,.T.);
#1635=EDGE_CURVE('',#1312,#1311,#678,.T.);
#1636=EDGE_CURVE('',#1221,#1313,#679,.T.);
#1637=EDGE_CURVE('',#1313,#1312,#680,.T.);
#1638=EDGE_CURVE('',#1220,#1314,#681,.T.);
#1639=EDGE_CURVE('',#1314,#1313,#682,.T.);
#1640=EDGE_CURVE('',#1219,#1315,#683,.T.);
#1641=EDGE_CURVE('',#1315,#1314,#684,.T.);
#1642=EDGE_CURVE('',#1218,#1316,#685,.T.);
#1643=EDGE_CURVE('',#1316,#1315,#686,.T.);
#1644=EDGE_CURVE('',#1217,#1317,#687,.T.);
#1645=EDGE_CURVE('',#1317,#1316,#688,.T.);
#1646=EDGE_CURVE('',#1216,#1318,#689,.T.);
#1647=EDGE_CURVE('',#1318,#1317,#690,.T.);
#1648=EDGE_CURVE('',#1215,#1319,#691,.T.);
#1649=EDGE_CURVE('',#1319,#1318,#692,.T.);
#1650=EDGE_CURVE('',#1214,#1320,#693,.T.);
#1651=EDGE_CURVE('',#1320,#1319,#694,.T.);
#1652=EDGE_CURVE('',#1321,#1322,#549,.T.);
#1653=EDGE_CURVE('',#1323,#1321,#550,.T.);
#1654=EDGE_CURVE('',#1324,#1323,#551,.T.);
#1655=EDGE_CURVE('',#1324,#1325,#695,.T.);
#1656=EDGE_CURVE('',#1325,#1325,#1206,.T.);
#1657=EDGE_CURVE('',#1326,#1324,#552,.T.);
#1658=EDGE_CURVE('',#1327,#1326,#553,.T.);
#1659=EDGE_CURVE('',#1328,#1327,#554,.T.);
#1660=EDGE_CURVE('',#1329,#1328,#555,.T.);
#1661=EDGE_CURVE('',#1330,#1329,#556,.T.);
#1662=EDGE_CURVE('',#1331,#1330,#557,.T.);
#1663=EDGE_CURVE('',#1332,#1331,#558,.T.);
#1664=EDGE_CURVE('',#1333,#1332,#559,.T.);
#1665=EDGE_CURVE('',#1334,#1333,#560,.T.);
#1666=EDGE_CURVE('',#1335,#1334,#561,.T.);
#1667=EDGE_CURVE('',#1336,#1335,#562,.T.);
#1668=EDGE_CURVE('',#1337,#1336,#563,.T.);
#1669=EDGE_CURVE('',#1338,#1337,#564,.T.);
#1670=EDGE_CURVE('',#1339,#1338,#565,.T.);
#1671=EDGE_CURVE('',#1340,#1339,#566,.T.);
#1672=EDGE_CURVE('',#1341,#1340,#567,.T.);
#1673=EDGE_CURVE('',#1342,#1341,#568,.T.);
#1674=EDGE_CURVE('',#1343,#1342,#569,.T.);
#1675=EDGE_CURVE('',#1344,#1343,#570,.T.);
#1676=EDGE_CURVE('',#1345,#1344,#571,.T.);
#1677=EDGE_CURVE('',#1346,#1345,#572,.T.);
#1678=EDGE_CURVE('',#1347,#1346,#573,.T.);
#1679=EDGE_CURVE('',#1348,#1347,#574,.T.);
#1680=EDGE_CURVE('',#1349,#1348,#575,.T.);
#1681=EDGE_CURVE('',#1350,#1349,#576,.T.);
#1682=EDGE_CURVE('',#1351,#1350,#577,.T.);
#1683=EDGE_CURVE('',#1352,#1351,#578,.T.);
#1684=EDGE_CURVE('',#1353,#1352,#579,.T.);
#1685=EDGE_CURVE('',#1354,#1353,#580,.T.);
#1686=EDGE_CURVE('',#1355,#1354,#581,.T.);
#1687=EDGE_CURVE('',#1356,#1355,#582,.T.);
#1688=EDGE_CURVE('',#1357,#1356,#583,.T.);
#1689=EDGE_CURVE('',#1358,#1357,#584,.T.);
#1690=EDGE_CURVE('',#1359,#1358,#585,.T.);
#1691=EDGE_CURVE('',#1360,#1359,#586,.T.);
#1692=EDGE_CURVE('',#1361,#1360,#587,.T.);
#1693=EDGE_CURVE('',#1362,#1361,#588,.T.);
#1694=EDGE_CURVE('',#1363,#1362,#589,.T.);
#1695=EDGE_CURVE('',#1364,#1363,#590,.T.);
#1696=EDGE_CURVE('',#1365,#1364,#591,.T.);
#1697=EDGE_CURVE('',#1366,#1365,#592,.T.);
#1698=EDGE_CURVE('',#1367,#1366,#593,.T.);
#1699=EDGE_CURVE('',#1368,#1367,#594,.T.);
#1700=EDGE_CURVE('',#1369,#1368,#595,.T.);
#1701=EDGE_CURVE('',#1370,#1369,#596,.T.);
#1702=EDGE_CURVE('',#1371,#1370,#597,.T.);
#1703=EDGE_CURVE('',#1372,#1371,#598,.T.);
#1704=EDGE_CURVE('',#1373,#1372,#599,.T.);
#1705=EDGE_CURVE('',#1374,#1373,#600,.T.);
#1706=EDGE_CURVE('',#1375,#1374,#601,.T.);
#1707=EDGE_CURVE('',#1376,#1375,#602,.T.);
#1708=EDGE_CURVE('',#1377,#1376,#603,.T.);
#1709=EDGE_CURVE('',#1378,#1377,#604,.T.);
#1710=EDGE_CURVE('',#1379,#1378,#605,.T.);
#1711=EDGE_CURVE('',#1380,#1379,#606,.T.);
#1712=EDGE_CURVE('',#1381,#1380,#607,.T.);
#1713=EDGE_CURVE('',#1382,#1381,#608,.T.);
#1714=EDGE_CURVE('',#1383,#1382,#609,.T.);
#1715=EDGE_CURVE('',#1384,#1383,#610,.T.);
#1716=EDGE_CURVE('',#1385,#1384,#611,.T.);
#1717=EDGE_CURVE('',#1386,#1385,#612,.T.);
#1718=EDGE_CURVE('',#1387,#1386,#613,.T.);
#1719=EDGE_CURVE('',#1388,#1387,#614,.T.);
#1720=EDGE_CURVE('',#1389,#1388,#615,.T.);
#1721=EDGE_CURVE('',#1390,#1389,#616,.T.);
#1722=EDGE_CURVE('',#1391,#1390,#617,.T.);
#1723=EDGE_CURVE('',#1392,#1391,#618,.T.);
#1724=EDGE_CURVE('',#1393,#1392,#619,.T.);
#1725=EDGE_CURVE('',#1322,#1393,#620,.T.);
#1726=EDGE_CURVE('',#1394,#1359,#696,.T.);
#1727=EDGE_CURVE('',#1394,#1395,#697,.T.);
#1728=EDGE_CURVE('',#1395,#1360,#698,.T.);
#1729=EDGE_CURVE('',#1396,#1358,#699,.T.);
#1730=EDGE_CURVE('',#1396,#1394,#700,.T.);
#1731=EDGE_CURVE('',#1397,#1357,#701,.T.);
#1732=EDGE_CURVE('',#1397,#1396,#702,.T.);
#1733=EDGE_CURVE('',#1398,#1356,#703,.T.);
#1734=EDGE_CURVE('',#1398,#1397,#704,.T.);
#1735=EDGE_CURVE('',#1399,#1355,#705,.T.);
#1736=EDGE_CURVE('',#1399,#1398,#706,.T.);
#1737=EDGE_CURVE('',#1400,#1354,#707,.T.);
#1738=EDGE_CURVE('',#1400,#1399,#708,.T.);
#1739=EDGE_CURVE('',#1401,#1353,#709,.T.);
#1740=EDGE_CURVE('',#1401,#1400,#710,.T.);
#1741=EDGE_CURVE('',#1402,#1352,#711,.T.);
#1742=EDGE_CURVE('',#1402,#1401,#712,.T.);
#1743=EDGE_CURVE('',#1403,#1351,#713,.T.);
#1744=EDGE_CURVE('',#1403,#1402,#714,.T.);
#1745=EDGE_CURVE('',#1404,#1350,#715,.T.);
#1746=EDGE_CURVE('',#1404,#1403,#716,.T.);
#1747=EDGE_CURVE('',#1405,#1349,#717,.T.);
#1748=EDGE_CURVE('',#1405,#1404,#718,.T.);
#1749=EDGE_CURVE('',#1406,#1348,#719,.T.);
#1750=EDGE_CURVE('',#1406,#1405,#720,.T.);
#1751=EDGE_CURVE('',#1407,#1347,#721,.T.);
#1752=EDGE_CURVE('',#1407,#1406,#722,.T.);
#1753=EDGE_CURVE('',#1408,#1346,#723,.T.);
#1754=EDGE_CURVE('',#1408,#1407,#724,.T.);
#1755=EDGE_CURVE('',#1409,#1345,#725,.T.);
#1756=EDGE_CURVE('',#1409,#1408,#726,.T.);
#1757=EDGE_CURVE('',#1410,#1344,#727,.T.);
#1758=EDGE_CURVE('',#1410,#1409,#728,.T.);
#1759=EDGE_CURVE('',#1411,#1343,#729,.T.);
#1760=EDGE_CURVE('',#1411,#1410,#730,.T.);
#1761=EDGE_CURVE('',#1412,#1342,#731,.T.);
#1762=EDGE_CURVE('',#1412,#1411,#732,.T.);
#1763=EDGE_CURVE('',#1413,#1341,#733,.T.);
#1764=EDGE_CURVE('',#1413,#1412,#734,.T.);
#1765=EDGE_CURVE('',#1414,#1340,#735,.T.);
#1766=EDGE_CURVE('',#1414,#1413,#736,.T.);
#1767=EDGE_CURVE('',#1415,#1339,#737,.T.);
#1768=EDGE_CURVE('',#1415,#1414,#738,.T.);
#1769=EDGE_CURVE('',#1416,#1338,#739,.T.);
#1770=EDGE_CURVE('',#1416,#1415,#740,.T.);
#1771=EDGE_CURVE('',#1417,#1337,#741,.T.);
#1772=EDGE_CURVE('',#1417,#1416,#742,.T.);
#1773=EDGE_CURVE('',#1418,#1336,#743,.T.);
#1774=EDGE_CURVE('',#1418,#1417,#744,.T.);
#1775=EDGE_CURVE('',#1419,#1335,#745,.T.);
#1776=EDGE_CURVE('',#1419,#1418,#746,.T.);
#1777=EDGE_CURVE('',#1420,#1334,#747,.T.);
#1778=EDGE_CURVE('',#1420,#1419,#748,.T.);
#1779=EDGE_CURVE('',#1421,#1333,#749,.T.);
#1780=EDGE_CURVE('',#1421,#1420,#750,.T.);
#1781=EDGE_CURVE('',#1422,#1332,#751,.T.);
#1782=EDGE_CURVE('',#1422,#1421,#752,.T.);
#1783=EDGE_CURVE('',#1423,#1331,#753,.T.);
#1784=EDGE_CURVE('',#1423,#1422,#754,.T.);
#1785=EDGE_CURVE('',#1424,#1330,#755,.T.);
#1786=EDGE_CURVE('',#1424,#1423,#756,.T.);
#1787=EDGE_CURVE('',#1425,#1329,#757,.T.);
#1788=EDGE_CURVE('',#1425,#1424,#758,.T.);
#1789=EDGE_CURVE('',#1426,#1328,#759,.T.);
#1790=EDGE_CURVE('',#1426,#1425,#760,.T.);
#1791=EDGE_CURVE('',#1427,#1327,#761,.T.);
#1792=EDGE_CURVE('',#1427,#1426,#762,.T.);
#1793=EDGE_CURVE('',#1428,#1326,#763,.T.);
#1794=EDGE_CURVE('',#1428,#1427,#764,.T.);
#1795=EDGE_CURVE('',#1429,#1324,#765,.T.);
#1796=EDGE_CURVE('',#1429,#1428,#766,.T.);
#1797=EDGE_CURVE('',#1430,#1323,#767,.T.);
#1798=EDGE_CURVE('',#1430,#1429,#768,.T.);
#1799=EDGE_CURVE('',#1431,#1431,#1207,.T.);
#1800=EDGE_CURVE('',#1432,#1430,#769,.T.);
#1801=EDGE_CURVE('',#1433,#1432,#770,.T.);
#1802=EDGE_CURVE('',#1434,#1433,#771,.T.);
#1803=EDGE_CURVE('',#1435,#1434,#772,.T.);
#1804=EDGE_CURVE('',#1436,#1435,#773,.T.);
#1805=EDGE_CURVE('',#1437,#1436,#774,.T.);
#1806=EDGE_CURVE('',#1438,#1437,#775,.T.);
#1807=EDGE_CURVE('',#1439,#1438,#776,.T.);
#1808=EDGE_CURVE('',#1440,#1439,#777,.T.);
#1809=EDGE_CURVE('',#1441,#1440,#778,.T.);
#1810=EDGE_CURVE('',#1442,#1441,#779,.T.);
#1811=EDGE_CURVE('',#1443,#1442,#780,.T.);
#1812=EDGE_CURVE('',#1444,#1443,#781,.T.);
#1813=EDGE_CURVE('',#1445,#1444,#782,.T.);
#1814=EDGE_CURVE('',#1446,#1445,#783,.T.);
#1815=EDGE_CURVE('',#1447,#1446,#784,.T.);
#1816=EDGE_CURVE('',#1448,#1447,#785,.T.);
#1817=EDGE_CURVE('',#1449,#1448,#786,.T.);
#1818=EDGE_CURVE('',#1450,#1449,#787,.T.);
#1819=EDGE_CURVE('',#1451,#1450,#788,.T.);
#1820=EDGE_CURVE('',#1452,#1451,#789,.T.);
#1821=EDGE_CURVE('',#1453,#1452,#790,.T.);
#1822=EDGE_CURVE('',#1454,#1453,#791,.T.);
#1823=EDGE_CURVE('',#1455,#1454,#792,.T.);
#1824=EDGE_CURVE('',#1456,#1455,#793,.T.);
#1825=EDGE_CURVE('',#1457,#1456,#794,.T.);
#1826=EDGE_CURVE('',#1458,#1457,#795,.T.);
#1827=EDGE_CURVE('',#1459,#1458,#796,.T.);
#1828=EDGE_CURVE('',#1460,#1459,#797,.T.);
#1829=EDGE_CURVE('',#1461,#1460,#798,.T.);
#1830=EDGE_CURVE('',#1462,#1461,#799,.T.);
#1831=EDGE_CURVE('',#1463,#1462,#800,.T.);
#1832=EDGE_CURVE('',#1464,#1463,#801,.T.);
#1833=EDGE_CURVE('',#1465,#1464,#802,.T.);
#1834=EDGE_CURVE('',#1466,#1465,#803,.T.);
#1835=EDGE_CURVE('',#1395,#1466,#804,.T.);
#1836=EDGE_CURVE('',#1467,#1467,#1208,.T.);
#1837=EDGE_CURVE('',#1468,#1320,#805,.T.);
#1838=EDGE_CURVE('',#1469,#1468,#806,.T.);
#1839=EDGE_CURVE('',#1470,#1469,#807,.T.);
#1840=EDGE_CURVE('',#1471,#1470,#808,.T.);
#1841=EDGE_CURVE('',#1472,#1471,#809,.T.);
#1842=EDGE_CURVE('',#1473,#1472,#810,.T.);
#1843=EDGE_CURVE('',#1474,#1473,#811,.T.);
#1844=EDGE_CURVE('',#1475,#1474,#812,.T.);
#1845=EDGE_CURVE('',#1476,#1475,#813,.T.);
#1846=EDGE_CURVE('',#1477,#1476,#814,.T.);
#1847=EDGE_CURVE('',#1478,#1477,#815,.T.);
#1848=EDGE_CURVE('',#1479,#1478,#816,.T.);
#1849=EDGE_CURVE('',#1480,#1479,#817,.T.);
#1850=EDGE_CURVE('',#1481,#1480,#818,.T.);
#1851=EDGE_CURVE('',#1482,#1481,#819,.T.);
#1852=EDGE_CURVE('',#1483,#1482,#820,.T.);
#1853=EDGE_CURVE('',#1484,#1483,#821,.T.);
#1854=EDGE_CURVE('',#1485,#1484,#822,.T.);
#1855=EDGE_CURVE('',#1486,#1485,#823,.T.);
#1856=EDGE_CURVE('',#1487,#1486,#824,.T.);
#1857=EDGE_CURVE('',#1488,#1487,#825,.T.);
#1858=EDGE_CURVE('',#1489,#1488,#826,.T.);
#1859=EDGE_CURVE('',#1490,#1489,#827,.T.);
#1860=EDGE_CURVE('',#1491,#1490,#828,.T.);
#1861=EDGE_CURVE('',#1492,#1491,#829,.T.);
#1862=EDGE_CURVE('',#1493,#1492,#830,.T.);
#1863=EDGE_CURVE('',#1494,#1493,#831,.T.);
#1864=EDGE_CURVE('',#1495,#1494,#832,.T.);
#1865=EDGE_CURVE('',#1496,#1495,#833,.T.);
#1866=EDGE_CURVE('',#1497,#1496,#834,.T.);
#1867=EDGE_CURVE('',#1498,#1497,#835,.T.);
#1868=EDGE_CURVE('',#1499,#1498,#836,.T.);
#1869=EDGE_CURVE('',#1500,#1499,#837,.T.);
#1870=EDGE_CURVE('',#1501,#1500,#838,.T.);
#1871=EDGE_CURVE('',#1502,#1501,#839,.T.);
#1872=EDGE_CURVE('',#1285,#1502,#840,.T.);
#1873=EDGE_CURVE('',#1431,#1467,#841,.T.);
#1874=EDGE_CURVE('',#1213,#1468,#842,.T.);
#1875=EDGE_CURVE('',#1432,#1321,#843,.T.);
#1876=EDGE_CURVE('',#1212,#1469,#844,.T.);
#1877=EDGE_CURVE('',#1283,#1470,#845,.T.);
#1878=EDGE_CURVE('',#1282,#1471,#846,.T.);
#1879=EDGE_CURVE('',#1281,#1472,#847,.T.);
#1880=EDGE_CURVE('',#1280,#1473,#848,.T.);
#1881=EDGE_CURVE('',#1279,#1474,#849,.T.);
#1882=EDGE_CURVE('',#1278,#1475,#850,.T.);
#1883=EDGE_CURVE('',#1277,#1476,#851,.T.);
#1884=EDGE_CURVE('',#1276,#1477,#852,.T.);
#1885=EDGE_CURVE('',#1275,#1478,#853,.T.);
#1886=EDGE_CURVE('',#1274,#1479,#854,.T.);
#1887=EDGE_CURVE('',#1273,#1480,#855,.T.);
#1888=EDGE_CURVE('',#1272,#1481,#856,.T.);
#1889=EDGE_CURVE('',#1271,#1482,#857,.T.);
#1890=EDGE_CURVE('',#1270,#1483,#858,.T.);
#1891=EDGE_CURVE('',#1269,#1484,#859,.T.);
#1892=EDGE_CURVE('',#1268,#1485,#860,.T.);
#1893=EDGE_CURVE('',#1267,#1486,#861,.T.);
#1894=EDGE_CURVE('',#1266,#1487,#862,.T.);
#1895=EDGE_CURVE('',#1265,#1488,#863,.T.);
#1896=EDGE_CURVE('',#1264,#1489,#864,.T.);
#1897=EDGE_CURVE('',#1263,#1490,#865,.T.);
#1898=EDGE_CURVE('',#1262,#1491,#866,.T.);
#1899=EDGE_CURVE('',#1261,#1492,#867,.T.);
#1900=EDGE_CURVE('',#1260,#1493,#868,.T.);
#1901=EDGE_CURVE('',#1259,#1494,#869,.T.);
#1902=EDGE_CURVE('',#1258,#1495,#870,.T.);
#1903=EDGE_CURVE('',#1257,#1496,#871,.T.);
#1904=EDGE_CURVE('',#1256,#1497,#872,.T.);
#1905=EDGE_CURVE('',#1255,#1498,#873,.T.);
#1906=EDGE_CURVE('',#1254,#1499,#874,.T.);
#1907=EDGE_CURVE('',#1253,#1500,#875,.T.);
#1908=EDGE_CURVE('',#1252,#1501,#876,.T.);
#1909=EDGE_CURVE('',#1251,#1502,#877,.T.);
#1910=EDGE_CURVE('',#1503,#1503,#1209,.T.);
#1911=EDGE_CURVE('',#1503,#1504,#878,.T.);
#1912=EDGE_CURVE('',#1504,#1504,#1210,.T.);
#1913=EDGE_CURVE('',#1433,#1322,#879,.T.);
#1914=EDGE_CURVE('',#1434,#1393,#880,.T.);
#1915=EDGE_CURVE('',#1435,#1392,#881,.T.);
#1916=EDGE_CURVE('',#1436,#1391,#882,.T.);
#1917=EDGE_CURVE('',#1437,#1390,#883,.T.);
#1918=EDGE_CURVE('',#1438,#1389,#884,.T.);
#1919=EDGE_CURVE('',#1439,#1388,#885,.T.);
#1920=EDGE_CURVE('',#1440,#1387,#886,.T.);
#1921=EDGE_CURVE('',#1441,#1386,#887,.T.);
#1922=EDGE_CURVE('',#1442,#1385,#888,.T.);
#1923=EDGE_CURVE('',#1443,#1384,#889,.T.);
#1924=EDGE_CURVE('',#1444,#1383,#890,.T.);
#1925=EDGE_CURVE('',#1445,#1382,#891,.T.);
#1926=EDGE_CURVE('',#1446,#1381,#892,.T.);
#1927=EDGE_CURVE('',#1447,#1380,#893,.T.);
#1928=EDGE_CURVE('',#1448,#1379,#894,.T.);
#1929=EDGE_CURVE('',#1449,#1378,#895,.T.);
#1930=EDGE_CURVE('',#1450,#1377,#896,.T.);
#1931=EDGE_CURVE('',#1451,#1376,#897,.T.);
#1932=EDGE_CURVE('',#1452,#1375,#898,.T.);
#1933=EDGE_CURVE('',#1453,#1374,#899,.T.);
#1934=EDGE_CURVE('',#1454,#1373,#900,.T.);
#1935=EDGE_CURVE('',#1455,#1372,#901,.T.);
#1936=EDGE_CURVE('',#1456,#1371,#902,.T.);
#1937=EDGE_CURVE('',#1457,#1370,#903,.T.);
#1938=EDGE_CURVE('',#1458,#1369,#904,.T.);
#1939=EDGE_CURVE('',#1459,#1368,#905,.T.);
#1940=EDGE_CURVE('',#1460,#1367,#906,.T.);
#1941=EDGE_CURVE('',#1461,#1366,#907,.T.);
#1942=EDGE_CURVE('',#1462,#1365,#908,.T.);
#1943=EDGE_CURVE('',#1463,#1364,#909,.T.);
#1944=EDGE_CURVE('',#1464,#1363,#910,.T.);
#1945=EDGE_CURVE('',#1465,#1362,#911,.T.);
#1946=EDGE_CURVE('',#1466,#1361,#912,.T.);
#1947=ORIENTED_EDGE('',*,*,#1505,.F.);
#1948=ORIENTED_EDGE('',*,*,#1506,.T.);
#1949=ORIENTED_EDGE('',*,*,#1507,.F.);
#1950=ORIENTED_EDGE('',*,*,#1508,.F.);
#1951=ORIENTED_EDGE('',*,*,#1509,.F.);
#1952=ORIENTED_EDGE('',*,*,#1510,.F.);
#1953=ORIENTED_EDGE('',*,*,#1511,.F.);
#1954=ORIENTED_EDGE('',*,*,#1512,.F.);
#1955=ORIENTED_EDGE('',*,*,#1513,.F.);
#1956=ORIENTED_EDGE('',*,*,#1514,.F.);
#1957=ORIENTED_EDGE('',*,*,#1515,.F.);
#1958=ORIENTED_EDGE('',*,*,#1516,.F.);
#1959=ORIENTED_EDGE('',*,*,#1517,.F.);
#1960=ORIENTED_EDGE('',*,*,#1518,.F.);
#1961=ORIENTED_EDGE('',*,*,#1519,.F.);
#1962=ORIENTED_EDGE('',*,*,#1520,.F.);
#1963=ORIENTED_EDGE('',*,*,#1521,.F.);
#1964=ORIENTED_EDGE('',*,*,#1522,.F.);
#1965=ORIENTED_EDGE('',*,*,#1523,.F.);
#1966=ORIENTED_EDGE('',*,*,#1524,.F.);
#1967=ORIENTED_EDGE('',*,*,#1525,.F.);
#1968=ORIENTED_EDGE('',*,*,#1526,.F.);
#1969=ORIENTED_EDGE('',*,*,#1527,.F.);
#1970=ORIENTED_EDGE('',*,*,#1528,.F.);
#1971=ORIENTED_EDGE('',*,*,#1529,.F.);
#1972=ORIENTED_EDGE('',*,*,#1530,.F.);
#1973=ORIENTED_EDGE('',*,*,#1531,.F.);
#1974=ORIENTED_EDGE('',*,*,#1532,.F.);
#1975=ORIENTED_EDGE('',*,*,#1533,.F.);
#1976=ORIENTED_EDGE('',*,*,#1534,.F.);
#1977=ORIENTED_EDGE('',*,*,#1535,.F.);
#1978=ORIENTED_EDGE('',*,*,#1536,.F.);
#1979=ORIENTED_EDGE('',*,*,#1537,.F.);
#1980=ORIENTED_EDGE('',*,*,#1538,.F.);
#1981=ORIENTED_EDGE('',*,*,#1539,.F.);
#1982=ORIENTED_EDGE('',*,*,#1540,.F.);
#1983=ORIENTED_EDGE('',*,*,#1541,.F.);
#1984=ORIENTED_EDGE('',*,*,#1542,.F.);
#1985=ORIENTED_EDGE('',*,*,#1543,.F.);
#1986=ORIENTED_EDGE('',*,*,#1544,.F.);
#1987=ORIENTED_EDGE('',*,*,#1545,.F.);
#1988=ORIENTED_EDGE('',*,*,#1546,.F.);
#1989=ORIENTED_EDGE('',*,*,#1547,.F.);
#1990=ORIENTED_EDGE('',*,*,#1548,.F.);
#1991=ORIENTED_EDGE('',*,*,#1549,.F.);
#1992=ORIENTED_EDGE('',*,*,#1550,.F.);
#1993=ORIENTED_EDGE('',*,*,#1551,.F.);
#1994=ORIENTED_EDGE('',*,*,#1552,.F.);
#1995=ORIENTED_EDGE('',*,*,#1553,.F.);
#1996=ORIENTED_EDGE('',*,*,#1554,.F.);
#1997=ORIENTED_EDGE('',*,*,#1555,.F.);
#1998=ORIENTED_EDGE('',*,*,#1556,.F.);
#1999=ORIENTED_EDGE('',*,*,#1557,.F.);
#2000=ORIENTED_EDGE('',*,*,#1558,.F.);
#2001=ORIENTED_EDGE('',*,*,#1559,.F.);
#2002=ORIENTED_EDGE('',*,*,#1560,.F.);
#2003=ORIENTED_EDGE('',*,*,#1561,.F.);
#2004=ORIENTED_EDGE('',*,*,#1562,.F.);
#2005=ORIENTED_EDGE('',*,*,#1563,.F.);
#2006=ORIENTED_EDGE('',*,*,#1564,.F.);
#2007=ORIENTED_EDGE('',*,*,#1565,.F.);
#2008=ORIENTED_EDGE('',*,*,#1566,.F.);
#2009=ORIENTED_EDGE('',*,*,#1567,.F.);
#2010=ORIENTED_EDGE('',*,*,#1568,.F.);
#2011=ORIENTED_EDGE('',*,*,#1569,.F.);
#2012=ORIENTED_EDGE('',*,*,#1570,.F.);
#2013=ORIENTED_EDGE('',*,*,#1571,.F.);
#2014=ORIENTED_EDGE('',*,*,#1572,.F.);
#2015=ORIENTED_EDGE('',*,*,#1573,.F.);
#2016=ORIENTED_EDGE('',*,*,#1574,.F.);
#2017=ORIENTED_EDGE('',*,*,#1575,.F.);
#2018=ORIENTED_EDGE('',*,*,#1576,.F.);
#2019=ORIENTED_EDGE('',*,*,#1577,.F.);
#2020=ORIENTED_EDGE('',*,*,#1578,.F.);
#2021=ORIENTED_EDGE('',*,*,#1506,.F.);
#2022=ORIENTED_EDGE('',*,*,#1544,.T.);
#2023=ORIENTED_EDGE('',*,*,#1579,.T.);
#2024=ORIENTED_EDGE('',*,*,#1580,.T.);
#2025=ORIENTED_EDGE('',*,*,#1581,.F.);
#2026=ORIENTED_EDGE('',*,*,#1543,.T.);
#2027=ORIENTED_EDGE('',*,*,#1582,.T.);
#2028=ORIENTED_EDGE('',*,*,#1583,.T.);
#2029=ORIENTED_EDGE('',*,*,#1579,.F.);
#2030=ORIENTED_EDGE('',*,*,#1542,.T.);
#2031=ORIENTED_EDGE('',*,*,#1584,.T.);
#2032=ORIENTED_EDGE('',*,*,#1585,.T.);
#2033=ORIENTED_EDGE('',*,*,#1582,.F.);
#2034=ORIENTED_EDGE('',*,*,#1541,.T.);
#2035=ORIENTED_EDGE('',*,*,#1586,.T.);
#2036=ORIENTED_EDGE('',*,*,#1587,.T.);
#2037=ORIENTED_EDGE('',*,*,#1584,.F.);
#2038=ORIENTED_EDGE('',*,*,#1540,.T.);
#2039=ORIENTED_EDGE('',*,*,#1588,.T.);
#2040=ORIENTED_EDGE('',*,*,#1589,.T.);
#2041=ORIENTED_EDGE('',*,*,#1586,.F.);
#2042=ORIENTED_EDGE('',*,*,#1539,.T.);
#2043=ORIENTED_EDGE('',*,*,#1590,.T.);
#2044=ORIENTED_EDGE('',*,*,#1591,.T.);
#2045=ORIENTED_EDGE('',*,*,#1588,.F.);
#2046=ORIENTED_EDGE('',*,*,#1538,.T.);
#2047=ORIENTED_EDGE('',*,*,#1592,.T.);
#2048=ORIENTED_EDGE('',*,*,#1593,.T.);
#2049=ORIENTED_EDGE('',*,*,#1590,.F.);
#2050=ORIENTED_EDGE('',*,*,#1537,.T.);
#2051=ORIENTED_EDGE('',*,*,#1594,.T.);
#2052=ORIENTED_EDGE('',*,*,#1595,.T.);
#2053=ORIENTED_EDGE('',*,*,#1592,.F.);
#2054=ORIENTED_EDGE('',*,*,#1536,.T.);
#2055=ORIENTED_EDGE('',*,*,#1596,.T.);
#2056=ORIENTED_EDGE('',*,*,#1597,.T.);
#2057=ORIENTED_EDGE('',*,*,#1594,.F.);
#2058=ORIENTED_EDGE('',*,*,#1535,.T.);
#2059=ORIENTED_EDGE('',*,*,#1598,.T.);
#2060=ORIENTED_EDGE('',*,*,#1599,.T.);
#2061=ORIENTED_EDGE('',*,*,#1596,.F.);
#2062=ORIENTED_EDGE('',*,*,#1534,.T.);
#2063=ORIENTED_EDGE('',*,*,#1600,.T.);
#2064=ORIENTED_EDGE('',*,*,#1601,.T.);
#2065=ORIENTED_EDGE('',*,*,#1598,.F.);
#2066=ORIENTED_EDGE('',*,*,#1533,.T.);
#2067=ORIENTED_EDGE('',*,*,#1602,.T.);
#2068=ORIENTED_EDGE('',*,*,#1603,.T.);
#2069=ORIENTED_EDGE('',*,*,#1600,.F.);
#2070=ORIENTED_EDGE('',*,*,#1532,.T.);
#2071=ORIENTED_EDGE('',*,*,#1604,.T.);
#2072=ORIENTED_EDGE('',*,*,#1605,.T.);
#2073=ORIENTED_EDGE('',*,*,#1602,.F.);
#2074=ORIENTED_EDGE('',*,*,#1531,.T.);
#2075=ORIENTED_EDGE('',*,*,#1606,.T.);
#2076=ORIENTED_EDGE('',*,*,#1607,.T.);
#2077=ORIENTED_EDGE('',*,*,#1604,.F.);
#2078=ORIENTED_EDGE('',*,*,#1530,.T.);
#2079=ORIENTED_EDGE('',*,*,#1608,.T.);
#2080=ORIENTED_EDGE('',*,*,#1609,.T.);
#2081=ORIENTED_EDGE('',*,*,#1606,.F.);
#2082=ORIENTED_EDGE('',*,*,#1529,.T.);
#2083=ORIENTED_EDGE('',*,*,#1610,.T.);
#2084=ORIENTED_EDGE('',*,*,#1611,.T.);
#2085=ORIENTED_EDGE('',*,*,#1608,.F.);
#2086=ORIENTED_EDGE('',*,*,#1528,.T.);
#2087=ORIENTED_EDGE('',*,*,#1612,.T.);
#2088=ORIENTED_EDGE('',*,*,#1613,.T.);
#2089=ORIENTED_EDGE('',*,*,#1610,.F.);
#2090=ORIENTED_EDGE('',*,*,#1527,.T.);
#2091=ORIENTED_EDGE('',*,*,#1614,.T.);
#2092=ORIENTED_EDGE('',*,*,#1615,.T.);
#2093=ORIENTED_EDGE('',*,*,#1612,.F.);
#2094=ORIENTED_EDGE('',*,*,#1526,.T.);
#2095=ORIENTED_EDGE('',*,*,#1616,.T.);
#2096=ORIENTED_EDGE('',*,*,#1617,.T.);
#2097=ORIENTED_EDGE('',*,*,#1614,.F.);
#2098=ORIENTED_EDGE('',*,*,#1525,.T.);
#2099=ORIENTED_EDGE('',*,*,#1618,.T.);
#2100=ORIENTED_EDGE('',*,*,#1619,.T.);
#2101=ORIENTED_EDGE('',*,*,#1616,.F.);
#2102=ORIENTED_EDGE('',*,*,#1524,.T.);
#2103=ORIENTED_EDGE('',*,*,#1620,.T.);
#2104=ORIENTED_EDGE('',*,*,#1621,.T.);
#2105=ORIENTED_EDGE('',*,*,#1618,.F.);
#2106=ORIENTED_EDGE('',*,*,#1523,.T.);
#2107=ORIENTED_EDGE('',*,*,#1622,.T.);
#2108=ORIENTED_EDGE('',*,*,#1623,.T.);
#2109=ORIENTED_EDGE('',*,*,#1620,.F.);
#2110=ORIENTED_EDGE('',*,*,#1522,.T.);
#2111=ORIENTED_EDGE('',*,*,#1624,.T.);
#2112=ORIENTED_EDGE('',*,*,#1625,.T.);
#2113=ORIENTED_EDGE('',*,*,#1622,.F.);
#2114=ORIENTED_EDGE('',*,*,#1521,.T.);
#2115=ORIENTED_EDGE('',*,*,#1626,.T.);
#2116=ORIENTED_EDGE('',*,*,#1627,.T.);
#2117=ORIENTED_EDGE('',*,*,#1624,.F.);
#2118=ORIENTED_EDGE('',*,*,#1520,.T.);
#2119=ORIENTED_EDGE('',*,*,#1628,.T.);
#2120=ORIENTED_EDGE('',*,*,#1629,.T.);
#2121=ORIENTED_EDGE('',*,*,#1626,.F.);
#2122=ORIENTED_EDGE('',*,*,#1519,.T.);
#2123=ORIENTED_EDGE('',*,*,#1630,.T.);
#2124=ORIENTED_EDGE('',*,*,#1631,.T.);
#2125=ORIENTED_EDGE('',*,*,#1628,.F.);
#2126=ORIENTED_EDGE('',*,*,#1518,.T.);
#2127=ORIENTED_EDGE('',*,*,#1632,.T.);
#2128=ORIENTED_EDGE('',*,*,#1633,.T.);
#2129=ORIENTED_EDGE('',*,*,#1630,.F.);
#2130=ORIENTED_EDGE('',*,*,#1517,.T.);
#2131=ORIENTED_EDGE('',*,*,#1634,.T.);
#2132=ORIENTED_EDGE('',*,*,#1635,.T.);
#2133=ORIENTED_EDGE('',*,*,#1632,.F.);
#2134=ORIENTED_EDGE('',*,*,#1516,.T.);
#2135=ORIENTED_EDGE('',*,*,#1636,.T.);
#2136=ORIENTED_EDGE('',*,*,#1637,.T.);
#2137=ORIENTED_EDGE('',*,*,#1634,.F.);
#2138=ORIENTED_EDGE('',*,*,#1515,.T.);
#2139=ORIENTED_EDGE('',*,*,#1638,.T.);
#2140=ORIENTED_EDGE('',*,*,#1639,.T.);
#2141=ORIENTED_EDGE('',*,*,#1636,.F.);
#2142=ORIENTED_EDGE('',*,*,#1514,.T.);
#2143=ORIENTED_EDGE('',*,*,#1640,.T.);
#2144=ORIENTED_EDGE('',*,*,#1641,.T.);
#2145=ORIENTED_EDGE('',*,*,#1638,.F.);
#2146=ORIENTED_EDGE('',*,*,#1513,.T.);
#2147=ORIENTED_EDGE('',*,*,#1642,.T.);
#2148=ORIENTED_EDGE('',*,*,#1643,.T.);
#2149=ORIENTED_EDGE('',*,*,#1640,.F.);
#2150=ORIENTED_EDGE('',*,*,#1512,.T.);
#2151=ORIENTED_EDGE('',*,*,#1644,.T.);
#2152=ORIENTED_EDGE('',*,*,#1645,.T.);
#2153=ORIENTED_EDGE('',*,*,#1642,.F.);
#2154=ORIENTED_EDGE('',*,*,#1511,.T.);
#2155=ORIENTED_EDGE('',*,*,#1646,.T.);
#2156=ORIENTED_EDGE('',*,*,#1647,.T.);
#2157=ORIENTED_EDGE('',*,*,#1644,.F.);
#2158=ORIENTED_EDGE('',*,*,#1510,.T.);
#2159=ORIENTED_EDGE('',*,*,#1648,.T.);
#2160=ORIENTED_EDGE('',*,*,#1649,.T.);
#2161=ORIENTED_EDGE('',*,*,#1646,.F.);
#2162=ORIENTED_EDGE('',*,*,#1509,.T.);
#2163=ORIENTED_EDGE('',*,*,#1650,.T.);
#2164=ORIENTED_EDGE('',*,*,#1651,.T.);
#2165=ORIENTED_EDGE('',*,*,#1648,.F.);
#2166=ORIENTED_EDGE('',*,*,#1652,.F.);
#2167=ORIENTED_EDGE('',*,*,#1653,.F.);
#2168=ORIENTED_EDGE('',*,*,#1654,.F.);
#2169=ORIENTED_EDGE('',*,*,#1655,.T.);
#2170=ORIENTED_EDGE('',*,*,#1656,.F.);
#2171=ORIENTED_EDGE('',*,*,#1655,.F.);
#2172=ORIENTED_EDGE('',*,*,#1657,.F.);
#2173=ORIENTED_EDGE('',*,*,#1658,.F.);
#2174=ORIENTED_EDGE('',*,*,#1659,.F.);
#2175=ORIENTED_EDGE('',*,*,#1660,.F.);
#2176=ORIENTED_EDGE('',*,*,#1661,.F.);
#2177=ORIENTED_EDGE('',*,*,#1662,.F.);
#2178=ORIENTED_EDGE('',*,*,#1663,.F.);
#2179=ORIENTED_EDGE('',*,*,#1664,.F.);
#2180=ORIENTED_EDGE('',*,*,#1665,.F.);
#2181=ORIENTED_EDGE('',*,*,#1666,.F.);
#2182=ORIENTED_EDGE('',*,*,#1667,.F.);
#2183=ORIENTED_EDGE('',*,*,#1668,.F.);
#2184=ORIENTED_EDGE('',*,*,#1669,.F.);
#2185=ORIENTED_EDGE('',*,*,#1670,.F.);
#2186=ORIENTED_EDGE('',*,*,#1671,.F.);
#2187=ORIENTED_EDGE('',*,*,#1672,.F.);
#2188=ORIENTED_EDGE('',*,*,#1673,.F.);
#2189=ORIENTED_EDGE('',*,*,#1674,.F.);
#2190=ORIENTED_EDGE('',*,*,#1675,.F.);
#2191=ORIENTED_EDGE('',*,*,#1676,.F.);
#2192=ORIENTED_EDGE('',*,*,#1677,.F.);
#2193=ORIENTED_EDGE('',*,*,#1678,.F.);
#2194=ORIENTED_EDGE('',*,*,#1679,.F.);
#2195=ORIENTED_EDGE('',*,*,#1680,.F.);
#2196=ORIENTED_EDGE('',*,*,#1681,.F.);
#2197=ORIENTED_EDGE('',*,*,#1682,.F.);
#2198=ORIENTED_EDGE('',*,*,#1683,.F.);
#2199=ORIENTED_EDGE('',*,*,#1684,.F.);
#2200=ORIENTED_EDGE('',*,*,#1685,.F.);
#2201=ORIENTED_EDGE('',*,*,#1686,.F.);
#2202=ORIENTED_EDGE('',*,*,#1687,.F.);
#2203=ORIENTED_EDGE('',*,*,#1688,.F.);
#2204=ORIENTED_EDGE('',*,*,#1689,.F.);
#2205=ORIENTED_EDGE('',*,*,#1690,.F.);
#2206=ORIENTED_EDGE('',*,*,#1691,.F.);
#2207=ORIENTED_EDGE('',*,*,#1692,.F.);
#2208=ORIENTED_EDGE('',*,*,#1693,.F.);
#2209=ORIENTED_EDGE('',*,*,#1694,.F.);
#2210=ORIENTED_EDGE('',*,*,#1695,.F.);
#2211=ORIENTED_EDGE('',*,*,#1696,.F.);
#2212=ORIENTED_EDGE('',*,*,#1697,.F.);
#2213=ORIENTED_EDGE('',*,*,#1698,.F.);
#2214=ORIENTED_EDGE('',*,*,#1699,.F.);
#2215=ORIENTED_EDGE('',*,*,#1700,.F.);
#2216=ORIENTED_EDGE('',*,*,#1701,.F.);
#2217=ORIENTED_EDGE('',*,*,#1702,.F.);
#2218=ORIENTED_EDGE('',*,*,#1703,.F.);
#2219=ORIENTED_EDGE('',*,*,#1704,.F.);
#2220=ORIENTED_EDGE('',*,*,#1705,.F.);
#2221=ORIENTED_EDGE('',*,*,#1706,.F.);
#2222=ORIENTED_EDGE('',*,*,#1707,.F.);
#2223=ORIENTED_EDGE('',*,*,#1708,.F.);
#2224=ORIENTED_EDGE('',*,*,#1709,.F.);
#2225=ORIENTED_EDGE('',*,*,#1710,.F.);
#2226=ORIENTED_EDGE('',*,*,#1711,.F.);
#2227=ORIENTED_EDGE('',*,*,#1712,.F.);
#2228=ORIENTED_EDGE('',*,*,#1713,.F.);
#2229=ORIENTED_EDGE('',*,*,#1714,.F.);
#2230=ORIENTED_EDGE('',*,*,#1715,.F.);
#2231=ORIENTED_EDGE('',*,*,#1716,.F.);
#2232=ORIENTED_EDGE('',*,*,#1717,.F.);
#2233=ORIENTED_EDGE('',*,*,#1718,.F.);
#2234=ORIENTED_EDGE('',*,*,#1719,.F.);
#2235=ORIENTED_EDGE('',*,*,#1720,.F.);
#2236=ORIENTED_EDGE('',*,*,#1721,.F.);
#2237=ORIENTED_EDGE('',*,*,#1722,.F.);
#2238=ORIENTED_EDGE('',*,*,#1723,.F.);
#2239=ORIENTED_EDGE('',*,*,#1724,.F.);
#2240=ORIENTED_EDGE('',*,*,#1725,.F.);
#2241=ORIENTED_EDGE('',*,*,#1691,.T.);
#2242=ORIENTED_EDGE('',*,*,#1726,.F.);
#2243=ORIENTED_EDGE('',*,*,#1727,.T.);
#2244=ORIENTED_EDGE('',*,*,#1728,.T.);
#2245=ORIENTED_EDGE('',*,*,#1690,.T.);
#2246=ORIENTED_EDGE('',*,*,#1729,.F.);
#2247=ORIENTED_EDGE('',*,*,#1730,.T.);
#2248=ORIENTED_EDGE('',*,*,#1726,.T.);
#2249=ORIENTED_EDGE('',*,*,#1689,.T.);
#2250=ORIENTED_EDGE('',*,*,#1731,.F.);
#2251=ORIENTED_EDGE('',*,*,#1732,.T.);
#2252=ORIENTED_EDGE('',*,*,#1729,.T.);
#2253=ORIENTED_EDGE('',*,*,#1688,.T.);
#2254=ORIENTED_EDGE('',*,*,#1733,.F.);
#2255=ORIENTED_EDGE('',*,*,#1734,.T.);
#2256=ORIENTED_EDGE('',*,*,#1731,.T.);
#2257=ORIENTED_EDGE('',*,*,#1687,.T.);
#2258=ORIENTED_EDGE('',*,*,#1735,.F.);
#2259=ORIENTED_EDGE('',*,*,#1736,.T.);
#2260=ORIENTED_EDGE('',*,*,#1733,.T.);
#2261=ORIENTED_EDGE('',*,*,#1686,.T.);
#2262=ORIENTED_EDGE('',*,*,#1737,.F.);
#2263=ORIENTED_EDGE('',*,*,#1738,.T.);
#2264=ORIENTED_EDGE('',*,*,#1735,.T.);
#2265=ORIENTED_EDGE('',*,*,#1685,.T.);
#2266=ORIENTED_EDGE('',*,*,#1739,.F.);
#2267=ORIENTED_EDGE('',*,*,#1740,.T.);
#2268=ORIENTED_EDGE('',*,*,#1737,.T.);
#2269=ORIENTED_EDGE('',*,*,#1684,.T.);
#2270=ORIENTED_EDGE('',*,*,#1741,.F.);
#2271=ORIENTED_EDGE('',*,*,#1742,.T.);
#2272=ORIENTED_EDGE('',*,*,#1739,.T.);
#2273=ORIENTED_EDGE('',*,*,#1683,.T.);
#2274=ORIENTED_EDGE('',*,*,#1743,.F.);
#2275=ORIENTED_EDGE('',*,*,#1744,.T.);
#2276=ORIENTED_EDGE('',*,*,#1741,.T.);
#2277=ORIENTED_EDGE('',*,*,#1682,.T.);
#2278=ORIENTED_EDGE('',*,*,#1745,.F.);
#2279=ORIENTED_EDGE('',*,*,#1746,.T.);
#2280=ORIENTED_EDGE('',*,*,#1743,.T.);
#2281=ORIENTED_EDGE('',*,*,#1681,.T.);
#2282=ORIENTED_EDGE('',*,*,#1747,.F.);
#2283=ORIENTED_EDGE('',*,*,#1748,.T.);
#2284=ORIENTED_EDGE('',*,*,#1745,.T.);
#2285=ORIENTED_EDGE('',*,*,#1680,.T.);
#2286=ORIENTED_EDGE('',*,*,#1749,.F.);
#2287=ORIENTED_EDGE('',*,*,#1750,.T.);
#2288=ORIENTED_EDGE('',*,*,#1747,.T.);
#2289=ORIENTED_EDGE('',*,*,#1679,.T.);
#2290=ORIENTED_EDGE('',*,*,#1751,.F.);
#2291=ORIENTED_EDGE('',*,*,#1752,.T.);
#2292=ORIENTED_EDGE('',*,*,#1749,.T.);
#2293=ORIENTED_EDGE('',*,*,#1678,.T.);
#2294=ORIENTED_EDGE('',*,*,#1753,.F.);
#2295=ORIENTED_EDGE('',*,*,#1754,.T.);
#2296=ORIENTED_EDGE('',*,*,#1751,.T.);
#2297=ORIENTED_EDGE('',*,*,#1677,.T.);
#2298=ORIENTED_EDGE('',*,*,#1755,.F.);
#2299=ORIENTED_EDGE('',*,*,#1756,.T.);
#2300=ORIENTED_EDGE('',*,*,#1753,.T.);
#2301=ORIENTED_EDGE('',*,*,#1676,.T.);
#2302=ORIENTED_EDGE('',*,*,#1757,.F.);
#2303=ORIENTED_EDGE('',*,*,#1758,.T.);
#2304=ORIENTED_EDGE('',*,*,#1755,.T.);
#2305=ORIENTED_EDGE('',*,*,#1675,.T.);
#2306=ORIENTED_EDGE('',*,*,#1759,.F.);
#2307=ORIENTED_EDGE('',*,*,#1760,.T.);
#2308=ORIENTED_EDGE('',*,*,#1757,.T.);
#2309=ORIENTED_EDGE('',*,*,#1674,.T.);
#2310=ORIENTED_EDGE('',*,*,#1761,.F.);
#2311=ORIENTED_EDGE('',*,*,#1762,.T.);
#2312=ORIENTED_EDGE('',*,*,#1759,.T.);
#2313=ORIENTED_EDGE('',*,*,#1673,.T.);
#2314=ORIENTED_EDGE('',*,*,#1763,.F.);
#2315=ORIENTED_EDGE('',*,*,#1764,.T.);
#2316=ORIENTED_EDGE('',*,*,#1761,.T.);
#2317=ORIENTED_EDGE('',*,*,#1672,.T.);
#2318=ORIENTED_EDGE('',*,*,#1765,.F.);
#2319=ORIENTED_EDGE('',*,*,#1766,.T.);
#2320=ORIENTED_EDGE('',*,*,#1763,.T.);
#2321=ORIENTED_EDGE('',*,*,#1671,.T.);
#2322=ORIENTED_EDGE('',*,*,#1767,.F.);
#2323=ORIENTED_EDGE('',*,*,#1768,.T.);
#2324=ORIENTED_EDGE('',*,*,#1765,.T.);
#2325=ORIENTED_EDGE('',*,*,#1670,.T.);
#2326=ORIENTED_EDGE('',*,*,#1769,.F.);
#2327=ORIENTED_EDGE('',*,*,#1770,.T.);
#2328=ORIENTED_EDGE('',*,*,#1767,.T.);
#2329=ORIENTED_EDGE('',*,*,#1669,.T.);
#2330=ORIENTED_EDGE('',*,*,#1771,.F.);
#2331=ORIENTED_EDGE('',*,*,#1772,.T.);
#2332=ORIENTED_EDGE('',*,*,#1769,.T.);
#2333=ORIENTED_EDGE('',*,*,#1668,.T.);
#2334=ORIENTED_EDGE('',*,*,#1773,.F.);
#2335=ORIENTED_EDGE('',*,*,#1774,.T.);
#2336=ORIENTED_EDGE('',*,*,#1771,.T.);
#2337=ORIENTED_EDGE('',*,*,#1667,.T.);
#2338=ORIENTED_EDGE('',*,*,#1775,.F.);
#2339=ORIENTED_EDGE('',*,*,#1776,.T.);
#2340=ORIENTED_EDGE('',*,*,#1773,.T.);
#2341=ORIENTED_EDGE('',*,*,#1666,.T.);
#2342=ORIENTED_EDGE('',*,*,#1777,.F.);
#2343=ORIENTED_EDGE('',*,*,#1778,.T.);
#2344=ORIENTED_EDGE('',*,*,#1775,.T.);
#2345=ORIENTED_EDGE('',*,*,#1665,.T.);
#2346=ORIENTED_EDGE('',*,*,#1779,.F.);
#2347=ORIENTED_EDGE('',*,*,#1780,.T.);
#2348=ORIENTED_EDGE('',*,*,#1777,.T.);
#2349=ORIENTED_EDGE('',*,*,#1664,.T.);
#2350=ORIENTED_EDGE('',*,*,#1781,.F.);
#2351=ORIENTED_EDGE('',*,*,#1782,.T.);
#2352=ORIENTED_EDGE('',*,*,#1779,.T.);
#2353=ORIENTED_EDGE('',*,*,#1663,.T.);
#2354=ORIENTED_EDGE('',*,*,#1783,.F.);
#2355=ORIENTED_EDGE('',*,*,#1784,.T.);
#2356=ORIENTED_EDGE('',*,*,#1781,.T.);
#2357=ORIENTED_EDGE('',*,*,#1662,.T.);
#2358=ORIENTED_EDGE('',*,*,#1785,.F.);
#2359=ORIENTED_EDGE('',*,*,#1786,.T.);
#2360=ORIENTED_EDGE('',*,*,#1783,.T.);
#2361=ORIENTED_EDGE('',*,*,#1661,.T.);
#2362=ORIENTED_EDGE('',*,*,#1787,.F.);
#2363=ORIENTED_EDGE('',*,*,#1788,.T.);
#2364=ORIENTED_EDGE('',*,*,#1785,.T.);
#2365=ORIENTED_EDGE('',*,*,#1660,.T.);
#2366=ORIENTED_EDGE('',*,*,#1789,.F.);
#2367=ORIENTED_EDGE('',*,*,#1790,.T.);
#2368=ORIENTED_EDGE('',*,*,#1787,.T.);
#2369=ORIENTED_EDGE('',*,*,#1659,.T.);
#2370=ORIENTED_EDGE('',*,*,#1791,.F.);
#2371=ORIENTED_EDGE('',*,*,#1792,.T.);
#2372=ORIENTED_EDGE('',*,*,#1789,.T.);
#2373=ORIENTED_EDGE('',*,*,#1658,.T.);
#2374=ORIENTED_EDGE('',*,*,#1793,.F.);
#2375=ORIENTED_EDGE('',*,*,#1794,.T.);
#2376=ORIENTED_EDGE('',*,*,#1791,.T.);
#2377=ORIENTED_EDGE('',*,*,#1657,.T.);
#2378=ORIENTED_EDGE('',*,*,#1795,.F.);
#2379=ORIENTED_EDGE('',*,*,#1796,.T.);
#2380=ORIENTED_EDGE('',*,*,#1793,.T.);
#2381=ORIENTED_EDGE('',*,*,#1654,.T.);
#2382=ORIENTED_EDGE('',*,*,#1797,.F.);
#2383=ORIENTED_EDGE('',*,*,#1798,.T.);
#2384=ORIENTED_EDGE('',*,*,#1795,.T.);
#2385=ORIENTED_EDGE('',*,*,#1799,.T.);
#2386=ORIENTED_EDGE('',*,*,#1727,.F.);
#2387=ORIENTED_EDGE('',*,*,#1730,.F.);
#2388=ORIENTED_EDGE('',*,*,#1732,.F.);
#2389=ORIENTED_EDGE('',*,*,#1734,.F.);
#2390=ORIENTED_EDGE('',*,*,#1736,.F.);
#2391=ORIENTED_EDGE('',*,*,#1738,.F.);
#2392=ORIENTED_EDGE('',*,*,#1740,.F.);
#2393=ORIENTED_EDGE('',*,*,#1742,.F.);
#2394=ORIENTED_EDGE('',*,*,#1744,.F.);
#2395=ORIENTED_EDGE('',*,*,#1746,.F.);
#2396=ORIENTED_EDGE('',*,*,#1748,.F.);
#2397=ORIENTED_EDGE('',*,*,#1750,.F.);
#2398=ORIENTED_EDGE('',*,*,#1752,.F.);
#2399=ORIENTED_EDGE('',*,*,#1754,.F.);
#2400=ORIENTED_EDGE('',*,*,#1756,.F.);
#2401=ORIENTED_EDGE('',*,*,#1758,.F.);
#2402=ORIENTED_EDGE('',*,*,#1760,.F.);
#2403=ORIENTED_EDGE('',*,*,#1762,.F.);
#2404=ORIENTED_EDGE('',*,*,#1764,.F.);
#2405=ORIENTED_EDGE('',*,*,#1766,.F.);
#2406=ORIENTED_EDGE('',*,*,#1768,.F.);
#2407=ORIENTED_EDGE('',*,*,#1770,.F.);
#2408=ORIENTED_EDGE('',*,*,#1772,.F.);
#2409=ORIENTED_EDGE('',*,*,#1774,.F.);
#2410=ORIENTED_EDGE('',*,*,#1776,.F.);
#2411=ORIENTED_EDGE('',*,*,#1778,.F.);
#2412=ORIENTED_EDGE('',*,*,#1780,.F.);
#2413=ORIENTED_EDGE('',*,*,#1782,.F.);
#2414=ORIENTED_EDGE('',*,*,#1784,.F.);
#2415=ORIENTED_EDGE('',*,*,#1786,.F.);
#2416=ORIENTED_EDGE('',*,*,#1788,.F.);
#2417=ORIENTED_EDGE('',*,*,#1790,.F.);
#2418=ORIENTED_EDGE('',*,*,#1792,.F.);
#2419=ORIENTED_EDGE('',*,*,#1794,.F.);
#2420=ORIENTED_EDGE('',*,*,#1796,.F.);
#2421=ORIENTED_EDGE('',*,*,#1798,.F.);
#2422=ORIENTED_EDGE('',*,*,#1800,.F.);
#2423=ORIENTED_EDGE('',*,*,#1801,.F.);
#2424=ORIENTED_EDGE('',*,*,#1802,.F.);
#2425=ORIENTED_EDGE('',*,*,#1803,.F.);
#2426=ORIENTED_EDGE('',*,*,#1804,.F.);
#2427=ORIENTED_EDGE('',*,*,#1805,.F.);
#2428=ORIENTED_EDGE('',*,*,#1806,.F.);
#2429=ORIENTED_EDGE('',*,*,#1807,.F.);
#2430=ORIENTED_EDGE('',*,*,#1808,.F.);
#2431=ORIENTED_EDGE('',*,*,#1809,.F.);
#2432=ORIENTED_EDGE('',*,*,#1810,.F.);
#2433=ORIENTED_EDGE('',*,*,#1811,.F.);
#2434=ORIENTED_EDGE('',*,*,#1812,.F.);
#2435=ORIENTED_EDGE('',*,*,#1813,.F.);
#2436=ORIENTED_EDGE('',*,*,#1814,.F.);
#2437=ORIENTED_EDGE('',*,*,#1815,.F.);
#2438=ORIENTED_EDGE('',*,*,#1816,.F.);
#2439=ORIENTED_EDGE('',*,*,#1817,.F.);
#2440=ORIENTED_EDGE('',*,*,#1818,.F.);
#2441=ORIENTED_EDGE('',*,*,#1819,.F.);
#2442=ORIENTED_EDGE('',*,*,#1820,.F.);
#2443=ORIENTED_EDGE('',*,*,#1821,.F.);
#2444=ORIENTED_EDGE('',*,*,#1822,.F.);
#2445=ORIENTED_EDGE('',*,*,#1823,.F.);
#2446=ORIENTED_EDGE('',*,*,#1824,.F.);
#2447=ORIENTED_EDGE('',*,*,#1825,.F.);
#2448=ORIENTED_EDGE('',*,*,#1826,.F.);
#2449=ORIENTED_EDGE('',*,*,#1827,.F.);
#2450=ORIENTED_EDGE('',*,*,#1828,.F.);
#2451=ORIENTED_EDGE('',*,*,#1829,.F.);
#2452=ORIENTED_EDGE('',*,*,#1830,.F.);
#2453=ORIENTED_EDGE('',*,*,#1831,.F.);
#2454=ORIENTED_EDGE('',*,*,#1832,.F.);
#2455=ORIENTED_EDGE('',*,*,#1833,.F.);
#2456=ORIENTED_EDGE('',*,*,#1834,.F.);
#2457=ORIENTED_EDGE('',*,*,#1835,.F.);
#2458=ORIENTED_EDGE('',*,*,#1836,.F.);
#2459=ORIENTED_EDGE('',*,*,#1580,.F.);
#2460=ORIENTED_EDGE('',*,*,#1583,.F.);
#2461=ORIENTED_EDGE('',*,*,#1585,.F.);
#2462=ORIENTED_EDGE('',*,*,#1587,.F.);
#2463=ORIENTED_EDGE('',*,*,#1589,.F.);
#2464=ORIENTED_EDGE('',*,*,#1591,.F.);
#2465=ORIENTED_EDGE('',*,*,#1593,.F.);
#2466=ORIENTED_EDGE('',*,*,#1595,.F.);
#2467=ORIENTED_EDGE('',*,*,#1597,.F.);
#2468=ORIENTED_EDGE('',*,*,#1599,.F.);
#2469=ORIENTED_EDGE('',*,*,#1601,.F.);
#2470=ORIENTED_EDGE('',*,*,#1603,.F.);
#2471=ORIENTED_EDGE('',*,*,#1605,.F.);
#2472=ORIENTED_EDGE('',*,*,#1607,.F.);
#2473=ORIENTED_EDGE('',*,*,#1609,.F.);
#2474=ORIENTED_EDGE('',*,*,#1611,.F.);
#2475=ORIENTED_EDGE('',*,*,#1613,.F.);
#2476=ORIENTED_EDGE('',*,*,#1615,.F.);
#2477=ORIENTED_EDGE('',*,*,#1617,.F.);
#2478=ORIENTED_EDGE('',*,*,#1619,.F.);
#2479=ORIENTED_EDGE('',*,*,#1621,.F.);
#2480=ORIENTED_EDGE('',*,*,#1623,.F.);
#2481=ORIENTED_EDGE('',*,*,#1625,.F.);
#2482=ORIENTED_EDGE('',*,*,#1627,.F.);
#2483=ORIENTED_EDGE('',*,*,#1629,.F.);
#2484=ORIENTED_EDGE('',*,*,#1631,.F.);
#2485=ORIENTED_EDGE('',*,*,#1633,.F.);
#2486=ORIENTED_EDGE('',*,*,#1635,.F.);
#2487=ORIENTED_EDGE('',*,*,#1637,.F.);
#2488=ORIENTED_EDGE('',*,*,#1639,.F.);
#2489=ORIENTED_EDGE('',*,*,#1641,.F.);
#2490=ORIENTED_EDGE('',*,*,#1643,.F.);
#2491=ORIENTED_EDGE('',*,*,#1645,.F.);
#2492=ORIENTED_EDGE('',*,*,#1647,.F.);
#2493=ORIENTED_EDGE('',*,*,#1649,.F.);
#2494=ORIENTED_EDGE('',*,*,#1651,.F.);
#2495=ORIENTED_EDGE('',*,*,#1837,.F.);
#2496=ORIENTED_EDGE('',*,*,#1838,.F.);
#2497=ORIENTED_EDGE('',*,*,#1839,.F.);
#2498=ORIENTED_EDGE('',*,*,#1840,.F.);
#2499=ORIENTED_EDGE('',*,*,#1841,.F.);
#2500=ORIENTED_EDGE('',*,*,#1842,.F.);
#2501=ORIENTED_EDGE('',*,*,#1843,.F.);
#2502=ORIENTED_EDGE('',*,*,#1844,.F.);
#2503=ORIENTED_EDGE('',*,*,#1845,.F.);
#2504=ORIENTED_EDGE('',*,*,#1846,.F.);
#2505=ORIENTED_EDGE('',*,*,#1847,.F.);
#2506=ORIENTED_EDGE('',*,*,#1848,.F.);
#2507=ORIENTED_EDGE('',*,*,#1849,.F.);
#2508=ORIENTED_EDGE('',*,*,#1850,.F.);
#2509=ORIENTED_EDGE('',*,*,#1851,.F.);
#2510=ORIENTED_EDGE('',*,*,#1852,.F.);
#2511=ORIENTED_EDGE('',*,*,#1853,.F.);
#2512=ORIENTED_EDGE('',*,*,#1854,.F.);
#2513=ORIENTED_EDGE('',*,*,#1855,.F.);
#2514=ORIENTED_EDGE('',*,*,#1856,.F.);
#2515=ORIENTED_EDGE('',*,*,#1857,.F.);
#2516=ORIENTED_EDGE('',*,*,#1858,.F.);
#2517=ORIENTED_EDGE('',*,*,#1859,.F.);
#2518=ORIENTED_EDGE('',*,*,#1860,.F.);
#2519=ORIENTED_EDGE('',*,*,#1861,.F.);
#2520=ORIENTED_EDGE('',*,*,#1862,.F.);
#2521=ORIENTED_EDGE('',*,*,#1863,.F.);
#2522=ORIENTED_EDGE('',*,*,#1864,.F.);
#2523=ORIENTED_EDGE('',*,*,#1865,.F.);
#2524=ORIENTED_EDGE('',*,*,#1866,.F.);
#2525=ORIENTED_EDGE('',*,*,#1867,.F.);
#2526=ORIENTED_EDGE('',*,*,#1868,.F.);
#2527=ORIENTED_EDGE('',*,*,#1869,.F.);
#2528=ORIENTED_EDGE('',*,*,#1870,.F.);
#2529=ORIENTED_EDGE('',*,*,#1871,.F.);
#2530=ORIENTED_EDGE('',*,*,#1872,.F.);
#2531=ORIENTED_EDGE('',*,*,#1799,.F.);
#2532=ORIENTED_EDGE('',*,*,#1873,.T.);
#2533=ORIENTED_EDGE('',*,*,#1836,.T.);
#2534=ORIENTED_EDGE('',*,*,#1873,.F.);
#2535=ORIENTED_EDGE('',*,*,#1508,.T.);
#2536=ORIENTED_EDGE('',*,*,#1874,.T.);
#2537=ORIENTED_EDGE('',*,*,#1837,.T.);
#2538=ORIENTED_EDGE('',*,*,#1650,.F.);
#2539=ORIENTED_EDGE('',*,*,#1653,.T.);
#2540=ORIENTED_EDGE('',*,*,#1875,.F.);
#2541=ORIENTED_EDGE('',*,*,#1800,.T.);
#2542=ORIENTED_EDGE('',*,*,#1797,.T.);
#2543=ORIENTED_EDGE('',*,*,#1507,.T.);
#2544=ORIENTED_EDGE('',*,*,#1876,.T.);
#2545=ORIENTED_EDGE('',*,*,#1838,.T.);
#2546=ORIENTED_EDGE('',*,*,#1874,.F.);
#2547=ORIENTED_EDGE('',*,*,#1578,.T.);
#2548=ORIENTED_EDGE('',*,*,#1877,.T.);
#2549=ORIENTED_EDGE('',*,*,#1839,.T.);
#2550=ORIENTED_EDGE('',*,*,#1876,.F.);
#2551=ORIENTED_EDGE('',*,*,#1577,.T.);
#2552=ORIENTED_EDGE('',*,*,#1878,.T.);
#2553=ORIENTED_EDGE('',*,*,#1840,.T.);
#2554=ORIENTED_EDGE('',*,*,#1877,.F.);
#2555=ORIENTED_EDGE('',*,*,#1576,.T.);
#2556=ORIENTED_EDGE('',*,*,#1879,.T.);
#2557=ORIENTED_EDGE('',*,*,#1841,.T.);
#2558=ORIENTED_EDGE('',*,*,#1878,.F.);
#2559=ORIENTED_EDGE('',*,*,#1575,.T.);
#2560=ORIENTED_EDGE('',*,*,#1880,.T.);
#2561=ORIENTED_EDGE('',*,*,#1842,.T.);
#2562=ORIENTED_EDGE('',*,*,#1879,.F.);
#2563=ORIENTED_EDGE('',*,*,#1574,.T.);
#2564=ORIENTED_EDGE('',*,*,#1881,.T.);
#2565=ORIENTED_EDGE('',*,*,#1843,.T.);
#2566=ORIENTED_EDGE('',*,*,#1880,.F.);
#2567=ORIENTED_EDGE('',*,*,#1573,.T.);
#2568=ORIENTED_EDGE('',*,*,#1882,.T.);
#2569=ORIENTED_EDGE('',*,*,#1844,.T.);
#2570=ORIENTED_EDGE('',*,*,#1881,.F.);
#2571=ORIENTED_EDGE('',*,*,#1572,.T.);
#2572=ORIENTED_EDGE('',*,*,#1883,.T.);
#2573=ORIENTED_EDGE('',*,*,#1845,.T.);
#2574=ORIENTED_EDGE('',*,*,#1882,.F.);
#2575=ORIENTED_EDGE('',*,*,#1571,.T.);
#2576=ORIENTED_EDGE('',*,*,#1884,.T.);
#2577=ORIENTED_EDGE('',*,*,#1846,.T.);
#2578=ORIENTED_EDGE('',*,*,#1883,.F.);
#2579=ORIENTED_EDGE('',*,*,#1570,.T.);
#2580=ORIENTED_EDGE('',*,*,#1885,.T.);
#2581=ORIENTED_EDGE('',*,*,#1847,.T.);
#2582=ORIENTED_EDGE('',*,*,#1884,.F.);
#2583=ORIENTED_EDGE('',*,*,#1569,.T.);
#2584=ORIENTED_EDGE('',*,*,#1886,.T.);
#2585=ORIENTED_EDGE('',*,*,#1848,.T.);
#2586=ORIENTED_EDGE('',*,*,#1885,.F.);
#2587=ORIENTED_EDGE('',*,*,#1568,.T.);
#2588=ORIENTED_EDGE('',*,*,#1887,.T.);
#2589=ORIENTED_EDGE('',*,*,#1849,.T.);
#2590=ORIENTED_EDGE('',*,*,#1886,.F.);
#2591=ORIENTED_EDGE('',*,*,#1567,.T.);
#2592=ORIENTED_EDGE('',*,*,#1888,.T.);
#2593=ORIENTED_EDGE('',*,*,#1850,.T.);
#2594=ORIENTED_EDGE('',*,*,#1887,.F.);
#2595=ORIENTED_EDGE('',*,*,#1566,.T.);
#2596=ORIENTED_EDGE('',*,*,#1889,.T.);
#2597=ORIENTED_EDGE('',*,*,#1851,.T.);
#2598=ORIENTED_EDGE('',*,*,#1888,.F.);
#2599=ORIENTED_EDGE('',*,*,#1565,.T.);
#2600=ORIENTED_EDGE('',*,*,#1890,.T.);
#2601=ORIENTED_EDGE('',*,*,#1852,.T.);
#2602=ORIENTED_EDGE('',*,*,#1889,.F.);
#2603=ORIENTED_EDGE('',*,*,#1564,.T.);
#2604=ORIENTED_EDGE('',*,*,#1891,.T.);
#2605=ORIENTED_EDGE('',*,*,#1853,.T.);
#2606=ORIENTED_EDGE('',*,*,#1890,.F.);
#2607=ORIENTED_EDGE('',*,*,#1563,.T.);
#2608=ORIENTED_EDGE('',*,*,#1892,.T.);
#2609=ORIENTED_EDGE('',*,*,#1854,.T.);
#2610=ORIENTED_EDGE('',*,*,#1891,.F.);
#2611=ORIENTED_EDGE('',*,*,#1562,.T.);
#2612=ORIENTED_EDGE('',*,*,#1893,.T.);
#2613=ORIENTED_EDGE('',*,*,#1855,.T.);
#2614=ORIENTED_EDGE('',*,*,#1892,.F.);
#2615=ORIENTED_EDGE('',*,*,#1561,.T.);
#2616=ORIENTED_EDGE('',*,*,#1894,.T.);
#2617=ORIENTED_EDGE('',*,*,#1856,.T.);
#2618=ORIENTED_EDGE('',*,*,#1893,.F.);
#2619=ORIENTED_EDGE('',*,*,#1560,.T.);
#2620=ORIENTED_EDGE('',*,*,#1895,.T.);
#2621=ORIENTED_EDGE('',*,*,#1857,.T.);
#2622=ORIENTED_EDGE('',*,*,#1894,.F.);
#2623=ORIENTED_EDGE('',*,*,#1559,.T.);
#2624=ORIENTED_EDGE('',*,*,#1896,.T.);
#2625=ORIENTED_EDGE('',*,*,#1858,.T.);
#2626=ORIENTED_EDGE('',*,*,#1895,.F.);
#2627=ORIENTED_EDGE('',*,*,#1558,.T.);
#2628=ORIENTED_EDGE('',*,*,#1897,.T.);
#2629=ORIENTED_EDGE('',*,*,#1859,.T.);
#2630=ORIENTED_EDGE('',*,*,#1896,.F.);
#2631=ORIENTED_EDGE('',*,*,#1557,.T.);
#2632=ORIENTED_EDGE('',*,*,#1898,.T.);
#2633=ORIENTED_EDGE('',*,*,#1860,.T.);
#2634=ORIENTED_EDGE('',*,*,#1897,.F.);
#2635=ORIENTED_EDGE('',*,*,#1556,.T.);
#2636=ORIENTED_EDGE('',*,*,#1899,.T.);
#2637=ORIENTED_EDGE('',*,*,#1861,.T.);
#2638=ORIENTED_EDGE('',*,*,#1898,.F.);
#2639=ORIENTED_EDGE('',*,*,#1555,.T.);
#2640=ORIENTED_EDGE('',*,*,#1900,.T.);
#2641=ORIENTED_EDGE('',*,*,#1862,.T.);
#2642=ORIENTED_EDGE('',*,*,#1899,.F.);
#2643=ORIENTED_EDGE('',*,*,#1554,.T.);
#2644=ORIENTED_EDGE('',*,*,#1901,.T.);
#2645=ORIENTED_EDGE('',*,*,#1863,.T.);
#2646=ORIENTED_EDGE('',*,*,#1900,.F.);
#2647=ORIENTED_EDGE('',*,*,#1553,.T.);
#2648=ORIENTED_EDGE('',*,*,#1902,.T.);
#2649=ORIENTED_EDGE('',*,*,#1864,.T.);
#2650=ORIENTED_EDGE('',*,*,#1901,.F.);
#2651=ORIENTED_EDGE('',*,*,#1552,.T.);
#2652=ORIENTED_EDGE('',*,*,#1903,.T.);
#2653=ORIENTED_EDGE('',*,*,#1865,.T.);
#2654=ORIENTED_EDGE('',*,*,#1902,.F.);
#2655=ORIENTED_EDGE('',*,*,#1551,.T.);
#2656=ORIENTED_EDGE('',*,*,#1904,.T.);
#2657=ORIENTED_EDGE('',*,*,#1866,.T.);
#2658=ORIENTED_EDGE('',*,*,#1903,.F.);
#2659=ORIENTED_EDGE('',*,*,#1550,.T.);
#2660=ORIENTED_EDGE('',*,*,#1905,.T.);
#2661=ORIENTED_EDGE('',*,*,#1867,.T.);
#2662=ORIENTED_EDGE('',*,*,#1904,.F.);
#2663=ORIENTED_EDGE('',*,*,#1549,.T.);
#2664=ORIENTED_EDGE('',*,*,#1906,.T.);
#2665=ORIENTED_EDGE('',*,*,#1868,.T.);
#2666=ORIENTED_EDGE('',*,*,#1905,.F.);
#2667=ORIENTED_EDGE('',*,*,#1548,.T.);
#2668=ORIENTED_EDGE('',*,*,#1907,.T.);
#2669=ORIENTED_EDGE('',*,*,#1869,.T.);
#2670=ORIENTED_EDGE('',*,*,#1906,.F.);
#2671=ORIENTED_EDGE('',*,*,#1547,.T.);
#2672=ORIENTED_EDGE('',*,*,#1908,.T.);
#2673=ORIENTED_EDGE('',*,*,#1870,.T.);
#2674=ORIENTED_EDGE('',*,*,#1907,.F.);
#2675=ORIENTED_EDGE('',*,*,#1546,.T.);
#2676=ORIENTED_EDGE('',*,*,#1909,.T.);
#2677=ORIENTED_EDGE('',*,*,#1871,.T.);
#2678=ORIENTED_EDGE('',*,*,#1908,.F.);
#2679=ORIENTED_EDGE('',*,*,#1545,.T.);
#2680=ORIENTED_EDGE('',*,*,#1581,.T.);
#2681=ORIENTED_EDGE('',*,*,#1872,.T.);
#2682=ORIENTED_EDGE('',*,*,#1909,.F.);
#2683=ORIENTED_EDGE('',*,*,#1910,.F.);
#2684=ORIENTED_EDGE('',*,*,#1911,.T.);
#2685=ORIENTED_EDGE('',*,*,#1912,.T.);
#2686=ORIENTED_EDGE('',*,*,#1911,.F.);
#2687=ORIENTED_EDGE('',*,*,#1652,.T.);
#2688=ORIENTED_EDGE('',*,*,#1913,.F.);
#2689=ORIENTED_EDGE('',*,*,#1801,.T.);
#2690=ORIENTED_EDGE('',*,*,#1875,.T.);
#2691=ORIENTED_EDGE('',*,*,#1725,.T.);
#2692=ORIENTED_EDGE('',*,*,#1914,.F.);
#2693=ORIENTED_EDGE('',*,*,#1802,.T.);
#2694=ORIENTED_EDGE('',*,*,#1913,.T.);
#2695=ORIENTED_EDGE('',*,*,#1724,.T.);
#2696=ORIENTED_EDGE('',*,*,#1915,.F.);
#2697=ORIENTED_EDGE('',*,*,#1803,.T.);
#2698=ORIENTED_EDGE('',*,*,#1914,.T.);
#2699=ORIENTED_EDGE('',*,*,#1723,.T.);
#2700=ORIENTED_EDGE('',*,*,#1916,.F.);
#2701=ORIENTED_EDGE('',*,*,#1804,.T.);
#2702=ORIENTED_EDGE('',*,*,#1915,.T.);
#2703=ORIENTED_EDGE('',*,*,#1722,.T.);
#2704=ORIENTED_EDGE('',*,*,#1917,.F.);
#2705=ORIENTED_EDGE('',*,*,#1805,.T.);
#2706=ORIENTED_EDGE('',*,*,#1916,.T.);
#2707=ORIENTED_EDGE('',*,*,#1721,.T.);
#2708=ORIENTED_EDGE('',*,*,#1918,.F.);
#2709=ORIENTED_EDGE('',*,*,#1806,.T.);
#2710=ORIENTED_EDGE('',*,*,#1917,.T.);
#2711=ORIENTED_EDGE('',*,*,#1720,.T.);
#2712=ORIENTED_EDGE('',*,*,#1919,.F.);
#2713=ORIENTED_EDGE('',*,*,#1807,.T.);
#2714=ORIENTED_EDGE('',*,*,#1918,.T.);
#2715=ORIENTED_EDGE('',*,*,#1719,.T.);
#2716=ORIENTED_EDGE('',*,*,#1920,.F.);
#2717=ORIENTED_EDGE('',*,*,#1808,.T.);
#2718=ORIENTED_EDGE('',*,*,#1919,.T.);
#2719=ORIENTED_EDGE('',*,*,#1718,.T.);
#2720=ORIENTED_EDGE('',*,*,#1921,.F.);
#2721=ORIENTED_EDGE('',*,*,#1809,.T.);
#2722=ORIENTED_EDGE('',*,*,#1920,.T.);
#2723=ORIENTED_EDGE('',*,*,#1717,.T.);
#2724=ORIENTED_EDGE('',*,*,#1922,.F.);
#2725=ORIENTED_EDGE('',*,*,#1810,.T.);
#2726=ORIENTED_EDGE('',*,*,#1921,.T.);
#2727=ORIENTED_EDGE('',*,*,#1716,.T.);
#2728=ORIENTED_EDGE('',*,*,#1923,.F.);
#2729=ORIENTED_EDGE('',*,*,#1811,.T.);
#2730=ORIENTED_EDGE('',*,*,#1922,.T.);
#2731=ORIENTED_EDGE('',*,*,#1715,.T.);
#2732=ORIENTED_EDGE('',*,*,#1924,.F.);
#2733=ORIENTED_EDGE('',*,*,#1812,.T.);
#2734=ORIENTED_EDGE('',*,*,#1923,.T.);
#2735=ORIENTED_EDGE('',*,*,#1714,.T.);
#2736=ORIENTED_EDGE('',*,*,#1925,.F.);
#2737=ORIENTED_EDGE('',*,*,#1813,.T.);
#2738=ORIENTED_EDGE('',*,*,#1924,.T.);
#2739=ORIENTED_EDGE('',*,*,#1713,.T.);
#2740=ORIENTED_EDGE('',*,*,#1926,.F.);
#2741=ORIENTED_EDGE('',*,*,#1814,.T.);
#2742=ORIENTED_EDGE('',*,*,#1925,.T.);
#2743=ORIENTED_EDGE('',*,*,#1712,.T.);
#2744=ORIENTED_EDGE('',*,*,#1927,.F.);
#2745=ORIENTED_EDGE('',*,*,#1815,.T.);
#2746=ORIENTED_EDGE('',*,*,#1926,.T.);
#2747=ORIENTED_EDGE('',*,*,#1711,.T.);
#2748=ORIENTED_EDGE('',*,*,#1928,.F.);
#2749=ORIENTED_EDGE('',*,*,#1816,.T.);
#2750=ORIENTED_EDGE('',*,*,#1927,.T.);
#2751=ORIENTED_EDGE('',*,*,#1710,.T.);
#2752=ORIENTED_EDGE('',*,*,#1929,.F.);
#2753=ORIENTED_EDGE('',*,*,#1817,.T.);
#2754=ORIENTED_EDGE('',*,*,#1928,.T.);
#2755=ORIENTED_EDGE('',*,*,#1709,.T.);
#2756=ORIENTED_EDGE('',*,*,#1930,.F.);
#2757=ORIENTED_EDGE('',*,*,#1818,.T.);
#2758=ORIENTED_EDGE('',*,*,#1929,.T.);
#2759=ORIENTED_EDGE('',*,*,#1708,.T.);
#2760=ORIENTED_EDGE('',*,*,#1931,.F.);
#2761=ORIENTED_EDGE('',*,*,#1819,.T.);
#2762=ORIENTED_EDGE('',*,*,#1930,.T.);
#2763=ORIENTED_EDGE('',*,*,#1707,.T.);
#2764=ORIENTED_EDGE('',*,*,#1932,.F.);
#2765=ORIENTED_EDGE('',*,*,#1820,.T.);
#2766=ORIENTED_EDGE('',*,*,#1931,.T.);
#2767=ORIENTED_EDGE('',*,*,#1706,.T.);
#2768=ORIENTED_EDGE('',*,*,#1933,.F.);
#2769=ORIENTED_EDGE('',*,*,#1821,.T.);
#2770=ORIENTED_EDGE('',*,*,#1932,.T.);
#2771=ORIENTED_EDGE('',*,*,#1705,.T.);
#2772=ORIENTED_EDGE('',*,*,#1934,.F.);
#2773=ORIENTED_EDGE('',*,*,#1822,.T.);
#2774=ORIENTED_EDGE('',*,*,#1933,.T.);
#2775=ORIENTED_EDGE('',*,*,#1704,.T.);
#2776=ORIENTED_EDGE('',*,*,#1935,.F.);
#2777=ORIENTED_EDGE('',*,*,#1823,.T.);
#2778=ORIENTED_EDGE('',*,*,#1934,.T.);
#2779=ORIENTED_EDGE('',*,*,#1703,.T.);
#2780=ORIENTED_EDGE('',*,*,#1936,.F.);
#2781=ORIENTED_EDGE('',*,*,#1824,.T.);
#2782=ORIENTED_EDGE('',*,*,#1935,.T.);
#2783=ORIENTED_EDGE('',*,*,#1702,.T.);
#2784=ORIENTED_EDGE('',*,*,#1937,.F.);
#2785=ORIENTED_EDGE('',*,*,#1825,.T.);
#2786=ORIENTED_EDGE('',*,*,#1936,.T.);
#2787=ORIENTED_EDGE('',*,*,#1701,.T.);
#2788=ORIENTED_EDGE('',*,*,#1938,.F.);
#2789=ORIENTED_EDGE('',*,*,#1826,.T.);
#2790=ORIENTED_EDGE('',*,*,#1937,.T.);
#2791=ORIENTED_EDGE('',*,*,#1700,.T.);
#2792=ORIENTED_EDGE('',*,*,#1939,.F.);
#2793=ORIENTED_EDGE('',*,*,#1827,.T.);
#2794=ORIENTED_EDGE('',*,*,#1938,.T.);
#2795=ORIENTED_EDGE('',*,*,#1699,.T.);
#2796=ORIENTED_EDGE('',*,*,#1940,.F.);
#2797=ORIENTED_EDGE('',*,*,#1828,.T.);
#2798=ORIENTED_EDGE('',*,*,#1939,.T.);
#2799=ORIENTED_EDGE('',*,*,#1698,.T.);
#2800=ORIENTED_EDGE('',*,*,#1941,.F.);
#2801=ORIENTED_EDGE('',*,*,#1829,.T.);
#2802=ORIENTED_EDGE('',*,*,#1940,.T.);
#2803=ORIENTED_EDGE('',*,*,#1697,.T.);
#2804=ORIENTED_EDGE('',*,*,#1942,.F.);
#2805=ORIENTED_EDGE('',*,*,#1830,.T.);
#2806=ORIENTED_EDGE('',*,*,#1941,.T.);
#2807=ORIENTED_EDGE('',*,*,#1696,.T.);
#2808=ORIENTED_EDGE('',*,*,#1943,.F.);
#2809=ORIENTED_EDGE('',*,*,#1831,.T.);
#2810=ORIENTED_EDGE('',*,*,#1942,.T.);
#2811=ORIENTED_EDGE('',*,*,#1695,.T.);
#2812=ORIENTED_EDGE('',*,*,#1944,.F.);
#2813=ORIENTED_EDGE('',*,*,#1832,.T.);
#2814=ORIENTED_EDGE('',*,*,#1943,.T.);
#2815=ORIENTED_EDGE('',*,*,#1694,.T.);
#2816=ORIENTED_EDGE('',*,*,#1945,.F.);
#2817=ORIENTED_EDGE('',*,*,#1833,.T.);
#2818=ORIENTED_EDGE('',*,*,#1944,.T.);
#2819=ORIENTED_EDGE('',*,*,#1693,.T.);
#2820=ORIENTED_EDGE('',*,*,#1946,.F.);
#2821=ORIENTED_EDGE('',*,*,#1834,.T.);
#2822=ORIENTED_EDGE('',*,*,#1945,.T.);
#2823=ORIENTED_EDGE('',*,*,#1692,.T.);
#2824=ORIENTED_EDGE('',*,*,#1728,.F.);
#2825=ORIENTED_EDGE('',*,*,#1835,.T.);
#2826=ORIENTED_EDGE('',*,*,#1946,.T.);
#2827=ORIENTED_EDGE('',*,*,#1656,.T.);
#2828=ORIENTED_EDGE('',*,*,#1910,.T.);
#2829=ORIENTED_EDGE('',*,*,#1505,.T.);
#2830=ORIENTED_EDGE('',*,*,#1912,.F.);
#2831=CONICAL_SURFACE('',#2999,18.25,0.463647609000806);
#2832=CONICAL_SURFACE('',#3037,18.25,0.463647609000806);
#2833=ADVANCED_FACE('',(#169),#2831,.T.);
#2834=ADVANCED_FACE('',(#170),#21,.T.);
#2835=ADVANCED_FACE('',(#171),#22,.T.);
#2836=ADVANCED_FACE('',(#172),#23,.T.);
#2837=ADVANCED_FACE('',(#173),#24,.T.);
#2838=ADVANCED_FACE('',(#174),#25,.T.);
#2839=ADVANCED_FACE('',(#175),#26,.T.);
#2840=ADVANCED_FACE('',(#176),#27,.T.);
#2841=ADVANCED_FACE('',(#177),#28,.T.);
#2842=ADVANCED_FACE('',(#178),#29,.T.);
#2843=ADVANCED_FACE('',(#179),#30,.T.);
#2844=ADVANCED_FACE('',(#180),#31,.T.);
#2845=ADVANCED_FACE('',(#181),#32,.T.);
#2846=ADVANCED_FACE('',(#182),#33,.T.);
#2847=ADVANCED_FACE('',(#183),#34,.T.);
#2848=ADVANCED_FACE('',(#184),#35,.T.);
#2849=ADVANCED_FACE('',(#185),#36,.T.);
#2850=ADVANCED_FACE('',(#186),#37,.T.);
#2851=ADVANCED_FACE('',(#187),#38,.T.);
#2852=ADVANCED_FACE('',(#188),#39,.T.);
#2853=ADVANCED_FACE('',(#189),#40,.T.);
#2854=ADVANCED_FACE('',(#190),#41,.T.);
#2855=ADVANCED_FACE('',(#191),#42,.T.);
#2856=ADVANCED_FACE('',(#192),#43,.T.);
#2857=ADVANCED_FACE('',(#193),#44,.T.);
#2858=ADVANCED_FACE('',(#194),#45,.T.);
#2859=ADVANCED_FACE('',(#195),#46,.T.);
#2860=ADVANCED_FACE('',(#196),#47,.T.);
#2861=ADVANCED_FACE('',(#197),#48,.T.);
#2862=ADVANCED_FACE('',(#198),#49,.T.);
#2863=ADVANCED_FACE('',(#199),#50,.T.);
#2864=ADVANCED_FACE('',(#200),#51,.T.);
#2865=ADVANCED_FACE('',(#201),#52,.T.);
#2866=ADVANCED_FACE('',(#202),#53,.T.);
#2867=ADVANCED_FACE('',(#203),#54,.T.);
#2868=ADVANCED_FACE('',(#204),#55,.T.);
#2869=ADVANCED_FACE('',(#205),#56,.T.);
#2870=ADVANCED_FACE('',(#206),#2832,.T.);
#2871=ADVANCED_FACE('',(#207),#57,.T.);
#2872=ADVANCED_FACE('',(#208),#58,.T.);
#2873=ADVANCED_FACE('',(#209),#59,.T.);
#2874=ADVANCED_FACE('',(#210),#60,.T.);
#2875=ADVANCED_FACE('',(#211),#61,.T.);
#2876=ADVANCED_FACE('',(#212),#62,.T.);
#2877=ADVANCED_FACE('',(#213),#63,.T.);
#2878=ADVANCED_FACE('',(#214),#64,.T.);
#2879=ADVANCED_FACE('',(#215),#65,.T.);
#2880=ADVANCED_FACE('',(#216),#66,.T.);
#2881=ADVANCED_FACE('',(#217),#67,.T.);
#2882=ADVANCED_FACE('',(#218),#68,.T.);
#2883=ADVANCED_FACE('',(#219),#69,.T.);
#2884=ADVANCED_FACE('',(#220),#70,.T.);
#2885=ADVANCED_FACE('',(#221),#71,.T.);
#2886=ADVANCED_FACE('',(#222),#72,.T.);
#2887=ADVANCED_FACE('',(#223),#73,.T.);
#2888=ADVANCED_FACE('',(#224),#74,.T.);
#2889=ADVANCED_FACE('',(#225),#75,.T.);
#2890=ADVANCED_FACE('',(#226),#76,.T.);
#2891=ADVANCED_FACE('',(#227),#77,.T.);
#2892=ADVANCED_FACE('',(#228),#78,.T.);
#2893=ADVANCED_FACE('',(#229),#79,.T.);
#2894=ADVANCED_FACE('',(#230),#80,.T.);
#2895=ADVANCED_FACE('',(#231),#81,.T.);
#2896=ADVANCED_FACE('',(#232),#82,.T.);
#2897=ADVANCED_FACE('',(#233),#83,.T.);
#2898=ADVANCED_FACE('',(#234),#84,.T.);
#2899=ADVANCED_FACE('',(#235),#85,.T.);
#2900=ADVANCED_FACE('',(#236),#86,.T.);
#2901=ADVANCED_FACE('',(#237),#87,.T.);
#2902=ADVANCED_FACE('',(#238),#88,.T.);
#2903=ADVANCED_FACE('',(#239),#89,.T.);
#2904=ADVANCED_FACE('',(#240),#90,.T.);
#2905=ADVANCED_FACE('',(#241),#91,.T.);
#2906=ADVANCED_FACE('',(#242),#92,.T.);
#2907=ADVANCED_FACE('',(#243,#17),#93,.T.);
#2908=ADVANCED_FACE('',(#244,#18),#94,.F.);
#2909=ADVANCED_FACE('',(#245),#15,.T.);
#2910=ADVANCED_FACE('',(#246),#95,.T.);
#2911=ADVANCED_FACE('',(#247),#96,.T.);
#2912=ADVANCED_FACE('',(#248),#97,.T.);
#2913=ADVANCED_FACE('',(#249),#98,.T.);
#2914=ADVANCED_FACE('',(#250),#99,.T.);
#2915=ADVANCED_FACE('',(#251),#100,.T.);
#2916=ADVANCED_FACE('',(#252),#101,.T.);
#2917=ADVANCED_FACE('',(#253),#102,.T.);
#2918=ADVANCED_FACE('',(#254),#103,.T.);
#2919=ADVANCED_FACE('',(#255),#104,.T.);
#2920=ADVANCED_FACE('',(#256),#105,.T.);
#2921=ADVANCED_FACE('',(#257),#106,.T.);
#2922=ADVANCED_FACE('',(#258),#107,.T.);
#2923=ADVANCED_FACE('',(#259),#108,.T.);
#2924=ADVANCED_FACE('',(#260),#109,.T.);
#2925=ADVANCED_FACE('',(#261),#110,.T.);
#2926=ADVANCED_FACE('',(#262),#111,.T.);
#2927=ADVANCED_FACE('',(#263),#112,.T.);
#2928=ADVANCED_FACE('',(#264),#113,.T.);
#2929=ADVANCED_FACE('',(#265),#114,.T.);
#2930=ADVANCED_FACE('',(#266),#115,.T.);
#2931=ADVANCED_FACE('',(#267),#116,.T.);
#2932=ADVANCED_FACE('',(#268),#117,.T.);
#2933=ADVANCED_FACE('',(#269),#118,.T.);
#2934=ADVANCED_FACE('',(#270),#119,.T.);
#2935=ADVANCED_FACE('',(#271),#120,.T.);
#2936=ADVANCED_FACE('',(#272),#121,.T.);
#2937=ADVANCED_FACE('',(#273),#122,.T.);
#2938=ADVANCED_FACE('',(#274),#123,.T.);
#2939=ADVANCED_FACE('',(#275),#124,.T.);
#2940=ADVANCED_FACE('',(#276),#125,.T.);
#2941=ADVANCED_FACE('',(#277),#126,.T.);
#2942=ADVANCED_FACE('',(#278),#127,.T.);
#2943=ADVANCED_FACE('',(#279),#128,.T.);
#2944=ADVANCED_FACE('',(#280),#129,.T.);
#2945=ADVANCED_FACE('',(#281),#130,.T.);
#2946=ADVANCED_FACE('',(#282),#131,.T.);
#2947=ADVANCED_FACE('',(#283),#16,.F.);
#2948=ADVANCED_FACE('',(#284),#132,.T.);
#2949=ADVANCED_FACE('',(#285),#133,.T.);
#2950=ADVANCED_FACE('',(#286),#134,.T.);
#2951=ADVANCED_FACE('',(#287),#135,.T.);
#2952=ADVANCED_FACE('',(#288),#136,.T.);
#2953=ADVANCED_FACE('',(#289),#137,.T.);
#2954=ADVANCED_FACE('',(#290),#138,.T.);
#2955=ADVANCED_FACE('',(#291),#139,.T.);
#2956=ADVANCED_FACE('',(#292),#140,.T.);
#2957=ADVANCED_FACE('',(#293),#141,.T.);
#2958=ADVANCED_FACE('',(#294),#142,.T.);
#2959=ADVANCED_FACE('',(#295),#143,.T.);
#2960=ADVANCED_FACE('',(#296),#144,.T.);
#2961=ADVANCED_FACE('',(#297),#145,.T.);
#2962=ADVANCED_FACE('',(#298),#146,.T.);
#2963=ADVANCED_FACE('',(#299),#147,.T.);
#2964=ADVANCED_FACE('',(#300),#148,.T.);
#2965=ADVANCED_FACE('',(#301),#149,.T.);
#2966=ADVANCED_FACE('',(#302),#150,.T.);
#2967=ADVANCED_FACE('',(#303),#151,.T.);
#2968=ADVANCED_FACE('',(#304),#152,.T.);
#2969=ADVANCED_FACE('',(#305),#153,.T.);
#2970=ADVANCED_FACE('',(#306),#154,.T.);
#2971=ADVANCED_FACE('',(#307),#155,.T.);
#2972=ADVANCED_FACE('',(#308),#156,.T.);
#2973=ADVANCED_FACE('',(#309),#157,.T.);
#2974=ADVANCED_FACE('',(#310),#158,.T.);
#2975=ADVANCED_FACE('',(#311),#159,.T.);
#2976=ADVANCED_FACE('',(#312),#160,.T.);
#2977=ADVANCED_FACE('',(#313),#161,.T.);
#2978=ADVANCED_FACE('',(#314),#162,.T.);
#2979=ADVANCED_FACE('',(#315),#163,.T.);
#2980=ADVANCED_FACE('',(#316),#164,.T.);
#2981=ADVANCED_FACE('',(#317),#165,.T.);
#2982=ADVANCED_FACE('',(#318),#166,.T.);
#2983=ADVANCED_FACE('',(#319,#19),#167,.T.);
#2984=ADVANCED_FACE('',(#320,#20),#168,.F.);
#2985=CLOSED_SHELL('',(#2833,#2834,#2835,#2836,#2837,#2838,#2839,#2840,
#2841,#2842,#2843,#2844,#2845,#2846,#2847,#2848,#2849,#2850,#2851,#2852,
#2853,#2854,#2855,#2856,#2857,#2858,#2859,#2860,#2861,#2862,#2863,#2864,
#2865,#2866,#2867,#2868,#2869,#2870,#2871,#2872,#2873,#2874,#2875,#2876,
#2877,#2878,#2879,#2880,#2881,#2882,#2883,#2884,#2885,#2886,#2887,#2888,
#2889,#2890,#2891,#2892,#2893,#2894,#2895,#2896,#2897,#2898,#2899,#2900,
#2901,#2902,#2903,#2904,#2905,#2906,#2907,#2908,#2909,#2910,#2911,#2912,
#2913,#2914,#2915,#2916,#2917,#2918,#2919,#2920,#2921,#2922,#2923,#2924,
#2925,#2926,#2927,#2928,#2929,#2930,#2931,#2932,#2933,#2934,#2935,#2936,
#2937,#2938,#2939,#2940,#2941,#2942,#2943,#2944,#2945,#2946,#2947,#2948,
#2949,#2950,#2951,#2952,#2953,#2954,#2955,#2956,#2957,#2958,#2959,#2960,
#2961,#2962,#2963,#2964,#2965,#2966,#2967,#2968,#2969,#2970,#2971,#2972,
#2973,#2974,#2975,#2976,#2977,#2978,#2979,#2980,#2981,#2982,#2983,#2984));
#2986=DERIVED_UNIT_ELEMENT(#2988,1.);
#2987=DERIVED_UNIT_ELEMENT(#4949,-3.);
#2988=(
MASS_UNIT()
NAMED_UNIT(*)
SI_UNIT(.KILO.,.GRAM.)
);
#2989=DERIVED_UNIT((#2986,#2987));
#2990=MEASURE_REPRESENTATION_ITEM('density measure',
POSITIVE_RATIO_MEASURE(7850.),#2989);
#2991=PROPERTY_DEFINITION_REPRESENTATION(#2996,#2993);
#2992=PROPERTY_DEFINITION_REPRESENTATION(#2997,#2994);
#2993=REPRESENTATION('material name',(#2995),#4946);
#2994=REPRESENTATION('density',(#2990),#4946);
#2995=DESCRIPTIVE_REPRESENTATION_ITEM('Stahl','Stahl');
#2996=PROPERTY_DEFINITION('material property','material name',#4956);
#2997=PROPERTY_DEFINITION('material property','density of part',#4956);
#2998=AXIS2_PLACEMENT_3D('',#3767,#3157,#3158);
#2999=AXIS2_PLACEMENT_3D('',#3768,#3159,#3160);
#3000=AXIS2_PLACEMENT_3D('',#3770,#3161,#3162);
#3001=AXIS2_PLACEMENT_3D('',#4060,#3164,#3165);
#3002=AXIS2_PLACEMENT_3D('',#4066,#3169,#3170);
#3003=AXIS2_PLACEMENT_3D('',#4070,#3173,#3174);
#3004=AXIS2_PLACEMENT_3D('',#4074,#3177,#3178);
#3005=AXIS2_PLACEMENT_3D('',#4078,#3181,#3182);
#3006=AXIS2_PLACEMENT_3D('',#4082,#3185,#3186);
#3007=AXIS2_PLACEMENT_3D('',#4086,#3189,#3190);
#3008=AXIS2_PLACEMENT_3D('',#4090,#3193,#3194);
#3009=AXIS2_PLACEMENT_3D('',#4094,#3197,#3198);
#3010=AXIS2_PLACEMENT_3D('',#4098,#3201,#3202);
#3011=AXIS2_PLACEMENT_3D('',#4102,#3205,#3206);
#3012=AXIS2_PLACEMENT_3D('',#4106,#3209,#3210);
#3013=AXIS2_PLACEMENT_3D('',#4110,#3213,#3214);
#3014=AXIS2_PLACEMENT_3D('',#4114,#3217,#3218);
#3015=AXIS2_PLACEMENT_3D('',#4118,#3221,#3222);
#3016=AXIS2_PLACEMENT_3D('',#4122,#3225,#3226);
#3017=AXIS2_PLACEMENT_3D('',#4126,#3229,#3230);
#3018=AXIS2_PLACEMENT_3D('',#4130,#3233,#3234);
#3019=AXIS2_PLACEMENT_3D('',#4134,#3237,#3238);
#3020=AXIS2_PLACEMENT_3D('',#4138,#3241,#3242);
#3021=AXIS2_PLACEMENT_3D('',#4142,#3245,#3246);
#3022=AXIS2_PLACEMENT_3D('',#4146,#3249,#3250);
#3023=AXIS2_PLACEMENT_3D('',#4150,#3253,#3254);
#3024=AXIS2_PLACEMENT_3D('',#4154,#3257,#3258);
#3025=AXIS2_PLACEMENT_3D('',#4158,#3261,#3262);
#3026=AXIS2_PLACEMENT_3D('',#4162,#3265,#3266);
#3027=AXIS2_PLACEMENT_3D('',#4166,#3269,#3270);
#3028=AXIS2_PLACEMENT_3D('',#4170,#3273,#3274);
#3029=AXIS2_PLACEMENT_3D('',#4174,#3277,#3278);
#3030=AXIS2_PLACEMENT_3D('',#4178,#3281,#3282);
#3031=AXIS2_PLACEMENT_3D('',#4182,#3285,#3286);
#3032=AXIS2_PLACEMENT_3D('',#4186,#3289,#3290);
#3033=AXIS2_PLACEMENT_3D('',#4190,#3293,#3294);
#3034=AXIS2_PLACEMENT_3D('',#4194,#3297,#3298);
#3035=AXIS2_PLACEMENT_3D('',#4198,#3301,#3302);
#3036=AXIS2_PLACEMENT_3D('',#4202,#3305,#3306);
#3037=AXIS2_PLACEMENT_3D('',#4206,#3309,#3310);
#3038=AXIS2_PLACEMENT_3D('',#4222,#3312,#3313);
#3039=AXIS2_PLACEMENT_3D('',#4498,#3314,#3315);
#3040=AXIS2_PLACEMENT_3D('',#4504,#3319,#3320);
#3041=AXIS2_PLACEMENT_3D('',#4508,#3323,#3324);
#3042=AXIS2_PLACEMENT_3D('',#4512,#3327,#3328);
#3043=AXIS2_PLACEMENT_3D('',#4516,#3331,#3332);
#3044=AXIS2_PLACEMENT_3D('',#4520,#3335,#3336);
#3045=AXIS2_PLACEMENT_3D('',#4524,#3339,#3340);
#3046=AXIS2_PLACEMENT_3D('',#4528,#3343,#3344);
#3047=AXIS2_PLACEMENT_3D('',#4532,#3347,#3348);
#3048=AXIS2_PLACEMENT_3D('',#4536,#3351,#3352);
#3049=AXIS2_PLACEMENT_3D('',#4540,#3355,#3356);
#3050=AXIS2_PLACEMENT_3D('',#4544,#3359,#3360);
#3051=AXIS2_PLACEMENT_3D('',#4548,#3363,#3364);
#3052=AXIS2_PLACEMENT_3D('',#4552,#3367,#3368);
#3053=AXIS2_PLACEMENT_3D('',#4556,#3371,#3372);
#3054=AXIS2_PLACEMENT_3D('',#4560,#3375,#3376);
#3055=AXIS2_PLACEMENT_3D('',#4564,#3379,#3380);
#3056=AXIS2_PLACEMENT_3D('',#4568,#3383,#3384);
#3057=AXIS2_PLACEMENT_3D('',#4572,#3387,#3388);
#3058=AXIS2_PLACEMENT_3D('',#4576,#3391,#3392);
#3059=AXIS2_PLACEMENT_3D('',#4580,#3395,#3396);
#3060=AXIS2_PLACEMENT_3D('',#4584,#3399,#3400);
#3061=AXIS2_PLACEMENT_3D('',#4588,#3403,#3404);
#3062=AXIS2_PLACEMENT_3D('',#4592,#3407,#3408);
#3063=AXIS2_PLACEMENT_3D('',#4596,#3411,#3412);
#3064=AXIS2_PLACEMENT_3D('',#4600,#3415,#3416);
#3065=AXIS2_PLACEMENT_3D('',#4604,#3419,#3420);
#3066=AXIS2_PLACEMENT_3D('',#4608,#3423,#3424);
#3067=AXIS2_PLACEMENT_3D('',#4612,#3427,#3428);
#3068=AXIS2_PLACEMENT_3D('',#4616,#3431,#3432);
#3069=AXIS2_PLACEMENT_3D('',#4620,#3435,#3436);
#3070=AXIS2_PLACEMENT_3D('',#4624,#3439,#3440);
#3071=AXIS2_PLACEMENT_3D('',#4628,#3443,#3444);
#3072=AXIS2_PLACEMENT_3D('',#4632,#3447,#3448);
#3073=AXIS2_PLACEMENT_3D('',#4636,#3451,#3452);
#3074=AXIS2_PLACEMENT_3D('',#4640,#3455,#3456);
#3075=AXIS2_PLACEMENT_3D('',#4644,#3459,#3460);
#3076=AXIS2_PLACEMENT_3D('',#4646,#3461,#3462);
#3077=AXIS2_PLACEMENT_3D('',#4718,#3499,#3500);
#3078=AXIS2_PLACEMENT_3D('',#4720,#3501,#3502);
#3079=AXIS2_PLACEMENT_3D('',#4792,#3539,#3540);
#3080=AXIS2_PLACEMENT_3D('',#4794,#3542,#3543);
#3081=AXIS2_PLACEMENT_3D('',#4796,#3545,#3546);
#3082=AXIS2_PLACEMENT_3D('',#4798,#3548,#3549);
#3083=AXIS2_PLACEMENT_3D('',#4800,#3551,#3552);
#3084=AXIS2_PLACEMENT_3D('',#4802,#3554,#3555);
#3085=AXIS2_PLACEMENT_3D('',#4804,#3557,#3558);
#3086=AXIS2_PLACEMENT_3D('',#4806,#3560,#3561);
#3087=AXIS2_PLACEMENT_3D('',#4808,#3563,#3564);
#3088=AXIS2_PLACEMENT_3D('',#4810,#3566,#3567);
#3089=AXIS2_PLACEMENT_3D('',#4812,#3569,#3570);
#3090=AXIS2_PLACEMENT_3D('',#4814,#3572,#3573);
#3091=AXIS2_PLACEMENT_3D('',#4816,#3575,#3576);
#3092=AXIS2_PLACEMENT_3D('',#4818,#3578,#3579);
#3093=AXIS2_PLACEMENT_3D('',#4820,#3581,#3582);
#3094=AXIS2_PLACEMENT_3D('',#4822,#3584,#3585);
#3095=AXIS2_PLACEMENT_3D('',#4824,#3587,#3588);
#3096=AXIS2_PLACEMENT_3D('',#4826,#3590,#3591);
#3097=AXIS2_PLACEMENT_3D('',#4828,#3593,#3594);
#3098=AXIS2_PLACEMENT_3D('',#4830,#3596,#3597);
#3099=AXIS2_PLACEMENT_3D('',#4832,#3599,#3600);
#3100=AXIS2_PLACEMENT_3D('',#4834,#3602,#3603);
#3101=AXIS2_PLACEMENT_3D('',#4836,#3605,#3606);
#3102=AXIS2_PLACEMENT_3D('',#4838,#3608,#3609);
#3103=AXIS2_PLACEMENT_3D('',#4840,#3611,#3612);
#3104=AXIS2_PLACEMENT_3D('',#4842,#3614,#3615);
#3105=AXIS2_PLACEMENT_3D('',#4844,#3617,#3618);
#3106=AXIS2_PLACEMENT_3D('',#4846,#3620,#3621);
#3107=AXIS2_PLACEMENT_3D('',#4848,#3623,#3624);
#3108=AXIS2_PLACEMENT_3D('',#4850,#3626,#3627);
#3109=AXIS2_PLACEMENT_3D('',#4852,#3629,#3630);
#3110=AXIS2_PLACEMENT_3D('',#4854,#3632,#3633);
#3111=AXIS2_PLACEMENT_3D('',#4856,#3635,#3636);
#3112=AXIS2_PLACEMENT_3D('',#4858,#3638,#3639);
#3113=AXIS2_PLACEMENT_3D('',#4860,#3641,#3642);
#3114=AXIS2_PLACEMENT_3D('',#4862,#3644,#3645);
#3115=AXIS2_PLACEMENT_3D('',#4864,#3647,#3648);
#3116=AXIS2_PLACEMENT_3D('',#4866,#3650,#3651);
#3117=AXIS2_PLACEMENT_3D('',#4867,#3652,#3653);
#3118=AXIS2_PLACEMENT_3D('',#4869,#3654,#3655);
#3119=AXIS2_PLACEMENT_3D('',#4872,#3657,#3658);
#3120=AXIS2_PLACEMENT_3D('',#4873,#3659,#3660);
#3121=AXIS2_PLACEMENT_3D('',#4875,#3662,#3663);
#3122=AXIS2_PLACEMENT_3D('',#4877,#3665,#3666);
#3123=AXIS2_PLACEMENT_3D('',#4879,#3668,#3669);
#3124=AXIS2_PLACEMENT_3D('',#4881,#3671,#3672);
#3125=AXIS2_PLACEMENT_3D('',#4883,#3674,#3675);
#3126=AXIS2_PLACEMENT_3D('',#4885,#3677,#3678);
#3127=AXIS2_PLACEMENT_3D('',#4887,#3680,#3681);
#3128=AXIS2_PLACEMENT_3D('',#4889,#3683,#3684);
#3129=AXIS2_PLACEMENT_3D('',#4891,#3686,#3687);
#3130=AXIS2_PLACEMENT_3D('',#4893,#3689,#3690);
#3131=AXIS2_PLACEMENT_3D('',#4895,#3692,#3693);
#3132=AXIS2_PLACEMENT_3D('',#4897,#3695,#3696);
#3133=AXIS2_PLACEMENT_3D('',#4899,#3698,#3699);
#3134=AXIS2_PLACEMENT_3D('',#4901,#3701,#3702);
#3135=AXIS2_PLACEMENT_3D('',#4903,#3704,#3705);
#3136=AXIS2_PLACEMENT_3D('',#4905,#3707,#3708);
#3137=AXIS2_PLACEMENT_3D('',#4907,#3710,#3711);
#3138=AXIS2_PLACEMENT_3D('',#4909,#3713,#3714);
#3139=AXIS2_PLACEMENT_3D('',#4911,#3716,#3717);
#3140=AXIS2_PLACEMENT_3D('',#4913,#3719,#3720);
#3141=AXIS2_PLACEMENT_3D('',#4915,#3722,#3723);
#3142=AXIS2_PLACEMENT_3D('',#4917,#3725,#3726);
#3143=AXIS2_PLACEMENT_3D('',#4919,#3728,#3729);
#3144=AXIS2_PLACEMENT_3D('',#4921,#3731,#3732);
#3145=AXIS2_PLACEMENT_3D('',#4923,#3734,#3735);
#3146=AXIS2_PLACEMENT_3D('',#4925,#3737,#3738);
#3147=AXIS2_PLACEMENT_3D('',#4927,#3740,#3741);
#3148=AXIS2_PLACEMENT_3D('',#4929,#3743,#3744);
#3149=AXIS2_PLACEMENT_3D('',#4931,#3746,#3747);
#3150=AXIS2_PLACEMENT_3D('',#4933,#3749,#3750);
#3151=AXIS2_PLACEMENT_3D('',#4935,#3752,#3753);
#3152=AXIS2_PLACEMENT_3D('',#4937,#3755,#3756);
#3153=AXIS2_PLACEMENT_3D('',#4939,#3758,#3759);
#3154=AXIS2_PLACEMENT_3D('',#4941,#3761,#3762);
#3155=AXIS2_PLACEMENT_3D('',#4942,#3763,#3764);
#3156=AXIS2_PLACEMENT_3D('',#4943,#3765,#3766);
#3157=DIRECTION('axis',(0.,0.,1.));
#3158=DIRECTION('refdir',(1.,0.,0.));
#3159=DIRECTION('center_axis',(0.,0.,1.));
#3160=DIRECTION('ref_axis',(1.,0.,0.));
#3161=DIRECTION('center_axis',(0.,0.,-1.));
#3162=DIRECTION('ref_axis',(1.,0.,0.));
#3163=DIRECTION('',(-0.447213595499958,-5.47678698264203E-17,0.894427190999916));
#3164=DIRECTION('center_axis',(0.975629014459192,0.219426584864703,0.));
#3165=DIRECTION('ref_axis',(-0.219426584864703,0.975629014459191,0.));
#3166=DIRECTION('',(0.,0.,1.));
#3167=DIRECTION('',(0.219426584864703,-0.975629014459191,0.));
#3168=DIRECTION('',(0.,0.,1.));
#3169=DIRECTION('center_axis',(0.922703990909638,-0.385509202431572,0.));
#3170=DIRECTION('ref_axis',(0.385509202431572,0.922703990909638,0.));
#3171=DIRECTION('',(0.,0.,1.));
#3172=DIRECTION('',(-0.385509202431572,-0.922703990909638,0.));
#3173=DIRECTION('center_axis',(0.922703990909638,0.385509202431573,0.));
#3174=DIRECTION('ref_axis',(-0.385509202431573,0.922703990909638,0.));
#3175=DIRECTION('',(0.,0.,1.));
#3176=DIRECTION('',(0.385509202431573,-0.922703990909638,0.));
#3177=DIRECTION('center_axis',(0.975629014459192,-0.219426584864703,0.));
#3178=DIRECTION('ref_axis',(0.219426584864703,0.975629014459191,0.));
#3179=DIRECTION('',(0.,0.,1.));
#3180=DIRECTION('',(-0.219426584864703,-0.975629014459191,0.));
#3181=DIRECTION('center_axis',(0.841743073507043,0.539878317959628,0.));
#3182=DIRECTION('ref_axis',(-0.539878317959628,0.841743073507043,0.));
#3183=DIRECTION('',(0.,0.,1.));
#3184=DIRECTION('',(0.539878317959628,-0.841743073507043,0.));
#3185=DIRECTION('center_axis',(0.998910044096505,-0.0466768015519289,0.));
#3186=DIRECTION('ref_axis',(0.0466768015519289,0.998910044096505,0.));
#3187=DIRECTION('',(0.,0.,1.));
#3188=DIRECTION('',(-0.0466768015519289,-0.998910044096505,0.));
#3189=DIRECTION('center_axis',(0.735206218758483,0.677843503988091,0.));
#3190=DIRECTION('ref_axis',(-0.677843503988091,0.735206218758483,0.));
#3191=DIRECTION('',(0.,0.,1.));
#3192=DIRECTION('',(0.677843503988091,-0.735206218758483,0.));
#3193=DIRECTION('center_axis',(0.991839697516818,0.127491232756398,0.));
#3194=DIRECTION('ref_axis',(-0.127491232756398,0.991839697516818,0.));
#3195=DIRECTION('',(0.,0.,1.));
#3196=DIRECTION('',(0.127491232756398,-0.991839697516818,0.));
#3197=DIRECTION('center_axis',(0.606330495085245,0.795212758153239,0.));
#3198=DIRECTION('ref_axis',(-0.795212758153239,0.606330495085245,0.));
#3199=DIRECTION('',(0.,0.,1.));
#3200=DIRECTION('',(0.795212758153239,-0.606330495085245,0.));
#3201=DIRECTION('center_axis',(0.954632803623187,0.2977855104711,0.));
#3202=DIRECTION('ref_axis',(-0.2977855104711,0.954632803623187,0.));
#3203=DIRECTION('',(0.,0.,1.));
#3204=DIRECTION('',(0.2977855104711,-0.954632803623187,0.));
#3205=DIRECTION('center_axis',(0.459031726136876,0.888419875058972,0.));
#3206=DIRECTION('ref_axis',(-0.888419875058972,0.459031726136876,0.));
#3207=DIRECTION('',(0.,0.,1.));
#3208=DIRECTION('',(0.888419875058972,-0.459031726136876,0.));
#3209=DIRECTION('center_axis',(0.888419875058972,0.459031726136876,0.));
#3210=DIRECTION('ref_axis',(-0.459031726136876,0.888419875058972,0.));
#3211=DIRECTION('',(0.,0.,1.));
#3212=DIRECTION('',(0.459031726136876,-0.888419875058972,0.));
#3213=DIRECTION('center_axis',(0.297785510471099,0.954632803623187,0.));
#3214=DIRECTION('ref_axis',(-0.954632803623187,0.297785510471099,0.));
#3215=DIRECTION('',(0.,0.,1.));
#3216=DIRECTION('',(0.954632803623187,-0.297785510471099,0.));
#3217=DIRECTION('center_axis',(0.795212758153239,0.606330495085245,0.));
#3218=DIRECTION('ref_axis',(-0.606330495085244,0.795212758153239,0.));
#3219=DIRECTION('',(0.,0.,1.));
#3220=DIRECTION('',(0.606330495085244,-0.795212758153239,0.));
#3221=DIRECTION('center_axis',(0.127491232756399,0.991839697516818,0.));
#3222=DIRECTION('ref_axis',(-0.991839697516818,0.127491232756399,0.));
#3223=DIRECTION('',(0.,0.,1.));
#3224=DIRECTION('',(0.991839697516818,-0.127491232756399,0.));
#3225=DIRECTION('center_axis',(0.677843503988091,0.735206218758483,0.));
#3226=DIRECTION('ref_axis',(-0.735206218758483,0.677843503988091,0.));
#3227=DIRECTION('',(0.,0.,1.));
#3228=DIRECTION('',(0.735206218758483,-0.677843503988091,0.));
#3229=DIRECTION('center_axis',(-0.046676801551929,0.998910044096505,0.));
#3230=DIRECTION('ref_axis',(-0.998910044096505,-0.046676801551929,0.));
#3231=DIRECTION('',(0.,0.,1.));
#3232=DIRECTION('',(0.998910044096505,0.046676801551929,0.));
#3233=DIRECTION('center_axis',(0.539878317959628,0.841743073507043,0.));
#3234=DIRECTION('ref_axis',(-0.841743073507043,0.539878317959628,0.));
#3235=DIRECTION('',(0.,0.,1.));
#3236=DIRECTION('',(0.841743073507043,-0.539878317959628,0.));
#3237=DIRECTION('center_axis',(-0.219426584864702,0.975629014459192,0.));
#3238=DIRECTION('ref_axis',(-0.975629014459191,-0.219426584864702,0.));
#3239=DIRECTION('',(0.,0.,1.));
#3240=DIRECTION('',(0.975629014459191,0.219426584864702,0.));
#3241=DIRECTION('center_axis',(0.385509202431573,0.922703990909638,0.));
#3242=DIRECTION('ref_axis',(-0.922703990909638,0.385509202431573,0.));
#3243=DIRECTION('',(0.,0.,1.));
#3244=DIRECTION('',(0.922703990909638,-0.385509202431573,0.));
#3245=DIRECTION('center_axis',(-0.385509202431573,0.922703990909638,0.));
#3246=DIRECTION('ref_axis',(-0.922703990909638,-0.385509202431573,0.));
#3247=DIRECTION('',(0.,0.,1.));
#3248=DIRECTION('',(0.922703990909638,0.385509202431573,0.));
#3249=DIRECTION('center_axis',(0.219426584864702,0.975629014459192,0.));
#3250=DIRECTION('ref_axis',(-0.975629014459191,0.219426584864702,0.));
#3251=DIRECTION('',(0.,0.,1.));
#3252=DIRECTION('',(0.975629014459191,-0.219426584864702,0.));
#3253=DIRECTION('center_axis',(-0.539878317959627,0.841743073507043,0.));
#3254=DIRECTION('ref_axis',(-0.841743073507043,-0.539878317959627,0.));
#3255=DIRECTION('',(0.,0.,1.));
#3256=DIRECTION('',(0.841743073507043,0.539878317959627,0.));
#3257=DIRECTION('center_axis',(0.0466768015519291,0.998910044096505,0.));
#3258=DIRECTION('ref_axis',(-0.998910044096505,0.0466768015519291,0.));
#3259=DIRECTION('',(0.,0.,1.));
#3260=DIRECTION('',(0.998910044096505,-0.0466768015519291,0.));
#3261=DIRECTION('center_axis',(-0.67784350398809,0.735206218758485,0.));
#3262=DIRECTION('ref_axis',(-0.735206218758485,-0.67784350398809,0.));
#3263=DIRECTION('',(0.,0.,1.));
#3264=DIRECTION('',(0.735206218758485,0.67784350398809,0.));
#3265=DIRECTION('center_axis',(-0.1274912327564,0.991839697516818,0.));
#3266=DIRECTION('ref_axis',(-0.991839697516818,-0.1274912327564,0.));
#3267=DIRECTION('',(0.,0.,1.));
#3268=DIRECTION('',(0.991839697516818,0.1274912327564,0.));
#3269=DIRECTION('center_axis',(-0.795212758153238,0.606330495085246,0.));
#3270=DIRECTION('ref_axis',(-0.606330495085246,-0.795212758153238,0.));
#3271=DIRECTION('',(0.,0.,1.));
#3272=DIRECTION('',(0.606330495085246,0.795212758153238,0.));
#3273=DIRECTION('center_axis',(-0.297785510471099,0.954632803623187,0.));
#3274=DIRECTION('ref_axis',(-0.954632803623187,-0.297785510471099,0.));
#3275=DIRECTION('',(0.,0.,1.));
#3276=DIRECTION('',(0.954632803623187,0.297785510471099,0.));
#3277=DIRECTION('center_axis',(-0.888419875058973,0.459031726136875,0.));
#3278=DIRECTION('ref_axis',(-0.459031726136875,-0.888419875058973,0.));
#3279=DIRECTION('',(0.,0.,1.));
#3280=DIRECTION('',(0.459031726136875,0.888419875058973,0.));
#3281=DIRECTION('center_axis',(-0.459031726136875,0.888419875058973,0.));
#3282=DIRECTION('ref_axis',(-0.888419875058973,-0.459031726136875,0.));
#3283=DIRECTION('',(0.,0.,1.));
#3284=DIRECTION('',(0.888419875058973,0.459031726136875,0.));
#3285=DIRECTION('center_axis',(-0.954632803623187,0.297785510471101,0.));
#3286=DIRECTION('ref_axis',(-0.297785510471101,-0.954632803623187,0.));
#3287=DIRECTION('',(0.,0.,1.));
#3288=DIRECTION('',(0.297785510471101,0.954632803623187,0.));
#3289=DIRECTION('center_axis',(-0.606330495085243,0.795212758153241,0.));
#3290=DIRECTION('ref_axis',(-0.795212758153241,-0.606330495085243,0.));
#3291=DIRECTION('',(0.,0.,1.));
#3292=DIRECTION('',(0.795212758153241,0.606330495085243,0.));
#3293=DIRECTION('center_axis',(-0.991839697516818,0.1274912327564,0.));
#3294=DIRECTION('ref_axis',(-0.1274912327564,-0.991839697516818,0.));
#3295=DIRECTION('',(0.,0.,1.));
#3296=DIRECTION('',(0.1274912327564,0.991839697516818,0.));
#3297=DIRECTION('center_axis',(-0.735206218758483,0.677843503988091,0.));
#3298=DIRECTION('ref_axis',(-0.677843503988091,-0.735206218758483,0.));
#3299=DIRECTION('',(0.,0.,1.));
#3300=DIRECTION('',(0.677843503988091,0.735206218758483,0.));
#3301=DIRECTION('center_axis',(-0.998910044096505,-0.0466768015519275,0.));
#3302=DIRECTION('ref_axis',(0.0466768015519275,-0.998910044096505,0.));
#3303=DIRECTION('',(0.,0.,1.));
#3304=DIRECTION('',(-0.0466768015519275,0.998910044096505,0.));
#3305=DIRECTION('center_axis',(-0.841743073507043,0.539878317959628,0.));
#3306=DIRECTION('ref_axis',(-0.539878317959628,-0.841743073507043,0.));
#3307=DIRECTION('',(0.,0.,1.));
#3308=DIRECTION('',(0.539878317959628,0.841743073507043,0.));
#3309=DIRECTION('center_axis',(0.,0.,-1.));
#3310=DIRECTION('ref_axis',(1.,0.,0.));
#3311=DIRECTION('',(0.447213595499958,5.47678698264203E-17,0.894427190999916));
#3312=DIRECTION('center_axis',(0.,0.,1.));
#3313=DIRECTION('ref_axis',(1.,0.,0.));
#3314=DIRECTION('center_axis',(0.975629014459192,0.219426584864703,0.));
#3315=DIRECTION('ref_axis',(-0.219426584864703,0.975629014459191,0.));
#3316=DIRECTION('',(0.,0.,1.));
#3317=DIRECTION('',(-0.219426584864703,0.975629014459191,0.));
#3318=DIRECTION('',(0.,0.,1.));
#3319=DIRECTION('center_axis',(0.841743073507043,-0.539878317959628,0.));
#3320=DIRECTION('ref_axis',(0.539878317959628,0.841743073507043,0.));
#3321=DIRECTION('',(0.,0.,1.));
#3322=DIRECTION('',(0.539878317959628,0.841743073507043,0.));
#3323=DIRECTION('center_axis',(0.998910044096505,0.046676801551929,0.));
#3324=DIRECTION('ref_axis',(-0.046676801551929,0.998910044096505,0.));
#3325=DIRECTION('',(0.,0.,1.));
#3326=DIRECTION('',(-0.046676801551929,0.998910044096505,0.));
#3327=DIRECTION('center_axis',(0.735206218758486,-0.677843503988089,0.));
#3328=DIRECTION('ref_axis',(0.677843503988089,0.735206218758486,0.));
#3329=DIRECTION('',(0.,0.,1.));
#3330=DIRECTION('',(0.677843503988089,0.735206218758486,0.));
#3331=DIRECTION('center_axis',(0.991839697516819,-0.127491232756396,0.));
#3332=DIRECTION('ref_axis',(0.127491232756396,0.991839697516819,0.));
#3333=DIRECTION('',(0.,0.,1.));
#3334=DIRECTION('',(0.127491232756396,0.991839697516819,0.));
#3335=DIRECTION('center_axis',(0.606330495085248,-0.795212758153237,0.));
#3336=DIRECTION('ref_axis',(0.795212758153237,0.606330495085248,0.));
#3337=DIRECTION('',(0.,0.,1.));
#3338=DIRECTION('',(0.795212758153237,0.606330495085248,0.));
#3339=DIRECTION('center_axis',(0.954632803623187,-0.2977855104711,0.));
#3340=DIRECTION('ref_axis',(0.2977855104711,0.954632803623187,0.));
#3341=DIRECTION('',(0.,0.,1.));
#3342=DIRECTION('',(0.2977855104711,0.954632803623187,0.));
#3343=DIRECTION('center_axis',(0.459031726136876,-0.888419875058972,0.));
#3344=DIRECTION('ref_axis',(0.888419875058972,0.459031726136876,0.));
#3345=DIRECTION('',(0.,0.,1.));
#3346=DIRECTION('',(0.888419875058972,0.459031726136876,0.));
#3347=DIRECTION('center_axis',(0.888419875058972,-0.459031726136876,0.));
#3348=DIRECTION('ref_axis',(0.459031726136876,0.888419875058972,0.));
#3349=DIRECTION('',(0.,0.,1.));
#3350=DIRECTION('',(0.459031726136876,0.888419875058972,0.));
#3351=DIRECTION('center_axis',(0.297785510471099,-0.954632803623187,0.));
#3352=DIRECTION('ref_axis',(0.954632803623187,0.297785510471099,0.));
#3353=DIRECTION('',(0.,0.,1.));
#3354=DIRECTION('',(0.954632803623187,0.297785510471099,0.));
#3355=DIRECTION('center_axis',(0.795212758153237,-0.606330495085247,0.));
#3356=DIRECTION('ref_axis',(0.606330495085247,0.795212758153237,0.));
#3357=DIRECTION('',(0.,0.,1.));
#3358=DIRECTION('',(0.606330495085247,0.795212758153237,0.));
#3359=DIRECTION('center_axis',(0.127491232756397,-0.991839697516819,0.));
#3360=DIRECTION('ref_axis',(0.991839697516819,0.127491232756397,0.));
#3361=DIRECTION('',(0.,0.,1.));
#3362=DIRECTION('',(0.991839697516819,0.127491232756397,0.));
#3363=DIRECTION('center_axis',(0.677843503988094,-0.735206218758481,0.));
#3364=DIRECTION('ref_axis',(0.735206218758481,0.677843503988094,0.));
#3365=DIRECTION('',(0.,0.,1.));
#3366=DIRECTION('',(0.735206218758481,0.677843503988094,0.));
#3367=DIRECTION('center_axis',(-0.0466768015519273,-0.998910044096505,0.));
#3368=DIRECTION('ref_axis',(0.998910044096505,-0.0466768015519273,0.));
#3369=DIRECTION('',(0.,0.,1.));
#3370=DIRECTION('',(0.998910044096505,-0.0466768015519273,0.));
#3371=DIRECTION('center_axis',(0.539878317959629,-0.841743073507042,0.));
#3372=DIRECTION('ref_axis',(0.841743073507042,0.539878317959629,0.));
#3373=DIRECTION('',(0.,0.,1.));
#3374=DIRECTION('',(0.841743073507042,0.539878317959629,0.));
#3375=DIRECTION('center_axis',(-0.219426584864704,-0.975629014459191,0.));
#3376=DIRECTION('ref_axis',(0.975629014459191,-0.219426584864704,0.));
#3377=DIRECTION('',(0.,0.,1.));
#3378=DIRECTION('',(0.975629014459191,-0.219426584864704,0.));
#3379=DIRECTION('center_axis',(0.385509202431573,-0.922703990909638,0.));
#3380=DIRECTION('ref_axis',(0.922703990909638,0.385509202431573,0.));
#3381=DIRECTION('',(0.,0.,1.));
#3382=DIRECTION('',(0.922703990909638,0.385509202431573,0.));
#3383=DIRECTION('center_axis',(-0.385509202431573,-0.922703990909638,0.));
#3384=DIRECTION('ref_axis',(0.922703990909638,-0.385509202431573,0.));
#3385=DIRECTION('',(0.,0.,1.));
#3386=DIRECTION('',(0.922703990909638,-0.385509202431573,0.));
#3387=DIRECTION('center_axis',(0.219426584864703,-0.975629014459192,0.));
#3388=DIRECTION('ref_axis',(0.975629014459191,0.219426584864703,0.));
#3389=DIRECTION('',(0.,0.,1.));
#3390=DIRECTION('',(0.975629014459191,0.219426584864703,0.));
#3391=DIRECTION('center_axis',(-0.539878317959628,-0.841743073507043,0.));
#3392=DIRECTION('ref_axis',(0.841743073507043,-0.539878317959628,0.));
#3393=DIRECTION('',(0.,0.,1.));
#3394=DIRECTION('',(0.841743073507043,-0.539878317959628,0.));
#3395=DIRECTION('center_axis',(0.0466768015519289,-0.998910044096505,0.));
#3396=DIRECTION('ref_axis',(0.998910044096505,0.0466768015519289,0.));
#3397=DIRECTION('',(0.,0.,1.));
#3398=DIRECTION('',(0.998910044096505,0.0466768015519289,0.));
#3399=DIRECTION('center_axis',(-0.677843503988089,-0.735206218758485,0.));
#3400=DIRECTION('ref_axis',(0.735206218758485,-0.677843503988089,0.));
#3401=DIRECTION('',(0.,0.,1.));
#3402=DIRECTION('',(0.735206218758485,-0.677843503988089,0.));
#3403=DIRECTION('center_axis',(-0.127491232756398,-0.991839697516818,0.));
#3404=DIRECTION('ref_axis',(0.991839697516818,-0.127491232756398,0.));
#3405=DIRECTION('',(0.,0.,1.));
#3406=DIRECTION('',(0.991839697516818,-0.127491232756398,0.));
#3407=DIRECTION('center_axis',(-0.795212758153241,-0.606330495085243,0.));
#3408=DIRECTION('ref_axis',(0.606330495085243,-0.795212758153241,0.));
#3409=DIRECTION('',(0.,0.,1.));
#3410=DIRECTION('',(0.606330495085243,-0.795212758153241,0.));
#3411=DIRECTION('center_axis',(-0.297785510471103,-0.954632803623186,0.));
#3412=DIRECTION('ref_axis',(0.954632803623186,-0.297785510471103,0.));
#3413=DIRECTION('',(0.,0.,1.));
#3414=DIRECTION('',(0.954632803623186,-0.297785510471103,0.));
#3415=DIRECTION('center_axis',(-0.888419875058972,-0.459031726136876,0.));
#3416=DIRECTION('ref_axis',(0.459031726136876,-0.888419875058972,0.));
#3417=DIRECTION('',(0.,0.,1.));
#3418=DIRECTION('',(0.459031726136876,-0.888419875058972,0.));
#3419=DIRECTION('center_axis',(-0.459031726136878,-0.888419875058971,0.));
#3420=DIRECTION('ref_axis',(0.888419875058971,-0.459031726136878,0.));
#3421=DIRECTION('',(0.,0.,1.));
#3422=DIRECTION('',(0.888419875058971,-0.459031726136878,0.));
#3423=DIRECTION('center_axis',(-0.954632803623187,-0.2977855104711,0.));
#3424=DIRECTION('ref_axis',(0.2977855104711,-0.954632803623187,0.));
#3425=DIRECTION('',(0.,0.,1.));
#3426=DIRECTION('',(0.2977855104711,-0.954632803623187,0.));
#3427=DIRECTION('center_axis',(-0.606330495085244,-0.79521275815324,0.));
#3428=DIRECTION('ref_axis',(0.79521275815324,-0.606330495085244,0.));
#3429=DIRECTION('',(0.,0.,1.));
#3430=DIRECTION('',(0.79521275815324,-0.606330495085244,0.));
#3431=DIRECTION('center_axis',(-0.991839697516818,-0.127491232756401,0.));
#3432=DIRECTION('ref_axis',(0.127491232756401,-0.991839697516818,0.));
#3433=DIRECTION('',(0.,0.,1.));
#3434=DIRECTION('',(0.127491232756401,-0.991839697516818,0.));
#3435=DIRECTION('center_axis',(-0.735206218758482,-0.677843503988092,0.));
#3436=DIRECTION('ref_axis',(0.677843503988092,-0.735206218758482,0.));
#3437=DIRECTION('',(0.,0.,1.));
#3438=DIRECTION('',(0.677843503988092,-0.735206218758482,0.));
#3439=DIRECTION('center_axis',(-0.998910044096505,0.0466768015519288,0.));
#3440=DIRECTION('ref_axis',(-0.0466768015519288,-0.998910044096505,0.));
#3441=DIRECTION('',(0.,0.,1.));
#3442=DIRECTION('',(-0.0466768015519288,-0.998910044096505,0.));
#3443=DIRECTION('center_axis',(-0.841743073507042,-0.539878317959629,0.));
#3444=DIRECTION('ref_axis',(0.539878317959629,-0.841743073507042,0.));
#3445=DIRECTION('',(0.,0.,1.));
#3446=DIRECTION('',(0.539878317959629,-0.841743073507042,0.));
#3447=DIRECTION('center_axis',(-0.975629014459191,0.219426584864704,0.));
#3448=DIRECTION('ref_axis',(-0.219426584864704,-0.975629014459191,0.));
#3449=DIRECTION('',(0.,0.,1.));
#3450=DIRECTION('',(-0.219426584864704,-0.975629014459191,0.));
#3451=DIRECTION('center_axis',(-0.922703990909638,-0.385509202431573,0.));
#3452=DIRECTION('ref_axis',(0.385509202431573,-0.922703990909638,0.));
#3453=DIRECTION('',(0.,0.,1.));
#3454=DIRECTION('',(0.385509202431573,-0.922703990909638,0.));
#3455=DIRECTION('center_axis',(-0.922703990909638,0.385509202431573,0.));
#3456=DIRECTION('ref_axis',(-0.385509202431573,-0.922703990909638,0.));
#3457=DIRECTION('',(0.,0.,1.));
#3458=DIRECTION('',(-0.385509202431573,-0.922703990909638,0.));
#3459=DIRECTION('center_axis',(0.,0.,1.));
#3460=DIRECTION('ref_axis',(1.,0.,0.));
#3461=DIRECTION('center_axis',(0.,0.,1.));
#3462=DIRECTION('ref_axis',(1.,0.,0.));
#3463=DIRECTION('',(0.219426584864703,-0.975629014459191,0.));
#3464=DIRECTION('',(-0.539878317959628,-0.841743073507043,0.));
#3465=DIRECTION('',(0.0466768015519275,-0.998910044096505,0.));
#3466=DIRECTION('',(-0.677843503988091,-0.735206218758483,0.));
#3467=DIRECTION('',(-0.1274912327564,-0.991839697516818,0.));
#3468=DIRECTION('',(-0.795212758153241,-0.606330495085243,0.));
#3469=DIRECTION('',(-0.297785510471101,-0.954632803623187,0.));
#3470=DIRECTION('',(-0.888419875058973,-0.459031726136875,0.));
#3471=DIRECTION('',(-0.459031726136875,-0.888419875058973,0.));
#3472=DIRECTION('',(-0.954632803623187,-0.297785510471099,0.));
#3473=DIRECTION('',(-0.606330495085246,-0.795212758153238,0.));
#3474=DIRECTION('',(-0.991839697516818,-0.1274912327564,0.));
#3475=DIRECTION('',(-0.735206218758485,-0.67784350398809,0.));
#3476=DIRECTION('',(-0.998910044096505,0.0466768015519291,0.));
#3477=DIRECTION('',(-0.841743073507043,-0.539878317959627,0.));
#3478=DIRECTION('',(-0.975629014459191,0.219426584864702,0.));
#3479=DIRECTION('',(-0.922703990909638,-0.385509202431573,0.));
#3480=DIRECTION('',(-0.922703990909638,0.385509202431573,0.));
#3481=DIRECTION('',(-0.975629014459191,-0.219426584864702,0.));
#3482=DIRECTION('',(-0.841743073507043,0.539878317959628,0.));
#3483=DIRECTION('',(-0.998910044096505,-0.046676801551929,0.));
#3484=DIRECTION('',(-0.735206218758483,0.677843503988091,0.));
#3485=DIRECTION('',(-0.991839697516818,0.127491232756399,0.));
#3486=DIRECTION('',(-0.606330495085244,0.795212758153239,0.));
#3487=DIRECTION('',(-0.954632803623187,0.297785510471099,0.));
#3488=DIRECTION('',(-0.459031726136876,0.888419875058972,0.));
#3489=DIRECTION('',(-0.888419875058972,0.459031726136876,0.));
#3490=DIRECTION('',(-0.2977855104711,0.954632803623187,0.));
#3491=DIRECTION('',(-0.795212758153239,0.606330495085245,0.));
#3492=DIRECTION('',(-0.127491232756398,0.991839697516818,0.));
#3493=DIRECTION('',(-0.677843503988091,0.735206218758483,0.));
#3494=DIRECTION('',(0.0466768015519289,0.998910044096505,0.));
#3495=DIRECTION('',(-0.539878317959628,0.841743073507043,0.));
#3496=DIRECTION('',(0.219426584864703,0.975629014459191,0.));
#3497=DIRECTION('',(-0.385509202431573,0.922703990909638,0.));
#3498=DIRECTION('',(0.385509202431572,0.922703990909638,0.));
#3499=DIRECTION('center_axis',(0.,0.,1.));
#3500=DIRECTION('ref_axis',(1.,0.,0.));
#3501=DIRECTION('center_axis',(0.,0.,1.));
#3502=DIRECTION('ref_axis',(1.,0.,0.));
#3503=DIRECTION('',(-0.219426584864703,0.975629014459191,0.));
#3504=DIRECTION('',(0.385509202431573,0.922703990909638,0.));
#3505=DIRECTION('',(-0.385509202431573,0.922703990909638,0.));
#3506=DIRECTION('',(0.219426584864704,0.975629014459191,0.));
#3507=DIRECTION('',(-0.539878317959629,0.841743073507042,0.));
#3508=DIRECTION('',(0.0466768015519288,0.998910044096505,0.));
#3509=DIRECTION('',(-0.677843503988092,0.735206218758482,0.));
#3510=DIRECTION('',(-0.127491232756401,0.991839697516818,0.));
#3511=DIRECTION('',(-0.79521275815324,0.606330495085244,0.));
#3512=DIRECTION('',(-0.2977855104711,0.954632803623187,0.));
#3513=DIRECTION('',(-0.888419875058971,0.459031726136878,0.));
#3514=DIRECTION('',(-0.459031726136876,0.888419875058972,0.));
#3515=DIRECTION('',(-0.954632803623186,0.297785510471103,0.));
#3516=DIRECTION('',(-0.606330495085243,0.795212758153241,0.));
#3517=DIRECTION('',(-0.991839697516818,0.127491232756398,0.));
#3518=DIRECTION('',(-0.735206218758485,0.677843503988089,0.));
#3519=DIRECTION('',(-0.998910044096505,-0.0466768015519289,0.));
#3520=DIRECTION('',(-0.841743073507043,0.539878317959628,0.));
#3521=DIRECTION('',(-0.975629014459191,-0.219426584864703,0.));
#3522=DIRECTION('',(-0.922703990909638,0.385509202431573,0.));
#3523=DIRECTION('',(-0.922703990909638,-0.385509202431573,0.));
#3524=DIRECTION('',(-0.975629014459191,0.219426584864704,0.));
#3525=DIRECTION('',(-0.841743073507042,-0.539878317959629,0.));
#3526=DIRECTION('',(-0.998910044096505,0.0466768015519273,0.));
#3527=DIRECTION('',(-0.735206218758481,-0.677843503988094,0.));
#3528=DIRECTION('',(-0.991839697516819,-0.127491232756397,0.));
#3529=DIRECTION('',(-0.606330495085247,-0.795212758153237,0.));
#3530=DIRECTION('',(-0.954632803623187,-0.297785510471099,0.));
#3531=DIRECTION('',(-0.459031726136876,-0.888419875058972,0.));
#3532=DIRECTION('',(-0.888419875058972,-0.459031726136876,0.));
#3533=DIRECTION('',(-0.2977855104711,-0.954632803623187,0.));
#3534=DIRECTION('',(-0.795212758153237,-0.606330495085248,0.));
#3535=DIRECTION('',(-0.127491232756396,-0.991839697516819,0.));
#3536=DIRECTION('',(-0.677843503988089,-0.735206218758486,0.));
#3537=DIRECTION('',(0.046676801551929,-0.998910044096505,0.));
#3538=DIRECTION('',(-0.539878317959628,-0.841743073507043,0.));
#3539=DIRECTION('center_axis',(0.,0.,1.));
#3540=DIRECTION('ref_axis',(1.,0.,0.));
#3541=DIRECTION('',(0.,0.,-1.));
#3542=DIRECTION('center_axis',(-0.975629014459192,-0.219426584864703,0.));
#3543=DIRECTION('ref_axis',(0.219426584864703,-0.975629014459191,0.));
#3544=DIRECTION('',(0.,0.,1.));
#3545=DIRECTION('center_axis',(-0.975629014459192,-0.219426584864703,0.));
#3546=DIRECTION('ref_axis',(0.219426584864703,-0.975629014459191,0.));
#3547=DIRECTION('',(0.,0.,1.));
#3548=DIRECTION('center_axis',(-0.922703990909638,0.385509202431573,0.));
#3549=DIRECTION('ref_axis',(-0.385509202431573,-0.922703990909638,0.));
#3550=DIRECTION('',(0.,0.,1.));
#3551=DIRECTION('center_axis',(-0.922703990909638,-0.385509202431573,0.));
#3552=DIRECTION('ref_axis',(0.385509202431573,-0.922703990909638,0.));
#3553=DIRECTION('',(0.,0.,1.));
#3554=DIRECTION('center_axis',(-0.975629014459191,0.219426584864704,0.));
#3555=DIRECTION('ref_axis',(-0.219426584864704,-0.975629014459191,0.));
#3556=DIRECTION('',(0.,0.,1.));
#3557=DIRECTION('center_axis',(-0.841743073507042,-0.539878317959629,0.));
#3558=DIRECTION('ref_axis',(0.539878317959629,-0.841743073507042,0.));
#3559=DIRECTION('',(0.,0.,1.));
#3560=DIRECTION('center_axis',(-0.998910044096505,0.0466768015519288,0.));
#3561=DIRECTION('ref_axis',(-0.0466768015519288,-0.998910044096505,0.));
#3562=DIRECTION('',(0.,0.,1.));
#3563=DIRECTION('center_axis',(-0.735206218758482,-0.677843503988092,0.));
#3564=DIRECTION('ref_axis',(0.677843503988092,-0.735206218758482,0.));
#3565=DIRECTION('',(0.,0.,1.));
#3566=DIRECTION('center_axis',(-0.991839697516818,-0.127491232756401,0.));
#3567=DIRECTION('ref_axis',(0.127491232756401,-0.991839697516818,0.));
#3568=DIRECTION('',(0.,0.,1.));
#3569=DIRECTION('center_axis',(-0.606330495085244,-0.79521275815324,0.));
#3570=DIRECTION('ref_axis',(0.79521275815324,-0.606330495085244,0.));
#3571=DIRECTION('',(0.,0.,1.));
#3572=DIRECTION('center_axis',(-0.954632803623187,-0.2977855104711,0.));
#3573=DIRECTION('ref_axis',(0.2977855104711,-0.954632803623187,0.));
#3574=DIRECTION('',(0.,0.,1.));
#3575=DIRECTION('center_axis',(-0.459031726136878,-0.888419875058971,0.));
#3576=DIRECTION('ref_axis',(0.888419875058971,-0.459031726136878,0.));
#3577=DIRECTION('',(0.,0.,1.));
#3578=DIRECTION('center_axis',(-0.888419875058972,-0.459031726136876,0.));
#3579=DIRECTION('ref_axis',(0.459031726136876,-0.888419875058972,0.));
#3580=DIRECTION('',(0.,0.,1.));
#3581=DIRECTION('center_axis',(-0.297785510471103,-0.954632803623186,0.));
#3582=DIRECTION('ref_axis',(0.954632803623186,-0.297785510471103,0.));
#3583=DIRECTION('',(0.,0.,1.));
#3584=DIRECTION('center_axis',(-0.795212758153241,-0.606330495085243,0.));
#3585=DIRECTION('ref_axis',(0.606330495085243,-0.795212758153241,0.));
#3586=DIRECTION('',(0.,0.,1.));
#3587=DIRECTION('center_axis',(-0.127491232756398,-0.991839697516818,0.));
#3588=DIRECTION('ref_axis',(0.991839697516818,-0.127491232756398,0.));
#3589=DIRECTION('',(0.,0.,1.));
#3590=DIRECTION('center_axis',(-0.677843503988089,-0.735206218758485,0.));
#3591=DIRECTION('ref_axis',(0.735206218758485,-0.677843503988089,0.));
#3592=DIRECTION('',(0.,0.,1.));
#3593=DIRECTION('center_axis',(0.0466768015519289,-0.998910044096505,0.));
#3594=DIRECTION('ref_axis',(0.998910044096505,0.0466768015519289,0.));
#3595=DIRECTION('',(0.,0.,1.));
#3596=DIRECTION('center_axis',(-0.539878317959628,-0.841743073507043,0.));
#3597=DIRECTION('ref_axis',(0.841743073507043,-0.539878317959628,0.));
#3598=DIRECTION('',(0.,0.,1.));
#3599=DIRECTION('center_axis',(0.219426584864703,-0.975629014459192,0.));
#3600=DIRECTION('ref_axis',(0.975629014459191,0.219426584864703,0.));
#3601=DIRECTION('',(0.,0.,1.));
#3602=DIRECTION('center_axis',(-0.385509202431573,-0.922703990909638,0.));
#3603=DIRECTION('ref_axis',(0.922703990909638,-0.385509202431573,0.));
#3604=DIRECTION('',(0.,0.,1.));
#3605=DIRECTION('center_axis',(0.385509202431573,-0.922703990909638,0.));
#3606=DIRECTION('ref_axis',(0.922703990909638,0.385509202431573,0.));
#3607=DIRECTION('',(0.,0.,1.));
#3608=DIRECTION('center_axis',(-0.219426584864704,-0.975629014459191,0.));
#3609=DIRECTION('ref_axis',(0.975629014459191,-0.219426584864704,0.));
#3610=DIRECTION('',(0.,0.,1.));
#3611=DIRECTION('center_axis',(0.539878317959629,-0.841743073507042,0.));
#3612=DIRECTION('ref_axis',(0.841743073507042,0.539878317959629,0.));
#3613=DIRECTION('',(0.,0.,1.));
#3614=DIRECTION('center_axis',(-0.0466768015519273,-0.998910044096505,0.));
#3615=DIRECTION('ref_axis',(0.998910044096505,-0.0466768015519273,0.));
#3616=DIRECTION('',(0.,0.,1.));
#3617=DIRECTION('center_axis',(0.677843503988094,-0.735206218758481,0.));
#3618=DIRECTION('ref_axis',(0.735206218758481,0.677843503988094,0.));
#3619=DIRECTION('',(0.,0.,1.));
#3620=DIRECTION('center_axis',(0.127491232756397,-0.991839697516819,0.));
#3621=DIRECTION('ref_axis',(0.991839697516819,0.127491232756397,0.));
#3622=DIRECTION('',(0.,0.,1.));
#3623=DIRECTION('center_axis',(0.795212758153237,-0.606330495085247,0.));
#3624=DIRECTION('ref_axis',(0.606330495085247,0.795212758153237,0.));
#3625=DIRECTION('',(0.,0.,1.));
#3626=DIRECTION('center_axis',(0.297785510471099,-0.954632803623187,0.));
#3627=DIRECTION('ref_axis',(0.954632803623187,0.297785510471099,0.));
#3628=DIRECTION('',(0.,0.,1.));
#3629=DIRECTION('center_axis',(0.888419875058972,-0.459031726136876,0.));
#3630=DIRECTION('ref_axis',(0.459031726136876,0.888419875058972,0.));
#3631=DIRECTION('',(0.,0.,1.));
#3632=DIRECTION('center_axis',(0.459031726136876,-0.888419875058972,0.));
#3633=DIRECTION('ref_axis',(0.888419875058972,0.459031726136876,0.));
#3634=DIRECTION('',(0.,0.,1.));
#3635=DIRECTION('center_axis',(0.954632803623187,-0.2977855104711,0.));
#3636=DIRECTION('ref_axis',(0.2977855104711,0.954632803623187,0.));
#3637=DIRECTION('',(0.,0.,1.));
#3638=DIRECTION('center_axis',(0.606330495085248,-0.795212758153237,0.));
#3639=DIRECTION('ref_axis',(0.795212758153237,0.606330495085248,0.));
#3640=DIRECTION('',(0.,0.,1.));
#3641=DIRECTION('center_axis',(0.991839697516819,-0.127491232756396,0.));
#3642=DIRECTION('ref_axis',(0.127491232756396,0.991839697516819,0.));
#3643=DIRECTION('',(0.,0.,1.));
#3644=DIRECTION('center_axis',(0.735206218758486,-0.677843503988089,0.));
#3645=DIRECTION('ref_axis',(0.677843503988089,0.735206218758486,0.));
#3646=DIRECTION('',(0.,0.,1.));
#3647=DIRECTION('center_axis',(0.998910044096505,0.046676801551929,0.));
#3648=DIRECTION('ref_axis',(-0.046676801551929,0.998910044096505,0.));
#3649=DIRECTION('',(0.,0.,1.));
#3650=DIRECTION('center_axis',(0.841743073507043,-0.539878317959628,0.));
#3651=DIRECTION('ref_axis',(0.539878317959628,0.841743073507043,0.));
#3652=DIRECTION('center_axis',(0.,0.,1.));
#3653=DIRECTION('ref_axis',(1.,0.,0.));
#3654=DIRECTION('center_axis',(0.,0.,-1.));
#3655=DIRECTION('ref_axis',(1.,0.,0.));
#3656=DIRECTION('',(0.,0.,-1.));
#3657=DIRECTION('center_axis',(0.,0.,-1.));
#3658=DIRECTION('ref_axis',(1.,0.,0.));
#3659=DIRECTION('center_axis',(-0.841743073507043,0.539878317959628,0.));
#3660=DIRECTION('ref_axis',(-0.539878317959628,-0.841743073507043,0.));
#3661=DIRECTION('',(0.,0.,1.));
#3662=DIRECTION('center_axis',(-0.998910044096505,-0.0466768015519275,0.));
#3663=DIRECTION('ref_axis',(0.0466768015519275,-0.998910044096505,0.));
#3664=DIRECTION('',(0.,0.,1.));
#3665=DIRECTION('center_axis',(-0.735206218758483,0.677843503988091,0.));
#3666=DIRECTION('ref_axis',(-0.677843503988091,-0.735206218758483,0.));
#3667=DIRECTION('',(0.,0.,1.));
#3668=DIRECTION('center_axis',(-0.991839697516818,0.1274912327564,0.));
#3669=DIRECTION('ref_axis',(-0.1274912327564,-0.991839697516818,0.));
#3670=DIRECTION('',(0.,0.,1.));
#3671=DIRECTION('center_axis',(-0.606330495085243,0.795212758153241,0.));
#3672=DIRECTION('ref_axis',(-0.795212758153241,-0.606330495085243,0.));
#3673=DIRECTION('',(0.,0.,1.));
#3674=DIRECTION('center_axis',(-0.954632803623187,0.297785510471101,0.));
#3675=DIRECTION('ref_axis',(-0.297785510471101,-0.954632803623187,0.));
#3676=DIRECTION('',(0.,0.,1.));
#3677=DIRECTION('center_axis',(-0.459031726136875,0.888419875058973,0.));
#3678=DIRECTION('ref_axis',(-0.888419875058973,-0.459031726136875,0.));
#3679=DIRECTION('',(0.,0.,1.));
#3680=DIRECTION('center_axis',(-0.888419875058973,0.459031726136875,0.));
#3681=DIRECTION('ref_axis',(-0.459031726136875,-0.888419875058973,0.));
#3682=DIRECTION('',(0.,0.,1.));
#3683=DIRECTION('center_axis',(-0.297785510471099,0.954632803623187,0.));
#3684=DIRECTION('ref_axis',(-0.954632803623187,-0.297785510471099,0.));
#3685=DIRECTION('',(0.,0.,1.));
#3686=DIRECTION('center_axis',(-0.795212758153238,0.606330495085246,0.));
#3687=DIRECTION('ref_axis',(-0.606330495085246,-0.795212758153238,0.));
#3688=DIRECTION('',(0.,0.,1.));
#3689=DIRECTION('center_axis',(-0.1274912327564,0.991839697516818,0.));
#3690=DIRECTION('ref_axis',(-0.991839697516818,-0.1274912327564,0.));
#3691=DIRECTION('',(0.,0.,1.));
#3692=DIRECTION('center_axis',(-0.67784350398809,0.735206218758485,0.));
#3693=DIRECTION('ref_axis',(-0.735206218758485,-0.67784350398809,0.));
#3694=DIRECTION('',(0.,0.,1.));
#3695=DIRECTION('center_axis',(0.0466768015519291,0.998910044096505,0.));
#3696=DIRECTION('ref_axis',(-0.998910044096505,0.0466768015519291,0.));
#3697=DIRECTION('',(0.,0.,1.));
#3698=DIRECTION('center_axis',(-0.539878317959627,0.841743073507043,0.));
#3699=DIRECTION('ref_axis',(-0.841743073507043,-0.539878317959627,0.));
#3700=DIRECTION('',(0.,0.,1.));
#3701=DIRECTION('center_axis',(0.219426584864702,0.975629014459192,0.));
#3702=DIRECTION('ref_axis',(-0.975629014459191,0.219426584864702,0.));
#3703=DIRECTION('',(0.,0.,1.));
#3704=DIRECTION('center_axis',(-0.385509202431573,0.922703990909638,0.));
#3705=DIRECTION('ref_axis',(-0.922703990909638,-0.385509202431573,0.));
#3706=DIRECTION('',(0.,0.,1.));
#3707=DIRECTION('center_axis',(0.385509202431573,0.922703990909638,0.));
#3708=DIRECTION('ref_axis',(-0.922703990909638,0.385509202431573,0.));
#3709=DIRECTION('',(0.,0.,1.));
#3710=DIRECTION('center_axis',(-0.219426584864702,0.975629014459192,0.));
#3711=DIRECTION('ref_axis',(-0.975629014459191,-0.219426584864702,0.));
#3712=DIRECTION('',(0.,0.,1.));
#3713=DIRECTION('center_axis',(0.539878317959628,0.841743073507043,0.));
#3714=DIRECTION('ref_axis',(-0.841743073507043,0.539878317959628,0.));
#3715=DIRECTION('',(0.,0.,1.));
#3716=DIRECTION('center_axis',(-0.046676801551929,0.998910044096505,0.));
#3717=DIRECTION('ref_axis',(-0.998910044096505,-0.046676801551929,0.));
#3718=DIRECTION('',(0.,0.,1.));
#3719=DIRECTION('center_axis',(0.677843503988091,0.735206218758483,0.));
#3720=DIRECTION('ref_axis',(-0.735206218758483,0.677843503988091,0.));
#3721=DIRECTION('',(0.,0.,1.));
#3722=DIRECTION('center_axis',(0.127491232756399,0.991839697516818,0.));
#3723=DIRECTION('ref_axis',(-0.991839697516818,0.127491232756399,0.));
#3724=DIRECTION('',(0.,0.,1.));
#3725=DIRECTION('center_axis',(0.795212758153239,0.606330495085245,0.));
#3726=DIRECTION('ref_axis',(-0.606330495085244,0.795212758153239,0.));
#3727=DIRECTION('',(0.,0.,1.));
#3728=DIRECTION('center_axis',(0.297785510471099,0.954632803623187,0.));
#3729=DIRECTION('ref_axis',(-0.954632803623187,0.297785510471099,0.));
#3730=DIRECTION('',(0.,0.,1.));
#3731=DIRECTION('center_axis',(0.888419875058972,0.459031726136876,0.));
#3732=DIRECTION('ref_axis',(-0.459031726136876,0.888419875058972,0.));
#3733=DIRECTION('',(0.,0.,1.));
#3734=DIRECTION('center_axis',(0.459031726136876,0.888419875058972,0.));
#3735=DIRECTION('ref_axis',(-0.888419875058972,0.459031726136876,0.));
#3736=DIRECTION('',(0.,0.,1.));
#3737=DIRECTION('center_axis',(0.954632803623187,0.2977855104711,0.));
#3738=DIRECTION('ref_axis',(-0.2977855104711,0.954632803623187,0.));
#3739=DIRECTION('',(0.,0.,1.));
#3740=DIRECTION('center_axis',(0.606330495085245,0.795212758153239,0.));
#3741=DIRECTION('ref_axis',(-0.795212758153239,0.606330495085245,0.));
#3742=DIRECTION('',(0.,0.,1.));
#3743=DIRECTION('center_axis',(0.991839697516818,0.127491232756398,0.));
#3744=DIRECTION('ref_axis',(-0.127491232756398,0.991839697516818,0.));
#3745=DIRECTION('',(0.,0.,1.));
#3746=DIRECTION('center_axis',(0.735206218758483,0.677843503988091,0.));
#3747=DIRECTION('ref_axis',(-0.677843503988091,0.735206218758483,0.));
#3748=DIRECTION('',(0.,0.,1.));
#3749=DIRECTION('center_axis',(0.998910044096505,-0.0466768015519289,0.));
#3750=DIRECTION('ref_axis',(0.0466768015519289,0.998910044096505,0.));
#3751=DIRECTION('',(0.,0.,1.));
#3752=DIRECTION('center_axis',(0.841743073507043,0.539878317959628,0.));
#3753=DIRECTION('ref_axis',(-0.539878317959628,0.841743073507043,0.));
#3754=DIRECTION('',(0.,0.,1.));
#3755=DIRECTION('center_axis',(0.975629014459192,-0.219426584864703,0.));
#3756=DIRECTION('ref_axis',(0.219426584864703,0.975629014459191,0.));
#3757=DIRECTION('',(0.,0.,1.));
#3758=DIRECTION('center_axis',(0.922703990909638,0.385509202431573,0.));
#3759=DIRECTION('ref_axis',(-0.385509202431573,0.922703990909638,0.));
#3760=DIRECTION('',(0.,0.,1.));
#3761=DIRECTION('center_axis',(0.922703990909638,-0.385509202431572,0.));
#3762=DIRECTION('ref_axis',(0.385509202431572,0.922703990909638,0.));
#3763=DIRECTION('center_axis',(0.,0.,1.));
#3764=DIRECTION('ref_axis',(1.,0.,0.));
#3765=DIRECTION('center_axis',(0.,0.,1.));
#3766=DIRECTION('ref_axis',(1.,0.,0.));
#3767=CARTESIAN_POINT('',(0.,0.,0.));
#3768=CARTESIAN_POINT('Origin',(0.,0.,-28.5));
#3769=CARTESIAN_POINT('',(-17.5,-2.14313189850787E-15,-30.));
#3770=CARTESIAN_POINT('Origin',(0.,0.,-30.));
#3771=CARTESIAN_POINT('',(-19.,7.7715611723761E-15,-27.));
#3772=CARTESIAN_POINT('',(-18.25,-2.23498040844392E-15,-28.5));
#3773=CARTESIAN_POINT('',(-18.3299824448881,1.60366566655691,-28.2));
#3774=CARTESIAN_POINT('Ctrl Pts',(-18.3299824448881,1.60366566655691,-28.2));
#3775=CARTESIAN_POINT('Ctrl Pts',(-18.6596167500769,0.814696461619824,-27.6807664998463));
#3776=CARTESIAN_POINT('Ctrl Pts',(-19.,1.15584862837688E-15,-27.));
#3777=CARTESIAN_POINT('',(-18.711347307232,3.29931537567168,-27.));
#3778=CARTESIAN_POINT('Ctrl Pts',(-18.711347307232,3.29931537567169,-27.));
#3779=CARTESIAN_POINT('Ctrl Pts',(-18.5176057996241,2.43788905285937,-27.6807664998463));
#3780=CARTESIAN_POINT('Ctrl Pts',(-18.3299824448881,1.60366566655691,-28.2));
#3781=CARTESIAN_POINT('',(-17.7730352037189,4.76227042988638,-28.2));
#3782=CARTESIAN_POINT('Ctrl Pts',(-17.7730352037189,4.76227042988638,-28.2));
#3783=CARTESIAN_POINT('Ctrl Pts',(-18.2346646878002,4.04252783636898,-27.6807664998463));
#3784=CARTESIAN_POINT('Ctrl Pts',(-18.711347307232,3.29931537567166,-27.));
#3785=CARTESIAN_POINT('',(-17.8541597949323,6.49838272318771,-27.));
#3786=CARTESIAN_POINT('Ctrl Pts',(-17.8541597949323,6.49838272318772,-27.));
#3787=CARTESIAN_POINT('Ctrl Pts',(-17.8129467673105,5.6164005420988,-27.6807664998463));
#3788=CARTESIAN_POINT('Ctrl Pts',(-17.7730352037189,4.76227042988638,-28.2));
#3789=CARTESIAN_POINT('',(-16.6760632814744,7.77617601602887,-28.2));
#3790=CARTESIAN_POINT('Ctrl Pts',(-16.6760632814744,7.77617601602887,-28.2));
#3791=CARTESIAN_POINT('Ctrl Pts',(-17.2556615661702,7.14752904842787,-27.6807664998463));
#3792=CARTESIAN_POINT('Ctrl Pts',(-17.8541597949323,6.4983827231877,-27.));
#3793=CARTESIAN_POINT('',(-16.4544826719043,9.5,-27.));
#3794=CARTESIAN_POINT('Ctrl Pts',(-16.4544826719043,9.50000000000001,-27.));
#3795=CARTESIAN_POINT('Ctrl Pts',(-16.5670503612581,8.62426054290237,-27.6807664998463));
#3796=CARTESIAN_POINT('Ctrl Pts',(-16.6760632814744,7.77617601602887,-28.2));
#3797=CARTESIAN_POINT('',(-15.0723976149175,10.5538064288592,-28.2));
#3798=CARTESIAN_POINT('Ctrl Pts',(-15.0723976149175,10.5538064288592,-28.2));
#3799=CARTESIAN_POINT('Ctrl Pts',(-15.7523538996383,10.0353562071745,-27.6807664998463));
#3800=CARTESIAN_POINT('Ctrl Pts',(-16.4544826719043,9.50000000000001,-27.));
#3801=CARTESIAN_POINT('',(-14.5548444192606,12.2129645840442,-27.));
#3802=CARTESIAN_POINT('Ctrl Pts',(-14.5548444192606,12.2129645840443,-27.));
#3803=CARTESIAN_POINT('Ctrl Pts',(-14.8177725133109,11.3700767511963,-27.6807664998463));
#3804=CARTESIAN_POINT('Ctrl Pts',(-15.0723976149175,10.5538064288592,-28.2));
#3805=CARTESIAN_POINT('',(-13.0107647738325,13.0107647738325,-28.2));
#3806=CARTESIAN_POINT('Ctrl Pts',(-13.0107647738325,13.0107647738325,-28.2));
#3807=CARTESIAN_POINT('Ctrl Pts',(-13.7704189309415,12.6182641457014,-27.6807664998463));
#3808=CARTESIAN_POINT('Ctrl Pts',(-14.5548444192606,12.2129645840443,-27.));
#3809=CARTESIAN_POINT('',(-12.2129645840443,14.5548444192606,-27.));
#3810=CARTESIAN_POINT('Ctrl Pts',(-12.2129645840443,14.5548444192606,-27.));
#3811=CARTESIAN_POINT('Ctrl Pts',(-12.6182641457014,13.7704189309415,-27.6807664998463));
#3812=CARTESIAN_POINT('Ctrl Pts',(-13.0107647738325,13.0107647738325,-28.2));
#3813=CARTESIAN_POINT('',(-10.5538064288592,15.0723976149174,-28.2));
#3814=CARTESIAN_POINT('Ctrl Pts',(-10.5538064288592,15.0723976149174,-28.2));
#3815=CARTESIAN_POINT('Ctrl Pts',(-11.3700767511963,14.8177725133109,-27.6807664998463));
#3816=CARTESIAN_POINT('Ctrl Pts',(-12.2129645840443,14.5548444192606,-27.));
#3817=CARTESIAN_POINT('',(-9.49999999999999,16.4544826719043,-27.));
#3818=CARTESIAN_POINT('Ctrl Pts',(-9.49999999999999,16.4544826719043,-27.));
#3819=CARTESIAN_POINT('Ctrl Pts',(-10.0353562071745,15.7523538996383,-27.6807664998463));
#3820=CARTESIAN_POINT('Ctrl Pts',(-10.5538064288592,15.0723976149174,-28.2));
#3821=CARTESIAN_POINT('',(-7.77617601602887,16.6760632814744,-28.2));
#3822=CARTESIAN_POINT('Ctrl Pts',(-7.77617601602887,16.6760632814744,-28.2));
#3823=CARTESIAN_POINT('Ctrl Pts',(-8.62426054290237,16.5670503612581,-27.6807664998463));
#3824=CARTESIAN_POINT('Ctrl Pts',(-9.50000000000001,16.4544826719043,-27.));
#3825=CARTESIAN_POINT('',(-6.4983827231877,17.8541597949323,-27.));
#3826=CARTESIAN_POINT('Ctrl Pts',(-6.4983827231877,17.8541597949323,-27.));
#3827=CARTESIAN_POINT('Ctrl Pts',(-7.14752904842786,17.2556615661702,-27.6807664998463));
#3828=CARTESIAN_POINT('Ctrl Pts',(-7.77617601602887,16.6760632814744,-28.2));
#3829=CARTESIAN_POINT('',(-4.76227042988638,17.7730352037189,-28.2));
#3830=CARTESIAN_POINT('Ctrl Pts',(-4.76227042988638,17.7730352037189,-28.2));
#3831=CARTESIAN_POINT('Ctrl Pts',(-5.6164005420988,17.8129467673105,-27.6807664998463));
#3832=CARTESIAN_POINT('Ctrl Pts',(-6.49838272318771,17.8541597949323,-27.));
#3833=CARTESIAN_POINT('',(-3.29931537567168,18.711347307232,-27.));
#3834=CARTESIAN_POINT('Ctrl Pts',(-3.29931537567167,18.711347307232,-27.));
#3835=CARTESIAN_POINT('Ctrl Pts',(-4.04252783636898,18.2346646878002,-27.6807664998463));
#3836=CARTESIAN_POINT('Ctrl Pts',(-4.76227042988638,17.7730352037189,-28.2));
#3837=CARTESIAN_POINT('',(-1.60366566655691,18.3299824448881,-28.2));
#3838=CARTESIAN_POINT('Ctrl Pts',(-1.60366566655691,18.3299824448881,-28.2));
#3839=CARTESIAN_POINT('Ctrl Pts',(-2.43788905285937,18.5176057996241,-27.6807664998463));
#3840=CARTESIAN_POINT('Ctrl Pts',(-3.29931537567169,18.711347307232,-27.));
#3841=CARTESIAN_POINT('',(-6.66133814775094E-15,19.,-27.));
#3842=CARTESIAN_POINT('Ctrl Pts',(5.77924314188438E-15,19.,-27.));
#3843=CARTESIAN_POINT('Ctrl Pts',(-0.81469646161982,18.6596167500769,-27.6807664998463));
#3844=CARTESIAN_POINT('Ctrl Pts',(-1.60366566655691,18.3299824448881,-28.2));
#3845=CARTESIAN_POINT('',(1.60366566655691,18.3299824448881,-28.2));
#3846=CARTESIAN_POINT('Ctrl Pts',(1.60366566655691,18.3299824448881,-28.2));
#3847=CARTESIAN_POINT('Ctrl Pts',(0.814696461619824,18.6596167500769,-27.6807664998463));
#3848=CARTESIAN_POINT('Ctrl Pts',(1.15584862837688E-15,19.,-27.));
#3849=CARTESIAN_POINT('',(3.29931537567168,18.711347307232,-27.));
#3850=CARTESIAN_POINT('Ctrl Pts',(3.29931537567169,18.711347307232,-27.));
#3851=CARTESIAN_POINT('Ctrl Pts',(2.43788905285937,18.5176057996241,-27.6807664998463));
#3852=CARTESIAN_POINT('Ctrl Pts',(1.60366566655691,18.3299824448881,-28.2));
#3853=CARTESIAN_POINT('',(4.76227042988639,17.7730352037189,-28.2));
#3854=CARTESIAN_POINT('Ctrl Pts',(4.76227042988639,17.7730352037189,-28.2));
#3855=CARTESIAN_POINT('Ctrl Pts',(4.04252783636899,18.2346646878002,-27.6807664998463));
#3856=CARTESIAN_POINT('Ctrl Pts',(3.29931537567167,18.711347307232,-27.));
#3857=CARTESIAN_POINT('',(6.49838272318771,17.8541597949323,-27.));
#3858=CARTESIAN_POINT('Ctrl Pts',(6.4983827231877,17.8541597949323,-27.));
#3859=CARTESIAN_POINT('Ctrl Pts',(5.6164005420988,17.8129467673105,-27.6807664998463));
#3860=CARTESIAN_POINT('Ctrl Pts',(4.76227042988639,17.7730352037189,-28.2));
#3861=CARTESIAN_POINT('',(7.77617601602887,16.6760632814744,-28.2));
#3862=CARTESIAN_POINT('Ctrl Pts',(7.77617601602887,16.6760632814744,-28.2));
#3863=CARTESIAN_POINT('Ctrl Pts',(7.14752904842787,17.2556615661702,-27.6807664998463));
#3864=CARTESIAN_POINT('Ctrl Pts',(6.4983827231877,17.8541597949323,-27.));
#3865=CARTESIAN_POINT('',(9.50000000000001,16.4544826719043,-27.));
#3866=CARTESIAN_POINT('Ctrl Pts',(9.50000000000001,16.4544826719043,-27.));
#3867=CARTESIAN_POINT('Ctrl Pts',(8.62426054290237,16.5670503612581,-27.6807664998463));
#3868=CARTESIAN_POINT('Ctrl Pts',(7.77617601602887,16.6760632814744,-28.2));
#3869=CARTESIAN_POINT('',(10.5538064288592,15.0723976149174,-28.2));
#3870=CARTESIAN_POINT('Ctrl Pts',(10.5538064288592,15.0723976149174,-28.2));
#3871=CARTESIAN_POINT('Ctrl Pts',(10.0353562071745,15.7523538996383,-27.6807664998463));
#3872=CARTESIAN_POINT('Ctrl Pts',(9.5,16.4544826719043,-27.));
#3873=CARTESIAN_POINT('',(12.2129645840443,14.5548444192606,-27.));
#3874=CARTESIAN_POINT('Ctrl Pts',(12.2129645840443,14.5548444192606,-27.));
#3875=CARTESIAN_POINT('Ctrl Pts',(11.3700767511963,14.8177725133109,-27.6807664998463));
#3876=CARTESIAN_POINT('Ctrl Pts',(10.5538064288592,15.0723976149174,-28.2));
#3877=CARTESIAN_POINT('',(13.0107647738325,13.0107647738325,-28.2));
#3878=CARTESIAN_POINT('Ctrl Pts',(13.0107647738325,13.0107647738325,-28.2));
#3879=CARTESIAN_POINT('Ctrl Pts',(12.6182641457014,13.7704189309415,-27.6807664998463));
#3880=CARTESIAN_POINT('Ctrl Pts',(12.2129645840442,14.5548444192606,-27.));
#3881=CARTESIAN_POINT('',(14.5548444192606,12.2129645840442,-27.));
#3882=CARTESIAN_POINT('Ctrl Pts',(14.5548444192606,12.2129645840442,-27.));
#3883=CARTESIAN_POINT('Ctrl Pts',(13.7704189309415,12.6182641457014,-27.6807664998463));
#3884=CARTESIAN_POINT('Ctrl Pts',(13.0107647738325,13.0107647738325,-28.2));
#3885=CARTESIAN_POINT('',(15.0723976149174,10.5538064288593,-28.2));
#3886=CARTESIAN_POINT('Ctrl Pts',(15.0723976149174,10.5538064288593,-28.2));
#3887=CARTESIAN_POINT('Ctrl Pts',(14.8177725133109,11.3700767511963,-27.6807664998463));
#3888=CARTESIAN_POINT('Ctrl Pts',(14.5548444192606,12.2129645840442,-27.));
#3889=CARTESIAN_POINT('',(16.4544826719043,9.5,-27.));
#3890=CARTESIAN_POINT('Ctrl Pts',(16.4544826719043,9.49999999999999,-27.));
#3891=CARTESIAN_POINT('Ctrl Pts',(15.7523538996383,10.0353562071745,-27.6807664998463));
#3892=CARTESIAN_POINT('Ctrl Pts',(15.0723976149174,10.5538064288593,-28.2));
#3893=CARTESIAN_POINT('',(16.6760632814744,7.77617601602887,-28.2));
#3894=CARTESIAN_POINT('Ctrl Pts',(16.6760632814744,7.77617601602887,-28.2));
#3895=CARTESIAN_POINT('Ctrl Pts',(16.5670503612581,8.62426054290237,-27.6807664998463));
#3896=CARTESIAN_POINT('Ctrl Pts',(16.4544826719043,9.50000000000001,-27.));
#3897=CARTESIAN_POINT('',(17.8541597949323,6.4983827231877,-27.));
#3898=CARTESIAN_POINT('Ctrl Pts',(17.8541597949323,6.49838272318771,-27.));
#3899=CARTESIAN_POINT('Ctrl Pts',(17.2556615661702,7.14752904842787,-27.6807664998463));
#3900=CARTESIAN_POINT('Ctrl Pts',(16.6760632814744,7.77617601602887,-28.2));
#3901=CARTESIAN_POINT('',(17.7730352037189,4.76227042988638,-28.2));
#3902=CARTESIAN_POINT('Ctrl Pts',(17.7730352037189,4.76227042988638,-28.2));
#3903=CARTESIAN_POINT('Ctrl Pts',(17.8129467673105,5.6164005420988,-27.6807664998463));
#3904=CARTESIAN_POINT('Ctrl Pts',(17.8541597949323,6.49838272318771,-27.));
#3905=CARTESIAN_POINT('',(18.711347307232,3.29931537567168,-27.));
#3906=CARTESIAN_POINT('Ctrl Pts',(18.711347307232,3.29931537567167,-27.));
#3907=CARTESIAN_POINT('Ctrl Pts',(18.2346646878002,4.04252783636898,-27.6807664998463));
#3908=CARTESIAN_POINT('Ctrl Pts',(17.7730352037189,4.76227042988638,-28.2));
#3909=CARTESIAN_POINT('',(18.3299824448881,1.60366566655691,-28.2));
#3910=CARTESIAN_POINT('Ctrl Pts',(18.3299824448881,1.60366566655691,-28.2));
#3911=CARTESIAN_POINT('Ctrl Pts',(18.5176057996241,2.43788905285937,-27.6807664998463));
#3912=CARTESIAN_POINT('Ctrl Pts',(18.711347307232,3.29931537567169,-27.));
#3913=CARTESIAN_POINT('',(19.,0.,-27.));
#3914=CARTESIAN_POINT('Ctrl Pts',(19.,-5.77924314188438E-15,-27.));
#3915=CARTESIAN_POINT('Ctrl Pts',(18.6596167500769,0.814696461619822,-27.6807664998463));
#3916=CARTESIAN_POINT('Ctrl Pts',(18.3299824448881,1.60366566655691,-28.2));
#3917=CARTESIAN_POINT('',(18.3299824448881,-1.60366566655691,-28.2));
#3918=CARTESIAN_POINT('Ctrl Pts',(18.3299824448881,-1.60366566655691,-28.2));
#3919=CARTESIAN_POINT('Ctrl Pts',(18.6596167500769,-0.814696461619818,-27.6807664998463));
#3920=CARTESIAN_POINT('Ctrl Pts',(19.,1.38701835405225E-14,-27.));
#3921=CARTESIAN_POINT('',(18.711347307232,-3.29931537567168,-27.));
#3922=CARTESIAN_POINT('Ctrl Pts',(18.711347307232,-3.29931537567169,-27.));
#3923=CARTESIAN_POINT('Ctrl Pts',(18.5176057996241,-2.43788905285937,-27.6807664998463));
#3924=CARTESIAN_POINT('Ctrl Pts',(18.3299824448881,-1.60366566655691,-28.2));
#3925=CARTESIAN_POINT('',(17.7730352037189,-4.76227042988638,-28.2));
#3926=CARTESIAN_POINT('Ctrl Pts',(17.7730352037189,-4.76227042988638,-28.2));
#3927=CARTESIAN_POINT('Ctrl Pts',(18.2346646878002,-4.04252783636899,-27.6807664998463));
#3928=CARTESIAN_POINT('Ctrl Pts',(18.711347307232,-3.29931537567167,-27.));
#3929=CARTESIAN_POINT('',(17.8541597949323,-6.4983827231877,-27.));
#3930=CARTESIAN_POINT('Ctrl Pts',(17.8541597949323,-6.4983827231877,-27.));
#3931=CARTESIAN_POINT('Ctrl Pts',(17.8129467673105,-5.61640054209879,-27.6807664998463));
#3932=CARTESIAN_POINT('Ctrl Pts',(17.7730352037189,-4.76227042988638,-28.2));
#3933=CARTESIAN_POINT('',(16.6760632814744,-7.77617601602888,-28.2));
#3934=CARTESIAN_POINT('Ctrl Pts',(16.6760632814744,-7.77617601602888,-28.2));
#3935=CARTESIAN_POINT('Ctrl Pts',(17.2556615661702,-7.14752904842787,-27.6807664998463));
#3936=CARTESIAN_POINT('Ctrl Pts',(17.8541597949323,-6.4983827231877,-27.));
#3937=CARTESIAN_POINT('',(16.4544826719043,-9.49999999999999,-27.));
#3938=CARTESIAN_POINT('Ctrl Pts',(16.4544826719043,-9.5,-27.));
#3939=CARTESIAN_POINT('Ctrl Pts',(16.5670503612581,-8.62426054290237,-27.6807664998463));
#3940=CARTESIAN_POINT('Ctrl Pts',(16.6760632814744,-7.77617601602888,-28.2));
#3941=CARTESIAN_POINT('',(15.0723976149174,-10.5538064288593,-28.2));
#3942=CARTESIAN_POINT('Ctrl Pts',(15.0723976149174,-10.5538064288593,-28.2));
#3943=CARTESIAN_POINT('Ctrl Pts',(15.7523538996383,-10.0353562071745,-27.6807664998463));
#3944=CARTESIAN_POINT('Ctrl Pts',(16.4544826719043,-9.49999999999999,-27.));
#3945=CARTESIAN_POINT('',(14.5548444192606,-12.2129645840443,-27.));
#3946=CARTESIAN_POINT('Ctrl Pts',(14.5548444192606,-12.2129645840443,-27.));
#3947=CARTESIAN_POINT('Ctrl Pts',(14.8177725133109,-11.3700767511963,-27.6807664998463));
#3948=CARTESIAN_POINT('Ctrl Pts',(15.0723976149174,-10.5538064288593,-28.2));
#3949=CARTESIAN_POINT('',(13.0107647738325,-13.0107647738325,-28.2));
#3950=CARTESIAN_POINT('Ctrl Pts',(13.0107647738325,-13.0107647738325,-28.2));
#3951=CARTESIAN_POINT('Ctrl Pts',(13.7704189309415,-12.6182641457014,-27.6807664998463));
#3952=CARTESIAN_POINT('Ctrl Pts',(14.5548444192606,-12.2129645840443,-27.));
#3953=CARTESIAN_POINT('',(12.2129645840442,-14.5548444192606,-27.));
#3954=CARTESIAN_POINT('Ctrl Pts',(12.2129645840442,-14.5548444192606,-27.));
#3955=CARTESIAN_POINT('Ctrl Pts',(12.6182641457014,-13.7704189309415,-27.6807664998463));
#3956=CARTESIAN_POINT('Ctrl Pts',(13.0107647738325,-13.0107647738325,-28.2));
#3957=CARTESIAN_POINT('',(10.5538064288593,-15.0723976149174,-28.2));
#3958=CARTESIAN_POINT('Ctrl Pts',(10.5538064288592,-15.0723976149174,-28.2));
#3959=CARTESIAN_POINT('Ctrl Pts',(11.3700767511962,-14.8177725133109,-27.6807664998463));
#3960=CARTESIAN_POINT('Ctrl Pts',(12.2129645840442,-14.5548444192606,-27.));
#3961=CARTESIAN_POINT('',(9.49999999999998,-16.4544826719043,-27.));
#3962=CARTESIAN_POINT('Ctrl Pts',(9.49999999999999,-16.4544826719043,-27.));
#3963=CARTESIAN_POINT('Ctrl Pts',(10.0353562071745,-15.7523538996383,-27.6807664998463));
#3964=CARTESIAN_POINT('Ctrl Pts',(10.5538064288593,-15.0723976149174,-28.2));
#3965=CARTESIAN_POINT('',(7.77617601602886,-16.6760632814744,-28.2));
#3966=CARTESIAN_POINT('Ctrl Pts',(7.77617601602886,-16.6760632814744,-28.2));
#3967=CARTESIAN_POINT('Ctrl Pts',(8.62426054290236,-16.5670503612581,-27.6807664998463));
#3968=CARTESIAN_POINT('Ctrl Pts',(9.49999999999999,-16.4544826719043,-27.));
#3969=CARTESIAN_POINT('',(6.49838272318771,-17.8541597949323,-27.));
#3970=CARTESIAN_POINT('Ctrl Pts',(6.4983827231877,-17.8541597949323,-27.));
#3971=CARTESIAN_POINT('Ctrl Pts',(7.14752904842786,-17.2556615661702,-27.6807664998463));
#3972=CARTESIAN_POINT('Ctrl Pts',(7.77617601602886,-16.6760632814744,-28.2));
#3973=CARTESIAN_POINT('',(4.76227042988637,-17.7730352037189,-28.2));
#3974=CARTESIAN_POINT('Ctrl Pts',(4.76227042988637,-17.7730352037189,-28.2));
#3975=CARTESIAN_POINT('Ctrl Pts',(5.6164005420988,-17.8129467673105,-27.6807664998463));
#3976=CARTESIAN_POINT('Ctrl Pts',(6.49838272318773,-17.8541597949323,-27.));
#3977=CARTESIAN_POINT('',(3.29931537567167,-18.711347307232,-27.));
#3978=CARTESIAN_POINT('Ctrl Pts',(3.29931537567167,-18.711347307232,-27.));
#3979=CARTESIAN_POINT('Ctrl Pts',(4.04252783636898,-18.2346646878002,-27.6807664998463));
#3980=CARTESIAN_POINT('Ctrl Pts',(4.76227042988637,-17.7730352037189,-28.2));
#3981=CARTESIAN_POINT('',(1.6036656665569,-18.3299824448881,-28.2));
#3982=CARTESIAN_POINT('Ctrl Pts',(1.60366566655691,-18.3299824448881,-28.2));
#3983=CARTESIAN_POINT('Ctrl Pts',(2.43788905285935,-18.5176057996241,-27.6807664998463));
#3984=CARTESIAN_POINT('Ctrl Pts',(3.29931537567168,-18.711347307232,-27.));
#3985=CARTESIAN_POINT('',(-3.33066907387547E-15,-19.,-27.));
#3986=CARTESIAN_POINT('Ctrl Pts',(-6.93509177026125E-15,-19.,-27.));
#3987=CARTESIAN_POINT('Ctrl Pts',(0.814696461619816,-18.6596167500769,-27.6807664998463));
#3988=CARTESIAN_POINT('Ctrl Pts',(1.60366566655691,-18.3299824448881,-28.2));
#3989=CARTESIAN_POINT('',(-1.60366566655691,-18.3299824448881,-28.2));
#3990=CARTESIAN_POINT('Ctrl Pts',(-1.60366566655691,-18.3299824448881,-28.2));
#3991=CARTESIAN_POINT('Ctrl Pts',(-0.814696461619824,-18.6596167500769,
-27.6807664998463));
#3992=CARTESIAN_POINT('Ctrl Pts',(1.04026376553919E-14,-19.,-27.));
#3993=CARTESIAN_POINT('',(-3.29931537567168,-18.711347307232,-27.));
#3994=CARTESIAN_POINT('Ctrl Pts',(-3.29931537567169,-18.711347307232,-27.));
#3995=CARTESIAN_POINT('Ctrl Pts',(-2.43788905285937,-18.5176057996241,-27.6807664998463));
#3996=CARTESIAN_POINT('Ctrl Pts',(-1.60366566655691,-18.3299824448881,-28.2));
#3997=CARTESIAN_POINT('',(-4.76227042988638,-17.7730352037189,-28.2));
#3998=CARTESIAN_POINT('Ctrl Pts',(-4.76227042988638,-17.7730352037189,-28.2));
#3999=CARTESIAN_POINT('Ctrl Pts',(-4.04252783636899,-18.2346646878002,-27.6807664998463));
#4000=CARTESIAN_POINT('Ctrl Pts',(-3.29931537567167,-18.711347307232,-27.));
#4001=CARTESIAN_POINT('',(-6.4983827231877,-17.8541597949323,-27.));
#4002=CARTESIAN_POINT('Ctrl Pts',(-6.4983827231877,-17.8541597949323,-27.));
#4003=CARTESIAN_POINT('Ctrl Pts',(-5.61640054209879,-17.8129467673105,-27.6807664998463));
#4004=CARTESIAN_POINT('Ctrl Pts',(-4.76227042988638,-17.7730352037189,-28.2));
#4005=CARTESIAN_POINT('',(-7.77617601602888,-16.6760632814744,-28.2));
#4006=CARTESIAN_POINT('Ctrl Pts',(-7.77617601602888,-16.6760632814744,-28.2));
#4007=CARTESIAN_POINT('Ctrl Pts',(-7.14752904842787,-17.2556615661702,-27.6807664998463));
#4008=CARTESIAN_POINT('Ctrl Pts',(-6.4983827231877,-17.8541597949323,-27.));
#4009=CARTESIAN_POINT('',(-9.50000000000001,-16.4544826719043,-27.));
#4010=CARTESIAN_POINT('Ctrl Pts',(-9.50000000000001,-16.4544826719043,-27.));
#4011=CARTESIAN_POINT('Ctrl Pts',(-8.62426054290238,-16.5670503612581,-27.6807664998463));
#4012=CARTESIAN_POINT('Ctrl Pts',(-7.77617601602888,-16.6760632814744,-28.2));
#4013=CARTESIAN_POINT('',(-10.5538064288592,-15.0723976149175,-28.2));
#4014=CARTESIAN_POINT('Ctrl Pts',(-10.5538064288592,-15.0723976149175,-28.2));
#4015=CARTESIAN_POINT('Ctrl Pts',(-10.0353562071745,-15.7523538996383,-27.6807664998463));
#4016=CARTESIAN_POINT('Ctrl Pts',(-9.50000000000001,-16.4544826719043,-27.));
#4017=CARTESIAN_POINT('',(-12.2129645840443,-14.5548444192606,-27.));
#4018=CARTESIAN_POINT('Ctrl Pts',(-12.2129645840443,-14.5548444192606,-27.));
#4019=CARTESIAN_POINT('Ctrl Pts',(-11.3700767511963,-14.8177725133109,-27.6807664998463));
#4020=CARTESIAN_POINT('Ctrl Pts',(-10.5538064288592,-15.0723976149175,-28.2));
#4021=CARTESIAN_POINT('',(-13.0107647738325,-13.0107647738325,-28.2));
#4022=CARTESIAN_POINT('Ctrl Pts',(-13.0107647738325,-13.0107647738325,-28.2));
#4023=CARTESIAN_POINT('Ctrl Pts',(-12.6182641457014,-13.7704189309415,-27.6807664998463));
#4024=CARTESIAN_POINT('Ctrl Pts',(-12.2129645840442,-14.5548444192606,-27.));
#4025=CARTESIAN_POINT('',(-14.5548444192606,-12.2129645840442,-27.));
#4026=CARTESIAN_POINT('Ctrl Pts',(-14.5548444192606,-12.2129645840442,-27.));
#4027=CARTESIAN_POINT('Ctrl Pts',(-13.7704189309415,-12.6182641457014,-27.6807664998463));
#4028=CARTESIAN_POINT('Ctrl Pts',(-13.0107647738325,-13.0107647738325,-28.2));
#4029=CARTESIAN_POINT('',(-15.0723976149175,-10.5538064288592,-28.2));
#4030=CARTESIAN_POINT('Ctrl Pts',(-15.0723976149175,-10.5538064288592,-28.2));
#4031=CARTESIAN_POINT('Ctrl Pts',(-14.8177725133109,-11.3700767511962,-27.6807664998463));
#4032=CARTESIAN_POINT('Ctrl Pts',(-14.5548444192606,-12.2129645840442,-27.));
#4033=CARTESIAN_POINT('',(-16.4544826719043,-9.50000000000001,-27.));
#4034=CARTESIAN_POINT('Ctrl Pts',(-16.4544826719043,-9.5,-27.));
#4035=CARTESIAN_POINT('Ctrl Pts',(-15.7523538996383,-10.0353562071745,-27.6807664998463));
#4036=CARTESIAN_POINT('Ctrl Pts',(-15.0723976149175,-10.5538064288592,-28.2));
#4037=CARTESIAN_POINT('',(-16.6760632814744,-7.77617601602886,-28.2));
#4038=CARTESIAN_POINT('Ctrl Pts',(-16.6760632814744,-7.77617601602886,-28.2));
#4039=CARTESIAN_POINT('Ctrl Pts',(-16.5670503612581,-8.62426054290237,-27.6807664998463));
#4040=CARTESIAN_POINT('Ctrl Pts',(-16.4544826719043,-9.50000000000002,-27.));
#4041=CARTESIAN_POINT('',(-17.8541597949323,-6.49838272318771,-27.));
#4042=CARTESIAN_POINT('Ctrl Pts',(-17.8541597949323,-6.4983827231877,-27.));
#4043=CARTESIAN_POINT('Ctrl Pts',(-17.2556615661702,-7.14752904842786,-27.6807664998463));
#4044=CARTESIAN_POINT('Ctrl Pts',(-16.6760632814744,-7.77617601602886,-28.2));
#4045=CARTESIAN_POINT('',(-17.7730352037189,-4.76227042988637,-28.2));
#4046=CARTESIAN_POINT('Ctrl Pts',(-17.7730352037189,-4.76227042988637,-28.2));
#4047=CARTESIAN_POINT('Ctrl Pts',(-17.8129467673105,-5.61640054209879,-27.6807664998463));
#4048=CARTESIAN_POINT('Ctrl Pts',(-17.8541597949323,-6.4983827231877,-27.));
#4049=CARTESIAN_POINT('',(-18.711347307232,-3.29931537567167,-27.));
#4050=CARTESIAN_POINT('Ctrl Pts',(-18.711347307232,-3.29931537567167,-27.));
#4051=CARTESIAN_POINT('Ctrl Pts',(-18.2346646878002,-4.04252783636898,-27.6807664998463));
#4052=CARTESIAN_POINT('Ctrl Pts',(-17.7730352037189,-4.76227042988637,-28.2));
#4053=CARTESIAN_POINT('',(-18.3299824448881,-1.60366566655691,-28.2));
#4054=CARTESIAN_POINT('Ctrl Pts',(-18.3299824448881,-1.60366566655691,-28.2));
#4055=CARTESIAN_POINT('Ctrl Pts',(-18.5176057996241,-2.43788905285936,-27.6807664998463));
#4056=CARTESIAN_POINT('Ctrl Pts',(-18.711347307232,-3.29931537567168,-27.));
#4057=CARTESIAN_POINT('Ctrl Pts',(-19.,5.77924314188438E-15,-27.));
#4058=CARTESIAN_POINT('Ctrl Pts',(-18.6596167500769,-0.814696461619817,
-27.6807664998463));
#4059=CARTESIAN_POINT('Ctrl Pts',(-18.3299824448881,-1.60366566655691,-28.2));
#4060=CARTESIAN_POINT('Origin',(18.711347307232,-3.29931537567168,-30.));
#4061=CARTESIAN_POINT('',(18.3299824448881,-1.60366566655691,-1.5));
#4062=CARTESIAN_POINT('',(18.3299824448881,-1.60366566655691,-30.));
#4063=CARTESIAN_POINT('',(18.711347307232,-3.29931537567168,-1.5));
#4064=CARTESIAN_POINT('',(17.9077331138589,0.273767275044331,-1.5));
#4065=CARTESIAN_POINT('',(18.711347307232,-3.29931537567168,-30.));
#4066=CARTESIAN_POINT('Origin',(18.3299824448881,-1.60366566655691,-30.));
#4067=CARTESIAN_POINT('',(19.,0.,-1.5));
#4068=CARTESIAN_POINT('',(19.,0.,-30.));
#4069=CARTESIAN_POINT('',(17.2531264434295,-4.18108618963049,-1.5));
#4070=CARTESIAN_POINT('Origin',(19.,0.,-30.));
#4071=CARTESIAN_POINT('',(18.3299824448881,1.60366566655691,-1.5));
#4072=CARTESIAN_POINT('',(18.3299824448881,1.60366566655691,-30.));
#4073=CARTESIAN_POINT('',(17.5881352209854,3.37925335635203,-1.5));
#4074=CARTESIAN_POINT('Origin',(18.3299824448881,1.60366566655691,-30.));
#4075=CARTESIAN_POINT('',(18.711347307232,3.29931537567168,-1.5));
#4076=CARTESIAN_POINT('',(18.711347307232,3.29931537567168,-30.));
#4077=CARTESIAN_POINT('',(17.717050682687,-1.12159212960171,-1.5));
#4078=CARTESIAN_POINT('Origin',(18.711347307232,3.29931537567168,-30.));
#4079=CARTESIAN_POINT('',(17.7730352037189,4.76227042988638,-1.5));
#4080=CARTESIAN_POINT('',(17.7730352037189,4.76227042988638,-30.));
#4081=CARTESIAN_POINT('',(16.7341307394482,6.38206253441168,-1.5));
#4082=CARTESIAN_POINT('Origin',(17.7730352037189,4.76227042988638,-30.));
#4083=CARTESIAN_POINT('',(17.8541597949323,6.49838272318771,-1.5));
#4084=CARTESIAN_POINT('',(17.8541597949323,6.49838272318771,-30.));
#4085=CARTESIAN_POINT('',(17.6426513022113,1.971980939732,-1.5));
#4086=CARTESIAN_POINT('Origin',(17.8541597949323,6.49838272318771,-30.));
#4087=CARTESIAN_POINT('',(16.6760632814744,7.77617601602887,-1.5));
#4088=CARTESIAN_POINT('',(16.6760632814744,7.77617601602887,-30.));
#4089=CARTESIAN_POINT('',(15.3716681632715,9.1909559718427,-1.5));
#4090=CARTESIAN_POINT('Origin',(16.6760632814744,7.77617601602887,-30.));
#4091=CARTESIAN_POINT('',(16.4544826719043,9.5,-1.5));
#4092=CARTESIAN_POINT('',(16.4544826719043,9.5,-30.));
#4093=CARTESIAN_POINT('',(17.0321888895303,5.00563636608246,-1.5));
#4094=CARTESIAN_POINT('Origin',(16.4544826719043,9.5,-30.));
#4095=CARTESIAN_POINT('',(15.0723976149174,10.5538064288592,-1.5));
#4096=CARTESIAN_POINT('',(15.0723976149174,10.5538064288592,-30.));
#4097=CARTESIAN_POINT('',(13.5421452283932,11.7205868629174,-1.5));
#4098=CARTESIAN_POINT('Origin',(15.0723976149174,10.5538064288592,-30.));
#4099=CARTESIAN_POINT('',(14.5548444192606,12.2129645840442,-1.5));
#4100=CARTESIAN_POINT('',(14.5548444192606,12.2129645840442,-30.));
#4101=CARTESIAN_POINT('',(15.9042120361442,7.88719806442373,-1.5));
#4102=CARTESIAN_POINT('Origin',(14.5548444192606,12.2129645840442,-30.));
#4103=CARTESIAN_POINT('',(13.0107647738325,13.0107647738325,-1.5));
#4104=CARTESIAN_POINT('',(13.0107647738325,13.0107647738325,-30.));
#4105=CARTESIAN_POINT('',(11.3011510634063,13.8940936530655,-1.5));
#4106=CARTESIAN_POINT('Origin',(13.0107647738325,13.0107647738325,-30.));
#4107=CARTESIAN_POINT('',(12.2129645840442,14.5548444192606,-1.5));
#4108=CARTESIAN_POINT('',(12.2129645840442,14.5548444192606,-30.));
#4109=CARTESIAN_POINT('',(14.2929937479596,10.5291112406923,-1.5));
#4110=CARTESIAN_POINT('Origin',(12.2129645840442,14.5548444192606,-30.));
#4111=CARTESIAN_POINT('',(10.5538064288593,15.0723976149174,-1.5));
#4112=CARTESIAN_POINT('',(10.5538064288593,15.0723976149174,-30.));
#4113=CARTESIAN_POINT('',(8.71677714201622,15.6454354383158,-1.5));
#4114=CARTESIAN_POINT('Origin',(10.5538064288593,15.0723976149174,-30.));
#4115=CARTESIAN_POINT('',(9.5,16.4544826719043,-1.5));
#4116=CARTESIAN_POINT('',(9.5,16.4544826719043,-30.));
#4117=CARTESIAN_POINT('',(12.247490077347,12.8511026998998,-1.5));
#4118=CARTESIAN_POINT('Origin',(9.5,16.4544826719043,-30.));
#4119=CARTESIAN_POINT('',(7.77617601602887,16.6760632814744,-1.5));
#4120=CARTESIAN_POINT('',(7.77617601602887,16.6760632814744,-30.));
#4121=CARTESIAN_POINT('',(5.86754835806803,16.9213985847452,-1.5));
#4122=CARTESIAN_POINT('Origin',(7.77617601602887,16.6760632814744,-30.));
#4123=CARTESIAN_POINT('',(6.49838272318771,17.8541597949323,-1.5));
#4124=CARTESIAN_POINT('',(6.49838272318771,17.8541597949323,-30.));
#4125=CARTESIAN_POINT('',(9.82985261826329,14.7826199065425,-1.5));
#4126=CARTESIAN_POINT('Origin',(6.49838272318771,17.8541597949323,-30.));
#4127=CARTESIAN_POINT('',(4.76227042988639,17.7730352037189,-1.5));
#4128=CARTESIAN_POINT('',(4.76227042988639,17.7730352037189,-30.));
#4129=CARTESIAN_POINT('',(2.84003708638266,17.683213597818,-1.5));
#4130=CARTESIAN_POINT('Origin',(4.76227042988639,17.7730352037189,-30.));
#4131=CARTESIAN_POINT('',(3.29931537567168,18.711347307232,-1.5));
#4132=CARTESIAN_POINT('',(3.29931537567168,18.711347307232,-30.));
#4133=CARTESIAN_POINT('',(7.11354006151904,16.2649746876916,-1.5));
#4134=CARTESIAN_POINT('Origin',(3.29931537567168,18.711347307232,-30.));
#4135=CARTESIAN_POINT('',(1.60366566655691,18.3299824448881,-1.5));
#4136=CARTESIAN_POINT('',(1.60366566655691,18.3299824448881,-30.));
#4137=CARTESIAN_POINT('',(-0.273767275044328,17.9077331138589,-1.5));
#4138=CARTESIAN_POINT('Origin',(1.60366566655691,18.3299824448881,-30.));
#4139=CARTESIAN_POINT('',(1.16341445918999E-15,19.,-1.5));
#4140=CARTESIAN_POINT('',(1.16341445918999E-15,19.,-30.));
#4141=CARTESIAN_POINT('',(4.18108618963049,17.2531264434295,-1.5));
#4142=CARTESIAN_POINT('Origin',(1.16341445918999E-15,19.,-30.));
#4143=CARTESIAN_POINT('',(-1.60366566655691,18.3299824448881,-1.5));
#4144=CARTESIAN_POINT('',(-1.60366566655691,18.3299824448881,-30.));
#4145=CARTESIAN_POINT('',(-3.37925335635204,17.5881352209854,-1.5));
#4146=CARTESIAN_POINT('Origin',(-1.60366566655691,18.3299824448881,-30.));
#4147=CARTESIAN_POINT('',(-3.29931537567168,18.711347307232,-1.5));
#4148=CARTESIAN_POINT('',(-3.29931537567168,18.711347307232,-30.));
#4149=CARTESIAN_POINT('',(1.12159212960171,17.717050682687,-1.5));
#4150=CARTESIAN_POINT('Origin',(-3.29931537567168,18.711347307232,-30.));
#4151=CARTESIAN_POINT('',(-4.76227042988638,17.7730352037189,-1.5));
#4152=CARTESIAN_POINT('',(-4.76227042988638,17.7730352037189,-30.));
#4153=CARTESIAN_POINT('',(-6.38206253441168,16.7341307394482,-1.5));
#4154=CARTESIAN_POINT('Origin',(-4.76227042988638,17.7730352037189,-30.));
#4155=CARTESIAN_POINT('',(-6.4983827231877,17.8541597949323,-1.5));
#4156=CARTESIAN_POINT('',(-6.4983827231877,17.8541597949323,-30.));
#4157=CARTESIAN_POINT('',(-1.971980939732,17.6426513022113,-1.5));
#4158=CARTESIAN_POINT('Origin',(-6.4983827231877,17.8541597949323,-30.));
#4159=CARTESIAN_POINT('',(-7.77617601602887,16.6760632814744,-1.5));
#4160=CARTESIAN_POINT('',(-7.77617601602887,16.6760632814744,-30.));
#4161=CARTESIAN_POINT('',(-9.1909559718427,15.3716681632715,-1.5));
#4162=CARTESIAN_POINT('Origin',(-7.77617601602887,16.6760632814744,-30.));
#4163=CARTESIAN_POINT('',(-9.5,16.4544826719043,-1.5));
#4164=CARTESIAN_POINT('',(-9.5,16.4544826719043,-30.));
#4165=CARTESIAN_POINT('',(-5.00563636608247,17.0321888895303,-1.5));
#4166=CARTESIAN_POINT('Origin',(-9.5,16.4544826719043,-30.));
#4167=CARTESIAN_POINT('',(-10.5538064288593,15.0723976149174,-1.5));
#4168=CARTESIAN_POINT('',(-10.5538064288593,15.0723976149174,-30.));
#4169=CARTESIAN_POINT('',(-11.7205868629174,13.5421452283932,-1.5));
#4170=CARTESIAN_POINT('Origin',(-10.5538064288593,15.0723976149174,-30.));
#4171=CARTESIAN_POINT('',(-12.2129645840442,14.5548444192606,-1.5));
#4172=CARTESIAN_POINT('',(-12.2129645840442,14.5548444192606,-30.));
#4173=CARTESIAN_POINT('',(-7.88719806442372,15.9042120361442,-1.5));
#4174=CARTESIAN_POINT('Origin',(-12.2129645840442,14.5548444192606,-30.));
#4175=CARTESIAN_POINT('',(-13.0107647738325,13.0107647738325,-1.5));
#4176=CARTESIAN_POINT('',(-13.0107647738325,13.0107647738325,-30.));
#4177=CARTESIAN_POINT('',(-13.8940936530655,11.3011510634063,-1.5));
#4178=CARTESIAN_POINT('Origin',(-13.0107647738325,13.0107647738325,-30.));
#4179=CARTESIAN_POINT('',(-14.5548444192606,12.2129645840443,-1.5));
#4180=CARTESIAN_POINT('',(-14.5548444192606,12.2129645840443,-30.));
#4181=CARTESIAN_POINT('',(-10.5291112406923,14.2929937479596,-1.5));
#4182=CARTESIAN_POINT('Origin',(-14.5548444192606,12.2129645840443,-30.));
#4183=CARTESIAN_POINT('',(-15.0723976149175,10.5538064288592,-1.5));
#4184=CARTESIAN_POINT('',(-15.0723976149175,10.5538064288592,-30.));
#4185=CARTESIAN_POINT('',(-15.6454354383158,8.71677714201624,-1.5));
#4186=CARTESIAN_POINT('Origin',(-15.0723976149175,10.5538064288592,-30.));
#4187=CARTESIAN_POINT('',(-16.4544826719043,9.50000000000001,-1.5));
#4188=CARTESIAN_POINT('',(-16.4544826719043,9.50000000000001,-30.));
#4189=CARTESIAN_POINT('',(-12.8511026998997,12.247490077347,-1.5));
#4190=CARTESIAN_POINT('Origin',(-16.4544826719043,9.50000000000001,-30.));
#4191=CARTESIAN_POINT('',(-16.6760632814744,7.77617601602887,-1.5));
#4192=CARTESIAN_POINT('',(-16.6760632814744,7.77617601602887,-30.));
#4193=CARTESIAN_POINT('',(-16.9213985847452,5.86754835806805,-1.5));
#4194=CARTESIAN_POINT('Origin',(-16.6760632814744,7.77617601602887,-30.));
#4195=CARTESIAN_POINT('',(-17.8541597949323,6.49838272318771,-1.5));
#4196=CARTESIAN_POINT('',(-17.8541597949323,6.49838272318771,-30.));
#4197=CARTESIAN_POINT('',(-14.7826199065425,9.82985261826329,-1.5));
#4198=CARTESIAN_POINT('Origin',(-17.8541597949323,6.49838272318771,-30.));
#4199=CARTESIAN_POINT('',(-17.7730352037189,4.76227042988638,-1.5));
#4200=CARTESIAN_POINT('',(-17.7730352037189,4.76227042988638,-30.));
#4201=CARTESIAN_POINT('',(-17.683213597818,2.84003708638268,-1.5));
#4202=CARTESIAN_POINT('Origin',(-17.7730352037189,4.76227042988638,-30.));
#4203=CARTESIAN_POINT('',(-18.711347307232,3.29931537567168,-1.5));
#4204=CARTESIAN_POINT('',(-18.711347307232,3.29931537567168,-30.));
#4205=CARTESIAN_POINT('',(-16.2649746876916,7.11354006151903,-1.5));
#4206=CARTESIAN_POINT('Origin',(0.,0.,28.5));
#4207=CARTESIAN_POINT('',(-18.711347307232,3.29931537567168,27.));
#4208=CARTESIAN_POINT('',(-17.7730352037189,4.76227042988638,28.2));
#4209=CARTESIAN_POINT('Ctrl Pts',(-18.711347307232,3.29931537567166,27.));
#4210=CARTESIAN_POINT('Ctrl Pts',(-18.2346646878002,4.04252783636898,27.6807664998463));
#4211=CARTESIAN_POINT('Ctrl Pts',(-17.7730352037189,4.76227042988638,28.2));
#4212=CARTESIAN_POINT('',(-18.3299824448881,1.60366566655691,28.2));
#4213=CARTESIAN_POINT('Ctrl Pts',(-18.3299824448881,1.60366566655691,28.2));
#4214=CARTESIAN_POINT('Ctrl Pts',(-18.5176057996241,2.43788905285937,27.6807664998463));
#4215=CARTESIAN_POINT('Ctrl Pts',(-18.711347307232,3.29931537567169,27.));
#4216=CARTESIAN_POINT('',(-19.,7.7715611723761E-15,27.));
#4217=CARTESIAN_POINT('Ctrl Pts',(-19.,1.15584862837688E-15,27.));
#4218=CARTESIAN_POINT('Ctrl Pts',(-18.6596167500769,0.814696461619821,27.6807664998463));
#4219=CARTESIAN_POINT('Ctrl Pts',(-18.3299824448881,1.60366566655691,28.2));
#4220=CARTESIAN_POINT('',(-17.5,-2.14313189850787E-15,30.));
#4221=CARTESIAN_POINT('',(-18.25,-2.23498040844392E-15,28.5));
#4222=CARTESIAN_POINT('Origin',(0.,0.,30.));
#4223=CARTESIAN_POINT('',(-18.3299824448881,-1.60366566655691,28.2));
#4224=CARTESIAN_POINT('Ctrl Pts',(-18.3299824448881,-1.60366566655691,28.2));
#4225=CARTESIAN_POINT('Ctrl Pts',(-18.6596167500769,-0.814696461619816,
27.6807664998463));
#4226=CARTESIAN_POINT('Ctrl Pts',(-19.,5.77924314188438E-15,27.));
#4227=CARTESIAN_POINT('',(-18.711347307232,-3.29931537567167,27.));
#4228=CARTESIAN_POINT('Ctrl Pts',(-18.711347307232,-3.29931537567166,27.));
#4229=CARTESIAN_POINT('Ctrl Pts',(-18.5176057996241,-2.43788905285935,27.6807664998463));
#4230=CARTESIAN_POINT('Ctrl Pts',(-18.3299824448881,-1.60366566655691,28.2));
#4231=CARTESIAN_POINT('',(-17.7730352037189,-4.76227042988637,28.2));
#4232=CARTESIAN_POINT('Ctrl Pts',(-17.7730352037189,-4.76227042988637,28.2));
#4233=CARTESIAN_POINT('Ctrl Pts',(-18.2346646878002,-4.04252783636898,27.6807664998463));
#4234=CARTESIAN_POINT('Ctrl Pts',(-18.711347307232,-3.29931537567167,27.));
#4235=CARTESIAN_POINT('',(-17.8541597949323,-6.49838272318771,27.));
#4236=CARTESIAN_POINT('Ctrl Pts',(-17.8541597949323,-6.4983827231877,27.));
#4237=CARTESIAN_POINT('Ctrl Pts',(-17.8129467673105,-5.61640054209879,27.6807664998463));
#4238=CARTESIAN_POINT('Ctrl Pts',(-17.7730352037189,-4.76227042988637,28.2));
#4239=CARTESIAN_POINT('',(-16.6760632814744,-7.77617601602886,28.2));
#4240=CARTESIAN_POINT('Ctrl Pts',(-16.6760632814744,-7.77617601602886,28.2));
#4241=CARTESIAN_POINT('Ctrl Pts',(-17.2556615661702,-7.14752904842786,27.6807664998463));
#4242=CARTESIAN_POINT('Ctrl Pts',(-17.8541597949323,-6.4983827231877,27.));
#4243=CARTESIAN_POINT('',(-16.4544826719043,-9.50000000000001,27.));
#4244=CARTESIAN_POINT('Ctrl Pts',(-16.4544826719043,-9.50000000000002,27.));
#4245=CARTESIAN_POINT('Ctrl Pts',(-16.5670503612581,-8.62426054290237,27.6807664998463));
#4246=CARTESIAN_POINT('Ctrl Pts',(-16.6760632814744,-7.77617601602886,28.2));
#4247=CARTESIAN_POINT('',(-15.0723976149175,-10.5538064288592,28.2));
#4248=CARTESIAN_POINT('Ctrl Pts',(-15.0723976149175,-10.5538064288592,28.2));
#4249=CARTESIAN_POINT('Ctrl Pts',(-15.7523538996383,-10.0353562071745,27.6807664998463));
#4250=CARTESIAN_POINT('Ctrl Pts',(-16.4544826719043,-9.5,27.));
#4251=CARTESIAN_POINT('',(-14.5548444192606,-12.2129645840442,27.));
#4252=CARTESIAN_POINT('Ctrl Pts',(-14.5548444192606,-12.2129645840442,27.));
#4253=CARTESIAN_POINT('Ctrl Pts',(-14.8177725133109,-11.3700767511962,27.6807664998463));
#4254=CARTESIAN_POINT('Ctrl Pts',(-15.0723976149175,-10.5538064288592,28.2));
#4255=CARTESIAN_POINT('',(-13.0107647738325,-13.0107647738325,28.2));
#4256=CARTESIAN_POINT('Ctrl Pts',(-13.0107647738325,-13.0107647738325,28.2));
#4257=CARTESIAN_POINT('Ctrl Pts',(-13.7704189309415,-12.6182641457014,27.6807664998463));
#4258=CARTESIAN_POINT('Ctrl Pts',(-14.5548444192606,-12.2129645840442,27.));
#4259=CARTESIAN_POINT('',(-12.2129645840443,-14.5548444192606,27.));
#4260=CARTESIAN_POINT('Ctrl Pts',(-12.2129645840443,-14.5548444192606,27.));
#4261=CARTESIAN_POINT('Ctrl Pts',(-12.6182641457014,-13.7704189309415,27.6807664998463));
#4262=CARTESIAN_POINT('Ctrl Pts',(-13.0107647738325,-13.0107647738325,28.2));
#4263=CARTESIAN_POINT('',(-10.5538064288592,-15.0723976149175,28.2));
#4264=CARTESIAN_POINT('Ctrl Pts',(-10.5538064288592,-15.0723976149175,28.2));
#4265=CARTESIAN_POINT('Ctrl Pts',(-11.3700767511963,-14.8177725133109,27.6807664998463));
#4266=CARTESIAN_POINT('Ctrl Pts',(-12.2129645840443,-14.5548444192606,27.));
#4267=CARTESIAN_POINT('',(-9.50000000000001,-16.4544826719043,27.));
#4268=CARTESIAN_POINT('Ctrl Pts',(-9.50000000000001,-16.4544826719043,27.));
#4269=CARTESIAN_POINT('Ctrl Pts',(-10.0353562071745,-15.7523538996383,27.6807664998463));
#4270=CARTESIAN_POINT('Ctrl Pts',(-10.5538064288592,-15.0723976149175,28.2));
#4271=CARTESIAN_POINT('',(-7.77617601602888,-16.6760632814744,28.2));
#4272=CARTESIAN_POINT('Ctrl Pts',(-7.77617601602888,-16.6760632814744,28.2));
#4273=CARTESIAN_POINT('Ctrl Pts',(-8.62426054290237,-16.5670503612581,27.6807664998463));
#4274=CARTESIAN_POINT('Ctrl Pts',(-9.50000000000001,-16.4544826719043,27.));
#4275=CARTESIAN_POINT('',(-6.4983827231877,-17.8541597949323,27.));
#4276=CARTESIAN_POINT('Ctrl Pts',(-6.4983827231877,-17.8541597949323,27.));
#4277=CARTESIAN_POINT('Ctrl Pts',(-7.14752904842787,-17.2556615661702,27.6807664998463));
#4278=CARTESIAN_POINT('Ctrl Pts',(-7.77617601602888,-16.6760632814744,28.2));
#4279=CARTESIAN_POINT('',(-4.76227042988638,-17.7730352037189,28.2));
#4280=CARTESIAN_POINT('Ctrl Pts',(-4.76227042988638,-17.7730352037189,28.2));
#4281=CARTESIAN_POINT('Ctrl Pts',(-5.61640054209879,-17.8129467673105,27.6807664998463));
#4282=CARTESIAN_POINT('Ctrl Pts',(-6.4983827231877,-17.8541597949323,27.));
#4283=CARTESIAN_POINT('',(-3.29931537567168,-18.711347307232,27.));
#4284=CARTESIAN_POINT('Ctrl Pts',(-3.29931537567167,-18.711347307232,27.));
#4285=CARTESIAN_POINT('Ctrl Pts',(-4.04252783636899,-18.2346646878002,27.6807664998463));
#4286=CARTESIAN_POINT('Ctrl Pts',(-4.76227042988638,-17.7730352037189,28.2));
#4287=CARTESIAN_POINT('',(-1.60366566655691,-18.3299824448881,28.2));
#4288=CARTESIAN_POINT('Ctrl Pts',(-1.60366566655691,-18.3299824448881,28.2));
#4289=CARTESIAN_POINT('Ctrl Pts',(-2.43788905285937,-18.5176057996241,27.6807664998463));
#4290=CARTESIAN_POINT('Ctrl Pts',(-3.29931537567169,-18.711347307232,27.));
#4291=CARTESIAN_POINT('',(-3.33066907387547E-15,-19.,27.));
#4292=CARTESIAN_POINT('Ctrl Pts',(-3.46754588513063E-15,-19.,27.));
#4293=CARTESIAN_POINT('Ctrl Pts',(-0.814696461619825,-18.6596167500769,
27.6807664998463));
#4294=CARTESIAN_POINT('Ctrl Pts',(-1.60366566655691,-18.3299824448881,28.2));
#4295=CARTESIAN_POINT('',(1.6036656665569,-18.3299824448881,28.2));
#4296=CARTESIAN_POINT('Ctrl Pts',(1.6036656665569,-18.3299824448881,28.2));
#4297=CARTESIAN_POINT('Ctrl Pts',(0.814696461619817,-18.6596167500769,27.6807664998463));
#4298=CARTESIAN_POINT('Ctrl Pts',(-6.93509177026125E-15,-19.,27.));
#4299=CARTESIAN_POINT('',(3.29931537567167,-18.711347307232,27.));
#4300=CARTESIAN_POINT('Ctrl Pts',(3.29931537567166,-18.711347307232,27.));
#4301=CARTESIAN_POINT('Ctrl Pts',(2.43788905285935,-18.5176057996241,27.6807664998463));
#4302=CARTESIAN_POINT('Ctrl Pts',(1.6036656665569,-18.3299824448881,28.2));
#4303=CARTESIAN_POINT('',(4.76227042988637,-17.7730352037189,28.2));
#4304=CARTESIAN_POINT('Ctrl Pts',(4.76227042988637,-17.7730352037189,28.2));
#4305=CARTESIAN_POINT('Ctrl Pts',(4.04252783636898,-18.2346646878002,27.6807664998463));
#4306=CARTESIAN_POINT('Ctrl Pts',(3.29931537567167,-18.711347307232,27.));
#4307=CARTESIAN_POINT('',(6.49838272318771,-17.8541597949323,27.));
#4308=CARTESIAN_POINT('Ctrl Pts',(6.49838272318772,-17.8541597949323,27.));
#4309=CARTESIAN_POINT('Ctrl Pts',(5.6164005420988,-17.8129467673105,27.6807664998463));
#4310=CARTESIAN_POINT('Ctrl Pts',(4.76227042988637,-17.7730352037189,28.2));
#4311=CARTESIAN_POINT('',(7.77617601602886,-16.6760632814744,28.2));
#4312=CARTESIAN_POINT('Ctrl Pts',(7.77617601602886,-16.6760632814744,28.2));
#4313=CARTESIAN_POINT('Ctrl Pts',(7.14752904842787,-17.2556615661702,27.6807664998463));
#4314=CARTESIAN_POINT('Ctrl Pts',(6.49838272318772,-17.8541597949323,27.));
#4315=CARTESIAN_POINT('',(9.49999999999998,-16.4544826719043,27.));
#4316=CARTESIAN_POINT('Ctrl Pts',(9.49999999999999,-16.4544826719043,27.));
#4317=CARTESIAN_POINT('Ctrl Pts',(8.62426054290236,-16.5670503612581,27.6807664998463));
#4318=CARTESIAN_POINT('Ctrl Pts',(7.77617601602886,-16.6760632814744,28.2));
#4319=CARTESIAN_POINT('',(10.5538064288593,-15.0723976149174,28.2));
#4320=CARTESIAN_POINT('Ctrl Pts',(10.5538064288593,-15.0723976149174,28.2));
#4321=CARTESIAN_POINT('Ctrl Pts',(10.0353562071745,-15.7523538996383,27.6807664998463));
#4322=CARTESIAN_POINT('Ctrl Pts',(9.49999999999999,-16.4544826719043,27.));
#4323=CARTESIAN_POINT('',(12.2129645840442,-14.5548444192606,27.));
#4324=CARTESIAN_POINT('Ctrl Pts',(12.2129645840442,-14.5548444192606,27.));
#4325=CARTESIAN_POINT('Ctrl Pts',(11.3700767511963,-14.8177725133109,27.6807664998463));
#4326=CARTESIAN_POINT('Ctrl Pts',(10.5538064288593,-15.0723976149174,28.2));
#4327=CARTESIAN_POINT('',(13.0107647738325,-13.0107647738325,28.2));
#4328=CARTESIAN_POINT('Ctrl Pts',(13.0107647738325,-13.0107647738325,28.2));
#4329=CARTESIAN_POINT('Ctrl Pts',(12.6182641457014,-13.7704189309415,27.6807664998463));
#4330=CARTESIAN_POINT('Ctrl Pts',(12.2129645840442,-14.5548444192606,27.));
#4331=CARTESIAN_POINT('',(14.5548444192606,-12.2129645840443,27.));
#4332=CARTESIAN_POINT('Ctrl Pts',(14.5548444192606,-12.2129645840443,27.));
#4333=CARTESIAN_POINT('Ctrl Pts',(13.7704189309415,-12.6182641457014,27.6807664998463));
#4334=CARTESIAN_POINT('Ctrl Pts',(13.0107647738325,-13.0107647738325,28.2));
#4335=CARTESIAN_POINT('',(15.0723976149174,-10.5538064288593,28.2));
#4336=CARTESIAN_POINT('Ctrl Pts',(15.0723976149174,-10.5538064288593,28.2));
#4337=CARTESIAN_POINT('Ctrl Pts',(14.8177725133109,-11.3700767511963,27.6807664998463));
#4338=CARTESIAN_POINT('Ctrl Pts',(14.5548444192606,-12.2129645840443,27.));
#4339=CARTESIAN_POINT('',(16.4544826719043,-9.49999999999999,27.));
#4340=CARTESIAN_POINT('Ctrl Pts',(16.4544826719043,-9.49999999999999,27.));
#4341=CARTESIAN_POINT('Ctrl Pts',(15.7523538996383,-10.0353562071745,27.6807664998463));
#4342=CARTESIAN_POINT('Ctrl Pts',(15.0723976149174,-10.5538064288593,28.2));
#4343=CARTESIAN_POINT('',(16.6760632814744,-7.77617601602888,28.2));
#4344=CARTESIAN_POINT('Ctrl Pts',(16.6760632814744,-7.77617601602888,28.2));
#4345=CARTESIAN_POINT('Ctrl Pts',(16.5670503612581,-8.62426054290237,27.6807664998463));
#4346=CARTESIAN_POINT('Ctrl Pts',(16.4544826719043,-9.5,27.));
#4347=CARTESIAN_POINT('',(17.8541597949323,-6.4983827231877,27.));
#4348=CARTESIAN_POINT('Ctrl Pts',(17.8541597949323,-6.4983827231877,27.));
#4349=CARTESIAN_POINT('Ctrl Pts',(17.2556615661702,-7.14752904842787,27.6807664998463));
#4350=CARTESIAN_POINT('Ctrl Pts',(16.6760632814744,-7.77617601602888,28.2));
#4351=CARTESIAN_POINT('',(17.7730352037189,-4.76227042988638,28.2));
#4352=CARTESIAN_POINT('Ctrl Pts',(17.7730352037189,-4.76227042988638,28.2));
#4353=CARTESIAN_POINT('Ctrl Pts',(17.8129467673105,-5.61640054209879,27.6807664998463));
#4354=CARTESIAN_POINT('Ctrl Pts',(17.8541597949323,-6.4983827231877,27.));
#4355=CARTESIAN_POINT('',(18.711347307232,-3.29931537567168,27.));
#4356=CARTESIAN_POINT('Ctrl Pts',(18.711347307232,-3.29931537567167,27.));
#4357=CARTESIAN_POINT('Ctrl Pts',(18.2346646878002,-4.04252783636899,27.6807664998463));
#4358=CARTESIAN_POINT('Ctrl Pts',(17.7730352037189,-4.76227042988638,28.2));
#4359=CARTESIAN_POINT('',(18.3299824448881,-1.60366566655691,28.2));
#4360=CARTESIAN_POINT('Ctrl Pts',(18.3299824448881,-1.60366566655691,28.2));
#4361=CARTESIAN_POINT('Ctrl Pts',(18.5176057996241,-2.43788905285937,27.6807664998463));
#4362=CARTESIAN_POINT('Ctrl Pts',(18.711347307232,-3.29931537567169,27.));
#4363=CARTESIAN_POINT('',(19.,0.,27.));
#4364=CARTESIAN_POINT('Ctrl Pts',(19.,1.38701835405225E-14,27.));
#4365=CARTESIAN_POINT('Ctrl Pts',(18.6596167500769,-0.814696461619818,27.6807664998463));
#4366=CARTESIAN_POINT('Ctrl Pts',(18.3299824448881,-1.60366566655691,28.2));
#4367=CARTESIAN_POINT('',(18.3299824448881,1.60366566655691,28.2));
#4368=CARTESIAN_POINT('Ctrl Pts',(18.3299824448881,1.60366566655691,28.2));
#4369=CARTESIAN_POINT('Ctrl Pts',(18.6596167500769,0.814696461619819,27.6807664998463));
#4370=CARTESIAN_POINT('Ctrl Pts',(19.,-5.77924314188438E-15,27.));
#4371=CARTESIAN_POINT('',(18.711347307232,3.29931537567168,27.));
#4372=CARTESIAN_POINT('Ctrl Pts',(18.711347307232,3.29931537567167,27.));
#4373=CARTESIAN_POINT('Ctrl Pts',(18.5176057996241,2.43788905285936,27.6807664998463));
#4374=CARTESIAN_POINT('Ctrl Pts',(18.3299824448881,1.60366566655691,28.2));
#4375=CARTESIAN_POINT('',(17.7730352037189,4.76227042988638,28.2));
#4376=CARTESIAN_POINT('Ctrl Pts',(17.7730352037189,4.76227042988638,28.2));
#4377=CARTESIAN_POINT('Ctrl Pts',(18.2346646878002,4.04252783636898,27.6807664998463));
#4378=CARTESIAN_POINT('Ctrl Pts',(18.711347307232,3.29931537567167,27.));
#4379=CARTESIAN_POINT('',(17.8541597949323,6.4983827231877,27.));
#4380=CARTESIAN_POINT('Ctrl Pts',(17.8541597949323,6.49838272318771,27.));
#4381=CARTESIAN_POINT('Ctrl Pts',(17.8129467673105,5.6164005420988,27.6807664998463));
#4382=CARTESIAN_POINT('Ctrl Pts',(17.7730352037189,4.76227042988638,28.2));
#4383=CARTESIAN_POINT('',(16.6760632814744,7.77617601602887,28.2));
#4384=CARTESIAN_POINT('Ctrl Pts',(16.6760632814744,7.77617601602887,28.2));
#4385=CARTESIAN_POINT('Ctrl Pts',(17.2556615661702,7.14752904842787,27.6807664998463));
#4386=CARTESIAN_POINT('Ctrl Pts',(17.8541597949323,6.49838272318771,27.));
#4387=CARTESIAN_POINT('',(16.4544826719043,9.5,27.));
#4388=CARTESIAN_POINT('Ctrl Pts',(16.4544826719043,9.50000000000001,27.));
#4389=CARTESIAN_POINT('Ctrl Pts',(16.5670503612581,8.62426054290237,27.6807664998463));
#4390=CARTESIAN_POINT('Ctrl Pts',(16.6760632814744,7.77617601602887,28.2));
#4391=CARTESIAN_POINT('',(15.0723976149174,10.5538064288593,28.2));
#4392=CARTESIAN_POINT('Ctrl Pts',(15.0723976149174,10.5538064288593,28.2));
#4393=CARTESIAN_POINT('Ctrl Pts',(15.7523538996383,10.0353562071745,27.6807664998463));
#4394=CARTESIAN_POINT('Ctrl Pts',(16.4544826719043,9.5,27.));
#4395=CARTESIAN_POINT('',(14.5548444192606,12.2129645840442,27.));
#4396=CARTESIAN_POINT('Ctrl Pts',(14.5548444192606,12.2129645840442,27.));
#4397=CARTESIAN_POINT('Ctrl Pts',(14.8177725133109,11.3700767511962,27.6807664998463));
#4398=CARTESIAN_POINT('Ctrl Pts',(15.0723976149174,10.5538064288593,28.2));
#4399=CARTESIAN_POINT('',(13.0107647738325,13.0107647738325,28.2));
#4400=CARTESIAN_POINT('Ctrl Pts',(13.0107647738325,13.0107647738325,28.2));
#4401=CARTESIAN_POINT('Ctrl Pts',(13.7704189309415,12.6182641457014,27.6807664998463));
#4402=CARTESIAN_POINT('Ctrl Pts',(14.5548444192606,12.2129645840442,27.));
#4403=CARTESIAN_POINT('',(12.2129645840443,14.5548444192606,27.));
#4404=CARTESIAN_POINT('Ctrl Pts',(12.2129645840442,14.5548444192606,27.));
#4405=CARTESIAN_POINT('Ctrl Pts',(12.6182641457014,13.7704189309415,27.6807664998463));
#4406=CARTESIAN_POINT('Ctrl Pts',(13.0107647738325,13.0107647738325,28.2));
#4407=CARTESIAN_POINT('',(10.5538064288592,15.0723976149174,28.2));
#4408=CARTESIAN_POINT('Ctrl Pts',(10.5538064288592,15.0723976149174,28.2));
#4409=CARTESIAN_POINT('Ctrl Pts',(11.3700767511963,14.8177725133109,27.6807664998463));
#4410=CARTESIAN_POINT('Ctrl Pts',(12.2129645840443,14.5548444192606,27.));
#4411=CARTESIAN_POINT('',(9.50000000000001,16.4544826719043,27.));
#4412=CARTESIAN_POINT('Ctrl Pts',(9.50000000000001,16.4544826719043,27.));
#4413=CARTESIAN_POINT('Ctrl Pts',(10.0353562071745,15.7523538996383,27.6807664998463));
#4414=CARTESIAN_POINT('Ctrl Pts',(10.5538064288592,15.0723976149174,28.2));
#4415=CARTESIAN_POINT('',(7.77617601602887,16.6760632814744,28.2));
#4416=CARTESIAN_POINT('Ctrl Pts',(7.77617601602887,16.6760632814744,28.2));
#4417=CARTESIAN_POINT('Ctrl Pts',(8.62426054290237,16.5670503612581,27.6807664998463));
#4418=CARTESIAN_POINT('Ctrl Pts',(9.50000000000001,16.4544826719043,27.));
#4419=CARTESIAN_POINT('',(6.49838272318771,17.8541597949323,27.));
#4420=CARTESIAN_POINT('Ctrl Pts',(6.4983827231877,17.8541597949323,27.));
#4421=CARTESIAN_POINT('Ctrl Pts',(7.14752904842787,17.2556615661702,27.6807664998463));
#4422=CARTESIAN_POINT('Ctrl Pts',(7.77617601602887,16.6760632814744,28.2));
#4423=CARTESIAN_POINT('',(4.76227042988639,17.7730352037189,28.2));
#4424=CARTESIAN_POINT('Ctrl Pts',(4.76227042988639,17.7730352037189,28.2));
#4425=CARTESIAN_POINT('Ctrl Pts',(5.61640054209881,17.8129467673105,27.6807664998463));
#4426=CARTESIAN_POINT('Ctrl Pts',(6.49838272318771,17.8541597949323,27.));
#4427=CARTESIAN_POINT('',(3.29931537567168,18.711347307232,27.));
#4428=CARTESIAN_POINT('Ctrl Pts',(3.29931537567167,18.711347307232,27.));
#4429=CARTESIAN_POINT('Ctrl Pts',(4.04252783636899,18.2346646878002,27.6807664998463));
#4430=CARTESIAN_POINT('Ctrl Pts',(4.76227042988639,17.7730352037189,28.2));
#4431=CARTESIAN_POINT('',(1.60366566655691,18.3299824448881,28.2));
#4432=CARTESIAN_POINT('Ctrl Pts',(1.60366566655691,18.3299824448881,28.2));
#4433=CARTESIAN_POINT('Ctrl Pts',(2.43788905285937,18.5176057996241,27.6807664998463));
#4434=CARTESIAN_POINT('Ctrl Pts',(3.29931537567169,18.711347307232,27.));
#4435=CARTESIAN_POINT('',(-6.66133814775094E-15,19.,27.));
#4436=CARTESIAN_POINT('Ctrl Pts',(1.15584862837688E-15,19.,27.));
#4437=CARTESIAN_POINT('Ctrl Pts',(0.814696461619821,18.6596167500769,27.6807664998463));
#4438=CARTESIAN_POINT('Ctrl Pts',(1.60366566655691,18.3299824448881,28.2));
#4439=CARTESIAN_POINT('',(-1.60366566655691,18.3299824448881,28.2));
#4440=CARTESIAN_POINT('Ctrl Pts',(-1.60366566655691,18.3299824448881,28.2));
#4441=CARTESIAN_POINT('Ctrl Pts',(-0.814696461619819,18.6596167500769,27.6807664998463));
#4442=CARTESIAN_POINT('Ctrl Pts',(5.77924314188438E-15,19.,27.));
#4443=CARTESIAN_POINT('',(-3.29931537567168,18.711347307232,27.));
#4444=CARTESIAN_POINT('Ctrl Pts',(-3.29931537567169,18.711347307232,27.));
#4445=CARTESIAN_POINT('Ctrl Pts',(-2.43788905285937,18.5176057996241,27.6807664998463));
#4446=CARTESIAN_POINT('Ctrl Pts',(-1.60366566655691,18.3299824448881,28.2));
#4447=CARTESIAN_POINT('',(-4.76227042988638,17.7730352037189,28.2));
#4448=CARTESIAN_POINT('Ctrl Pts',(-4.76227042988638,17.7730352037189,28.2));
#4449=CARTESIAN_POINT('Ctrl Pts',(-4.04252783636899,18.2346646878002,27.6807664998463));
#4450=CARTESIAN_POINT('Ctrl Pts',(-3.29931537567169,18.711347307232,27.));
#4451=CARTESIAN_POINT('',(-6.4983827231877,17.8541597949323,27.));
#4452=CARTESIAN_POINT('Ctrl Pts',(-6.49838272318771,17.8541597949323,27.));
#4453=CARTESIAN_POINT('Ctrl Pts',(-5.6164005420988,17.8129467673105,27.6807664998463));
#4454=CARTESIAN_POINT('Ctrl Pts',(-4.76227042988638,17.7730352037189,28.2));
#4455=CARTESIAN_POINT('',(-7.77617601602887,16.6760632814744,28.2));
#4456=CARTESIAN_POINT('Ctrl Pts',(-7.77617601602887,16.6760632814744,28.2));
#4457=CARTESIAN_POINT('Ctrl Pts',(-7.14752904842786,17.2556615661702,27.6807664998463));
#4458=CARTESIAN_POINT('Ctrl Pts',(-6.4983827231877,17.8541597949323,27.));
#4459=CARTESIAN_POINT('',(-9.49999999999999,16.4544826719043,27.));
#4460=CARTESIAN_POINT('Ctrl Pts',(-9.5,16.4544826719043,27.));
#4461=CARTESIAN_POINT('Ctrl Pts',(-8.62426054290236,16.5670503612581,27.6807664998463));
#4462=CARTESIAN_POINT('Ctrl Pts',(-7.77617601602887,16.6760632814744,28.2));
#4463=CARTESIAN_POINT('',(-10.5538064288592,15.0723976149174,28.2));
#4464=CARTESIAN_POINT('Ctrl Pts',(-10.5538064288592,15.0723976149174,28.2));
#4465=CARTESIAN_POINT('Ctrl Pts',(-10.0353562071745,15.7523538996383,27.6807664998463));
#4466=CARTESIAN_POINT('Ctrl Pts',(-9.49999999999999,16.4544826719043,27.));
#4467=CARTESIAN_POINT('',(-12.2129645840443,14.5548444192606,27.));
#4468=CARTESIAN_POINT('Ctrl Pts',(-12.2129645840443,14.5548444192606,27.));
#4469=CARTESIAN_POINT('Ctrl Pts',(-11.3700767511963,14.8177725133109,27.6807664998463));
#4470=CARTESIAN_POINT('Ctrl Pts',(-10.5538064288592,15.0723976149174,28.2));
#4471=CARTESIAN_POINT('',(-13.0107647738325,13.0107647738325,28.2));
#4472=CARTESIAN_POINT('Ctrl Pts',(-13.0107647738325,13.0107647738325,28.2));
#4473=CARTESIAN_POINT('Ctrl Pts',(-12.6182641457014,13.7704189309415,27.6807664998463));
#4474=CARTESIAN_POINT('Ctrl Pts',(-12.2129645840443,14.5548444192606,27.));
#4475=CARTESIAN_POINT('',(-14.5548444192606,12.2129645840442,27.));
#4476=CARTESIAN_POINT('Ctrl Pts',(-14.5548444192606,12.2129645840443,27.));
#4477=CARTESIAN_POINT('Ctrl Pts',(-13.7704189309415,12.6182641457014,27.6807664998463));
#4478=CARTESIAN_POINT('Ctrl Pts',(-13.0107647738325,13.0107647738325,28.2));
#4479=CARTESIAN_POINT('',(-15.0723976149175,10.5538064288592,28.2));
#4480=CARTESIAN_POINT('Ctrl Pts',(-15.0723976149175,10.5538064288592,28.2));
#4481=CARTESIAN_POINT('Ctrl Pts',(-14.8177725133109,11.3700767511963,27.6807664998463));
#4482=CARTESIAN_POINT('Ctrl Pts',(-14.5548444192606,12.2129645840443,27.));
#4483=CARTESIAN_POINT('',(-16.4544826719043,9.5,27.));
#4484=CARTESIAN_POINT('Ctrl Pts',(-16.4544826719043,9.50000000000001,27.));
#4485=CARTESIAN_POINT('Ctrl Pts',(-15.7523538996383,10.0353562071745,27.6807664998463));
#4486=CARTESIAN_POINT('Ctrl Pts',(-15.0723976149175,10.5538064288592,28.2));
#4487=CARTESIAN_POINT('',(-16.6760632814744,7.77617601602887,28.2));
#4488=CARTESIAN_POINT('Ctrl Pts',(-16.6760632814744,7.77617601602887,28.2));
#4489=CARTESIAN_POINT('Ctrl Pts',(-16.5670503612581,8.62426054290237,27.6807664998463));
#4490=CARTESIAN_POINT('Ctrl Pts',(-16.4544826719043,9.5,27.));
#4491=CARTESIAN_POINT('',(-17.8541597949323,6.49838272318771,27.));
#4492=CARTESIAN_POINT('Ctrl Pts',(-17.8541597949323,6.4983827231877,27.));
#4493=CARTESIAN_POINT('Ctrl Pts',(-17.2556615661702,7.14752904842787,27.6807664998463));
#4494=CARTESIAN_POINT('Ctrl Pts',(-16.6760632814744,7.77617601602887,28.2));
#4495=CARTESIAN_POINT('Ctrl Pts',(-17.7730352037189,4.76227042988638,28.2));
#4496=CARTESIAN_POINT('Ctrl Pts',(-17.8129467673105,5.61640054209881,27.6807664998463));
#4497=CARTESIAN_POINT('Ctrl Pts',(-17.8541597949323,6.49838272318772,27.));
#4498=CARTESIAN_POINT('Origin',(18.711347307232,-3.29931537567168,-30.));
#4499=CARTESIAN_POINT('',(18.711347307232,-3.29931537567168,1.5));
#4500=CARTESIAN_POINT('',(18.711347307232,-3.29931537567168,-30.));
#4501=CARTESIAN_POINT('',(18.3299824448881,-1.60366566655691,1.5));
#4502=CARTESIAN_POINT('',(17.9077331138589,0.273767275044331,1.5));
#4503=CARTESIAN_POINT('',(18.3299824448881,-1.60366566655691,-30.));
#4504=CARTESIAN_POINT('Origin',(17.7730352037189,-4.76227042988638,-30.));
#4505=CARTESIAN_POINT('',(17.7730352037189,-4.76227042988638,1.5));
#4506=CARTESIAN_POINT('',(17.7730352037189,-4.76227042988638,-30.));
#4507=CARTESIAN_POINT('',(16.2649746876916,-7.11354006151904,1.5));
#4508=CARTESIAN_POINT('Origin',(17.8541597949323,-6.4983827231877,-30.));
#4509=CARTESIAN_POINT('',(17.8541597949323,-6.4983827231877,1.5));
#4510=CARTESIAN_POINT('',(17.8541597949323,-6.4983827231877,-30.));
#4511=CARTESIAN_POINT('',(17.683213597818,-2.84003708638266,1.5));
#4512=CARTESIAN_POINT('Origin',(16.6760632814744,-7.77617601602888,-30.));
#4513=CARTESIAN_POINT('',(16.6760632814744,-7.77617601602888,1.5));
#4514=CARTESIAN_POINT('',(16.6760632814744,-7.77617601602888,-30.));
#4515=CARTESIAN_POINT('',(14.7826199065426,-9.82985261826328,1.5));
#4516=CARTESIAN_POINT('Origin',(16.4544826719043,-9.49999999999999,-30.));
#4517=CARTESIAN_POINT('',(16.4544826719043,-9.49999999999999,1.5));
#4518=CARTESIAN_POINT('',(16.4544826719043,-9.49999999999999,-30.));
#4519=CARTESIAN_POINT('',(16.9213985847452,-5.867548358068,1.5));
#4520=CARTESIAN_POINT('Origin',(15.0723976149174,-10.5538064288593,-30.));
#4521=CARTESIAN_POINT('',(15.0723976149174,-10.5538064288593,1.5));
#4522=CARTESIAN_POINT('',(15.0723976149174,-10.5538064288593,-30.));
#4523=CARTESIAN_POINT('',(12.8511026998998,-12.247490077347,1.5));
#4524=CARTESIAN_POINT('Origin',(14.5548444192606,-12.2129645840443,-30.));
#4525=CARTESIAN_POINT('',(14.5548444192606,-12.2129645840443,1.5));
#4526=CARTESIAN_POINT('',(14.5548444192606,-12.2129645840443,-30.));
#4527=CARTESIAN_POINT('',(15.6454354383158,-8.71677714201623,1.5));
#4528=CARTESIAN_POINT('Origin',(13.0107647738325,-13.0107647738325,-30.));
#4529=CARTESIAN_POINT('',(13.0107647738325,-13.0107647738325,1.5));
#4530=CARTESIAN_POINT('',(13.0107647738325,-13.0107647738325,-30.));
#4531=CARTESIAN_POINT('',(10.5291112406923,-14.2929937479596,1.5));
#4532=CARTESIAN_POINT('Origin',(12.2129645840442,-14.5548444192606,-30.));
#4533=CARTESIAN_POINT('',(12.2129645840442,-14.5548444192606,1.5));
#4534=CARTESIAN_POINT('',(12.2129645840442,-14.5548444192606,-30.));
#4535=CARTESIAN_POINT('',(13.8940936530655,-11.3011510634063,1.5));
#4536=CARTESIAN_POINT('Origin',(10.5538064288592,-15.0723976149174,-30.));
#4537=CARTESIAN_POINT('',(10.5538064288592,-15.0723976149174,1.5));
#4538=CARTESIAN_POINT('',(10.5538064288592,-15.0723976149174,-30.));
#4539=CARTESIAN_POINT('',(7.88719806442372,-15.9042120361442,1.5));
#4540=CARTESIAN_POINT('Origin',(9.49999999999999,-16.4544826719043,-30.));
#4541=CARTESIAN_POINT('',(9.49999999999999,-16.4544826719043,1.5));
#4542=CARTESIAN_POINT('',(9.49999999999999,-16.4544826719043,-30.));
#4543=CARTESIAN_POINT('',(11.7205868629174,-13.5421452283932,1.5));
#4544=CARTESIAN_POINT('Origin',(7.77617601602886,-16.6760632814744,-30.));
#4545=CARTESIAN_POINT('',(7.77617601602886,-16.6760632814744,1.5));
#4546=CARTESIAN_POINT('',(7.77617601602886,-16.6760632814744,-30.));
#4547=CARTESIAN_POINT('',(5.00563636608244,-17.0321888895303,1.5));
#4548=CARTESIAN_POINT('Origin',(6.49838272318771,-17.8541597949323,-30.));
#4549=CARTESIAN_POINT('',(6.49838272318771,-17.8541597949323,1.5));
#4550=CARTESIAN_POINT('',(6.49838272318771,-17.8541597949323,-30.));
#4551=CARTESIAN_POINT('',(9.19095597184272,-15.3716681632714,1.5));
#4552=CARTESIAN_POINT('Origin',(4.76227042988637,-17.7730352037189,-30.));
#4553=CARTESIAN_POINT('',(4.76227042988637,-17.7730352037189,1.5));
#4554=CARTESIAN_POINT('',(4.76227042988637,-17.7730352037189,-30.));
#4555=CARTESIAN_POINT('',(1.97198093973201,-17.6426513022113,1.5));
#4556=CARTESIAN_POINT('Origin',(3.29931537567167,-18.711347307232,-30.));
#4557=CARTESIAN_POINT('',(3.29931537567167,-18.711347307232,1.5));
#4558=CARTESIAN_POINT('',(3.29931537567167,-18.711347307232,-30.));
#4559=CARTESIAN_POINT('',(6.38206253441169,-16.7341307394482,1.5));
#4560=CARTESIAN_POINT('Origin',(1.60366566655691,-18.3299824448881,-30.));
#4561=CARTESIAN_POINT('',(1.60366566655691,-18.3299824448881,1.5));
#4562=CARTESIAN_POINT('',(1.60366566655691,-18.3299824448881,-30.));
#4563=CARTESIAN_POINT('',(-1.12159212960173,-17.717050682687,1.5));
#4564=CARTESIAN_POINT('Origin',(-3.49024337756996E-15,-19.,-30.));
#4565=CARTESIAN_POINT('',(-3.49024337756996E-15,-19.,1.5));
#4566=CARTESIAN_POINT('',(-3.49024337756996E-15,-19.,-30.));
#4567=CARTESIAN_POINT('',(3.37925335635203,-17.5881352209854,1.5));
#4568=CARTESIAN_POINT('Origin',(-1.60366566655691,-18.3299824448881,-30.));
#4569=CARTESIAN_POINT('',(-1.60366566655691,-18.3299824448881,1.5));
#4570=CARTESIAN_POINT('',(-1.60366566655691,-18.3299824448881,-30.));
#4571=CARTESIAN_POINT('',(-4.18108618963049,-17.2531264434295,1.5));
#4572=CARTESIAN_POINT('Origin',(-3.29931537567168,-18.711347307232,-30.));
#4573=CARTESIAN_POINT('',(-3.29931537567168,-18.711347307232,1.5));
#4574=CARTESIAN_POINT('',(-3.29931537567168,-18.711347307232,-30.));
#4575=CARTESIAN_POINT('',(0.273767275044332,-17.9077331138589,1.5));
#4576=CARTESIAN_POINT('Origin',(-4.76227042988638,-17.7730352037189,-30.));
#4577=CARTESIAN_POINT('',(-4.76227042988638,-17.7730352037189,1.5));
#4578=CARTESIAN_POINT('',(-4.76227042988638,-17.7730352037189,-30.));
#4579=CARTESIAN_POINT('',(-7.11354006151904,-16.2649746876916,1.5));
#4580=CARTESIAN_POINT('Origin',(-6.4983827231877,-17.8541597949323,-30.));
#4581=CARTESIAN_POINT('',(-6.4983827231877,-17.8541597949323,1.5));
#4582=CARTESIAN_POINT('',(-6.4983827231877,-17.8541597949323,-30.));
#4583=CARTESIAN_POINT('',(-2.84003708638266,-17.683213597818,1.5));
#4584=CARTESIAN_POINT('Origin',(-7.77617601602888,-16.6760632814744,-30.));
#4585=CARTESIAN_POINT('',(-7.77617601602888,-16.6760632814744,1.5));
#4586=CARTESIAN_POINT('',(-7.77617601602888,-16.6760632814744,-30.));
#4587=CARTESIAN_POINT('',(-9.82985261826328,-14.7826199065425,1.5));
#4588=CARTESIAN_POINT('Origin',(-9.50000000000001,-16.4544826719043,-30.));
#4589=CARTESIAN_POINT('',(-9.50000000000001,-16.4544826719043,1.5));
#4590=CARTESIAN_POINT('',(-9.50000000000001,-16.4544826719043,-30.));
#4591=CARTESIAN_POINT('',(-5.86754835806803,-16.9213985847452,1.5));
#4592=CARTESIAN_POINT('Origin',(-10.5538064288592,-15.0723976149175,-30.));
#4593=CARTESIAN_POINT('',(-10.5538064288592,-15.0723976149175,1.5));
#4594=CARTESIAN_POINT('',(-10.5538064288592,-15.0723976149175,-30.));
#4595=CARTESIAN_POINT('',(-12.247490077347,-12.8511026998997,1.5));
#4596=CARTESIAN_POINT('Origin',(-12.2129645840443,-14.5548444192606,-30.));
#4597=CARTESIAN_POINT('',(-12.2129645840443,-14.5548444192606,1.5));
#4598=CARTESIAN_POINT('',(-12.2129645840443,-14.5548444192606,-30.));
#4599=CARTESIAN_POINT('',(-8.71677714201626,-15.6454354383158,1.5));
#4600=CARTESIAN_POINT('Origin',(-13.0107647738325,-13.0107647738325,-30.));
#4601=CARTESIAN_POINT('',(-13.0107647738325,-13.0107647738325,1.5));
#4602=CARTESIAN_POINT('',(-13.0107647738325,-13.0107647738325,-30.));
#4603=CARTESIAN_POINT('',(-14.2929937479596,-10.5291112406923,1.5));
#4604=CARTESIAN_POINT('Origin',(-14.5548444192606,-12.2129645840442,-30.));
#4605=CARTESIAN_POINT('',(-14.5548444192606,-12.2129645840442,1.5));
#4606=CARTESIAN_POINT('',(-14.5548444192606,-12.2129645840442,-30.));
#4607=CARTESIAN_POINT('',(-11.3011510634063,-13.8940936530655,1.5));
#4608=CARTESIAN_POINT('Origin',(-15.0723976149175,-10.5538064288592,-30.));
#4609=CARTESIAN_POINT('',(-15.0723976149175,-10.5538064288592,1.5));
#4610=CARTESIAN_POINT('',(-15.0723976149175,-10.5538064288592,-30.));
#4611=CARTESIAN_POINT('',(-15.9042120361443,-7.88719806442373,1.5));
#4612=CARTESIAN_POINT('Origin',(-16.4544826719043,-9.5,-30.));
#4613=CARTESIAN_POINT('',(-16.4544826719043,-9.5,1.5));
#4614=CARTESIAN_POINT('',(-16.4544826719043,-9.5,-30.));
#4615=CARTESIAN_POINT('',(-13.5421452283932,-11.7205868629174,1.5));
#4616=CARTESIAN_POINT('Origin',(-16.6760632814744,-7.77617601602886,-30.));
#4617=CARTESIAN_POINT('',(-16.6760632814744,-7.77617601602886,1.5));
#4618=CARTESIAN_POINT('',(-16.6760632814744,-7.77617601602886,-30.));
#4619=CARTESIAN_POINT('',(-17.0321888895303,-5.00563636608248,1.5));
#4620=CARTESIAN_POINT('Origin',(-17.8541597949323,-6.4983827231877,-30.));
#4621=CARTESIAN_POINT('',(-17.8541597949323,-6.4983827231877,1.5));
#4622=CARTESIAN_POINT('',(-17.8541597949323,-6.4983827231877,-30.));
#4623=CARTESIAN_POINT('',(-15.3716681632715,-9.19095597184271,1.5));
#4624=CARTESIAN_POINT('Origin',(-17.7730352037189,-4.76227042988637,-30.));
#4625=CARTESIAN_POINT('',(-17.7730352037189,-4.76227042988637,1.5));
#4626=CARTESIAN_POINT('',(-17.7730352037189,-4.76227042988637,-30.));
#4627=CARTESIAN_POINT('',(-17.6426513022113,-1.971980939732,1.5));
#4628=CARTESIAN_POINT('Origin',(-18.711347307232,-3.29931537567167,-30.));
#4629=CARTESIAN_POINT('',(-18.711347307232,-3.29931537567167,1.5));
#4630=CARTESIAN_POINT('',(-18.711347307232,-3.29931537567167,-30.));
#4631=CARTESIAN_POINT('',(-16.7341307394482,-6.38206253441169,1.5));
#4632=CARTESIAN_POINT('Origin',(-18.3299824448881,-1.60366566655691,-30.));
#4633=CARTESIAN_POINT('',(-18.3299824448881,-1.60366566655691,1.5));
#4634=CARTESIAN_POINT('',(-18.3299824448881,-1.60366566655691,-30.));
#4635=CARTESIAN_POINT('',(-17.717050682687,1.12159212960173,1.5));
#4636=CARTESIAN_POINT('Origin',(-19.,2.32682891837997E-15,-30.));
#4637=CARTESIAN_POINT('',(-19.,2.32682891837997E-15,1.5));
#4638=CARTESIAN_POINT('',(-19.,2.32682891837997E-15,-30.));
#4639=CARTESIAN_POINT('',(-17.5881352209854,-3.37925335635204,1.5));
#4640=CARTESIAN_POINT('Origin',(-18.3299824448881,1.60366566655691,-30.));
#4641=CARTESIAN_POINT('',(-18.3299824448881,1.60366566655691,1.5));
#4642=CARTESIAN_POINT('',(-18.3299824448881,1.60366566655691,-30.));
#4643=CARTESIAN_POINT('',(-17.2531264434295,4.18108618963049,1.5));
#4644=CARTESIAN_POINT('Origin',(0.,0.,1.5));
#4645=CARTESIAN_POINT('',(-23.,-2.81668763803891E-15,1.5));
#4646=CARTESIAN_POINT('Origin',(0.,0.,1.5));
#4647=CARTESIAN_POINT('',(-18.711347307232,3.29931537567168,1.5));
#4648=CARTESIAN_POINT('',(-17.9077331138589,-0.273767275044332,1.5));
#4649=CARTESIAN_POINT('',(-17.7730352037189,4.76227042988638,1.5));
#4650=CARTESIAN_POINT('',(-16.2649746876916,7.11354006151903,1.5));
#4651=CARTESIAN_POINT('',(-17.8541597949323,6.49838272318771,1.5));
#4652=CARTESIAN_POINT('',(-17.683213597818,2.84003708638268,1.5));
#4653=CARTESIAN_POINT('',(-16.6760632814744,7.77617601602887,1.5));
#4654=CARTESIAN_POINT('',(-14.7826199065425,9.82985261826329,1.5));
#4655=CARTESIAN_POINT('',(-16.4544826719043,9.50000000000001,1.5));
#4656=CARTESIAN_POINT('',(-16.9213985847452,5.86754835806805,1.5));
#4657=CARTESIAN_POINT('',(-15.0723976149175,10.5538064288592,1.5));
#4658=CARTESIAN_POINT('',(-12.8511026998997,12.247490077347,1.5));
#4659=CARTESIAN_POINT('',(-14.5548444192606,12.2129645840443,1.5));
#4660=CARTESIAN_POINT('',(-15.6454354383158,8.71677714201624,1.5));
#4661=CARTESIAN_POINT('',(-13.0107647738325,13.0107647738325,1.5));
#4662=CARTESIAN_POINT('',(-10.5291112406923,14.2929937479596,1.5));
#4663=CARTESIAN_POINT('',(-12.2129645840442,14.5548444192606,1.5));
#4664=CARTESIAN_POINT('',(-13.8940936530655,11.3011510634063,1.5));
#4665=CARTESIAN_POINT('',(-10.5538064288593,15.0723976149174,1.5));
#4666=CARTESIAN_POINT('',(-7.88719806442372,15.9042120361442,1.5));
#4667=CARTESIAN_POINT('',(-9.5,16.4544826719043,1.5));
#4668=CARTESIAN_POINT('',(-11.7205868629174,13.5421452283932,1.5));
#4669=CARTESIAN_POINT('',(-7.77617601602887,16.6760632814744,1.5));
#4670=CARTESIAN_POINT('',(-5.00563636608247,17.0321888895303,1.5));
#4671=CARTESIAN_POINT('',(-6.4983827231877,17.8541597949323,1.5));
#4672=CARTESIAN_POINT('',(-9.1909559718427,15.3716681632715,1.5));
#4673=CARTESIAN_POINT('',(-4.76227042988638,17.7730352037189,1.5));
#4674=CARTESIAN_POINT('',(-1.971980939732,17.6426513022113,1.5));
#4675=CARTESIAN_POINT('',(-3.29931537567168,18.711347307232,1.5));
#4676=CARTESIAN_POINT('',(-6.38206253441168,16.7341307394482,1.5));
#4677=CARTESIAN_POINT('',(-1.60366566655691,18.3299824448881,1.5));
#4678=CARTESIAN_POINT('',(1.12159212960171,17.717050682687,1.5));
#4679=CARTESIAN_POINT('',(1.16341445918999E-15,19.,1.5));
#4680=CARTESIAN_POINT('',(-3.37925335635204,17.5881352209854,1.5));
#4681=CARTESIAN_POINT('',(1.60366566655691,18.3299824448881,1.5));
#4682=CARTESIAN_POINT('',(4.18108618963049,17.2531264434295,1.5));
#4683=CARTESIAN_POINT('',(3.29931537567168,18.711347307232,1.5));
#4684=CARTESIAN_POINT('',(-0.273767275044328,17.9077331138589,1.5));
#4685=CARTESIAN_POINT('',(4.76227042988639,17.7730352037189,1.5));
#4686=CARTESIAN_POINT('',(7.11354006151904,16.2649746876916,1.5));
#4687=CARTESIAN_POINT('',(6.49838272318771,17.8541597949323,1.5));
#4688=CARTESIAN_POINT('',(2.84003708638266,17.683213597818,1.5));
#4689=CARTESIAN_POINT('',(7.77617601602887,16.6760632814744,1.5));
#4690=CARTESIAN_POINT('',(9.82985261826329,14.7826199065425,1.5));
#4691=CARTESIAN_POINT('',(9.5,16.4544826719043,1.5));
#4692=CARTESIAN_POINT('',(5.86754835806803,16.9213985847452,1.5));
#4693=CARTESIAN_POINT('',(10.5538064288593,15.0723976149174,1.5));
#4694=CARTESIAN_POINT('',(12.247490077347,12.8511026998998,1.5));
#4695=CARTESIAN_POINT('',(12.2129645840442,14.5548444192606,1.5));
#4696=CARTESIAN_POINT('',(8.71677714201622,15.6454354383158,1.5));
#4697=CARTESIAN_POINT('',(13.0107647738325,13.0107647738325,1.5));
#4698=CARTESIAN_POINT('',(14.2929937479596,10.5291112406923,1.5));
#4699=CARTESIAN_POINT('',(14.5548444192606,12.2129645840442,1.5));
#4700=CARTESIAN_POINT('',(11.3011510634063,13.8940936530655,1.5));
#4701=CARTESIAN_POINT('',(15.0723976149174,10.5538064288592,1.5));
#4702=CARTESIAN_POINT('',(15.9042120361442,7.88719806442373,1.5));
#4703=CARTESIAN_POINT('',(16.4544826719043,9.5,1.5));
#4704=CARTESIAN_POINT('',(13.5421452283932,11.7205868629174,1.5));
#4705=CARTESIAN_POINT('',(16.6760632814744,7.77617601602887,1.5));
#4706=CARTESIAN_POINT('',(17.0321888895303,5.00563636608246,1.5));
#4707=CARTESIAN_POINT('',(17.8541597949323,6.49838272318771,1.5));
#4708=CARTESIAN_POINT('',(15.3716681632715,9.1909559718427,1.5));
#4709=CARTESIAN_POINT('',(17.7730352037189,4.76227042988638,1.5));
#4710=CARTESIAN_POINT('',(17.6426513022113,1.971980939732,1.5));
#4711=CARTESIAN_POINT('',(18.711347307232,3.29931537567168,1.5));
#4712=CARTESIAN_POINT('',(16.7341307394482,6.38206253441168,1.5));
#4713=CARTESIAN_POINT('',(18.3299824448881,1.60366566655691,1.5));
#4714=CARTESIAN_POINT('',(17.717050682687,-1.12159212960171,1.5));
#4715=CARTESIAN_POINT('',(19.,0.,1.5));
#4716=CARTESIAN_POINT('',(17.5881352209854,3.37925335635203,1.5));
#4717=CARTESIAN_POINT('',(17.2531264434295,-4.18108618963049,1.5));
#4718=CARTESIAN_POINT('Origin',(0.,0.,-1.5));
#4719=CARTESIAN_POINT('',(-23.,-2.81668763803891E-15,-1.5));
#4720=CARTESIAN_POINT('Origin',(0.,0.,-1.5));
#4721=CARTESIAN_POINT('',(-18.3299824448881,1.60366566655691,-1.5));
#4722=CARTESIAN_POINT('',(-17.9077331138589,-0.273767275044332,-1.5));
#4723=CARTESIAN_POINT('',(-19.,2.32682891837997E-15,-1.5));
#4724=CARTESIAN_POINT('',(-17.2531264434295,4.18108618963049,-1.5));
#4725=CARTESIAN_POINT('',(-18.3299824448881,-1.60366566655691,-1.5));
#4726=CARTESIAN_POINT('',(-17.5881352209854,-3.37925335635204,-1.5));
#4727=CARTESIAN_POINT('',(-18.711347307232,-3.29931537567167,-1.5));
#4728=CARTESIAN_POINT('',(-17.717050682687,1.12159212960173,-1.5));
#4729=CARTESIAN_POINT('',(-17.7730352037189,-4.76227042988637,-1.5));
#4730=CARTESIAN_POINT('',(-16.7341307394482,-6.38206253441169,-1.5));
#4731=CARTESIAN_POINT('',(-17.8541597949323,-6.4983827231877,-1.5));
#4732=CARTESIAN_POINT('',(-17.6426513022113,-1.971980939732,-1.5));
#4733=CARTESIAN_POINT('',(-16.6760632814744,-7.77617601602886,-1.5));
#4734=CARTESIAN_POINT('',(-15.3716681632715,-9.19095597184271,-1.5));
#4735=CARTESIAN_POINT('',(-16.4544826719043,-9.5,-1.5));
#4736=CARTESIAN_POINT('',(-17.0321888895303,-5.00563636608248,-1.5));
#4737=CARTESIAN_POINT('',(-15.0723976149175,-10.5538064288592,-1.5));
#4738=CARTESIAN_POINT('',(-13.5421452283932,-11.7205868629174,-1.5));
#4739=CARTESIAN_POINT('',(-14.5548444192606,-12.2129645840442,-1.5));
#4740=CARTESIAN_POINT('',(-15.9042120361443,-7.88719806442373,-1.5));
#4741=CARTESIAN_POINT('',(-13.0107647738325,-13.0107647738325,-1.5));
#4742=CARTESIAN_POINT('',(-11.3011510634063,-13.8940936530655,-1.5));
#4743=CARTESIAN_POINT('',(-12.2129645840443,-14.5548444192606,-1.5));
#4744=CARTESIAN_POINT('',(-14.2929937479596,-10.5291112406923,-1.5));
#4745=CARTESIAN_POINT('',(-10.5538064288592,-15.0723976149175,-1.5));
#4746=CARTESIAN_POINT('',(-8.71677714201626,-15.6454354383158,-1.5));
#4747=CARTESIAN_POINT('',(-9.50000000000001,-16.4544826719043,-1.5));
#4748=CARTESIAN_POINT('',(-12.247490077347,-12.8511026998997,-1.5));
#4749=CARTESIAN_POINT('',(-7.77617601602888,-16.6760632814744,-1.5));
#4750=CARTESIAN_POINT('',(-5.86754835806803,-16.9213985847452,-1.5));
#4751=CARTESIAN_POINT('',(-6.4983827231877,-17.8541597949323,-1.5));
#4752=CARTESIAN_POINT('',(-9.82985261826328,-14.7826199065425,-1.5));
#4753=CARTESIAN_POINT('',(-4.76227042988638,-17.7730352037189,-1.5));
#4754=CARTESIAN_POINT('',(-2.84003708638266,-17.683213597818,-1.5));
#4755=CARTESIAN_POINT('',(-3.29931537567168,-18.711347307232,-1.5));
#4756=CARTESIAN_POINT('',(-7.11354006151904,-16.2649746876916,-1.5));
#4757=CARTESIAN_POINT('',(-1.60366566655691,-18.3299824448881,-1.5));
#4758=CARTESIAN_POINT('',(0.273767275044332,-17.9077331138589,-1.5));
#4759=CARTESIAN_POINT('',(-3.49024337756996E-15,-19.,-1.5));
#4760=CARTESIAN_POINT('',(-4.18108618963049,-17.2531264434295,-1.5));
#4761=CARTESIAN_POINT('',(1.60366566655691,-18.3299824448881,-1.5));
#4762=CARTESIAN_POINT('',(3.37925335635203,-17.5881352209854,-1.5));
#4763=CARTESIAN_POINT('',(3.29931537567167,-18.711347307232,-1.5));
#4764=CARTESIAN_POINT('',(-1.12159212960173,-17.717050682687,-1.5));
#4765=CARTESIAN_POINT('',(4.76227042988637,-17.7730352037189,-1.5));
#4766=CARTESIAN_POINT('',(6.38206253441169,-16.7341307394482,-1.5));
#4767=CARTESIAN_POINT('',(6.49838272318771,-17.8541597949323,-1.5));
#4768=CARTESIAN_POINT('',(1.97198093973201,-17.6426513022113,-1.5));
#4769=CARTESIAN_POINT('',(7.77617601602886,-16.6760632814744,-1.5));
#4770=CARTESIAN_POINT('',(9.19095597184272,-15.3716681632714,-1.5));
#4771=CARTESIAN_POINT('',(9.49999999999999,-16.4544826719043,-1.5));
#4772=CARTESIAN_POINT('',(5.00563636608244,-17.0321888895303,-1.5));
#4773=CARTESIAN_POINT('',(10.5538064288592,-15.0723976149174,-1.5));
#4774=CARTESIAN_POINT('',(11.7205868629174,-13.5421452283932,-1.5));
#4775=CARTESIAN_POINT('',(12.2129645840442,-14.5548444192606,-1.5));
#4776=CARTESIAN_POINT('',(7.88719806442372,-15.9042120361442,-1.5));
#4777=CARTESIAN_POINT('',(13.0107647738325,-13.0107647738325,-1.5));
#4778=CARTESIAN_POINT('',(13.8940936530655,-11.3011510634063,-1.5));
#4779=CARTESIAN_POINT('',(14.5548444192606,-12.2129645840443,-1.5));
#4780=CARTESIAN_POINT('',(10.5291112406923,-14.2929937479596,-1.5));
#4781=CARTESIAN_POINT('',(15.0723976149174,-10.5538064288593,-1.5));
#4782=CARTESIAN_POINT('',(15.6454354383158,-8.71677714201623,-1.5));
#4783=CARTESIAN_POINT('',(16.4544826719043,-9.49999999999999,-1.5));
#4784=CARTESIAN_POINT('',(12.8511026998998,-12.247490077347,-1.5));
#4785=CARTESIAN_POINT('',(16.6760632814744,-7.77617601602888,-1.5));
#4786=CARTESIAN_POINT('',(16.9213985847452,-5.867548358068,-1.5));
#4787=CARTESIAN_POINT('',(17.8541597949323,-6.4983827231877,-1.5));
#4788=CARTESIAN_POINT('',(14.7826199065426,-9.82985261826328,-1.5));
#4789=CARTESIAN_POINT('',(17.7730352037189,-4.76227042988638,-1.5));
#4790=CARTESIAN_POINT('',(17.683213597818,-2.84003708638266,-1.5));
#4791=CARTESIAN_POINT('',(16.2649746876916,-7.11354006151904,-1.5));
#4792=CARTESIAN_POINT('Origin',(0.,0.,-1.5));
#4793=CARTESIAN_POINT('',(-23.,-2.81668763803891E-15,-1.5));
#4794=CARTESIAN_POINT('Origin',(-18.711347307232,3.29931537567168,-30.));
#4795=CARTESIAN_POINT('',(-18.3299824448881,1.60366566655691,-30.));
#4796=CARTESIAN_POINT('Origin',(-18.711347307232,3.29931537567168,-30.));
#4797=CARTESIAN_POINT('',(-18.711347307232,3.29931537567168,-30.));
#4798=CARTESIAN_POINT('Origin',(-18.3299824448881,1.60366566655691,-30.));
#4799=CARTESIAN_POINT('',(-19.,2.32682891837997E-15,-30.));
#4800=CARTESIAN_POINT('Origin',(-19.,2.32682891837997E-15,-30.));
#4801=CARTESIAN_POINT('',(-18.3299824448881,-1.60366566655691,-30.));
#4802=CARTESIAN_POINT('Origin',(-18.3299824448881,-1.60366566655691,-30.));
#4803=CARTESIAN_POINT('',(-18.711347307232,-3.29931537567167,-30.));
#4804=CARTESIAN_POINT('Origin',(-18.711347307232,-3.29931537567167,-30.));
#4805=CARTESIAN_POINT('',(-17.7730352037189,-4.76227042988637,-30.));
#4806=CARTESIAN_POINT('Origin',(-17.7730352037189,-4.76227042988637,-30.));
#4807=CARTESIAN_POINT('',(-17.8541597949323,-6.4983827231877,-30.));
#4808=CARTESIAN_POINT('Origin',(-17.8541597949323,-6.4983827231877,-30.));
#4809=CARTESIAN_POINT('',(-16.6760632814744,-7.77617601602886,-30.));
#4810=CARTESIAN_POINT('Origin',(-16.6760632814744,-7.77617601602886,-30.));
#4811=CARTESIAN_POINT('',(-16.4544826719043,-9.5,-30.));
#4812=CARTESIAN_POINT('Origin',(-16.4544826719043,-9.5,-30.));
#4813=CARTESIAN_POINT('',(-15.0723976149175,-10.5538064288592,-30.));
#4814=CARTESIAN_POINT('Origin',(-15.0723976149175,-10.5538064288592,-30.));
#4815=CARTESIAN_POINT('',(-14.5548444192606,-12.2129645840442,-30.));
#4816=CARTESIAN_POINT('Origin',(-14.5548444192606,-12.2129645840442,-30.));
#4817=CARTESIAN_POINT('',(-13.0107647738325,-13.0107647738325,-30.));
#4818=CARTESIAN_POINT('Origin',(-13.0107647738325,-13.0107647738325,-30.));
#4819=CARTESIAN_POINT('',(-12.2129645840443,-14.5548444192606,-30.));
#4820=CARTESIAN_POINT('Origin',(-12.2129645840443,-14.5548444192606,-30.));
#4821=CARTESIAN_POINT('',(-10.5538064288592,-15.0723976149175,-30.));
#4822=CARTESIAN_POINT('Origin',(-10.5538064288592,-15.0723976149175,-30.));
#4823=CARTESIAN_POINT('',(-9.50000000000001,-16.4544826719043,-30.));
#4824=CARTESIAN_POINT('Origin',(-9.50000000000001,-16.4544826719043,-30.));
#4825=CARTESIAN_POINT('',(-7.77617601602888,-16.6760632814744,-30.));
#4826=CARTESIAN_POINT('Origin',(-7.77617601602888,-16.6760632814744,-30.));
#4827=CARTESIAN_POINT('',(-6.4983827231877,-17.8541597949323,-30.));
#4828=CARTESIAN_POINT('Origin',(-6.4983827231877,-17.8541597949323,-30.));
#4829=CARTESIAN_POINT('',(-4.76227042988638,-17.7730352037189,-30.));
#4830=CARTESIAN_POINT('Origin',(-4.76227042988638,-17.7730352037189,-30.));
#4831=CARTESIAN_POINT('',(-3.29931537567168,-18.711347307232,-30.));
#4832=CARTESIAN_POINT('Origin',(-3.29931537567168,-18.711347307232,-30.));
#4833=CARTESIAN_POINT('',(-1.60366566655691,-18.3299824448881,-30.));
#4834=CARTESIAN_POINT('Origin',(-1.60366566655691,-18.3299824448881,-30.));
#4835=CARTESIAN_POINT('',(-3.49024337756996E-15,-19.,-30.));
#4836=CARTESIAN_POINT('Origin',(-3.49024337756996E-15,-19.,-30.));
#4837=CARTESIAN_POINT('',(1.60366566655691,-18.3299824448881,-30.));
#4838=CARTESIAN_POINT('Origin',(1.60366566655691,-18.3299824448881,-30.));
#4839=CARTESIAN_POINT('',(3.29931537567167,-18.711347307232,-30.));
#4840=CARTESIAN_POINT('Origin',(3.29931537567167,-18.711347307232,-30.));
#4841=CARTESIAN_POINT('',(4.76227042988637,-17.7730352037189,-30.));
#4842=CARTESIAN_POINT('Origin',(4.76227042988637,-17.7730352037189,-30.));
#4843=CARTESIAN_POINT('',(6.49838272318771,-17.8541597949323,-30.));
#4844=CARTESIAN_POINT('Origin',(6.49838272318771,-17.8541597949323,-30.));
#4845=CARTESIAN_POINT('',(7.77617601602886,-16.6760632814744,-30.));
#4846=CARTESIAN_POINT('Origin',(7.77617601602886,-16.6760632814744,-30.));
#4847=CARTESIAN_POINT('',(9.49999999999999,-16.4544826719043,-30.));
#4848=CARTESIAN_POINT('Origin',(9.49999999999999,-16.4544826719043,-30.));
#4849=CARTESIAN_POINT('',(10.5538064288592,-15.0723976149174,-30.));
#4850=CARTESIAN_POINT('Origin',(10.5538064288592,-15.0723976149174,-30.));
#4851=CARTESIAN_POINT('',(12.2129645840442,-14.5548444192606,-30.));
#4852=CARTESIAN_POINT('Origin',(12.2129645840442,-14.5548444192606,-30.));
#4853=CARTESIAN_POINT('',(13.0107647738325,-13.0107647738325,-30.));
#4854=CARTESIAN_POINT('Origin',(13.0107647738325,-13.0107647738325,-30.));
#4855=CARTESIAN_POINT('',(14.5548444192606,-12.2129645840443,-30.));
#4856=CARTESIAN_POINT('Origin',(14.5548444192606,-12.2129645840443,-30.));
#4857=CARTESIAN_POINT('',(15.0723976149174,-10.5538064288593,-30.));
#4858=CARTESIAN_POINT('Origin',(15.0723976149174,-10.5538064288593,-30.));
#4859=CARTESIAN_POINT('',(16.4544826719043,-9.49999999999999,-30.));
#4860=CARTESIAN_POINT('Origin',(16.4544826719043,-9.49999999999999,-30.));
#4861=CARTESIAN_POINT('',(16.6760632814744,-7.77617601602888,-30.));
#4862=CARTESIAN_POINT('Origin',(16.6760632814744,-7.77617601602888,-30.));
#4863=CARTESIAN_POINT('',(17.8541597949323,-6.4983827231877,-30.));
#4864=CARTESIAN_POINT('Origin',(17.8541597949323,-6.4983827231877,-30.));
#4865=CARTESIAN_POINT('',(17.7730352037189,-4.76227042988638,-30.));
#4866=CARTESIAN_POINT('Origin',(17.7730352037189,-4.76227042988638,-30.));
#4867=CARTESIAN_POINT('Origin',(0.,0.,-30.));
#4868=CARTESIAN_POINT('',(-17.,-2.0818995585505E-15,30.));
#4869=CARTESIAN_POINT('Origin',(0.,0.,30.));
#4870=CARTESIAN_POINT('',(-17.,-2.0818995585505E-15,-30.));
#4871=CARTESIAN_POINT('',(-17.,-2.0818995585505E-15,-30.));
#4872=CARTESIAN_POINT('Origin',(0.,0.,-30.));
#4873=CARTESIAN_POINT('Origin',(-17.7730352037189,4.76227042988638,-30.));
#4874=CARTESIAN_POINT('',(-17.7730352037189,4.76227042988638,-30.));
#4875=CARTESIAN_POINT('Origin',(-17.8541597949323,6.49838272318771,-30.));
#4876=CARTESIAN_POINT('',(-17.8541597949323,6.49838272318771,-30.));
#4877=CARTESIAN_POINT('Origin',(-16.6760632814744,7.77617601602887,-30.));
#4878=CARTESIAN_POINT('',(-16.6760632814744,7.77617601602887,-30.));
#4879=CARTESIAN_POINT('Origin',(-16.4544826719043,9.50000000000001,-30.));
#4880=CARTESIAN_POINT('',(-16.4544826719043,9.50000000000001,-30.));
#4881=CARTESIAN_POINT('Origin',(-15.0723976149175,10.5538064288592,-30.));
#4882=CARTESIAN_POINT('',(-15.0723976149175,10.5538064288592,-30.));
#4883=CARTESIAN_POINT('Origin',(-14.5548444192606,12.2129645840443,-30.));
#4884=CARTESIAN_POINT('',(-14.5548444192606,12.2129645840443,-30.));
#4885=CARTESIAN_POINT('Origin',(-13.0107647738325,13.0107647738325,-30.));
#4886=CARTESIAN_POINT('',(-13.0107647738325,13.0107647738325,-30.));
#4887=CARTESIAN_POINT('Origin',(-12.2129645840442,14.5548444192606,-30.));
#4888=CARTESIAN_POINT('',(-12.2129645840442,14.5548444192606,-30.));
#4889=CARTESIAN_POINT('Origin',(-10.5538064288593,15.0723976149174,-30.));
#4890=CARTESIAN_POINT('',(-10.5538064288593,15.0723976149174,-30.));
#4891=CARTESIAN_POINT('Origin',(-9.5,16.4544826719043,-30.));
#4892=CARTESIAN_POINT('',(-9.5,16.4544826719043,-30.));
#4893=CARTESIAN_POINT('Origin',(-7.77617601602887,16.6760632814744,-30.));
#4894=CARTESIAN_POINT('',(-7.77617601602887,16.6760632814744,-30.));
#4895=CARTESIAN_POINT('Origin',(-6.4983827231877,17.8541597949323,-30.));
#4896=CARTESIAN_POINT('',(-6.4983827231877,17.8541597949323,-30.));
#4897=CARTESIAN_POINT('Origin',(-4.76227042988638,17.7730352037189,-30.));
#4898=CARTESIAN_POINT('',(-4.76227042988638,17.7730352037189,-30.));
#4899=CARTESIAN_POINT('Origin',(-3.29931537567168,18.711347307232,-30.));
#4900=CARTESIAN_POINT('',(-3.29931537567168,18.711347307232,-30.));
#4901=CARTESIAN_POINT('Origin',(-1.60366566655691,18.3299824448881,-30.));
#4902=CARTESIAN_POINT('',(-1.60366566655691,18.3299824448881,-30.));
#4903=CARTESIAN_POINT('Origin',(1.16341445918999E-15,19.,-30.));
#4904=CARTESIAN_POINT('',(1.16341445918999E-15,19.,-30.));
#4905=CARTESIAN_POINT('Origin',(1.60366566655691,18.3299824448881,-30.));
#4906=CARTESIAN_POINT('',(1.60366566655691,18.3299824448881,-30.));
#4907=CARTESIAN_POINT('Origin',(3.29931537567168,18.711347307232,-30.));
#4908=CARTESIAN_POINT('',(3.29931537567168,18.711347307232,-30.));
#4909=CARTESIAN_POINT('Origin',(4.76227042988639,17.7730352037189,-30.));
#4910=CARTESIAN_POINT('',(4.76227042988639,17.7730352037189,-30.));
#4911=CARTESIAN_POINT('Origin',(6.49838272318771,17.8541597949323,-30.));
#4912=CARTESIAN_POINT('',(6.49838272318771,17.8541597949323,-30.));
#4913=CARTESIAN_POINT('Origin',(7.77617601602887,16.6760632814744,-30.));
#4914=CARTESIAN_POINT('',(7.77617601602887,16.6760632814744,-30.));
#4915=CARTESIAN_POINT('Origin',(9.5,16.4544826719043,-30.));
#4916=CARTESIAN_POINT('',(9.5,16.4544826719043,-30.));
#4917=CARTESIAN_POINT('Origin',(10.5538064288593,15.0723976149174,-30.));
#4918=CARTESIAN_POINT('',(10.5538064288593,15.0723976149174,-30.));
#4919=CARTESIAN_POINT('Origin',(12.2129645840442,14.5548444192606,-30.));
#4920=CARTESIAN_POINT('',(12.2129645840442,14.5548444192606,-30.));
#4921=CARTESIAN_POINT('Origin',(13.0107647738325,13.0107647738325,-30.));
#4922=CARTESIAN_POINT('',(13.0107647738325,13.0107647738325,-30.));
#4923=CARTESIAN_POINT('Origin',(14.5548444192606,12.2129645840442,-30.));
#4924=CARTESIAN_POINT('',(14.5548444192606,12.2129645840442,-30.));
#4925=CARTESIAN_POINT('Origin',(15.0723976149174,10.5538064288592,-30.));
#4926=CARTESIAN_POINT('',(15.0723976149174,10.5538064288592,-30.));
#4927=CARTESIAN_POINT('Origin',(16.4544826719043,9.5,-30.));
#4928=CARTESIAN_POINT('',(16.4544826719043,9.5,-30.));
#4929=CARTESIAN_POINT('Origin',(16.6760632814744,7.77617601602887,-30.));
#4930=CARTESIAN_POINT('',(16.6760632814744,7.77617601602887,-30.));
#4931=CARTESIAN_POINT('Origin',(17.8541597949323,6.49838272318771,-30.));
#4932=CARTESIAN_POINT('',(17.8541597949323,6.49838272318771,-30.));
#4933=CARTESIAN_POINT('Origin',(17.7730352037189,4.76227042988638,-30.));
#4934=CARTESIAN_POINT('',(17.7730352037189,4.76227042988638,-30.));
#4935=CARTESIAN_POINT('Origin',(18.711347307232,3.29931537567168,-30.));
#4936=CARTESIAN_POINT('',(18.711347307232,3.29931537567168,-30.));
#4937=CARTESIAN_POINT('Origin',(18.3299824448881,1.60366566655691,-30.));
#4938=CARTESIAN_POINT('',(18.3299824448881,1.60366566655691,-30.));
#4939=CARTESIAN_POINT('Origin',(19.,0.,-30.));
#4940=CARTESIAN_POINT('',(19.,0.,-30.));
#4941=CARTESIAN_POINT('Origin',(18.3299824448881,-1.60366566655691,-30.));
#4942=CARTESIAN_POINT('Origin',(0.,0.,30.));
#4943=CARTESIAN_POINT('Origin',(0.,0.,-30.));
#4944=UNCERTAINTY_MEASURE_WITH_UNIT(LENGTH_MEASURE(0.01),#4948,
'DISTANCE_ACCURACY_VALUE',
'Maximum model space distance between geometric entities at asserted c
onnectivities');
#4945=UNCERTAINTY_MEASURE_WITH_UNIT(LENGTH_MEASURE(0.01),#4948,
'DISTANCE_ACCURACY_VALUE',
'Maximum model space distance between geometric entities at asserted c
onnectivities');
#4946=(
GEOMETRIC_REPRESENTATION_CONTEXT(3)
GLOBAL_UNCERTAINTY_ASSIGNED_CONTEXT((#4944))
GLOBAL_UNIT_ASSIGNED_CONTEXT((#4948,#4950,#4951))
REPRESENTATION_CONTEXT('','3D')
);
#4947=(
GEOMETRIC_REPRESENTATION_CONTEXT(3)
GLOBAL_UNCERTAINTY_ASSIGNED_CONTEXT((#4945))
GLOBAL_UNIT_ASSIGNED_CONTEXT((#4948,#4950,#4951))
REPRESENTATION_CONTEXT('','3D')
);
#4948=(
LENGTH_UNIT()
NAMED_UNIT(*)
SI_UNIT(.MILLI.,.METRE.)
);
#4949=(
LENGTH_UNIT()
NAMED_UNIT(*)
SI_UNIT($,.METRE.)
);
#4950=(
NAMED_UNIT(*)
PLANE_ANGLE_UNIT()
SI_UNIT($,.RADIAN.)
);
#4951=(
NAMED_UNIT(*)
SI_UNIT($,.STERADIAN.)
SOLID_ANGLE_UNIT()
);
#4952=SHAPE_DEFINITION_REPRESENTATION(#4953,#4954);
#4953=PRODUCT_DEFINITION_SHAPE('',$,#4956);
#4954=SHAPE_REPRESENTATION('',(#2998),#4946);
#4955=PRODUCT_DEFINITION_CONTEXT('part definition',#4960,'design');
#4956=PRODUCT_DEFINITION('complete-v2-connector-pipe',
'complete-v2-connector-pipe v1',#4957,#4955);
#4957=PRODUCT_DEFINITION_FORMATION('',$,#4962);
#4958=PRODUCT_RELATED_PRODUCT_CATEGORY('complete-v2-connector-pipe v1',
'complete-v2-connector-pipe v1',(#4962));
#4959=APPLICATION_PROTOCOL_DEFINITION('international standard',
'automotive_design',2009,#4960);
#4960=APPLICATION_CONTEXT(
'Core Data for Automotive Mechanical Design Process');
#4961=PRODUCT_CONTEXT('part definition',#4960,'mechanical');
#4962=PRODUCT('complete-v2-connector-pipe',
'complete-v2-connector-pipe v1',$,(#4961));
#4963=PRESENTATION_STYLE_ASSIGNMENT((#4964));
#4964=SURFACE_STYLE_USAGE(.BOTH.,#4965);
#4965=SURFACE_SIDE_STYLE('',(#4966));
#4966=SURFACE_STYLE_FILL_AREA(#4967);
#4967=FILL_AREA_STYLE('Stahl - satiniert',(#4968));
#4968=FILL_AREA_STYLE_COLOUR('Stahl - satiniert',#4969);
#4969=COLOUR_RGB('Stahl - satiniert',0.627450980392157,0.627450980392157,
0.627450980392157);
ENDSEC;
END-ISO-10303-21;
