ISO-10303-21;
HEADER;
/* Generated by software containing ST-Developer
 * from STEP Tools, Inc. (www.steptools.com) 
 */

FILE_DESCRIPTION(
/* description */ (''),
/* implementation_level */ '2;1');

FILE_NAME(
/* name */ 'leg-with-thread-40025.step',
/* time_stamp */ '2026-08-18T22:23:48+02:00',
/* author */ (''),
/* organization */ (''),
/* preprocessor_version */ 'ST-DEVELOPER v20.1',
/* originating_system */ 'Autodesk Translation Framework v15.8.0.0',
/* authorisation */ '');

FILE_SCHEMA (('AUTOMOTIVE_DESIGN { 1 0 10303 214 3 1 1 }'));
ENDSEC;

DATA;
#10=MECHANICAL_DESIGN_GEOMETRIC_PRESENTATION_REPRESENTATION('',(#13),#3545);
#11=SHAPE_REPRESENTATION_RELATIONSHIP('SRR','None',#3552,#12);
#12=ADVANCED_BREP_SHAPE_REPRESENTATION('',(#14),#3544);
#13=STYLED_ITEM('',(#3561),#14);
#14=MANIFOLD_SOLID_BREP('leg-with-thread',#472);
#15=B_SPLINE_SURFACE_WITH_KNOTS('',3,3,((#2195,#2196,#2197,#2198,#2199,
#2200,#2201,#2202,#2203,#2204,#2205,#2206,#2207,#2208,#2209,#2210,#2211,
#2212,#2213,#2214,#2215,#2216,#2217,#2218,#2219,#2220,#2221,#2222,#2223,
#2224,#2225,#2226,#2227,#2228,#2229,#2230,#2231,#2232,#2233,#2234,#2235,
#2236,#2237,#2238,#2239,#2240,#2241,#2242,#2243,#2244,#2245,#2246,#2247,
#2248,#2249,#2250,#2251,#2252,#2253,#2254,#2255,#2256,#2257,#2258,#2259,
#2260,#2261,#2262,#2263,#2264,#2265,#2266,#2267,#2268,#2269,#2270,#2271,
#2272,#2273,#2274,#2275,#2276,#2277,#2278,#2279,#2280,#2281,#2282,#2283,
#2284,#2285,#2286,#2287,#2288,#2289,#2290,#2291,#2292,#2293,#2294,#2295,
#2296,#2297,#2298,#2299,#2300,#2301,#2302,#2303,#2304),(#2305,#2306,#2307,
#2308,#2309,#2310,#2311,#2312,#2313,#2314,#2315,#2316,#2317,#2318,#2319,
#2320,#2321,#2322,#2323,#2324,#2325,#2326,#2327,#2328,#2329,#2330,#2331,
#2332,#2333,#2334,#2335,#2336,#2337,#2338,#2339,#2340,#2341,#2342,#2343,
#2344,#2345,#2346,#2347,#2348,#2349,#2350,#2351,#2352,#2353,#2354,#2355,
#2356,#2357,#2358,#2359,#2360,#2361,#2362,#2363,#2364,#2365,#2366,#2367,
#2368,#2369,#2370,#2371,#2372,#2373,#2374,#2375,#2376,#2377,#2378,#2379,
#2380,#2381,#2382,#2383,#2384,#2385,#2386,#2387,#2388,#2389,#2390,#2391,
#2392,#2393,#2394,#2395,#2396,#2397,#2398,#2399,#2400,#2401,#2402,#2403,
#2404,#2405,#2406,#2407,#2408,#2409,#2410,#2411,#2412,#2413,#2414),(#2415,
#2416,#2417,#2418,#2419,#2420,#2421,#2422,#2423,#2424,#2425,#2426,#2427,
#2428,#2429,#2430,#2431,#2432,#2433,#2434,#2435,#2436,#2437,#2438,#2439,
#2440,#2441,#2442,#2443,#2444,#2445,#2446,#2447,#2448,#2449,#2450,#2451,
#2452,#2453,#2454,#2455,#2456,#2457,#2458,#2459,#2460,#2461,#2462,#2463,
#2464,#2465,#2466,#2467,#2468,#2469,#2470,#2471,#2472,#2473,#2474,#2475,
#2476,#2477,#2478,#2479,#2480,#2481,#2482,#2483,#2484,#2485,#2486,#2487,
#2488,#2489,#2490,#2491,#2492,#2493,#2494,#2495,#2496,#2497,#2498,#2499,
#2500,#2501,#2502,#2503,#2504,#2505,#2506,#2507,#2508,#2509,#2510,#2511,
#2512,#2513,#2514,#2515,#2516,#2517,#2518,#2519,#2520,#2521,#2522,#2523,
#2524),(#2525,#2526,#2527,#2528,#2529,#2530,#2531,#2532,#2533,#2534,#2535,
#2536,#2537,#2538,#2539,#2540,#2541,#2542,#2543,#2544,#2545,#2546,#2547,
#2548,#2549,#2550,#2551,#2552,#2553,#2554,#2555,#2556,#2557,#2558,#2559,
#2560,#2561,#2562,#2563,#2564,#2565,#2566,#2567,#2568,#2569,#2570,#2571,
#2572,#2573,#2574,#2575,#2576,#2577,#2578,#2579,#2580,#2581,#2582,#2583,
#2584,#2585,#2586,#2587,#2588,#2589,#2590,#2591,#2592,#2593,#2594,#2595,
#2596,#2597,#2598,#2599,#2600,#2601,#2602,#2603,#2604,#2605,#2606,#2607,
#2608,#2609,#2610,#2611,#2612,#2613,#2614,#2615,#2616,#2617,#2618,#2619,
#2620,#2621,#2622,#2623,#2624,#2625,#2626,#2627,#2628,#2629,#2630,#2631,
#2632,#2633,#2634)),.UNSPECIFIED.,.F.,.F.,.F.,(4,4),(4,1,1,1,1,1,1,1,1,
1,1,1,1,1,1,1,1,1,1,1,1,1,1,1,1,1,1,1,1,1,1,1,1,1,1,1,1,1,1,1,1,1,1,1,1,
1,1,1,1,1,1,1,1,1,1,1,1,1,1,1,1,1,1,1,1,1,1,1,1,1,1,1,1,1,1,1,1,1,1,1,1,
1,1,1,1,1,1,1,1,1,1,1,1,1,1,1,1,1,1,1,1,1,1,1,1,1,1,4),(-0.00577433401009044,
0.166662733688936),(14.5440423927444,15.0121886901066,15.4803349874688,
15.948481284831,16.4166275821932,16.8847738795554,17.3529201769176,17.8210664742797,
18.2892127716419,18.7573590690041,19.2255053663663,19.6936516637285,20.1617979610907,
20.6299442584529,21.098090555815,21.5662368531772,22.0343831505394,22.658578213689,
23.2827732768386,23.9069683399882,24.219065871563,24.5311634031377,24.9472934452375,
25.3634234873372,25.7795535294369,26.1956835715366,26.6118136136364,27.0279436557361,
27.4440736978358,27.8602037399355,28.2763337820352,28.692463824135,29.1085938662347,
29.5247239083344,29.9408539504341,30.3569839925338,30.7731140346336,31.1892440767333,
31.605374118833,32.0215041609327,32.4376342030324,32.8537642451322,33.2698942872319,
33.6860243293316,33.9634443573981,34.518284413531,35.1424794766806,35.7666745398302,
36.3908696029798,37.0150646661294,37.639259729279,38.2634547924285,38.8876498555781,
39.5118449187277,40.0666849748607,40.3441050029271,40.7602350450269,41.1763650871266,
41.5924951292263,42.008625171326,42.4247552134258,42.8408852555255,43.2570152976252,
43.6731453397249,44.0892753818246,44.5054054239244,45.1296004870739,45.7537955502235,
46.3779906133731,47.0021856765227,47.6263807396723,48.2505758028218,48.8747708659714,
49.498965929121,50.1231609922706,50.7473560554202,51.3715511185698,51.9957461817193,
52.6199412448689,53.2441363080185,53.8683313711681,54.4925264343177,54.9086564764174,
55.3247865185171,55.7409165606168,56.1570466027166,56.5731766448163,56.989306686916,
57.6135017500656,58.2376968132152,58.8618918763647,59.4860869395143,59.9542332368765,
60.4223795342387,60.8905258316009,61.3586721289631,61.8268184263253,62.2949647236874,
62.7631110210496,63.2312573184118,63.699403615774,64.1675499131362,64.6356962104984,
65.1038425078606,65.5719888052228,66.0401351025849,66.5082813999471,66.9764276973093),
 .UNSPECIFIED.);
#16=B_SPLINE_SURFACE_WITH_KNOTS('',3,3,((#2939,#2940,#2941,#2942,#2943,
#2944,#2945,#2946,#2947,#2948,#2949,#2950,#2951,#2952,#2953,#2954,#2955,
#2956,#2957,#2958,#2959,#2960,#2961,#2962,#2963,#2964,#2965,#2966,#2967,
#2968,#2969,#2970,#2971,#2972,#2973,#2974,#2975,#2976,#2977,#2978,#2979,
#2980,#2981,#2982,#2983,#2984,#2985,#2986,#2987,#2988,#2989,#2990,#2991,
#2992,#2993,#2994,#2995,#2996,#2997,#2998,#2999,#3000,#3001,#3002,#3003,
#3004,#3005,#3006,#3007,#3008,#3009,#3010,#3011,#3012,#3013,#3014,#3015,
#3016,#3017,#3018,#3019,#3020,#3021,#3022,#3023,#3024,#3025,#3026,#3027,
#3028,#3029,#3030,#3031,#3032,#3033,#3034,#3035,#3036,#3037,#3038,#3039,
#3040,#3041,#3042,#3043,#3044,#3045,#3046,#3047,#3048,#3049),(#3050,#3051,
#3052,#3053,#3054,#3055,#3056,#3057,#3058,#3059,#3060,#3061,#3062,#3063,
#3064,#3065,#3066,#3067,#3068,#3069,#3070,#3071,#3072,#3073,#3074,#3075,
#3076,#3077,#3078,#3079,#3080,#3081,#3082,#3083,#3084,#3085,#3086,#3087,
#3088,#3089,#3090,#3091,#3092,#3093,#3094,#3095,#3096,#3097,#3098,#3099,
#3100,#3101,#3102,#3103,#3104,#3105,#3106,#3107,#3108,#3109,#3110,#3111,
#3112,#3113,#3114,#3115,#3116,#3117,#3118,#3119,#3120,#3121,#3122,#3123,
#3124,#3125,#3126,#3127,#3128,#3129,#3130,#3131,#3132,#3133,#3134,#3135,
#3136,#3137,#3138,#3139,#3140,#3141,#3142,#3143,#3144,#3145,#3146,#3147,
#3148,#3149,#3150,#3151,#3152,#3153,#3154,#3155,#3156,#3157,#3158,#3159,
#3160),(#3161,#3162,#3163,#3164,#3165,#3166,#3167,#3168,#3169,#3170,#3171,
#3172,#3173,#3174,#3175,#3176,#3177,#3178,#3179,#3180,#3181,#3182,#3183,
#3184,#3185,#3186,#3187,#3188,#3189,#3190,#3191,#3192,#3193,#3194,#3195,
#3196,#3197,#3198,#3199,#3200,#3201,#3202,#3203,#3204,#3205,#3206,#3207,
#3208,#3209,#3210,#3211,#3212,#3213,#3214,#3215,#3216,#3217,#3218,#3219,
#3220,#3221,#3222,#3223,#3224,#3225,#3226,#3227,#3228,#3229,#3230,#3231,
#3232,#3233,#3234,#3235,#3236,#3237,#3238,#3239,#3240,#3241,#3242,#3243,
#3244,#3245,#3246,#3247,#3248,#3249,#3250,#3251,#3252,#3253,#3254,#3255,
#3256,#3257,#3258,#3259,#3260,#3261,#3262,#3263,#3264,#3265,#3266,#3267,
#3268,#3269,#3270,#3271),(#3272,#3273,#3274,#3275,#3276,#3277,#3278,#3279,
#3280,#3281,#3282,#3283,#3284,#3285,#3286,#3287,#3288,#3289,#3290,#3291,
#3292,#3293,#3294,#3295,#3296,#3297,#3298,#3299,#3300,#3301,#3302,#3303,
#3304,#3305,#3306,#3307,#3308,#3309,#3310,#3311,#3312,#3313,#3314,#3315,
#3316,#3317,#3318,#3319,#3320,#3321,#3322,#3323,#3324,#3325,#3326,#3327,
#3328,#3329,#3330,#3331,#3332,#3333,#3334,#3335,#3336,#3337,#3338,#3339,
#3340,#3341,#3342,#3343,#3344,#3345,#3346,#3347,#3348,#3349,#3350,#3351,
#3352,#3353,#3354,#3355,#3356,#3357,#3358,#3359,#3360,#3361,#3362,#3363,
#3364,#3365,#3366,#3367,#3368,#3369,#3370,#3371,#3372,#3373,#3374,#3375,
#3376,#3377,#3378,#3379,#3380,#3381,#3382)),.UNSPECIFIED.,.F.,.F.,.F.,(4,
4),(4,1,1,1,1,1,1,1,1,1,1,1,1,1,1,1,1,1,1,1,1,1,1,1,1,1,1,1,1,1,1,1,1,1,
1,1,1,1,1,1,1,1,1,1,1,1,1,1,1,1,1,1,1,1,1,1,1,1,1,1,1,1,1,1,1,1,1,1,1,1,
1,1,1,1,1,1,1,1,1,1,1,1,1,1,1,1,1,1,1,1,1,1,1,1,1,1,1,1,1,1,1,1,1,1,1,1,
1,1,4),(-0.00577253420821205,0.166664533525387),(11.563388641991,12.0315349393572,
12.4996812367233,12.9678275340895,13.4359738314556,13.9041201288218,14.3722664261879,
14.8404127235541,15.3085590209202,15.7767053182864,16.2448516156525,16.7129979130187,
17.1811442103848,17.649290507751,18.1174368051172,18.5855831024833,19.0537293998495,
19.5218756972156,19.9900219945818,20.4581682919479,20.9263145893141,21.5505096524689,
22.1747047156238,22.7988997787787,23.2670460761448,23.735192373511,24.2033386708772,
24.6714849682433,25.1396312656095,25.6077775629756,26.0759238603418,26.5440701577079,
27.1682652208628,27.7924602840177,28.2085903261209,28.6247203682242,29.0408504103274,
29.4569804524307,29.8731104945339,30.2892405366372,30.7053705787404,30.9827906068092,
31.5376306629469,32.1618257261018,32.7860207892566,33.4102158524115,34.0344109155664,
34.6586059787213,35.2828010418761,35.906996105031,36.5311911681859,36.9473212102891,
37.3634512523924,37.7795812944956,38.1957113365989,38.6118413787021,39.0279714208054,
39.4441014629086,39.8602315050119,40.2763615471151,40.6924915892184,41.1086216313216,
41.5247516734249,41.9408817155281,42.3570117576313,42.7731417997346,43.1892718418378,
43.4666918699067,44.0215319260443,44.4376619681476,44.8537920102508,45.2699220523541,
45.6860520944573,45.9634721225262,46.5183121786638,47.1425072418187,47.7667023049736,
48.3908973681284,49.0150924312833,49.6392874944382,50.2634825575931,50.5755800891705,
50.8876776207479,51.5118726839028,51.928002726006,52.3441327681093,52.7602628102126,
53.3844578733674,54.0086529365223,54.6328479996772,55.257043062832,55.8812381259869,
56.5054331891418,56.9735794865079,57.4417257838741,57.9098720812402,58.3780183786064,
58.8461646759726,59.3143109733387,59.7824572707049,60.250603568071,60.7187498654372,
61.1868961628033,61.6550424601695,62.1231887575356,62.5913350549018,63.0594813522679,
63.5276276496341,63.9957739470002),.UNSPECIFIED.);
#17=FACE_BOUND('',#71,.T.);
#18=FACE_BOUND('',#73,.T.);
#19=FACE_BOUND('',#80,.T.);
#20=FACE_BOUND('',#82,.T.);
#21=PLANE('',#512);
#22=PLANE('',#513);
#23=PLANE('',#519);
#24=PLANE('',#520);
#25=FACE_OUTER_BOUND('',#52,.T.);
#26=FACE_OUTER_BOUND('',#53,.T.);
#27=FACE_OUTER_BOUND('',#54,.T.);
#28=FACE_OUTER_BOUND('',#55,.T.);
#29=FACE_OUTER_BOUND('',#56,.T.);
#30=FACE_OUTER_BOUND('',#57,.T.);
#31=FACE_OUTER_BOUND('',#58,.T.);
#32=FACE_OUTER_BOUND('',#59,.T.);
#33=FACE_OUTER_BOUND('',#60,.T.);
#34=FACE_OUTER_BOUND('',#61,.T.);
#35=FACE_OUTER_BOUND('',#62,.T.);
#36=FACE_OUTER_BOUND('',#63,.T.);
#37=FACE_OUTER_BOUND('',#64,.T.);
#38=FACE_OUTER_BOUND('',#65,.T.);
#39=FACE_OUTER_BOUND('',#66,.T.);
#40=FACE_OUTER_BOUND('',#67,.T.);
#41=FACE_OUTER_BOUND('',#68,.T.);
#42=FACE_OUTER_BOUND('',#69,.T.);
#43=FACE_OUTER_BOUND('',#70,.T.);
#44=FACE_OUTER_BOUND('',#72,.T.);
#45=FACE_OUTER_BOUND('',#74,.T.);
#46=FACE_OUTER_BOUND('',#75,.T.);
#47=FACE_OUTER_BOUND('',#76,.T.);
#48=FACE_OUTER_BOUND('',#77,.T.);
#49=FACE_OUTER_BOUND('',#78,.T.);
#50=FACE_OUTER_BOUND('',#79,.T.);
#51=FACE_OUTER_BOUND('',#81,.T.);
#52=EDGE_LOOP('',(#286,#287,#288,#289));
#53=EDGE_LOOP('',(#290,#291,#292,#293));
#54=EDGE_LOOP('',(#294,#295,#296,#297));
#55=EDGE_LOOP('',(#298,#299,#300,#301));
#56=EDGE_LOOP('',(#302,#303,#304,#305));
#57=EDGE_LOOP('',(#306,#307,#308,#309));
#58=EDGE_LOOP('',(#310,#311,#312,#313));
#59=EDGE_LOOP('',(#314,#315,#316,#317));
#60=EDGE_LOOP('',(#318,#319,#320,#321));
#61=EDGE_LOOP('',(#322,#323,#324,#325));
#62=EDGE_LOOP('',(#326,#327,#328,#329));
#63=EDGE_LOOP('',(#330,#331,#332,#333));
#64=EDGE_LOOP('',(#334,#335,#336,#337));
#65=EDGE_LOOP('',(#338,#339,#340,#341));
#66=EDGE_LOOP('',(#342,#343,#344,#345));
#67=EDGE_LOOP('',(#346,#347,#348,#349));
#68=EDGE_LOOP('',(#350,#351,#352,#353));
#69=EDGE_LOOP('',(#354,#355,#356,#357));
#70=EDGE_LOOP('',(#358));
#71=EDGE_LOOP('',(#359));
#72=EDGE_LOOP('',(#360));
#73=EDGE_LOOP('',(#361,#362,#363,#364));
#74=EDGE_LOOP('',(#365,#366,#367,#368,#369,#370,#371,#372,#373,#374,#375,
#376,#377,#378,#379,#380,#381,#382,#383,#384));
#75=EDGE_LOOP('',(#385,#386,#387,#388));
#76=EDGE_LOOP('',(#389,#390,#391,#392));
#77=EDGE_LOOP('',(#393,#394,#395,#396,#397,#398,#399,#400,#401,#402,#403,
#404,#405,#406,#407,#408,#409,#410,#411,#412));
#78=EDGE_LOOP('',(#413,#414,#415,#416));
#79=EDGE_LOOP('',(#417));
#80=EDGE_LOOP('',(#418));
#81=EDGE_LOOP('',(#419));
#82=EDGE_LOOP('',(#420,#421,#422,#423));
#83=CIRCLE('',#487,20.2527);
#84=CIRCLE('',#495,20.2527);
#85=CIRCLE('',#497,18.75935);
#86=CIRCLE('',#505,18.75935);
#87=CIRCLE('',#507,20.025);
#88=CIRCLE('',#508,20.025);
#89=CIRCLE('',#510,20.5);
#90=CIRCLE('',#511,20.5);
#91=CIRCLE('',#517,23.);
#92=CIRCLE('',#518,23.);
#93=B_SPLINE_CURVE_WITH_KNOTS('',3,(#618,#619,#620,#621,#622,#623,#624,
#625,#626,#627,#628,#629,#630,#631,#632,#633,#634,#635,#636,#637,#638,#639,
#640,#641,#642,#643,#644,#645,#646,#647,#648),.UNSPECIFIED.,.F.,.F.,(4,
3,3,3,3,3,3,3,3,3,4),(-111.442385519768,-110.491092362175,-109.539799204582,
-108.588506046989,-107.637212889397,-106.685919731804,-105.734626574211,
-104.783333416618,-103.832040259025,-102.880747101432,-102.693570287981),
 .UNSPECIFIED.);
#94=B_SPLINE_CURVE_WITH_KNOTS('',3,(#651,#652,#653,#654,#655,#656,#657,
#658,#659,#660,#661,#662,#663,#664,#665,#666,#667,#668,#669,#670,#671,#672,
#673,#674,#675,#676,#677,#678,#679,#680,#681,#682,#683,#684,#685,#686,#687),
 .UNSPECIFIED.,.F.,.F.,(4,3,3,3,3,3,3,3,3,3,3,3,4),(-17.1567794801291,-16.6201969556526,
-15.6688906073693,-14.7175842590861,-13.7662779108029,-12.8149715625197,
-11.8636652142365,-10.9123588659533,-9.96105251767007,-9.00974616938684,
-8.05843982110363,-7.10713347282042,-6.75390139691691),.UNSPECIFIED.);
#95=B_SPLINE_CURVE_WITH_KNOTS('',3,(#692,#693,#694,#695,#696,#697,#698,
#699,#700,#701,#702,#703,#704,#705,#706,#707,#708,#709,#710,#711,#712,#713,
#714,#715,#716,#717,#718,#719,#720,#721,#722,#723,#724,#725,#726,#727,#728),
 .UNSPECIFIED.,.F.,.F.,(4,3,3,3,3,3,3,3,3,3,3,3,4),(-102.693570287981,-101.929448790136,
-100.978149216397,-100.026849642658,-99.0755500689193,-98.1242504951804,
-97.1729509214414,-96.2216513477025,-94.9532519160506,-93.6848524843987,
-92.4164530527468,-91.1480536210949,-89.9257847944686),.UNSPECIFIED.);
#96=B_SPLINE_CURVE_WITH_KNOTS('',3,(#729,#730,#731,#732,#733,#734,#735,
#736,#737,#738,#739,#740,#741,#742,#743,#744,#745,#746,#747,#748,#749,#750,
#751,#752,#753,#754,#755,#756,#757,#758,#759,#760,#761,#762,#763,#764,#765,
#766,#767,#768),.UNSPECIFIED.,.F.,.F.,(4,3,3,3,3,3,3,3,3,3,3,3,3,4),(-29.9245167349292,
-28.9870505382558,-27.718655898857,-26.8730594725911,-26.0274630463252,
-25.1818666200593,-24.3362701937934,-23.4906737675275,-22.6450773412616,
-21.3766827018628,-20.108288062464,-18.8398934230651,-17.5714987836663,
-17.1567794801291),.UNSPECIFIED.);
#97=B_SPLINE_CURVE_WITH_KNOTS('',3,(#773,#774,#775,#776,#777,#778,#779,
#780,#781,#782,#783,#784,#785,#786,#787,#788,#789,#790,#791,#792,#793,#794,
#795,#796,#797,#798,#799,#800,#801,#802,#803,#804,#805,#806,#807,#808,#809,
#810,#811,#812,#813,#814,#815),.UNSPECIFIED.,.F.,.F.,(4,3,3,3,3,3,3,3,3,
3,3,3,3,3,4),(-89.9257847944686,-89.8796539697931,-88.6112484986848,-87.7656448512792,
-86.9200412038737,-86.0744375564681,-84.8060320853598,-84.1718293498056,
-83.5376266142514,-82.2692211431431,-81.0008156720347,-79.7324102009264,
-78.4640047298181,-77.1955992587098,-77.1579385078916),.UNSPECIFIED.);
#98=B_SPLINE_CURVE_WITH_KNOTS('',3,(#816,#817,#818,#819,#820,#821,#822,
#823,#824,#825,#826,#827,#828,#829,#830,#831,#832,#833,#834,#835,#836,#837,
#838,#839,#840,#841,#842,#843,#844,#845,#846,#847,#848,#849),
 .UNSPECIFIED.,.F.,.F.,(4,3,3,3,3,3,3,3,3,3,3,4),(-42.6920950535141,-41.6708507085098,
-40.4024718584706,-39.1340930084315,-37.8657141583923,-36.5973353083532,
-35.328956458314,-34.0605776082749,-32.7921987582357,-31.5238199081966,
-30.2554410581574,-29.9245167349292),.UNSPECIFIED.);
#99=B_SPLINE_CURVE_WITH_KNOTS('',3,(#854,#855,#856,#857,#858,#859,#860,
#861,#862,#863,#864,#865,#866,#867,#868,#869,#870,#871,#872,#873,#874,#875,
#876,#877,#878,#879,#880,#881,#882,#883,#884,#885,#886,#887,#888,#889,#890,
#891,#892,#893,#894,#895,#896,#897,#898,#899),.UNSPECIFIED.,.F.,.F.,(4,
3,3,3,3,3,3,3,3,3,3,3,3,3,3,4),(-77.1579385078916,-75.9271944130979,-74.7997234562341,
-74.2359879778022,-73.3903847601544,-72.5447815425066,-71.6991783248588,
-70.8535751072109,-69.7261041503472,-69.1623686719153,-68.3167654542675,
-67.4711622366197,-66.6255590189718,-65.779955801324,-64.9343525836762,
-64.3900987102098),.UNSPECIFIED.);
#100=B_SPLINE_CURVE_WITH_KNOTS('',3,(#900,#901,#902,#903,#904,#905,#906,
#907,#908,#909,#910,#911,#912,#913,#914,#915,#916,#917,#918,#919,#920,#921,
#922,#923,#924,#925,#926,#927,#928,#929,#930,#931,#932,#933,#934,#935,#936,
#937,#938,#939,#940,#941,#942),.UNSPECIFIED.,.F.,.F.,(4,3,3,3,3,3,3,3,3,
3,3,3,3,3,4),(-55.4595225962584,-54.7772894400772,-53.9317135257913,-53.0861376115053,
-52.2405616972194,-51.3949857829335,-50.5494098686476,-49.7038339543617,
-48.8582580400758,-48.0126821257899,-46.744318254361,-45.4759543829321,
-44.2075905115032,-42.9392266400744,-42.6920950535141),.UNSPECIFIED.);
#101=B_SPLINE_CURVE_WITH_KNOTS('',3,(#947,#948,#949,#950,#951,#952,#953,
#954,#955,#956,#957,#958,#959,#960,#961,#962,#963,#964,#965,#966,#967,#968,
#969,#970,#971,#972,#973,#974,#975,#976,#977,#978,#979,#980,#981,#982,#983,
#984,#985,#986,#987,#988,#989,#990,#991,#992),.UNSPECIFIED.,.F.,.F.,(4,
3,3,3,3,3,3,3,3,3,3,3,3,3,3,4),(-64.3900987102098,-64.0887511087495,-63.243152781275,
-62.3975544538006,-61.5519561263262,-60.7063577988518,-59.8607594713773,
-59.0151611439029,-58.1695628164285,-57.3239644889541,-56.4783661614796,
-55.6327678340052,-54.3643703427935,-53.0959728515819,-51.8275753603703,
-51.6223327491603),.UNSPECIFIED.);
#102=B_SPLINE_CURVE_WITH_KNOTS('',3,(#993,#994,#995,#996,#997,#998,#999,
#1000,#1001,#1002,#1003,#1004,#1005,#1006,#1007,#1008,#1009,#1010,#1011,
#1012,#1013,#1014,#1015,#1016,#1017,#1018,#1019,#1020,#1021,#1022,#1023,
#1024,#1025,#1026,#1027,#1028,#1029),.UNSPECIFIED.,.F.,.F.,(4,3,3,3,3,3,
3,3,3,3,3,3,4),(-68.2271187127188,-67.0382930743708,-65.7699124562233,-64.5015318380758,
-63.2331512199283,-61.9647706017808,-60.6963899836333,-59.4280093654858,
-58.1596287473383,-57.0321793089849,-56.4684545898083,-55.6228675110433,
-55.4595225962584),.UNSPECIFIED.);
#103=B_SPLINE_CURVE_WITH_KNOTS('',3,(#1034,#1035,#1036,#1037,#1038,#1039,
#1040,#1041,#1042,#1043,#1044,#1045,#1046,#1047,#1048,#1049,#1050,#1051,
#1052,#1053,#1054,#1055,#1056,#1057,#1058,#1059,#1060,#1061,#1062,#1063,
#1064,#1065,#1066,#1067,#1068,#1069,#1070,#1071,#1072,#1073),
 .UNSPECIFIED.,.F.,.F.,(4,3,3,3,3,3,3,3,3,3,3,3,3,4),(-51.6223327491603,
-50.5591896866649,-49.2908062943354,-48.0224229020059,-46.7540395096764,
-45.4856561173469,-44.358204213054,-43.7944782609075,-42.9488893326878,
-42.1033004044682,-41.2577114762485,-40.4121225480288,-39.5665336198091,
-38.8547087077592),.UNSPECIFIED.);
#104=B_SPLINE_CURVE_WITH_KNOTS('',3,(#1074,#1075,#1076,#1077,#1078,#1079,
#1080,#1081,#1082,#1083,#1084,#1085,#1086,#1087,#1088,#1089,#1090,#1091,
#1092,#1093,#1094,#1095,#1096,#1097,#1098,#1099,#1100,#1101,#1102,#1103,
#1104,#1105,#1106,#1107,#1108,#1109,#1110,#1111,#1112,#1113,#1114,#1115,
#1116,#1117,#1118,#1119,#1120,#1121,#1122,#1123,#1124,#1125),
 .UNSPECIFIED.,.F.,.F.,(4,3,3,3,3,3,3,3,3,3,3,3,3,3,3,3,3,4),(-80.9948673174943,
-80.9906323122151,-80.1450351342459,-79.2994379562767,-78.4538407783075,
-77.6082436003383,-76.7626464223691,-75.9170492443999,-75.0714520664307,
-74.2258548884615,-73.3802577104923,-72.534660532523,-71.6890633545539,
-70.8434661765847,-69.9978689986154,-69.434137546636,-68.3066746426771,
-68.2271187127188),.UNSPECIFIED.);
#105=B_SPLINE_CURVE_WITH_KNOTS('',3,(#1130,#1131,#1132,#1133,#1134,#1135,
#1136,#1137,#1138,#1139,#1140,#1141,#1142,#1143,#1144,#1145,#1146,#1147,
#1148,#1149,#1150,#1151,#1152,#1153,#1154,#1155,#1156,#1157,#1158,#1159,
#1160,#1161,#1162,#1163,#1164,#1165,#1166,#1167,#1168,#1169,#1170,#1171,
#1172),.UNSPECIFIED.,.F.,.F.,(4,3,3,3,3,3,3,3,3,3,3,3,3,3,4),(-38.8547087077592,
-38.7209466605822,-37.8753701793454,-36.6070054574902,-35.3386407356351,
-34.3873671942437,-33.4360936528524,-32.484820111461,-31.5335465700696,
-30.5822730286783,-29.6309994872869,-28.6797259458955,-27.7284524045042,
-26.460087682649,-26.0872726046609),.UNSPECIFIED.);
#106=B_SPLINE_CURVE_WITH_KNOTS('',3,(#1173,#1174,#1175,#1176,#1177,#1178,
#1179,#1180,#1181,#1182,#1183,#1184,#1185,#1186,#1187,#1188,#1189,#1190,
#1191,#1192,#1193,#1194,#1195,#1196,#1197,#1198,#1199,#1200,#1201,#1202,
#1203,#1204,#1205,#1206,#1207,#1208,#1209,#1210,#1211,#1212,#1213,#1214,
#1215,#1216,#1217,#1218),.UNSPECIFIED.,.F.,.F.,(4,3,3,3,3,3,3,3,3,3,3,3,
3,3,3,4),(-93.7627001582256,-93.6746736375319,-92.4062695022061,-91.1378653668804,
-89.8694612315546,-89.2352591638917,-88.6010570962288,-87.755454339345,
-86.9098515824611,-86.0642488255773,-85.2186460686934,-84.3730433118096,
-83.5274405549257,-82.6818377980419,-81.836235041158,-80.9948673174943),
 .UNSPECIFIED.);
#107=B_SPLINE_CURVE_WITH_KNOTS('',3,(#1224,#1225,#1226,#1227,#1228,#1229,
#1230,#1231,#1232,#1233),.UNSPECIFIED.,.F.,.F.,(4,3,3,4),(-108.895500800826,
-107.944213498938,-106.99292619705,-106.530549816863),.UNSPECIFIED.);
#108=B_SPLINE_CURVE_WITH_KNOTS('',3,(#1236,#1237,#1238,#1239,#1240,#1241,
#1242,#1243,#1244,#1245,#1246,#1247,#1248,#1249,#1250,#1251),
 .UNSPECIFIED.,.F.,.F.,(4,3,3,3,3,4),(-13.3197248600483,-12.5079480663214,
-11.5566557345247,-10.6053634027279,-9.65407107093115,-9.30084420039228),
 .UNSPECIFIED.);
#109=B_SPLINE_CURVE_WITH_KNOTS('',3,(#1257,#1258,#1259,#1260,#1261,#1262,
#1263,#1264,#1265,#1266,#1267,#1268,#1269,#1270,#1271,#1272,#1273,#1274,
#1275,#1276,#1277,#1278,#1279,#1280,#1281,#1282,#1283,#1284),
 .UNSPECIFIED.,.F.,.F.,(4,3,3,3,3,3,3,3,3,4),(93.1317495429293,93.8837423748723,
94.7649452226354,95.6461480703986,96.5273509181618,97.408553765925,98.2897566136882,
99.1709594614513,100.052162309215,100.933365156148),.UNSPECIFIED.);
#110=B_SPLINE_CURVE_WITH_KNOTS('',3,(#1287,#1288,#1289,#1290,#1291,#1292,
#1293,#1294,#1295,#1296,#1297,#1298,#1299,#1300,#1301,#1302,#1303,#1304,
#1305,#1306,#1307,#1308,#1309,#1310,#1311,#1312,#1313,#1314,#1315,#1316,
#1317,#1318,#1319,#1320,#1321,#1322,#1323),.UNSPECIFIED.,.F.,.F.,(4,3,3,
3,3,3,3,3,3,3,3,3,4),(6.32023902314122,6.64741965339477,7.52856559634567,
8.40971153929658,9.29085748224749,10.1720034251984,11.0531493681493,11.9342953111002,
12.8154412540511,13.696587197002,14.5777331399529,15.4588790829038,16.2584640585079),
 .UNSPECIFIED.);
#111=B_SPLINE_CURVE_WITH_KNOTS('',3,(#1328,#1329,#1330,#1331,#1332,#1333,
#1334,#1335,#1336,#1337,#1338,#1339,#1340,#1341,#1342,#1343,#1344,#1345,
#1346,#1347,#1348,#1349,#1350,#1351,#1352,#1353,#1354,#1355,#1356,#1357,
#1358,#1359,#1360,#1361,#1362,#1363,#1364,#1365,#1366,#1367,#1368,#1369,
#1370),.UNSPECIFIED.,.F.,.F.,(4,3,3,3,3,3,3,3,3,3,3,3,3,3,4),(81.3053426062312,
82.1349116630735,83.3097910377262,84.1909505687156,85.0721100997051,85.9532696306946,
86.8344291616841,87.7155886926735,88.596748223663,89.4779077546525,90.359067285642,
91.2402268166314,92.1213863476209,93.0025458786104,93.1317495429293),
 .UNSPECIFIED.);
#112=B_SPLINE_CURVE_WITH_KNOTS('',3,(#1371,#1372,#1373,#1374,#1375,#1376,
#1377,#1378,#1379,#1380,#1381,#1382,#1383,#1384,#1385,#1386,#1387,#1388,
#1389,#1390,#1391,#1392,#1393,#1394,#1395,#1396,#1397,#1398,#1399,#1400,
#1401,#1402,#1403,#1404,#1405,#1406,#1407,#1408,#1409,#1410,#1411,#1412,
#1413,#1414,#1415,#1416),.UNSPECIFIED.,.F.,.F.,(4,3,3,3,3,3,3,3,3,3,3,3,
3,3,3,4),(16.2584640585079,16.3400280527792,17.5149329119852,18.6898377711913,
19.8647426303973,20.4521950600003,21.0396474896033,21.8229173957407,22.6061873018781,
23.3894572080154,24.1727271141528,24.9559970202901,25.7392669264275,26.5225368325648,
27.3058067387022,28.0851275241943),.UNSPECIFIED.);
#113=B_SPLINE_CURVE_WITH_KNOTS('',3,(#1421,#1422,#1423,#1424,#1425,#1426,
#1427,#1428,#1429,#1430,#1431,#1432,#1433,#1434,#1435,#1436,#1437,#1438,
#1439,#1440,#1441,#1442,#1443,#1444,#1445,#1446,#1447,#1448,#1449,#1450,
#1451,#1452,#1453,#1454,#1455,#1456,#1457,#1458,#1459,#1460,#1461,#1462,
#1463),.UNSPECIFIED.,.F.,.F.,(4,3,3,3,3,3,3,3,3,3,3,3,3,3,4),(69.4787579749752,
69.602689167764,70.3859538527497,71.5608508802281,72.7357479077066,73.6169206783155,
74.4980934489244,75.3792662195332,76.2604389901421,77.1416117607509,78.0227845313598,
78.9039573019687,79.7851300725775,80.960027100056,81.3053426062312),
 .UNSPECIFIED.);
#114=B_SPLINE_CURVE_WITH_KNOTS('',3,(#1464,#1465,#1466,#1467,#1468,#1469,
#1470,#1471,#1472,#1473,#1474,#1475,#1476,#1477,#1478,#1479,#1480,#1481,
#1482,#1483,#1484,#1485,#1486,#1487,#1488,#1489,#1490,#1491,#1492,#1493,
#1494,#1495,#1496,#1497,#1498,#1499,#1500,#1501,#1502,#1503,#1504,#1505,
#1506,#1507,#1508,#1509,#1510,#1511,#1512,#1513,#1514,#1515),
 .UNSPECIFIED.,.F.,.F.,(4,3,3,3,3,3,3,3,3,3,3,3,3,3,3,3,3,4),(28.0851275241943,
28.0890766750967,28.8723525824518,29.6556284898068,30.4389043971619,31.2221803045169,
32.005456211872,32.788732119227,33.5720080265821,34.3552839339372,35.1385598412922,
35.9218357486473,36.7051116560023,37.4883875633574,38.2716634707124,38.7938474089491,
39.8382152854225,39.9118816021455),.UNSPECIFIED.);
#115=B_SPLINE_CURVE_WITH_KNOTS('',3,(#1520,#1521,#1522,#1523,#1524,#1525,
#1526,#1527,#1528,#1529,#1530,#1531,#1532,#1533,#1534,#1535,#1536,#1537,
#1538,#1539,#1540,#1541,#1542,#1543,#1544,#1545,#1546,#1547,#1548,#1549,
#1550,#1551,#1552,#1553,#1554,#1555,#1556,#1557,#1558,#1559),
 .UNSPECIFIED.,.F.,.F.,(4,3,3,3,3,3,3,3,3,3,3,3,3,4),(57.652047443328,58.6368681608443,
59.8117776957986,60.986687230753,62.1615967657074,63.3365063006618,64.3808703317323,
64.9030523472676,65.6863253705705,66.4695983938734,67.2528714171763,68.0361444404792,
68.8194174637821,69.4787579749752),.UNSPECIFIED.);
#116=B_SPLINE_CURVE_WITH_KNOTS('',3,(#1560,#1561,#1562,#1563,#1564,#1565,
#1566,#1567,#1568,#1569,#1570,#1571,#1572,#1573,#1574,#1575,#1576,#1577,
#1578,#1579,#1580,#1581,#1582,#1583,#1584,#1585,#1586,#1587,#1588,#1589,
#1590,#1591,#1592,#1593,#1594,#1595,#1596),.UNSPECIFIED.,.F.,.F.,(4,3,3,
3,3,3,3,3,3,3,3,3,4),(39.9118816021455,41.0131318258401,42.1880485454911,
43.3629652651421,44.5378819847931,45.7127987044441,46.8877154240951,48.0626321437461,
49.2375488633971,50.2819192808647,50.8041044895985,51.5873823026991,51.7386644548415),
 .UNSPECIFIED.);
#117=B_SPLINE_CURVE_WITH_KNOTS('',3,(#1601,#1602,#1603,#1604,#1605,#1606,
#1607,#1608,#1609,#1610,#1611,#1612,#1613,#1614,#1615,#1616,#1617,#1618,
#1619,#1620,#1621,#1622,#1623,#1624,#1625,#1626,#1627,#1628,#1629,#1630,
#1631,#1632,#1633,#1634,#1635,#1636,#1637,#1638,#1639,#1640,#1641,#1642,
#1643,#1644,#1645,#1646),.UNSPECIFIED.,.F.,.F.,(4,3,3,3,3,3,3,3,3,3,3,3,
3,3,3,4),(45.8252732779856,46.1044376557989,46.8877148935443,47.6709921312897,
48.4542693690351,49.2375466067804,50.0208238445258,50.8041010822712,51.5873783200165,
52.3706555577619,53.1539327955073,53.9372100332527,55.1121258898707,56.2870417464888,
57.4619576031068,57.652047443328),.UNSPECIFIED.);
#118=B_SPLINE_CURVE_WITH_KNOTS('',3,(#1647,#1648,#1649,#1650,#1651,#1652,
#1653,#1654,#1655,#1656,#1657,#1658,#1659,#1660,#1661,#1662,#1663,#1664,
#1665,#1666,#1667,#1668,#1669,#1670,#1671,#1672,#1673,#1674,#1675,#1676,
#1677,#1678,#1679,#1680,#1681,#1682,#1683,#1684,#1685,#1686,#1687,#1688,
#1689),.UNSPECIFIED.,.F.,.F.,(4,3,3,3,3,3,3,3,3,3,3,3,3,3,4),(51.7386644548415,
52.370658364406,53.1539340068779,53.9372096493498,54.7204852918217,55.5037609342937,
56.2870365767656,57.0703122192375,57.8535878617094,58.6368635041814,59.8117769678893,
60.9866904315971,62.161603895305,63.3365173590129,63.5654145333347),
 .UNSPECIFIED.);
#119=B_SPLINE_CURVE_WITH_KNOTS('',3,(#1694,#1695,#1696,#1697,#1698,#1699,
#1700,#1701,#1702,#1703,#1704,#1705,#1706,#1707,#1708,#1709,#1710,#1711,
#1712,#1713,#1714,#1715,#1716,#1717,#1718,#1719,#1720,#1721,#1722,#1723,
#1724,#1725,#1726,#1727,#1728,#1729,#1730,#1731,#1732,#1733,#1734,#1735,
#1736,#1737,#1738,#1739),.UNSPECIFIED.,.F.,.F.,(4,3,3,3,3,3,3,3,3,3,3,3,
3,3,3,4),(33.9984971154383,35.1385545226638,36.182924349357,36.7051092627036,
37.4883866327235,38.2716640027434,39.0549413727633,39.8382187427832,40.8825885694764,
41.4047734828229,42.1880508528428,42.9713282228628,43.7546055928826,44.5378829629025,
45.3211603329224,45.8252732779856),.UNSPECIFIED.);
#120=B_SPLINE_CURVE_WITH_KNOTS('',3,(#1740,#1741,#1742,#1743,#1744,#1745,
#1746,#1747,#1748,#1749,#1750,#1751,#1752,#1753,#1754,#1755,#1756,#1757,
#1758,#1759,#1760,#1761,#1762,#1763,#1764,#1765,#1766,#1767,#1768,#1769,
#1770,#1771,#1772,#1773),.UNSPECIFIED.,.F.,.F.,(4,3,3,3,3,3,3,3,3,3,3,4),
(63.5654145333347,64.5114232515357,65.686327312142,66.8612313727483,68.0361354333545,
69.2110394939608,70.3859435545671,71.5608476151733,72.7357516757796,73.9106557363859,
75.0855597969922,75.3920699603107),.UNSPECIFIED.);
#121=B_SPLINE_CURVE_WITH_KNOTS('',3,(#1778,#1779,#1780,#1781,#1782,#1783,
#1784,#1785,#1786,#1787,#1788,#1789,#1790,#1791,#1792,#1793,#1794,#1795,
#1796,#1797,#1798,#1799,#1800,#1801,#1802,#1803,#1804,#1805,#1806,#1807,
#1808,#1809,#1810,#1811,#1812,#1813,#1814,#1815,#1816,#1817,#1818,#1819,
#1820),.UNSPECIFIED.,.F.,.F.,(4,3,3,3,3,3,3,3,3,3,3,3,3,3,4),(22.1717805720826,
22.2145373215151,23.3894474536995,24.1727208751558,24.9559942966121,25.7392677180683,
26.9141778502528,27.501632916345,28.0890879824372,29.2639981146216,30.438908246806,
31.6138183789904,32.7887285111748,33.9636386433592,33.9984971154383),
 .UNSPECIFIED.);
#122=B_SPLINE_CURVE_WITH_KNOTS('',3,(#1821,#1822,#1823,#1824,#1825,#1826,
#1827,#1828,#1829,#1830,#1831,#1832,#1833,#1834,#1835,#1836,#1837,#1838,
#1839,#1840,#1841,#1842,#1843,#1844,#1845,#1846,#1847,#1848,#1849,#1850,
#1851,#1852,#1853,#1854,#1855,#1856,#1857,#1858,#1859,#1860),
 .UNSPECIFIED.,.F.,.F.,(4,3,3,3,3,3,3,3,3,3,3,3,3,4),(75.3920699603107,
76.2604522966321,77.4353407156887,78.2185996617264,79.0018586077641,79.7851175538018,
80.5683764998395,81.3516354458772,82.134894391915,83.3097828109716,84.4846712300281,
85.6595596490847,86.8344480681413,87.2185679388369),.UNSPECIFIED.);
#123=B_SPLINE_CURVE_WITH_KNOTS('',3,(#1866,#1867,#1868,#1869,#1870,#1871,
#1872,#1873,#1874,#1875),.UNSPECIFIED.,.F.,.F.,(4,3,3,4),(99.0449687704583,
99.1707028388801,100.05203399751,100.93336515614),.UNSPECIFIED.);
#124=B_SPLINE_CURVE_WITH_KNOTS('',3,(#1878,#1879,#1880,#1881,#1882,#1883,
#1884,#1885,#1886,#1887,#1888,#1889,#1890,#1891,#1892,#1893,#1894,#1895,
#1896),.UNSPECIFIED.,.F.,.F.,(4,3,3,3,3,3,4),(6.32023902313417,6.64740616669804,
7.52851578788168,8.40962540906533,9.29073503024896,10.1718446514326,10.3451858559023),
 .UNSPECIFIED.);
#125=B_SPLINE_CURVE_WITH_KNOTS('',3,(#1911,#1912,#1913,#1914,#1915,#1916,
#1917,#1918,#1919,#1920,#1921,#1922,#1923,#1924,#1925,#1926,#1927,#1928,
#1929,#1930,#1931,#1932,#1933,#1934,#1935,#1936,#1937,#1938,#1939,#1940,
#1941,#1942,#1943,#1944,#1945,#1946,#1947,#1948,#1949,#1950,#1951,#1952,
#1953,#1954,#1955,#1956,#1957,#1958,#1959,#1960,#1961,#1962,#1963,#1964,
#1965,#1966,#1967,#1968,#1969,#1970,#1971,#1972,#1973,#1974,#1975,#1976,
#1977,#1978,#1979,#1980,#1981,#1982,#1983,#1984,#1985,#1986,#1987,#1988,
#1989,#1990,#1991,#1992,#1993,#1994,#1995,#1996,#1997,#1998,#1999,#2000,
#2001,#2002,#2003,#2004,#2005,#2006,#2007,#2008,#2009,#2010,#2011,#2012,
#2013,#2014,#2015,#2016,#2017,#2018,#2019,#2020,#2021,#2022,#2023,#2024,
#2025,#2026,#2027,#2028,#2029,#2030,#2031,#2032,#2033,#2034,#2035,#2036,
#2037,#2038,#2039,#2040,#2041,#2042,#2043,#2044,#2045,#2046,#2047,#2048,
#2049,#2050,#2051,#2052,#2053,#2054,#2055,#2056,#2057,#2058),
 .UNSPECIFIED.,.F.,.F.,(4,3,3,3,3,3,3,3,3,3,3,3,3,3,3,3,3,3,3,3,3,3,3,3,
3,3,3,3,3,3,3,3,3,3,3,3,3,3,3,3,3,3,3,3,3,3,3,3,3,4),(-4.24476471255572,
-4.12520609620654,-4.0045040168239,-3.88379716323465,-3.76403503288161,
-3.68738559909997,-3.66991193518982,-3.65731560370835,-3.53759996232936,
-3.41666842707915,-3.29504568569793,-3.16841460925241,-3.12092795558534,
-3.08315306336296,-3.07237488698211,-2.95009429950587,-2.82716322669869,
-2.78852137991584,-2.66626720031666,-2.54342796590743,-2.42063681888141,
-2.35226337497331,-2.33427111746822,-2.31820107049443,-2.19479074463259,
-2.07073875791642,-1.94663693948927,-1.87364926761658,-1.7496579315936,
-1.64895727052315,-1.60463017506356,-1.57587171756208,-1.56246752808353,
-1.5500867601072,-1.42643358091322,-1.30119933116718,-1.17571460804244,
-1.05088348722117,-0.944052643030045,-0.826046062651289,-0.799430349917431,
-0.78573938977177,-0.774731601452796,-0.6503637018914,-0.524662555258882,
-0.393496916444162,-0.266925875565421,-0.140983695358938,-0.0165939778412432,
0.),.UNSPECIFIED.);
#126=B_SPLINE_CURVE_WITH_KNOTS('',3,(#2059,#2060,#2061,#2062,#2063,#2064,
#2065,#2066,#2067,#2068,#2069,#2070,#2071,#2072,#2073,#2074,#2075,#2076,
#2077,#2078,#2079,#2080,#2081,#2082,#2083,#2084,#2085,#2086,#2087,#2088,
#2089,#2090,#2091,#2092,#2093,#2094,#2095,#2096,#2097,#2098,#2099,#2100,
#2101,#2102,#2103,#2104,#2105,#2106,#2107,#2108,#2109,#2110,#2111,#2112,
#2113,#2114,#2115,#2116,#2117,#2118,#2119,#2120,#2121,#2122,#2123,#2124,
#2125,#2126,#2127,#2128,#2129,#2130,#2131,#2132,#2133,#2134,#2135,#2136,
#2137,#2138,#2139,#2140,#2141,#2142,#2143,#2144,#2145,#2146,#2147,#2148,
#2149,#2150,#2151,#2152,#2153,#2154,#2155,#2156,#2157,#2158,#2159,#2160,
#2161,#2162,#2163,#2164,#2165,#2166,#2167,#2168,#2169,#2170,#2171,#2172,
#2173,#2174,#2175,#2176,#2177,#2178,#2179,#2180,#2181,#2182,#2183,#2184,
#2185,#2186,#2187,#2188,#2189,#2190,#2191,#2192,#2193,#2194),
 .UNSPECIFIED.,.F.,.F.,(4,3,3,3,3,3,3,3,3,3,3,3,3,3,3,3,3,3,3,3,3,3,3,3,
3,3,3,3,3,3,3,3,3,3,3,3,3,3,3,3,3,3,3,3,3,4),(-4.23796064759012,-4.11182399616721,
-3.98538796380665,-3.85945043089779,-3.73512819704039,-3.64414913433621,
-3.62722524578945,-3.61371040957507,-3.48910234187941,-3.36370047829496,
-3.23815775055747,-3.11314221662918,-3.01276038104997,-2.99990426634589,
-2.87558253983411,-2.75135703869321,-2.71161487431235,-2.58715838194361,
-2.46267650696019,-2.33883221470863,-2.27057040721822,-2.25080477203111,
-2.23530260894389,-2.11222659837591,-1.98900900928869,-1.86649166559097,
-1.7927377547853,-1.66951967740098,-1.57192831878635,-1.48566339712499,
-1.47429882084497,-1.35299455764183,-1.2309707581578,-1.10921713196014,
-0.98881307183126,-0.88878880848393,-0.777690207423438,-0.75308677052595,
-0.73783977458087,-0.726402704023369,-0.606685102726503,-0.486105926842164,
-0.364579445131623,-0.244553717946816,-0.122276858973408,0.),
 .UNSPECIFIED.);
#127=B_SPLINE_CURVE_WITH_KNOTS('',3,(#2635,#2636,#2637,#2638,#2639,#2640,
#2641,#2642,#2643,#2644,#2645,#2646,#2647,#2648,#2649,#2650,#2651,#2652,
#2653,#2654,#2655,#2656,#2657,#2658,#2659,#2660,#2661,#2662,#2663,#2664,
#2665,#2666,#2667,#2668,#2669,#2670,#2671,#2672,#2673,#2674,#2675,#2676,
#2677),.UNSPECIFIED.,.F.,.F.,(4,3,3,3,3,3,3,3,3,3,3,3,3,3,4),(-106.530549816863,
-106.041630130994,-105.090325776423,-104.139021421853,-103.187717067283,
-102.236412712713,-101.285108358143,-100.333804003573,-99.3824996490025,
-98.4311952944323,-97.4798909398622,-96.528586585292,-95.5772822307219,
-94.6259778761517,-93.7627001582256),.UNSPECIFIED.);
#128=B_SPLINE_CURVE_WITH_KNOTS('',3,(#2678,#2679,#2680,#2681,#2682,#2683,
#2684,#2685,#2686,#2687,#2688,#2689,#2690,#2691,#2692,#2693,#2694,#2695,
#2696,#2697,#2698,#2699,#2700,#2701,#2702,#2703,#2704,#2705,#2706,#2707,
#2708,#2709,#2710,#2711,#2712,#2713,#2714,#2715,#2716,#2717,#2718,#2719,
#2720,#2721,#2722,#2723,#2724,#2725,#2726,#2727,#2728,#2729,#2730,#2731,
#2732,#2733,#2734,#2735,#2736,#2737,#2738,#2739,#2740,#2741,#2742,#2743,
#2744,#2745,#2746,#2747,#2748,#2749,#2750,#2751,#2752,#2753,#2754,#2755,
#2756,#2757,#2758,#2759,#2760,#2761,#2762,#2763,#2764,#2765,#2766,#2767,
#2768,#2769,#2770,#2771,#2772,#2773,#2774,#2775,#2776,#2777,#2778,#2779,
#2780,#2781,#2782,#2783,#2784,#2785,#2786,#2787,#2788,#2789,#2790,#2791,
#2792,#2793,#2794,#2795,#2796,#2797,#2798,#2799,#2800,#2801,#2802,#2803,
#2804,#2805,#2806,#2807,#2808,#2809,#2810,#2811,#2812,#2813),
 .UNSPECIFIED.,.F.,.F.,(4,3,3,3,3,3,3,3,3,3,3,3,3,3,3,3,3,3,3,3,3,3,3,3,
3,3,3,3,3,3,3,3,3,3,3,3,3,3,3,3,3,3,3,3,3,4),(0.964797753384719,1.09168904967708,
1.21841117177528,1.34439276880119,1.46845869208575,1.56071061238625,1.57976825439136,
1.5944906231053,1.71872052505208,1.84403290481773,1.96981413897372,2.10128477480805,
2.22539713635537,2.34818950278504,2.36107778914771,2.3722816318333,2.49569668231103,
2.61947738450057,2.74393430745643,2.86840745371533,2.99223806085442,3.09823893642556,
3.12379657489495,3.13952225953485,3.26256444568133,3.38552167536347,3.41624156313899,
3.53940601859387,3.66262786692304,3.78523888148109,3.85234568549931,3.88704966030922,
3.89770713814722,4.01950953128376,4.14143194130927,4.26265039990428,4.32209331362684,
4.44409686898559,4.56554110664186,4.63589102712759,4.75676985804842,4.8775592169865,
4.99743479054322,5.02731286961482,5.14707934357146,5.21140025054394),
 .UNSPECIFIED.);
#129=B_SPLINE_CURVE_WITH_KNOTS('',3,(#2814,#2815,#2816,#2817,#2818,#2819,
#2820,#2821,#2822,#2823,#2824,#2825,#2826,#2827,#2828,#2829,#2830,#2831,
#2832,#2833,#2834,#2835,#2836,#2837,#2838,#2839,#2840,#2841,#2842,#2843,
#2844,#2845,#2846,#2847,#2848,#2849,#2850,#2851,#2852,#2853,#2854,#2855,
#2856),.UNSPECIFIED.,.F.,.F.,(4,3,3,3,3,3,3,3,3,3,3,3,3,3,4),(87.2185679388369,
87.7156102995335,88.596769375641,89.4779284517484,90.3590875278559,91.2402466039633,
92.1214056800708,93.0025647561782,93.8837238322857,94.7648829083931,95.6460419845006,
96.527201060608,97.4083601367155,98.2895192128229,99.0449687704583),
 .UNSPECIFIED.);
#130=B_SPLINE_CURVE_WITH_KNOTS('',3,(#2858,#2859,#2860,#2861,#2862,#2863,
#2864,#2865,#2866,#2867,#2868,#2869,#2870,#2871,#2872,#2873,#2874,#2875,
#2876,#2877,#2878,#2879,#2880,#2881,#2882,#2883,#2884,#2885,#2886,#2887,
#2888,#2889,#2890,#2891,#2892,#2893,#2894),.UNSPECIFIED.,.F.,.F.,(4,3,3,
3,3,3,3,3,3,3,3,3,4),(10.3451858559023,11.0530056022012,11.9341791242176,
12.8153526462339,13.6965261682503,14.5776996902666,15.458873212283,16.3400467342993,
17.5149447636544,18.6898427930096,19.8647408223647,21.0396388517198,22.1717805720826),
 .UNSPECIFIED.);
#131=B_SPLINE_CURVE_WITH_KNOTS('',3,(#2896,#2897,#2898,#2899,#2900,#2901,
#2902,#2903,#2904,#2905,#2906,#2907,#2908,#2909,#2910,#2911,#2912,#2913,
#2914,#2915,#2916,#2917,#2918,#2919,#2920,#2921,#2922,#2923,#2924,#2925,
#2926,#2927,#2928,#2929,#2930,#2931,#2932,#2933,#2934,#2935,#2936,#2937,
#2938),.UNSPECIFIED.,.F.,.F.,(4,3,3,3,3,3,3,3,3,3,3,3,3,3,4),(-26.0872726046609,
-25.1917151299089,-23.9233393171909,-22.9720574576525,-22.020775598114,
-21.0694937385755,-20.118211879037,-19.1669300194986,-18.2156481599601,
-17.2643663004216,-16.3130844408831,-15.3618025813447,-14.4105207218062,
-13.4592388622677,-13.3197248600483),.UNSPECIFIED.);
#132=B_SPLINE_CURVE_WITH_KNOTS('',3,(#3383,#3384,#3385,#3386,#3387,#3388,
#3389,#3390,#3391,#3392,#3393,#3394,#3395,#3396,#3397,#3398,#3399,#3400,
#3401,#3402,#3403,#3404,#3405,#3406,#3407,#3408,#3409,#3410,#3411,#3412,
#3413,#3414,#3415,#3416,#3417,#3418,#3419,#3420,#3421,#3422,#3423,#3424,
#3425,#3426,#3427,#3428,#3429,#3430,#3431,#3432,#3433,#3434,#3435,#3436,
#3437,#3438,#3439,#3440,#3441,#3442,#3443,#3444,#3445,#3446,#3447,#3448,
#3449,#3450,#3451,#3452,#3453,#3454,#3455,#3456,#3457,#3458,#3459,#3460,
#3461,#3462,#3463,#3464,#3465,#3466,#3467,#3468,#3469,#3470,#3471,#3472,
#3473,#3474,#3475,#3476,#3477,#3478,#3479,#3480,#3481,#3482,#3483,#3484,
#3485,#3486,#3487,#3488,#3489,#3490,#3491,#3492,#3493,#3494,#3495,#3496,
#3497,#3498,#3499,#3500,#3501,#3502,#3503,#3504,#3505,#3506,#3507,#3508,
#3509,#3510,#3511,#3512,#3513,#3514,#3515,#3516,#3517,#3518,#3519,#3520,
#3521,#3522,#3523,#3524,#3525,#3526,#3527,#3528,#3529,#3530,#3531,#3532,
#3533),.UNSPECIFIED.,.F.,.F.,(4,3,3,3,3,3,3,3,3,3,3,3,3,3,3,3,3,3,3,3,3,
3,3,3,3,3,3,3,3,3,3,3,3,3,3,3,3,3,3,3,3,3,3,3,3,3,3,3,3,3,4),(0.204292782752358,
0.32431010282435,0.444733196507488,0.564719805798275,0.663136548918856,
0.712344920479147,0.727943338868207,0.741861260837089,0.761553292039437,
0.880574725042701,1.00099705080933,1.1223566172248,1.24406049899275,1.36505535092365,
1.43870534290236,1.46722865652771,1.47843056601333,1.49029725141389,1.61291253494564,
1.65965531883847,1.78121072294675,1.90373316354355,2.0266434110636,2.1492893639373,
2.20223772199323,2.22976215423676,2.2418198023433,2.36528682420943,2.4894495798484,
2.57287622838473,2.6965313839648,2.82062070687446,2.94449321683308,2.97927353689304,
2.99850675588922,3.01045874477997,3.1350600209551,3.26031749128866,3.38559853972128,
3.50097833779241,3.6262159846492,3.72840226240832,3.7597434753395,3.77335374986768,
3.78457834856221,3.90926659789798,4.03518336534054,4.16187680857051,4.28837669402984,
4.41379726601559,4.4437062067221),.UNSPECIFIED.);
#133=LINE('',#616,#152);
#134=LINE('',#691,#153);
#135=LINE('',#772,#154);
#136=LINE('',#853,#155);
#137=LINE('',#946,#156);
#138=LINE('',#1033,#157);
#139=LINE('',#1129,#158);
#140=LINE('',#1222,#159);
#141=LINE('',#1255,#160);
#142=LINE('',#1327,#161);
#143=LINE('',#1420,#162);
#144=LINE('',#1519,#163);
#145=LINE('',#1600,#164);
#146=LINE('',#1693,#165);
#147=LINE('',#1777,#166);
#148=LINE('',#1864,#167);
#149=LINE('',#1901,#168);
#150=LINE('',#1907,#169);
#151=LINE('',#3538,#170);
#152=VECTOR('',#525,20.1527);
#153=VECTOR('',#530,20.1527);
#154=VECTOR('',#533,20.1527);
#155=VECTOR('',#536,20.1527);
#156=VECTOR('',#539,20.1527);
#157=VECTOR('',#542,20.1527);
#158=VECTOR('',#545,20.1527);
#159=VECTOR('',#548,20.1527);
#160=VECTOR('',#553,20.);
#161=VECTOR('',#558,20.);
#162=VECTOR('',#561,20.);
#163=VECTOR('',#564,20.);
#164=VECTOR('',#567,20.);
#165=VECTOR('',#570,20.);
#166=VECTOR('',#573,20.);
#167=VECTOR('',#576,20.);
#168=VECTOR('',#583,20.025);
#169=VECTOR('',#590,20.5);
#170=VECTOR('',#605,23.);
#171=VERTEX_POINT('',#614);
#172=VERTEX_POINT('',#615);
#173=VERTEX_POINT('',#617);
#174=VERTEX_POINT('',#649);
#175=VERTEX_POINT('',#689);
#176=VERTEX_POINT('',#690);
#177=VERTEX_POINT('',#770);
#178=VERTEX_POINT('',#771);
#179=VERTEX_POINT('',#851);
#180=VERTEX_POINT('',#852);
#181=VERTEX_POINT('',#944);
#182=VERTEX_POINT('',#945);
#183=VERTEX_POINT('',#1031);
#184=VERTEX_POINT('',#1032);
#185=VERTEX_POINT('',#1127);
#186=VERTEX_POINT('',#1128);
#187=VERTEX_POINT('',#1220);
#188=VERTEX_POINT('',#1221);
#189=VERTEX_POINT('',#1223);
#190=VERTEX_POINT('',#1234);
#191=VERTEX_POINT('',#1253);
#192=VERTEX_POINT('',#1254);
#193=VERTEX_POINT('',#1256);
#194=VERTEX_POINT('',#1285);
#195=VERTEX_POINT('',#1325);
#196=VERTEX_POINT('',#1326);
#197=VERTEX_POINT('',#1418);
#198=VERTEX_POINT('',#1419);
#199=VERTEX_POINT('',#1517);
#200=VERTEX_POINT('',#1518);
#201=VERTEX_POINT('',#1598);
#202=VERTEX_POINT('',#1599);
#203=VERTEX_POINT('',#1691);
#204=VERTEX_POINT('',#1692);
#205=VERTEX_POINT('',#1775);
#206=VERTEX_POINT('',#1776);
#207=VERTEX_POINT('',#1862);
#208=VERTEX_POINT('',#1863);
#209=VERTEX_POINT('',#1865);
#210=VERTEX_POINT('',#1876);
#211=VERTEX_POINT('',#1898);
#212=VERTEX_POINT('',#1900);
#213=VERTEX_POINT('',#1904);
#214=VERTEX_POINT('',#1906);
#215=VERTEX_POINT('',#3535);
#216=VERTEX_POINT('',#3537);
#217=EDGE_CURVE('',#171,#172,#133,.T.);
#218=EDGE_CURVE('',#172,#173,#93,.F.);
#219=EDGE_CURVE('',#174,#173,#83,.F.);
#220=EDGE_CURVE('',#171,#174,#94,.T.);
#221=EDGE_CURVE('',#175,#176,#134,.T.);
#222=EDGE_CURVE('',#176,#172,#95,.F.);
#223=EDGE_CURVE('',#175,#171,#96,.T.);
#224=EDGE_CURVE('',#177,#178,#135,.T.);
#225=EDGE_CURVE('',#178,#176,#97,.F.);
#226=EDGE_CURVE('',#177,#175,#98,.T.);
#227=EDGE_CURVE('',#179,#180,#136,.T.);
#228=EDGE_CURVE('',#180,#178,#99,.F.);
#229=EDGE_CURVE('',#179,#177,#100,.T.);
#230=EDGE_CURVE('',#181,#182,#137,.T.);
#231=EDGE_CURVE('',#182,#180,#101,.F.);
#232=EDGE_CURVE('',#181,#179,#102,.T.);
#233=EDGE_CURVE('',#183,#184,#138,.T.);
#234=EDGE_CURVE('',#184,#182,#103,.F.);
#235=EDGE_CURVE('',#183,#181,#104,.T.);
#236=EDGE_CURVE('',#185,#186,#139,.T.);
#237=EDGE_CURVE('',#186,#184,#105,.F.);
#238=EDGE_CURVE('',#185,#183,#106,.T.);
#239=EDGE_CURVE('',#187,#188,#140,.T.);
#240=EDGE_CURVE('',#189,#187,#107,.T.);
#241=EDGE_CURVE('',#189,#190,#84,.T.);
#242=EDGE_CURVE('',#190,#188,#108,.F.);
#243=EDGE_CURVE('',#191,#192,#141,.T.);
#244=EDGE_CURVE('',#192,#193,#109,.T.);
#245=EDGE_CURVE('',#193,#194,#85,.T.);
#246=EDGE_CURVE('',#194,#191,#110,.T.);
#247=EDGE_CURVE('',#195,#196,#142,.T.);
#248=EDGE_CURVE('',#196,#192,#111,.T.);
#249=EDGE_CURVE('',#191,#195,#112,.T.);
#250=EDGE_CURVE('',#197,#198,#143,.T.);
#251=EDGE_CURVE('',#198,#196,#113,.T.);
#252=EDGE_CURVE('',#195,#197,#114,.T.);
#253=EDGE_CURVE('',#199,#200,#144,.T.);
#254=EDGE_CURVE('',#200,#198,#115,.T.);
#255=EDGE_CURVE('',#197,#199,#116,.T.);
#256=EDGE_CURVE('',#201,#202,#145,.T.);
#257=EDGE_CURVE('',#202,#200,#117,.T.);
#258=EDGE_CURVE('',#199,#201,#118,.T.);
#259=EDGE_CURVE('',#203,#204,#146,.T.);
#260=EDGE_CURVE('',#204,#202,#119,.T.);
#261=EDGE_CURVE('',#201,#203,#120,.T.);
#262=EDGE_CURVE('',#205,#206,#147,.T.);
#263=EDGE_CURVE('',#206,#204,#121,.T.);
#264=EDGE_CURVE('',#203,#205,#122,.T.);
#265=EDGE_CURVE('',#207,#208,#148,.T.);
#266=EDGE_CURVE('',#207,#209,#123,.T.);
#267=EDGE_CURVE('',#210,#209,#86,.T.);
#268=EDGE_CURVE('',#210,#208,#124,.T.);
#269=EDGE_CURVE('',#211,#211,#87,.T.);
#270=EDGE_CURVE('',#211,#212,#149,.T.);
#271=EDGE_CURVE('',#212,#212,#88,.T.);
#272=EDGE_CURVE('',#213,#213,#89,.T.);
#273=EDGE_CURVE('',#213,#214,#150,.T.);
#274=EDGE_CURVE('',#214,#214,#90,.T.);
#275=EDGE_CURVE('',#194,#189,#125,.T.);
#276=EDGE_CURVE('',#190,#193,#126,.T.);
#277=EDGE_CURVE('',#187,#185,#127,.T.);
#278=EDGE_CURVE('',#209,#174,#128,.F.);
#279=EDGE_CURVE('',#205,#207,#129,.T.);
#280=EDGE_CURVE('',#208,#206,#130,.T.);
#281=EDGE_CURVE('',#188,#186,#131,.F.);
#282=EDGE_CURVE('',#173,#210,#132,.F.);
#283=EDGE_CURVE('',#215,#215,#91,.T.);
#284=EDGE_CURVE('',#215,#216,#151,.T.);
#285=EDGE_CURVE('',#216,#216,#92,.T.);
#286=ORIENTED_EDGE('',*,*,#217,.T.);
#287=ORIENTED_EDGE('',*,*,#218,.T.);
#288=ORIENTED_EDGE('',*,*,#219,.F.);
#289=ORIENTED_EDGE('',*,*,#220,.F.);
#290=ORIENTED_EDGE('',*,*,#221,.T.);
#291=ORIENTED_EDGE('',*,*,#222,.T.);
#292=ORIENTED_EDGE('',*,*,#217,.F.);
#293=ORIENTED_EDGE('',*,*,#223,.F.);
#294=ORIENTED_EDGE('',*,*,#224,.T.);
#295=ORIENTED_EDGE('',*,*,#225,.T.);
#296=ORIENTED_EDGE('',*,*,#221,.F.);
#297=ORIENTED_EDGE('',*,*,#226,.F.);
#298=ORIENTED_EDGE('',*,*,#227,.T.);
#299=ORIENTED_EDGE('',*,*,#228,.T.);
#300=ORIENTED_EDGE('',*,*,#224,.F.);
#301=ORIENTED_EDGE('',*,*,#229,.F.);
#302=ORIENTED_EDGE('',*,*,#230,.T.);
#303=ORIENTED_EDGE('',*,*,#231,.T.);
#304=ORIENTED_EDGE('',*,*,#227,.F.);
#305=ORIENTED_EDGE('',*,*,#232,.F.);
#306=ORIENTED_EDGE('',*,*,#233,.T.);
#307=ORIENTED_EDGE('',*,*,#234,.T.);
#308=ORIENTED_EDGE('',*,*,#230,.F.);
#309=ORIENTED_EDGE('',*,*,#235,.F.);
#310=ORIENTED_EDGE('',*,*,#236,.T.);
#311=ORIENTED_EDGE('',*,*,#237,.T.);
#312=ORIENTED_EDGE('',*,*,#233,.F.);
#313=ORIENTED_EDGE('',*,*,#238,.F.);
#314=ORIENTED_EDGE('',*,*,#239,.F.);
#315=ORIENTED_EDGE('',*,*,#240,.F.);
#316=ORIENTED_EDGE('',*,*,#241,.T.);
#317=ORIENTED_EDGE('',*,*,#242,.T.);
#318=ORIENTED_EDGE('',*,*,#243,.T.);
#319=ORIENTED_EDGE('',*,*,#244,.T.);
#320=ORIENTED_EDGE('',*,*,#245,.T.);
#321=ORIENTED_EDGE('',*,*,#246,.T.);
#322=ORIENTED_EDGE('',*,*,#247,.T.);
#323=ORIENTED_EDGE('',*,*,#248,.T.);
#324=ORIENTED_EDGE('',*,*,#243,.F.);
#325=ORIENTED_EDGE('',*,*,#249,.T.);
#326=ORIENTED_EDGE('',*,*,#250,.T.);
#327=ORIENTED_EDGE('',*,*,#251,.T.);
#328=ORIENTED_EDGE('',*,*,#247,.F.);
#329=ORIENTED_EDGE('',*,*,#252,.T.);
#330=ORIENTED_EDGE('',*,*,#253,.T.);
#331=ORIENTED_EDGE('',*,*,#254,.T.);
#332=ORIENTED_EDGE('',*,*,#250,.F.);
#333=ORIENTED_EDGE('',*,*,#255,.T.);
#334=ORIENTED_EDGE('',*,*,#256,.T.);
#335=ORIENTED_EDGE('',*,*,#257,.T.);
#336=ORIENTED_EDGE('',*,*,#253,.F.);
#337=ORIENTED_EDGE('',*,*,#258,.T.);
#338=ORIENTED_EDGE('',*,*,#259,.T.);
#339=ORIENTED_EDGE('',*,*,#260,.T.);
#340=ORIENTED_EDGE('',*,*,#256,.F.);
#341=ORIENTED_EDGE('',*,*,#261,.T.);
#342=ORIENTED_EDGE('',*,*,#262,.T.);
#343=ORIENTED_EDGE('',*,*,#263,.T.);
#344=ORIENTED_EDGE('',*,*,#259,.F.);
#345=ORIENTED_EDGE('',*,*,#264,.T.);
#346=ORIENTED_EDGE('',*,*,#265,.F.);
#347=ORIENTED_EDGE('',*,*,#266,.T.);
#348=ORIENTED_EDGE('',*,*,#267,.F.);
#349=ORIENTED_EDGE('',*,*,#268,.T.);
#350=ORIENTED_EDGE('',*,*,#269,.F.);
#351=ORIENTED_EDGE('',*,*,#270,.T.);
#352=ORIENTED_EDGE('',*,*,#271,.F.);
#353=ORIENTED_EDGE('',*,*,#270,.F.);
#354=ORIENTED_EDGE('',*,*,#272,.F.);
#355=ORIENTED_EDGE('',*,*,#273,.T.);
#356=ORIENTED_EDGE('',*,*,#274,.T.);
#357=ORIENTED_EDGE('',*,*,#273,.F.);
#358=ORIENTED_EDGE('',*,*,#274,.F.);
#359=ORIENTED_EDGE('',*,*,#271,.T.);
#360=ORIENTED_EDGE('',*,*,#272,.T.);
#361=ORIENTED_EDGE('',*,*,#241,.F.);
#362=ORIENTED_EDGE('',*,*,#275,.F.);
#363=ORIENTED_EDGE('',*,*,#245,.F.);
#364=ORIENTED_EDGE('',*,*,#276,.F.);
#365=ORIENTED_EDGE('',*,*,#275,.T.);
#366=ORIENTED_EDGE('',*,*,#240,.T.);
#367=ORIENTED_EDGE('',*,*,#277,.T.);
#368=ORIENTED_EDGE('',*,*,#238,.T.);
#369=ORIENTED_EDGE('',*,*,#235,.T.);
#370=ORIENTED_EDGE('',*,*,#232,.T.);
#371=ORIENTED_EDGE('',*,*,#229,.T.);
#372=ORIENTED_EDGE('',*,*,#226,.T.);
#373=ORIENTED_EDGE('',*,*,#223,.T.);
#374=ORIENTED_EDGE('',*,*,#220,.T.);
#375=ORIENTED_EDGE('',*,*,#278,.F.);
#376=ORIENTED_EDGE('',*,*,#266,.F.);
#377=ORIENTED_EDGE('',*,*,#279,.F.);
#378=ORIENTED_EDGE('',*,*,#264,.F.);
#379=ORIENTED_EDGE('',*,*,#261,.F.);
#380=ORIENTED_EDGE('',*,*,#258,.F.);
#381=ORIENTED_EDGE('',*,*,#255,.F.);
#382=ORIENTED_EDGE('',*,*,#252,.F.);
#383=ORIENTED_EDGE('',*,*,#249,.F.);
#384=ORIENTED_EDGE('',*,*,#246,.F.);
#385=ORIENTED_EDGE('',*,*,#265,.T.);
#386=ORIENTED_EDGE('',*,*,#280,.T.);
#387=ORIENTED_EDGE('',*,*,#262,.F.);
#388=ORIENTED_EDGE('',*,*,#279,.T.);
#389=ORIENTED_EDGE('',*,*,#239,.T.);
#390=ORIENTED_EDGE('',*,*,#281,.T.);
#391=ORIENTED_EDGE('',*,*,#236,.F.);
#392=ORIENTED_EDGE('',*,*,#277,.F.);
#393=ORIENTED_EDGE('',*,*,#276,.T.);
#394=ORIENTED_EDGE('',*,*,#244,.F.);
#395=ORIENTED_EDGE('',*,*,#248,.F.);
#396=ORIENTED_EDGE('',*,*,#251,.F.);
#397=ORIENTED_EDGE('',*,*,#254,.F.);
#398=ORIENTED_EDGE('',*,*,#257,.F.);
#399=ORIENTED_EDGE('',*,*,#260,.F.);
#400=ORIENTED_EDGE('',*,*,#263,.F.);
#401=ORIENTED_EDGE('',*,*,#280,.F.);
#402=ORIENTED_EDGE('',*,*,#268,.F.);
#403=ORIENTED_EDGE('',*,*,#282,.F.);
#404=ORIENTED_EDGE('',*,*,#218,.F.);
#405=ORIENTED_EDGE('',*,*,#222,.F.);
#406=ORIENTED_EDGE('',*,*,#225,.F.);
#407=ORIENTED_EDGE('',*,*,#228,.F.);
#408=ORIENTED_EDGE('',*,*,#231,.F.);
#409=ORIENTED_EDGE('',*,*,#234,.F.);
#410=ORIENTED_EDGE('',*,*,#237,.F.);
#411=ORIENTED_EDGE('',*,*,#281,.F.);
#412=ORIENTED_EDGE('',*,*,#242,.F.);
#413=ORIENTED_EDGE('',*,*,#283,.F.);
#414=ORIENTED_EDGE('',*,*,#284,.T.);
#415=ORIENTED_EDGE('',*,*,#285,.F.);
#416=ORIENTED_EDGE('',*,*,#284,.F.);
#417=ORIENTED_EDGE('',*,*,#285,.T.);
#418=ORIENTED_EDGE('',*,*,#269,.T.);
#419=ORIENTED_EDGE('',*,*,#283,.T.);
#420=ORIENTED_EDGE('',*,*,#282,.T.);
#421=ORIENTED_EDGE('',*,*,#267,.T.);
#422=ORIENTED_EDGE('',*,*,#278,.T.);
#423=ORIENTED_EDGE('',*,*,#219,.T.);
#424=CYLINDRICAL_SURFACE('',#486,20.2527);
#425=CYLINDRICAL_SURFACE('',#488,20.2527);
#426=CYLINDRICAL_SURFACE('',#489,20.2527);
#427=CYLINDRICAL_SURFACE('',#490,20.2527);
#428=CYLINDRICAL_SURFACE('',#491,20.2527);
#429=CYLINDRICAL_SURFACE('',#492,20.2527);
#430=CYLINDRICAL_SURFACE('',#493,20.2527);
#431=CYLINDRICAL_SURFACE('',#494,20.2527);
#432=CYLINDRICAL_SURFACE('',#496,18.75935);
#433=CYLINDRICAL_SURFACE('',#498,18.75935);
#434=CYLINDRICAL_SURFACE('',#499,18.75935);
#435=CYLINDRICAL_SURFACE('',#500,18.75935);
#436=CYLINDRICAL_SURFACE('',#501,18.75935);
#437=CYLINDRICAL_SURFACE('',#502,18.75935);
#438=CYLINDRICAL_SURFACE('',#503,18.75935);
#439=CYLINDRICAL_SURFACE('',#504,18.75935);
#440=CYLINDRICAL_SURFACE('',#506,20.025);
#441=CYLINDRICAL_SURFACE('',#509,20.5);
#442=CYLINDRICAL_SURFACE('',#514,18.75935);
#443=CYLINDRICAL_SURFACE('',#515,20.2527);
#444=CYLINDRICAL_SURFACE('',#516,23.);
#445=ADVANCED_FACE('',(#25),#424,.F.);
#446=ADVANCED_FACE('',(#26),#425,.F.);
#447=ADVANCED_FACE('',(#27),#426,.F.);
#448=ADVANCED_FACE('',(#28),#427,.F.);
#449=ADVANCED_FACE('',(#29),#428,.F.);
#450=ADVANCED_FACE('',(#30),#429,.F.);
#451=ADVANCED_FACE('',(#31),#430,.F.);
#452=ADVANCED_FACE('',(#32),#431,.F.);
#453=ADVANCED_FACE('',(#33),#432,.F.);
#454=ADVANCED_FACE('',(#34),#433,.F.);
#455=ADVANCED_FACE('',(#35),#434,.F.);
#456=ADVANCED_FACE('',(#36),#435,.F.);
#457=ADVANCED_FACE('',(#37),#436,.F.);
#458=ADVANCED_FACE('',(#38),#437,.F.);
#459=ADVANCED_FACE('',(#39),#438,.F.);
#460=ADVANCED_FACE('',(#40),#439,.F.);
#461=ADVANCED_FACE('',(#41),#440,.F.);
#462=ADVANCED_FACE('',(#42),#441,.F.);
#463=ADVANCED_FACE('',(#43,#17),#21,.F.);
#464=ADVANCED_FACE('',(#44,#18),#22,.T.);
#465=ADVANCED_FACE('',(#45),#15,.F.);
#466=ADVANCED_FACE('',(#46),#442,.F.);
#467=ADVANCED_FACE('',(#47),#443,.F.);
#468=ADVANCED_FACE('',(#48),#16,.F.);
#469=ADVANCED_FACE('',(#49),#444,.T.);
#470=ADVANCED_FACE('',(#50,#19),#23,.T.);
#471=ADVANCED_FACE('',(#51,#20),#24,.F.);
#472=CLOSED_SHELL('',(#445,#446,#447,#448,#449,#450,#451,#452,#453,#454,
#455,#456,#457,#458,#459,#460,#461,#462,#463,#464,#465,#466,#467,#468,#469,
#470,#471));
#473=DERIVED_UNIT_ELEMENT(#475,1.);
#474=DERIVED_UNIT_ELEMENT(#3547,-3.);
#475=(
MASS_UNIT()
NAMED_UNIT(*)
SI_UNIT(.KILO.,.GRAM.)
);
#476=DERIVED_UNIT((#473,#474));
#477=MEASURE_REPRESENTATION_ITEM('density measure',
POSITIVE_RATIO_MEASURE(7850.),#476);
#478=PROPERTY_DEFINITION_REPRESENTATION(#483,#480);
#479=PROPERTY_DEFINITION_REPRESENTATION(#484,#481);
#480=REPRESENTATION('material name',(#482),#3544);
#481=REPRESENTATION('density',(#477),#3544);
#482=DESCRIPTIVE_REPRESENTATION_ITEM('Stahl','Stahl');
#483=PROPERTY_DEFINITION('material property','material name',#3554);
#484=PROPERTY_DEFINITION('material property','density of part',#3554);
#485=AXIS2_PLACEMENT_3D('',#612,#521,#522);
#486=AXIS2_PLACEMENT_3D('',#613,#523,#524);
#487=AXIS2_PLACEMENT_3D('',#650,#526,#527);
#488=AXIS2_PLACEMENT_3D('',#688,#528,#529);
#489=AXIS2_PLACEMENT_3D('',#769,#531,#532);
#490=AXIS2_PLACEMENT_3D('',#850,#534,#535);
#491=AXIS2_PLACEMENT_3D('',#943,#537,#538);
#492=AXIS2_PLACEMENT_3D('',#1030,#540,#541);
#493=AXIS2_PLACEMENT_3D('',#1126,#543,#544);
#494=AXIS2_PLACEMENT_3D('',#1219,#546,#547);
#495=AXIS2_PLACEMENT_3D('',#1235,#549,#550);
#496=AXIS2_PLACEMENT_3D('',#1252,#551,#552);
#497=AXIS2_PLACEMENT_3D('',#1286,#554,#555);
#498=AXIS2_PLACEMENT_3D('',#1324,#556,#557);
#499=AXIS2_PLACEMENT_3D('',#1417,#559,#560);
#500=AXIS2_PLACEMENT_3D('',#1516,#562,#563);
#501=AXIS2_PLACEMENT_3D('',#1597,#565,#566);
#502=AXIS2_PLACEMENT_3D('',#1690,#568,#569);
#503=AXIS2_PLACEMENT_3D('',#1774,#571,#572);
#504=AXIS2_PLACEMENT_3D('',#1861,#574,#575);
#505=AXIS2_PLACEMENT_3D('',#1877,#577,#578);
#506=AXIS2_PLACEMENT_3D('',#1897,#579,#580);
#507=AXIS2_PLACEMENT_3D('',#1899,#581,#582);
#508=AXIS2_PLACEMENT_3D('',#1902,#584,#585);
#509=AXIS2_PLACEMENT_3D('',#1903,#586,#587);
#510=AXIS2_PLACEMENT_3D('',#1905,#588,#589);
#511=AXIS2_PLACEMENT_3D('',#1908,#591,#592);
#512=AXIS2_PLACEMENT_3D('',#1909,#593,#594);
#513=AXIS2_PLACEMENT_3D('',#1910,#595,#596);
#514=AXIS2_PLACEMENT_3D('',#2857,#597,#598);
#515=AXIS2_PLACEMENT_3D('',#2895,#599,#600);
#516=AXIS2_PLACEMENT_3D('',#3534,#601,#602);
#517=AXIS2_PLACEMENT_3D('',#3536,#603,#604);
#518=AXIS2_PLACEMENT_3D('',#3539,#606,#607);
#519=AXIS2_PLACEMENT_3D('',#3540,#608,#609);
#520=AXIS2_PLACEMENT_3D('',#3541,#610,#611);
#521=DIRECTION('axis',(0.,0.,1.));
#522=DIRECTION('refdir',(1.,0.,0.));
#523=DIRECTION('center_axis',(0.,0.,-1.));
#524=DIRECTION('ref_axis',(1.,-1.81240761168721E-14,0.));
#525=DIRECTION('',(1.22464679914735E-16,-2.23455677822966E-30,-1.));
#526=DIRECTION('center_axis',(0.,0.,-1.));
#527=DIRECTION('ref_axis',(1.,-1.81240761168721E-14,0.));
#528=DIRECTION('center_axis',(0.,0.,-1.));
#529=DIRECTION('ref_axis',(1.,-1.81240761168721E-14,0.));
#530=DIRECTION('',(1.22464679914735E-16,-2.23455677822966E-30,-1.));
#531=DIRECTION('center_axis',(0.,0.,-1.));
#532=DIRECTION('ref_axis',(1.,-1.81240761168721E-14,0.));
#533=DIRECTION('',(1.22464679914735E-16,-2.23455677822966E-30,-1.));
#534=DIRECTION('center_axis',(0.,0.,-1.));
#535=DIRECTION('ref_axis',(1.,-1.81240761168721E-14,0.));
#536=DIRECTION('',(1.22464679914735E-16,-2.23455677822966E-30,-1.));
#537=DIRECTION('center_axis',(0.,0.,-1.));
#538=DIRECTION('ref_axis',(1.,-1.81240761168721E-14,0.));
#539=DIRECTION('',(1.22464679914735E-16,-2.23455677822966E-30,-1.));
#540=DIRECTION('center_axis',(0.,0.,-1.));
#541=DIRECTION('ref_axis',(1.,-1.81240761168721E-14,0.));
#542=DIRECTION('',(1.22464679914735E-16,-2.23455677822966E-30,-1.));
#543=DIRECTION('center_axis',(0.,0.,-1.));
#544=DIRECTION('ref_axis',(1.,-1.81240761168721E-14,0.));
#545=DIRECTION('',(1.22464679914735E-16,-2.23455677822966E-30,-1.));
#546=DIRECTION('center_axis',(0.,0.,-1.));
#547=DIRECTION('ref_axis',(1.,-1.81240761168721E-14,0.));
#548=DIRECTION('',(1.22464679914735E-16,-2.23455677822966E-30,-1.));
#549=DIRECTION('center_axis',(0.,0.,1.));
#550=DIRECTION('ref_axis',(1.,-1.81240761168721E-14,0.));
#551=DIRECTION('center_axis',(0.,0.,-1.));
#552=DIRECTION('ref_axis',(1.,0.,0.));
#553=DIRECTION('',(0.,0.,1.));
#554=DIRECTION('center_axis',(0.,0.,1.));
#555=DIRECTION('ref_axis',(1.,0.,0.));
#556=DIRECTION('center_axis',(0.,0.,-1.));
#557=DIRECTION('ref_axis',(1.,0.,0.));
#558=DIRECTION('',(0.,0.,1.));
#559=DIRECTION('center_axis',(0.,0.,-1.));
#560=DIRECTION('ref_axis',(1.,0.,0.));
#561=DIRECTION('',(0.,0.,1.));
#562=DIRECTION('center_axis',(0.,0.,-1.));
#563=DIRECTION('ref_axis',(1.,0.,0.));
#564=DIRECTION('',(0.,0.,1.));
#565=DIRECTION('center_axis',(0.,0.,-1.));
#566=DIRECTION('ref_axis',(1.,0.,0.));
#567=DIRECTION('',(0.,0.,1.));
#568=DIRECTION('center_axis',(0.,0.,-1.));
#569=DIRECTION('ref_axis',(1.,0.,0.));
#570=DIRECTION('',(0.,0.,1.));
#571=DIRECTION('center_axis',(0.,0.,-1.));
#572=DIRECTION('ref_axis',(1.,0.,0.));
#573=DIRECTION('',(0.,0.,1.));
#574=DIRECTION('center_axis',(0.,0.,-1.));
#575=DIRECTION('ref_axis',(1.,0.,0.));
#576=DIRECTION('',(0.,0.,1.));
#577=DIRECTION('center_axis',(0.,0.,1.));
#578=DIRECTION('ref_axis',(1.,0.,0.));
#579=DIRECTION('center_axis',(0.,0.,-1.));
#580=DIRECTION('ref_axis',(1.,0.,0.));
#581=DIRECTION('center_axis',(0.,0.,-1.));
#582=DIRECTION('ref_axis',(1.,0.,0.));
#583=DIRECTION('',(0.,0.,-1.));
#584=DIRECTION('center_axis',(0.,0.,1.));
#585=DIRECTION('ref_axis',(1.,0.,0.));
#586=DIRECTION('center_axis',(0.,0.,1.));
#587=DIRECTION('ref_axis',(1.,0.,0.));
#588=DIRECTION('center_axis',(0.,0.,1.));
#589=DIRECTION('ref_axis',(1.,0.,0.));
#590=DIRECTION('',(0.,0.,1.));
#591=DIRECTION('center_axis',(0.,0.,1.));
#592=DIRECTION('ref_axis',(1.,0.,0.));
#593=DIRECTION('center_axis',(0.,0.,1.));
#594=DIRECTION('ref_axis',(1.,0.,0.));
#595=DIRECTION('center_axis',(0.,0.,1.));
#596=DIRECTION('ref_axis',(1.,0.,0.));
#597=DIRECTION('center_axis',(0.,0.,-1.));
#598=DIRECTION('ref_axis',(1.,0.,0.));
#599=DIRECTION('center_axis',(0.,0.,-1.));
#600=DIRECTION('ref_axis',(1.,-1.81240761168721E-14,0.));
#601=DIRECTION('center_axis',(0.,0.,-1.));
#602=DIRECTION('ref_axis',(1.,0.,0.));
#603=DIRECTION('center_axis',(0.,0.,-1.));
#604=DIRECTION('ref_axis',(1.,0.,0.));
#605=DIRECTION('',(0.,0.,1.));
#606=DIRECTION('center_axis',(0.,0.,1.));
#607=DIRECTION('ref_axis',(1.,0.,0.));
#608=DIRECTION('center_axis',(0.,0.,1.));
#609=DIRECTION('ref_axis',(1.,0.,0.));
#610=DIRECTION('center_axis',(0.,0.,1.));
#611=DIRECTION('ref_axis',(1.,0.,0.));
#612=CARTESIAN_POINT('',(0.,0.,0.));
#613=CARTESIAN_POINT('Origin',(0.,0.,-54.479172322164));
#614=CARTESIAN_POINT('',(-20.2534674358764,-0.000852694368931853,-77.9630758978978));
#615=CARTESIAN_POINT('',(-20.2529828145992,0.000366014966016786,-78.286924102097));
#616=CARTESIAN_POINT('',(-20.2527,3.69541716795086E-13,-54.479172322164));
#617=CARTESIAN_POINT('',(8.0164060380361,-18.5986314422154,-80.));
#618=CARTESIAN_POINT('Ctrl Pts',(8.01640603803212,-18.5986314422104,-80.0000000000032));
#619=CARTESIAN_POINT('Ctrl Pts',(10.9186995199483,-17.3476811739143,-79.9379101689065));
#620=CARTESIAN_POINT('Ctrl Pts',(13.5220473707304,-15.4062690774631,-79.8758203378099));
#621=CARTESIAN_POINT('Ctrl Pts',(15.5471643402912,-12.9811838222693,-79.8137305067132));
#622=CARTESIAN_POINT('Ctrl Pts',(17.5722813098519,-10.5560985670755,-79.7516406756166));
#623=CARTESIAN_POINT('Ctrl Pts',(19.0191673981912,-7.64734015313902,-79.6895508445199));
#624=CARTESIAN_POINT('Ctrl Pts',(19.7319837956948,-4.56892733786183,-79.6274610134232));
#625=CARTESIAN_POINT('Ctrl Pts',(20.4448001931984,-1.4905145225846,-79.5653711823266));
#626=CARTESIAN_POINT('Ctrl Pts',(20.4235468998662,1.75755269403347,-79.5032813512299));
#627=CARTESIAN_POINT('Ctrl Pts',(19.6706063769756,4.82623738873794,-79.4411915201333));
#628=CARTESIAN_POINT('Ctrl Pts',(18.9176658540851,7.89492208344238,-79.3791016890366));
#629=CARTESIAN_POINT('Ctrl Pts',(17.4330381016362,10.7842242562332,-79.3170118579399));
#630=CARTESIAN_POINT('Ctrl Pts',(15.3764100982568,13.183060562986,-79.2549220268433));
#631=CARTESIAN_POINT('Ctrl Pts',(13.3197820948775,15.5818968697388,-79.1928321957466));
#632=CARTESIAN_POINT('Ctrl Pts',(10.6911538405677,17.4902673104535,-79.13074236465));
#633=CARTESIAN_POINT('Ctrl Pts',(7.77337734714086,18.7029495115158,-79.0686525335533));
#634=CARTESIAN_POINT('Ctrl Pts',(4.85560085371402,19.915631712578,-79.0065627024566));
#635=CARTESIAN_POINT('Ctrl Pts',(1.64867612117022,20.4326256739879,-78.94447287136));
#636=CARTESIAN_POINT('Ctrl Pts',(-1.50237250176921,20.1982516678974,-78.8823830402633));
#637=CARTESIAN_POINT('Ctrl Pts',(-4.65342112470864,19.9638776618069,-78.8202932091666));
#638=CARTESIAN_POINT('Ctrl Pts',(-7.74859363804357,18.978135688216,-78.75820337807));
#639=CARTESIAN_POINT('Ctrl Pts',(-10.4548453191137,17.3471154122563,-78.6961135469733));
#640=CARTESIAN_POINT('Ctrl Pts',(-13.1610970001837,15.7160951362966,-78.6340237158767));
#641=CARTESIAN_POINT('Ctrl Pts',(-15.4784278489889,13.4397965579682,-78.57193388478));
#642=CARTESIAN_POINT('Ctrl Pts',(-17.1575459967291,10.7631143900552,-78.5098440536833));
#643=CARTESIAN_POINT('Ctrl Pts',(-18.8366641444692,8.0864322221423,-78.4477542225867));
#644=CARTESIAN_POINT('Ctrl Pts',(-19.8775695911444,5.00936646464477,-78.3856643914901));
#645=CARTESIAN_POINT('Ctrl Pts',(-20.1681948678899,1.86301200727087,-78.3235745603934));
#646=CARTESIAN_POINT('Ctrl Pts',(-20.2253784109177,1.24393407465327,-78.3113577409623));
#647=CARTESIAN_POINT('Ctrl Pts',(-20.2535151187245,0.622173654174956,-78.2991409215313));
#648=CARTESIAN_POINT('Ctrl Pts',(-20.2529828145937,0.000366014966015756,
-78.2869241021002));
#649=CARTESIAN_POINT('',(-8.01640603803582,-18.5986314422155,-80.));
#650=CARTESIAN_POINT('Origin',(0.,0.,-80.));
#651=CARTESIAN_POINT('Ctrl Pts',(-20.2534674358764,-0.000852694368931852,
-77.9630758978978));
#652=CARTESIAN_POINT('Ctrl Pts',(-20.2520749420778,1.78232277137437,-77.9980975482568));
#653=CARTESIAN_POINT('Ctrl Pts',(-20.0166797493882,3.5659451885011,-78.0331191986158));
#654=CARTESIAN_POINT('Ctrl Pts',(-19.5509154087332,5.28664405481683,-78.0681408489748));
#655=CARTESIAN_POINT('Ctrl Pts',(-18.7251625117277,8.33726847946954,-78.130230680071));
#656=CARTESIAN_POINT('Ctrl Pts',(-17.1753204360789,11.190113545964,-78.1923205111671));
#657=CARTESIAN_POINT('Ctrl Pts',(-15.0635359524052,13.5398444279678,-78.2544103422632));
#658=CARTESIAN_POINT('Ctrl Pts',(-12.9517514687316,15.8895753099715,-78.3165001733593));
#659=CARTESIAN_POINT('Ctrl Pts',(-10.278024577033,17.7361920074845,-78.3785900044555));
#660=CARTESIAN_POINT('Ctrl Pts',(-7.33234122257924,18.8802159115344,-78.4406798355516));
#661=CARTESIAN_POINT('Ctrl Pts',(-4.38665786812544,20.0242398155842,-78.5027696666478));
#662=CARTESIAN_POINT('Ctrl Pts',(-1.16901805091641,20.4656709261709,-78.5648594977439));
#663=CARTESIAN_POINT('Ctrl Pts',(1.97553171393846,20.1574091950267,-78.62694932884));
#664=CARTESIAN_POINT('Ctrl Pts',(5.12008147879341,19.8491474638824,-78.6890391599361));
#665=CARTESIAN_POINT('Ctrl Pts',(8.19154119129418,18.7911928910071,-78.7511289910323));
#666=CARTESIAN_POINT('Ctrl Pts',(10.8588673687044,17.0971773279145,-78.8132188221284));
#667=CARTESIAN_POINT('Ctrl Pts',(13.5261935461145,15.403161764822,-78.8753086532246));
#668=CARTESIAN_POINT('Ctrl Pts',(15.7893861884341,13.0730852115123,-78.9373984843207));
#669=CARTESIAN_POINT('Ctrl Pts',(17.4052258468914,10.357748869826,-78.9994883154168));
#670=CARTESIAN_POINT('Ctrl Pts',(19.0210655053488,7.64241252813965,-79.0615781465129));
#671=CARTESIAN_POINT('Ctrl Pts',(19.9895521799438,4.54181639807689,-79.1236679776091));
#672=CARTESIAN_POINT('Ctrl Pts',(20.2063401975435,1.38951309740879,-79.1857578087052));
#673=CARTESIAN_POINT('Ctrl Pts',(20.4231282151433,-1.76279020325922,-79.2478476398014));
#674=CARTESIAN_POINT('Ctrl Pts',(19.8882175757477,-4.9668006745326,-79.3099374708975));
#675=CARTESIAN_POINT('Ctrl Pts',(18.6592326582204,-7.87775598711145,-79.3720273019936));
#676=CARTESIAN_POINT('Ctrl Pts',(17.4302477406931,-10.7887112996904,-79.4341171330897));
#677=CARTESIAN_POINT('Ctrl Pts',(15.507188545034,-13.406611453575,-79.4962069641859));
#678=CARTESIAN_POINT('Ctrl Pts',(13.0969279970613,-15.44981215273,-79.5582967952821));
#679=CARTESIAN_POINT('Ctrl Pts',(10.6866674490888,-17.4930128518849,-79.6203866263782));
#680=CARTESIAN_POINT('Ctrl Pts',(7.78920554880278,-18.9615140963102,-79.6824764574743));
#681=CARTESIAN_POINT('Ctrl Pts',(4.71631032465915,-19.6972817738288,-79.7445662885704));
#682=CARTESIAN_POINT('Ctrl Pts',(1.64341510051553,-20.4330494513475,-79.8066561196665));
#683=CARTESIAN_POINT('Ctrl Pts',(-1.60491344748572,-20.4360835619594,-79.8687459507627));
#684=CARTESIAN_POINT('Ctrl Pts',(-4.6791877207037,-19.7061139695073,-79.9308357818589));
#685=CARTESIAN_POINT('Ctrl Pts',(-5.82070463098743,-19.4350670297349,-79.9538905212393));
#686=CARTESIAN_POINT('Ctrl Pts',(-6.93822414232659,-19.0629586117989,-79.9769452606196));
#687=CARTESIAN_POINT('Ctrl Pts',(-8.01577081953334,-18.5978414422938,-80.));
#688=CARTESIAN_POINT('Origin',(0.,0.,-54.479172322164));
#689=CARTESIAN_POINT('',(-20.2519465574718,-0.00149788172377872,-75.4630758978786));
#690=CARTESIAN_POINT('',(-20.2574763107346,-0.00143674108810311,-75.7869241021343));
#691=CARTESIAN_POINT('',(-20.2527,3.69541716795086E-13,-54.479172322164));
#692=CARTESIAN_POINT('Ctrl Pts',(-20.2529828145992,0.000366014966016786,
-78.286924102097));
#693=CARTESIAN_POINT('Ctrl Pts',(-20.2508097768231,-2.53805405573936,-78.2370510904314));
#694=CARTESIAN_POINT('Ctrl Pts',(-19.7708571364207,-5.07726104391486,-78.1871780787658));
#695=CARTESIAN_POINT('Ctrl Pts',(-18.8388295044522,-7.43796857145139,-78.1373050671002));
#696=CARTESIAN_POINT('Ctrl Pts',(-17.6784937574477,-10.3769515355484,-78.0752152360035));
#697=CARTESIAN_POINT('Ctrl Pts',(-15.8174771566229,-13.039274306491,-78.0131254049069));
#698=CARTESIAN_POINT('Ctrl Pts',(-13.4557270656779,-15.1384240748829,-77.9510355738103));
#699=CARTESIAN_POINT('Ctrl Pts',(-11.0939769747331,-17.2375738432747,-77.8889457427136));
#700=CARTESIAN_POINT('Ctrl Pts',(-8.23149339366807,-18.7735506091158,-77.8268559116169));
#701=CARTESIAN_POINT('Ctrl Pts',(-5.17683531586465,-19.5812179810647,-77.7647660805202));
#702=CARTESIAN_POINT('Ctrl Pts',(-2.12217723806119,-20.3888853530137,-77.7026762494235));
#703=CARTESIAN_POINT('Ctrl Pts',(1.1246553364807,-20.4682433310705,-77.6405864183269));
#704=CARTESIAN_POINT('Ctrl Pts',(4.21547381916495,-19.8105037694096,-77.5784965872303));
#705=CARTESIAN_POINT('Ctrl Pts',(7.30629230184916,-19.1527642077487,-77.5164067561337));
#706=CARTESIAN_POINT('Ctrl Pts',(10.2410966926757,-17.7579271063701,-77.454316925037));
#707=CARTESIAN_POINT('Ctrl Pts',(12.7018145170988,-15.7765698954929,-77.3922270939403));
#708=CARTESIAN_POINT('Ctrl Pts',(15.1625323415218,-13.7952126846157,-77.3301372628436));
#709=CARTESIAN_POINT('Ctrl Pts',(17.1491635995413,-11.2273353642398,-77.268047431747));
#710=CARTESIAN_POINT('Ctrl Pts',(18.4525636753347,-8.34820096879301,-77.2059576006503));
#711=CARTESIAN_POINT('Ctrl Pts',(19.7559637511281,-5.46906657334618,-77.1438677695537));
#712=CARTESIAN_POINT('Ctrl Pts',(20.3761326446956,-2.2786751028283,-77.081777938457));
#713=CARTESIAN_POINT('Ctrl Pts',(20.2369304286958,0.877325239489466,-77.0196881073604));
#714=CARTESIAN_POINT('Ctrl Pts',(20.0513274740294,5.08532569591322,-76.9369016658981));
#715=CARTESIAN_POINT('Ctrl Pts',(18.5157314356878,9.23218636887009,-76.8541152244359));
#716=CARTESIAN_POINT('Ctrl Pts',(15.910043987272,12.53941205642,-76.7713287829737));
#717=CARTESIAN_POINT('Ctrl Pts',(13.3043565388562,15.8466377439699,-76.6885423415115));
#718=CARTESIAN_POINT('Ctrl Pts',(9.62857768036614,18.3142284461128,-76.6057559000493));
#719=CARTESIAN_POINT('Ctrl Pts',(5.58003265624764,19.4743203776784,-76.5229694585871));
#720=CARTESIAN_POINT('Ctrl Pts',(1.53148763212915,20.6344123092441,-76.4401830171248));
#721=CARTESIAN_POINT('Ctrl Pts',(-2.88982355761787,20.4870054702325,-76.3573965756626));
#722=CARTESIAN_POINT('Ctrl Pts',(-6.85224511593185,19.0623678017301,-76.2746101342004));
#723=CARTESIAN_POINT('Ctrl Pts',(-10.8146666742458,17.6377301332277,-76.1918236927382));
#724=CARTESIAN_POINT('Ctrl Pts',(-14.3181986011268,14.9358616352345,-76.109037251276));
#725=CARTESIAN_POINT('Ctrl Pts',(-16.701727763984,11.463434687524,-76.0262508098138));
#726=CARTESIAN_POINT('Ctrl Pts',(-18.9985700050129,8.117296944939,-75.9464752405873));
#727=CARTESIAN_POINT('Ctrl Pts',(-20.2553951274455,4.05563063016935,-75.8666996713608));
#728=CARTESIAN_POINT('Ctrl Pts',(-20.2574763107346,-0.00143674108810311,
-75.7869241021343));
#729=CARTESIAN_POINT('Ctrl Pts',(-20.2519465574718,-0.00149788172377872,
-75.4630758978786));
#730=CARTESIAN_POINT('Ctrl Pts',(-20.2459596811577,3.11393600070576,-75.5242630773276));
#731=CARTESIAN_POINT('Ctrl Pts',(-19.5253303960309,6.23228161671607,-75.5854502567766));
#732=CARTESIAN_POINT('Ctrl Pts',(-18.1396243418124,9.01836784975238,-75.6466374362256));
#733=CARTESIAN_POINT('Ctrl Pts',(-16.26475980036,12.7879510682471,-75.7294238776871));
#734=CARTESIAN_POINT('Ctrl Pts',(-13.1723942198635,15.9492945123238,-75.8122103191486));
#735=CARTESIAN_POINT('Ctrl Pts',(-9.44805453484419,17.9173657068862,-75.8949967606102));
#736=CARTESIAN_POINT('Ctrl Pts',(-6.96516141149795,19.2294131699277,-75.9501877215845));
#737=CARTESIAN_POINT('Ctrl Pts',(-4.20139090836377,20.0111174109628,-76.0053786825588));
#738=CARTESIAN_POINT('Ctrl Pts',(-1.39843220166002,20.2041226953348,-76.0605696435331));
#739=CARTESIAN_POINT('Ctrl Pts',(1.40452650504363,20.3971279797067,-76.1157606045075));
#740=CARTESIAN_POINT('Ctrl Pts',(4.24667341531682,20.0014343074155,-76.1709515654818));
#741=CARTESIAN_POINT('Ctrl Pts',(6.88760153329248,19.0467578716321,-76.2261425264562));
#742=CARTESIAN_POINT('Ctrl Pts',(9.52852965126828,18.0920814358486,-76.2813334874305));
#743=CARTESIAN_POINT('Ctrl Pts',(11.9682389769466,16.5784222365728,-76.3365244484049));
#744=CARTESIAN_POINT('Ctrl Pts',(13.998708329381,14.6366143656079,-76.3917154093792));
#745=CARTESIAN_POINT('Ctrl Pts',(16.0291776818155,12.6948064946429,-76.4469063703535));
#746=CARTESIAN_POINT('Ctrl Pts',(17.6504070610063,10.3248499519889,-76.5020973313279));
#747=CARTESIAN_POINT('Ctrl Pts',(18.721751831197,7.72891782132926,-76.5572882923022));
#748=CARTESIAN_POINT('Ctrl Pts',(19.7930966013877,5.13298569066974,-76.6124792532766));
#749=CARTESIAN_POINT('Ctrl Pts',(20.3145567625786,2.31107797200467,-76.6676702142509));
#750=CARTESIAN_POINT('Ctrl Pts',(20.2465093778516,-0.497703839549043,-76.7228611752253));
#751=CARTESIAN_POINT('Ctrl Pts',(20.1784619931247,-3.30648565110285,-76.7780521361996));
#752=CARTESIAN_POINT('Ctrl Pts',(19.5209070624801,-6.10214155554527,-76.8332430971739));
#753=CARTESIAN_POINT('Ctrl Pts',(18.3205192777366,-8.64084910640002,-76.8884340581483));
#754=CARTESIAN_POINT('Ctrl Pts',(16.5199376006213,-12.4489104326821,-76.9712204996098));
#755=CARTESIAN_POINT('Ctrl Pts',(13.4979820017835,-15.678837963392,-77.0540069410713));
#756=CARTESIAN_POINT('Ctrl Pts',(9.81579899489478,-17.7199506993132,-77.1367933825328));
#757=CARTESIAN_POINT('Ctrl Pts',(6.13361598800614,-19.7610634352344,-77.2195798239943));
#758=CARTESIAN_POINT('Ctrl Pts',(1.79120557306653,-20.6133613763669,-77.3023662654558));
#759=CARTESIAN_POINT('Ctrl Pts',(-2.39120420083501,-20.1161109903267,-77.3851527069174));
#760=CARTESIAN_POINT('Ctrl Pts',(-6.57361397473666,-19.6188606042864,-77.4679391483788));
#761=CARTESIAN_POINT('Ctrl Pts',(-10.5960231076002,-17.7720618910733,-77.5507255898403));
#762=CARTESIAN_POINT('Ctrl Pts',(-13.6973097482358,-14.9247218105638,-77.6335120313019));
#763=CARTESIAN_POINT('Ctrl Pts',(-16.7985963888713,-12.0773817300543,-77.7162984727634));
#764=CARTESIAN_POINT('Ctrl Pts',(-18.9787605372787,-8.22950028224844,-77.7990849142249));
#765=CARTESIAN_POINT('Ctrl Pts',(-19.8356585297487,-4.10543392247579,-77.8818713556864));
#766=CARTESIAN_POINT('Ctrl Pts',(-20.1158332700077,-2.75701295368597,-77.9089395364235));
#767=CARTESIAN_POINT('Ctrl Pts',(-20.254543692233,-1.37906632216588,-77.9360077171607));
#768=CARTESIAN_POINT('Ctrl Pts',(-20.2534674358764,-0.000852694368931852,
-77.9630758978978));
#769=CARTESIAN_POINT('Origin',(0.,0.,-54.479172322164));
#770=CARTESIAN_POINT('',(-20.2538968205588,-0.0015257373994648,-72.9630758977741));
#771=CARTESIAN_POINT('',(-20.2571519410262,0.000575256187153869,-73.2869241022637));
#772=CARTESIAN_POINT('',(-20.2527,3.69541716795086E-13,-54.479172322164));
#773=CARTESIAN_POINT('Ctrl Pts',(-20.2574763107346,-0.00143674108810311,
-75.7869241021343));
#774=CARTESIAN_POINT('Ctrl Pts',(-20.2575548583031,-0.154557698105579,-75.7839132298986));
#775=CARTESIAN_POINT('Ctrl Pts',(-20.2558460956587,-0.307672104193823,-75.7809023576629));
#776=CARTESIAN_POINT('Ctrl Pts',(-20.2523384788753,-0.4607412445858,-75.7778914854271));
#777=CARTESIAN_POINT('Ctrl Pts',(-20.1558936320762,-4.66950483155722,-75.6951050439649));
#778=CARTESIAN_POINT('Ctrl Pts',(-18.6994775396444,-8.84404660807234,-75.6123186025028));
#779=CARTESIAN_POINT('Ctrl Pts',(-16.1633487286545,-12.2081489066285,-75.5295321610405));
#780=CARTESIAN_POINT('Ctrl Pts',(-14.4725961879946,-14.4508837723327,-75.4743412000657));
#781=CARTESIAN_POINT('Ctrl Pts',(-12.3019713279755,-16.3334233144996,-75.4191502390908));
#782=CARTESIAN_POINT('Ctrl Pts',(-9.84677276268661,-17.6980918490189,-75.363959278116));
#783=CARTESIAN_POINT('Ctrl Pts',(-7.39157419739772,-19.0627603835383,-75.3087683171413));
#784=CARTESIAN_POINT('Ctrl Pts',(-4.65180192683912,-19.90955791041,-75.2535773561665));
#785=CARTESIAN_POINT('Ctrl Pts',(-1.85439612869299,-20.1679959965297,-75.1983863951917));
#786=CARTESIAN_POINT('Ctrl Pts',(0.943009669453102,-20.4264340826494,-75.1431954342169));
#787=CARTESIAN_POINT('Ctrl Pts',(3.79804899518676,-20.096512728017,-75.0880044732421));
#788=CARTESIAN_POINT('Ctrl Pts',(6.45893134218529,-19.1984996060592,-75.0328135122672));
#789=CARTESIAN_POINT('Ctrl Pts',(10.450254862683,-17.8514799231225,-74.950027070805));
#790=CARTESIAN_POINT('Ctrl Pts',(14.0047251810268,-15.2262537637037,-74.8672406293428));
#791=CARTESIAN_POINT('Ctrl Pts',(16.4609049768561,-11.8052808142497,-74.7844541878806));
#792=CARTESIAN_POINT('Ctrl Pts',(17.6889948747708,-10.0947943395226,-74.7430609671495));
#793=CARTESIAN_POINT('Ctrl Pts',(18.6425121420568,-8.18537116728686,-74.7016677464184));
#794=CARTESIAN_POINT('Ctrl Pts',(19.2856212862555,-6.17757318338987,-74.6602745256873));
#795=CARTESIAN_POINT('Ctrl Pts',(19.9287304304541,-4.16977519949282,-74.6188813049562));
#796=CARTESIAN_POINT('Ctrl Pts',(20.2614314515653,-2.06360240393446,-74.5774880842251));
#797=CARTESIAN_POINT('Ctrl Pts',(20.2558675551899,0.0419316123941144,-74.536094863494));
#798=CARTESIAN_POINT('Ctrl Pts',(20.2447397624393,4.25299964505117,-74.4533084220317));
#799=CARTESIAN_POINT('Ctrl Pts',(18.8805522997427,8.4615125607895,-74.3705219805695));
#800=CARTESIAN_POINT('Ctrl Pts',(16.4132062618772,11.8734407496931,-74.2877355391073));
#801=CARTESIAN_POINT('Ctrl Pts',(13.9458602240117,15.2853689385966,-74.2049490976451));
#802=CARTESIAN_POINT('Ctrl Pts',(10.3753556109772,17.9007124006653,-74.1221626561829));
#803=CARTESIAN_POINT('Ctrl Pts',(6.37807250804499,19.2266682608282,-74.0393762147207));
#804=CARTESIAN_POINT('Ctrl Pts',(2.38078940511285,20.552624120991,-73.9565897732585));
#805=CARTESIAN_POINT('Ctrl Pts',(-2.04327218771694,20.589192379248,-73.8738033317962));
#806=CARTESIAN_POINT('Ctrl Pts',(-6.06116884562893,19.3291147493708,-73.791016890334));
#807=CARTESIAN_POINT('Ctrl Pts',(-10.079065503541,18.0690371194936,-73.7082304488718));
#808=CARTESIAN_POINT('Ctrl Pts',(-13.6907972265354,15.512313601482,-73.6254440074096));
#809=CARTESIAN_POINT('Ctrl Pts',(-16.2150579752988,12.1416124224679,-73.5426575659474));
#810=CARTESIAN_POINT('Ctrl Pts',(-18.7393187240621,8.77091124345385,-73.4598711244852));
#811=CARTESIAN_POINT('Ctrl Pts',(-20.1761084985946,4.58623240343728,-73.3770846830229));
#812=CARTESIAN_POINT('Ctrl Pts',(-20.2538180487638,0.375674954610462,-73.2942982415607));
#813=CARTESIAN_POINT('Ctrl Pts',(-20.2561253551195,0.25065755402536,-73.2918401951284));
#814=CARTESIAN_POINT('Ctrl Pts',(-20.2572345235151,0.125617339376017,-73.289382148696));
#815=CARTESIAN_POINT('Ctrl Pts',(-20.2571519410262,0.000575256187153869,
-73.2869241022637));
#816=CARTESIAN_POINT('Ctrl Pts',(-20.2538968205588,-0.0015257373994648,
-72.9630758977741));
#817=CARTESIAN_POINT('Ctrl Pts',(-20.246925484145,3.39052887375402,-73.0297319959762));
#818=CARTESIAN_POINT('Ctrl Pts',(-19.3854007212307,6.78583656649027,-73.0963880941782));
#819=CARTESIAN_POINT('Ctrl Pts',(-17.7521409321242,9.75729116945842,-73.1630441923802));
#820=CARTESIAN_POINT('Ctrl Pts',(-15.7236428716396,13.4478185057349,-73.2458306338417));
#821=CARTESIAN_POINT('Ctrl Pts',(-12.5047065807785,16.4845321559686,-73.3286170753033));
#822=CARTESIAN_POINT('Ctrl Pts',(-8.70217147599923,18.2935349219169,-73.4114035167648));
#823=CARTESIAN_POINT('Ctrl Pts',(-4.89963637121997,20.1025376878652,-73.4941899582263));
#824=CARTESIAN_POINT('Ctrl Pts',(-0.513502452522583,20.6838295695281,-73.5769763996878));
#825=CARTESIAN_POINT('Ctrl Pts',(3.62948872469345,19.9289723664756,-73.6597628411493));
#826=CARTESIAN_POINT('Ctrl Pts',(7.77247990190953,19.1741151634231,-73.7425492826108));
#827=CARTESIAN_POINT('Ctrl Pts',(11.6723283376442,17.0831088756553,-73.8253357240724));
#828=CARTESIAN_POINT('Ctrl Pts',(14.5931056316517,14.0496338484021,-73.9081221655339));
#829=CARTESIAN_POINT('Ctrl Pts',(17.5138829256592,11.0161588211489,-73.9909086069954));
#830=CARTESIAN_POINT('Ctrl Pts',(19.4555890779394,7.04021505441028,-74.0736950484569));
#831=CARTESIAN_POINT('Ctrl Pts',(20.0525014133448,2.87163478335974,-74.1564814899184));
#832=CARTESIAN_POINT('Ctrl Pts',(20.6494137487502,-1.29694548769074,-74.2392679313799));
#833=CARTESIAN_POINT('Ctrl Pts',(19.9015322672809,-5.65816226305316,-74.3220543728414));
#834=CARTESIAN_POINT('Ctrl Pts',(17.9496502719199,-9.38951321155457,-74.404840814303));
#835=CARTESIAN_POINT('Ctrl Pts',(15.9977682765589,-13.120864160056,-74.4876272557645));
#836=CARTESIAN_POINT('Ctrl Pts',(12.8418857673063,-16.2223492816964,-74.570413697226));
#837=CARTESIAN_POINT('Ctrl Pts',(9.07726873718563,-18.10941926688,-74.6532001386875));
#838=CARTESIAN_POINT('Ctrl Pts',(5.31265170706489,-19.9964892520637,-74.735986580149));
#839=CARTESIAN_POINT('Ctrl Pts',(0.939300156076037,-20.6691441007906,-74.8187730216105));
#840=CARTESIAN_POINT('Ctrl Pts',(-3.2183180429833,-19.9999710450767,-74.901559463072));
#841=CARTESIAN_POINT('Ctrl Pts',(-7.37593624204263,-19.3307979893628,-74.9843459045335));
#842=CARTESIAN_POINT('Ctrl Pts',(-11.3178210891724,-17.319797029208,-75.067132345995));
#843=CARTESIAN_POINT('Ctrl Pts',(-14.3003485047006,-14.3473074300496,-75.1499187874565));
#844=CARTESIAN_POINT('Ctrl Pts',(-17.2828759202288,-11.3748178308913,-75.2327052289181));
#845=CARTESIAN_POINT('Ctrl Pts',(-19.3060459041553,-7.44083959272935,-75.3154916703796));
#846=CARTESIAN_POINT('Ctrl Pts',(-19.9889491449143,-3.28493897719211,-75.3982781118411));
#847=CARTESIAN_POINT('Ctrl Pts',(-20.1671209054822,-2.20065047887966,-75.4198773738536));
#848=CARTESIAN_POINT('Ctrl Pts',(-20.254059943173,-1.1012555975591,-75.4414766358661));
#849=CARTESIAN_POINT('Ctrl Pts',(-20.2519465574718,-0.00149788172377871,
-75.4630758978786));
#850=CARTESIAN_POINT('Origin',(0.,0.,-54.479172322164));
#851=CARTESIAN_POINT('',(-20.2533190208338,-0.000513746527245043,-70.4630758977172));
#852=CARTESIAN_POINT('',(-20.2522877749516,-0.000258692393445265,-70.7869241023821));
#853=CARTESIAN_POINT('',(-20.2527,3.69541716795086E-13,-54.479172322164));
#854=CARTESIAN_POINT('Ctrl Pts',(-20.2571519410262,0.000575256187153869,
-73.2869241022637));
#855=CARTESIAN_POINT('Ctrl Pts',(-20.2544531641834,-4.08577141389837,-73.2065957072338));
#856=CARTESIAN_POINT('Ctrl Pts',(-18.9790032386883,-8.17411362334565,-73.126267312204));
#857=CARTESIAN_POINT('Ctrl Pts',(-16.653717057884,-11.5334330411039,-73.0459389171742));
#858=CARTESIAN_POINT('Ctrl Pts',(-14.5235482873461,-14.6108681426599,-72.9723509692077));
#859=CARTESIAN_POINT('Ctrl Pts',(-11.5123371917427,-17.0764936099352,-72.8987630212413));
#860=CARTESIAN_POINT('Ctrl Pts',(-8.07867816809472,-18.5730593463184,-72.8251750732749));
#861=CARTESIAN_POINT('Ctrl Pts',(-6.36184865627068,-19.3213422145101,-72.7883810992917));
#862=CARTESIAN_POINT('Ctrl Pts',(-4.53940716243564,-19.8273601499787,-72.7515871253085));
#863=CARTESIAN_POINT('Ctrl Pts',(-2.68292606463377,-20.074178301051,-72.7147931513253));
#864=CARTESIAN_POINT('Ctrl Pts',(0.101795582068917,-20.4444055276595,-72.6596021903505));
#865=CARTESIAN_POINT('Ctrl Pts',(2.96310633769676,-20.2314332393762,-72.6044112293756));
#866=CARTESIAN_POINT('Ctrl Pts',(5.66010299400406,-19.4469435141323,-72.5492202684008));
#867=CARTESIAN_POINT('Ctrl Pts',(8.35709965031137,-18.6624537888884,-72.494029307426));
#868=CARTESIAN_POINT('Ctrl Pts',(10.8897822072983,-17.3064466266839,-72.4388383464512));
#869=CARTESIAN_POINT('Ctrl Pts',(13.0387989548351,-15.4981706434826,-72.3836473854764));
#870=CARTESIAN_POINT('Ctrl Pts',(15.187815702372,-13.6898946602813,-72.3284564245016));
#871=CARTESIAN_POINT('Ctrl Pts',(16.9531666404587,-11.4293498560833,-72.2732654635268));
#872=CARTESIAN_POINT('Ctrl Pts',(18.1892850316258,-8.90635229802402,-72.218074502552));
#873=CARTESIAN_POINT('Ctrl Pts',(19.4254034227929,-6.38335473996477,-72.1628835415772));
#874=CARTESIAN_POINT('Ctrl Pts',(20.1322892670402,-3.5979044280443,-72.1076925806024));
#875=CARTESIAN_POINT('Ctrl Pts',(20.2405152089347,-0.791750606895384,-72.0525016196276));
#876=CARTESIAN_POINT('Ctrl Pts',(20.384816464794,2.94978782130306,-71.9789136716612));
#877=CARTESIAN_POINT('Ctrl Pts',(19.4648334498039,6.72813248812985,-71.9053257236948));
#878=CARTESIAN_POINT('Ctrl Pts',(17.6206005408075,9.98781359338685,-71.8317377757283));
#879=CARTESIAN_POINT('Ctrl Pts',(16.6984840863093,11.6176541460153,-71.7949438017451));
#880=CARTESIAN_POINT('Ctrl Pts',(15.5453051583096,13.1178288082513,-71.7581498277619));
#881=CARTESIAN_POINT('Ctrl Pts',(14.209542402993,14.4310935715553,-71.7213558537787));
#882=CARTESIAN_POINT('Ctrl Pts',(12.2058982700182,16.4009907165112,-71.6661648928039));
#883=CARTESIAN_POINT('Ctrl Pts',(9.79144052558046,17.9503405888699,-71.6109739318291));
#884=CARTESIAN_POINT('Ctrl Pts',(7.16492986817523,18.9442132936765,-71.5557829708543));
#885=CARTESIAN_POINT('Ctrl Pts',(4.53841921077001,19.9380859984831,-71.5005920098795));
#886=CARTESIAN_POINT('Ctrl Pts',(1.69985564039727,20.3764815357377,-71.4454010489047));
#887=CARTESIAN_POINT('Ctrl Pts',(-1.1051983012975,20.2231693546998,-71.3902100879299));
#888=CARTESIAN_POINT('Ctrl Pts',(-3.91025224299231,20.0698571736619,-71.335019126955));
#889=CARTESIAN_POINT('Ctrl Pts',(-6.68179655600915,19.3248372743315,-71.2798281659802));
#890=CARTESIAN_POINT('Ctrl Pts',(-9.18503394788837,18.0510350824974,-71.2246372050054));
#891=CARTESIAN_POINT('Ctrl Pts',(-11.6882713397675,16.7772328906632,-71.1694462440306));
#892=CARTESIAN_POINT('Ctrl Pts',(-13.923201810509,14.9746484063254,-71.1142552830559));
#893=CARTESIAN_POINT('Ctrl Pts',(-15.6981231342241,12.7975311004291,-71.059064322081));
#894=CARTESIAN_POINT('Ctrl Pts',(-17.4730444579391,10.6204137945327,-71.0038733611062));
#895=CARTESIAN_POINT('Ctrl Pts',(-18.7879566346277,8.06876366707787,-70.9486824001313));
#896=CARTESIAN_POINT('Ctrl Pts',(-19.5313187382018,5.35999744369464,-70.8934914391565));
#897=CARTESIAN_POINT('Ctrl Pts',(-20.0097673720466,3.61655976675185,-70.857968993565));
#898=CARTESIAN_POINT('Ctrl Pts',(-20.2514474157355,1.80803565508764,-70.8224465479736));
#899=CARTESIAN_POINT('Ctrl Pts',(-20.2522877749516,-0.000258692393445265,
-70.7869241023821));
#900=CARTESIAN_POINT('Ctrl Pts',(-20.2533190208338,-0.000513746527245043,
-70.4630758977172));
#901=CARTESIAN_POINT('Ctrl Pts',(-20.25215866593,2.26592367698739,-70.5076054341692));
#902=CARTESIAN_POINT('Ctrl Pts',(-19.8694378033006,4.53337484078777,-70.5521349706213));
#903=CARTESIAN_POINT('Ctrl Pts',(-19.1225937696862,6.67325378688334,-70.5966645070733));
#904=CARTESIAN_POINT('Ctrl Pts',(-18.1969376053224,9.32547037869223,-70.6518554680477));
#905=CARTESIAN_POINT('Ctrl Pts',(-16.7119259834818,11.7817142286331,-70.7070464290221));
#906=CARTESIAN_POINT('Ctrl Pts',(-14.7934729102282,13.8332439524295,-70.7622373899964));
#907=CARTESIAN_POINT('Ctrl Pts',(-12.8750198369746,15.8847736762259,-70.8174283509708));
#908=CARTESIAN_POINT('Ctrl Pts',(-10.523125312308,17.5315892738778,-70.8726193119451));
#909=CARTESIAN_POINT('Ctrl Pts',(-7.93904915393067,18.6326968170967,-70.9278102729194));
#910=CARTESIAN_POINT('Ctrl Pts',(-5.35497299555331,19.7338043603157,-70.9830012338938));
#911=CARTESIAN_POINT('Ctrl Pts',(-2.53871520346527,20.2892038491016,-71.0381921948681));
#912=CARTESIAN_POINT('Ctrl Pts',(0.270019777125392,20.2517074372245,-71.0933831558425));
#913=CARTESIAN_POINT('Ctrl Pts',(3.07875475771599,20.2142110253473,-71.1485741168168));
#914=CARTESIAN_POINT('Ctrl Pts',(5.87996692680919,19.5838187128071,-71.2037650777912));
#915=CARTESIAN_POINT('Ctrl Pts',(8.43364894701044,18.4143338100924,-71.2589560387655));
#916=CARTESIAN_POINT('Ctrl Pts',(10.9873309672117,17.2448489073778,-71.3141469997398));
#917=CARTESIAN_POINT('Ctrl Pts',(13.2934828385211,15.5362714144887,-71.3693379607142));
#918=CARTESIAN_POINT('Ctrl Pts',(15.156798610518,13.4339092768186,-71.4245289216885));
#919=CARTESIAN_POINT('Ctrl Pts',(17.0201143825149,11.3315471391486,-71.4797198826629));
#920=CARTESIAN_POINT('Ctrl Pts',(18.4405940551993,8.83540035669766,-71.5349108436372));
#921=CARTESIAN_POINT('Ctrl Pts',(19.2944295466885,6.16004815095367,-71.5901018046115));
#922=CARTESIAN_POINT('Ctrl Pts',(20.1482650381777,3.48469594520965,-71.6452927655859));
#923=CARTESIAN_POINT('Ctrl Pts',(20.4354563484717,0.630138316172621,-71.7004837265602));
#924=CARTESIAN_POINT('Ctrl Pts',(20.136366509464,-2.16348674172546,-71.7556746875345));
#925=CARTESIAN_POINT('Ctrl Pts',(19.8372766704564,-4.95711179962357,-71.8108656485089));
#926=CARTESIAN_POINT('Ctrl Pts',(18.9519056821472,-7.6898042863827,-71.8660566094833));
#927=CARTESIAN_POINT('Ctrl Pts',(17.546870478355,-10.1212384692937,-71.9212475704576));
#928=CARTESIAN_POINT('Ctrl Pts',(15.4393176726666,-13.7683897436602,-72.0040340119191));
#929=CARTESIAN_POINT('Ctrl Pts',(12.1625203821416,-16.7377098343684,-72.0868204533806));
#930=CARTESIAN_POINT('Ctrl Pts',(8.32425503283248,-18.4680522129884,-72.1696068948421));
#931=CARTESIAN_POINT('Ctrl Pts',(4.48598968352342,-20.1983945916085,-72.2523933363036));
#932=CARTESIAN_POINT('Ctrl Pts',(0.0862562754302498,-20.6897592581405,-72.3351797777652));
#933=CARTESIAN_POINT('Ctrl Pts',(-4.04074935468282,-19.849960114883,-72.4179662192267));
#934=CARTESIAN_POINT('Ctrl Pts',(-8.16775498479592,-19.0101609716256,-72.5007526606882));
#935=CARTESIAN_POINT('Ctrl Pts',(-12.0220328369289,-16.8391980185786,-72.5835391021496));
#936=CARTESIAN_POINT('Ctrl Pts',(-14.8792464236226,-13.7459970663761,-72.6663255436111));
#937=CARTESIAN_POINT('Ctrl Pts',(-17.7364600103163,-10.6527961141735,-72.7491119850726));
#938=CARTESIAN_POINT('Ctrl Pts',(-19.5966093315706,-6.63735716281525,-72.8318984265342));
#939=CARTESIAN_POINT('Ctrl Pts',(-20.1076540771437,-2.45746717597641,-72.9146848679957));
#940=CARTESIAN_POINT('Ctrl Pts',(-20.2072274737231,-1.6430456465055,-72.9308152112552));
#941=CARTESIAN_POINT('Ctrl Pts',(-20.2555838387367,-0.822380943579308,-72.9469455545147));
#942=CARTESIAN_POINT('Ctrl Pts',(-20.2538968205588,-0.0015257373994648,
-72.9630758977741));
#943=CARTESIAN_POINT('Origin',(0.,0.,-54.479172322164));
#944=CARTESIAN_POINT('',(-20.2568756028592,-0.00162218685414465,-67.9630758976147));
#945=CARTESIAN_POINT('',(-20.2543490943753,0.00171928645395987,-68.2869241023949));
#946=CARTESIAN_POINT('',(-20.2527,3.69541716795086E-13,-54.479172322164));
#947=CARTESIAN_POINT('Ctrl Pts',(-20.2522877749516,-0.000258692393445266,
-70.7869241023821));
#948=CARTESIAN_POINT('Ctrl Pts',(-20.2527530756338,-1.00149789760052,-70.7672555869988));
#949=CARTESIAN_POINT('Ctrl Pts',(-20.1793828298204,-2.00266666273851,-70.7475870716155));
#950=CARTESIAN_POINT('Ctrl Pts',(-20.0314859750063,-2.99267765537862,-70.7279185562321));
#951=CARTESIAN_POINT('Ctrl Pts',(-19.616479077777,-5.77070421175717,-70.6727275952573));
#952=CARTESIAN_POINT('Ctrl Pts',(-18.6146532528586,-8.46087500520264,-70.6175366342825));
#953=CARTESIAN_POINT('Ctrl Pts',(-17.1120158357908,-10.8341158431948,-70.5623456733077));
#954=CARTESIAN_POINT('Ctrl Pts',(-15.609378418723,-13.2073566811868,-70.5071547123329));
#955=CARTESIAN_POINT('Ctrl Pts',(-13.6059294095058,-15.2636675637256,-70.4519637513581));
#956=CARTESIAN_POINT('Ctrl Pts',(-11.2723456937127,-16.8270034327265,-70.3967727903833));
#957=CARTESIAN_POINT('Ctrl Pts',(-8.93876197791962,-18.3903393017274,-70.3415818294085));
#958=CARTESIAN_POINT('Ctrl Pts',(-6.27504355555068,-19.4607001571905,-70.2863908684337));
#959=CARTESIAN_POINT('Ctrl Pts',(-3.50857031678027,-19.9471975113091,-70.2311999074589));
#960=CARTESIAN_POINT('Ctrl Pts',(-0.742097078009814,-20.4336948654276,-70.1760089464841));
#961=CARTESIAN_POINT('Ctrl Pts',(2.12713097716209,-20.3363287182016,-70.1208179855092));
#962=CARTESIAN_POINT('Ctrl Pts',(4.8540942265054,-19.6631730411678,-70.0656270245344));
#963=CARTESIAN_POINT('Ctrl Pts',(7.58105747584872,-18.9900173641341,-70.0104360635596));
#964=CARTESIAN_POINT('Ctrl Pts',(10.1657559193634,-17.7410721572926,-69.9552451025849));
#965=CARTESIAN_POINT('Ctrl Pts',(12.3880689835625,-16.0229907060264,-69.9000541416101));
#966=CARTESIAN_POINT('Ctrl Pts',(14.6103820477615,-14.3049092547602,-69.8448631806353));
#967=CARTESIAN_POINT('Ctrl Pts',(16.4703097326449,-12.1176915590693,-69.7896722196604));
#968=CARTESIAN_POINT('Ctrl Pts',(17.8083117449063,-9.6481321089506,-69.7344812586856));
#969=CARTESIAN_POINT('Ctrl Pts',(19.1463137571678,-7.17857265883193,-69.6792902977108));
#970=CARTESIAN_POINT('Ctrl Pts',(19.9623900968073,-4.42667145428549,-69.624099336736));
#971=CARTESIAN_POINT('Ctrl Pts',(20.1879164876517,-1.62650246158363,-69.5689083757612));
#972=CARTESIAN_POINT('Ctrl Pts',(20.413442878496,1.17366653111816,-69.5137174147864));
#973=CARTESIAN_POINT('Ctrl Pts',(20.0484193205453,4.02210331197543,-69.4585264538116));
#974=CARTESIAN_POINT('Ctrl Pts',(19.1228439935502,6.673526984833,-69.4033354928368));
#975=CARTESIAN_POINT('Ctrl Pts',(18.1972686665552,9.32495065769062,-69.3481445318619));
#976=CARTESIAN_POINT('Ctrl Pts',(16.7111415705159,11.7793612225485,-69.2929535708871));
#977=CARTESIAN_POINT('Ctrl Pts',(14.7929607245778,13.832165273303,-69.2377626099123));
#978=CARTESIAN_POINT('Ctrl Pts',(12.8747798786397,15.8849693240574,-69.1825716489375));
#979=CARTESIAN_POINT('Ctrl Pts',(10.5245452828028,17.5361668607084,-69.1273806879627));
#980=CARTESIAN_POINT('Ctrl Pts',(7.9400738746731,18.6347547085388,-69.0721897269879));
#981=CARTESIAN_POINT('Ctrl Pts',(4.06336676247852,20.2826364802843,-68.9894032855257));
#982=CARTESIAN_POINT('Ctrl Pts',(-0.340373177374963,20.6871464521834,-68.9066168440635));
#983=CARTESIAN_POINT('Ctrl Pts',(-4.44787676769255,19.7634060587906,-68.8238304026013));
#984=CARTESIAN_POINT('Ctrl Pts',(-8.55538035801007,18.8396656653979,-68.7410439611391));
#985=CARTESIAN_POINT('Ctrl Pts',(-12.3666475987917,16.5876749067134,-68.6582575196768));
#986=CARTESIAN_POINT('Ctrl Pts',(-15.1601200173404,13.4357889004749,-68.5754710782146));
#987=CARTESIAN_POINT('Ctrl Pts',(-17.9535924358891,10.2839028942363,-68.4926846367524));
#988=CARTESIAN_POINT('Ctrl Pts',(-19.7292700322048,6.23212164044367,-68.4098981952902));
#989=CARTESIAN_POINT('Ctrl Pts',(-20.1537113365753,2.04274713679907,-68.327111753828));
#990=CARTESIAN_POINT('Ctrl Pts',(-20.2223912592478,1.36485383566752,-68.3137158700169));
#991=CARTESIAN_POINT('Ctrl Pts',(-20.2556913622385,0.683357889759323,-68.3003199862059));
#992=CARTESIAN_POINT('Ctrl Pts',(-20.2543490943753,0.00171928645395987,
-68.2869241023949));
#993=CARTESIAN_POINT('Ctrl Pts',(-20.2568756028592,-0.00162218685414465,
-67.9630758976147));
#994=CARTESIAN_POINT('Ctrl Pts',(-20.251955039001,3.94538874586053,-68.0406698333063));
#995=CARTESIAN_POINT('Ctrl Pts',(-19.0676792873581,7.89622929956163,-68.1182637689979));
#996=CARTESIAN_POINT('Ctrl Pts',(-16.8881351963904,11.1870599030543,-68.1958577046895));
#997=CARTESIAN_POINT('Ctrl Pts',(-14.5627382734045,14.6981094804142,-68.2786441461511));
#998=CARTESIAN_POINT('Ctrl Pts',(-11.1044114006152,17.4578591216516,-68.3614305876126));
#999=CARTESIAN_POINT('Ctrl Pts',(-7.16554945230294,18.947276037905,-68.4442170290741));
#1000=CARTESIAN_POINT('Ctrl Pts',(-3.22668750399068,20.4366929541585,-68.5270034705356));
#1001=CARTESIAN_POINT('Ctrl Pts',(1.19270951984459,20.655777145428,-68.6097899119971));
#1002=CARTESIAN_POINT('Ctrl Pts',(5.25934598983592,19.5625518231251,-68.6925763534586));
#1003=CARTESIAN_POINT('Ctrl Pts',(9.32598245982736,18.4693265008221,-68.7753627949201));
#1004=CARTESIAN_POINT('Ctrl Pts',(13.0398583759749,16.0637916649466,-68.8581492363816));
#1005=CARTESIAN_POINT('Ctrl Pts',(15.7007535374472,12.799833073414,-68.9409356778432));
#1006=CARTESIAN_POINT('Ctrl Pts',(18.3616486989194,9.53587448188154,-69.0237221193047));
#1007=CARTESIAN_POINT('Ctrl Pts',(19.9695631057164,5.41349213469204,-69.1065085607662));
#1008=CARTESIAN_POINT('Ctrl Pts',(20.2210241310598,1.20999230510874,-69.1892950022277));
#1009=CARTESIAN_POINT('Ctrl Pts',(20.4724851564033,-2.99350752447452,-69.2720814436892));
#1010=CARTESIAN_POINT('Ctrl Pts',(19.3674928002933,-7.27812483645156,-69.3548678851508));
#1011=CARTESIAN_POINT('Ctrl Pts',(17.1149975542467,-10.836125183823,-69.4376543266123));
#1012=CARTESIAN_POINT('Ctrl Pts',(14.8625023082001,-14.3941255311945,-69.5204407680738));
#1013=CARTESIAN_POINT('Ctrl Pts',(11.462504172217,-17.2255089139603,-69.6032272095353));
#1014=CARTESIAN_POINT('Ctrl Pts',(7.55496217086629,-18.7957947219998,-69.6860136509968));
#1015=CARTESIAN_POINT('Ctrl Pts',(3.64742016951561,-20.3660805300393,-69.7688000924583));
#1016=CARTESIAN_POINT('Ctrl Pts',(-0.767665697202669,-20.6752687633525,
-69.8515865339199));
#1017=CARTESIAN_POINT('Ctrl Pts',(-4.85581476057877,-19.6669009726549,-69.9343729753814));
#1018=CARTESIAN_POINT('Ctrl Pts',(-8.48972503913527,-18.7705740475904,-70.0079609233471));
#1019=CARTESIAN_POINT('Ctrl Pts',(-11.8653148804831,-16.83321520232,-70.0815488713128));
#1020=CARTESIAN_POINT('Ctrl Pts',(-14.4851032220004,-14.1564483310058,-70.1551368192787));
#1021=CARTESIAN_POINT('Ctrl Pts',(-15.7949973927591,-12.8180648953487,-70.1919307932616));
#1022=CARTESIAN_POINT('Ctrl Pts',(-16.9159411885601,-11.2948294531806,-70.2287247672445));
#1023=CARTESIAN_POINT('Ctrl Pts',(-17.8068569125969,-9.64742470611488,-70.2655187412274));
#1024=CARTESIAN_POINT('Ctrl Pts',(-19.1432304986522,-7.17631758551626,-70.3207097022018));
#1025=CARTESIAN_POINT('Ctrl Pts',(-19.9620409232381,-4.4258295288978,-70.3759006631761));
#1026=CARTESIAN_POINT('Ctrl Pts',(-20.1882957820875,-1.62649083375008,-70.4310916241504));
#1027=CARTESIAN_POINT('Ctrl Pts',(-20.232002198099,-1.08573311394111,-70.4417530486727));
#1028=CARTESIAN_POINT('Ctrl Pts',(-20.2535968372498,-0.543152485900191,
-70.4524144731949));
#1029=CARTESIAN_POINT('Ctrl Pts',(-20.2533190208338,-0.000513746527245044,
-70.4630758977172));
#1030=CARTESIAN_POINT('Origin',(0.,0.,-54.479172322164));
#1031=CARTESIAN_POINT('',(-20.2533770573453,-6.86465347243648E-5,-65.4630758976075));
#1032=CARTESIAN_POINT('',(-20.2519658024414,0.000247034537088254,-65.7869241022993));
#1033=CARTESIAN_POINT('',(-20.2527,3.69541716795086E-13,-54.479172322164));
#1034=CARTESIAN_POINT('Ctrl Pts',(-20.2543490943753,0.00171928645395987,
-68.2869241023949));
#1035=CARTESIAN_POINT('Ctrl Pts',(-20.2473961589171,-3.52916254763217,-68.2175335447437));
#1036=CARTESIAN_POINT('Ctrl Pts',(-19.3109084998554,-7.06387220876902,-68.1481429870925));
#1037=CARTESIAN_POINT('Ctrl Pts',(-17.5473849468325,-10.1215022175406,-68.0787524294413));
#1038=CARTESIAN_POINT('Ctrl Pts',(-15.4434122402938,-13.7694093147391,-67.9959659879791));
#1039=CARTESIAN_POINT('Ctrl Pts',(-12.1622618147913,-16.7382557556395,-67.9131795465169));
#1040=CARTESIAN_POINT('Ctrl Pts',(-8.32301016148147,-18.4683213080949,-67.8303931050547));
#1041=CARTESIAN_POINT('Ctrl Pts',(-4.48375850817167,-20.1983868605502,-67.7476066635925));
#1042=CARTESIAN_POINT('Ctrl Pts',(-0.0864056270546948,-20.6896715245605,
-67.6648202221302));
#1043=CARTESIAN_POINT('Ctrl Pts',(4.04005511546798,-19.850012327228,-67.582033780668));
#1044=CARTESIAN_POINT('Ctrl Pts',(8.16651585799062,-19.0103531298954,-67.4992473392058));
#1045=CARTESIAN_POINT('Ctrl Pts',(12.022084461919,-16.83975007122,-67.4164608977436));
#1046=CARTESIAN_POINT('Ctrl Pts',(14.8795539980533,-13.7462143838925,-67.3336744562815));
#1047=CARTESIAN_POINT('Ctrl Pts',(17.7370235341876,-10.652678696565,-67.2508880148193));
#1048=CARTESIAN_POINT('Ctrl Pts',(19.596394002528,-6.63621038058555,-67.168101573357));
#1049=CARTESIAN_POINT('Ctrl Pts',(20.1079833192524,-2.45679275482253,-67.0853151318948));
#1050=CARTESIAN_POINT('Ctrl Pts',(20.5627293785629,1.25824513474457,-67.0117271839283));
#1051=CARTESIAN_POINT('Ctrl Pts',(19.952561935362,5.10203309623939,-66.938139235962));
#1052=CARTESIAN_POINT('Ctrl Pts',(18.3827916426511,8.50274265557621,-66.8645512879956));
#1053=CARTESIAN_POINT('Ctrl Pts',(17.5979064962957,10.2030974352446,-66.8277573140123));
#1054=CARTESIAN_POINT('Ctrl Pts',(16.5731206375628,11.7926826143735,-66.7909633400291));
#1055=CARTESIAN_POINT('Ctrl Pts',(15.3503877453577,13.2113369920966,-66.7541693660459));
#1056=CARTESIAN_POINT('Ctrl Pts',(13.51628840705,15.3393185586812,-66.6989784050711));
#1057=CARTESIAN_POINT('Ctrl Pts',(11.2368082434302,17.0827058221025,-66.6437874440963));
#1058=CARTESIAN_POINT('Ctrl Pts',(8.70093754457862,18.2896906047766,-66.5885964831215));
#1059=CARTESIAN_POINT('Ctrl Pts',(6.16506684572706,19.4966753874507,-66.5334055221467));
#1060=CARTESIAN_POINT('Ctrl Pts',(3.37280561164383,20.1672576893776,-66.4782145611719));
#1061=CARTESIAN_POINT('Ctrl Pts',(0.564651616987082,20.245450898882,-66.4230236001971));
#1062=CARTESIAN_POINT('Ctrl Pts',(-2.24350237766969,20.3236441083864,-66.3678326392222));
#1063=CARTESIAN_POINT('Ctrl Pts',(-5.06754913290003,19.8094482254683,-66.3126416782474));
#1064=CARTESIAN_POINT('Ctrl Pts',(-7.66707301433285,18.7462750270094,-66.2574507172726));
#1065=CARTESIAN_POINT('Ctrl Pts',(-10.2665968957656,17.6831018285505,-66.2022597562978));
#1066=CARTESIAN_POINT('Ctrl Pts',(-12.6415979034009,16.0709513145506,-66.147068795323));
#1067=CARTESIAN_POINT('Ctrl Pts',(-14.5901759624785,14.0472990137593,-66.0918778343482));
#1068=CARTESIAN_POINT('Ctrl Pts',(-16.5387540215561,12.0236467129681,-66.0366868733734));
#1069=CARTESIAN_POINT('Ctrl Pts',(-18.0609091320759,9.58849262538532,-65.9814959123986));
#1070=CARTESIAN_POINT('Ctrl Pts',(-19.0243795597373,6.95040535485086,-65.9263049514238));
#1071=CARTESIAN_POINT('Ctrl Pts',(-19.8354382545061,4.72963805686614,-65.8798446683823));
#1072=CARTESIAN_POINT('Ctrl Pts',(-20.2505886960929,2.36506348361484,-65.8333843853408));
#1073=CARTESIAN_POINT('Ctrl Pts',(-20.2519658024414,0.000247034537088254,
-65.7869241022993));
#1074=CARTESIAN_POINT('Ctrl Pts',(-20.2533770573453,-6.86465347243648E-5,
-65.4630758976075));
#1075=CARTESIAN_POINT('Ctrl Pts',(-20.2533772943507,0.013999396714171,-65.4633523105582));
#1076=CARTESIAN_POINT('Ctrl Pts',(-20.2533626714266,0.0280674426217797,
-65.4636287235089));
#1077=CARTESIAN_POINT('Ctrl Pts',(-20.2533331823638,0.0421354610862677,
-65.4639051364597));
#1078=CARTESIAN_POINT('Ctrl Pts',(-20.2474451452392,2.85107569346307,-65.519096097434));
#1079=CARTESIAN_POINT('Ctrl Pts',(-19.6488811372107,5.65892183853281,-65.5742870584084));
#1080=CARTESIAN_POINT('Ctrl Pts',(-18.5081594709466,8.22571327050271,-65.6294780193828));
#1081=CARTESIAN_POINT('Ctrl Pts',(-17.3674378046826,10.7925047024726,-65.6846689803571));
#1082=CARTESIAN_POINT('Ctrl Pts',(-15.6845584801829,13.1182414213426,-65.7398599413314));
#1083=CARTESIAN_POINT('Ctrl Pts',(-13.603510342214,15.0048242523106,-65.7950509023057));
#1084=CARTESIAN_POINT('Ctrl Pts',(-11.5224622042451,16.8914070832787,-65.8502418632801));
#1085=CARTESIAN_POINT('Ctrl Pts',(-9.04324525280679,18.3388360263447,-65.9054328242544));
#1086=CARTESIAN_POINT('Ctrl Pts',(-6.37725888400244,19.2232685705276,-65.9606237852288));
#1087=CARTESIAN_POINT('Ctrl Pts',(-3.71127251519815,20.1077011147106,-66.0158147462031));
#1088=CARTESIAN_POINT('Ctrl Pts',(-0.858516729027837,20.4291372600104,-66.0710057071775));
#1089=CARTESIAN_POINT('Ctrl Pts',(1.93751660098591,20.1605116413335,-66.1261966681518));
#1090=CARTESIAN_POINT('Ctrl Pts',(4.73354993099965,19.8918860226566,-66.1813876291261));
#1091=CARTESIAN_POINT('Ctrl Pts',(7.47286080485688,19.033198640003,-66.2365785901005));
#1092=CARTESIAN_POINT('Ctrl Pts',(9.92158876393256,17.6571951960566,-66.2917695510748));
#1093=CARTESIAN_POINT('Ctrl Pts',(12.3703167230082,16.2811917521102,-66.3469605120492));
#1094=CARTESIAN_POINT('Ctrl Pts',(14.5284617673025,14.3878722468711,-66.4021514730235));
#1095=CARTESIAN_POINT('Ctrl Pts',(16.2121263795002,12.1394375667354,-66.4573424339978));
#1096=CARTESIAN_POINT('Ctrl Pts',(17.895790991698,9.89100288659974,-66.5125333949722));
#1097=CARTESIAN_POINT('Ctrl Pts',(19.1049751717993,7.28745303156761,-66.5677243559465));
#1098=CARTESIAN_POINT('Ctrl Pts',(19.7360196764895,4.55040043443377,-66.6229153169209));
#1099=CARTESIAN_POINT('Ctrl Pts',(20.3670641811796,1.81334783729999,-66.6781062778952));
#1100=CARTESIAN_POINT('Ctrl Pts',(20.4199690104587,-1.05720750193547,-66.7332972388695));
#1101=CARTESIAN_POINT('Ctrl Pts',(19.8907519751839,-3.81581781753536,-66.7884881998439));
#1102=CARTESIAN_POINT('Ctrl Pts',(19.3615349399092,-6.57442813313524,-66.8436791608182));
#1103=CARTESIAN_POINT('Ctrl Pts',(18.2501960400807,-9.22109342509959,-66.8988701217926));
#1104=CARTESIAN_POINT('Ctrl Pts',(16.6510372011366,-11.5303850850034,-66.9540610827669));
#1105=CARTESIAN_POINT('Ctrl Pts',(15.0518783621924,-13.8396767449072,-67.0092520437412));
#1106=CARTESIAN_POINT('Ctrl Pts',(12.9648995841326,-15.8115947727505,-67.0644430047156));
#1107=CARTESIAN_POINT('Ctrl Pts',(10.5689164002305,-17.2772816685429,-67.1196339656899));
#1108=CARTESIAN_POINT('Ctrl Pts',(8.17293321632843,-18.7429685643353,-67.1748249266642));
#1109=CARTESIAN_POINT('Ctrl Pts',(5.46794562658413,-19.7024243280768,-67.2300158876386));
#1110=CARTESIAN_POINT('Ctrl Pts',(2.68357804518354,-20.0747149068858,-67.2852068486129));
#1111=CARTESIAN_POINT('Ctrl Pts',(-0.100789536217042,-20.4470054856949,
-67.3403978095873));
#1112=CARTESIAN_POINT('Ctrl Pts',(-2.96453710927396,-20.2321308795714,-67.3955887705616));
#1113=CARTESIAN_POINT('Ctrl Pts',(-5.66096174867411,-19.4466755658098,-67.450779731536));
#1114=CARTESIAN_POINT('Ctrl Pts',(-8.35738638807431,-18.6612202520481,-67.5059706925103));
#1115=CARTESIAN_POINT('Ctrl Pts',(-10.8864880938178,-17.3051842306483,-67.5611616534847));
#1116=CARTESIAN_POINT('Ctrl Pts',(-13.0375649396779,-15.4982357238765,-67.616352614459));
#1117=CARTESIAN_POINT('Ctrl Pts',(-14.4716161702514,-14.2936033860287,-67.6531465884419));
#1118=CARTESIAN_POINT('Ctrl Pts',(-15.7376563519878,-12.8885654991266,-67.6899405624248));
#1119=CARTESIAN_POINT('Ctrl Pts',(-16.7846185696487,-11.3357849767831,-67.7267345364076));
#1120=CARTESIAN_POINT('Ctrl Pts',(-18.8785430049705,-8.23022393209608,-67.8003224843734));
#1121=CARTESIAN_POINT('Ctrl Pts',(-20.0961555839903,-4.53369234564325,-67.8739104323393));
#1122=CARTESIAN_POINT('Ctrl Pts',(-20.2419642939049,-0.793761447829154,
-67.9474983803051));
#1123=CARTESIAN_POINT('Ctrl Pts',(-20.2522528341952,-0.529864800311683,
-67.9526908860749));
#1124=CARTESIAN_POINT('Ctrl Pts',(-20.2572048818937,-0.265752068387154,
-67.9578833918448));
#1125=CARTESIAN_POINT('Ctrl Pts',(-20.2568756028592,-0.00162218685414465,
-67.9630758976147));
#1126=CARTESIAN_POINT('Origin',(0.,0.,-54.479172322164));
#1127=CARTESIAN_POINT('',(-20.2559016547556,0.000694862458116021,-62.9630758977145));
#1128=CARTESIAN_POINT('',(-20.2514196851487,0.00168685735020903,-63.2869241022384));
#1129=CARTESIAN_POINT('',(-20.2527,3.69541716795086E-13,-54.479172322164));
#1130=CARTESIAN_POINT('Ctrl Pts',(-20.2519658024414,0.000247034537088254,
-65.7869241022993));
#1131=CARTESIAN_POINT('Ctrl Pts',(-20.2522245841625,-0.444142225206583,
-65.778193424366));
#1132=CARTESIAN_POINT('Ctrl Pts',(-20.2378718682145,-0.888540026264456,
-65.7694627464327));
#1133=CARTESIAN_POINT('Ctrl Pts',(-20.2087891041044,-1.33199368625591,-65.7607320684994));
#1134=CARTESIAN_POINT('Ctrl Pts',(-20.0249424760072,-4.13528500334193,-65.7055411075246));
#1135=CARTESIAN_POINT('Ctrl Pts',(-19.2524634750099,-6.90084718402785,-65.6503501465498));
#1136=CARTESIAN_POINT('Ctrl Pts',(-17.9485314553903,-9.38821201412639,-65.595159185575));
#1137=CARTESIAN_POINT('Ctrl Pts',(-15.9926334259609,-13.1192592592742,-65.5123727441128));
#1138=CARTESIAN_POINT('Ctrl Pts',(-12.8409661046315,-16.2243624656006,-65.4295863026505));
#1139=CARTESIAN_POINT('Ctrl Pts',(-9.07799415465427,-18.1106955620082,-65.3467998611883));
#1140=CARTESIAN_POINT('Ctrl Pts',(-5.31502220467707,-19.9970286584158,-65.2640134197261));
#1141=CARTESIAN_POINT('Ctrl Pts',(-0.94074562605214,-20.6645916449047,-65.1812269782639));
#1142=CARTESIAN_POINT('Ctrl Pts',(3.21879998044505,-19.9984209903645,-65.0984405368017));
#1143=CARTESIAN_POINT('Ctrl Pts',(6.33845918531793,-19.4987929994593,-65.036350705705));
#1144=CARTESIAN_POINT('Ctrl Pts',(9.33733221836899,-18.2489398354753,-64.9742608746084));
#1145=CARTESIAN_POINT('Ctrl Pts',(11.8945242211836,-16.3922565085999,-64.9121710435117));
#1146=CARTESIAN_POINT('Ctrl Pts',(14.4517162239983,-14.5355731817244,-64.850081212415));
#1147=CARTESIAN_POINT('Ctrl Pts',(16.5672271965765,-12.0720596919575,-64.7879913813183));
#1148=CARTESIAN_POINT('Ctrl Pts',(18.0123418188264,-9.26256798982249,-64.7259015502217));
#1149=CARTESIAN_POINT('Ctrl Pts',(19.4574564410763,-6.45307628768754,-64.663811719125));
#1150=CARTESIAN_POINT('Ctrl Pts',(20.232174712998,-3.29760637318454,-64.6017218880284));
#1151=CARTESIAN_POINT('Ctrl Pts',(20.2535515541485,-0.137636211412932,-64.5396320569317));
#1152=CARTESIAN_POINT('Ctrl Pts',(20.2749283952991,3.0223339503587,-64.4775422258351));
#1153=CARTESIAN_POINT('Ctrl Pts',(19.5429638056787,6.18680435939896,-64.4154523947384));
#1154=CARTESIAN_POINT('Ctrl Pts',(18.1365474202358,9.01601995989219,-64.3533625636418));
#1155=CARTESIAN_POINT('Ctrl Pts',(16.7301310347928,11.8452355603854,-64.2912727325451));
#1156=CARTESIAN_POINT('Ctrl Pts',(14.6492628535274,14.3391963523316,-64.2291829014484));
#1157=CARTESIAN_POINT('Ctrl Pts',(12.1170796832157,16.2297281582004,-64.1670930703518));
#1158=CARTESIAN_POINT('Ctrl Pts',(9.5848965129039,18.1202599640693,-64.1050032392551));
#1159=CARTESIAN_POINT('Ctrl Pts',(6.60139835354578,19.4073627838608,-64.0429134081584));
#1160=CARTESIAN_POINT('Ctrl Pts',(3.48933983179936,19.9514299648161,-63.9808235770618));
#1161=CARTESIAN_POINT('Ctrl Pts',(0.377281310052942,20.4954971457714,-63.9187337459651));
#1162=CARTESIAN_POINT('Ctrl Pts',(-2.86333757408177,20.2965286878905,-63.8566439148684));
#1163=CARTESIAN_POINT('Ctrl Pts',(-5.88748720604985,19.3785598874527,-63.7945540837718));
#1164=CARTESIAN_POINT('Ctrl Pts',(-8.91163683801794,18.460591087015,-63.7324642526752));
#1165=CARTESIAN_POINT('Ctrl Pts',(-11.7193172178194,16.8236219440202,-63.6703744215785));
#1166=CARTESIAN_POINT('Ctrl Pts',(-14.0005772032438,14.6383454347982,-63.6082845904819));
#1167=CARTESIAN_POINT('Ctrl Pts',(-17.0422571838097,11.7246434225021,-63.5254981490197));
#1168=CARTESIAN_POINT('Ctrl Pts',(-19.148078685483,7.83617275913524,-63.4427117075575));
#1169=CARTESIAN_POINT('Ctrl Pts',(-19.917072776134,3.69624945453741,-63.3599252660952));
#1170=CARTESIAN_POINT('Ctrl Pts',(-20.143106019521,2.47938666808977,-63.3355915448096));
#1171=CARTESIAN_POINT('Ctrl Pts',(-20.2536413940707,1.24079912948923,-63.311257823524));
#1172=CARTESIAN_POINT('Ctrl Pts',(-20.2514196851487,0.00168685735020903,
-63.2869241022384));
#1173=CARTESIAN_POINT('Ctrl Pts',(-20.2559016547556,0.000694862458116021,
-62.9630758977145));
#1174=CARTESIAN_POINT('Ctrl Pts',(-20.2559658881095,0.293041980405715,-62.9688212293478));
#1175=CARTESIAN_POINT('Ctrl Pts',(-20.2495914306339,0.585367433663608,-62.9745665609811));
#1176=CARTESIAN_POINT('Ctrl Pts',(-20.2367184696163,0.877397187765347,-62.9803118926144));
#1177=CARTESIAN_POINT('Ctrl Pts',(-20.0512275873239,5.08535343574314,-63.0630983340759));
#1178=CARTESIAN_POINT('Ctrl Pts',(-18.5164582500576,9.23191393346007,-63.1458847755374));
#1179=CARTESIAN_POINT('Ctrl Pts',(-15.9104371024958,12.5392990760069,-63.2286712169989));
#1180=CARTESIAN_POINT('Ctrl Pts',(-13.3044159549339,15.8466842185539,-63.3114576584604));
#1181=CARTESIAN_POINT('Ctrl Pts',(-9.62714299707645,18.3148940059307,-63.3942440999219));
#1182=CARTESIAN_POINT('Ctrl Pts',(-5.57931385696683,19.4740890673253,-63.4770305413834));
#1183=CARTESIAN_POINT('Ctrl Pts',(-1.53148471685722,20.63328412872,-63.5598169828449));
#1184=CARTESIAN_POINT('Ctrl Pts',(2.88690060550454,20.4834644641325,-63.6426034243064));
#1185=CARTESIAN_POINT('Ctrl Pts',(6.85225599792944,19.0613934655417,-63.7253898657679));
#1186=CARTESIAN_POINT('Ctrl Pts',(8.83493369414187,18.3503579662464,-63.7667830864987));
#1187=CARTESIAN_POINT('Ctrl Pts',(10.7043539078701,17.3212596334503,-63.8081763072295));
#1188=CARTESIAN_POINT('Ctrl Pts',(12.3723066155631,16.0331271692041,-63.8495695279602));
#1189=CARTESIAN_POINT('Ctrl Pts',(14.0402593232561,14.7449947049579,-63.890962748691));
#1190=CARTESIAN_POINT('Ctrl Pts',(15.506744524914,13.1978281092617,-63.9323559694217));
#1191=CARTESIAN_POINT('Ctrl Pts',(16.6986839876208,11.4612449519635,-63.9737491901525));
#1192=CARTESIAN_POINT('Ctrl Pts',(18.2879366045632,9.14580074223257,-64.0289401511268));
#1193=CARTESIAN_POINT('Ctrl Pts',(19.3891079078149,6.49361597854258,-64.0841311121011));
#1194=CARTESIAN_POINT('Ctrl Pts',(19.9068590596505,3.73266916893611,-64.1393220730755));
#1195=CARTESIAN_POINT('Ctrl Pts',(20.424610211486,0.971722359329639,-64.1945130340498));
#1196=CARTESIAN_POINT('Ctrl Pts',(20.3589412119052,-1.89798649619326,-64.2497039950242));
#1197=CARTESIAN_POINT('Ctrl Pts',(19.7164385323274,-4.63236962710639,-64.3048949559985));
#1198=CARTESIAN_POINT('Ctrl Pts',(19.0739358527496,-7.36675275801952,-64.3600859169729));
#1199=CARTESIAN_POINT('Ctrl Pts',(17.8545994931748,-9.9658101643229,-64.4152768779472));
#1200=CARTESIAN_POINT('Ctrl Pts',(16.1617029483272,-12.2072215810796,-64.4704678389216));
#1201=CARTESIAN_POINT('Ctrl Pts',(14.4688064034796,-14.4486329978363,-64.5256587998959));
#1202=CARTESIAN_POINT('Ctrl Pts',(12.3023496733593,-16.3323984250464,-64.5808497608702));
#1203=CARTESIAN_POINT('Ctrl Pts',(9.84779064076323,-17.6981153223081,-64.6360407218446));
#1204=CARTESIAN_POINT('Ctrl Pts',(7.39323160816718,-19.0638322195698,-64.6912316828189));
#1205=CARTESIAN_POINT('Ctrl Pts',(4.65057027309542,-19.9115005868833,-64.7464226437933));
#1206=CARTESIAN_POINT('Ctrl Pts',(1.85348331077841,-20.1685696908596,-64.8016136047676));
#1207=CARTESIAN_POINT('Ctrl Pts',(-0.943603651538598,-20.425638794836,-64.8568045657419));
#1208=CARTESIAN_POINT('Ctrl Pts',(-3.7951162411008,-20.0921086354752,-64.9119955267163));
#1209=CARTESIAN_POINT('Ctrl Pts',(-6.45739933309471,-19.196552056244,-64.9671864876906));
#1210=CARTESIAN_POINT('Ctrl Pts',(-9.11968242508861,-18.3009954770128,-65.022377448665));
#1211=CARTESIAN_POINT('Ctrl Pts',(-11.5927360195142,-16.8434124779113,-65.0775684096393));
#1212=CARTESIAN_POINT('Ctrl Pts',(-13.6659054397253,-14.9481283003352,-65.1327593706136));
#1213=CARTESIAN_POINT('Ctrl Pts',(-15.7390748599364,-13.0528441227592,-65.187950331588));
#1214=CARTESIAN_POINT('Ctrl Pts',(-17.412360105933,-10.7198587667087,-65.2431412925623));
#1215=CARTESIAN_POINT('Ctrl Pts',(-18.542396695821,-8.1483489288416,-65.2983322535367));
#1216=CARTESIAN_POINT('Ctrl Pts',(-19.6667737222093,-5.5897179865322,-65.3532468015603));
#1217=CARTESIAN_POINT('Ctrl Pts',(-20.2533299718268,-2.79494578432826,-65.4081613495839));
#1218=CARTESIAN_POINT('Ctrl Pts',(-20.2533770573453,-6.86465347243646E-5,
-65.4630758976075));
#1219=CARTESIAN_POINT('Origin',(0.,0.,-54.479172322164));
#1220=CARTESIAN_POINT('',(-20.251390904484,5.27162509328547E-5,-60.4630758978497));
#1221=CARTESIAN_POINT('',(-20.2533772804317,0.000317646586871036,-60.7869241021349));
#1222=CARTESIAN_POINT('',(-20.2527,3.69541716795086E-13,-54.479172322164));
#1223=CARTESIAN_POINT('',(-8.01640603803446,-18.5986314422154,-60.));
#1224=CARTESIAN_POINT('Ctrl Pts',(-8.01640603803446,-18.5986314422154,-60.));
#1225=CARTESIAN_POINT('Ctrl Pts',(-10.9186995199261,-17.3476811739299,-60.0620898310961));
#1226=CARTESIAN_POINT('Ctrl Pts',(-13.5220463889407,-15.4062664470252,-60.1241796621922));
#1227=CARTESIAN_POINT('Ctrl Pts',(-15.5471633432615,-12.9811811412272,-60.1862694932883));
#1228=CARTESIAN_POINT('Ctrl Pts',(-17.5722802975828,-10.5560958354285,-60.2483593243845));
#1229=CARTESIAN_POINT('Ctrl Pts',(-19.0191673372101,-7.6473399507362,-60.3104491554806));
#1230=CARTESIAN_POINT('Ctrl Pts',(-19.731984035902,-4.5689277962428,-60.3725389865767));
#1231=CARTESIAN_POINT('Ctrl Pts',(-20.0784509804564,-3.07265525492331,-60.4027179570011));
#1232=CARTESIAN_POINT('Ctrl Pts',(-20.251495378356,-1.53630178303881,-60.4328969274254));
#1233=CARTESIAN_POINT('Ctrl Pts',(-20.251390904484,5.2716250932854E-5,-60.4630758978497));
#1234=CARTESIAN_POINT('',(8.0164060380344,-18.5986314422155,-60.));
#1235=CARTESIAN_POINT('Origin',(0.,0.,-60.));
#1236=CARTESIAN_POINT('Ctrl Pts',(-20.2533772804317,0.000317646586871035,
-60.7869241021349));
#1237=CARTESIAN_POINT('Ctrl Pts',(-20.2512754533274,-2.6962874633073,-60.733940300704));
#1238=CARTESIAN_POINT('Ctrl Pts',(-19.7079770118431,-5.39371801555796,-60.6809564992731));
#1239=CARTESIAN_POINT('Ctrl Pts',(-18.6592411297811,-7.87775360589937,-60.6279726978422));
#1240=CARTESIAN_POINT('Ctrl Pts',(-17.4302648762158,-10.7887065023887,-60.5658828667455));
#1241=CARTESIAN_POINT('Ctrl Pts',(-15.5071884739901,-13.4066113124219,-60.5037930356488));
#1242=CARTESIAN_POINT('Ctrl Pts',(-13.096923632128,-15.449813211742,-60.4417032045522));
#1243=CARTESIAN_POINT('Ctrl Pts',(-10.686658790266,-17.4930151110621,-60.3796133734555));
#1244=CARTESIAN_POINT('Ctrl Pts',(-7.78920550876768,-18.9615140996692,-60.3175235423589));
#1245=CARTESIAN_POINT('Ctrl Pts',(-4.71631243477373,-19.6972811349824,-60.2554337112622));
#1246=CARTESIAN_POINT('Ctrl Pts',(-1.64341936077979,-20.4330481702957,-60.1933438801656));
#1247=CARTESIAN_POINT('Ctrl Pts',(1.60491350570982,-20.436083252315,-60.1312540490689));
#1248=CARTESIAN_POINT('Ctrl Pts',(4.67918879623557,-19.7061140366245,-60.0691642179722));
#1249=CARTESIAN_POINT('Ctrl Pts',(5.82070608145996,-19.4350672374128,-60.0461094786482));
#1250=CARTESIAN_POINT('Ctrl Pts',(6.93822551271349,-19.0629588785476,-60.0230547393241));
#1251=CARTESIAN_POINT('Ctrl Pts',(8.01577191652349,-18.5978417141485,-60.));
#1252=CARTESIAN_POINT('Origin',(0.,0.,0.));
#1253=CARTESIAN_POINT('',(-18.7623155115077,0.000643759593915518,-62.1008870963241));
#1254=CARTESIAN_POINT('',(-18.7599775487366,0.000294191680222449,-61.6491129038067));
#1255=CARTESIAN_POINT('',(-18.75935,2.29735779315849E-15,0.));
#1256=CARTESIAN_POINT('',(10.0870507729692,15.816593158011,-60.));
#1257=CARTESIAN_POINT('Ctrl Pts',(-18.7599775487366,0.00029419168022245,
-61.6491129038067));
#1258=CARTESIAN_POINT('Ctrl Pts',(-18.7580308003729,-2.4975616401552,-61.5961272512526));
#1259=CARTESIAN_POINT('Ctrl Pts',(-18.2547568323216,-4.99618203907524,-61.5431415986986));
#1260=CARTESIAN_POINT('Ctrl Pts',(-17.2832843268407,-7.29712198811066,-61.4901559461445));
#1261=CARTESIAN_POINT('Ctrl Pts',(-16.1448900470156,-9.99341741739459,-61.4280661150478));
#1262=CARTESIAN_POINT('Ctrl Pts',(-14.3635794698017,-12.4182639361293,-61.3659762839511));
#1263=CARTESIAN_POINT('Ctrl Pts',(-12.1310111351309,-14.3107774521736,-61.3038864528545));
#1264=CARTESIAN_POINT('Ctrl Pts',(-9.89844280046006,-16.2032909682178,-61.2417966217578));
#1265=CARTESIAN_POINT('Ctrl Pts',(-7.21461670833234,-17.5634714815715,-61.1797067906612));
#1266=CARTESIAN_POINT('Ctrl Pts',(-4.36829649809537,-18.2449463852708,-61.1176169595645));
#1267=CARTESIAN_POINT('Ctrl Pts',(-1.52197628785836,-18.9264212889701,-61.0555271284679));
#1268=CARTESIAN_POINT('Ctrl Pts',(1.4868380404879,-18.929190583015,-60.9934372973712));
#1269=CARTESIAN_POINT('Ctrl Pts',(4.33441959968007,-18.2530065227498,-60.9313474662745));
#1270=CARTESIAN_POINT('Ctrl Pts',(7.1820011588722,-17.5768224624846,-60.8692576351779));
#1271=CARTESIAN_POINT('Ctrl Pts',(9.86834994891027,-16.2216850479092,-60.8071678040812));
#1272=CARTESIAN_POINT('Ctrl Pts',(12.1044258217443,-14.3332984911405,-60.7450779729846));
#1273=CARTESIAN_POINT('Ctrl Pts',(14.3405016945784,-12.4449119343719,-60.6829881418879));
#1274=CARTESIAN_POINT('Ctrl Pts',(16.1263046502085,-10.02327623541,-60.6208983107912));
#1275=CARTESIAN_POINT('Ctrl Pts',(17.2697053482039,-7.32914526026538,-60.5588084796946));
#1276=CARTESIAN_POINT('Ctrl Pts',(18.4131060461993,-4.63501428512078,-60.4967186485979));
#1277=CARTESIAN_POINT('Ctrl Pts',(18.9141044865599,-1.66838803379349,-60.4346288175012));
#1278=CARTESIAN_POINT('Ctrl Pts',(18.7187743214913,1.25195447247115,-60.3725389864046));
#1279=CARTESIAN_POINT('Ctrl Pts',(18.5234441564228,4.17229697873579,-60.3104491553079));
#1280=CARTESIAN_POINT('Ctrl Pts',(17.6317853859249,7.04635573993781,-60.2483593242113));
#1281=CARTESIAN_POINT('Ctrl Pts',(16.1397269988147,9.56391183024746,-60.1862694931146));
#1282=CARTESIAN_POINT('Ctrl Pts',(14.6476686131092,12.081467918187,-60.1241796620764));
#1283=CARTESIAN_POINT('Ctrl Pts',(12.5552106119219,14.2425213359055,-60.0620898310382));
#1284=CARTESIAN_POINT('Ctrl Pts',(10.0870507729693,15.816593158011,-60.));
#1285=CARTESIAN_POINT('',(-10.0870507729694,15.8165931580109,-60.));
#1286=CARTESIAN_POINT('Origin',(0.,0.,-60.));
#1287=CARTESIAN_POINT('Ctrl Pts',(-10.0863529814485,15.8159649554577,-60.));
#1288=CARTESIAN_POINT('Ctrl Pts',(-9.17008852409268,16.4009912634962,-60.0230547393799));
#1289=CARTESIAN_POINT('Ctrl Pts',(-8.20348631953309,16.9069041690984,-60.0461094787598));
#1290=CARTESIAN_POINT('Ctrl Pts',(-7.199959104569,17.3239723486435,-60.0691642181396));
#1291=CARTESIAN_POINT('Ctrl Pts',(-4.49731153823484,18.4471987879815,-60.1312540492358));
#1292=CARTESIAN_POINT('Ctrl Pts',(-1.52684511693005,18.9260302077333,-60.1933438803319));
#1293=CARTESIAN_POINT('Ctrl Pts',(1.39185507867342,18.708897137547,-60.255433711428));
#1294=CARTESIAN_POINT('Ctrl Pts',(4.31055527427692,18.4917640673607,-60.3175235425242));
#1295=CARTESIAN_POINT('Ctrl Pts',(7.17748924417911,17.5786665072362,-60.3796133736203));
#1296=CARTESIAN_POINT('Ctrl Pts',(9.68417242273554,16.0678760232859,-60.4417032047164));
#1297=CARTESIAN_POINT('Ctrl Pts',(12.190855601292,14.5570855393355,-60.5037930358126));
#1298=CARTESIAN_POINT('Ctrl Pts',(14.3372879885026,12.4486021315593,-60.5658828669087));
#1299=CARTESIAN_POINT('Ctrl Pts',(15.8925596926744,9.96926545594651,-60.6279726980048));
#1300=CARTESIAN_POINT('Ctrl Pts',(17.4478313968462,7.48992878033371,-60.690062529101));
#1301=CARTESIAN_POINT('Ctrl Pts',(18.4119424179792,4.63973883688436,-60.7521523601971));
#1302=CARTESIAN_POINT('Ctrl Pts',(18.6810988067499,1.72538013277719,-60.8142421912932));
#1303=CARTESIAN_POINT('Ctrl Pts',(18.9502551955207,-1.18897857132999,-60.8763320223894));
#1304=CARTESIAN_POINT('Ctrl Pts',(18.5244569519293,-4.16750603609499,-60.9384218534855));
#1305=CARTESIAN_POINT('Ctrl Pts',(17.4496389902312,-6.88976644249419,-61.0005116845816));
#1306=CARTESIAN_POINT('Ctrl Pts',(16.3748210285332,-9.61202684889337,-61.0626015156778));
#1307=CARTESIAN_POINT('Ctrl Pts',(14.6509833487286,-12.0780201969268,-61.1246913467739));
#1308=CARTESIAN_POINT('Ctrl Pts',(12.4633568229836,-14.0223551907095,-61.18678117787));
#1309=CARTESIAN_POINT('Ctrl Pts',(10.2757302972386,-15.9666901844922,-61.2488710089662));
#1310=CARTESIAN_POINT('Ctrl Pts',(7.62431492555331,-17.3893668240243,-61.3109608400623));
#1311=CARTESIAN_POINT('Ctrl Pts',(4.79487413057598,-18.1374440370919,-61.3730506711585));
#1312=CARTESIAN_POINT('Ctrl Pts',(1.96543333559865,-18.8855212501595,-61.4351405022546));
#1313=CARTESIAN_POINT('Ctrl Pts',(-1.04203288267067,-18.9589990367627,-61.4972303333507));
#1314=CARTESIAN_POINT('Ctrl Pts',(-3.90491882959571,-18.3497117129962,-61.5593201644468));
#1315=CARTESIAN_POINT('Ctrl Pts',(-6.76780477652074,-17.7404243892297,-61.621409995543));
#1316=CARTESIAN_POINT('Ctrl Pts',(-9.48611045210149,-16.4483719550937,-61.6834998266391));
#1317=CARTESIAN_POINT('Ctrl Pts',(-11.7653985234916,-14.6130935061028,-61.7455896577353));
#1318=CARTESIAN_POINT('Ctrl Pts',(-14.0446865948817,-12.7778150571118,-61.8076794888314));
#1319=CARTESIAN_POINT('Ctrl Pts',(-15.8849570620812,-10.3993105932661,-61.8697693199275));
#1320=CARTESIAN_POINT('Ctrl Pts',(-17.0921445389604,-7.73243040255612,-61.9318591510236));
#1321=CARTESIAN_POINT('Ctrl Pts',(-18.1875918674896,-5.31240299473926,-61.9882017994571));
#1322=CARTESIAN_POINT('Ctrl Pts',(-18.7617314198435,-2.65491460443975,-62.0445444478906));
#1323=CARTESIAN_POINT('Ctrl Pts',(-18.7623155115077,0.000643759593915517,
-62.1008870963241));
#1324=CARTESIAN_POINT('Origin',(0.,0.,0.));
#1325=CARTESIAN_POINT('',(-18.7599771304001,-6.35323594686914E-5,-64.6008870963632));
#1326=CARTESIAN_POINT('',(-18.7581645817152,0.00156260389758196,-64.1491129038818));
#1327=CARTESIAN_POINT('',(-18.75935,2.29735779315849E-15,0.));
#1328=CARTESIAN_POINT('Ctrl Pts',(-18.7581645817152,0.00156260389758196,
-64.1491129038818));
#1329=CARTESIAN_POINT('Ctrl Pts',(-18.7532208021375,-2.75555585806775,-64.0906583325914));
#1330=CARTESIAN_POINT('Ctrl Pts',(-18.1455794773075,-5.51547927470512,-64.0322037613011));
#1331=CARTESIAN_POINT('Ctrl Pts',(-16.9704360648656,-8.00600009636529,-63.9737491900108));
#1332=CARTESIAN_POINT('Ctrl Pts',(-15.3061360935139,-11.5332068085458,-63.8909627485486));
#1333=CARTESIAN_POINT('Ctrl Pts',(-12.503556570579,-14.5200534556269,-63.8081763070864));
#1334=CARTESIAN_POINT('Ctrl Pts',(-9.09200226732078,-16.4129040716425,-63.7253898656242));
#1335=CARTESIAN_POINT('Ctrl Pts',(-6.53333653987713,-17.8325420336543,-63.6633000345276));
#1336=CARTESIAN_POINT('Ctrl Pts',(-3.63212249850166,-18.6368072281916,-63.6012102034309));
#1337=CARTESIAN_POINT('Ctrl Pts',(-0.706727264985791,-18.746324112522,-63.5391203723343));
#1338=CARTESIAN_POINT('Ctrl Pts',(2.21866796853008,-18.8558409968524,-63.4770305412376));
#1339=CARTESIAN_POINT('Ctrl Pts',(5.16824439418633,-18.2706095709757,-63.4149407101409));
#1340=CARTESIAN_POINT('Ctrl Pts',(7.82769433267704,-17.0498307736462,-63.3528508790443));
#1341=CARTESIAN_POINT('Ctrl Pts',(10.4871442711677,-15.8290519763167,-63.2907610479476));
#1342=CARTESIAN_POINT('Ctrl Pts',(12.8564677224929,-13.9727258075343,-63.2286712168509));
#1343=CARTESIAN_POINT('Ctrl Pts',(14.6792181408201,-11.6824842446524,-63.1665813857543));
#1344=CARTESIAN_POINT('Ctrl Pts',(16.5019685591473,-9.39224268177042,-63.1044915546576));
#1345=CARTESIAN_POINT('Ctrl Pts',(17.7781459444767,-6.66808572478892,-63.042401723561));
#1346=CARTESIAN_POINT('Ctrl Pts',(18.3712006624028,-3.80216510589976,-62.9803118924643));
#1347=CARTESIAN_POINT('Ctrl Pts',(18.964255380329,-0.936244487010589,-62.9182220613677));
#1348=CARTESIAN_POINT('Ctrl Pts',(18.8741874308519,2.07143979378617,-62.856132230271));
#1349=CARTESIAN_POINT('Ctrl Pts',(18.1103090708626,4.89680567949136,-62.7940423991743));
#1350=CARTESIAN_POINT('Ctrl Pts',(17.3464307108734,7.72217156519655,-62.7319525680776));
#1351=CARTESIAN_POINT('Ctrl Pts',(15.9087419403718,10.3652190558102,-62.669862736981));
#1352=CARTESIAN_POINT('Ctrl Pts',(13.9521177768173,12.541809298754,-62.6077729058843));
#1353=CARTESIAN_POINT('Ctrl Pts',(11.9954936132629,14.7183995416978,-62.5456830747877));
#1354=CARTESIAN_POINT('Ctrl Pts',(9.51993405665548,16.4285325369717,-62.4835932436911));
#1355=CARTESIAN_POINT('Ctrl Pts',(6.79169969236716,17.4880906409821,-62.4215034125944));
#1356=CARTESIAN_POINT('Ctrl Pts',(4.06346532807879,18.5476487449926,-62.3594135814977));
#1357=CARTESIAN_POINT('Ctrl Pts',(1.08255615610958,18.9566319577395,-62.297323750401));
#1358=CARTESIAN_POINT('Ctrl Pts',(-1.83025379249559,18.6710954060747,-62.2352339193044));
#1359=CARTESIAN_POINT('Ctrl Pts',(-4.74306374110076,18.3855588544099,-62.1731440882077));
#1360=CARTESIAN_POINT('Ctrl Pts',(-7.58777446634186,17.4055025383333,-62.1110542571111));
#1361=CARTESIAN_POINT('Ctrl Pts',(-10.0583362891665,15.8363442986987,-62.0489644260144));
#1362=CARTESIAN_POINT('Ctrl Pts',(-12.5288981119912,14.2671860590641,-61.9868745949178));
#1363=CARTESIAN_POINT('Ctrl Pts',(-14.6253110323994,12.1089258958716,-61.9247847638211));
#1364=CARTESIAN_POINT('Ctrl Pts',(-16.1220025957253,9.59379521230207,-61.8626949327244));
#1365=CARTESIAN_POINT('Ctrl Pts',(-17.6186941590512,7.07866452873253,-61.8006051016277));
#1366=CARTESIAN_POINT('Ctrl Pts',(-18.5156643652948,4.20666332478601,-61.7385152705311));
#1367=CARTESIAN_POINT('Ctrl Pts',(-18.7164104771984,1.28679055289619,-61.6764254394344));
#1368=CARTESIAN_POINT('Ctrl Pts',(-18.7458457069651,0.858652119155803,-61.6673212608919));
#1369=CARTESIAN_POINT('Ctrl Pts',(-18.7603120457905,0.429484441691219,-61.6582170823493));
#1370=CARTESIAN_POINT('Ctrl Pts',(-18.7599775487366,0.000294191680222449,
-61.6491129038067));
#1371=CARTESIAN_POINT('Ctrl Pts',(-18.7623155115077,0.000643759593915518,
-62.1008870963241));
#1372=CARTESIAN_POINT('Ctrl Pts',(-18.7623750912679,0.271521672042079,-62.1066342789867));
#1373=CARTESIAN_POINT('Ctrl Pts',(-18.7564669171321,0.542379502872073,-62.1123814616494));
#1374=CARTESIAN_POINT('Ctrl Pts',(-18.7445355367091,0.812963177593082,-62.1181286443121));
#1375=CARTESIAN_POINT('Ctrl Pts',(-18.5726675824566,4.71063980674657,-62.2009150857736));
#1376=CARTESIAN_POINT('Ctrl Pts',(-17.1510121575408,8.55143031019519,-62.2837015272351));
#1377=CARTESIAN_POINT('Ctrl Pts',(-14.7371054312624,11.6149089157458,-62.3664879686966));
#1378=CARTESIAN_POINT('Ctrl Pts',(-12.323198704984,14.6783875212965,-62.4492744101581));
#1379=CARTESIAN_POINT('Ctrl Pts',(-8.91704067734319,16.9645542289492,-62.5320608516196));
#1380=CARTESIAN_POINT('Ctrl Pts',(-5.16766666426537,18.0382227305775,-62.6148472930811));
#1381=CARTESIAN_POINT('Ctrl Pts',(-1.41829265118756,19.1118912322058,-62.6976337345426));
#1382=CARTESIAN_POINT('Ctrl Pts',(2.67429734732724,18.9730615278098,-62.7804201760041));
#1383=CARTESIAN_POINT('Ctrl Pts',(6.34724551445785,17.6557968766119,-62.8632066174656));
#1384=CARTESIAN_POINT('Ctrl Pts',(8.18371959802318,16.9971645510129,-62.9045998381964));
#1385=CARTESIAN_POINT('Ctrl Pts',(9.91528322374245,16.0439234887135,-62.9459930589271));
#1386=CARTESIAN_POINT('Ctrl Pts',(11.4602313720312,14.8507510007395,-62.9873862796579));
#1387=CARTESIAN_POINT('Ctrl Pts',(13.00517952032,13.6575785127656,-63.0287795003887));
#1388=CARTESIAN_POINT('Ctrl Pts',(14.3635121911782,12.2244745991172,-63.0701727211194));
#1389=CARTESIAN_POINT('Ctrl Pts',(15.4675405371378,10.6159244638548,-63.1115659418502));
#1390=CARTESIAN_POINT('Ctrl Pts',(16.9395783317507,8.47119095017155,-63.1667569028245));
#1391=CARTESIAN_POINT('Ctrl Pts',(17.959519548766,6.01455304250782,-63.2219478637988));
#1392=CARTESIAN_POINT('Ctrl Pts',(18.439058187721,3.45718029288493,-63.2771388247732));
#1393=CARTESIAN_POINT('Ctrl Pts',(18.9185968266761,0.899807543262037,-63.3323297857475));
#1394=CARTESIAN_POINT('Ctrl Pts',(18.8577328875709,-1.75830004832,-63.3875207467219));
#1395=CARTESIAN_POINT('Ctrl Pts',(18.2625703382769,-4.29105281514561,-63.4427117076962));
#1396=CARTESIAN_POINT('Ctrl Pts',(17.6674077889828,-6.82380558197118,-63.4979026686706));
#1397=CARTESIAN_POINT('Ctrl Pts',(16.5379466294998,-9.23120352404027,-63.5530936296449));
#1398=CARTESIAN_POINT('Ctrl Pts',(14.9698482699787,-11.307320684696,-63.6082845906192));
#1399=CARTESIAN_POINT('Ctrl Pts',(13.4017499104576,-13.3834378453517,-63.6634755515936));
#1400=CARTESIAN_POINT('Ctrl Pts',(11.3950143508982,-15.1282742245941,-63.7186665125679));
#1401=CARTESIAN_POINT('Ctrl Pts',(9.12142665354886,-16.3932570968569,-63.7738574735423));
#1402=CARTESIAN_POINT('Ctrl Pts',(6.84783895619947,-17.6582399691198,-63.8290484345166));
#1403=CARTESIAN_POINT('Ctrl Pts',(4.30739912105999,-18.4433693344032,-63.884239395491));
#1404=CARTESIAN_POINT('Ctrl Pts',(1.71655441355296,-18.6814470700559,-63.9394303564653));
#1405=CARTESIAN_POINT('Ctrl Pts',(-0.874290293954054,-18.9195248057087,
-63.9946213174396));
#1406=CARTESIAN_POINT('Ctrl Pts',(-3.51553987382865,-18.6105509117308,-64.049812278414));
#1407=CARTESIAN_POINT('Ctrl Pts',(-5.98150568780369,-17.7809945386681,-64.1050032393883));
#1408=CARTESIAN_POINT('Ctrl Pts',(-8.44747150177873,-16.9514381656055,-64.1601942003626));
#1409=CARTESIAN_POINT('Ctrl Pts',(-10.7381535498542,-15.6012993134581,-64.215385161337));
#1410=CARTESIAN_POINT('Ctrl Pts',(-12.6584315637747,-13.845738719853,-64.2705761223113));
#1411=CARTESIAN_POINT('Ctrl Pts',(-14.5787095776951,-12.0901781262479,-64.3257670832857));
#1412=CARTESIAN_POINT('Ctrl Pts',(-16.1285835574606,-9.92919579118522,-64.38095804426));
#1413=CARTESIAN_POINT('Ctrl Pts',(-17.1752626976792,-7.54728380214112,-64.4361490052343));
#1414=CARTESIAN_POINT('Ctrl Pts',(-18.2166646503419,-5.17738102950823,-64.4910617022773));
#1415=CARTESIAN_POINT('Ctrl Pts',(-18.7599330267605,-2.58877077025796,-64.5459743993202));
#1416=CARTESIAN_POINT('Ctrl Pts',(-18.7599771304001,-6.35323594686915E-5,
-64.6008870963632));
#1417=CARTESIAN_POINT('Origin',(0.,0.,0.));
#1418=CARTESIAN_POINT('',(-18.763218058351,-0.00150233949024427,-67.1008870962615));
#1419=CARTESIAN_POINT('',(-18.7586697898483,0.000228830215170237,-66.6491129039872));
#1420=CARTESIAN_POINT('',(-18.75935,2.29735779315849E-15,0.));
#1421=CARTESIAN_POINT('Ctrl Pts',(-18.7586697898483,0.000228830215170237,
-66.6491129039872));
#1422=CARTESIAN_POINT('Ctrl Pts',(-18.7589095351021,-0.411480285233144,
-66.6403803749254));
#1423=CARTESIAN_POINT('Ctrl Pts',(-18.7456094572656,-0.823197313754751,
-66.6316478458635));
#1424=CARTESIAN_POINT('Ctrl Pts',(-18.7186596897287,-1.2340392568621,-66.6229153168017));
#1425=CARTESIAN_POINT('Ctrl Pts',(-18.5483329083489,-3.83062513573258,-66.5677243558269));
#1426=CARTESIAN_POINT('Ctrl Pts',(-17.8327775487955,-6.39225625836568,-66.5125333948521));
#1427=CARTESIAN_POINT('Ctrl Pts',(-16.6249599059027,-8.69619627738195,-66.4573424338773));
#1428=CARTESIAN_POINT('Ctrl Pts',(-14.8132334415635,-12.1521063059064,-66.3745559924151));
#1429=CARTESIAN_POINT('Ctrl Pts',(-11.8939168397106,-15.028211351293,-66.2917695509528));
#1430=CARTESIAN_POINT('Ctrl Pts',(-8.40838643013245,-16.7754054311215,-66.2089831094906));
#1431=CARTESIAN_POINT('Ctrl Pts',(-4.92285602055425,-18.5225995109501,-66.1261966680284));
#1432=CARTESIAN_POINT('Ctrl Pts',(-0.871111803250841,-19.1408826252205,
-66.0434102265662));
#1433=CARTESIAN_POINT('Ctrl Pts',(2.98171757000019,-18.5237788550187,-65.960623785104));
#1434=CARTESIAN_POINT('Ctrl Pts',(5.87133959993842,-18.0609510273673,-65.8985339540073));
#1435=CARTESIAN_POINT('Ctrl Pts',(8.64907203009717,-16.9032180772003,-65.8364441229106));
#1436=CARTESIAN_POINT('Ctrl Pts',(11.0176833102302,-15.1834058105272,-65.774354291814));
#1437=CARTESIAN_POINT('Ctrl Pts',(13.3862945903633,-13.4635935438539,-65.7122644607173));
#1438=CARTESIAN_POINT('Ctrl Pts',(15.3457847204706,-11.1817019606745,-65.6501746296207));
#1439=CARTESIAN_POINT('Ctrl Pts',(16.6843062706875,-8.57935182860173,-65.588084798524));
#1440=CARTESIAN_POINT('Ctrl Pts',(18.0228278209044,-5.977001696529,-65.5259949674274));
#1441=CARTESIAN_POINT('Ctrl Pts',(18.7403807912309,-3.05419301556296,-65.4639051363307));
#1442=CARTESIAN_POINT('Ctrl Pts',(18.7601405415807,-0.127225655883534,-65.401815305234));
#1443=CARTESIAN_POINT('Ctrl Pts',(18.7799002919306,2.7997417037959,-65.3397254741374));
#1444=CARTESIAN_POINT('Ctrl Pts',(18.1018668223038,5.73086774218877,-65.2776356430408));
#1445=CARTESIAN_POINT('Ctrl Pts',(16.7991171658125,8.35145055038065,-65.2155458119441));
#1446=CARTESIAN_POINT('Ctrl Pts',(15.4963675093212,10.9720333585726,-65.1534559808474));
#1447=CARTESIAN_POINT('Ctrl Pts',(13.5689016659654,13.2820729365635,-65.0913661497507));
#1448=CARTESIAN_POINT('Ctrl Pts',(11.2234067278184,15.0331720417794,-65.029276318654));
#1449=CARTESIAN_POINT('Ctrl Pts',(8.87791178967145,16.7842711469953,-64.9671864875574));
#1450=CARTESIAN_POINT('Ctrl Pts',(6.11438775673329,17.9764297794361,-64.9050966564608));
#1451=CARTESIAN_POINT('Ctrl Pts',(3.23179247448015,18.4803394737131,-64.8430068253641));
#1452=CARTESIAN_POINT('Ctrl Pts',(0.349197192226972,18.9842491679901,-64.7809169942675));
#1453=CARTESIAN_POINT('Ctrl Pts',(-2.65246933934122,18.7999099241033,-64.7188271631708));
#1454=CARTESIAN_POINT('Ctrl Pts',(-5.4536188674875,17.949589235843,-64.6567373320741));
#1455=CARTESIAN_POINT('Ctrl Pts',(-8.25476839563374,17.0992685475828,-64.5946475009774));
#1456=CARTESIAN_POINT('Ctrl Pts',(-10.8554009203581,15.5829664149492,-64.5325576698808));
#1457=CARTESIAN_POINT('Ctrl Pts',(-12.9684220163287,13.5587936299434,-64.4704678387842));
#1458=CARTESIAN_POINT('Ctrl Pts',(-15.785783477623,10.8598965832691,-64.387681397322));
#1459=CARTESIAN_POINT('Ctrl Pts',(-17.7362801766885,7.25811837682198,-64.3048949558597));
#1460=CARTESIAN_POINT('Ctrl Pts',(-18.4485183163371,3.42344588495853,-64.2221085143975));
#1461=CARTESIAN_POINT('Ctrl Pts',(-18.6578531499079,2.29639232913681,-64.1977766442256));
#1462=CARTESIAN_POINT('Ctrl Pts',(-18.7602224430627,1.14922046853139,-64.1734447740537));
#1463=CARTESIAN_POINT('Ctrl Pts',(-18.7581645817152,0.00156260389758196,
-64.1491129038818));
#1464=CARTESIAN_POINT('Ctrl Pts',(-18.7599771304001,-6.35323594686917E-5,
-64.6008870963632));
#1465=CARTESIAN_POINT('Ctrl Pts',(-18.7599773538903,0.0130544511308955,
-64.6011653602946));
#1466=CARTESIAN_POINT('Ctrl Pts',(-18.75996362824,0.0261724371115034,-64.601443624226));
#1467=CARTESIAN_POINT('Ctrl Pts',(-18.7599359475818,0.0392903971362368,
-64.6017218881574));
#1468=CARTESIAN_POINT('Ctrl Pts',(-18.7544457565938,2.64111096434403,-64.6569128491317));
#1469=CARTESIAN_POINT('Ctrl Pts',(-18.1999810739461,5.24191045573415,-64.7121038101061));
#1470=CARTESIAN_POINT('Ctrl Pts',(-17.1433383038508,7.61942259874867,-64.7672947710804));
#1471=CARTESIAN_POINT('Ctrl Pts',(-16.0866955337554,9.99693474176322,-64.8224857320548));
#1472=CARTESIAN_POINT('Ctrl Pts',(-14.5278746762125,12.1511595364021,-64.8776766930291));
#1473=CARTESIAN_POINT('Ctrl Pts',(-12.6002499974424,13.898606679889,-64.9328676540034));
#1474=CARTESIAN_POINT('Ctrl Pts',(-10.6726253186724,15.6460538233758,-64.9880586149777));
#1475=CARTESIAN_POINT('Ctrl Pts',(-8.37619681867539,16.9867233157104,-65.0432495759521));
#1476=CARTESIAN_POINT('Ctrl Pts',(-5.90677778089365,17.8059070113531,-65.0984405369264));
#1477=CARTESIAN_POINT('Ctrl Pts',(-3.43735874311192,18.6250907069957,-65.1536314979008));
#1478=CARTESIAN_POINT('Ctrl Pts',(-0.79494916754547,18.9227886059463,-65.2088224588752));
#1479=CARTESIAN_POINT('Ctrl Pts',(1.79491280208034,18.6739341785502,-65.2640134198495));
#1480=CARTESIAN_POINT('Ctrl Pts',(4.38477477170617,18.425079751154,-65.3192043808238));
#1481=CARTESIAN_POINT('Ctrl Pts',(6.92208913539133,17.6296729974111,-65.3743953417981));
#1482=CARTESIAN_POINT('Ctrl Pts',(9.19024027409921,16.3550986772438,-65.4295863027725));
#1483=CARTESIAN_POINT('Ctrl Pts',(11.4583914128071,15.0805243570764,-65.4847772637468));
#1484=CARTESIAN_POINT('Ctrl Pts',(13.4573793265376,13.3267824704846,-65.5399682247212));
#1485=CARTESIAN_POINT('Ctrl Pts',(15.016868434189,11.2441162613964,-65.5951591856955));
#1486=CARTESIAN_POINT('Ctrl Pts',(16.5763575418405,9.16145005230818,-65.6503501466699));
#1487=CARTESIAN_POINT('Ctrl Pts',(17.6963478434128,6.74985952072354,-65.7055411076442));
#1488=CARTESIAN_POINT('Ctrl Pts',(18.2808263627143,4.21461765893465,-65.7607320686186));
#1489=CARTESIAN_POINT('Ctrl Pts',(18.8653048820158,1.67937579714578,-65.8159230295929));
#1490=CARTESIAN_POINT('Ctrl Pts',(18.9142716190465,-0.979517394847377,-65.8711139905672));
#1491=CARTESIAN_POINT('Ctrl Pts',(18.4240411878426,-3.53471239888879,-65.9263049515416));
#1492=CARTESIAN_POINT('Ctrl Pts',(17.9338107566387,-6.08990740293023,-65.9814959125159));
#1493=CARTESIAN_POINT('Ctrl Pts',(16.9043831572002,-8.5414042190199,-66.0366868734903));
#1494=CARTESIAN_POINT('Ctrl Pts',(15.4231097968416,-10.6803976273726,-66.0918778344646));
#1495=CARTESIAN_POINT('Ctrl Pts',(13.9418364364831,-12.8193910357254,-66.1470687954389));
#1496=CARTESIAN_POINT('Ctrl Pts',(12.0087173152045,-14.6458810363411,-66.2022597564132));
#1497=CARTESIAN_POINT('Ctrl Pts',(9.78938503430649,-16.0034632918066,-66.2574507173876));
#1498=CARTESIAN_POINT('Ctrl Pts',(7.57005275340851,-17.3610455472721,-66.3126416783619));
#1499=CARTESIAN_POINT('Ctrl Pts',(5.06450731289109,-18.2497200575873,-66.3678326393363));
#1500=CARTESIAN_POINT('Ctrl Pts',(2.48544262241277,-18.5945234793907,-66.4230236003107));
#1501=CARTESIAN_POINT('Ctrl Pts',(-0.0936220680656213,-18.9393269011941,
-66.478214561285));
#1502=CARTESIAN_POINT('Ctrl Pts',(-2.74620600850488,-18.7402592344857,-66.5334055222593));
#1503=CARTESIAN_POINT('Ctrl Pts',(-5.24379733730934,-18.0126852753818,-66.5885964832336));
#1504=CARTESIAN_POINT('Ctrl Pts',(-7.74138866611379,-17.285111316278,-66.643787444208));
#1505=CARTESIAN_POINT('Ctrl Pts',(-10.0839873832834,-16.0290310647786,-66.6989784051823));
#1506=CARTESIAN_POINT('Ctrl Pts',(-12.0764293947653,-14.3552916292452,-66.7541693661567));
#1507=CARTESIAN_POINT('Ctrl Pts',(-13.4047240690865,-13.2394653388896,-66.7909633401396));
#1508=CARTESIAN_POINT('Ctrl Pts',(-14.5773935408798,-11.9380127445188,-66.8277573141225));
#1509=CARTESIAN_POINT('Ctrl Pts',(-15.547137038002,-10.4997142753505,-66.8645512881054));
#1510=CARTESIAN_POINT('Ctrl Pts',(-17.4866240322464,-7.62311733701396,-66.9381392360712));
#1511=CARTESIAN_POINT('Ctrl Pts',(-18.6144071278061,-4.19913689948752,-67.0117271840369));
#1512=CARTESIAN_POINT('Ctrl Pts',(-18.7494161600149,-0.734971091621146,
-67.0853151320027));
#1513=CARTESIAN_POINT('Ctrl Pts',(-18.7589392584855,-0.49062009104767,-67.0905057867556));
#1514=CARTESIAN_POINT('Ctrl Pts',(-18.7635228758976,-0.246069150847467,
-67.0956964415086));
#1515=CARTESIAN_POINT('Ctrl Pts',(-18.763218058351,-0.00150233949024427,
-67.1008870962615));
#1516=CARTESIAN_POINT('Origin',(0.,0.,0.));
#1517=CARTESIAN_POINT('',(-18.7599235174827,-0.000475843037352254,-69.6008870961004));
#1518=CARTESIAN_POINT('',(-18.7608780346259,0.00159240783127124,-69.149112903962));
#1519=CARTESIAN_POINT('',(-18.75935,2.29735779315849E-15,0.));
#1520=CARTESIAN_POINT('Ctrl Pts',(-18.7608780346259,0.00159240783127124,
-69.149112903962));
#1521=CARTESIAN_POINT('Ctrl Pts',(-18.75443789811,-3.26902382836217,-69.0797204952225));
#1522=CARTESIAN_POINT('Ctrl Pts',(-17.8869545492505,-6.54318569878884,-69.0103280864831));
#1523=CARTESIAN_POINT('Ctrl Pts',(-16.2533827953967,-9.37541152014844,-68.9409356777436));
#1524=CARTESIAN_POINT('Ctrl Pts',(-14.3045011405962,-12.7543098957347,-68.8581492362814));
#1525=CARTESIAN_POINT('Ctrl Pts',(-11.2652507425067,-15.5042035098679,-68.7753627948192));
#1526=CARTESIAN_POINT('Ctrl Pts',(-7.70906719836757,-17.1066515794339,-68.692576353357));
#1527=CARTESIAN_POINT('Ctrl Pts',(-4.15288365422846,-18.7090996489999,-68.6097899118948));
#1528=CARTESIAN_POINT('Ctrl Pts',(-0.0797669640397214,-19.1641021739985,
-68.5270034704326));
#1529=CARTESIAN_POINT('Ctrl Pts',(3.74241484291031,-18.3863026134786,-68.4442170289704));
#1530=CARTESIAN_POINT('Ctrl Pts',(7.56459664986036,-17.6085030529586,-68.3614305875082));
#1531=CARTESIAN_POINT('Ctrl Pts',(11.1358435735717,-15.5979014069201,-68.278644146046));
#1532=CARTESIAN_POINT('Ctrl Pts',(13.7825751788573,-12.7324332551061,-68.1958577045838));
#1533=CARTESIAN_POINT('Ctrl Pts',(16.4293067841428,-9.86696510329215,-68.1130712631216));
#1534=CARTESIAN_POINT('Ctrl Pts',(18.1515230710025,-6.14663044570266,-68.0302848216593));
#1535=CARTESIAN_POINT('Ctrl Pts',(18.6253358853481,-2.27537910758683,-67.9474983801971));
#1536=CARTESIAN_POINT('Ctrl Pts',(19.046502831433,1.16573319296058,-67.8739104322307));
#1537=CARTESIAN_POINT('Ctrl Pts',(18.4812769103462,4.72608830281278,-67.8003224842643));
#1538=CARTESIAN_POINT('Ctrl Pts',(17.0272109972774,7.87602336656439,-67.7267345362979));
#1539=CARTESIAN_POINT('Ctrl Pts',(16.3001780407429,9.4509908984402,-67.6899405623147));
#1540=CARTESIAN_POINT('Ctrl Pts',(15.350935086213,10.9233534187908,-67.6531465883314));
#1541=CARTESIAN_POINT('Ctrl Pts',(14.2183431002654,12.2373863062585,-67.6163526143482));
#1542=CARTESIAN_POINT('Ctrl Pts',(12.5194551213439,14.2084356374599,-67.5611616533734));
#1543=CARTESIAN_POINT('Ctrl Pts',(10.4080318217326,15.8232432946745,-67.5059706923986));
#1544=CARTESIAN_POINT('Ctrl Pts',(8.05913009481217,16.9411972481923,-67.4507797314238));
#1545=CARTESIAN_POINT('Ctrl Pts',(5.71022836789176,18.0591512017102,-67.395588770449));
#1546=CARTESIAN_POINT('Ctrl Pts',(3.12384821366221,18.6802514515313,-67.3403978094742));
#1547=CARTESIAN_POINT('Ctrl Pts',(0.522754823288571,18.7526427153444,-67.2852068484994));
#1548=CARTESIAN_POINT('Ctrl Pts',(-2.07833856708507,18.8250339791576,-67.2300158875246));
#1549=CARTESIAN_POINT('Ctrl Pts',(-4.69414519360278,18.3487162569628,-67.1748249265498));
#1550=CARTESIAN_POINT('Ctrl Pts',(-7.10197723370025,17.3639034295077,-67.119633965575));
#1551=CARTESIAN_POINT('Ctrl Pts',(-9.50980927379771,16.3790906020525,-67.0644430046002));
#1552=CARTESIAN_POINT('Ctrl Pts',(-11.7096667274749,14.8857826693371,-67.0092520436253));
#1553=CARTESIAN_POINT('Ctrl Pts',(-13.5145385703749,13.0113208955799,-66.9540610826505));
#1554=CARTESIAN_POINT('Ctrl Pts',(-15.3194104132749,11.1368591218226,-66.8988701216757));
#1555=CARTESIAN_POINT('Ctrl Pts',(-16.7292966453977,8.88124350702337,-66.8436791607009));
#1556=CARTESIAN_POINT('Ctrl Pts',(-17.6216906598561,6.43766538206986,-66.7884881997261));
#1557=CARTESIAN_POINT('Ctrl Pts',(-18.3728866134682,4.38071971674719,-66.7420297678132));
#1558=CARTESIAN_POINT('Ctrl Pts',(-18.7573943072851,2.19058625960365,-66.6955713359002));
#1559=CARTESIAN_POINT('Ctrl Pts',(-18.7586697898483,0.000228830215170237,
-66.6491129039872));
#1560=CARTESIAN_POINT('Ctrl Pts',(-18.763218058351,-0.00150233949024427,
-67.1008870962615));
#1561=CARTESIAN_POINT('Ctrl Pts',(-18.7586613003979,3.65455937783058,-67.1784828829701));
#1562=CARTESIAN_POINT('Ctrl Pts',(-17.6616538724478,7.31416792686695,-67.2560786696787));
#1563=CARTESIAN_POINT('Ctrl Pts',(-15.6427296088593,10.3623908838794,-67.3336744563873));
#1564=CARTESIAN_POINT('Ctrl Pts',(-13.4887524091624,13.614520182344,-67.4164608978488));
#1565=CARTESIAN_POINT('Ctrl Pts',(-10.2853925224623,16.1707326360872,-67.4992473393103));
#1566=CARTESIAN_POINT('Ctrl Pts',(-6.63694664390298,17.5502752128921,-67.5820337807718));
#1567=CARTESIAN_POINT('Ctrl Pts',(-2.98850076534362,18.929817789697,-67.6648202222333));
#1568=CARTESIAN_POINT('Ctrl Pts',(1.10503110507499,19.1326904895637,-67.7476066636949));
#1569=CARTESIAN_POINT('Ctrl Pts',(4.87179655490025,18.1200224906281,-67.8303931051564));
#1570=CARTESIAN_POINT('Ctrl Pts',(8.63856200472555,17.1073544916925,-67.9131795466179));
#1571=CARTESIAN_POINT('Ctrl Pts',(12.0785610339575,14.8791457939545,-67.9959659880793));
#1572=CARTESIAN_POINT('Ctrl Pts',(14.5432106395398,11.8558235565011,-68.0787524295408));
#1573=CARTESIAN_POINT('Ctrl Pts',(17.007860245122,8.83250131904765,-68.1615388710023));
#1574=CARTESIAN_POINT('Ctrl Pts',(18.4971604270547,5.01406554187874,-68.2443253124639));
#1575=CARTESIAN_POINT('Ctrl Pts',(18.730025418755,1.1205110845277,-68.3271117539254));
#1576=CARTESIAN_POINT('Ctrl Pts',(18.9628904104553,-2.7730433728233,-68.409898195387));
#1577=CARTESIAN_POINT('Ctrl Pts',(17.9393202119234,-6.74171651035642,-68.4926846368485));
#1578=CARTESIAN_POINT('Ctrl Pts',(15.8528686152534,-10.0373355664622,-68.5754710783099));
#1579=CARTESIAN_POINT('Ctrl Pts',(13.7664170185834,-13.3329546225679,-68.6582575197714));
#1580=CARTESIAN_POINT('Ctrl Pts',(10.6170840237754,-15.9555195972463,-68.7410439612329));
#1581=CARTESIAN_POINT('Ctrl Pts',(6.99764764388724,-17.4099685344488,-68.8238304026944));
#1582=CARTESIAN_POINT('Ctrl Pts',(3.37821126399904,-18.8644174716512,-68.9066168441559));
#1583=CARTESIAN_POINT('Ctrl Pts',(-0.711328500969334,-19.1507503713778,
-68.9894032856175));
#1584=CARTESIAN_POINT('Ctrl Pts',(-4.49802139188765,-18.2166825839152,-69.072189727079));
#1585=CARTESIAN_POINT('Ctrl Pts',(-7.86397062825943,-17.3864001061707,-69.1457776750448));
#1586=CARTESIAN_POINT('Ctrl Pts',(-10.9906334456288,-15.5918504187954,-69.2193656230105));
#1587=CARTESIAN_POINT('Ctrl Pts',(-13.4172148685365,-13.1124233537519,-69.2929535709763));
#1588=CARTESIAN_POINT('Ctrl Pts',(-14.6305055799904,-11.8727098212301,-69.3297475449593));
#1589=CARTESIAN_POINT('Ctrl Pts',(-15.6687759428289,-10.4617769442913,-69.3665415189422));
#1590=CARTESIAN_POINT('Ctrl Pts',(-16.4939779435301,-8.93583346514928,-69.4033354929251));
#1591=CARTESIAN_POINT('Ctrl Pts',(-17.7317809445818,-6.64691824643622,-69.4585264538995));
#1592=CARTESIAN_POINT('Ctrl Pts',(-18.4901801308243,-4.09922917276594,-69.5137174148737));
#1593=CARTESIAN_POINT('Ctrl Pts',(-18.6997157067246,-1.50629916421596,-69.5689083758481));
#1594=CARTESIAN_POINT('Ctrl Pts',(-18.7401853745008,-1.00550107509973,-69.5795679492655));
#1595=CARTESIAN_POINT('Ctrl Pts',(-18.7601807840559,-0.503015363475027,
-69.590227522683));
#1596=CARTESIAN_POINT('Ctrl Pts',(-18.7599235174827,-0.000475843037352254,
-69.6008870961004));
#1597=CARTESIAN_POINT('Origin',(0.,0.,0.));
#1598=CARTESIAN_POINT('',(-18.7604591296908,-0.001413169774491,-72.1008870960064));
#1599=CARTESIAN_POINT('',(-18.7589680456963,-0.000239591928818642,-71.6491129038196));
#1600=CARTESIAN_POINT('',(-18.75935,2.29735779315849E-15,0.));
#1601=CARTESIAN_POINT('Ctrl Pts',(-18.7589680456963,-0.000239591928818641,
-71.6491129038196));
#1602=CARTESIAN_POINT('Ctrl Pts',(-18.7593990067,-0.927738874697688,-71.6294425373912));
#1603=CARTESIAN_POINT('Ctrl Pts',(-18.6914259354798,-1.85517291106211,-71.6097721709629));
#1604=CARTESIAN_POINT('Ctrl Pts',(-18.5544086882427,-2.77226899370239,-71.5901018045345));
#1605=CARTESIAN_POINT('Ctrl Pts',(-18.1699667627362,-5.34545004203017,-71.5349108435597));
#1606=CARTESIAN_POINT('Ctrl Pts',(-17.2419766363717,-7.83724586032894,-71.4797198825848));
#1607=CARTESIAN_POINT('Ctrl Pts',(-15.8501067823116,-10.0354743477213,-71.42452892161));
#1608=CARTESIAN_POINT('Ctrl Pts',(-14.4582369282515,-12.2337028351136,-71.3693379606352));
#1609=CARTESIAN_POINT('Ctrl Pts',(-12.6024873464959,-14.1383639915996,-71.3141469996604));
#1610=CARTESIAN_POINT('Ctrl Pts',(-10.4409521936513,-15.5863957971459,-71.2589560386856));
#1611=CARTESIAN_POINT('Ctrl Pts',(-8.27941704080662,-17.0344276026922,-71.2037650777108));
#1612=CARTESIAN_POINT('Ctrl Pts',(-5.81209631687297,-18.025830057299,-71.148574116736));
#1613=CARTESIAN_POINT('Ctrl Pts',(-3.24960503806625,-18.47641935236,-71.0933831557612));
#1614=CARTESIAN_POINT('Ctrl Pts',(-0.687113759259574,-18.9270086474209,
-71.0381921947863));
#1615=CARTESIAN_POINT('Ctrl Pts',(1.97054807442016,-18.836784782936,-70.9830012338116));
#1616=CARTESIAN_POINT('Ctrl Pts',(4.49642767465872,-18.213229556859,-70.9278102728368));
#1617=CARTESIAN_POINT('Ctrl Pts',(7.02230727489735,-17.589674330782,-70.872619311862));
#1618=CARTESIAN_POINT('Ctrl Pts',(9.41640464169483,-16.4327877431127,-70.8174283508872));
#1619=CARTESIAN_POINT('Ctrl Pts',(11.4748313574235,-14.8413617544945,-70.7622373899123));
#1620=CARTESIAN_POINT('Ctrl Pts',(13.5332580731521,-13.2499357658764,-70.7070464289375));
#1621=CARTESIAN_POINT('Ctrl Pts',(15.2560141378119,-11.2239703763093,-70.6518554679627));
#1622=CARTESIAN_POINT('Ctrl Pts',(16.495325511691,-8.93648868822958,-70.5966645069879));
#1623=CARTESIAN_POINT('Ctrl Pts',(17.7346368855702,-6.64900700014988,-70.5414735460131));
#1624=CARTESIAN_POINT('Ctrl Pts',(18.4905035686686,-4.10000901355758,-70.4862825850383));
#1625=CARTESIAN_POINT('Ctrl Pts',(18.6993643800358,-1.5063099395649,-70.4310916240635));
#1626=CARTESIAN_POINT('Ctrl Pts',(18.9082251914031,1.08738913442778,-70.3759006630887));
#1627=CARTESIAN_POINT('Ctrl Pts',(18.5700801310391,3.72578929582082,-70.3207097021138));
#1628=CARTESIAN_POINT('Ctrl Pts',(17.7127186084124,6.18169603105984,-70.265518741139));
#1629=CARTESIAN_POINT('Ctrl Pts',(16.8553570857856,8.63760276629882,-70.2103277801642));
#1630=CARTESIAN_POINT('Ctrl Pts',(15.4787791008962,10.9110160753838,-70.1551368191894));
#1631=CARTESIAN_POINT('Ctrl Pts',(13.7020104074576,12.8124300816249,-70.0999458582146));
#1632=CARTESIAN_POINT('Ctrl Pts',(11.925241714019,14.7138440878661,-70.0447548972398));
#1633=CARTESIAN_POINT('Ctrl Pts',(9.74828231203125,16.2432587912635,-69.989563936265));
#1634=CARTESIAN_POINT('Ctrl Pts',(7.35436489165626,17.2608079215139,-69.9343729752902));
#1635=CARTESIAN_POINT('Ctrl Pts',(3.76348876109382,18.7871316168895,-69.851586533828));
#1636=CARTESIAN_POINT('Ctrl Pts',(-0.315542910839981,19.1617577726846,-69.7688000923658));
#1637=CARTESIAN_POINT('Ctrl Pts',(-4.12016430029139,18.3060770594413,-69.6860136509036));
#1638=CARTESIAN_POINT('Ctrl Pts',(-7.92478568974282,17.4503963461979,-69.6032272094413));
#1639=CARTESIAN_POINT('Ctrl Pts',(-11.4549967967118,15.3644087639161,-69.5204407679791));
#1640=CARTESIAN_POINT('Ctrl Pts',(-14.0424494117862,12.4448936307556,-69.4376543265169));
#1641=CARTESIAN_POINT('Ctrl Pts',(-16.6299020268607,9.525378497595,-69.3548678850547));
#1642=CARTESIAN_POINT('Ctrl Pts',(-18.2745961500405,5.77233581355567,-69.2720814435925));
#1643=CARTESIAN_POINT('Ctrl Pts',(-18.6676867558746,1.89186290301638,-69.1892950021303));
#1644=CARTESIAN_POINT('Ctrl Pts',(-18.7312849531707,1.26404051778594,-69.1759009694075));
#1645=CARTESIAN_POINT('Ctrl Pts',(-18.7621211014224,0.632882511272498,-69.1625069366848));
#1646=CARTESIAN_POINT('Ctrl Pts',(-18.7608780346259,0.00159240783127124,
-69.149112903962));
#1647=CARTESIAN_POINT('Ctrl Pts',(-18.7599235174827,-0.000475843037352254,
-69.6008870961004));
#1648=CARTESIAN_POINT('Ctrl Pts',(-18.7588487617651,2.09893107231245,-69.6454184836573));
#1649=CARTESIAN_POINT('Ctrl Pts',(-18.4043181165105,4.19927707550137,-69.6899498712142));
#1650=CARTESIAN_POINT('Ctrl Pts',(-17.7124868385488,6.18144297435787,-69.7344812587711));
#1651=CARTESIAN_POINT('Ctrl Pts',(-16.8550504289146,8.63808416095211,-69.7896722197454));
#1652=CARTESIAN_POINT('Ctrl Pts',(-15.479505644088,10.9131955907109,-69.8448631807198));
#1653=CARTESIAN_POINT('Ctrl Pts',(-13.70248481272,12.8134292300532,-69.9000541416941));
#1654=CARTESIAN_POINT('Ctrl Pts',(-11.9254639813519,14.7136628693954,-69.9552451026684));
#1655=CARTESIAN_POINT('Ctrl Pts',(-9.74696710344236,16.239018718321,-70.0104360636428));
#1656=CARTESIAN_POINT('Ctrl Pts',(-7.35341575617028,17.2589017571944,-70.0656270246171));
#1657=CARTESIAN_POINT('Ctrl Pts',(-4.95986440889817,18.2787847960678,-70.1208179855915));
#1658=CARTESIAN_POINT('Ctrl Pts',(-2.35125859226345,18.793195024889,-70.1760089465658));
#1659=CARTESIAN_POINT('Ctrl Pts',(0.250371448947501,18.7584271321073,-70.2311999075401));
#1660=CARTESIAN_POINT('Ctrl Pts',(2.85200149015843,18.7236592393257,-70.2863908685145));
#1661=CARTESIAN_POINT('Ctrl Pts',(5.44665575594558,18.1397132249413,-70.3415818294889));
#1662=CARTESIAN_POINT('Ctrl Pts',(7.81202474893664,17.0564282694915,-70.3967727904632));
#1663=CARTESIAN_POINT('Ctrl Pts',(10.1773937419277,15.9731433140418,-70.4519637514375));
#1664=CARTESIAN_POINT('Ctrl Pts',(12.3134774621226,14.3905194175268,-70.5071547124119));
#1665=CARTESIAN_POINT('Ctrl Pts',(14.039372887412,12.4431526456813,-70.5623456733862));
#1666=CARTESIAN_POINT('Ctrl Pts',(15.7652683127014,10.4957858738358,-70.6175366343605));
#1667=CARTESIAN_POINT('Ctrl Pts',(17.0809754430852,8.18367622665964,-70.6727275953349));
#1668=CARTESIAN_POINT('Ctrl Pts',(17.8718180645711,5.70558234541489,-70.7279185563092));
#1669=CARTESIAN_POINT('Ctrl Pts',(18.6626606860569,3.22748846417021,-70.7831095172836));
#1670=CARTESIAN_POINT('Ctrl Pts',(18.9286387986449,0.583410348856904,-70.838300478258));
#1671=CARTESIAN_POINT('Ctrl Pts',(18.6515664871608,-2.00422053080528,-70.8934914392323));
#1672=CARTESIAN_POINT('Ctrl Pts',(18.3744941756767,-4.59185141046749,-70.9486824002066));
#1673=CARTESIAN_POINT('Ctrl Pts',(17.5543714401206,-7.12303505447859,-71.0038733611809));
#1674=CARTESIAN_POINT('Ctrl Pts',(16.2529062650982,-9.37516721295114,-71.0590643221552));
#1675=CARTESIAN_POINT('Ctrl Pts',(14.3007085025646,-12.75336545066,-71.1418507636167));
#1676=CARTESIAN_POINT('Ctrl Pts',(11.2654902512318,-15.5036978459072,-71.2246372050783));
#1677=CARTESIAN_POINT('Ctrl Pts',(7.71022028155308,-17.1064023423766,-71.3074236465398));
#1678=CARTESIAN_POINT('Ctrl Pts',(4.15495031187438,-18.7091068388461,-71.3902100880013));
#1679=CARTESIAN_POINT('Ctrl Pts',(0.0796286238497657,-19.1641834365378,
-71.4729965294628));
#1680=CARTESIAN_POINT('Ctrl Pts',(-3.74305789113318,-18.3862542420802,-71.5557829709243));
#1681=CARTESIAN_POINT('Ctrl Pts',(-7.56574440611609,-17.6083250476226,-71.6385694123858));
#1682=CARTESIAN_POINT('Ctrl Pts',(-11.1357957480573,-15.5973900610156,-71.7213558538474));
#1683=CARTESIAN_POINT('Ctrl Pts',(-13.7822902808785,-12.7322319656572,-71.8041422953089));
#1684=CARTESIAN_POINT('Ctrl Pts',(-16.4287848136997,-9.86707387029877,-71.8869287367704));
#1685=CARTESIAN_POINT('Ctrl Pts',(-18.1517225374009,-6.14769266618887,-71.9697151782319));
#1686=CARTESIAN_POINT('Ctrl Pts',(-18.6250309289041,-2.27600380398161,-72.0525016196934));
#1687=CARTESIAN_POINT('Ctrl Pts',(-18.7172410845831,-1.52171962239125,-72.0686301117977));
#1688=CARTESIAN_POINT('Ctrl Pts',(-18.7620215473777,-0.761654602226334,
-72.0847586039021));
#1689=CARTESIAN_POINT('Ctrl Pts',(-18.7604591296908,-0.001413169774491,
-72.1008870960064));
#1690=CARTESIAN_POINT('Origin',(0.,0.,0.));
#1691=CARTESIAN_POINT('',(-18.7586526358891,-0.00138753770055979,-74.6008870960547));
#1692=CARTESIAN_POINT('',(-18.7634738535745,0.000532619622818978,-74.1491129036729));
#1693=CARTESIAN_POINT('',(-18.75935,2.29735779315849E-15,0.));
#1694=CARTESIAN_POINT('Ctrl Pts',(-18.7634738535745,0.000532619622818978,
-74.1491129036729));
#1695=CARTESIAN_POINT('Ctrl Pts',(-18.7609755204046,-3.7845909151809,-74.0687826576074));
#1696=CARTESIAN_POINT('Ctrl Pts',(-17.5795143067814,-7.57156208086083,-73.988452411542));
#1697=CARTESIAN_POINT('Ctrl Pts',(-15.425592012677,-10.683220874491,-73.9081221654765));
#1698=CARTESIAN_POINT('Ctrl Pts',(-13.4524532577797,-13.5337111519415,-73.8345342175101));
#1699=CARTESIAN_POINT('Ctrl Pts',(-10.6632444897974,-15.817492707206,-73.7609462695436));
#1700=CARTESIAN_POINT('Ctrl Pts',(-7.48274987759562,-17.2036635109648,-73.6873583215772));
#1701=CARTESIAN_POINT('Ctrl Pts',(-5.89250257149474,-17.8967489128442,-73.650564347594));
#1702=CARTESIAN_POINT('Ctrl Pts',(-4.20443380433901,-18.3654316268472,-73.6137703736108));
#1703=CARTESIAN_POINT('Ctrl Pts',(-2.48483872313846,-18.5940264322133,-73.5769763996276));
#1704=CARTESIAN_POINT('Ctrl Pts',(0.0945538986623379,-18.9369186402624,
-73.5217854386528));
#1705=CARTESIAN_POINT('Ctrl Pts',(2.74488072706395,-18.7396130538783,-73.4665944776779));
#1706=CARTESIAN_POINT('Ctrl Pts',(5.24300190710691,-18.0129334774094,-73.4114035167031));
#1707=CARTESIAN_POINT('Ctrl Pts',(7.74112308714981,-17.2862539009406,-73.3562125557283));
#1708=CARTESIAN_POINT('Ctrl Pts',(10.0870386188341,-16.0302003343869,-73.3010215947535));
#1709=CARTESIAN_POINT('Ctrl Pts',(12.0775724179274,-14.3552313316563,-73.2458306337787));
#1710=CARTESIAN_POINT('Ctrl Pts',(14.0681062170208,-12.6802623289255,-73.1906396728039));
#1711=CARTESIAN_POINT('Ctrl Pts',(15.7032582835232,-10.5863778900177,-73.1354487118291));
#1712=CARTESIAN_POINT('Ctrl Pts',(16.8481978206373,-8.24939971530938,-73.0802577508543));
#1713=CARTESIAN_POINT('Ctrl Pts',(17.9931373577513,-5.91242154060103,-73.0250667898795));
#1714=CARTESIAN_POINT('Ctrl Pts',(18.6478643654769,-3.33234963009214,-72.9698758289047));
#1715=CARTESIAN_POINT('Ctrl Pts',(18.7480738985577,-0.733108540481673,-72.9146848679299));
#1716=CARTESIAN_POINT('Ctrl Pts',(18.8816866093321,2.73254624566558,-72.8410969199635));
#1717=CARTESIAN_POINT('Ctrl Pts',(18.0294904762935,6.23227957243792,-72.767508971997));
#1718=CARTESIAN_POINT('Ctrl Pts',(16.3212015037812,9.25158148653137,-72.6939210240306));
#1719=CARTESIAN_POINT('Ctrl Pts',(15.4670570175251,10.761232443578,-72.6571270500474));
#1720=CARTESIAN_POINT('Ctrl Pts',(14.3988893214005,12.150775547455,-72.6203330760643));
#1721=CARTESIAN_POINT('Ctrl Pts',(13.1616031875588,13.3671883518353,-72.583539102081));
#1722=CARTESIAN_POINT('Ctrl Pts',(11.3056739867961,15.1918075584057,-72.5283481411062));
#1723=CARTESIAN_POINT('Ctrl Pts',(9.06922830116978,16.6268835911085,-72.4731571801314));
#1724=CARTESIAN_POINT('Ctrl Pts',(6.63637278493039,17.5474382946956,-72.4179662191566));
#1725=CARTESIAN_POINT('Ctrl Pts',(4.20351726869102,18.4679929982828,-72.3627752581818));
#1726=CARTESIAN_POINT('Ctrl Pts',(1.57425192183863,18.8740263727543,-72.307584297207));
#1727=CARTESIAN_POINT('Ctrl Pts',(-1.02396700776263,18.7319825323105,-72.2523933362322));
#1728=CARTESIAN_POINT('Ctrl Pts',(-3.62218593736382,18.5899386918666,-72.1972023752574));
#1729=CARTESIAN_POINT('Ctrl Pts',(-6.18935844971389,17.8998176365074,-72.1420114142825));
#1730=CARTESIAN_POINT('Ctrl Pts',(-8.50800104322421,16.7199079678121,-72.0868204533077));
#1731=CARTESIAN_POINT('Ctrl Pts',(-10.8266436367346,15.5399982991167,-72.0316294923329));
#1732=CARTESIAN_POINT('Ctrl Pts',(-12.8967563114052,13.8703000170853,-71.9764385313581));
#1733=CARTESIAN_POINT('Ctrl Pts',(-14.5407741615688,11.8536913554504,-71.9212475703833));
#1734=CARTESIAN_POINT('Ctrl Pts',(-16.1847920117325,9.83708269381562,-71.8660566094085));
#1735=CARTESIAN_POINT('Ctrl Pts',(-17.4027150373893,7.47356365257739,-71.8108656484336));
#1736=CARTESIAN_POINT('Ctrl Pts',(-18.0912296878935,4.96452099277989,-71.7556746874588));
#1737=CARTESIAN_POINT('Ctrl Pts',(-18.5343538754032,3.34971513609146,-71.7201540929124));
#1738=CARTESIAN_POINT('Ctrl Pts',(-18.7581898196712,1.67463139155353,-71.684633498366));
#1739=CARTESIAN_POINT('Ctrl Pts',(-18.7589680456963,-0.000239591928818641,
-71.6491129038196));
#1740=CARTESIAN_POINT('Ctrl Pts',(-18.7604591296908,-0.001413169774491,
-72.1008870960064));
#1741=CARTESIAN_POINT('Ctrl Pts',(-18.7540017647756,3.14061241921153,-72.1675450453636));
#1742=CARTESIAN_POINT('Ctrl Pts',(-17.9559560562818,6.28565132779533,-72.2342029947207));
#1743=CARTESIAN_POINT('Ctrl Pts',(-16.443045632979,9.03805852945612,-72.3008609440779));
#1744=CARTESIAN_POINT('Ctrl Pts',(-14.5640728862454,12.4564354803819,-72.3836473855395));
#1745=CARTESIAN_POINT('Ctrl Pts',(-11.5824483334732,15.2691928619288,-72.466433827001));
#1746=CARTESIAN_POINT('Ctrl Pts',(-8.06027299155528,16.9447581173015,-72.5492202684625));
#1747=CARTESIAN_POINT('Ctrl Pts',(-4.53809764963737,18.6203233726741,-72.632006709924));
#1748=CARTESIAN_POINT('Ctrl Pts',(-0.475371518573816,19.1586965018725,-72.7147931513855));
#1749=CARTESIAN_POINT('Ctrl Pts',(3.36212293375419,18.4594457750002,-72.797579592847));
#1750=CARTESIAN_POINT('Ctrl Pts',(7.19961738608219,17.7601950481279,-72.8803660343085));
#1751=CARTESIAN_POINT('Ctrl Pts',(10.8118801596747,15.8233204651848,-72.96315247577));
#1752=CARTESIAN_POINT('Ctrl Pts',(13.5172522480925,13.013483531337,-73.0459389172316));
#1753=CARTESIAN_POINT('Ctrl Pts',(16.2226243365102,10.2036465974892,-73.1287253586931));
#1754=CARTESIAN_POINT('Ctrl Pts',(18.0211057397532,6.52084731273648,-73.2115118001545));
#1755=CARTESIAN_POINT('Ctrl Pts',(18.5739503477754,2.65963312476253,-73.2942982416161));
#1756=CARTESIAN_POINT('Ctrl Pts',(19.1267949557976,-1.20158106321137,-73.3770846830776));
#1757=CARTESIAN_POINT('Ctrl Pts',(18.4340027685989,-5.24121015440651,-73.4598711245391));
#1758=CARTESIAN_POINT('Ctrl Pts',(16.6259962087256,-8.69740154437858,-73.5426575660006));
#1759=CARTESIAN_POINT('Ctrl Pts',(14.8179896488523,-12.1535929343506,-73.6254440074621));
#1760=CARTESIAN_POINT('Ctrl Pts',(11.8947687163045,-15.0263466230996,-73.7082304489237));
#1761=CARTESIAN_POINT('Ctrl Pts',(8.40771451843538,-16.7742232353185,-73.7910168903852));
#1762=CARTESIAN_POINT('Ctrl Pts',(4.9206603205662,-18.5220998475374,-73.8738033318467));
#1763=CARTESIAN_POINT('Ctrl Pts',(0.869772857375731,-19.1450993832261,-73.9565897733082));
#1764=CARTESIAN_POINT('Ctrl Pts',(-2.98127118864435,-18.5252146213632,-74.0393762147697));
#1765=CARTESIAN_POINT('Ctrl Pts',(-6.83231523466443,-17.9053298595002,-74.1221626562312));
#1766=CARTESIAN_POINT('Ctrl Pts',(-10.4835158635141,-16.0425608000856,-74.2049490976927));
#1767=CARTESIAN_POINT('Ctrl Pts',(-13.2460856643036,-13.2892116838073,-74.2877355391542));
#1768=CARTESIAN_POINT('Ctrl Pts',(-16.0086554650931,-10.535862567529,-74.3705219806158));
#1769=CARTESIAN_POINT('Ctrl Pts',(-17.8825944378225,-6.8919333943872,-74.4533084220773));
#1770=CARTESIAN_POINT('Ctrl Pts',(-18.5150895028207,-3.04246280511052,-74.5360948635388));
#1771=CARTESIAN_POINT('Ctrl Pts',(-18.6800954570691,-2.03820901233684,-74.5576922743774));
#1772=CARTESIAN_POINT('Ctrl Pts',(-18.7606100998933,-1.01996629610625,-74.5792896852161));
#1773=CARTESIAN_POINT('Ctrl Pts',(-18.7586526358891,-0.00138753770055979,
-74.6008870960547));
#1774=CARTESIAN_POINT('Origin',(0.,0.,0.));
#1775=CARTESIAN_POINT('',(-18.7600610639043,-0.000789899016284828,-77.1008870961742));
#1776=CARTESIAN_POINT('',(-18.7637739725972,-0.00133109563721722,-76.6491129036381));
#1777=CARTESIAN_POINT('',(-18.75935,2.29735779315849E-15,0.));
#1778=CARTESIAN_POINT('Ctrl Pts',(-18.7637739725972,-0.00133109563721722,
-76.6491129036381));
#1779=CARTESIAN_POINT('Ctrl Pts',(-18.7638468292554,-0.143248754148618,
-76.6461001803353));
#1780=CARTESIAN_POINT('Ctrl Pts',(-18.7622621349648,-0.285160336245313,
-76.6430874570324));
#1781=CARTESIAN_POINT('Ctrl Pts',(-18.7590091777681,-0.427029915496428,
-76.6400747337295));
#1782=CARTESIAN_POINT('Ctrl Pts',(-18.6696213636642,-4.32545550498327,-76.5572882922673));
#1783=CARTESIAN_POINT('Ctrl Pts',(-17.3205413789236,-8.19216507685024,-76.4745018508049));
#1784=CARTESIAN_POINT('Ctrl Pts',(-14.9713726853103,-11.3081796543858,-76.3917154093427));
#1785=CARTESIAN_POINT('Ctrl Pts',(-13.4052602229014,-13.3855227060761,-76.336524448368));
#1786=CARTESIAN_POINT('Ctrl Pts',(-11.3946638898824,-15.1292235380636,-76.2813334873933));
#1787=CARTESIAN_POINT('Ctrl Pts',(-9.12048382987843,-16.3932353412318,-76.2261425264185));
#1788=CARTESIAN_POINT('Ctrl Pts',(-6.8463037698744,-17.6572471444,-76.1709515654437));
#1789=CARTESIAN_POINT('Ctrl Pts',(-4.30853998288531,-18.4415699187489,-76.1157606044688));
#1790=CARTESIAN_POINT('Ctrl Pts',(-1.71739993148142,-18.6809156893644,-76.0605696434939));
#1791=CARTESIAN_POINT('Ctrl Pts',(0.873740119922387,-18.9202614599799,-76.0053786825191));
#1792=CARTESIAN_POINT('Ctrl Pts',(3.51825643574101,-18.614630226862,-75.9501877215443));
#1793=CARTESIAN_POINT('Ctrl Pts',(5.98292475808266,-17.7827984644415,-75.8949967605695));
#1794=CARTESIAN_POINT('Ctrl Pts',(9.67992724159525,-16.5350508208107,-75.8122103191073));
#1795=CARTESIAN_POINT('Ctrl Pts',(12.9722717397846,-14.1033519862489,-75.729423877645));
#1796=CARTESIAN_POINT('Ctrl Pts',(15.2472988108959,-10.9345956241581,-75.6466374361829));
#1797=CARTESIAN_POINT('Ctrl Pts',(16.3848123464515,-9.35021744311271,-75.6052442154518));
#1798=CARTESIAN_POINT('Ctrl Pts',(17.2679965252376,-7.5815748801851,-75.5638509947207));
#1799=CARTESIAN_POINT('Ctrl Pts',(17.8636595152466,-5.72181526860017,-75.5224577739896));
#1800=CARTESIAN_POINT('Ctrl Pts',(18.4593225052557,-3.86205565701525,-75.4810645532585));
#1801=CARTESIAN_POINT('Ctrl Pts',(18.7674643064878,-1.91117899677315,-75.4396713325274));
#1802=CARTESIAN_POINT('Ctrl Pts',(18.7622834489146,0.0391016121637278,-75.3982781117962));
#1803=CARTESIAN_POINT('Ctrl Pts',(18.7519217337682,3.93966283003748,-75.315491670334));
#1804=CARTESIAN_POINT('Ctrl Pts',(17.4882693834008,7.83783984269001,-75.2327052288719));
#1805=CARTESIAN_POINT('Ctrl Pts',(15.2028110885503,10.9981547172146,-75.1499187874097));
#1806=CARTESIAN_POINT('Ctrl Pts',(12.9173527936999,14.1584695917391,-75.0671323459474));
#1807=CARTESIAN_POINT('Ctrl Pts',(9.61008855436643,16.5809223281358,-74.9843459044852));
#1808=CARTESIAN_POINT('Ctrl Pts',(5.90753136772746,17.8090560331258,-74.901559463023));
#1809=CARTESIAN_POINT('Ctrl Pts',(2.20497418108849,19.0371897381158,-74.8187730215607));
#1810=CARTESIAN_POINT('Ctrl Pts',(-1.89287595285603,19.071004411699,-74.7359865800986));
#1811=CARTESIAN_POINT('Ctrl Pts',(-5.61449330493566,17.9037877316175,-74.6532001386364));
#1812=CARTESIAN_POINT('Ctrl Pts',(-9.33611065701529,16.736571051536,-74.5704136971741));
#1813=CARTESIAN_POINT('Ctrl Pts',(-12.6814952272301,14.3683230177898,-74.4876272557119));
#1814=CARTESIAN_POINT('Ctrl Pts',(-15.0195838944023,11.2461307143991,-74.4048408142497));
#1815=CARTESIAN_POINT('Ctrl Pts',(-17.3576725615745,8.12393841100832,-74.3220543727875));
#1816=CARTESIAN_POINT('Ctrl Pts',(-18.6884653257041,4.24780183797309,-74.2392679313252));
#1817=CARTESIAN_POINT('Ctrl Pts',(-18.7603904632946,0.347712407131199,-74.1564814898631));
#1818=CARTESIAN_POINT('Ctrl Pts',(-18.7625244140809,0.232000443461202,-74.1540252944663));
#1819=CARTESIAN_POINT('Ctrl Pts',(-18.7635502431629,0.116267395221979,-74.1515690990696));
#1820=CARTESIAN_POINT('Ctrl Pts',(-18.7634738535745,0.000532619622818978,
-74.1491129036729));
#1821=CARTESIAN_POINT('Ctrl Pts',(-18.7586526358891,-0.00138753770055979,
-74.6008870960547));
#1822=CARTESIAN_POINT('Ctrl Pts',(-18.7531068171891,2.88441425147936,-74.6620761266776));
#1823=CARTESIAN_POINT('Ctrl Pts',(-18.0855718725015,5.77291339221705,-74.7232651573004));
#1824=CARTESIAN_POINT('Ctrl Pts',(-16.8019671776156,8.35362535636946,-74.7844541879233));
#1825=CARTESIAN_POINT('Ctrl Pts',(-15.0652986301455,11.8452309231613,-74.8672406293848));
#1826=CARTESIAN_POINT('Ctrl Pts',(-12.2009103779382,14.7734300513333,-74.9500270708463));
#1827=CARTESIAN_POINT('Ctrl Pts',(-8.75116259382474,16.5963357007915,-75.0328135123078));
#1828=CARTESIAN_POINT('Ctrl Pts',(-6.45133073774915,17.8116061337636,-75.0880044732822));
#1829=CARTESIAN_POINT('Ctrl Pts',(-3.89133908971541,18.5356350206407,-75.1431954342565));
#1830=CARTESIAN_POINT('Ctrl Pts',(-1.29505642407215,18.7143726608233,-75.1983863952308));
#1831=CARTESIAN_POINT('Ctrl Pts',(1.30122624157105,18.8931103010058,-75.2535773562052));
#1832=CARTESIAN_POINT('Ctrl Pts',(3.93379992482368,18.5265566944939,-75.3087683171795));
#1833=CARTESIAN_POINT('Ctrl Pts',(6.37998462760482,17.6422399936869,-75.3639592781539));
#1834=CARTESIAN_POINT('Ctrl Pts',(8.82616933038605,16.7579232928798,-75.4191502391282));
#1835=CARTESIAN_POINT('Ctrl Pts',(11.0859650526958,15.3558434977776,-75.4743412001026));
#1836=CARTESIAN_POINT('Ctrl Pts',(12.9666909230855,13.5571902267675,-75.5295321610769));
#1837=CARTESIAN_POINT('Ctrl Pts',(14.8474167934753,11.7585369557574,-75.5847231220512));
#1838=CARTESIAN_POINT('Ctrl Pts',(16.349072811945,9.5633102088394,-75.6399140830256));
#1839=CARTESIAN_POINT('Ctrl Pts',(17.341387507817,7.15877748421669,-75.6951050439999));
#1840=CARTESIAN_POINT('Ctrl Pts',(18.333702203689,4.75424475959403,-75.7502960049742));
#1841=CARTESIAN_POINT('Ctrl Pts',(18.8166755769633,2.14040605726668,-75.8054869659486));
#1842=CARTESIAN_POINT('Ctrl Pts',(18.7536094126063,-0.461266966831332,-75.8606779269229));
#1843=CARTESIAN_POINT('Ctrl Pts',(18.6905432482493,-3.06293999092939,-75.9158688878973));
#1844=CARTESIAN_POINT('Ctrl Pts',(18.0814375462609,-5.65244733679814,-75.9710598488716));
#1845=CARTESIAN_POINT('Ctrl Pts',(16.9695285525699,-8.00394561612847,-76.0262508098459));
#1846=CARTESIAN_POINT('Ctrl Pts',(15.3016650620334,-11.531193035124,-76.1090372513074));
#1847=CARTESIAN_POINT('Ctrl Pts',(12.5024941651659,-14.522920054408,-76.191823692769));
#1848=CARTESIAN_POINT('Ctrl Pts',(9.09179365652412,-16.4134820102498,-76.2746101342305));
#1849=CARTESIAN_POINT('Ctrl Pts',(5.68109314788243,-18.3040439660915,-76.3573965756921));
#1850=CARTESIAN_POINT('Ctrl Pts',(1.65886302746651,-19.093440858491,-76.4401830171535));
#1851=CARTESIAN_POINT('Ctrl Pts',(-2.21514678818302,-18.6328015820228,-76.522969458615));
#1852=CARTESIAN_POINT('Ctrl Pts',(-6.0891566038326,-18.1721623055546,-76.6057559000765));
#1853=CARTESIAN_POINT('Ctrl Pts',(-9.81494611471587,-16.4614868602186,-76.688542341538));
#1854=CARTESIAN_POINT('Ctrl Pts',(-12.6875199463839,-13.8240577214585,-76.7713287829996));
#1855=CARTESIAN_POINT('Ctrl Pts',(-15.5600937780519,-11.1866285826984,-76.8541152244611));
#1856=CARTESIAN_POINT('Ctrl Pts',(-17.5794519305048,-7.62244575051417,-76.9369016659226));
#1857=CARTESIAN_POINT('Ctrl Pts',(-18.373112508254,-3.80245984180838,-77.0196881073841));
#1858=CARTESIAN_POINT('Ctrl Pts',(-18.6325931479099,-2.55354763064778,-77.0467544369808));
#1859=CARTESIAN_POINT('Ctrl Pts',(-18.7610580009049,-1.27729242559337,-77.0738207665775));
#1860=CARTESIAN_POINT('Ctrl Pts',(-18.7600610639043,-0.000789899016284828,
-77.1008870961742));
#1861=CARTESIAN_POINT('Origin',(0.,0.,0.));
#1862=CARTESIAN_POINT('',(-18.7600139475159,0.000172924123633837,-79.6008870962457));
#1863=CARTESIAN_POINT('',(-18.7596121898799,0.000339011487301108,-79.1491129037379));
#1864=CARTESIAN_POINT('',(-18.75935,2.29735779315849E-15,0.));
#1865=CARTESIAN_POINT('',(-10.0870507730299,15.8165931579743,-80.));
#1866=CARTESIAN_POINT('Ctrl Pts',(-18.7600139475159,0.000172924123633838,
-79.6008870962457));
#1867=CARTESIAN_POINT('Ctrl Pts',(-18.7603355322776,0.417758514352354,-79.6097450686377));
#1868=CARTESIAN_POINT('Ctrl Pts',(-18.7466413284104,0.835327685414911,-79.6186030410297));
#1869=CARTESIAN_POINT('Ctrl Pts',(-18.7187747466322,1.25195481426578,-79.6274610134217));
#1870=CARTESIAN_POINT('Ctrl Pts',(-18.5234443392576,4.17229672951263,-79.6895508445178));
#1871=CARTESIAN_POINT('Ctrl Pts',(-17.6317840437157,7.04635338818191,-79.751640675614));
#1872=CARTESIAN_POINT('Ctrl Pts',(-16.1397256124743,9.5639095394055,-79.8137305067101));
#1873=CARTESIAN_POINT('Ctrl Pts',(-14.6476671812329,12.0814656906291,-79.8758203378062));
#1874=CARTESIAN_POINT('Ctrl Pts',(-12.5552106142919,14.242521334407,-79.9379101689024));
#1875=CARTESIAN_POINT('Ctrl Pts',(-10.0870507730289,15.816593157973,-79.9999999999985));
#1876=CARTESIAN_POINT('',(10.0870507730294,15.8165931579747,-80.));
#1877=CARTESIAN_POINT('Origin',(0.,0.,-80.));
#1878=CARTESIAN_POINT('Ctrl Pts',(10.0863528095531,15.8159649463845,-80.0000000000038));
#1879=CARTESIAN_POINT('Ctrl Pts',(9.17008835150118,16.4009911913613,-79.9769452606208));
#1880=CARTESIAN_POINT('Ctrl Pts',(8.20348616330617,16.9069040285997,-79.9538905212378));
#1881=CARTESIAN_POINT('Ctrl Pts',(7.19995899227812,17.3239721678779,-79.9308357818548));
#1882=CARTESIAN_POINT('Ctrl Pts',(4.49731154461534,18.4471984986278,-79.8687459507581));
#1883=CARTESIAN_POINT('Ctrl Pts',(1.52684544202744,18.9260300137449,-79.8066561196614));
#1884=CARTESIAN_POINT('Ctrl Pts',(-1.39185490976562,18.7088970376991,-79.7445662885648));
#1885=CARTESIAN_POINT('Ctrl Pts',(-4.31055526155872,18.4917640616534,-79.6824764574681));
#1886=CARTESIAN_POINT('Ctrl Pts',(-7.17748986255698,17.5786665944449,-79.6203866263715));
#1887=CARTESIAN_POINT('Ctrl Pts',(-9.68417269653318,16.0678759953374,-79.5582967952748));
#1888=CARTESIAN_POINT('Ctrl Pts',(-12.1908555305093,14.55708539623,-79.4962069641781));
#1889=CARTESIAN_POINT('Ctrl Pts',(-14.3372865974634,12.4486016652237,-79.4341171330815));
#1890=CARTESIAN_POINT('Ctrl Pts',(-15.8925589417922,9.96926521865153,-79.3720273019848));
#1891=CARTESIAN_POINT('Ctrl Pts',(-17.4478312861211,7.48992877207932,-79.3099374708881));
#1892=CARTESIAN_POINT('Ctrl Pts',(-18.4119449078247,4.63973960994127,-79.2478476397915));
#1893=CARTESIAN_POINT('Ctrl Pts',(-18.6811000081612,1.7253805083782,-79.1857578086948));
#1894=CARTESIAN_POINT('Ctrl Pts',(-18.7340510464427,1.15203695977024,-79.1735428403767));
#1895=CARTESIAN_POINT('Ctrl Pts',(-18.7601051606281,0.576209847126585,-79.1613278720585));
#1896=CARTESIAN_POINT('Ctrl Pts',(-18.7596121898758,0.000339011487300239,
-79.1491129037403));
#1897=CARTESIAN_POINT('Origin',(0.,0.,0.));
#1898=CARTESIAN_POINT('',(-20.025,-2.45235521529257E-15,0.));
#1899=CARTESIAN_POINT('Origin',(0.,0.,0.));
#1900=CARTESIAN_POINT('',(-20.025,-2.45235521529257E-15,-32.5));
#1901=CARTESIAN_POINT('',(-20.025,2.45235521529257E-15,0.));
#1902=CARTESIAN_POINT('Origin',(0.,0.,-32.5));
#1903=CARTESIAN_POINT('Origin',(0.,0.,-60.));
#1904=CARTESIAN_POINT('',(-20.5,-2.51052593825207E-15,-60.));
#1905=CARTESIAN_POINT('Origin',(0.,0.,-60.));
#1906=CARTESIAN_POINT('',(-20.5,-2.51052593825207E-15,-32.5));
#1907=CARTESIAN_POINT('',(-20.5,-2.51052593825207E-15,-60.));
#1908=CARTESIAN_POINT('Origin',(0.,0.,-32.5));
#1909=CARTESIAN_POINT('Origin',(0.,0.,-32.5));
#1910=CARTESIAN_POINT('Origin',(0.,0.,-60.));
#1911=CARTESIAN_POINT('Ctrl Pts',(-10.0863529813016,15.8159649555441,-60.));
#1912=CARTESIAN_POINT('Ctrl Pts',(-10.4294338532139,15.6142436842545,-60.));
#1913=CARTESIAN_POINT('Ctrl Pts',(-10.765752667723,15.4019122340924,-59.9999999999999));
#1914=CARTESIAN_POINT('Ctrl Pts',(-11.0948569943921,15.1794018812342,-59.9999999999993));
#1915=CARTESIAN_POINT('Ctrl Pts',(-11.4271088870266,14.9547634311226,-59.9999999999986));
#1916=CARTESIAN_POINT('Ctrl Pts',(-11.7520081308343,14.7197502190485,-59.9999999999973));
#1917=CARTESIAN_POINT('Ctrl Pts',(-12.0690710070395,14.4747562366439,-59.9999999999952));
#1918=CARTESIAN_POINT('Ctrl Pts',(-12.3861464242355,14.2297525638355,-59.9999999999931));
#1919=CARTESIAN_POINT('Ctrl Pts',(-12.6953853345341,13.9747670297859,-59.9999999999902));
#1920=CARTESIAN_POINT('Ctrl Pts',(-12.9962785380442,13.7101482119725,-59.9999999999867));
#1921=CARTESIAN_POINT('Ctrl Pts',(-13.2948167733605,13.4476004575535,-59.9999999999832));
#1922=CARTESIAN_POINT('Ctrl Pts',(-13.5851398606261,13.1755692796174,-59.999999999979));
#1923=CARTESIAN_POINT('Ctrl Pts',(-13.8667186803222,12.8943552609626,-59.9999999999747));
#1924=CARTESIAN_POINT('Ctrl Pts',(-14.0469330521856,12.7143743668535,-59.9999999999719));
#1925=CARTESIAN_POINT('Ctrl Pts',(-14.2235649580076,12.5306312297569,-59.9999999999691));
#1926=CARTESIAN_POINT('Ctrl Pts',(-14.3964675121028,12.3431969319336,-59.9999999999664));
#1927=CARTESIAN_POINT('Ctrl Pts',(-14.4358838648455,12.3004677979555,-59.9999999999658));
#1928=CARTESIAN_POINT('Ctrl Pts',(-14.4751063757211,12.2575468120919,-59.9999999999651));
#1929=CARTESIAN_POINT('Ctrl Pts',(-14.5141341266219,12.2144355267977,-59.9999999999645));
#1930=CARTESIAN_POINT('Ctrl Pts',(-14.5422682655095,12.1833576691172,-59.9999999999641));
#1931=CARTESIAN_POINT('Ctrl Pts',(-14.570300808152,12.152181301332,-59.9999999999637));
#1932=CARTESIAN_POINT('Ctrl Pts',(-14.5982223719981,12.1209172692627,-59.9999999999636));
#1933=CARTESIAN_POINT('Ctrl Pts',(-14.8635891519255,11.8237836429548,-59.9999999999628));
#1934=CARTESIAN_POINT('Ctrl Pts',(-15.1191489707111,11.5184989010164,-59.9999999999839));
#1935=CARTESIAN_POINT('Ctrl Pts',(-15.3647139443456,11.2056671456671,-60.0000000000173));
#1936=CARTESIAN_POINT('Ctrl Pts',(-15.6127730026543,10.889658109474,-60.0000000000511));
#1937=CARTESIAN_POINT('Ctrl Pts',(-15.8506334856341,10.5659475863355,-60.0000000000974));
#1938=CARTESIAN_POINT('Ctrl Pts',(-16.0780679840442,10.2351164656736,-60.0000000001468));
#1939=CARTESIAN_POINT('Ctrl Pts',(-16.3068024255947,9.90239441971693,-60.0000000001965));
#1940=CARTESIAN_POINT('Ctrl Pts',(-16.5249916811614,9.56246970544593,-60.0000000002492));
#1941=CARTESIAN_POINT('Ctrl Pts',(-16.7323655923559,9.21589749791233,-60.0000000002956));
#1942=CARTESIAN_POINT('Ctrl Pts',(-16.9482790087373,8.85505370169726,-60.0000000003439));
#1943=CARTESIAN_POINT('Ctrl Pts',(-17.1524686759394,8.48700333068063,-60.0000000003852));
#1944=CARTESIAN_POINT('Ctrl Pts',(-17.3445797114872,8.11234005600728,-60.0000000004095));
#1945=CARTESIAN_POINT('Ctrl Pts',(-17.4166213498176,7.97184132800477,-60.0000000004185));
#1946=CARTESIAN_POINT('Ctrl Pts',(-17.4869638899338,7.8304123656995,-60.0000000004252));
#1947=CARTESIAN_POINT('Ctrl Pts',(-17.5555866096865,7.68808351094697,-60.000000000429));
#1948=CARTESIAN_POINT('Ctrl Pts',(-17.6101749127671,7.57486312725547,-60.0000000004319));
#1949=CARTESIAN_POINT('Ctrl Pts',(-17.6636749003018,7.46107328536386,-60.000000000433));
#1950=CARTESIAN_POINT('Ctrl Pts',(-17.7160756190998,7.34672906311747,-60.000000000432));
#1951=CARTESIAN_POINT('Ctrl Pts',(-17.7310269308431,7.31410363064112,-60.0000000004318));
#1952=CARTESIAN_POINT('Ctrl Pts',(-17.7458876459052,7.28143542833127,-60.0000000004313));
#1953=CARTESIAN_POINT('Ctrl Pts',(-17.7606540398295,7.24873269648592,-60.0000000004309));
#1954=CARTESIAN_POINT('Ctrl Pts',(-17.9281817606753,6.87771360004278,-60.0000000004265));
#1955=CARTESIAN_POINT('Ctrl Pts',(-18.0837061839022,6.5019613987154,-60.0000000004193));
#1956=CARTESIAN_POINT('Ctrl Pts',(-18.2270129499534,6.12206624539334,-60.00000000041));
#1957=CARTESIAN_POINT('Ctrl Pts',(-18.3710820524561,5.74015019709822,-60.0000000004006));
#1958=CARTESIAN_POINT('Ctrl Pts',(-18.5028034814229,5.3540465381932,-60.000000000389));
#1959=CARTESIAN_POINT('Ctrl Pts',(-18.6219179695636,4.96432274128604,-60.000000000376));
#1960=CARTESIAN_POINT('Ctrl Pts',(-18.6593601206426,4.84181793510625,-60.0000000003719));
#1961=CARTESIAN_POINT('Ctrl Pts',(-18.6955562787429,4.71895522068361,-60.0000000003677));
#1962=CARTESIAN_POINT('Ctrl Pts',(-18.7304974738035,4.59575168513544,-60.0000000003634));
#1963=CARTESIAN_POINT('Ctrl Pts',(-18.8410436172202,4.20596319374165,-60.0000000003497));
#1964=CARTESIAN_POINT('Ctrl Pts',(-18.9390319725227,3.81276469883075,-60.000000000335));
#1965=CARTESIAN_POINT('Ctrl Pts',(-19.0245116002911,3.4167716288451,-60.0000000003205));
#1966=CARTESIAN_POINT('Ctrl Pts',(-19.1104002960156,3.01888350994493,-60.0000000003059));
#1967=CARTESIAN_POINT('Ctrl Pts',(-19.1836603417768,2.61817347197493,-60.0000000002915));
#1968=CARTESIAN_POINT('Ctrl Pts',(-19.2442907817857,2.21525083047335,-60.0000000002788));
#1969=CARTESIAN_POINT('Ctrl Pts',(-19.304897487039,1.81248591948486,-60.0000000002661));
#1970=CARTESIAN_POINT('Ctrl Pts',(-19.3528845243821,1.40750958513307,-60.0000000002551));
#1971=CARTESIAN_POINT('Ctrl Pts',(-19.3881994030677,1.00092364928945,-60.0000000002477));
#1972=CARTESIAN_POINT('Ctrl Pts',(-19.4078636861647,0.774525563177112,-60.0000000002435));
#1973=CARTESIAN_POINT('Ctrl Pts',(-19.4235979615053,0.547628335826318,-60.0000000002405));
#1974=CARTESIAN_POINT('Ctrl Pts',(-19.4353861396906,0.32033592766766,-60.0000000002389));
#1975=CARTESIAN_POINT('Ctrl Pts',(-19.4384881618399,0.260524642718526,-60.0000000002385));
#1976=CARTESIAN_POINT('Ctrl Pts',(-19.4413169042486,0.200685995120376,-60.0000000002381));
#1977=CARTESIAN_POINT('Ctrl Pts',(-19.4438720152788,0.140821884964976,-60.0000000002379));
#1978=CARTESIAN_POINT('Ctrl Pts',(-19.4461541499285,0.0873533826400382,
-60.0000000002378));
#1979=CARTESIAN_POINT('Ctrl Pts',(-19.4482181474941,0.0338589657372908,
-60.0000000002377));
#1980=CARTESIAN_POINT('Ctrl Pts',(-19.4500627525502,-0.0196276576336552,
-60.0000000002376));
#1981=CARTESIAN_POINT('Ctrl Pts',(-19.4642284430068,-0.430379513569331,
-60.0000000002365));
#1982=CARTESIAN_POINT('Ctrl Pts',(-19.4654752278314,-0.840974745076986,
-60.0000000002331));
#1983=CARTESIAN_POINT('Ctrl Pts',(-19.4538930339761,-1.25078390268807,-60.0000000002279));
#1984=CARTESIAN_POINT('Ctrl Pts',(-19.4422506195488,-1.66272382603817,-60.0000000002226));
#1985=CARTESIAN_POINT('Ctrl Pts',(-19.4176455442343,-2.0738700252845,-60.0000000002154));
#1986=CARTESIAN_POINT('Ctrl Pts',(-19.3801181548759,-2.48359722850483,-60.000000000207));
#1987=CARTESIAN_POINT('Ctrl Pts',(-19.3425756907567,-2.89348901923487,-60.0000000001986));
#1988=CARTESIAN_POINT('Ctrl Pts',(-19.2921005669204,-3.30196123371849,-60.0000000001889));
#1989=CARTESIAN_POINT('Ctrl Pts',(-19.2286815215607,-3.70839354300487,-60.0000000001791));
#1990=CARTESIAN_POINT('Ctrl Pts',(-19.1913830473573,-3.94742749435724,-60.0000000001734));
#1991=CARTESIAN_POINT('Ctrl Pts',(-19.1496063750602,-4.18575592090105,-60.0000000001675));
#1992=CARTESIAN_POINT('Ctrl Pts',(-19.1033407866935,-4.42325235836643,-60.0000000001619));
#1993=CARTESIAN_POINT('Ctrl Pts',(-19.0247448818468,-4.82671091275621,-60.0000000001523));
#1994=CARTESIAN_POINT('Ctrl Pts',(-18.9331971285355,-5.22776915093593,-60.0000000001433));
#1995=CARTESIAN_POINT('Ctrl Pts',(-18.8289745423418,-5.62588234596502,-60.0000000001362));
#1996=CARTESIAN_POINT('Ctrl Pts',(-18.7443292464298,-5.94921350123915,-60.0000000001305));
#1997=CARTESIAN_POINT('Ctrl Pts',(-18.6513225745776,-6.27060207250291,-60.0000000001261));
#1998=CARTESIAN_POINT('Ctrl Pts',(-18.5500786895488,-6.58974898951604,-60.0000000001239));
#1999=CARTESIAN_POINT('Ctrl Pts',(-18.5055124741072,-6.73023322969576,-60.0000000001229));
#2000=CARTESIAN_POINT('Ctrl Pts',(-18.4593499047014,-6.87028301361902,-60.0000000001224));
#2001=CARTESIAN_POINT('Ctrl Pts',(-18.4116002946077,-7.00987228146173,-60.0000000001223));
#2002=CARTESIAN_POINT('Ctrl Pts',(-18.3806213838905,-7.10043476892666,-60.0000000001223));
#2003=CARTESIAN_POINT('Ctrl Pts',(-18.3489744509932,-7.19080341174881,-60.0000000001225));
#2004=CARTESIAN_POINT('Ctrl Pts',(-18.3166618683087,-7.28097100447257,-60.000000000123));
#2005=CARTESIAN_POINT('Ctrl Pts',(-18.3016011168472,-7.32299771948788,-60.0000000001232));
#2006=CARTESIAN_POINT('Ctrl Pts',(-18.2863957543586,-7.3649807563213,-60.0000000001234));
#2007=CARTESIAN_POINT('Ctrl Pts',(-18.2710460112259,-7.40691937977242,-60.0000000001238));
#2008=CARTESIAN_POINT('Ctrl Pts',(-18.2568682343058,-7.44565595291816,-60.000000000124));
#2009=CARTESIAN_POINT('Ctrl Pts',(-18.2425697073478,-7.48434796112501,-60.0000000001243));
#2010=CARTESIAN_POINT('Ctrl Pts',(-18.2281535900238,-7.52298735091769,-60.0000000001246));
#2011=CARTESIAN_POINT('Ctrl Pts',(-18.0841723166371,-7.90889906488504,-60.0000000001273));
#2012=CARTESIAN_POINT('Ctrl Pts',(-17.928380344479,-8.28979573432221,-60.0000000001277));
#2013=CARTESIAN_POINT('Ctrl Pts',(-17.7611513835114,-8.66516296040589,-60.0000000001263));
#2014=CARTESIAN_POINT('Ctrl Pts',(-17.5917841775964,-9.04532975631249,-60.0000000001249));
#2015=CARTESIAN_POINT('Ctrl Pts',(-17.4106855265628,-9.41982531800265,-60.0000000001217));
#2016=CARTESIAN_POINT('Ctrl Pts',(-17.2181906153158,-9.78810846541195,-60.0000000001171));
#2017=CARTESIAN_POINT('Ctrl Pts',(-17.0253107067467,-10.1571281934646,-60.0000000001125));
#2018=CARTESIAN_POINT('Ctrl Pts',(-16.8209887014463,-10.519911152725,-60.0000000001067));
#2019=CARTESIAN_POINT('Ctrl Pts',(-16.6055114176227,-10.8758983231887,-60.0000000001005));
#2020=CARTESIAN_POINT('Ctrl Pts',(-16.3911564732007,-11.2300312915725,-60.0000000000943));
#2021=CARTESIAN_POINT('Ctrl Pts',(-16.1657619026243,-11.5774395732464,-60.0000000000878));
#2022=CARTESIAN_POINT('Ctrl Pts',(-15.9295637650522,-11.9175508709646,-60.0000000000821));
#2023=CARTESIAN_POINT('Ctrl Pts',(-15.7274246969482,-12.2086191303468,-60.0000000000771));
#2024=CARTESIAN_POINT('Ctrl Pts',(-15.5173722846049,-12.4943429117431,-60.0000000000728));
#2025=CARTESIAN_POINT('Ctrl Pts',(-15.2995293649861,-12.7743464848858,-60.0000000000699));
#2026=CARTESIAN_POINT('Ctrl Pts',(-15.0588975680685,-13.0836416553076,-60.0000000000667));
#2027=CARTESIAN_POINT('Ctrl Pts',(-14.8087602027614,-13.3859578223066,-60.0000000000652));
#2028=CARTESIAN_POINT('Ctrl Pts',(-14.5494960321402,-13.6809726678846,-60.0000000000669));
#2029=CARTESIAN_POINT('Ctrl Pts',(-14.4910204736985,-13.7475115876374,-60.0000000000673));
#2030=CARTESIAN_POINT('Ctrl Pts',(-14.4320805192183,-13.8136789669784,-60.0000000000678));
#2031=CARTESIAN_POINT('Ctrl Pts',(-14.3726803225502,-13.8794708916357,-60.0000000000685));
#2032=CARTESIAN_POINT('Ctrl Pts',(-14.3421252240127,-13.9133138560304,-60.0000000000689));
#2033=CARTESIAN_POINT('Ctrl Pts',(-14.31144834381,-13.9470574733648,-60.0000000000693));
#2034=CARTESIAN_POINT('Ctrl Pts',(-14.2806502405475,-13.9807012021984,-60.0000000000697));
#2035=CARTESIAN_POINT('Ctrl Pts',(-14.2558879888331,-14.007751390156,-60.0000000000701));
#2036=CARTESIAN_POINT('Ctrl Pts',(-14.2310537341276,-14.0347300546798,-60.0000000000705));
#2037=CARTESIAN_POINT('Ctrl Pts',(-14.2061483304108,-14.0616365355908,-60.0000000000708));
#2038=CARTESIAN_POINT('Ctrl Pts',(-13.9247627642802,-14.3656306185557,-60.0000000000746));
#2039=CARTESIAN_POINT('Ctrl Pts',(-13.6342805640014,-14.6604327015103,-60.0000000000761));
#2040=CARTESIAN_POINT('Ctrl Pts',(-13.335275119648,-14.9457685119616,-60.0000000000755));
#2041=CARTESIAN_POINT('Ctrl Pts',(-13.0330642811829,-15.2341631755005,-60.0000000000749));
#2042=CARTESIAN_POINT('Ctrl Pts',(-12.7221461495556,-15.5128878956303,-60.0000000000723));
#2043=CARTESIAN_POINT('Ctrl Pts',(-12.4030665347029,-15.7816326414052,-60.000000000068));
#2044=CARTESIAN_POINT('Ctrl Pts',(-12.0701158605356,-16.0620602842868,-60.0000000000636));
#2045=CARTESIAN_POINT('Ctrl Pts',(-11.7282785344726,-16.3316220442259,-60.0000000000575));
#2046=CARTESIAN_POINT('Ctrl Pts',(-11.3781280053104,-16.5899284198758,-60.0000000000506));
#2047=CARTESIAN_POINT('Ctrl Pts',(-11.0402428904221,-16.8391865878462,-60.0000000000439));
#2048=CARTESIAN_POINT('Ctrl Pts',(-10.6946161200718,-17.077964231163,-60.0000000000364));
#2049=CARTESIAN_POINT('Ctrl Pts',(-10.3417273938614,-17.3058722978143,-60.0000000000293));
#2050=CARTESIAN_POINT('Ctrl Pts',(-9.99059197425298,-17.532648016821,-60.0000000000221));
#2051=CARTESIAN_POINT('Ctrl Pts',(-9.63226614687026,-17.7486622252055,-60.0000000000153));
#2052=CARTESIAN_POINT('Ctrl Pts',(-9.26719438526732,-17.9534885477343,-60.00000000001));
#2053=CARTESIAN_POINT('Ctrl Pts',(-8.90662278626034,-18.1557900193919,-60.0000000000047));
#2054=CARTESIAN_POINT('Ctrl Pts',(-8.53947010448556,-18.3471779836933,-60.000000000001));
#2055=CARTESIAN_POINT('Ctrl Pts',(-8.166143572078,-18.5271952713496,-60.0000000000002));
#2056=CARTESIAN_POINT('Ctrl Pts',(-8.11634064358886,-18.5512101412442,-60.0000000000001));
#2057=CARTESIAN_POINT('Ctrl Pts',(-8.06642781740736,-18.5750225824086,-60.));
#2058=CARTESIAN_POINT('Ctrl Pts',(-8.01640603803221,-18.5986314422165,-60.));
#2059=CARTESIAN_POINT('Ctrl Pts',(8.01577191647019,-18.5978417141737,-60.));
#2060=CARTESIAN_POINT('Ctrl Pts',(8.39652301708793,-18.4178962441994,-60.));
#2061=CARTESIAN_POINT('Ctrl Pts',(8.77125236198041,-18.2263774409213,-60.0000000000028));
#2062=CARTESIAN_POINT('Ctrl Pts',(9.13944357879856,-18.0236294813095,-60.0000000000076));
#2063=CARTESIAN_POINT('Ctrl Pts',(9.50850868461311,-17.8204003064951,-60.0000000000125));
#2064=CARTESIAN_POINT('Ctrl Pts',(9.87100506995361,-17.6058883329829,-60.0000000000194));
#2065=CARTESIAN_POINT('Ctrl Pts',(10.2263891910621,-17.3803936469191,-60.0000000000275));
#2066=CARTESIAN_POINT('Ctrl Pts',(10.5803721388958,-17.1557880189446,-60.0000000000356));
#2067=CARTESIAN_POINT('Ctrl Pts',(10.9272992410485,-16.920285802303,-60.0000000000448));
#2068=CARTESIAN_POINT('Ctrl Pts',(11.2666031903977,-16.6741418607862,-60.000000000054));
#2069=CARTESIAN_POINT('Ctrl Pts',(11.6015551619459,-16.4311550088684,-60.000000000063));
#2070=CARTESIAN_POINT('Ctrl Pts',(11.929078647236,-16.1777973294929,-60.0000000000721));
#2071=CARTESIAN_POINT('Ctrl Pts',(12.2485924718899,-15.9142781771849,-60.0000000000798));
#2072=CARTESIAN_POINT('Ctrl Pts',(12.48241282233,-15.7214347513736,-60.0000000000854));
#2073=CARTESIAN_POINT('Ctrl Pts',(12.7119430424312,-15.5231487808153,-60.0000000000902));
#2074=CARTESIAN_POINT('Ctrl Pts',(12.9369413645562,-15.3194914195821,-60.0000000000938));
#2075=CARTESIAN_POINT('Ctrl Pts',(12.9787954616822,-15.281607159393,-60.0000000000944));
#2076=CARTESIAN_POINT('Ctrl Pts',(13.0204927044702,-15.2435370071562,-60.000000000095));
#2077=CARTESIAN_POINT('Ctrl Pts',(13.0620320953436,-15.2052821106783,-60.0000000000956));
#2078=CARTESIAN_POINT('Ctrl Pts',(13.0952040264012,-15.174733064053,-60.000000000096));
#2079=CARTESIAN_POINT('Ctrl Pts',(13.1282766138176,-15.1440649357796,-60.0000000000964));
#2080=CARTESIAN_POINT('Ctrl Pts',(13.1612368885004,-15.1132900443228,-60.0000000000968));
#2081=CARTESIAN_POINT('Ctrl Pts',(13.4651337374004,-14.8295426353897,-60.0000000001003));
#2082=CARTESIAN_POINT('Ctrl Pts',(13.7597120925361,-14.5365158020513,-60.0000000001009));
#2083=CARTESIAN_POINT('Ctrl Pts',(14.0446873878219,-14.2347711862676,-60.0000000001003));
#2084=CARTESIAN_POINT('Ctrl Pts',(14.3314780729294,-13.9311043543713,-60.0000000000996));
#2085=CARTESIAN_POINT('Ctrl Pts',(14.6085432896275,-13.6186078769136,-60.0000000000975));
#2086=CARTESIAN_POINT('Ctrl Pts',(14.8755555419439,-13.2978165646833,-60.0000000000954));
#2087=CARTESIAN_POINT('Ctrl Pts',(15.1428677296337,-12.9766649069589,-60.0000000000932));
#2088=CARTESIAN_POINT('Ctrl Pts',(15.4001046615333,-12.6471992993318,-60.0000000000909));
#2089=CARTESIAN_POINT('Ctrl Pts',(15.6468955705561,-12.3099256426134,-60.0000000000896));
#2090=CARTESIAN_POINT('Ctrl Pts',(15.8926501261257,-11.9740683051597,-60.0000000000882));
#2091=CARTESIAN_POINT('Ctrl Pts',(16.1280464743612,-11.6304678788793,-60.0000000000877));
#2092=CARTESIAN_POINT('Ctrl Pts',(16.3526724779705,-11.2796006089435,-60.0000000000888));
#2093=CARTESIAN_POINT('Ctrl Pts',(16.5330370282997,-10.9978700151996,-60.0000000000897));
#2094=CARTESIAN_POINT('Ctrl Pts',(16.7064567295395,-10.7114536854935,-60.0000000000916));
#2095=CARTESIAN_POINT('Ctrl Pts',(16.8726948031298,-10.420590334841,-60.0000000000949));
#2096=CARTESIAN_POINT('Ctrl Pts',(16.8939852659902,-10.3833388482785,-60.0000000000953));
#2097=CARTESIAN_POINT('Ctrl Pts',(16.9151542244605,-10.3460208180395,-60.0000000000958));
#2098=CARTESIAN_POINT('Ctrl Pts',(16.9361978744579,-10.3086429506724,-60.0000000000964));
#2099=CARTESIAN_POINT('Ctrl Pts',(17.1396950398151,-9.94718996807416,-60.0000000001025));
#2100=CARTESIAN_POINT('Ctrl Pts',(17.3315800222067,-9.57996498538722,-60.0000000001198));
#2101=CARTESIAN_POINT('Ctrl Pts',(17.5115502121135,-9.20749050112064,-60.0000000001448));
#2102=CARTESIAN_POINT('Ctrl Pts',(17.69138110458,-8.83530431316718,-60.0000000001698));
#2103=CARTESIAN_POINT('Ctrl Pts',(17.8593159153598,-8.45787626974264,-60.0000000002025));
#2104=CARTESIAN_POINT('Ctrl Pts',(18.0150081439537,-8.0757011896987,-60.0000000002394));
#2105=CARTESIAN_POINT('Ctrl Pts',(18.0648171291038,-7.953435916354,-60.0000000002512));
#2106=CARTESIAN_POINT('Ctrl Pts',(18.1133727456151,-7.83068461756689,-60.0000000002634));
#2107=CARTESIAN_POINT('Ctrl Pts',(18.1606626123248,-7.70746304476585,-60.0000000002759));
#2108=CARTESIAN_POINT('Ctrl Pts',(18.3087554760872,-7.32158258319834,-60.000000000315));
#2109=CARTESIAN_POINT('Ctrl Pts',(18.4444390576767,-6.93109119504749,-60.0000000003571));
#2110=CARTESIAN_POINT('Ctrl Pts',(18.5676510998375,-6.53660987662796,-60.0000000003981));
#2111=CARTESIAN_POINT('Ctrl Pts',(18.6908882708102,-6.14204810465305,-60.000000000439));
#2112=CARTESIAN_POINT('Ctrl Pts',(18.8016488743358,-5.74349421526279,-60.0000000004789));
#2113=CARTESIAN_POINT('Ctrl Pts',(18.8998192679021,-5.34156067692546,-60.0000000005133));
#2114=CARTESIAN_POINT('Ctrl Pts',(18.9974868433052,-4.94168579880218,-60.0000000005476));
#2115=CARTESIAN_POINT('Ctrl Pts',(19.082692870222,-4.5384652547889,-60.0000000005765));
#2116=CARTESIAN_POINT('Ctrl Pts',(19.1552740978533,-4.13250162029703,-60.0000000005956));
#2117=CARTESIAN_POINT('Ctrl Pts',(19.1952801869343,-3.90873828843911,-60.0000000006061));
#2118=CARTESIAN_POINT('Ctrl Pts',(19.2314498143396,-3.68414161353523,-60.0000000006137));
#2119=CARTESIAN_POINT('Ctrl Pts',(19.2637488776337,-3.45881335238884,-60.0000000006174));
#2120=CARTESIAN_POINT('Ctrl Pts',(19.2731012743168,-3.39356813883673,-60.0000000006185));
#2121=CARTESIAN_POINT('Ctrl Pts',(19.282129120858,-3.32826159301174,-60.0000000006192));
#2122=CARTESIAN_POINT('Ctrl Pts',(19.2908315131988,-3.26289620147958,-60.0000000006197));
#2123=CARTESIAN_POINT('Ctrl Pts',(19.2976567886852,-3.21163020622069,-60.00000000062));
#2124=CARTESIAN_POINT('Ctrl Pts',(19.3042824317808,-3.16032318768662,-60.0000000006201));
#2125=CARTESIAN_POINT('Ctrl Pts',(19.3107043846903,-3.10900614886886,-60.0000000006201));
#2126=CARTESIAN_POINT('Ctrl Pts',(19.361690065831,-2.70158581815006,-60.0000000006205));
#2127=CARTESIAN_POINT('Ctrl Pts',(19.3998861286277,-2.293213555594,-60.0000000006159));
#2128=CARTESIAN_POINT('Ctrl Pts',(19.4252747168849,-1.884497210313,-60.0000000006082));
#2129=CARTESIAN_POINT('Ctrl Pts',(19.4506925104984,-1.47531070472469,-60.0000000006006));
#2130=CARTESIAN_POINT('Ctrl Pts',(19.4632733931352,-1.0657787678676,-60.00000000059));
#2131=CARTESIAN_POINT('Ctrl Pts',(19.4629477792656,-0.656503524321475,-60.0000000005781));
#2132=CARTESIAN_POINT('Ctrl Pts',(19.4626240158593,-0.24955419142213,-60.0000000005663));
#2133=CARTESIAN_POINT('Ctrl Pts',(19.4495400285693,0.157141897428068,-60.0000000005532));
#2134=CARTESIAN_POINT('Ctrl Pts',(19.4235761454624,0.562992357661903,-60.0000000005403));
#2135=CARTESIAN_POINT('Ctrl Pts',(19.407946212091,0.807309266118377,-60.0000000005325));
#2136=CARTESIAN_POINT('Ctrl Pts',(19.3876477597883,1.05131968218812,-60.0000000005247));
#2137=CARTESIAN_POINT('Ctrl Pts',(19.3626456430396,1.29489305865433,-60.0000000005173));
#2138=CARTESIAN_POINT('Ctrl Pts',(19.3208754816657,1.70182257360915,-60.0000000005049));
#2139=CARTESIAN_POINT('Ctrl Pts',(19.2659793406634,2.10753329565786,-60.0000000004933));
#2140=CARTESIAN_POINT('Ctrl Pts',(19.1981341897986,2.51142673802438,-60.0000000004835));
#2141=CARTESIAN_POINT('Ctrl Pts',(19.144399375972,2.83131900231567,-60.0000000004758));
#2142=CARTESIAN_POINT('Ctrl Pts',(19.0825406568716,3.15007112421888,-60.0000000004692));
#2143=CARTESIAN_POINT('Ctrl Pts',(19.0126246988147,3.46737644106908,-60.0000000004641));
#2144=CARTESIAN_POINT('Ctrl Pts',(18.9508231752958,3.74785535528221,-60.0000000004596));
#2145=CARTESIAN_POINT('Ctrl Pts',(18.8827258337532,4.02720376319043,-60.0000000004562));
#2146=CARTESIAN_POINT('Ctrl Pts',(18.8083671005812,4.30520280410325,-60.0000000004541));
#2147=CARTESIAN_POINT('Ctrl Pts',(18.7985710504725,4.34182651215724,-60.0000000004538));
#2148=CARTESIAN_POINT('Ctrl Pts',(18.7886686771972,4.37841794155844,-60.0000000004535));
#2149=CARTESIAN_POINT('Ctrl Pts',(18.7786608977718,4.41497413680342,-60.0000000004532));
#2150=CARTESIAN_POINT('Ctrl Pts',(18.6718389380624,4.80517102760168,-60.0000000004493));
#2151=CARTESIAN_POINT('Ctrl Pts',(18.552987217013,5.19144748587868,-60.0000000004403));
#2152=CARTESIAN_POINT('Ctrl Pts',(18.4223766468574,5.57325645271538,-60.0000000004283));
#2153=CARTESIAN_POINT('Ctrl Pts',(18.2909913385235,5.95733018252706,-60.0000000004162));
#2154=CARTESIAN_POINT('Ctrl Pts',(18.1477070974325,6.33688379688384,-60.000000000401));
#2155=CARTESIAN_POINT('Ctrl Pts',(17.9927486607153,6.71134777272582,-60.0000000003847));
#2156=CARTESIAN_POINT('Ctrl Pts',(17.8381333179705,7.08498264667612,-60.0000000003684));
#2157=CARTESIAN_POINT('Ctrl Pts',(17.6718951897293,7.45355090419254,-60.000000000351));
#2158=CARTESIAN_POINT('Ctrl Pts',(17.4942099741364,7.8164664295364,-60.0000000003339));
#2159=CARTESIAN_POINT('Ctrl Pts',(17.3184942928019,8.17535925351085,-60.0000000003171));
#2160=CARTESIAN_POINT('Ctrl Pts',(17.1315836124657,8.52872440952193,-60.0000000003007));
#2161=CARTESIAN_POINT('Ctrl Pts',(16.933605131462,8.87596808844637,-60.0000000002859));
#2162=CARTESIAN_POINT('Ctrl Pts',(16.7691368261588,9.16443670943186,-60.0000000002736));
#2163=CARTESIAN_POINT('Ctrl Pts',(16.5970295358282,9.44868039606556,-60.0000000002624));
#2164=CARTESIAN_POINT('Ctrl Pts',(16.4173352931848,9.72834097834484,-60.0000000002528));
#2165=CARTESIAN_POINT('Ctrl Pts',(16.217745930482,10.0389646052853,-60.0000000002422));
#2166=CARTESIAN_POINT('Ctrl Pts',(16.0087965741958,10.3439346195143,-60.0000000002337));
#2167=CARTESIAN_POINT('Ctrl Pts',(15.790784306701,10.6428880796462,-60.0000000002277));
#2168=CARTESIAN_POINT('Ctrl Pts',(15.7425042112274,10.7090930770217,-60.0000000002264));
#2169=CARTESIAN_POINT('Ctrl Pts',(15.6937795630279,10.775002893083,-60.0000000002252));
#2170=CARTESIAN_POINT('Ctrl Pts',(15.6446134517806,10.8406133880015,-60.0000000002241));
#2171=CARTESIAN_POINT('Ctrl Pts',(15.614144720849,10.8812728679818,-60.0000000002235));
#2172=CARTESIAN_POINT('Ctrl Pts',(15.5835064493059,10.9218173950605,-60.0000000002228));
#2173=CARTESIAN_POINT('Ctrl Pts',(15.5526993636815,10.9622459694062,-60.0000000002223));
#2174=CARTESIAN_POINT('Ctrl Pts',(15.5295903648186,10.9925722355766,-60.0000000002219));
#2175=CARTESIAN_POINT('Ctrl Pts',(15.5063923056889,11.0228254709307,-60.0000000002214));
#2176=CARTESIAN_POINT('Ctrl Pts',(15.4831069118714,11.0530037176851,-60.0000000002209));
#2177=CARTESIAN_POINT('Ctrl Pts',(15.2393669192689,11.3688946877213,-60.0000000002155));
#2178=CARTESIAN_POINT('Ctrl Pts',(14.9860159265662,11.6766313768006,-60.0000000002049));
#2179=CARTESIAN_POINT('Ctrl Pts',(14.7235515839245,11.9758650118747,-60.0000000001915));
#2180=CARTESIAN_POINT('Ctrl Pts',(14.4591983577327,12.2772521489645,-60.000000000178));
#2181=CARTESIAN_POINT('Ctrl Pts',(14.1855997565973,12.5700138005392,-60.0000000001617));
#2182=CARTESIAN_POINT('Ctrl Pts',(13.9032216576467,12.8537621965877,-60.0000000001445));
#2183=CARTESIAN_POINT('Ctrl Pts',(13.6186251124646,13.1397398043287,-60.0000000001272));
#2184=CARTESIAN_POINT('Ctrl Pts',(13.325110191433,13.4165624024393,-60.0000000001091));
#2185=CARTESIAN_POINT('Ctrl Pts',(13.0231165306463,13.6837949987715,-60.0000000000919));
#2186=CARTESIAN_POINT('Ctrl Pts',(12.7248522492243,13.9477274869895,-60.000000000075));
#2187=CARTESIAN_POINT('Ctrl Pts',(12.4183168707887,14.2023056470947,-60.000000000059));
#2188=CARTESIAN_POINT('Ctrl Pts',(12.1039043133786,14.4470684380841,-60.0000000000454));
#2189=CARTESIAN_POINT('Ctrl Pts',(11.7835948193757,14.6964218557032,-60.0000000000315));
#2190=CARTESIAN_POINT('Ctrl Pts',(11.455109544919,14.93558881278,-60.0000000000201));
#2191=CARTESIAN_POINT('Ctrl Pts',(11.118840077932,15.1640314812877,-60.0000000000122));
#2192=CARTESIAN_POINT('Ctrl Pts',(10.7825706109449,15.3924741497954,-60.0000000000043));
#2193=CARTESIAN_POINT('Ctrl Pts',(10.4385165147139,15.6101929387064,-60.));
#2194=CARTESIAN_POINT('Ctrl Pts',(10.0870507658351,15.8165931622006,-60.));
#2195=CARTESIAN_POINT('Ctrl Pts',(-8.01640603803221,-18.5986314422165,-60.));
#2196=CARTESIAN_POINT('Ctrl Pts',(-10.9186995199248,-17.347681173931,-60.0620898310961));
#2197=CARTESIAN_POINT('Ctrl Pts',(-16.1253932579557,-13.4648517201209,-60.1862694932884));
#2198=CARTESIAN_POINT('Ctrl Pts',(-20.4660543768374,-4.7385840660439,-60.3725389865768));
#2199=CARTESIAN_POINT('Ctrl Pts',(-20.402293450107,5.00562120683958,-60.5588084798651));
#2200=CARTESIAN_POINT('Ctrl Pts',(-15.9484104228242,13.673525832104,-60.7450779731537));
#2201=CARTESIAN_POINT('Ctrl Pts',(-8.06252592346429,19.3986381665094,-60.9313474664419));
#2202=CARTESIAN_POINT('Ctrl Pts',(1.55824930643779,20.9496197418829,-61.1176169597305));
#2203=CARTESIAN_POINT('Ctrl Pts',(10.8437648024429,17.9923935201438,-61.3038864530187));
#2204=CARTESIAN_POINT('Ctrl Pts',(17.7957616249135,11.1634988321009,-61.4901559463073));
#2205=CARTESIAN_POINT('Ctrl Pts',(20.9184695422022,1.93229902896603,-61.6764254395956));
#2206=CARTESIAN_POINT('Ctrl Pts',(19.539521631356,-7.71462533745359,-61.8626949328839));
#2207=CARTESIAN_POINT('Ctrl Pts',(13.9564384766455,-15.7016042160738,-62.0489644261725));
#2208=CARTESIAN_POINT('Ctrl Pts',(5.3690538466324,-20.3095132270635,-62.2352339194608));
#2209=CARTESIAN_POINT('Ctrl Pts',(-4.37157527483463,-20.5476302735355,-62.4215034127492));
#2210=CARTESIAN_POINT('Ctrl Pts',(-13.1757280681185,-16.3630318792969,-62.6077729060376));
#2211=CARTESIAN_POINT('Ctrl Pts',(-19.1361346929285,-8.65957458922823,-62.794042399326));
#2212=CARTESIAN_POINT('Ctrl Pts',(-21.2023045902738,1.97543306245545,-63.0010085029798));
#2213=CARTESIAN_POINT('Ctrl Pts',(-16.9816889127913,13.3784744311771,-63.2286712169989));
#2214=CARTESIAN_POINT('Ctrl Pts',(-5.94987003921915,20.7831037933076,-63.4770305413835));
#2215=CARTESIAN_POINT('Ctrl Pts',(5.09609326668544,20.4085546318388,-63.6839966450372));
#2216=CARTESIAN_POINT('Ctrl Pts',(12.5737741215983,16.2921613006542,-63.8495695279603));
#2217=CARTESIAN_POINT('Ctrl Pts',(17.4620581271244,11.1349393150002,-63.9875469303961));
#2218=CARTESIAN_POINT('Ctrl Pts',(20.4902792110668,3.84143121485249,-64.1393220730755));
#2219=CARTESIAN_POINT('Ctrl Pts',(20.2932722123245,-4.76769535171612,-64.3048949559986));
#2220=CARTESIAN_POINT('Ctrl Pts',(16.6352631336,-12.5648675706264,-64.4704678389216));
#2221=CARTESIAN_POINT('Ctrl Pts',(10.1358929432391,-18.2161638522564,-64.6360407218446));
#2222=CARTESIAN_POINT('Ctrl Pts',(1.90790893802366,-20.7591689541968,-64.8016136047676));
#2223=CARTESIAN_POINT('Ctrl Pts',(-6.64662883066306,-19.7585784761145,-64.9671864876907));
#2224=CARTESIAN_POINT('Ctrl Pts',(-14.0657896139398,-15.3858294788097,-65.1327593706137));
#2225=CARTESIAN_POINT('Ctrl Pts',(-19.0856453519297,-8.38687341065836,-65.2983322535368));
#2226=CARTESIAN_POINT('Ctrl Pts',(-20.8460091532679,0.0432295483932175,
-65.4639051364597));
#2227=CARTESIAN_POINT('Ctrl Pts',(-19.0503171291823,8.46676798360267,-65.6294780193828));
#2228=CARTESIAN_POINT('Ctrl Pts',(-14.0016791556834,15.4439781402127,-65.7950509023057));
#2229=CARTESIAN_POINT('Ctrl Pts',(-6.56402830136861,19.7862649694108,-65.9606237852289));
#2230=CARTESIAN_POINT('Ctrl Pts',(1.99423905714253,20.7505734053104,-66.1261966681518));
#2231=CARTESIAN_POINT('Ctrl Pts',(10.212171678714,18.1745112573495,-66.2917695510749));
#2232=CARTESIAN_POINT('Ctrl Pts',(16.6866068115968,12.494552741632,-66.4573424339978));
#2233=CARTESIAN_POINT('Ctrl Pts',(20.3141593519007,4.68390317653547,-66.622915316921));
#2234=CARTESIAN_POINT('Ctrl Pts',(20.4728738397378,-3.92776284117093,-66.7884881998439));
#2235=CARTESIAN_POINT('Ctrl Pts',(17.1388571402523,-11.867758717064,-66.954061082767));
#2236=CARTESIAN_POINT('Ctrl Pts',(10.8779208060729,-17.7835128005939,-67.1196339656899));
#2237=CARTESIAN_POINT('Ctrl Pts',(2.76295803683975,-20.6618800918184,-67.285206848613));
#2238=CARTESIAN_POINT('Ctrl Pts',(-5.82828468233082,-20.0172562734481,-67.450779731536));
#2239=CARTESIAN_POINT('Ctrl Pts',(-12.5725558976468,-16.4011602163819,-67.5979556274676));
#2240=CARTESIAN_POINT('Ctrl Pts',(-18.2697367154606,-10.0784897253225,-67.7635285103906));
#2241=CARTESIAN_POINT('Ctrl Pts',(-21.4659697353877,-0.375094310883809,
-67.9566968738009));
#2242=CARTESIAN_POINT('Ctrl Pts',(-18.021065146194,11.9383598391768,-68.1958577046896));
#2243=CARTESIAN_POINT('Ctrl Pts',(-7.64608452782594,20.2176087628891,-68.4442170290742));
#2244=CARTESIAN_POINT('Ctrl Pts',(5.61210654367989,20.8748613366977,-68.6925763534586));
#2245=CARTESIAN_POINT('Ctrl Pts',(16.7537342921224,13.6582568290713,-68.9409356778432));
#2246=CARTESIAN_POINT('Ctrl Pts',(21.5774775125135,1.29110978750259,-69.1892950022278));
#2247=CARTESIAN_POINT('Ctrl Pts',(18.2625004441833,-11.5627421484288,-69.4376543266124));
#2248=CARTESIAN_POINT('Ctrl Pts',(8.06250603623383,-20.0568922967263,-69.6860136509968));
#2249=CARTESIAN_POINT('Ctrl Pts',(-4.69218646761886,-20.9501027485198,-69.9251744818857));
#2250=CARTESIAN_POINT('Ctrl Pts',(-13.5531098011573,-15.8645357796847,-70.1183428452958));
#2251=CARTESIAN_POINT('Ctrl Pts',(-18.5973568822617,-9.00997628992861,-70.2839157282189));
#2252=CARTESIAN_POINT('Ctrl Pts',(-20.7808513478241,-1.67534147227933,-70.4310916241505));
#2253=CARTESIAN_POINT('Ctrl Pts',(-19.681949227163,6.86922652875151,-70.5966645070734));
#2254=CARTESIAN_POINT('Ctrl Pts',(-15.2269143616413,14.237958078574,-70.7622373899965));
#2255=CARTESIAN_POINT('Ctrl Pts',(-8.17123078764143,19.1784048715298,-70.9278102729195));
#2256=CARTESIAN_POINT('Ctrl Pts',(0.277542588622764,20.8446033378877,-71.0933831558426));
#2257=CARTESIAN_POINT('Ctrl Pts',(8.68117909590245,18.9534264002669,-71.2589560387655));
#2258=CARTESIAN_POINT('Ctrl Pts',(15.5996347098306,13.8276939215997,-71.4245289216886));
#2259=CARTESIAN_POINT('Ctrl Pts',(19.8610737278839,6.3392535742466,-71.5901018046116));
#2260=CARTESIAN_POINT('Ctrl Pts',(20.7226476587657,-2.22441931286445,-71.7556746875346));
#2261=CARTESIAN_POINT('Ctrl Pts',(17.6238491996834,-11.7888430165215,-71.9488430509449));
#2262=CARTESIAN_POINT('Ctrl Pts',(8.88572309161666,-19.7070299250766,-72.1696068948421));
#2263=CARTESIAN_POINT('Ctrl Pts',(-4.31347713266291,-21.1811239246726,-72.4179662192268));
#2264=CARTESIAN_POINT('Ctrl Pts',(-15.8763106890621,-14.6682350655317,-72.6663255436111));
#2265=CARTESIAN_POINT('Ctrl Pts',(-21.456758652825,-2.62191821145703,-72.9146848679958));
#2266=CARTESIAN_POINT('Ctrl Pts',(-18.9425791625008,10.4111048555013,-73.1630441923802));
#2267=CARTESIAN_POINT('Ctrl Pts',(-9.28577028991741,19.5212458062023,-73.4114035167649));
#2268=CARTESIAN_POINT('Ctrl Pts',(3.87263146617488,21.2651214511911,-73.6597628411494));
#2269=CARTESIAN_POINT('Ctrl Pts',(15.572176773379,14.9921025878875,-73.908122165534));
#2270=CARTESIAN_POINT('Ctrl Pts',(21.3972952302197,3.06427128767174,-74.1564814899184));
#2271=CARTESIAN_POINT('Ctrl Pts',(19.1536507858116,-10.0193790384156,-74.404840814303));
#2272=CARTESIAN_POINT('Ctrl Pts',(9.68600325805373,-19.3238344033369,-74.6532001386875));
#2273=CARTESIAN_POINT('Ctrl Pts',(-3.43405139491283,-21.3417989495177,-74.901559463072));
#2274=CARTESIAN_POINT('Ctrl Pts',(-15.2597059363023,-15.3087960690533,-75.1499187874566));
#2275=CARTESIAN_POINT('Ctrl Pts',(-21.329215888082,-3.50686135456746,-75.3982781118412));
#2276=CARTESIAN_POINT('Ctrl Pts',(-19.3571253808564,9.6266076241704,-75.6466374362256));
#2277=CARTESIAN_POINT('Ctrl Pts',(-11.1108171661993,18.0568568083751,-75.8674012801231));
#2278=CARTESIAN_POINT('Ctrl Pts',(-1.43762040522961,20.792821651998,-76.0605696435332));
#2279=CARTESIAN_POINT('Ctrl Pts',(7.08882032559023,19.6057406351244,-76.2261425264562));
#2280=CARTESIAN_POINT('Ctrl Pts',(14.4079483026249,15.064763037297,-76.3917154093793));
#2281=CARTESIAN_POINT('Ctrl Pts',(19.271636440197,7.95489340933506,-76.5572882923023));
#2282=CARTESIAN_POINT('Ctrl Pts',(20.8360169237695,-0.510829746660471,-76.7228611752253));
#2283=CARTESIAN_POINT('Ctrl Pts',(18.5345746665132,-10.295625412209,-76.9160295386355));
#2284=CARTESIAN_POINT('Ctrl Pts',(10.4760264029458,-18.9087654941019,-77.1367933825329));
#2285=CARTESIAN_POINT('Ctrl Pts',(-2.55120484187323,-21.4656593174996,-77.3851527069174));
#2286=CARTESIAN_POINT('Ctrl Pts',(-14.6184322404639,-15.9252631778602,-77.6335120313019));
#2287=CARTESIAN_POINT('Ctrl Pts',(-20.6138836485844,-5.34358919639411,-77.8611747453211));
#2288=CARTESIAN_POINT('Ctrl Pts',(-20.2750045873765,5.48442341297525,-78.0681408489749));
#2289=CARTESIAN_POINT('Ctrl Pts',(-15.6254783604303,14.0429586124584,-78.2544103422632));
#2290=CARTESIAN_POINT('Ctrl Pts',(-7.60429768533457,19.5828087049976,-78.4406798355517));
#2291=CARTESIAN_POINT('Ctrl Pts',(2.0486217662927,20.9071020367577,-78.62694932884));
#2292=CARTESIAN_POINT('Ctrl Pts',(11.2630009037949,17.7332383181319,-78.8132188221285));
#2293=CARTESIAN_POINT('Ctrl Pts',(18.0525788307538,10.7430086582026,-78.9994883154168));
#2294=CARTESIAN_POINT('Ctrl Pts',(20.9580388545389,1.44122026801398,-79.1857578087053));
#2295=CARTESIAN_POINT('Ctrl Pts',(19.3533069363523,-8.17081114580603,-79.3720273019936));
#2296=CARTESIAN_POINT('Ctrl Pts',(13.5841293493749,-16.0245116074596,-79.5582967952822));
#2297=CARTESIAN_POINT('Ctrl Pts',(4.8917436485168,-20.4300153407356,-79.7445662885704));
#2298=CARTESIAN_POINT('Ctrl Pts',(-4.85324199548709,-20.4391176725714,-79.930835781859));
#2299=CARTESIAN_POINT('Ctrl Pts',(-13.5539019907914,-16.0501977860231,-80.1171052751472));
#2300=CARTESIAN_POINT('Ctrl Pts',(-19.3378962669441,-8.20704484875779,-80.3033747684358));
#2301=CARTESIAN_POINT('Ctrl Pts',(-20.9606759597226,1.4012947529279,-80.489644261724));
#2302=CARTESIAN_POINT('Ctrl Pts',(-18.0728814349824,10.7098783647094,-80.6759137550126));
#2303=CARTESIAN_POINT('Ctrl Pts',(-13.5548907523748,15.3761171304705,-80.8000934172047));
#2304=CARTESIAN_POINT('Ctrl Pts',(-10.8902751938199,17.0755311335511,-80.8621832483009));
#2305=CARTESIAN_POINT('Ctrl Pts',(-7.81945095908744,-18.1414696459866,-59.7126055076571));
#2306=CARTESIAN_POINT('Ctrl Pts',(-10.6504049066362,-16.9212539740803,-59.7746953387533));
#2307=CARTESIAN_POINT('Ctrl Pts',(-15.7291092414356,-13.1338375111054,-59.8988750009455));
#2308=CARTESIAN_POINT('Ctrl Pts',(-19.9630467673604,-4.62203143173365,-60.085144494234));
#2309=CARTESIAN_POINT('Ctrl Pts',(-19.9008126181331,4.88267451923059,-60.2714139875223));
#2310=CARTESIAN_POINT('Ctrl Pts',(-15.5563639434205,13.337515609112,-60.4576834808107));
#2311=CARTESIAN_POINT('Ctrl Pts',(-7.86427982949877,18.9218799414994,-60.6439529740992));
#2312=CARTESIAN_POINT('Ctrl Pts',(1.52003650922179,20.4347006735093,-60.8302224673875));
#2313=CARTESIAN_POINT('Ctrl Pts',(10.577314652506,17.5501204956471,-61.016491960676));
#2314=CARTESIAN_POINT('Ctrl Pts',(17.3584127330338,10.8890417647944,-61.2027614539644));
#2315=CARTESIAN_POINT('Ctrl Pts',(20.4043305666003,1.88471911603791,-61.3890309472527));
#2316=CARTESIAN_POINT('Ctrl Pts',(19.0592353090935,-7.52509150867945,-61.5753004405412));
#2317=CARTESIAN_POINT('Ctrl Pts',(13.6133435023749,-15.3157383835473,-61.7615699338296));
#2318=CARTESIAN_POINT('Ctrl Pts',(5.23700578795267,-19.810355794658,-61.9478394271179));
#2319=CARTESIAN_POINT('Ctrl Pts',(-4.26421315959979,-20.0425798912166,-62.1341089204064));
#2320=CARTESIAN_POINT('Ctrl Pts',(-12.851954742132,-15.9607966420625,-62.3203784136947));
#2321=CARTESIAN_POINT('Ctrl Pts',(-18.6658309134733,-8.44665495446646,-62.5066479069832));
#2322=CARTESIAN_POINT('Ctrl Pts',(-20.6811731498214,1.92696751388666,-62.7136140106369));
#2323=CARTESIAN_POINT('Ctrl Pts',(-16.5642471031851,13.0497204442841,-62.941276724656));
#2324=CARTESIAN_POINT('Ctrl Pts',(-5.8035443612417,20.27230856799,-63.1896360490407));
#2325=CARTESIAN_POINT('Ctrl Pts',(4.97092292732583,19.9069195339305,-63.3966021526944));
#2326=CARTESIAN_POINT('Ctrl Pts',(12.2647956955109,15.8916704583416,-63.5621750356174));
#2327=CARTESIAN_POINT('Ctrl Pts',(17.0329110861373,10.8611855837993,-63.7001524380533));
#2328=CARTESIAN_POINT('Ctrl Pts',(19.986672471416,3.74692925368632,-63.8519275807327));
#2329=CARTESIAN_POINT('Ctrl Pts',(19.7944719571004,-4.65059610009194,-64.0175004636558));
#2330=CARTESIAN_POINT('Ctrl Pts',(16.2263393606583,-12.2561094768706,-64.1830733465787));
#2331=CARTESIAN_POINT('Ctrl Pts',(9.88669126213527,-17.7684777982746,-64.3486462295018));
#2332=CARTESIAN_POINT('Ctrl Pts',(1.8609291598196,-20.248945265136,-64.5142191124248));
#2333=CARTESIAN_POINT('Ctrl Pts',(-6.48334578324913,-19.2729124658238,-64.6797919953479));
#2334=CARTESIAN_POINT('Ctrl Pts',(-13.7201357596288,-15.0076088336894,-64.8453648782708));
#2335=CARTESIAN_POINT('Ctrl Pts',(-18.6165814006635,-8.18065660204379,-65.010937761194));
#2336=CARTESIAN_POINT('Ctrl Pts',(-20.3336429672429,0.0422534071837413,
-65.1765106441168));
#2337=CARTESIAN_POINT('Ctrl Pts',(-18.5820516588454,8.25874550423379,-65.3420835270401));
#2338=CARTESIAN_POINT('Ctrl Pts',(-13.6574732957112,15.0644445868534,-65.5076564099628));
#2339=CARTESIAN_POINT('Ctrl Pts',(-6.4026115953747,19.2999732055206,-65.673229292886));
#2340=CARTESIAN_POINT('Ctrl Pts',(1.94530941144828,20.2405448134311,-65.838802175809));
#2341=CARTESIAN_POINT('Ctrl Pts',(9.96124596680404,17.7277646483356,-66.004375058732));
#2342=CARTESIAN_POINT('Ctrl Pts',(16.2765249231411,12.1873848106853,-66.169947941655));
#2343=CARTESIAN_POINT('Ctrl Pts',(19.8148848848992,4.56869515213345,-66.3355208245781));
#2344=CARTESIAN_POINT('Ctrl Pts',(19.9696627060819,-3.83130871046452,-66.501093707501));
#2345=CARTESIAN_POINT('Ctrl Pts',(16.7175586134834,-11.5761366794176,-66.6666665904242));
#2346=CARTESIAN_POINT('Ctrl Pts',(10.6104829015612,-17.3464637844333,-66.832239473347));
#2347=CARTESIAN_POINT('Ctrl Pts',(2.6949627402003,-20.1540511713037,-66.9978123562702));
#2348=CARTESIAN_POINT('Ctrl Pts',(-5.6851164714153,-19.5252357125689,-67.1633852391932));
#2349=CARTESIAN_POINT('Ctrl Pts',(-12.2636078656047,-15.9979903369387,-67.3105611351248));
#2350=CARTESIAN_POINT('Ctrl Pts',(-17.8207336767107,-9.83069871365041,-67.4761340180477));
#2351=CARTESIAN_POINT('Ctrl Pts',(-20.9383675112585,-0.365786062464903,
-67.669302381458));
#2352=CARTESIAN_POINT('Ctrl Pts',(-17.5780828771537,11.6450061794393,-67.9084632123468));
#2353=CARTESIAN_POINT('Ctrl Pts',(-7.45807059240342,19.7207196503252,-68.1568225367314));
#2354=CARTESIAN_POINT('Ctrl Pts',(5.47425524553254,20.3617629279908,-68.4051818611158));
#2355=CARTESIAN_POINT('Ctrl Pts',(16.3420073252736,13.3224863865446,-68.6535411855004));
#2356=CARTESIAN_POINT('Ctrl Pts',(21.0471383776189,1.25928668648774,-68.9019005098849));
#2357=CARTESIAN_POINT('Ctrl Pts',(17.8135855866612,-11.2786216513018,-69.1502598342695));
#2358=CARTESIAN_POINT('Ctrl Pts',(7.86425770339398,-19.5639550976354,-69.3986191586539));
#2359=CARTESIAN_POINT('Ctrl Pts',(-4.57694584145818,-20.4351588221926,-69.6377799895429));
#2360=CARTESIAN_POINT('Ctrl Pts',(-13.2200588898366,-15.4745513219083,-69.8309483529529));
#2361=CARTESIAN_POINT('Ctrl Pts',(-18.1402969662225,-8.78844649952437,-69.9965212358761));
#2362=CARTESIAN_POINT('Ctrl Pts',(-20.2700937721201,-1.63407779024066,-70.1436971318076));
#2363=CARTESIAN_POINT('Ctrl Pts',(-19.1981657349359,6.70047202096607,-70.3092700147306));
#2364=CARTESIAN_POINT('Ctrl Pts',(-14.8525989165026,13.8880719036338,-70.4748428976536));
#2365=CARTESIAN_POINT('Ctrl Pts',(-7.9703137913076,18.7070601261122,-70.6404157805767));
#2366=CARTESIAN_POINT('Ctrl Pts',(0.270807351860296,20.3322707340329,-70.8059886634996));
#2367=CARTESIAN_POINT('Ctrl Pts',(8.46788628714656,18.4875414812381,-70.9715615464228));
#2368=CARTESIAN_POINT('Ctrl Pts',(15.2162746128011,13.487763732502,-71.1371344293457));
#2369=CARTESIAN_POINT('Ctrl Pts',(19.3729423370282,6.18336120942391,-71.3027073122688));
#2370=CARTESIAN_POINT('Ctrl Pts',(20.2133044891563,-2.1698320398052,-71.4682801951918));
#2371=CARTESIAN_POINT('Ctrl Pts',(17.1906305673364,-11.4991626271017,-71.6614485586019));
#2372=CARTESIAN_POINT('Ctrl Pts',(8.66724267461077,-19.2226952692448,-71.8822124024993));
#2373=CARTESIAN_POINT('Ctrl Pts',(-4.20754561434042,-20.6605033873536,-72.1305717268838));
#2374=CARTESIAN_POINT('Ctrl Pts',(-15.4861537631136,-14.3076443939261,-72.3789310512684));
#2375=CARTESIAN_POINT('Ctrl Pts',(-20.9293921347462,-2.55738618443318,-72.6272903756529));
#2376=CARTESIAN_POINT('Ctrl Pts',(-18.476953684978,10.1552928245522,-72.8756497000375));
#2377=CARTESIAN_POINT('Ctrl Pts',(-9.05745803710287,19.0414791244066,-73.124009024422));
#2378=CARTESIAN_POINT('Ctrl Pts',(3.77753567116487,20.7424381977707,-73.3723683488064));
#2379=CARTESIAN_POINT('Ctrl Pts',(15.189496379551,14.6235529618179,-73.6207276731911));
#2380=CARTESIAN_POINT('Ctrl Pts',(20.8713920736243,2.98886708169352,-73.8690869975756));
#2381=CARTESIAN_POINT('Ctrl Pts',(18.6828390836253,-9.77319595972391,-74.1174463219602));
#2382=CARTESIAN_POINT('Ctrl Pts',(9.44785465174624,-18.8489214784806,-74.3658056463447));
#2383=CARTESIAN_POINT('Ctrl Pts',(-3.34973560783654,-20.8172328869651,-74.6141649707291));
#2384=CARTESIAN_POINT('Ctrl Pts',(-14.8847069547666,-14.93246385104,-74.8625242951138));
#2385=CARTESIAN_POINT('Ctrl Pts',(-20.8049878613507,-3.42057918038909,-75.1108836194983));
#2386=CARTESIAN_POINT('Ctrl Pts',(-18.8813141827326,9.39007916546756,-75.3592429438828));
#2387=CARTESIAN_POINT('Ctrl Pts',(-10.8376538593219,17.6130903406256,-75.5800067877802));
#2388=CARTESIAN_POINT('Ctrl Pts',(-1.4021995277796,20.2817688774989,-75.7731751511903));
#2389=CARTESIAN_POINT('Ctrl Pts',(6.91466819090073,19.1238293347414,-75.9387480341134));
#2390=CARTESIAN_POINT('Ctrl Pts',(14.0538833317409,14.6944323424769,-76.1043209170364));
#2391=CARTESIAN_POINT('Ctrl Pts',(18.797999295596,7.75929329953121,-76.2698937999593));
#2392=CARTESIAN_POINT('Ctrl Pts',(20.3238943954142,-0.498360599404184,-76.4354666828826));
#2393=CARTESIAN_POINT('Ctrl Pts',(18.0789778522982,-10.0426500152844,-76.6286350462925));
#2394=CARTESIAN_POINT('Ctrl Pts',(10.2184618430052,-18.444057661405,-76.8493988901901));
#2395=CARTESIAN_POINT('Ctrl Pts',(-2.48858871254774,-20.9380525969831,-77.0977582145745));
#2396=CARTESIAN_POINT('Ctrl Pts',(-14.2591974318221,-15.533781710269,-77.3461175389591));
#2397=CARTESIAN_POINT('Ctrl Pts',(-20.1072451077298,-5.21216576224285,-77.5737802529782));
#2398=CARTESIAN_POINT('Ctrl Pts',(-19.7766503550659,5.34970790349599,-77.780746356632));
#2399=CARTESIAN_POINT('Ctrl Pts',(-15.2413675726378,13.6978669056709,-77.9670158499204));
#2400=CARTESIAN_POINT('Ctrl Pts',(-7.41731344305211,19.1015219246815,-78.1532853432088));
#2401=CARTESIAN_POINT('Ctrl Pts',(1.99835611761076,20.3932259626329,-78.3395548364973));
#2402=CARTESIAN_POINT('Ctrl Pts',(10.986245437786,17.2973332320228,-78.5258243297855));
#2403=CARTESIAN_POINT('Ctrl Pts',(17.6089159855528,10.4788855922613,-78.7120938230741));
#2404=CARTESIAN_POINT('Ctrl Pts',(20.4429252851746,1.40571022629363,-78.8983633163624));
#2405=CARTESIAN_POINT('Ctrl Pts',(18.877595622813,-7.97006413062669,-79.0846328096508));
#2406=CARTESIAN_POINT('Ctrl Pts',(13.2501838792784,-15.6307076161294,-79.2709023029392));
#2407=CARTESIAN_POINT('Ctrl Pts',(4.77142671348103,-19.9278941555474,-79.4571717962276));
#2408=CARTESIAN_POINT('Ctrl Pts',(-4.73404073031052,-19.9367323836565,-79.6434412895161));
#2409=CARTESIAN_POINT('Ctrl Pts',(-13.2208323777593,-15.6556500100179,-79.8297107828044));
#2410=CARTESIAN_POINT('Ctrl Pts',(-18.8626315924405,-8.00524693171406,-80.0159802760929));
#2411=CARTESIAN_POINT('Ctrl Pts',(-20.4454857953257,1.36693972701185,-80.2022497693812));
#2412=CARTESIAN_POINT('Ctrl Pts',(-17.6286306836851,10.4467192910206,-80.3885192626696));
#2413=CARTESIAN_POINT('Ctrl Pts',(-13.2216666136572,14.9982496558946,-80.5126989248619));
#2414=CARTESIAN_POINT('Ctrl Pts',(-10.6225365693102,16.6558833764977,-80.574788755958));
#2415=CARTESIAN_POINT('Ctrl Pts',(-7.62249869681687,-17.6843065932257,-59.4252110833395));
#2416=CARTESIAN_POINT('Ctrl Pts',(-10.3821129142012,-16.494825078728,-59.4873009144357));
#2417=CARTESIAN_POINT('Ctrl Pts',(-15.3328272439964,-12.8028208203806,-59.6114805766279));
#2418=CARTESIAN_POINT('Ctrl Pts',(-19.4600398401002,-4.50547567202911,-59.7977500699163));
#2419=CARTESIAN_POINT('Ctrl Pts',(-19.3993309845974,4.75973092875965,-59.9840195632047));
#2420=CARTESIAN_POINT('Ctrl Pts',(-15.1643153512149,13.0015077882467,-60.1702890564931));
#2421=CARTESIAN_POINT('Ctrl Pts',(-7.66603076611404,18.4451229068399,-60.3565585497815));
#2422=CARTESIAN_POINT('Ctrl Pts',(1.48182689904831,19.9197813274925,-60.54282804307));
#2423=CARTESIAN_POINT('Ctrl Pts',(10.3108672214285,17.1078457852892,-60.7290975363583));
#2424=CARTESIAN_POINT('Ctrl Pts',(16.9210655067653,10.6145819661774,-60.9153670296468));
#2425=CARTESIAN_POINT('Ctrl Pts',(19.8901918449393,1.83713601408241,-61.1016365229351));
#2426=CARTESIAN_POINT('Ctrl Pts',(18.578947774466,-7.33556064037509,-61.2879060162235));
#2427=CARTESIAN_POINT('Ctrl Pts',(13.2702461102995,-14.9298746459554,-61.474175509512));
#2428=CARTESIAN_POINT('Ctrl Pts',(5.10495462634931,-19.3111991406876,-61.6604450028003));
#2429=CARTESIAN_POINT('Ctrl Pts',(-4.15685416477707,-19.537528803648,-61.8467144960887));
#2430=CARTESIAN_POINT('Ctrl Pts',(-12.528183882412,-15.558559367003,-62.0329839893772));
#2431=CARTESIAN_POINT('Ctrl Pts',(-18.1955284157518,-8.23373238912693,-62.2192534826655));
#2432=CARTESIAN_POINT('Ctrl Pts',(-20.1600413677874,1.87850519006245,-62.4262195863193));
#2433=CARTESIAN_POINT('Ctrl Pts',(-16.1468032236712,12.720969017417,-62.6538823003384));
#2434=CARTESIAN_POINT('Ctrl Pts',(-5.65721550710719,19.761514208725,-62.9022416247231));
#2435=CARTESIAN_POINT('Ctrl Pts',(4.84575568577432,19.4052836205511,-63.1092077283768));
#2436=CARTESIAN_POINT('Ctrl Pts',(11.9558197260217,15.4911776700189,-63.2747806112998));
#2437=CARTESIAN_POINT('Ctrl Pts',(16.6037657071814,10.5874291721817,-63.4127580137357));
#2438=CARTESIAN_POINT('Ctrl Pts',(19.4830662770692,3.65242416503047,-63.564533156415));
#2439=CARTESIAN_POINT('Ctrl Pts',(19.2956709368042,-4.53349992941062,-63.7301060393382));
#2440=CARTESIAN_POINT('Ctrl Pts',(15.8174136425097,-11.9473538920521,-63.8956789222611));
#2441=CARTESIAN_POINT('Ctrl Pts',(9.63748678763681,-17.3207932525958,-64.0612518051842));
#2442=CARTESIAN_POINT('Ctrl Pts',(1.81394621689806,-19.7387218266191,-64.2268246881072));
#2443=CARTESIAN_POINT('Ctrl Pts',(-6.32006573168478,-18.7872454053697,-64.3923975710302));
#2444=CARTESIAN_POINT('Ctrl Pts',(-13.3744842211509,-14.6293860170968,-64.5579704539533));
#2445=CARTESIAN_POINT('Ctrl Pts',(-18.147518689523,-7.97443687106497,-64.7235433368762));
#2446=CARTESIAN_POINT('Ctrl Pts',(-19.8212767346502,0.0412804402280371,
-64.8891162197993));
#2447=CARTESIAN_POINT('Ctrl Pts',(-18.1137848624187,8.05072590927477,-65.0546891027223));
#2448=CARTESIAN_POINT('Ctrl Pts',(-13.313265057144,14.6849131359118,-65.2202619856453));
#2449=CARTESIAN_POINT('Ctrl Pts',(-6.24119186383455,18.8136824030361,-65.3858348685683));
#2450=CARTESIAN_POINT('Ctrl Pts',(1.89638292165059,19.7305158777913,-65.5514077514914));
#2451=CARTESIAN_POINT('Ctrl Pts',(9.71032300274727,17.2810164494559,-65.7169806344143));
#2452=CARTESIAN_POINT('Ctrl Pts',(15.8664449050097,11.880214314608,-65.8825535173374));
#2453=CARTESIAN_POINT('Ctrl Pts',(19.3156110921593,4.45348402554608,-66.0481264002605));
#2454=CARTESIAN_POINT('Ctrl Pts',(19.4664509348135,-3.73485768970876,-66.2136992831834));
#2455=CARTESIAN_POINT('Ctrl Pts',(16.2962582466197,-11.2845172286496,-66.3792721661065));
#2456=CARTESIAN_POINT('Ctrl Pts',(10.3430422681092,-16.9094163904505,-66.5448450490294));
#2457=CARTESIAN_POINT('Ctrl Pts',(2.62696429206895,-19.6462226316792,-66.7104179319526));
#2458=CARTESIAN_POINT('Ctrl Pts',(-5.54195129742945,-19.0332142256062,-66.8759908148755));
#2459=CARTESIAN_POINT('Ctrl Pts',(-11.9546623066462,-15.5948185113974,-67.0231667108071));
#2460=CARTESIAN_POINT('Ctrl Pts',(-17.3717321375987,-9.5829049006248,-67.1887395937302));
#2461=CARTESIAN_POINT('Ctrl Pts',(-20.4107653029464,-0.356474544677091,
-67.3819079571402));
#2462=CARTESIAN_POINT('Ctrl Pts',(-17.135098755486,11.3516552408328,-67.6210687880292));
#2463=CARTESIAN_POINT('Ctrl Pts',(-7.27005356368324,19.2238316630952,-67.8694281124137));
#2464=CARTESIAN_POINT('Ctrl Pts',(5.33640711524833,19.8486636245064,-68.1177874367982));
#2465=CARTESIAN_POINT('Ctrl Pts',(15.930282405923,12.9867133665759,-68.3661467611828));
#2466=CARTESIAN_POINT('Ctrl Pts',(20.5167993977625,1.22746029732757,-68.6145060855673));
#2467=CARTESIAN_POINT('Ctrl Pts',(17.36466893327,-10.9945039127683,-68.8628654099519));
#2468=CARTESIAN_POINT('Ctrl Pts',(7.66600630091602,-19.0710190876223,-69.1112247343363));
#2469=CARTESIAN_POINT('Ctrl Pts',(-4.46170839639499,-19.9202141409909,-69.3503855652253));
#2470=CARTESIAN_POINT('Ctrl Pts',(-12.8870103679921,-15.0845647696448,-69.5435539286353));
#2471=CARTESIAN_POINT('Ctrl Pts',(-17.6832383865583,-8.56691386006557,-69.7091268115584));
#2472=CARTESIAN_POINT('Ctrl Pts',(-19.7593364112774,-1.59281094053082,-69.85630270749));
#2473=CARTESIAN_POINT('Ctrl Pts',(-18.714381159033,6.53172049693214,-70.0218755904129));
#2474=CARTESIAN_POINT('Ctrl Pts',(-14.47828127386,13.5381880199332,-70.187448473336));
#2475=CARTESIAN_POINT('Ctrl Pts',(-7.76939385897379,18.2357165879689,-70.3530213562591));
#2476=CARTESIAN_POINT('Ctrl Pts',(0.264075288705737,19.8199380478229,-70.518594239182));
#2477=CARTESIAN_POINT('Ctrl Pts',(8.25459634762013,18.0216552036755,-70.6841671221051));
#2478=CARTESIAN_POINT('Ctrl Pts',(14.8329165914108,13.1478311414252,-70.8497400050281));
#2479=CARTESIAN_POINT('Ctrl Pts',(18.88481187318,6.02746580812591,-71.0153128879511));
#2480=CARTESIAN_POINT('Ctrl Pts',(19.7039609408385,-2.11524791799753,-71.1808857708741));
#2481=CARTESIAN_POINT('Ctrl Pts',(16.7574101060691,-11.209484898557,-71.3740541342843));
#2482=CARTESIAN_POINT('Ctrl Pts',(8.44875923956255,-18.738361928574,-71.5948179781817));
#2483=CARTESIAN_POINT('Ctrl Pts',(-4.10161731294863,-20.1398821524081,-71.8431773025663));
#2484=CARTESIAN_POINT('Ctrl Pts',(-15.0959990401819,-13.9470512765232,-72.0915366269507));
#2485=CARTESIAN_POINT('Ctrl Pts',(-20.4020259745651,-2.49285088512507,-72.3398959513354));
#2486=CARTESIAN_POINT('Ctrl Pts',(-18.011326585647,9.89948365805906,-72.5882552757198));
#2487=CARTESIAN_POINT('Ctrl Pts',(-8.82914279385656,18.5617138188254,-72.8366146001044));
#2488=CARTESIAN_POINT('Ctrl Pts',(3.68244310682279,20.2197543137935,-73.0849739244889));
#2489=CARTESIAN_POINT('Ctrl Pts',(14.8068182385941,14.2550009356354,-73.3333332488734));
#2490=CARTESIAN_POINT('Ctrl Pts',(20.3454893424224,2.9134596116024,-73.581692573258));
#2491=CARTESIAN_POINT('Ctrl Pts',(18.2120258188643,-9.52701577830926,-73.8300518976425));
#2492=CARTESIAN_POINT('Ctrl Pts',(9.20970308429417,-18.3740099913072,-74.0784112220271));
#2493=CARTESIAN_POINT('Ctrl Pts',(-3.26542306391171,-20.2926662603958,-74.3267705464115));
#2494=CARTESIAN_POINT('Ctrl Pts',(-14.5097102749467,-14.5561292798941,-74.5751298707962));
#2495=CARTESIAN_POINT('Ctrl Pts',(-20.2807603275231,-3.33429375162366,-74.8234891951806));
#2496=CARTESIAN_POINT('Ctrl Pts',(-18.4055014814694,9.15355363581762,-75.0718485195652));
#2497=CARTESIAN_POINT('Ctrl Pts',(-10.564487781447,17.1693255298768,-75.2926123634626));
#2498=CARTESIAN_POINT('Ctrl Pts',(-1.36677548137866,19.7707162818735,-75.4857807268727));
#2499=CARTESIAN_POINT('Ctrl Pts',(6.74051902793855,18.641916917161,-75.6513536097958));
#2500=CARTESIAN_POINT('Ctrl Pts',(13.6998206270503,14.3240994246234,-75.8169264927188));
#2501=CARTESIAN_POINT('Ctrl Pts',(18.3243633251626,7.56369023994286,-75.9824993756417));
#2502=CARTESIAN_POINT('Ctrl Pts',(19.8117717491653,-0.485894623969842,-76.1480722585649));
#2503=CARTESIAN_POINT('Ctrl Pts',(17.6233794347567,-9.78967742084051,-76.341240621975));
#2504=CARTESIAN_POINT('Ctrl Pts',(9.96089438348308,-17.9793513874057,-76.5620044658724));
#2505=CARTESIAN_POINT('Ctrl Pts',(-2.42597584684636,-20.4104454467788,-76.810363790257));
#2506=CARTESIAN_POINT('Ctrl Pts',(-13.8999650200694,-15.1422979859417,-77.0587231146414));
#2507=CARTESIAN_POINT('Ctrl Pts',(-19.6006073407611,-5.08073917889788,-77.2863858286607));
#2508=CARTESIAN_POINT('Ctrl Pts',(-19.278295248601,5.21499547079142,-77.4933519323144));
#2509=CARTESIAN_POINT('Ctrl Pts',(-14.8572546163762,13.3527775511536,-77.6796214256028));
#2510=CARTESIAN_POINT('Ctrl Pts',(-7.2303262042064,18.6202362645714,-77.8658909188912));
#2511=CARTESIAN_POINT('Ctrl Pts',(1.94809364856117,19.8793495362835,-78.0521604121796));
#2512=CARTESIAN_POINT('Ctrl Pts',(10.7094926503623,16.8614263967103,-78.238429905468));
#2513=CARTESIAN_POINT('Ctrl Pts',(17.1652547414419,10.2147597567144,-78.4246993987564));
#2514=CARTESIAN_POINT('Ctrl Pts',(19.9278118948952,1.37019699046686,-78.6109688920448));
#2515=CARTESIAN_POINT('Ctrl Pts',(18.4018830278054,-7.76932004668492,-78.7972383853333));
#2516=CARTESIAN_POINT('Ctrl Pts',(12.91623594292,-15.2369056624149,-78.9835078786216));
#2517=CARTESIAN_POINT('Ctrl Pts',(4.65110665810043,-19.4257736758905,-79.16977737191));
#2518=CARTESIAN_POINT('Ctrl Pts',(-4.61484256811162,-19.4343463163372,-79.3560468651983));
#2519=CARTESIAN_POINT('Ctrl Pts',(-12.8877651825954,-15.2611001392432,-79.5423163584869));
#2520=CARTESIAN_POINT('Ctrl Pts',(-18.3873681304428,-7.80344605416416,-79.7285858517752));
#2521=CARTESIAN_POINT('Ctrl Pts',(-19.9302953770708,1.33258788999095,-79.9148553450636));
#2522=CARTESIAN_POINT('Ctrl Pts',(-17.1843782669725,10.1835629489978,-80.101124838352));
#2523=CARTESIAN_POINT('Ctrl Pts',(-12.8884401070964,14.6203842152433,-80.2253045005443));
#2524=CARTESIAN_POINT('Ctrl Pts',(-10.3547953236355,16.2362372448728,-80.2873943316404));
#2525=CARTESIAN_POINT('Ctrl Pts',(-7.42554998208131,-17.2271419534953,-59.137816751694));
#2526=CARTESIAN_POINT('Ctrl Pts',(-10.1138242219685,-16.0683940434989,-59.1999065827901));
#2527=CARTESIAN_POINT('Ctrl Pts',(-14.9365477874967,-12.4718009999462,-59.3240862449824));
#2528=CARTESIAN_POINT('Ctrl Pts',(-18.9570337683978,-4.38891597324678,-59.5103557382708));
#2529=CARTESIAN_POINT('Ctrl Pts',(-18.897848337016,4.63679123981618,-59.6966252315592));
#2530=CARTESIAN_POINT('Ctrl Pts',(-14.7722640936253,12.6655029914529,-59.8828947248476));
#2531=CARTESIAN_POINT('Ctrl Pts',(-7.46777795953712,17.9683673682237,-60.069164218136));
#2532=CARTESIAN_POINT('Ctrl Pts',(1.44362130437427,19.4048616274787,-60.2554337114244));
#2533=CARTESIAN_POINT('Ctrl Pts',(10.0444232140779,16.6655689471062,-60.4417032047128));
#2534=CARTESIAN_POINT('Ctrl Pts',(16.4837203757078,10.3401187237796,-60.6279726980013));
#2535=CARTESIAN_POINT('Ctrl Pts',(19.3760534391057,1.78954889343438,-60.8142421912896));
#2536=CARTESIAN_POINT('Ctrl Pts',(18.0986587083318,-7.14603350085757,-61.0005116845781));
#2537=CARTESIAN_POINT('Ctrl Pts',(12.9271456689197,-14.5440135449553,-61.1867811778664));
#2538=CARTESIAN_POINT('Ctrl Pts',(4.97289955386631,-18.8120434635501,-61.3730506711549));
#2539=CARTESIAN_POINT('Ctrl Pts',(-4.04949910093864,-19.0324768233594,-61.5593201644432));
#2540=CARTESIAN_POINT('Ctrl Pts',(-12.2044161276782,-15.1563195209526,-61.7455896577317));
#2541=CARTESIAN_POINT('Ctrl Pts',(-17.7252275292748,-8.02080612941755,-61.93185915102));
#2542=CARTESIAN_POINT('Ctrl Pts',(-19.638909151137,1.83004692915949,-62.1388252546738));
#2543=CARTESIAN_POINT('Ctrl Pts',(-15.7293567326196,12.3922208136397,-62.366487968693));
#2544=CARTESIAN_POINT('Ctrl Pts',(-5.5108826497005,19.2507209365954,-62.6148472930775));
#2545=CARTESIAN_POINT('Ctrl Pts',(4.72059234658306,18.9036466756055,-62.8218133967313));
#2546=CARTESIAN_POINT('Ctrl Pts',(11.6468468494578,15.090682426409,-62.9873862796543));
#2547=CARTESIAN_POINT('Ctrl Pts',(16.1746224189839,10.3136693809158,-63.1253636820902));
#2548=CARTESIAN_POINT('Ctrl Pts',(18.9794607657749,3.55791513484288,-63.2771388247696));
#2549=CARTESIAN_POINT('Ctrl Pts',(18.7968689484595,-4.41640763990056,-63.4427117076926));
#2550=CARTESIAN_POINT('Ctrl Pts',(15.4084854700117,-11.6386014661056,-63.6082845906156));
#2551=CARTESIAN_POINT('Ctrl Pts',(9.38827879133578,-16.8731106038308,-63.7738574735386));
#2552=CARTESIAN_POINT('Ctrl Pts',(1.76695928591996,-19.2284986996801,-63.9394303564617));
#2553=CARTESIAN_POINT('Ctrl Pts',(-6.15678945370117,-18.3015770177468,-64.1050032393847));
#2554=CARTESIAN_POINT('Ctrl Pts',(-13.0288355979254,-14.2511604613058,-64.2705761223077));
#2555=CARTESIAN_POINT('Ctrl Pts',(-17.6784575372201,-7.76821345611994,-64.4361490052307));
#2556=CARTESIAN_POINT('Ctrl Pts',(-19.3089104392351,0.0403114729539079,
-64.6017218881538));
#2557=CARTESIAN_POINT('Ctrl Pts',(-17.6455163912925,7.84270994712167,-64.7672947710768));
#2558=CARTESIAN_POINT('Ctrl Pts',(-12.9690538186652,14.3053843310363,-64.9328676539998));
#2559=CARTESIAN_POINT('Ctrl Pts',(-6.07976831867631,18.327392808039,-65.0984405369228));
#2560=CARTESIAN_POINT('Ctrl Pts',(1.84746040802034,19.2204865048905,-65.2640134198459));
#2561=CARTESIAN_POINT('Ctrl Pts',(9.45940349907339,16.8342662436626,-65.4295863027688));
#2562=CARTESIAN_POINT('Ctrl Pts',(15.456367240263,11.5730405838889,-65.5951591856919));
#2563=CARTESIAN_POINT('Ctrl Pts',(18.8163381449789,4.33826898913749,-65.760732068615));
#2564=CARTESIAN_POINT('Ctrl Pts',(18.9632383560708,-3.6384105868393,-65.9263049515379));
#2565=CARTESIAN_POINT('Ctrl Pts',(15.8749555577563,-10.992901035106,-66.091877834461));
#2566=CARTESIAN_POINT('Ctrl Pts',(10.0755981939226,-16.4723710369514,-66.2574507173839));
#2567=CARTESIAN_POINT('Ctrl Pts',(2.55896187237279,-19.1383945678961,-66.4230236003071));
#2568=CARTESIAN_POINT('Ctrl Pts',(-5.39878994894238,-18.5411915677711,-66.58859648323));
#2569=CARTESIAN_POINT('Ctrl Pts',(-11.6457198613926,-15.1916442304407,-66.7357723791616));
#2570=CARTESIAN_POINT('Ctrl Pts',(-16.9227324844609,-9.33510755577407,-66.9013452620847));
#2571=CARTESIAN_POINT('Ctrl Pts',(-19.8831631103042,-0.347158907270115,
-67.0945136254947));
#2572=CARTESIAN_POINT('Ctrl Pts',(-16.692112295857,11.0583077285972,-67.3336744563837));
#2573=CARTESIAN_POINT('Ctrl Pts',(-7.08203263575987,18.7269450898241,-67.5820337807681));
#2574=CARTESIAN_POINT('Ctrl Pts',(5.19856297549192,19.335563189424,-67.8303931051528));
#2575=CARTESIAN_POINT('Ctrl Pts',(15.5185600631842,12.6509370962123,-68.0787524295371));
#2576=CARTESIAN_POINT('Ctrl Pts',(19.9864606089806,1.19562976470947,-68.3271117539218));
#2577=CARTESIAN_POINT('Ctrl Pts',(16.9157500133858,-10.710389647886,-68.5754710783064));
#2578=CARTESIAN_POINT('Ctrl Pts',(7.46775102896487,-18.5780845719185,-68.8238304026907));
#2579=CARTESIAN_POINT('Ctrl Pts',(-4.34647495871752,-19.4052685044615,-69.0629912335798));
#2580=CARTESIAN_POINT('Ctrl Pts',(-12.5539648543092,-14.6945755751028,-69.2561595969898));
#2581=CARTESIAN_POINT('Ctrl Pts',(-17.226181487081,-8.34537762888031,-69.421732479913));
#2582=CARTESIAN_POINT('Ctrl Pts',(-19.2485793170604,-1.55154009909509,-69.5689083758444));
#2583=CARTESIAN_POINT('Ctrl Pts',(-18.2305952137351,6.36297273119105,-69.7344812587675));
#2584=CARTESIAN_POINT('Ctrl Pts',(-14.1039608592567,13.1883070204655,-69.9000541416905));
#2585=CARTESIAN_POINT('Ctrl Pts',(-7.56847022553034,17.7643745672407,-70.0656270246135));
#2586=CARTESIAN_POINT('Ctrl Pts',(0.257347224371117,19.3076052537037,-70.2311999075365));
#2587=CARTESIAN_POINT('Ctrl Pts',(8.04131002173013,17.5557672105509,-70.3967727904596));
#2588=CARTESIAN_POINT('Ctrl Pts',(14.4495611823128,12.8078955210074,-70.5623456733826));
#2589=CARTESIAN_POINT('Ctrl Pts',(18.3966825734629,5.87156657948162,-70.7279185563056));
#2590=CARTESIAN_POINT('Ctrl Pts',(19.1946169112264,-2.06066776645578,-70.8934914392287));
#2591=CARTESIAN_POINT('Ctrl Pts',(16.3241873367809,-10.9198105204916,-71.0866598026387));
#2592=CARTESIAN_POINT('Ctrl Pts',(8.23027199989634,-18.2540302411482,-71.3074236465363));
#2593=CARTESIAN_POINT('Ctrl Pts',(-3.99569306417356,-19.619260034223,-71.5557829709207));
#2594=CARTESIAN_POINT('Ctrl Pts',(-14.7058470899937,-13.5864550744041,-71.8041422953053));
#2595=CARTESIAN_POINT('Ctrl Pts',(-19.8746602610955,-2.42831146207818,-72.0525016196898));
#2596=CARTESIAN_POINT('Ctrl Pts',(-17.5456974390118,9.64367809883169,-72.3008609440743));
#2597=CARTESIAN_POINT('Ctrl Pts',(-8.60082378069807,18.0819502434698,-72.5492202684589));
#2598=CARTESIAN_POINT('Ctrl Pts',(3.58735461248861,19.6970696310643,-72.7975795928433));
#2599=CARTESIAN_POINT('Ctrl Pts',(14.4241429332624,13.8864458822372,-73.045938917228));
#2600=CARTESIAN_POINT('Ctrl Pts',(19.8195871429897,2.83804802798287,-73.2942982416124));
#2601=CARTESIAN_POINT('Ctrl Pts',(17.7412105813943,-9.28083924559857,-73.542657565997));
#2602=CARTESIAN_POINT('Ctrl Pts',(8.97154778375365,-17.8991003118426,-73.7910168903815));
#2603=CARTESIAN_POINT('Ctrl Pts',(-3.1811146058137,-19.7680989189083,-74.039376214766));
#2604=CARTESIAN_POINT('Ctrl Pts',(-14.134716492359,-14.1797917406662,-74.2877355391506));
#2605=CARTESIAN_POINT('Ctrl Pts',(-19.7565334105453,-3.24800422124428,-74.5360948635352));
#2606=CARTESIAN_POINT('Ctrl Pts',(-17.9296868823468,8.91703179498629,-74.7844541879196));
#2607=CARTESIAN_POINT('Ctrl Pts',(-10.2913182097965,16.7255628034425,-75.0052180318171));
#2608=CARTESIAN_POINT('Ctrl Pts',(-1.33134744168102,19.2596639075113,-75.1983863952272));
#2609=CARTESIAN_POINT('Ctrl Pts',(6.56637360807427,18.1600030879758,-75.3639592781503));
#2610=CARTESIAN_POINT('Ctrl Pts',(13.3457607750011,13.9537637026708,-75.5295321610733));
#2611=CARTESIAN_POINT('Ctrl Pts',(17.8507288304087,7.36808346191895,-75.6951050439963));
#2612=CARTESIAN_POINT('Ctrl Pts',(19.2996489502312,-0.47343264506054,-75.8606779269194));
#2613=CARTESIAN_POINT('Ctrl Pts',(17.1677789932727,-9.53670835559807,-76.0538462903294));
#2614=CARTESIAN_POINT('Ctrl Pts',(9.70332326829519,-17.5146470736862,-76.274610134227));
#2615=CARTESIAN_POINT('Ctrl Pts',(-2.36336709294878,-19.8828377508839,-76.5229694586114));
#2616=CARTESIAN_POINT('Ctrl Pts',(-13.5407356255946,-14.7508114148777,-76.771328782996));
#2617=CARTESIAN_POINT('Ctrl Pts',(-19.093970544838,-4.94930862637446,-76.9989914970151));
#2618=CARTESIAN_POINT('Ctrl Pts',(-18.7799390366418,5.08028691386426,-77.2059576006689));
#2619=CARTESIAN_POINT('Ctrl Pts',(-14.4731389246536,13.0076911578115,-77.3922270939573));
#2620=CARTESIAN_POINT('Ctrl Pts',(-7.04333518805575,18.1389520120838,-77.5784965872457));
#2621=CARTESIAN_POINT('Ctrl Pts',(1.89783518557618,19.3654726619696,-77.7647660805341));
#2622=CARTESIAN_POINT('Ctrl Pts',(10.4327432358353,16.4255173538106,-77.9510355738225));
#2623=CARTESIAN_POINT('Ctrl Pts',(16.7215955111916,9.95063042921686,-78.1373050671109));
#2624=CARTESIAN_POINT('Ctrl Pts',(19.4126987261135,1.33467972964515,-78.3235745603993));
#2625=CARTESIAN_POINT('Ctrl Pts',(17.926168814255,-7.56857965460561,-78.5098440536877));
#2626=CARTESIAN_POINT('Ctrl Pts',(12.5822848962732,-14.843106273004,-78.6961135469761));
#2627=CARTESIAN_POINT('Ctrl Pts',(4.53078266998291,-18.9236540811802,-78.8823830402645));
#2628=CARTESIAN_POINT('Ctrl Pts',(-4.49564831483229,-18.9319592641428,-79.0686525335529));
#2629=CARTESIAN_POINT('Ctrl Pts',(-12.5547010313608,-14.866547625785,-79.2549220268413));
#2630=CARTESIAN_POINT('Ctrl Pts',(-17.9121061924154,-7.60164144462769,-79.4411915201297));
#2631=CARTESIAN_POINT('Ctrl Pts',(-19.415104634793,1.29824007084298,-79.6274610134181));
#2632=CARTESIAN_POINT('Ctrl Pts',(-16.7401237481683,9.92041004684784,-79.8137305067065));
#2633=CARTESIAN_POINT('Ctrl Pts',(-12.5552106142877,14.2425213344023,-79.9379101688988));
#2634=CARTESIAN_POINT('Ctrl Pts',(-10.0870507730255,15.8165931579677,-79.9999999999949));
#2635=CARTESIAN_POINT('Ctrl Pts',(-20.251390904484,5.27162509328547E-5,
-60.4630758978497));
#2636=CARTESIAN_POINT('Ctrl Pts',(-20.2512804351365,1.62457448356259,-60.4949867585215));
#2637=CARTESIAN_POINT('Ctrl Pts',(-20.0575777624595,3.2490973995831,-60.5268976191933));
#2638=CARTESIAN_POINT('Ctrl Pts',(-19.6706064333482,4.82623776556964,-60.5588084798651));
#2639=CARTESIAN_POINT('Ctrl Pts',(-18.917665774346,7.8949227485943,-60.6208983109613));
#2640=CARTESIAN_POINT('Ctrl Pts',(-17.4330380985851,10.7842242903491,-60.6829881420575));
#2641=CARTESIAN_POINT('Ctrl Pts',(-15.3764101774779,13.1830604502941,-60.7450779731536));
#2642=CARTESIAN_POINT('Ctrl Pts',(-13.3197822563708,15.581896610239,-60.8071678042497));
#2643=CARTESIAN_POINT('Ctrl Pts',(-10.6911540899175,17.4902673883742,-60.8692576353458));
#2644=CARTESIAN_POINT('Ctrl Pts',(-7.77337746837389,18.7029497066707,-60.9313474664419));
#2645=CARTESIAN_POINT('Ctrl Pts',(-4.85560084683022,19.9156320249672,-60.993437297538));
#2646=CARTESIAN_POINT('Ctrl Pts',(-1.64867577019627,20.432625883425,-61.0555271286342));
#2647=CARTESIAN_POINT('Ctrl Pts',(1.50237268412161,20.1982517756974,-61.1176169597304));
#2648=CARTESIAN_POINT('Ctrl Pts',(4.65342113843944,19.9638776679698,-61.1797067908265));
#2649=CARTESIAN_POINT('Ctrl Pts',(7.74859297044116,18.9781355940568,-61.2417966219226));
#2650=CARTESIAN_POINT('Ctrl Pts',(10.4548450235204,17.3471154424264,-61.3038864530187));
#2651=CARTESIAN_POINT('Ctrl Pts',(13.1610970765997,15.7160952907961,-61.3659762841148));
#2652=CARTESIAN_POINT('Ctrl Pts',(15.4784293507565,13.4397970614485,-61.428066115211));
#2653=CARTESIAN_POINT('Ctrl Pts',(17.1575468073831,10.7631146462522,-61.4901559463072));
#2654=CARTESIAN_POINT('Ctrl Pts',(18.8366642640096,8.08643223105592,-61.5522457774033));
#2655=CARTESIAN_POINT('Ctrl Pts',(19.8775669031059,5.00936563001099,-61.6143356084994));
#2656=CARTESIAN_POINT('Ctrl Pts',(20.1681935708463,1.86301160175191,-61.6764254395956));
#2657=CARTESIAN_POINT('Ctrl Pts',(20.4588202385867,-1.28334242650717,-61.7385152706917));
#2658=CARTESIAN_POINT('Ctrl Pts',(19.9991709349713,-4.49898388198037,-61.8006051017878));
#2659=CARTESIAN_POINT('Ctrl Pts',(18.8388324240452,-7.43796775615368,-61.8626949328839));
#2660=CARTESIAN_POINT('Ctrl Pts',(17.6784939131191,-10.376951630327,-61.9247847639801));
#2661=CARTESIAN_POINT('Ctrl Pts',(15.8174661948823,-13.0392779232003,-61.9868745950762));
#2662=CARTESIAN_POINT('Ctrl Pts',(13.455721564095,-15.138425904802,-62.0489644261724));
#2663=CARTESIAN_POINT('Ctrl Pts',(11.0939769333078,-17.2375738864036,-62.1110542572685));
#2664=CARTESIAN_POINT('Ctrl Pts',(8.23151538997008,-18.7735435567335,-62.1731440883646));
#2665=CARTESIAN_POINT('Ctrl Pts',(5.17684643139005,-19.5812145663105,-62.2352339194607));
#2666=CARTESIAN_POINT('Ctrl Pts',(2.12217747281001,-20.3888855758875,-62.2973237505568));
#2667=CARTESIAN_POINT('Ctrl Pts',(-1.12469890101233,-20.4682579247115,-62.359413581653));
#2668=CARTESIAN_POINT('Ctrl Pts',(-4.21549588680416,-19.810511033417,-62.4215034127491));
#2669=CARTESIAN_POINT('Ctrl Pts',(-7.30629287259589,-19.1527641421226,-62.4835932438453));
#2670=CARTESIAN_POINT('Ctrl Pts',(-10.2410104703571,-17.7578980107097,-62.5456830749414));
#2671=CARTESIAN_POINT('Ctrl Pts',(-12.7017703733727,-15.7765553966585,-62.6077729060376));
#2672=CARTESIAN_POINT('Ctrl Pts',(-15.1625302763884,-13.7952127826073,-62.6698627371337));
#2673=CARTESIAN_POINT('Ctrl Pts',(-17.1493324846584,-11.2273936859178,-62.7319525682298));
#2674=CARTESIAN_POINT('Ctrl Pts',(-18.4526590733952,-8.34823298982046,-62.794042399326));
#2675=CARTESIAN_POINT('Ctrl Pts',(-19.6353855035139,-5.73548843196277,-62.8503868987888));
#2676=CARTESIAN_POINT('Ctrl Pts',(-20.255271717894,-2.86635495843498,-62.9067313982517));
#2677=CARTESIAN_POINT('Ctrl Pts',(-20.2559016547556,0.000694862458116021,
-62.9630758977145));
#2678=CARTESIAN_POINT('Ctrl Pts',(-8.01577081950952,-18.5978414422472,-79.9999999999698));
#2679=CARTESIAN_POINT('Ctrl Pts',(-8.39688600076602,-18.4177239504733,-79.9999999999878));
#2680=CARTESIAN_POINT('Ctrl Pts',(-8.77208824686109,-18.2259541252602,-80.000000000009));
#2681=CARTESIAN_POINT('Ctrl Pts',(-9.1408476573639,-18.0228555764573,-80.000000000031));
#2682=CARTESIAN_POINT('Ctrl Pts',(-9.50911542992198,-17.82002780299,-80.000000000053));
#2683=CARTESIAN_POINT('Ctrl Pts',(-9.87095799968214,-17.6059011963485,-80.0000000000757));
#2684=CARTESIAN_POINT('Ctrl Pts',(-10.2258215378526,-17.3807534133367,-80.0000000000969));
#2685=CARTESIAN_POINT('Ctrl Pts',(-10.5786113627448,-17.1569213246609,-80.000000000118));
#2686=CARTESIAN_POINT('Ctrl Pts',(-10.9245039139911,-16.9221961809118,-80.0000000001375));
#2687=CARTESIAN_POINT('Ctrl Pts',(-11.2629226172571,-16.6768112135556,-80.0000000001535));
#2688=CARTESIAN_POINT('Ctrl Pts',(-11.5961953322301,-16.4351575652936,-80.0000000001693));
#2689=CARTESIAN_POINT('Ctrl Pts',(-11.9222201074147,-16.1831654782809,-80.0000000001817));
#2690=CARTESIAN_POINT('Ctrl Pts',(-12.2404091444269,-15.9210240761795,-80.0000000001889));
#2691=CARTESIAN_POINT('Ctrl Pts',(-12.4770055353281,-15.7261031253343,-80.0000000001943));
#2692=CARTESIAN_POINT('Ctrl Pts',(-12.7092688308399,-15.5255699221999,-80.0000000001969));
#2693=CARTESIAN_POINT('Ctrl Pts',(-12.93694202456,-15.3194914674212,-80.000000000196));
#2694=CARTESIAN_POINT('Ctrl Pts',(-12.9839753459906,-15.2769192434139,-80.0000000001958));
#2695=CARTESIAN_POINT('Ctrl Pts',(-13.0308127302744,-15.2341103385801,-80.0000000001955));
#2696=CARTESIAN_POINT('Ctrl Pts',(-13.0774526989726,-15.1910663240826,-80.000000000195));
#2697=CARTESIAN_POINT('Ctrl Pts',(-13.1134829075262,-15.1578140543533,-80.0000000001946));
#2698=CARTESIAN_POINT('Ctrl Pts',(-13.1493978844236,-15.124419002102,-80.0000000001941));
#2699=CARTESIAN_POINT('Ctrl Pts',(-13.1851779149135,-15.0908998660133,-80.0000000001937));
#2700=CARTESIAN_POINT('Ctrl Pts',(-13.4870960210129,-14.8080595791988,-80.0000000001904));
#2701=CARTESIAN_POINT('Ctrl Pts',(-13.7796733396607,-14.5161456792144,-80.0000000001908));
#2702=CARTESIAN_POINT('Ctrl Pts',(-14.0626492993202,-14.215728247413,-80.0000000001933));
#2703=CARTESIAN_POINT('Ctrl Pts',(-14.3480909712985,-13.9126931269454,-80.0000000001959));
#2704=CARTESIAN_POINT('Ctrl Pts',(-14.6237635670582,-13.601005218472,-80.0000000002006));
#2705=CARTESIAN_POINT('Ctrl Pts',(-14.8893642760476,-13.2812095170705,-80.0000000002061));
#2706=CARTESIAN_POINT('Ctrl Pts',(-15.1559587261081,-12.9602173048462,-80.0000000002116));
#2707=CARTESIAN_POINT('Ctrl Pts',(-15.4124060993225,-12.6310560586489,-80.0000000002179));
#2708=CARTESIAN_POINT('Ctrl Pts',(-15.658359807307,-12.2942433354225,-80.0000000002238));
#2709=CARTESIAN_POINT('Ctrl Pts',(-15.9154386203072,-11.9421957253256,-80.00000000023));
#2710=CARTESIAN_POINT('Ctrl Pts',(-16.1610537168757,-11.5817884631279,-80.0000000002357));
#2711=CARTESIAN_POINT('Ctrl Pts',(-16.3947568228319,-11.2135817220842,-80.0000000002401));
#2712=CARTESIAN_POINT('Ctrl Pts',(-16.6153798098366,-10.865983128082,-80.0000000002442));
#2713=CARTESIAN_POINT('Ctrl Pts',(-16.8253867291046,-10.5114330178953,-80.000000000247));
#2714=CARTESIAN_POINT('Ctrl Pts',(-17.0243520728067,-10.150383865208,-80.000000000248));
#2715=CARTESIAN_POINT('Ctrl Pts',(-17.2212013236475,-9.79317464524635,-80.000000000249));
#2716=CARTESIAN_POINT('Ctrl Pts',(-17.4072428089363,-9.42960344941491,-80.0000000002481));
#2717=CARTESIAN_POINT('Ctrl Pts',(-17.5820149590041,-9.06009725915314,-80.0000000002451));
#2718=CARTESIAN_POINT('Ctrl Pts',(-17.6003590432806,-9.02131389068047,-80.0000000002448));
#2719=CARTESIAN_POINT('Ctrl Pts',(-17.618578930811,-8.98246513198108,-80.0000000002444));
#2720=CARTESIAN_POINT('Ctrl Pts',(-17.6366740544555,-8.94355147255757,-80.0000000002441));
#2721=CARTESIAN_POINT('Ctrl Pts',(-17.6524042231516,-8.90972366130063,-80.0000000002438));
#2722=CARTESIAN_POINT('Ctrl Pts',(-17.6680395068253,-8.87584804486901,-80.0000000002434));
#2723=CARTESIAN_POINT('Ctrl Pts',(-17.6835745141057,-8.84193611558928,-80.000000000243));
#2724=CARTESIAN_POINT('Ctrl Pts',(-17.85469916852,-8.46838191804265,-80.0000000002384));
#2725=CARTESIAN_POINT('Ctrl Pts',(-18.0138303388202,-8.09005846660739,-80.0000000002258));
#2726=CARTESIAN_POINT('Ctrl Pts',(-18.1606623235876,-7.70746335575491,-80.0000000002075));
#2727=CARTESIAN_POINT('Ctrl Pts',(-18.3079293393043,-7.32373469954737,-80.0000000001891));
#2728=CARTESIAN_POINT('Ctrl Pts',(-18.4428245924591,-6.9357086349176,-80.0000000001651));
#2729=CARTESIAN_POINT('Ctrl Pts',(-18.5653381250202,-6.54400933345642,-80.0000000001379));
#2730=CARTESIAN_POINT('Ctrl Pts',(-18.6885209557303,-6.15017015722385,-80.0000000001105));
#2731=CARTESIAN_POINT('Ctrl Pts',(-18.79918650464,-5.75261695417083,-80.00000000008));
#2732=CARTESIAN_POINT('Ctrl Pts',(-18.8972740485692,-5.35196843741037,-80.0000000000493));
#2733=CARTESIAN_POINT('Ctrl Pts',(-18.9953743784803,-4.95126769501114,-80.0000000000185));
#2734=CARTESIAN_POINT('Ctrl Pts',(-19.0808934796046,-4.54747027312015,-79.9999999999874));
#2735=CARTESIAN_POINT('Ctrl Pts',(-19.1537190839808,-4.14118774695839,-79.9999999999592));
#2736=CARTESIAN_POINT('Ctrl Pts',(-19.2261687574744,-3.73700247972035,-79.9999999999312));
#2737=CARTESIAN_POINT('Ctrl Pts',(-19.2860556619906,-3.33035715282303,-79.999999999906));
#2738=CARTESIAN_POINT('Ctrl Pts',(-19.3332178020575,-2.9218548714406,-79.9999999998871));
#2739=CARTESIAN_POINT('Ctrl Pts',(-19.373589308395,-2.5721707303404,-79.9999999998709));
#2740=CARTESIAN_POINT('Ctrl Pts',(-19.4046357789183,-2.22112570824794,-79.9999999998593));
#2741=CARTESIAN_POINT('Ctrl Pts',(-19.4262251882525,-1.86910319966186,-79.9999999998546));
#2742=CARTESIAN_POINT('Ctrl Pts',(-19.4314305633549,-1.78422782519861,-79.9999999998535));
#2743=CARTESIAN_POINT('Ctrl Pts',(-19.4360860420124,-1.69929565858314,-79.9999999998528));
#2744=CARTESIAN_POINT('Ctrl Pts',(-19.4401895262395,-1.61431214132444,-79.9999999998525));
#2745=CARTESIAN_POINT('Ctrl Pts',(-19.4427144112737,-1.56202155142508,-79.9999999998523));
#2746=CARTESIAN_POINT('Ctrl Pts',(-19.4450304756184,-1.50970639601742,-79.9999999998523));
#2747=CARTESIAN_POINT('Ctrl Pts',(-19.4471360951262,-1.45739878815423,-79.9999999998524));
#2748=CARTESIAN_POINT('Ctrl Pts',(-19.4636110552544,-1.04812933051471,-79.9999999998529));
#2749=CARTESIAN_POINT('Ctrl Pts',(-19.4672247066865,-0.639006887619646,
-79.9999999998583));
#2750=CARTESIAN_POINT('Ctrl Pts',(-19.4579428144578,-0.230629374231238,
-79.9999999998667));
#2751=CARTESIAN_POINT('Ctrl Pts',(-19.4486673310615,0.177466168308442,-79.9999999998751));
#2752=CARTESIAN_POINT('Ctrl Pts',(-19.426514134971,0.584818359905485,-79.9999999998864));
#2753=CARTESIAN_POINT('Ctrl Pts',(-19.3913972967253,0.990833818790308,-79.999999999899));
#2754=CARTESIAN_POINT('Ctrl Pts',(-19.3826236334545,1.09227355815587,-79.9999999999021));
#2755=CARTESIAN_POINT('Ctrl Pts',(-19.3730405120611,1.19362985060547,-79.9999999999054));
#2756=CARTESIAN_POINT('Ctrl Pts',(-19.3626460838424,1.29489341227266,-79.9999999999086));
#2757=CARTESIAN_POINT('Ctrl Pts',(-19.3209719702951,1.70088680395755,-79.9999999999218));
#2758=CARTESIAN_POINT('Ctrl Pts',(-19.2662607208736,2.10539043004094,-79.9999999999358));
#2759=CARTESIAN_POINT('Ctrl Pts',(-19.1987396046823,2.50782216542346,-79.9999999999493));
#2760=CARTESIAN_POINT('Ctrl Pts',(-19.1311870246167,2.91044142823764,-79.9999999999628));
#2761=CARTESIAN_POINT('Ctrl Pts',(-19.0508124368767,3.31098740014526,-79.9999999999758));
#2762=CARTESIAN_POINT('Ctrl Pts',(-18.9577934635397,3.70886218989506,-79.9999999999873));
#2763=CARTESIAN_POINT('Ctrl Pts',(-18.8652356026681,4.10476463982398,-79.9999999999987));
#2764=CARTESIAN_POINT('Ctrl Pts',(-18.7601581758688,4.49802282917753,-80.0000000000086));
#2765=CARTESIAN_POINT('Ctrl Pts',(-18.642690000446,4.88802520225485,-80.0000000000163));
#2766=CARTESIAN_POINT('Ctrl Pts',(-18.5783979476081,5.10147921298201,-80.0000000000205));
#2767=CARTESIAN_POINT('Ctrl Pts',(-18.5103934164971,5.31395749479998,-80.000000000024));
#2768=CARTESIAN_POINT('Ctrl Pts',(-18.4386919945005,5.5253560773182,-80.0000000000268));
#2769=CARTESIAN_POINT('Ctrl Pts',(-18.4016119341518,5.63467988121404,-80.0000000000283));
#2770=CARTESIAN_POINT('Ctrl Pts',(-18.3635431171665,5.74371488427614,-80.0000000000295));
#2771=CARTESIAN_POINT('Ctrl Pts',(-18.3244873044612,5.85244638708506,-80.0000000000306));
#2772=CARTESIAN_POINT('Ctrl Pts',(-18.3124933913537,5.8858374781006,-80.0000000000309));
#2773=CARTESIAN_POINT('Ctrl Pts',(-18.3004076599588,5.91919637677039,-80.0000000000312));
#2774=CARTESIAN_POINT('Ctrl Pts',(-18.2882330898629,5.95251493796511,-80.0000000000316));
#2775=CARTESIAN_POINT('Ctrl Pts',(-18.1490921227765,6.33330676799009,-80.0000000000359));
#2776=CARTESIAN_POINT('Ctrl Pts',(-17.9982428292899,6.70913386823203,-80.0000000000454));
#2777=CARTESIAN_POINT('Ctrl Pts',(-17.8359410106715,7.07944485758521,-80.0000000000578));
#2778=CARTESIAN_POINT('Ctrl Pts',(-17.6734792694207,7.45012072953015,-80.0000000000702));
#2779=CARTESIAN_POINT('Ctrl Pts',(-17.4995422098113,7.81527013553164,-80.0000000000856));
#2780=CARTESIAN_POINT('Ctrl Pts',(-17.3143369632787,8.17432323474388,-80.0000000001021));
#2781=CARTESIAN_POINT('Ctrl Pts',(-17.1302010484482,8.53130324548322,-80.0000000001185));
#2782=CARTESIAN_POINT('Ctrl Pts',(-16.9349264401394,8.88225762526351,-80.000000000136));
#2783=CARTESIAN_POINT('Ctrl Pts',(-16.728671412932,9.22660226578527,-80.000000000153));
#2784=CARTESIAN_POINT('Ctrl Pts',(-16.6275284027896,9.39546143950029,-80.0000000001613));
#2785=CARTESIAN_POINT('Ctrl Pts',(-16.5237442526596,9.5627307501294,-80.0000000001695));
#2786=CARTESIAN_POINT('Ctrl Pts',(-16.4173338838963,9.72833864864439,-80.0000000001775));
#2787=CARTESIAN_POINT('Ctrl Pts',(-16.1989320172456,10.0682404325412,-80.0000000001938));
#2788=CARTESIAN_POINT('Ctrl Pts',(-15.9694693126116,10.4011458327683,-80.000000000209));
#2789=CARTESIAN_POINT('Ctrl Pts',(-15.7293725688014,10.7266118831757,-80.000000000222));
#2790=CARTESIAN_POINT('Ctrl Pts',(-15.4903765335627,11.0505858547415,-80.0000000002349));
#2791=CARTESIAN_POINT('Ctrl Pts',(-15.24084330344,11.3671888799401,-80.0000000002456));
#2792=CARTESIAN_POINT('Ctrl Pts',(-14.9811612657771,11.6759443055093,-80.0000000002533));
#2793=CARTESIAN_POINT('Ctrl Pts',(-14.8307332911468,11.8547993920702,-80.0000000002578));
#2794=CARTESIAN_POINT('Ctrl Pts',(-14.6768991858547,12.0310203523969,-80.0000000002613));
#2795=CARTESIAN_POINT('Ctrl Pts',(-14.5197302748215,12.2045076793945,-80.0000000002637));
#2796=CARTESIAN_POINT('Ctrl Pts',(-14.2496746146073,12.5026024764072,-80.0000000002678));
#2797=CARTESIAN_POINT('Ctrl Pts',(-13.970408166102,12.7919302124635,-80.0000000002434));
#2798=CARTESIAN_POINT('Ctrl Pts',(-13.6823899051656,13.0720846772,-80.0000000002078));
#2799=CARTESIAN_POINT('Ctrl Pts',(-13.3945848293227,13.3520317774605,-80.0000000001722));
#2800=CARTESIAN_POINT('Ctrl Pts',(-13.0980404635119,13.6228195448998,-80.0000000001253));
#2801=CARTESIAN_POINT('Ctrl Pts',(-12.7931804023846,13.8840037027069,-80.0000000000846));
#2802=CARTESIAN_POINT('Ctrl Pts',(-12.490626642654,14.1432119723451,-80.0000000000442));
#2803=CARTESIAN_POINT('Ctrl Pts',(-12.1798820899581,14.3929616950255,-80.0000000000098));
#2804=CARTESIAN_POINT('Ctrl Pts',(-11.8613334690766,14.6327752743596,-79.9999999999989));
#2805=CARTESIAN_POINT('Ctrl Pts',(-11.7819376372115,14.6925469932611,-79.9999999999962));
#2806=CARTESIAN_POINT('Ctrl Pts',(-11.7020568870629,14.7517012367111,-79.999999999995));
#2807=CARTESIAN_POINT('Ctrl Pts',(-11.6216969881243,14.8102301518527,-79.9999999999954));
#2808=CARTESIAN_POINT('Ctrl Pts',(-11.2995715547245,15.0448453318793,-79.9999999999973));
#2809=CARTESIAN_POINT('Ctrl Pts',(-10.9702793523243,15.2690297828773,-79.9999999999983));
#2810=CARTESIAN_POINT('Ctrl Pts',(-10.6342403217579,15.4823571017981,-79.9999999999984));
#2811=CARTESIAN_POINT('Ctrl Pts',(-10.4537696565533,15.5969251122077,-79.9999999999985));
#2812=CARTESIAN_POINT('Ctrl Pts',(-10.2713525209312,15.7083609273285,-79.9999999999984));
#2813=CARTESIAN_POINT('Ctrl Pts',(-10.087050773029,15.8165931579721,-79.9999999999981));
#2814=CARTESIAN_POINT('Ctrl Pts',(-18.7600610639043,-0.00078989901628483,
-77.1008870961742));
#2815=CARTESIAN_POINT('Ctrl Pts',(-18.7587710395437,1.65098885413336,-77.1359105976737));
#2816=CARTESIAN_POINT('Ctrl Pts',(-18.5407096059613,3.30318172356402,-77.1709340991731));
#2817=CARTESIAN_POINT('Ctrl Pts',(-18.1092437442126,4.89708162348804,-77.2059576006725));
#2818=CARTESIAN_POINT('Ctrl Pts',(-17.3443389993182,7.72275499518261,-77.2680474317686));
#2819=CARTESIAN_POINT('Ctrl Pts',(-15.9087389619884,10.3652230764991,-77.3301372628648));
#2820=CARTESIAN_POINT('Ctrl Pts',(-13.9526383205567,12.5416672595364,-77.3922270939609));
#2821=CARTESIAN_POINT('Ctrl Pts',(-11.9965376791251,14.7181114425738,-77.4543169250571));
#2822=CARTESIAN_POINT('Ctrl Pts',(-9.51993643359156,16.4285317273319,-77.5164067561532));
#2823=CARTESIAN_POINT('Ctrl Pts',(-6.7914407485523,17.4881619780253,-77.5784965872493));
#2824=CARTESIAN_POINT('Ctrl Pts',(-4.06294506351313,18.5477922287186,-77.6405864183454));
#2825=CARTESIAN_POINT('Ctrl Pts',(-1.08255493896816,18.9566324453474,-77.7026762494416));
#2826=CARTESIAN_POINT('Ctrl Pts',(1.83012479834794,18.6710600023017,-77.7647660805377));
#2827=CARTESIAN_POINT('Ctrl Pts',(4.74280453566409,18.3854875592561,-77.8268559116338));
#2828=CARTESIAN_POINT('Ctrl Pts',(7.58777388575142,17.4055024565361,-77.88894574273));
#2829=CARTESIAN_POINT('Ctrl Pts',(10.0584006066882,15.8363620844101,-77.9510355738261));
#2830=CARTESIAN_POINT('Ctrl Pts',(12.5290273276249,14.2672217122841,-78.0131254049222));
#2831=CARTESIAN_POINT('Ctrl Pts',(14.6253114194111,12.1089260707521,-78.0752152360184));
#2832=CARTESIAN_POINT('Ctrl Pts',(16.1219706677913,9.59378646672371,-78.1373050671145));
#2833=CARTESIAN_POINT('Ctrl Pts',(17.6186299161715,7.07864686269528,-78.1993948982106));
#2834=CARTESIAN_POINT('Ctrl Pts',(18.5156643211457,4.20666329617051,-78.2614847293068));
#2835=CARTESIAN_POINT('Ctrl Pts',(18.716426538323,1.28679494886579,-78.3235745604029));
#2836=CARTESIAN_POINT('Ctrl Pts',(18.9171887555003,-1.63307339843889,-78.385664391499));
#2837=CARTESIAN_POINT('Ctrl Pts',(18.4216787848807,-4.60082652652346,-78.4477542225952));
#2838=CARTESIAN_POINT('Ctrl Pts',(17.283276479907,-7.29712419363253,-78.5098440536913));
#2839=CARTESIAN_POINT('Ctrl Pts',(16.1448741749332,-9.99342186074168,-78.5719338847874));
#2840=CARTESIAN_POINT('Ctrl Pts',(14.3635795356053,-12.4182640668754,-78.6340237158836));
#2841=CARTESIAN_POINT('Ctrl Pts',(12.1310151782258,-14.3107764713051,-78.6961135469797));
#2842=CARTESIAN_POINT('Ctrl Pts',(9.89845082084639,-16.2032888757348,-78.7582033780759));
#2843=CARTESIAN_POINT('Ctrl Pts',(7.21461674541539,-17.5634714784607,-78.820293209172));
#2844=CARTESIAN_POINT('Ctrl Pts',(4.36829454356356,-18.244946976984,-78.8823830402681));
#2845=CARTESIAN_POINT('Ctrl Pts',(1.52197234171168,-18.9264224755074,-78.9444728713642));
#2846=CARTESIAN_POINT('Ctrl Pts',(-1.48683798656096,-18.9291908698282,-79.0065627024604));
#2847=CARTESIAN_POINT('Ctrl Pts',(-4.33441860345253,-18.2530064605955,-79.0686525335565));
#2848=CARTESIAN_POINT('Ctrl Pts',(-7.18199922034414,-17.5768220513627,-79.1307423646526));
#2849=CARTESIAN_POINT('Ctrl Pts',(-9.86835012585459,-16.2216848385763,-79.1928321957488));
#2850=CARTESIAN_POINT('Ctrl Pts',(-12.1044264387859,-14.3332985353232,-79.2549220268449));
#2851=CARTESIAN_POINT('Ctrl Pts',(-14.3405027517172,-12.44491223207,-79.3170118579411));
#2852=CARTESIAN_POINT('Ctrl Pts',(-16.1263044720693,-10.0232768383501,-79.3791016890372));
#2853=CARTESIAN_POINT('Ctrl Pts',(-17.2697050726417,-7.32914555557781,-79.4411915201333));
#2854=CARTESIAN_POINT('Ctrl Pts',(-18.2499837775019,-5.01936932905039,-79.4944233788375));
#2855=CARTESIAN_POINT('Ctrl Pts',(-18.7580813884793,-2.50930172224729,-79.5476552375416));
#2856=CARTESIAN_POINT('Ctrl Pts',(-18.7600139475159,0.000172924123633837,
-79.6008870962457));
#2857=CARTESIAN_POINT('Origin',(0.,0.,0.));
#2858=CARTESIAN_POINT('Ctrl Pts',(-18.7596121898799,0.000339011487301109,
-79.1491129037379));
#2859=CARTESIAN_POINT('Ctrl Pts',(-18.7575993440025,-2.35099569176043,-79.0992380409595));
#2860=CARTESIAN_POINT('Ctrl Pts',(-18.3130026329941,-4.70305932974601,-79.049363178181));
#2861=CARTESIAN_POINT('Ctrl Pts',(-17.4496362859063,-6.88976719763761,-78.9994883154025));
#2862=CARTESIAN_POINT('Ctrl Pts',(-16.3748208843415,-9.61202676110138,-78.9373984843059));
#2863=CARTESIAN_POINT('Ctrl Pts',(-14.6509935022428,-12.0780168470402,-78.8753086532092));
#2864=CARTESIAN_POINT('Ctrl Pts',(-12.4633619189264,-14.022353495792,-78.8132188221126));
#2865=CARTESIAN_POINT('Ctrl Pts',(-10.2757303356101,-15.9666901445439,-78.7511289910159));
#2866=CARTESIAN_POINT('Ctrl Pts',(-7.62429455107614,-17.3893733561088,-78.6890391599192));
#2867=CARTESIAN_POINT('Ctrl Pts',(-4.79486383461912,-18.1374471999126,-78.6269493288225));
#2868=CARTESIAN_POINT('Ctrl Pts',(-1.96543311816215,-18.8855210437165,-78.5648594977259));
#2869=CARTESIAN_POINT('Ctrl Pts',(1.04199253021789,-18.9589855197594,-78.5027696666293));
#2870=CARTESIAN_POINT('Ctrl Pts',(3.90489838903848,-18.3497049848918,-78.4406798355326));
#2871=CARTESIAN_POINT('Ctrl Pts',(6.76780424785916,-17.7404244500243,-78.378590004436));
#2872=CARTESIAN_POINT('Ctrl Pts',(9.48619031712041,-16.4483989042463,-78.3165001733393));
#2873=CARTESIAN_POINT('Ctrl Pts',(11.76543941243,-14.6131069352827,-78.2544103422426));
#2874=CARTESIAN_POINT('Ctrl Pts',(14.0446885077395,-12.777814966319,-78.1923205111459));
#2875=CARTESIAN_POINT('Ctrl Pts',(15.8848006290974,-10.3992565741698,-78.1302306800493));
#2876=CARTESIAN_POINT('Ctrl Pts',(17.0920561747428,-7.73240074385955,-78.0681408489526));
#2877=CARTESIAN_POINT('Ctrl Pts',(18.2993117203882,-5.06554491354929,-78.006051017856));
#2878=CARTESIAN_POINT('Ctrl Pts',(18.8737106903212,-2.11039164507801,-77.9439611867593));
#2879=CARTESIAN_POINT('Ctrl Pts',(18.7447318677363,0.812896537224465,-77.8818713556626));
#2880=CARTESIAN_POINT('Ctrl Pts',(18.5727601042898,4.71061411362778,-77.7990849142004));
#2881=CARTESIAN_POINT('Ctrl Pts',(17.1503389319226,8.55168264795322,-77.7162984727383));
#2882=CARTESIAN_POINT('Ctrl Pts',(14.7367413012623,11.6150135603703,-77.6335120312761));
#2883=CARTESIAN_POINT('Ctrl Pts',(12.323143670602,14.6783444727873,-77.5507255898138));
#2884=CARTESIAN_POINT('Ctrl Pts',(8.91836958164856,16.9639377632959,-77.4679391483516));
#2885=CARTESIAN_POINT('Ctrl Pts',(5.16833245928154,18.0384369943581,-77.3851527068894));
#2886=CARTESIAN_POINT('Ctrl Pts',(1.4182953369145,19.1129362254204,-77.3023662654271));
#2887=CARTESIAN_POINT('Ctrl Pts',(-2.67700481886608,18.9763413970363,-77.219579823965));
#2888=CARTESIAN_POINT('Ctrl Pts',(-6.34723544744961,17.6566993694362,-77.1367933825027));
#2889=CARTESIAN_POINT('Ctrl Pts',(-10.0174660760331,16.337057341836,-77.0540069410405));
#2890=CARTESIAN_POINT('Ctrl Pts',(-13.2626271774196,13.8343681150197,-76.9712204995783));
#2891=CARTESIAN_POINT('Ctrl Pts',(-15.4703599063793,10.6179526980583,-76.8884340581161));
#2892=CARTESIAN_POINT('Ctrl Pts',(-17.5977499159086,7.51858748288393,-76.8086603399568));
#2893=CARTESIAN_POINT('Ctrl Pts',(-18.7618448055504,3.75649800242423,-76.7288866217975));
#2894=CARTESIAN_POINT('Ctrl Pts',(-18.7637739725972,-0.00133109563721722,
-76.6491129036381));
#2895=CARTESIAN_POINT('Origin',(0.,0.,-54.479172322164));
#2896=CARTESIAN_POINT('Ctrl Pts',(-20.2514196851487,0.00168685735020903,
-63.2869241022384));
#2897=CARTESIAN_POINT('Ctrl Pts',(-20.2460828553062,-2.9748197797034,-63.2284713820618));
#2898=CARTESIAN_POINT('Ctrl Pts',(-19.590112813779,-5.95435424487139,-63.1700186618852));
#2899=CARTESIAN_POINT('Ctrl Pts',(-18.321499064083,-8.64306712116955,-63.1115659417085));
#2900=CARTESIAN_POINT('Ctrl Pts',(-16.5247645817522,-12.4510844464499,-63.0287795002463));
#2901=CARTESIAN_POINT('Ctrl Pts',(-13.4991289374621,-15.675743151182,-62.9459930587842));
#2902=CARTESIAN_POINT('Ctrl Pts',(-9.81602420357831,-17.719326750392,-62.8632066173219));
#2903=CARTESIAN_POINT('Ctrl Pts',(-7.0536956531655,-19.2520144497994,-62.8011167862253));
#2904=CARTESIAN_POINT('Ctrl Pts',(-3.9215407398563,-20.1203474023507,-62.7390269551286));
#2905=CARTESIAN_POINT('Ctrl Pts',(-0.763269206805149,-20.2386265275786,
-62.6769371240319));
#2906=CARTESIAN_POINT('Ctrl Pts',(2.39500232624601,-20.3569056528065,-62.6148472929353));
#2907=CARTESIAN_POINT('Ctrl Pts',(5.57939047903911,-19.725130950711,-62.5527574618386));
#2908=CARTESIAN_POINT('Ctrl Pts',(8.4505660173495,-18.4072113524987,-62.490667630742));
#2909=CARTESIAN_POINT('Ctrl Pts',(11.3217415556599,-17.0892917542864,-62.4285777996453));
#2910=CARTESIAN_POINT('Ctrl Pts',(13.8797044794876,-15.0852272599572,-62.3664879685486));
#2911=CARTESIAN_POINT('Ctrl Pts',(15.8475906143045,-12.612697024656,-62.304398137452));
#2912=CARTESIAN_POINT('Ctrl Pts',(17.8154767491215,-10.1401667893547,-62.2423083063553));
#2913=CARTESIAN_POINT('Ctrl Pts',(19.1932860949277,-7.19917081308126,-62.1802184752587));
#2914=CARTESIAN_POINT('Ctrl Pts',(19.8335944946327,-4.10511569511986,-62.118128644162));
#2915=CARTESIAN_POINT('Ctrl Pts',(20.4739028943376,-1.01106057715846,-62.0560388130653));
#2916=CARTESIAN_POINT('Ctrl Pts',(20.3767103479414,2.23605368249091,-61.9939489819686));
#2917=CARTESIAN_POINT('Ctrl Pts',(19.5520655372315,5.28634612807066,-61.931859150872));
#2918=CARTESIAN_POINT('Ctrl Pts',(18.7274207265216,8.33663857365041,-61.8697693197753));
#2919=CARTESIAN_POINT('Ctrl Pts',(17.175323651498,11.1901092051606,-61.8076794886787));
#2920=CARTESIAN_POINT('Ctrl Pts',(15.0629739725906,13.5399977821509,-61.745589657582));
#2921=CARTESIAN_POINT('Ctrl Pts',(12.9506242936831,15.8898863591413,-61.6834998264854));
#2922=CARTESIAN_POINT('Ctrl Pts',(10.2780220108918,17.736192881612,-61.6214099953887));
#2923=CARTESIAN_POINT('Ctrl Pts',(7.33262077870641,18.8801388917588,-61.5593201642921));
#2924=CARTESIAN_POINT('Ctrl Pts',(4.38721954652107,20.0240849019055,-61.4972303331954));
#2925=CARTESIAN_POINT('Ctrl Pts',(1.16901936494176,20.4656703997284,-61.4351405020987));
#2926=CARTESIAN_POINT('Ctrl Pts',(-1.97567097621389,20.1574474190832,-61.3730506710021));
#2927=CARTESIAN_POINT('Ctrl Pts',(-5.12036131736953,19.8492244384379,-61.3109608399054));
#2928=CARTESIAN_POINT('Ctrl Pts',(-8.19154181810151,18.7911929793246,-61.2488710088087));
#2929=CARTESIAN_POINT('Ctrl Pts',(-10.8587979314133,17.0971581253912,-61.1867811777121));
#2930=CARTESIAN_POINT('Ctrl Pts',(-13.5260540447251,15.4031232714578,-61.1246913466154));
#2931=CARTESIAN_POINT('Ctrl Pts',(-15.7893857706168,13.0730850227044,-61.0626015155188));
#2932=CARTESIAN_POINT('Ctrl Pts',(-17.4052603163372,10.3577583120827,-61.0005116844221));
#2933=CARTESIAN_POINT('Ctrl Pts',(-19.0211348620577,7.64243160146098,-60.9384218533255));
#2934=CARTESIAN_POINT('Ctrl Pts',(-19.9895522276069,4.54181642897097,-60.8763320222288));
#2935=CARTESIAN_POINT('Ctrl Pts',(-20.2063228579291,1.3895083512532,-60.8142421911321));
#2936=CARTESIAN_POINT('Ctrl Pts',(-20.2381142117709,0.927194146749715,-60.8051361614664));
#2937=CARTESIAN_POINT('Ctrl Pts',(-20.2537385097026,0.463768087368398,-60.7960301318007));
#2938=CARTESIAN_POINT('Ctrl Pts',(-20.2533772804317,0.000317646586871036,
-60.7869241021349));
#2939=CARTESIAN_POINT('Ctrl Pts',(10.0870507658351,15.8165931622006,-60.));
#2940=CARTESIAN_POINT('Ctrl Pts',(12.5552106077788,14.2425213397438,-60.0620898310967));
#2941=CARTESIAN_POINT('Ctrl Pts',(16.7401266151559,9.9204145009792,-60.18626949329));
#2942=CARTESIAN_POINT('Ctrl Pts',(19.4151029266063,1.29823821751285,-60.3725389865799));
#2943=CARTESIAN_POINT('Ctrl Pts',(17.9121076055486,-7.60164053632497,-60.5588084798699));
#2944=CARTESIAN_POINT('Ctrl Pts',(12.554698738745,-14.8665476330931,-60.7450779731599));
#2945=CARTESIAN_POINT('Ctrl Pts',(4.49565236876135,-18.9319598767534,-60.9313474664499));
#2946=CARTESIAN_POINT('Ctrl Pts',(-4.53079061613112,-18.9236519946188,-61.1176169597399));
#2947=CARTESIAN_POINT('Ctrl Pts',(-12.582268892384,-14.8431104546238,-61.3038864530298));
#2948=CARTESIAN_POINT('Ctrl Pts',(-17.9262006239393,-7.56857089853736,-61.4901559463199));
#2949=CARTESIAN_POINT('Ctrl Pts',(-19.412634571224,1.33466212081784,-61.6764254396098));
#2950=CARTESIAN_POINT('Ctrl Pts',(-16.721723952537,9.95066573251779,-61.8626949328998));
#2951=CARTESIAN_POINT('Ctrl Pts',(-10.432485191414,16.4254462219908,-62.0489644261898));
#2952=CARTESIAN_POINT('Ctrl Pts',(-1.89835301582901,19.3656151701729,-62.2352339194797));
#2953=CARTESIAN_POINT('Ctrl Pts',(7.04437449993394,18.138665531952,-62.4215034127698));
#2954=CARTESIAN_POINT('Ctrl Pts',(14.4710531696361,13.0082665462131,-62.6077729060597));
#2955=CARTESIAN_POINT('Ctrl Pts',(18.7841194810707,5.07912407450078,-62.7940423993496));
#2956=CARTESIAN_POINT('Ctrl Pts',(19.0543233294976,-3.94392876774347,-62.9803118926397));
#2957=CARTESIAN_POINT('Ctrl Pts',(15.2257911735715,-12.1163996385557,-63.1665813859296));
#2958=CARTESIAN_POINT('Ctrl Pts',(8.11782081971125,-17.6853781448127,-63.3528508792196));
#2959=CARTESIAN_POINT('Ctrl Pts',(-0.730908457114319,-19.4410724224142,
-63.5391203725096));
#2960=CARTESIAN_POINT('Ctrl Pts',(-10.4016219282092,-16.7601884406665,-63.7460864761652));
#2961=CARTESIAN_POINT('Ctrl Pts',(-18.1087156161557,-8.54636016132629,-63.9737491901862));
#2962=CARTESIAN_POINT('Ctrl Pts',(-19.6867768754353,3.65634017031554,-64.2221085145729));
#2963=CARTESIAN_POINT('Ctrl Pts',(-14.322910953092,13.5612302378848,-64.449771228594));
#2964=CARTESIAN_POINT('Ctrl Pts',(-5.65413587081787,18.615570679915,-64.6567373322494));
#2965=CARTESIAN_POINT('Ctrl Pts',(3.35086372374086,19.1685884115665,-64.8430068255395));
#2966=CARTESIAN_POINT('Ctrl Pts',(11.641435822421,15.5921125143021,-65.0292763188293));
#2967=CARTESIAN_POINT('Ctrl Pts',(17.4238333523949,8.66199378044139,-65.2155458121195));
#2968=CARTESIAN_POINT('Ctrl Pts',(19.4579337612423,-0.131384334594729,-65.4018153054093));
#2969=CARTESIAN_POINT('Ctrl Pts',(17.3052748502977,-8.89981037735097,-65.5880847986994));
#2970=CARTESIAN_POINT('Ctrl Pts',(11.426804460071,-15.7454851267784,-65.7743542919893));
#2971=CARTESIAN_POINT('Ctrl Pts',(2.16769635969165,-19.6045949606059,-65.9813203956449));
#2972=CARTESIAN_POINT('Ctrl Pts',(-8.97460023771233,-17.9043163963897,-66.2089831096659));
#2973=CARTESIAN_POINT('Ctrl Pts',(-16.7594445091941,-10.2347029421496,-66.4297469535653));
#2974=CARTESIAN_POINT('Ctrl Pts',(-19.2638882675904,-1.26899401307899,-66.622915316977));
#2975=CARTESIAN_POINT('Ctrl Pts',(-18.1391828772269,6.62562789211688,-66.7884881999015));
#2976=CARTESIAN_POINT('Ctrl Pts',(-13.9095241809269,13.3924747364048,-66.9540610828259));
#2977=CARTESIAN_POINT('Ctrl Pts',(-7.30995182000224,17.8723985344786,-67.1196339657503));
#2978=CARTESIAN_POINT('Ctrl Pts',(0.53746805942399,19.3013517010399,-67.2852068486747));
#2979=CARTESIAN_POINT('Ctrl Pts',(8.29660852198696,17.4380509516067,-67.4507797315992));
#2980=CARTESIAN_POINT('Ctrl Pts',(13.9270706541926,13.1318971991042,-67.5979556275319));
#2981=CARTESIAN_POINT('Ctrl Pts',(18.1986639495082,6.50626585763353,-67.7635285104565));
#2982=CARTESIAN_POINT('Ctrl Pts',(19.6823819923369,-2.83966630557712,-67.9566968738682));
#2983=CARTESIAN_POINT('Ctrl Pts',(14.707090497045,-13.5872997606616,-68.1958577047591));
#2984=CARTESIAN_POINT('Ctrl Pts',(3.99334972608438,-19.6191046986795,-68.4442170291457));
#2985=CARTESIAN_POINT('Ctrl Pts',(-8.22600034428391,-18.2540971237057,-68.6925763535324));
#2986=CARTESIAN_POINT('Ctrl Pts',(-17.3437515384049,-10.0044162814395,-68.9409356779189));
#2987=CARTESIAN_POINT('Ctrl Pts',(-19.9192902728978,2.0192931294836,-69.1892950023057));
#2988=CARTESIAN_POINT('Ctrl Pts',(-14.9852079034383,13.2784211814193,-69.4376543266923));
#2989=CARTESIAN_POINT('Ctrl Pts',(-4.39457458270268,19.5363839281634,-69.6860136510789));
#2990=CARTESIAN_POINT('Ctrl Pts',(6.48284320894466,18.5373808460594,-69.9067774949782));
#2991=CARTESIAN_POINT('Ctrl Pts',(14.1022011157782,13.1844293842554,-70.0999458583899));
#2992=CARTESIAN_POINT('Ctrl Pts',(18.2319350703799,6.36418945711088,-70.2655187413144));
#2993=CARTESIAN_POINT('Ctrl Pts',(19.2463702514554,-1.55101102694009,-70.4310916242389));
#2994=CARTESIAN_POINT('Ctrl Pts',(16.9787702021968,-9.19800498659322,-70.5966645071633));
#2995=CARTESIAN_POINT('Ctrl Pts',(11.8105020083011,-15.2759011551961,-70.7622373900877));
#2996=CARTESIAN_POINT('Ctrl Pts',(4.62820990802516,-18.7465609181476,-70.9278102730122));
#2997=CARTESIAN_POINT('Ctrl Pts',(-3.3447755928851,-19.0172325115979,-71.0933831559365));
#2998=CARTESIAN_POINT('Ctrl Pts',(-10.7467377645662,-16.0430251478257,-71.2589560388611));
#2999=CARTESIAN_POINT('Ctrl Pts',(-16.313986509743,-10.3290416784605,-71.4245289217853));
#3000=CARTESIAN_POINT('Ctrl Pts',(-19.0979568887915,-2.85365422368511,-71.59010180471));
#3001=CARTESIAN_POINT('Ctrl Pts',(-18.6206380627446,5.1100446112564,-71.7556746876341));
#3002=CARTESIAN_POINT('Ctrl Pts',(-14.9668689858335,12.2006017348562,-71.9212475705588));
#3003=CARTESIAN_POINT('Ctrl Pts',(-8.75653096192225,17.2096965808695,-72.086820453483));
#3004=CARTESIAN_POINT('Ctrl Pts',(-1.05501342499658,19.2800597469137,-72.2523933364076));
#3005=CARTESIAN_POINT('Ctrl Pts',(6.83278261543269,18.0619596235188,-72.4179662193319));
#3006=CARTESIAN_POINT('Ctrl Pts',(12.7966377770064,14.2350902030402,-72.5651421152648));
#3007=CARTESIAN_POINT('Ctrl Pts',(17.6033924094892,7.98214623569491,-72.7307149981892));
#3008=CARTESIAN_POINT('Ctrl Pts',(19.520833708795,0.107746250584636,-72.8962878811137));
#3009=CARTESIAN_POINT('Ctrl Pts',(17.338410349745,-8.49249345097219,-73.0802577510297));
#3010=CARTESIAN_POINT('Ctrl Pts',(12.4329541503172,-14.774146767594,-73.2458306339541));
#3011=CARTESIAN_POINT('Ctrl Pts',(5.3952075553781,-18.542307467194,-73.4114035168785));
#3012=CARTESIAN_POINT('Ctrl Pts',(-1.67233065357837,-19.068455697543,-73.5585794128114));
#3013=CARTESIAN_POINT('Ctrl Pts',(-9.26864010565624,-16.9593834845635,-73.7241522957357));
#3014=CARTESIAN_POINT('Ctrl Pts',(-16.5903131214911,-10.9644569020915,-73.9173206591477));
#3015=CARTESIAN_POINT('Ctrl Pts',(-20.0192580895096,0.371665264931752,-74.1564814900384));
#3016=CARTESIAN_POINT('Ctrl Pts',(-16.0268797971853,12.0000749838492,-74.404840814425));
#3017=CARTESIAN_POINT('Ctrl Pts',(-5.9907260867036,19.1048190849729,-74.6532001388117));
#3018=CARTESIAN_POINT('Ctrl Pts',(6.30282431493088,19.0033750642249,-74.9015594631983));
#3019=CARTESIAN_POINT('Ctrl Pts',(16.2246170327706,11.7360168551524,-75.1499187875851));
#3020=CARTESIAN_POINT('Ctrl Pts',(19.383747908638,1.99057432367927,-75.3568848912404));
#3021=CARTESIAN_POINT('Ctrl Pts',(18.1511807037298,-5.8129323171633,-75.522457774165));
#3022=CARTESIAN_POINT('Ctrl Pts',(14.6184439886427,-12.8875025687592,-75.6880306570893));
#3023=CARTESIAN_POINT('Ctrl Pts',(7.48503090934797,-18.1561833768912,-75.8674012802575));
#3024=CARTESIAN_POINT('Ctrl Pts',(-1.77077619586755,-19.2258926927865,-76.0605696436693));
#3025=CARTESIAN_POINT('Ctrl Pts',(-9.38406755671143,-16.8729243697779,-76.2261425265939));
#3026=CARTESIAN_POINT('Ctrl Pts',(-16.4211547221639,-10.7699714579207,-76.4193108900054));
#3027=CARTESIAN_POINT('Ctrl Pts',(-20.0187013480807,-0.458745933108809,
-76.640074733905));
#3028=CARTESIAN_POINT('Ctrl Pts',(-16.5077882785388,11.3316788880199,-76.8884340582914));
#3029=CARTESIAN_POINT('Ctrl Pts',(-6.7723049745371,18.8397465683472,-77.1367933826781));
#3030=CARTESIAN_POINT('Ctrl Pts',(5.51359549260578,19.2495310534928,-77.3851527070647));
#3031=CARTESIAN_POINT('Ctrl Pts',(15.7279177593008,12.3927511820781,-77.6335120314515));
#3032=CARTESIAN_POINT('Ctrl Pts',(19.6395759832471,1.82981271285412,-77.8611747454724));
#3033=CARTESIAN_POINT('Ctrl Pts',(17.7249127501683,-8.02069818189064,-78.068140849128));
#3034=CARTESIAN_POINT('Ctrl Pts',(12.2045763861841,-15.1563733582229,-78.2544103424179));
#3035=CARTESIAN_POINT('Ctrl Pts',(4.04941817853254,-19.032449995494,-78.4406798357081));
#3036=CARTESIAN_POINT('Ctrl Pts',(-4.9728587664616,-18.8120565673691,-78.6269493289978));
#3037=CARTESIAN_POINT('Ctrl Pts',(-12.9271661199347,-14.5440069327436,-78.813218822288));
#3038=CARTESIAN_POINT('Ctrl Pts',(-18.0986482661472,-7.14603667504692,-78.9994883155779));
#3039=CARTESIAN_POINT('Ctrl Pts',(-19.3760585292188,1.78955044777456,-79.1857578088679));
#3040=CARTESIAN_POINT('Ctrl Pts',(-16.4837176641542,10.3401179340521,-79.3720273021578));
#3041=CARTESIAN_POINT('Ctrl Pts',(-10.0444244633947,16.6655691269702,-79.5582967954479));
#3042=CARTESIAN_POINT('Ctrl Pts',(-1.44362066053746,19.4048615285519,-79.7445662887378));
#3043=CARTESIAN_POINT('Ctrl Pts',(7.46777764708389,17.9683669832237,-79.9308357820278));
#3044=CARTESIAN_POINT('Ctrl Pts',(14.7722640251802,12.6655035441604,-80.1171052753178));
#3045=CARTESIAN_POINT('Ctrl Pts',(18.8978484816311,4.6367900391333,-80.3033747686078));
#3046=CARTESIAN_POINT('Ctrl Pts',(18.9570329434131,-4.38891381792015,-80.4896442618977));
#3047=CARTESIAN_POINT('Ctrl Pts',(14.9365496061043,-12.4718058727012,-80.6759137551878));
#3048=CARTESIAN_POINT('Ctrl Pts',(10.1138242218328,-16.0683940432331,-80.800093417381));
#3049=CARTESIAN_POINT('Ctrl Pts',(7.42554998196558,-17.2271419532212,-80.8621832484777));
#3050=CARTESIAN_POINT('Ctrl Pts',(10.3547953163123,16.2362372493088,-59.7126056682969));
#3051=CARTESIAN_POINT('Ctrl Pts',(12.8884401004869,14.6203842208084,-59.7746954993935));
#3052=CARTESIAN_POINT('Ctrl Pts',(17.1843812101562,10.1835675213597,-59.8988751615868));
#3053=CARTESIAN_POINT('Ctrl Pts',(19.930293623659,1.33258598749764,-60.0851446548768));
#3054=CARTESIAN_POINT('Ctrl Pts',(18.3873695811807,-7.80344512181234,-60.2714141481668));
#3055=CARTESIAN_POINT('Ctrl Pts',(12.8877628292154,-15.2611001468195,-60.4576836414568));
#3056=CARTESIAN_POINT('Ctrl Pts',(4.61484672963355,-19.4343469453339,-60.6439531347468));
#3057=CARTESIAN_POINT('Ctrl Pts',(-4.65111481511816,-19.4257715340286,-60.8302226280367));
#3058=CARTESIAN_POINT('Ctrl Pts',(-12.9162195144594,-15.2369099551624,-61.0164921213267));
#3059=CARTESIAN_POINT('Ctrl Pts',(-18.4019156816246,-7.76931105814866,-61.2027616146167));
#3060=CARTESIAN_POINT('Ctrl Pts',(-19.9277460378447,1.3701789140605,-61.3890311079067));
#3061=CARTESIAN_POINT('Ctrl Pts',(-17.165386590918,10.214795997524,-61.5753006011966));
#3062=CARTESIAN_POINT('Ctrl Pts',(-10.7092277591046,16.8613533761427,-61.7615700944867));
#3063=CARTESIAN_POINT('Ctrl Pts',(-1.94862521882073,19.8794958287828,-61.9478395877765));
#3064=CARTESIAN_POINT('Ctrl Pts',(7.23139309300388,18.6199421773146,-62.1341090810666));
#3065=CARTESIAN_POINT('Ctrl Pts',(14.8551135184712,13.3533682185541,-62.3203785743566));
#3066=CARTESIAN_POINT('Ctrl Pts',(19.2825866160954,5.21380175347513,-62.5066480676465));
#3067=CARTESIAN_POINT('Ctrl Pts',(19.5599133216512,-4.04868114306656,-62.6929175609366));
#3068=CARTESIAN_POINT('Ctrl Pts',(15.629747618923,-12.4379903158153,-62.8791870542265));
#3069=CARTESIAN_POINT('Ctrl Pts',(8.33313669997077,-18.1547057909076,-63.0654565475165));
#3070=CARTESIAN_POINT('Ctrl Pts',(-0.750404665557073,-19.9569416424539,
-63.2517260408065));
#3071=CARTESIAN_POINT('Ctrl Pts',(-10.6777186133155,-17.2048693904802,-63.458692144462));
#3072=CARTESIAN_POINT('Ctrl Pts',(-18.5892788480147,-8.77304521714522,-63.6863548584831));
#3073=CARTESIAN_POINT('Ctrl Pts',(-20.2091506582744,3.75346461908176,-63.9347141828697));
#3074=CARTESIAN_POINT('Ctrl Pts',(-14.7029017422795,13.9211550963277,-64.1623768968909));
#3075=CARTESIAN_POINT('Ctrl Pts',(-5.80407249038554,19.1095683353174,-64.3693430005463));
#3076=CARTESIAN_POINT('Ctrl Pts',(3.43987958671138,19.6772135453505,-64.5556124938363));
#3077=CARTESIAN_POINT('Ctrl Pts',(11.9504251433595,16.0057918523037,-64.7418819871263));
#3078=CARTESIAN_POINT('Ctrl Pts',(17.8862236894258,8.89175077116909,-64.9281514804163));
#3079=CARTESIAN_POINT('Ctrl Pts',(19.9742535273234,-0.134972129608511,-65.1144209737062));
#3080=CARTESIAN_POINT('Ctrl Pts',(17.7644276178675,-9.13605901335088,-65.3006904669963));
#3081=CARTESIAN_POINT('Ctrl Pts',(11.72993504943,-16.1633545531245,-65.4869599602862));
#3082=CARTESIAN_POINT('Ctrl Pts',(2.22511439982813,-20.1248184041075,-65.6939260639417));
#3083=CARTESIAN_POINT('Ctrl Pts',(-9.21283656317279,-18.3793644699585,-65.9215887779629));
#3084=CARTESIAN_POINT('Ctrl Pts',(-17.2042133478498,-10.506195573341,-66.142352621862));
#3085=CARTESIAN_POINT('Ctrl Pts',(-19.7750662985643,-1.3025665703024,-66.335520985274));
#3086=CARTESIAN_POINT('Ctrl Pts',(-18.6204754345905,6.80153495671745,-66.5010938681983));
#3087=CARTESIAN_POINT('Ctrl Pts',(-14.2785465434681,13.7479194753996,-66.6666667511228));
#3088=CARTESIAN_POINT('Ctrl Pts',(-7.50382974743448,18.3466845933418,-66.8322396340472));
#3089=CARTESIAN_POINT('Ctrl Pts',(0.551830556589026,19.8135144105713,-66.9978125169716));
#3090=CARTESIAN_POINT('Ctrl Pts',(8.51685175976912,17.9007301074892,-67.1633853998961));
#3091=CARTESIAN_POINT('Ctrl Pts',(14.2966969547889,13.4802822744926,-67.3105612958288));
#3092=CARTESIAN_POINT('Ctrl Pts',(18.6816033397447,6.67881610381625,-67.4761341787534));
#3093=CARTESIAN_POINT('Ctrl Pts',(20.2046434153727,-2.91512011494378,-67.669302542165));
#3094=CARTESIAN_POINT('Ctrl Pts',(15.097275436985,-13.9479183832713,-67.9084633730561));
#3095=CARTESIAN_POINT('Ctrl Pts',(4.09921179465986,-20.1397226828863,-68.1568226974425));
#3096=CARTESIAN_POINT('Ctrl Pts',(-8.44437423495673,-18.7384306083409,-68.4051820218294));
#3097=CARTESIAN_POINT('Ctrl Pts',(-17.8040238887431,-10.2697951592196,-68.6535413462158));
#3098=CARTESIAN_POINT('Ctrl Pts',(-20.4478423866577,2.07297939606899,-68.9019006706026));
#3099=CARTESIAN_POINT('Ctrl Pts',(-15.3827743594992,13.6308450950868,-69.1502599949891));
#3100=CARTESIAN_POINT('Ctrl Pts',(-4.51108367041309,20.0548089916086,-69.3986193193758));
#3101=CARTESIAN_POINT('Ctrl Pts',(6.65496352807338,19.0292404165081,-69.6193831632751));
#3102=CARTESIAN_POINT('Ctrl Pts',(14.4764748149493,13.5342074991017,-69.8125515266869));
#3103=CARTESIAN_POINT('Ctrl Pts',(18.7157565757535,6.53296950197394,-69.9781244096112));
#3104=CARTESIAN_POINT('Ctrl Pts',(19.7570687302004,-1.59226781778161,-70.1436972925358));
#3105=CARTESIAN_POINT('Ctrl Pts',(17.4292575435939,-9.44216457760304,-70.3092701754601));
#3106=CARTESIAN_POINT('Ctrl Pts',(12.1238165436518,-15.6813120712922,-70.4748430583846));
#3107=CARTESIAN_POINT('Ctrl Pts',(4.75092267868953,-19.2440290768955,-70.640415941309));
#3108=CARTESIAN_POINT('Ctrl Pts',(-3.43362911660344,-19.5218414156932,-70.8059888242333));
#3109=CARTESIAN_POINT('Ctrl Pts',(-11.0319884321877,-16.4686742159194,-70.9715617071579));
#3110=CARTESIAN_POINT('Ctrl Pts',(-16.7469355168586,-10.6030399314728,-71.1371345900822));
#3111=CARTESIAN_POINT('Ctrl Pts',(-19.6047401600093,-2.92927694551062,-71.3027074730067));
#3112=CARTESIAN_POINT('Ctrl Pts',(-19.1147140411888,5.24573785910566,-71.4682803559311));
#3113=CARTESIAN_POINT('Ctrl Pts',(-15.3639544362306,12.5244253823611,-71.6338532388555));
#3114=CARTESIAN_POINT('Ctrl Pts',(-8.98879763385029,17.6664052457627,-71.79942612178));
#3115=CARTESIAN_POINT('Ctrl Pts',(-1.08290787711665,19.791665775497,-71.9649990047044));
#3116=CARTESIAN_POINT('Ctrl Pts',(7.01418617243804,18.5412019646458,-72.1305718876288));
#3117=CARTESIAN_POINT('Ctrl Pts',(13.136273552149,14.61275463752,-72.2777477835616));
#3118=CARTESIAN_POINT('Ctrl Pts',(18.0705438390911,8.19386238934758,-72.4433206664861));
#3119=CARTESIAN_POINT('Ctrl Pts',(20.038823785678,0.110503509004373,-72.6088935494104));
#3120=CARTESIAN_POINT('Ctrl Pts',(17.7984444992444,-8.71793401771289,-72.7928634193266));
#3121=CARTESIAN_POINT('Ctrl Pts',(12.7627882039169,-15.1662467695182,-72.9584363022509));
#3122=CARTESIAN_POINT('Ctrl Pts',(5.53827383848639,-19.0343597170588,-73.1240091851754));
#3123=CARTESIAN_POINT('Ctrl Pts',(-1.71680575868645,-19.5744325425724,-73.2711850811083));
#3124=CARTESIAN_POINT('Ctrl Pts',(-9.51467391381235,-17.4093560269302,-73.4367579640326));
#3125=CARTESIAN_POINT('Ctrl Pts',(-17.0305978287764,-11.2553145935666,-73.6299263274446));
#3126=CARTESIAN_POINT('Ctrl Pts',(-20.5504714639905,0.381631893682126,-73.8690871583352));
#3127=CARTESIAN_POINT('Ctrl Pts',(-16.4520939079328,12.3185831394882,-74.117446482722));
#3128=CARTESIAN_POINT('Ctrl Pts',(-6.14959164821272,19.6118008073669,-74.3658058071086));
#3129=CARTESIAN_POINT('Ctrl Pts',(6.47017022445365,19.5076008303082,-74.6141651314952));
#3130=CARTESIAN_POINT('Ctrl Pts',(16.6552019399589,12.0473499629455,-74.8625244558819));
#3131=CARTESIAN_POINT('Ctrl Pts',(19.8981102041606,2.04329354428906,-75.0694905595373));
#3132=CARTESIAN_POINT('Ctrl Pts',(18.6327958644865,-5.96727439268867,-75.2350634424619));
#3133=CARTESIAN_POINT('Ctrl Pts',(15.0062803244605,-13.2295514603889,-75.4006363253862));
#3134=CARTESIAN_POINT('Ctrl Pts',(7.68355311783785,-18.6380006404565,-75.5800069485544));
#3135=CARTESIAN_POINT('Ctrl Pts',(-1.81786439578918,-19.7360466489475,-75.7731753119662));
#3136=CARTESIAN_POINT('Ctrl Pts',(-9.6331638060097,-17.3206020988112,-75.9387481948906));
#3137=CARTESIAN_POINT('Ctrl Pts',(-16.8569497607781,-11.0556693186945,-76.1319165583024));
#3138=CARTESIAN_POINT('Ctrl Pts',(-20.5499042802727,-0.470814446720891,
-76.3526804022017));
#3139=CARTESIAN_POINT('Ctrl Pts',(-16.9457668852108,11.6324535179033,-76.6010397265884));
#3140=CARTESIAN_POINT('Ctrl Pts',(-6.95191128212888,19.3396986108296,-76.8493990509749));
#3141=CARTESIAN_POINT('Ctrl Pts',(5.66000032964429,19.7602927380318,-77.0977583753617));
#3142=CARTESIAN_POINT('Ctrl Pts',(16.1453260697769,12.7215134667338,-77.3461176997482));
#3143=CARTESIAN_POINT('Ctrl Pts',(20.1607258933082,1.87826475537157,-77.5737804137693));
#3144=CARTESIAN_POINT('Ctrl Pts',(18.1952052845851,-8.23362157562461,-77.7807465174249));
#3145=CARTESIAN_POINT('Ctrl Pts',(12.5283483931963,-15.5586146337658,-77.9670160107148));
#3146=CARTESIAN_POINT('Ctrl Pts',(4.15677109524084,-19.5375012635944,-78.1532855040049));
#3147=CARTESIAN_POINT('Ctrl Pts',(-5.10491275674143,-19.3112125925358,-78.3395549972948));
#3148=CARTESIAN_POINT('Ctrl Pts',(-13.2702671040271,-14.9298678582648,-78.5258244905848));
#3149=CARTESIAN_POINT('Ctrl Pts',(-18.5789370553171,-7.33556389888525,-78.7120939838747));
#3150=CARTESIAN_POINT('Ctrl Pts',(-19.8901970702226,1.83713760970535,-78.8983634771648));
#3151=CARTESIAN_POINT('Ctrl Pts',(-16.921062723358,10.6145811555412,-79.0846329704547));
#3152=CARTESIAN_POINT('Ctrl Pts',(-10.3108685039515,17.1078459700288,-79.2709024637447));
#3153=CARTESIAN_POINT('Ctrl Pts',(-1.48182623813434,19.919781226049,-79.4571719570347));
#3154=CARTESIAN_POINT('Ctrl Pts',(7.66603044541225,18.4451225117278,-79.6434414503246));
#3155=CARTESIAN_POINT('Ctrl Pts',(15.1643152810423,13.0015083556925,-79.8297109436147));
#3156=CARTESIAN_POINT('Ctrl Pts',(19.3993311331526,4.75972969624027,-80.0159804369046));
#3157=CARTESIAN_POINT('Ctrl Pts',(19.460038993344,-4.5054734595323,-80.2022499301945));
#3158=CARTESIAN_POINT('Ctrl Pts',(15.3328291109206,-12.8028258225191,-80.3885194234846));
#3159=CARTESIAN_POINT('Ctrl Pts',(10.3821129141199,-16.4948250785474,-80.5126990856779));
#3160=CARTESIAN_POINT('Ctrl Pts',(7.62249869674068,-17.6843065930433,-80.5747889167746));
#3161=CARTESIAN_POINT('Ctrl Pts',(10.6225365618541,16.6558833811369,-59.4252112439216));
#3162=CARTESIAN_POINT('Ctrl Pts',(13.2216666069471,14.9982496616832,-59.4873010750183));
#3163=CARTESIAN_POINT('Ctrl Pts',(17.6286337030633,10.4467239816165,-59.6114807372115));
#3164=CARTESIAN_POINT('Ctrl Pts',(20.445483996689,1.36693777535609,-59.7977502305017));
#3165=CARTESIAN_POINT('Ctrl Pts',(18.8626330807835,-8.00524597531088,-59.9840197237915));
#3166=CARTESIAN_POINT('Ctrl Pts',(13.2208299636164,-15.655650017862,-60.1702892170816));
#3167=CARTESIAN_POINT('Ctrl Pts',(4.73404499942713,-19.9367330290379,-60.3565587103715));
#3168=CARTESIAN_POINT('Ctrl Pts',(-4.77143508136697,-19.927891958387,-60.5428282036615));
#3169=CARTESIAN_POINT('Ctrl Pts',(-13.2501670262443,-15.6307120200026,-60.7290976969515));
#3170=CARTESIAN_POINT('Ctrl Pts',(-18.8776291207679,-7.97005490963049,-60.9153671902414));
#3171=CARTESIAN_POINT('Ctrl Pts',(-20.4428577259602,1.40569168231956,-61.1016366835315));
#3172=CARTESIAN_POINT('Ctrl Pts',(-17.6090512431664,10.4789227705518,-61.2879061768214));
#3173=CARTESIAN_POINT('Ctrl Pts',(-10.9859736996812,17.297258322759,-61.4741756701115));
#3174=CARTESIAN_POINT('Ctrl Pts',(-1.99890142790282,20.3933760393223,-61.6604451634013));
#3175=CARTESIAN_POINT('Ctrl Pts',(7.41840790881567,19.1012202305124,-61.8467146566914));
#3176=CARTESIAN_POINT('Ctrl Pts',(15.2391711317471,13.698472851646,-62.0329841499813));
#3177=CARTESIAN_POINT('Ctrl Pts',(19.7810526458212,5.34848330908178,-62.2192536432713));
#3178=CARTESIAN_POINT('Ctrl Pts',(20.0655040768063,-4.15342956024276,-62.4055231365613));
#3179=CARTESIAN_POINT('Ctrl Pts',(16.0337065309997,-12.759577804828,-62.5917926298512));
#3180=CARTESIAN_POINT('Ctrl Pts',(8.54845622064983,-18.6240317053858,-62.7780621231413));
#3181=CARTESIAN_POINT('Ctrl Pts',(-0.769896844818309,-20.4728109588088,
-62.9643316164312));
#3182=CARTESIAN_POINT('Ctrl Pts',(-10.9538117972169,-17.6495524475119,-63.1712977200868));
#3183=CARTESIAN_POINT('Ctrl Pts',(-19.069840258309,-8.99973399983791,-63.3989604341079));
#3184=CARTESIAN_POINT('Ctrl Pts',(-20.7315251426625,3.85058497944393,-63.6473197584945));
#3185=CARTESIAN_POINT('Ctrl Pts',(-15.0828953000805,14.2810769495375,-63.8749824725156));
#3186=CARTESIAN_POINT('Ctrl Pts',(-5.95401295003155,19.6035647667638,-64.0819485761711));
#3187=CARTESIAN_POINT('Ctrl Pts',(3.52889146953537,20.1858393189764,-64.2682180694611));
#3188=CARTESIAN_POINT('Ctrl Pts',(12.2594112015285,16.4194735575969,-64.4544875627511));
#3189=CARTESIAN_POINT('Ctrl Pts',(18.3486121828343,9.12151134661071,-64.640757056041));
#3190=CARTESIAN_POINT('Ctrl Pts',(20.49057326553,-0.138555893666011,-64.8270265493311));
#3191=CARTESIAN_POINT('Ctrl Pts',(18.2235821799555,-9.37230403946245,-65.0132960426209));
#3192=CARTESIAN_POINT('Ctrl Pts',(12.0330688680459,-16.5812215679078,-65.199565535911));
#3193=CARTESIAN_POINT('Ctrl Pts',(2.28253649471561,-20.6450413430078,-65.4065316395665));
#3194=CARTESIAN_POINT('Ctrl Pts',(-9.45106915430493,-18.8544143518558,-65.6341943535876));
#3195=CARTESIAN_POINT('Ctrl Pts',(-17.6489800192477,-10.7776916472261,-65.8549581974869));
#3196=CARTESIAN_POINT('Ctrl Pts',(-20.2862440121087,-1.33614311435066,-66.0481265608986));
#3197=CARTESIAN_POINT('Ctrl Pts',(-19.1017693128919,6.97743824513332,-66.2136994438231));
#3198=CARTESIAN_POINT('Ctrl Pts',(-14.6475716408514,14.1033612952068,-66.3792723267475));
#3199=CARTESIAN_POINT('Ctrl Pts',(-7.69771135631754,18.8209690873729,-66.5448452096719));
#3200=CARTESIAN_POINT('Ctrl Pts',(0.566189054128137,20.3256771768002,-66.7104180925964));
#3201=CARTESIAN_POINT('Ctrl Pts',(8.73709136179766,18.3634109326391,-66.8759909755208));
#3202=CARTESIAN_POINT('Ctrl Pts',(14.6663204959267,13.8286701976391,-67.0231668714537));
#3203=CARTESIAN_POINT('Ctrl Pts',(19.1645413305305,6.85137010129126,-67.188739754378));
#3204=CARTESIAN_POINT('Ctrl Pts',(20.7269053708279,-2.99056983921435,-67.3819081177899));
#3205=CARTESIAN_POINT('Ctrl Pts',(15.4874631498402,-14.3085339209088,-67.6210689486807));
#3206=CARTESIAN_POINT('Ctrl Pts',(4.20507791588283,-20.6603397843469,-67.8694282730673));
#3207=CARTESIAN_POINT('Ctrl Pts',(-8.66274432110552,-19.2227657452486,-68.117787597454));
#3208=CARTESIAN_POINT('Ctrl Pts',(-18.2642941176189,-10.5351776013159,-68.3661469218406));
#3209=CARTESIAN_POINT('Ctrl Pts',(-20.9763948622988,2.12666153077033,-68.6145062462273));
#3210=CARTESIAN_POINT('Ctrl Pts',(-15.780343523658,13.983265867083,-68.8628655706138));
#3211=CARTESIAN_POINT('Ctrl Pts',(-4.62759679254128,20.573233089379,-69.1112248950006));
#3212=CARTESIAN_POINT('Ctrl Pts',(6.82707998899295,19.5211012774409,-69.3319887388998));
#3213=CARTESIAN_POINT('Ctrl Pts',(14.850745743093,13.8839884977909,-69.5251571023117));
#3214=CARTESIAN_POINT('Ctrl Pts',(19.1995767112208,6.70175330541453,-69.690729985236));
#3215=CARTESIAN_POINT('Ctrl Pts',(20.2677674757977,-1.63352061739692,-69.8563028681605));
#3216=CARTESIAN_POINT('Ctrl Pts',(17.8797467421695,-9.686320625613,-70.0218757510848));
#3217=CARTESIAN_POINT('Ctrl Pts',(12.4371342098883,-16.0867204975674,-70.1874486340094));
#3218=CARTESIAN_POINT('Ctrl Pts',(4.87363931942771,-19.7414962238398,-70.3530215169337));
#3219=CARTESIAN_POINT('Ctrl Pts',(-3.52247869153511,-20.0264509589347,-70.5185943998582));
#3220=CARTESIAN_POINT('Ctrl Pts',(-11.3172357461136,-16.8943254644929,-70.6841672827825));
#3221=CARTESIAN_POINT('Ctrl Pts',(-17.1798823383097,-10.877041534753,-70.849740165707));
#3222=CARTESIAN_POINT('Ctrl Pts',(-20.1115227858342,-3.00490361513661,-71.0153130486314));
#3223=CARTESIAN_POINT('Ctrl Pts',(-19.6087910255209,5.38142723526515,-71.1808859315559));
#3224=CARTESIAN_POINT('Ctrl Pts',(-15.7610423714596,12.8482458950645,-71.3464588144803));
#3225=CARTESIAN_POINT('Ctrl Pts',(-9.22106784592169,18.1231120480326,-71.5120316974048));
#3226=CARTESIAN_POINT('Ctrl Pts',(-1.11080631991055,20.3032715309774,-71.6776045803291));
#3227=CARTESIAN_POINT('Ctrl Pts',(7.19558596857156,19.0204456700434,-71.8431774632537));
#3228=CARTESIAN_POINT('Ctrl Pts',(13.475906342529,14.9904216824821,-71.9903533591863));
#3229=CARTESIAN_POINT('Ctrl Pts',(18.5376935651829,8.40558216680038,-72.1559262421109));
#3230=CARTESIAN_POINT('Ctrl Pts',(20.5568137849832,0.113264810674886,-72.3214991250352));
#3231=CARTESIAN_POINT('Ctrl Pts',(18.2584803588366,-8.94337096881004,-72.5054689949513));
#3232=CARTESIAN_POINT('Ctrl Pts',(13.0926252826404,-15.5583441542689,-72.6710418778757));
#3233=CARTESIAN_POINT('Ctrl Pts',(5.68134394734231,-19.526410796815,-72.8366147608001));
#3234=CARTESIAN_POINT('Ctrl Pts',(-1.76127690925117,-20.0804096801631,-72.983790656733));
#3235=CARTESIAN_POINT('Ctrl Pts',(-9.76070418256876,-17.8593304410714,-73.1493635396574));
#3236=CARTESIAN_POINT('Ctrl Pts',(-17.4708802178318,-11.5461756905101,-73.3425319030692));
#3237=CARTESIAN_POINT('Ctrl Pts',(-21.0816848587941,0.391594374478799,-73.58169273396));
#3238=CARTESIAN_POINT('Ctrl Pts',(-16.8773104590159,12.6370879412994,-73.8300520583467));
#3239=CARTESIAN_POINT('Ctrl Pts',(-6.30846115022948,20.118781234707,-74.0784113827333));
#3240=CARTESIAN_POINT('Ctrl Pts',(6.63751217974782,20.0118278481817,-74.32677070712));
#3241=CARTESIAN_POINT('Ctrl Pts',(17.0857843700636,12.358686398317,-74.5751300315066));
#3242=CARTESIAN_POINT('Ctrl Pts',(20.4124720326491,2.09601677450558,-74.7820961351621));
#3243=CARTESIAN_POINT('Ctrl Pts',(19.114412177961,-6.12161269187337,-74.9476690180866));
#3244=CARTESIAN_POINT('Ctrl Pts',(15.3941192882721,-13.5715972872412,-75.113241901011));
#3245=CARTESIAN_POINT('Ctrl Pts',(7.88207906616321,-19.1198163023,-75.2926125241791));
#3246=CARTESIAN_POINT('Ctrl Pts',(-1.8649486081834,-20.2462009175146,-75.485780887591));
#3247=CARTESIAN_POINT('Ctrl Pts',(-9.88225653363018,-17.7682817239202,-75.6513537705154));
#3248=CARTESIAN_POINT('Ctrl Pts',(-17.2927425217899,-11.3413705503644,-75.8445221339272));
#3249=CARTESIAN_POINT('Ctrl Pts',(-21.0811070608507,-0.482887105849986,
-76.0652859778265));
#3250=CARTESIAN_POINT('Ctrl Pts',(-17.3837477923542,11.9332246962295,-76.3136453022131));
#3251=CARTESIAN_POINT('Ctrl Pts',(-7.13152147317025,19.8396491972189,-76.5620046265997));
#3252=CARTESIAN_POINT('Ctrl Pts',(5.8064011637163,20.2710555100053,-76.8103639509864));
#3253=CARTESIAN_POINT('Ctrl Pts',(16.5627317685733,13.050278974326,-77.058723275373));
#3254=CARTESIAN_POINT('Ctrl Pts',(20.6818753688141,1.92672086088358,-77.2863859893941));
#3255=CARTESIAN_POINT('Ctrl Pts',(18.6654994302183,-8.44654127502134,-77.4933520930496));
#3256=CARTESIAN_POINT('Ctrl Pts',(12.8521235052104,-15.9608533382992,-77.6796215863396));
#3257=CARTESIAN_POINT('Ctrl Pts',(4.26412794292795,-20.0425516389835,-77.8658910796296));
#3258=CARTESIAN_POINT('Ctrl Pts',(-5.23696283613643,-19.8103695945314,-78.0521605729195));
#3259=CARTESIAN_POINT('Ctrl Pts',(-13.6133650388156,-15.3157314203813,-78.2384300662096));
#3260=CARTESIAN_POINT('Ctrl Pts',(-19.0592243129788,-7.52509485151086,-78.4246995594994));
#3261=CARTESIAN_POINT('Ctrl Pts',(-20.4043359270543,1.88472075294132,-78.6109690527896));
#3262=CARTESIAN_POINT('Ctrl Pts',(-17.3584098777735,10.8890409332483,-78.7972385460794));
#3263=CARTESIAN_POINT('Ctrl Pts',(-10.5773159682367,17.5501206852613,-78.9835080393695));
#3264=CARTESIAN_POINT('Ctrl Pts',(-1.52003583123233,20.434700569549,-79.1697775326594));
#3265=CARTESIAN_POINT('Ctrl Pts',(7.86427950054685,18.921879536276,-79.3560470259494));
#3266=CARTESIAN_POINT('Ctrl Pts',(15.5563638715192,13.3375161912971,-79.5423165192394));
#3267=CARTESIAN_POINT('Ctrl Pts',(19.9008127706281,4.88267325487682,-79.7285860125293));
#3268=CARTESIAN_POINT('Ctrl Pts',(19.9630458988327,-4.62202916206582,-79.9148555058194));
#3269=CARTESIAN_POINT('Ctrl Pts',(15.7291111566784,-13.133842642624,-80.1011249991093));
#3270=CARTESIAN_POINT('Ctrl Pts',(10.6504049066093,-16.9212539739849,-80.2253046613027));
#3271=CARTESIAN_POINT('Ctrl Pts',(7.81945095905079,-18.1414696458958,-80.2873944923993));
#3272=CARTESIAN_POINT('Ctrl Pts',(10.890275186231,17.0755311383934,-59.1378167515212));
#3273=CARTESIAN_POINT('Ctrl Pts',(13.5548907455641,15.3761171364826,-59.1999065826178));
#3274=CARTESIAN_POINT('Ctrl Pts',(18.0728845305539,10.7098831735423,-59.3240862448112));
#3275=CARTESIAN_POINT('Ctrl Pts',(20.9606741158611,1.40129275211027,-59.5103557381011));
#3276=CARTESIAN_POINT('Ctrl Pts',(19.3378977928928,-8.20704386830134,-59.6966252313911));
#3277=CARTESIAN_POINT('Ctrl Pts',(13.5538995158865,-16.0501977941346,-59.8828947246811));
#3278=CARTESIAN_POINT('Ctrl Pts',(4.85324637219989,-20.4391183343365,-60.069164217971));
#3279=CARTESIAN_POINT('Ctrl Pts',(-4.89175222726987,-20.4300130882783,-60.255433711261));
#3280=CARTESIAN_POINT('Ctrl Pts',(-13.5841120717656,-16.0245161224566,-60.441703204551));
#3281=CARTESIAN_POINT('Ctrl Pts',(-19.3533412784435,-8.17080169235638,-60.627972697841));
#3282=CARTESIAN_POINT('Ctrl Pts',(-20.9579695931582,1.44120125648114,-60.8142421911309));
#3283=CARTESIAN_POINT('Ctrl Pts',(-18.0527174965103,10.7430467739521,-61.000511684421));
#3284=CARTESIAN_POINT('Ctrl Pts',(-11.2627223188346,17.733161520213,-61.1867811777109));
#3285=CARTESIAN_POINT('Ctrl Pts',(-2.04918081663776,20.9072558975534,-61.3730506710009));
#3286=CARTESIAN_POINT('Ctrl Pts',(7.60541972810115,19.5824994040846,-61.5593201642909));
#3287=CARTESIAN_POINT('Ctrl Pts',(15.6232265764761,14.0435798366721,-61.7455896575809));
#3288=CARTESIAN_POINT('Ctrl Pts',(20.2795178015471,5.48316794214084,-61.9318591508708));
#3289=CARTESIAN_POINT('Ctrl Pts',(20.571095440736,-4.25817483680827,-62.1181286441609));
#3290=CARTESIAN_POINT('Ctrl Pts',(16.4376674033169,-13.0811627656294,-62.3043981374508));
#3291=CARTESIAN_POINT('Ctrl Pts',(8.76377863183309,-19.0933562486174,-62.4906676307408));
#3292=CARTESIAN_POINT('Ctrl Pts',(-0.789385826547181,-20.9886803549041,
-62.6769371240308));
#3293=CARTESIAN_POINT('Ctrl Pts',(-11.2299022042456,-18.0942371797329,-62.8839032276863));
#3294=CARTESIAN_POINT('Ctrl Pts',(-19.5504002260444,-9.22642574171882,-63.1115659417073));
#3295=CARTESIAN_POINT('Ctrl Pts',(-21.2539001871585,3.94770209576872,-63.3599252660941));
#3296=CARTESIAN_POINT('Ctrl Pts',(-15.4628910575562,14.6409964200288,-63.5875879801152));
#3297=CARTESIAN_POINT('Ctrl Pts',(-6.10395645821709,20.0975602300117,-63.7945540837706));
#3298=CARTESIAN_POINT('Ctrl Pts',(3.61790019418801,20.6944656036544,-63.9808235770606));
#3299=CARTESIAN_POINT('Ctrl Pts',(12.5683946722633,16.8331571442794,-64.1670930703506));
#3300=CARTESIAN_POINT('Ctrl Pts',(18.8109992160601,9.35127476844018,-64.3533625636406));
#3301=CARTESIAN_POINT('Ctrl Pts',(21.0068929849217,-0.142136458681597,-64.5396320569306));
#3302=CARTESIAN_POINT('Ctrl Pts',(18.6827381691566,-9.60854620219147,-64.7259015502204));
#3303=CARTESIAN_POINT('Ctrl Pts',(12.3362052514213,-16.999086671493,-64.9121710435106));
#3304=CARTESIAN_POINT('Ctrl Pts',(2.33996180791679,-21.1652638847735,-65.119137147166));
#3305=CARTESIAN_POINT('Ctrl Pts',(-9.68929878330297,-19.3294656719288,-65.3467998611871));
#3306=CARTESIAN_POINT('Ctrl Pts',(-18.0937449735157,-11.0491904550578,-65.5675637050864));
#3307=CARTESIAN_POINT('Ctrl Pts',(-20.7974214770066,-1.36972282265618,-65.7607320684982));
#3308=CARTESIAN_POINT('Ctrl Pts',(-19.5830642425978,7.15333853780329,-65.9263049514226));
#3309=CARTESIAN_POINT('Ctrl Pts',(-15.0165989110377,14.4588008005522,-66.0918778343471));
#3310=CARTESIAN_POINT('Ctrl Pts',(-7.8915958881311,19.2952523425523,-66.2574507172714));
#3311=CARTESIAN_POINT('Ctrl Pts',(0.580544377560716,20.8378399913065,-66.4230236001959));
#3312=CARTESIAN_POINT('Ctrl Pts',(8.95732807981106,18.8260930855258,-66.5885964831204));
#3313=CARTESIAN_POINT('Ctrl Pts',(15.0359418494649,14.1770603830683,-66.7357723790531));
#3314=CARTESIAN_POINT('Ctrl Pts',(19.6474782137636,7.02392707698742,-66.9013452619776));
#3315=CARTESIAN_POINT('Ctrl Pts',(21.249167752166,-3.06601632193739,-67.0945136253894));
#3316=CARTESIAN_POINT('Ctrl Pts',(15.8776530658489,-14.669147012546,-67.3336744562803));
#3317=CARTESIAN_POINT('Ctrl Pts',(4.31094725406275,-21.180956188573,-67.5820337806668));
#3318=CARTESIAN_POINT('Ctrl Pts',(-8.88111138928956,-19.7071021965419,-67.8303931050536));
#3319=CARTESIAN_POINT('Ctrl Pts',(-18.7245626657983,-10.8005628738398,-68.0787524294401));
#3320=CARTESIAN_POINT('Ctrl Pts',(-21.5049476285227,2.18034038665128,-68.3271117538268));
#3321=CARTESIAN_POINT('Ctrl Pts',(-16.177914839575,14.3356841480303,-68.5754710782134));
#3322=CARTESIAN_POINT('Ctrl Pts',(-4.74411311722875,21.0916564240846,-68.8238304026001));
#3323=CARTESIAN_POINT('Ctrl Pts',(6.99919338904821,20.0129631656869,-69.0445942464994));
#3324=CARTESIAN_POINT('Ctrl Pts',(15.2250144744781,14.2337717874079,-69.2377626099111));
#3325=CARTESIAN_POINT('Ctrl Pts',(19.6833957625965,6.8705400928334,-69.4033354928356));
#3326=CARTESIAN_POINT('Ctrl Pts',(20.7784664364489,-1.67477024973943,-69.56890837576));
#3327=CARTESIAN_POINT('Ctrl Pts',(18.3302374175301,-9.9304738633793,-69.7344812586844));
#3328=CARTESIAN_POINT('Ctrl Pts',(12.7504543628794,-16.4921269504528,-69.9000541416089));
#3329=CARTESIAN_POINT('Ctrl Pts',(4.99635903233451,-20.2389625709775,-70.0656270245332));
#3330=CARTESIAN_POINT('Ctrl Pts',(-3.61132513318209,-20.5310610126558,-70.2311999074577));
#3331=CARTESIAN_POINT('Ctrl Pts',(-11.6024804002899,-17.319978446266,-70.3967727903821));
#3332=CARTESIAN_POINT('Ctrl Pts',(-17.612827427942,-11.1510457986491,-70.5623456733066));
#3333=CARTESIAN_POINT('Ctrl Pts',(-20.6183049026974,-3.080533418312,-70.727918556231));
#3334=CARTESIAN_POINT('Ctrl Pts',(-20.1028688113182,5.51711353962358,-70.8934914391553));
#3335=CARTESIAN_POINT('Ctrl Pts',(-16.1581322812523,13.1720639219887,-71.0590643220799));
#3336=CARTESIAN_POINT('Ctrl Pts',(-9.45334086902692,18.579817375003,-71.2246372050042));
#3337=CARTESIAN_POINT('Ctrl Pts',(-1.13870792997573,20.8148770729944,-71.3902100879287));
#3338=CARTESIAN_POINT('Ctrl Pts',(7.37698278114336,19.4996904612306,-71.5557829708531));
#3339=CARTESIAN_POINT('Ctrl Pts',(13.8155367663112,15.3680908016071,-71.702958866786));
#3340=CARTESIAN_POINT('Ctrl Pts',(19.0048419423108,8.6173048215441,-71.8685317497104));
#3341=CARTESIAN_POINT('Ctrl Pts',(21.0748037260388,0.116029321182837,-72.0341046326348));
#3342=CARTESIAN_POINT('Ctrl Pts',(18.7185175785474,-9.16880505188615,-72.2180745025508));
#3343=CARTESIAN_POINT('Ctrl Pts',(13.4224647642866,-15.9504394644808,-72.3836473854753));
#3344=CARTESIAN_POINT('Ctrl Pts',(5.82441709332505,-20.018460951095,-72.5492202683996));
#3345=CARTESIAN_POINT('Ctrl Pts',(-1.80574492168306,-20.5863870531837,-72.6963961643326));
#3346=CARTESIAN_POINT('Ctrl Pts',(-10.006731643942,-18.3093063435746,-72.8619690472568));
#3347=CARTESIAN_POINT('Ctrl Pts',(-17.9111607699018,-11.8370394919765,-73.0551374106689));
#3348=CARTESIAN_POINT('Ctrl Pts',(-21.6128982731292,0.401553563420711,-73.2942982415595));
#3349=CARTESIAN_POINT('Ctrl Pts',(-17.3025289495312,12.9555900834719,-73.5426575659463));
#3350=CARTESIAN_POINT('Ctrl Pts',(-6.46733378054758,20.625760637507,-73.7910168903328));
#3351=CARTESIAN_POINT('Ctrl Pts',(6.80485099794353,20.516055862736,-74.0393762147196));
#3352=CARTESIAN_POINT('Ctrl Pts',(17.516364837048,12.670025476529,-74.2877355391061));
#3353=CARTESIAN_POINT('Ctrl Pts',(20.9268334937897,2.14874318718204,-74.4947016427617));
#3354=CARTESIAN_POINT('Ctrl Pts',(19.5960294093449,-6.27594799505155,-74.6602745256861));
#3355=CARTESIAN_POINT('Ctrl Pts',(15.7819603402003,-13.9136406839955,-74.8258474086105));
#3356=CARTESIAN_POINT('Ctrl Pts',(8.08060798378803,-19.6016306960705,-75.0052180317786));
#3357=CARTESIAN_POINT('Ctrl Pts',(-1.91202965628078,-20.7563554372839,-75.1983863951906));
#3358=CARTESIAN_POINT('Ctrl Pts',(-10.1313464679573,-18.2159628566683,-75.3639592781148));
#3359=CARTESIAN_POINT('Ctrl Pts',(-17.7285334780251,-11.6270744590835,-75.5571276415268));
#3360=CARTESIAN_POINT('Ctrl Pts',(-21.61230972451,-0.494963055042236,-75.7778914854259));
#3361=CARTESIAN_POINT('Ctrl Pts',(-17.8217305280096,12.2339931372425,-76.0262508098126));
#3362=CARTESIAN_POINT('Ctrl Pts',(-7.31113474736558,20.339598631223,-76.2746101341992));
#3363=CARTESIAN_POINT('Ctrl Pts',(5.95279882187672,20.7818191482577,-76.5229694585859));
#3364=CARTESIAN_POINT('Ctrl Pts',(16.9801353973479,13.3790470418284,-76.7713287829725));
#3365=CARTESIAN_POINT('Ctrl Pts',(21.2030245027877,1.97518019119567,-76.9989914969936));
#3366=CARTESIAN_POINT('Ctrl Pts',(19.1357948575626,-8.65945804386487,-77.2059576006492));
#3367=CARTESIAN_POINT('Ctrl Pts',(13.1759010835037,-16.3630900049932,-77.3922270939391));
#3368=CARTESIAN_POINT('Ctrl Pts',(4.37148791102281,-20.5476013091293,-77.5784965872292));
#3369=CARTESIAN_POINT('Ctrl Pts',(-5.36900981260354,-20.3095273749589,-77.764766080519));
#3370=CARTESIAN_POINT('Ctrl Pts',(-13.9564605557996,-15.7015970774351,-77.9510355738092));
#3371=CARTESIAN_POINT('Ctrl Pts',(-19.5395103582743,-7.71462876460664,-78.1373050670989));
#3372=CARTESIAN_POINT('Ctrl Pts',(-20.9184750378273,1.93230070714803,-78.3235745603891));
#3373=CARTESIAN_POINT('Ctrl Pts',(-17.7957586978007,11.1634979796439,-78.5098440536789));
#3374=CARTESIAN_POINT('Ctrl Pts',(-10.8437661513826,17.9923937146318,-78.696113546969));
#3375=CARTESIAN_POINT('Ctrl Pts',(-1.55824861137423,20.9496196354056,-78.8823830402589));
#3376=CARTESIAN_POINT('Ctrl Pts',(8.0625255862609,19.3986377511754,-79.068652533549));
#3377=CARTESIAN_POINT('Ctrl Pts',(15.9484103491932,13.6735264290293,-79.2549220268389));
#3378=CARTESIAN_POINT('Ctrl Pts',(20.4022936065417,5.00561991065318,-79.4411915201289));
#3379=CARTESIAN_POINT('Ctrl Pts',(20.4660534865382,-4.73858173920435,-79.6274610134189));
#3380=CARTESIAN_POINT('Ctrl Pts',(16.1253952215186,-13.464856981017,-79.8137305067089));
#3381=CARTESIAN_POINT('Ctrl Pts',(10.9186995199524,-17.3476811739208,-79.9379101689022));
#3382=CARTESIAN_POINT('Ctrl Pts',(8.0164060380351,-18.5986314422174,-79.9999999999988));
#3383=CARTESIAN_POINT('Ctrl Pts',(10.0863528094184,15.8159649461255,-80.0000000001723));
#3384=CARTESIAN_POINT('Ctrl Pts',(10.4299746563108,15.6139256209309,-80.0000000001716));
#3385=CARTESIAN_POINT('Ctrl Pts',(10.7669922048939,15.4011374036991,-80.0000000001714));
#3386=CARTESIAN_POINT('Ctrl Pts',(11.0969328583658,15.1779981158809,-80.0000000001721));
#3387=CARTESIAN_POINT('Ctrl Pts',(11.4279890275845,14.9541044033301,-80.0000000001727));
#3388=CARTESIAN_POINT('Ctrl Pts',(11.7519208568333,14.7197892370246,-80.0000000001743));
#3389=CARTESIAN_POINT('Ctrl Pts',(12.0682281216878,14.4754074888032,-80.0000000001767));
#3390=CARTESIAN_POINT('Ctrl Pts',(12.3833889022587,14.2319115243266,-80.0000000001792));
#3391=CARTESIAN_POINT('Ctrl Pts',(12.6909807523478,13.9784215037096,-80.0000000001825));
#3392=CARTESIAN_POINT('Ctrl Pts',(12.9904791685578,13.715246360744,-80.0000000001863));
#3393=CARTESIAN_POINT('Ctrl Pts',(13.2361370704468,13.499381935588,-80.0000000001895));
#3394=CARTESIAN_POINT('Ctrl Pts',(13.4763494578312,13.277000722564,-80.000000000193));
#3395=CARTESIAN_POINT('Ctrl Pts',(13.7108085618973,13.0482541534416,-80.0000000001965));
#3396=CARTESIAN_POINT('Ctrl Pts',(13.8280381139303,12.9338808688803,-80.0000000001982));
#3397=CARTESIAN_POINT('Ctrl Pts',(13.9438290672907,12.8179159886638,-80.0000000001999));
#3398=CARTESIAN_POINT('Ctrl Pts',(14.0581411669315,12.7003769690395,-80.0000000002016));
#3399=CARTESIAN_POINT('Ctrl Pts',(14.0943766264802,12.6631186175232,-80.0000000002022));
#3400=CARTESIAN_POINT('Ctrl Pts',(14.1304634800958,12.6257020881175,-80.0000000002027));
#3401=CARTESIAN_POINT('Ctrl Pts',(14.1664004186649,12.5881279173726,-80.0000000002032));
#3402=CARTESIAN_POINT('Ctrl Pts',(14.1984656892795,12.5546018018762,-80.0000000002037));
#3403=CARTESIAN_POINT('Ctrl Pts',(14.2304136858975,12.5209479193168,-80.0000000002041));
#3404=CARTESIAN_POINT('Ctrl Pts',(14.2622265861575,12.4871847322551,-80.0000000002046));
#3405=CARTESIAN_POINT('Ctrl Pts',(14.3072376607962,12.4394142579993,-80.0000000002053));
#3406=CARTESIAN_POINT('Ctrl Pts',(14.351985263747,12.3914177549177,-80.0000000002061));
#3407=CARTESIAN_POINT('Ctrl Pts',(14.396467437696,12.3431970372444,-80.000000000207));
#3408=CARTESIAN_POINT('Ctrl Pts',(14.6653240138466,12.0517441719231,-80.0000000002124));
#3409=CARTESIAN_POINT('Ctrl Pts',(14.924486322491,11.7521041207808,-80.0000000002211));
#3410=CARTESIAN_POINT('Ctrl Pts',(15.1737837473149,11.4448886082467,-80.0000000002323));
#3411=CARTESIAN_POINT('Ctrl Pts',(15.4260154248153,11.1340571420357,-80.0000000002436));
#3412=CARTESIAN_POINT('Ctrl Pts',(15.668148953786,10.8154704666586,-80.0000000002576));
#3413=CARTESIAN_POINT('Ctrl Pts',(15.8999760191234,10.4897182430431,-80.0000000002732));
#3414=CARTESIAN_POINT('Ctrl Pts',(16.1336073823579,10.1614307069472,-80.0000000002889));
#3415=CARTESIAN_POINT('Ctrl Pts',(16.3567715544283,9.82586522944238,-80.0000000003063));
#3416=CARTESIAN_POINT('Ctrl Pts',(16.5692185190833,9.48358704543092,-80.000000000324));
#3417=CARTESIAN_POINT('Ctrl Pts',(16.7822682277467,9.14033776670436,-80.0000000003418));
#3418=CARTESIAN_POINT('Ctrl Pts',(16.9845401417765,8.79033717537111,-80.0000000003598));
#3419=CARTESIAN_POINT('Ctrl Pts',(17.1757404824494,8.43412366602111,-80.0000000003765));
#3420=CARTESIAN_POINT('Ctrl Pts',(17.3658269166106,8.07998540688353,-80.0000000003931));
#3421=CARTESIAN_POINT('Ctrl Pts',(17.5449706570391,7.71970591731118,-80.0000000004084));
#3422=CARTESIAN_POINT('Ctrl Pts',(17.7128378190048,7.35379018725764,-80.0000000004203));
#3423=CARTESIAN_POINT('Ctrl Pts',(17.8150191509784,7.13105599523833,-80.0000000004276));
#3424=CARTESIAN_POINT('Ctrl Pts',(17.9130213908375,6.90623302751484,-80.0000000004336));
#3425=CARTESIAN_POINT('Ctrl Pts',(18.0067603389204,6.67943194961929,-80.000000000438));
#3426=CARTESIAN_POINT('Ctrl Pts',(18.0430637429432,6.59159598247822,-80.0000000004396));
#3427=CARTESIAN_POINT('Ctrl Pts',(18.0787276329048,6.50346330226868,-80.0000000004411));
#3428=CARTESIAN_POINT('Ctrl Pts',(18.1137468309518,6.41504026272414,-80.0000000004422));
#3429=CARTESIAN_POINT('Ctrl Pts',(18.1274998574036,6.38031404197601,-80.0000000004426));
#3430=CARTESIAN_POINT('Ctrl Pts',(18.1411534477396,6.34554303713152,-80.000000000443));
#3431=CARTESIAN_POINT('Ctrl Pts',(18.1547072813804,6.310727631578,-80.0000000004434));
#3432=CARTESIAN_POINT('Ctrl Pts',(18.1690654655804,6.27384611014393,-80.0000000004437));
#3433=CARTESIAN_POINT('Ctrl Pts',(18.1833085998783,6.23692270065998,-80.000000000444));
#3434=CARTESIAN_POINT('Ctrl Pts',(18.1974346786557,6.19996262628286,-80.0000000004442));
#3435=CARTESIAN_POINT('Ctrl Pts',(18.3433956691102,5.81806407195769,-80.0000000004462));
#3436=CARTESIAN_POINT('Ctrl Pts',(18.4769246793294,5.43209420310186,-80.0000000004386));
#3437=CARTESIAN_POINT('Ctrl Pts',(18.5977965138416,5.04263901874548,-80.0000000004249));
#3438=CARTESIAN_POINT('Ctrl Pts',(18.6438746688367,4.89417286514726,-80.0000000004197));
#3439=CARTESIAN_POINT('Ctrl Pts',(18.6881129991443,4.74519986889754,-80.0000000004136));
#3440=CARTESIAN_POINT('Ctrl Pts',(18.7304974188297,4.59575132599256,-80.0000000004068));
#3441=CARTESIAN_POINT('Ctrl Pts',(18.8407188227275,4.20710784964638,-80.0000000003892));
#3442=CARTESIAN_POINT('Ctrl Pts',(18.9384062962722,3.81525003279645,-80.0000000003669));
#3443=CARTESIAN_POINT('Ctrl Pts',(19.0236417700735,3.42079836491064,-80.000000000343));
#3444=CARTESIAN_POINT('Ctrl Pts',(19.1095553364195,3.02320862876203,-80.0000000003189));
#3445=CARTESIAN_POINT('Ctrl Pts',(19.1828180943871,2.62298309438574,-80.0000000002932));
#3446=CARTESIAN_POINT('Ctrl Pts',(19.2434641241218,2.22073785048167,-80.0000000002688));
#3447=CARTESIAN_POINT('Ctrl Pts',(19.3043021101224,1.81721942356175,-80.0000000002443));
#3448=CARTESIAN_POINT('Ctrl Pts',(19.3524434468217,1.41166793675861,-80.0000000002211));
#3449=CARTESIAN_POINT('Ctrl Pts',(19.3878713186799,1.00469396651892,-80.0000000002017));
#3450=CARTESIAN_POINT('Ctrl Pts',(19.4232230097715,0.598595114861349,-80.0000000001824));
#3451=CARTESIAN_POINT('Ctrl Pts',(19.4459158898065,0.191079336289386,-80.0000000001669));
#3452=CARTESIAN_POINT('Ctrl Pts',(19.4558815687274,-0.217249785382503,-80.0000000001576));
#3453=CARTESIAN_POINT('Ctrl Pts',(19.4601839229708,-0.393532459472947,-80.0000000001536));
#3454=CARTESIAN_POINT('Ctrl Pts',(19.4621135282485,-0.569966713755285,-80.0000000001507));
#3455=CARTESIAN_POINT('Ctrl Pts',(19.4616618659038,-0.746503760494108,-80.0000000001491));
#3456=CARTESIAN_POINT('Ctrl Pts',(19.4614270758166,-0.838273971315444,-80.0000000001483));
#3457=CARTESIAN_POINT('Ctrl Pts',(19.460548768404,-0.930071955844013,-80.0000000001478));
#3458=CARTESIAN_POINT('Ctrl Pts',(19.459025550923,-1.02189082956486,-80.0000000001477));
#3459=CARTESIAN_POINT('Ctrl Pts',(19.4583582739302,-1.06211399053942,-80.0000000001477));
#3460=CARTESIAN_POINT('Ctrl Pts',(19.4575671795387,-1.1023422585485,-80.0000000001477));
#3461=CARTESIAN_POINT('Ctrl Pts',(19.4566526201615,-1.14255782131713,-80.0000000001477));
#3462=CARTESIAN_POINT('Ctrl Pts',(19.4472877820417,-1.55435419519036,-80.0000000001481));
#3463=CARTESIAN_POINT('Ctrl Pts',(19.4249757839723,-1.96523294137651,-80.000000000151));
#3464=CARTESIAN_POINT('Ctrl Pts',(19.3897958858182,-2.37456826683735,-80.0000000001558));
#3465=CARTESIAN_POINT('Ctrl Pts',(19.3544177497629,-2.78621018725798,-80.0000000001606));
#3466=CARTESIAN_POINT('Ctrl Pts',(19.3060263591997,-3.19629179454987,-80.0000000001674));
#3467=CARTESIAN_POINT('Ctrl Pts',(19.2446508732812,-3.60418775028263,-80.0000000001755));
#3468=CARTESIAN_POINT('Ctrl Pts',(19.2034118474065,-3.8782586048089,-80.0000000001809));
#3469=CARTESIAN_POINT('Ctrl Pts',(19.1563098545995,-4.15134292875474,-80.0000000001869));
#3470=CARTESIAN_POINT('Ctrl Pts',(19.1033405535375,-4.42325191445285,-80.0000000001931));
#3471=CARTESIAN_POINT('Ctrl Pts',(19.0248293430465,-4.82627599033284,-80.0000000002023));
#3472=CARTESIAN_POINT('Ctrl Pts',(18.9334305469816,-5.22671845153259,-80.0000000002121));
#3473=CARTESIAN_POINT('Ctrl Pts',(18.8294558602141,-5.62404299662942,-80.0000000002213));
#3474=CARTESIAN_POINT('Ctrl Pts',(18.7251161064837,-6.02276259344015,-80.0000000002305));
#3475=CARTESIAN_POINT('Ctrl Pts',(18.6081118231951,-6.4183428572689,-80.0000000002391));
#3476=CARTESIAN_POINT('Ctrl Pts',(18.4787065132994,-6.81023066115711,-80.0000000002455));
#3477=CARTESIAN_POINT('Ctrl Pts',(18.3495273046223,-7.20143374577018,-80.0000000002519));
#3478=CARTESIAN_POINT('Ctrl Pts',(18.2079901549661,-7.58895777409689,-80.0000000002562));
#3479=CARTESIAN_POINT('Ctrl Pts',(18.0543089225364,-7.9722337218363,-80.0000000002566));
#3480=CARTESIAN_POINT('Ctrl Pts',(18.011159054556,-8.07984807580485,-80.0000000002567));
#3481=CARTESIAN_POINT('Ctrl Pts',(17.9670515298491,-8.18712739394991,-80.0000000002565));
#3482=CARTESIAN_POINT('Ctrl Pts',(17.9219904311547,-8.29405872820066,-80.000000000256));
#3483=CARTESIAN_POINT('Ctrl Pts',(17.8970720296591,-8.35319083985612,-80.0000000002557));
#3484=CARTESIAN_POINT('Ctrl Pts',(17.8718620207411,-8.41221653519968,-80.0000000002553));
#3485=CARTESIAN_POINT('Ctrl Pts',(17.846361058416,-8.47113360138207,-80.0000000002548));
#3486=CARTESIAN_POINT('Ctrl Pts',(17.8305141417624,-8.50774609566227,-80.0000000002544));
#3487=CARTESIAN_POINT('Ctrl Pts',(17.8145578756561,-8.54430965996524,-80.0000000002541));
#3488=CARTESIAN_POINT('Ctrl Pts',(17.7984950443878,-8.5808182084229,-80.0000000002538));
#3489=CARTESIAN_POINT('Ctrl Pts',(17.6310376200778,-8.96142529990423,-80.0000000002508));
#3490=CARTESIAN_POINT('Ctrl Pts',(17.451919260369,-9.33624640875405,-80.00000000025));
#3491=CARTESIAN_POINT('Ctrl Pts',(17.2615100028412,-9.70475505720658,-80.0000000002513));
#3492=CARTESIAN_POINT('Ctrl Pts',(17.0700979831721,-10.0752044018531,-80.0000000002525));
#3493=CARTESIAN_POINT('Ctrl Pts',(16.8672756469352,-10.4392751412059,-80.0000000002557));
#3494=CARTESIAN_POINT('Ctrl Pts',(16.6533667401102,-10.7964227633954,-80.0000000002603));
#3495=CARTESIAN_POINT('Ctrl Pts',(16.4394175676997,-11.1536376140064,-80.0000000002648));
#3496=CARTESIAN_POINT('Ctrl Pts',(16.2143774303812,-11.5039272561552,-80.0000000002707));
#3497=CARTESIAN_POINT('Ctrl Pts',(15.978521293506,-11.8467294702454,-80.000000000277));
#3498=CARTESIAN_POINT('Ctrl Pts',(15.7613054113996,-12.1624392342911,-80.0000000002828));
#3499=CARTESIAN_POINT('Ctrl Pts',(15.5349149456633,-12.4717984230295,-80.0000000002889));
#3500=CARTESIAN_POINT('Ctrl Pts',(15.2995303456574,-12.7743491228138,-80.0000000002945));
#3501=CARTESIAN_POINT('Ctrl Pts',(15.0440348958137,-13.1027492268987,-80.0000000003005));
#3502=CARTESIAN_POINT('Ctrl Pts',(14.7779429920189,-13.4231284955458,-80.0000000003059));
#3503=CARTESIAN_POINT('Ctrl Pts',(14.5017357249145,-13.7351230833734,-80.0000000003092));
#3504=CARTESIAN_POINT('Ctrl Pts',(14.2763674492899,-13.9896916289445,-80.0000000003119));
#3505=CARTESIAN_POINT('Ctrl Pts',(14.0442639261447,-14.2386775134451,-80.0000000003132));
#3506=CARTESIAN_POINT('Ctrl Pts',(13.8056684513551,-14.4818647743671,-80.0000000003123));
#3507=CARTESIAN_POINT('Ctrl Pts',(13.7324896278987,-14.5564519292557,-80.000000000312));
#3508=CARTESIAN_POINT('Ctrl Pts',(13.6587000075747,-14.6304934879451,-80.0000000003114));
#3509=CARTESIAN_POINT('Ctrl Pts',(13.5843063397649,-14.7039828767939,-80.0000000003107));
#3510=CARTESIAN_POINT('Ctrl Pts',(13.5520000520576,-14.7358964711828,-80.0000000003104));
#3511=CARTESIAN_POINT('Ctrl Pts',(13.5195798498306,-14.7677059336826,-80.00000000031));
#3512=CARTESIAN_POINT('Ctrl Pts',(13.4870462789007,-14.7994107160089,-80.0000000003096));
#3513=CARTESIAN_POINT('Ctrl Pts',(13.4602153522333,-14.8255581282138,-80.0000000003092));
#3514=CARTESIAN_POINT('Ctrl Pts',(13.4333106354834,-14.8516310868438,-80.0000000003088));
#3515=CARTESIAN_POINT('Ctrl Pts',(13.4063383269606,-14.8776237719696,-80.0000000003084));
#3516=CARTESIAN_POINT('Ctrl Pts',(13.1067169309732,-15.166363039365,-80.0000000003033));
#3517=CARTESIAN_POINT('Ctrl Pts',(12.798543152493,-15.4454090217054,-80.0000000002908));
#3518=CARTESIAN_POINT('Ctrl Pts',(12.4823841380602,-15.7144806452888,-80.0000000002739));
#3519=CARTESIAN_POINT('Ctrl Pts',(12.1631100981464,-15.9862033555893,-80.0000000002568));
#3520=CARTESIAN_POINT('Ctrl Pts',(11.8356923514486,-16.2477545708491,-80.0000000002353));
#3521=CARTESIAN_POINT('Ctrl Pts',(11.5006705269527,-16.498815902311,-80.0000000002119));
#3522=CARTESIAN_POINT('Ctrl Pts',(11.1635822315281,-16.7514258222673,-80.0000000001883));
#3523=CARTESIAN_POINT('Ctrl Pts',(10.8187953787004,-16.9934164388665,-80.0000000001629));
#3524=CARTESIAN_POINT('Ctrl Pts',(10.4668204079812,-17.2244285169684,-80.0000000001382));
#3525=CARTESIAN_POINT('Ctrl Pts',(10.1153831721985,-17.4550876629714,-80.0000000001136));
#3526=CARTESIAN_POINT('Ctrl Pts',(9.75677933546504,-17.6748021385836,-80.0000000000897));
#3527=CARTESIAN_POINT('Ctrl Pts',(9.39148418917012,-17.8831741984099,-80.0000000000687));
#3528=CARTESIAN_POINT('Ctrl Pts',(9.02930578856864,-18.0897684007238,-80.0000000000479));
#3529=CARTESIAN_POINT('Ctrl Pts',(8.66054932994282,-18.2852132044304,-80.0000000000301));
#3530=CARTESIAN_POINT('Ctrl Pts',(8.28565231880505,-18.4690767560111,-80.0000000000171));
#3531=CARTESIAN_POINT('Ctrl Pts',(8.19625093672204,-18.5129225460219,-80.000000000014));
#3532=CARTESIAN_POINT('Ctrl Pts',(8.10650025740879,-18.556109528314,-80.0000000000112));
#3533=CARTESIAN_POINT('Ctrl Pts',(8.01640603802885,-18.5986314422014,-80.0000000000087));
#3534=CARTESIAN_POINT('Origin',(0.,0.,0.));
#3535=CARTESIAN_POINT('',(-23.,-2.81668763803891E-15,-80.));
#3536=CARTESIAN_POINT('Origin',(0.,0.,-80.));
#3537=CARTESIAN_POINT('',(-23.,-2.81668763803891E-15,0.));
#3538=CARTESIAN_POINT('',(-23.,2.81668763803891E-15,0.));
#3539=CARTESIAN_POINT('Origin',(0.,0.,0.));
#3540=CARTESIAN_POINT('Origin',(0.,0.,0.));
#3541=CARTESIAN_POINT('Origin',(0.,0.,-80.));
#3542=UNCERTAINTY_MEASURE_WITH_UNIT(LENGTH_MEASURE(0.01),#3546,
'DISTANCE_ACCURACY_VALUE',
'Maximum model space distance between geometric entities at asserted c
onnectivities');
#3543=UNCERTAINTY_MEASURE_WITH_UNIT(LENGTH_MEASURE(0.01),#3546,
'DISTANCE_ACCURACY_VALUE',
'Maximum model space distance between geometric entities at asserted c
onnectivities');
#3544=(
GEOMETRIC_REPRESENTATION_CONTEXT(3)
GLOBAL_UNCERTAINTY_ASSIGNED_CONTEXT((#3542))
GLOBAL_UNIT_ASSIGNED_CONTEXT((#3546,#3548,#3549))
REPRESENTATION_CONTEXT('','3D')
);
#3545=(
GEOMETRIC_REPRESENTATION_CONTEXT(3)
GLOBAL_UNCERTAINTY_ASSIGNED_CONTEXT((#3543))
GLOBAL_UNIT_ASSIGNED_CONTEXT((#3546,#3548,#3549))
REPRESENTATION_CONTEXT('','3D')
);
#3546=(
LENGTH_UNIT()
NAMED_UNIT(*)
SI_UNIT(.MILLI.,.METRE.)
);
#3547=(
LENGTH_UNIT()
NAMED_UNIT(*)
SI_UNIT($,.METRE.)
);
#3548=(
NAMED_UNIT(*)
PLANE_ANGLE_UNIT()
SI_UNIT($,.RADIAN.)
);
#3549=(
NAMED_UNIT(*)
SI_UNIT($,.STERADIAN.)
SOLID_ANGLE_UNIT()
);
#3550=SHAPE_DEFINITION_REPRESENTATION(#3551,#3552);
#3551=PRODUCT_DEFINITION_SHAPE('',$,#3554);
#3552=SHAPE_REPRESENTATION('',(#485),#3544);
#3553=PRODUCT_DEFINITION_CONTEXT('part definition',#3558,'design');
#3554=PRODUCT_DEFINITION('leg-with-thread-40025',
'leg-with-thread-40025 v1',#3555,#3553);
#3555=PRODUCT_DEFINITION_FORMATION('',$,#3560);
#3556=PRODUCT_RELATED_PRODUCT_CATEGORY('leg-with-thread-40025 v1',
'leg-with-thread-40025 v1',(#3560));
#3557=APPLICATION_PROTOCOL_DEFINITION('international standard',
'automotive_design',2009,#3558);
#3558=APPLICATION_CONTEXT(
'Core Data for Automotive Mechanical Design Process');
#3559=PRODUCT_CONTEXT('part definition',#3558,'mechanical');
#3560=PRODUCT('leg-with-thread-40025','leg-with-thread-40025 v1',$,(#3559));
#3561=PRESENTATION_STYLE_ASSIGNMENT((#3562));
#3562=SURFACE_STYLE_USAGE(.BOTH.,#3563);
#3563=SURFACE_SIDE_STYLE('',(#3564));
#3564=SURFACE_STYLE_FILL_AREA(#3565);
#3565=FILL_AREA_STYLE('Stahl - satiniert',(#3566));
#3566=FILL_AREA_STYLE_COLOUR('Stahl - satiniert',#3567);
#3567=COLOUR_RGB('Stahl - satiniert',0.627450980392157,0.627450980392157,
0.627450980392157);
ENDSEC;
END-ISO-10303-21;
