ISO-10303-21;
HEADER;
/* Generated by software containing ST-Developer
 * from STEP Tools, Inc. (www.steptools.com) 
 */

FILE_DESCRIPTION(
/* description */ (''),
/* implementation_level */ '2;1');

FILE_NAME(
/* name */ 'node-rounded.step',
/* time_stamp */ '2026-08-17T20:23:10+02:00',
/* author */ (''),
/* organization */ (''),
/* preprocessor_version */ 'ST-DEVELOPER v20.1',
/* originating_system */ 'Autodesk Translation Framework v15.8.0.0',
/* authorisation */ '');

FILE_SCHEMA (('AUTOMOTIVE_DESIGN { 1 0 10303 214 3 1 1 }'));
ENDSEC;

DATA;
#10=MECHANICAL_DESIGN_GEOMETRIC_PRESENTATION_REPRESENTATION('',(#13),#9427);
#11=SHAPE_REPRESENTATION_RELATIONSHIP('SRR','None',#9434,#12);
#12=ADVANCED_BREP_SHAPE_REPRESENTATION('',(#14),#9426);
#13=STYLED_ITEM('',(#9443),#14);
#14=MANIFOLD_SOLID_BREP('Rounded Tetrapod',#822);
#15=ELLIPSE('',#843,19.2897317244175,15.75);
#16=ELLIPSE('',#844,19.2897317244175,15.75);
#17=ELLIPSE('',#845,19.2897317244175,15.75);
#18=ELLIPSE('',#846,19.2897317244175,15.75);
#19=ELLIPSE('',#847,19.2897317244175,15.75);
#20=ELLIPSE('',#848,19.2897317244175,15.75);
#21=ELLIPSE('',#851,19.2897317244175,15.75);
#22=ELLIPSE('',#852,19.2897317244176,15.75);
#23=ELLIPSE('',#860,19.2897317244175,15.75);
#24=FACE_BOUND('',#164,.T.);
#25=FACE_BOUND('',#169,.T.);
#26=FACE_BOUND('',#173,.T.);
#27=FACE_BOUND('',#176,.T.);
#28=FACE_BOUND('',#193,.T.);
#29=FACE_BOUND('',#195,.T.);
#30=FACE_BOUND('',#197,.T.);
#31=FACE_BOUND('',#199,.T.);
#32=PLANE('',#839);
#33=PLANE('',#856);
#34=PLANE('',#864);
#35=PLANE('',#869);
#36=PLANE('',#877);
#37=PLANE('',#878);
#38=PLANE('',#879);
#39=PLANE('',#880);
#40=LINE('',#7805,#52);
#41=LINE('',#7814,#53);
#42=LINE('',#7829,#54);
#43=LINE('',#7837,#55);
#44=LINE('',#7845,#56);
#45=LINE('',#7851,#57);
#46=LINE('',#7860,#58);
#47=LINE('',#7868,#59);
#48=LINE('',#9413,#60);
#49=LINE('',#9415,#61);
#50=LINE('',#9417,#62);
#51=LINE('',#9419,#63);
#52=VECTOR('',#887,20.);
#53=VECTOR('',#898,15.75);
#54=VECTOR('',#915,15.75);
#55=VECTOR('',#924,20.);
#56=VECTOR('',#935,15.75);
#57=VECTOR('',#942,20.);
#58=VECTOR('',#953,20.);
#59=VECTOR('',#964,15.75);
#60=VECTOR('',#967,23.);
#61=VECTOR('',#970,23.);
#62=VECTOR('',#973,23.);
#63=VECTOR('',#976,23.);
#64=CIRCLE('',#837,20.);
#65=CIRCLE('',#838,20.);
#66=CIRCLE('',#840,23.);
#67=CIRCLE('',#842,15.75);
#68=CIRCLE('',#850,15.75);
#69=CIRCLE('',#854,20.);
#70=CIRCLE('',#855,20.);
#71=CIRCLE('',#857,23.);
#72=CIRCLE('',#859,15.75);
#73=CIRCLE('',#862,20.);
#74=CIRCLE('',#863,20.);
#75=CIRCLE('',#865,23.);
#76=CIRCLE('',#867,20.);
#77=CIRCLE('',#868,20.);
#78=CIRCLE('',#870,23.);
#79=CIRCLE('',#872,15.75);
#80=CYLINDRICAL_SURFACE('',#836,20.);
#81=CYLINDRICAL_SURFACE('',#841,15.75);
#82=CYLINDRICAL_SURFACE('',#849,15.75);
#83=CYLINDRICAL_SURFACE('',#853,20.);
#84=CYLINDRICAL_SURFACE('',#858,15.75);
#85=CYLINDRICAL_SURFACE('',#861,20.);
#86=CYLINDRICAL_SURFACE('',#866,20.);
#87=CYLINDRICAL_SURFACE('',#871,15.75);
#88=CYLINDRICAL_SURFACE('',#873,23.);
#89=CYLINDRICAL_SURFACE('',#874,23.);
#90=CYLINDRICAL_SURFACE('',#875,23.);
#91=CYLINDRICAL_SURFACE('',#876,23.);
#92=FACE_OUTER_BOUND('',#142,.T.);
#93=FACE_OUTER_BOUND('',#143,.T.);
#94=FACE_OUTER_BOUND('',#144,.T.);
#95=FACE_OUTER_BOUND('',#145,.T.);
#96=FACE_OUTER_BOUND('',#146,.T.);
#97=FACE_OUTER_BOUND('',#147,.T.);
#98=FACE_OUTER_BOUND('',#148,.T.);
#99=FACE_OUTER_BOUND('',#149,.T.);
#100=FACE_OUTER_BOUND('',#150,.T.);
#101=FACE_OUTER_BOUND('',#151,.T.);
#102=FACE_OUTER_BOUND('',#152,.T.);
#103=FACE_OUTER_BOUND('',#153,.T.);
#104=FACE_OUTER_BOUND('',#154,.T.);
#105=FACE_OUTER_BOUND('',#155,.T.);
#106=FACE_OUTER_BOUND('',#156,.T.);
#107=FACE_OUTER_BOUND('',#157,.T.);
#108=FACE_OUTER_BOUND('',#158,.T.);
#109=FACE_OUTER_BOUND('',#159,.T.);
#110=FACE_OUTER_BOUND('',#160,.T.);
#111=FACE_OUTER_BOUND('',#161,.T.);
#112=FACE_OUTER_BOUND('',#162,.T.);
#113=FACE_OUTER_BOUND('',#163,.T.);
#114=FACE_OUTER_BOUND('',#165,.T.);
#115=FACE_OUTER_BOUND('',#166,.T.);
#116=FACE_OUTER_BOUND('',#167,.T.);
#117=FACE_OUTER_BOUND('',#168,.T.);
#118=FACE_OUTER_BOUND('',#170,.T.);
#119=FACE_OUTER_BOUND('',#171,.T.);
#120=FACE_OUTER_BOUND('',#172,.T.);
#121=FACE_OUTER_BOUND('',#174,.T.);
#122=FACE_OUTER_BOUND('',#175,.T.);
#123=FACE_OUTER_BOUND('',#177,.T.);
#124=FACE_OUTER_BOUND('',#178,.T.);
#125=FACE_OUTER_BOUND('',#179,.T.);
#126=FACE_OUTER_BOUND('',#180,.T.);
#127=FACE_OUTER_BOUND('',#181,.T.);
#128=FACE_OUTER_BOUND('',#182,.T.);
#129=FACE_OUTER_BOUND('',#183,.T.);
#130=FACE_OUTER_BOUND('',#184,.T.);
#131=FACE_OUTER_BOUND('',#185,.T.);
#132=FACE_OUTER_BOUND('',#186,.T.);
#133=FACE_OUTER_BOUND('',#187,.T.);
#134=FACE_OUTER_BOUND('',#188,.T.);
#135=FACE_OUTER_BOUND('',#189,.T.);
#136=FACE_OUTER_BOUND('',#190,.T.);
#137=FACE_OUTER_BOUND('',#191,.T.);
#138=FACE_OUTER_BOUND('',#192,.T.);
#139=FACE_OUTER_BOUND('',#194,.T.);
#140=FACE_OUTER_BOUND('',#196,.T.);
#141=FACE_OUTER_BOUND('',#198,.T.);
#142=EDGE_LOOP('',(#492,#493,#494,#495));
#143=EDGE_LOOP('',(#496,#497,#498,#499));
#144=EDGE_LOOP('',(#500,#501,#502,#503));
#145=EDGE_LOOP('',(#504,#505,#506,#507));
#146=EDGE_LOOP('',(#508,#509,#510,#511));
#147=EDGE_LOOP('',(#512,#513,#514,#515));
#148=EDGE_LOOP('',(#516,#517,#518,#519,#520));
#149=EDGE_LOOP('',(#521,#522,#523,#524));
#150=EDGE_LOOP('',(#525,#526,#527,#528,#529));
#151=EDGE_LOOP('',(#530,#531,#532,#533));
#152=EDGE_LOOP('',(#534,#535,#536,#537));
#153=EDGE_LOOP('',(#538,#539,#540,#541));
#154=EDGE_LOOP('',(#542,#543,#544,#545));
#155=EDGE_LOOP('',(#546,#547,#548,#549));
#156=EDGE_LOOP('',(#550,#551,#552,#553));
#157=EDGE_LOOP('',(#554,#555,#556,#557));
#158=EDGE_LOOP('',(#558,#559,#560,#561));
#159=EDGE_LOOP('',(#562,#563,#564,#565));
#160=EDGE_LOOP('',(#566,#567,#568,#569));
#161=EDGE_LOOP('',(#570,#571,#572,#573));
#162=EDGE_LOOP('',(#574,#575,#576,#577));
#163=EDGE_LOOP('',(#578));
#164=EDGE_LOOP('',(#579));
#165=EDGE_LOOP('',(#580,#581,#582,#583,#584,#585,#586,#587,#588));
#166=EDGE_LOOP('',(#589,#590,#591,#592,#593,#594,#595));
#167=EDGE_LOOP('',(#596,#597,#598,#599));
#168=EDGE_LOOP('',(#600));
#169=EDGE_LOOP('',(#601));
#170=EDGE_LOOP('',(#602,#603,#604,#605,#606,#607,#608));
#171=EDGE_LOOP('',(#609,#610,#611,#612));
#172=EDGE_LOOP('',(#613));
#173=EDGE_LOOP('',(#614));
#174=EDGE_LOOP('',(#615,#616,#617,#618));
#175=EDGE_LOOP('',(#619));
#176=EDGE_LOOP('',(#620));
#177=EDGE_LOOP('',(#621,#622,#623,#624,#625,#626,#627));
#178=EDGE_LOOP('',(#628,#629,#630,#631));
#179=EDGE_LOOP('',(#632,#633,#634,#635));
#180=EDGE_LOOP('',(#636,#637,#638,#639,#640));
#181=EDGE_LOOP('',(#641,#642,#643,#644));
#182=EDGE_LOOP('',(#645,#646,#647,#648,#649,#650));
#183=EDGE_LOOP('',(#651,#652,#653,#654,#655,#656));
#184=EDGE_LOOP('',(#657,#658,#659,#660,#661,#662));
#185=EDGE_LOOP('',(#663,#664,#665,#666,#667,#668));
#186=EDGE_LOOP('',(#669,#670,#671,#672,#673,#674));
#187=EDGE_LOOP('',(#675,#676,#677,#678,#679,#680,#681));
#188=EDGE_LOOP('',(#682,#683,#684,#685,#686,#687,#688,#689,#690,#691,#692,
#693,#694));
#189=EDGE_LOOP('',(#695,#696,#697,#698,#699,#700,#701,#702,#703,#704,#705,
#706,#707));
#190=EDGE_LOOP('',(#708,#709,#710,#711,#712,#713,#714,#715,#716,#717,#718,
#719,#720));
#191=EDGE_LOOP('',(#721,#722,#723,#724,#725,#726,#727,#728,#729,#730,#731,
#732,#733));
#192=EDGE_LOOP('',(#734));
#193=EDGE_LOOP('',(#735));
#194=EDGE_LOOP('',(#736));
#195=EDGE_LOOP('',(#737));
#196=EDGE_LOOP('',(#738));
#197=EDGE_LOOP('',(#739));
#198=EDGE_LOOP('',(#740));
#199=EDGE_LOOP('',(#741));
#200=B_SPLINE_CURVE_WITH_KNOTS('',3,(#1164,#1165,#1166,#1167,#1168,#1169,
#1170,#1171,#1172,#1173,#1174,#1175,#1176,#1177,#1178,#1179,#1180,#1181,
#1182,#1183,#1184,#1185),.UNSPECIFIED.,.F.,.F.,(4,1,1,1,1,1,1,1,1,1,1,1,
1,1,1,1,1,1,1,4),(0.,0.0526315789473684,0.105263157894737,0.157894736842105,
0.210526315789474,0.263157894736842,0.315789473684211,0.368421052631579,
0.421052631578947,0.473684210526316,0.526315789473684,0.578947368421053,
0.631578947368421,0.684210526315789,0.736842105263158,0.789473684210526,
0.842105263157895,0.894736842105263,0.947368421052632,1.),.UNSPECIFIED.);
#201=B_SPLINE_CURVE_WITH_KNOTS('',3,(#1187,#1188,#1189,#1190,#1191,#1192,
#1193,#1194),.UNSPECIFIED.,.F.,.F.,(4,1,1,1,1,4),(0.,0.2,0.4,0.6,0.8,1.),
 .UNSPECIFIED.);
#202=B_SPLINE_CURVE_WITH_KNOTS('',3,(#1196,#1197,#1198,#1199,#1200,#1201,
#1202,#1203,#1204,#1205,#1206,#1207,#1208,#1209,#1210,#1211,#1212,#1213,
#1214,#1215,#1216,#1217,#1218,#1219,#1220,#1221,#1222,#1223,#1224,#1225,
#1226,#1227,#1228,#1229,#1230,#1231,#1232,#1233,#1234,#1235,#1236,#1237,
#1238,#1239,#1240,#1241,#1242,#1243,#1244,#1245,#1246,#1247,#1248,#1249,
#1250,#1251,#1252,#1253,#1254,#1255,#1256,#1257,#1258,#1259,#1260,#1261,
#1262,#1263,#1264,#1265,#1266,#1267,#1268,#1269,#1270,#1271,#1272,#1273,
#1274,#1275,#1276,#1277,#1278,#1279,#1280,#1281,#1282,#1283,#1284,#1285,
#1286,#1287,#1288,#1289,#1290,#1291,#1292,#1293,#1294,#1295,#1296,#1297,
#1298,#1299,#1300,#1301,#1302,#1303,#1304,#1305,#1306,#1307,#1308,#1309,
#1310,#1311,#1312,#1313,#1314,#1315,#1316,#1317,#1318,#1319,#1320,#1321,
#1322,#1323,#1324,#1325,#1326,#1327,#1328,#1329,#1330,#1331,#1332,#1333,
#1334,#1335,#1336,#1337),.UNSPECIFIED.,.F.,.F.,(4,3,3,3,3,3,3,3,3,3,3,3,
3,3,3,3,3,3,3,3,3,3,3,3,3,3,3,3,3,3,3,3,3,3,3,3,3,3,3,3,3,3,3,3,3,3,3,4),
(0.5,0.511468607749125,0.52217887605837,0.53235624469788,0.542353901136535,
0.55210896346151,0.562315241042523,0.573132098165975,0.584849381326093,
0.598324707097369,0.614962048866325,0.627600269093758,0.639237760684578,
0.650511580663185,0.660675969259908,0.670341281795166,0.680643116739067,
0.690823070599643,0.701635840258331,0.713403302069721,0.726947751131637,
0.74401351668591,0.757258971106686,0.768723294087631,0.77928934209049,0.789264998217911,
0.798771612930176,0.81134838712204,0.820263560614791,0.829851556297922,
0.840675048843953,0.857067743744768,0.86805915068026,0.877696888633717,
0.886620591290202,0.89506656025575,0.903763932361025,0.911712480691194,
0.920162089745381,0.929376156365291,0.940471986734702,0.953238129711993,
0.962920904985931,0.971616450263323,0.979521273975548,0.987123279196078,
0.994359408192463,1.),.UNSPECIFIED.);
#203=B_SPLINE_CURVE_WITH_KNOTS('',3,(#1338,#1339,#1340,#1341,#1342,#1343),
 .UNSPECIFIED.,.F.,.F.,(4,1,1,4),(0.499944635549752,0.571428571428571,0.857142857142857,
1.),.UNSPECIFIED.);
#204=B_SPLINE_CURVE_WITH_KNOTS('',3,(#1521,#1522,#1523,#1524,#1525,#1526,
#1527,#1528,#1529,#1530,#1531,#1532,#1533,#1534,#1535,#1536,#1537,#1538,
#1539,#1540,#1541,#1542),.UNSPECIFIED.,.F.,.F.,(4,1,1,1,1,1,1,1,1,1,1,1,
1,1,1,1,1,1,1,4),(0.,0.0526315789473684,0.105263157894737,0.157894736842105,
0.210526315789474,0.263157894736842,0.315789473684211,0.368421052631579,
0.421052631578947,0.473684210526316,0.526315789473684,0.578947368421053,
0.631578947368421,0.684210526315789,0.736842105263158,0.789473684210526,
0.842105263157895,0.894736842105263,0.947368421052632,1.),.UNSPECIFIED.);
#205=B_SPLINE_CURVE_WITH_KNOTS('',3,(#1544,#1545,#1546,#1547,#1548),
 .UNSPECIFIED.,.F.,.F.,(4,1,4),(0.,0.285714285714286,0.499942721795946),
 .UNSPECIFIED.);
#206=B_SPLINE_CURVE_WITH_KNOTS('',3,(#1549,#1550,#1551,#1552,#1553,#1554,
#1555,#1556,#1557,#1558,#1559,#1560,#1561,#1562,#1563,#1564,#1565,#1566,
#1567,#1568,#1569,#1570,#1571,#1572,#1573,#1574,#1575,#1576,#1577,#1578,
#1579,#1580,#1581,#1582,#1583,#1584,#1585,#1586,#1587,#1588,#1589,#1590,
#1591,#1592,#1593,#1594,#1595,#1596,#1597,#1598,#1599,#1600,#1601,#1602,
#1603,#1604,#1605,#1606,#1607,#1608,#1609,#1610,#1611,#1612,#1613,#1614,
#1615,#1616,#1617,#1618,#1619,#1620,#1621,#1622,#1623,#1624,#1625,#1626,
#1627,#1628,#1629,#1630,#1631,#1632,#1633,#1634,#1635,#1636,#1637,#1638,
#1639,#1640,#1641,#1642,#1643,#1644,#1645,#1646,#1647,#1648,#1649,#1650,
#1651,#1652,#1653,#1654,#1655,#1656,#1657,#1658,#1659,#1660,#1661,#1662,
#1663,#1664,#1665,#1666,#1667,#1668,#1669,#1670,#1671,#1672,#1673,#1674,
#1675,#1676,#1677,#1678,#1679,#1680,#1681),.UNSPECIFIED.,.F.,.F.,(4,3,3,
3,3,3,3,3,3,3,3,3,3,3,3,3,3,3,3,3,3,3,3,3,3,3,3,3,3,3,3,3,3,3,3,3,3,3,3,
3,3,3,3,3,4),(0.,0.00836933250228231,0.0170136921847212,0.0259960292606263,
0.0354117962079368,0.0454202442945729,0.0563314118203531,0.0690577779511221,
0.083370783246727,0.0956460822772587,0.106242542792509,0.116001131870349,
0.125211539594708,0.136923678982373,0.146548972401512,0.156616766842824,
0.16768624155757,0.179879207763939,0.193689040941743,0.211462087684137,
0.223932322583443,0.235053445041925,0.2454070364843,0.255231769941059,0.265121119879189,
0.275011001254771,0.285320933216428,0.296179437362885,0.307810247704849,
0.320814427888698,0.336416183953779,0.35110652831308,0.363458243417827,
0.374736024469718,0.385333531086719,0.395439490809833,0.408509554458604,
0.418610251332769,0.429454649230187,0.440960977567577,0.453446987369404,
0.468079647678914,0.484039823839457,0.497229866478076,0.5),
 .UNSPECIFIED.);
#207=B_SPLINE_CURVE_WITH_KNOTS('',3,(#1859,#1860,#1861,#1862,#1863,#1864,
#1865,#1866),.UNSPECIFIED.,.F.,.F.,(4,1,1,1,1,4),(0.,0.2,0.4,0.6,0.8,1.),
 .UNSPECIFIED.);
#208=B_SPLINE_CURVE_WITH_KNOTS('',3,(#1868,#1869,#1870,#1871,#1872,#1873,
#1874,#1875,#1876,#1877,#1878,#1879,#1880,#1881,#1882,#1883,#1884,#1885,
#1886,#1887,#1888,#1889,#1890,#1891,#1892,#1893,#1894,#1895,#1896,#1897,
#1898,#1899,#1900,#1901,#1902,#1903,#1904,#1905,#1906,#1907,#1908,#1909,
#1910,#1911,#1912,#1913,#1914,#1915,#1916,#1917,#1918,#1919,#1920,#1921,
#1922,#1923,#1924,#1925,#1926,#1927,#1928,#1929,#1930,#1931,#1932,#1933,
#1934,#1935,#1936,#1937,#1938,#1939,#1940,#1941,#1942,#1943,#1944,#1945,
#1946,#1947,#1948,#1949,#1950,#1951,#1952,#1953,#1954,#1955,#1956,#1957,
#1958,#1959,#1960,#1961,#1962,#1963,#1964,#1965,#1966,#1967,#1968,#1969,
#1970,#1971,#1972,#1973,#1974,#1975,#1976,#1977,#1978,#1979,#1980,#1981,
#1982,#1983,#1984,#1985,#1986,#1987,#1988,#1989,#1990,#1991,#1992,#1993,
#1994,#1995,#1996,#1997,#1998,#1999,#2000,#2001,#2002,#2003,#2004,#2005,
#2006,#2007,#2008,#2009),.UNSPECIFIED.,.F.,.F.,(4,3,3,3,3,3,3,3,3,3,3,3,
3,3,3,3,3,3,3,3,3,3,3,3,3,3,3,3,3,3,3,3,3,3,3,3,3,3,3,3,3,3,3,3,3,3,3,4),
(0.5,0.511468607890251,0.522178876288722,0.532356244990856,0.542353900589926,
0.55210896288707,0.562315240317969,0.573132097230946,0.584849380058235,
0.598324705021893,0.614962048227912,0.627600268902391,0.639237760499192,
0.650511580483592,0.660675969218689,0.670341281914934,0.680643116855092,
0.690823070562389,0.701635840004711,0.713403301466071,0.726947749770654,
0.744013515409988,0.757258970643229,0.768723293952077,0.779289342153796,
0.789264998421269,0.798771613357207,0.811348387522381,0.820263560753005,
0.829851556083255,0.84067504795381,0.857067738825503,0.868059146891512,
0.877696885277436,0.886620588168484,0.895066557277665,0.903763914799797,
0.911712461998753,0.920162069475674,0.929376133564109,0.940471955682531,
0.953238112271684,0.962920889875791,0.971616436301351,0.979521260538111,
0.987123266156145,0.99435939531498,1.),.UNSPECIFIED.);
#209=B_SPLINE_CURVE_WITH_KNOTS('',3,(#2010,#2011,#2012,#2013,#2014,#2015),
 .UNSPECIFIED.,.F.,.F.,(4,1,1,4),(0.499942721795946,0.571428571428571,0.857142857142857,
1.),.UNSPECIFIED.);
#210=B_SPLINE_CURVE_WITH_KNOTS('',3,(#2193,#2194,#2195,#2196,#2197,#2198,
#2199,#2200,#2201,#2202,#2203,#2204,#2205,#2206,#2207,#2208,#2209,#2210,
#2211,#2212,#2213,#2214),.UNSPECIFIED.,.F.,.F.,(4,1,1,1,1,1,1,1,1,1,1,1,
1,1,1,1,1,1,1,4),(0.,0.0526315789473684,0.105263157894737,0.157894736842105,
0.210526315789474,0.263157894736842,0.315789473684211,0.368421052631579,
0.421052631578947,0.473684210526316,0.526315789473684,0.578947368421053,
0.631578947368421,0.684210526315789,0.736842105263158,0.789473684210526,
0.842105263157895,0.894736842105263,0.947368421052632,1.),.UNSPECIFIED.);
#211=B_SPLINE_CURVE_WITH_KNOTS('',3,(#2216,#2217,#2218,#2219,#2220,#2221),
 .UNSPECIFIED.,.F.,.F.,(4,1,1,4),(-1.,-0.857142857142857,-0.571428571428571,
-0.499944635550235),.UNSPECIFIED.);
#212=B_SPLINE_CURVE_WITH_KNOTS('',3,(#2222,#2223,#2224,#2225,#2226,#2227,
#2228,#2229,#2230,#2231,#2232,#2233,#2234,#2235,#2236,#2237,#2238,#2239,
#2240,#2241,#2242,#2243,#2244,#2245,#2246,#2247,#2248,#2249,#2250,#2251,
#2252,#2253,#2254,#2255,#2256,#2257,#2258,#2259,#2260,#2261,#2262,#2263,
#2264,#2265,#2266,#2267,#2268,#2269,#2270,#2271,#2272,#2273,#2274,#2275,
#2276,#2277,#2278,#2279,#2280,#2281,#2282,#2283,#2284,#2285,#2286,#2287,
#2288,#2289,#2290,#2291,#2292,#2293,#2294,#2295,#2296,#2297,#2298,#2299,
#2300,#2301,#2302,#2303,#2304,#2305,#2306,#2307,#2308,#2309,#2310,#2311,
#2312,#2313,#2314,#2315,#2316,#2317,#2318,#2319,#2320,#2321,#2322,#2323,
#2324,#2325,#2326,#2327,#2328,#2329,#2330,#2331,#2332,#2333,#2334,#2335,
#2336,#2337,#2338,#2339,#2340,#2341,#2342,#2343,#2344,#2345,#2346,#2347,
#2348,#2349,#2350,#2351,#2352,#2353,#2354),.UNSPECIFIED.,.F.,.F.,(4,3,3,
3,3,3,3,3,3,3,3,3,3,3,3,3,3,3,3,3,3,3,3,3,3,3,3,3,3,3,3,3,3,3,3,3,3,3,3,
3,3,3,3,3,4),(0.,0.0083693325250982,0.0170136922300113,0.025996029327411,
0.0354117962947232,0.0454202443975828,0.0563314119310712,0.069057778029747,
0.0833707835477294,0.0956460826689427,0.10624254324029,0.116001132363813,
0.125211540128494,0.136923679499478,0.146548972907023,0.156616767328375,
0.167686241994362,0.179879208100186,0.193689041014713,0.211462088510444,
0.223932323538397,0.235053446071641,0.245407037569587,0.255231771072147,
0.26512111947839,0.275011000745554,0.285320932572465,0.2961794365417,0.307810246627618,
0.320814426302809,0.336416181051861,0.351106526546143,0.363458242043284,
0.374736023315804,0.385333530080763,0.395439489912899,0.408509553673786,
0.418610250408521,0.429454648112,0.440960976183676,0.453446985576467,0.468079644857648,
0.484039822428824,0.497229865462783,0.5),.UNSPECIFIED.);
#213=B_SPLINE_CURVE_WITH_KNOTS('',3,(#2532,#2533,#2534,#2535,#2536,#2537,
#2538,#2539),.UNSPECIFIED.,.F.,.F.,(4,1,1,1,1,4),(0.,0.2,0.4,0.6,0.8,1.),
 .UNSPECIFIED.);
#214=B_SPLINE_CURVE_WITH_KNOTS('',3,(#2541,#2542,#2543,#2544,#2545,#2546,
#2547,#2548,#2549,#2550,#2551,#2552,#2553,#2554,#2555,#2556,#2557,#2558,
#2559,#2560,#2561,#2562,#2563,#2564,#2565,#2566,#2567,#2568,#2569,#2570,
#2571,#2572,#2573,#2574,#2575,#2576,#2577,#2578,#2579,#2580,#2581,#2582,
#2583,#2584,#2585,#2586,#2587,#2588,#2589,#2590,#2591,#2592,#2593,#2594,
#2595,#2596,#2597,#2598,#2599,#2600,#2601,#2602,#2603,#2604,#2605,#2606,
#2607,#2608,#2609,#2610,#2611,#2612,#2613,#2614,#2615,#2616,#2617,#2618,
#2619,#2620,#2621,#2622,#2623,#2624,#2625,#2626,#2627,#2628,#2629,#2630,
#2631,#2632,#2633,#2634,#2635,#2636,#2637,#2638,#2639,#2640,#2641,#2642,
#2643,#2644,#2645,#2646,#2647,#2648,#2649,#2650,#2651,#2652,#2653,#2654,
#2655,#2656,#2657,#2658,#2659,#2660,#2661,#2662,#2663,#2664,#2665,#2666,
#2667,#2668,#2669,#2670,#2671,#2672,#2673,#2674,#2675,#2676,#2677,#2678,
#2679,#2680,#2681,#2682),.UNSPECIFIED.,.F.,.F.,(4,3,3,3,3,3,3,3,3,3,3,3,
3,3,3,3,3,3,3,3,3,3,3,3,3,3,3,3,3,3,3,3,3,3,3,3,3,3,3,3,3,3,3,3,3,3,3,4),
(0.500000000000001,0.511468607912288,0.522178876324465,0.532356245036062,
0.54235390038084,0.55210896263405,0.562315239985204,0.573132096802441,0.584849379503549,
0.598324704225103,0.614962047691233,0.627600268401253,0.639237760013714,
0.650511580013286,0.66067596872519,0.670341281401781,0.680643116357976,
0.690823070013059,0.701635839396042,0.713403300784992,0.726947748982365,
0.744013514670968,0.757258969888222,0.768723293165354,0.77928934133295,
0.7892649975663,0.798771612465883,0.811348386686765,0.820263559933978,0.829851555279972,
0.840675047157595,0.857067737933991,0.868059146066745,0.877696884493492,
0.886620587417036,0.89506655655448,0.903763913385056,0.911712460560085,
0.920162067991489,0.929376131985739,0.940471953708469,0.953238111084661,
0.962920888859767,0.971616435388597,0.979521259690673,0.987123265365631,
0.994359394566776,1.),.UNSPECIFIED.);
#215=B_SPLINE_CURVE_WITH_KNOTS('',3,(#2683,#2684,#2685,#2686,#2687),
 .UNSPECIFIED.,.F.,.F.,(4,1,4),(-0.499944635550235,-0.285714285714286,0.),
 .UNSPECIFIED.);
#216=B_SPLINE_CURVE_WITH_KNOTS('',3,(#2866,#2867,#2868,#2869,#2870,#2871,
#2872,#2873,#2874,#2875,#2876,#2877,#2878,#2879,#2880,#2881,#2882,#2883,
#2884,#2885,#2886,#2887),.UNSPECIFIED.,.F.,.F.,(4,1,1,1,1,1,1,1,1,1,1,1,
1,1,1,1,1,1,1,4),(0.,0.0526315789473684,0.105263157894737,0.157894736842105,
0.210526315789474,0.263157894736842,0.315789473684211,0.368421052631579,
0.421052631578947,0.473684210526316,0.526315789473684,0.578947368421053,
0.631578947368421,0.684210526315789,0.736842105263158,0.789473684210526,
0.842105263157895,0.894736842105263,0.947368421052632,1.),.UNSPECIFIED.);
#217=B_SPLINE_CURVE_WITH_KNOTS('',3,(#2889,#2890,#2891,#2892,#2893,#2894,
#2895,#2896),.UNSPECIFIED.,.F.,.F.,(4,1,1,1,1,4),(0.,0.2,0.4,0.6,0.8,1.),
 .UNSPECIFIED.);
#218=B_SPLINE_CURVE_WITH_KNOTS('',3,(#2898,#2899,#2900,#2901,#2902,#2903,
#2904,#2905,#2906,#2907,#2908,#2909,#2910,#2911,#2912,#2913,#2914,#2915,
#2916,#2917,#2918,#2919,#2920,#2921,#2922,#2923,#2924,#2925,#2926,#2927,
#2928,#2929,#2930,#2931,#2932,#2933,#2934,#2935,#2936,#2937,#2938,#2939,
#2940,#2941,#2942,#2943,#2944,#2945,#2946,#2947,#2948,#2949,#2950,#2951,
#2952,#2953,#2954,#2955,#2956,#2957,#2958,#2959,#2960,#2961,#2962,#2963,
#2964,#2965,#2966,#2967,#2968,#2969,#2970,#2971,#2972,#2973,#2974,#2975,
#2976,#2977,#2978,#2979,#2980,#2981,#2982,#2983,#2984,#2985,#2986,#2987,
#2988,#2989,#2990,#2991,#2992,#2993,#2994,#2995,#2996,#2997,#2998,#2999,
#3000,#3001,#3002,#3003,#3004,#3005,#3006,#3007,#3008,#3009,#3010,#3011,
#3012,#3013,#3014,#3015,#3016,#3017,#3018,#3019,#3020,#3021,#3022,#3023,
#3024,#3025,#3026,#3027,#3028,#3029,#3030,#3031,#3032,#3033,#3034,#3035,
#3036,#3037,#3038,#3039),.UNSPECIFIED.,.F.,.F.,(4,3,3,3,3,3,3,3,3,3,3,3,
3,3,3,3,3,3,3,3,3,3,3,3,3,3,3,3,3,3,3,3,3,3,3,3,3,3,3,3,3,3,3,3,3,3,3,4),
(0.499999999999999,0.511468607912482,0.522178876324821,0.532356245036819,
0.54235390038385,0.552108962636702,0.562315239988077,0.573132096805827,
0.584849379507058,0.598324704229346,0.614962047693878,0.627600268403122,
0.639237760015525,0.65051158001504,0.660675968727268,0.670341281403436,
0.680643116359579,0.690823070014909,0.70163583939831,0.713403300787484,
0.726947748985632,0.74401351467403,0.757258969888801,0.76872329316627,0.779289341334021,
0.789264997567359,0.798771612466748,0.811348386687576,0.820263559934536,
0.829851555280692,0.840675047158909,0.857067737935991,0.868059146067887,
0.877696884494435,0.886620587418121,0.895066556555487,0.903763913391336,
0.911712460566709,0.920162067998326,0.929376131992988,0.9404719537178,0.953238111089522,
0.962920888863912,0.971616435392118,0.97952125969403,0.987123265368934,
0.99435939457004,1.),.UNSPECIFIED.);
#219=B_SPLINE_CURVE_WITH_KNOTS('',3,(#3040,#3041,#3042,#3043,#3044),
 .UNSPECIFIED.,.F.,.F.,(4,1,4),(-0.499943075292073,-0.285714285714286,0.),
 .UNSPECIFIED.);
#220=B_SPLINE_CURVE_WITH_KNOTS('',3,(#3222,#3223,#3224,#3225,#3226,#3227,
#3228,#3229,#3230,#3231,#3232,#3233,#3234,#3235,#3236,#3237,#3238,#3239,
#3240,#3241,#3242,#3243),.UNSPECIFIED.,.F.,.F.,(4,1,1,1,1,1,1,1,1,1,1,1,
1,1,1,1,1,1,1,4),(0.,0.0526315789473684,0.105263157894737,0.157894736842105,
0.210526315789474,0.263157894736842,0.315789473684211,0.368421052631579,
0.421052631578947,0.473684210526316,0.526315789473684,0.578947368421053,
0.631578947368421,0.684210526315789,0.736842105263158,0.789473684210526,
0.842105263157895,0.894736842105263,0.947368421052632,1.),.UNSPECIFIED.);
#221=B_SPLINE_CURVE_WITH_KNOTS('',3,(#3245,#3246,#3247,#3248,#3249),
 .UNSPECIFIED.,.F.,.F.,(4,1,4),(0.,0.285714285714286,0.499943075291578),
 .UNSPECIFIED.);
#222=B_SPLINE_CURVE_WITH_KNOTS('',3,(#3251,#3252,#3253,#3254,#3255,#3256,
#3257,#3258,#3259,#3260,#3261,#3262,#3263,#3264,#3265,#3266,#3267,#3268,
#3269,#3270,#3271,#3272,#3273,#3274,#3275,#3276,#3277,#3278,#3279,#3280,
#3281,#3282,#3283,#3284,#3285,#3286,#3287,#3288,#3289,#3290,#3291,#3292,
#3293,#3294,#3295,#3296,#3297,#3298,#3299,#3300,#3301,#3302,#3303,#3304,
#3305,#3306,#3307,#3308,#3309,#3310,#3311,#3312,#3313,#3314,#3315,#3316,
#3317,#3318,#3319,#3320,#3321,#3322,#3323,#3324,#3325,#3326,#3327,#3328,
#3329,#3330,#3331,#3332,#3333,#3334,#3335,#3336,#3337,#3338,#3339,#3340,
#3341,#3342,#3343,#3344,#3345,#3346,#3347,#3348,#3349,#3350,#3351,#3352,
#3353,#3354,#3355,#3356,#3357,#3358,#3359,#3360,#3361,#3362,#3363,#3364,
#3365,#3366,#3367,#3368,#3369,#3370,#3371,#3372,#3373,#3374,#3375,#3376,
#3377,#3378,#3379,#3380,#3381,#3382,#3383),.UNSPECIFIED.,.F.,.F.,(4,3,3,
3,3,3,3,3,3,3,3,3,3,3,3,3,3,3,3,3,3,3,3,3,3,3,3,3,3,3,3,3,3,3,3,3,3,3,3,
3,3,3,3,3,4),(0.,0.00836926784057307,0.0170135494176543,0.0259957887666513,
0.0354114270943692,0.0454196920013948,0.0563305595661078,0.0690564767924374,
0.0833715471030983,0.095647113454102,0.106243680438725,0.116002333755773,
0.125212786711975,0.136920697099052,0.146545779714697,0.156613300571833,
0.167682146817026,0.179874023999503,0.193682267286355,0.211461012035996,
0.223932022865857,0.235053526072707,0.245407363894073,0.255232277224882,
0.265120188478117,0.275009867342606,0.285319542217604,0.296177700416461,
0.307807999602398,0.320811694025342,0.33641203363798,0.351105430993401,
0.363458231054985,0.374736638847474,0.385334577667337,0.39544086387705,
0.408493995779724,0.418593700176693,0.429436199357207,0.440939874132008,
0.453421712465009,0.468046796053846,0.483956357576145,0.497162932308752,
0.499865919098444),.UNSPECIFIED.);
#223=B_SPLINE_CURVE_WITH_KNOTS('',3,(#3384,#3385,#3386,#3387),
 .UNSPECIFIED.,.F.,.F.,(4,4),(0.499865919098444,0.499999999999999),
 .UNSPECIFIED.);
#224=B_SPLINE_CURVE_WITH_KNOTS('',3,(#3565,#3566,#3567,#3568,#3569,#3570,
#3571,#3572),.UNSPECIFIED.,.F.,.F.,(4,1,1,1,1,4),(0.,0.2,0.4,0.6,0.8,1.),
 .UNSPECIFIED.);
#225=B_SPLINE_CURVE_WITH_KNOTS('',3,(#3574,#3575,#3576,#3577,#3578,#3579,
#3580,#3581,#3582,#3583,#3584,#3585,#3586,#3587,#3588,#3589,#3590,#3591,
#3592,#3593,#3594,#3595,#3596,#3597,#3598,#3599,#3600,#3601,#3602,#3603,
#3604,#3605,#3606,#3607,#3608,#3609,#3610,#3611,#3612,#3613,#3614,#3615,
#3616,#3617,#3618,#3619,#3620,#3621,#3622,#3623,#3624,#3625,#3626,#3627,
#3628,#3629,#3630,#3631,#3632,#3633,#3634,#3635,#3636,#3637,#3638,#3639,
#3640,#3641,#3642,#3643,#3644,#3645,#3646,#3647,#3648,#3649,#3650,#3651,
#3652,#3653,#3654,#3655,#3656,#3657,#3658,#3659,#3660,#3661,#3662,#3663,
#3664,#3665,#3666,#3667,#3668,#3669,#3670,#3671,#3672,#3673,#3674,#3675,
#3676,#3677,#3678,#3679,#3680,#3681,#3682,#3683,#3684,#3685,#3686,#3687,
#3688,#3689,#3690,#3691,#3692,#3693,#3694,#3695,#3696,#3697,#3698,#3699,
#3700,#3701,#3702,#3703,#3704,#3705,#3706,#3707,#3708,#3709,#3710,#3711,
#3712,#3713,#3714,#3715),.UNSPECIFIED.,.F.,.F.,(4,3,3,3,3,3,3,3,3,3,3,3,
3,3,3,3,3,3,3,3,3,3,3,3,3,3,3,3,3,3,3,3,3,3,3,3,3,3,3,3,3,3,3,3,3,3,3,4),
(0.5,0.511468607892509,0.522178876291405,0.532356244994067,0.542353900595193,
0.552108962892855,0.562315240324449,0.573132097237773,0.584849380066175,
0.598324705030005,0.61496204823344,0.627600268907644,0.63923776050428,0.650511580488522,
0.660675969223522,0.670341281919498,0.680643116859514,0.690823070566969,
0.701635840009407,0.713403301470961,0.726947749775826,0.744013515414836,
0.757258970646664,0.768723293955789,0.779289342157081,0.789264998424357,
0.79877161336007,0.811348387525065,0.820263560755809,0.829851556086584,
0.840675047958237,0.857067738832155,0.868059146896738,0.87769688528203,
0.886620588172716,0.895066557281839,0.903763914815178,0.911712462014862,
0.920162069492909,0.929376133582468,0.94047195570654,0.953238112285561,
0.962920889888153,0.971616436313028,0.979521260549591,0.987123266167226,
0.99435939532583,1.),.UNSPECIFIED.);
#226=B_SPLINE_CURVE_WITH_KNOTS('',3,(#3716,#3717,#3718,#3719,#3720,#3721),
 .UNSPECIFIED.,.F.,.F.,(4,1,1,4),(0.499943075291578,0.571428571428571,0.857142857142857,
1.),.UNSPECIFIED.);
#227=B_SPLINE_CURVE_WITH_KNOTS('',3,(#3899,#3900,#3901,#3902,#3903,#3904,
#3905,#3906,#3907,#3908,#3909,#3910,#3911,#3912,#3913,#3914,#3915,#3916,
#3917,#3918,#3919,#3920),.UNSPECIFIED.,.F.,.F.,(4,1,1,1,1,1,1,1,1,1,1,1,
1,1,1,1,1,1,1,4),(0.,0.0526315789473684,0.105263157894737,0.157894736842105,
0.210526315789474,0.263157894736842,0.315789473684211,0.368421052631579,
0.421052631578947,0.473684210526316,0.526315789473684,0.578947368421053,
0.631578947368421,0.684210526315789,0.736842105263158,0.789473684210526,
0.842105263157895,0.894736842105263,0.947368421052632,1.),.UNSPECIFIED.);
#228=B_SPLINE_CURVE_WITH_KNOTS('',3,(#3922,#3923,#3924,#3925,#3926,#3927),
 .UNSPECIFIED.,.F.,.F.,(4,1,1,4),(-1.,-0.857142857142857,-0.571428571428571,
-0.499942721796446),.UNSPECIFIED.);
#229=B_SPLINE_CURVE_WITH_KNOTS('',3,(#3929,#3930,#3931,#3932,#3933,#3934,
#3935,#3936,#3937,#3938,#3939,#3940,#3941,#3942,#3943,#3944,#3945,#3946,
#3947,#3948,#3949,#3950,#3951,#3952,#3953,#3954,#3955,#3956,#3957,#3958,
#3959,#3960,#3961,#3962,#3963,#3964,#3965,#3966,#3967,#3968,#3969,#3970,
#3971,#3972,#3973,#3974,#3975,#3976,#3977,#3978,#3979,#3980,#3981,#3982,
#3983,#3984,#3985,#3986,#3987,#3988,#3989,#3990,#3991,#3992,#3993,#3994,
#3995,#3996,#3997,#3998,#3999,#4000,#4001,#4002,#4003,#4004,#4005,#4006,
#4007,#4008,#4009,#4010,#4011,#4012,#4013,#4014,#4015,#4016,#4017,#4018,
#4019,#4020,#4021,#4022,#4023,#4024,#4025,#4026,#4027,#4028,#4029,#4030,
#4031,#4032,#4033,#4034,#4035,#4036,#4037,#4038,#4039,#4040,#4041,#4042,
#4043,#4044,#4045,#4046,#4047,#4048,#4049,#4050,#4051,#4052,#4053,#4054,
#4055,#4056,#4057,#4058,#4059,#4060,#4061),.UNSPECIFIED.,.F.,.F.,(4,3,3,
3,3,3,3,3,3,3,3,3,3,3,3,3,3,3,3,3,3,3,3,3,3,3,3,3,3,3,3,3,3,3,3,3,3,3,3,
3,3,3,3,3,4),(0.,0.00836926786278297,0.0170135494631078,0.0259957888366292,
0.0354114271905915,0.0454196921267312,0.0563305597259391,0.0690564770193932,
0.0833715473573929,0.0956471137207533,0.106243680724427,0.116002334060982,
0.125212787036966,0.136920697315498,0.146545779962205,0.156613300853543,
0.167682147135792,0.179874024364764,0.193682267759151,0.211461012464858,
0.223932023311086,0.235053526538661,0.245407364381225,0.255232277733512,
0.265120189561655,0.275009868469678,0.285319543399188,0.296177701669854,
0.307808000960866,0.320811695608906,0.33641203579158,0.351105432699199,
0.363458232605043,0.374736640310072,0.385334579070957,0.39544086523701,
0.408493996576136,0.418593701016626,0.429436200242592,0.440939875079646,
0.453421713508832,0.468046797439857,0.483956356694935,0.497162931689721,
0.499865915950014),.UNSPECIFIED.);
#230=B_SPLINE_CURVE_WITH_KNOTS('',3,(#4062,#4063,#4064,#4065),
 .UNSPECIFIED.,.F.,.F.,(4,4),(0.499865915950014,0.5),.UNSPECIFIED.);
#231=B_SPLINE_CURVE_WITH_KNOTS('',3,(#4243,#4244,#4245,#4246,#4247,#4248,
#4249,#4250),.UNSPECIFIED.,.F.,.F.,(4,1,1,1,1,4),(0.,0.2,0.4,0.6,0.8,1.),
 .UNSPECIFIED.);
#232=B_SPLINE_CURVE_WITH_KNOTS('',3,(#4252,#4253,#4254,#4255,#4256,#4257,
#4258,#4259,#4260,#4261,#4262,#4263,#4264,#4265,#4266,#4267,#4268,#4269,
#4270,#4271,#4272,#4273,#4274,#4275,#4276,#4277,#4278,#4279,#4280,#4281,
#4282,#4283,#4284,#4285,#4286,#4287,#4288,#4289,#4290,#4291,#4292,#4293,
#4294,#4295,#4296,#4297,#4298,#4299,#4300,#4301,#4302,#4303,#4304,#4305,
#4306,#4307,#4308,#4309,#4310,#4311,#4312,#4313,#4314,#4315,#4316,#4317,
#4318,#4319,#4320,#4321,#4322,#4323,#4324,#4325,#4326,#4327,#4328,#4329,
#4330,#4331,#4332,#4333,#4334,#4335,#4336,#4337,#4338,#4339,#4340,#4341,
#4342,#4343,#4344,#4345,#4346,#4347,#4348,#4349,#4350,#4351,#4352,#4353,
#4354,#4355,#4356,#4357,#4358,#4359,#4360,#4361,#4362,#4363,#4364,#4365,
#4366,#4367,#4368,#4369,#4370,#4371,#4372,#4373,#4374,#4375,#4376,#4377,
#4378,#4379,#4380,#4381,#4382,#4383,#4384,#4385,#4386,#4387,#4388,#4389,
#4390,#4391,#4392,#4393),.UNSPECIFIED.,.F.,.F.,(4,3,3,3,3,3,3,3,3,3,3,3,
3,3,3,3,3,3,3,3,3,3,3,3,3,3,3,3,3,3,3,3,3,3,3,3,3,3,3,3,3,3,3,3,3,3,3,4),
(0.500000000000001,0.511468608050829,0.522178876552676,0.532356245326998,
0.542353899829501,0.55210896205529,0.562315239256089,0.573132095862817,
0.58484937822982,0.598324702142303,0.61496204704777,0.627600268205783,0.639237759824352,
0.650511579829841,0.660675968679498,0.67034128151722,0.680643116469807,
0.690823069971474,0.701635839137619,0.713403300176006,0.726947747614836,
0.744013513388909,0.757258969419803,0.768723293025118,0.779289341391271,
0.78926499776561,0.798771612888827,0.811348387083275,0.820263560067922,
0.829851555060455,0.840675046261707,0.857067733002757,0.8680591422681,0.87769688112822,
0.886620584287131,0.895066553568666,0.903763895792116,0.911712441834006,
0.92016204768552,0.929376109142652,0.940471922600409,0.953238093612186,
0.962920873720985,0.971616421401815,0.979521246229655,0.987123252302897,
0.994359381666859,1.),.UNSPECIFIED.);
#233=B_SPLINE_CURVE_WITH_KNOTS('',3,(#4394,#4395,#4396,#4397,#4398),
 .UNSPECIFIED.,.F.,.F.,(4,1,4),(-0.499942721796446,-0.285714285714286,0.),
 .UNSPECIFIED.);
#234=B_SPLINE_CURVE_WITH_KNOTS('',3,(#4577,#4578,#4579,#4580,#4581,#4582,
#4583,#4584,#4585,#4586,#4587,#4588,#4589,#4590,#4591,#4592,#4593,#4594,
#4595,#4596,#4597,#4598),.UNSPECIFIED.,.F.,.F.,(4,1,1,1,1,1,1,1,1,1,1,1,
1,1,1,1,1,1,1,4),(0.,0.0526315789473684,0.105263157894737,0.157894736842105,
0.210526315789474,0.263157894736842,0.315789473684211,0.368421052631579,
0.421052631578947,0.473684210526316,0.526315789473684,0.578947368421053,
0.631578947368421,0.684210526315789,0.736842105263158,0.789473684210526,
0.842105263157895,0.894736842105263,0.947368421052632,1.),.UNSPECIFIED.);
#235=B_SPLINE_CURVE_WITH_KNOTS('',3,(#4600,#4601,#4602,#4603,#4604,#4605,
#4606,#4607),.UNSPECIFIED.,.F.,.F.,(4,1,1,1,1,4),(0.,0.2,0.4,0.6,0.8,1.),
 .UNSPECIFIED.);
#236=B_SPLINE_CURVE_WITH_KNOTS('',3,(#4609,#4610,#4611,#4612,#4613,#4614,
#4615,#4616,#4617,#4618,#4619,#4620,#4621,#4622,#4623,#4624,#4625,#4626,
#4627,#4628,#4629,#4630,#4631,#4632,#4633,#4634,#4635,#4636,#4637,#4638,
#4639,#4640,#4641,#4642,#4643,#4644,#4645,#4646,#4647,#4648,#4649,#4650,
#4651,#4652,#4653,#4654,#4655,#4656,#4657,#4658,#4659,#4660,#4661,#4662,
#4663,#4664,#4665,#4666,#4667,#4668,#4669,#4670,#4671,#4672,#4673,#4674,
#4675,#4676,#4677,#4678,#4679,#4680,#4681,#4682,#4683,#4684,#4685,#4686,
#4687,#4688,#4689,#4690,#4691,#4692,#4693,#4694,#4695,#4696,#4697,#4698,
#4699,#4700,#4701,#4702,#4703,#4704,#4705,#4706,#4707,#4708,#4709,#4710,
#4711,#4712,#4713,#4714,#4715,#4716,#4717,#4718,#4719,#4720,#4721,#4722,
#4723,#4724,#4725,#4726,#4727,#4728,#4729,#4730,#4731,#4732,#4733,#4734,
#4735,#4736,#4737,#4738,#4739,#4740,#4741,#4742,#4743,#4744,#4745,#4746,
#4747,#4748,#4749,#4750),.UNSPECIFIED.,.F.,.F.,(4,3,3,3,3,3,3,3,3,3,3,3,
3,3,3,3,3,3,3,3,3,3,3,3,3,3,3,3,3,3,3,3,3,3,3,3,3,3,3,3,3,3,3,3,3,3,3,4),
(0.5,0.511468608074886,0.522178876589609,0.532356245373366,0.542353899628013,
0.552108961809796,0.562315238931786,0.57313209544338,0.584849377687082,
0.598324701363065,0.614962046520816,0.627600267711673,0.639237759345684,
0.650511579366131,0.66067596819293,0.670341281009892,0.680643115978333,
0.690823069428617,0.701635838536814,0.713403299504545,0.726947746840421,
0.744013512662895,0.757258968674248,0.768723292246071,0.779289340577899,
0.789264996916988,0.798771612003466,0.811348386253249,0.820263559255869,
0.829851554266058,0.840675045478728,0.857067732144555,0.868059141470807,
0.877696880369282,0.886620583558907,0.895066552867521,0.903763894479671,
0.91171244050378,0.920162046318046,0.929376107695935,0.940471920802781,
0.953238092524024,0.962920872791724,0.971616420567707,0.979521245457468,
0.987123251585124,0.994359380990339,1.),.UNSPECIFIED.);
#237=B_SPLINE_CURVE_WITH_KNOTS('',3,(#4751,#4752,#4753,#4754,#4755),
 .UNSPECIFIED.,.F.,.F.,(4,1,4),(-0.499943577260572,-0.285714285714286,0.),
 .UNSPECIFIED.);
#238=B_SPLINE_CURVE_WITH_KNOTS('',3,(#4933,#4934,#4935,#4936,#4937,#4938,
#4939,#4940,#4941,#4942,#4943,#4944,#4945,#4946,#4947,#4948,#4949,#4950,
#4951,#4952,#4953,#4954),.UNSPECIFIED.,.F.,.F.,(4,1,1,1,1,1,1,1,1,1,1,1,
1,1,1,1,1,1,1,4),(0.,0.0526315789473684,0.105263157894737,0.157894736842105,
0.210526315789474,0.263157894736842,0.315789473684211,0.368421052631579,
0.421052631578947,0.473684210526316,0.526315789473684,0.578947368421053,
0.631578947368421,0.684210526315789,0.736842105263158,0.789473684210526,
0.842105263157895,0.894736842105263,0.947368421052632,1.),.UNSPECIFIED.);
#239=B_SPLINE_CURVE_WITH_KNOTS('',3,(#4956,#4957,#4958,#4959,#4960),
 .UNSPECIFIED.,.F.,.F.,(4,1,4),(0.,0.285714285714286,0.499944635549749),
 .UNSPECIFIED.);
#240=B_SPLINE_CURVE_WITH_KNOTS('',3,(#4961,#4962,#4963,#4964,#4965,#4966,
#4967,#4968,#4969,#4970,#4971,#4972,#4973,#4974,#4975,#4976,#4977,#4978,
#4979,#4980,#4981,#4982,#4983,#4984,#4985,#4986,#4987,#4988,#4989,#4990,
#4991,#4992,#4993,#4994,#4995,#4996,#4997,#4998,#4999,#5000,#5001,#5002,
#5003,#5004,#5005,#5006,#5007,#5008,#5009,#5010,#5011,#5012,#5013,#5014,
#5015,#5016,#5017,#5018,#5019,#5020,#5021,#5022,#5023,#5024,#5025,#5026,
#5027,#5028,#5029,#5030,#5031,#5032,#5033,#5034,#5035,#5036,#5037,#5038,
#5039,#5040,#5041,#5042,#5043,#5044,#5045,#5046,#5047,#5048,#5049,#5050,
#5051,#5052,#5053,#5054,#5055,#5056,#5057,#5058,#5059,#5060,#5061,#5062,
#5063,#5064,#5065,#5066,#5067,#5068,#5069,#5070,#5071,#5072,#5073,#5074,
#5075,#5076,#5077,#5078,#5079,#5080,#5081,#5082,#5083,#5084,#5085,#5086,
#5087,#5088,#5089,#5090,#5091,#5092,#5093),.UNSPECIFIED.,.F.,.F.,(4,3,3,
3,3,3,3,3,3,3,3,3,3,3,3,3,3,3,3,3,3,3,3,3,3,3,3,3,3,3,3,3,3,3,3,3,3,3,3,
3,3,3,3,3,4),(0.,0.00836933250055197,0.0170136921778198,0.0259960292433207,
0.0354117961719043,0.0454202442242574,0.0563314116827111,0.0690577775947819,
0.0833707833756566,0.0956460825751232,0.106242543170154,0.116001132303323,
0.125211540071931,0.136923679444683,0.146548972768473,0.156616767088291,
0.167686241602024,0.179879207463308,0.193689039830141,0.211462088428331,
0.223932323587957,0.235053446172109,0.2454070376941,0.255231771208109,0.265121116956798,
0.275010998022258,0.285320929598248,0.296179433236485,0.307810242843081,
0.32081442155627,0.336416173801638,0.351106521429066,0.363458237666069,
0.374736019356572,0.385333526403342,0.39543948644371,0.408509550638247,
0.418610247105279,0.429454644438588,0.440960972000535,0.453446980604644,
0.468079637843819,0.48403981892191,0.497229862600133,0.5),.UNSPECIFIED.);
#241=B_SPLINE_CURVE_WITH_KNOTS('',3,(#5271,#5272,#5273,#5274,#5275,#5276,
#5277,#5278),.UNSPECIFIED.,.F.,.F.,(4,1,1,1,1,4),(0.,0.2,0.4,0.6,0.8,1.),
 .UNSPECIFIED.);
#242=B_SPLINE_CURVE_WITH_KNOTS('',3,(#5280,#5281,#5282,#5283,#5284,#5285,
#5286,#5287,#5288,#5289,#5290,#5291,#5292,#5293,#5294,#5295,#5296,#5297,
#5298,#5299,#5300,#5301,#5302,#5303,#5304,#5305,#5306,#5307,#5308,#5309,
#5310,#5311,#5312,#5313,#5314,#5315,#5316,#5317,#5318,#5319,#5320,#5321,
#5322,#5323,#5324,#5325,#5326,#5327,#5328,#5329,#5330,#5331,#5332,#5333,
#5334,#5335,#5336,#5337,#5338,#5339,#5340,#5341,#5342,#5343,#5344,#5345,
#5346,#5347,#5348,#5349,#5350,#5351,#5352,#5353,#5354,#5355,#5356,#5357,
#5358,#5359,#5360,#5361,#5362,#5363,#5364,#5365,#5366,#5367,#5368,#5369,
#5370,#5371,#5372,#5373,#5374,#5375,#5376,#5377,#5378,#5379,#5380,#5381,
#5382,#5383,#5384,#5385,#5386,#5387,#5388,#5389,#5390,#5391,#5392,#5393,
#5394,#5395,#5396,#5397,#5398,#5399,#5400,#5401,#5402,#5403,#5404,#5405,
#5406,#5407,#5408,#5409,#5410,#5411,#5412,#5413,#5414,#5415,#5416,#5417,
#5418,#5419,#5420,#5421),.UNSPECIFIED.,.F.,.F.,(4,3,3,3,3,3,3,3,3,3,3,3,
3,3,3,3,3,3,3,3,3,3,3,3,3,3,3,3,3,3,3,3,3,3,3,3,3,3,3,3,3,3,3,3,3,3,3,4),
(0.5,0.511468607890483,0.522178876289035,0.532356244991334,0.542353900590851,
0.55210896288808,0.562315240319145,0.573132097232102,0.584849380059494,
0.598324705022338,0.614962048228321,0.627600268902809,0.639237760499596,
0.650511580483983,0.660675969219093,0.670341281915469,0.680643116855611,
0.690823070563034,0.701635840005386,0.713403301466892,0.726947749771762,
0.744013515411027,0.757258970644412,0.768723293953286,0.77928934215487,
0.789264998422474,0.798771613358281,0.811348387523389,0.820263560754053,
0.829851556084638,0.840675047955617,0.857067738829387,0.868059146894568,
0.877696885280258,0.886620588171157,0.895066557280294,0.903763914810327,
0.911712462009678,0.920162069487374,0.92937613357659,0.940471955699189,
0.953238112281447,0.96292088988425,0.971616436309522,0.979521260546001,
0.987123266163696,0.994359395322361,1.),.UNSPECIFIED.);
#243=B_SPLINE_CURVE_WITH_KNOTS('',3,(#5422,#5423,#5424,#5425,#5426,#5427),
 .UNSPECIFIED.,.F.,.F.,(4,1,1,4),(0.499944635549749,0.571428571428571,0.857142857142857,
1.),.UNSPECIFIED.);
#244=B_SPLINE_CURVE_WITH_KNOTS('',3,(#5605,#5606,#5607,#5608,#5609,#5610,
#5611,#5612,#5613,#5614,#5615,#5616,#5617,#5618,#5619,#5620,#5621,#5622,
#5623,#5624,#5625,#5626),.UNSPECIFIED.,.F.,.F.,(4,1,1,1,1,1,1,1,1,1,1,1,
1,1,1,1,1,1,1,4),(0.,0.0526315789473684,0.105263157894737,0.157894736842105,
0.210526315789474,0.263157894736842,0.315789473684211,0.368421052631579,
0.421052631578947,0.473684210526316,0.526315789473684,0.578947368421053,
0.631578947368421,0.684210526315789,0.736842105263158,0.789473684210526,
0.842105263157895,0.894736842105263,0.947368421052632,1.),.UNSPECIFIED.);
#245=B_SPLINE_CURVE_WITH_KNOTS('',3,(#5628,#5629,#5630,#5631,#5632,#5633),
 .UNSPECIFIED.,.F.,.F.,(4,1,1,4),(-1.,-0.857142857142857,-0.571428571428571,
-0.499943075292076),.UNSPECIFIED.);
#246=B_SPLINE_CURVE_WITH_KNOTS('',3,(#5634,#5635,#5636,#5637,#5638,#5639,
#5640,#5641,#5642,#5643,#5644,#5645,#5646,#5647,#5648,#5649,#5650,#5651,
#5652,#5653,#5654,#5655,#5656,#5657,#5658,#5659,#5660,#5661,#5662,#5663,
#5664,#5665,#5666,#5667,#5668,#5669,#5670,#5671,#5672,#5673,#5674,#5675,
#5676,#5677,#5678,#5679,#5680,#5681,#5682,#5683,#5684,#5685,#5686,#5687,
#5688,#5689,#5690,#5691,#5692,#5693,#5694,#5695,#5696,#5697,#5698,#5699,
#5700,#5701,#5702,#5703,#5704,#5705,#5706,#5707,#5708,#5709,#5710,#5711,
#5712,#5713,#5714,#5715,#5716,#5717,#5718,#5719,#5720,#5721,#5722,#5723,
#5724,#5725,#5726,#5727,#5728,#5729,#5730,#5731,#5732,#5733,#5734,#5735,
#5736,#5737,#5738,#5739,#5740,#5741,#5742,#5743,#5744,#5745,#5746,#5747,
#5748,#5749,#5750,#5751,#5752,#5753,#5754,#5755,#5756,#5757,#5758,#5759,
#5760,#5761,#5762,#5763,#5764,#5765,#5766),.UNSPECIFIED.,.F.,.F.,(4,3,3,
3,3,3,3,3,3,3,3,3,3,3,3,3,3,3,3,3,3,3,3,3,3,3,3,3,3,3,3,3,3,3,3,3,3,3,3,
3,3,3,3,3,4),(0.,0.00836933252509285,0.0170136922300279,0.0259960293274653,
0.035411796294874,0.0454202443976609,0.056331411931274,0.06905777803048,
0.0833707835482274,0.0956460826691237,0.106242543240383,0.116001132363688,
0.125211540128495,0.136923679499479,0.146548972907079,0.156616767328354,
0.167686241994378,0.179879208100355,0.19368904101556,0.211462088511058,
0.223932323539159,0.235053446072391,0.245407037570348,0.255231771072858,
0.265121119497755,0.275011000765648,0.285320932593377,0.296179436563963,
0.307810246652237,0.320814426332178,0.336416181074552,0.351106526563975,
0.363458242058917,0.374736023330261,0.385333530094564,0.395439489926151,
0.408509553685382,0.418610250421077,0.42945464812522,0.440960976197871,
0.453446985592588,0.468079644876871,0.484039822438435,0.497229865471128,
0.5),.UNSPECIFIED.);
#247=B_SPLINE_CURVE_WITH_KNOTS('',3,(#5944,#5945,#5946,#5947,#5948,#5949,
#5950,#5951),.UNSPECIFIED.,.F.,.F.,(4,1,1,1,1,4),(0.,0.2,0.4,0.6,0.8,1.),
 .UNSPECIFIED.);
#248=B_SPLINE_CURVE_WITH_KNOTS('',3,(#5953,#5954,#5955,#5956,#5957,#5958,
#5959,#5960,#5961,#5962,#5963,#5964,#5965,#5966,#5967,#5968,#5969,#5970,
#5971,#5972,#5973,#5974,#5975,#5976,#5977,#5978,#5979,#5980,#5981,#5982,
#5983,#5984,#5985,#5986,#5987,#5988,#5989,#5990,#5991,#5992,#5993,#5994,
#5995,#5996,#5997,#5998,#5999,#6000,#6001,#6002,#6003,#6004,#6005,#6006,
#6007,#6008,#6009,#6010,#6011,#6012,#6013,#6014,#6015,#6016,#6017,#6018,
#6019,#6020,#6021,#6022,#6023,#6024,#6025,#6026,#6027,#6028,#6029,#6030,
#6031,#6032,#6033,#6034,#6035,#6036,#6037,#6038,#6039,#6040,#6041,#6042,
#6043,#6044,#6045,#6046,#6047,#6048,#6049,#6050,#6051,#6052,#6053,#6054,
#6055,#6056,#6057,#6058,#6059,#6060,#6061,#6062,#6063,#6064,#6065,#6066,
#6067,#6068,#6069,#6070,#6071,#6072,#6073,#6074,#6075,#6076,#6077,#6078,
#6079,#6080,#6081,#6082,#6083,#6084,#6085,#6086,#6087,#6088,#6089,#6090,
#6091,#6092,#6093,#6094),.UNSPECIFIED.,.F.,.F.,(4,3,3,3,3,3,3,3,3,3,3,3,
3,3,3,3,3,3,3,3,3,3,3,3,3,3,3,3,3,3,3,3,3,3,3,3,3,3,3,3,3,3,3,3,3,3,3,4),
(0.500000000000001,0.511468608194402,0.522178876785016,0.532356245621703,
0.542353899290938,0.552108961488787,0.56231523854062,0.573132094937611,
0.584849376975087,0.598324700082202,0.61496204641805,0.627600268020646,
0.639237759645001,0.650511579656095,0.660675968644102,0.670341281642235,
0.680643116590915,0.6908230699401,0.701635838891053,0.713403299581169,0.726947746266662,
0.744013512124995,0.75725896896443,0.768723292896312,0.7792893414607,0.78926499797423,
0.798771613320381,0.811348387487857,0.820263560211804,0.829851554853622,
0.840675045382893,0.857067728117147,0.868059138506284,0.877696877796231,
0.886620581188107,0.895066550612301,0.90376387833638,0.911712423253199,
0.920162027536388,0.929376086476292,0.94047189172957,0.953238076274178,
0.962920858699708,0.971616407521356,0.979521232870581,0.987123239338773,
0.994359368864106,1.),.UNSPECIFIED.);
#249=B_SPLINE_CURVE_WITH_KNOTS('',3,(#6095,#6096,#6097,#6098,#6099),
 .UNSPECIFIED.,.F.,.F.,(4,1,4),(-0.499943075292076,-0.285714285714286,0.),
 .UNSPECIFIED.);
#250=B_SPLINE_CURVE_WITH_KNOTS('',3,(#6278,#6279,#6280,#6281,#6282,#6283,
#6284,#6285,#6286,#6287,#6288,#6289,#6290,#6291,#6292,#6293,#6294,#6295,
#6296,#6297,#6298,#6299),.UNSPECIFIED.,.F.,.F.,(4,1,1,1,1,1,1,1,1,1,1,1,
1,1,1,1,1,1,1,4),(0.,0.0526315789473684,0.105263157894737,0.157894736842105,
0.210526315789474,0.263157894736842,0.315789473684211,0.368421052631579,
0.421052631578947,0.473684210526316,0.526315789473684,0.578947368421053,
0.631578947368421,0.684210526315789,0.736842105263158,0.789473684210526,
0.842105263157895,0.894736842105263,0.947368421052632,1.),.UNSPECIFIED.);
#251=B_SPLINE_CURVE_WITH_KNOTS('',3,(#6301,#6302,#6303,#6304,#6305,#6306,
#6307,#6308),.UNSPECIFIED.,.F.,.F.,(4,1,1,1,1,4),(0.,0.2,0.4,0.6,0.8,1.),
 .UNSPECIFIED.);
#252=B_SPLINE_CURVE_WITH_KNOTS('',3,(#6310,#6311,#6312,#6313,#6314,#6315,
#6316,#6317,#6318,#6319,#6320,#6321,#6322,#6323,#6324,#6325,#6326,#6327,
#6328,#6329,#6330,#6331,#6332,#6333,#6334,#6335,#6336,#6337,#6338,#6339,
#6340,#6341,#6342,#6343,#6344,#6345,#6346,#6347,#6348,#6349,#6350,#6351,
#6352,#6353,#6354,#6355,#6356,#6357,#6358,#6359,#6360,#6361,#6362,#6363,
#6364,#6365,#6366,#6367,#6368,#6369,#6370,#6371,#6372,#6373,#6374,#6375,
#6376,#6377,#6378,#6379,#6380,#6381,#6382,#6383,#6384,#6385,#6386,#6387,
#6388,#6389,#6390,#6391,#6392,#6393,#6394,#6395,#6396,#6397,#6398,#6399,
#6400,#6401,#6402,#6403,#6404,#6405,#6406,#6407,#6408,#6409,#6410,#6411,
#6412,#6413,#6414,#6415,#6416,#6417,#6418,#6419,#6420,#6421,#6422,#6423,
#6424,#6425,#6426,#6427,#6428,#6429,#6430,#6431,#6432,#6433,#6434,#6435,
#6436,#6437,#6438,#6439,#6440,#6441,#6442,#6443,#6444,#6445,#6446,#6447,
#6448,#6449,#6450,#6451),.UNSPECIFIED.,.F.,.F.,(4,3,3,3,3,3,3,3,3,3,3,3,
3,3,3,3,3,3,3,3,3,3,3,3,3,3,3,3,3,3,3,3,3,3,3,3,3,3,3,3,3,3,3,3,3,3,3,4),
(0.5,0.511468607911903,0.522178876324075,0.532356245035565,0.542353900381333,
0.552108962634449,0.562315239985769,0.573132096803536,0.584849379504944,
0.598324704227066,0.614962047692446,0.627600268402187,0.639237760014618,
0.650511580014161,0.660675968725882,0.670341281402265,0.680643116358444,
0.690823070013591,0.701635839396684,0.713403300785785,0.726947748983663,
0.744013514672184,0.757258969889269,0.768723293166231,0.77928934133392,
0.789264997567276,0.798771612466785,0.811348386687611,0.820263559934842,
0.829851555281032,0.840675047158422,0.857067737935999,0.868059146068189,
0.877696884494753,0.886620587418316,0.895066556555746,0.903763913391715,
0.911712460567154,0.920162067999139,0.92937613199391,0.940471953719119,
0.95323811109069,0.962920888864988,0.971616435393784,0.979521259695714,
0.987123265370592,0.994359394571693,1.),.UNSPECIFIED.);
#253=B_SPLINE_CURVE_WITH_KNOTS('',3,(#6452,#6453,#6454,#6455,#6456),
 .UNSPECIFIED.,.F.,.F.,(4,1,4),(-0.499944635550239,-0.285714285714286,0.),
 .UNSPECIFIED.);
#254=B_SPLINE_CURVE_WITH_KNOTS('',3,(#6634,#6635,#6636,#6637,#6638,#6639,
#6640,#6641,#6642,#6643,#6644,#6645,#6646,#6647,#6648,#6649,#6650,#6651,
#6652,#6653,#6654,#6655),.UNSPECIFIED.,.F.,.F.,(4,1,1,1,1,1,1,1,1,1,1,1,
1,1,1,1,1,1,1,4),(0.,0.0526315789473684,0.105263157894737,0.157894736842105,
0.210526315789474,0.263157894736842,0.315789473684211,0.368421052631579,
0.421052631578947,0.473684210526316,0.526315789473684,0.578947368421053,
0.631578947368421,0.684210526315789,0.736842105263158,0.789473684210526,
0.842105263157895,0.894736842105263,0.947368421052632,1.),.UNSPECIFIED.);
#255=B_SPLINE_CURVE_WITH_KNOTS('',3,(#6657,#6658,#6659,#6660,#6661),
 .UNSPECIFIED.,.F.,.F.,(4,1,4),(0.,0.285714285714286,0.499943577259587),
 .UNSPECIFIED.);
#256=B_SPLINE_CURVE_WITH_KNOTS('',3,(#6662,#6663,#6664,#6665,#6666,#6667,
#6668,#6669,#6670,#6671,#6672,#6673,#6674,#6675,#6676,#6677,#6678,#6679,
#6680,#6681,#6682,#6683,#6684,#6685,#6686,#6687,#6688,#6689,#6690,#6691,
#6692,#6693,#6694,#6695,#6696,#6697,#6698,#6699,#6700,#6701,#6702,#6703,
#6704,#6705,#6706,#6707,#6708,#6709,#6710,#6711,#6712,#6713,#6714,#6715,
#6716,#6717,#6718,#6719,#6720,#6721,#6722,#6723,#6724,#6725,#6726,#6727,
#6728,#6729,#6730,#6731,#6732,#6733,#6734,#6735,#6736,#6737,#6738,#6739,
#6740,#6741,#6742,#6743,#6744,#6745,#6746,#6747,#6748,#6749,#6750,#6751,
#6752,#6753,#6754,#6755,#6756,#6757,#6758,#6759,#6760,#6761,#6762,#6763,
#6764,#6765,#6766,#6767,#6768,#6769,#6770,#6771,#6772,#6773,#6774,#6775,
#6776,#6777,#6778,#6779,#6780,#6781,#6782,#6783,#6784,#6785,#6786,#6787,
#6788,#6789,#6790,#6791,#6792,#6793,#6794),.UNSPECIFIED.,.F.,.F.,(4,3,3,
3,3,3,3,3,3,3,3,3,3,3,3,3,3,3,3,3,3,3,3,3,3,3,3,3,3,3,3,3,3,3,3,3,3,3,3,
3,3,3,3,3,4),(0.,0.00836933250139732,0.017013692181277,0.0259960292520641,
0.0354117961900007,0.0454202442590275,0.0563314117511376,0.069057777772594,
0.0833707833106986,0.0956460824257003,0.106242542980997,0.116001132086972,
0.125211539833405,0.136923679213611,0.146548972584737,0.156616766965151,
0.167686241579243,0.179879207612658,0.193689040383721,0.211462088055826,
0.223932323085524,0.235053445606723,0.245407037088919,0.255231770574106,
0.265121118406151,0.27501099962605,0.28532093139404,0.296179435285647,0.307810245258012,
0.320814424703237,0.336416178781902,0.351106524798141,0.363458240477009,
0.374736021852878,0.385333528687795,0.395439488572119,0.408509552500604,
0.418610249169262,0.429454646781764,0.440960974727474,0.453446983924351,
0.46807964268293,0.484039821341465,0.497229864503727,0.5),.UNSPECIFIED.);
#257=B_SPLINE_CURVE_WITH_KNOTS('',3,(#6972,#6973,#6974,#6975,#6976,#6977,
#6978,#6979),.UNSPECIFIED.,.F.,.F.,(4,1,1,1,1,4),(0.,0.2,0.4,0.6,0.8,1.),
 .UNSPECIFIED.);
#258=B_SPLINE_CURVE_WITH_KNOTS('',3,(#6981,#6982,#6983,#6984,#6985,#6986,
#6987,#6988,#6989,#6990,#6991,#6992,#6993,#6994,#6995,#6996,#6997,#6998,
#6999,#7000,#7001,#7002,#7003,#7004,#7005,#7006,#7007,#7008,#7009,#7010,
#7011,#7012,#7013,#7014,#7015,#7016,#7017,#7018,#7019,#7020,#7021,#7022,
#7023,#7024,#7025,#7026,#7027,#7028,#7029,#7030,#7031,#7032,#7033,#7034,
#7035,#7036,#7037,#7038,#7039,#7040,#7041,#7042,#7043,#7044,#7045,#7046,
#7047,#7048,#7049,#7050,#7051,#7052,#7053,#7054,#7055,#7056,#7057,#7058,
#7059,#7060,#7061,#7062,#7063,#7064,#7065,#7066,#7067,#7068,#7069,#7070,
#7071,#7072,#7073,#7074,#7075,#7076,#7077,#7078,#7079,#7080,#7081,#7082,
#7083,#7084,#7085,#7086,#7087,#7088,#7089,#7090,#7091,#7092,#7093,#7094,
#7095,#7096,#7097,#7098,#7099,#7100,#7101,#7102,#7103,#7104,#7105,#7106,
#7107,#7108,#7109,#7110,#7111,#7112,#7113,#7114,#7115,#7116,#7117,#7118,
#7119,#7120,#7121,#7122),.UNSPECIFIED.,.F.,.F.,(4,3,3,3,3,3,3,3,3,3,3,3,
3,3,3,3,3,3,3,3,3,3,3,3,3,3,3,3,3,3,3,3,3,3,3,3,3,3,3,3,3,3,3,3,3,3,3,4),
(0.5,0.511468607749272,0.522178876058435,0.532356244697979,0.54235390113667,
0.552108963461612,0.562315241042619,0.573132098165929,0.584849381325712,
0.598324707096761,0.614962048865904,0.627600269093329,0.639237760684163,
0.650511580662782,0.660675969259767,0.670341281795058,0.680643116738962,
0.690823070599525,0.701635840258208,0.713403302069553,0.726947751131474,
0.744013516685757,0.757258971106575,0.76872329408771,0.779289342090617,
0.789264998218043,0.79877161293036,0.811348387122212,0.820263560614991,
0.829851556298028,0.840675048844153,0.857067743744883,0.86805915068028,
0.877696888633663,0.886620591290176,0.89506656025573,0.903763932361443,
0.911712480691737,0.920162089746102,0.929376156366283,0.940471986736374,
0.953238129713684,0.962920904987036,0.971616450264073,0.979521273976242,
0.987123279196735,0.994359408193093,1.),.UNSPECIFIED.);
#259=B_SPLINE_CURVE_WITH_KNOTS('',3,(#7123,#7124,#7125,#7126,#7127,#7128),
 .UNSPECIFIED.,.F.,.F.,(4,1,1,4),(0.499943577259587,0.571428571428571,0.857142857142857,
1.),.UNSPECIFIED.);
#260=B_SPLINE_CURVE_WITH_KNOTS('',3,(#7306,#7307,#7308,#7309,#7310,#7311,
#7312,#7313,#7314,#7315,#7316,#7317,#7318,#7319,#7320,#7321,#7322,#7323,
#7324,#7325,#7326,#7327),.UNSPECIFIED.,.F.,.F.,(4,1,1,1,1,1,1,1,1,1,1,1,
1,1,1,1,1,1,1,4),(0.,0.0526315789473684,0.105263157894737,0.157894736842105,
0.210526315789474,0.263157894736842,0.315789473684211,0.368421052631579,
0.421052631578947,0.473684210526316,0.526315789473684,0.578947368421053,
0.631578947368421,0.684210526315789,0.736842105263158,0.789473684210526,
0.842105263157895,0.894736842105263,0.947368421052632,1.),.UNSPECIFIED.);
#261=B_SPLINE_CURVE_WITH_KNOTS('',3,(#7329,#7330,#7331,#7332,#7333),
 .UNSPECIFIED.,.F.,.F.,(4,1,4),(0.,0.285714285714286,0.499943075291577),
 .UNSPECIFIED.);
#262=B_SPLINE_CURVE_WITH_KNOTS('',3,(#7334,#7335,#7336,#7337,#7338,#7339,
#7340,#7341,#7342,#7343,#7344,#7345,#7346,#7347,#7348,#7349,#7350,#7351,
#7352,#7353,#7354,#7355,#7356,#7357,#7358,#7359,#7360,#7361,#7362,#7363,
#7364,#7365,#7366,#7367,#7368,#7369,#7370,#7371,#7372,#7373,#7374,#7375,
#7376,#7377,#7378,#7379,#7380,#7381,#7382,#7383,#7384,#7385,#7386,#7387,
#7388,#7389,#7390,#7391,#7392,#7393,#7394,#7395,#7396,#7397,#7398,#7399,
#7400,#7401,#7402,#7403,#7404,#7405,#7406,#7407,#7408,#7409,#7410,#7411,
#7412,#7413,#7414,#7415,#7416,#7417,#7418,#7419,#7420,#7421,#7422,#7423,
#7424,#7425,#7426,#7427,#7428,#7429,#7430,#7431,#7432,#7433,#7434,#7435,
#7436,#7437,#7438,#7439,#7440,#7441,#7442,#7443,#7444,#7445,#7446,#7447,
#7448,#7449,#7450,#7451,#7452,#7453,#7454,#7455,#7456,#7457,#7458,#7459,
#7460,#7461,#7462,#7463,#7464,#7465,#7466),.UNSPECIFIED.,.F.,.F.,(4,3,3,
3,3,3,3,3,3,3,3,3,3,3,3,3,3,3,3,3,3,3,3,3,3,3,3,3,3,3,3,3,3,3,3,3,3,3,3,
3,3,3,3,3,4),(0.,0.00836933250225223,0.017013692184766,0.02599602926058,
0.0354117962080418,0.0454202442944969,0.0563314118202434,0.0690577779507593,
0.0833707832462208,0.0956460822756731,0.106242542791449,0.116001131869435,
0.125211539594009,0.136923678981696,0.146548972400545,0.156616766841729,
0.167686241556278,0.179879207762317,0.193689040940618,0.211462087683385,
0.223932322582773,0.23505344504139,0.245407036483736,0.255231769940666,
0.265121119877896,0.275011001253504,0.285320933215085,0.296179437361232,
0.307810247702544,0.32081442788592,0.336416183967207,0.351106528323554,
0.363458243427441,0.374736024478606,0.385333531094858,0.395439490817466,
0.408509554465282,0.418610251339425,0.429454649237254,0.440960977575001,
0.453446987377922,0.468079647689675,0.484039823844837,0.497229866482855,
0.5),.UNSPECIFIED.);
#263=B_SPLINE_CURVE_WITH_KNOTS('',3,(#7644,#7645,#7646,#7647,#7648,#7649,
#7650,#7651),.UNSPECIFIED.,.F.,.F.,(4,1,1,1,1,4),(0.,0.2,0.4,0.6,0.8,1.),
 .UNSPECIFIED.);
#264=B_SPLINE_CURVE_WITH_KNOTS('',3,(#7653,#7654,#7655,#7656,#7657,#7658,
#7659,#7660,#7661,#7662,#7663,#7664,#7665,#7666,#7667,#7668,#7669,#7670,
#7671,#7672,#7673,#7674,#7675,#7676,#7677,#7678,#7679,#7680,#7681,#7682,
#7683,#7684,#7685,#7686,#7687,#7688,#7689,#7690,#7691,#7692,#7693,#7694,
#7695,#7696,#7697,#7698,#7699,#7700,#7701,#7702,#7703,#7704,#7705,#7706,
#7707,#7708,#7709,#7710,#7711,#7712,#7713,#7714,#7715,#7716,#7717,#7718,
#7719,#7720,#7721,#7722,#7723,#7724,#7725,#7726,#7727,#7728,#7729,#7730,
#7731,#7732,#7733,#7734,#7735,#7736,#7737,#7738,#7739,#7740,#7741,#7742,
#7743,#7744,#7745,#7746,#7747,#7748,#7749,#7750,#7751,#7752,#7753,#7754,
#7755,#7756,#7757,#7758,#7759,#7760,#7761,#7762,#7763,#7764,#7765,#7766,
#7767,#7768,#7769,#7770,#7771,#7772,#7773,#7774,#7775,#7776,#7777,#7778,
#7779,#7780,#7781,#7782,#7783,#7784,#7785,#7786,#7787,#7788,#7789,#7790,
#7791,#7792,#7793,#7794),.UNSPECIFIED.,.F.,.F.,(4,3,3,3,3,3,3,3,3,3,3,3,
3,3,3,3,3,3,3,3,3,3,3,3,3,3,3,3,3,3,3,3,3,3,3,3,3,3,3,3,3,3,3,3,3,3,3,4),
(0.500000000000001,0.511468607890415,0.522178876288988,0.532356244991242,
0.542353900590595,0.552108962887746,0.562315240318612,0.5731320972317,0.58484938005936,
0.598324705022059,0.61496204822794,0.627600268902476,0.639237760499273,
0.650511580483671,0.660675969219283,0.670341281915554,0.680643116855693,
0.690823070563141,0.701635840005415,0.713403301467023,0.726947749772078,
0.744013515411323,0.757258970644188,0.768723293953012,0.779289342154646,
0.789264998422079,0.798771613357897,0.811348387523029,0.820263560753838,
0.829851556084293,0.840675047954953,0.857067738828124,0.868059146893452,
0.877696885279209,0.886620588170174,0.895066557279322,0.903763914807772,
0.911712462007141,0.920162069484485,0.929376133572986,0.940471955694386,
0.953238112278875,0.962920889882225,0.971616436307973,0.979521260544517,
0.987123266162151,0.994359395320792,1.),.UNSPECIFIED.);
#265=B_SPLINE_CURVE_WITH_KNOTS('',3,(#7795,#7796,#7797,#7798,#7799,#7800),
 .UNSPECIFIED.,.F.,.F.,(4,1,1,4),(0.499943075291577,0.571428571428571,0.857142857142857,
1.),.UNSPECIFIED.);
#266=B_SPLINE_CURVE_WITH_KNOTS('',3,(#8046,#8047,#8048,#8049,#8050,#8051),
 .UNSPECIFIED.,.F.,.F.,(4,1,1,4),(-1.,-0.857142857142857,-0.571428571428571,
-0.499944635550239),.UNSPECIFIED.);
#267=B_SPLINE_CURVE_WITH_KNOTS('',3,(#8052,#8053,#8054,#8055,#8056,#8057,
#8058,#8059,#8060,#8061,#8062,#8063,#8064,#8065,#8066,#8067,#8068,#8069,
#8070,#8071,#8072,#8073,#8074,#8075,#8076,#8077,#8078,#8079,#8080,#8081,
#8082,#8083,#8084,#8085,#8086,#8087,#8088,#8089,#8090,#8091,#8092,#8093,
#8094,#8095,#8096,#8097,#8098,#8099,#8100,#8101,#8102,#8103,#8104,#8105,
#8106,#8107,#8108,#8109,#8110,#8111,#8112,#8113,#8114,#8115,#8116,#8117,
#8118,#8119,#8120,#8121,#8122,#8123,#8124,#8125,#8126,#8127,#8128,#8129,
#8130,#8131,#8132,#8133,#8134,#8135,#8136,#8137,#8138,#8139,#8140,#8141,
#8142,#8143,#8144,#8145,#8146,#8147,#8148,#8149,#8150,#8151,#8152,#8153,
#8154,#8155,#8156,#8157,#8158,#8159,#8160,#8161,#8162,#8163,#8164,#8165,
#8166,#8167,#8168,#8169,#8170,#8171,#8172,#8173,#8174,#8175,#8176,#8177,
#8178,#8179,#8180,#8181,#8182,#8183,#8184),.UNSPECIFIED.,.F.,.F.,(4,3,3,
3,3,3,3,3,3,3,3,3,3,3,3,3,3,3,3,3,3,3,3,3,3,3,3,3,3,3,3,3,3,3,3,3,3,3,3,
3,3,3,3,3,4),(0.,0.00836933252506862,0.0170136922299454,0.025996029327351,
0.0354117962946372,0.0454202443975262,0.0563314119309303,0.069057778029978,
0.083370783547971,0.0956460826692142,0.106242543240463,0.116001132363854,
0.125211540128718,0.136923679499695,0.146548972907363,0.156616767328735,
0.167686241994746,0.179879208100597,0.193689041015039,0.211462088510721,
0.223932323538603,0.235053446071901,0.245407037569864,0.255231771072401,
0.26512111948883,0.27501100075639,0.285320932583751,0.29617943655351,0.307810246640632,
0.320814426317715,0.336416181074155,0.351106526563374,0.363458242058467,
0.374736023329886,0.385333530094096,0.395439489925704,0.408509553684991,
0.418610250420469,0.42945464812458,0.440960976197105,0.453446985591183,
0.468079644874701,0.484039822437351,0.497229865470387,0.500000000000001),
 .UNSPECIFIED.);
#268=B_SPLINE_CURVE_WITH_KNOTS('',3,(#8362,#8363,#8364,#8365,#8366,#8367),
 .UNSPECIFIED.,.F.,.F.,(4,1,1,4),(-1.,-0.857142857142857,-0.571428571428571,
-0.499943577260572),.UNSPECIFIED.);
#269=B_SPLINE_CURVE_WITH_KNOTS('',3,(#8368,#8369,#8370,#8371,#8372,#8373,
#8374,#8375,#8376,#8377,#8378,#8379,#8380,#8381,#8382,#8383,#8384,#8385,
#8386,#8387,#8388,#8389,#8390,#8391,#8392,#8393,#8394,#8395,#8396,#8397,
#8398,#8399,#8400,#8401,#8402,#8403,#8404,#8405,#8406,#8407,#8408,#8409,
#8410,#8411,#8412,#8413,#8414,#8415,#8416,#8417,#8418,#8419,#8420,#8421,
#8422,#8423,#8424,#8425,#8426,#8427,#8428,#8429,#8430,#8431,#8432,#8433,
#8434,#8435,#8436,#8437,#8438,#8439,#8440,#8441,#8442,#8443,#8444,#8445,
#8446,#8447,#8448,#8449,#8450,#8451,#8452,#8453,#8454,#8455,#8456,#8457,
#8458,#8459,#8460,#8461,#8462,#8463,#8464,#8465,#8466,#8467,#8468,#8469,
#8470,#8471,#8472,#8473,#8474,#8475,#8476,#8477,#8478,#8479,#8480,#8481,
#8482,#8483,#8484,#8485,#8486,#8487,#8488,#8489,#8490,#8491,#8492,#8493,
#8494,#8495,#8496,#8497,#8498,#8499,#8500),.UNSPECIFIED.,.F.,.F.,(4,3,3,
3,3,3,3,3,3,3,3,3,3,3,3,3,3,3,3,3,3,3,3,3,3,3,3,3,3,3,3,3,3,3,3,3,3,3,3,
3,3,3,3,3,4),(0.,0.00836933254698725,0.0170136922716189,0.0259960293853855,
0.0354117963631904,0.0454202444654623,0.0563314119731936,0.0690577779305264,
0.083370783913496,0.0956460832106791,0.106242543877642,0.116001133074137,
0.125211540901105,0.136923680247946,0.146548973597089,0.15661676793752,
0.167686242454561,0.179879208287631,0.193689040534046,0.21146208970837,
0.223932324994979,0.235053447665744,0.245407039259113,0.255231772836051,
0.265121117654417,0.275010998659564,0.285320930160991,0.296179433701647,
0.307810243168631,0.320814421607939,0.336416173128817,0.351106521378903,
0.363458237829551,0.374736019639237,0.385333526765559,0.395439486864022,
0.408509551006019,0.418610247399078,0.429454644628304,0.440960972049198,
0.453446980437898,0.468079637164331,0.484039818582166,0.497229862528031,
0.500000000000001),.UNSPECIFIED.);
#270=B_SPLINE_CURVE_WITH_KNOTS('',3,(#8678,#8679,#8680,#8681,#8682,#8683),
 .UNSPECIFIED.,.F.,.F.,(4,1,1,4),(-1.,-0.857142857142857,-0.571428571428571,
-0.499943075292073),.UNSPECIFIED.);
#271=B_SPLINE_CURVE_WITH_KNOTS('',3,(#8685,#8686,#8687,#8688,#8689,#8690,
#8691,#8692,#8693,#8694,#8695,#8696,#8697,#8698,#8699,#8700,#8701,#8702,
#8703,#8704,#8705,#8706,#8707,#8708,#8709,#8710,#8711,#8712,#8713,#8714,
#8715,#8716,#8717,#8718,#8719,#8720,#8721,#8722,#8723,#8724,#8725,#8726,
#8727,#8728,#8729,#8730,#8731,#8732,#8733,#8734,#8735,#8736,#8737,#8738,
#8739,#8740,#8741,#8742,#8743,#8744,#8745,#8746,#8747,#8748,#8749,#8750,
#8751,#8752,#8753,#8754,#8755,#8756,#8757,#8758,#8759,#8760,#8761,#8762,
#8763,#8764,#8765,#8766,#8767,#8768,#8769,#8770,#8771,#8772,#8773,#8774,
#8775,#8776,#8777,#8778,#8779,#8780,#8781,#8782,#8783,#8784,#8785,#8786,
#8787,#8788,#8789,#8790,#8791,#8792,#8793,#8794,#8795,#8796,#8797,#8798,
#8799,#8800,#8801,#8802,#8803,#8804,#8805,#8806,#8807,#8808,#8809,#8810,
#8811,#8812,#8813,#8814,#8815,#8816,#8817),.UNSPECIFIED.,.F.,.F.,(4,3,3,
3,3,3,3,3,3,3,3,3,3,3,3,3,3,3,3,3,3,3,3,3,3,3,3,3,3,3,3,3,3,3,3,3,3,3,3,
3,3,3,3,3,4),(0.,0.00836926786265186,0.017013549461203,0.025995788830782,
0.0354114271769221,0.0454196920982924,0.0563305596667014,0.0690564768557099,
0.0833715474129058,0.0956471138579048,0.106243680899803,0.116002334262934,
0.125212787260079,0.136920697580932,0.1465457801829,0.156613301016263,0.167682147205334,
0.179874024274606,0.193682267279022,0.211461012848844,0.223932023816679,
0.235053527102564,0.245407364981958,0.255232278360546,0.265120188092622,
0.275009866846886,0.285319541585061,0.29617769960426,0.307807998530957,
0.320811692444946,0.336412030688478,0.351105429214716,0.363458229680807,
0.374736637701057,0.385334576674036,0.395440862996788,0.408493994813111,
0.418593699058828,0.429436198023101,0.440939872501828,0.453421710377983,
0.468046792856093,0.483956355191732,0.497162930516651,0.49986591752737),
 .UNSPECIFIED.);
#272=B_SPLINE_CURVE_WITH_KNOTS('',3,(#8818,#8819,#8820,#8821),
 .UNSPECIFIED.,.F.,.F.,(4,4),(0.499865917527371,0.500000000000001),
 .UNSPECIFIED.);
#273=B_SPLINE_CURVE_WITH_KNOTS('',3,(#8999,#9000,#9001,#9002,#9003),
 .UNSPECIFIED.,.F.,.F.,(4,1,4),(0.,0.285714285714286,0.499944635549752),
 .UNSPECIFIED.);
#274=B_SPLINE_CURVE_WITH_KNOTS('',3,(#9004,#9005,#9006,#9007,#9008,#9009,
#9010,#9011,#9012,#9013,#9014,#9015,#9016,#9017,#9018,#9019,#9020,#9021,
#9022,#9023,#9024,#9025,#9026,#9027,#9028,#9029,#9030,#9031,#9032,#9033,
#9034,#9035,#9036,#9037,#9038,#9039,#9040,#9041,#9042,#9043,#9044,#9045,
#9046,#9047,#9048,#9049,#9050,#9051,#9052,#9053,#9054,#9055,#9056,#9057,
#9058,#9059,#9060,#9061,#9062,#9063,#9064,#9065,#9066,#9067,#9068,#9069,
#9070,#9071,#9072,#9073,#9074,#9075,#9076,#9077,#9078,#9079,#9080,#9081,
#9082,#9083,#9084,#9085,#9086,#9087,#9088,#9089,#9090,#9091,#9092,#9093,
#9094,#9095,#9096,#9097,#9098,#9099,#9100,#9101,#9102,#9103,#9104,#9105,
#9106,#9107,#9108,#9109,#9110,#9111,#9112,#9113,#9114,#9115,#9116,#9117,
#9118,#9119,#9120,#9121,#9122,#9123,#9124,#9125,#9126,#9127,#9128,#9129,
#9130,#9131,#9132,#9133,#9134,#9135,#9136),.UNSPECIFIED.,.F.,.F.,(4,3,3,
3,3,3,3,3,3,3,3,3,3,3,3,3,3,3,3,3,3,3,3,3,3,3,3,3,3,3,3,3,3,3,3,3,3,3,3,
3,3,3,3,3,4),(0.,0.0083693325013837,0.0170136921813105,0.0259960292519341,
0.0354117961898682,0.0454202442592268,0.0563314117512511,0.0690577777724254,
0.0833707833110379,0.0956460824263785,0.106242542981655,0.116001132087111,
0.125211539833462,0.136923679213666,0.146548972585041,0.15661676696565,
0.167686241579748,0.179879207613357,0.193689040385121,0.211462088056802,
0.223932323086467,0.235053445607905,0.245407037090101,0.255231770575509,
0.265121118415877,0.275010999636177,0.28532093140473,0.296179435296614,
0.307810245270507,0.320814424717383,0.336416178878541,0.351106524872539,
0.363458240543806,0.374736021915056,0.385333528746865,0.395439488628524,
0.408509552549959,0.418610249220437,0.429454646835694,0.44096097478514,
0.453446983987707,0.468079642761804,0.484039821380902,0.497229864539487,
0.500000000000001),.UNSPECIFIED.);
#275=B_SPLINE_CURVE_WITH_KNOTS('',3,(#9172,#9173,#9174,#9175,#9176),
 .UNSPECIFIED.,.F.,.F.,(4,1,4),(-8.83447786940993,-7.02846292860548,-5.67395172300214),
 .UNSPECIFIED.);
#276=B_SPLINE_CURVE_WITH_KNOTS('',3,(#9177,#9178,#9179,#9180,#9181),
 .UNSPECIFIED.,.F.,.F.,(4,1,4),(5.67395172300214,7.02846292860548,8.83447786940993),
 .UNSPECIFIED.);
#277=B_SPLINE_CURVE_WITH_KNOTS('',3,(#9217,#9218,#9219,#9220,#9221),
 .UNSPECIFIED.,.F.,.F.,(4,1,4),(-8.83447786940997,-7.02846292860538,-5.67395172300193),
 .UNSPECIFIED.);
#278=B_SPLINE_CURVE_WITH_KNOTS('',3,(#9222,#9223,#9224,#9225,#9226),
 .UNSPECIFIED.,.F.,.F.,(4,1,4),(5.67395172300193,7.02846292860538,8.83447786940997),
 .UNSPECIFIED.);
#279=B_SPLINE_CURVE_WITH_KNOTS('',3,(#9262,#9263,#9264,#9265,#9266),
 .UNSPECIFIED.,.F.,.F.,(4,1,4),(-8.83447786941016,-7.02846292860571,-5.67395172300237),
 .UNSPECIFIED.);
#280=B_SPLINE_CURVE_WITH_KNOTS('',3,(#9267,#9268,#9269,#9270,#9271),
 .UNSPECIFIED.,.F.,.F.,(4,1,4),(5.67395172300237,7.02846292860571,8.83447786941016),
 .UNSPECIFIED.);
#281=B_SPLINE_CURVE_WITH_KNOTS('',3,(#9307,#9308,#9309,#9310,#9311),
 .UNSPECIFIED.,.F.,.F.,(4,1,4),(-8.83447786941005,-7.02846292860559,-5.67395172300225),
 .UNSPECIFIED.);
#282=B_SPLINE_CURVE_WITH_KNOTS('',3,(#9312,#9313,#9314,#9315,#9316),
 .UNSPECIFIED.,.F.,.F.,(4,1,4),(5.67395172300225,7.02846292860559,8.83447786941005),
 .UNSPECIFIED.);
#283=B_SPLINE_CURVE_WITH_KNOTS('',3,(#9352,#9353,#9354,#9355,#9356),
 .UNSPECIFIED.,.F.,.F.,(4,1,4),(-8.83447786941015,-7.0284629286056,-5.67395172300219),
 .UNSPECIFIED.);
#284=B_SPLINE_CURVE_WITH_KNOTS('',3,(#9357,#9358,#9359,#9360,#9361),
 .UNSPECIFIED.,.F.,.F.,(4,1,4),(5.67395172300219,7.0284629286056,8.83447786941015),
 .UNSPECIFIED.);
#285=B_SPLINE_CURVE_WITH_KNOTS('',3,(#9398,#9399,#9400,#9401),
 .UNSPECIFIED.,.F.,.F.,(4,4),(-8.83447789546093,-7.25432488037775),
 .UNSPECIFIED.);
#286=B_SPLINE_CURVE_WITH_KNOTS('',3,(#9402,#9403,#9404,#9405,#9406),
 .UNSPECIFIED.,.F.,.F.,(4,1,4),(-7.25432488037775,-7.02846293977035,-5.67395172300242),
 .UNSPECIFIED.);
#287=B_SPLINE_CURVE_WITH_KNOTS('',3,(#9407,#9408,#9409,#9410,#9411),
 .UNSPECIFIED.,.F.,.F.,(4,1,4),(5.67395172300242,7.02846293977035,8.83447789546093),
 .UNSPECIFIED.);
#288=VERTEX_POINT('',#1162);
#289=VERTEX_POINT('',#1163);
#290=VERTEX_POINT('',#1186);
#291=VERTEX_POINT('',#1195);
#292=VERTEX_POINT('',#1520);
#293=VERTEX_POINT('',#1543);
#294=VERTEX_POINT('',#1858);
#295=VERTEX_POINT('',#1867);
#296=VERTEX_POINT('',#2192);
#297=VERTEX_POINT('',#2215);
#298=VERTEX_POINT('',#2531);
#299=VERTEX_POINT('',#2540);
#300=VERTEX_POINT('',#2864);
#301=VERTEX_POINT('',#2865);
#302=VERTEX_POINT('',#2888);
#303=VERTEX_POINT('',#2897);
#304=VERTEX_POINT('',#3221);
#305=VERTEX_POINT('',#3244);
#306=VERTEX_POINT('',#3250);
#307=VERTEX_POINT('',#3564);
#308=VERTEX_POINT('',#3573);
#309=VERTEX_POINT('',#3898);
#310=VERTEX_POINT('',#3921);
#311=VERTEX_POINT('',#3928);
#312=VERTEX_POINT('',#4242);
#313=VERTEX_POINT('',#4251);
#314=VERTEX_POINT('',#4575);
#315=VERTEX_POINT('',#4576);
#316=VERTEX_POINT('',#4599);
#317=VERTEX_POINT('',#4608);
#318=VERTEX_POINT('',#4932);
#319=VERTEX_POINT('',#4955);
#320=VERTEX_POINT('',#5270);
#321=VERTEX_POINT('',#5279);
#322=VERTEX_POINT('',#5604);
#323=VERTEX_POINT('',#5627);
#324=VERTEX_POINT('',#5943);
#325=VERTEX_POINT('',#5952);
#326=VERTEX_POINT('',#6276);
#327=VERTEX_POINT('',#6277);
#328=VERTEX_POINT('',#6300);
#329=VERTEX_POINT('',#6309);
#330=VERTEX_POINT('',#6633);
#331=VERTEX_POINT('',#6656);
#332=VERTEX_POINT('',#6971);
#333=VERTEX_POINT('',#6980);
#334=VERTEX_POINT('',#7305);
#335=VERTEX_POINT('',#7328);
#336=VERTEX_POINT('',#7643);
#337=VERTEX_POINT('',#7652);
#338=VERTEX_POINT('',#7802);
#339=VERTEX_POINT('',#7804);
#340=VERTEX_POINT('',#7808);
#341=VERTEX_POINT('',#7811);
#342=VERTEX_POINT('',#7813);
#343=VERTEX_POINT('',#7815);
#344=VERTEX_POINT('',#7817);
#345=VERTEX_POINT('',#7819);
#346=VERTEX_POINT('',#7821);
#347=VERTEX_POINT('',#7823);
#348=VERTEX_POINT('',#7827);
#349=VERTEX_POINT('',#7830);
#350=VERTEX_POINT('',#7834);
#351=VERTEX_POINT('',#7836);
#352=VERTEX_POINT('',#7840);
#353=VERTEX_POINT('',#7843);
#354=VERTEX_POINT('',#7848);
#355=VERTEX_POINT('',#7850);
#356=VERTEX_POINT('',#7854);
#357=VERTEX_POINT('',#7857);
#358=VERTEX_POINT('',#7859);
#359=VERTEX_POINT('',#7863);
#360=VERTEX_POINT('',#7866);
#361=VERTEX_POINT('',#8045);
#362=VERTEX_POINT('',#8361);
#363=VERTEX_POINT('',#8677);
#364=VERTEX_POINT('',#8684);
#365=VERTEX_POINT('',#8998);
#366=VERTEX_POINT('',#9397);
#367=EDGE_CURVE('',#288,#289,#200,.T.);
#368=EDGE_CURVE('',#288,#290,#201,.T.);
#369=EDGE_CURVE('',#290,#291,#202,.T.);
#370=EDGE_CURVE('',#289,#291,#203,.T.);
#371=EDGE_CURVE('',#288,#292,#204,.T.);
#372=EDGE_CURVE('',#293,#292,#205,.T.);
#373=EDGE_CURVE('',#293,#290,#206,.T.);
#374=EDGE_CURVE('',#288,#294,#207,.T.);
#375=EDGE_CURVE('',#294,#295,#208,.T.);
#376=EDGE_CURVE('',#292,#295,#209,.T.);
#377=EDGE_CURVE('',#288,#296,#210,.T.);
#378=EDGE_CURVE('',#297,#296,#211,.T.);
#379=EDGE_CURVE('',#297,#294,#212,.T.);
#380=EDGE_CURVE('',#288,#298,#213,.T.);
#381=EDGE_CURVE('',#298,#299,#214,.T.);
#382=EDGE_CURVE('',#296,#299,#215,.T.);
#383=EDGE_CURVE('',#300,#301,#216,.T.);
#384=EDGE_CURVE('',#300,#302,#217,.T.);
#385=EDGE_CURVE('',#302,#303,#218,.T.);
#386=EDGE_CURVE('',#301,#303,#219,.T.);
#387=EDGE_CURVE('',#300,#304,#220,.T.);
#388=EDGE_CURVE('',#305,#304,#221,.T.);
#389=EDGE_CURVE('',#305,#306,#222,.T.);
#390=EDGE_CURVE('',#306,#302,#223,.T.);
#391=EDGE_CURVE('',#300,#307,#224,.T.);
#392=EDGE_CURVE('',#307,#308,#225,.T.);
#393=EDGE_CURVE('',#304,#308,#226,.T.);
#394=EDGE_CURVE('',#300,#309,#227,.T.);
#395=EDGE_CURVE('',#310,#309,#228,.T.);
#396=EDGE_CURVE('',#310,#311,#229,.T.);
#397=EDGE_CURVE('',#311,#307,#230,.T.);
#398=EDGE_CURVE('',#300,#312,#231,.T.);
#399=EDGE_CURVE('',#312,#313,#232,.T.);
#400=EDGE_CURVE('',#309,#313,#233,.T.);
#401=EDGE_CURVE('',#314,#315,#234,.T.);
#402=EDGE_CURVE('',#314,#316,#235,.T.);
#403=EDGE_CURVE('',#316,#317,#236,.T.);
#404=EDGE_CURVE('',#315,#317,#237,.T.);
#405=EDGE_CURVE('',#314,#318,#238,.T.);
#406=EDGE_CURVE('',#319,#318,#239,.T.);
#407=EDGE_CURVE('',#319,#316,#240,.T.);
#408=EDGE_CURVE('',#314,#320,#241,.T.);
#409=EDGE_CURVE('',#320,#321,#242,.T.);
#410=EDGE_CURVE('',#318,#321,#243,.T.);
#411=EDGE_CURVE('',#314,#322,#244,.T.);
#412=EDGE_CURVE('',#323,#322,#245,.T.);
#413=EDGE_CURVE('',#323,#320,#246,.T.);
#414=EDGE_CURVE('',#314,#324,#247,.T.);
#415=EDGE_CURVE('',#324,#325,#248,.T.);
#416=EDGE_CURVE('',#322,#325,#249,.T.);
#417=EDGE_CURVE('',#326,#327,#250,.T.);
#418=EDGE_CURVE('',#326,#328,#251,.T.);
#419=EDGE_CURVE('',#328,#329,#252,.T.);
#420=EDGE_CURVE('',#327,#329,#253,.T.);
#421=EDGE_CURVE('',#326,#330,#254,.T.);
#422=EDGE_CURVE('',#331,#330,#255,.T.);
#423=EDGE_CURVE('',#331,#328,#256,.T.);
#424=EDGE_CURVE('',#326,#332,#257,.T.);
#425=EDGE_CURVE('',#332,#333,#258,.T.);
#426=EDGE_CURVE('',#330,#333,#259,.T.);
#427=EDGE_CURVE('',#326,#334,#260,.T.);
#428=EDGE_CURVE('',#335,#334,#261,.T.);
#429=EDGE_CURVE('',#335,#332,#262,.T.);
#430=EDGE_CURVE('',#326,#336,#263,.T.);
#431=EDGE_CURVE('',#336,#337,#264,.T.);
#432=EDGE_CURVE('',#334,#337,#265,.T.);
#433=EDGE_CURVE('',#338,#338,#64,.T.);
#434=EDGE_CURVE('',#338,#339,#40,.T.);
#435=EDGE_CURVE('',#339,#339,#65,.T.);
#436=EDGE_CURVE('',#340,#340,#66,.T.);
#437=EDGE_CURVE('',#341,#341,#67,.T.);
#438=EDGE_CURVE('',#341,#342,#41,.T.);
#439=EDGE_CURVE('',#343,#342,#15,.T.);
#440=EDGE_CURVE('',#344,#343,#16,.T.);
#441=EDGE_CURVE('',#345,#344,#17,.T.);
#442=EDGE_CURVE('',#346,#345,#18,.T.);
#443=EDGE_CURVE('',#347,#346,#19,.T.);
#444=EDGE_CURVE('',#342,#347,#20,.T.);
#445=EDGE_CURVE('',#348,#348,#68,.T.);
#446=EDGE_CURVE('',#348,#347,#42,.T.);
#447=EDGE_CURVE('',#346,#349,#21,.T.);
#448=EDGE_CURVE('',#342,#349,#22,.T.);
#449=EDGE_CURVE('',#350,#350,#69,.T.);
#450=EDGE_CURVE('',#350,#351,#43,.T.);
#451=EDGE_CURVE('',#351,#351,#70,.T.);
#452=EDGE_CURVE('',#352,#352,#71,.T.);
#453=EDGE_CURVE('',#353,#353,#72,.T.);
#454=EDGE_CURVE('',#353,#345,#44,.T.);
#455=EDGE_CURVE('',#349,#344,#23,.T.);
#456=EDGE_CURVE('',#354,#354,#73,.T.);
#457=EDGE_CURVE('',#354,#355,#45,.T.);
#458=EDGE_CURVE('',#355,#355,#74,.T.);
#459=EDGE_CURVE('',#356,#356,#75,.T.);
#460=EDGE_CURVE('',#357,#357,#76,.T.);
#461=EDGE_CURVE('',#357,#358,#46,.T.);
#462=EDGE_CURVE('',#358,#358,#77,.T.);
#463=EDGE_CURVE('',#359,#359,#78,.T.);
#464=EDGE_CURVE('',#360,#360,#79,.T.);
#465=EDGE_CURVE('',#360,#343,#47,.T.);
#466=EDGE_CURVE('',#361,#327,#266,.T.);
#467=EDGE_CURVE('',#361,#336,#267,.T.);
#468=EDGE_CURVE('',#362,#315,#268,.T.);
#469=EDGE_CURVE('',#362,#324,#269,.T.);
#470=EDGE_CURVE('',#363,#301,#270,.T.);
#471=EDGE_CURVE('',#363,#364,#271,.T.);
#472=EDGE_CURVE('',#364,#312,#272,.T.);
#473=EDGE_CURVE('',#365,#289,#273,.T.);
#474=EDGE_CURVE('',#365,#298,#274,.T.);
#475=EDGE_CURVE('',#329,#365,#275,.T.);
#476=EDGE_CURVE('',#291,#361,#276,.T.);
#477=EDGE_CURVE('',#299,#319,#277,.T.);
#478=EDGE_CURVE('',#321,#297,#278,.T.);
#479=EDGE_CURVE('',#313,#293,#279,.T.);
#480=EDGE_CURVE('',#295,#310,#280,.T.);
#481=EDGE_CURVE('',#325,#305,#281,.T.);
#482=EDGE_CURVE('',#308,#323,#282,.T.);
#483=EDGE_CURVE('',#303,#335,#283,.T.);
#484=EDGE_CURVE('',#337,#363,#284,.T.);
#485=EDGE_CURVE('',#317,#366,#285,.T.);
#486=EDGE_CURVE('',#366,#331,#286,.T.);
#487=EDGE_CURVE('',#333,#362,#287,.T.);
#488=EDGE_CURVE('',#352,#306,#48,.T.);
#489=EDGE_CURVE('',#359,#311,#49,.T.);
#490=EDGE_CURVE('',#340,#366,#50,.T.);
#491=EDGE_CURVE('',#356,#364,#51,.T.);
#492=ORIENTED_EDGE('',*,*,#367,.F.);
#493=ORIENTED_EDGE('',*,*,#368,.T.);
#494=ORIENTED_EDGE('',*,*,#369,.T.);
#495=ORIENTED_EDGE('',*,*,#370,.F.);
#496=ORIENTED_EDGE('',*,*,#368,.F.);
#497=ORIENTED_EDGE('',*,*,#371,.T.);
#498=ORIENTED_EDGE('',*,*,#372,.F.);
#499=ORIENTED_EDGE('',*,*,#373,.T.);
#500=ORIENTED_EDGE('',*,*,#371,.F.);
#501=ORIENTED_EDGE('',*,*,#374,.T.);
#502=ORIENTED_EDGE('',*,*,#375,.T.);
#503=ORIENTED_EDGE('',*,*,#376,.F.);
#504=ORIENTED_EDGE('',*,*,#374,.F.);
#505=ORIENTED_EDGE('',*,*,#377,.T.);
#506=ORIENTED_EDGE('',*,*,#378,.F.);
#507=ORIENTED_EDGE('',*,*,#379,.T.);
#508=ORIENTED_EDGE('',*,*,#377,.F.);
#509=ORIENTED_EDGE('',*,*,#380,.T.);
#510=ORIENTED_EDGE('',*,*,#381,.T.);
#511=ORIENTED_EDGE('',*,*,#382,.F.);
#512=ORIENTED_EDGE('',*,*,#383,.F.);
#513=ORIENTED_EDGE('',*,*,#384,.T.);
#514=ORIENTED_EDGE('',*,*,#385,.T.);
#515=ORIENTED_EDGE('',*,*,#386,.F.);
#516=ORIENTED_EDGE('',*,*,#384,.F.);
#517=ORIENTED_EDGE('',*,*,#387,.T.);
#518=ORIENTED_EDGE('',*,*,#388,.F.);
#519=ORIENTED_EDGE('',*,*,#389,.T.);
#520=ORIENTED_EDGE('',*,*,#390,.T.);
#521=ORIENTED_EDGE('',*,*,#387,.F.);
#522=ORIENTED_EDGE('',*,*,#391,.T.);
#523=ORIENTED_EDGE('',*,*,#392,.T.);
#524=ORIENTED_EDGE('',*,*,#393,.F.);
#525=ORIENTED_EDGE('',*,*,#391,.F.);
#526=ORIENTED_EDGE('',*,*,#394,.T.);
#527=ORIENTED_EDGE('',*,*,#395,.F.);
#528=ORIENTED_EDGE('',*,*,#396,.T.);
#529=ORIENTED_EDGE('',*,*,#397,.T.);
#530=ORIENTED_EDGE('',*,*,#394,.F.);
#531=ORIENTED_EDGE('',*,*,#398,.T.);
#532=ORIENTED_EDGE('',*,*,#399,.T.);
#533=ORIENTED_EDGE('',*,*,#400,.F.);
#534=ORIENTED_EDGE('',*,*,#401,.F.);
#535=ORIENTED_EDGE('',*,*,#402,.T.);
#536=ORIENTED_EDGE('',*,*,#403,.T.);
#537=ORIENTED_EDGE('',*,*,#404,.F.);
#538=ORIENTED_EDGE('',*,*,#402,.F.);
#539=ORIENTED_EDGE('',*,*,#405,.T.);
#540=ORIENTED_EDGE('',*,*,#406,.F.);
#541=ORIENTED_EDGE('',*,*,#407,.T.);
#542=ORIENTED_EDGE('',*,*,#405,.F.);
#543=ORIENTED_EDGE('',*,*,#408,.T.);
#544=ORIENTED_EDGE('',*,*,#409,.T.);
#545=ORIENTED_EDGE('',*,*,#410,.F.);
#546=ORIENTED_EDGE('',*,*,#408,.F.);
#547=ORIENTED_EDGE('',*,*,#411,.T.);
#548=ORIENTED_EDGE('',*,*,#412,.F.);
#549=ORIENTED_EDGE('',*,*,#413,.T.);
#550=ORIENTED_EDGE('',*,*,#411,.F.);
#551=ORIENTED_EDGE('',*,*,#414,.T.);
#552=ORIENTED_EDGE('',*,*,#415,.T.);
#553=ORIENTED_EDGE('',*,*,#416,.F.);
#554=ORIENTED_EDGE('',*,*,#417,.F.);
#555=ORIENTED_EDGE('',*,*,#418,.T.);
#556=ORIENTED_EDGE('',*,*,#419,.T.);
#557=ORIENTED_EDGE('',*,*,#420,.F.);
#558=ORIENTED_EDGE('',*,*,#418,.F.);
#559=ORIENTED_EDGE('',*,*,#421,.T.);
#560=ORIENTED_EDGE('',*,*,#422,.F.);
#561=ORIENTED_EDGE('',*,*,#423,.T.);
#562=ORIENTED_EDGE('',*,*,#421,.F.);
#563=ORIENTED_EDGE('',*,*,#424,.T.);
#564=ORIENTED_EDGE('',*,*,#425,.T.);
#565=ORIENTED_EDGE('',*,*,#426,.F.);
#566=ORIENTED_EDGE('',*,*,#424,.F.);
#567=ORIENTED_EDGE('',*,*,#427,.T.);
#568=ORIENTED_EDGE('',*,*,#428,.F.);
#569=ORIENTED_EDGE('',*,*,#429,.T.);
#570=ORIENTED_EDGE('',*,*,#427,.F.);
#571=ORIENTED_EDGE('',*,*,#430,.T.);
#572=ORIENTED_EDGE('',*,*,#431,.T.);
#573=ORIENTED_EDGE('',*,*,#432,.F.);
#574=ORIENTED_EDGE('',*,*,#433,.F.);
#575=ORIENTED_EDGE('',*,*,#434,.T.);
#576=ORIENTED_EDGE('',*,*,#435,.T.);
#577=ORIENTED_EDGE('',*,*,#434,.F.);
#578=ORIENTED_EDGE('',*,*,#436,.F.);
#579=ORIENTED_EDGE('',*,*,#435,.F.);
#580=ORIENTED_EDGE('',*,*,#437,.F.);
#581=ORIENTED_EDGE('',*,*,#438,.T.);
#582=ORIENTED_EDGE('',*,*,#439,.F.);
#583=ORIENTED_EDGE('',*,*,#440,.F.);
#584=ORIENTED_EDGE('',*,*,#441,.F.);
#585=ORIENTED_EDGE('',*,*,#442,.F.);
#586=ORIENTED_EDGE('',*,*,#443,.F.);
#587=ORIENTED_EDGE('',*,*,#444,.F.);
#588=ORIENTED_EDGE('',*,*,#438,.F.);
#589=ORIENTED_EDGE('',*,*,#445,.F.);
#590=ORIENTED_EDGE('',*,*,#446,.T.);
#591=ORIENTED_EDGE('',*,*,#443,.T.);
#592=ORIENTED_EDGE('',*,*,#447,.T.);
#593=ORIENTED_EDGE('',*,*,#448,.F.);
#594=ORIENTED_EDGE('',*,*,#444,.T.);
#595=ORIENTED_EDGE('',*,*,#446,.F.);
#596=ORIENTED_EDGE('',*,*,#449,.F.);
#597=ORIENTED_EDGE('',*,*,#450,.T.);
#598=ORIENTED_EDGE('',*,*,#451,.T.);
#599=ORIENTED_EDGE('',*,*,#450,.F.);
#600=ORIENTED_EDGE('',*,*,#452,.F.);
#601=ORIENTED_EDGE('',*,*,#451,.F.);
#602=ORIENTED_EDGE('',*,*,#453,.F.);
#603=ORIENTED_EDGE('',*,*,#454,.T.);
#604=ORIENTED_EDGE('',*,*,#441,.T.);
#605=ORIENTED_EDGE('',*,*,#455,.F.);
#606=ORIENTED_EDGE('',*,*,#447,.F.);
#607=ORIENTED_EDGE('',*,*,#442,.T.);
#608=ORIENTED_EDGE('',*,*,#454,.F.);
#609=ORIENTED_EDGE('',*,*,#456,.F.);
#610=ORIENTED_EDGE('',*,*,#457,.T.);
#611=ORIENTED_EDGE('',*,*,#458,.T.);
#612=ORIENTED_EDGE('',*,*,#457,.F.);
#613=ORIENTED_EDGE('',*,*,#459,.F.);
#614=ORIENTED_EDGE('',*,*,#458,.F.);
#615=ORIENTED_EDGE('',*,*,#460,.F.);
#616=ORIENTED_EDGE('',*,*,#461,.T.);
#617=ORIENTED_EDGE('',*,*,#462,.T.);
#618=ORIENTED_EDGE('',*,*,#461,.F.);
#619=ORIENTED_EDGE('',*,*,#463,.F.);
#620=ORIENTED_EDGE('',*,*,#462,.F.);
#621=ORIENTED_EDGE('',*,*,#464,.F.);
#622=ORIENTED_EDGE('',*,*,#465,.T.);
#623=ORIENTED_EDGE('',*,*,#439,.T.);
#624=ORIENTED_EDGE('',*,*,#448,.T.);
#625=ORIENTED_EDGE('',*,*,#455,.T.);
#626=ORIENTED_EDGE('',*,*,#440,.T.);
#627=ORIENTED_EDGE('',*,*,#465,.F.);
#628=ORIENTED_EDGE('',*,*,#417,.T.);
#629=ORIENTED_EDGE('',*,*,#466,.F.);
#630=ORIENTED_EDGE('',*,*,#467,.T.);
#631=ORIENTED_EDGE('',*,*,#430,.F.);
#632=ORIENTED_EDGE('',*,*,#401,.T.);
#633=ORIENTED_EDGE('',*,*,#468,.F.);
#634=ORIENTED_EDGE('',*,*,#469,.T.);
#635=ORIENTED_EDGE('',*,*,#414,.F.);
#636=ORIENTED_EDGE('',*,*,#383,.T.);
#637=ORIENTED_EDGE('',*,*,#470,.F.);
#638=ORIENTED_EDGE('',*,*,#471,.T.);
#639=ORIENTED_EDGE('',*,*,#472,.T.);
#640=ORIENTED_EDGE('',*,*,#398,.F.);
#641=ORIENTED_EDGE('',*,*,#367,.T.);
#642=ORIENTED_EDGE('',*,*,#473,.F.);
#643=ORIENTED_EDGE('',*,*,#474,.T.);
#644=ORIENTED_EDGE('',*,*,#380,.F.);
#645=ORIENTED_EDGE('',*,*,#466,.T.);
#646=ORIENTED_EDGE('',*,*,#420,.T.);
#647=ORIENTED_EDGE('',*,*,#475,.T.);
#648=ORIENTED_EDGE('',*,*,#473,.T.);
#649=ORIENTED_EDGE('',*,*,#370,.T.);
#650=ORIENTED_EDGE('',*,*,#476,.T.);
#651=ORIENTED_EDGE('',*,*,#378,.T.);
#652=ORIENTED_EDGE('',*,*,#382,.T.);
#653=ORIENTED_EDGE('',*,*,#477,.T.);
#654=ORIENTED_EDGE('',*,*,#406,.T.);
#655=ORIENTED_EDGE('',*,*,#410,.T.);
#656=ORIENTED_EDGE('',*,*,#478,.T.);
#657=ORIENTED_EDGE('',*,*,#395,.T.);
#658=ORIENTED_EDGE('',*,*,#400,.T.);
#659=ORIENTED_EDGE('',*,*,#479,.T.);
#660=ORIENTED_EDGE('',*,*,#372,.T.);
#661=ORIENTED_EDGE('',*,*,#376,.T.);
#662=ORIENTED_EDGE('',*,*,#480,.T.);
#663=ORIENTED_EDGE('',*,*,#412,.T.);
#664=ORIENTED_EDGE('',*,*,#416,.T.);
#665=ORIENTED_EDGE('',*,*,#481,.T.);
#666=ORIENTED_EDGE('',*,*,#388,.T.);
#667=ORIENTED_EDGE('',*,*,#393,.T.);
#668=ORIENTED_EDGE('',*,*,#482,.T.);
#669=ORIENTED_EDGE('',*,*,#470,.T.);
#670=ORIENTED_EDGE('',*,*,#386,.T.);
#671=ORIENTED_EDGE('',*,*,#483,.T.);
#672=ORIENTED_EDGE('',*,*,#428,.T.);
#673=ORIENTED_EDGE('',*,*,#432,.T.);
#674=ORIENTED_EDGE('',*,*,#484,.T.);
#675=ORIENTED_EDGE('',*,*,#468,.T.);
#676=ORIENTED_EDGE('',*,*,#404,.T.);
#677=ORIENTED_EDGE('',*,*,#485,.T.);
#678=ORIENTED_EDGE('',*,*,#486,.T.);
#679=ORIENTED_EDGE('',*,*,#422,.T.);
#680=ORIENTED_EDGE('',*,*,#426,.T.);
#681=ORIENTED_EDGE('',*,*,#487,.T.);
#682=ORIENTED_EDGE('',*,*,#452,.T.);
#683=ORIENTED_EDGE('',*,*,#488,.T.);
#684=ORIENTED_EDGE('',*,*,#389,.F.);
#685=ORIENTED_EDGE('',*,*,#481,.F.);
#686=ORIENTED_EDGE('',*,*,#415,.F.);
#687=ORIENTED_EDGE('',*,*,#469,.F.);
#688=ORIENTED_EDGE('',*,*,#487,.F.);
#689=ORIENTED_EDGE('',*,*,#425,.F.);
#690=ORIENTED_EDGE('',*,*,#429,.F.);
#691=ORIENTED_EDGE('',*,*,#483,.F.);
#692=ORIENTED_EDGE('',*,*,#385,.F.);
#693=ORIENTED_EDGE('',*,*,#390,.F.);
#694=ORIENTED_EDGE('',*,*,#488,.F.);
#695=ORIENTED_EDGE('',*,*,#463,.T.);
#696=ORIENTED_EDGE('',*,*,#489,.T.);
#697=ORIENTED_EDGE('',*,*,#396,.F.);
#698=ORIENTED_EDGE('',*,*,#480,.F.);
#699=ORIENTED_EDGE('',*,*,#375,.F.);
#700=ORIENTED_EDGE('',*,*,#379,.F.);
#701=ORIENTED_EDGE('',*,*,#478,.F.);
#702=ORIENTED_EDGE('',*,*,#409,.F.);
#703=ORIENTED_EDGE('',*,*,#413,.F.);
#704=ORIENTED_EDGE('',*,*,#482,.F.);
#705=ORIENTED_EDGE('',*,*,#392,.F.);
#706=ORIENTED_EDGE('',*,*,#397,.F.);
#707=ORIENTED_EDGE('',*,*,#489,.F.);
#708=ORIENTED_EDGE('',*,*,#436,.T.);
#709=ORIENTED_EDGE('',*,*,#490,.T.);
#710=ORIENTED_EDGE('',*,*,#485,.F.);
#711=ORIENTED_EDGE('',*,*,#403,.F.);
#712=ORIENTED_EDGE('',*,*,#407,.F.);
#713=ORIENTED_EDGE('',*,*,#477,.F.);
#714=ORIENTED_EDGE('',*,*,#381,.F.);
#715=ORIENTED_EDGE('',*,*,#474,.F.);
#716=ORIENTED_EDGE('',*,*,#475,.F.);
#717=ORIENTED_EDGE('',*,*,#419,.F.);
#718=ORIENTED_EDGE('',*,*,#423,.F.);
#719=ORIENTED_EDGE('',*,*,#486,.F.);
#720=ORIENTED_EDGE('',*,*,#490,.F.);
#721=ORIENTED_EDGE('',*,*,#459,.T.);
#722=ORIENTED_EDGE('',*,*,#491,.T.);
#723=ORIENTED_EDGE('',*,*,#471,.F.);
#724=ORIENTED_EDGE('',*,*,#484,.F.);
#725=ORIENTED_EDGE('',*,*,#431,.F.);
#726=ORIENTED_EDGE('',*,*,#467,.F.);
#727=ORIENTED_EDGE('',*,*,#476,.F.);
#728=ORIENTED_EDGE('',*,*,#369,.F.);
#729=ORIENTED_EDGE('',*,*,#373,.F.);
#730=ORIENTED_EDGE('',*,*,#479,.F.);
#731=ORIENTED_EDGE('',*,*,#399,.F.);
#732=ORIENTED_EDGE('',*,*,#472,.F.);
#733=ORIENTED_EDGE('',*,*,#491,.F.);
#734=ORIENTED_EDGE('',*,*,#460,.T.);
#735=ORIENTED_EDGE('',*,*,#464,.T.);
#736=ORIENTED_EDGE('',*,*,#456,.T.);
#737=ORIENTED_EDGE('',*,*,#445,.T.);
#738=ORIENTED_EDGE('',*,*,#449,.T.);
#739=ORIENTED_EDGE('',*,*,#453,.T.);
#740=ORIENTED_EDGE('',*,*,#433,.T.);
#741=ORIENTED_EDGE('',*,*,#437,.T.);
#742=B_SPLINE_SURFACE_WITH_KNOTS('',3,3,((#986,#987,#988,#989,#990,#991,
#992,#993,#994,#995,#996,#997,#998,#999,#1000,#1001,#1002,#1003,#1004,#1005,
#1006,#1007),(#1008,#1009,#1010,#1011,#1012,#1013,#1014,#1015,#1016,#1017,
#1018,#1019,#1020,#1021,#1022,#1023,#1024,#1025,#1026,#1027,#1028,#1029),
(#1030,#1031,#1032,#1033,#1034,#1035,#1036,#1037,#1038,#1039,#1040,#1041,
#1042,#1043,#1044,#1045,#1046,#1047,#1048,#1049,#1050,#1051),(#1052,#1053,
#1054,#1055,#1056,#1057,#1058,#1059,#1060,#1061,#1062,#1063,#1064,#1065,
#1066,#1067,#1068,#1069,#1070,#1071,#1072,#1073),(#1074,#1075,#1076,#1077,
#1078,#1079,#1080,#1081,#1082,#1083,#1084,#1085,#1086,#1087,#1088,#1089,
#1090,#1091,#1092,#1093,#1094,#1095),(#1096,#1097,#1098,#1099,#1100,#1101,
#1102,#1103,#1104,#1105,#1106,#1107,#1108,#1109,#1110,#1111,#1112,#1113,
#1114,#1115,#1116,#1117),(#1118,#1119,#1120,#1121,#1122,#1123,#1124,#1125,
#1126,#1127,#1128,#1129,#1130,#1131,#1132,#1133,#1134,#1135,#1136,#1137,
#1138,#1139),(#1140,#1141,#1142,#1143,#1144,#1145,#1146,#1147,#1148,#1149,
#1150,#1151,#1152,#1153,#1154,#1155,#1156,#1157,#1158,#1159,#1160,#1161)),
 .UNSPECIFIED.,.F.,.F.,.F.,(4,1,1,1,1,4),(4,1,1,1,1,1,1,1,1,1,1,1,1,1,1,
1,1,1,1,4),(0.,0.2,0.4,0.6,0.8,1.),(0.,0.0526315789473684,0.105263157894737,
0.157894736842105,0.210526315789474,0.263157894736842,0.315789473684211,
0.368421052631579,0.421052631578947,0.473684210526316,0.526315789473684,
0.578947368421053,0.631578947368421,0.684210526315789,0.736842105263158,
0.789473684210526,0.842105263157895,0.894736842105263,0.947368421052632,
1.),.UNSPECIFIED.);
#743=B_SPLINE_SURFACE_WITH_KNOTS('',3,3,((#1344,#1345,#1346,#1347,#1348,
#1349,#1350,#1351),(#1352,#1353,#1354,#1355,#1356,#1357,#1358,#1359),(#1360,
#1361,#1362,#1363,#1364,#1365,#1366,#1367),(#1368,#1369,#1370,#1371,#1372,
#1373,#1374,#1375),(#1376,#1377,#1378,#1379,#1380,#1381,#1382,#1383),(#1384,
#1385,#1386,#1387,#1388,#1389,#1390,#1391),(#1392,#1393,#1394,#1395,#1396,
#1397,#1398,#1399),(#1400,#1401,#1402,#1403,#1404,#1405,#1406,#1407),(#1408,
#1409,#1410,#1411,#1412,#1413,#1414,#1415),(#1416,#1417,#1418,#1419,#1420,
#1421,#1422,#1423),(#1424,#1425,#1426,#1427,#1428,#1429,#1430,#1431),(#1432,
#1433,#1434,#1435,#1436,#1437,#1438,#1439),(#1440,#1441,#1442,#1443,#1444,
#1445,#1446,#1447),(#1448,#1449,#1450,#1451,#1452,#1453,#1454,#1455),(#1456,
#1457,#1458,#1459,#1460,#1461,#1462,#1463),(#1464,#1465,#1466,#1467,#1468,
#1469,#1470,#1471),(#1472,#1473,#1474,#1475,#1476,#1477,#1478,#1479),(#1480,
#1481,#1482,#1483,#1484,#1485,#1486,#1487),(#1488,#1489,#1490,#1491,#1492,
#1493,#1494,#1495),(#1496,#1497,#1498,#1499,#1500,#1501,#1502,#1503),(#1504,
#1505,#1506,#1507,#1508,#1509,#1510,#1511),(#1512,#1513,#1514,#1515,#1516,
#1517,#1518,#1519)),.UNSPECIFIED.,.F.,.F.,.F.,(4,1,1,1,1,1,1,1,1,1,1,1,
1,1,1,1,1,1,1,4),(4,1,1,1,1,4),(0.,0.0526315789473684,0.105263157894737,
0.157894736842105,0.210526315789474,0.263157894736842,0.315789473684211,
0.368421052631579,0.421052631578947,0.473684210526316,0.526315789473684,
0.578947368421053,0.631578947368421,0.684210526315789,0.736842105263158,
0.789473684210526,0.842105263157895,0.894736842105263,0.947368421052632,
1.),(0.,0.2,0.4,0.6,0.8,1.),.UNSPECIFIED.);
#744=B_SPLINE_SURFACE_WITH_KNOTS('',3,3,((#1682,#1683,#1684,#1685,#1686,
#1687,#1688,#1689,#1690,#1691,#1692,#1693,#1694,#1695,#1696,#1697,#1698,
#1699,#1700,#1701,#1702,#1703),(#1704,#1705,#1706,#1707,#1708,#1709,#1710,
#1711,#1712,#1713,#1714,#1715,#1716,#1717,#1718,#1719,#1720,#1721,#1722,
#1723,#1724,#1725),(#1726,#1727,#1728,#1729,#1730,#1731,#1732,#1733,#1734,
#1735,#1736,#1737,#1738,#1739,#1740,#1741,#1742,#1743,#1744,#1745,#1746,
#1747),(#1748,#1749,#1750,#1751,#1752,#1753,#1754,#1755,#1756,#1757,#1758,
#1759,#1760,#1761,#1762,#1763,#1764,#1765,#1766,#1767,#1768,#1769),(#1770,
#1771,#1772,#1773,#1774,#1775,#1776,#1777,#1778,#1779,#1780,#1781,#1782,
#1783,#1784,#1785,#1786,#1787,#1788,#1789,#1790,#1791),(#1792,#1793,#1794,
#1795,#1796,#1797,#1798,#1799,#1800,#1801,#1802,#1803,#1804,#1805,#1806,
#1807,#1808,#1809,#1810,#1811,#1812,#1813),(#1814,#1815,#1816,#1817,#1818,
#1819,#1820,#1821,#1822,#1823,#1824,#1825,#1826,#1827,#1828,#1829,#1830,
#1831,#1832,#1833,#1834,#1835),(#1836,#1837,#1838,#1839,#1840,#1841,#1842,
#1843,#1844,#1845,#1846,#1847,#1848,#1849,#1850,#1851,#1852,#1853,#1854,
#1855,#1856,#1857)),.UNSPECIFIED.,.F.,.F.,.F.,(4,1,1,1,1,4),(4,1,1,1,1,
1,1,1,1,1,1,1,1,1,1,1,1,1,1,4),(0.,0.2,0.4,0.6,0.8,1.),(0.,0.0526315789473684,
0.105263157894737,0.157894736842105,0.210526315789474,0.263157894736842,
0.315789473684211,0.368421052631579,0.421052631578947,0.473684210526316,
0.526315789473684,0.578947368421053,0.631578947368421,0.684210526315789,
0.736842105263158,0.789473684210526,0.842105263157895,0.894736842105263,
0.947368421052632,1.),.UNSPECIFIED.);
#745=B_SPLINE_SURFACE_WITH_KNOTS('',3,3,((#2016,#2017,#2018,#2019,#2020,
#2021,#2022,#2023),(#2024,#2025,#2026,#2027,#2028,#2029,#2030,#2031),(#2032,
#2033,#2034,#2035,#2036,#2037,#2038,#2039),(#2040,#2041,#2042,#2043,#2044,
#2045,#2046,#2047),(#2048,#2049,#2050,#2051,#2052,#2053,#2054,#2055),(#2056,
#2057,#2058,#2059,#2060,#2061,#2062,#2063),(#2064,#2065,#2066,#2067,#2068,
#2069,#2070,#2071),(#2072,#2073,#2074,#2075,#2076,#2077,#2078,#2079),(#2080,
#2081,#2082,#2083,#2084,#2085,#2086,#2087),(#2088,#2089,#2090,#2091,#2092,
#2093,#2094,#2095),(#2096,#2097,#2098,#2099,#2100,#2101,#2102,#2103),(#2104,
#2105,#2106,#2107,#2108,#2109,#2110,#2111),(#2112,#2113,#2114,#2115,#2116,
#2117,#2118,#2119),(#2120,#2121,#2122,#2123,#2124,#2125,#2126,#2127),(#2128,
#2129,#2130,#2131,#2132,#2133,#2134,#2135),(#2136,#2137,#2138,#2139,#2140,
#2141,#2142,#2143),(#2144,#2145,#2146,#2147,#2148,#2149,#2150,#2151),(#2152,
#2153,#2154,#2155,#2156,#2157,#2158,#2159),(#2160,#2161,#2162,#2163,#2164,
#2165,#2166,#2167),(#2168,#2169,#2170,#2171,#2172,#2173,#2174,#2175),(#2176,
#2177,#2178,#2179,#2180,#2181,#2182,#2183),(#2184,#2185,#2186,#2187,#2188,
#2189,#2190,#2191)),.UNSPECIFIED.,.F.,.F.,.F.,(4,1,1,1,1,1,1,1,1,1,1,1,
1,1,1,1,1,1,1,4),(4,1,1,1,1,4),(0.,0.0526315789473684,0.105263157894737,
0.157894736842105,0.210526315789474,0.263157894736842,0.315789473684211,
0.368421052631579,0.421052631578947,0.473684210526316,0.526315789473684,
0.578947368421053,0.631578947368421,0.684210526315789,0.736842105263158,
0.789473684210526,0.842105263157895,0.894736842105263,0.947368421052632,
1.),(0.,0.2,0.4,0.6,0.8,1.),.UNSPECIFIED.);
#746=B_SPLINE_SURFACE_WITH_KNOTS('',3,3,((#2355,#2356,#2357,#2358,#2359,
#2360,#2361,#2362,#2363,#2364,#2365,#2366,#2367,#2368,#2369,#2370,#2371,
#2372,#2373,#2374,#2375,#2376),(#2377,#2378,#2379,#2380,#2381,#2382,#2383,
#2384,#2385,#2386,#2387,#2388,#2389,#2390,#2391,#2392,#2393,#2394,#2395,
#2396,#2397,#2398),(#2399,#2400,#2401,#2402,#2403,#2404,#2405,#2406,#2407,
#2408,#2409,#2410,#2411,#2412,#2413,#2414,#2415,#2416,#2417,#2418,#2419,
#2420),(#2421,#2422,#2423,#2424,#2425,#2426,#2427,#2428,#2429,#2430,#2431,
#2432,#2433,#2434,#2435,#2436,#2437,#2438,#2439,#2440,#2441,#2442),(#2443,
#2444,#2445,#2446,#2447,#2448,#2449,#2450,#2451,#2452,#2453,#2454,#2455,
#2456,#2457,#2458,#2459,#2460,#2461,#2462,#2463,#2464),(#2465,#2466,#2467,
#2468,#2469,#2470,#2471,#2472,#2473,#2474,#2475,#2476,#2477,#2478,#2479,
#2480,#2481,#2482,#2483,#2484,#2485,#2486),(#2487,#2488,#2489,#2490,#2491,
#2492,#2493,#2494,#2495,#2496,#2497,#2498,#2499,#2500,#2501,#2502,#2503,
#2504,#2505,#2506,#2507,#2508),(#2509,#2510,#2511,#2512,#2513,#2514,#2515,
#2516,#2517,#2518,#2519,#2520,#2521,#2522,#2523,#2524,#2525,#2526,#2527,
#2528,#2529,#2530)),.UNSPECIFIED.,.F.,.F.,.F.,(4,1,1,1,1,4),(4,1,1,1,1,
1,1,1,1,1,1,1,1,1,1,1,1,1,1,4),(0.,0.2,0.4,0.6,0.8,1.),(0.,0.0526315789473684,
0.105263157894737,0.157894736842105,0.210526315789474,0.263157894736842,
0.315789473684211,0.368421052631579,0.421052631578947,0.473684210526316,
0.526315789473684,0.578947368421053,0.631578947368421,0.684210526315789,
0.736842105263158,0.789473684210526,0.842105263157895,0.894736842105263,
0.947368421052632,1.),.UNSPECIFIED.);
#747=B_SPLINE_SURFACE_WITH_KNOTS('',3,3,((#2688,#2689,#2690,#2691,#2692,
#2693,#2694,#2695,#2696,#2697,#2698,#2699,#2700,#2701,#2702,#2703,#2704,
#2705,#2706,#2707,#2708,#2709),(#2710,#2711,#2712,#2713,#2714,#2715,#2716,
#2717,#2718,#2719,#2720,#2721,#2722,#2723,#2724,#2725,#2726,#2727,#2728,
#2729,#2730,#2731),(#2732,#2733,#2734,#2735,#2736,#2737,#2738,#2739,#2740,
#2741,#2742,#2743,#2744,#2745,#2746,#2747,#2748,#2749,#2750,#2751,#2752,
#2753),(#2754,#2755,#2756,#2757,#2758,#2759,#2760,#2761,#2762,#2763,#2764,
#2765,#2766,#2767,#2768,#2769,#2770,#2771,#2772,#2773,#2774,#2775),(#2776,
#2777,#2778,#2779,#2780,#2781,#2782,#2783,#2784,#2785,#2786,#2787,#2788,
#2789,#2790,#2791,#2792,#2793,#2794,#2795,#2796,#2797),(#2798,#2799,#2800,
#2801,#2802,#2803,#2804,#2805,#2806,#2807,#2808,#2809,#2810,#2811,#2812,
#2813,#2814,#2815,#2816,#2817,#2818,#2819),(#2820,#2821,#2822,#2823,#2824,
#2825,#2826,#2827,#2828,#2829,#2830,#2831,#2832,#2833,#2834,#2835,#2836,
#2837,#2838,#2839,#2840,#2841),(#2842,#2843,#2844,#2845,#2846,#2847,#2848,
#2849,#2850,#2851,#2852,#2853,#2854,#2855,#2856,#2857,#2858,#2859,#2860,
#2861,#2862,#2863)),.UNSPECIFIED.,.F.,.F.,.F.,(4,1,1,1,1,4),(4,1,1,1,1,
1,1,1,1,1,1,1,1,1,1,1,1,1,1,4),(0.,0.2,0.4,0.6,0.8,1.),(0.,0.0526315789473684,
0.105263157894737,0.157894736842105,0.210526315789474,0.263157894736842,
0.315789473684211,0.368421052631579,0.421052631578947,0.473684210526316,
0.526315789473684,0.578947368421053,0.631578947368421,0.684210526315789,
0.736842105263158,0.789473684210526,0.842105263157895,0.894736842105263,
0.947368421052632,1.),.UNSPECIFIED.);
#748=B_SPLINE_SURFACE_WITH_KNOTS('',3,3,((#3045,#3046,#3047,#3048,#3049,
#3050,#3051,#3052),(#3053,#3054,#3055,#3056,#3057,#3058,#3059,#3060),(#3061,
#3062,#3063,#3064,#3065,#3066,#3067,#3068),(#3069,#3070,#3071,#3072,#3073,
#3074,#3075,#3076),(#3077,#3078,#3079,#3080,#3081,#3082,#3083,#3084),(#3085,
#3086,#3087,#3088,#3089,#3090,#3091,#3092),(#3093,#3094,#3095,#3096,#3097,
#3098,#3099,#3100),(#3101,#3102,#3103,#3104,#3105,#3106,#3107,#3108),(#3109,
#3110,#3111,#3112,#3113,#3114,#3115,#3116),(#3117,#3118,#3119,#3120,#3121,
#3122,#3123,#3124),(#3125,#3126,#3127,#3128,#3129,#3130,#3131,#3132),(#3133,
#3134,#3135,#3136,#3137,#3138,#3139,#3140),(#3141,#3142,#3143,#3144,#3145,
#3146,#3147,#3148),(#3149,#3150,#3151,#3152,#3153,#3154,#3155,#3156),(#3157,
#3158,#3159,#3160,#3161,#3162,#3163,#3164),(#3165,#3166,#3167,#3168,#3169,
#3170,#3171,#3172),(#3173,#3174,#3175,#3176,#3177,#3178,#3179,#3180),(#3181,
#3182,#3183,#3184,#3185,#3186,#3187,#3188),(#3189,#3190,#3191,#3192,#3193,
#3194,#3195,#3196),(#3197,#3198,#3199,#3200,#3201,#3202,#3203,#3204),(#3205,
#3206,#3207,#3208,#3209,#3210,#3211,#3212),(#3213,#3214,#3215,#3216,#3217,
#3218,#3219,#3220)),.UNSPECIFIED.,.F.,.F.,.F.,(4,1,1,1,1,1,1,1,1,1,1,1,
1,1,1,1,1,1,1,4),(4,1,1,1,1,4),(0.,0.0526315789473684,0.105263157894737,
0.157894736842105,0.210526315789474,0.263157894736842,0.315789473684211,
0.368421052631579,0.421052631578947,0.473684210526316,0.526315789473684,
0.578947368421053,0.631578947368421,0.684210526315789,0.736842105263158,
0.789473684210526,0.842105263157895,0.894736842105263,0.947368421052632,
1.),(0.,0.2,0.4,0.6,0.8,1.),.UNSPECIFIED.);
#749=B_SPLINE_SURFACE_WITH_KNOTS('',3,3,((#3388,#3389,#3390,#3391,#3392,
#3393,#3394,#3395,#3396,#3397,#3398,#3399,#3400,#3401,#3402,#3403,#3404,
#3405,#3406,#3407,#3408,#3409),(#3410,#3411,#3412,#3413,#3414,#3415,#3416,
#3417,#3418,#3419,#3420,#3421,#3422,#3423,#3424,#3425,#3426,#3427,#3428,
#3429,#3430,#3431),(#3432,#3433,#3434,#3435,#3436,#3437,#3438,#3439,#3440,
#3441,#3442,#3443,#3444,#3445,#3446,#3447,#3448,#3449,#3450,#3451,#3452,
#3453),(#3454,#3455,#3456,#3457,#3458,#3459,#3460,#3461,#3462,#3463,#3464,
#3465,#3466,#3467,#3468,#3469,#3470,#3471,#3472,#3473,#3474,#3475),(#3476,
#3477,#3478,#3479,#3480,#3481,#3482,#3483,#3484,#3485,#3486,#3487,#3488,
#3489,#3490,#3491,#3492,#3493,#3494,#3495,#3496,#3497),(#3498,#3499,#3500,
#3501,#3502,#3503,#3504,#3505,#3506,#3507,#3508,#3509,#3510,#3511,#3512,
#3513,#3514,#3515,#3516,#3517,#3518,#3519),(#3520,#3521,#3522,#3523,#3524,
#3525,#3526,#3527,#3528,#3529,#3530,#3531,#3532,#3533,#3534,#3535,#3536,
#3537,#3538,#3539,#3540,#3541),(#3542,#3543,#3544,#3545,#3546,#3547,#3548,
#3549,#3550,#3551,#3552,#3553,#3554,#3555,#3556,#3557,#3558,#3559,#3560,
#3561,#3562,#3563)),.UNSPECIFIED.,.F.,.F.,.F.,(4,1,1,1,1,4),(4,1,1,1,1,
1,1,1,1,1,1,1,1,1,1,1,1,1,1,4),(0.,0.2,0.4,0.6,0.8,1.),(0.,0.0526315789473684,
0.105263157894737,0.157894736842105,0.210526315789474,0.263157894736842,
0.315789473684211,0.368421052631579,0.421052631578947,0.473684210526316,
0.526315789473684,0.578947368421053,0.631578947368421,0.684210526315789,
0.736842105263158,0.789473684210526,0.842105263157895,0.894736842105263,
0.947368421052632,1.),.UNSPECIFIED.);
#750=B_SPLINE_SURFACE_WITH_KNOTS('',3,3,((#3722,#3723,#3724,#3725,#3726,
#3727,#3728,#3729),(#3730,#3731,#3732,#3733,#3734,#3735,#3736,#3737),(#3738,
#3739,#3740,#3741,#3742,#3743,#3744,#3745),(#3746,#3747,#3748,#3749,#3750,
#3751,#3752,#3753),(#3754,#3755,#3756,#3757,#3758,#3759,#3760,#3761),(#3762,
#3763,#3764,#3765,#3766,#3767,#3768,#3769),(#3770,#3771,#3772,#3773,#3774,
#3775,#3776,#3777),(#3778,#3779,#3780,#3781,#3782,#3783,#3784,#3785),(#3786,
#3787,#3788,#3789,#3790,#3791,#3792,#3793),(#3794,#3795,#3796,#3797,#3798,
#3799,#3800,#3801),(#3802,#3803,#3804,#3805,#3806,#3807,#3808,#3809),(#3810,
#3811,#3812,#3813,#3814,#3815,#3816,#3817),(#3818,#3819,#3820,#3821,#3822,
#3823,#3824,#3825),(#3826,#3827,#3828,#3829,#3830,#3831,#3832,#3833),(#3834,
#3835,#3836,#3837,#3838,#3839,#3840,#3841),(#3842,#3843,#3844,#3845,#3846,
#3847,#3848,#3849),(#3850,#3851,#3852,#3853,#3854,#3855,#3856,#3857),(#3858,
#3859,#3860,#3861,#3862,#3863,#3864,#3865),(#3866,#3867,#3868,#3869,#3870,
#3871,#3872,#3873),(#3874,#3875,#3876,#3877,#3878,#3879,#3880,#3881),(#3882,
#3883,#3884,#3885,#3886,#3887,#3888,#3889),(#3890,#3891,#3892,#3893,#3894,
#3895,#3896,#3897)),.UNSPECIFIED.,.F.,.F.,.F.,(4,1,1,1,1,1,1,1,1,1,1,1,
1,1,1,1,1,1,1,4),(4,1,1,1,1,4),(0.,0.0526315789473684,0.105263157894737,
0.157894736842105,0.210526315789474,0.263157894736842,0.315789473684211,
0.368421052631579,0.421052631578947,0.473684210526316,0.526315789473684,
0.578947368421053,0.631578947368421,0.684210526315789,0.736842105263158,
0.789473684210526,0.842105263157895,0.894736842105263,0.947368421052632,
1.),(0.,0.2,0.4,0.6,0.8,1.),.UNSPECIFIED.);
#751=B_SPLINE_SURFACE_WITH_KNOTS('',3,3,((#4066,#4067,#4068,#4069,#4070,
#4071,#4072,#4073,#4074,#4075,#4076,#4077,#4078,#4079,#4080,#4081,#4082,
#4083,#4084,#4085,#4086,#4087),(#4088,#4089,#4090,#4091,#4092,#4093,#4094,
#4095,#4096,#4097,#4098,#4099,#4100,#4101,#4102,#4103,#4104,#4105,#4106,
#4107,#4108,#4109),(#4110,#4111,#4112,#4113,#4114,#4115,#4116,#4117,#4118,
#4119,#4120,#4121,#4122,#4123,#4124,#4125,#4126,#4127,#4128,#4129,#4130,
#4131),(#4132,#4133,#4134,#4135,#4136,#4137,#4138,#4139,#4140,#4141,#4142,
#4143,#4144,#4145,#4146,#4147,#4148,#4149,#4150,#4151,#4152,#4153),(#4154,
#4155,#4156,#4157,#4158,#4159,#4160,#4161,#4162,#4163,#4164,#4165,#4166,
#4167,#4168,#4169,#4170,#4171,#4172,#4173,#4174,#4175),(#4176,#4177,#4178,
#4179,#4180,#4181,#4182,#4183,#4184,#4185,#4186,#4187,#4188,#4189,#4190,
#4191,#4192,#4193,#4194,#4195,#4196,#4197),(#4198,#4199,#4200,#4201,#4202,
#4203,#4204,#4205,#4206,#4207,#4208,#4209,#4210,#4211,#4212,#4213,#4214,
#4215,#4216,#4217,#4218,#4219),(#4220,#4221,#4222,#4223,#4224,#4225,#4226,
#4227,#4228,#4229,#4230,#4231,#4232,#4233,#4234,#4235,#4236,#4237,#4238,
#4239,#4240,#4241)),.UNSPECIFIED.,.F.,.F.,.F.,(4,1,1,1,1,4),(4,1,1,1,1,
1,1,1,1,1,1,1,1,1,1,1,1,1,1,4),(0.,0.2,0.4,0.6,0.8,1.),(0.,0.0526315789473684,
0.105263157894737,0.157894736842105,0.210526315789474,0.263157894736842,
0.315789473684211,0.368421052631579,0.421052631578947,0.473684210526316,
0.526315789473684,0.578947368421053,0.631578947368421,0.684210526315789,
0.736842105263158,0.789473684210526,0.842105263157895,0.894736842105263,
0.947368421052632,1.),.UNSPECIFIED.);
#752=B_SPLINE_SURFACE_WITH_KNOTS('',3,3,((#4399,#4400,#4401,#4402,#4403,
#4404,#4405,#4406,#4407,#4408,#4409,#4410,#4411,#4412,#4413,#4414,#4415,
#4416,#4417,#4418,#4419,#4420),(#4421,#4422,#4423,#4424,#4425,#4426,#4427,
#4428,#4429,#4430,#4431,#4432,#4433,#4434,#4435,#4436,#4437,#4438,#4439,
#4440,#4441,#4442),(#4443,#4444,#4445,#4446,#4447,#4448,#4449,#4450,#4451,
#4452,#4453,#4454,#4455,#4456,#4457,#4458,#4459,#4460,#4461,#4462,#4463,
#4464),(#4465,#4466,#4467,#4468,#4469,#4470,#4471,#4472,#4473,#4474,#4475,
#4476,#4477,#4478,#4479,#4480,#4481,#4482,#4483,#4484,#4485,#4486),(#4487,
#4488,#4489,#4490,#4491,#4492,#4493,#4494,#4495,#4496,#4497,#4498,#4499,
#4500,#4501,#4502,#4503,#4504,#4505,#4506,#4507,#4508),(#4509,#4510,#4511,
#4512,#4513,#4514,#4515,#4516,#4517,#4518,#4519,#4520,#4521,#4522,#4523,
#4524,#4525,#4526,#4527,#4528,#4529,#4530),(#4531,#4532,#4533,#4534,#4535,
#4536,#4537,#4538,#4539,#4540,#4541,#4542,#4543,#4544,#4545,#4546,#4547,
#4548,#4549,#4550,#4551,#4552),(#4553,#4554,#4555,#4556,#4557,#4558,#4559,
#4560,#4561,#4562,#4563,#4564,#4565,#4566,#4567,#4568,#4569,#4570,#4571,
#4572,#4573,#4574)),.UNSPECIFIED.,.F.,.F.,.F.,(4,1,1,1,1,4),(4,1,1,1,1,
1,1,1,1,1,1,1,1,1,1,1,1,1,1,4),(0.,0.2,0.4,0.6,0.8,1.),(0.,0.0526315789473684,
0.105263157894737,0.157894736842105,0.210526315789474,0.263157894736842,
0.315789473684211,0.368421052631579,0.421052631578947,0.473684210526316,
0.526315789473684,0.578947368421053,0.631578947368421,0.684210526315789,
0.736842105263158,0.789473684210526,0.842105263157895,0.894736842105263,
0.947368421052632,1.),.UNSPECIFIED.);
#753=B_SPLINE_SURFACE_WITH_KNOTS('',3,3,((#4756,#4757,#4758,#4759,#4760,
#4761,#4762,#4763),(#4764,#4765,#4766,#4767,#4768,#4769,#4770,#4771),(#4772,
#4773,#4774,#4775,#4776,#4777,#4778,#4779),(#4780,#4781,#4782,#4783,#4784,
#4785,#4786,#4787),(#4788,#4789,#4790,#4791,#4792,#4793,#4794,#4795),(#4796,
#4797,#4798,#4799,#4800,#4801,#4802,#4803),(#4804,#4805,#4806,#4807,#4808,
#4809,#4810,#4811),(#4812,#4813,#4814,#4815,#4816,#4817,#4818,#4819),(#4820,
#4821,#4822,#4823,#4824,#4825,#4826,#4827),(#4828,#4829,#4830,#4831,#4832,
#4833,#4834,#4835),(#4836,#4837,#4838,#4839,#4840,#4841,#4842,#4843),(#4844,
#4845,#4846,#4847,#4848,#4849,#4850,#4851),(#4852,#4853,#4854,#4855,#4856,
#4857,#4858,#4859),(#4860,#4861,#4862,#4863,#4864,#4865,#4866,#4867),(#4868,
#4869,#4870,#4871,#4872,#4873,#4874,#4875),(#4876,#4877,#4878,#4879,#4880,
#4881,#4882,#4883),(#4884,#4885,#4886,#4887,#4888,#4889,#4890,#4891),(#4892,
#4893,#4894,#4895,#4896,#4897,#4898,#4899),(#4900,#4901,#4902,#4903,#4904,
#4905,#4906,#4907),(#4908,#4909,#4910,#4911,#4912,#4913,#4914,#4915),(#4916,
#4917,#4918,#4919,#4920,#4921,#4922,#4923),(#4924,#4925,#4926,#4927,#4928,
#4929,#4930,#4931)),.UNSPECIFIED.,.F.,.F.,.F.,(4,1,1,1,1,1,1,1,1,1,1,1,
1,1,1,1,1,1,1,4),(4,1,1,1,1,4),(0.,0.0526315789473684,0.105263157894737,
0.157894736842105,0.210526315789474,0.263157894736842,0.315789473684211,
0.368421052631579,0.421052631578947,0.473684210526316,0.526315789473684,
0.578947368421053,0.631578947368421,0.684210526315789,0.736842105263158,
0.789473684210526,0.842105263157895,0.894736842105263,0.947368421052632,
1.),(0.,0.2,0.4,0.6,0.8,1.),.UNSPECIFIED.);
#754=B_SPLINE_SURFACE_WITH_KNOTS('',3,3,((#5094,#5095,#5096,#5097,#5098,
#5099,#5100,#5101,#5102,#5103,#5104,#5105,#5106,#5107,#5108,#5109,#5110,
#5111,#5112,#5113,#5114,#5115),(#5116,#5117,#5118,#5119,#5120,#5121,#5122,
#5123,#5124,#5125,#5126,#5127,#5128,#5129,#5130,#5131,#5132,#5133,#5134,
#5135,#5136,#5137),(#5138,#5139,#5140,#5141,#5142,#5143,#5144,#5145,#5146,
#5147,#5148,#5149,#5150,#5151,#5152,#5153,#5154,#5155,#5156,#5157,#5158,
#5159),(#5160,#5161,#5162,#5163,#5164,#5165,#5166,#5167,#5168,#5169,#5170,
#5171,#5172,#5173,#5174,#5175,#5176,#5177,#5178,#5179,#5180,#5181),(#5182,
#5183,#5184,#5185,#5186,#5187,#5188,#5189,#5190,#5191,#5192,#5193,#5194,
#5195,#5196,#5197,#5198,#5199,#5200,#5201,#5202,#5203),(#5204,#5205,#5206,
#5207,#5208,#5209,#5210,#5211,#5212,#5213,#5214,#5215,#5216,#5217,#5218,
#5219,#5220,#5221,#5222,#5223,#5224,#5225),(#5226,#5227,#5228,#5229,#5230,
#5231,#5232,#5233,#5234,#5235,#5236,#5237,#5238,#5239,#5240,#5241,#5242,
#5243,#5244,#5245,#5246,#5247),(#5248,#5249,#5250,#5251,#5252,#5253,#5254,
#5255,#5256,#5257,#5258,#5259,#5260,#5261,#5262,#5263,#5264,#5265,#5266,
#5267,#5268,#5269)),.UNSPECIFIED.,.F.,.F.,.F.,(4,1,1,1,1,4),(4,1,1,1,1,
1,1,1,1,1,1,1,1,1,1,1,1,1,1,4),(0.,0.2,0.4,0.6,0.8,1.),(0.,0.0526315789473684,
0.105263157894737,0.157894736842105,0.210526315789474,0.263157894736842,
0.315789473684211,0.368421052631579,0.421052631578947,0.473684210526316,
0.526315789473684,0.578947368421053,0.631578947368421,0.684210526315789,
0.736842105263158,0.789473684210526,0.842105263157895,0.894736842105263,
0.947368421052632,1.),.UNSPECIFIED.);
#755=B_SPLINE_SURFACE_WITH_KNOTS('',3,3,((#5428,#5429,#5430,#5431,#5432,
#5433,#5434,#5435),(#5436,#5437,#5438,#5439,#5440,#5441,#5442,#5443),(#5444,
#5445,#5446,#5447,#5448,#5449,#5450,#5451),(#5452,#5453,#5454,#5455,#5456,
#5457,#5458,#5459),(#5460,#5461,#5462,#5463,#5464,#5465,#5466,#5467),(#5468,
#5469,#5470,#5471,#5472,#5473,#5474,#5475),(#5476,#5477,#5478,#5479,#5480,
#5481,#5482,#5483),(#5484,#5485,#5486,#5487,#5488,#5489,#5490,#5491),(#5492,
#5493,#5494,#5495,#5496,#5497,#5498,#5499),(#5500,#5501,#5502,#5503,#5504,
#5505,#5506,#5507),(#5508,#5509,#5510,#5511,#5512,#5513,#5514,#5515),(#5516,
#5517,#5518,#5519,#5520,#5521,#5522,#5523),(#5524,#5525,#5526,#5527,#5528,
#5529,#5530,#5531),(#5532,#5533,#5534,#5535,#5536,#5537,#5538,#5539),(#5540,
#5541,#5542,#5543,#5544,#5545,#5546,#5547),(#5548,#5549,#5550,#5551,#5552,
#5553,#5554,#5555),(#5556,#5557,#5558,#5559,#5560,#5561,#5562,#5563),(#5564,
#5565,#5566,#5567,#5568,#5569,#5570,#5571),(#5572,#5573,#5574,#5575,#5576,
#5577,#5578,#5579),(#5580,#5581,#5582,#5583,#5584,#5585,#5586,#5587),(#5588,
#5589,#5590,#5591,#5592,#5593,#5594,#5595),(#5596,#5597,#5598,#5599,#5600,
#5601,#5602,#5603)),.UNSPECIFIED.,.F.,.F.,.F.,(4,1,1,1,1,1,1,1,1,1,1,1,
1,1,1,1,1,1,1,4),(4,1,1,1,1,4),(0.,0.0526315789473684,0.105263157894737,
0.157894736842105,0.210526315789474,0.263157894736842,0.315789473684211,
0.368421052631579,0.421052631578947,0.473684210526316,0.526315789473684,
0.578947368421053,0.631578947368421,0.684210526315789,0.736842105263158,
0.789473684210526,0.842105263157895,0.894736842105263,0.947368421052632,
1.),(0.,0.2,0.4,0.6,0.8,1.),.UNSPECIFIED.);
#756=B_SPLINE_SURFACE_WITH_KNOTS('',3,3,((#5767,#5768,#5769,#5770,#5771,
#5772,#5773,#5774,#5775,#5776,#5777,#5778,#5779,#5780,#5781,#5782,#5783,
#5784,#5785,#5786,#5787,#5788),(#5789,#5790,#5791,#5792,#5793,#5794,#5795,
#5796,#5797,#5798,#5799,#5800,#5801,#5802,#5803,#5804,#5805,#5806,#5807,
#5808,#5809,#5810),(#5811,#5812,#5813,#5814,#5815,#5816,#5817,#5818,#5819,
#5820,#5821,#5822,#5823,#5824,#5825,#5826,#5827,#5828,#5829,#5830,#5831,
#5832),(#5833,#5834,#5835,#5836,#5837,#5838,#5839,#5840,#5841,#5842,#5843,
#5844,#5845,#5846,#5847,#5848,#5849,#5850,#5851,#5852,#5853,#5854),(#5855,
#5856,#5857,#5858,#5859,#5860,#5861,#5862,#5863,#5864,#5865,#5866,#5867,
#5868,#5869,#5870,#5871,#5872,#5873,#5874,#5875,#5876),(#5877,#5878,#5879,
#5880,#5881,#5882,#5883,#5884,#5885,#5886,#5887,#5888,#5889,#5890,#5891,
#5892,#5893,#5894,#5895,#5896,#5897,#5898),(#5899,#5900,#5901,#5902,#5903,
#5904,#5905,#5906,#5907,#5908,#5909,#5910,#5911,#5912,#5913,#5914,#5915,
#5916,#5917,#5918,#5919,#5920),(#5921,#5922,#5923,#5924,#5925,#5926,#5927,
#5928,#5929,#5930,#5931,#5932,#5933,#5934,#5935,#5936,#5937,#5938,#5939,
#5940,#5941,#5942)),.UNSPECIFIED.,.F.,.F.,.F.,(4,1,1,1,1,4),(4,1,1,1,1,
1,1,1,1,1,1,1,1,1,1,1,1,1,1,4),(0.,0.2,0.4,0.6,0.8,1.),(0.,0.0526315789473684,
0.105263157894737,0.157894736842105,0.210526315789474,0.263157894736842,
0.315789473684211,0.368421052631579,0.421052631578947,0.473684210526316,
0.526315789473684,0.578947368421053,0.631578947368421,0.684210526315789,
0.736842105263158,0.789473684210526,0.842105263157895,0.894736842105263,
0.947368421052632,1.),.UNSPECIFIED.);
#757=B_SPLINE_SURFACE_WITH_KNOTS('',3,3,((#6100,#6101,#6102,#6103,#6104,
#6105,#6106,#6107,#6108,#6109,#6110,#6111,#6112,#6113,#6114,#6115,#6116,
#6117,#6118,#6119,#6120,#6121),(#6122,#6123,#6124,#6125,#6126,#6127,#6128,
#6129,#6130,#6131,#6132,#6133,#6134,#6135,#6136,#6137,#6138,#6139,#6140,
#6141,#6142,#6143),(#6144,#6145,#6146,#6147,#6148,#6149,#6150,#6151,#6152,
#6153,#6154,#6155,#6156,#6157,#6158,#6159,#6160,#6161,#6162,#6163,#6164,
#6165),(#6166,#6167,#6168,#6169,#6170,#6171,#6172,#6173,#6174,#6175,#6176,
#6177,#6178,#6179,#6180,#6181,#6182,#6183,#6184,#6185,#6186,#6187),(#6188,
#6189,#6190,#6191,#6192,#6193,#6194,#6195,#6196,#6197,#6198,#6199,#6200,
#6201,#6202,#6203,#6204,#6205,#6206,#6207,#6208,#6209),(#6210,#6211,#6212,
#6213,#6214,#6215,#6216,#6217,#6218,#6219,#6220,#6221,#6222,#6223,#6224,
#6225,#6226,#6227,#6228,#6229,#6230,#6231),(#6232,#6233,#6234,#6235,#6236,
#6237,#6238,#6239,#6240,#6241,#6242,#6243,#6244,#6245,#6246,#6247,#6248,
#6249,#6250,#6251,#6252,#6253),(#6254,#6255,#6256,#6257,#6258,#6259,#6260,
#6261,#6262,#6263,#6264,#6265,#6266,#6267,#6268,#6269,#6270,#6271,#6272,
#6273,#6274,#6275)),.UNSPECIFIED.,.F.,.F.,.F.,(4,1,1,1,1,4),(4,1,1,1,1,
1,1,1,1,1,1,1,1,1,1,1,1,1,1,4),(0.,0.2,0.4,0.6,0.8,1.),(0.,0.0526315789473684,
0.105263157894737,0.157894736842105,0.210526315789474,0.263157894736842,
0.315789473684211,0.368421052631579,0.421052631578947,0.473684210526316,
0.526315789473684,0.578947368421053,0.631578947368421,0.684210526315789,
0.736842105263158,0.789473684210526,0.842105263157895,0.894736842105263,
0.947368421052632,1.),.UNSPECIFIED.);
#758=B_SPLINE_SURFACE_WITH_KNOTS('',3,3,((#6457,#6458,#6459,#6460,#6461,
#6462,#6463,#6464),(#6465,#6466,#6467,#6468,#6469,#6470,#6471,#6472),(#6473,
#6474,#6475,#6476,#6477,#6478,#6479,#6480),(#6481,#6482,#6483,#6484,#6485,
#6486,#6487,#6488),(#6489,#6490,#6491,#6492,#6493,#6494,#6495,#6496),(#6497,
#6498,#6499,#6500,#6501,#6502,#6503,#6504),(#6505,#6506,#6507,#6508,#6509,
#6510,#6511,#6512),(#6513,#6514,#6515,#6516,#6517,#6518,#6519,#6520),(#6521,
#6522,#6523,#6524,#6525,#6526,#6527,#6528),(#6529,#6530,#6531,#6532,#6533,
#6534,#6535,#6536),(#6537,#6538,#6539,#6540,#6541,#6542,#6543,#6544),(#6545,
#6546,#6547,#6548,#6549,#6550,#6551,#6552),(#6553,#6554,#6555,#6556,#6557,
#6558,#6559,#6560),(#6561,#6562,#6563,#6564,#6565,#6566,#6567,#6568),(#6569,
#6570,#6571,#6572,#6573,#6574,#6575,#6576),(#6577,#6578,#6579,#6580,#6581,
#6582,#6583,#6584),(#6585,#6586,#6587,#6588,#6589,#6590,#6591,#6592),(#6593,
#6594,#6595,#6596,#6597,#6598,#6599,#6600),(#6601,#6602,#6603,#6604,#6605,
#6606,#6607,#6608),(#6609,#6610,#6611,#6612,#6613,#6614,#6615,#6616),(#6617,
#6618,#6619,#6620,#6621,#6622,#6623,#6624),(#6625,#6626,#6627,#6628,#6629,
#6630,#6631,#6632)),.UNSPECIFIED.,.F.,.F.,.F.,(4,1,1,1,1,1,1,1,1,1,1,1,
1,1,1,1,1,1,1,4),(4,1,1,1,1,4),(0.,0.0526315789473684,0.105263157894737,
0.157894736842105,0.210526315789474,0.263157894736842,0.315789473684211,
0.368421052631579,0.421052631578947,0.473684210526316,0.526315789473684,
0.578947368421053,0.631578947368421,0.684210526315789,0.736842105263158,
0.789473684210526,0.842105263157895,0.894736842105263,0.947368421052632,
1.),(0.,0.2,0.4,0.6,0.8,1.),.UNSPECIFIED.);
#759=B_SPLINE_SURFACE_WITH_KNOTS('',3,3,((#6795,#6796,#6797,#6798,#6799,
#6800,#6801,#6802,#6803,#6804,#6805,#6806,#6807,#6808,#6809,#6810,#6811,
#6812,#6813,#6814,#6815,#6816),(#6817,#6818,#6819,#6820,#6821,#6822,#6823,
#6824,#6825,#6826,#6827,#6828,#6829,#6830,#6831,#6832,#6833,#6834,#6835,
#6836,#6837,#6838),(#6839,#6840,#6841,#6842,#6843,#6844,#6845,#6846,#6847,
#6848,#6849,#6850,#6851,#6852,#6853,#6854,#6855,#6856,#6857,#6858,#6859,
#6860),(#6861,#6862,#6863,#6864,#6865,#6866,#6867,#6868,#6869,#6870,#6871,
#6872,#6873,#6874,#6875,#6876,#6877,#6878,#6879,#6880,#6881,#6882),(#6883,
#6884,#6885,#6886,#6887,#6888,#6889,#6890,#6891,#6892,#6893,#6894,#6895,
#6896,#6897,#6898,#6899,#6900,#6901,#6902,#6903,#6904),(#6905,#6906,#6907,
#6908,#6909,#6910,#6911,#6912,#6913,#6914,#6915,#6916,#6917,#6918,#6919,
#6920,#6921,#6922,#6923,#6924,#6925,#6926),(#6927,#6928,#6929,#6930,#6931,
#6932,#6933,#6934,#6935,#6936,#6937,#6938,#6939,#6940,#6941,#6942,#6943,
#6944,#6945,#6946,#6947,#6948),(#6949,#6950,#6951,#6952,#6953,#6954,#6955,
#6956,#6957,#6958,#6959,#6960,#6961,#6962,#6963,#6964,#6965,#6966,#6967,
#6968,#6969,#6970)),.UNSPECIFIED.,.F.,.F.,.F.,(4,1,1,1,1,4),(4,1,1,1,1,
1,1,1,1,1,1,1,1,1,1,1,1,1,1,4),(0.,0.2,0.4,0.6,0.8,1.),(0.,0.0526315789473684,
0.105263157894737,0.157894736842105,0.210526315789474,0.263157894736842,
0.315789473684211,0.368421052631579,0.421052631578947,0.473684210526316,
0.526315789473684,0.578947368421053,0.631578947368421,0.684210526315789,
0.736842105263158,0.789473684210526,0.842105263157895,0.894736842105263,
0.947368421052632,1.),.UNSPECIFIED.);
#760=B_SPLINE_SURFACE_WITH_KNOTS('',3,3,((#7129,#7130,#7131,#7132,#7133,
#7134,#7135,#7136),(#7137,#7138,#7139,#7140,#7141,#7142,#7143,#7144),(#7145,
#7146,#7147,#7148,#7149,#7150,#7151,#7152),(#7153,#7154,#7155,#7156,#7157,
#7158,#7159,#7160),(#7161,#7162,#7163,#7164,#7165,#7166,#7167,#7168),(#7169,
#7170,#7171,#7172,#7173,#7174,#7175,#7176),(#7177,#7178,#7179,#7180,#7181,
#7182,#7183,#7184),(#7185,#7186,#7187,#7188,#7189,#7190,#7191,#7192),(#7193,
#7194,#7195,#7196,#7197,#7198,#7199,#7200),(#7201,#7202,#7203,#7204,#7205,
#7206,#7207,#7208),(#7209,#7210,#7211,#7212,#7213,#7214,#7215,#7216),(#7217,
#7218,#7219,#7220,#7221,#7222,#7223,#7224),(#7225,#7226,#7227,#7228,#7229,
#7230,#7231,#7232),(#7233,#7234,#7235,#7236,#7237,#7238,#7239,#7240),(#7241,
#7242,#7243,#7244,#7245,#7246,#7247,#7248),(#7249,#7250,#7251,#7252,#7253,
#7254,#7255,#7256),(#7257,#7258,#7259,#7260,#7261,#7262,#7263,#7264),(#7265,
#7266,#7267,#7268,#7269,#7270,#7271,#7272),(#7273,#7274,#7275,#7276,#7277,
#7278,#7279,#7280),(#7281,#7282,#7283,#7284,#7285,#7286,#7287,#7288),(#7289,
#7290,#7291,#7292,#7293,#7294,#7295,#7296),(#7297,#7298,#7299,#7300,#7301,
#7302,#7303,#7304)),.UNSPECIFIED.,.F.,.F.,.F.,(4,1,1,1,1,1,1,1,1,1,1,1,
1,1,1,1,1,1,1,4),(4,1,1,1,1,4),(0.,0.0526315789473684,0.105263157894737,
0.157894736842105,0.210526315789474,0.263157894736842,0.315789473684211,
0.368421052631579,0.421052631578947,0.473684210526316,0.526315789473684,
0.578947368421053,0.631578947368421,0.684210526315789,0.736842105263158,
0.789473684210526,0.842105263157895,0.894736842105263,0.947368421052632,
1.),(0.,0.2,0.4,0.6,0.8,1.),.UNSPECIFIED.);
#761=B_SPLINE_SURFACE_WITH_KNOTS('',3,3,((#7467,#7468,#7469,#7470,#7471,
#7472,#7473,#7474,#7475,#7476,#7477,#7478,#7479,#7480,#7481,#7482,#7483,
#7484,#7485,#7486,#7487,#7488),(#7489,#7490,#7491,#7492,#7493,#7494,#7495,
#7496,#7497,#7498,#7499,#7500,#7501,#7502,#7503,#7504,#7505,#7506,#7507,
#7508,#7509,#7510),(#7511,#7512,#7513,#7514,#7515,#7516,#7517,#7518,#7519,
#7520,#7521,#7522,#7523,#7524,#7525,#7526,#7527,#7528,#7529,#7530,#7531,
#7532),(#7533,#7534,#7535,#7536,#7537,#7538,#7539,#7540,#7541,#7542,#7543,
#7544,#7545,#7546,#7547,#7548,#7549,#7550,#7551,#7552,#7553,#7554),(#7555,
#7556,#7557,#7558,#7559,#7560,#7561,#7562,#7563,#7564,#7565,#7566,#7567,
#7568,#7569,#7570,#7571,#7572,#7573,#7574,#7575,#7576),(#7577,#7578,#7579,
#7580,#7581,#7582,#7583,#7584,#7585,#7586,#7587,#7588,#7589,#7590,#7591,
#7592,#7593,#7594,#7595,#7596,#7597,#7598),(#7599,#7600,#7601,#7602,#7603,
#7604,#7605,#7606,#7607,#7608,#7609,#7610,#7611,#7612,#7613,#7614,#7615,
#7616,#7617,#7618,#7619,#7620),(#7621,#7622,#7623,#7624,#7625,#7626,#7627,
#7628,#7629,#7630,#7631,#7632,#7633,#7634,#7635,#7636,#7637,#7638,#7639,
#7640,#7641,#7642)),.UNSPECIFIED.,.F.,.F.,.F.,(4,1,1,1,1,4),(4,1,1,1,1,
1,1,1,1,1,1,1,1,1,1,1,1,1,1,4),(0.,0.2,0.4,0.6,0.8,1.),(0.,0.0526315789473684,
0.105263157894737,0.157894736842105,0.210526315789474,0.263157894736842,
0.315789473684211,0.368421052631579,0.421052631578947,0.473684210526316,
0.526315789473684,0.578947368421053,0.631578947368421,0.684210526315789,
0.736842105263158,0.789473684210526,0.842105263157895,0.894736842105263,
0.947368421052632,1.),.UNSPECIFIED.);
#762=B_SPLINE_SURFACE_WITH_KNOTS('',3,3,((#7869,#7870,#7871,#7872,#7873,
#7874,#7875,#7876),(#7877,#7878,#7879,#7880,#7881,#7882,#7883,#7884),(#7885,
#7886,#7887,#7888,#7889,#7890,#7891,#7892),(#7893,#7894,#7895,#7896,#7897,
#7898,#7899,#7900),(#7901,#7902,#7903,#7904,#7905,#7906,#7907,#7908),(#7909,
#7910,#7911,#7912,#7913,#7914,#7915,#7916),(#7917,#7918,#7919,#7920,#7921,
#7922,#7923,#7924),(#7925,#7926,#7927,#7928,#7929,#7930,#7931,#7932),(#7933,
#7934,#7935,#7936,#7937,#7938,#7939,#7940),(#7941,#7942,#7943,#7944,#7945,
#7946,#7947,#7948),(#7949,#7950,#7951,#7952,#7953,#7954,#7955,#7956),(#7957,
#7958,#7959,#7960,#7961,#7962,#7963,#7964),(#7965,#7966,#7967,#7968,#7969,
#7970,#7971,#7972),(#7973,#7974,#7975,#7976,#7977,#7978,#7979,#7980),(#7981,
#7982,#7983,#7984,#7985,#7986,#7987,#7988),(#7989,#7990,#7991,#7992,#7993,
#7994,#7995,#7996),(#7997,#7998,#7999,#8000,#8001,#8002,#8003,#8004),(#8005,
#8006,#8007,#8008,#8009,#8010,#8011,#8012),(#8013,#8014,#8015,#8016,#8017,
#8018,#8019,#8020),(#8021,#8022,#8023,#8024,#8025,#8026,#8027,#8028),(#8029,
#8030,#8031,#8032,#8033,#8034,#8035,#8036),(#8037,#8038,#8039,#8040,#8041,
#8042,#8043,#8044)),.UNSPECIFIED.,.F.,.F.,.F.,(4,1,1,1,1,1,1,1,1,1,1,1,
1,1,1,1,1,1,1,4),(4,1,1,1,1,4),(0.,0.0526315789473684,0.105263157894737,
0.157894736842105,0.210526315789474,0.263157894736842,0.315789473684211,
0.368421052631579,0.421052631578947,0.473684210526316,0.526315789473684,
0.578947368421053,0.631578947368421,0.684210526315789,0.736842105263158,
0.789473684210526,0.842105263157895,0.894736842105263,0.947368421052632,
1.),(0.,0.2,0.4,0.6,0.8,1.),.UNSPECIFIED.);
#763=B_SPLINE_SURFACE_WITH_KNOTS('',3,3,((#8185,#8186,#8187,#8188,#8189,
#8190,#8191,#8192),(#8193,#8194,#8195,#8196,#8197,#8198,#8199,#8200),(#8201,
#8202,#8203,#8204,#8205,#8206,#8207,#8208),(#8209,#8210,#8211,#8212,#8213,
#8214,#8215,#8216),(#8217,#8218,#8219,#8220,#8221,#8222,#8223,#8224),(#8225,
#8226,#8227,#8228,#8229,#8230,#8231,#8232),(#8233,#8234,#8235,#8236,#8237,
#8238,#8239,#8240),(#8241,#8242,#8243,#8244,#8245,#8246,#8247,#8248),(#8249,
#8250,#8251,#8252,#8253,#8254,#8255,#8256),(#8257,#8258,#8259,#8260,#8261,
#8262,#8263,#8264),(#8265,#8266,#8267,#8268,#8269,#8270,#8271,#8272),(#8273,
#8274,#8275,#8276,#8277,#8278,#8279,#8280),(#8281,#8282,#8283,#8284,#8285,
#8286,#8287,#8288),(#8289,#8290,#8291,#8292,#8293,#8294,#8295,#8296),(#8297,
#8298,#8299,#8300,#8301,#8302,#8303,#8304),(#8305,#8306,#8307,#8308,#8309,
#8310,#8311,#8312),(#8313,#8314,#8315,#8316,#8317,#8318,#8319,#8320),(#8321,
#8322,#8323,#8324,#8325,#8326,#8327,#8328),(#8329,#8330,#8331,#8332,#8333,
#8334,#8335,#8336),(#8337,#8338,#8339,#8340,#8341,#8342,#8343,#8344),(#8345,
#8346,#8347,#8348,#8349,#8350,#8351,#8352),(#8353,#8354,#8355,#8356,#8357,
#8358,#8359,#8360)),.UNSPECIFIED.,.F.,.F.,.F.,(4,1,1,1,1,1,1,1,1,1,1,1,
1,1,1,1,1,1,1,4),(4,1,1,1,1,4),(0.,0.0526315789473684,0.105263157894737,
0.157894736842105,0.210526315789474,0.263157894736842,0.315789473684211,
0.368421052631579,0.421052631578947,0.473684210526316,0.526315789473684,
0.578947368421053,0.631578947368421,0.684210526315789,0.736842105263158,
0.789473684210526,0.842105263157895,0.894736842105263,0.947368421052632,
1.),(0.,0.2,0.4,0.6,0.8,1.),.UNSPECIFIED.);
#764=B_SPLINE_SURFACE_WITH_KNOTS('',3,3,((#8501,#8502,#8503,#8504,#8505,
#8506,#8507,#8508),(#8509,#8510,#8511,#8512,#8513,#8514,#8515,#8516),(#8517,
#8518,#8519,#8520,#8521,#8522,#8523,#8524),(#8525,#8526,#8527,#8528,#8529,
#8530,#8531,#8532),(#8533,#8534,#8535,#8536,#8537,#8538,#8539,#8540),(#8541,
#8542,#8543,#8544,#8545,#8546,#8547,#8548),(#8549,#8550,#8551,#8552,#8553,
#8554,#8555,#8556),(#8557,#8558,#8559,#8560,#8561,#8562,#8563,#8564),(#8565,
#8566,#8567,#8568,#8569,#8570,#8571,#8572),(#8573,#8574,#8575,#8576,#8577,
#8578,#8579,#8580),(#8581,#8582,#8583,#8584,#8585,#8586,#8587,#8588),(#8589,
#8590,#8591,#8592,#8593,#8594,#8595,#8596),(#8597,#8598,#8599,#8600,#8601,
#8602,#8603,#8604),(#8605,#8606,#8607,#8608,#8609,#8610,#8611,#8612),(#8613,
#8614,#8615,#8616,#8617,#8618,#8619,#8620),(#8621,#8622,#8623,#8624,#8625,
#8626,#8627,#8628),(#8629,#8630,#8631,#8632,#8633,#8634,#8635,#8636),(#8637,
#8638,#8639,#8640,#8641,#8642,#8643,#8644),(#8645,#8646,#8647,#8648,#8649,
#8650,#8651,#8652),(#8653,#8654,#8655,#8656,#8657,#8658,#8659,#8660),(#8661,
#8662,#8663,#8664,#8665,#8666,#8667,#8668),(#8669,#8670,#8671,#8672,#8673,
#8674,#8675,#8676)),.UNSPECIFIED.,.F.,.F.,.F.,(4,1,1,1,1,1,1,1,1,1,1,1,
1,1,1,1,1,1,1,4),(4,1,1,1,1,4),(0.,0.0526315789473684,0.105263157894737,
0.157894736842105,0.210526315789474,0.263157894736842,0.315789473684211,
0.368421052631579,0.421052631578947,0.473684210526316,0.526315789473684,
0.578947368421053,0.631578947368421,0.684210526315789,0.736842105263158,
0.789473684210526,0.842105263157895,0.894736842105263,0.947368421052632,
1.),(0.,0.2,0.4,0.6,0.8,1.),.UNSPECIFIED.);
#765=B_SPLINE_SURFACE_WITH_KNOTS('',3,3,((#8822,#8823,#8824,#8825,#8826,
#8827,#8828,#8829),(#8830,#8831,#8832,#8833,#8834,#8835,#8836,#8837),(#8838,
#8839,#8840,#8841,#8842,#8843,#8844,#8845),(#8846,#8847,#8848,#8849,#8850,
#8851,#8852,#8853),(#8854,#8855,#8856,#8857,#8858,#8859,#8860,#8861),(#8862,
#8863,#8864,#8865,#8866,#8867,#8868,#8869),(#8870,#8871,#8872,#8873,#8874,
#8875,#8876,#8877),(#8878,#8879,#8880,#8881,#8882,#8883,#8884,#8885),(#8886,
#8887,#8888,#8889,#8890,#8891,#8892,#8893),(#8894,#8895,#8896,#8897,#8898,
#8899,#8900,#8901),(#8902,#8903,#8904,#8905,#8906,#8907,#8908,#8909),(#8910,
#8911,#8912,#8913,#8914,#8915,#8916,#8917),(#8918,#8919,#8920,#8921,#8922,
#8923,#8924,#8925),(#8926,#8927,#8928,#8929,#8930,#8931,#8932,#8933),(#8934,
#8935,#8936,#8937,#8938,#8939,#8940,#8941),(#8942,#8943,#8944,#8945,#8946,
#8947,#8948,#8949),(#8950,#8951,#8952,#8953,#8954,#8955,#8956,#8957),(#8958,
#8959,#8960,#8961,#8962,#8963,#8964,#8965),(#8966,#8967,#8968,#8969,#8970,
#8971,#8972,#8973),(#8974,#8975,#8976,#8977,#8978,#8979,#8980,#8981),(#8982,
#8983,#8984,#8985,#8986,#8987,#8988,#8989),(#8990,#8991,#8992,#8993,#8994,
#8995,#8996,#8997)),.UNSPECIFIED.,.F.,.F.,.F.,(4,1,1,1,1,1,1,1,1,1,1,1,
1,1,1,1,1,1,1,4),(4,1,1,1,1,4),(0.,0.0526315789473684,0.105263157894737,
0.157894736842105,0.210526315789474,0.263157894736842,0.315789473684211,
0.368421052631579,0.421052631578947,0.473684210526316,0.526315789473684,
0.578947368421053,0.631578947368421,0.684210526315789,0.736842105263158,
0.789473684210526,0.842105263157895,0.894736842105263,0.947368421052632,
1.),(0.,0.2,0.4,0.6,0.8,1.),.UNSPECIFIED.);
#766=B_SPLINE_SURFACE_WITH_KNOTS('',3,3,((#9137,#9138,#9139,#9140,#9141),
(#9142,#9143,#9144,#9145,#9146),(#9147,#9148,#9149,#9150,#9151),(#9152,
#9153,#9154,#9155,#9156),(#9157,#9158,#9159,#9160,#9161),(#9162,#9163,#9164,
#9165,#9166),(#9167,#9168,#9169,#9170,#9171)),.UNSPECIFIED.,.F.,.F.,.F.,
(4,1,1,1,4),(4,1,4),(0.,0.285714285714286,0.571428571428571,0.857142857142857,
1.),(5.67395172300214,7.02846292860548,8.83447786940993),.UNSPECIFIED.);
#767=B_SPLINE_SURFACE_WITH_KNOTS('',3,3,((#9182,#9183,#9184,#9185,#9186),
(#9187,#9188,#9189,#9190,#9191),(#9192,#9193,#9194,#9195,#9196),(#9197,
#9198,#9199,#9200,#9201),(#9202,#9203,#9204,#9205,#9206),(#9207,#9208,#9209,
#9210,#9211),(#9212,#9213,#9214,#9215,#9216)),.UNSPECIFIED.,.F.,.F.,.F.,
(4,1,1,1,4),(4,1,4),(0.,0.285714285714286,0.571428571428571,0.857142857142857,
1.),(5.67395172300193,7.02846292860538,8.83447786940997),.UNSPECIFIED.);
#768=B_SPLINE_SURFACE_WITH_KNOTS('',3,3,((#9227,#9228,#9229,#9230,#9231),
(#9232,#9233,#9234,#9235,#9236),(#9237,#9238,#9239,#9240,#9241),(#9242,
#9243,#9244,#9245,#9246),(#9247,#9248,#9249,#9250,#9251),(#9252,#9253,#9254,
#9255,#9256),(#9257,#9258,#9259,#9260,#9261)),.UNSPECIFIED.,.F.,.F.,.F.,
(4,1,1,1,4),(4,1,4),(0.,0.285714285714286,0.571428571428571,0.857142857142857,
1.),(5.67395172300237,7.02846292860571,8.83447786941016),.UNSPECIFIED.);
#769=B_SPLINE_SURFACE_WITH_KNOTS('',3,3,((#9272,#9273,#9274,#9275,#9276),
(#9277,#9278,#9279,#9280,#9281),(#9282,#9283,#9284,#9285,#9286),(#9287,
#9288,#9289,#9290,#9291),(#9292,#9293,#9294,#9295,#9296),(#9297,#9298,#9299,
#9300,#9301),(#9302,#9303,#9304,#9305,#9306)),.UNSPECIFIED.,.F.,.F.,.F.,
(4,1,1,1,4),(4,1,4),(0.,0.285714285714286,0.571428571428571,0.857142857142857,
1.),(5.67395172300225,7.02846292860559,8.83447786941005),.UNSPECIFIED.);
#770=B_SPLINE_SURFACE_WITH_KNOTS('',3,3,((#9317,#9318,#9319,#9320,#9321),
(#9322,#9323,#9324,#9325,#9326),(#9327,#9328,#9329,#9330,#9331),(#9332,
#9333,#9334,#9335,#9336),(#9337,#9338,#9339,#9340,#9341),(#9342,#9343,#9344,
#9345,#9346),(#9347,#9348,#9349,#9350,#9351)),.UNSPECIFIED.,.F.,.F.,.F.,
(4,1,1,1,4),(4,1,4),(0.,0.285714285714286,0.571428571428571,0.857142857142857,
1.),(5.67395172300219,7.0284629286056,8.83447786941015),.UNSPECIFIED.);
#771=B_SPLINE_SURFACE_WITH_KNOTS('',3,3,((#9362,#9363,#9364,#9365,#9366),
(#9367,#9368,#9369,#9370,#9371),(#9372,#9373,#9374,#9375,#9376),(#9377,
#9378,#9379,#9380,#9381),(#9382,#9383,#9384,#9385,#9386),(#9387,#9388,#9389,
#9390,#9391),(#9392,#9393,#9394,#9395,#9396)),.UNSPECIFIED.,.F.,.F.,.F.,
(4,1,1,1,4),(4,1,4),(0.,0.285714285714286,0.571428571428571,0.857142857142857,
1.),(5.67395172300242,7.02846293977035,8.83447789546093),.UNSPECIFIED.);
#772=ADVANCED_FACE('',(#92),#742,.T.);
#773=ADVANCED_FACE('',(#93),#743,.T.);
#774=ADVANCED_FACE('',(#94),#744,.T.);
#775=ADVANCED_FACE('',(#95),#745,.T.);
#776=ADVANCED_FACE('',(#96),#746,.T.);
#777=ADVANCED_FACE('',(#97),#747,.T.);
#778=ADVANCED_FACE('',(#98),#748,.T.);
#779=ADVANCED_FACE('',(#99),#749,.T.);
#780=ADVANCED_FACE('',(#100),#750,.T.);
#781=ADVANCED_FACE('',(#101),#751,.T.);
#782=ADVANCED_FACE('',(#102),#752,.T.);
#783=ADVANCED_FACE('',(#103),#753,.T.);
#784=ADVANCED_FACE('',(#104),#754,.T.);
#785=ADVANCED_FACE('',(#105),#755,.T.);
#786=ADVANCED_FACE('',(#106),#756,.T.);
#787=ADVANCED_FACE('',(#107),#757,.T.);
#788=ADVANCED_FACE('',(#108),#758,.T.);
#789=ADVANCED_FACE('',(#109),#759,.T.);
#790=ADVANCED_FACE('',(#110),#760,.T.);
#791=ADVANCED_FACE('',(#111),#761,.T.);
#792=ADVANCED_FACE('',(#112),#80,.T.);
#793=ADVANCED_FACE('',(#113,#24),#32,.T.);
#794=ADVANCED_FACE('',(#114),#81,.F.);
#795=ADVANCED_FACE('',(#115),#82,.F.);
#796=ADVANCED_FACE('',(#116),#83,.T.);
#797=ADVANCED_FACE('',(#117,#25),#33,.T.);
#798=ADVANCED_FACE('',(#118),#84,.F.);
#799=ADVANCED_FACE('',(#119),#85,.T.);
#800=ADVANCED_FACE('',(#120,#26),#34,.T.);
#801=ADVANCED_FACE('',(#121),#86,.T.);
#802=ADVANCED_FACE('',(#122,#27),#35,.T.);
#803=ADVANCED_FACE('',(#123),#87,.F.);
#804=ADVANCED_FACE('',(#124),#762,.T.);
#805=ADVANCED_FACE('',(#125),#763,.T.);
#806=ADVANCED_FACE('',(#126),#764,.T.);
#807=ADVANCED_FACE('',(#127),#765,.T.);
#808=ADVANCED_FACE('',(#128),#766,.T.);
#809=ADVANCED_FACE('',(#129),#767,.T.);
#810=ADVANCED_FACE('',(#130),#768,.T.);
#811=ADVANCED_FACE('',(#131),#769,.T.);
#812=ADVANCED_FACE('',(#132),#770,.T.);
#813=ADVANCED_FACE('',(#133),#771,.T.);
#814=ADVANCED_FACE('',(#134),#88,.T.);
#815=ADVANCED_FACE('',(#135),#89,.T.);
#816=ADVANCED_FACE('',(#136),#90,.T.);
#817=ADVANCED_FACE('',(#137),#91,.T.);
#818=ADVANCED_FACE('',(#138,#28),#36,.F.);
#819=ADVANCED_FACE('',(#139,#29),#37,.F.);
#820=ADVANCED_FACE('',(#140,#30),#38,.F.);
#821=ADVANCED_FACE('',(#141,#31),#39,.F.);
#822=CLOSED_SHELL('',(#772,#773,#774,#775,#776,#777,#778,#779,#780,#781,
#782,#783,#784,#785,#786,#787,#788,#789,#790,#791,#792,#793,#794,#795,#796,
#797,#798,#799,#800,#801,#802,#803,#804,#805,#806,#807,#808,#809,#810,#811,
#812,#813,#814,#815,#816,#817,#818,#819,#820,#821));
#823=DERIVED_UNIT_ELEMENT(#825,1.);
#824=DERIVED_UNIT_ELEMENT(#9429,-3.);
#825=(
MASS_UNIT()
NAMED_UNIT(*)
SI_UNIT(.KILO.,.GRAM.)
);
#826=DERIVED_UNIT((#823,#824));
#827=MEASURE_REPRESENTATION_ITEM('density measure',
POSITIVE_RATIO_MEASURE(7850.),#826);
#828=PROPERTY_DEFINITION_REPRESENTATION(#833,#830);
#829=PROPERTY_DEFINITION_REPRESENTATION(#834,#831);
#830=REPRESENTATION('material name',(#832),#9426);
#831=REPRESENTATION('density',(#827),#9426);
#832=DESCRIPTIVE_REPRESENTATION_ITEM('Stahl','Stahl');
#833=PROPERTY_DEFINITION('material property','material name',#9436);
#834=PROPERTY_DEFINITION('material property','density of part',#9436);
#835=AXIS2_PLACEMENT_3D('',#985,#881,#882);
#836=AXIS2_PLACEMENT_3D('',#7801,#883,#884);
#837=AXIS2_PLACEMENT_3D('',#7803,#885,#886);
#838=AXIS2_PLACEMENT_3D('',#7806,#888,#889);
#839=AXIS2_PLACEMENT_3D('',#7807,#890,#891);
#840=AXIS2_PLACEMENT_3D('',#7809,#892,#893);
#841=AXIS2_PLACEMENT_3D('',#7810,#894,#895);
#842=AXIS2_PLACEMENT_3D('',#7812,#896,#897);
#843=AXIS2_PLACEMENT_3D('',#7816,#899,#900);
#844=AXIS2_PLACEMENT_3D('',#7818,#901,#902);
#845=AXIS2_PLACEMENT_3D('',#7820,#903,#904);
#846=AXIS2_PLACEMENT_3D('',#7822,#905,#906);
#847=AXIS2_PLACEMENT_3D('',#7824,#907,#908);
#848=AXIS2_PLACEMENT_3D('',#7825,#909,#910);
#849=AXIS2_PLACEMENT_3D('',#7826,#911,#912);
#850=AXIS2_PLACEMENT_3D('',#7828,#913,#914);
#851=AXIS2_PLACEMENT_3D('',#7831,#916,#917);
#852=AXIS2_PLACEMENT_3D('',#7832,#918,#919);
#853=AXIS2_PLACEMENT_3D('',#7833,#920,#921);
#854=AXIS2_PLACEMENT_3D('',#7835,#922,#923);
#855=AXIS2_PLACEMENT_3D('',#7838,#925,#926);
#856=AXIS2_PLACEMENT_3D('',#7839,#927,#928);
#857=AXIS2_PLACEMENT_3D('',#7841,#929,#930);
#858=AXIS2_PLACEMENT_3D('',#7842,#931,#932);
#859=AXIS2_PLACEMENT_3D('',#7844,#933,#934);
#860=AXIS2_PLACEMENT_3D('',#7846,#936,#937);
#861=AXIS2_PLACEMENT_3D('',#7847,#938,#939);
#862=AXIS2_PLACEMENT_3D('',#7849,#940,#941);
#863=AXIS2_PLACEMENT_3D('',#7852,#943,#944);
#864=AXIS2_PLACEMENT_3D('',#7853,#945,#946);
#865=AXIS2_PLACEMENT_3D('',#7855,#947,#948);
#866=AXIS2_PLACEMENT_3D('',#7856,#949,#950);
#867=AXIS2_PLACEMENT_3D('',#7858,#951,#952);
#868=AXIS2_PLACEMENT_3D('',#7861,#954,#955);
#869=AXIS2_PLACEMENT_3D('',#7862,#956,#957);
#870=AXIS2_PLACEMENT_3D('',#7864,#958,#959);
#871=AXIS2_PLACEMENT_3D('',#7865,#960,#961);
#872=AXIS2_PLACEMENT_3D('',#7867,#962,#963);
#873=AXIS2_PLACEMENT_3D('',#9412,#965,#966);
#874=AXIS2_PLACEMENT_3D('',#9414,#968,#969);
#875=AXIS2_PLACEMENT_3D('',#9416,#971,#972);
#876=AXIS2_PLACEMENT_3D('',#9418,#974,#975);
#877=AXIS2_PLACEMENT_3D('',#9420,#977,#978);
#878=AXIS2_PLACEMENT_3D('',#9421,#979,#980);
#879=AXIS2_PLACEMENT_3D('',#9422,#981,#982);
#880=AXIS2_PLACEMENT_3D('',#9423,#983,#984);
#881=DIRECTION('axis',(0.,0.,1.));
#882=DIRECTION('refdir',(1.,0.,0.));
#883=DIRECTION('center_axis',(0.,0.,1.));
#884=DIRECTION('ref_axis',(-1.,0.,0.));
#885=DIRECTION('center_axis',(0.,0.,-1.));
#886=DIRECTION('ref_axis',(-1.,0.,0.));
#887=DIRECTION('',(0.,0.,1.));
#888=DIRECTION('center_axis',(0.,0.,-1.));
#889=DIRECTION('ref_axis',(-1.,0.,0.));
#890=DIRECTION('center_axis',(0.,0.,-1.));
#891=DIRECTION('ref_axis',(-1.,0.,0.));
#892=DIRECTION('center_axis',(0.,0.,1.));
#893=DIRECTION('ref_axis',(1.,0.,0.));
#894=DIRECTION('center_axis',(0.,0.,1.));
#895=DIRECTION('ref_axis',(-1.,0.,0.));
#896=DIRECTION('center_axis',(0.,0.,1.));
#897=DIRECTION('ref_axis',(-1.,0.,0.));
#898=DIRECTION('',(0.,0.,1.));
#899=DIRECTION('center_axis',(-0.288675134594813,-0.5,-0.816496580927726));
#900=DIRECTION('ref_axis',(-0.408248290463863,-0.707106781186547,0.577350269189626));
#901=DIRECTION('center_axis',(-0.288675134594813,-0.5,-0.816496580927726));
#902=DIRECTION('ref_axis',(-0.408248290463863,-0.707106781186547,0.577350269189626));
#903=DIRECTION('center_axis',(0.577350269189627,0.,-0.816496580927725));
#904=DIRECTION('ref_axis',(-0.816496580927725,0.,-0.577350269189627));
#905=DIRECTION('center_axis',(0.577350269189627,0.,-0.816496580927725));
#906=DIRECTION('ref_axis',(-0.816496580927725,0.,-0.577350269189627));
#907=DIRECTION('center_axis',(-0.288675134594813,0.500000000000001,-0.816496580927726));
#908=DIRECTION('ref_axis',(-0.408248290463863,0.707106781186547,0.577350269189627));
#909=DIRECTION('center_axis',(-0.288675134594813,0.500000000000001,-0.816496580927726));
#910=DIRECTION('ref_axis',(-0.408248290463863,0.707106781186547,0.577350269189627));
#911=DIRECTION('center_axis',(-0.471404520791032,0.816496580927726,-0.333333333333333));
#912=DIRECTION('ref_axis',(-0.166666666666667,0.288675134594813,0.942809041582063));
#913=DIRECTION('center_axis',(-0.471404520791032,0.816496580927726,-0.333333333333333));
#914=DIRECTION('ref_axis',(-0.166666666666667,0.288675134594813,0.942809041582063));
#915=DIRECTION('',(-0.471404520791031,0.816496580927726,-0.333333333333333));
#916=DIRECTION('center_axis',(-0.866025403784439,0.5,4.01972339245572E-16));
#917=DIRECTION('ref_axis',(-0.408248290463863,-0.707106781186548,0.577350269189626));
#918=DIRECTION('center_axis',(-1.87974268719603E-15,-1.,-1.32917880100214E-15));
#919=DIRECTION('ref_axis',(0.816496580927726,-2.27025427519752E-15,0.577350269189626));
#920=DIRECTION('center_axis',(0.942809041582063,0.,-0.333333333333333));
#921=DIRECTION('ref_axis',(0.333333333333333,0.,0.942809041582063));
#922=DIRECTION('center_axis',(-0.942809041582063,0.,0.333333333333333));
#923=DIRECTION('ref_axis',(0.333333333333333,0.,0.942809041582063));
#924=DIRECTION('',(0.942809041582063,0.,-0.333333333333333));
#925=DIRECTION('center_axis',(-0.942809041582063,0.,0.333333333333333));
#926=DIRECTION('ref_axis',(0.333333333333333,0.,0.942809041582063));
#927=DIRECTION('center_axis',(-0.942809041582063,0.,0.333333333333333));
#928=DIRECTION('ref_axis',(0.333333333333333,0.,0.942809041582063));
#929=DIRECTION('center_axis',(0.942809041582063,0.,-0.333333333333333));
#930=DIRECTION('ref_axis',(-0.333333333333333,0.,-0.942809041582063));
#931=DIRECTION('center_axis',(0.942809041582063,0.,-0.333333333333333));
#932=DIRECTION('ref_axis',(0.333333333333333,0.,0.942809041582063));
#933=DIRECTION('center_axis',(0.942809041582063,0.,-0.333333333333333));
#934=DIRECTION('ref_axis',(0.333333333333333,0.,0.942809041582063));
#935=DIRECTION('',(0.942809041582063,0.,-0.333333333333333));
#936=DIRECTION('center_axis',(-0.866025403784438,-0.500000000000001,-5.11601159039818E-16));
#937=DIRECTION('ref_axis',(-0.408248290463864,0.707106781186547,0.577350269189625));
#938=DIRECTION('center_axis',(-0.471404520791032,0.816496580927726,-0.333333333333333));
#939=DIRECTION('ref_axis',(-0.166666666666667,0.288675134594813,0.942809041582063));
#940=DIRECTION('center_axis',(0.471404520791032,-0.816496580927726,0.333333333333333));
#941=DIRECTION('ref_axis',(-0.166666666666667,0.288675134594813,0.942809041582063));
#942=DIRECTION('',(-0.471404520791032,0.816496580927726,-0.333333333333333));
#943=DIRECTION('center_axis',(0.471404520791032,-0.816496580927726,0.333333333333333));
#944=DIRECTION('ref_axis',(-0.166666666666667,0.288675134594813,0.942809041582063));
#945=DIRECTION('center_axis',(0.471404520791032,-0.816496580927726,0.333333333333333));
#946=DIRECTION('ref_axis',(-0.166666666666667,0.288675134594813,0.942809041582063));
#947=DIRECTION('center_axis',(-0.471404520791032,0.816496580927726,-0.333333333333333));
#948=DIRECTION('ref_axis',(0.166666666666667,-0.288675134594813,-0.942809041582063));
#949=DIRECTION('center_axis',(-0.471404520791032,-0.816496580927726,-0.333333333333333));
#950=DIRECTION('ref_axis',(-0.166666666666667,-0.288675134594813,0.942809041582063));
#951=DIRECTION('center_axis',(0.471404520791032,0.816496580927726,0.333333333333333));
#952=DIRECTION('ref_axis',(-0.166666666666667,-0.288675134594813,0.942809041582063));
#953=DIRECTION('',(-0.471404520791032,-0.816496580927726,-0.333333333333333));
#954=DIRECTION('center_axis',(0.471404520791032,0.816496580927726,0.333333333333333));
#955=DIRECTION('ref_axis',(-0.166666666666667,-0.288675134594813,0.942809041582063));
#956=DIRECTION('center_axis',(0.471404520791032,0.816496580927726,0.333333333333333));
#957=DIRECTION('ref_axis',(-0.166666666666667,-0.288675134594813,0.942809041582063));
#958=DIRECTION('center_axis',(-0.471404520791032,-0.816496580927726,-0.333333333333333));
#959=DIRECTION('ref_axis',(0.166666666666667,0.288675134594813,-0.942809041582063));
#960=DIRECTION('center_axis',(-0.471404520791032,-0.816496580927726,-0.333333333333333));
#961=DIRECTION('ref_axis',(-0.166666666666667,-0.288675134594813,0.942809041582063));
#962=DIRECTION('center_axis',(-0.471404520791032,-0.816496580927726,-0.333333333333333));
#963=DIRECTION('ref_axis',(-0.166666666666667,-0.288675134594813,0.942809041582063));
#964=DIRECTION('',(-0.471404520791032,-0.816496580927726,-0.333333333333333));
#965=DIRECTION('center_axis',(-0.942809041582063,0.,0.333333333333333));
#966=DIRECTION('ref_axis',(-0.333333333333333,0.,-0.942809041582063));
#967=DIRECTION('',(0.942809041582063,0.,-0.333333333333333));
#968=DIRECTION('center_axis',(0.471404520791032,0.816496580927726,0.333333333333333));
#969=DIRECTION('ref_axis',(0.166666666666667,0.288675134594813,-0.942809041582063));
#970=DIRECTION('',(-0.471404520791032,-0.816496580927726,-0.333333333333333));
#971=DIRECTION('center_axis',(0.,0.,-1.));
#972=DIRECTION('ref_axis',(1.,0.,0.));
#973=DIRECTION('',(0.,0.,1.));
#974=DIRECTION('center_axis',(0.471404520791032,-0.816496580927726,0.333333333333333));
#975=DIRECTION('ref_axis',(0.166666666666667,-0.288675134594813,-0.942809041582063));
#976=DIRECTION('',(-0.471404520791032,0.816496580927726,-0.333333333333333));
#977=DIRECTION('center_axis',(-0.471404520791032,-0.816496580927726,-0.333333333333333));
#978=DIRECTION('ref_axis',(0.166666666666667,0.288675134594813,-0.942809041582063));
#979=DIRECTION('center_axis',(-0.471404520791032,0.816496580927726,-0.333333333333333));
#980=DIRECTION('ref_axis',(0.166666666666667,-0.288675134594813,-0.942809041582063));
#981=DIRECTION('center_axis',(0.942809041582063,0.,-0.333333333333333));
#982=DIRECTION('ref_axis',(-0.333333333333333,0.,-0.942809041582063));
#983=DIRECTION('center_axis',(0.,0.,1.));
#984=DIRECTION('ref_axis',(1.,0.,0.));
#985=CARTESIAN_POINT('',(0.,0.,0.));
#986=CARTESIAN_POINT('Ctrl Pts',(27.3600388124212,-1.92260894704699E-8,
-9.67323447715774));
#987=CARTESIAN_POINT('Ctrl Pts',(27.3126697792759,-0.245891790708263,-9.8072143355531));
#988=CARTESIAN_POINT('Ctrl Pts',(27.2188997492412,-0.73760174360716,-10.075072766948));
#989=CARTESIAN_POINT('Ctrl Pts',(27.0787545058661,-1.47962294585018,-10.4785694548552));
#990=CARTESIAN_POINT('Ctrl Pts',(26.9358335574252,-2.23151490772226,-10.8870303568547));
#991=CARTESIAN_POINT('Ctrl Pts',(26.7858580436323,-2.9996310323018,-11.3043532694462));
#992=CARTESIAN_POINT('Ctrl Pts',(26.624038582202,-3.79090628271151,-11.7332880192655));
#993=CARTESIAN_POINT('Ctrl Pts',(26.4444884542211,-4.61464676848885,-12.1758985931918));
#994=CARTESIAN_POINT('Ctrl Pts',(26.2400754669791,-5.47949460405757,-12.6335521035785));
#995=CARTESIAN_POINT('Ctrl Pts',(26.0022053174983,-6.39298693777133,-13.1075000122374));
#996=CARTESIAN_POINT('Ctrl Pts',(25.7193453570076,-7.36415134786217,-13.6008166789858));
#997=CARTESIAN_POINT('Ctrl Pts',(25.3780706872784,-8.40100037585521,-14.1154094207801));
#998=CARTESIAN_POINT('Ctrl Pts',(24.9648709486855,-9.50896782467549,-14.6494400176661));
#999=CARTESIAN_POINT('Ctrl Pts',(24.4660504596878,-10.6912011902721,-15.1980117186216));
#1000=CARTESIAN_POINT('Ctrl Pts',(23.8728068095498,-11.9378028328941,-15.7511571088814));
#1001=CARTESIAN_POINT('Ctrl Pts',(23.1804505145661,-13.2316369173478,-16.2978744682723));
#1002=CARTESIAN_POINT('Ctrl Pts',(22.3957443449535,-14.540628515327,-16.8216038917978));
#1003=CARTESIAN_POINT('Ctrl Pts',(21.5349220284533,-15.8274284292944,-17.3071182572333));
#1004=CARTESIAN_POINT('Ctrl Pts',(20.6080838282177,-17.0745555518859,-17.744980883843));
#1005=CARTESIAN_POINT('Ctrl Pts',(19.6172750227511,-18.272559835987,-18.1259569396355));
#1006=CARTESIAN_POINT('Ctrl Pts',(18.9106433287452,-19.0354065363901,-18.342680332407));
#1007=CARTESIAN_POINT('Ctrl Pts',(18.5390314850733,-19.4191700870237,-18.4463019252447));
#1008=CARTESIAN_POINT('Ctrl Pts',(27.5397724426183,-0.934854143908798,-9.16487100361212));
#1009=CARTESIAN_POINT('Ctrl Pts',(27.4930402074403,-1.17021128284195,-9.29870550251002));
#1010=CARTESIAN_POINT('Ctrl Pts',(27.4001792253786,-1.64212443683308,-9.56611062401057));
#1011=CARTESIAN_POINT('Ctrl Pts',(27.2603399626994,-2.35731639507777,-9.96836141555866));
#1012=CARTESIAN_POINT('Ctrl Pts',(27.1166410005383,-3.0850463865705,-10.3750867578787));
#1013=CARTESIAN_POINT('Ctrl Pts',(26.9646947263527,-3.8320382823012,-10.7902375328218));
#1014=CARTESIAN_POINT('Ctrl Pts',(26.7994280620414,-4.60677202590164,-11.2164985588306));
#1015=CARTESIAN_POINT('Ctrl Pts',(26.6146415967663,-5.41851229261952,-11.6555337600357));
#1016=CARTESIAN_POINT('Ctrl Pts',(26.4034763585946,-6.27265173279317,-12.1080046532364));
#1017=CARTESIAN_POINT('Ctrl Pts',(26.1577587177527,-7.17493404791138,-12.5748174601632));
#1018=CARTESIAN_POINT('Ctrl Pts',(25.8662732700425,-8.13362710409396,-13.0592017655885));
#1019=CARTESIAN_POINT('Ctrl Pts',(25.5161257466652,-9.15629336226936,-13.5630440518043));
#1020=CARTESIAN_POINT('Ctrl Pts',(25.0939858365264,-10.2492395062174,-14.0847038004088));
#1021=CARTESIAN_POINT('Ctrl Pts',(24.5882068521507,-11.4112750217821,-14.6181538086246));
#1022=CARTESIAN_POINT('Ctrl Pts',(23.9933681785128,-12.6280172061189,-15.1527471195789));
#1023=CARTESIAN_POINT('Ctrl Pts',(23.3067520132486,-13.8829621348624,-15.6784612317737));
#1024=CARTESIAN_POINT('Ctrl Pts',(22.5357401518646,-15.1475525797936,-16.1800167211876));
#1025=CARTESIAN_POINT('Ctrl Pts',(21.6954426369147,-16.3894687167402,-16.6429020310819));
#1026=CARTESIAN_POINT('Ctrl Pts',(20.796469308358,-17.5937648036731,-17.0557772271989));
#1027=CARTESIAN_POINT('Ctrl Pts',(19.8391624271888,-18.7552458449019,-17.4110258039682));
#1028=CARTESIAN_POINT('Ctrl Pts',(19.1579571269039,-19.498013738137,-17.6115894300547));
#1029=CARTESIAN_POINT('Ctrl Pts',(18.8005274625879,-19.8720944060538,-17.7066796094304));
#1030=CARTESIAN_POINT('Ctrl Pts',(27.9117586860711,-2.8090545137726,-8.15431604034297));
#1031=CARTESIAN_POINT('Ctrl Pts',(27.8670747448849,-3.02712520711145,-8.28791105552711));
#1032=CARTESIAN_POINT('Ctrl Pts',(27.7774931359275,-3.46587106883884,-8.55456073687619));
#1033=CARTESIAN_POINT('Ctrl Pts',(27.6401449172665,-4.13722721040791,-8.9548305226018));
#1034=CARTESIAN_POINT('Ctrl Pts',(27.4959583839938,-4.83010411528323,-9.35910063096495));
#1035=CARTESIAN_POINT('Ctrl Pts',(27.3397807977471,-5.55248662662296,-9.77134980528633));
#1036=CARTESIAN_POINT('Ctrl Pts',(27.1663361648961,-6.30924920000987,-10.1933569370879));
#1037=CARTESIAN_POINT('Ctrl Pts',(26.9702451586943,-7.1032664407297,-10.6255770304119));
#1038=CARTESIAN_POINT('Ctrl Pts',(26.7454577715306,-7.93843807771601,-11.0681346002458));
#1039=CARTESIAN_POINT('Ctrl Pts',(26.4846157674162,-8.81951171088631,-11.52186208945));
#1040=CARTESIAN_POINT('Ctrl Pts',(26.176530079977,-9.7559804156285,-11.9909403182269));
#1041=CARTESIAN_POINT('Ctrl Pts',(25.8078997925054,-10.7572335119196,-12.4777038398742));
#1042=CARTESIAN_POINT('Ctrl Pts',(25.3687122995443,-11.8209884610116,-12.9779686042301));
#1043=CARTESIAN_POINT('Ctrl Pts',(24.8539836009097,-12.9353565394613,-13.4831838338488));
#1044=CARTESIAN_POINT('Ctrl Pts',(24.263165864012,-14.0845076926408,-13.9833565403789));
#1045=CARTESIAN_POINT('Ctrl Pts',(23.5960000328142,-15.2558254370026,-14.4704669129609));
#1046=CARTESIAN_POINT('Ctrl Pts',(22.8591691920645,-16.4289747183902,-14.9319056898499));
#1047=CARTESIAN_POINT('Ctrl Pts',(22.0689048285426,-17.5755787212614,-15.3513014542273));
#1048=CARTESIAN_POINT('Ctrl Pts',(21.23443335734,-18.6898142146003,-15.7180067124752));
#1049=CARTESIAN_POINT('Ctrl Pts',(20.3519229535796,-19.7744726135496,-16.0288145957767));
#1050=CARTESIAN_POINT('Ctrl Pts',(19.727518115346,-20.4725190215267,-16.2026241641528));
#1051=CARTESIAN_POINT('Ctrl Pts',(19.4012412193125,-20.8254691568458,-16.2840490447094));
#1052=CARTESIAN_POINT('Ctrl Pts',(28.6189644920366,-5.89117055219448,-6.51013215274323));
#1053=CARTESIAN_POINT('Ctrl Pts',(28.5751867684748,-6.09342640678598,-6.64949235253149));
#1054=CARTESIAN_POINT('Ctrl Pts',(28.4856019761366,-6.50395479946646,-6.92729360044903));
#1055=CARTESIAN_POINT('Ctrl Pts',(28.3428745153423,-7.14104948876799,-7.34264730858488));
#1056=CARTESIAN_POINT('Ctrl Pts',(28.1879124228964,-7.80418982844035,-7.76075381431113));
#1057=CARTESIAN_POINT('Ctrl Pts',(28.01570093282,-8.49852930770372,-8.18587846229046));
#1058=CARTESIAN_POINT('Ctrl Pts',(27.8214890566052,-9.22763612387988,-8.61936124977108));
#1059=CARTESIAN_POINT('Ctrl Pts',(27.6004991023921,-9.99420666241049,-9.06098235975367));
#1060=CARTESIAN_POINT('Ctrl Pts',(27.3475595432366,-10.8004124903479,-9.51007591815742));
#1061=CARTESIAN_POINT('Ctrl Pts',(27.0560049000554,-11.6495860885853,-9.96743232912169));
#1062=CARTESIAN_POINT('Ctrl Pts',(26.7160016915477,-12.5468778588828,-10.4369524605141));
#1063=CARTESIAN_POINT('Ctrl Pts',(26.3201740879227,-13.4897407491281,-10.9170927055843));
#1064=CARTESIAN_POINT('Ctrl Pts',(25.8655900153799,-14.4688233742007,-11.4010785587182));
#1065=CARTESIAN_POINT('Ctrl Pts',(25.3536442251824,-15.4706878230039,-11.8793872774385));
#1066=CARTESIAN_POINT('Ctrl Pts',(24.7878700609456,-16.4832185147786,-12.3431855600965));
#1067=CARTESIAN_POINT('Ctrl Pts',(24.1674375988373,-17.5041909274852,-12.7876796827546));
#1068=CARTESIAN_POINT('Ctrl Pts',(23.5010363297368,-18.5181148161183,-13.1996525878024));
#1069=CARTESIAN_POINT('Ctrl Pts',(22.8052407135196,-19.5041038948293,-13.5644385658285));
#1070=CARTESIAN_POINT('Ctrl Pts',(22.08142392246,-20.4725822631511,-13.8786999600992));
#1071=CARTESIAN_POINT('Ctrl Pts',(21.3235214348858,-21.4251686455934,-14.1435997557002));
#1072=CARTESIAN_POINT('Ctrl Pts',(20.7900745903744,-22.0512572884819,-14.2935524791072));
#1073=CARTESIAN_POINT('Ctrl Pts',(20.5143649749084,-22.3669791131236,-14.362401880597));
#1074=CARTESIAN_POINT('Ctrl Pts',(29.5624029756831,-9.48658879165252,-4.64896021019714));
#1075=CARTESIAN_POINT('Ctrl Pts',(29.5142566606861,-9.6744212655365,-4.80769925346754));
#1076=CARTESIAN_POINT('Ctrl Pts',(29.4138346368254,-10.0566917562848,-5.12395245755585));
#1077=CARTESIAN_POINT('Ctrl Pts',(29.2490320107393,-10.6520679990712,-5.59579552107668));
#1078=CARTESIAN_POINT('Ctrl Pts',(29.0657672001817,-11.2747628912267,-6.0706722497777));
#1079=CARTESIAN_POINT('Ctrl Pts',(28.858849725898,-11.9293492560845,-6.552943118861));
#1080=CARTESIAN_POINT('Ctrl Pts',(28.6245600241851,-12.6162756865981,-7.0418630059648));
#1081=CARTESIAN_POINT('Ctrl Pts',(28.360390904691,-13.3332989730166,-7.53427480304379));
#1082=CARTESIAN_POINT('Ctrl Pts',(28.0645656555232,-14.0770547215984,-8.02658007058354));
#1083=CARTESIAN_POINT('Ctrl Pts',(27.7336529452307,-14.8469793749428,-8.51861937067115));
#1084=CARTESIAN_POINT('Ctrl Pts',(27.3609799680836,-15.6463926422196,-9.01345351705288));
#1085=CARTESIAN_POINT('Ctrl Pts',(26.9445100799854,-16.4703730979603,-9.50626315781701));
#1086=CARTESIAN_POINT('Ctrl Pts',(26.4869299322477,-17.3086873328737,-9.98791690465486));
#1087=CARTESIAN_POINT('Ctrl Pts',(25.9942076477717,-18.1500481780857,-10.4484491257187));
#1088=CARTESIAN_POINT('Ctrl Pts',(25.4692549847401,-18.9921779816158,-10.8828678289125));
#1089=CARTESIAN_POINT('Ctrl Pts',(24.9106093300341,-19.8394025712874,-11.2886607244816));
#1090=CARTESIAN_POINT('Ctrl Pts',(24.3280591371231,-20.6785020911793,-11.6549093206505));
#1091=CARTESIAN_POINT('Ctrl Pts',(23.7329085527464,-21.5003768389172,-11.9742873054738));
#1092=CARTESIAN_POINT('Ctrl Pts',(23.1193420315078,-22.3270368860907,-12.2504144929178));
#1093=CARTESIAN_POINT('Ctrl Pts',(22.4789194980611,-23.1652137320472,-12.48885089941));
#1094=CARTESIAN_POINT('Ctrl Pts',(22.0363762837805,-23.7114170901577,-12.6240619884886));
#1095=CARTESIAN_POINT('Ctrl Pts',(21.8102981415116,-23.985040198448,-12.6857584540474));
#1096=CARTESIAN_POINT('Ctrl Pts',(30.8391879331075,-13.3464812643528,-2.73508000326247));
#1097=CARTESIAN_POINT('Ctrl Pts',(30.773700638469,-13.508564774405,-2.94323923665233));
#1098=CARTESIAN_POINT('Ctrl Pts',(30.6363510131977,-13.8393998929179,-3.35570311652184));
#1099=CARTESIAN_POINT('Ctrl Pts',(30.4110629178522,-14.3561480222712,-3.96199593245832));
#1100=CARTESIAN_POINT('Ctrl Pts',(30.1628301273958,-14.8984801078655,-4.56206323708694));
#1101=CARTESIAN_POINT('Ctrl Pts',(29.888354369411,-15.4684723691416,-5.15787705367197));
#1102=CARTESIAN_POINT('Ctrl Pts',(29.5875250943689,-16.0626637996295,-5.74448748947241));
#1103=CARTESIAN_POINT('Ctrl Pts',(29.2621083920008,-16.6757886814576,-6.31529563385406));
#1104=CARTESIAN_POINT('Ctrl Pts',(28.9143696708825,-17.3034052322011,-6.86514036061459));
#1105=CARTESIAN_POINT('Ctrl Pts',(28.5420795884556,-17.9488124373714,-7.39632954025526));
#1106=CARTESIAN_POINT('Ctrl Pts',(28.1416788358072,-18.6154661414611,-7.91066615045156));
#1107=CARTESIAN_POINT('Ctrl Pts',(27.7159337118347,-19.2971605720242,-8.40156155735132));
#1108=CARTESIAN_POINT('Ctrl Pts',(27.270654502891,-19.9857445495818,-8.86131091736543));
#1109=CARTESIAN_POINT('Ctrl Pts',(26.8121392368055,-20.6753112605679,-9.28440793252617));
#1110=CARTESIAN_POINT('Ctrl Pts',(26.3383882977215,-21.3741385326343,-9.67366396290398));
#1111=CARTESIAN_POINT('Ctrl Pts',(25.8474194883386,-22.086808791185,-10.0299993394859));
#1112=CARTESIAN_POINT('Ctrl Pts',(25.3469527364246,-22.8042193845185,-10.3483143030886));
#1113=CARTESIAN_POINT('Ctrl Pts',(24.8426199539647,-23.5200234550168,-10.6279533205898));
#1114=CARTESIAN_POINT('Ctrl Pts',(24.3261967066114,-24.2448502541168,-10.8750831437423));
#1115=CARTESIAN_POINT('Ctrl Pts',(23.7966580879095,-24.9583954724465,-11.0916058847271));
#1116=CARTESIAN_POINT('Ctrl Pts',(23.4366130950186,-25.4153748497763,-11.2171045569634));
#1117=CARTESIAN_POINT('Ctrl Pts',(23.2540754377751,-25.6435855202531,-11.2752650906267));
#1118=CARTESIAN_POINT('Ctrl Pts',(31.7741874260686,-15.2021254957633,-1.9303709742955));
#1119=CARTESIAN_POINT('Ctrl Pts',(31.6920414192597,-15.3596603944331,-2.17192386613636));
#1120=CARTESIAN_POINT('Ctrl Pts',(31.5206894206474,-15.6821949150219,-2.64728619791011));
#1121=CARTESIAN_POINT('Ctrl Pts',(31.2440520038226,-16.1876472173673,-3.33475206455896));
#1122=CARTESIAN_POINT('Ctrl Pts',(30.9450970262288,-16.7198613808848,-4.00301507824641));
#1123=CARTESIAN_POINT('Ctrl Pts',(30.6226414958037,-17.2792294242423,-4.65190288549771));
#1124=CARTESIAN_POINT('Ctrl Pts',(30.2793141641381,-17.860438529595,-5.27460977620153));
#1125=CARTESIAN_POINT('Ctrl Pts',(29.9194420040335,-18.457154615169,-5.8641801997541));
#1126=CARTESIAN_POINT('Ctrl Pts',(29.5465787378897,-19.0657250834206,-6.4174843735206));
#1127=CARTESIAN_POINT('Ctrl Pts',(29.1578209780041,-19.691784528231,-6.94041086619262));
#1128=CARTESIAN_POINT('Ctrl Pts',(28.7520160603092,-20.3357054115143,-7.43407380797403));
#1129=CARTESIAN_POINT('Ctrl Pts',(28.3333141867267,-20.9898873831999,-7.89373309433764));
#1130=CARTESIAN_POINT('Ctrl Pts',(27.9074049343875,-21.6458951474906,-8.31515438892768));
#1131=CARTESIAN_POINT('Ctrl Pts',(27.478007363708,-22.2994887163154,-8.69788280736757));
#1132=CARTESIAN_POINT('Ctrl Pts',(27.0395953313687,-22.9592524230356,-9.04890548062499));
#1133=CARTESIAN_POINT('Ctrl Pts',(26.5920759190607,-23.6214069047668,-9.36892168227186));
#1134=CARTESIAN_POINT('Ctrl Pts',(26.1423729758037,-24.2720122122239,-9.65490071890651));
#1135=CARTESIAN_POINT('Ctrl Pts',(25.6926132722109,-24.9091020857132,-9.90852013866649));
#1136=CARTESIAN_POINT('Ctrl Pts',(25.2340771502054,-25.5449876211523,-10.136254234174));
#1137=CARTESIAN_POINT('Ctrl Pts',(24.7661892111559,-26.1641568910399,-10.3401962186238));
#1138=CARTESIAN_POINT('Ctrl Pts',(24.4497544162407,-26.5573460409432,-10.4614394688411));
#1139=CARTESIAN_POINT('Ctrl Pts',(24.289830033342,-26.753046815441,-10.5184838813538));
#1140=CARTESIAN_POINT('Ctrl Pts',(32.2883077487887,-16.0927017754615,-1.56689038133019));
#1141=CARTESIAN_POINT('Ctrl Pts',(32.1960028066293,-16.2521925927579,-1.82758809863466));
#1142=CARTESIAN_POINT('Ctrl Pts',(32.0043302660227,-16.5796243407709,-2.33838009222357));
#1143=CARTESIAN_POINT('Ctrl Pts',(31.6980200690819,-17.0941613873967,-3.07004147373502));
#1144=CARTESIAN_POINT('Ctrl Pts',(31.3705685260863,-17.636532713427,-3.7741155541943));
#1145=CARTESIAN_POINT('Ctrl Pts',(31.0219389592637,-18.2052493909614,-4.44951710223067));
#1146=CARTESIAN_POINT('Ctrl Pts',(30.6561509917032,-18.7931849426789,-5.08897679360592));
#1147=CARTESIAN_POINT('Ctrl Pts',(30.2786821582766,-19.3927765422983,-5.68601211909339));
#1148=CARTESIAN_POINT('Ctrl Pts',(29.8930530440286,-20.0007332793477,-6.2395877338723));
#1149=CARTESIAN_POINT('Ctrl Pts',(29.4960776708993,-20.6226551735939,-6.75714652382466));
#1150=CARTESIAN_POINT('Ctrl Pts',(29.0878544685072,-21.2566561108488,-7.23955816527637));
#1151=CARTESIAN_POINT('Ctrl Pts',(28.6729719281812,-21.8943698125148,-7.68324890420018));
#1152=CARTESIAN_POINT('Ctrl Pts',(28.2567766260975,-22.5275666684188,-8.08577095278354));
#1153=CARTESIAN_POINT('Ctrl Pts',(27.8410966618115,-23.1541298826025,-8.44927731756576));
#1154=CARTESIAN_POINT('Ctrl Pts',(27.4195059868651,-23.7825557208099,-8.78178291865268));
#1155=CARTESIAN_POINT('Ctrl Pts',(26.9926952978819,-24.4070985390253,-9.083947759191));
#1156=CARTESIAN_POINT('Ctrl Pts',(26.5665775238536,-25.0152342890694,-9.35403228180667));
#1157=CARTESIAN_POINT('Ctrl Pts',(26.1412028297484,-25.6082416658758,-9.59502559886757));
#1158=CARTESIAN_POINT('Ctrl Pts',(25.7081594796645,-26.1966580328089,-9.81325686491566));
#1159=CARTESIAN_POINT('Ctrl Pts',(25.2673508036593,-26.7654694944359,-10.0106411551601));
#1160=CARTESIAN_POINT('Ctrl Pts',(24.9698388321037,-27.1248708930272,-10.1293835459601));
#1161=CARTESIAN_POINT('Ctrl Pts',(24.8196455857737,-27.3034653431786,-10.1856485329168));
#1162=CARTESIAN_POINT('',(27.3600388124212,-1.92260894704699E-8,-9.67323447715774));
#1163=CARTESIAN_POINT('',(18.5390314850733,-19.4191700870237,-18.4463019252447));
#1164=CARTESIAN_POINT('Ctrl Pts',(27.3600388124212,-1.92260894704699E-8,
-9.67323447715774));
#1165=CARTESIAN_POINT('Ctrl Pts',(27.3126697792759,-0.245891790708263,-9.8072143355531));
#1166=CARTESIAN_POINT('Ctrl Pts',(27.2188997492412,-0.73760174360716,-10.075072766948));
#1167=CARTESIAN_POINT('Ctrl Pts',(27.0787545058661,-1.47962294585018,-10.4785694548552));
#1168=CARTESIAN_POINT('Ctrl Pts',(26.9358335574252,-2.23151490772226,-10.8870303568547));
#1169=CARTESIAN_POINT('Ctrl Pts',(26.7858580436323,-2.9996310323018,-11.3043532694462));
#1170=CARTESIAN_POINT('Ctrl Pts',(26.624038582202,-3.79090628271151,-11.7332880192655));
#1171=CARTESIAN_POINT('Ctrl Pts',(26.4444884542211,-4.61464676848885,-12.1758985931918));
#1172=CARTESIAN_POINT('Ctrl Pts',(26.2400754669791,-5.47949460405757,-12.6335521035785));
#1173=CARTESIAN_POINT('Ctrl Pts',(26.0022053174983,-6.39298693777133,-13.1075000122374));
#1174=CARTESIAN_POINT('Ctrl Pts',(25.7193453570076,-7.36415134786217,-13.6008166789858));
#1175=CARTESIAN_POINT('Ctrl Pts',(25.3780706872784,-8.40100037585521,-14.1154094207801));
#1176=CARTESIAN_POINT('Ctrl Pts',(24.9648709486855,-9.50896782467549,-14.6494400176661));
#1177=CARTESIAN_POINT('Ctrl Pts',(24.4660504596878,-10.6912011902721,-15.1980117186216));
#1178=CARTESIAN_POINT('Ctrl Pts',(23.8728068095498,-11.9378028328941,-15.7511571088814));
#1179=CARTESIAN_POINT('Ctrl Pts',(23.1804505145661,-13.2316369173478,-16.2978744682723));
#1180=CARTESIAN_POINT('Ctrl Pts',(22.3957443449535,-14.540628515327,-16.8216038917978));
#1181=CARTESIAN_POINT('Ctrl Pts',(21.5349220284533,-15.8274284292944,-17.3071182572333));
#1182=CARTESIAN_POINT('Ctrl Pts',(20.6080838282177,-17.0745555518859,-17.744980883843));
#1183=CARTESIAN_POINT('Ctrl Pts',(19.6172750227511,-18.272559835987,-18.1259569396355));
#1184=CARTESIAN_POINT('Ctrl Pts',(18.9106433287452,-19.0354065363901,-18.342680332407));
#1185=CARTESIAN_POINT('Ctrl Pts',(18.5390314850733,-19.4191700870237,-18.4463019252447));
#1186=CARTESIAN_POINT('',(32.2883077487887,-16.0927017754615,-1.56689038133019));
#1187=CARTESIAN_POINT('Ctrl Pts',(27.3600388124212,-1.92260894704699E-8,
-9.67323447715774));
#1188=CARTESIAN_POINT('Ctrl Pts',(27.5397724426183,-0.934854143908798,-9.16487100361212));
#1189=CARTESIAN_POINT('Ctrl Pts',(27.9117586860711,-2.8090545137726,-8.15431604034297));
#1190=CARTESIAN_POINT('Ctrl Pts',(28.6189644920366,-5.89117055219448,-6.51013215274323));
#1191=CARTESIAN_POINT('Ctrl Pts',(29.5624029756831,-9.48658879165252,-4.64896021019714));
#1192=CARTESIAN_POINT('Ctrl Pts',(30.8391879331075,-13.3464812643528,-2.73508000326247));
#1193=CARTESIAN_POINT('Ctrl Pts',(31.7741874260686,-15.2021254957633,-1.9303709742955));
#1194=CARTESIAN_POINT('Ctrl Pts',(32.2883077487887,-16.0927017754615,-1.56689038133019));
#1195=CARTESIAN_POINT('',(24.8196455857737,-27.3034653431786,-10.1856485329168));
#1196=CARTESIAN_POINT('Ctrl Pts',(32.2883077487886,-16.0927017754615,-1.56689038133019));
#1197=CARTESIAN_POINT('Ctrl Pts',(32.2480806001413,-16.1622090051416,-1.68050429604277));
#1198=CARTESIAN_POINT('Ctrl Pts',(32.2071793977295,-16.2325272437377,-1.79312754866901));
#1199=CARTESIAN_POINT('Ctrl Pts',(32.165643966203,-16.3036134535748,-1.9046929112004));
#1200=CARTESIAN_POINT('Ctrl Pts',(32.1268549845132,-16.369999225684,-2.00888123055593));
#1201=CARTESIAN_POINT('Ctrl Pts',(32.0875132410894,-16.4370545140246,-2.11214678501999));
#1202=CARTESIAN_POINT('Ctrl Pts',(32.0476394215002,-16.5047659037346,-2.21447242789542));
#1203=CARTESIAN_POINT('Ctrl Pts',(32.0097495620393,-16.5691082483216,-2.31170676029017));
#1204=CARTESIAN_POINT('Ctrl Pts',(31.9713795518244,-16.6340428379995,-2.40809230101769));
#1205=CARTESIAN_POINT('Ctrl Pts',(31.9325315249949,-16.6995815067107,-2.50365119032141));
#1206=CARTESIAN_POINT('Ctrl Pts',(31.8943694774837,-16.7639628921582,-2.59752269864127));
#1207=CARTESIAN_POINT('Ctrl Pts',(31.8557465002283,-16.8289269398991,-2.69059629074972));
#1208=CARTESIAN_POINT('Ctrl Pts',(31.8166443356567,-16.894511503336,-2.7829317901623));
#1209=CARTESIAN_POINT('Ctrl Pts',(31.7784909889422,-16.9585046509111,-2.87302675962881));
#1210=CARTESIAN_POINT('Ctrl Pts',(31.7398784775347,-17.0230934593183,-2.962425931074));
#1211=CARTESIAN_POINT('Ctrl Pts',(31.7007839747068,-17.0883128726965,-3.05118384769555));
#1212=CARTESIAN_POINT('Ctrl Pts',(31.6598811762971,-17.156548975597,-3.14404721487598));
#1213=CARTESIAN_POINT('Ctrl Pts',(31.6184506268515,-17.2254752857634,-3.23620830896161));
#1214=CARTESIAN_POINT('Ctrl Pts',(31.5764815630613,-17.2950986849323,-3.32768422021485));
#1215=CARTESIAN_POINT('Ctrl Pts',(31.5320017453196,-17.3688872288243,-3.4246325791449));
#1216=CARTESIAN_POINT('Ctrl Pts',(31.4869169134857,-17.4434586295596,-3.52081090608633));
#1217=CARTESIAN_POINT('Ctrl Pts',(31.4412334849583,-17.5187862377403,-3.61619542579577));
#1218=CARTESIAN_POINT('Ctrl Pts',(31.3917472375511,-17.6003843308604,-3.71952002496278));
#1219=CARTESIAN_POINT('Ctrl Pts',(31.3415584462535,-17.6828695382477,-3.82191255844223));
#1220=CARTESIAN_POINT('Ctrl Pts',(31.290699717473,-17.7661708722339,-3.92330039485117));
#1221=CARTESIAN_POINT('Ctrl Pts',(31.2322102255604,-17.8619706064648,-4.0399003016884));
#1222=CARTESIAN_POINT('Ctrl Pts',(31.172834466136,-17.9588492843992,-4.15517031725603));
#1223=CARTESIAN_POINT('Ctrl Pts',(31.112656998083,-18.0566563388343,-4.2689590637183));
#1224=CARTESIAN_POINT('Ctrl Pts',(31.0383587495819,-18.1774140421857,-4.40944859966624));
#1225=CARTESIAN_POINT('Ctrl Pts',(30.9628388581659,-18.2995843709104,-4.54767596963182));
#1226=CARTESIAN_POINT('Ctrl Pts',(30.886308097242,-18.4228448055587,-4.68333955241667));
#1227=CARTESIAN_POINT('Ctrl Pts',(30.8281730523435,-18.5164771021148,-4.78639364963288));
#1228=CARTESIAN_POINT('Ctrl Pts',(30.7694564483074,-18.6107368387011,-4.88796734420613));
#1229=CARTESIAN_POINT('Ctrl Pts',(30.7102562257354,-18.7054923907991,-4.98795152657393));
#1230=CARTESIAN_POINT('Ctrl Pts',(30.6557436377318,-18.7927449406739,-5.08001868955899));
#1231=CARTESIAN_POINT('Ctrl Pts',(30.6008217150238,-18.8804171724741,-5.17073760440489));
#1232=CARTESIAN_POINT('Ctrl Pts',(30.5455580427232,-18.9684292195756,-5.26005423007253));
#1233=CARTESIAN_POINT('Ctrl Pts',(30.492021360182,-19.0536908902052,-5.34657971118806));
#1234=CARTESIAN_POINT('Ctrl Pts',(30.438164621761,-19.1392707990978,-5.43178872939548));
#1235=CARTESIAN_POINT('Ctrl Pts',(30.3840306540348,-19.2251287440609,-5.51566948072262));
#1236=CARTESIAN_POINT('Ctrl Pts',(30.335223888866,-19.302537600897,-5.59129571512161));
#1237=CARTESIAN_POINT('Ctrl Pts',(30.2861919613068,-19.3801724506887,-5.66584244315319));
#1238=CARTESIAN_POINT('Ctrl Pts',(30.2369456027737,-19.4580343527973,-5.73933251665371));
#1239=CARTESIAN_POINT('Ctrl Pts',(30.1901172626412,-19.532073200418,-5.80921419442137));
#1240=CARTESIAN_POINT('Ctrl Pts',(30.1430952719064,-19.6063172037372,-5.87814045566876));
#1241=CARTESIAN_POINT('Ctrl Pts',(30.0958660198263,-19.680797783832,-5.94615977786774));
#1242=CARTESIAN_POINT('Ctrl Pts',(30.0455264205968,-19.7601833846456,-6.01865860578808));
#1243=CARTESIAN_POINT('Ctrl Pts',(29.9949491428939,-19.8398416377217,-6.09013075832464));
#1244=CARTESIAN_POINT('Ctrl Pts',(29.944094154121,-19.9198359940953,-6.16065681609448));
#1245=CARTESIAN_POINT('Ctrl Pts',(29.893840831086,-19.9988839366632,-6.23034847956753));
#1246=CARTESIAN_POINT('Ctrl Pts',(29.8433158421853,-20.0782604490069,-6.29911644008078));
#1247=CARTESIAN_POINT('Ctrl Pts',(29.7925003776576,-20.1579853435629,-6.36700104676791));
#1248=CARTESIAN_POINT('Ctrl Pts',(29.7385260747715,-20.2426661714628,-6.43910555976784));
#1249=CARTESIAN_POINT('Ctrl Pts',(29.6842239805777,-20.3277398458679,-6.51021310060001));
#1250=CARTESIAN_POINT('Ctrl Pts',(29.6295964118979,-20.4131848986679,-6.58033437927913));
#1251=CARTESIAN_POINT('Ctrl Pts',(29.5701456098757,-20.506174153737,-6.65664687784043));
#1252=CARTESIAN_POINT('Ctrl Pts',(29.5103092636788,-20.5996029501359,-6.73179073405485));
#1253=CARTESIAN_POINT('Ctrl Pts',(29.4501203661139,-20.6933953161469,-6.80574359853394));
#1254=CARTESIAN_POINT('Ctrl Pts',(29.3808424308866,-20.8013511305947,-6.89086397725064));
#1255=CARTESIAN_POINT('Ctrl Pts',(29.3110974188051,-20.9097879556356,-6.97440552825362));
#1256=CARTESIAN_POINT('Ctrl Pts',(29.2409753925231,-21.0185352275839,-7.0562999989242));
#1257=CARTESIAN_POINT('Ctrl Pts',(29.1526228832961,-21.1555548611809,-7.15948557925062));
#1258=CARTESIAN_POINT('Ctrl Pts',(29.0636730660217,-21.2930637978282,-7.26005256941372));
#1259=CARTESIAN_POINT('Ctrl Pts',(28.9743598543409,-21.4306693939359,-7.35785123749073));
#1260=CARTESIAN_POINT('Ctrl Pts',(28.9050401352385,-21.5374708524167,-7.43375687420577));
#1261=CARTESIAN_POINT('Ctrl Pts',(28.8355036446185,-21.6443281704709,-7.5079939237139));
#1262=CARTESIAN_POINT('Ctrl Pts',(28.7658591494844,-21.7510742818118,-7.58051541417106));
#1263=CARTESIAN_POINT('Ctrl Pts',(28.7055798294477,-21.8434661211928,-7.64328485667176));
#1264=CARTESIAN_POINT('Ctrl Pts',(28.6452202164251,-21.9357741045461,-7.7047690448245));
#1265=CARTESIAN_POINT('Ctrl Pts',(28.5848358335603,-22.0279187511708,-7.76496164022796));
#1266=CARTESIAN_POINT('Ctrl Pts',(28.5291828055504,-22.112843500854,-7.82043790808142));
#1267=CARTESIAN_POINT('Ctrl Pts',(28.4735091138501,-22.1976291816729,-7.87481704138847));
#1268=CARTESIAN_POINT('Ctrl Pts',(28.4178380433723,-22.282245647494,-7.92811664590404));
#1269=CARTESIAN_POINT('Ctrl Pts',(28.3652776674227,-22.3621340566249,-7.97843806468152));
#1270=CARTESIAN_POINT('Ctrl Pts',(28.3127199096896,-22.441871402417,-8.02779723905918));
#1271=CARTESIAN_POINT('Ctrl Pts',(28.2601610401462,-22.5214660008302,-8.07622998226114));
#1272=CARTESIAN_POINT('Ctrl Pts',(28.2100734152242,-22.5973181724193,-8.12238548553812));
#1273=CARTESIAN_POINT('Ctrl Pts',(28.1599849910147,-22.6730405519471,-8.16769967300238));
#1274=CARTESIAN_POINT('Ctrl Pts',(28.1098672626906,-22.7486745309564,-8.2122227535685));
#1275=CARTESIAN_POINT('Ctrl Pts',(28.0435640231864,-22.8487344896298,-8.27112455484627));
#1276=CARTESIAN_POINT('Ctrl Pts',(27.9772085675918,-22.9486431858966,-8.32864398111282));
#1277=CARTESIAN_POINT('Ctrl Pts',(27.9106703013874,-23.0485721295212,-8.38493502638848));
#1278=CARTESIAN_POINT('Ctrl Pts',(27.863503978921,-23.1194077711388,-8.42483750273614));
#1279=CARTESIAN_POINT('Ctrl Pts',(27.8162454187309,-23.1902530265128,-8.46412222194544));
#1280=CARTESIAN_POINT('Ctrl Pts',(27.7688715042509,-23.2611205268314,-8.50281813896374));
#1281=CARTESIAN_POINT('Ctrl Pts',(27.7179223120791,-23.3373363500772,-8.54443441100017));
#1282=CARTESIAN_POINT('Ctrl Pts',(27.6668397409745,-23.4135775123248,-8.58536933391343));
#1283=CARTESIAN_POINT('Ctrl Pts',(27.615622362019,-23.4898108193323,-8.62563494107427));
#1284=CARTESIAN_POINT('Ctrl Pts',(27.5578051771066,-23.575867452796,-8.67108912288347));
#1285=CARTESIAN_POINT('Ctrl Pts',(27.4998162942079,-23.6619134177662,-8.71568991046893));
#1286=CARTESIAN_POINT('Ctrl Pts',(27.4416867917297,-23.7478484762968,-8.7594313035352));
#1287=CARTESIAN_POINT('Ctrl Pts',(27.3536468919645,-23.8780012148686,-8.82567972640079));
#1288=CARTESIAN_POINT('Ctrl Pts',(27.2652841782692,-24.0078960296031,-8.88995461396137));
#1289=CARTESIAN_POINT('Ctrl Pts',(27.1767915475966,-24.1370869831026,-8.95220040431741));
#1290=CARTESIAN_POINT('Ctrl Pts',(27.1174566718852,-24.2237103449652,-8.99393660547068));
#1291=CARTESIAN_POINT('Ctrl Pts',(27.0580657605504,-24.3100146040712,-9.0347597995204));
#1292=CARTESIAN_POINT('Ctrl Pts',(26.9986770577658,-24.3958835043752,-9.07466252918024));
#1293=CARTESIAN_POINT('Ctrl Pts',(26.9466024909526,-24.4711770463521,-9.10965095735382));
#1294=CARTESIAN_POINT('Ctrl Pts',(26.8945301634424,-24.5461352456185,-9.14393158473005));
#1295=CARTESIAN_POINT('Ctrl Pts',(26.842485867084,-24.62071155525,-9.17751148877255));
#1296=CARTESIAN_POINT('Ctrl Pts',(26.7942973992183,-24.6897626972902,-9.2086035438124));
#1297=CARTESIAN_POINT('Ctrl Pts',(26.7461332919935,-24.7584860698422,-9.23909483692151));
#1298=CARTESIAN_POINT('Ctrl Pts',(26.6979959568058,-24.8268804115046,-9.2690028353418));
#1299=CARTESIAN_POINT('Ctrl Pts',(26.6524356714925,-24.8916132370295,-9.29730969810979));
#1300=CARTESIAN_POINT('Ctrl Pts',(26.6068996118052,-24.9560510557109,-9.32509405907956));
#1301=CARTESIAN_POINT('Ctrl Pts',(26.5613690106594,-25.0202304710954,-9.35238183928419));
#1302=CARTESIAN_POINT('Ctrl Pts',(26.5144831433353,-25.0863202542066,-9.38048186893558));
#1303=CARTESIAN_POINT('Ctrl Pts',(26.4676036292405,-25.1521352669284,-9.40805521715224));
#1304=CARTESIAN_POINT('Ctrl Pts',(26.4206806406628,-25.2177653875411,-9.43514327781168));
#1305=CARTESIAN_POINT('Ctrl Pts',(26.3777976136989,-25.2777449054104,-9.45989911862381));
#1306=CARTESIAN_POINT('Ctrl Pts',(26.3348751054357,-25.337577487388,-9.48425122489565));
#1307=CARTESIAN_POINT('Ctrl Pts',(26.2918746584715,-25.3973113283205,-9.50822830194622));
#1308=CARTESIAN_POINT('Ctrl Pts',(26.2461635486046,-25.4608106721275,-9.53371684638527));
#1309=CARTESIAN_POINT('Ctrl Pts',(26.2003643275112,-25.5241980242946,-9.55878147018827));
#1310=CARTESIAN_POINT('Ctrl Pts',(26.1544469500642,-25.5874736804356,-9.58344655063046));
#1311=CARTESIAN_POINT('Ctrl Pts',(26.1043753109984,-25.6564740457025,-9.61034314346953));
#1312=CARTESIAN_POINT('Ctrl Pts',(26.0541631247807,-25.7253409432672,-9.63676449407722));
#1313=CARTESIAN_POINT('Ctrl Pts',(26.0037909016307,-25.794016287037,-9.66273256089541));
#1314=CARTESIAN_POINT('Ctrl Pts',(25.943131296436,-25.8767170093635,-9.69400401532721));
#1315=CARTESIAN_POINT('Ctrl Pts',(25.8822393403914,-25.9591386637589,-9.72461801593497));
#1316=CARTESIAN_POINT('Ctrl Pts',(25.8211116501391,-26.0411118306722,-9.75460143754075));
#1317=CARTESIAN_POINT('Ctrl Pts',(25.7507820932108,-26.1354248414407,-9.78909841833662));
#1318=CARTESIAN_POINT('Ctrl Pts',(25.6801412481548,-26.2291377395257,-9.82276029467236));
#1319=CARTESIAN_POINT('Ctrl Pts',(25.6092180904041,-26.3219728575928,-9.85561879971426));
#1320=CARTESIAN_POINT('Ctrl Pts',(25.5554247873337,-26.3923857918183,-9.88054108992551));
#1321=CARTESIAN_POINT('Ctrl Pts',(25.5014701055525,-26.4622923299978,-9.9050010449462));
#1322=CARTESIAN_POINT('Ctrl Pts',(25.4473706111802,-26.5316061550588,-9.92901127783313));
#1323=CARTESIAN_POINT('Ctrl Pts',(25.39878695727,-26.5938529269931,-9.95057349127735));
#1324=CARTESIAN_POINT('Ctrl Pts',(25.3500868451669,-26.6556210722374,-9.97177302726824));
#1325=CARTESIAN_POINT('Ctrl Pts',(25.3012785108091,-26.7168917576976,-9.99261848291185));
#1326=CARTESIAN_POINT('Ctrl Pts',(25.256908518304,-26.7725908486506,-10.0115683758521));
#1327=CARTESIAN_POINT('Ctrl Pts',(25.2124492466341,-26.827878679252,-10.0302256932673));
#1328=CARTESIAN_POINT('Ctrl Pts',(25.1679005153666,-26.8827839380828,-10.0485960343038));
#1329=CARTESIAN_POINT('Ctrl Pts',(25.1250583597421,-26.9355858827513,-10.0662626431425));
#1330=CARTESIAN_POINT('Ctrl Pts',(25.0821336201257,-26.9880336535283,-10.0836638947328));
#1331=CARTESIAN_POINT('Ctrl Pts',(25.0391177455193,-27.0401983845797,-10.1008032813478));
#1332=CARTESIAN_POINT('Ctrl Pts',(24.9981721780651,-27.0898524839915,-10.1171177679691));
#1333=CARTESIAN_POINT('Ctrl Pts',(24.9571441306301,-27.1392499987352,-10.1331950404706));
#1334=CARTESIAN_POINT('Ctrl Pts',(24.9160167703534,-27.1884976745738,-10.149035996396));
#1335=CARTESIAN_POINT('Ctrl Pts',(24.8839578267445,-27.2268864369928,-10.1613840855831));
#1336=CARTESIAN_POINT('Ctrl Pts',(24.851838379976,-27.2651849642676,-10.1735885555866));
#1337=CARTESIAN_POINT('Ctrl Pts',(24.8196455857737,-27.3034653431786,-10.1856485329168));
#1338=CARTESIAN_POINT('Ctrl Pts',(18.5391948738949,-19.4192701000151,-18.4464206159737));
#1339=CARTESIAN_POINT('Ctrl Pts',(18.72555289502,-19.7426707803482,-17.9173553460728));
#1340=CARTESIAN_POINT('Ctrl Pts',(19.7550652541786,-21.4185681420444,-15.3459486455871));
#1341=CARTESIAN_POINT('Ctrl Pts',(21.8642391990068,-24.1323619622794,-12.3621243814916));
#1342=CARTESIAN_POINT('Ctrl Pts',(24.062766225157,-26.5171531606964,-10.6611276021126));
#1343=CARTESIAN_POINT('Ctrl Pts',(24.8196455857737,-27.3034653431786,-10.1856485329168));
#1344=CARTESIAN_POINT('Ctrl Pts',(27.3600388124212,-1.92260894704699E-8,
-9.67323447715774));
#1345=CARTESIAN_POINT('Ctrl Pts',(27.5397724426183,-0.934854143908798,-9.16487100361212));
#1346=CARTESIAN_POINT('Ctrl Pts',(27.9117586860711,-2.8090545137726,-8.15431604034297));
#1347=CARTESIAN_POINT('Ctrl Pts',(28.6189644920366,-5.89117055219448,-6.51013215274323));
#1348=CARTESIAN_POINT('Ctrl Pts',(29.5624029756831,-9.48658879165252,-4.64896021019714));
#1349=CARTESIAN_POINT('Ctrl Pts',(30.8391879331075,-13.3464812643528,-2.73508000326247));
#1350=CARTESIAN_POINT('Ctrl Pts',(31.7741874260686,-15.2021254957633,-1.9303709742955));
#1351=CARTESIAN_POINT('Ctrl Pts',(32.2883077487887,-16.0927017754615,-1.56689038133019));
#1352=CARTESIAN_POINT('Ctrl Pts',(27.4547061693026,-0.0001224910814708,
-9.405474757303));
#1353=CARTESIAN_POINT('Ctrl Pts',(27.6316334420378,-0.929607035746835,-8.90670463847153));
#1354=CARTESIAN_POINT('Ctrl Pts',(28.0007895536714,-2.79615023621623,-7.91028544934532));
#1355=CARTESIAN_POINT('Ctrl Pts',(28.7065238420204,-5.8662230282091,-6.27796028007605));
#1356=CARTESIAN_POINT('Ctrl Pts',(29.6515590409043,-9.43698661421258,-4.42005093674457));
#1357=CARTESIAN_POINT('Ctrl Pts',(30.9297527084778,-13.2390126808748,-2.50237621855482));
#1358=CARTESIAN_POINT('Ctrl Pts',(31.8653530876621,-15.0602147423513,-1.68244122994647));
#1359=CARTESIAN_POINT('Ctrl Pts',(32.380612690948,-15.9332109581651,-1.30619266402573));
#1360=CARTESIAN_POINT('Ctrl Pts',(27.6447785899369,-4.20826696168152E-5,
-8.87050550207755));
#1361=CARTESIAN_POINT('Ctrl Pts',(27.816175364096,-0.919384864927501,-8.38970150506118));
#1362=CARTESIAN_POINT('Ctrl Pts',(28.1797901112966,-2.77212446016334,-7.41820652403872));
#1363=CARTESIAN_POINT('Ctrl Pts',(28.8814642812259,-5.81856495267067,-5.80765257180384));
#1364=CARTESIAN_POINT('Ctrl Pts',(29.8285197972941,-9.33985304049525,-3.95309753735833));
#1365=CARTESIAN_POINT('Ctrl Pts',(31.1066723352489,-13.0269224129766,-2.02702791879023));
#1366=CARTESIAN_POINT('Ctrl Pts',(32.0415277365419,-14.7822870683693,-1.1762662503752));
#1367=CARTESIAN_POINT('Ctrl Pts',(32.5581227846147,-15.6227275308287,-0.774262168615173));
#1368=CARTESIAN_POINT('Ctrl Pts',(27.9324041203774,0.00105840751825677,
-8.06408373014572));
#1369=CARTESIAN_POINT('Ctrl Pts',(28.0958070262521,-0.905210222539933,-7.60619665636093));
#1370=CARTESIAN_POINT('Ctrl Pts',(28.4505807764272,-2.74147114272465,-6.66331563114881));
#1371=CARTESIAN_POINT('Ctrl Pts',(29.142783599493,-5.75383862340868,-5.0802147774824));
#1372=CARTESIAN_POINT('Ctrl Pts',(30.0883377940987,-9.20063567307486,-3.22343919915217));
#1373=CARTESIAN_POINT('Ctrl Pts',(31.3569177888955,-12.7197455747802,-1.2867556614851));
#1374=CARTESIAN_POINT('Ctrl Pts',(32.2843418418132,-14.3875228914245,-0.392351209581387));
#1375=CARTESIAN_POINT('Ctrl Pts',(32.7997214955092,-15.1875106395598,0.0464066975160926));
#1376=CARTESIAN_POINT('Ctrl Pts',(28.2229061590672,0.00223973682271884,
-7.24663929885171));
#1377=CARTESIAN_POINT('Ctrl Pts',(28.3787665034939,-0.893966479858645,-6.80635632737124));
#1378=CARTESIAN_POINT('Ctrl Pts',(28.7222969358525,-2.71572993776058,-5.88854640933283));
#1379=CARTESIAN_POINT('Ctrl Pts',(29.4021523706442,-5.69661912169413,-4.32617359950949));
#1380=CARTESIAN_POINT('Ctrl Pts',(30.3404025880111,-9.06853797415488,-2.46411570342493));
#1381=CARTESIAN_POINT('Ctrl Pts',(31.5896266106847,-12.4264777921838,-0.523194033689572));
#1382=CARTESIAN_POINT('Ctrl Pts',(32.5035749453999,-14.0194861588941,0.408729071542241));
#1383=CARTESIAN_POINT('Ctrl Pts',(33.0146382953624,-14.7876105829276,0.880037026528407));
#1384=CARTESIAN_POINT('Ctrl Pts',(28.516390497518,0.00226086865643283,-6.40966833661707));
#1385=CARTESIAN_POINT('Ctrl Pts',(28.6642521797408,-0.886108912922215,-5.98350835785312));
#1386=CARTESIAN_POINT('Ctrl Pts',(28.9937436092142,-2.69480283501329,-5.08932237874993));
#1387=CARTESIAN_POINT('Ctrl Pts',(29.6584223010783,-5.6474589780366,-3.53987670334268));
#1388=CARTESIAN_POINT('Ctrl Pts',(30.5826865435007,-8.94367047211812,-1.67435838493292));
#1389=CARTESIAN_POINT('Ctrl Pts',(31.80343695501,-12.1489370419719,0.261259433484398));
#1390=CARTESIAN_POINT('Ctrl Pts',(32.6990817947601,-13.6805688181346,1.22280797280015));
#1391=CARTESIAN_POINT('Ctrl Pts',(33.203436507672,-14.4247340891777,1.72167497157677));
#1392=CARTESIAN_POINT('Ctrl Pts',(28.8121642159286,0.000961484833110725,
-5.54433412446458));
#1393=CARTESIAN_POINT('Ctrl Pts',(28.9509557867306,-0.881051067570136,-5.13043155993169));
#1394=CARTESIAN_POINT('Ctrl Pts',(29.2639628984945,-2.6783125656648,-4.25803289737007));
#1395=CARTESIAN_POINT('Ctrl Pts',(29.9103151737628,-5.605375487645,-2.71351316127748));
#1396=CARTESIAN_POINT('Ctrl Pts',(30.8140478122246,-8.82388158437509,-0.848735251030968));
#1397=CARTESIAN_POINT('Ctrl Pts',(31.9988238678309,-11.8850196597565,1.07257138978307));
#1398=CARTESIAN_POINT('Ctrl Pts',(32.8729287028752,-13.3680808893387,2.05674719822862));
#1399=CARTESIAN_POINT('Ctrl Pts',(33.3688113279022,-14.095111222445,2.5782444870363));
#1400=CARTESIAN_POINT('Ctrl Pts',(29.1089811303644,-0.000389947561891291,
-4.63957523430308));
#1401=CARTESIAN_POINT('Ctrl Pts',(29.2374113663122,-0.877089434662385,-4.2367148798346));
#1402=CARTESIAN_POINT('Ctrl Pts',(29.5320811355264,-2.66501914335178,-3.38194885439583));
#1403=CARTESIAN_POINT('Ctrl Pts',(30.1559887015274,-5.56738828903327,-1.83642480419685));
#1404=CARTESIAN_POINT('Ctrl Pts',(31.032838467596,-8.70560463735639,0.0214033255824664));
#1405=CARTESIAN_POINT('Ctrl Pts',(32.1747685755672,-11.632717809101,1.91644739097443));
#1406=CARTESIAN_POINT('Ctrl Pts',(33.0247968777156,-13.0810453024568,2.9129635500124));
#1407=CARTESIAN_POINT('Ctrl Pts',(33.5106286809197,-13.7976099489325,3.44968447466023));
#1408=CARTESIAN_POINT('Ctrl Pts',(29.4040369734341,-0.000647500478399675,
-3.68451755706709));
#1409=CARTESIAN_POINT('Ctrl Pts',(29.5207659467347,-0.873091289750053,-3.29166351363402));
#1410=CARTESIAN_POINT('Ctrl Pts',(29.7955212499284,-2.65499193375819,-2.44701638099592));
#1411=CARTESIAN_POINT('Ctrl Pts',(30.391113878051,-5.53143303547782,-0.902814832036103));
#1412=CARTESIAN_POINT('Ctrl Pts',(31.2347717154656,-8.58808354129616,0.937547847992645));
#1413=CARTESIAN_POINT('Ctrl Pts',(32.3278311534707,-11.3939562523628,2.78812921145125));
#1414=CARTESIAN_POINT('Ctrl Pts',(33.1527431856035,-12.8218309614445,3.78389436693156));
#1415=CARTESIAN_POINT('Ctrl Pts',(33.6276118831018,-13.5339881088626,4.32663247253561));
#1416=CARTESIAN_POINT('Ctrl Pts',(29.6929355580256,0.000454624520583784,
-2.66853848975658));
#1417=CARTESIAN_POINT('Ctrl Pts',(29.7967657336707,-0.869274038303921,-2.28393630099045));
#1418=CARTESIAN_POINT('Ctrl Pts',(30.0488742713365,-2.64830722171952,-1.44341911006122));
#1419=CARTESIAN_POINT('Ctrl Pts',(30.6099100048216,-5.49651785664103,0.0892050290019208));
#1420=CARTESIAN_POINT('Ctrl Pts',(31.414564401138,-8.47213819442519,1.89574644742912));
#1421=CARTESIAN_POINT('Ctrl Pts',(32.454894534274,-11.1720259281219,3.67832138916809));
#1422=CARTESIAN_POINT('Ctrl Pts',(33.2557370956566,-12.5931074177741,4.65930137817123));
#1423=CARTESIAN_POINT('Ctrl Pts',(33.7196408265912,-13.3058411925462,5.19820208925152));
#1424=CARTESIAN_POINT('Ctrl Pts',(29.97012164793,0.00159082349201218,-1.57780571654696));
#1425=CARTESIAN_POINT('Ctrl Pts',(30.0597368750911,-0.867461088160421,-1.1989173500643));
#1426=CARTESIAN_POINT('Ctrl Pts',(30.2844909996751,-2.64413280888623,-0.367319274136594));
#1427=CARTESIAN_POINT('Ctrl Pts',(30.8060185982953,-5.46236634515121,1.13920313353164));
#1428=CARTESIAN_POINT('Ctrl Pts',(31.5671867810077,-8.35930725886465,2.88903744128168));
#1429=CARTESIAN_POINT('Ctrl Pts',(32.5543440976989,-10.9702765515119,4.57746599952311));
#1430=CARTESIAN_POINT('Ctrl Pts',(33.3343491133606,-12.3964092272934,5.53090308893771));
#1431=CARTESIAN_POINT('Ctrl Pts',(33.7881908685447,-13.1131616775357,6.05716356766787));
#1432=CARTESIAN_POINT('Ctrl Pts',(30.2276199673883,0.00133461496951921,
-0.398812694184247));
#1433=CARTESIAN_POINT('Ctrl Pts',(30.3008240274857,-0.867807398558172,-0.0282552773002111));
#1434=CARTESIAN_POINT('Ctrl Pts',(30.4942079290639,-2.64179726943354,0.784138733175797));
#1435=CARTESIAN_POINT('Ctrl Pts',(30.9730030502721,-5.42853932406069,2.24481210607312));
#1436=CARTESIAN_POINT('Ctrl Pts',(31.6888526065144,-8.25096165316822,3.91119131214626));
#1437=CARTESIAN_POINT('Ctrl Pts',(32.6265806096517,-10.7904528249915,5.48334795043792));
#1438=CARTESIAN_POINT('Ctrl Pts',(33.3905985573298,-12.2302933497277,6.40227922748507));
#1439=CARTESIAN_POINT('Ctrl Pts',(33.8357325137463,-12.9527398128305,6.90975777418972));
#1440=CARTESIAN_POINT('Ctrl Pts',(30.4548739419289,3.69563478735227E-6,
0.878633363331129));
#1441=CARTESIAN_POINT('Ctrl Pts',(30.5098479502993,-0.869187315034699,1.23511415942512));
#1442=CARTESIAN_POINT('Ctrl Pts',(30.6696565743311,-2.63956772331299,2.01511673003353));
#1443=CARTESIAN_POINT('Ctrl Pts',(31.1050522600502,-5.39352468292428,3.40966828810402));
#1444=CARTESIAN_POINT('Ctrl Pts',(31.7769971542948,-8.1469893168126,4.96521516083802));
#1445=CARTESIAN_POINT('Ctrl Pts',(32.6721788595135,-10.63246427634,6.40526128399822));
#1446=CARTESIAN_POINT('Ctrl Pts',(33.4251111094003,-12.0921720052981,7.28091488589014));
#1447=CARTESIAN_POINT('Ctrl Pts',(33.862836476906,-12.8210377027322,7.76157617963511));
#1448=CARTESIAN_POINT('Ctrl Pts',(30.6390707568606,-0.000783608894678803,
2.26192633160457));
#1449=CARTESIAN_POINT('Ctrl Pts',(30.6750574623714,-0.869584030360142,2.59668348916808));
#1450=CARTESIAN_POINT('Ctrl Pts',(30.8013989597599,-2.63546395966484,3.33021025773722));
#1451=CARTESIAN_POINT('Ctrl Pts',(31.1947704892192,-5.35648267010222,4.63323133918659));
#1452=CARTESIAN_POINT('Ctrl Pts',(31.8276956248639,-8.04939011659115,6.04641702100155));
#1453=CARTESIAN_POINT('Ctrl Pts',(32.6897956572038,-10.4985341055664,7.33855245907709));
#1454=CARTESIAN_POINT('Ctrl Pts',(33.436984655882,-11.9811872224713,8.1593123767678));
#1455=CARTESIAN_POINT('Ctrl Pts',(33.8689502195762,-12.7160507645653,8.6047154258409));
#1456=CARTESIAN_POINT('Ctrl Pts',(30.7653191829858,-0.000378795512071136,
3.74381184604154));
#1457=CARTESIAN_POINT('Ctrl Pts',(30.7830852028564,-0.868578278212356,4.04912921592468));
#1458=CARTESIAN_POINT('Ctrl Pts',(30.8779360219304,-2.62976853063457,4.72310878479684));
#1459=CARTESIAN_POINT('Ctrl Pts',(31.2344746557205,-5.31947888979293,5.8954905478184));
#1460=CARTESIAN_POINT('Ctrl Pts',(31.83769880317,-7.96285361018236,7.13869330830324));
#1461=CARTESIAN_POINT('Ctrl Pts',(32.6793208394681,-10.3916879761426,8.27148901795192));
#1462=CARTESIAN_POINT('Ctrl Pts',(33.4263699233079,-11.8964452988231,9.02597758984894));
#1463=CARTESIAN_POINT('Ctrl Pts',(33.8545459624748,-12.6357451103655,9.42894684048524));
#1464=CARTESIAN_POINT('Ctrl Pts',(30.8195783671153,0.000279347717171671,
5.30884195898599));
#1465=CARTESIAN_POINT('Ctrl Pts',(30.821093967912,-0.867427896204138,5.57652543154861));
#1466=CARTESIAN_POINT('Ctrl Pts',(30.8889401756534,-2.62385518516686,6.16393949421662));
#1467=CARTESIAN_POINT('Ctrl Pts',(31.2199818451795,-5.28714742113803,7.17042899857064));
#1468=CARTESIAN_POINT('Ctrl Pts',(31.8065973771473,-7.8930897190303,8.22344012794237));
#1469=CARTESIAN_POINT('Ctrl Pts',(32.6428071720337,-10.314469120284,9.19366687230489));
#1470=CARTESIAN_POINT('Ctrl Pts',(33.3948114445213,-11.8365119546728,9.87189136493168));
#1471=CARTESIAN_POINT('Ctrl Pts',(33.8212497511831,-12.5777748060341,10.2279095031896));
#1472=CARTESIAN_POINT('Ctrl Pts',(30.7904183027796,0.00062670583308525,
6.92211963386439));
#1473=CARTESIAN_POINT('Ctrl Pts',(30.7795856203761,-0.867183450292236,7.13893516071714));
#1474=CARTESIAN_POINT('Ctrl Pts',(30.8299846993931,-2.6210718080844,7.61526946518085));
#1475=CARTESIAN_POINT('Ctrl Pts',(31.1514838949385,-5.26585046064657,8.43517896145032));
#1476=CARTESIAN_POINT('Ctrl Pts',(31.7368977389097,-7.84582049625311,9.29149735272961));
#1477=CARTESIAN_POINT('Ctrl Pts',(32.58437800164,-10.2700010917622,10.1104301741064));
#1478=CARTESIAN_POINT('Ctrl Pts',(33.3444868220383,-11.8004071648887,10.7036479777818));
#1479=CARTESIAN_POINT('Ctrl Pts',(33.770931226472,-12.5405492838114,11.0110619838655));
#1480=CARTESIAN_POINT('Ctrl Pts',(30.6734071774291,-0.000892153305458012,
8.54042101774436));
#1481=CARTESIAN_POINT('Ctrl Pts',(30.6563273368914,-0.871118405321812,8.70040026548093));
#1482=CARTESIAN_POINT('Ctrl Pts',(30.7015697244346,-2.62731993202935,9.05956143072773));
#1483=CARTESIAN_POINT('Ctrl Pts',(31.0306140080896,-5.26323534461466,9.69183839310941));
#1484=CARTESIAN_POINT('Ctrl Pts',(31.6311050812306,-7.82780775845929,10.356319245507));
#1485=CARTESIAN_POINT('Ctrl Pts',(32.5045260389006,-10.2577954133091,11.0358403973302));
#1486=CARTESIAN_POINT('Ctrl Pts',(33.2746651187808,-11.785349944248,11.5308938309782));
#1487=CARTESIAN_POINT('Ctrl Pts',(33.7024916601213,-12.5204338801656,11.7863648734546));
#1488=CARTESIAN_POINT('Ctrl Pts',(30.4674670222018,-0.0023970713227877,
10.1415659752799));
#1489=CARTESIAN_POINT('Ctrl Pts',(30.4498105001909,-0.878955894617117,10.247474329375));
#1490=CARTESIAN_POINT('Ctrl Pts',(30.5011512232546,-2.64536191641075,10.4914580502532));
#1491=CARTESIAN_POINT('Ctrl Pts',(30.8550897799871,-5.28277985834627,10.9363765185175));
#1492=CARTESIAN_POINT('Ctrl Pts',(31.4879974602335,-7.83898651326472,11.4195034485946));
#1493=CARTESIAN_POINT('Ctrl Pts',(32.3989316533596,-10.2689738404893,11.9581154608919));
#1494=CARTESIAN_POINT('Ctrl Pts',(33.1823683511538,-11.7840251164206,12.3450562748707));
#1495=CARTESIAN_POINT('Ctrl Pts',(33.6132105645799,-12.5102497135118,12.5457946866049));
#1496=CARTESIAN_POINT('Ctrl Pts',(30.1672209006809,-0.000482441433102725,
11.7137961460165));
#1497=CARTESIAN_POINT('Ctrl Pts',(30.154477089416,-0.889500364166975,11.7653094954036));
#1498=CARTESIAN_POINT('Ctrl Pts',(30.2244610167618,-2.6755742632674,11.89541036137));
#1499=CARTESIAN_POINT('Ctrl Pts',(30.6219699928463,-5.32057023864475,12.1570298427542));
#1500=CARTESIAN_POINT('Ctrl Pts',(31.3070601152949,-7.87514904741374,12.4815374144517));
#1501=CARTESIAN_POINT('Ctrl Pts',(32.2641469160725,-10.2928765952906,12.8585887094861));
#1502=CARTESIAN_POINT('Ctrl Pts',(33.0659316017331,-11.7890747678617,13.1354397045601));
#1503=CARTESIAN_POINT('Ctrl Pts',(33.501788997001,-12.5034434815443,13.2802385159976));
#1504=CARTESIAN_POINT('Ctrl Pts',(29.9007404167014,6.54380162416317E-11,
12.7420083747652));
#1505=CARTESIAN_POINT('Ctrl Pts',(29.895738888251,-0.899630166896617,12.7594437633474));
#1506=CARTESIAN_POINT('Ctrl Pts',(29.9874958931483,-2.70171622584477,12.8169752818793));
#1507=CARTESIAN_POINT('Ctrl Pts',(30.4287570811973,-5.35656949635148,12.9687585247553));
#1508=CARTESIAN_POINT('Ctrl Pts',(31.1595833152047,-7.9095589837606,13.18026424387));
#1509=CARTESIAN_POINT('Ctrl Pts',(32.1550914663901,-10.3145273458698,13.4424761551399));
#1510=CARTESIAN_POINT('Ctrl Pts',(32.9728106493106,-11.7949796094989,13.645403966514));
#1511=CARTESIAN_POINT('Ctrl Pts',(33.4135119790562,-12.5,13.7529306153744));
#1512=CARTESIAN_POINT('Ctrl Pts',(29.750694562255,-5.29177240340461E-15,
13.2650700357746));
#1513=CARTESIAN_POINT('Ctrl Pts',(29.750694562255,-0.905848638060399,13.2650700357746));
#1514=CARTESIAN_POINT('Ctrl Pts',(29.8558704644048,-2.71752013004976,13.2861078912774));
#1515=CARTESIAN_POINT('Ctrl Pts',(30.3225960276479,-5.3786245974033,13.3794648747524));
#1516=CARTESIAN_POINT('Ctrl Pts',(31.0792570437092,-7.9307324465732,13.5308163230891));
#1517=CARTESIAN_POINT('Ctrl Pts',(32.0962726365368,-10.3284507214538,13.734245308709));
#1518=CARTESIAN_POINT('Ctrl Pts',(32.9229252715912,-11.8000872362119,13.8995968610304));
#1519=CARTESIAN_POINT('Ctrl Pts',(33.3664302865967,-12.5,13.9883091442601));
#1520=CARTESIAN_POINT('',(29.750694562255,-5.29177240273545E-15,13.2650700357746));
#1521=CARTESIAN_POINT('Ctrl Pts',(27.3600388124212,-1.92260894704699E-8,
-9.67323447715774));
#1522=CARTESIAN_POINT('Ctrl Pts',(27.4547061693026,-0.000122491081470674,
-9.405474757303));
#1523=CARTESIAN_POINT('Ctrl Pts',(27.6447785899369,-4.20826696162312E-5,
-8.87050550207755));
#1524=CARTESIAN_POINT('Ctrl Pts',(27.9324041203774,0.00105840751825454,
-8.06408373014572));
#1525=CARTESIAN_POINT('Ctrl Pts',(28.2229061590672,0.00223973682272469,
-7.24663929885171));
#1526=CARTESIAN_POINT('Ctrl Pts',(28.516390497518,0.00226086865643248,-6.40966833661706));
#1527=CARTESIAN_POINT('Ctrl Pts',(28.8121642159286,0.000961484833109609,
-5.54433412446459));
#1528=CARTESIAN_POINT('Ctrl Pts',(29.1089811303644,-0.00038994756189314,
-4.63957523430309));
#1529=CARTESIAN_POINT('Ctrl Pts',(29.4040369734341,-0.000647500478398657,
-3.68451755706709));
#1530=CARTESIAN_POINT('Ctrl Pts',(29.6929355580256,0.000454624520590723,
-2.6685384897566));
#1531=CARTESIAN_POINT('Ctrl Pts',(29.97012164793,0.00159082349202337,-1.57780571654696));
#1532=CARTESIAN_POINT('Ctrl Pts',(30.2276199673883,0.00133461496950997,
-0.398812694184231));
#1533=CARTESIAN_POINT('Ctrl Pts',(30.4548739419289,3.69563479815245E-6,
0.878633363331123));
#1534=CARTESIAN_POINT('Ctrl Pts',(30.6390707568606,-0.000783608894688195,
2.26192633160458));
#1535=CARTESIAN_POINT('Ctrl Pts',(30.7653191829859,-0.000378795512061854,
3.74381184604154));
#1536=CARTESIAN_POINT('Ctrl Pts',(30.8195783671153,0.000279347717179118,
5.30884195898599));
#1537=CARTESIAN_POINT('Ctrl Pts',(30.7904183027796,0.000626705833087606,
6.92211963386437));
#1538=CARTESIAN_POINT('Ctrl Pts',(30.6734071774291,-0.000892153305447616,
8.54042101774435));
#1539=CARTESIAN_POINT('Ctrl Pts',(30.4674670222018,-0.00239707132276581,
10.1415659752798));
#1540=CARTESIAN_POINT('Ctrl Pts',(30.1672209006809,-0.000482441433108079,
11.7137961460165));
#1541=CARTESIAN_POINT('Ctrl Pts',(29.9007404167014,6.54483304344859E-11,
12.7420083747652));
#1542=CARTESIAN_POINT('Ctrl Pts',(29.750694562255,5.38838219790568E-15,
13.2650700357746));
#1543=CARTESIAN_POINT('',(33.3664302865967,-12.5,13.9883091442601));
#1544=CARTESIAN_POINT('Ctrl Pts',(33.3664302865967,-12.5,13.9883091442601));
#1545=CARTESIAN_POINT('Ctrl Pts',(32.0992731008666,-10.5002492463196,13.7348454778896));
#1546=CARTESIAN_POINT('Ctrl Pts',(30.3174461531182,-6.47159534508376,13.3784347688631));
#1547=CARTESIAN_POINT('Ctrl Pts',(29.7531621685618,-1.94039937931425,13.2655636197977));
#1548=CARTESIAN_POINT('Ctrl Pts',(29.7509157758414,2.63140052914057E-7,
13.2651142841182));
#1549=CARTESIAN_POINT('Ctrl Pts',(33.3664302865967,-12.5,13.9883091442601));
#1550=CARTESIAN_POINT('Ctrl Pts',(33.3814038954773,-12.5,13.9134506197187));
#1551=CARTESIAN_POINT('Ctrl Pts',(33.3960815190393,-12.5001927481055,13.8385288545439));
#1552=CARTESIAN_POINT('Ctrl Pts',(33.4104427737206,-12.5005050122558,13.7633891572329));
#1553=CARTESIAN_POINT('Ctrl Pts',(33.4252759579588,-12.5008275378133,13.6857802714813));
#1554=CARTESIAN_POINT('Ctrl Pts',(33.4397715582137,-12.5012776750264,13.6079390368828));
#1555=CARTESIAN_POINT('Ctrl Pts',(33.4539097912,-12.5018020569872,13.5297459043539));
#1556=CARTESIAN_POINT('Ctrl Pts',(33.4686008011772,-12.5023469412471,13.4484955747521));
#1557=CARTESIAN_POINT('Ctrl Pts',(33.4829058667111,-12.5029721118065,13.3668654702397));
#1558=CARTESIAN_POINT('Ctrl Pts',(33.4968069537397,-12.5036449394189,13.2847731402868));
#1559=CARTESIAN_POINT('Ctrl Pts',(33.5113788179071,-12.5043502333686,13.1987195619735));
#1560=CARTESIAN_POINT('Ctrl Pts',(33.5255066802698,-12.505108032998,13.1121583063706));
#1561=CARTESIAN_POINT('Ctrl Pts',(33.5391757118396,-12.5059081358426,13.0250470279294));
#1562=CARTESIAN_POINT('Ctrl Pts',(33.5537051488602,-12.5067586016441,12.9324524774358));
#1563=CARTESIAN_POINT('Ctrl Pts',(33.5677160606164,-12.5076570270611,12.8392368066833));
#1564=CARTESIAN_POINT('Ctrl Pts',(33.5811989168082,-12.5086190858115,12.7454030608004));
#1565=CARTESIAN_POINT('Ctrl Pts',(33.5958978692692,-12.5096679181684,12.6431059102295));
#1566=CARTESIAN_POINT('Ctrl Pts',(33.6099690601991,-12.5107925868534,12.5400746777526));
#1567=CARTESIAN_POINT('Ctrl Pts',(33.6234119756754,-12.5120428274905,12.4363691836558));
#1568=CARTESIAN_POINT('Ctrl Pts',(33.6390912752382,-12.5135010600822,12.3154110841188));
#1569=CARTESIAN_POINT('Ctrl Pts',(33.6539155483912,-12.515130400268,12.1935368156627));
#1570=CARTESIAN_POINT('Ctrl Pts',(33.667903872882,-12.517044844049,12.070902630679));
#1571=CARTESIAN_POINT('Ctrl Pts',(33.6836361691601,-12.5191979680197,11.9329792265384));
#1572=CARTESIAN_POINT('Ctrl Pts',(33.6983111948777,-12.521713129988,11.7940989826721));
#1573=CARTESIAN_POINT('Ctrl Pts',(33.7119818983067,-12.5247797045184,11.6545117383251));
#1574=CARTESIAN_POINT('Ctrl Pts',(33.7237063383584,-12.52740969861,11.534797175952));
#1575=CARTESIAN_POINT('Ctrl Pts',(33.7346929503622,-12.5304464570121,11.4145651912436));
#1576=CARTESIAN_POINT('Ctrl Pts',(33.7449838912022,-12.5340088209257,11.2939433060315));
#1577=CARTESIAN_POINT('Ctrl Pts',(33.7538673854458,-12.5370839760365,11.1898183441266));
#1578=CARTESIAN_POINT('Ctrl Pts',(33.7622328817352,-12.5405510815902,11.0854033821191));
#1579=CARTESIAN_POINT('Ctrl Pts',(33.7701069800123,-12.5444781396171,10.9807392760708));
#1580=CARTESIAN_POINT('Ctrl Pts',(33.7773584664245,-12.5480946817177,10.8843510527906));
#1581=CARTESIAN_POINT('Ctrl Pts',(33.7841934312667,-12.5521014375266,10.7877518776101));
#1582=CARTESIAN_POINT('Ctrl Pts',(33.7906280898064,-12.5565412560353,10.6909301061644));
#1583=CARTESIAN_POINT('Ctrl Pts',(33.7967012862741,-12.5607316711005,10.5995472244285));
#1584=CARTESIAN_POINT('Ctrl Pts',(33.8024180734623,-12.5653079276766,10.5079663072575));
#1585=CARTESIAN_POINT('Ctrl Pts',(33.8077849158149,-12.5702952226062,10.4161328523091));
#1586=CARTESIAN_POINT('Ctrl Pts',(33.8146095003052,-12.576637166973,10.2993555871766));
#1587=CARTESIAN_POINT('Ctrl Pts',(33.8208693019459,-12.5836442449475,10.1821702162501));
#1588=CARTESIAN_POINT('Ctrl Pts',(33.8265532442972,-12.5913412354772,10.064358800214));
#1589=CARTESIAN_POINT('Ctrl Pts',(33.8312244329758,-12.5976667913676,9.9675387906549));
#1590=CARTESIAN_POINT('Ctrl Pts',(33.8355058179418,-12.6044575528304,9.87029252071647));
#1591=CARTESIAN_POINT('Ctrl Pts',(33.839384566851,-12.6117282378342,9.77254292189382));
#1592=CARTESIAN_POINT('Ctrl Pts',(33.8434416324392,-12.6193331760815,9.67029950708941));
#1593=CARTESIAN_POINT('Ctrl Pts',(33.8470580254075,-12.6274632611822,9.56750567596864));
#1594=CARTESIAN_POINT('Ctrl Pts',(33.8502166405614,-12.6361379097934,9.46412981186517));
#1595=CARTESIAN_POINT('Ctrl Pts',(33.8536895174445,-12.6456756297001,9.35046871950984));
#1596=CARTESIAN_POINT('Ctrl Pts',(33.8566087706502,-12.655871755204,9.23610404008788));
#1597=CARTESIAN_POINT('Ctrl Pts',(33.8589519465028,-12.6667537437607,9.1210591557485));
#1598=CARTESIAN_POINT('Ctrl Pts',(33.861532941963,-12.6787401949836,8.99433784122243));
#1599=CARTESIAN_POINT('Ctrl Pts',(33.8634146614085,-12.6915589178402,8.86679178948306));
#1600=CARTESIAN_POINT('Ctrl Pts',(33.8645720385186,-12.7052467221304,8.73852379900602));
#1601=CARTESIAN_POINT('Ctrl Pts',(33.8658828913943,-12.7207496186872,8.59324663506088));
#1602=CARTESIAN_POINT('Ctrl Pts',(33.8662640727235,-12.73736749919,8.44704494111326));
#1603=CARTESIAN_POINT('Ctrl Pts',(33.865692313101,-12.7551517309267,8.30013951509744));
#1604=CARTESIAN_POINT('Ctrl Pts',(33.8649564671017,-12.7780397685927,8.11107445039507));
#1605=CARTESIAN_POINT('Ctrl Pts',(33.862640974462,-12.802859659836,7.9208507643656));
#1606=CARTESIAN_POINT('Ctrl Pts',(33.8587342304702,-12.8297152547292,7.72998755452382));
#1607=CARTESIAN_POINT('Ctrl Pts',(33.855993112643,-12.8485581454014,7.59607078184775));
#1608=CARTESIAN_POINT('Ctrl Pts',(33.8524697489401,-12.8684029394687,7.4618407864493));
#1609=CARTESIAN_POINT('Ctrl Pts',(33.8481695760107,-12.8892860719291,7.32744645751906));
#1610=CARTESIAN_POINT('Ctrl Pts',(33.8443346242134,-12.9079099290806,7.20759179545154));
#1611=CARTESIAN_POINT('Ctrl Pts',(33.8398821898342,-12.9273594779487,7.08760702600581));
#1612=CARTESIAN_POINT('Ctrl Pts',(33.8348174802623,-12.9476633143727,6.96755780422246));
#1613=CARTESIAN_POINT('Ctrl Pts',(33.8301023146954,-12.9665658692032,6.8557938523408));
#1614=CARTESIAN_POINT('Ctrl Pts',(33.8248567174191,-12.9862087543863,6.74397440250114));
#1615=CARTESIAN_POINT('Ctrl Pts',(33.8190822213707,-13.0066192038157,6.63210928675771));
#1616=CARTESIAN_POINT('Ctrl Pts',(33.8136026846477,-13.0259870943194,6.52595820368614));
#1617=CARTESIAN_POINT('Ctrl Pts',(33.8076471125988,-13.0460460417933,6.41976625593286));
#1618=CARTESIAN_POINT('Ctrl Pts',(33.8012111198266,-13.0668246381564,6.31349718752114));
#1619=CARTESIAN_POINT('Ctrl Pts',(33.7947327980478,-13.0877398936759,6.20652919599771));
#1620=CARTESIAN_POINT('Ctrl Pts',(33.7877680083357,-13.1093841594537,6.09948354901681));
#1621=CARTESIAN_POINT('Ctrl Pts',(33.7803024858901,-13.1317940464856,5.99226999716057));
#1622=CARTESIAN_POINT('Ctrl Pts',(33.7728365622596,-13.154205137788,5.88505068382385));
#1623=CARTESIAN_POINT('Ctrl Pts',(33.7648690647963,-13.1773833307192,5.77765540333053));
#1624=CARTESIAN_POINT('Ctrl Pts',(33.7563800145709,-13.20136113418,5.67001124977178));
#1625=CARTESIAN_POINT('Ctrl Pts',(33.7475304109286,-13.2263573412003,5.55779515160896));
#1626=CARTESIAN_POINT('Ctrl Pts',(33.7381138204701,-13.2522225692069,5.4453088508595));
#1627=CARTESIAN_POINT('Ctrl Pts',(33.7281074757014,-13.2789816710669,5.33252621609049));
#1628=CARTESIAN_POINT('Ctrl Pts',(33.7175687120542,-13.3071645746577,5.21374262839639));
#1629=CARTESIAN_POINT('Ctrl Pts',(33.7063755502822,-13.336339042024,5.09463067821495));
#1630=CARTESIAN_POINT('Ctrl Pts',(33.6945044757933,-13.366520393471,4.97521659043351));
#1631=CARTESIAN_POINT('Ctrl Pts',(33.6817890765012,-13.398848379887,4.84730922967631));
#1632=CARTESIAN_POINT('Ctrl Pts',(33.6682956442022,-13.4323315932657,4.71905572303042));
#1633=CARTESIAN_POINT('Ctrl Pts',(33.6540025995049,-13.4669729467236,4.59054533651794));
#1634=CARTESIAN_POINT('Ctrl Pts',(33.638021827473,-13.5057047623869,4.44686040205771));
#1635=CARTESIAN_POINT('Ctrl Pts',(33.6210410662319,-13.5458843839766,4.30285514143524));
#1636=CARTESIAN_POINT('Ctrl Pts',(33.6030445978196,-13.5874960337146,4.15871355184936));
#1637=CARTESIAN_POINT('Ctrl Pts',(33.58145334745,-13.6374195813354,3.98577978072669));
#1638=CARTESIAN_POINT('Ctrl Pts',(33.5583993603737,-13.6894041435665,3.81265231469092));
#1639=CARTESIAN_POINT('Ctrl Pts',(33.533885872242,-13.7433960347498,3.63970465388282));
#1640=CARTESIAN_POINT('Ctrl Pts',(33.5108043947083,-13.7942338680543,3.47686012004902));
#1641=CARTESIAN_POINT('Ctrl Pts',(33.4864297994098,-13.8468500109249,3.31417907234605));
#1642=CARTESIAN_POINT('Ctrl Pts',(33.4607864508623,-13.9011923642896,3.15196332138406));
#1643=CARTESIAN_POINT('Ctrl Pts',(33.4392253949849,-13.9468836871385,3.01557150561857));
#1644=CARTESIAN_POINT('Ctrl Pts',(33.4167681187646,-13.9937948034766,2.87950954454077));
#1645=CARTESIAN_POINT('Ctrl Pts',(33.3934343110892,-14.0419009074117,2.74392172483945));
#1646=CARTESIAN_POINT('Ctrl Pts',(33.3721292881155,-14.0858243709016,2.62012274381317));
#1647=CARTESIAN_POINT('Ctrl Pts',(33.350093931928,-14.1307437606588,2.49671947209902));
#1648=CARTESIAN_POINT('Ctrl Pts',(33.3273409056727,-14.1766511301681,2.37378142099429));
#1649=CARTESIAN_POINT('Ctrl Pts',(33.3059603393016,-14.2197893725143,2.25825897876306));
#1650=CARTESIAN_POINT('Ctrl Pts',(33.2839463808635,-14.2637997868644,2.14314759059541));
#1651=CARTESIAN_POINT('Ctrl Pts',(33.2613025164476,-14.3086893820517,2.02846284876915));
#1652=CARTESIAN_POINT('Ctrl Pts',(33.2397089482589,-14.3514968515202,1.9190975590233));
#1653=CARTESIAN_POINT('Ctrl Pts',(33.2175428181769,-14.3951036644759,1.81012043098227));
#1654=CARTESIAN_POINT('Ctrl Pts',(33.1947965077513,-14.4395313736827,1.70150235556898));
#1655=CARTESIAN_POINT('Ctrl Pts',(33.1653786460953,-14.496989844032,1.56102631984802));
#1656=CARTESIAN_POINT('Ctrl Pts',(33.1349916004654,-14.5558210034531,1.42115131792674));
#1657=CARTESIAN_POINT('Ctrl Pts',(33.1035828665663,-14.6161128993353,1.28171026638468));
#1658=CARTESIAN_POINT('Ctrl Pts',(33.0793098324908,-14.6627071761989,1.17394860345097));
#1659=CARTESIAN_POINT('Ctrl Pts',(33.0544253021054,-14.7101751683949,1.06644319814671));
#1660=CARTESIAN_POINT('Ctrl Pts',(33.0289073845024,-14.7585398449057,0.959158083837378));
#1661=CARTESIAN_POINT('Ctrl Pts',(33.0015106161956,-14.8104655489236,0.843973707696324));
#1662=CARTESIAN_POINT('Ctrl Pts',(32.9733835145864,-14.8634249131725,0.729043403518915));
#1663=CARTESIAN_POINT('Ctrl Pts',(32.9445088668226,-14.9174208714384,0.614377886257998));
#1664=CARTESIAN_POINT('Ctrl Pts',(32.9138717414663,-14.9747126852003,0.492713308559797));
#1665=CARTESIAN_POINT('Ctrl Pts',(32.8823927990184,-15.0331714215249,0.371347350916827));
#1666=CARTESIAN_POINT('Ctrl Pts',(32.8500660305352,-15.0927729181397,0.250347424539466));
#1667=CARTESIAN_POINT('Ctrl Pts',(32.8149868691983,-15.1574490554021,0.119045220876567));
#1668=CARTESIAN_POINT('Ctrl Pts',(32.778909104782,-15.2234706575224,-0.011825168054554));
#1669=CARTESIAN_POINT('Ctrl Pts',(32.7418458649313,-15.2907769669418,-0.142125395037986));
#1670=CARTESIAN_POINT('Ctrl Pts',(32.6984105475391,-15.3696548773434,-0.294827418339414));
#1671=CARTESIAN_POINT('Ctrl Pts',(32.6536212633585,-15.4502968354515,-0.446744792362399));
#1672=CARTESIAN_POINT('Ctrl Pts',(32.6075340784825,-15.5325689763896,-0.597604057735854));
#1673=CARTESIAN_POINT('Ctrl Pts',(32.557265735351,-15.6223050759575,-0.762149697413266));
#1674=CARTESIAN_POINT('Ctrl Pts',(32.5054539952274,-15.7139784350619,-0.925432049096631));
#1675=CARTESIAN_POINT('Ctrl Pts',(32.4522093980704,-15.8073960930214,-1.08709098865896));
#1676=CARTESIAN_POINT('Ctrl Pts',(32.408206217923,-15.8845996827119,-1.22069153819502));
#1677=CARTESIAN_POINT('Ctrl Pts',(32.363225766454,-15.9629934198053,-1.3531819585566));
#1678=CARTESIAN_POINT('Ctrl Pts',(32.3173384659366,-16.0424783739372,-1.4843917540541));
#1679=CARTESIAN_POINT('Ctrl Pts',(32.3077013515711,-16.0591715675804,-1.51194804502835));
#1680=CARTESIAN_POINT('Ctrl Pts',(32.2980242353402,-16.0759129628031,-1.53944801687001));
#1681=CARTESIAN_POINT('Ctrl Pts',(32.2883077487886,-16.0927017754615,-1.56689038133019));
#1682=CARTESIAN_POINT('Ctrl Pts',(27.3600388124212,-1.92260894704699E-8,
-9.67323447715774));
#1683=CARTESIAN_POINT('Ctrl Pts',(27.4547061693026,-0.000122491081470674,
-9.405474757303));
#1684=CARTESIAN_POINT('Ctrl Pts',(27.6447785899369,-4.20826696162312E-5,
-8.87050550207755));
#1685=CARTESIAN_POINT('Ctrl Pts',(27.9324041203774,0.00105840751825454,
-8.06408373014572));
#1686=CARTESIAN_POINT('Ctrl Pts',(28.2229061590672,0.00223973682272469,
-7.24663929885171));
#1687=CARTESIAN_POINT('Ctrl Pts',(28.516390497518,0.00226086865643248,-6.40966833661706));
#1688=CARTESIAN_POINT('Ctrl Pts',(28.8121642159286,0.000961484833109609,
-5.54433412446459));
#1689=CARTESIAN_POINT('Ctrl Pts',(29.1089811303644,-0.00038994756189314,
-4.63957523430309));
#1690=CARTESIAN_POINT('Ctrl Pts',(29.4040369734341,-0.000647500478398657,
-3.68451755706709));
#1691=CARTESIAN_POINT('Ctrl Pts',(29.6929355580256,0.000454624520590723,
-2.6685384897566));
#1692=CARTESIAN_POINT('Ctrl Pts',(29.97012164793,0.00159082349202337,-1.57780571654696));
#1693=CARTESIAN_POINT('Ctrl Pts',(30.2276199673883,0.00133461496950997,
-0.398812694184231));
#1694=CARTESIAN_POINT('Ctrl Pts',(30.4548739419289,3.69563479815245E-6,
0.878633363331123));
#1695=CARTESIAN_POINT('Ctrl Pts',(30.6390707568606,-0.000783608894688195,
2.26192633160458));
#1696=CARTESIAN_POINT('Ctrl Pts',(30.7653191829859,-0.000378795512061854,
3.74381184604154));
#1697=CARTESIAN_POINT('Ctrl Pts',(30.8195783671153,0.000279347717179118,
5.30884195898599));
#1698=CARTESIAN_POINT('Ctrl Pts',(30.7904183027796,0.000626705833087606,
6.92211963386437));
#1699=CARTESIAN_POINT('Ctrl Pts',(30.6734071774291,-0.000892153305447616,
8.54042101774435));
#1700=CARTESIAN_POINT('Ctrl Pts',(30.4674670222018,-0.00239707132276581,
10.1415659752798));
#1701=CARTESIAN_POINT('Ctrl Pts',(30.1672209006809,-0.000482441433108079,
11.7137961460165));
#1702=CARTESIAN_POINT('Ctrl Pts',(29.9007404167014,6.54483304344859E-11,
12.7420083747652));
#1703=CARTESIAN_POINT('Ctrl Pts',(29.750694562255,5.38838219790568E-15,
13.2650700357746));
#1704=CARTESIAN_POINT('Ctrl Pts',(27.5400411383735,0.93438871240617,-9.16411101525537));
#1705=CARTESIAN_POINT('Ctrl Pts',(27.6321295506325,0.92930143751842,-8.90530142948682));
#1706=CARTESIAN_POINT('Ctrl Pts',(27.8170309753346,0.920115991964652,-8.38707582550896));
#1707=CARTESIAN_POINT('Ctrl Pts',(28.0965792329287,0.90890745927578,-7.60311957897933));
#1708=CARTESIAN_POINT('Ctrl Pts',(28.3786398161471,0.899200288716401,-6.80561507455515));
#1709=CARTESIAN_POINT('Ctrl Pts',(28.663359859161,0.889863939533891,-5.98568699348717));
#1710=CARTESIAN_POINT('Ctrl Pts',(28.9502253812584,0.881481766750802,-5.1331250795762));
#1711=CARTESIAN_POINT('Ctrl Pts',(29.2375290695919,0.875537903972848,-4.23688768510958));
#1712=CARTESIAN_POINT('Ctrl Pts',(29.5214236802887,0.87220853558723,-3.2891178734153));
#1713=CARTESIAN_POINT('Ctrl Pts',(29.7971831159444,0.871266061820102,-2.28097077212564));
#1714=CARTESIAN_POINT('Ctrl Pts',(30.0593703745557,0.870969862616579,-1.1993321767385));
#1715=CARTESIAN_POINT('Ctrl Pts',(30.30031262292,0.869838607114294,-0.0313201193220569));
#1716=CARTESIAN_POINT('Ctrl Pts',(30.5099485034378,0.868516985296428,1.23395191509734));
#1717=CARTESIAN_POINT('Ctrl Pts',(30.6753875207976,0.86796882144951,2.5989931098586));
#1718=CARTESIAN_POINT('Ctrl Pts',(30.7829415434109,0.868131171256617,4.05106635351002));
#1719=CARTESIAN_POINT('Ctrl Pts',(30.8208568109465,0.868150848738063,5.57463659812097));
#1720=CARTESIAN_POINT('Ctrl Pts',(30.7798382684286,0.868355777856955,7.13781401286712));
#1721=CARTESIAN_POINT('Ctrl Pts',(30.6563068748647,0.868796576401104,8.7022494431606));
#1722=CARTESIAN_POINT('Ctrl Pts',(30.4494440033167,0.874322187612842,10.2469582361194));
#1723=CARTESIAN_POINT('Ctrl Pts',(30.1544447500806,0.888652767226492,11.7649985185226));
#1724=CARTESIAN_POINT('Ctrl Pts',(29.8957388881886,0.89963016702314,12.7594437635837));
#1725=CARTESIAN_POINT('Ctrl Pts',(29.750694562255,0.905848638060399,13.2650700357746));
#1726=CARTESIAN_POINT('Ctrl Pts',(27.914684540833,2.80398675080715,-8.14604046747592));
#1727=CARTESIAN_POINT('Ctrl Pts',(28.0033768040724,2.79104308231367,-7.90239060830997));
#1728=CARTESIAN_POINT('Ctrl Pts',(28.181080349289,2.76683747841788,-7.41304370962292));
#1729=CARTESIAN_POINT('Ctrl Pts',(28.4491163115,2.73604762424078,-6.66671388231386));
#1730=CARTESIAN_POINT('Ctrl Pts',(28.7195519575061,2.71077785064934,-5.89825537246742));
#1731=CARTESIAN_POINT('Ctrl Pts',(28.9922739620718,2.69028448145994,-5.09739331065415));
#1732=CARTESIAN_POINT('Ctrl Pts',(29.2651313755715,2.67402923748231,-4.25706762902566));
#1733=CARTESIAN_POINT('Ctrl Pts',(29.5346857436955,2.66152503417733,-3.37224371520458));
#1734=CARTESIAN_POINT('Ctrl Pts',(29.7970798450651,2.65287358318453,-2.43684394798219));
#1735=CARTESIAN_POINT('Ctrl Pts',(30.0479447475944,2.64764485804149,-1.44324574206028));
#1736=CARTESIAN_POINT('Ctrl Pts',(30.2826675016033,2.643941765855,-0.377029851346178));
#1737=CARTESIAN_POINT('Ctrl Pts',(30.4939749922173,2.64071316766352,0.776518369071574));
#1738=CARTESIAN_POINT('Ctrl Pts',(30.6708920892921,2.63734366647098,2.01886053897171));
#1739=CARTESIAN_POINT('Ctrl Pts',(30.8018026052378,2.63343182407134,3.33978877733843));
#1740=CARTESIAN_POINT('Ctrl Pts',(30.8769695297432,2.6290637083434,4.72330515235183));
#1741=CARTESIAN_POINT('Ctrl Pts',(30.8887543427424,2.62440444257837,6.15655719772124));
#1742=CARTESIAN_POINT('Ctrl Pts',(30.8309119941247,2.62151115900658,7.61558788922434));
#1743=CARTESIAN_POINT('Ctrl Pts',(30.7010594818392,2.62424828218753,9.0641189183896));
#1744=CARTESIAN_POINT('Ctrl Pts',(30.5001851866113,2.64106127520923,10.4894970972974));
#1745=CARTESIAN_POINT('Ctrl Pts',(30.2243900008553,2.67485809111609,11.8947389919298));
#1746=CARTESIAN_POINT('Ctrl Pts',(29.9874958929735,2.70171622596213,12.8169752825414));
#1747=CARTESIAN_POINT('Ctrl Pts',(29.8558704644048,2.71752013004978,13.2861078912774));
#1748=CARTESIAN_POINT('Ctrl Pts',(28.6186772584811,5.8916680256486,-6.51094456279014));
#1749=CARTESIAN_POINT('Ctrl Pts',(28.706277086442,5.86637128671598,-6.27871293231264));
#1750=CARTESIAN_POINT('Ctrl Pts',(28.8810891960447,5.81895081327719,-5.80868681116979));
#1751=CARTESIAN_POINT('Ctrl Pts',(29.1418626564008,5.75716140848505,-5.08276756912627));
#1752=CARTESIAN_POINT('Ctrl Pts',(29.4012570031606,5.70261534542627,-4.32889708291945));
#1753=CARTESIAN_POINT('Ctrl Pts',(29.6585916517176,5.65295909096775,-3.53908178102962));
#1754=CARTESIAN_POINT('Ctrl Pts',(29.9115691755956,5.60751114820217,-2.70772193920385));
#1755=CARTESIAN_POINT('Ctrl Pts',(30.1568829215857,5.56641998877589,-1.83043701471663));
#1756=CARTESIAN_POINT('Ctrl Pts',(30.3905362651783,5.52982218887226,-0.903238007572841));
#1757=CARTESIAN_POINT('Ctrl Pts',(30.6083092448078,5.496814468789,0.0800016458168307));
#1758=CARTESIAN_POINT('Ctrl Pts',(30.8053329724833,5.4639483026614,1.12942306764675));
#1759=CARTESIAN_POINT('Ctrl Pts',(30.973997989728,5.42908129512926,2.24590906346594));
#1760=CARTESIAN_POINT('Ctrl Pts',(31.1059678567231,5.39222269735063,3.42094828372809));
#1761=CARTESIAN_POINT('Ctrl Pts',(31.1940366114499,5.35483147039399,4.63973698036949));
#1762=CARTESIAN_POINT('Ctrl Pts',(31.2334871816125,5.31908217301396,5.88777275339506));
#1763=CARTESIAN_POINT('Ctrl Pts',(31.2207260169617,5.2875370249747,7.16203261032275));
#1764=CARTESIAN_POINT('Ctrl Pts',(31.1522921306469,5.26575102591327,8.44136686995853));
#1765=CARTESIAN_POINT('Ctrl Pts',(31.0290547393241,5.26004016885103,9.69602010500875));
#1766=CARTESIAN_POINT('Ctrl Pts',(30.8535939452797,5.2787380894695,10.9327436840176));
#1767=CARTESIAN_POINT('Ctrl Pts',(30.621871502577,5.31995390069517,12.1561057965713));
#1768=CARTESIAN_POINT('Ctrl Pts',(30.4287570809031,5.35656949645126,12.9687585259212));
#1769=CARTESIAN_POINT('Ctrl Pts',(30.3225960276479,5.3786245974033,13.3794648747524));
#1770=CARTESIAN_POINT('Ctrl Pts',(29.5654189747288,9.48136490527465,-4.64042966806409));
#1771=CARTESIAN_POINT('Ctrl Pts',(29.6543499128624,9.43177261294634,-4.41145569014448));
#1772=CARTESIAN_POINT('Ctrl Pts',(29.8301000684677,9.33569885876944,-3.94657601019309));
#1773=CARTESIAN_POINT('Ctrl Pts',(30.0870638168882,9.20055431423348,-3.22548361880226));
#1774=CARTESIAN_POINT('Ctrl Pts',(30.337958709649,9.07126254387873,-2.47237126525505));
#1775=CARTESIAN_POINT('Ctrl Pts',(30.58183495568,8.94505128369058,-1.67960494728972));
#1776=CARTESIAN_POINT('Ctrl Pts',(30.8153711622027,8.82167947429011,-0.845313344945089));
#1777=CARTESIAN_POINT('Ctrl Pts',(31.0343421699985,8.70187951514592,0.0288015002461178));
#1778=CARTESIAN_POINT('Ctrl Pts',(31.23459984825,8.5863944304483,0.939630642259648));
#1779=CARTESIAN_POINT('Ctrl Pts',(31.4130469091447,8.47408208227393,1.8882783363993));
#1780=CARTESIAN_POINT('Ctrl Pts',(31.5665238803716,8.36217690800584,2.88162097627139));
#1781=CARTESIAN_POINT('Ctrl Pts',(31.6896410012164,8.25156525043723,3.91499386839882));
#1782=CARTESIAN_POINT('Ctrl Pts',(31.7773784391836,8.14536172158657,4.97573117356158));
#1783=CARTESIAN_POINT('Ctrl Pts',(31.8267534610143,8.04778249003266,6.04848167920922));
#1784=CARTESIAN_POINT('Ctrl Pts',(31.8371817827476,7.96260522665321,7.12834907469055));
#1785=CARTESIAN_POINT('Ctrl Pts',(31.8075090145979,7.89362190120054,8.21871743808401));
#1786=CARTESIAN_POINT('Ctrl Pts',(31.7369289309462,7.84596317999865,9.30053898506084));
#1787=CARTESIAN_POINT('Ctrl Pts',(31.6287811396028,7.82432434645794,10.3586129081272));
#1788=CARTESIAN_POINT('Ctrl Pts',(31.4862795100262,7.83507606736879,11.4148584339294));
#1789=CARTESIAN_POINT('Ctrl Pts',(31.3069548796176,7.87460791870623,12.4806038389614));
#1790=CARTESIAN_POINT('Ctrl Pts',(31.1595833148521,7.90955898383392,13.1802642453682));
#1791=CARTESIAN_POINT('Ctrl Pts',(31.0792570437092,7.9307324465732,13.5308163230891));
#1792=CARTESIAN_POINT('Ctrl Pts',(30.8414496405619,13.3425638562295,-2.72868291981425));
#1793=CARTESIAN_POINT('Ctrl Pts',(30.9317935775621,13.2347397562358,-2.49608486993228));
#1794=CARTESIAN_POINT('Ctrl Pts',(31.1072767660967,13.0237325480586,-2.02372393208748));
#1795=CARTESIAN_POINT('Ctrl Pts',(31.3545181960401,12.7220355330818,-1.29350141904894));
#1796=CARTESIAN_POINT('Ctrl Pts',(31.5870897643789,12.4315900423525,-0.533648631509508));
#1797=CARTESIAN_POINT('Ctrl Pts',(31.803771884668,12.1508719056304,0.259741819128611));
#1798=CARTESIAN_POINT('Ctrl Pts',(32.0011399239993,11.8821602770764,1.0822461825392));
#1799=CARTESIAN_POINT('Ctrl Pts',(32.1760347856067,11.6287201118759,1.92653283844189));
#1800=CARTESIAN_POINT('Ctrl Pts',(32.326629099449,11.3931985279894,2.78618678685147));
#1801=CARTESIAN_POINT('Ctrl Pts',(32.4531053556316,11.1747170944653,3.66572184904617));
#1802=CARTESIAN_POINT('Ctrl Pts',(32.5543450119318,10.972504124034,4.57023857861291));
#1803=CARTESIAN_POINT('Ctrl Pts',(32.6277559534701,10.7896348889842,5.49116972722581));
#1804=CARTESIAN_POINT('Ctrl Pts',(32.6721949445064,10.630002063182,6.41655260822451));
#1805=CARTESIAN_POINT('Ctrl Pts',(32.6886094974918,10.4969661974561,7.33675997620007));
#1806=CARTESIAN_POINT('Ctrl Pts',(32.6790481568706,10.3917935006035,8.26043039505808));
#1807=CARTESIAN_POINT('Ctrl Pts',(32.6436157722097,10.3154515269723,9.19254659641586));
#1808=CARTESIAN_POINT('Ctrl Pts',(32.5837138577529,10.26978143787,10.1203371678148));
#1809=CARTESIAN_POINT('Ctrl Pts',(32.5018944721913,10.2537708377749,11.0357464998307));
#1810=CARTESIAN_POINT('Ctrl Pts',(32.3972793557399,10.26532503123,11.9533859597845));
#1811=CARTESIAN_POINT('Ctrl Pts',(32.2640497348327,10.2924429308088,12.8577943326519));
#1812=CARTESIAN_POINT('Ctrl Pts',(32.1550914660421,10.3145273459068,13.4424761567473));
#1813=CARTESIAN_POINT('Ctrl Pts',(32.0962726365369,10.3284507214538,13.734245308709));
#1814=CARTESIAN_POINT('Ctrl Pts',(31.7769507600113,15.1973392438905,-1.92255507513083));
#1815=CARTESIAN_POINT('Ctrl Pts',(31.8678412872646,15.055166074491,-1.67468673927938));
#1816=CARTESIAN_POINT('Ctrl Pts',(32.0422436027406,14.7788365571208,-1.17210818831429));
#1817=CARTESIAN_POINT('Ctrl Pts',(32.2816984497191,14.390390838583,-0.399844694052759));
#1818=CARTESIAN_POINT('Ctrl Pts',(32.5012285014732,14.024562589872,0.398389415484837));
#1819=CARTESIAN_POINT('Ctrl Pts',(32.6998798494332,13.6813470453945,1.22341443992409));
#1820=CARTESIAN_POINT('Ctrl Pts',(32.8751011989871,13.3644034903135,2.06738470651628));
#1821=CARTESIAN_POINT('Ctrl Pts',(33.0253909907772,13.0774931564824,2.92077018761205));
#1822=CARTESIAN_POINT('Ctrl Pts',(33.1511808521652,12.8223710735526,3.77787004709588));
#1823=CARTESIAN_POINT('Ctrl Pts',(33.2544537584877,12.596208406678,4.64661643713167));
#1824=CARTESIAN_POINT('Ctrl Pts',(33.3348818831294,12.3979489573839,5.52822822110425));
#1825=CARTESIAN_POINT('Ctrl Pts',(33.3914951888533,12.2288608897583,6.41296328079194));
#1826=CARTESIAN_POINT('Ctrl Pts',(33.4246038443716,12.0898263165136,7.28984068803415));
#1827=CARTESIAN_POINT('Ctrl Pts',(33.4358686529332,11.9801702556119,8.15349369544338));
#1828=CARTESIAN_POINT('Ctrl Pts',(33.426456344026,11.8968846451423,9.01586547388845));
#1829=CARTESIAN_POINT('Ctrl Pts',(33.3955281184206,11.8374820258211,9.87414708252102));
#1830=CARTESIAN_POINT('Ctrl Pts',(33.3434010508604,11.7994657168794,10.7126824350828));
#1831=CARTESIAN_POINT('Ctrl Pts',(33.272070643677,11.7810968217287,11.5294226986965));
#1832=CARTESIAN_POINT('Ctrl Pts',(33.1808764334666,11.7807275024386,12.3406884259646));
#1833=CARTESIAN_POINT('Ctrl Pts',(33.0658477638311,11.7887265907876,13.1347831650008));
#1834=CARTESIAN_POINT('Ctrl Pts',(32.9728106489893,11.7949796095105,13.6454039680797));
#1835=CARTESIAN_POINT('Ctrl Pts',(32.9229252715912,11.8000872362119,13.8995968610304));
#1836=CARTESIAN_POINT('Ctrl Pts',(32.2911251957269,16.0878217964467,-1.55892142707997));
#1837=CARTESIAN_POINT('Ctrl Pts',(32.383139525768,15.9280622699365,-1.29828551387692));
#1838=CARTESIAN_POINT('Ctrl Pts',(32.5587234666035,15.6193871336054,-0.770319310943656));
#1839=CARTESIAN_POINT('Ctrl Pts',(32.7969075018491,15.1908325070302,0.038081566655048));
#1840=CARTESIAN_POINT('Ctrl Pts',(33.0125040346059,14.7926169764854,0.869979396389149));
#1841=CARTESIAN_POINT('Ctrl Pts',(33.2045411009414,14.424871577169,1.72381402115161));
#1842=CARTESIAN_POINT('Ctrl Pts',(33.3708843576074,14.0911288138942,2.58944872023208));
#1843=CARTESIAN_POINT('Ctrl Pts',(33.5108593328085,13.7944814482851,3.45596550052505));
#1844=CARTESIAN_POINT('Ctrl Pts',(33.6259617769542,13.5351456863668,4.31867260896038));
#1845=CARTESIAN_POINT('Ctrl Pts',(33.7186619049541,13.3089247346103,5.18612528867288));
#1846=CARTESIAN_POINT('Ctrl Pts',(33.7889072367814,13.1141938619133,6.05702702746959));
#1847=CARTESIAN_POINT('Ctrl Pts',(33.8364216947239,12.9510124701975,6.92119250084931));
#1848=CARTESIAN_POINT('Ctrl Pts',(33.8621311767468,12.818807788393,7.76856593052675));
#1849=CARTESIAN_POINT('Ctrl Pts',(33.8679629697498,12.7152912231519,8.59727485242548));
#1850=CARTESIAN_POINT('Ctrl Pts',(33.8547929637937,12.6363117121366,9.41995734710968));
#1851=CARTESIAN_POINT('Ctrl Pts',(33.8218492433106,12.5786569298452,10.2318165216496));
#1852=CARTESIAN_POINT('Ctrl Pts',(33.7696238325064,12.539192110426,11.0192592989496));
#1853=CARTESIAN_POINT('Ctrl Pts',(33.6999367440467,12.516130482504,11.7843024499971));
#1854=CARTESIAN_POINT('Ctrl Pts',(33.6118036650966,12.5071447361305,12.5416247458068));
#1855=CARTESIAN_POINT('Ctrl Pts',(33.5017126742333,12.5031363651719,13.2796513215005));
#1856=CARTESIAN_POINT('Ctrl Pts',(33.4135119787483,12.5,13.7529306169134));
#1857=CARTESIAN_POINT('Ctrl Pts',(33.3664302865968,12.5,13.9883091442601));
#1858=CARTESIAN_POINT('',(32.2911251957269,16.0878217964467,-1.55892142707997));
#1859=CARTESIAN_POINT('Ctrl Pts',(27.3600388124212,-1.92260894704699E-8,
-9.67323447715774));
#1860=CARTESIAN_POINT('Ctrl Pts',(27.5400411383735,0.93438871240617,-9.16411101525537));
#1861=CARTESIAN_POINT('Ctrl Pts',(27.914684540833,2.80398675080715,-8.14604046747592));
#1862=CARTESIAN_POINT('Ctrl Pts',(28.6186772584811,5.8916680256486,-6.51094456279014));
#1863=CARTESIAN_POINT('Ctrl Pts',(29.5654189747288,9.48136490527465,-4.64042966806409));
#1864=CARTESIAN_POINT('Ctrl Pts',(30.8414496405619,13.3425638562295,-2.72868291981425));
#1865=CARTESIAN_POINT('Ctrl Pts',(31.7769507600113,15.1973392438905,-1.92255507513083));
#1866=CARTESIAN_POINT('Ctrl Pts',(32.2911251957269,16.0878217964467,-1.55892142707997));
#1867=CARTESIAN_POINT('',(33.3664302865968,12.5,13.9883091442601));
#1868=CARTESIAN_POINT('Ctrl Pts',(32.2911251957269,16.0878217964467,-1.55892142707996));
#1869=CARTESIAN_POINT('Ctrl Pts',(32.3312256940449,16.0181974605282,-1.44533444563552));
#1870=CARTESIAN_POINT('Ctrl Pts',(32.3705315964001,15.9495929187299,-1.33109774687064));
#1871=CARTESIAN_POINT('Ctrl Pts',(32.4090319745036,15.882053040045,-1.21628765376621));
#1872=CARTESIAN_POINT('Ctrl Pts',(32.4449865896476,15.8189791050707,-1.10906915577856));
#1873=CARTESIAN_POINT('Ctrl Pts',(32.4802388471504,15.7568337940352,-1.00135101399204));
#1874=CARTESIAN_POINT('Ctrl Pts',(32.5147940294157,15.6956303711407,-0.893159648439736));
#1875=CARTESIAN_POINT('Ctrl Pts',(32.5476298853812,15.6374721833666,-0.790351448248401));
#1876=CARTESIAN_POINT('Ctrl Pts',(32.5798364579125,15.5801645460596,-0.687116267292286));
#1877=CARTESIAN_POINT('Ctrl Pts',(32.6114293786336,15.5236959148347,-0.583438069166716));
#1878=CARTESIAN_POINT('Ctrl Pts',(32.6424644280636,15.4682244129503,-0.481590632139662));
#1879=CARTESIAN_POINT('Ctrl Pts',(32.6729074282779,15.4135626789832,-0.37931614113757));
#1880=CARTESIAN_POINT('Ctrl Pts',(32.7027822930372,15.3596755234457,-0.276555141137598));
#1881=CARTESIAN_POINT('Ctrl Pts',(32.731932243639,15.307095940755,-0.17628763874336));
#1882=CARTESIAN_POINT('Ctrl Pts',(32.7605435071324,15.2552497557643,-0.0755492617135042));
#1883=CARTESIAN_POINT('Ctrl Pts',(32.7886328606635,15.2041033166934,0.0257174634229038));
#1884=CARTESIAN_POINT('Ctrl Pts',(32.8180214720594,15.1505911267289,0.131668226193874));
#1885=CARTESIAN_POINT('Ctrl Pts',(32.8468384819054,15.0978450953602,0.23819723399135));
#1886=CARTESIAN_POINT('Ctrl Pts',(32.875084963795,15.0458516022093,0.345320876368984));
#1887=CARTESIAN_POINT('Ctrl Pts',(32.90502126084,14.9907476546998,0.458853074512828));
#1888=CARTESIAN_POINT('Ctrl Pts',(32.934316374248,14.93648921154,0.573053001605671));
#1889=CARTESIAN_POINT('Ctrl Pts',(32.9629567510797,14.883084212972,0.687887948248491));
#1890=CARTESIAN_POINT('Ctrl Pts',(32.9939812342837,14.8252336305296,0.812282082246532));
#1891=CARTESIAN_POINT('Ctrl Pts',(33.0242369721504,14.7683848266501,0.937421035776913));
#1892=CARTESIAN_POINT('Ctrl Pts',(33.0536964055532,14.712571023425,1.0632072664044));
#1893=CARTESIAN_POINT('Ctrl Pts',(33.087575884627,14.6483830075683,1.20786625933333));
#1894=CARTESIAN_POINT('Ctrl Pts',(33.1204013550452,14.5855644716591,1.35338069945523));
#1895=CARTESIAN_POINT('Ctrl Pts',(33.1521284573476,14.5241881416091,1.4995373284974));
#1896=CARTESIAN_POINT('Ctrl Pts',(33.1913004024666,14.4484097043156,1.67998997106946));
#1897=CARTESIAN_POINT('Ctrl Pts',(33.2287957061089,14.374831972897,1.86141785034886));
#1898=CARTESIAN_POINT('Ctrl Pts',(33.2645547238152,14.3036008053838,2.04335773025265));
#1899=CARTESIAN_POINT('Ctrl Pts',(33.2917183370964,14.2494914922089,2.18156467370746));
#1900=CARTESIAN_POINT('Ctrl Pts',(33.3178805755369,14.1967367611574,2.32006460190782));
#1901=CARTESIAN_POINT('Ctrl Pts',(33.3430336248336,14.1453881605788,2.45866750435983));
#1902=CARTESIAN_POINT('Ctrl Pts',(33.3661949864971,14.0981054834415,2.58629544773278));
#1903=CARTESIAN_POINT('Ctrl Pts',(33.388500817378,14.0520153224982,2.71400960615709));
#1904=CARTESIAN_POINT('Ctrl Pts',(33.4099589077016,14.0071413789048,2.84169489518966));
#1905=CARTESIAN_POINT('Ctrl Pts',(33.4307464327026,13.9636697460487,2.96539001893996));
#1906=CARTESIAN_POINT('Ctrl Pts',(33.4507385253777,13.9213397276035,3.08905703796299));
#1907=CARTESIAN_POINT('Ctrl Pts',(33.4699537047174,13.8801532233473,3.21263900399401));
#1908=CARTESIAN_POINT('Ctrl Pts',(33.4872779615082,13.8430197902714,3.32405954690892));
#1909=CARTESIAN_POINT('Ctrl Pts',(33.5039709373205,13.8068157681679,3.43541091939902));
#1910=CARTESIAN_POINT('Ctrl Pts',(33.5200526532709,13.7715261261677,3.54669654485753));
#1911=CARTESIAN_POINT('Ctrl Pts',(33.5353447497661,13.7379692213935,3.65251799626856));
#1912=CARTESIAN_POINT('Ctrl Pts',(33.5500843064212,13.7052390867032,3.7582797721784));
#1913=CARTESIAN_POINT('Ctrl Pts',(33.5642919039334,13.6733079218645,3.86403010310223));
#1914=CARTESIAN_POINT('Ctrl Pts',(33.5794351620013,13.6392738869653,3.97674476513978));
#1915=CARTESIAN_POINT('Ctrl Pts',(33.5939750831833,13.6061458432755,4.08945186435378));
#1916=CARTESIAN_POINT('Ctrl Pts',(33.607934609788,13.5738781660968,4.2022489400587));
#1917=CARTESIAN_POINT('Ctrl Pts',(33.6217289809303,13.5419922485075,4.31371151111179));
#1918=CARTESIAN_POINT('Ctrl Pts',(33.6349563760411,13.5109463929094,4.42526252176082));
#1919=CARTESIAN_POINT('Ctrl Pts',(33.6476258604434,13.4807121306777,4.53694046552357));
#1920=CARTESIAN_POINT('Ctrl Pts',(33.6610829170996,13.448598418163,4.6555606373259));
#1921=CARTESIAN_POINT('Ctrl Pts',(33.6739102421913,13.4174005280269,4.77432376518126));
#1922=CARTESIAN_POINT('Ctrl Pts',(33.6861086178448,13.3870996503298,4.89321479831196));
#1923=CARTESIAN_POINT('Ctrl Pts',(33.6993840248678,13.3541234167712,5.02260307926344));
#1924=CARTESIAN_POINT('Ctrl Pts',(33.7119141264953,13.3222098492694,5.15214244401422));
#1925=CARTESIAN_POINT('Ctrl Pts',(33.7236939499858,13.2913487343649,5.28174785918565));
#1926=CARTESIAN_POINT('Ctrl Pts',(33.7372526270911,13.2558273284255,5.4309247952264));
#1927=CARTESIAN_POINT('Ctrl Pts',(33.7498166628803,13.2217007015666,5.58018838101919));
#1928=CARTESIAN_POINT('Ctrl Pts',(33.7613796974767,13.1889652988207,5.72933414513321));
#1929=CARTESIAN_POINT('Ctrl Pts',(33.7759489168399,13.1477192695394,5.91725517367802));
#1930=CARTESIAN_POINT('Ctrl Pts',(33.7889272138758,13.1086835337076,6.10498442689382));
#1931=CARTESIAN_POINT('Ctrl Pts',(33.8003255858651,13.0718515501848,6.29204113403851));
#1932=CARTESIAN_POINT('Ctrl Pts',(33.8091723396005,13.0432647056674,6.43722367626514));
#1933=CARTESIAN_POINT('Ctrl Pts',(33.8170679960077,13.0160056102828,6.58199781897659));
#1934=CARTESIAN_POINT('Ctrl Pts',(33.8240328236342,12.9900604815669,6.72616022253265));
#1935=CARTESIAN_POINT('Ctrl Pts',(33.8300610827084,12.9676042247866,6.85093693833775));
#1936=CARTESIAN_POINT('Ctrl Pts',(33.8353923490615,12.9461322672277,6.97525461833322));
#1937=CARTESIAN_POINT('Ctrl Pts',(33.8400469599272,12.9256260719741,7.09902008011607));
#1938=CARTESIAN_POINT('Ctrl Pts',(33.8443368636085,12.9067266182822,7.21308802810359));
#1939=CARTESIAN_POINT('Ctrl Pts',(33.8480522076177,12.8886474716914,7.32668645626304));
#1940=CARTESIAN_POINT('Ctrl Pts',(33.8512119930426,12.871365905872,7.43978564233599));
#1941=CARTESIAN_POINT('Ctrl Pts',(33.8541952212729,12.855049970426,7.54656526162746));
#1942=CARTESIAN_POINT('Ctrl Pts',(33.856683416746,12.8394449283993,7.6528995558221));
#1943=CARTESIAN_POINT('Ctrl Pts',(33.8586927542337,12.8245246196314,7.75880901095272));
#1944=CARTESIAN_POINT('Ctrl Pts',(33.860607615498,12.8103058428032,7.85973875241591));
#1945=CARTESIAN_POINT('Ctrl Pts',(33.8620877428505,12.796708870718,7.96028245724671));
#1946=CARTESIAN_POINT('Ctrl Pts',(33.8631449996886,12.7837051751049,8.06050409509894));
#1947=CARTESIAN_POINT('Ctrl Pts',(33.8645436973929,12.7665019388173,8.19309228913281));
#1948=CARTESIAN_POINT('Ctrl Pts',(33.8652035581675,12.7503367022977,8.32512080108874));
#1949=CARTESIAN_POINT('Ctrl Pts',(33.8651378573314,12.7351317854474,8.4568425623026));
#1950=CARTESIAN_POINT('Ctrl Pts',(33.8650912846309,12.7243536267641,8.55021486143444));
#1951=CARTESIAN_POINT('Ctrl Pts',(33.8646794089294,12.7140580447803,8.64343257238454));
#1952=CARTESIAN_POINT('Ctrl Pts',(33.8639002622258,12.7042210402982,8.73652655739265));
#1953=CARTESIAN_POINT('Ctrl Pts',(33.8630623138469,12.6936416437349,8.83664628254461));
#1954=CARTESIAN_POINT('Ctrl Pts',(33.8617993400756,12.6835927326765,8.93662245596473));
#1955=CARTESIAN_POINT('Ctrl Pts',(33.8601062403806,12.6740474723051,9.03643265940801));
#1956=CARTESIAN_POINT('Ctrl Pts',(33.858194970073,12.6632722221644,9.14910427514802));
#1957=CARTESIAN_POINT('Ctrl Pts',(33.8557352445606,12.6531388662174,9.26156365460226));
#1958=CARTESIAN_POINT('Ctrl Pts',(33.8527211977466,12.6436111562813,9.37371230326277));
#1959=CARTESIAN_POINT('Ctrl Pts',(33.848156281148,12.6291809884976,9.54356674129042));
#1960=CARTESIAN_POINT('Ctrl Pts',(33.8423175639172,12.6161400545769,9.71270491665619));
#1961=CARTESIAN_POINT('Ctrl Pts',(33.8352108703307,12.6043664365635,9.88065327022013));
#1962=CARTESIAN_POINT('Ctrl Pts',(33.8304457850972,12.5964721475166,9.99326375634985));
#1963=CARTESIAN_POINT('Ctrl Pts',(33.8251114906858,12.5891475983042,10.105335775887));
#1964=CARTESIAN_POINT('Ctrl Pts',(33.8192194482796,12.582357563385,10.2167444637745));
#1965=CARTESIAN_POINT('Ctrl Pts',(33.8140530525886,12.5764037693133,10.3144323834051));
#1966=CARTESIAN_POINT('Ctrl Pts',(33.8084580573449,12.5708608672881,10.41160950763));
#1967=CARTESIAN_POINT('Ctrl Pts',(33.8024458551647,12.565707250583,10.5082280317716));
#1968=CARTESIAN_POINT('Ctrl Pts',(33.7968790817342,12.5609354522162,10.597688335495));
#1969=CARTESIAN_POINT('Ctrl Pts',(33.7909547880251,12.5564973214965,10.6866692788372));
#1970=CARTESIAN_POINT('Ctrl Pts',(33.7846828535369,12.5523786618869,10.7751745175124));
#1971=CARTESIAN_POINT('Ctrl Pts',(33.7787466894142,12.5484804962645,10.8589415950337));
#1972=CARTESIAN_POINT('Ctrl Pts',(33.7724992424506,12.5448684414956,10.9422822131049));
#1973=CARTESIAN_POINT('Ctrl Pts',(33.7659476592364,12.541534217325,11.0252437456056));
#1974=CARTESIAN_POINT('Ctrl Pts',(33.7592010726917,12.5381007522844,11.1106745705844));
#1975=CARTESIAN_POINT('Ctrl Pts',(33.7521321821944,12.5349617686675,11.1957024923761));
#1976=CARTESIAN_POINT('Ctrl Pts',(33.7447449235251,12.5321140236437,11.2804381826286));
#1977=CARTESIAN_POINT('Ctrl Pts',(33.737993680512,12.5295114589366,11.3578784432704));
#1978=CARTESIAN_POINT('Ctrl Pts',(33.7309767974689,12.5271536768167,11.4350827645785));
#1979=CARTESIAN_POINT('Ctrl Pts',(33.7236896710539,12.5250302352575,11.5121181950168));
#1980=CARTESIAN_POINT('Ctrl Pts',(33.7159431789844,12.5227729362535,11.5940097825896));
#1981=CARTESIAN_POINT('Ctrl Pts',(33.7078910937276,12.5207803356035,11.6757101584729));
#1982=CARTESIAN_POINT('Ctrl Pts',(33.6995199545941,12.5190240039228,11.7572418533191));
#1983=CARTESIAN_POINT('Ctrl Pts',(33.6903914580717,12.5171087726281,11.8461499195937));
#1984=CARTESIAN_POINT('Ctrl Pts',(33.6808832790404,12.5154742686169,11.9348568505475));
#1985=CARTESIAN_POINT('Ctrl Pts',(33.6709727593405,12.5140678937102,12.0233317262873));
#1986=CARTESIAN_POINT('Ctrl Pts',(33.6590382467698,12.512374299478,12.1298755351578));
#1987=CARTESIAN_POINT('Ctrl Pts',(33.6465196227784,12.5110109058889,12.2360818666893));
#1988=CARTESIAN_POINT('Ctrl Pts',(33.6333778296752,12.509870083535,12.3418229440164));
#1989=CARTESIAN_POINT('Ctrl Pts',(33.6182577072699,12.5085575249292,12.4634819915982));
#1990=CARTESIAN_POINT('Ctrl Pts',(33.6023112668427,12.5075369098102,12.5845194229555));
#1991=CARTESIAN_POINT('Ctrl Pts',(33.5854974579076,12.5066518584206,12.7047054414613));
#1992=CARTESIAN_POINT('Ctrl Pts',(33.5727446476581,12.5059805713567,12.7958632210316));
#1993=CARTESIAN_POINT('Ctrl Pts',(33.5594932240916,12.5053869954978,12.8865294928156));
#1994=CARTESIAN_POINT('Ctrl Pts',(33.5457380205421,12.504822455939,12.9766301741014));
#1995=CARTESIAN_POINT('Ctrl Pts',(33.5333852622791,12.5043154753861,13.0575444209352));
#1996=CARTESIAN_POINT('Ctrl Pts',(33.5206263200038,12.503831687855,13.1380018770879));
#1997=CARTESIAN_POINT('Ctrl Pts',(33.5074666730533,12.5033570347538,13.2179861485622));
#1998=CARTESIAN_POINT('Ctrl Pts',(33.4955036875121,12.5029255438326,13.2906971176914));
#1999=CARTESIAN_POINT('Ctrl Pts',(33.4832096605519,12.5025015369782,13.3630168555095));
#2000=CARTESIAN_POINT('Ctrl Pts',(33.4705953629458,12.5020947346734,13.4349707375158));
#2001=CARTESIAN_POINT('Ctrl Pts',(33.4584642948288,12.5017035161828,13.5041682046407));
#2002=CARTESIAN_POINT('Ctrl Pts',(33.4460370748676,12.5013280340542,13.5730269679298));
#2003=CARTESIAN_POINT('Ctrl Pts',(33.4333287581617,12.5009985354442,13.6416103031898));
#2004=CARTESIAN_POINT('Ctrl Pts',(33.4212320792461,12.5006848952524,13.7068927953399));
#2005=CARTESIAN_POINT('Ctrl Pts',(33.4088807735558,12.5004128372588,13.7719255968984));
#2006=CARTESIAN_POINT('Ctrl Pts',(33.3962920516544,12.5002301422372,13.8368040996152));
#2007=CARTESIAN_POINT('Ctrl Pts',(33.3864790698548,12.5000877304072,13.8873772691024));
#2008=CARTESIAN_POINT('Ctrl Pts',(33.3765219167032,12.5,13.9378574097442));
#2009=CARTESIAN_POINT('Ctrl Pts',(33.3664302865968,12.5,13.9883091442601));
#2010=CARTESIAN_POINT('Ctrl Pts',(29.7509157758414,2.63140052914057E-7,
13.2651142841182));
#2011=CARTESIAN_POINT('Ctrl Pts',(29.7501661774446,0.647491882855814,13.2649643453734));
#2012=CARTESIAN_POINT('Ctrl Pts',(29.8797047227639,3.88218215338522,13.2908753491562));
#2013=CARTESIAN_POINT('Ctrl Pts',(31.0141661330028,8.28423816615963,13.5177964854076));
#2014=CARTESIAN_POINT('Ctrl Pts',(32.7328516937317,11.5001246231598,13.8615773110748));
#2015=CARTESIAN_POINT('Ctrl Pts',(33.3664302865968,12.5,13.9883091442601));
#2016=CARTESIAN_POINT('Ctrl Pts',(27.3600388124212,-1.92260894704699E-8,
-9.67323447715774));
#2017=CARTESIAN_POINT('Ctrl Pts',(27.5400411383735,0.93438871240617,-9.16411101525537));
#2018=CARTESIAN_POINT('Ctrl Pts',(27.914684540833,2.80398675080715,-8.14604046747592));
#2019=CARTESIAN_POINT('Ctrl Pts',(28.6186772584811,5.8916680256486,-6.51094456279014));
#2020=CARTESIAN_POINT('Ctrl Pts',(29.5654189747288,9.48136490527465,-4.64042966806409));
#2021=CARTESIAN_POINT('Ctrl Pts',(30.8414496405619,13.3425638562295,-2.72868291981425));
#2022=CARTESIAN_POINT('Ctrl Pts',(31.7769507600113,15.1973392438905,-1.92255507513083));
#2023=CARTESIAN_POINT('Ctrl Pts',(32.2911251957269,16.0878217964467,-1.55892142707997));
#2024=CARTESIAN_POINT('Ctrl Pts',(27.3127404886851,0.246014224111465,-9.80701433861711));
#2025=CARTESIAN_POINT('Ctrl Pts',(27.4933764699643,1.16907509874521,-9.29775440596998));
#2026=CARTESIAN_POINT('Ctrl Pts',(27.8701146626798,3.02248575238409,-8.2798898492787));
#2027=CARTESIAN_POINT('Ctrl Pts',(28.5749947833549,6.09403801041311,-6.64998062808624));
#2028=CARTESIAN_POINT('Ctrl Pts',(29.5174879143045,9.66920459404843,-4.7992613395313));
#2029=CARTESIAN_POINT('Ctrl Pts',(30.7761991630362,13.5049752067991,-2.93669122361279));
#2030=CARTESIAN_POINT('Ctrl Pts',(31.6950808368933,15.3551349142121,-2.16404387329718));
#2031=CARTESIAN_POINT('Ctrl Pts',(32.1991108656857,16.2475813229569,-1.81955734028301));
#2032=CARTESIAN_POINT('Ctrl Pts',(27.2189240353313,0.737643768551517,-10.0750040739336));
#2033=CARTESIAN_POINT('Ctrl Pts',(27.4004929042136,1.63936796742931,-9.56542904637978));
#2034=CARTESIAN_POINT('Ctrl Pts',(27.7803779200403,3.4639266333933,-8.54791479276413));
#2035=CARTESIAN_POINT('Ctrl Pts',(28.4853156017222,6.504714562004,-6.92813023304435));
#2036=CARTESIAN_POINT('Ctrl Pts',(29.4167912207192,10.0529878298481,-5.1176418036927));
#2037=CARTESIAN_POINT('Ctrl Pts',(30.6383256617926,13.8381226293555,-3.35171234742177));
#2038=CARTESIAN_POINT('Ctrl Pts',(31.5230490627431,15.6803184554295,-2.64274538809585));
#2039=CARTESIAN_POINT('Ctrl Pts',(32.0066526592855,16.5779017876156,-2.3340552230224));
#2040=CARTESIAN_POINT('Ctrl Pts',(27.0781434244708,1.47856448038678,-10.4802978509591));
#2041=CARTESIAN_POINT('Ctrl Pts',(27.260079695036,2.35273238252095,-9.96999050402696));
#2042=CARTESIAN_POINT('Ctrl Pts',(27.6413289778005,4.14313633762159,-8.95222536131832));
#2043=CARTESIAN_POINT('Ctrl Pts',(28.3414793541523,7.14173825652292,-7.34664543106524));
#2044=CARTESIAN_POINT('Ctrl Pts',(29.2491533872598,10.6541456771084,-5.59701113176286));
#2045=CARTESIAN_POINT('Ctrl Pts',(30.4092215370899,14.3612036138395,-3.967245442621));
#2046=CARTESIAN_POINT('Ctrl Pts',(31.2418944559644,16.1930947079847,-3.34083766924048));
#2047=CARTESIAN_POINT('Ctrl Pts',(31.6954816119775,17.1001102012849,-3.07685533978185));
#2048=CARTESIAN_POINT('Ctrl Pts',(26.9345404362554,2.2292751124843,-10.890687851468));
#2049=CARTESIAN_POINT('Ctrl Pts',(27.115585123862,3.08186076848733,-10.3791727991031));
#2050=CARTESIAN_POINT('Ctrl Pts',(27.4950985515912,4.84129985271496,-9.35958759852496));
#2051=CARTESIAN_POINT('Ctrl Pts',(28.1856437300034,7.80367386193362,-7.76697962772779));
#2052=CARTESIAN_POINT('Ctrl Pts',(29.063125533565,11.2808467011519,-6.07680076555372));
#2053=CARTESIAN_POINT('Ctrl Pts',(30.1585400368088,14.9051924276386,-4.57091811715352));
#2054=CARTESIAN_POINT('Ctrl Pts',(30.9407127915454,16.7264427936749,-4.0117126391218));
#2055=CARTESIAN_POINT('Ctrl Pts',(31.3661606389849,17.6428576178848,-3.78256189571394));
#2056=CARTESIAN_POINT('Ctrl Pts',(26.7845527232244,2.9973701046491,-11.308045267802));
#2057=CARTESIAN_POINT('Ctrl Pts',(26.9633273177009,3.83219715286008,-10.7944503682764));
#2058=CARTESIAN_POINT('Ctrl Pts',(27.3385051580818,5.5617598925365,-9.77104370360111));
#2059=CARTESIAN_POINT('Ctrl Pts',(28.0143467837337,8.49508127158987,-8.19002448454301));
#2060=CARTESIAN_POINT('Ctrl Pts',(28.8566875178923,11.9331884508647,-6.55622084436224));
#2061=CARTESIAN_POINT('Ctrl Pts',(29.8868013012304,15.4686473525076,-5.15980484230788));
#2062=CARTESIAN_POINT('Ctrl Pts',(30.6220376848268,17.2781147246878,-4.65195993532025));
#2063=CARTESIAN_POINT('Ctrl Pts',(31.0219871320801,18.2031152205742,-4.4483956246487));
#2064=CARTESIAN_POINT('Ctrl Pts',(26.6234834628039,3.78994473822069,-11.7348581283165));
#2065=CARTESIAN_POINT('Ctrl Pts',(26.7986426576407,4.60896671933567,-11.2180923885809));
#2066=CARTESIAN_POINT('Ctrl Pts',(27.1670539496969,6.31026536470748,-10.1889870386857));
#2067=CARTESIAN_POINT('Ctrl Pts',(27.8225575453006,9.2214777396515,-8.61858346223092));
#2068=CARTESIAN_POINT('Ctrl Pts',(28.6257060254381,12.6142007155873,-7.03830052030877));
#2069=CARTESIAN_POINT('Ctrl Pts',(29.5909812203546,16.0555254398924,-5.73783607561761));
#2070=CARTESIAN_POINT('Ctrl Pts',(30.283579894361,17.8529645626311,-5.2670372216489));
#2071=CARTESIAN_POINT('Ctrl Pts',(30.6608548170506,18.7854294627333,-5.08101317883655));
#2072=CARTESIAN_POINT('Ctrl Pts',(26.444713586265,4.61503665560981,-12.1752618181073));
#2073=CARTESIAN_POINT('Ctrl Pts',(26.6149099333408,5.41939511752095,-11.6542690614606));
#2074=CARTESIAN_POINT('Ctrl Pts',(26.9736583560169,7.09633734527636,-10.6182612342896));
#2075=CARTESIAN_POINT('Ctrl Pts',(27.6028561100551,9.98954362146183,-9.05777427627759));
#2076=CARTESIAN_POINT('Ctrl Pts',(28.3637007007517,13.3286868340038,-7.52805833901197));
#2077=CARTESIAN_POINT('Ctrl Pts',(29.2669615792265,16.6691872432179,-6.30807280553412));
#2078=CARTESIAN_POINT('Ctrl Pts',(29.9236524131842,18.4523850552073,-5.85839759243891));
#2079=CARTESIAN_POINT('Ctrl Pts',(30.2823539769999,19.3891457361023,-5.68125528950359));
#2080=CARTESIAN_POINT('Ctrl Pts',(26.2404492991372,5.48014204323183,-12.6324947420741));
#2081=CARTESIAN_POINT('Ctrl Pts',(26.404383100178,6.27082467384299,-12.1061252832658));
#2082=CARTESIAN_POINT('Ctrl Pts',(26.7495657853822,7.93074151664946,-11.0622794336818));
#2083=CARTESIAN_POINT('Ctrl Pts',(27.348306409602,10.8017301343224,-9.50917401199452));
#2084=CARTESIAN_POINT('Ctrl Pts',(28.0661783214018,14.0762482607146,-8.02458766506716));
#2085=CARTESIAN_POINT('Ctrl Pts',(28.9146744542402,17.3057170476709,-6.86573579855818));
#2086=CARTESIAN_POINT('Ctrl Pts',(29.5448848798183,19.0708248327503,-6.42066995635733));
#2087=CARTESIAN_POINT('Ctrl Pts',(29.8903416607544,20.0071299956371,-6.24396403080396));
#2088=CARTESIAN_POINT('Ctrl Pts',(26.0019428398232,6.39253225090001,-13.1082424088681));
#2089=CARTESIAN_POINT('Ctrl Pts',(26.1582338149834,7.17139614497108,-12.5752586720143));
#2090=CARTESIAN_POINT('Ctrl Pts',(26.4856633043465,8.81996961604321,-11.5217016597419));
#2091=CARTESIAN_POINT('Ctrl Pts',(27.052914726245,11.6574143681198,-9.97149690520272));
#2092=CARTESIAN_POINT('Ctrl Pts',(27.7308358716817,14.8525431419987,-8.52341126165955));
#2093=CARTESIAN_POINT('Ctrl Pts',(28.5368542244604,17.9582707896982,-7.40357012755313));
#2094=CARTESIAN_POINT('Ctrl Pts',(29.1520155189084,19.700961669264,-6.94777607985997));
#2095=CARTESIAN_POINT('Ctrl Pts',(29.4903102510131,20.6312566130371,-6.76415127381893));
#2096=CARTESIAN_POINT('Ctrl Pts',(25.7184268976345,7.36256046063631,-13.6034144758859));
#2097=CARTESIAN_POINT('Ctrl Pts',(25.8653702428819,8.13231716057178,-13.06237770588));
#2098=CARTESIAN_POINT('Ctrl Pts',(26.1735272037693,9.76453093434497,-11.9948807878946));
#2099=CARTESIAN_POINT('Ctrl Pts',(26.7115060114743,12.5542701461184,-10.4418273419102));
#2100=CARTESIAN_POINT('Ctrl Pts',(27.3572078408214,15.6512046570294,-9.01858121173875));
#2101=CARTESIAN_POINT('Ctrl Pts',(28.1376280013401,18.620253213553,-7.91489364752652));
#2102=CARTESIAN_POINT('Ctrl Pts',(28.7498666738056,20.3369657215379,-7.43597144415754));
#2103=CARTESIAN_POINT('Ctrl Pts',(29.0868951805469,21.2560446544434,-7.2401087318854));
#2104=CARTESIAN_POINT('Ctrl Pts',(25.3773001537451,8.39966569580653,-14.1175888260049));
#2105=CARTESIAN_POINT('Ctrl Pts',(25.5145207839932,9.15792775890266,-13.5659652068149));
#2106=CARTESIAN_POINT('Ctrl Pts',(25.8048145924766,10.7640647504357,-12.4794685903795));
#2107=CARTESIAN_POINT('Ctrl Pts',(26.3197056371538,13.488286837376,-10.916700537446));
#2108=CARTESIAN_POINT('Ctrl Pts',(26.9454713942735,16.4667388900742,-9.50511680488458));
#2109=CARTESIAN_POINT('Ctrl Pts',(27.7188776126297,19.2908437473681,-8.39773237434552));
#2110=CARTESIAN_POINT('Ctrl Pts',(28.3380170395157,20.9816212332938,-7.8885794460259));
#2111=CARTESIAN_POINT('Ctrl Pts',(28.6782866548806,21.8856980644964,-7.67770205219445));
#2112=CARTESIAN_POINT('Ctrl Pts',(24.9648688261793,9.50896406274326,-14.6494460362143));
#2113=CARTESIAN_POINT('Ctrl Pts',(25.093547673638,10.2504945490052,-14.0844964755648));
#2114=CARTESIAN_POINT('Ctrl Pts',(25.3700895933795,11.8186869614842,-12.974322289237));
#2115=CARTESIAN_POINT('Ctrl Pts',(25.8705203224962,14.4599999274661,-11.3958238600164));
#2116=CARTESIAN_POINT('Ctrl Pts',(26.492039352242,17.3008047269782,-9.98290288325492));
#2117=CARTESIAN_POINT('Ctrl Pts',(27.2766746789028,19.9777516358862,-8.85552915055787));
#2118=CARTESIAN_POINT('Ctrl Pts',(27.9127124839568,21.6399264848426,-8.31050297832314));
#2119=CARTESIAN_POINT('Ctrl Pts',(28.2613031228792,22.5231780624894,-8.08195277507355));
#2120=CARTESIAN_POINT('Ctrl Pts',(24.4665028927099,10.6919847316968,-15.196732070357));
#2121=CARTESIAN_POINT('Ctrl Pts',(24.5894868558349,11.410101484535,-14.6159095114719));
#2122=CARTESIAN_POINT('Ctrl Pts',(24.8587492301711,12.9284351969001,-13.4781414625495));
#2123=CARTESIAN_POINT('Ctrl Pts',(25.3577992559831,15.4664133880157,-11.876216465629));
#2124=CARTESIAN_POINT('Ctrl Pts',(25.9964301748636,18.1494381338968,-10.4468924049868));
#2125=CARTESIAN_POINT('Ctrl Pts',(26.8127353584379,20.6779011323835,-9.28428437423463));
#2126=CARTESIAN_POINT('Ctrl Pts',(27.4764880147203,22.3050702360722,-8.69951808198282));
#2127=CARTESIAN_POINT('Ctrl Pts',(27.8386311416839,23.1608697877375,-8.45160271336188));
#2128=CARTESIAN_POINT('Ctrl Pts',(23.8730255294373,11.938181559488,-15.7505385147016));
#2129=CARTESIAN_POINT('Ctrl Pts',(23.9945301607324,12.6267004981642,-15.1518040443927));
#2130=CARTESIAN_POINT('Ctrl Pts',(24.2642673290893,14.0849787113857,-13.9831711863408));
#2131=CARTESIAN_POINT('Ctrl Pts',(24.7851692979159,16.4900034285876,-12.3458997186263));
#2132=CARTESIAN_POINT('Ctrl Pts',(25.4648812442504,19.0008974004001,-10.88635680608));
#2133=CARTESIAN_POINT('Ctrl Pts',(26.3333720160696,21.3831937555572,-9.67756485074553));
#2134=CARTESIAN_POINT('Ctrl Pts',(27.0346296232066,22.9672642450577,-9.0525941450265));
#2135=CARTESIAN_POINT('Ctrl Pts',(27.4148989381088,23.7895409387062,-8.78512557914916));
#2136=CARTESIAN_POINT('Ctrl Pts',(23.1802892625113,13.231357498779,-16.2983306146197));
#2137=CARTESIAN_POINT('Ctrl Pts',(23.3058505701091,13.884211277608,-15.6797929023056));
#2138=CARTESIAN_POINT('Ctrl Pts',(23.5925163175193,15.2616320091988,-14.4734637232785));
#2139=CARTESIAN_POINT('Ctrl Pts',(24.1627469213298,17.5106368630038,-12.790445759417));
#2140=CARTESIAN_POINT('Ctrl Pts',(24.9074697395129,19.842729312593,-11.2902397054086));
#2141=CARTESIAN_POINT('Ctrl Pts',(25.8459339920523,22.086998801597,-10.0307936933439));
#2142=CARTESIAN_POINT('Ctrl Pts',(26.592262052033,23.6188731270078,-9.36862396504535));
#2143=CARTESIAN_POINT('Ctrl Pts',(26.9937829037787,24.4032942778792,-9.08308303817953));
#2144=CARTESIAN_POINT('Ctrl Pts',(22.3953825534231,14.540001737263,-16.8226272699964));
#2145=CARTESIAN_POINT('Ctrl Pts',(22.5346627127199,15.1478088260346,-16.1812285119005));
#2146=CARTESIAN_POINT('Ctrl Pts',(22.8584197598865,16.4282272969179,-14.9317211202738));
#2147=CARTESIAN_POINT('Ctrl Pts',(23.5033085496784,18.5128787453588,-13.1971277328584));
#2148=CARTESIAN_POINT('Ctrl Pts',(24.3322542602501,20.6710392182611,-11.6519972152569));
#2149=CARTESIAN_POINT('Ctrl Pts',(25.3522398431944,22.7964318376071,-10.3451456796088));
#2150=CARTESIAN_POINT('Ctrl Pts',(26.1478084892866,24.2654196933021,-9.65163235308019));
#2151=CARTESIAN_POINT('Ctrl Pts',(26.5719231023541,25.0095971306695,-9.35080799759127));
#2152=CARTESIAN_POINT('Ctrl Pts',(21.535437158932,15.8283205093243,-17.3056613486623));
#2153=CARTESIAN_POINT('Ctrl Pts',(21.6970016986632,16.3891256192409,-16.640399491664));
#2154=CARTESIAN_POINT('Ctrl Pts',(22.0723652044231,17.5735405984272,-15.3475148049352));
#2155=CARTESIAN_POINT('Ctrl Pts',(22.8094337947703,19.5027371836866,-13.5611708334175));
#2156=CARTESIAN_POINT('Ctrl Pts',(23.7369320349085,21.5009165721668,-11.9717740490745));
#2157=CARTESIAN_POINT('Ctrl Pts',(24.845930508032,23.5228720032785,-10.6259390735886));
#2158=CARTESIAN_POINT('Ctrl Pts',(25.6953096617999,24.9131787020942,-9.90676087448346));
#2159=CARTESIAN_POINT('Ctrl Pts',(26.143602031616,25.6128147844572,-9.59340373251011));
#2160=CARTESIAN_POINT('Ctrl Pts',(20.6094678325233,17.0769525482481,-17.7410664557838));
#2161=CARTESIAN_POINT('Ctrl Pts',(20.7978691237556,17.5966087703111,-17.0523385944966));
#2162=CARTESIAN_POINT('Ctrl Pts',(21.2355555274003,18.6938444450924,-15.715604273802));
#2163=CARTESIAN_POINT('Ctrl Pts',(22.0821247287001,20.4780010824961,-13.8773159335743));
#2164=CARTESIAN_POINT('Ctrl Pts',(23.1197128797074,22.3332806022294,-12.2495797903356));
#2165=CARTESIAN_POINT('Ctrl Pts',(24.326397492629,24.2510131772047,-10.8744592777096));
#2166=CARTESIAN_POINT('Ctrl Pts',(25.2342133930331,25.550633356095,-10.1357209608085));
#2167=CARTESIAN_POINT('Ctrl Pts',(25.708262561404,26.2020213128702,-9.81277482987347));
#2168=CARTESIAN_POINT('Ctrl Pts',(19.6175536243349,18.2730422015469,-18.1251690917257));
#2169=CARTESIAN_POINT('Ctrl Pts',(19.8392875243587,18.7559328152237,-17.4104526240707));
#2170=CARTESIAN_POINT('Ctrl Pts',(20.3518724509742,19.7753992961769,-16.0284870877661));
#2171=CARTESIAN_POINT('Ctrl Pts',(21.3233458953228,21.4262596504866,-14.1434509392129));
#2172=CARTESIAN_POINT('Ctrl Pts',(22.478723378138,23.1662768566076,-12.4887698460932));
#2173=CARTESIAN_POINT('Ctrl Pts',(23.7964898557675,24.9592888789475,-11.0915623765122));
#2174=CARTESIAN_POINT('Ctrl Pts',(24.7660501616712,26.1648911535578,-10.3401702720261));
#2175=CARTESIAN_POINT('Ctrl Pts',(25.2672263296712,26.7661244346938,-10.0106220752607));
#2176=CARTESIAN_POINT('Ctrl Pts',(18.9106433991026,19.0354064602509,-18.3426803105763));
#2177=CARTESIAN_POINT('Ctrl Pts',(19.1579571971991,19.498013661925,-17.6115894085532));
#2178=CARTESIAN_POINT('Ctrl Pts',(19.7275181857523,20.4725189445123,-16.2026241429981));
#2179=CARTESIAN_POINT('Ctrl Pts',(20.790074661739,22.0512572084629,-14.2935524573459));
#2180=CARTESIAN_POINT('Ctrl Pts',(22.036376356992,23.7114170055754,-12.6240619648782));
#2181=CARTESIAN_POINT('Ctrl Pts',(23.4366131710475,25.4153747593752,-11.2171045302323));
#2182=CARTESIAN_POINT('Ctrl Pts',(24.4497544948263,26.5573459460762,-10.4614394392325));
#2183=CARTESIAN_POINT('Ctrl Pts',(24.9698389121399,27.1248707958448,-10.1293835147453));
#2184=CARTESIAN_POINT('Ctrl Pts',(18.539031558795,19.4191700108913,-18.4463019046879));
#2185=CARTESIAN_POINT('Ctrl Pts',(18.8005275362093,19.8720943297477,-17.7066795891573));
#2186=CARTESIAN_POINT('Ctrl Pts',(19.401241292947,20.8254690795468,-16.2840490246839));
#2187=CARTESIAN_POINT('Ctrl Pts',(20.5143650492969,22.3669790325987,-14.3624018597835));
#2188=CARTESIAN_POINT('Ctrl Pts',(21.8102982174877,23.9850401132431,-12.6857584311853));
#2189=CARTESIAN_POINT('Ctrl Pts',(23.2540755162591,25.6435854292451,-11.2752650644627));
#2190=CARTESIAN_POINT('Ctrl Pts',(24.2898301141499,26.7530467200445,-10.5184838522259));
#2191=CARTESIAN_POINT('Ctrl Pts',(24.8196456679091,27.3034652455116,-10.1856485021475));
#2192=CARTESIAN_POINT('',(18.539031558795,19.4191700108913,-18.4463019046879));
#2193=CARTESIAN_POINT('Ctrl Pts',(27.3600388124212,-1.92260894704699E-8,
-9.67323447715774));
#2194=CARTESIAN_POINT('Ctrl Pts',(27.3127404886851,0.246014224111465,-9.80701433861711));
#2195=CARTESIAN_POINT('Ctrl Pts',(27.2189240353313,0.737643768551517,-10.0750040739336));
#2196=CARTESIAN_POINT('Ctrl Pts',(27.0781434244708,1.47856448038678,-10.4802978509591));
#2197=CARTESIAN_POINT('Ctrl Pts',(26.9345404362554,2.2292751124843,-10.890687851468));
#2198=CARTESIAN_POINT('Ctrl Pts',(26.7845527232244,2.9973701046491,-11.308045267802));
#2199=CARTESIAN_POINT('Ctrl Pts',(26.6234834628039,3.78994473822069,-11.7348581283165));
#2200=CARTESIAN_POINT('Ctrl Pts',(26.444713586265,4.61503665560981,-12.1752618181073));
#2201=CARTESIAN_POINT('Ctrl Pts',(26.2404492991372,5.48014204323183,-12.6324947420741));
#2202=CARTESIAN_POINT('Ctrl Pts',(26.0019428398232,6.39253225090001,-13.1082424088681));
#2203=CARTESIAN_POINT('Ctrl Pts',(25.7184268976345,7.36256046063631,-13.6034144758859));
#2204=CARTESIAN_POINT('Ctrl Pts',(25.3773001537451,8.39966569580653,-14.1175888260049));
#2205=CARTESIAN_POINT('Ctrl Pts',(24.9648688261793,9.50896406274326,-14.6494460362143));
#2206=CARTESIAN_POINT('Ctrl Pts',(24.4665028927099,10.6919847316968,-15.196732070357));
#2207=CARTESIAN_POINT('Ctrl Pts',(23.8730255294373,11.938181559488,-15.7505385147016));
#2208=CARTESIAN_POINT('Ctrl Pts',(23.1802892625113,13.231357498779,-16.2983306146197));
#2209=CARTESIAN_POINT('Ctrl Pts',(22.3953825534231,14.540001737263,-16.8226272699964));
#2210=CARTESIAN_POINT('Ctrl Pts',(21.535437158932,15.8283205093243,-17.3056613486623));
#2211=CARTESIAN_POINT('Ctrl Pts',(20.6094678325233,17.0769525482481,-17.7410664557838));
#2212=CARTESIAN_POINT('Ctrl Pts',(19.6175536243349,18.2730422015469,-18.1251690917257));
#2213=CARTESIAN_POINT('Ctrl Pts',(18.9106433991026,19.0354064602509,-18.3426803105763));
#2214=CARTESIAN_POINT('Ctrl Pts',(18.539031558795,19.4191700108913,-18.4463019046879));
#2215=CARTESIAN_POINT('',(24.8196456679091,27.3034652455116,-10.1856485021475));
#2216=CARTESIAN_POINT('Ctrl Pts',(24.8196456679091,27.3034652455116,-10.1856485021475));
#2217=CARTESIAN_POINT('Ctrl Pts',(24.0627663053959,26.5171530662728,-10.6611275736881));
#2218=CARTESIAN_POINT('Ctrl Pts',(21.8642392745606,24.1323618771226,-12.3621243591679));
#2219=CARTESIAN_POINT('Ctrl Pts',(19.7550653277529,21.4185680643886,-15.3459486258674));
#2220=CARTESIAN_POINT('Ctrl Pts',(18.7255529686702,19.7426707040944,-17.9173553257251));
#2221=CARTESIAN_POINT('Ctrl Pts',(18.5391949476165,19.419270023881,-18.4464205954158));
#2222=CARTESIAN_POINT('Ctrl Pts',(24.8196456679091,27.3034652455116,-10.1856485021475));
#2223=CARTESIAN_POINT('Ctrl Pts',(24.8674123216607,27.2466660247285,-10.1677542873621));
#2224=CARTESIAN_POINT('Ctrl Pts',(24.915017774486,27.189826098637,-10.1495420853828));
#2225=CARTESIAN_POINT('Ctrl Pts',(24.9624968220839,27.132776661896,-10.1310105171972));
#2226=CARTESIAN_POINT('Ctrl Pts',(25.0115360930954,27.073852506275,-10.1118699775172));
#2227=CARTESIAN_POINT('Ctrl Pts',(25.0604404127316,27.0147049923426,-10.0923886551273));
#2228=CARTESIAN_POINT('Ctrl Pts',(25.1092342452021,26.9552041142841,-10.0725609482992));
#2229=CARTESIAN_POINT('Ctrl Pts',(25.1599358201579,26.8933768694034,-10.0519580172924));
#2230=CARTESIAN_POINT('Ctrl Pts',(25.2105179790164,26.8311682701941,-10.0309810052052));
#2231=CARTESIAN_POINT('Ctrl Pts',(25.2609951416943,26.7684894754717,-10.0096205688561));
#2232=CARTESIAN_POINT('Ctrl Pts',(25.3139080078884,26.7027862048754,-9.98722941510602));
#2233=CARTESIAN_POINT('Ctrl Pts',(25.3667053510381,26.6365664980691,-9.96441686042653));
#2234=CARTESIAN_POINT('Ctrl Pts',(25.4193918303395,26.5697863980643,-9.9411701294592));
#2235=CARTESIAN_POINT('Ctrl Pts',(25.4753946918844,26.4988027843531,-9.91646011897833));
#2236=CARTESIAN_POINT('Ctrl Pts',(25.5312720926967,26.4271863225342,-9.89125947439466));
#2237=CARTESIAN_POINT('Ctrl Pts',(25.5870191799856,26.3549445846422,-9.86555192058659));
#2238=CARTESIAN_POINT('Ctrl Pts',(25.6477944173313,26.2761869493976,-9.8375256548166));
#2239=CARTESIAN_POINT('Ctrl Pts',(25.7084144616694,26.19668663781,-9.80889684535096));
#2240=CARTESIAN_POINT('Ctrl Pts',(25.7688650426162,26.1165172123932,-9.77964458105285));
#2241=CARTESIAN_POINT('Ctrl Pts',(25.8393722749216,26.0230106784093,-9.74552586520229));
#2242=CARTESIAN_POINT('Ctrl Pts',(25.9096482659129,25.9285948245786,-9.71055898763603));
#2243=CARTESIAN_POINT('Ctrl Pts',(25.97966816344,25.8334597357131,-9.67471194847693));
#2244=CARTESIAN_POINT('Ctrl Pts',(26.0584176801444,25.7264638312006,-9.63439573681766));
#2245=CARTESIAN_POINT('Ctrl Pts',(26.1368417079964,25.6185624815769,-9.59296657364086));
#2246=CARTESIAN_POINT('Ctrl Pts',(26.2149212629317,25.5100696518767,-9.5503780750645));
#2247=CARTESIAN_POINT('Ctrl Pts',(26.2818848291007,25.4170226719532,-9.51385279332048));
#2248=CARTESIAN_POINT('Ctrl Pts',(26.3485948765412,25.3235436080058,-9.47647510030781));
#2249=CARTESIAN_POINT('Ctrl Pts',(26.4150607281206,25.2298081714229,-9.4382103428153));
#2250=CARTESIAN_POINT('Ctrl Pts',(26.4724363381686,25.1488925173048,-9.40517888752954));
#2251=CARTESIAN_POINT('Ctrl Pts',(26.5296301369668,25.0677865211904,-9.37148655276404));
#2252=CARTESIAN_POINT('Ctrl Pts',(26.5866646618958,24.9865652216737,-9.33710397311367));
#2253=CARTESIAN_POINT('Ctrl Pts',(26.6391894168261,24.9117661616738,-9.30544005424608));
#2254=CARTESIAN_POINT('Ctrl Pts',(26.6915791591266,24.8368697276077,-9.27319085976498));
#2255=CARTESIAN_POINT('Ctrl Pts',(26.7438652601648,24.761892517333,-9.24032516611088));
#2256=CARTESIAN_POINT('Ctrl Pts',(26.7932142290466,24.6911270951038,-9.20930567792548));
#2257=CARTESIAN_POINT('Ctrl Pts',(26.8424709278487,24.6202900118837,-9.17773712670537));
#2258=CARTESIAN_POINT('Ctrl Pts',(26.8916737099601,24.5493512312438,-9.14558381923502));
#2259=CARTESIAN_POINT('Ctrl Pts',(26.9542409552169,24.4591440540059,-9.10469702812303));
#2260=CARTESIAN_POINT('Ctrl Pts',(27.0167219385555,24.3687731878365,-9.06286488124708));
#2261=CARTESIAN_POINT('Ctrl Pts',(27.0792173202541,24.2780698780132,-9.01998927875798));
#2262=CARTESIAN_POINT('Ctrl Pts',(27.1305773977269,24.2035279055835,-8.98475316681371));
#2263=CARTESIAN_POINT('Ctrl Pts',(27.1819478731286,24.1287579691697,-8.9488113740874));
#2264=CARTESIAN_POINT('Ctrl Pts',(27.2333586319932,24.0537007972045,-8.91212014468015));
#2265=CARTESIAN_POINT('Ctrl Pts',(27.2871328837877,23.9751930421472,-8.87374211929452));
#2266=CARTESIAN_POINT('Ctrl Pts',(27.3409509739841,23.8963712362589,-8.83454410613081));
#2267=CARTESIAN_POINT('Ctrl Pts',(27.3948191576005,23.8172143351214,-8.79449164919912));
#2268=CARTESIAN_POINT('Ctrl Pts',(27.4540468760946,23.7301818357369,-8.75045423258524));
#2269=CARTESIAN_POINT('Ctrl Pts',(27.5133349809818,23.642744245339,-8.70538372033315));
#2270=CARTESIAN_POINT('Ctrl Pts',(27.5726616647014,23.5549279022792,-8.65925490280856));
#2271=CARTESIAN_POINT('Ctrl Pts',(27.6380096839699,23.4581986782849,-8.60844426133274));
#2272=CARTESIAN_POINT('Ctrl Pts',(27.703404014216,23.3610103314089,-8.55634951865195));
#2273=CARTESIAN_POINT('Ctrl Pts',(27.7687859332496,23.2634579651257,-8.50296306947128));
#2274=CARTESIAN_POINT('Ctrl Pts',(27.8428379210636,23.1529695189924,-8.44249722902803));
#2275=CARTESIAN_POINT('Ctrl Pts',(27.9168728783732,23.0420153162078,-8.38037458002483));
#2276=CARTESIAN_POINT('Ctrl Pts',(27.9907821573282,22.9307946038607,-8.31661581125345));
#2277=CARTESIAN_POINT('Ctrl Pts',(28.0859022890035,22.7876552179399,-8.23455923369334));
#2278=CARTESIAN_POINT('Ctrl Pts',(28.1808099059207,22.644079743704,-8.14979444437419));
#2279=CARTESIAN_POINT('Ctrl Pts',(28.275280611473,22.5005405976041,-8.06240421207175));
#2280=CARTESIAN_POINT('Ctrl Pts',(28.3415647927187,22.3998281627778,-8.00108795574483));
#2281=CARTESIAN_POINT('Ctrl Pts',(28.4076339816134,22.2991351194405,-7.93848048687571));
#2282=CARTESIAN_POINT('Ctrl Pts',(28.4734330395352,22.1986028220376,-7.87460424900722));
#2283=CARTESIAN_POINT('Ctrl Pts',(28.5321135202223,22.1089467734179,-7.81763856498395));
#2284=CARTESIAN_POINT('Ctrl Pts',(28.5905791219696,22.0194190865688,-7.75966425327668));
#2285=CARTESIAN_POINT('Ctrl Pts',(28.6488114890909,21.9300891697735,-7.7006823052824));
#2286=CARTESIAN_POINT('Ctrl Pts',(28.7030249139794,21.8469244115146,-7.64577103230071));
#2287=CARTESIAN_POINT('Ctrl Pts',(28.7570361893987,21.7639313821045,-7.58998673488421));
#2288=CARTESIAN_POINT('Ctrl Pts',(28.8108498196682,21.6811321688523,-7.53331117663811));
#2289=CARTESIAN_POINT('Ctrl Pts',(28.8619146676785,21.6025623117563,-7.47953058697633));
#2290=CARTESIAN_POINT('Ctrl Pts',(28.9128015743449,21.5241671977222,-7.42494772489121));
#2291=CARTESIAN_POINT('Ctrl Pts',(28.9635322301757,21.4459302538759,-7.36952509255763));
#2292=CARTESIAN_POINT('Ctrl Pts',(29.0145965292997,21.3671787645114,-7.31373795893257));
#2293=CARTESIAN_POINT('Ctrl Pts',(29.0655024927985,21.2885879436266,-7.25710038285572));
#2294=CARTESIAN_POINT('Ctrl Pts',(29.1162913459845,21.2100982905183,-7.19954566397806));
#2295=CARTESIAN_POINT('Ctrl Pts',(29.1670829357911,21.1316044082063,-7.14198784391929));
#2296=CARTESIAN_POINT('Ctrl Pts',(29.2177609422794,21.0532056082566,-7.08350858814897));
#2297=CARTESIAN_POINT('Ctrl Pts',(29.2683524690336,20.9748528502663,-7.02404763312873));
#2298=CARTESIAN_POINT('Ctrl Pts',(29.3210927575938,20.893172234341,-6.96206120719892));
#2299=CARTESIAN_POINT('Ctrl Pts',(29.3737387966145,20.8115418344417,-6.89900788096709));
#2300=CARTESIAN_POINT('Ctrl Pts',(29.4262911060706,20.7299461683584,-6.83484791896955));
#2301=CARTESIAN_POINT('Ctrl Pts',(29.4816396253821,20.6440089498673,-6.76727412568823));
#2302=CARTESIAN_POINT('Ctrl Pts',(29.5368838443011,20.5581104979574,-6.69847278362323));
#2303=CARTESIAN_POINT('Ctrl Pts',(29.5919962274016,20.4722730972237,-6.6284290405356));
#2304=CARTESIAN_POINT('Ctrl Pts',(29.6510284534837,20.3803305507154,-6.55340346833273));
#2305=CARTESIAN_POINT('Ctrl Pts',(29.7099089787845,20.2884583919679,-6.47695250708643));
#2306=CARTESIAN_POINT('Ctrl Pts',(29.7685785810241,20.1967247334939,-6.39909336095705));
#2307=CARTESIAN_POINT('Ctrl Pts',(29.8341759077244,20.0941591367517,-6.31204058319316));
#2308=CARTESIAN_POINT('Ctrl Pts',(29.8995088589025,19.9917672257101,-6.22322750214603));
#2309=CARTESIAN_POINT('Ctrl Pts',(29.9644730445082,19.8896868071542,-6.13272092318401));
#2310=CARTESIAN_POINT('Ctrl Pts',(30.0424137771501,19.7672159020476,-6.02413572339359));
#2311=CARTESIAN_POINT('Ctrl Pts',(30.1198218350025,19.6451950971806,-5.91311360693479));
#2312=CARTESIAN_POINT('Ctrl Pts',(30.1965083471162,19.5239034452881,-5.79982443326269));
#2313=CARTESIAN_POINT('Ctrl Pts',(30.2687150556449,19.4096972998556,-5.69315328448655));
#2314=CARTESIAN_POINT('Ctrl Pts',(30.3402804516425,19.296140504168,-5.58447506549191));
#2315=CARTESIAN_POINT('Ctrl Pts',(30.4110675242379,19.1834604695102,-5.47394440411433));
#2316=CARTESIAN_POINT('Ctrl Pts',(30.4705856466616,19.0887185363921,-5.38100967473182));
#2317=CARTESIAN_POINT('Ctrl Pts',(30.5295535478463,18.9945971087294,-5.28676645727555));
#2318=CARTESIAN_POINT('Ctrl Pts',(30.5879124569441,18.9012072768755,-5.19129238268096));
#2319=CARTESIAN_POINT('Ctrl Pts',(30.6411972830283,18.8159373322294,-5.10411941219573));
#2320=CARTESIAN_POINT('Ctrl Pts',(30.6939744580834,18.7312776169914,-5.01592089199713));
#2321=CARTESIAN_POINT('Ctrl Pts',(30.7462194728223,18.647284569188,-4.92673245029588));
#2322=CARTESIAN_POINT('Ctrl Pts',(30.7953130741036,18.5683579726529,-4.84292384544306));
#2323=CARTESIAN_POINT('Ctrl Pts',(30.8439368502804,18.4900202418326,-4.75824154924714));
#2324=CARTESIAN_POINT('Ctrl Pts',(30.8920883794275,18.4122886185421,-4.67268667981362));
#2325=CARTESIAN_POINT('Ctrl Pts',(30.9380064835825,18.3381624415003,-4.59110012430439));
#2326=CARTESIAN_POINT('Ctrl Pts',(30.9834952222226,18.2645875845446,-4.50872038653539));
#2327=CARTESIAN_POINT('Ctrl Pts',(31.028568190533,18.1915488573463,-4.42551657436014));
#2328=CARTESIAN_POINT('Ctrl Pts',(31.0868611760084,18.0970876842017,-4.31790887075327));
#2329=CARTESIAN_POINT('Ctrl Pts',(31.1444594393015,18.0035238183683,-4.208923838123));
#2330=CARTESIAN_POINT('Ctrl Pts',(31.2014234078069,17.9107497038164,-4.09840914084258));
#2331=CARTESIAN_POINT('Ctrl Pts',(31.2454458227856,17.8390527929928,-4.01300210210257));
#2332=CARTESIAN_POINT('Ctrl Pts',(31.2890900763993,17.7678254495386,-3.92667883491353));
#2333=CARTESIAN_POINT('Ctrl Pts',(31.3323615116392,17.6970434719416,-3.83939827681986));
#2334=CARTESIAN_POINT('Ctrl Pts',(31.3788189655422,17.6210499107588,-3.74569136643471));
#2335=CARTESIAN_POINT('Ctrl Pts',(31.4248464297128,17.5455697995081,-3.65088088429278));
#2336=CARTESIAN_POINT('Ctrl Pts',(31.4704253559481,17.4706083848723,-3.5549598923909));
#2337=CARTESIAN_POINT('Ctrl Pts',(31.5187863708019,17.391071406139,-3.45318398634594));
#2338=CARTESIAN_POINT('Ctrl Pts',(31.5666419621309,17.3121186992517,-3.35015799571451));
#2339=CARTESIAN_POINT('Ctrl Pts',(31.6139483694931,17.2337914894519,-3.24592128665505));
#2340=CARTESIAN_POINT('Ctrl Pts',(31.6652825781985,17.1487952794377,-3.13280956932153));
#2341=CARTESIAN_POINT('Ctrl Pts',(31.7159694605654,17.0645361051652,-3.01827247685107));
#2342=CARTESIAN_POINT('Ctrl Pts',(31.7659371996086,16.9811003374912,-2.90241192173074));
#2343=CARTESIAN_POINT('Ctrl Pts',(31.824495613067,16.8833199240837,-2.76663210819135));
#2344=CARTESIAN_POINT('Ctrl Pts',(31.8820650705339,16.7866713412447,-2.62903523964371));
#2345=CARTESIAN_POINT('Ctrl Pts',(31.9385247403321,16.6913271200207,-2.4898481991762));
#2346=CARTESIAN_POINT('Ctrl Pts',(32.0001065989863,16.5873329879986,-2.33803369719263));
#2347=CARTESIAN_POINT('Ctrl Pts',(32.0603660122807,16.4848934159491,-2.18433096068859));
#2348=CARTESIAN_POINT('Ctrl Pts',(32.1191696297107,16.3842378738507,-2.02906969190321));
#2349=CARTESIAN_POINT('Ctrl Pts',(32.1677669740068,16.3010526507563,-1.90075640668734));
#2350=CARTESIAN_POINT('Ctrl Pts',(32.215370171544,16.2190868041536,-1.77138072303157));
#2351=CARTESIAN_POINT('Ctrl Pts',(32.2619289763638,16.1384504071825,-1.64111344653959));
#2352=CARTESIAN_POINT('Ctrl Pts',(32.2717071213562,16.1215153852397,-1.6137550913962));
#2353=CARTESIAN_POINT('Ctrl Pts',(32.2814392969314,16.1046389009641,-1.58635729578247));
#2354=CARTESIAN_POINT('Ctrl Pts',(32.2911251957269,16.0878217964467,-1.55892142707996));
#2355=CARTESIAN_POINT('Ctrl Pts',(27.3600388124212,-1.92260894704699E-8,
-9.67323447715774));
#2356=CARTESIAN_POINT('Ctrl Pts',(27.3127404886851,0.246014224111465,-9.80701433861711));
#2357=CARTESIAN_POINT('Ctrl Pts',(27.2189240353313,0.737643768551517,-10.0750040739336));
#2358=CARTESIAN_POINT('Ctrl Pts',(27.0781434244708,1.47856448038678,-10.4802978509591));
#2359=CARTESIAN_POINT('Ctrl Pts',(26.9345404362554,2.2292751124843,-10.890687851468));
#2360=CARTESIAN_POINT('Ctrl Pts',(26.7845527232244,2.9973701046491,-11.308045267802));
#2361=CARTESIAN_POINT('Ctrl Pts',(26.6234834628039,3.78994473822069,-11.7348581283165));
#2362=CARTESIAN_POINT('Ctrl Pts',(26.444713586265,4.61503665560981,-12.1752618181073));
#2363=CARTESIAN_POINT('Ctrl Pts',(26.2404492991372,5.48014204323183,-12.6324947420741));
#2364=CARTESIAN_POINT('Ctrl Pts',(26.0019428398232,6.39253225090001,-13.1082424088681));
#2365=CARTESIAN_POINT('Ctrl Pts',(25.7184268976345,7.36256046063631,-13.6034144758859));
#2366=CARTESIAN_POINT('Ctrl Pts',(25.3773001537451,8.39966569580653,-14.1175888260049));
#2367=CARTESIAN_POINT('Ctrl Pts',(24.9648688261793,9.50896406274326,-14.6494460362143));
#2368=CARTESIAN_POINT('Ctrl Pts',(24.4665028927099,10.6919847316968,-15.196732070357));
#2369=CARTESIAN_POINT('Ctrl Pts',(23.8730255294373,11.938181559488,-15.7505385147016));
#2370=CARTESIAN_POINT('Ctrl Pts',(23.1802892625113,13.231357498779,-16.2983306146197));
#2371=CARTESIAN_POINT('Ctrl Pts',(22.3953825534231,14.540001737263,-16.8226272699964));
#2372=CARTESIAN_POINT('Ctrl Pts',(21.535437158932,15.8283205093243,-17.3056613486623));
#2373=CARTESIAN_POINT('Ctrl Pts',(20.6094678325233,17.0769525482481,-17.7410664557838));
#2374=CARTESIAN_POINT('Ctrl Pts',(19.6175536243349,18.2730422015469,-18.1251690917257));
#2375=CARTESIAN_POINT('Ctrl Pts',(18.9106433991026,19.0354064602509,-18.3426803105763));
#2376=CARTESIAN_POINT('Ctrl Pts',(18.539031558795,19.4191700108913,-18.4463019046879));
#2377=CARTESIAN_POINT('Ctrl Pts',(27.0003028562719,0.000465373824359715,
-10.6907214126057));
#2378=CARTESIAN_POINT('Ctrl Pts',(26.9565077608791,0.240909787615128,-10.8162484251653));
#2379=CARTESIAN_POINT('Ctrl Pts',(26.8689499988147,0.722008387087469,-11.0686537743929));
#2380=CARTESIAN_POINT('Ctrl Pts',(26.7355819864129,1.44840887782744,-11.4526011047745));
#2381=CARTESIAN_POINT('Ctrl Pts',(26.5974874629212,2.18584603944236,-11.8434746996734));
#2382=CARTESIAN_POINT('Ctrl Pts',(26.4509315337995,2.9421742837972,-12.2433792757873));
#2383=CARTESIAN_POINT('Ctrl Pts',(26.2905043206848,3.72529019943961,-12.6559522666702));
#2384=CARTESIAN_POINT('Ctrl Pts',(26.1091495478896,4.54297432817613,-13.0852811763541));
#2385=CARTESIAN_POINT('Ctrl Pts',(25.8999065234688,5.40044313598132,-13.532315229448));
#2386=CARTESIAN_POINT('Ctrl Pts',(25.6547330226135,6.30366792395534,-13.9975889786376));
#2387=CARTESIAN_POINT('Ctrl Pts',(25.363418588858,7.26265717808549,-14.481489587851));
#2388=CARTESIAN_POINT('Ctrl Pts',(25.0139242000672,8.28645469053889,-14.9834845367055));
#2389=CARTESIAN_POINT('Ctrl Pts',(24.5925473331071,9.38072245515771,-15.5029860815899));
#2390=CARTESIAN_POINT('Ctrl Pts',(24.0870848363876,10.5433061334722,-16.035540938223));
#2391=CARTESIAN_POINT('Ctrl Pts',(23.4921524360654,11.7598859665816,-16.5703993620118));
#2392=CARTESIAN_POINT('Ctrl Pts',(22.8055249172151,13.0148112159197,-17.0961456046424));
#2393=CARTESIAN_POINT('Ctrl Pts',(22.0343947476626,14.2791967303897,-17.5980357404353));
#2394=CARTESIAN_POINT('Ctrl Pts',(21.1938427456761,15.5206720676713,-18.0616408712346));
#2395=CARTESIAN_POINT('Ctrl Pts',(20.2916792128481,16.7194425415749,-18.4835393539798));
#2396=CARTESIAN_POINT('Ctrl Pts',(19.326098576892,17.8665930021812,-18.8621896717262));
#2397=CARTESIAN_POINT('Ctrl Pts',(18.638555478319,18.598383495286,-19.0806793188736));
#2398=CARTESIAN_POINT('Ctrl Pts',(18.2775355813807,18.9662456920348,-19.1859242202185));
#2399=CARTESIAN_POINT('Ctrl Pts',(26.2928761676033,0.0050677044063579,-12.733207261465));
#2400=CARTESIAN_POINT('Ctrl Pts',(26.2556652572529,0.236082066274277,-12.8456653531572));
#2401=CARTESIAN_POINT('Ctrl Pts',(26.1800587609307,0.699033531958809,-13.0727874461564));
#2402=CARTESIAN_POINT('Ctrl Pts',(26.0604870739998,1.4011795275709,-13.4227776064979));
#2403=CARTESIAN_POINT('Ctrl Pts',(25.9308900526444,2.11932620547062,-13.7857823431346));
#2404=CARTESIAN_POINT('Ctrl Pts',(25.7865443201821,2.86220208528296,-14.164565981324));
#2405=CARTESIAN_POINT('Ctrl Pts',(25.6224846586525,3.63521990205396,-14.5600284063445));
#2406=CARTESIAN_POINT('Ctrl Pts',(25.4336129596859,4.44174134562369,-14.9718292166388));
#2407=CARTESIAN_POINT('Ctrl Pts',(25.2138204924722,5.2855644332078,-15.4002590216224));
#2408=CARTESIAN_POINT('Ctrl Pts',(24.955997297102,6.17186679089745,-15.845448033709));
#2409=CARTESIAN_POINT('Ctrl Pts',(24.6500495945296,7.11203858673648,-16.3084791333091));
#2410=CARTESIAN_POINT('Ctrl Pts',(24.2832833432457,8.11652028007942,-16.789970371545));
#2411=CARTESIAN_POINT('Ctrl Pts',(23.846041237416,9.18364472933925,-17.2847327592871));
#2412=CARTESIAN_POINT('Ctrl Pts',(23.3335710472712,10.3019246492509,-17.7835599734602));
#2413=CARTESIAN_POINT('Ctrl Pts',(22.7452752492442,11.455443916749,-18.2765995737745));
#2414=CARTESIAN_POINT('Ctrl Pts',(22.0807994535312,12.6314209249364,-18.7561013946862));
#2415=CARTESIAN_POINT('Ctrl Pts',(21.3456390582923,13.807463488562,-19.2128154580384));
#2416=CARTESIAN_POINT('Ctrl Pts',(20.5537944237438,14.9513303669471,-19.6366809259046));
#2417=CARTESIAN_POINT('Ctrl Pts',(19.7096159750033,16.0487528652056,-20.0308416879924));
#2418=CARTESIAN_POINT('Ctrl Pts',(18.8075929793574,17.0996144470366,-20.3968395427098));
#2419=CARTESIAN_POINT('Ctrl Pts',(18.1676815960122,17.7708027195775,-20.6145082635906));
#2420=CARTESIAN_POINT('Ctrl Pts',(17.8322803149363,18.1079489505394,-20.7217408125576));
#2421=CARTESIAN_POINT('Ctrl Pts',(25.2174083566204,-0.000497535650116526,
-16.1311857833855));
#2422=CARTESIAN_POINT('Ctrl Pts',(25.1882357125575,0.227055057895071,-16.2292365800873));
#2423=CARTESIAN_POINT('Ctrl Pts',(25.1260291442854,0.685003924065565,-16.4296005163494));
#2424=CARTESIAN_POINT('Ctrl Pts',(25.0189758146036,1.38388801814558,-16.7440525445367));
#2425=CARTESIAN_POINT('Ctrl Pts',(24.8955059083365,2.10157442055146,-17.073085697293));
#2426=CARTESIAN_POINT('Ctrl Pts',(24.7519634724306,2.84557015396254,-17.417122016094));
#2427=CARTESIAN_POINT('Ctrl Pts',(24.5839909807122,3.62012491274952,-17.7763886186785));
#2428=CARTESIAN_POINT('Ctrl Pts',(24.3867250211432,4.42778661070494,-18.1509081413492));
#2429=CARTESIAN_POINT('Ctrl Pts',(24.1549152145088,5.27059023853199,-18.540237738028));
#2430=CARTESIAN_POINT('Ctrl Pts',(23.882417590833,6.1527715563215,-18.9436927628752));
#2431=CARTESIAN_POINT('Ctrl Pts',(23.5613896763775,7.08292949169899,-19.3595426645438));
#2432=CARTESIAN_POINT('Ctrl Pts',(23.1856925535892,8.06065938853024,-19.7827453199701));
#2433=CARTESIAN_POINT('Ctrl Pts',(22.7523888073622,9.07660061060909,-20.2065413309237));
#2434=CARTESIAN_POINT('Ctrl Pts',(22.2620308573651,10.1158562856386,-20.6237904284611));
#2435=CARTESIAN_POINT('Ctrl Pts',(21.7168965656953,11.1641362732052,-21.0292103500662));
#2436=CARTESIAN_POINT('Ctrl Pts',(21.114676710213,12.2166538319493,-21.4221914594576));
#2437=CARTESIAN_POINT('Ctrl Pts',(20.4608536004882,13.2523637182631,-21.7985879761034));
#2438=CARTESIAN_POINT('Ctrl Pts',(19.7683551563363,14.244063652489,-22.1540481637444));
#2439=CARTESIAN_POINT('Ctrl Pts',(19.0337431236991,15.1938440978277,-22.4988431355551));
#2440=CARTESIAN_POINT('Ctrl Pts',(18.2520446846841,16.1052146675545,-22.831048070785));
#2441=CARTESIAN_POINT('Ctrl Pts',(17.6974578220346,16.6946877137517,-23.0407938132127));
#2442=CARTESIAN_POINT('Ctrl Pts',(17.4090146911521,16.9883544369896,-23.1456590446006));
#2443=CARTESIAN_POINT('Ctrl Pts',(24.0883343793846,0.00522381730145011,
-20.1319643020873));
#2444=CARTESIAN_POINT('Ctrl Pts',(24.0688201884401,0.242648583761551,-20.2097194693522));
#2445=CARTESIAN_POINT('Ctrl Pts',(24.0238663738899,0.720992829208866,-20.3690848863328));
#2446=CARTESIAN_POINT('Ctrl Pts',(23.9370894893601,1.45151361708291,-20.6202378272648));
#2447=CARTESIAN_POINT('Ctrl Pts',(23.8284713200276,2.20350027959304,-20.8839819730189));
#2448=CARTESIAN_POINT('Ctrl Pts',(23.6944219538638,2.98429790464364,-21.1601507111697));
#2449=CARTESIAN_POINT('Ctrl Pts',(23.5313610027327,3.79459614478048,-21.4476052713409));
#2450=CARTESIAN_POINT('Ctrl Pts',(23.3363584251975,4.63141939072799,-21.7443845489202));
#2451=CARTESIAN_POINT('Ctrl Pts',(23.1072085242177,5.49066022429409,-22.0481034577191));
#2452=CARTESIAN_POINT('Ctrl Pts',(22.8411393825032,6.37289722525872,-22.3567374557467));
#2453=CARTESIAN_POINT('Ctrl Pts',(22.5330748925887,7.28421566584909,-22.6688312123292));
#2454=CARTESIAN_POINT('Ctrl Pts',(22.1804666796986,8.21880777841883,-22.9810127679907));
#2455=CARTESIAN_POINT('Ctrl Pts',(21.784203172926,9.16332554163472,-23.289236874715));
#2456=CARTESIAN_POINT('Ctrl Pts',(21.3478182891645,10.1022656177393,-23.5904228750338));
#2457=CARTESIAN_POINT('Ctrl Pts',(20.872042748146,11.0295726827214,-23.8857476868628));
#2458=CARTESIAN_POINT('Ctrl Pts',(20.3532246414557,11.9457805958874,-24.1788912818328));
#2459=CARTESIAN_POINT('Ctrl Pts',(19.7981902303976,12.8325388357052,-24.4673135115016));
#2460=CARTESIAN_POINT('Ctrl Pts',(19.2155328390144,13.676052415184,-24.751355429284));
#2461=CARTESIAN_POINT('Ctrl Pts',(18.5957588161168,14.4919607389454,-25.0450401042688));
#2462=CARTESIAN_POINT('Ctrl Pts',(17.9325125653136,15.2906057318771,-25.3480317549673));
#2463=CARTESIAN_POINT('Ctrl Pts',(17.4697903496314,15.8018580236939,-25.5403176955831));
#2464=CARTESIAN_POINT('Ctrl Pts',(17.2314877057443,16.0543076686731,-25.6365902816732));
#2465=CARTESIAN_POINT('Ctrl Pts',(23.1358550809887,0.00391732830753934,
-24.5233955844602));
#2466=CARTESIAN_POINT('Ctrl Pts',(23.1326200605666,0.273824938798913,-24.5554787976598));
#2467=CARTESIAN_POINT('Ctrl Pts',(23.1170955058577,0.81566726641185,-24.6233693450936));
#2468=CARTESIAN_POINT('Ctrl Pts',(23.0659922667227,1.63411241168627,-24.736992991724));
#2469=CARTESIAN_POINT('Ctrl Pts',(22.9854482624398,2.46688998824201,-24.8627647885594));
#2470=CARTESIAN_POINT('Ctrl Pts',(22.8730452003822,3.31760038662837,-25.0001678001654));
#2471=CARTESIAN_POINT('Ctrl Pts',(22.7273566605355,4.18050344639187,-25.1479739773309));
#2472=CARTESIAN_POINT('Ctrl Pts',(22.5482637098073,5.04706849430094,-25.3049160589705));
#2473=CARTESIAN_POINT('Ctrl Pts',(22.3365034426847,5.91020662947372,-25.470155644115));
#2474=CARTESIAN_POINT('Ctrl Pts',(22.0903536796569,6.77409526756208,-25.6445661307175));
#2475=CARTESIAN_POINT('Ctrl Pts',(21.8067006451415,7.64296194142298,-25.8286903374362));
#2476=CARTESIAN_POINT('Ctrl Pts',(21.4865351283819,8.50752560668132,-26.0209615294916));
#2477=CARTESIAN_POINT('Ctrl Pts',(21.1334199793492,9.35574240983724,-26.2200315731267));
#2478=CARTESIAN_POINT('Ctrl Pts',(20.7517130112449,10.1783449858973,-26.4258819265395));
#2479=CARTESIAN_POINT('Ctrl Pts',(20.3386835630907,10.9823449527888,-26.6433916594544));
#2480=CARTESIAN_POINT('Ctrl Pts',(19.8917908187749,11.7713571834496,-26.8750611135095));
#2481=CARTESIAN_POINT('Ctrl Pts',(19.4176917109373,12.5344378648342,-27.1187971332517));
#2482=CARTESIAN_POINT('Ctrl Pts',(18.9226026589646,13.2662525334523,-27.3722909502786));
#2483=CARTESIAN_POINT('Ctrl Pts',(18.3995086016232,13.9795251367693,-27.6382886928804));
#2484=CARTESIAN_POINT('Ctrl Pts',(17.8543134632084,14.6659524538838,-27.8990947794517));
#2485=CARTESIAN_POINT('Ctrl Pts',(17.4815180321696,15.1008474149325,-28.0606571514784));
#2486=CARTESIAN_POINT('Ctrl Pts',(17.2909417127733,15.3151347092762,-28.1415544627331));
#2487=CARTESIAN_POINT('Ctrl Pts',(22.9999995022051,0.00478616244380362,
-26.7475220853463));
#2488=CARTESIAN_POINT('Ctrl Pts',(22.9999372143791,0.304494231058361,-26.7569071611047));
#2489=CARTESIAN_POINT('Ctrl Pts',(22.9881241397135,0.903358270152011,-26.7810252753917));
#2490=CARTESIAN_POINT('Ctrl Pts',(22.935755967374,1.79725629215057,-26.8341619317767));
#2491=CARTESIAN_POINT('Ctrl Pts',(22.848012032499,2.69529870478934,-26.9050299082613));
#2492=CARTESIAN_POINT('Ctrl Pts',(22.7237120940239,3.59788229331063,-26.9934490702163));
#2493=CARTESIAN_POINT('Ctrl Pts',(22.5633722140305,4.49603495479537,-27.0985892954867));
#2494=CARTESIAN_POINT('Ctrl Pts',(22.3691478170366,5.3796613753694,-27.219637099356));
#2495=CARTESIAN_POINT('Ctrl Pts',(22.1435793590019,6.24335392706834,-27.3563286500011));
#2496=CARTESIAN_POINT('Ctrl Pts',(21.8853966812609,7.09557603829595,-27.509933047747));
#2497=CARTESIAN_POINT('Ctrl Pts',(21.5940569155311,7.93775637058444,-27.6798396589999));
#2498=CARTESIAN_POINT('Ctrl Pts',(21.2729780885987,8.76102640989793,-27.8633792827511));
#2499=CARTESIAN_POINT('Ctrl Pts',(20.927340489568,9.55606874749989,-28.0577580666046));
#2500=CARTESIAN_POINT('Ctrl Pts',(20.5612528805073,10.3193183764351,-28.2614188845295));
#2501=CARTESIAN_POINT('Ctrl Pts',(20.1709258238196,11.0623676919055,-28.4764367227968));
#2502=CARTESIAN_POINT('Ctrl Pts',(19.7577025355185,11.783924791848,-28.6994488517983));
#2503=CARTESIAN_POINT('Ctrl Pts',(19.3299483239881,12.4725464073927,-28.9233475152893));
#2504=CARTESIAN_POINT('Ctrl Pts',(18.8907939128414,13.1280051741185,-29.146970654875));
#2505=CARTESIAN_POINT('Ctrl Pts',(18.4324710236199,13.7642600269036,-29.3741016550142));
#2506=CARTESIAN_POINT('Ctrl Pts',(17.9599648150862,14.3754302070243,-29.5911060969508));
#2507=CARTESIAN_POINT('Ctrl Pts',(17.6399198425265,14.7623663371499,-29.7225604848338));
#2508=CARTESIAN_POINT('Ctrl Pts',(17.4770465722015,14.9529594844208,-29.7879456172971));
#2509=CARTESIAN_POINT('Ctrl Pts',(22.9999994823202,0.00487988413738901,
-27.8381934143727));
#2510=CARTESIAN_POINT('Ctrl Pts',(22.9999317473321,0.324130228544764,-27.838004914424));
#2511=CARTESIAN_POINT('Ctrl Pts',(22.9864728828312,0.960237114143357,-27.8447325154477));
#2512=CARTESIAN_POINT('Ctrl Pts',(22.9275888197702,1.90332878854768,-27.8765671133864));
#2513=CARTESIAN_POINT('Ctrl Pts',(22.8300471259135,2.84391564564989,-27.9303579462297));
#2514=CARTESIAN_POINT('Ctrl Pts',(22.6937354698003,3.78037772337487,-28.005233763279));
#2515=CARTESIAN_POINT('Ctrl Pts',(22.5206339816743,4.70205603961538,-28.0996937967653));
#2516=CARTESIAN_POINT('Ctrl Pts',(22.3144345896117,5.59829500616063,-28.2123059959798));
#2517=CARTESIAN_POINT('Ctrl Pts',(22.0785330525842,6.46558750561715,-28.3423880782974));
#2518=CARTESIAN_POINT('Ctrl Pts',(21.8121664126701,7.31373035130354,-28.4905295943697));
#2519=CARTESIAN_POINT('Ctrl Pts',(21.5163711377309,8.14246216118465,-28.6549470467535));
#2520=CARTESIAN_POINT('Ctrl Pts',(21.195701423178,8.94335725476368,-28.8321636844946));
#2521=CARTESIAN_POINT('Ctrl Pts',(20.8558345347603,9.70875879265157,-29.0187963884055));
#2522=CARTESIAN_POINT('Ctrl Pts',(20.4999198927305,10.4388385712226,-29.2132609070495));
#2523=CARTESIAN_POINT('Ctrl Pts',(20.1239280656437,11.1462439189605,-29.4167935042232));
#2524=CARTESIAN_POINT('Ctrl Pts',(19.7304043862999,11.8284415185794,-29.6248084781332));
#2525=CARTESIAN_POINT('Ctrl Pts',(19.3270716417298,12.4760420872812,-29.830447219948));
#2526=CARTESIAN_POINT('Ctrl Pts',(18.9150115904069,13.0921110901733,-30.0337810563158));
#2527=CARTESIAN_POINT('Ctrl Pts',(18.4871561693233,13.6895132017521,-30.2373386604696));
#2528=CARTESIAN_POINT('Ctrl Pts',(18.0486617333886,14.2623330330521,-30.4281773092149));
#2529=CARTESIAN_POINT('Ctrl Pts',(17.7529605472696,14.6248707958448,-30.5417980379384));
#2530=CARTESIAN_POINT('Ctrl Pts',(17.6027673030387,14.8034652455116,-30.5980630253406));
#2531=CARTESIAN_POINT('',(22.9999994823202,0.00487988413738901,-27.8381934143727));
#2532=CARTESIAN_POINT('Ctrl Pts',(27.3600388124212,-1.92260894704699E-8,
-9.67323447715774));
#2533=CARTESIAN_POINT('Ctrl Pts',(27.0003028562719,0.000465373824359715,
-10.6907214126057));
#2534=CARTESIAN_POINT('Ctrl Pts',(26.2928761676033,0.0050677044063579,-12.733207261465));
#2535=CARTESIAN_POINT('Ctrl Pts',(25.2174083566204,-0.000497535650116526,
-16.1311857833855));
#2536=CARTESIAN_POINT('Ctrl Pts',(24.0883343793846,0.00522381730145011,
-20.1319643020873));
#2537=CARTESIAN_POINT('Ctrl Pts',(23.1358550809887,0.00391732830753934,
-24.5233955844602));
#2538=CARTESIAN_POINT('Ctrl Pts',(22.9999995022051,0.00478616244380362,
-26.7475220853463));
#2539=CARTESIAN_POINT('Ctrl Pts',(22.9999994823202,0.00487988413738901,
-27.8381934143727));
#2540=CARTESIAN_POINT('',(17.6027673030387,14.8034652455116,-30.5980630253406));
#2541=CARTESIAN_POINT('Ctrl Pts',(22.9999994823202,0.00487988413738811,
-27.8381934143727));
#2542=CARTESIAN_POINT('Ctrl Pts',(22.9999699629314,0.144011451120484,-27.8381112647566));
#2543=CARTESIAN_POINT('Ctrl Pts',(22.9986776113471,0.282934232920389,-27.8387037698672));
#2544=CARTESIAN_POINT('Ctrl Pts',(22.9961363470951,0.421560322859829,-27.8399769724469));
#2545=CARTESIAN_POINT('Ctrl Pts',(22.9937631190231,0.551020030920057,-27.8411659869704));
#2546=CARTESIAN_POINT('Ctrl Pts',(22.9903009879264,0.680220631278206,-27.8429486731338));
#2547=CARTESIAN_POINT('Ctrl Pts',(22.9857629812862,0.809135444863284,-27.8453295445848));
#2548=CARTESIAN_POINT('Ctrl Pts',(22.9814507675287,0.931635977973222,-27.8475919534881));
#2549=CARTESIAN_POINT('Ctrl Pts',(22.9761673374731,1.05387820570298,-27.8503945138088));
#2550=CARTESIAN_POINT('Ctrl Pts',(22.9699214904165,1.17588550637422,-27.8537405138829));
#2551=CARTESIAN_POINT('Ctrl Pts',(22.9637859333804,1.29573838546541,-27.8570274298306));
#2552=CARTESIAN_POINT('Ctrl Pts',(22.9567219270075,1.41536415883106,-27.8608387751382));
#2553=CARTESIAN_POINT('Ctrl Pts',(22.9487315303961,1.53483586933784,-27.8651769091054));
#2554=CARTESIAN_POINT('Ctrl Pts',(22.9409350207461,1.65140859897289,-27.8694097782585));
#2555=CARTESIAN_POINT('Ctrl Pts',(22.9322559190693,1.7678435917094,-27.874144482798));
#2556=CARTESIAN_POINT('Ctrl Pts',(22.9226908274989,1.88420944347918,-27.8793806128071));
#2557=CARTESIAN_POINT('Ctrl Pts',(22.9126833078213,2.00595773442165,-27.8848589371613));
#2558=CARTESIAN_POINT('Ctrl Pts',(22.9017056952794,2.12763007399861,-27.890886120172));
#2559=CARTESIAN_POINT('Ctrl Pts',(22.8897550902892,2.24924696433752,-27.897457010129));
#2560=CARTESIAN_POINT('Ctrl Pts',(22.8770895533249,2.37813945315518,-27.9044209964465));
#2561=CARTESIAN_POINT('Ctrl Pts',(22.8633308501563,2.50696929443359,-27.9119956536199));
#2562=CARTESIAN_POINT('Ctrl Pts',(22.8484808138745,2.63570189854747,-27.9201701727811));
#2563=CARTESIAN_POINT('Ctrl Pts',(22.8323946183952,2.7751505702585,-27.9290251621348));
#2564=CARTESIAN_POINT('Ctrl Pts',(22.815027501973,2.91448457763725,-27.9385839834018));
#2565=CARTESIAN_POINT('Ctrl Pts',(22.796392890221,3.05359971094494,-27.9488282566663));
#2566=CARTESIAN_POINT('Ctrl Pts',(22.7749623716593,3.21358745237122,-27.9606095640135));
#2567=CARTESIAN_POINT('Ctrl Pts',(22.751854916128,3.37328465746918,-27.9732973316532));
#2568=CARTESIAN_POINT('Ctrl Pts',(22.7271130941572,3.5324680331728,-27.9868589427064));
#2569=CARTESIAN_POINT('Ctrl Pts',(22.6965655416038,3.72900418724728,-28.0036028198084));
#2570=CARTESIAN_POINT('Ctrl Pts',(22.6635257676777,3.92475226112785,-28.0216782683262));
#2571=CARTESIAN_POINT('Ctrl Pts',(22.6281203346624,4.11924387722275,-28.0410218521484));
#2572=CARTESIAN_POINT('Ctrl Pts',(22.6012253151726,4.26698549086799,-28.055715813487));
#2573=CARTESIAN_POINT('Ctrl Pts',(22.572966668126,4.41399996248674,-28.0711413954707));
#2574=CARTESIAN_POINT('Ctrl Pts',(22.5434125726827,4.56010411918561,-28.0872736666228));
#2575=CARTESIAN_POINT('Ctrl Pts',(22.5161986518525,4.69463934666273,-28.1021285401473));
#2576=CARTESIAN_POINT('Ctrl Pts',(22.4878868967585,4.82840173987937,-28.1175825363533));
#2577=CARTESIAN_POINT('Ctrl Pts',(22.4585312086475,4.96128773104399,-28.1336203180207));
#2578=CARTESIAN_POINT('Ctrl Pts',(22.4300928857899,5.09002103498472,-28.149156919011));
#2579=CARTESIAN_POINT('Ctrl Pts',(22.4006753956559,5.21793096277445,-28.1652413056422));
#2580=CARTESIAN_POINT('Ctrl Pts',(22.3703204679888,5.3449754124301,-28.1818647762581));
#2581=CARTESIAN_POINT('Ctrl Pts',(22.3429527005292,5.45951770333408,-28.1968523684927));
#2582=CARTESIAN_POINT('Ctrl Pts',(22.3148231750014,5.57335657621951,-28.2122781761023));
#2583=CARTESIAN_POINT('Ctrl Pts',(22.2859513009051,5.6865081213068,-28.2281405056099));
#2584=CARTESIAN_POINT('Ctrl Pts',(22.2584970487498,5.79410387488392,-28.2432239876388));
#2585=CARTESIAN_POINT('Ctrl Pts',(22.2303718100642,5.90107801406599,-28.2587021630107));
#2586=CARTESIAN_POINT('Ctrl Pts',(22.2015780245829,6.00748976015426,-28.2745781116035));
#2587=CARTESIAN_POINT('Ctrl Pts',(22.1708879852932,6.12090939615392,-28.2914995923305));
#2588=CARTESIAN_POINT('Ctrl Pts',(22.1394371932763,6.23369569316867,-28.3088738751188));
#2589=CARTESIAN_POINT('Ctrl Pts',(22.1072119573652,6.34595772694157,-28.3267070357717));
#2590=CARTESIAN_POINT('Ctrl Pts',(22.0753679791327,6.45689158541368,-28.344329211796));
#2591=CARTESIAN_POINT('Ctrl Pts',(22.0427673250469,6.56731395164207,-28.3623995003723));
#2592=CARTESIAN_POINT('Ctrl Pts',(22.0094076217091,6.67727310669969,-28.3809117615736));
#2593=CARTESIAN_POINT('Ctrl Pts',(21.9739741815287,6.79406764481551,-28.4005747991384));
#2594=CARTESIAN_POINT('Ctrl Pts',(21.9376841997742,6.91033920703578,-28.4207363962644));
#2595=CARTESIAN_POINT('Ctrl Pts',(21.9005508531833,7.02608513520399,-28.4413765464732));
#2596=CARTESIAN_POINT('Ctrl Pts',(21.8601388914763,7.15205062030821,-28.4638390777676));
#2597=CARTESIAN_POINT('Ctrl Pts',(21.8187278550963,7.27739298066819,-28.4868682932089));
#2598=CARTESIAN_POINT('Ctrl Pts',(21.7763566335815,7.40204645804599,-28.5104251649114));
#2599=CARTESIAN_POINT('Ctrl Pts',(21.7275869970475,7.54552367128347,-28.5375393247052));
#2600=CARTESIAN_POINT('Ctrl Pts',(21.6775450076416,7.68808711601573,-28.5653523217013));
#2601=CARTESIAN_POINT('Ctrl Pts',(21.6263227804509,7.82956978356736,-28.5937900980658));
#2602=CARTESIAN_POINT('Ctrl Pts',(21.5617836781894,8.0078354477162,-28.6296211943991));
#2603=CARTESIAN_POINT('Ctrl Pts',(21.4953711542981,8.18438012153007,-28.6664430947386));
#2604=CARTESIAN_POINT('Ctrl Pts',(21.4273228989441,8.35881770254549,-28.7040953855196));
#2605=CARTESIAN_POINT('Ctrl Pts',(21.3745077990915,8.49420601208317,-28.7333189047255));
#2606=CARTESIAN_POINT('Ctrl Pts',(21.3207093513456,8.62832243210714,-28.7630420418324));
#2607=CARTESIAN_POINT('Ctrl Pts',(21.2660442800423,8.76101367875205,-28.7931953183108));
#2608=CARTESIAN_POINT('Ctrl Pts',(21.218730085165,8.87586177741166,-28.81929384824));
#2609=CARTESIAN_POINT('Ctrl Pts',(21.1707673118639,8.98964172083296,-28.8457144776805));
#2610=CARTESIAN_POINT('Ctrl Pts',(21.1222221855861,9.1022925652132,-28.8724205975673));
#2611=CARTESIAN_POINT('Ctrl Pts',(21.0774807621148,9.20611677001526,-28.8970341872465));
#2612=CARTESIAN_POINT('Ctrl Pts',(21.0322450704221,9.3089815988495,-28.9218901982489));
#2613=CARTESIAN_POINT('Ctrl Pts',(20.9865515164808,9.41087963189929,-28.9469691243838));
#2614=CARTESIAN_POINT('Ctrl Pts',(20.9434111503792,9.50708397740632,-28.9706467323082));
#2615=CARTESIAN_POINT('Ctrl Pts',(20.899862967989,9.60242636614353,-28.994522979915));
#2616=CARTESIAN_POINT('Ctrl Pts',(20.8559183428664,9.69694127422085,-29.018590961061));
#2617=CARTESIAN_POINT('Ctrl Pts',(20.8140399322462,9.78701222417566,-29.0415272995647));
#2618=CARTESIAN_POINT('Ctrl Pts',(20.7718017232113,9.8763315773042,-29.0646377251197));
#2619=CARTESIAN_POINT('Ctrl Pts',(20.7291916817452,9.96496925341298,-29.0879258601675));
#2620=CARTESIAN_POINT('Ctrl Pts',(20.672820736175,10.0822324487416,-29.1187348936264));
#2621=CARTESIAN_POINT('Ctrl Pts',(20.6157982850912,10.1983063818238,-29.1498565986142));
#2622=CARTESIAN_POINT('Ctrl Pts',(20.5580385825976,10.3134402425392,-29.181318118087));
#2623=CARTESIAN_POINT('Ctrl Pts',(20.5170950349603,10.3950540408687,-29.2036199334646));
#2624=CARTESIAN_POINT('Ctrl Pts',(20.4757806338258,10.4761948762335,-29.226092036201));
#2625=CARTESIAN_POINT('Ctrl Pts',(20.4340861185658,10.5568993790334,-29.2487241907217));
#2626=CARTESIAN_POINT('Ctrl Pts',(20.3892449464226,10.6436945961075,-29.2730643786459));
#2627=CARTESIAN_POINT('Ctrl Pts',(20.3439641194093,10.7299846666693,-29.2975894967179));
#2628=CARTESIAN_POINT('Ctrl Pts',(20.2982577016901,10.815763231311,-29.3222677572385));
#2629=CARTESIAN_POINT('Ctrl Pts',(20.2466616148036,10.9125951095264,-29.3501260261111));
#2630=CARTESIAN_POINT('Ctrl Pts',(20.194523232161,11.0087744250657,-29.3781791097257));
#2631=CARTESIAN_POINT('Ctrl Pts',(20.1418945600532,11.1042371881953,-29.4063618147574));
#2632=CARTESIAN_POINT('Ctrl Pts',(20.0621859449787,11.248820061665,-29.4490458555504));
#2633=CARTESIAN_POINT('Ctrl Pts',(19.981352441566,11.3917557776475,-29.4920249714849));
#2634=CARTESIAN_POINT('Ctrl Pts',(19.8996573359725,11.5327203170317,-29.5350445095141));
#2635=CARTESIAN_POINT('Ctrl Pts',(19.84488022462,11.6272379777227,-29.5638893957265));
#2636=CARTESIAN_POINT('Ctrl Pts',(19.7897181381375,11.7208667958227,-29.5927516559417));
#2637=CARTESIAN_POINT('Ctrl Pts',(19.7342496582022,11.8135257407662,-29.6215663097914));
#2638=CARTESIAN_POINT('Ctrl Pts',(19.6856125141631,11.8947730808229,-29.6468322350766));
#2639=CARTESIAN_POINT('Ctrl Pts',(19.6367403807699,11.975274186117,-29.6720613434247));
#2640=CARTESIAN_POINT('Ctrl Pts',(19.5876715245359,12.0550041164193,-29.6972254286548));
#2641=CARTESIAN_POINT('Ctrl Pts',(19.5422380549352,12.128827059171,-29.7205251708758));
#2642=CARTESIAN_POINT('Ctrl Pts',(19.496636302862,12.2019885647688,-29.7437690281316));
#2643=CARTESIAN_POINT('Ctrl Pts',(19.4508768761,12.2745015683244,-29.7669512848092));
#2644=CARTESIAN_POINT('Ctrl Pts',(19.4075671974285,12.3431325610123,-29.7888924706727));
#2645=CARTESIAN_POINT('Ctrl Pts',(19.3641165582094,12.411182435971,-29.8107783717903));
#2646=CARTESIAN_POINT('Ctrl Pts',(19.3205109719783,12.4786960769812,-29.8326213875896));
#2647=CARTESIAN_POINT('Ctrl Pts',(19.2756074994359,12.5482192089322,-29.8551145437415));
#2648=CARTESIAN_POINT('Ctrl Pts',(19.2305403612093,12.6171730900501,-29.8775619063829));
#2649=CARTESIAN_POINT('Ctrl Pts',(19.1852616021396,12.6856508409094,-29.8999995736374));
#2650=CARTESIAN_POINT('Ctrl Pts',(19.1438811736367,12.7482329154119,-29.9205054422758));
#2651=CARTESIAN_POINT('Ctrl Pts',(19.102319938669,12.8104232712842,-29.9410073047085));
#2652=CARTESIAN_POINT('Ctrl Pts',(19.0605454685209,12.8722805455151,-29.9615168145118));
#2653=CARTESIAN_POINT('Ctrl Pts',(19.0161376206924,12.9380371765722,-29.9833192021221));
#2654=CARTESIAN_POINT('Ctrl Pts',(18.9714888381007,13.003417117607,-30.0051299198026));
#2655=CARTESIAN_POINT('Ctrl Pts',(18.926585489307,13.0684490937507,-30.0269269198491));
#2656=CARTESIAN_POINT('Ctrl Pts',(18.8776196251885,13.1393646711577,-30.0506959475751));
#2657=CARTESIAN_POINT('Ctrl Pts',(18.8283511360973,13.2098660537313,-30.0744481590256));
#2658=CARTESIAN_POINT('Ctrl Pts',(18.7787908997932,13.2799477537317,-30.0981196201827));
#2659=CARTESIAN_POINT('Ctrl Pts',(18.7191091408095,13.3643420068772,-30.1266254253388));
#2660=CARTESIAN_POINT('Ctrl Pts',(18.6590043899592,13.4481269922169,-30.1550129930166));
#2661=CARTESIAN_POINT('Ctrl Pts',(18.5985354036803,13.5312409201097,-30.1831334399303));
#2662=CARTESIAN_POINT('Ctrl Pts',(18.5289635761486,13.6268665988695,-30.2154870645432));
#2663=CARTESIAN_POINT('Ctrl Pts',(18.4589119060581,13.7216002208108,-30.2474823245584));
#2664=CARTESIAN_POINT('Ctrl Pts',(18.3884996548054,13.8153204973761,-30.2788955861318));
#2665=CARTESIAN_POINT('Ctrl Pts',(18.3350939069807,13.8864047386448,-30.3027216774169));
#2666=CARTESIAN_POINT('Ctrl Pts',(18.2814819137413,13.9569048726064,-30.326212335139));
#2667=CARTESIAN_POINT('Ctrl Pts',(18.2277083436952,14.0267832569404,-30.3493006865697));
#2668=CARTESIAN_POINT('Ctrl Pts',(18.1794173892587,14.0895370200081,-30.3700350087655));
#2669=CARTESIAN_POINT('Ctrl Pts',(18.1309965860788,14.1517889633048,-30.3904445274449));
#2670=CARTESIAN_POINT('Ctrl Pts',(18.0824622868424,14.2135343122294,-30.4105148821296));
#2671=CARTESIAN_POINT('Ctrl Pts',(18.0383414133797,14.269664899663,-30.428760155953));
#2672=CARTESIAN_POINT('Ctrl Pts',(17.9941269398067,14.3253767426047,-30.4467250756314));
#2673=CARTESIAN_POINT('Ctrl Pts',(17.9498130735834,14.3806888090736,-30.464431113793));
#2674=CARTESIAN_POINT('Ctrl Pts',(17.9071967864105,14.4338819765776,-30.481458867661));
#2675=CARTESIAN_POINT('Ctrl Pts',(17.8644888298539,14.4867052336977,-30.4982469616135));
#2676=CARTESIAN_POINT('Ctrl Pts',(17.821663189729,14.5391994673661,-30.5148482813245));
#2677=CARTESIAN_POINT('Ctrl Pts',(17.7808987022613,14.5891672092202,-30.5306505971179));
#2678=CARTESIAN_POINT('Ctrl Pts',(17.7400277273416,14.6388367840363,-30.5462836022174));
#2679=CARTESIAN_POINT('Ctrl Pts',(17.699005845885,14.688267156725,-30.5618262198455));
#2680=CARTESIAN_POINT('Ctrl Pts',(17.6670290471032,14.7267984240648,-30.5739417820477));
#2681=CARTESIAN_POINT('Ctrl Pts',(17.6349601745575,14.7651847742325,-30.5860030187823));
#2682=CARTESIAN_POINT('Ctrl Pts',(17.6027673030387,14.8034652455116,-30.5980630253406));
#2683=CARTESIAN_POINT('Ctrl Pts',(18.5391949476165,19.419270023881,-18.4464205954158));
#2684=CARTESIAN_POINT('Ctrl Pts',(17.9806982230794,18.4500698811074,-20.0319773560955));
#2685=CARTESIAN_POINT('Ctrl Pts',(17.0896691085747,16.4395049609544,-24.0353405917859));
#2686=CARTESIAN_POINT('Ctrl Pts',(17.2435652149322,15.230591642395,-28.283441859502));
#2687=CARTESIAN_POINT('Ctrl Pts',(17.6027673030387,14.8034652455116,-30.5980630253406));
#2688=CARTESIAN_POINT('Ctrl Pts',(-1.11175764427873E-8,1.91965779383629E-8,
29.0197034615272));
#2689=CARTESIAN_POINT('Ctrl Pts',(-0.141894981843645,-0.246014224585904,
29.0197034614683));
#2690=CARTESIAN_POINT('Ctrl Pts',(-0.425830278177406,-0.737643769927284,
29.020582372864));
#2691=CARTESIAN_POINT('Ctrl Pts',(-0.854871785451565,-1.4785644831013,29.0229510658101));
#2692=CARTESIAN_POINT('Ctrl Pts',(-1.28965885065517,-2.22927511649741,29.0243575369544));
#2693=CARTESIAN_POINT('Ctrl Pts',(-1.73314309999951,-2.99737010992113,29.0220669036839));
#2694=CARTESIAN_POINT('Ctrl Pts',(-2.18923587677828,-3.78994474481047,29.0124803019823));
#2695=CARTESIAN_POINT('Ctrl Pts',(-2.66404241578417,-4.61503666363086,28.9907356756704));
#2696=CARTESIAN_POINT('Ctrl Pts',(-3.1632138457228,-5.48014205261546,28.9505644331568));
#2697=CARTESIAN_POINT('Ctrl Pts',(-3.6912551997857,-6.39253226143867,28.8842809419607));
#2698=CARTESIAN_POINT('Ctrl Pts',(-4.25261321466482,-7.3625604720191,28.7820369033934));
#2699=CARTESIAN_POINT('Ctrl Pts',(-4.85109035412773,-8.39966570768146,28.6318109744798));
#2700=CARTESIAN_POINT('Ctrl Pts',(-5.49000724849171,-9.50896407499979,28.4202527260544));
#2701=CARTESIAN_POINT('Ctrl Pts',(-6.17211544616955,-10.6919847441276,28.1328174954935));
#2702=CARTESIAN_POINT('Ctrl Pts',(-6.89207495525574,-11.9381815715477,27.7578838191506));
#2703=CARTESIAN_POINT('Ctrl Pts',(-7.63945038701707,-13.2313575097911,27.2873631697881));
#2704=CARTESIAN_POINT('Ctrl Pts',(-8.39539758183959,-14.540001746641,26.7221115797233));
#2705=CARTESIAN_POINT('Ctrl Pts',(-9.13745494162753,-15.82832051692,26.0723586465834));
#2706=CARTESIAN_POINT('Ctrl Pts',(-9.85661525392939,-17.076952553659,25.3444814299155));
#2707=CARTESIAN_POINT('Ctrl Pts',(-10.5493887598969,-18.2730422043654,24.5373299592463));
#2708=CARTESIAN_POINT('Ctrl Pts',(-10.9900970444264,-19.0354064611901,23.9433523482542));
#2709=CARTESIAN_POINT('Ctrl Pts',(-11.2116630332267,-19.4191700108905,23.6275338773704));
#2710=CARTESIAN_POINT('Ctrl Pts',(-1.07920787774054,-0.000465373863187698,
29.0197034617478));
#2711=CARTESIAN_POINT('Ctrl Pts',(-1.21215424513689,-0.240909788103454,
29.0202553873943));
#2712=CARTESIAN_POINT('Ctrl Pts',(-1.47931021091641,-0.722008388461282,
29.0218402541246));
#2713=CARTESIAN_POINT('Ctrl Pts',(-1.885755229054,-1.4484088804682,29.0240821296505));
#2714=CARTESIAN_POINT('Ctrl Pts',(-2.30030589560669,-2.18584604330573,29.0241765625592));
#2715=CARTESIAN_POINT('Ctrl Pts',(-2.72619152140792,-2.94217428887291,29.0193038327417));
#2716=CARTESIAN_POINT('Ctrl Pts',(-3.16864480478944,-3.72529020593813,29.0055759357726));
#2717=CARTESIAN_POINT('Ctrl Pts',(-3.63387157310785,-4.54297433606045,28.9777026524677));
#2718=CARTESIAN_POINT('Ctrl Pts',(-4.12508699439687,-5.40044314506731,28.9294377877595));
#2719=CARTESIAN_POINT('Ctrl Pts',(-4.64547579129672,-6.30366793397688,28.8533772436529));
#2720=CARTESIAN_POINT('Ctrl Pts',(-5.1988064709374,-7.26265718874324,28.7400235641607));
#2721=CARTESIAN_POINT('Ctrl Pts',(-5.78858997575181,-8.28645470157953,28.5778487435997));
#2722=CARTESIAN_POINT('Ctrl Pts',(-6.41883968378179,-9.3807224666309,28.3537380046337));
#2723=CARTESIAN_POINT('Ctrl Pts',(-7.08942471523598,-10.5433061449791,28.0547016776205));
#2724=CARTESIAN_POINT('Ctrl Pts',(-7.79200487162087,-11.7598859775847,27.6720801724255));
#2725=CARTESIAN_POINT('Ctrl Pts',(-8.51655902054763,-13.0148112258227,27.1999702869786));
#2726=CARTESIAN_POINT('Ctrl Pts',(-9.24678896648552,-14.2791967388015,26.6402385031104));
#2727=CARTESIAN_POINT('Ctrl Pts',(-9.96406407462007,-15.5206720744633,26.0022935197802));
#2728=CARTESIAN_POINT('Ctrl Pts',(-10.6625549549925,-16.7194425463574,25.2923584123836));
#2729=CARTESIAN_POINT('Ctrl Pts',(-11.3414101088344,-17.8665930046482,24.5082170322153));
#2730=CARTESIAN_POINT('Ctrl Pts',(-11.7765851556579,-18.5983834961054,23.9328250659603));
#2731=CARTESIAN_POINT('Ctrl Pts',(-11.9961509654696,-18.9662456920341,23.6275338773704));
#2732=CARTESIAN_POINT('Ctrl Pts',(-3.24069089674172,-0.00506770439450331,
29.0335638002682));
#2733=CARTESIAN_POINT('Ctrl Pts',(-3.35912103897997,-0.236082066634997,
29.0359670481246));
#2734=CARTESIAN_POINT('Ctrl Pts',(-3.59845596685302,-0.699033533066347,
29.0403919241383));
#2735=CARTESIAN_POINT('Ctrl Pts',(-3.96828708302602,-1.4011795299275,29.044322043315));
#2736=CARTESIAN_POINT('Ctrl Pts',(-4.35373023770515,-2.11932620920933,29.043138378551));
#2737=CARTESIAN_POINT('Ctrl Pts',(-4.75896612046689,-2.86220209040048,29.0333091293494));
#2738=CARTESIAN_POINT('Ctrl Pts',(-5.18649822369238,-3.63521990833874,29.0104530051113));
#2739=CARTESIAN_POINT('Ctrl Pts',(-5.63770498320601,-4.4417413528698,28.9696499960183));
#2740=CARTESIAN_POINT('Ctrl Pts',(-6.11489663179908,-5.28556444119045,28.9052376052667));
#2741=CARTESIAN_POINT('Ctrl Pts',(-6.62056592159655,-6.17186679942094,28.8105559025297));
#2742=CARTESIAN_POINT('Ctrl Pts',(-7.15909839525103,-7.11203859579256,28.6764493417586));
#2743=CARTESIAN_POINT('Ctrl Pts',(-7.73530810418724,-8.11652028968741,28.491155882834));
#2744=CARTESIAN_POINT('Ctrl Pts',(-8.347521924164,-9.18364473908412,28.2438408675847));
#2745=CARTESIAN_POINT('Ctrl Pts',(-8.98864412721076,-10.3019246587444,27.9269550765256));
#2746=CARTESIAN_POINT('Ctrl Pts',(-9.64958491809023,-11.45544392557,27.5366510123435));
#2747=CARTESIAN_POINT('Ctrl Pts',(-10.3231555006818,-12.6314209327139,27.0700111646583));
#2748=CARTESIAN_POINT('Ctrl Pts',(-10.9988031127638,-13.8074634952195,26.5291333183845));
#2749=CARTESIAN_POINT('Ctrl Pts',(-11.6623755186144,-14.9513303722095,25.9238635271217));
#2750=CARTESIAN_POINT('Ctrl Pts',(-12.3153866641423,-16.0487528688387,25.2593513743121));
#2751=CARTESIAN_POINT('Ctrl Pts',(-12.9611270816782,-17.0996144488733,24.5309152242013));
#2752=CARTESIAN_POINT('Ctrl Pts',(-13.3796509136327,-17.7708027201834,24.0001572273532));
#2753=CARTESIAN_POINT('Ctrl Pts',(-13.5925511570869,-18.1079489505387,23.7196820504676));
#2754=CARTESIAN_POINT('Ctrl Pts',(-6.80282503641861,0.000497535646707916,
29.152262531504));
#2755=CARTESIAN_POINT('Ctrl Pts',(-6.90499242866082,-0.227055058307125,
29.1574418978023));
#2756=CARTESIAN_POINT('Ctrl Pts',(-7.11463288190025,-0.685003925278251,
29.1655809614934));
#2757=CARTESIAN_POINT('Ctrl Pts',(-7.44678553998211,-1.38388802044007,29.169467456931));
#2758=CARTESIAN_POINT('Ctrl Pts',(-7.79815760619156,-2.10157442377727,29.1627366303449));
#2759=CARTESIAN_POINT('Ctrl Pts',(-8.17036563609005,-2.84557015798005,29.142082296648));
#2760=CARTESIAN_POINT('Ctrl Pts',(-8.56507626713094,-3.62012491747069,29.1034718466829));
#2761=CARTESIAN_POINT('Ctrl Pts',(-8.98393197838604,-4.4277866160507,29.042327557043));
#2762=CARTESIAN_POINT('Ctrl Pts',(-9.42826537704593,-5.27059024448868,28.9535517073568));
#2763=CARTESIAN_POINT('Ctrl Pts',(-9.89947896279218,-6.15277156282222,28.831123491902));
#2764=CARTESIAN_POINT('Ctrl Pts',(-10.3985553139878,-7.08292949853891,28.6670721051218));
#2765=CARTESIAN_POINT('Ctrl Pts',(-10.9227869772357,-8.06065939542957,28.453929012409));
#2766=CARTESIAN_POINT('Ctrl Pts',(-11.4667802692253,-9.07660061735391,28.1866716595167));
#2767=CARTESIAN_POINT('Ctrl Pts',(-12.0236191399608,-10.1158562919938,27.8634407830856));
#2768=CARTESIAN_POINT('Ctrl Pts',(-12.5875641372706,-11.1641362789732,27.4846232179366));
#2769=CARTESIAN_POINT('Ctrl Pts',(-13.1588102313516,-12.2166538370467,27.0478385964211));
#2770=CARTESIAN_POINT('Ctrl Pts',(-13.731621306294,-13.2523637225132,26.5568737627538));
#2771=CARTESIAN_POINT('Ctrl Pts',(-14.2975851991967,-14.2440636557594,26.0224666978964));
#2772=CARTESIAN_POINT('Ctrl Pts',(-14.8675316930926,-15.193844100022,25.4447994892413));
#2773=CARTESIAN_POINT('Ctrl Pts',(-15.4413036555183,-16.1052146686344,24.8185421122079));
#2774=CARTESIAN_POINT('Ctrl Pts',(-15.8239161251358,-16.6946877141041,24.3655878517598));
#2775=CARTESIAN_POINT('Ctrl Pts',(-16.0189317235739,-16.9883544369889,24.1285961373873));
#2776=CARTESIAN_POINT('Ctrl Pts',(-10.9511531833594,-0.0052238173164406,
29.421354216302));
#2777=CARTESIAN_POINT('Ctrl Pts',(-11.0309661882544,-0.242648583992448,
29.4288744497294));
#2778=CARTESIAN_POINT('Ctrl Pts',(-11.1962019488363,-0.720992829858348,
29.4396133925703));
#2779=CARTESIAN_POINT('Ctrl Pts',(-11.4619168400464,-1.45151361833541,29.4415170081744));
#2780=CARTESIAN_POINT('Ctrl Pts',(-11.7467832612687,-2.20350028143278,29.4270255312324));
#2781=CARTESIAN_POINT('Ctrl Pts',(-12.0518407661613,-2.98429790706083,29.3926988227447));
#2782=CARTESIAN_POINT('Ctrl Pts',(-12.3772091744104,-3.79459614772457,29.3347816702836));
#2783=CARTESIAN_POINT('Ctrl Pts',(-12.7220162193295,-4.63141939411425,29.2498579027641));
#2784=CARTESIAN_POINT('Ctrl Pts',(-13.0847484524235,-5.49066022799333,29.1350529403635));
#2785=CARTESIAN_POINT('Ctrl Pts',(-13.4644210896397,-6.37289722913517,28.987078547085));
#2786=CARTESIAN_POINT('Ctrl Pts',(-13.8613540679185,-7.28421566978895,28.8006638126951));
#2787=CARTESIAN_POINT('Ctrl Pts',(-14.2732177316625,-8.21880778231914,28.5722821199262));
#2788=CARTESIAN_POINT('Ctrl Pts',(-14.6959020414327,-9.16332554537604,28.3014226717676));
#2789=CARTESIAN_POINT('Ctrl Pts',(-15.1253245532381,-10.1022656212256,27.9903903911981));
#2790=CARTESIAN_POINT('Ctrl Pts',(-15.5623513026989,-11.0295726858762,27.640266513354));
#2791=CARTESIAN_POINT('Ctrl Pts',(-16.0116691031285,-11.9457805986009,27.2488346431917));
#2792=CARTESIAN_POINT('Ctrl Pts',(-16.4686076591732,-12.8325388379099,26.8216839254452));
#2793=CARTESIAN_POINT('Ctrl Pts',(-16.9306240777112,-13.6760524168326,26.3670299081927));
#2794=CARTESIAN_POINT('Ctrl Pts',(-17.4141039854457,-14.4919607400213,25.8805962476153));
#2795=CARTESIAN_POINT('Ctrl Pts',(-17.9208493366499,-15.2906057323947,25.3562789028021));
#2796=CARTESIAN_POINT('Ctrl Pts',(-18.2563789984601,-15.8018580238612,24.9841155279072));
#2797=CARTESIAN_POINT('Ctrl Pts',(-18.4265798776478,-16.0543076686723,24.7915325027776));
#2798=CARTESIAN_POINT('Ctrl Pts',(-15.4089273941151,-0.00391732830504642,
29.9871585497218));
#2799=CARTESIAN_POINT('Ctrl Pts',(-15.4402540777252,-0.273824938911092,
29.9948029476241));
#2800=CARTESIAN_POINT('Ctrl Pts',(-15.509436751219,-0.815667266747716,30.0027964395606));
#2801=CARTESIAN_POINT('Ctrl Pts',(-15.6335965655933,-1.63411241232793,29.9924903925135));
#2802=CARTESIAN_POINT('Ctrl Pts',(-15.7790233541981,-2.46688998915061,29.9584767092789));
#2803=CARTESIAN_POINT('Ctrl Pts',(-15.9460358431727,-3.31760038775651,29.8983030898967));
#2804=CARTESIAN_POINT('Ctrl Pts',(-16.1339516899643,-4.18050344769509,29.8102153429468));
#2805=CARTESIAN_POINT('Ctrl Pts',(-16.3416157537328,-5.0470684957368,29.6936789168763));
#2806=CARTESIAN_POINT('Ctrl Pts',(-16.5679918843111,-5.91020663100652,29.5491092840437));
#2807=CARTESIAN_POINT('Ctrl Pts',(-16.8144775890245,-6.77409526915443,29.375173890688));
#2808=CARTESIAN_POINT('Ctrl Pts',(-17.0826225674005,-7.64296194302831,29.1691179805937));
#2809=CARTESIAN_POINT('Ctrl Pts',(-17.3706194246377,-8.50752560824878,28.9313534338986));
#2810=CARTESIAN_POINT('Ctrl Pts',(-17.6760095113857,-9.35574241132326,28.6647899598541));
#2811=CARTESIAN_POINT('Ctrl Pts',(-17.9973227418575,-10.1783449872561,28.3735299635538));
#2812=CARTESIAN_POINT('Ctrl Pts',(-18.3400693674214,-10.9823449539769,28.0566253097191));
#2813=CARTESIAN_POINT('Ctrl Pts',(-18.7074536714813,-11.7713571844455,27.7125139411578));
#2814=CARTESIAN_POINT('Ctrl Pts',(-19.0952832305894,-12.534437865623,27.3467743556699));
#2815=CARTESIAN_POINT('Ctrl Pts',(-19.4993091772246,-13.2662525340317,26.9644978601881));
#2816=CARTESIAN_POINT('Ctrl Pts',(-19.9244589397242,-13.9795251371433,26.5599859676441));
#2817=CARTESIAN_POINT('Ctrl Pts',(-20.3520809890015,-14.665952454062,26.1329064240366));
#2818=CARTESIAN_POINT('Ctrl Pts',(-20.6286685977746,-15.1008474149895,25.8352856450908));
#2819=CARTESIAN_POINT('Ctrl Pts',(-20.7684647540472,-15.3151347092753,25.6825743385161));
#2820=CARTESIAN_POINT('Ctrl Pts',(-17.5511391612665,-0.00478616244307557,
30.6004481821848));
#2821=CARTESIAN_POINT('Ctrl Pts',(-17.560008258156,-0.304494231097764,30.6035178152453));
#2822=CARTESIAN_POINT('Ctrl Pts',(-17.5866847259275,-0.903358270269497,
30.6004197130674));
#2823=CARTESIAN_POINT('Ctrl Pts',(-17.6542385034571,-1.79725629237545,30.5687587454762));
#2824=CARTESIAN_POINT('Ctrl Pts',(-17.7503014507432,-2.69529870511017,30.5096556291397));
#2825=CARTESIAN_POINT('Ctrl Pts',(-17.8750971489166,-3.5978822937133,30.4219375772362));
#2826=CARTESIAN_POINT('Ctrl Pts',(-18.0276709306091,-4.49603495526392,30.3058144303793));
#2827=CARTESIAN_POINT('Ctrl Pts',(-18.2065373602349,-5.37966137588664,30.1630471807234));
#2828=CARTESIAN_POINT('Ctrl Pts',(-18.4106008761114,-6.24335392761612,29.995943049178));
#2829=CARTESIAN_POINT('Ctrl Pts',(-18.6414813837214,-7.09557603885653,29.8037275521126));
#2830=CARTESIAN_POINT('Ctrl Pts',(-18.8987841282845,-7.93775637114002,29.5856853238727));
#2831=CARTESIAN_POINT('Ctrl Pts',(-19.1788532206935,-8.76102641043178,29.3441491773492));
#2832=CARTESIAN_POINT('Ctrl Pts',(-19.4773278286134,-9.5560687479974,29.0830718518168));
#2833=CARTESIAN_POINT('Ctrl Pts',(-19.7913702921869,-10.3193183768839,28.8058080832938));
#2834=CARTESIAN_POINT('Ctrl Pts',(-20.1242000730973,-11.0623676922957,28.5094768178413));
#2835=CARTESIAN_POINT('Ctrl Pts',(-20.4721990207944,-11.783924792173,28.1942235417922));
#2836=CARTESIAN_POINT('Ctrl Pts',(-20.8258774422977,-12.4725464076488,27.8655658914441));
#2837=CARTESIAN_POINT('Ctrl Pts',(-21.1830961639087,-13.1280051743056,27.5260681885264));
#2838=CARTESIAN_POINT('Ctrl Pts',(-21.5500116208561,-13.7642600270233,27.1696675580222));
#2839=CARTESIAN_POINT('Ctrl Pts',(-21.9121074402729,-14.3754302070806,26.7965192464332));
#2840=CARTESIAN_POINT('Ctrl Pts',(-22.1427254832339,-14.7623663371674,26.5385960819142));
#2841=CARTESIAN_POINT('Ctrl Pts',(-22.2586622674082,-14.9529594844199,26.4068327341887));
#2842=CARTESIAN_POINT('Ctrl Pts',(-18.579433958274,-0.00487988413635046,
30.9640052731052));
#2843=CARTESIAN_POINT('Ctrl Pts',(-18.5792788171474,-0.324130228543714,
30.9638785786297));
#2844=CARTESIAN_POINT('Ctrl Pts',(-18.5901079483877,-0.960237114142359,
30.9534319731634));
#2845=CARTESIAN_POINT('Ctrl Pts',(-18.6397499161797,-1.90332878854668,30.9085270787507));
#2846=CARTESIAN_POINT('Ctrl Pts',(-18.7229782976907,-2.84391564564906,30.8344941654658));
#2847=CARTESIAN_POINT('Ctrl Pts',(-18.839009113705,-3.78037772337389,30.7309369092923));
#2848=CARTESIAN_POINT('Ctrl Pts',(-18.985767383386,-4.70205603961425,30.5992219390047));
#2849=CARTESIAN_POINT('Ctrl Pts',(-19.1606723136854,-5.59829500615961,30.4423526875376));
#2850=CARTESIAN_POINT('Ctrl Pts',(-19.361948722718,-6.46558750561614,30.2633032796108));
#2851=CARTESIAN_POINT('Ctrl Pts',(-19.590406763476,-7.31373035130268,30.0615509084814));
#2852=CARTESIAN_POINT('Ctrl Pts',(-19.844019449157,-8.1424621611837,29.8374782662728));
#2853=CARTESIAN_POINT('Ctrl Pts',(-20.1179908023891,-8.94335725476255,29.5942201726112));
#2854=CARTESIAN_POINT('Ctrl Pts',(-20.407238765897,-9.70875879265053,29.3360014985803));
#2855=CARTESIAN_POINT('Ctrl Pts',(-20.7092198863514,-10.4388385712216,29.0652634622579));
#2856=CARTESIAN_POINT('Ctrl Pts',(-21.0264428682525,-11.1462439189595,28.7786191671773));
#2857=CARTESIAN_POINT('Ctrl Pts',(-21.3537358262204,-11.8284415185784,28.4769398088521));
#2858=CARTESIAN_POINT('Ctrl Pts',(-21.682058139493,-12.4760420872802,28.1652202977771));
#2859=CARTESIAN_POINT('Ctrl Pts',(-22.0111164693212,-13.0921110901725,27.8445043011709));
#2860=CARTESIAN_POINT('Ctrl Pts',(-22.3456508926947,-13.6895132017512,27.5089708764014));
#2861=CARTESIAN_POINT('Ctrl Pts',(-22.6717401081933,-14.2623330330512,27.1591672404338));
#2862=CARTESIAN_POINT('Ctrl Pts',(-22.8774298205846,-14.6248707958439,26.9182510647955));
#2863=CARTESIAN_POINT('Ctrl Pts',(-22.9805413741755,-14.8034652455107,26.7954025119509));
#2864=CARTESIAN_POINT('',(-1.11175764427873E-8,1.91965779383629E-8,29.0197034615272));
#2865=CARTESIAN_POINT('',(-11.2116630332268,-19.4191700108905,23.6275338773704));
#2866=CARTESIAN_POINT('Ctrl Pts',(-1.11175764427873E-8,1.91965779383629E-8,
29.0197034615272));
#2867=CARTESIAN_POINT('Ctrl Pts',(-0.141894981843645,-0.246014224585904,
29.0197034614683));
#2868=CARTESIAN_POINT('Ctrl Pts',(-0.425830278177406,-0.737643769927284,
29.020582372864));
#2869=CARTESIAN_POINT('Ctrl Pts',(-0.854871785451565,-1.4785644831013,29.0229510658101));
#2870=CARTESIAN_POINT('Ctrl Pts',(-1.28965885065517,-2.22927511649741,29.0243575369544));
#2871=CARTESIAN_POINT('Ctrl Pts',(-1.73314309999951,-2.99737010992113,29.0220669036839));
#2872=CARTESIAN_POINT('Ctrl Pts',(-2.18923587677828,-3.78994474481047,29.0124803019823));
#2873=CARTESIAN_POINT('Ctrl Pts',(-2.66404241578417,-4.61503666363086,28.9907356756704));
#2874=CARTESIAN_POINT('Ctrl Pts',(-3.1632138457228,-5.48014205261546,28.9505644331568));
#2875=CARTESIAN_POINT('Ctrl Pts',(-3.6912551997857,-6.39253226143867,28.8842809419607));
#2876=CARTESIAN_POINT('Ctrl Pts',(-4.25261321466482,-7.3625604720191,28.7820369033934));
#2877=CARTESIAN_POINT('Ctrl Pts',(-4.85109035412773,-8.39966570768146,28.6318109744798));
#2878=CARTESIAN_POINT('Ctrl Pts',(-5.49000724849171,-9.50896407499979,28.4202527260544));
#2879=CARTESIAN_POINT('Ctrl Pts',(-6.17211544616955,-10.6919847441276,28.1328174954935));
#2880=CARTESIAN_POINT('Ctrl Pts',(-6.89207495525574,-11.9381815715477,27.7578838191506));
#2881=CARTESIAN_POINT('Ctrl Pts',(-7.63945038701707,-13.2313575097911,27.2873631697881));
#2882=CARTESIAN_POINT('Ctrl Pts',(-8.39539758183959,-14.540001746641,26.7221115797233));
#2883=CARTESIAN_POINT('Ctrl Pts',(-9.13745494162753,-15.82832051692,26.0723586465834));
#2884=CARTESIAN_POINT('Ctrl Pts',(-9.85661525392939,-17.076952553659,25.3444814299155));
#2885=CARTESIAN_POINT('Ctrl Pts',(-10.5493887598969,-18.2730422043654,24.5373299592463));
#2886=CARTESIAN_POINT('Ctrl Pts',(-10.9900970444264,-19.0354064611901,23.9433523482542));
#2887=CARTESIAN_POINT('Ctrl Pts',(-11.2116630332267,-19.4191700108905,23.6275338773704));
#2888=CARTESIAN_POINT('',(-18.579433958274,-0.00487988413635046,30.9640052731052));
#2889=CARTESIAN_POINT('Ctrl Pts',(-1.11175764427873E-8,1.91965779383629E-8,
29.0197034615272));
#2890=CARTESIAN_POINT('Ctrl Pts',(-1.07920787774054,-0.000465373863187698,
29.0197034617478));
#2891=CARTESIAN_POINT('Ctrl Pts',(-3.24069089674172,-0.00506770439450331,
29.0335638002682));
#2892=CARTESIAN_POINT('Ctrl Pts',(-6.80282503641861,0.000497535646707916,
29.152262531504));
#2893=CARTESIAN_POINT('Ctrl Pts',(-10.9511531833594,-0.0052238173164406,
29.421354216302));
#2894=CARTESIAN_POINT('Ctrl Pts',(-15.4089273941151,-0.00391732830504642,
29.9871585497218));
#2895=CARTESIAN_POINT('Ctrl Pts',(-17.5511391612665,-0.00478616244307557,
30.6004481821848));
#2896=CARTESIAN_POINT('Ctrl Pts',(-18.579433958274,-0.00487988413635046,
30.9640052731052));
#2897=CARTESIAN_POINT('',(-22.9805413741755,-14.8034652455107,26.7954025119509));
#2898=CARTESIAN_POINT('Ctrl Pts',(-18.579433958274,-0.00487988413634227,
30.9640052731052));
#2899=CARTESIAN_POINT('Ctrl Pts',(-18.5793663466695,-0.144011451121792,
30.9639500587532));
#2900=CARTESIAN_POINT('Ctrl Pts',(-18.5803557497065,-0.282934232924071,
30.962929119698));
#2901=CARTESIAN_POINT('Ctrl Pts',(-18.5824032246944,-0.421560322865863,
30.9609575936441));
#2902=CARTESIAN_POINT('Ctrl Pts',(-18.5843153143618,-0.551020030928039,
30.9591164309345));
#2903=CARTESIAN_POINT('Ctrl Pts',(-18.5871500906939,-0.680220631288123,
30.9564465311544));
#2904=CARTESIAN_POINT('Ctrl Pts',(-18.5909074667049,-0.809135444875134,
30.9529616812802));
#2905=CARTESIAN_POINT('Ctrl Pts',(-18.5944778908607,-0.931635977989873,
30.9496502234613));
#2906=CARTESIAN_POINT('Ctrl Pts',(-18.5988813134228,-1.05387820572443,30.9456031446076));
#2907=CARTESIAN_POINT('Ctrl Pts',(-18.604117901565,-1.17588550640043,30.9408298368881));
#2908=CARTESIAN_POINT('Ctrl Pts',(-18.6092620213194,-1.29573838551861,30.9361408168874));
#2909=CARTESIAN_POINT('Ctrl Pts',(-18.6152100609286,-1.41536415891116,30.9307512562436));
#2910=CARTESIAN_POINT('Ctrl Pts',(-18.6219635583956,-1.53483586944479,30.9246638827264));
#2911=CARTESIAN_POINT('Ctrl Pts',(-18.6285531822552,-1.65140859907548,30.9187242193199));
#2912=CARTESIAN_POINT('Ctrl Pts',(-18.6359101383968,-1.7678435918077,30.9121197186325));
#2913=CARTESIAN_POINT('Ctrl Pts',(-18.6440351729691,-1.88420944357319,30.904847040486));
#2914=CARTESIAN_POINT('Ctrl Pts',(-18.6525360265961,-2.00595773451825,30.8972379685676));
#2915=CARTESIAN_POINT('Ctrl Pts',(-18.6618777134151,-2.12763007409781,30.8888972372111));
#2916=CARTESIAN_POINT('Ctrl Pts',(-18.6720563428752,-2.24924696443932,30.8798203954257));
#2917=CARTESIAN_POINT('Ctrl Pts',(-18.6828438977966,-2.37813945326308,30.8702005414309));
#2918=CARTESIAN_POINT('Ctrl Pts',(-18.6945715874572,-2.50696929454756,30.8597535974066));
#2919=CARTESIAN_POINT('Ctrl Pts',(-18.7072286101281,-2.63570189866749,30.8484776886517));
#2920=CARTESIAN_POINT('Ctrl Pts',(-18.7209392393144,-2.77515057037993,30.8362631412263));
#2921=CARTESIAN_POINT('Ctrl Pts',(-18.73574042124,-2.91448457776005,30.8230755405923));
#2922=CARTESIAN_POINT('Ctrl Pts',(-18.7516103519497,-3.05359971106907,30.8089214179002));
#2923=CARTESIAN_POINT('Ctrl Pts',(-18.7698613812272,-3.21358745250389,30.7926436336819));
#2924=CARTESIAN_POINT('Ctrl Pts',(-18.7895260084543,-3.3732846576103,30.7750869715573));
#2925=CARTESIAN_POINT('Ctrl Pts',(-18.810559291966,-3.53246803332224,30.756280695114));
#2926=CARTESIAN_POINT('Ctrl Pts',(-18.8365280882052,-3.72900418737742,30.733061478737));
#2927=CARTESIAN_POINT('Ctrl Pts',(-18.864583042472,-3.92475226123877,30.7079364306552));
#2928=CARTESIAN_POINT('Ctrl Pts',(-18.894622159199,-4.11924387731458,30.6810037295634));
#2929=CARTESIAN_POINT('Ctrl Pts',(-18.9174407653013,-4.26698549095042,30.6605448491285));
#2930=CARTESIAN_POINT('Ctrl Pts',(-18.9414036924817,-4.41399996255979,30.6390442018524));
#2931=CARTESIAN_POINT('Ctrl Pts',(-18.9664647087317,-4.5601041192494,30.616557757171));
#2932=CARTESIAN_POINT('Ctrl Pts',(-18.9895413247457,-4.6946393467256,30.5958518510635));
#2933=CARTESIAN_POINT('Ctrl Pts',(-19.0135487437954,-4.8284017399413,30.5743106044463));
#2934=CARTESIAN_POINT('Ctrl Pts',(-19.0384545387289,-4.96128773110498,30.5519797234957));
#2935=CARTESIAN_POINT('Ctrl Pts',(-19.0625820275707,-5.0900210350448,30.5303466825748));
#2936=CARTESIAN_POINT('Ctrl Pts',(-19.0875523627597,-5.2179309628336,30.5079730691061));
#2937=CARTESIAN_POINT('Ctrl Pts',(-19.1133434303813,-5.34497541248834,30.4848953257168));
#2938=CARTESIAN_POINT('Ctrl Pts',(-19.1365964570058,-5.45951770339573,30.4640886111854));
#2939=CARTESIAN_POINT('Ctrl Pts',(-19.1605165564042,-5.57335657628456,30.4427097760514));
#2940=CARTESIAN_POINT('Ctrl Pts',(-19.1850956621176,-5.68650812137519,30.4207765552742));
#2941=CARTESIAN_POINT('Ctrl Pts',(-19.2084679227373,-5.79410387494734,30.399920265456));
#2942=CARTESIAN_POINT('Ctrl Pts',(-19.2324359659862,-5.9010780141245,30.3785629279179));
#2943=CARTESIAN_POINT('Ctrl Pts',(-19.2570018823561,-6.00748976020794,30.3567078694898));
#2944=CARTESIAN_POINT('Ctrl Pts',(-19.2831856204791,-6.12090939620684,30.3334135165366));
#2945=CARTESIAN_POINT('Ctrl Pts',(-19.3100498487219,-6.23369569322085,30.3095528530542));
#2946=CARTESIAN_POINT('Ctrl Pts',(-19.3376048591293,-6.34595772699303,30.2851149961543));
#2947=CARTESIAN_POINT('Ctrl Pts',(-19.364833865429,-6.45689158546768,30.2609662642308));
#2948=CARTESIAN_POINT('Ctrl Pts',(-19.392737581579,-6.5673139516986,30.2362535023219));
#2949=CARTESIAN_POINT('Ctrl Pts',(-19.4213110099332,-6.67727310675873,30.2109724261234));
#2950=CARTESIAN_POINT('Ctrl Pts',(-19.4516606462624,-6.79406764487888,30.1841198042006));
#2951=CARTESIAN_POINT('Ctrl Pts',(-19.4827658429119,-6.91033920710344,30.1566258136577));
#2952=CARTESIAN_POINT('Ctrl Pts',(-19.5146033453469,-7.0260851352759,30.1284962088158));
#2953=CARTESIAN_POINT('Ctrl Pts',(-19.5492518768514,-7.15205062038229,30.0978829563611));
#2954=CARTESIAN_POINT('Ctrl Pts',(-19.5847677081843,-7.27739298074443,30.0665166619869));
#2955=CARTESIAN_POINT('Ctrl Pts',(-19.6211010803228,-7.40204645812432,30.0344209818064));
#2956=CARTESIAN_POINT('Ctrl Pts',(-19.6629211008454,-7.54552367136966,29.9974785807896));
#2957=CARTESIAN_POINT('Ctrl Pts',(-19.705824109025,-7.68808711610963,29.9595695397152));
#2958=CARTESIAN_POINT('Ctrl Pts',(-19.7497095774372,-7.82956978366881,29.9207560195753));
#2959=CARTESIAN_POINT('Ctrl Pts',(-19.8050044931171,-8.00783544781484,29.8718516692054));
#2960=CARTESIAN_POINT('Ctrl Pts',(-19.861858021649,-8.18438012162586,29.8215113079864));
#2961=CARTESIAN_POINT('Ctrl Pts',(-19.920039693618,-8.35881770263842,29.7699055611685));
#2962=CARTESIAN_POINT('Ctrl Pts',(-19.9651969250283,-8.49420601215011,29.7298521805712));
#2963=CARTESIAN_POINT('Ctrl Pts',(-20.0111529833437,-8.62832243214851,29.6890382299897));
#2964=CARTESIAN_POINT('Ctrl Pts',(-20.0578034554666,-8.7610136787684,29.6475505986735));
#2965=CARTESIAN_POINT('Ctrl Pts',(-20.0981807837495,-8.87586177743127,29.6116418579233));
#2966=CARTESIAN_POINT('Ctrl Pts',(-20.139077983172,-8.98964172085576,29.5752289980747));
#2967=CARTESIAN_POINT('Ctrl Pts',(-20.1804384632274,-9.10229256523913,29.5383622540564));
#2968=CARTESIAN_POINT('Ctrl Pts',(-20.2185581859471,-9.20611677004254,29.504384165367));
#2969=CARTESIAN_POINT('Ctrl Pts',(-20.2570712217561,-9.30898159887814,29.470020883237));
#2970=CARTESIAN_POINT('Ctrl Pts',(-20.2959470447169,-9.41087963192923,29.4353002294836));
#2971=CARTESIAN_POINT('Ctrl Pts',(-20.332650629585,-9.50708397743596,29.4025196382406));
#2972=CARTESIAN_POINT('Ctrl Pts',(-20.3696774325045,-9.60242636617289,29.3694207673409));
#2973=CARTESIAN_POINT('Ctrl Pts',(-20.4070171511158,-9.69694127424993,29.3360120378284));
#2974=CARTESIAN_POINT('Ctrl Pts',(-20.442601208644,-9.78701222420275,29.304174139817));
#2975=CARTESIAN_POINT('Ctrl Pts',(-20.478469329823,-9.87633157732931,29.2720550496243));
#2976=CARTESIAN_POINT('Ctrl Pts',(-20.5146289412623,-9.96496925343617,29.2396446289511));
#2977=CARTESIAN_POINT('Ctrl Pts',(-20.5624662917597,-10.0822324487641,29.1967672696046));
#2978=CARTESIAN_POINT('Ctrl Pts',(-20.6108156003061,-10.1983063818457,29.1533798888124));
#2979=CARTESIAN_POINT('Ctrl Pts',(-20.6597310394913,-10.3134402425605,29.1094106922201));
#2980=CARTESIAN_POINT('Ctrl Pts',(-20.6944052418845,-10.3950540408876,29.0782426837732));
#2981=CARTESIAN_POINT('Ctrl Pts',(-20.7293636105717,-10.4761948762501,29.046781793749));
#2982=CARTESIAN_POINT('Ctrl Pts',(-20.7645995822366,-10.5568993790476,29.0150158792854));
#2983=CARTESIAN_POINT('Ctrl Pts',(-20.8024947888671,-10.6436945961232,28.9808526127276));
#2984=CARTESIAN_POINT('Ctrl Pts',(-20.8407109009364,-10.7299846666863,28.946336478966));
#2985=CARTESIAN_POINT('Ctrl Pts',(-20.8792132606595,-10.8157632313294,28.9114701419215));
#2986=CARTESIAN_POINT('Ctrl Pts',(-20.9226769840667,-10.91259510955,28.8721109743166));
#2987=CARTESIAN_POINT('Ctrl Pts',(-20.9665051458261,-11.0087744250945,28.832305463617));
#2988=CARTESIAN_POINT('Ctrl Pts',(-21.0106189456513,-11.1042371882291,28.7920809107156));
#2989=CARTESIAN_POINT('Ctrl Pts',(-21.0774313836033,-11.2488200617046,28.7311589213264));
#2990=CARTESIAN_POINT('Ctrl Pts',(-21.144896983846,-11.3917557776927,28.6692747354215));
#2991=CARTESIAN_POINT('Ctrl Pts',(-21.212687895132,-11.5327203170823,28.6065916972219));
#2992=CARTESIAN_POINT('Ctrl Pts',(-21.2581421517705,-11.6272379777657,28.5645623034409));
#2993=CARTESIAN_POINT('Ctrl Pts',(-21.3037411138192,-11.720866795858,28.522175742961));
#2994=CARTESIAN_POINT('Ctrl Pts',(-21.3493973233069,-11.8135257407941,28.4794844431751));
#2995=CARTESIAN_POINT('Ctrl Pts',(-21.3894306474553,-11.894773080849,28.4420508791141));
#2996=CARTESIAN_POINT('Ctrl Pts',(-21.4295075900472,-11.9752741861412,28.404383492653));
#2997=CARTESIAN_POINT('Ctrl Pts',(-21.4695888025358,-12.0550041164417,28.3665089597462));
#2998=CARTESIAN_POINT('Ctrl Pts',(-21.5067005000357,-12.1288270591944,28.331440454556));
#2999=CARTESIAN_POINT('Ctrl Pts',(-21.5438156028427,-12.2019885647932,28.2961946628073));
#3000=CARTESIAN_POINT('Ctrl Pts',(-21.5809251862973,-12.2745015683499,28.2607796804105));
#3001=CARTESIAN_POINT('Ctrl Pts',(-21.6160480942692,-12.343132561037,28.2272606523924));
#3002=CARTESIAN_POINT('Ctrl Pts',(-21.6511658661321,-12.4111824359949,28.1935902972469));
#3003=CARTESIAN_POINT('Ctrl Pts',(-21.6862948543332,-12.4786960770043,28.1597595615515));
#3004=CARTESIAN_POINT('Ctrl Pts',(-21.7224694295296,-12.5482192089974,28.1249218803362));
#3005=CARTESIAN_POINT('Ctrl Pts',(-21.7586553854185,-12.6171730901566,28.0899146291305));
#3006=CARTESIAN_POINT('Ctrl Pts',(-21.7949027406899,-12.6856508410568,28.0547046280844));
#3007=CARTESIAN_POINT('Ctrl Pts',(-21.8280293352169,-12.7482329155614,28.0225260754918));
#3008=CARTESIAN_POINT('Ctrl Pts',(-21.8612124214785,-12.8104232714358,27.9901757215275));
#3009=CARTESIAN_POINT('Ctrl Pts',(-21.8944737961438,-12.8722805456689,27.9576268766306));
#3010=CARTESIAN_POINT('Ctrl Pts',(-21.9298319002547,-12.9380371767269,27.9230262187162));
#3011=CARTESIAN_POINT('Ctrl Pts',(-21.9652781696188,-13.0034171177628,27.8882011820187));
#3012=CARTESIAN_POINT('Ctrl Pts',(-22.0007963612742,-13.0684490939076,27.8531315654596));
#3013=CARTESIAN_POINT('Ctrl Pts',(-22.039527970232,-13.1393646713172,27.8148891152796));
#3014=CARTESIAN_POINT('Ctrl Pts',(-22.078344599644,-13.2098660538933,27.776355742114));
#3015=CARTESIAN_POINT('Ctrl Pts',(-22.1171823460201,-13.2799477538962,27.7375203902738));
#3016=CARTESIAN_POINT('Ctrl Pts',(-22.1639517965289,-13.3643420070568,27.690753823329));
#3017=CARTESIAN_POINT('Ctrl Pts',(-22.210750768963,-13.4481269924113,27.6435490433352));
#3018=CARTESIAN_POINT('Ctrl Pts',(-22.2574193093347,-13.5312409203185,27.595911818631));
#3019=CARTESIAN_POINT('Ctrl Pts',(-22.3111132083059,-13.6268665990435,27.5411034121507));
#3020=CARTESIAN_POINT('Ctrl Pts',(-22.3646291854137,-13.7216002209505,27.485723150902));
#3021=CARTESIAN_POINT('Ctrl Pts',(-22.4177166428492,-13.8153204974823,27.4298089309931));
#3022=CARTESIAN_POINT('Ctrl Pts',(-22.4579820130768,-13.8864047387451,27.3873995395027));
#3023=CARTESIAN_POINT('Ctrl Pts',(-22.4979998819798,-13.9569048727009,27.344683886783));
#3024=CARTESIAN_POINT('Ctrl Pts',(-22.5376923118094,-14.0267832570293,27.3016817958919));
#3025=CARTESIAN_POINT('Ctrl Pts',(-22.573337803056,-14.089537020092,27.263064088157));
#3026=CARTESIAN_POINT('Ctrl Pts',(-22.6087203495252,-14.1517889633837,27.2242156900141));
#3027=CARTESIAN_POINT('Ctrl Pts',(-22.6438209611323,-14.2135343123035,27.185147232098));
#3028=CARTESIAN_POINT('Ctrl Pts',(-22.6757297280792,-14.2696648997355,27.1496314316165));
#3029=CARTESIAN_POINT('Ctrl Pts',(-22.7074053746401,-14.3253767426757,27.1139339327233));
#3030=CARTESIAN_POINT('Ctrl Pts',(-22.7388700762497,-14.3806888091431,27.0780564317016));
#3031=CARTESIAN_POINT('Ctrl Pts',(-22.7691294256116,-14.4338819766465,27.0435533287924));
#3032=CARTESIAN_POINT('Ctrl Pts',(-22.7991933778994,-14.4867052337659,27.008883912521));
#3033=CARTESIAN_POINT('Ctrl Pts',(-22.8291204655998,-14.5391994674336,26.9740412850368));
#3034=CARTESIAN_POINT('Ctrl Pts',(-22.8576071942967,-14.5891672092871,26.9408755962746));
#3035=CARTESIAN_POINT('Ctrl Pts',(-22.885969791158,-14.6388367841028,26.9075530732819));
#3036=CARTESIAN_POINT('Ctrl Pts',(-22.9142974720729,-14.688267156791,26.8740581450847));
#3037=CARTESIAN_POINT('Ctrl Pts',(-22.9363790665755,-14.7267984241083,26.8479486508213));
#3038=CARTESIAN_POINT('Ctrl Pts',(-22.9584401337906,-14.7651847742537,26.8217342400919));
#3039=CARTESIAN_POINT('Ctrl Pts',(-22.9805413741755,-14.8034652455107,26.7954025119509));
#3040=CARTESIAN_POINT('Ctrl Pts',(-11.2117205236511,-19.4192701131803,23.6277276577594));
#3041=CARTESIAN_POINT('Ctrl Pts',(-12.8927460077356,-18.4500827811183,23.6296948856232));
#3042=CARTESIAN_POINT('Ctrl Pts',(-16.9641376636304,-16.4395347279314,24.1240824418657));
#3043=CARTESIAN_POINT('Ctrl Pts',(-20.9180296405544,-15.2305916423941,25.6852031469161));
#3044=CARTESIAN_POINT('Ctrl Pts',(-22.9805413741754,-14.8034652455106,26.795402511951));
#3045=CARTESIAN_POINT('Ctrl Pts',(-1.11175764427873E-8,1.91965779383629E-8,
29.0197034615272));
#3046=CARTESIAN_POINT('Ctrl Pts',(-1.07920787774054,-0.000465373863187698,
29.0197034617478));
#3047=CARTESIAN_POINT('Ctrl Pts',(-3.24069089674172,-0.00506770439450331,
29.0335638002682));
#3048=CARTESIAN_POINT('Ctrl Pts',(-6.80282503641861,0.000497535646707916,
29.152262531504));
#3049=CARTESIAN_POINT('Ctrl Pts',(-10.9511531833594,-0.0052238173164406,
29.421354216302));
#3050=CARTESIAN_POINT('Ctrl Pts',(-15.4089273941151,-0.00391732830504642,
29.9871585497218));
#3051=CARTESIAN_POINT('Ctrl Pts',(-17.5511391612665,-0.00478616244307557,
30.6004481821848));
#3052=CARTESIAN_POINT('Ctrl Pts',(-18.579433958274,-0.00487988413635046,
30.9640052731052));
#3053=CARTESIAN_POINT('Ctrl Pts',(-0.142107110555446,0.245891791121226,
29.0197034616441));
#3054=CARTESIAN_POINT('Ctrl Pts',(-1.21167470742745,0.23946812112878,29.020255387568));
#3055=CARTESIAN_POINT('Ctrl Pts',(-3.35939106673842,0.226335575344772,29.0361593769182));
#3056=CARTESIAN_POINT('Ctrl Pts',(-6.90525994272166,0.227815045107028,29.1574236541208));
#3057=CARTESIAN_POINT('Ctrl Pts',(-11.0309646488053,0.232218049692141,29.4291082694686));
#3058=CARTESIAN_POINT('Ctrl Pts',(-15.4406486169069,0.265962606547458,29.9949759102807));
#3059=CARTESIAN_POINT('Ctrl Pts',(-17.5603103239737,0.29492026197138,30.6037567437018));
#3060=CARTESIAN_POINT('Ctrl Pts',(-18.5795890994006,0.314370460271013,30.9641319675806));
#3061=CARTESIAN_POINT('Ctrl Pts',(-0.42590313792442,0.737601744927552,29.0205823733932));
#3062=CARTESIAN_POINT('Ctrl Pts',(-1.47729665006247,0.719983161682756,29.0219088025016));
#3063=CARTESIAN_POINT('Ctrl Pts',(-3.60038579146141,0.69180223367045,29.0408964126954));
#3064=CARTESIAN_POINT('Ctrl Pts',(-7.11484875926162,0.686149673698839,29.1655898458247));
#3065=CARTESIAN_POINT('Ctrl Pts',(-11.1964619105447,0.713134860818393,29.4402973372733));
#3066=CARTESIAN_POINT('Ctrl Pts',(-15.510541000616,0.811200298600225,30.0033279002209));
#3067=CARTESIAN_POINT('Ctrl Pts',(-17.5875935149677,0.898031478510078,30.6011308015915));
#3068=CARTESIAN_POINT('Ctrl Pts',(-18.5910420218231,0.955174353440016,30.9541799228119));
#3069=CARTESIAN_POINT('Ctrl Pts',(-0.853038544228814,1.47962294854794,29.0229510668413));
#3070=CARTESIAN_POINT('Ctrl Pts',(-1.88097405577864,1.44752222092079,29.0243797790275));
#3071=CARTESIAN_POINT('Ctrl Pts',(-3.9748299983355,1.40166525727444,29.0445700025066));
#3072=CARTESIAN_POINT('Ctrl Pts',(-7.44526479982718,1.38789969968648,29.1694847969398));
#3073=CARTESIAN_POINT('Ctrl Pts',(-11.4631633743481,1.45351007778928,29.4420366474035));
#3074=CARTESIAN_POINT('Ctrl Pts',(-15.6351933220484,1.64145812338775,29.9925041566152));
#3075=CARTESIAN_POINT('Ctrl Pts',(-17.6557278236433,1.80557190966815,30.5687531208168));
#3076=CARTESIAN_POINT('Ctrl Pts',(-18.641266606098,1.91259965975686,30.9084050819859));
#3077=CARTESIAN_POINT('Ctrl Pts',(-1.28577949131601,2.2315149117077,29.0243575384137));
#3078=CARTESIAN_POINT('Ctrl Pts',(-2.29544495022449,2.18789435145433,29.0245430895366));
#3079=CARTESIAN_POINT('Ctrl Pts',(-4.36305320259012,2.12556997926907,29.0424900469972));
#3080=CARTESIAN_POINT('Ctrl Pts',(-7.79439780791597,2.10705480895459,29.1626729599909));
#3081=CARTESIAN_POINT('Ctrl Pts',(-11.7487227408024,2.21230880285127,29.4265777818846));
#3082=CARTESIAN_POINT('Ctrl Pts',(-15.7799471814203,2.47871472154664,29.9573835945337));
#3083=CARTESIAN_POINT('Ctrl Pts',(-17.7511703829136,2.70695672916898,30.5084213118802));
#3084=CARTESIAN_POINT('Ctrl Pts',(-18.7237395731365,2.85524713397977,30.8331538068416));
#3085=CARTESIAN_POINT('Ctrl Pts',(-1.72922714382321,2.99963103756032,29.0220669054463));
#3086=CARTESIAN_POINT('Ctrl Pts',(-2.7241152978332,2.94608830465962,29.0194189097306));
#3087=CARTESIAN_POINT('Ctrl Pts',(-4.76692873474144,2.86695712382343,29.0320044146098));
#3088=CARTESIAN_POINT('Ctrl Pts',(-8.16519944276704,2.84762236432293,29.1421876018918));
#3089=CARTESIAN_POINT('Ctrl Pts',(-12.0532601432999,2.98951805656786,29.3917528458883));
#3090=CARTESIAN_POINT('Ctrl Pts',(-15.9450198115394,3.31971039823195,29.8974814306882));
#3091=CARTESIAN_POINT('Ctrl Pts',(-17.874004307638,3.59754600218376,30.4213873027496));
#3092=CARTESIAN_POINT('Ctrl Pts',(-18.8376976144727,3.77838123146138,30.7306084860856));
#3093=CARTESIAN_POINT('Ctrl Pts',(-2.18757052402931,3.7909062892976,29.0124803038809));
#3094=CARTESIAN_POINT('Ctrl Pts',(-3.16966327031969,3.72791571851098,29.0053667298246));
#3095=CARTESIAN_POINT('Ctrl Pts',(-5.18955791182286,3.63195286748194,29.0096731097369));
#3096=CARTESIAN_POINT('Ctrl Pts',(-8.56028772756579,3.6161023249558,29.1042199654595));
#3097=CARTESIAN_POINT('Ctrl Pts',(-12.3772826145603,3.79031921122736,29.3346746301707));
#3098=CARTESIAN_POINT('Ctrl Pts',(-16.1314812656917,4.17050586978418,29.8112566592833));
#3099=CARTESIAN_POINT('Ctrl Pts',(-18.0254790308489,4.48488377056949,30.3073119970896));
#3100=CARTESIAN_POINT('Ctrl Pts',(-18.9835890525745,4.69031834180687,30.6010021893492));
#3101=CARTESIAN_POINT('Ctrl Pts',(-2.66471781710235,4.61464677647005,28.9907356775062));
#3102=CARTESIAN_POINT('Ctrl Pts',(-3.63527707694795,4.54230575182098,28.9775340799263));
#3103=CARTESIAN_POINT('Ctrl Pts',(-5.63572182315164,4.43131827267241,28.9704293931566));
#3104=CARTESIAN_POINT('Ctrl Pts',(-8.98179885476219,4.42215540770238,29.0434804026037));
#3105=CARTESIAN_POINT('Ctrl Pts',(-12.7215041435626,4.62308227896592,29.2509062455023));
#3106=CARTESIAN_POINT('Ctrl Pts',(-16.3401125355369,5.03646952573044,29.6958469194583));
#3107=CARTESIAN_POINT('Ctrl Pts',(-18.2058345443341,5.37133985163338,30.1650892342195));
#3108=CARTESIAN_POINT('Ctrl Pts',(-19.1603823693608,5.59153589007385,30.4442288755485));
#3109=CARTESIAN_POINT('Ctrl Pts',(-3.16433534645875,5.47949461344047,28.9505644346524));
#3110=CARTESIAN_POINT('Ctrl Pts',(-4.12454183313715,5.3977334553558,28.9296662178376));
#3111=CARTESIAN_POINT('Ctrl Pts',(-6.11167608667037,5.2757496559094,28.9071589566809));
#3112=CARTESIAN_POINT('Ctrl Pts',(-9.42995618424947,5.27029717640966,28.9539552203723));
#3113=CARTESIAN_POINT('Ctrl Pts',(-13.0852581014268,5.48816480388611,29.135909229314));
#3114=CARTESIAN_POINT('Ctrl Pts',(-16.569764144173,5.91176088865444,29.5495950943795));
#3115=CARTESIAN_POINT('Ctrl Pts',(-18.4132334506691,6.24899397153511,29.9954078973403));
#3116=CARTESIAN_POINT('Ctrl Pts',(-19.3649736115294,6.47314199079376,30.2622056965869));
#3117=CARTESIAN_POINT('Ctrl Pts',(-3.69046776907288,6.39298694836312,28.884280942725));
#3118=CARTESIAN_POINT('Ctrl Pts',(-4.64228312602609,6.30212218017084,28.8539722410601));
#3119=CARTESIAN_POINT('Ctrl Pts',(-6.62121275169002,6.17166246948112,28.8114900518208));
#3120=CARTESIAN_POINT('Ctrl Pts',(-9.903827422083,6.16089659115767,28.8295648994169));
#3121=CARTESIAN_POINT('Ctrl Pts',(-13.4665110861642,6.38040503386287,28.9860198652904));
#3122=CARTESIAN_POINT('Ctrl Pts',(-16.8183846938916,6.78624495627704,29.3726608723177));
#3123=CARTESIAN_POINT('Ctrl Pts',(-18.6449895269031,7.10785435268888,29.8007091496634));
#3124=CARTESIAN_POINT('Ctrl Pts',(-19.5935926020873,7.32541552525743,30.0584482109184));
#3125=CARTESIAN_POINT('Ctrl Pts',(-4.24985783510101,7.36415135915458,28.782036902906));
#3126=CARTESIAN_POINT('Ctrl Pts',(-5.19602442855867,7.2648561479331,28.7402308267072));
#3127=CARTESIAN_POINT('Ctrl Pts',(-7.16414538749329,7.1203982025719,28.6749316878343));
#3128=CARTESIAN_POINT('Ctrl Pts',(-10.4019099655539,7.09190388245306,28.6644584858443));
#3129=CARTESIAN_POINT('Ctrl Pts',(-13.8624755589532,7.29189748585126,28.7988166266571));
#3130=CARTESIAN_POINT('Ctrl Pts',(-17.0841003708411,7.64997675769613,29.1667079496191));
#3131=CARTESIAN_POINT('Ctrl Pts',(-18.8986228876032,7.94055659605919,29.5842913671919));
#3132=CARTESIAN_POINT('Ctrl Pts',(-19.843070579179,8.14288308210831,29.8367573176014));
#3133=CARTESIAN_POINT('Ctrl Pts',(-4.84877874661997,8.4010003876438,28.6318109720737));
#3134=CARTESIAN_POINT('Ctrl Pts',(-5.78836092871523,8.29012043765332,28.5773092823939));
#3135=CARTESIAN_POINT('Ctrl Pts',(-7.73987808368364,8.12226755982842,28.4888353688317));
#3136=CARTESIAN_POINT('Ctrl Pts',(-10.9216347167382,8.05974759623646,28.4533566124523));
#3137=CARTESIAN_POINT('Ctrl Pts',(-14.2707711061109,8.21577732564358,28.5728063097986));
#3138=CARTESIAN_POINT('Ctrl Pts',(-17.3674447218585,8.50039101873225,28.9328525358053));
#3139=CARTESIAN_POINT('Ctrl Pts',(-19.1749078767613,8.75132798584946,29.3468651386809));
#3140=CARTESIAN_POINT('Ctrl Pts',(-20.1139815406357,8.93295835719813,29.597381941738));
#3141=CARTESIAN_POINT('Ctrl Pts',(-5.4900008666279,9.50896783688842,28.4202527209998));
#3142=CARTESIAN_POINT('Ctrl Pts',(-6.41995135680617,9.38130731287593,28.3532557806638));
#3143=CARTESIAN_POINT('Ctrl Pts',(-8.34747727461183,9.17911931852468,28.2439239385189));
#3144=CARTESIAN_POINT('Ctrl Pts',(-11.4624378207832,9.06647532855891,28.1895684069581));
#3145=CARTESIAN_POINT('Ctrl Pts',(-14.6922907875522,9.15381549981527,28.3045685031785));
#3146=CARTESIAN_POINT('Ctrl Pts',(-17.6728164473327,9.34528745649205,28.6685385333494));
#3147=CARTESIAN_POINT('Ctrl Pts',(-19.4752361976396,9.54775458221121,29.0865253319915));
#3148=CARTESIAN_POINT('Ctrl Pts',(-20.4059925423348,9.70214046553597,29.3389963348441));
#3149=CARTESIAN_POINT('Ctrl Pts',(-6.17347272121295,10.6912012027997,28.1328174869398));
#3150=CARTESIAN_POINT('Ctrl Pts',(-7.0896797792655,10.5405175345199,28.0551603586523));
#3151=CARTESIAN_POINT('Ctrl Pts',(-8.9858214102077,10.2929713187311,27.9297673409752));
#3152=CARTESIAN_POINT('Ctrl Pts',(-12.022104689178,10.1099308028351,27.8663012138894));
#3153=CARTESIAN_POINT('Ctrl Pts',(-15.1259005909713,10.1000481076686,27.9919668593352));
#3154=CARTESIAN_POINT('Ctrl Pts',(-17.9997233292849,10.1793671241709,28.374050751126));
#3155=CARTESIAN_POINT('Ctrl Pts',(-19.7951800288752,10.3238831164625,28.80492065552));
#3156=CARTESIAN_POINT('Ctrl Pts',(-20.7135497960924,10.4448191290012,29.063714011584));
#3157=CARTESIAN_POINT('Ctrl Pts',(-6.89273107821582,11.9378028451136,27.7578838060404));
#3158=CARTESIAN_POINT('Ctrl Pts',(-7.79150287800878,11.7581223012588,27.672861313177));
#3159=CARTESIAN_POINT('Ctrl Pts',(-9.65026386396075,11.4552102629469,27.5376276659005));
#3160=CARTESIAN_POINT('Ctrl Pts',(-12.591710533909,11.1705246243659,27.4829815913706));
#3161=CARTESIAN_POINT('Ctrl Pts',(-15.5675289540272,11.0380438809706,27.6373058505744));
#3162=CARTESIAN_POINT('Ctrl Pts',(-18.3452365749409,10.9915058768681,28.0531961456251));
#3163=CARTESIAN_POINT('Ctrl Pts',(-20.1285721469941,11.0708190489706,28.5060245858269));
#3164=CARTESIAN_POINT('Ctrl Pts',(-21.0301487643464,11.1537959338947,28.7753897434744));
#3165=CARTESIAN_POINT('Ctrl Pts',(-7.63896657728569,13.2316369280877,27.2873631509995));
#3166=CARTESIAN_POINT('Ctrl Pts',(-8.51686289318943,13.0167834631064,27.1995642485912));
#3167=CARTESIAN_POINT('Ctrl Pts',(-10.3261908920843,12.6377769066325,27.0677255784341));
#3168=CARTESIAN_POINT('Ctrl Pts',(-13.1623069412225,12.2234895276516,27.0443381552231));
#3169=CARTESIAN_POINT('Ctrl Pts',(-16.0132826349371,11.9496396842736,27.2464008721974));
#3170=CARTESIAN_POINT('Ctrl Pts',(-18.7069962814215,11.7725297784444,27.7113781124603));
#3171=CARTESIAN_POINT('Ctrl Pts',(-20.4701761787334,11.7823612745205,28.1942997091964));
#3172=CARTESIAN_POINT('Ctrl Pts',(-21.3510302497195,11.8255195767016,28.477676887763));
#3173=CARTESIAN_POINT('Ctrl Pts',(-8.3943121344411,14.5406285246956,26.7221115540009));
#3174=CARTESIAN_POINT('Ctrl Pts',(-9.24626014807525,14.2806254574371,26.6396265605047));
#3175=CARTESIAN_POINT('Ctrl Pts',(-10.9981180129494,13.8071555713249,26.5283651658301));
#3176=CARTESIAN_POINT('Ctrl Pts',(-13.7286557567109,13.2470283701466,26.5581743480873));
#3177=CARTESIAN_POINT('Ctrl Pts',(-16.4642166840479,12.8252188121416,26.8246683489586));
#3178=CARTESIAN_POINT('Ctrl Pts',(-19.0909140079166,12.52643084219,27.3507027959849));
#3179=CARTESIAN_POINT('Ctrl Pts',(-20.8226149029719,12.4650126296481,27.8696009967685));
#3180=CARTESIAN_POINT('Ctrl Pts',(-21.6795871998534,12.4690479506689,28.1691853017663));
#3181=CARTESIAN_POINT('Ctrl Pts',(-9.13900023853512,15.8274284371645,26.072358612926));
#3182=CARTESIAN_POINT('Ctrl Pts',(-9.96520658058484,15.5180072950901,26.0029291686756));
#3183=CARTESIAN_POINT('Ctrl Pts',(-11.6629723122589,14.9462207482185,25.9258637118235));
#3184=CARTESIAN_POINT('Ctrl Pts',(-14.2986409548161,14.2395019237655,26.0253306494732));
#3185=CARTESIAN_POINT('Ctrl Pts',(-16.9329469387988,13.6731089030414,26.369985444759));
#3186=CARTESIAN_POINT('Ctrl Pts',(-19.503277481338,13.2650766854131,26.9669475701394));
#3187=CARTESIAN_POINT('Ctrl Pts',(-21.1879054504905,13.1278288580541,27.5280238469563));
#3188=CARTESIAN_POINT('Ctrl Pts',(-22.0162414406663,13.0923810069913,27.84622556434));
#3189=CARTESIAN_POINT('Ctrl Pts',(-9.86076714688583,17.0745555570643,25.3444813874986));
#3190=CARTESIAN_POINT('Ctrl Pts',(-10.6668722791798,16.7176529558613,25.2925318740074));
#3191=CARTESIAN_POINT('Ctrl Pts',(-12.3201965839738,16.0484826095613,25.2596084645865));
#3192=CARTESIAN_POINT('Ctrl Pts',(-14.87299385928,15.1952213079513,25.4449987795143));
#3193=CARTESIAN_POINT('Ctrl Pts',(-17.4199665923326,14.4942941773717,25.8806675526707));
#3194=CARTESIAN_POINT('Ctrl Pts',(-19.9301238515921,13.9820394311113,26.5599672088863));
#3195=CARTESIAN_POINT('Ctrl Pts',(-21.5551751763023,13.7666083386774,27.1696181399965));
#3196=CARTESIAN_POINT('Ctrl Pts',(-22.3505401564667,13.6917717007592,27.5089072705332));
#3197=CARTESIAN_POINT('Ctrl Pts',(-10.5502244172184,18.2725598387186,24.5373299071538));
#3198=CARTESIAN_POINT('Ctrl Pts',(-11.3422961800551,17.8664325297351,24.5081438100853));
#3199=CARTESIAN_POINT('Ctrl Pts',(-12.9620756741503,17.0998251123798,24.5307583340129));
#3200=CARTESIAN_POINT('Ctrl Pts',(-15.4422894842028,16.1056894943189,24.8183268967498));
#3201=CARTESIAN_POINT('Ctrl Pts',(-17.9217756520734,15.2911278962773,25.3560668678395));
#3202=CARTESIAN_POINT('Ctrl Pts',(-20.3528472797461,14.6664123766005,26.1327331922966));
#3203=CARTESIAN_POINT('Ctrl Pts',(-21.9127324977573,14.3758164831065,26.7963793784989));
#3204=CARTESIAN_POINT('Ctrl Pts',(-22.6722956649298,14.2626810528766,27.1590434012152));
#3205=CARTESIAN_POINT('Ctrl Pts',(-10.9900970884617,19.0354065373305,23.9433522891965));
#3206=CARTESIAN_POINT('Ctrl Pts',(-11.776585200019,18.5983835721727,23.9328250067139));
#3207=CARTESIAN_POINT('Ctrl Pts',(-13.3796509590077,17.7708027967206,24.0001571676387));
#3208=CARTESIAN_POINT('Ctrl Pts',(-15.8239161728696,16.6946877933011,24.3655877910634));
#3209=CARTESIAN_POINT('Ctrl Pts',(-18.2563790490904,15.8018581076506,24.9841154659201));
#3210=CARTESIAN_POINT('Ctrl Pts',(-20.6286686515242,15.1008475051584,25.8352855814555));
#3211=CARTESIAN_POINT('Ctrl Pts',(-22.1427255390313,14.7623664326432,26.5385960168667));
#3212=CARTESIAN_POINT('Ctrl Pts',(-22.877429877368,14.6248708941956,26.9182509989373));
#3213=CARTESIAN_POINT('Ctrl Pts',(-11.2116630771825,19.4191700870241,23.6275338147162));
#3214=CARTESIAN_POINT('Ctrl Pts',(-11.9961510097263,18.9662457679939,23.6275338147162));
#3215=CARTESIAN_POINT('Ctrl Pts',(-13.5925512023179,18.1079490267966,23.7196819877185));
#3216=CARTESIAN_POINT('Ctrl Pts',(-16.0189317711017,16.9883545157208,24.12859607419));
#3217=CARTESIAN_POINT('Ctrl Pts',(-18.4265799279982,16.0543077518754,24.7915324387663));
#3218=CARTESIAN_POINT('Ctrl Pts',(-20.7684648074487,15.3151347987998,25.6825742732409));
#3219=CARTESIAN_POINT('Ctrl Pts',(-22.2586623228258,14.9529595792297,26.4068326677106));
#3220=CARTESIAN_POINT('Ctrl Pts',(-22.9805414305644,14.8034653431792,26.7954024447683));
#3221=CARTESIAN_POINT('',(-11.2116630771825,19.4191700870241,23.6275338147162));
#3222=CARTESIAN_POINT('Ctrl Pts',(-1.11175764427873E-8,1.91965779383629E-8,
29.0197034615272));
#3223=CARTESIAN_POINT('Ctrl Pts',(-0.142107110555446,0.245891791121226,
29.0197034616441));
#3224=CARTESIAN_POINT('Ctrl Pts',(-0.425903137924419,0.737601744927552,
29.0205823733932));
#3225=CARTESIAN_POINT('Ctrl Pts',(-0.853038544228816,1.47962294854794,29.0229510668413));
#3226=CARTESIAN_POINT('Ctrl Pts',(-1.285779491316,2.2315149117077,29.0243575384137));
#3227=CARTESIAN_POINT('Ctrl Pts',(-1.72922714382321,2.99963103756032,29.0220669054463));
#3228=CARTESIAN_POINT('Ctrl Pts',(-2.1875705240293,3.79090628929762,29.0124803038809));
#3229=CARTESIAN_POINT('Ctrl Pts',(-2.66471781710233,4.61464677647004,28.9907356775062));
#3230=CARTESIAN_POINT('Ctrl Pts',(-3.16433534645874,5.47949461344047,28.9505644346524));
#3231=CARTESIAN_POINT('Ctrl Pts',(-3.69046776907287,6.39298694836314,28.884280942725));
#3232=CARTESIAN_POINT('Ctrl Pts',(-4.24985783510102,7.36415135915459,28.782036902906));
#3233=CARTESIAN_POINT('Ctrl Pts',(-4.84877874661996,8.4010003876438,28.6318109720737));
#3234=CARTESIAN_POINT('Ctrl Pts',(-5.49000086662789,9.50896783688843,28.4202527209998));
#3235=CARTESIAN_POINT('Ctrl Pts',(-6.17347272121294,10.6912012027997,28.1328174869398));
#3236=CARTESIAN_POINT('Ctrl Pts',(-6.89273107821582,11.9378028451136,27.7578838060404));
#3237=CARTESIAN_POINT('Ctrl Pts',(-7.63896657728571,13.2316369280878,27.2873631509995));
#3238=CARTESIAN_POINT('Ctrl Pts',(-8.39431213444108,14.5406285246956,26.7221115540009));
#3239=CARTESIAN_POINT('Ctrl Pts',(-9.13900023853512,15.8274284371645,26.072358612926));
#3240=CARTESIAN_POINT('Ctrl Pts',(-9.86076714688583,17.0745555570642,25.3444813874986));
#3241=CARTESIAN_POINT('Ctrl Pts',(-10.5502244172184,18.2725598387186,24.5373299071538));
#3242=CARTESIAN_POINT('Ctrl Pts',(-10.9900970884617,19.0354065373305,23.9433522891965));
#3243=CARTESIAN_POINT('Ctrl Pts',(-11.2116630771825,19.4191700870241,23.6275338147162));
#3244=CARTESIAN_POINT('',(-22.9805414305644,14.8034653431792,26.7954024447683));
#3245=CARTESIAN_POINT('Ctrl Pts',(-22.9805414305644,14.8034653431791,26.7954024447684));
#3246=CARTESIAN_POINT('Ctrl Pts',(-20.9180296941685,15.230591731895,25.6852030817464));
#3247=CARTESIAN_POINT('Ctrl Pts',(-16.964137711757,16.4395348063029,24.1240823787128));
#3248=CARTESIAN_POINT('Ctrl Pts',(-12.8927460523423,18.4500828569037,23.6296948229776));
#3249=CARTESIAN_POINT('Ctrl Pts',(-11.2117205676079,19.4192701893156,23.6277275951055));
#3250=CARTESIAN_POINT('',(-18.5794367630046,1.2320483230351E-8,30.9640068138095));
#3251=CARTESIAN_POINT('Ctrl Pts',(-22.9805414305645,14.8034653431792,26.7954024447683));
#3252=CARTESIAN_POINT('Ctrl Pts',(-22.9477486387304,14.7466665616006,26.8344722380077));
#3253=CARTESIAN_POINT('Ctrl Pts',(-22.915043627546,14.6896343302514,26.8732840577953));
#3254=CARTESIAN_POINT('Ctrl Pts',(-22.8822866597168,14.6322730779611,26.9118702494651));
#3255=CARTESIAN_POINT('Ctrl Pts',(-22.8484532995089,14.5730269376946,26.9517243815272));
#3256=CARTESIAN_POINT('Ctrl Pts',(-22.8145646619723,14.5134298345209,26.9913376901036));
#3257=CARTESIAN_POINT('Ctrl Pts',(-22.78051487914,14.4534051312786,27.0307313726115));
#3258=CARTESIAN_POINT('Ctrl Pts',(-22.7451338822978,14.3910336957155,27.0716651948117));
#3259=CARTESIAN_POINT('Ctrl Pts',(-22.7095790690912,14.3282006307377,27.1123617416266));
#3260=CARTESIAN_POINT('Ctrl Pts',(-22.6737803098485,14.2648497256368,27.1528314937991));
#3261=CARTESIAN_POINT('Ctrl Pts',(-22.6362542368377,14.19844209754,27.1952539382324));
#3262=CARTESIAN_POINT('Ctrl Pts',(-22.5984603222187,14.1314655443933,27.2374270061776));
#3263=CARTESIAN_POINT('Ctrl Pts',(-22.5603672968131,14.0638863121165,27.2793508322367));
#3264=CARTESIAN_POINT('Ctrl Pts',(-22.5198766708885,13.9920535977216,27.3239133719724));
#3265=CARTESIAN_POINT('Ctrl Pts',(-22.4790483722976,13.9195401014556,27.3681940920097));
#3266=CARTESIAN_POINT('Ctrl Pts',(-22.4378958191209,13.8463377207218,27.412182992966));
#3267=CARTESIAN_POINT('Ctrl Pts',(-22.3930318929727,13.7665335299826,27.4601390649834));
#3268=CARTESIAN_POINT('Ctrl Pts',(-22.3477829855302,13.6859108712514,27.507747991721));
#3269=CARTESIAN_POINT('Ctrl Pts',(-22.3022202741405,13.604493567561,27.554989350514));
#3270=CARTESIAN_POINT('Ctrl Pts',(-22.2490780936206,13.5095322951039,27.6100894255625));
#3271=CARTESIAN_POINT('Ctrl Pts',(-22.1955097262924,13.4134906674137,27.6646888013993));
#3272=CARTESIAN_POINT('Ctrl Pts',(-22.141690710669,13.3164447629728,27.7187533838074));
#3273=CARTESIAN_POINT('Ctrl Pts',(-22.0811510278315,13.2072802194097,27.7795692986624));
#3274=CARTESIAN_POINT('Ctrl Pts',(-22.0202974922755,13.0968478156883,27.8397071637505));
#3275=CARTESIAN_POINT('Ctrl Pts',(-21.9594208323466,12.9852721959573,27.8991336046451));
#3276=CARTESIAN_POINT('Ctrl Pts',(-21.9072174227952,12.8895930345255,27.9500934115041));
#3277=CARTESIAN_POINT('Ctrl Pts',(-21.8549994058581,12.79307499298,28.000530037876));
#3278=CARTESIAN_POINT('Ctrl Pts',(-21.8029368504244,12.6957749425785,28.0504407236691));
#3279=CARTESIAN_POINT('Ctrl Pts',(-21.757995188242,12.6117831761537,28.0935248397199));
#3280=CARTESIAN_POINT('Ctrl Pts',(-21.7131699367606,12.5272091080221,28.1362172419041));
#3281=CARTESIAN_POINT('Ctrl Pts',(-21.6685436796136,12.4420597713439,28.1785293918931));
#3282=CARTESIAN_POINT('Ctrl Pts',(-21.6274462021978,12.3636435391788,28.2174957480196));
#3283=CARTESIAN_POINT('Ctrl Pts',(-21.5865178040515,12.2847397118554,28.2561397185432));
#3284=CARTESIAN_POINT('Ctrl Pts',(-21.5457928034187,12.2053220334439,28.2944804743964));
#3285=CARTESIAN_POINT('Ctrl Pts',(-21.5073555631271,12.1303657083101,28.3306674068161));
#3286=CARTESIAN_POINT('Ctrl Pts',(-21.4690997187122,12.0549518713459,28.3665843251559));
#3287=CARTESIAN_POINT('Ctrl Pts',(-21.4310224714174,11.9790252836532,28.4022554929925));
#3288=CARTESIAN_POINT('Ctrl Pts',(-21.3826204002887,11.8825108463143,28.4475990649557));
#3289=CARTESIAN_POINT('Ctrl Pts',(-21.3345076226989,11.7851681670796,28.492546481536));
#3290=CARTESIAN_POINT('Ctrl Pts',(-21.2866011010572,11.6868039167807,28.5371598821866));
#3291=CARTESIAN_POINT('Ctrl Pts',(-21.2472171107989,11.6059385869096,28.5738365950098));
#3292=CARTESIAN_POINT('Ctrl Pts',(-21.2079700982709,11.5243801472331,28.6102878865202));
#3293=CARTESIAN_POINT('Ctrl Pts',(-21.1688343335368,11.4420546000414,28.6465273535103));
#3294=CARTESIAN_POINT('Ctrl Pts',(-21.127899606693,11.3559447767262,28.6844326478692));
#3295=CARTESIAN_POINT('Ctrl Pts',(-21.0870867541671,11.2689958209953,28.7221059555301));
#3296=CARTESIAN_POINT('Ctrl Pts',(-21.0463948275762,11.181167261288,28.7595416950392));
#3297=CARTESIAN_POINT('Ctrl Pts',(-21.001655642503,11.0846031878549,28.8007008295056));
#3298=CARTESIAN_POINT('Ctrl Pts',(-20.9570626872577,10.9869757471525,28.841572570238));
#3299=CARTESIAN_POINT('Ctrl Pts',(-20.9126470055381,10.8882838034475,28.8821279647838));
#3300=CARTESIAN_POINT('Ctrl Pts',(-20.8637249657423,10.7795787017687,28.9267980576225));
#3301=CARTESIAN_POINT('Ctrl Pts',(-20.8150183048559,10.6695824263725,28.9710838646432));
#3302=CARTESIAN_POINT('Ctrl Pts',(-20.7666031514762,10.5583532353711,29.0149275076553));
#3303=CARTESIAN_POINT('Ctrl Pts',(-20.7117692479983,10.4323775790418,29.0645838222845));
#3304=CARTESIAN_POINT('Ctrl Pts',(-20.6573100405697,10.304821500569,29.1136719769874));
#3305=CARTESIAN_POINT('Ctrl Pts',(-20.6033701611431,10.1758328083393,29.1620964677503));
#3306=CARTESIAN_POINT('Ctrl Pts',(-20.5339200994496,10.0097539678162,29.2244452142939));
#3307=CARTESIAN_POINT('Ctrl Pts',(-20.4653340448653,9.84130552701185,29.2856902313882));
#3308=CARTESIAN_POINT('Ctrl Pts',(-20.3979450257758,9.67085640615363,29.3456473589983));
#3309=CARTESIAN_POINT('Ctrl Pts',(-20.3506745801558,9.55129381261305,29.3877046582217));
#3310=CARTESIAN_POINT('Ctrl Pts',(-20.3039938433443,9.4307485747049,29.4291287822264));
#3311=CARTESIAN_POINT('Ctrl Pts',(-20.2580054822591,9.30932563337803,29.4698752176215));
#3312=CARTESIAN_POINT('Ctrl Pts',(-20.2169935937871,9.20104205879253,29.506212417396));
#3313=CARTESIAN_POINT('Ctrl Pts',(-20.1765325643859,9.09206110509988,29.5420107818162));
#3314=CARTESIAN_POINT('Ctrl Pts',(-20.1366789827489,8.98242358930961,29.5772533335532));
#3315=CARTESIAN_POINT('Ctrl Pts',(-20.0995763075804,8.88035383879866,29.6100632566644));
#3316=CARTESIAN_POINT('Ctrl Pts',(-20.0630002354562,8.77771546001552,29.6423915602578));
#3317=CARTESIAN_POINT('Ctrl Pts',(-20.0269792436425,8.67450330514901,29.6742364123457));
#3318=CARTESIAN_POINT('Ctrl Pts',(-19.9927983796224,8.5765637301098,29.7044544742077));
#3319=CARTESIAN_POINT('Ctrl Pts',(-19.9591174043707,8.4781078216246,29.7342373313727));
#3320=CARTESIAN_POINT('Ctrl Pts',(-19.9259432566782,8.37909041052012,29.7635929353905));
#3321=CARTESIAN_POINT('Ctrl Pts',(-19.8925563943986,8.27943809394895,29.7931367692687));
#3322=CARTESIAN_POINT('Ctrl Pts',(-19.8596830383766,8.17921759633029,29.8222479686173));
#3323=CARTESIAN_POINT('Ctrl Pts',(-19.8273099792264,8.07833284846254,29.8509431603557));
#3324=CARTESIAN_POINT('Ctrl Pts',(-19.7949311329103,7.97743006594509,29.8796434817866));
#3325=CARTESIAN_POINT('Ctrl Pts',(-19.7630500500452,7.87585530180065,29.9079295860712));
#3326=CARTESIAN_POINT('Ctrl Pts',(-19.7316571851229,7.77352700670593,29.935806940514));
#3327=CARTESIAN_POINT('Ctrl Pts',(-19.6989311244308,7.66685302189864,29.9648681936262));
#3328=CARTESIAN_POINT('Ctrl Pts',(-19.6667357592734,7.55936028032336,29.9934849765684));
#3329=CARTESIAN_POINT('Ctrl Pts',(-19.635076497603,7.45100844389344,30.0216445373673));
#3330=CARTESIAN_POINT('Ctrl Pts',(-19.6017329367396,7.33689219916627,30.0513022103465));
#3331=CARTESIAN_POINT('Ctrl Pts',(-19.5689841976341,7.22182322056232,30.0804524004133));
#3332=CARTESIAN_POINT('Ctrl Pts',(-19.5368519874699,7.1058084644831,30.1090642009781));
#3333=CARTESIAN_POINT('Ctrl Pts',(-19.5024348044753,6.98154371364104,30.139710632419));
#3334=CARTESIAN_POINT('Ctrl Pts',(-19.4687251631293,6.856194213416,30.169738970396));
#3335=CARTESIAN_POINT('Ctrl Pts',(-19.4357640626692,6.72982514592057,30.1990991223334));
#3336=CARTESIAN_POINT('Ctrl Pts',(-19.3989106617915,6.58853344637341,30.2319263469733));
#3337=CARTESIAN_POINT('Ctrl Pts',(-19.3629933483118,6.44596770016185,30.2639176236874));
#3338=CARTESIAN_POINT('Ctrl Pts',(-19.328082566049,6.30228146469127,30.2949968096563));
#3339=CARTESIAN_POINT('Ctrl Pts',(-19.2862006176019,6.12990321601084,30.3322820487761));
#3340=CARTESIAN_POINT('Ctrl Pts',(-19.2457681760092,5.9559142914161,30.3682530336006));
#3341=CARTESIAN_POINT('Ctrl Pts',(-19.2069153217466,5.78064733036764,30.4027883429719));
#3342=CARTESIAN_POINT('Ctrl Pts',(-19.1703212192945,5.61556969962966,30.4353159055754));
#3343=CARTESIAN_POINT('Ctrl Pts',(-19.1351292791993,5.44936255814788,30.4665693051288));
#3344=CARTESIAN_POINT('Ctrl Pts',(-19.1014407834531,5.28230559500594,30.4964708558171));
#3345=CARTESIAN_POINT('Ctrl Pts',(-19.0731187254388,5.14186011363288,30.5216092134242));
#3346=CARTESIAN_POINT('Ctrl Pts',(-19.0458593463886,5.00081522567115,30.5457924901621));
#3347=CARTESIAN_POINT('Ctrl Pts',(-19.0197124762956,4.85930686492832,30.5689911448348));
#3348=CARTESIAN_POINT('Ctrl Pts',(-18.9958397460696,4.73010627959159,30.5901720824628));
#3349=CARTESIAN_POINT('Ctrl Pts',(-18.9728944333712,4.60051995485204,30.6105324609629));
#3350=CARTESIAN_POINT('Ctrl Pts',(-18.9509045391615,4.47061228471464,30.6300610472252));
#3351=CARTESIAN_POINT('Ctrl Pts',(-18.9302413783877,4.34854243534601,30.6484114000636));
#3352=CARTESIAN_POINT('Ctrl Pts',(-18.9104218180765,4.22618925887665,30.6660275068947));
#3353=CARTESIAN_POINT('Ctrl Pts',(-18.891459860305,4.10356298575041,30.6829074572558));
#3354=CARTESIAN_POINT('Ctrl Pts',(-18.8733775732119,3.98662551006679,30.6990043240574));
#3355=CARTESIAN_POINT('Ctrl Pts',(-18.8560751433373,3.86943999395529,30.7144319439485));
#3356=CARTESIAN_POINT('Ctrl Pts',(-18.8395562433584,3.75196968483578,30.7291928377953));
#3357=CARTESIAN_POINT('Ctrl Pts',(-18.8182206730176,3.60024674648171,30.7482577930504));
#3358=CARTESIAN_POINT('Ctrl Pts',(-18.7981922916284,3.44804964384183,30.766211529565));
#3359=CARTESIAN_POINT('Ctrl Pts',(-18.7794598787443,3.29518351641507,30.783060228809));
#3360=CARTESIAN_POINT('Ctrl Pts',(-18.7649658987415,3.17690518207882,30.7960967079549));
#3361=CARTESIAN_POINT('Ctrl Pts',(-18.7512473163086,3.05822289269297,30.8084713794624));
#3362=CARTESIAN_POINT('Ctrl Pts',(-18.7383034115866,2.93908940971152,30.820175610851));
#3363=CARTESIAN_POINT('Ctrl Pts',(-18.7244075319821,2.81119411289612,30.832740643871));
#3364=CARTESIAN_POINT('Ctrl Pts',(-18.7114045605826,2.68277883003282,30.8445327171014));
#3365=CARTESIAN_POINT('Ctrl Pts',(-18.6992992105176,2.55384578070289,30.8555320512371));
#3366=CARTESIAN_POINT('Ctrl Pts',(-18.6864556762119,2.4170503940931,30.8672021247625));
#3367=CARTESIAN_POINT('Ctrl Pts',(-18.6746227149564,2.27967256864176,30.8779794412686));
#3368=CARTESIAN_POINT('Ctrl Pts',(-18.6638101662098,2.14177754970222,30.8878358867574));
#3369=CARTESIAN_POINT('Ctrl Pts',(-18.6520782207172,1.99215724427601,30.8985304310259));
#3370=CARTESIAN_POINT('Ctrl Pts',(-18.6415477799822,1.84192871708139,30.9081403324053));
#3371=CARTESIAN_POINT('Ctrl Pts',(-18.6322336158604,1.69123884922249,30.9166318746376));
#3372=CARTESIAN_POINT('Ctrl Pts',(-18.621320124978,1.51467415942031,30.9265814919642));
#3373=CARTESIAN_POINT('Ctrl Pts',(-18.612076797095,1.33747742619524,30.9349947066871));
#3374=CARTESIAN_POINT('Ctrl Pts',(-18.6045259295003,1.15995447420087,30.9418332408229));
#3375=CARTESIAN_POINT('Ctrl Pts',(-18.5963118914872,0.966840205197284,30.9492723832317));
#3376=CARTESIAN_POINT('Ctrl Pts',(-18.5901010310296,0.773344768462267,30.954847272673));
#3377=CARTESIAN_POINT('Ctrl Pts',(-18.5859142636425,0.579886662376138,30.9585421007504));
#3378=CARTESIAN_POINT('Ctrl Pts',(-18.5824388154784,0.419296508331095,30.9616091886183));
#3379=CARTESIAN_POINT('Ctrl Pts',(-18.5803579404973,0.25873419770028,30.9633815989433));
#3380=CARTESIAN_POINT('Ctrl Pts',(-18.5796781242272,0.0984097823763904,
30.9638688436529));
#3381=CARTESIAN_POINT('Ctrl Pts',(-18.5795389863785,0.0655962190217967,
30.9639685679221));
#3382=CARTESIAN_POINT('Ctrl Pts',(-18.5794585221814,0.032792457260911,30.9640145068216));
#3383=CARTESIAN_POINT('Ctrl Pts',(-18.5794367629965,1.23204985514288E-8,
30.9640068138066));
#3384=CARTESIAN_POINT('Ctrl Pts',(-18.5794367629965,1.23204985514288E-8,
30.9640068138066));
#3385=CARTESIAN_POINT('Ctrl Pts',(-18.5794356836382,-0.001626647712985,
30.9640064321968));
#3386=CARTESIAN_POINT('Ctrl Pts',(-18.5794347487296,-0.00325327992433832,
30.9640059186229));
#3387=CARTESIAN_POINT('Ctrl Pts',(-18.579433958274,-0.00487988413634227,
30.9640052731052));
#3388=CARTESIAN_POINT('Ctrl Pts',(-1.11175764427873E-8,1.91965779383629E-8,
29.0197034615272));
#3389=CARTESIAN_POINT('Ctrl Pts',(-0.142107110555446,0.245891791121226,
29.0197034616441));
#3390=CARTESIAN_POINT('Ctrl Pts',(-0.425903137924419,0.737601744927552,
29.0205823733932));
#3391=CARTESIAN_POINT('Ctrl Pts',(-0.853038544228816,1.47962294854794,29.0229510668413));
#3392=CARTESIAN_POINT('Ctrl Pts',(-1.285779491316,2.2315149117077,29.0243575384137));
#3393=CARTESIAN_POINT('Ctrl Pts',(-1.72922714382321,2.99963103756032,29.0220669054463));
#3394=CARTESIAN_POINT('Ctrl Pts',(-2.1875705240293,3.79090628929762,29.0124803038809));
#3395=CARTESIAN_POINT('Ctrl Pts',(-2.66471781710233,4.61464677647004,28.9907356775062));
#3396=CARTESIAN_POINT('Ctrl Pts',(-3.16433534645874,5.47949461344047,28.9505644346524));
#3397=CARTESIAN_POINT('Ctrl Pts',(-3.69046776907287,6.39298694836314,28.884280942725));
#3398=CARTESIAN_POINT('Ctrl Pts',(-4.24985783510102,7.36415135915459,28.782036902906));
#3399=CARTESIAN_POINT('Ctrl Pts',(-4.84877874661996,8.4010003876438,28.6318109720737));
#3400=CARTESIAN_POINT('Ctrl Pts',(-5.49000086662789,9.50896783688843,28.4202527209998));
#3401=CARTESIAN_POINT('Ctrl Pts',(-6.17347272121294,10.6912012027997,28.1328174869398));
#3402=CARTESIAN_POINT('Ctrl Pts',(-6.89273107821582,11.9378028451136,27.7578838060404));
#3403=CARTESIAN_POINT('Ctrl Pts',(-7.63896657728571,13.2316369280878,27.2873631509995));
#3404=CARTESIAN_POINT('Ctrl Pts',(-8.39431213444108,14.5406285246956,26.7221115540009));
#3405=CARTESIAN_POINT('Ctrl Pts',(-9.13900023853512,15.8274284371645,26.072358612926));
#3406=CARTESIAN_POINT('Ctrl Pts',(-9.86076714688583,17.0745555570642,25.3444813874986));
#3407=CARTESIAN_POINT('Ctrl Pts',(-10.5502244172184,18.2725598387186,24.5373299071538));
#3408=CARTESIAN_POINT('Ctrl Pts',(-10.9900970884617,19.0354065373305,23.9433522891965));
#3409=CARTESIAN_POINT('Ctrl Pts',(-11.2116630771825,19.4191700870241,23.6275338147162));
#3410=CARTESIAN_POINT('Ctrl Pts',(0.539200877641484,0.934854145570008,29.019703461751));
#3411=CARTESIAN_POINT('Ctrl Pts',(0.39744309042895,1.17021128492575,29.0202553875708));
#3412=CARTESIAN_POINT('Ctrl Pts',(0.11437746369359,1.64212443978802,29.0218402546448));
#3413=CARTESIAN_POINT('Ctrl Pts',(-0.31148130671913,2.35731639935726,29.0240821306354));
#3414=CARTESIAN_POINT('Ctrl Pts',(-0.742845290353176,3.08504639207487,29.0241765639098));
#3415=CARTESIAN_POINT('Ctrl Pts',(-1.18490195196637,3.83203828901867,29.0193038343115));
#3416=CARTESIAN_POINT('Ctrl Pts',(-1.64187358880925,4.60677203389687,29.0055759374029));
#3417=CARTESIAN_POINT('Ctrl Pts',(-2.11739543391881,5.41851230196953,28.9777026539473));
#3418=CARTESIAN_POINT('Ctrl Pts',(-2.61437749524625,6.27265174350594,28.9294377887763));
#3419=CARTESIAN_POINT('Ctrl Pts',(-3.13639870986012,7.17493405976181,28.853377243777));
#3420=CARTESIAN_POINT('Ctrl Pts',(-3.69024242721091,8.13362711653673,28.7400235628458));
#3421=CARTESIAN_POINT('Ctrl Pts',(-4.28198532983976,9.15629337511135,28.5778487401856));
#3422=CARTESIAN_POINT('Ctrl Pts',(-4.91452415938639,10.2492395194022,28.3537379984607));
#3423=CARTESIAN_POINT('Ctrl Pts',(-5.58605864378112,11.4112750352136,28.0547016678011));
#3424=CARTESIAN_POINT('Ctrl Pts',(-6.28835760711841,12.6280172190997,27.6720801579249));
#3425=CARTESIAN_POINT('Ctrl Pts',(-7.01287767818505,13.8829621462014,27.1999702667486));
#3426=CARTESIAN_POINT('Ctrl Pts',(-7.74275268033711,15.1475525896811,26.640238476033));
#3427=CARTESIAN_POINT('Ctrl Pts',(-8.45926430571371,16.3894687250376,26.0022934849602));
#3428=CARTESIAN_POINT('Ctrl Pts',(-9.14818454804035,17.5937648091202,25.2923583690682));
#3429=CARTESIAN_POINT('Ctrl Pts',(-9.80221841035683,18.7552458477919,24.5082169795952));
#3430=CARTESIAN_POINT('Ctrl Pts',(-10.2183800428192,19.4980137391346,23.9328250067139));
#3431=CARTESIAN_POINT('Ctrl Pts',(-10.4271751446387,19.8720944060543,23.6275338147162));
#3432=CARTESIAN_POINT('Ctrl Pts',(1.61595664660727,2.80905451832981,29.0335638002662));
#3433=CARTESIAN_POINT('Ctrl Pts',(1.47510741148109,3.02712521208402,29.0359670482609));
#3434=CARTESIAN_POINT('Ctrl Pts',(1.19384714493915,3.46587107467046,29.0403919245322));
#3435=CARTESIAN_POINT('Ctrl Pts',(0.770686432778835,4.13722721753627,29.0443220440227));
#3436=CARTESIAN_POINT('Ctrl Pts',(0.341474742315495,4.83010412357593,29.043138379481));
#3437=CARTESIAN_POINT('Ctrl Pts',(-0.0992567012424789,5.55248663606765,
29.0333091303672));
#3438=CARTESIAN_POINT('Ctrl Pts',(-0.554943717588934,6.3092492106836,29.0104530060054));
#3439=CARTESIAN_POINT('Ctrl Pts',(-1.02780839761332,7.10326645271765,28.9696499964906));
#3440=CARTESIAN_POINT('Ctrl Pts',(-1.51998480431765,7.93843809101986,28.9052376049268));
#3441=CARTESIAN_POINT('Ctrl Pts',(-2.03471051736603,8.8195117251904,28.8105559008984));
#3442=CARTESIAN_POINT('Ctrl Pts',(-2.5796569403097,9.75598043031031,28.676449338337));
#3443=CARTESIAN_POINT('Ctrl Pts',(-3.16145875050264,10.7572335268163,28.4911558770904));
#3444=CARTESIAN_POINT('Ctrl Pts',(-3.77950872297372,11.8209884760985,28.2438408587629));
#3445=CARTESIAN_POINT('Ctrl Pts',(-4.42740644086936,12.9353565546675,27.9269550637388));
#3446=CARTESIAN_POINT('Ctrl Pts',(-5.09591303474324,14.0845077070752,27.5366509946703));
#3447=CARTESIAN_POINT('Ctrl Pts',(-5.77755370623665,15.2558254494823,27.0700111412511));
#3448=CARTESIAN_POINT('Ctrl Pts',(-6.45821263552332,16.4289747292811,26.5291332884065));
#3449=CARTESIAN_POINT('Ctrl Pts',(-7.11704420697279,17.575578730368,25.9238634897924));
#3450=CARTESIAN_POINT('Ctrl Pts',(-7.74093439518665,18.6898142205487,25.2593513290699));
#3451=CARTESIAN_POINT('Ctrl Pts',(-8.32813701061734,19.774472616736,24.5309151704302));
#3452=CARTESIAN_POINT('Ctrl Pts',(-8.70014118809964,20.4725190226298,24.0001571676387));
#3453=CARTESIAN_POINT('Ctrl Pts',(-8.88566826648051,20.8254691568463,23.7196819877186));
#3454=CARTESIAN_POINT('Ctrl Pts',(3.40184334628294,5.89117056029032,29.1522625314983));
#3455=CARTESIAN_POINT('Ctrl Pts',(3.25586071552081,6.09342641532813,29.1574418978354));
#3456=CARTESIAN_POINT('Ctrl Pts',(2.96408559005662,6.50395480893568,29.1655809615825));
#3457=CARTESIAN_POINT('Ctrl Pts',(2.52491053883168,7.14104949960365,29.1694674569936));
#3458=CARTESIAN_POINT('Ctrl Pts',(2.07906191501855,7.80418984042423,29.1627366302055));
#3459=CARTESIAN_POINT('Ctrl Pts',(1.62084672415392,8.49852932081997,29.1420822960729));
#3460=CARTESIAN_POINT('Ctrl Pts',(1.14741794167919,9.22763613823364,29.1034718453962));
#3461=CARTESIAN_POINT('Ctrl Pts',(0.657390249035188,9.99420667810408,29.0423275547253));
#3462=CARTESIAN_POINT('Ctrl Pts',(0.149667596099815,10.800412507357,28.9535517036557));
#3463=CARTESIAN_POINT('Ctrl Pts',(-0.378717043106472,11.6495861063456,28.8311234864068));
#3464=CARTESIAN_POINT('Ctrl Pts',(-0.934719269031667,12.5468778766906,28.6670720973346));
#3465=CARTESIAN_POINT('Ctrl Pts',(-1.5193423658826,13.4897407669068,28.4539290017246));
#3466=CARTESIAN_POINT('Ctrl Pts',(-2.12717662664356,14.468823391992,28.1866716452739));
#3467=CARTESIAN_POINT('Ctrl Pts',(-2.7487790065097,15.4706878407464,27.8634407645561));
#3468=CARTESIAN_POINT('Ctrl Pts',(-3.37464360672658,16.483218531122,27.4846231945047));
#3469=CARTESIAN_POINT('Ctrl Pts',(-4.00052750258286,17.504190941501,27.047838567571));
#3470=CARTESIAN_POINT('Ctrl Pts',(-4.61107303673224,18.5181148284142,26.556873727819));
#3471=CARTESIAN_POINT('Ctrl Pts',(-5.18692842530691,19.5041039049758,26.0224666563589));
#3472=CARTESIAN_POINT('Ctrl Pts',(-5.72448917084342,20.472582269734,25.4447994407878));
#3473=CARTESIAN_POINT('Ctrl Pts',(-6.22687325387726,21.4251686491528,24.8185420564695));
#3474=CARTESIAN_POINT('Ctrl Pts',(-6.54606565081397,22.051257289711,24.3655877910634));
#3475=CARTESIAN_POINT('Ctrl Pts',(-6.70288069355948,22.3669791131241,24.12859607419));
#3476=CARTESIAN_POINT('Ctrl Pts',(5.47105256915734,9.48658880316132,29.4213542162946));
#3477=CARTESIAN_POINT('Ctrl Pts',(5.3053431925516,9.67442127760602,29.4288744495375));
#3478=CARTESIAN_POINT('Ctrl Pts',(4.97370280492469,10.0566917695034,29.4396133919767));
#3479=CARTESIAN_POINT('Ctrl Pts',(4.4739106907899,10.6520680138712,29.4415170068446));
#3480=CARTESIAN_POINT('Ctrl Pts',(3.96510434881638,11.2747629072144,29.4270255289771));
#3481=CARTESIAN_POINT('Ctrl Pts',(3.44144252327851,11.9293492732229,29.3926988193402));
#3482=CARTESIAN_POINT('Ctrl Pts',(2.90238786742941,12.6162757050142,29.3347816654755));
#3483=CARTESIAN_POINT('Ctrl Pts',(2.35008120111808,13.3332989928014,29.2498578962586));
#3484=CARTESIAN_POINT('Ctrl Pts',(1.78732292854492,14.0770547426211,29.1350529318105));
#3485=CARTESIAN_POINT('Ctrl Pts',(1.2131195929584,14.8469793962216,28.9870785360925));
#3486=CARTESIAN_POINT('Ctrl Pts',(0.622361162561114,15.6463926631117,28.8006637988468));
#3487=CARTESIAN_POINT('Ctrl Pts',(0.0189124837775234,16.4703731185402,28.5722821027699));
#3488=CARTESIAN_POINT('Ctrl Pts',(-0.5877217376313,17.3086873532672,28.3014226508172));
#3489=CARTESIAN_POINT('Ctrl Pts',(-1.18615643937283,18.1500481981268,27.9903903659558));
#3490=CARTESIAN_POINT('Ctrl Pts',(-1.77071453887472,18.9921779994214,27.6402664835295));
#3491=CARTESIAN_POINT('Ctrl Pts',(-2.33951496538838,19.8394025865494,27.2488346084033));
#3492=CARTESIAN_POINT('Ctrl Pts',(-2.87900084899581,20.6785021046249,26.8216838852205));
#3493=CARTESIAN_POINT('Ctrl Pts',(-3.37849682694082,21.5003768497364,26.3670298622534));
#3494=CARTESIAN_POINT('Ctrl Pts',(-3.84335420742443,22.3270368930881,25.8805961958011));
#3495=CARTESIAN_POINT('Ctrl Pts',(-4.28162838306685,23.1652137358338,25.3562788448695));
#3496=CARTESIAN_POINT('Ctrl Pts',(-4.55662102367727,23.7114170914555,24.9841154659201));
#3497=CARTESIAN_POINT('Ctrl Pts',(-4.6901483892984,23.9850401984485,24.7915324387664));
#3498=CARTESIAN_POINT('Ctrl Pts',(7.70107110878517,13.3464812801323,29.9871585497043));
#3499=CARTESIAN_POINT('Ctrl Pts',(7.4829876038671,13.5085647908095,29.9948029470723));
#3500=CARTESIAN_POINT('Ctrl Pts',(7.04832972135906,13.8393999105864,30.0027964379246));
#3501=CARTESIAN_POINT('Ctrl Pts',(6.40161534303241,14.3561480414851,29.9924903891695));
#3502=CARTESIAN_POINT('Ctrl Pts',(5.75312220214935,14.8984801280335,29.9584767040713));
#3503=CARTESIAN_POINT('Ctrl Pts',(5.09989163232633,15.4684723902553,29.8983030826415));
#3504=CARTESIAN_POINT('Ctrl Pts',(4.44655358702207,16.0626638218576,29.8102153334562));
#3505=CARTESIAN_POINT('Ctrl Pts',(3.7999182754425,16.6757887048634,29.6936789049513));
#3506=CARTESIAN_POINT('Ctrl Pts',(3.16560679065471,17.3034052564171,29.5491092694598));
#3507=CARTESIAN_POINT('Ctrl Pts',(2.54070013836734,17.9488124610395,29.3751738732119));
#3508=CARTESIAN_POINT('Ctrl Pts',(1.92231201749015,18.6154661643243,29.1691179599624));
#3509=CARTESIAN_POINT('Ctrl Pts',(1.31757635068864,19.2971605943322,28.9313534098148));
#3510=CARTESIAN_POINT('Ctrl Pts',(0.735694096276616,19.9857445715139,28.6647899320011));
#3511=CARTESIAN_POINT('Ctrl Pts',(0.183955984907332,20.6753112815989,28.3735299316366));
#3512=CARTESIAN_POINT('Ctrl Pts',(-0.340955096593205,21.3741385507167,28.0566252736498));
#3513=CARTESIAN_POINT('Ctrl Pts',(-0.840567578739119,22.0868088068415,27.7125139006193));
#3514=CARTESIAN_POINT('Ctrl Pts',(-1.30750005321565,22.804219398324,27.346774310335));
#3515=CARTESIAN_POINT('Ctrl Pts',(-1.73925717268957,23.5200234657432,26.9644978099431));
#3516=CARTESIAN_POINT('Ctrl Pts',(-2.14439448461926,24.2448502610824,26.5599859123966));
#3517=CARTESIAN_POINT('Ctrl Pts',(-2.52504695333333,24.9583954761947,26.1329063637025));
#3518=CARTESIAN_POINT('Ctrl Pts',(-2.76338323237988,25.4153748510508,25.8352855814555));
#3519=CARTESIAN_POINT('Ctrl Pts',(-2.87906339441934,25.6435855202536,25.6825742732409));
#3520=CARTESIAN_POINT('Ctrl Pts',(8.77142454903418,15.202125514133,30.6004481821643));
#3521=CARTESIAN_POINT('Ctrl Pts',(8.5163042972726,15.3596604133843,30.6035178144357));
#3522=CARTESIAN_POINT('Ctrl Pts',(8.01101106179046,15.6821949351432,30.600419710681));
#3523=CARTESIAN_POINT('Ctrl Pts',(7.27064955785458,16.187647238752,30.5687587406957));
#3524=CARTESIAN_POINT('Ctrl Pts',(6.54095349112437,16.7198614029048,30.5096556218553));
#3525=CARTESIAN_POINT('Ctrl Pts',(5.82169102628656,17.2792294469582,30.4219375673286));
#3526=CARTESIAN_POINT('Ctrl Pts',(5.12015489862432,17.8604385532023,30.3058144177392));
#3527=CARTESIAN_POINT('Ctrl Pts',(4.44434518848338,18.4571546397206,30.1630471652337));
#3528=CARTESIAN_POINT('Ctrl Pts',(3.79839725814989,19.0657251082277,29.9959430306988));
#3529=CARTESIAN_POINT('Ctrl Pts',(3.17579151650439,19.6917845520936,29.8037275304915));
#3530=CARTESIAN_POINT('Ctrl Pts',(2.57509332889517,20.3357054344748,29.585685298922));
#3531=CARTESIAN_POINT('Ctrl Pts',(2.00215510908201,20.9898874055661,29.3441491488548));
#3532=CARTESIAN_POINT('Ctrl Pts',(1.4628655534732,21.6458951694203,29.0830718195447));
#3533=CARTESIAN_POINT('Ctrl Pts',(0.958893218913502,22.2994887367282,28.8058080471075));
#3534=CARTESIAN_POINT('Ctrl Pts',(0.48180852771482,22.9592524405078,28.5094767776971));
#3535=CARTESIAN_POINT('Ctrl Pts',(0.0309212242300672,23.6214069200394,28.1942234974316));
#3536=CARTESIAN_POINT('Ctrl Pts',(-0.388603376464924,24.2720122256346,27.8655658426647));
#3537=CARTESIAN_POINT('Ctrl Pts',(-0.777637957633688,24.9091020958655,27.5260681353281));
#3538=CARTESIAN_POINT('Ctrl Pts',(-1.14519309383183,25.5449876278056,27.1696675003506));
#3539=CARTESIAN_POINT('Ctrl Pts',(-1.49343408504622,26.1641568946013,26.796519184273));
#3540=CARTESIAN_POINT('Ctrl Pts',(-1.71322158112803,26.5573460421492,26.5385960168667));
#3541=CARTESIAN_POINT('Ctrl Pts',(-1.82031169596187,26.7530468154416,26.4068326677107));
#3542=CARTESIAN_POINT('Ctrl Pts',(9.28549077627544,16.0927017951718,30.9640052730829));
#3543=CARTESIAN_POINT('Ctrl Pts',(9.00893429838311,16.2521926130233,30.9638785776665));
#3544=CARTESIAN_POINT('Ctrl Pts',(8.46346414377688,16.5796243621515,30.9534319703317));
#3545=CARTESIAN_POINT('Ctrl Pts',(7.67154378273452,17.094161409875,30.9085270731222));
#3546=CARTESIAN_POINT('Ctrl Pts',(6.8985858638688,17.6365327363734,30.834494156961));
#3547=CARTESIAN_POINT('Ctrl Pts',(6.1456013260925,18.2052494144829,30.7309368978335));
#3548=CARTESIAN_POINT('Ctrl Pts',(5.42078362815617,18.7931849669842,30.599221924531));
#3549=CARTESIAN_POINT('Ctrl Pts',(4.73207038346806,19.3927765674114,30.4423526699815));
#3550=CARTESIAN_POINT('Ctrl Pts',(4.0816112538112,20.0007333043876,30.2633032588852));
#3551=CARTESIAN_POINT('Ctrl Pts',(3.46132702659982,20.6226551975385,30.0615508844818));
#3552=CARTESIAN_POINT('Ctrl Pts',(2.87043057180496,21.2566561338613,29.8374782388587));
#3553=CARTESIAN_POINT('Ctrl Pts',(2.31382075396772,21.8943698349155,29.5942201416195));
#3554=CARTESIAN_POINT('Ctrl Pts',(1.79558756180722,22.5275666902972,29.3360014638326));
#3555=CARTESIAN_POINT('Ctrl Pts',(1.31431048889251,23.1541299026213,29.065263423705));
#3556=CARTESIAN_POINT('Ctrl Pts',(0.860290979797701,23.7825557379703,28.7786191247839));
#3557=CARTESIAN_POINT('Ctrl Pts',(0.433137008640466,24.4070985540866,28.4769397624025));
#3558=CARTESIAN_POINT('Ctrl Pts',(0.0364596225182645,25.0152343022257,28.1652202471293));
#3559=CARTESIAN_POINT('Ctrl Pts',(-0.332542618375511,25.6082416757163,27.8445042463655));
#3560=CARTESIAN_POINT('Ctrl Pts',(-0.682640810455691,26.1966580392903,27.5089708173992));
#3561=CARTESIAN_POINT('Ctrl Pts',(-1.01567272730237,26.7654694978934,27.159167177252));
#3562=CARTESIAN_POINT('Ctrl Pts',(-1.22679478275701,27.1248708941956,26.9182509989374));
#3563=CARTESIAN_POINT('Ctrl Pts',(-1.32990633595345,27.3034653431792,26.7954024447683));
#3564=CARTESIAN_POINT('',(9.28549077627544,16.0927017951718,30.9640052730829));
#3565=CARTESIAN_POINT('Ctrl Pts',(-1.11175764427873E-8,1.91965779383629E-8,
29.0197034615272));
#3566=CARTESIAN_POINT('Ctrl Pts',(0.539200877641484,0.934854145570008,29.019703461751));
#3567=CARTESIAN_POINT('Ctrl Pts',(1.61595664660727,2.80905451832981,29.0335638002662));
#3568=CARTESIAN_POINT('Ctrl Pts',(3.40184334628294,5.89117056029032,29.1522625314983));
#3569=CARTESIAN_POINT('Ctrl Pts',(5.47105256915734,9.48658880316132,29.4213542162946));
#3570=CARTESIAN_POINT('Ctrl Pts',(7.70107110878517,13.3464812801323,29.9871585497043));
#3571=CARTESIAN_POINT('Ctrl Pts',(8.77142454903418,15.202125514133,30.6004481821643));
#3572=CARTESIAN_POINT('Ctrl Pts',(9.28549077627544,16.0927017951718,30.9640052730829));
#3573=CARTESIAN_POINT('',(-1.32990633595345,27.3034653431792,26.7954024447683));
#3574=CARTESIAN_POINT('Ctrl Pts',(9.28549077627544,16.0927017951718,30.9640052730829));
#3575=CARTESIAN_POINT('Ctrl Pts',(9.16496549968239,16.1622090259628,30.9639500583209));
#3576=CARTESIAN_POINT('Ctrl Pts',(9.04514954368276,16.2325272656884,30.9629291188603));
#3577=CARTESIAN_POINT('Ctrl Pts',(8.92611956634419,16.303613476667,30.960957592405));
#3578=CARTESIAN_POINT('Ctrl Pts',(8.81496021581454,16.3699992495679,30.9591164293198));
#3579=CARTESIAN_POINT('Ctrl Pts',(8.70448660246792,16.4370545387051,30.9564465291669));
#3580=CARTESIAN_POINT('Ctrl Pts',(8.5947217875626,16.5047659292116,30.9529616789222));
#3581=CARTESIAN_POINT('Ctrl Pts',(8.49041842650153,16.5691082744161,30.9496502207501));
#3582=CARTESIAN_POINT('Ctrl Pts',(8.38675526366186,16.6340428647087,30.945603141545));
#3583=CARTESIAN_POINT('Ctrl Pts',(8.28371213640846,16.6995815340277,30.940829833475));
#3584=CARTESIAN_POINT('Ctrl Pts',(8.18248855608628,16.7639629142794,30.9361408130064));
#3585=CARTESIAN_POINT('Ctrl Pts',(8.08186361504659,16.8289269567133,30.930751251859));
#3586=CARTESIAN_POINT('Ctrl Pts',(7.98177482530587,16.8945115147168,30.9246638778015));
#3587=CARTESIAN_POINT('Ctrl Pts',(7.88411469195337,16.9585046621719,30.9187242139913));
#3588=CARTESIAN_POINT('Ctrl Pts',(7.78695750839289,17.0230934704337,30.912119712893));
#3589=CARTESIAN_POINT('Ctrl Pts',(7.69024424188291,17.0883128836493,30.9048470343277));
#3590=CARTESIAN_POINT('Ctrl Pts',(7.58905755550437,17.1565489855719,30.8972379619462));
#3591=CARTESIAN_POINT('Ctrl Pts',(7.48835706153859,17.2254752947253,30.8888972301132));
#3592=CARTESIAN_POINT('Ctrl Pts',(7.38812305935015,17.2950986928547,30.8798203878374));
#3593=CARTESIAN_POINT('Ctrl Pts',(7.2818926666542,17.3688872352916,30.8702005333137));
#3594=CARTESIAN_POINT('Ctrl Pts',(7.17618659569837,17.4434586345346,30.8597535887433));
#3595=CARTESIAN_POINT('Ctrl Pts',(7.0710294011159,17.5187862411956,30.8484776794255));
#3596=CARTESIAN_POINT('Ctrl Pts',(6.95711862275972,17.6003843319446,30.8362631313657));
#3597=CARTESIAN_POINT('Ctrl Pts',(6.84385242301636,17.6828695369132,30.8230755300736));
#3598=CARTESIAN_POINT('Ctrl Pts',(6.73131014819372,17.7661708684474,30.8089214067005));
#3599=CARTESIAN_POINT('Ctrl Pts',(6.60188221275739,17.8619705968301,30.792643621584));
#3600=CARTESIAN_POINT('Ctrl Pts',(6.47341268818087,17.9588492688042,30.7750869585128));
#3601=CARTESIAN_POINT('Ctrl Pts',(6.34607248110846,18.0566563172018,30.7562806810775));
#3602=CARTESIAN_POINT('Ctrl Pts',(6.18885158036231,18.1774140307467,30.7330614642565));
#3603=CARTESIAN_POINT('Ctrl Pts',(6.03335625606315,18.2995843699617,30.7079364157898));
#3604=CARTESIAN_POINT('Ctrl Pts',(5.87994113729749,18.4228448153118,30.6810037143698));
#3605=CARTESIAN_POINT('Ctrl Pts',(5.76340245068078,18.5164771152343,30.6605448334213));
#3606=CARTESIAN_POINT('Ctrl Pts',(5.64806564806772,18.6107368552444,30.6390441856372));
#3607=CARTESIAN_POINT('Ctrl Pts',(5.53406624582801,18.7054924108034,30.6165577404532));
#3608=CARTESIAN_POINT('Ctrl Pts',(5.42909362984148,18.7927449608243,30.5958518338534));
#3609=CARTESIAN_POINT('Ctrl Pts',(5.32525570947217,18.880417192773,30.5743105867461));
#3610=CARTESIAN_POINT('Ctrl Pts',(5.2226259634791,18.9684292400176,30.5519797053071));
#3611=CARTESIAN_POINT('Ctrl Pts',(5.12320339704831,19.0536909107857,30.530346663913));
#3612=CARTESIAN_POINT('Ctrl Pts',(5.0249153184485,19.1392708198118,30.5079730499725));
#3613=CARTESIAN_POINT('Ctrl Pts',(4.92778713210668,19.2251287648935,30.4848953061123));
#3614=CARTESIAN_POINT('Ctrl Pts',(4.84021711196409,19.302537622851,30.4640885910814));
#3615=CARTESIAN_POINT('Ctrl Pts',(4.75358980608156,19.3801724737579,30.4427097554444));
#3616=CARTESIAN_POINT('Ctrl Pts',(4.66788724668864,19.4580343769671,30.4207765341601));
#3617=CARTESIAN_POINT('Ctrl Pts',(4.58639272134393,19.532073225858,30.3999202438637));
#3618=CARTESIAN_POINT('Ctrl Pts',(4.50573442116922,19.6063172304355,30.3785629058438));
#3619=CARTESIAN_POINT('Ctrl Pts',(4.42586210425807,19.6807978117697,30.3567078469297));
#3620=CARTESIAN_POINT('Ctrl Pts',(4.34072968785547,19.7601834125543,30.3334134935425));
#3621=CARTESIAN_POINT('Ctrl Pts',(4.25648600415264,19.8398416655672,30.3095528296252));
#3622=CARTESIAN_POINT('Ctrl Pts',(4.17304173680991,19.9198360218503,30.2851149722892));
#3623=CARTESIAN_POINT('Ctrl Pts',(4.09058470040352,19.9988839631695,30.2609662397732));
#3624=CARTESIAN_POINT('Ctrl Pts',(4.00890798420214,20.0782604742299,30.236253477263));
#3625=CARTESIAN_POINT('Ctrl Pts',(3.92796727674814,20.1579853674781,30.2109724004546));
#3626=CARTESIAN_POINT('Ctrl Pts',(3.8419950578797,20.2426661935691,30.1841197778748));
#3627=CARTESIAN_POINT('Ctrl Pts',(3.75685352958762,20.3277398661338,30.1566257866646));
#3628=CARTESIAN_POINT('Ctrl Pts',(3.67253336663654,20.4131849170742,30.1284961811456));
#3629=CARTESIAN_POINT('Ctrl Pts',(3.58076832223778,20.506174169215,30.0978829279327));
#3630=CARTESIAN_POINT('Ctrl Pts',(3.48997656961999,20.5996029626543,30.0665166327877));
#3631=CARTESIAN_POINT('Ctrl Pts',(3.40019017757709,20.6933953256928,30.0344209518245));
#3632=CARTESIAN_POINT('Ctrl Pts',(3.29684527608934,20.8013511338945,29.9974785498429));
#3633=CARTESIAN_POINT('Ctrl Pts',(3.19483321518581,20.9097879526469,29.9595695077846));
#3634=CARTESIAN_POINT('Ctrl Pts',(3.09424836491086,21.0185352183038,29.920755986644));
#3635=CARTESIAN_POINT('Ctrl Pts',(2.96751323011687,21.1555548523127,29.8718516355402));
#3636=CARTESIAN_POINT('Ctrl Pts',(2.84304782307828,21.2930637894288,29.8215112735915));
#3637=CARTESIAN_POINT('Ctrl Pts',(2.72107128362232,21.4306693860563,29.7699055260478));
#3638=CARTESIAN_POINT('Ctrl Pts',(2.62640018436592,21.5374708509499,29.7298521447196));
#3639=CARTESIAN_POINT('Ctrl Pts',(2.53322998718728,21.644328175453,29.689038193403));
#3640=CARTESIAN_POINT('Ctrl Pts',(2.44164123325657,21.7510742932379,29.6475505613478));
#3641=CARTESIAN_POINT('Ctrl Pts',(2.36236852664407,21.8434661351838,29.611641819905));
#3642=CARTESIAN_POINT('Ctrl Pts',(2.2842808051716,21.9357741211037,29.5752289593595));
#3643=CARTESIAN_POINT('Ctrl Pts',(2.20740255246606,22.0279187702798,29.5383622146399));
#3644=CARTESIAN_POINT('Ctrl Pts',(2.1365480151493,22.1128435214782,29.5043841252901));
#3645=CARTESIAN_POINT('Ctrl Pts',(2.06672097833576,22.1976292038021,29.4700208424959));
#3646=CARTESIAN_POINT('Ctrl Pts',(1.99791260480565,22.282245671106,29.4353001880741));
#3647=CARTESIAN_POINT('Ctrl Pts',(1.93294899025742,22.3621340812564,29.4025195961927));
#3648=CARTESIAN_POINT('Ctrl Pts',(1.86889346119303,22.4418714280498,29.3694207246509));
#3649=CARTESIAN_POINT('Ctrl Pts',(1.80571100924514,22.5214660274359,29.3360119944922));
#3650=CARTESIAN_POINT('Ctrl Pts',(1.74549930735108,22.5973182006718,29.3041740958517));
#3651=CARTESIAN_POINT('Ctrl Pts',(1.68608053922625,22.6730405818182,29.272055005026));
#3652=CARTESIAN_POINT('Ctrl Pts',(1.62739786584644,22.7486745624111,29.2396445837154));
#3653=CARTESIAN_POINT('Ctrl Pts',(1.5497636358406,22.8487345206139,29.1967672238799));
#3654=CARTESIAN_POINT('Ctrl Pts',(1.47341531615297,22.9486432163476,29.1533798425994));
#3655=CARTESIAN_POINT('Ctrl Pts',(1.39816418831634,23.0485721593882,29.1094106455195));
#3656=CARTESIAN_POINT('Ctrl Pts',(1.34482166727946,23.1194077986614,29.0782426366453));
#3657=CARTESIAN_POINT('Ctrl Pts',(1.29203082732501,23.1902530516696,29.0467817461926));
#3658=CARTESIAN_POINT('Ctrl Pts',(1.23975666393867,23.2611205496141,29.015015831299));
#3659=CARTESIAN_POINT('Ctrl Pts',(1.18353740476152,23.3373363697455,28.9808525642716));
#3660=CARTESIAN_POINT('Ctrl Pts',(1.12791606800887,23.4135775288688,28.9463364300386));
#3661=CARTESIAN_POINT('Ctrl Pts',(1.07288083219719,23.4898108327581,28.9114700925213));
#3662=CARTESIAN_POINT('Ctrl Pts',(1.01075382786395,23.5758674605025,28.8721109243435));
#3663=CARTESIAN_POINT('Ctrl Pts',(0.949374178554576,23.6619134197619,28.8323054130681));
#3664=CARTESIAN_POINT('Ctrl Pts',(0.888757900860995,23.7478484726197,28.7920808595889));
#3665=CARTESIAN_POINT('Ctrl Pts',(0.796951678438362,23.8780011787369,28.7311588689277));
#3666=CARTESIAN_POINT('Ctrl Pts',(0.706898517395671,24.0078959612019,28.6692746817337));
#3667=CARTESIAN_POINT('Ctrl Pts',(0.618715100892819,24.137086882942,28.6065916422341));
#3668=CARTESIAN_POINT('Ctrl Pts',(0.559587534664259,24.2237102536873,28.5645622480872));
#3669=CARTESIAN_POINT('Ctrl Pts',(0.501302081388114,24.310014521682,28.5221756872451));
#3670=CARTESIAN_POINT('Ctrl Pts',(0.4438851866059,24.395883430822,28.4794843871006));
#3671=CARTESIAN_POINT('Ctrl Pts',(0.393539588702938,24.4711769761857,28.4420508226561));
#3672=CARTESIAN_POINT('Ctrl Pts',(0.343862058272515,24.5461351788368,28.4043834358133));
#3673=CARTESIAN_POINT('Ctrl Pts',(0.29485451991262,24.6207114918213,28.3665089025264));
#3674=CARTESIAN_POINT('Ctrl Pts',(0.249477825272834,24.6897626356843,28.3314403969637));
#3675=CARTESIAN_POINT('Ctrl Pts',(0.204675654655798,24.7584860100442,28.2961946048437));
#3676=CARTESIAN_POINT('Ctrl Pts',(0.160432343596172,24.8268803534762,28.2607796220762));
#3677=CARTESIAN_POINT('Ctrl Pts',(0.118557614789936,24.8916131800777,28.2272605936954));
#3678=CARTESIAN_POINT('Ctrl Pts',(0.0771835806372363,24.9560509998069,28.1935902381876));
#3679=CARTESIAN_POINT('Ctrl Pts',(0.0362795468674406,25.0202304161901,28.1597595021298));
#3680=CARTESIAN_POINT('Ctrl Pts',(-0.0058419671536608,25.0863200884769,
28.1249218176309));
#3681=CARTESIAN_POINT('Ctrl Pts',(-0.0474648050702611,25.1521349912631,
28.0899145631135));
#3682=CARTESIAN_POINT('Ctrl Pts',(-0.0886446023350587,25.2177650023183,
28.0547045587173));
#3683=CARTESIAN_POINT('Ctrl Pts',(-0.126278971277346,25.2777445120243,28.0225260055451));
#3684=CARTESIAN_POINT('Ctrl Pts',(-0.163545856073876,25.3375770856933,27.9901756509952));
#3685=CARTESIAN_POINT('Ctrl Pts',(-0.200485139510203,25.3973109182833,27.9576268055075));
#3686=CARTESIAN_POINT('Ctrl Pts',(-0.239753000380382,25.4608102504084,27.9230261468808));
#3687=CARTESIAN_POINT('Ctrl Pts',(-0.278650555498855,25.5241975908655,27.8882011094638));
#3688=CARTESIAN_POINT('Ctrl Pts',(-0.317210803038307,25.5874732353961,27.8531314921793));
#3689=CARTESIAN_POINT('Ctrl Pts',(-0.35925969028673,25.6564735819245,27.8148890410246));
#3690=CARTESIAN_POINT('Ctrl Pts',(-0.400907364058564,25.7253404608935,27.7763556668746));
#3691=CARTESIAN_POINT('Ctrl Pts',(-0.442181023575378,25.7940157863791,27.7375203140422));
#3692=CARTESIAN_POINT('Ctrl Pts',(-0.491883866963128,25.8767164479432,27.6907537447015));
#3693=CARTESIAN_POINT('Ctrl Pts',(-0.541044307958301,25.9591380422919,27.6435489622781));
#3694=CARTESIAN_POINT('Ctrl Pts',(-0.589688812155288,26.0411111503631,27.595911735116));
#3695=CARTESIAN_POINT('Ctrl Pts',(-0.645656125829171,26.1354242640021,27.5411033311832));
#3696=CARTESIAN_POINT('Ctrl Pts',(-0.70093985665941,26.2291372643968,27.4857230725572));
#3697=CARTESIAN_POINT('Ctrl Pts',(-0.755560264571994,26.3219724832543,27.4298088553444));
#3698=CARTESIAN_POINT('Ctrl Pts',(-0.796988337234802,26.3923854358388,27.387399464018));
#3699=CARTESIAN_POINT('Ctrl Pts',(-0.838034308808075,26.4622919923323,27.3446838114768));
#3700=CARTESIAN_POINT('Ctrl Pts',(-0.878704548959682,26.5316058355137,27.301681720779));
#3701=CARTESIAN_POINT('Ctrl Pts',(-0.915228155703927,26.5938526169649,27.2630640129913));
#3702=CARTESIAN_POINT('Ctrl Pts',(-0.951448646174732,26.6556207716733,27.2242156148047));
#3703=CARTESIAN_POINT('Ctrl Pts',(-0.987371380488108,26.7168914664487,27.1851471568535));
#3704=CARTESIAN_POINT('Ctrl Pts',(-1.02002751122093,26.7725905622141,27.1496313562116));
#3705=CARTESIAN_POINT('Ctrl Pts',(-1.05243755878325,26.827878397559,27.1139338571637));
#3706=CARTESIAN_POINT('Ctrl Pts',(-1.08460686224388,26.8827836609875,27.0780563559924));
#3707=CARTESIAN_POINT('Ctrl Pts',(-1.11554382153667,26.9355856093333,27.043553252914));
#3708=CARTESIAN_POINT('Ctrl Pts',(-1.14625812758017,26.9880333836628,27.0088838364778));
#3709=CARTESIAN_POINT('Ctrl Pts',(-1.17675592325286,27.040198118067,26.9740412088321));
#3710=CARTESIAN_POINT('Ctrl Pts',(-1.20578589240052,27.0898522191897,26.9408755198613));
#3711=CARTESIAN_POINT('Ctrl Pts',(-1.23461970723875,27.1392497354788,26.9075529966622));
#3712=CARTESIAN_POINT('Ctrl Pts',(-1.26326382493312,27.1884974126206,26.8740580682599));
#3713=CARTESIAN_POINT('Ctrl Pts',(-1.28559208091267,27.2268862627627,26.8479485771818));
#3714=CARTESIAN_POINT('Ctrl Pts',(-1.30780509861446,27.2651848771979,26.821734169665));
#3715=CARTESIAN_POINT('Ctrl Pts',(-1.32990633595345,27.3034653431792,26.7954024447683));
#3716=CARTESIAN_POINT('Ctrl Pts',(-11.2117205676079,19.4192701893156,23.6277275951055));
#3717=CARTESIAN_POINT('Ctrl Pts',(-10.6507831649727,19.742676009065,23.6270711555078));
#3718=CARTESIAN_POINT('Ctrl Pts',(-7.88326421281683,21.4185721691449,23.7405651538711));
#3719=CARTESIAN_POINT('Ctrl Pts',(-4.36702208887773,24.1323703381821,24.7345052345148));
#3720=CARTESIAN_POINT('Ctrl Pts',(-2.03048542167975,26.5171531606969,26.2403027632574));
#3721=CARTESIAN_POINT('Ctrl Pts',(-1.32990633595343,27.3034653431791,26.7954024447684));
#3722=CARTESIAN_POINT('Ctrl Pts',(-1.11175764427873E-8,1.91965779383629E-8,
29.0197034615272));
#3723=CARTESIAN_POINT('Ctrl Pts',(0.539200877641484,0.934854145570008,29.019703461751));
#3724=CARTESIAN_POINT('Ctrl Pts',(1.61595664660727,2.80905451832981,29.0335638002662));
#3725=CARTESIAN_POINT('Ctrl Pts',(3.40184334628294,5.89117056029032,29.1522625314983));
#3726=CARTESIAN_POINT('Ctrl Pts',(5.47105256915734,9.48658880316132,29.4213542162946));
#3727=CARTESIAN_POINT('Ctrl Pts',(7.70107110878517,13.3464812801323,29.9871585497043));
#3728=CARTESIAN_POINT('Ctrl Pts',(8.77142454903418,15.202125514133,30.6004481821643));
#3729=CARTESIAN_POINT('Ctrl Pts',(9.28549077627544,16.0927017951718,30.9640052730829));
#3730=CARTESIAN_POINT('Ctrl Pts',(0.284002059046362,0.000122491054411117,
29.0197034614692));
#3731=CARTESIAN_POINT('Ctrl Pts',(0.813222793762256,0.929607037386042,29.0202553873983));
#3732=CARTESIAN_POINT('Ctrl Pts',(1.87570784960878,2.79615024058961,29.0361593767776));
#3733=CARTESIAN_POINT('Ctrl Pts',(3.64992353661255,5.86622303604971,29.157423654076));
#3734=CARTESIAN_POINT('Ctrl Pts',(5.71658898962459,9.43698662529024,29.4291082696458));
#3735=CARTESIAN_POINT('Ctrl Pts',(7.95065459869491,13.2390126961084,29.994975910797));
#3736=CARTESIAN_POINT('Ctrl Pts',(9.03556350653684,15.060214760163,30.6037567444704));
#3737=CARTESIAN_POINT('Ctrl Pts',(9.56204725416777,15.9332109773204,30.9641319684993));
#3738=CARTESIAN_POINT('Ctrl Pts',(0.851733382734855,4.20826588012574E-5,
29.020582372867));
#3739=CARTESIAN_POINT('Ctrl Pts',(1.36217199582376,0.919384866516195,29.0219088019872));
#3740=CARTESIAN_POINT('Ctrl Pts',(2.39931116109338,2.77212446415809,29.0408964122978));
#3741=CARTESIAN_POINT('Ctrl Pts',(4.15164737513299,5.81856495999073,29.1655898457256));
#3742=CARTESIAN_POINT('Ctrl Pts',(6.21582379396567,9.339853050698,29.4402973378598));
#3743=CARTESIAN_POINT('Ctrl Pts',(8.45779048087848,13.0269224271184,30.003327901836));
#3744=CARTESIAN_POINT('Ctrl Pts',(9.5715147347358,14.7822870850578,30.6011308039586));
#3745=CARTESIAN_POINT('Ctrl Pts',(10.1227261635461,15.622727548862,30.954179925625));
#3746=CARTESIAN_POINT('Ctrl Pts',(1.70791029623476,-0.00105840748396768,
29.0229510658113));
#3747=CARTESIAN_POINT('Ctrl Pts',(2.19407800390353,0.905210223959662,29.0243797780414));
#3748=CARTESIAN_POINT('Ctrl Pts',(3.20129267380508,2.74147114626663,29.0445700018041));
#3749=CARTESIAN_POINT('Ctrl Pts',(4.92458874245181,5.75383862995489,29.1694847968735));
#3750=CARTESIAN_POINT('Ctrl Pts',(6.99035826893126,9.20063568206766,29.4420366487524));
#3751=CARTESIAN_POINT('Ctrl Pts',(9.23914100648309,12.719745587456,29.9925041599866));
#3752=CARTESIAN_POINT('Ctrl Pts',(10.3915349543923,14.3875229066043,30.5687531256398));
#3753=CARTESIAN_POINT('Ctrl Pts',(10.9769930901562,15.1875106560862,30.9084050876643));
#3754=CARTESIAN_POINT('Ctrl Pts',(2.57543830823511,-0.00223973681042532,
29.024357536954));
#3755=CARTESIAN_POINT('Ctrl Pts',(3.04249452167102,0.893966481023069,29.0245430881913));
#3756=CARTESIAN_POINT('Ctrl Pts',(4.02232415284357,2.71572994102548,29.0424900460766));
#3757=CARTESIAN_POINT('Ctrl Pts',(5.72196183745583,5.6966191274675,29.1626729601332));
#3758=CARTESIAN_POINT('Ctrl Pts',(7.79027692129262,9.06853798209628,29.4265777841642));
#3759=CARTESIAN_POINT('Ctrl Pts',(10.0366034167083,12.4264778035872,29.9573835997776));
#3760=CARTESIAN_POINT('Ctrl Pts',(11.2198783835032,14.0194861727553,30.5084213192066));
#3761=CARTESIAN_POINT('Ctrl Pts',(11.8345862304204,14.7876105981258,30.8331538153883));
#3762=CARTESIAN_POINT('Ctrl Pts',(3.4623702097521,-0.00226086865686802,
29.0220669036821));
#3763=CARTESIAN_POINT('Ctrl Pts',(3.91344491724219,0.886108913974691,29.0194189081597));
#3764=CARTESIAN_POINT('Ctrl Pts',(4.86632201774733,2.69480283805045,29.0320044135983));
#3765=CARTESIAN_POINT('Ctrl Pts',(6.54871296786298,5.64745898305552,29.1421876024704));
#3766=CARTESIAN_POINT('Ctrl Pts',(8.61562857723241,8.9436704791087,29.3917528492927));
#3767=CARTESIAN_POINT('Ctrl Pts',(10.8474633494186,12.1489370521486,29.8974814379372));
#3768=CARTESIAN_POINT('Ctrl Pts',(12.0525682780282,13.6805688306097,30.4213873126387));
#3769=CARTESIAN_POINT('Ctrl Pts',(12.6910228280785,14.4247341028993,30.7306084975171));
#3770=CARTESIAN_POINT('Ctrl Pts',(4.37680636636038,-0.000961484834079478,
29.0124803019769));
#3771=CARTESIAN_POINT('Ctrl Pts',(4.81330130251092,0.881051068536401,29.005366728194));
#3772=CARTESIAN_POINT('Ctrl Pts',(5.74014235142086,2.67831256838899,29.0096731088267));
#3773=CARTESIAN_POINT('Ctrl Pts',(7.41178027512795,5.60537549179096,29.1042199667455));
#3774=CARTESIAN_POINT('Ctrl Pts',(9.47115395304732,8.82388159022003,29.3346746349482));
#3775=CARTESIAN_POINT('Ctrl Pts',(11.6775045654806,11.8850196683701,29.8112566687299));
#3776=CARTESIAN_POINT('Ctrl Pts',(12.8967626862655,13.3680809000453,30.3073120096739));
#3777=CARTESIAN_POINT('Ctrl Pts',(13.5537292489213,14.0951112343019,30.6010022037624));
#3778=CARTESIAN_POINT('Ctrl Pts',(5.32876019795593,0.000389947543092272,
28.9907356756713));
#3779=CARTESIAN_POINT('Ctrl Pts',(5.75139066041327,0.877089435503435,28.9775340784515));
#3780=CARTESIAN_POINT('Ctrl Pts',(6.65549505163719,2.66501914553538,28.9704293926597));
#3781=CARTESIAN_POINT('Ctrl Pts',(8.32059828181709,5.56738829222673,29.0434804049128));
#3782=CARTESIAN_POINT('Ctrl Pts',(10.3644586863381,8.70560464194961,29.2509062519712));
#3783=CARTESIAN_POINT('Ctrl Pts',(12.5317667224945,11.6327178161092,29.695846931347));
#3784=CARTESIAN_POINT('Ctrl Pts',(13.754633926169,13.0810453113981,30.1650892496724));
#3785=CARTESIAN_POINT('Ctrl Pts',(14.4226031962162,13.7976099589521,30.4442288930719));
#3786=CARTESIAN_POINT('Ctrl Pts',(6.32754915678734,0.000647500480624481,
28.9505644331562));
#3787=CARTESIAN_POINT('Ctrl Pts',(6.73684515781687,0.873091290462822,28.929666216807));
#3788=CARTESIAN_POINT('Ctrl Pts',(7.62477120923644,2.65499193528516,28.9071589570322));
#3789=CARTESIAN_POINT('Ctrl Pts',(9.2791892609695,5.53143303780024,28.9539552240609));
#3790=CARTESIAN_POINT('Ctrl Pts',(11.2955191049955,8.58808354471983,29.1359092378465));
#3791=CARTESIAN_POINT('Ctrl Pts',(13.404617080298,11.3939562579223,29.5495951089651));
#3792=CARTESIAN_POINT('Ctrl Pts',(14.618404140758,12.821830968798,29.9954079158333));
#3793=CARTESIAN_POINT('Ctrl Pts',(15.2883920946907,13.5339881172346,30.2622057173376));
#3794=CARTESIAN_POINT('Ctrl Pts',(7.38172293290611,-0.000454624492451699,
28.8842809419433));
#3795=CARTESIAN_POINT('Ctrl Pts',(7.77893941116736,0.869274038793216,28.8539722409227));
#3796=CARTESIAN_POINT('Ctrl Pts',(8.65542279414094,2.64830722270883,28.8114900534724));
#3797=CARTESIAN_POINT('Ctrl Pts',(10.2874065943375,5.49651785821964,28.8295649049113));
#3798=CARTESIAN_POINT('Ctrl Pts',(12.2588482996698,8.47213819687273,28.9860198762928));
#3799=CARTESIAN_POINT('Ctrl Pts',(14.2862527706972,11.17202593248,29.3726608898445));
#3800=CARTESIAN_POINT('Ctrl Pts',(15.4780770854281,12.5931074237906,29.8007091713477));
#3801=CARTESIAN_POINT('Ctrl Pts',(16.1407921201757,13.3058411995215,30.0584482349884));
#3802=CARTESIAN_POINT('Ctrl Pts',(8.50247101290388,-0.00159082351248053,
28.7820369034047));
#3803=CARTESIAN_POINT('Ctrl Pts',(8.88956213153379,0.867461088421356,28.7402308280514));
#3804=CARTESIAN_POINT('Ctrl Pts',(9.74851835485518,2.644132809518,28.6749316912646));
#3805=CARTESIAN_POINT('Ctrl Pts',(11.3427238281428,5.46236634614737,28.6644584936431));
#3806=CARTESIAN_POINT('Ctrl Pts',(13.2462061519025,8.3593072605592,28.7988166405589));
#3807=CARTESIAN_POINT('Ctrl Pts',(15.1671242894101,10.9702765549041,29.1667079703139));
#3808=CARTESIAN_POINT('Ctrl Pts',(16.326035060882,12.3964092321744,29.5842913922008));
#3809=CARTESIAN_POINT('Ctrl Pts',(16.9734787785288,13.1131616832819,29.8367573450646));
#3810=CARTESIAN_POINT('Ctrl Pts',(9.69986906311448,-0.00133461498454183,
28.6318109744999));
#3811=CARTESIAN_POINT('Ctrl Pts',(10.0736352982368,0.867807398731164,28.577309285819));
#3812=CARTESIAN_POINT('Ctrl Pts',(10.9040290141905,2.6417972698296,28.4888353746119));
#3813=CARTESIAN_POINT('Ctrl Pts',(12.44076344352,5.4285393245989,28.4533566231306));
#3814=CARTESIAN_POINT('Ctrl Pts',(14.2504573342445,8.25096165422281,28.5728063270084));
#3815=CARTESIAN_POINT('Ctrl Pts',(16.0452768173161,10.7904528274323,28.9328525598927));
#3816=CARTESIAN_POINT('Ctrl Pts',(17.1663261746773,12.2302933534288,29.3468651671615));
#3817=CARTESIAN_POINT('Ctrl Pts',(17.7931595176201,12.9527398172959,29.5973819727019));
#3818=CARTESIAN_POINT('Ctrl Pts',(10.9800080768204,-3.69562783175284E-6,
28.4202527260645));
#3819=CARTESIAN_POINT('Ctrl Pts',(11.3344260628581,0.869187315138555,28.3532557868536));
#3820=CARTESIAN_POINT('Ctrl Pts',(12.1230890774721,2.63956772345998,28.2439239472969));
#3821=CARTESIAN_POINT('Ctrl Pts',(13.5830167831787,5.39352468294746,28.1895684212194));
#3822=CARTESIAN_POINT('Ctrl Pts',(15.2735820614669,8.14698931717926,28.3045685241088));
#3823=CARTESIAN_POINT('Ctrl Pts',(16.929664457619,10.6324642778024,28.6685385611393));
#3824=CARTESIAN_POINT('Ctrl Pts',(18.0062159990783,12.0921720078687,29.0865253641802));
#3825=CARTESIAN_POINT('Ctrl Pts',(18.6052962639183,12.8210377059997,29.3389963694999));
#3826=CARTESIAN_POINT('Ctrl Pts',(12.3455881284987,0.000783608921310081,
28.1328174954623));
#3827=CARTESIAN_POINT('Ctrl Pts',(12.6731957708685,0.8695840303845,28.0551603684097));
#3828=CARTESIAN_POINT('Ctrl Pts',(13.406885269831,2.6354639595062,27.9297673537046));
#3829=CARTESIAN_POINT('Ctrl Pts',(14.7665091629526,5.35648266966199,27.8663012324074));
#3830=CARTESIAN_POINT('Ctrl Pts',(16.3098484377058,8.0493901163428,27.9919668844737));
#3831=CARTESIAN_POINT('Ctrl Pts',(17.8154520787517,10.4985341061721,28.3740507829498));
#3832=CARTESIAN_POINT('Ctrl Pts',(18.8383349414954,11.9811872240683,28.8049206916465));
#3833=CARTESIAN_POINT('Ctrl Pts',(19.4022534799847,12.7160507668103,29.0637140501018));
#3834=CARTESIAN_POINT('Ctrl Pts',(13.7848059937892,0.000378795540674063,
27.7578838190682));
#3835=CARTESIAN_POINT('Ctrl Pts',(14.0785839760606,0.86857827812124,27.6728613276301));
#3836=CARTESIAN_POINT('Ctrl Pts',(14.7456349440058,2.62976853021134,27.5376276836162));
#3837=CARTESIAN_POINT('Ctrl Pts',(15.9698132755119,5.31947888899332,27.4829816147648));
#3838=CARTESIAN_POINT('Ctrl Pts',(17.3429907861561,7.96285360944544,27.637305880387));
#3839=CARTESIAN_POINT('Ctrl Pts',(18.6915414923455,10.3916879760694,28.0531961817535));
#3840=CARTESIAN_POINT('Ctrl Pts',(19.6518964930114,11.8964452996611,28.5060246260543));
#3841=CARTESIAN_POINT('Ctrl Pts',(20.1745448879984,12.6357451118189,28.7753897859574));
#3842=CARTESIAN_POINT('Ctrl Pts',(15.2784169232317,-0.000279347728219943,
27.2873631698871));
#3843=CARTESIAN_POINT('Ctrl Pts',(15.53129652073,0.867427896016128,27.1995642689305));
#3844=CARTESIAN_POINT('Ctrl Pts',(16.1077312103651,2.62385518458186,27.0677256018898));
#3845=CARTESIAN_POINT('Ctrl Pts',(17.1670058328365,5.28714742009574,27.0443381841015));
#3846=CARTESIAN_POINT('Ctrl Pts',(18.3553327493595,7.89308971796689,27.2464009070577));
#3847=CARTESIAN_POINT('Ctrl Pts',(19.5488078853095,10.3144691197407,27.7113781530796));
#3848=CARTESIAN_POINT('Ctrl Pts',(20.4389121524417,11.8365119549959,28.1942997536084));
#3849=CARTESIAN_POINT('Ctrl Pts',(20.9167153702916,12.5777748069548,28.477676934246));
#3850=CARTESIAN_POINT('Ctrl Pts',(16.78970967457,-0.000626705835589467,
26.7221115797415));
#3851=CARTESIAN_POINT('Ctrl Pts',(16.9905144188661,0.867183450078961,26.6396265875625));
#3852=CARTESIAN_POINT('Ctrl Pts',(17.4564063989676,2.62107180742541,26.5283651957455));
#3853=CARTESIAN_POINT('Ctrl Pts',(18.3365908786265,5.26585045953277,26.5581743829831));
#3854=CARTESIAN_POINT('Ctrl Pts',(19.3390735413822,7.84582049505167,26.8246683891557));
#3855=CARTESIAN_POINT('Ctrl Pts',(20.3936642221925,10.2700010909741,27.3507028412515));
#3856=CARTESIAN_POINT('Ctrl Pts',(21.2063249308497,11.8004071649167,27.8696010454601));
#3857=CARTESIAN_POINT('Ctrl Pts',(21.6383057662945,12.540549284405,28.1691853523203));
#3858=CARTESIAN_POINT('Ctrl Pts',(18.2764551380325,0.000892153337284856,
26.0723586464092));
#3859=CARTESIAN_POINT('Ctrl Pts',(18.4215917385512,0.871118405140872,26.0029292033331));
#3860=CARTESIAN_POINT('Ctrl Pts',(18.7752929265865,2.62731993142258,25.9258637490441));
#3861=CARTESIAN_POINT('Ctrl Pts',(19.4810907869104,5.26323534347727,26.0253306909332));
#3862=CARTESIAN_POINT('Ctrl Pts',(20.3077330273144,7.82780775710713,26.3699854906172));
#3863=CARTESIAN_POINT('Ctrl Pts',(21.2395320243168,10.2577954122801,26.9669476203137));
#3864=CARTESIAN_POINT('Ctrl Pts',(21.9629858975473,11.7853499439845,27.5280239001014));
#3865=CARTESIAN_POINT('Ctrl Pts',(22.3464551497741,12.5204338804447,27.8462256191012));
#3866=CARTESIAN_POINT('Ctrl Pts',(19.7173823574627,0.00239707142947798,
25.3444814299191));
#3867=CARTESIAN_POINT('Ctrl Pts',(19.8113482036521,0.878955894471015,25.2925319173397));
#3868=CARTESIAN_POINT('Ctrl Pts',(20.0584918348565,2.64536191572685,25.2596085098496));
#3869=CARTESIAN_POINT('Ctrl Pts',(20.5959445045912,5.28277985701727,25.4449988279815));
#3870=CARTESIAN_POINT('Ctrl Pts',(21.2624101634983,7.83898651165752,25.8806676044962));
#3871=CARTESIAN_POINT('Ctrl Pts',(22.0738631619086,10.2689738392015,26.559967264146));
#3872=CARTESIAN_POINT('Ctrl Pts',(22.6998200195092,11.7840251159052,27.1696181976815));
#3873=CARTESIAN_POINT('Ctrl Pts',(23.032692076852,12.5102497135418,27.508907329549));
#3874=CARTESIAN_POINT('Ctrl Pts',(21.0996131332745,0.00048244146114047,
24.5373299592768));
#3875=CARTESIAN_POINT('Ctrl Pts',(21.143932447653,0.889500363896088,24.5081438627288));
#3876=CARTESIAN_POINT('Ctrl Pts',(21.2899206952727,2.67557426239637,24.5307583877996));
#3877=CARTESIAN_POINT('Ctrl Pts',(21.6690808963504,5.32057023708199,24.8183269524988));
#3878=CARTESIAN_POINT('Ctrl Pts',(22.203392937682,7.87514904558957,25.3560669257801));
#3879=CARTESIAN_POINT('Ctrl Pts',(22.8779092340373,10.292876593856,26.132733252637));
#3880=CARTESIAN_POINT('Ctrl Pts',(23.4061884113293,11.7890747672468,26.7963794406645));
#3881=CARTESIAN_POINT('Ctrl Pts',(23.6879918352289,12.5034434814923,27.1590434644019));
#3882=CARTESIAN_POINT('Ctrl Pts',(21.9801940889663,-6.54582024470663E-11,
23.9433523482542));
#3883=CARTESIAN_POINT('Ctrl Pts',(21.9949651547815,0.899630166577807,23.9328250659603));
#3884=CARTESIAN_POINT('Ctrl Pts',(22.0797920581367,2.70171622488194,24.0001572273533));
#3885=CARTESIAN_POINT('Ctrl Pts',(22.3699817312299,5.35656949466979,24.3655878517598));
#3886=CARTESIAN_POINT('Ctrl Pts',(22.8129999748888,7.90955898185259,24.9841155279073));
#3887=CARTESIAN_POINT('Ctrl Pts',(23.3920517789407,10.3145273444284,25.8352856450908));
#3888=CARTESIAN_POINT('Ctrl Pts',(23.855947009576,11.7949796089219,26.5385960819142));
#3889=CARTESIAN_POINT('Ctrl Pts',(24.1042245465582,12.5,26.9182510647956));
#3890=CARTESIAN_POINT('Ctrl Pts',(22.4233260664535,-1.54245446432306E-14,
23.6275338773704));
#3891=CARTESIAN_POINT('Ctrl Pts',(22.4233260664535,0.905848637712849,23.6275338773704));
#3892=CARTESIAN_POINT('Ctrl Pts',(22.4782193801416,2.71752012900746,23.7196820504677));
#3893=CARTESIAN_POINT('Ctrl Pts',(22.7218123727134,5.378624595609,24.1285961373873));
#3894=CARTESIAN_POINT('Ctrl Pts',(23.1167282200654,7.93073244456996,24.7915325027777));
#3895=CARTESIAN_POINT('Ctrl Pts',(23.6475280976367,10.3284507199689,25.6825743385161));
#3896=CARTESIAN_POINT('Ctrl Pts',(24.0789739089711,11.8000872356236,26.4068327341887));
#3897=CARTESIAN_POINT('Ctrl Pts',(24.31044765374,12.5,26.7954025119509));
#3898=CARTESIAN_POINT('',(22.4233260664535,-1.54245446432712E-14,23.6275338773704));
#3899=CARTESIAN_POINT('Ctrl Pts',(-1.11175764427873E-8,1.91965779383629E-8,
29.0197034615272));
#3900=CARTESIAN_POINT('Ctrl Pts',(0.284002059046362,0.000122491054411117,
29.0197034614692));
#3901=CARTESIAN_POINT('Ctrl Pts',(0.851733382734855,4.20826588012574E-5,
29.020582372867));
#3902=CARTESIAN_POINT('Ctrl Pts',(1.70791029623476,-0.00105840748396768,
29.0229510658113));
#3903=CARTESIAN_POINT('Ctrl Pts',(2.57543830823511,-0.00223973681042532,
29.024357536954));
#3904=CARTESIAN_POINT('Ctrl Pts',(3.4623702097521,-0.00226086865686802,
29.0220669036821));
#3905=CARTESIAN_POINT('Ctrl Pts',(4.37680636636038,-0.000961484834079478,
29.0124803019769));
#3906=CARTESIAN_POINT('Ctrl Pts',(5.32876019795593,0.000389947543092272,
28.9907356756713));
#3907=CARTESIAN_POINT('Ctrl Pts',(6.32754915678734,0.000647500480624481,
28.9505644331562));
#3908=CARTESIAN_POINT('Ctrl Pts',(7.38172293290611,-0.000454624492451699,
28.8842809419433));
#3909=CARTESIAN_POINT('Ctrl Pts',(8.50247101290388,-0.00159082351248053,
28.7820369034047));
#3910=CARTESIAN_POINT('Ctrl Pts',(9.69986906311448,-0.00133461498454183,
28.6318109744999));
#3911=CARTESIAN_POINT('Ctrl Pts',(10.9800080768204,-3.69562783175284E-6,
28.4202527260645));
#3912=CARTESIAN_POINT('Ctrl Pts',(12.3455881284987,0.000783608921310081,
28.1328174954623));
#3913=CARTESIAN_POINT('Ctrl Pts',(13.7848059937892,0.000378795540674063,
27.7578838190682));
#3914=CARTESIAN_POINT('Ctrl Pts',(15.2784169232317,-0.000279347728219943,
27.2873631698871));
#3915=CARTESIAN_POINT('Ctrl Pts',(16.78970967457,-0.000626705835589467,
26.7221115797415));
#3916=CARTESIAN_POINT('Ctrl Pts',(18.2764551380325,0.000892153337284856,
26.0723586464092));
#3917=CARTESIAN_POINT('Ctrl Pts',(19.7173823574627,0.00239707142947798,
25.3444814299191));
#3918=CARTESIAN_POINT('Ctrl Pts',(21.0996131332745,0.00048244146114047,
24.5373299592768));
#3919=CARTESIAN_POINT('Ctrl Pts',(21.9801940889663,-6.54582024470663E-11,
23.9433523482542));
#3920=CARTESIAN_POINT('Ctrl Pts',(22.4233260664535,-1.54245446432306E-14,
23.6275338773704));
#3921=CARTESIAN_POINT('',(24.31044765374,12.5,26.7954025119509));
#3922=CARTESIAN_POINT('Ctrl Pts',(24.3104476537399,12.5,26.795402511951));
#3923=CARTESIAN_POINT('Ctrl Pts',(23.9797708754987,11.5001246223195,26.2403028294335));
#3924=CARTESIAN_POINT('Ctrl Pts',(23.0827560295099,8.28423816361862,24.7345041493141));
#3925=CARTESIAN_POINT('Ctrl Pts',(22.4906589351668,3.88218215189726,23.7405640521671));
#3926=CARTESIAN_POINT('Ctrl Pts',(22.4230502923229,0.647491882603566,23.6270709415298));
#3927=CARTESIAN_POINT('Ctrl Pts',(22.4234415220521,2.63140041756316E-7,
23.6277276900915));
#3928=CARTESIAN_POINT('',(9.289718392199,16.0902642186548,30.9640068138285));
#3929=CARTESIAN_POINT('Ctrl Pts',(24.31044765374,12.5,26.7954025119509));
#3930=CARTESIAN_POINT('Ctrl Pts',(24.244862069647,12.5,26.8344723048728));
#3931=CARTESIAN_POINT('Ctrl Pts',(24.1791182024478,12.5001927451582,26.8732841243407));
#3932=CARTESIAN_POINT('Ctrl Pts',(24.1130634164345,12.5005050050135,26.9118703156879));
#3933=CARTESIAN_POINT('Ctrl Pts',(24.0448380733447,12.5008275257126,26.9517244474182));
#3934=CARTESIAN_POINT('Ctrl Pts',(23.9762811487988,12.5012776562955,26.9913377556596));
#3935=CARTESIAN_POINT('Ctrl Pts',(23.9072733390851,12.5018020309946,27.0307314378289));
#3936=CARTESIAN_POINT('Ctrl Pts',(23.8355675925407,12.5023469067039,27.0716652596789));
#3937=CARTESIAN_POINT('Ctrl Pts',(23.7633751550161,12.5029720677351,27.1123618061399));
#3938=CARTESIAN_POINT('Ctrl Pts',(23.6906122817746,12.5036448853663,27.1528315579542));
#3939=CARTESIAN_POINT('Ctrl Pts',(23.6143385518563,12.5043501668924,27.1952540020144));
#3940=CARTESIAN_POINT('Ctrl Pts',(23.5374381975908,12.5051079533095,27.237427069582));
#3941=CARTESIAN_POINT('Ctrl Pts',(23.4598663524987,12.5059080417559,27.2793508952591));
#3942=CARTESIAN_POINT('Ctrl Pts',(23.3774120835388,12.5067584883049,27.3239134345941));
#3943=CARTESIAN_POINT('Ctrl Pts',(23.294199403855,12.5076568926868,27.3681941542258));
#3944=CARTESIAN_POINT('Ctrl Pts',(23.2102280054336,12.5086189265996,27.4121830547718));
#3945=CARTESIAN_POINT('Ctrl Pts',(23.1186835852827,12.5096677222416,27.4601391263542));
#3946=CARTESIAN_POINT('Ctrl Pts',(23.0262378604167,12.5107923483057,27.5077480526511));
#3947=CARTESIAN_POINT('Ctrl Pts',(22.9329470508614,12.5120425346676,27.554989410999));
#3948=CARTESIAN_POINT('Ctrl Pts',(22.8241370853986,12.5135006926095,27.6100894856447));
#3949=CARTESIAN_POINT('Ctrl Pts',(22.7141784114581,12.5151299395774,27.6646888610706));
#3950=CARTESIAN_POINT('Ctrl Pts',(22.6032246841969,12.5170442571451,27.7187534430615));
#3951=CARTESIAN_POINT('Ctrl Pts',(22.4784155743007,12.5191976257392,27.7795693572425));
#3952=CARTESIAN_POINT('Ctrl Pts',(22.3523515389554,12.5217131200024,27.8397072216533));
#3953=CARTESIAN_POINT('Ctrl Pts',(22.2252858873323,12.5247801959958,27.8991336618705));
#3954=CARTESIAN_POINT('Ctrl Pts',(22.1163235977889,12.5274102979799,27.9500934681028));
#3955=CARTESIAN_POINT('Ctrl Pts',(22.0066275130759,12.5304471896676,28.0005300938489));
#3956=CARTESIAN_POINT('Ctrl Pts',(21.8963319195905,12.5340097194094,28.0504407790192));
#3957=CARTESIAN_POINT('Ctrl Pts',(21.8011220847052,12.5370849816006,28.0935248945664));
#3958=CARTESIAN_POINT('Ctrl Pts',(21.7054661671072,12.5405522092813,28.1362172962486));
#3959=CARTESIAN_POINT('Ctrl Pts',(21.6094115495077,12.5444794053967,28.1785294457381));
#3960=CARTESIAN_POINT('Ctrl Pts',(21.5209523613381,12.5480960621366,28.2174958014124));
#3961=CARTESIAN_POINT('Ctrl Pts',(21.432155443015,12.5521029434093,28.2561397714857));
#3962=CARTESIAN_POINT('Ctrl Pts',(21.3430152153571,12.5565428976511,28.294480526891));
#3963=CARTESIAN_POINT('Ctrl Pts',(21.2588825131495,12.5607334338193,28.3306674588934));
#3964=CARTESIAN_POINT('Ctrl Pts',(21.1744442920166,12.5653098193502,28.3665843768178));
#3965=CARTESIAN_POINT('Ctrl Pts',(21.0896513142901,12.5702972498993,28.402255544241));
#3966=CARTESIAN_POINT('Ctrl Pts',(20.9818663249894,12.5766370455142,28.4475991151608));
#3967=CARTESIAN_POINT('Ctrl Pts',(20.8735087039534,12.5836414976329,28.4925465307103));
#3968=CARTESIAN_POINT('Ctrl Pts',(20.7643695044231,12.5913353581763,28.5371599303387));
#3969=CARTESIAN_POINT('Ctrl Pts',(20.674646078937,12.5976604872421,28.57383664278));
#3970=CARTESIAN_POINT('Ctrl Pts',(20.5843908916209,12.6044507974179,28.6102879339089));
#3971=CARTESIAN_POINT('Ctrl Pts',(20.4935269936109,12.6117210047805,28.646527400517));
#3972=CARTESIAN_POINT('Ctrl Pts',(20.3984863352538,12.6193254033289,28.6844326944828));
#3973=CARTESIAN_POINT('Ctrl Pts',(20.3027799040714,12.6274549143556,28.7221060017501));
#3974=CARTESIAN_POINT('Ctrl Pts',(20.2063721764736,12.6361289523178,28.7595417408647));
#3975=CARTESIAN_POINT('Ctrl Pts',(20.1003756427967,12.6456657185074,28.8007008748953));
#3976=CARTESIAN_POINT('Ctrl Pts',(19.993531320972,12.6558608070961,28.8415726151907));
#3977=CARTESIAN_POINT('Ctrl Pts',(19.8858537492758,12.666741670582,28.8821280092981));
#3978=CARTESIAN_POINT('Ctrl Pts',(19.7672513492643,12.6787264925211,28.9267981016747));
#3979=CARTESIAN_POINT('Ctrl Pts',(19.6476384494766,12.6915434249499,28.9710839082313));
#3980=CARTESIAN_POINT('Ctrl Pts',(19.5271035672179,12.7052292681119,29.0149275507772));
#3981=CARTESIAN_POINT('Ctrl Pts',(19.3905884957088,12.7207295434091,29.0645838650757));
#3982=CARTESIAN_POINT('Ctrl Pts',(19.2528920865035,12.7373445261155,29.1136720194408));
#3983=CARTESIAN_POINT('Ctrl Pts',(19.1142146614,12.7551255669841,29.162096509858));
#3984=CARTESIAN_POINT('Ctrl Pts',(18.935661136021,12.7780194700805,29.224445255317));
#3985=CARTESIAN_POINT('Ctrl Pts',(18.7554874802033,12.8028464254516,29.2856902713365));
#3986=CARTESIAN_POINT('Ctrl Pts',(18.5741797024204,12.8297103840242,29.3456473978873));
#3987=CARTESIAN_POINT('Ctrl Pts',(18.4470002361159,12.8485542745393,29.3877046965267));
#3988=CARTESIAN_POINT('Ctrl Pts',(18.3192646292454,12.8684001900681,29.4291288199502));
#3989=CARTESIAN_POINT('Ctrl Pts',(18.1911150967935,12.889284572295,29.4698752547681));
#3990=CARTESIAN_POINT('Ctrl Pts',(18.0768328259858,12.9079090228072,29.5062124540478));
#3991=CARTESIAN_POINT('Ctrl Pts',(17.9622220367007,12.9273592208396,29.5420108179757));
#3992=CARTESIAN_POINT('Ctrl Pts',(17.8473463718509,12.9476637651338,29.5772533692235));
#3993=CARTESIAN_POINT('Ctrl Pts',(17.7404000372077,12.9665667816405,29.6100632918852));
#3994=CARTESIAN_POINT('Ctrl Pts',(17.6332245575652,12.9862101639129,29.6423915950316));
#3995=CARTESIAN_POINT('Ctrl Pts',(17.5258297134199,13.0066211478931,29.674236446675));
#3996=CARTESIAN_POINT('Ctrl Pts',(17.4239211212386,13.0259894393507,29.7044545081195));
#3997=CARTESIAN_POINT('Ctrl Pts',(17.321815315566,13.0460488139184,29.7342373648691));
#3998=CARTESIAN_POINT('Ctrl Pts',(17.2194766481447,13.0668278653523,29.7635929684736));
#3999=CARTESIAN_POINT('Ctrl Pts',(17.1164817734026,13.0877401544568,29.793136803589));
#4000=CARTESIAN_POINT('Ctrl Pts',(17.0132515925466,13.1093812436458,29.8222480041285));
#4001=CARTESIAN_POINT('Ctrl Pts',(16.9096963024971,13.1317877278633,29.8509431970137));
#4002=CARTESIAN_POINT('Ctrl Pts',(16.8061225059649,13.1541982163688,29.8796435180493));
#4003=CARTESIAN_POINT('Ctrl Pts',(16.7022156379947,13.1773757715026,29.9079296219389));
#4004=CARTESIAN_POINT('Ctrl Pts',(16.5979003020512,13.201352901273,29.9358069759847));
#4005=CARTESIAN_POINT('Ctrl Pts',(16.4891548904213,13.2263482945486,29.9648682287088));
#4006=CARTESIAN_POINT('Ctrl Pts',(16.3799657623981,13.2522126620467,29.99348501126));
#4007=CARTESIAN_POINT('Ctrl Pts',(16.2703006881548,13.2789708562335,30.0216445716626));
#4008=CARTESIAN_POINT('Ctrl Pts',(16.1548013401114,13.3071526087625,30.0513022442638));
#4009=CARTESIAN_POINT('Ctrl Pts',(16.0387743112105,13.3363258590108,30.0804524339456));
#4010=CARTESIAN_POINT('Ctrl Pts',(15.9222364794698,13.3665059277482,30.109064234116));
#4011=CARTESIAN_POINT('Ctrl Pts',(15.7974114559174,13.3988321494969,30.1397106652089));
#4012=CARTESIAN_POINT('Ctrl Pts',(15.6720007826749,13.4323134950146,30.1697390028243));
#4013=CARTESIAN_POINT('Ctrl Pts',(15.546081408733,13.4669528796237,30.1990991543846));
#4014=CARTESIAN_POINT('Ctrl Pts',(15.40529250485,13.5056827496797,30.2319263788744));
#4015=CARTESIAN_POINT('Ctrl Pts',(15.263868287897,13.5458603186002,30.2639176554051));
#4016=CARTESIAN_POINT('Ctrl Pts',(15.1219769644103,13.5874698138151,30.2949968411537));
#4017=CARTESIAN_POINT('Ctrl Pts',(14.9517520417806,13.6373881099417,30.3322820807261));
#4018=CARTESIAN_POINT('Ctrl Pts',(14.7808569863237,13.6893670539519,30.3682530658994));
#4019=CARTESIAN_POINT('Ctrl Pts',(14.6096449125403,13.743352979101,30.4027883755057));
#4020=CARTESIAN_POINT('Ctrl Pts',(14.4483864447108,13.7942003719369,30.4353159361507));
#4021=CARTESIAN_POINT('Ctrl Pts',(14.2868508731387,13.8468268282665,30.4665693338157));
#4022=CARTESIAN_POINT('Ctrl Pts',(14.1253310566381,13.9011802163291,30.4964708826972));
#4023=CARTESIAN_POINT('Ctrl Pts',(13.9895406749717,13.9468753357874,30.5216092392345));
#4024=CARTESIAN_POINT('Ctrl Pts',(13.8537625314855,13.9937904654947,30.5457925149261));
#4025=CARTESIAN_POINT('Ctrl Pts',(13.7181392632939,14.0419007925881,30.5689911685792));
#4026=CARTESIAN_POINT('Ctrl Pts',(13.5943119104175,14.085826695049,30.590172105379));
#4027=CARTESIAN_POINT('Ctrl Pts',(13.4706142061996,14.1307486343405,30.6105324830654));
#4028=CARTESIAN_POINT('Ctrl Pts',(13.3471159179561,14.1766586630053,30.6300610685298));
#4029=CARTESIAN_POINT('Ctrl Pts',(13.2310687479913,14.219798766203,30.6484114206586));
#4030=CARTESIAN_POINT('Ctrl Pts',(13.1151980097989,14.263811112379,30.6660275267909));
#4031=CARTESIAN_POINT('Ctrl Pts',(12.9995195642344,14.3087027124675,30.6829074764645));
#4032=CARTESIAN_POINT('Ctrl Pts',(12.8892075969268,14.3515117310119,30.6990043426306));
#4033=CARTESIAN_POINT('Ctrl Pts',(12.7790707489177,14.3951201459332,30.7144319618949));
#4034=CARTESIAN_POINT('Ctrl Pts',(12.6690790278713,14.4395495141554,30.7291928551234));
#4035=CARTESIAN_POINT('Ctrl Pts',(12.5270153303423,14.4969338360706,30.7482578088393));
#4036=CARTESIAN_POINT('Ctrl Pts',(12.3851945889404,14.5556872988675,30.7662115439156));
#4037=CARTESIAN_POINT('Ctrl Pts',(12.2434424393178,14.6158976155949,30.7830602418187));
#4038=CARTESIAN_POINT('Ctrl Pts',(12.1337634069234,14.6624846288882,30.7960967205461));
#4039=CARTESIAN_POINT('Ctrl Pts',(12.024122237978,14.7099451337154,30.8084713916303));
#4040=CARTESIAN_POINT('Ctrl Pts',(11.9144776627757,14.758302125931,30.8201756225895));
#4041=CARTESIAN_POINT('Ctrl Pts',(11.7967691467724,14.8102155907019,30.8327406551469));
#4042=CARTESIAN_POINT('Ctrl Pts',(11.6790567637487,14.8631623297006,30.8445327279078));
#4043=CARTESIAN_POINT('Ctrl Pts',(11.5613447924883,14.9171453148231,30.8555320615656));
#4044=CARTESIAN_POINT('Ctrl Pts',(11.4364547451304,14.9744201824196,30.8672021345983));
#4045=CARTESIAN_POINT('Ctrl Pts',(11.3115655774753,15.0328614513869,30.8779794506003));
#4046=CARTESIAN_POINT('Ctrl Pts',(11.1867387133914,15.0924450202658,30.8878358955727));
#4047=CARTESIAN_POINT('Ctrl Pts',(11.0512977546381,15.1570950117089,30.8985304393055));
#4048=CARTESIAN_POINT('Ctrl Pts',(10.9159308127805,15.2230896476998,30.9081403401298));
#4049=CARTESIAN_POINT('Ctrl Pts',(10.7807724765207,15.290368280483,30.9166318817876));
#4050=CARTESIAN_POINT('Ctrl Pts',(10.6224062211816,15.3691992681457,30.9265814985971));
#4051=CARTESIAN_POINT('Ctrl Pts',(10.4643276817269,15.449792681182,30.9349947127277));
#4052=CARTESIAN_POINT('Ctrl Pts',(10.3068128587412,15.5320149172691,30.941833246196));
#4053=CARTESIAN_POINT('Ctrl Pts',(10.1354640021012,15.6214584748776,30.9492723866444));
#4054=CARTESIAN_POINT('Ctrl Pts',(9.96478663315581,15.7128274184371,30.9548472746557));
#4055=CARTESIAN_POINT('Ctrl Pts',(9.79515363972849,15.8059306122033,30.9585421018415));
#4056=CARTESIAN_POINT('Ctrl Pts',(9.65434076029107,15.8832158651141,30.9616091894673));
#4057=CARTESIAN_POINT('Ctrl Pts',(9.51424928057136,15.9616949321738,30.9633815994998));
#4058=CARTESIAN_POINT('Ctrl Pts',(9.37506435361898,16.04126840406,30.9638688438666));
#4059=CARTESIAN_POINT('Ctrl Pts',(9.34657743199314,16.0575546737499,30.9639685679703));
#4060=CARTESIAN_POINT('Ctrl Pts',(9.3181283355513,16.07388685543,30.9640145068051));
#4061=CARTESIAN_POINT('Ctrl Pts',(9.28971839219493,16.0902642186477,30.9640068138256));
#4062=CARTESIAN_POINT('Ctrl Pts',(9.28971839219493,16.0902642186477,30.9640068138256));
#4063=CARTESIAN_POINT('Ctrl Pts',(9.28830909051268,16.0910766329931,30.9640064322082));
#4064=CARTESIAN_POINT('Ctrl Pts',(9.28689988515446,16.0918891585297,30.9640059186206));
#4065=CARTESIAN_POINT('Ctrl Pts',(9.28549077627544,16.0927017951718,30.9640052730829));
#4066=CARTESIAN_POINT('Ctrl Pts',(-1.11175764427873E-8,1.91965779383629E-8,
29.0197034615272));
#4067=CARTESIAN_POINT('Ctrl Pts',(0.284002059046362,0.000122491054411117,
29.0197034614692));
#4068=CARTESIAN_POINT('Ctrl Pts',(0.851733382734855,4.20826588012574E-5,
29.020582372867));
#4069=CARTESIAN_POINT('Ctrl Pts',(1.70791029623476,-0.00105840748396768,
29.0229510658113));
#4070=CARTESIAN_POINT('Ctrl Pts',(2.57543830823511,-0.00223973681042532,
29.024357536954));
#4071=CARTESIAN_POINT('Ctrl Pts',(3.4623702097521,-0.00226086865686802,
29.0220669036821));
#4072=CARTESIAN_POINT('Ctrl Pts',(4.37680636636038,-0.000961484834079478,
29.0124803019769));
#4073=CARTESIAN_POINT('Ctrl Pts',(5.32876019795593,0.000389947543092272,
28.9907356756713));
#4074=CARTESIAN_POINT('Ctrl Pts',(6.32754915678734,0.000647500480624481,
28.9505644331562));
#4075=CARTESIAN_POINT('Ctrl Pts',(7.38172293290611,-0.000454624492451699,
28.8842809419433));
#4076=CARTESIAN_POINT('Ctrl Pts',(8.50247101290388,-0.00159082351248053,
28.7820369034047));
#4077=CARTESIAN_POINT('Ctrl Pts',(9.69986906311448,-0.00133461498454183,
28.6318109744999));
#4078=CARTESIAN_POINT('Ctrl Pts',(10.9800080768204,-3.69562783175284E-6,
28.4202527260645));
#4079=CARTESIAN_POINT('Ctrl Pts',(12.3455881284987,0.000783608921310081,
28.1328174954623));
#4080=CARTESIAN_POINT('Ctrl Pts',(13.7848059937892,0.000378795540674063,
27.7578838190682));
#4081=CARTESIAN_POINT('Ctrl Pts',(15.2784169232317,-0.000279347728219943,
27.2873631698871));
#4082=CARTESIAN_POINT('Ctrl Pts',(16.78970967457,-0.000626705835589467,
26.7221115797415));
#4083=CARTESIAN_POINT('Ctrl Pts',(18.2764551380325,0.000892153337284856,
26.0723586464092));
#4084=CARTESIAN_POINT('Ctrl Pts',(19.7173823574627,0.00239707142947798,
25.3444814299191));
#4085=CARTESIAN_POINT('Ctrl Pts',(21.0996131332745,0.00048244146114047,
24.5373299592768));
#4086=CARTESIAN_POINT('Ctrl Pts',(21.9801940889663,-6.54582024470663E-11,
23.9433523482542));
#4087=CARTESIAN_POINT('Ctrl Pts',(22.4233260664535,-1.54245446432306E-14,
23.6275338773704));
#4088=CARTESIAN_POINT('Ctrl Pts',(0.54000696674633,-0.934388714117085,29.0197034610829));
#4089=CARTESIAN_POINT('Ctrl Pts',(0.814711121345591,-0.929301439188964,
29.0202553867359));
#4090=CARTESIAN_POINT('Ctrl Pts',(1.36493271387598,-0.920115993521369,29.0218402534818));
#4091=CARTESIAN_POINT('Ctrl Pts',(2.1972365024788,-0.908907460605525,29.0240821290222));
#4092=CARTESIAN_POINT('Ctrl Pts',(3.04315115250138,-0.899200289895479,29.0241765619399));
#4093=CARTESIAN_POINT('Ctrl Pts',(3.91109343967259,-0.889863940576744,29.0193038321287));
#4094=CARTESIAN_POINT('Ctrl Pts',(4.81051835941619,-0.88148176774016,29.0055759351893));
#4095=CARTESIAN_POINT('Ctrl Pts',(5.75126697245161,-0.875537904851818,28.9777026519246));
#4096=CARTESIAN_POINT('Ctrl Pts',(6.73946445484387,-0.872208536261502,28.9294377872222));
#4097=CARTESIAN_POINT('Ctrl Pts',(7.78187446607643,-0.871266062272037,28.8533772430765));
#4098=CARTESIAN_POINT('Ctrl Pts',(8.88904886239087,-0.870969862941217,28.7400235635774));
#4099=CARTESIAN_POINT('Ctrl Pts',(10.0705752692191,-0.869838607296343,28.5778487429903));
#4100=CARTESIAN_POINT('Ctrl Pts',(11.333363806138,-0.86851698538086,28.3537380040334));
#4101=CARTESIAN_POINT('Ctrl Pts',(12.6754833215489,-0.867968821408399,28.0547016769367));
#4102=CARTESIAN_POINT('Ctrl Pts',(14.0803624405344,-0.868131171124036,27.6720801716401));
#4103=CARTESIAN_POINT('Ctrl Pts',(15.5294366591201,-0.868150848577914,27.1999702863456));
#4104=CARTESIAN_POINT('Ctrl Pts',(16.9895416064912,-0.868355777639406,26.6402385024121));
#4105=CARTESIAN_POINT('Ctrl Pts',(18.423328339395,-0.868796576144274,26.0022935189619));
#4106=CARTESIAN_POINT('Ctrl Pts',(19.810739460618,-0.874322187254453,25.2923584118482));
#4107=CARTESIAN_POINT('Ctrl Pts',(21.1436284760319,-0.888652766907031,24.5082170318799));
#4108=CARTESIAN_POINT('Ctrl Pts',(21.9949651549835,-0.899630166704361,23.9328250658226));
#4109=CARTESIAN_POINT('Ctrl Pts',(22.4233260664535,-0.90584863771288,23.6275338773704));
#4110=CARTESIAN_POINT('Ctrl Pts',(1.62473421632239,-2.8039867553794,29.0335637983031));
#4111=CARTESIAN_POINT('Ctrl Pts',(1.88401359383285,-2.79104308671137,29.0359670461737));
#4112=CARTESIAN_POINT('Ctrl Pts',(2.40460878856649,-2.76683748243709,29.0403919222113));
#4113=CARTESIAN_POINT('Ctrl Pts',(3.19760061713708,-2.73604762776275,29.0443220414169));
#4114=CARTESIAN_POINT('Ctrl Pts',(4.01225546197795,-2.71077785390875,29.0431383767142));
#4115=CARTESIAN_POINT('Ctrl Pts',(4.85822278787679,-2.69028448450475,29.0333091276165));
#4116=CARTESIAN_POINT('Ctrl Pts',(5.74144190734951,-2.67402924016723,29.0104530034777));
#4117=CARTESIAN_POINT('Ctrl Pts',(6.6655133471241,-2.66152503635025,28.9696499944216));
#4118=CARTESIAN_POINT('Ctrl Pts',(7.63488140288611,-2.65287358473722,28.9052376035985));
#4119=CARTESIAN_POINT('Ctrl Pts',(8.65527640596495,-2.64764485902583,28.8105559007099));
#4120=CARTESIAN_POINT('Ctrl Pts',(9.73875530203929,-2.64394176650246,28.6764493398861));
#4121=CARTESIAN_POINT('Ctrl Pts',(10.8967668204602,-2.64071316806084,28.4911558810073));
#4122=CARTESIAN_POINT('Ctrl Pts',(12.1270306125195,-2.63734366656984,28.2438408657188));
#4123=CARTESIAN_POINT('Ctrl Pts',(13.4160505333146,-2.63343182385841,27.9269550744375));
#4124=CARTESIAN_POINT('Ctrl Pts',(14.7454979173285,-2.62906370790206,27.5366510100669));
#4125=CARTESIAN_POINT('Ctrl Pts',(16.1007091698376,-2.62440444201611,27.0700111625347));
#4126=CARTESIAN_POINT('Ctrl Pts',(17.4570157102307,-2.62151115833134,26.5291333163092));
#4127=CARTESIAN_POINT('Ctrl Pts',(18.7794196865751,-2.62424828147368,25.923863525046));
#4128=CARTESIAN_POINT('Ctrl Pts',(20.0563210183434,-2.64106127432542,25.2593513727478));
#4129=CARTESIAN_POINT('Ctrl Pts',(21.2892640500692,-2.67485809020469,24.5309152231925));
#4130=CARTESIAN_POINT('Ctrl Pts',(22.0797920587028,-2.70171622499927,24.0001572269678));
#4131=CARTESIAN_POINT('Ctrl Pts',(22.4782193801416,-2.71752012900745,23.7196820504676));
#4132=CARTESIAN_POINT('Ctrl Pts',(3.40098165418377,-5.8916680338136,29.1522625284598));
#4133=CARTESIAN_POINT('Ctrl Pts',(3.64913167737589,-5.86637129461443,29.1574418947726));
#4134=CARTESIAN_POINT('Ctrl Pts',(4.15054725651205,-5.81895082060409,29.1655809584931));
#4135=CARTESIAN_POINT('Ctrl Pts',(4.92187496648014,-5.75716141493745,29.1694674539515));
#4136=CARTESIAN_POINT('Ctrl Pts',(5.71909565684663,-5.7026153511746,29.1627366273753));
#4137=CARTESIAN_POINT('Ctrl Pts',(6.54951887804768,-5.6529590959874,29.1420822936689));
#4138=CARTESIAN_POINT('Ctrl Pts',(7.4176582922632,-5.60751115238878,29.1034718436422));
#4139=CARTESIAN_POINT('Ctrl Pts',(8.32654169712001,-5.56641999201716,29.0423275538537));
#4140=CARTESIAN_POINT('Ctrl Pts',(9.27859774966914,-5.52982219115213,28.9535517039324));
#4141=CARTESIAN_POINT('Ctrl Pts',(10.2781959748624,-5.49681447032784,28.8311234882731));
#4142=CARTESIAN_POINT('Ctrl Pts',(11.3332745515021,-5.46394830369387,28.6670721014254));
#4143=CARTESIAN_POINT('Ctrl Pts',(12.4421293112975,-5.42908129565294,28.4539290086118));
#4144=CARTESIAN_POINT('Ctrl Pts',(13.5939568639989,-5.39222269735435,28.1866716554927));
#4145=CARTESIAN_POINT('Ctrl Pts',(14.7723981146619,-5.3548314699012,27.8634407786432));
#4146=CARTESIAN_POINT('Ctrl Pts',(15.9622077109924,-5.31908217219342,27.4846232133807));
#4147=CARTESIAN_POINT('Ctrl Pts',(17.1593376989351,-5.28753702394986,27.0478385922229));
#4148=CARTESIAN_POINT('Ctrl Pts',(18.3426943067969,-5.26575102476586,26.5568737587225));
#4149=CARTESIAN_POINT('Ctrl Pts',(19.4845135867685,-5.26004016759407,26.0224666941024));
#4150=CARTESIAN_POINT('Ctrl Pts',(20.5920208235497,-5.27873808795289,25.4447994863461));
#4151=CARTESIAN_POINT('Ctrl Pts',(21.6681768670933,-5.31995389909797,24.8185421103995));
#4152=CARTESIAN_POINT('Ctrl Pts',(22.3699817322312,-5.3565694947696,24.3655878510938));
#4153=CARTESIAN_POINT('Ctrl Pts',(22.7218123727134,-5.37862459560903,24.1285961373873));
#4154=CARTESIAN_POINT('Ctrl Pts',(5.48010057426781,-9.48136491685788,29.4213542134272));
#4155=CARTESIAN_POINT('Ctrl Pts',(5.72562295636273,-9.43177262409305,29.4288744467714));
#4156=CARTESIAN_POINT('Ctrl Pts',(6.22249910583164,-9.33569886898648,29.4396133894331));
#4157=CARTESIAN_POINT('Ctrl Pts',(6.98800611281815,-9.20055432313679,29.4415170047202));
#4158=CARTESIAN_POINT('Ctrl Pts',(7.78167887691608,-9.07126255181994,29.4270255274744));
#4159=CARTESIAN_POINT('Ctrl Pts',(8.61039820823687,-8.9450512906674,29.3926988187051));
#4160=CARTESIAN_POINT('Ctrl Pts',(9.47482127353928,-8.82167948015479,29.3347816659321));
#4161=CARTESIAN_POINT('Ctrl Pts',(10.3719349862493,-8.70187951975951,29.2498578980158));
#4162=CARTESIAN_POINT('Ctrl Pts',(11.2974254933436,-8.58639443380127,29.1350529351095));
#4163=CARTESIAN_POINT('Ctrl Pts',(12.2513014663948,-8.47408208472135,28.987078541449));
#4164=CARTESIAN_POINT('Ctrl Pts',(13.2389928746588,-8.36217690976204,28.8006638068627));
#4165=CARTESIAN_POINT('Ctrl Pts',(14.2543052170086,-8.25156525148946,28.5722821138817));
#4166=CARTESIAN_POINT('Ctrl Pts',(15.2836237482726,-8.14536172191591,28.3014226653925));
#4167=CARTESIAN_POINT('Ctrl Pts',(16.3114809617601,-8.0477824897063,27.9903903843891));
#4168=CARTESIAN_POINT('Ctrl Pts',(17.333065808752,-7.96260522590821,27.6402665067809));
#4169=CARTESIAN_POINT('Ctrl Pts',(18.3511840335205,-7.89362190016199,27.2488346371615));
#4170=CARTESIAN_POINT('Ctrl Pts',(19.3476084718016,-7.84596317875124,26.8216839197293));
#4171=CARTESIAN_POINT('Ctrl Pts',(20.3091208661831,-7.8243243449806,26.3670299030611));
#4172=CARTESIAN_POINT('Ctrl Pts',(21.257458151262,-7.83507606557844,25.8805962437661));
#4173=CARTESIAN_POINT('Ctrl Pts',(22.202477675639,-7.8746079168531,25.3562789004837));
#4174=CARTESIAN_POINT('Ctrl Pts',(22.8129999761838,-7.90955898192592,24.9841155270754));
#4175=CARTESIAN_POINT('Ctrl Pts',(23.1167282200654,-7.93073244456996,24.7915325027777));
#4176=CARTESIAN_POINT('Ctrl Pts',(7.70785623918564,-13.3425638721175,29.9871585468098));
#4177=CARTESIAN_POINT('Ctrl Pts',(7.9572664285896,-13.2347397715627,29.994802944438));
#4178=CARTESIAN_POINT('Ctrl Pts',(8.46110698641532,-13.0237325621894,30.0027964358294));
#4179=CARTESIAN_POINT('Ctrl Pts',(9.23198118129498,-12.7220355456228,29.9924903879809));
#4180=CARTESIAN_POINT('Ctrl Pts',(10.0259011119684,-12.4315900537594,29.9584767040611));
#4181=CARTESIAN_POINT('Ctrl Pts',(10.8461441721308,-12.1508719157879,29.8983030840855));
#4182=CARTESIAN_POINT('Ctrl Pts',(11.6873980660445,-11.8821602857462,29.8102153365485));
#4183=CARTESIAN_POINT('Ctrl Pts',(12.5416974434566,-11.6287201188961,29.6936789098405));
#4184=CARTESIAN_POINT('Ctrl Pts',(13.4023850604434,-11.393198533458,29.5491092763646));
#4185=CARTESIAN_POINT('Ctrl Pts',(14.273777417351,-11.1747170988818,29.3751738827416));
#4186=CARTESIAN_POINT('Ctrl Pts',(15.1603105163151,-10.9725041274733,29.1691179725728));
#4187=CARTESIAN_POINT('Ctrl Pts',(16.0530430404403,-10.7896348914018,28.9313534257642));
#4188=CARTESIAN_POINT('Ctrl Pts',(16.940315381901,-10.6300020645806,28.6647899514838));
#4189=CARTESIAN_POINT('Ctrl Pts',(17.8133667234202,-10.4969661979863,28.3735299550085));
#4190=CARTESIAN_POINT('Ctrl Pts',(18.6810244280451,-10.3917935005533,28.056625301868));
#4191=CARTESIAN_POINT('Ctrl Pts',(19.548021212354,-10.3154515264533,27.7125139339912));
#4192=CARTESIAN_POINT('Ctrl Pts',(20.4027832445677,-10.2697814370302,27.3467743489938));
#4193=CARTESIAN_POINT('Ctrl Pts',(21.2385663080752,-10.2537708365968,26.9644978544586));
#4194=CARTESIAN_POINT('Ctrl Pts',(22.0688533792697,-10.2653250297704,26.5599859634238));
#4195=CARTESIAN_POINT('Ctrl Pts',(22.8771278945709,-10.2924429293517,26.1329064215802));
#4196=CARTESIAN_POINT('Ctrl Pts',(23.3920517803401,-10.3145273444654,25.8352856442269));
#4197=CARTESIAN_POINT('Ctrl Pts',(23.6475280976368,-10.328450719969,25.6825743385161));
#4198=CARTESIAN_POINT('Ctrl Pts',(8.77971456053388,-15.1973392623735,30.6004481786892));
#4199=CARTESIAN_POINT('Ctrl Pts',(9.04370391014375,-15.0551660923999,30.6035178113569));
#4200=CARTESIAN_POINT('Ctrl Pts',(9.57567361540417,-14.7788365737805,30.6004197084212));
#4201=CARTESIAN_POINT('Ctrl Pts',(10.3835888991071,-14.3903908536383,30.5687587397975));
#4202=CARTESIAN_POINT('Ctrl Pts',(11.2093479143547,-14.0245626037444,30.5096556226468));
#4203=CARTESIAN_POINT('Ctrl Pts',(12.0534060789288,-13.6813470578603,30.4219375700853));
#4204=CARTESIAN_POINT('Ctrl Pts',(12.9075159903463,-13.3644035010832,30.3058144226172));
#4205=CARTESIAN_POINT('Ctrl Pts',(13.7621921323765,-13.0774931653957,30.1630471723294));
#4206=CARTESIAN_POINT('Ctrl Pts',(14.6122035799522,-12.8223710808431,29.9959430402841));
#4207=CARTESIAN_POINT('Ctrl Pts',(15.4656898290799,-12.5962084127749,29.8037275431528));
#4208=CARTESIAN_POINT('Ctrl Pts',(16.3236907612595,-12.3979489622826,29.5856853149592));
#4209=CARTESIAN_POINT('Ctrl Pts',(17.1766980738617,-12.2288608934284,29.3441491684031));
#4210=CARTESIAN_POINT('Ctrl Pts',(18.0144622378778,-12.0898263190058,29.0830718427029));
#4211=CARTESIAN_POINT('Ctrl Pts',(18.8324770352509,-11.9801702571608,28.8058080743306));
#4212=CARTESIAN_POINT('Ctrl Pts',(19.6423915050932,-11.8968846460159,28.5094768097321));
#4213=CARTESIAN_POINT('Ctrl Pts',(20.4412777547143,-11.8374820261543,28.1942235343897));
#4214=CARTESIAN_POINT('Ctrl Pts',(21.2144807755993,-11.79946571684,27.8655658846314));
#4215=CARTESIAN_POINT('Ctrl Pts',(21.9607340756574,-11.7810968212996,27.5260681828437));
#4216=CARTESIAN_POINT('Ctrl Pts',(22.695204665839,-11.7807275017679,27.1696675538735));
#4217=CARTESIAN_POINT('Ctrl Pts',(23.4055414738812,-11.7887265901548,26.7965192440653));
#4218=CARTESIAN_POINT('Ctrl Pts',(23.8559470109452,-11.7949796089334,26.5385960810893));
#4219=CARTESIAN_POINT('Ctrl Pts',(24.0789739089712,-11.8000872356237,26.4068327341887));
#4220=CARTESIAN_POINT('Ctrl Pts',(9.29394312715302,-16.087821816273,30.9640052694692));
#4221=CARTESIAN_POINT('Ctrl Pts',(9.57034446491652,-15.9280622891905,30.9638785745264));
#4222=CARTESIAN_POINT('Ctrl Pts',(10.1266437528599,-15.6193871515968,30.9534319681693));
#4223=CARTESIAN_POINT('Ctrl Pts',(10.9682060839365,-15.190832523439,30.9085270725812));
#4224=CARTESIAN_POINT('Ctrl Pts',(11.8243923855803,-14.7926169916947,30.8344941583983));
#4225=CARTESIAN_POINT('Ctrl Pts',(12.693407741067,-14.42487159089,30.7309369015151));
#4226=CARTESIAN_POINT('Ctrl Pts',(13.5649837108981,-14.091128825813,30.5992219305844));
#4227=CARTESIAN_POINT('Ctrl Pts',(14.4286018882364,-13.7944814582562,30.4423526784754));
#4228=CARTESIAN_POINT('Ctrl Pts',(15.2803374281109,-13.535145694701,30.2633032701363));
#4229=CARTESIAN_POINT('Ctrl Pts',(16.1290796960026,-13.3089247416675,30.0615508990245));
#4230=CARTESIAN_POINT('Ctrl Pts',(16.9735888366535,-13.1141938676646,29.8374782569078));
#4231=CARTESIAN_POINT('Ctrl Pts',(17.804170008248,-12.9510124746246,29.5942201632461));
#4232=CARTESIAN_POINT('Ctrl Pts',(18.6116511644355,-12.818807791578,29.3360014891025));
#4233=CARTESIAN_POINT('Ctrl Pts',(19.3949093567989,-12.7152912253651,29.0652634531251));
#4234=CARTESIAN_POINT('Ctrl Pts',(20.1661518457035,-12.6363117136285,28.7786191589473));
#4235=CARTESIAN_POINT('Ctrl Pts',(20.9205987734349,-12.5786569307648,28.4769398013452));
#4236=CARTESIAN_POINT('Ctrl Pts',(21.6455984715222,-12.5391921109441,28.1652202909245));
#4237=CARTESIAN_POINT('Ctrl Pts',(22.3436590395064,-12.5161304826114,27.8445042955302));
#4238=CARTESIAN_POINT('Ctrl Pts',(23.0282916521523,-12.5071447360146,27.5089708723011));
#4239=CARTESIAN_POINT('Ctrl Pts',(23.6874127819817,-12.5031363651041,27.1591672381171));
#4240=CARTESIAN_POINT('Ctrl Pts',(24.1042245479066,-12.5,26.9182510639923));
#4241=CARTESIAN_POINT('Ctrl Pts',(24.31044765374,-12.5,26.7954025119509));
#4242=CARTESIAN_POINT('',(9.29394312715302,-16.087821816273,30.9640052694692));
#4243=CARTESIAN_POINT('Ctrl Pts',(-1.11175764427873E-8,1.91965779383629E-8,
29.0197034615272));
#4244=CARTESIAN_POINT('Ctrl Pts',(0.54000696674633,-0.934388714117085,29.0197034610829));
#4245=CARTESIAN_POINT('Ctrl Pts',(1.62473421632239,-2.8039867553794,29.0335637983031));
#4246=CARTESIAN_POINT('Ctrl Pts',(3.40098165418377,-5.8916680338136,29.1522625284598));
#4247=CARTESIAN_POINT('Ctrl Pts',(5.48010057426781,-9.48136491685788,29.4213542134272));
#4248=CARTESIAN_POINT('Ctrl Pts',(7.70785623918564,-13.3425638721175,29.9871585468098));
#4249=CARTESIAN_POINT('Ctrl Pts',(8.77971456053388,-15.1973392623735,30.6004481786892));
#4250=CARTESIAN_POINT('Ctrl Pts',(9.29394312715302,-16.087821816273,30.9640052694692));
#4251=CARTESIAN_POINT('',(24.31044765374,-12.5,26.7954025119509));
#4252=CARTESIAN_POINT('Ctrl Pts',(9.293943127153,-16.087821816273,30.9640052694692));
#4253=CARTESIAN_POINT('Ctrl Pts',(9.4144007942393,-16.0181974791302,30.9639500549129));
#4254=CARTESIAN_POINT('Ctrl Pts',(9.53520615538493,-15.9495929361273,30.9629291156347));
#4255=CARTESIAN_POINT('Ctrl Pts',(9.65628360981812,-15.8820530562651,30.9609575893392));
#4256=CARTESIAN_POINT('Ctrl Pts',(9.76935505150941,-15.8189791204658,30.9591164264109));
#4257=CARTESIAN_POINT('Ctrl Pts',(9.8826634426793,-15.7568338086211,30.9564465264022));
#4258=CARTESIAN_POINT('Ctrl Pts',(9.99618563507344,-15.6956303849389,30.9529616762901));
#4259=CARTESIAN_POINT('Ctrl Pts',(10.1040594214183,-15.6374721965651,30.9496502182527));
#4260=CARTESIAN_POINT('Ctrl Pts',(10.2121260079356,-15.5801645586736,30.9456031391754));
#4261=CARTESIAN_POINT('Ctrl Pts',(10.3204057244255,-15.523695926884,30.9408298312282));
#4262=CARTESIAN_POINT('Ctrl Pts',(10.4267734132751,-15.4682244309228,30.9361408114287));
#4263=CARTESIAN_POINT('Ctrl Pts',(10.5333463826718,-15.4135627027082,30.930751251109));
#4264=CARTESIAN_POINT('Ctrl Pts',(10.6401886585691,-15.359675552771,30.9246638780397));
#4265=CARTESIAN_POINT('Ctrl Pts',(10.7444384152958,-15.3070959701622,30.9187242145849));
#4266=CARTESIAN_POINT('Ctrl Pts',(10.848952554476,-15.2552497852601,30.9121197138589));
#4267=CARTESIAN_POINT('Ctrl Pts',(10.9537908550175,-15.2041033462761,30.9048470356837));
#4268=CARTESIAN_POINT('Ctrl Pts',(11.0634783928128,-15.1505911572175,30.8972379638265));
#4269=CARTESIAN_POINT('Ctrl Pts',(11.173520571361,-15.0978451267297,30.8888972325596));
#4270=CARTESIAN_POINT('Ctrl Pts',(11.2839332007631,-15.045851634427,30.8798203908919));
#4271=CARTESIAN_POINT('Ctrl Pts',(11.4009511453395,-14.9907476881342,30.8702005370677));
#4272=CARTESIAN_POINT('Ctrl Pts',(11.5183849029011,-14.9364892461447,30.8597535932535));
#4273=CARTESIAN_POINT('Ctrl Pts',(11.636199117105,-14.8830842486921,30.848477684747));
#4274=CARTESIAN_POINT('Ctrl Pts',(11.7638205199639,-14.8252336680927,30.8362631377007));
#4275=CARTESIAN_POINT('Ctrl Pts',(11.8918878969503,-14.7683848659698,30.8230755375083));
#4276=CARTESIAN_POINT('Ctrl Pts',(12.0203000978278,-14.7125710644046,30.808921415317));
#4277=CARTESIAN_POINT('Ctrl Pts',(12.1679790516107,-14.6483830529424,30.7926436321886));
#4278=CARTESIAN_POINT('Ctrl Pts',(12.3161131925051,-14.5855645211934,30.775086971313));
#4279=CARTESIAN_POINT('Ctrl Pts',(12.4644866722623,-14.5241881950477,30.7562806962671));
#4280=CARTESIAN_POINT('Ctrl Pts',(12.6476763880405,-14.4484097489229,30.7330614782092));
#4281=CARTESIAN_POINT('Ctrl Pts',(12.8312266855169,-14.3748320090752,30.7079364281124));
#4282=CARTESIAN_POINT('Ctrl Pts',(13.0146809398952,-14.3036008335845,30.6810037246896));
#4283=CARTESIAN_POINT('Ctrl Pts',(13.1540382383335,-14.2494915178066,30.6605448435296));
#4284=CARTESIAN_POINT('Ctrl Pts',(13.2933379738674,-14.1967367842401,30.639044195453));
#4285=CARTESIAN_POINT('Ctrl Pts',(13.432398398086,-14.1453881812457,30.6165577499011));
#4286=CARTESIAN_POINT('Ctrl Pts',(13.5604476307339,-14.0981055036045,30.5958518437162));
#4287=CARTESIAN_POINT('Ctrl Pts',(13.6882929708078,-14.0520153421546,30.5743105970208));
#4288=CARTESIAN_POINT('Ctrl Pts',(13.8158285123826,-14.0071413980578,30.5519797159922));
#4289=CARTESIAN_POINT('Ctrl Pts',(13.9393785682831,-13.963669764714,30.5303466749957));
#4290=CARTESIAN_POINT('Ctrl Pts',(14.0626369826935,-13.921339745784,30.5079730614514));
#4291=CARTESIAN_POINT('Ctrl Pts',(14.1855562372558,-13.8801532410518,30.4848953179892));
#4292=CARTESIAN_POINT('Ctrl Pts',(14.2963792856877,-13.8430198071978,30.4640886031216));
#4293=CARTESIAN_POINT('Ctrl Pts',(14.4069266926144,-13.8068157843411,30.4427097676387));
#4294=CARTESIAN_POINT('Ctrl Pts',(14.5172083593343,-13.7715261416167,30.4207765465035));
#4295=CARTESIAN_POINT('Ctrl Pts',(14.6220751471835,-13.7379692360409,30.3999202562783));
#4296=CARTESIAN_POINT('Ctrl Pts',(14.7267014924608,-13.7052391005808,30.3785629183217));
#4297=CARTESIAN_POINT('Ctrl Pts',(14.8311397275543,-13.6733079350073,30.3567078594673));
#4298=CARTESIAN_POINT('Ctrl Pts',(14.9424558824204,-13.6392738997819,30.3334135064571));
#4299=CARTESIAN_POINT('Ctrl Pts',(15.0535637946551,-13.6061458557828,30.3095528429292));
#4300=CARTESIAN_POINT('Ctrl Pts',(15.1645630726542,-13.5738781783083,30.2851149859951));
#4301=CARTESIAN_POINT('Ctrl Pts',(15.2742491134373,-13.5419922611092,30.2609662543938));
#4302=CARTESIAN_POINT('Ctrl Pts',(15.3838295438429,-13.5109464058775,30.2362534928342));
#4303=CARTESIAN_POINT('Ctrl Pts',(15.4933436776971,-13.4807121439857,30.2109724170097));
#4304=CARTESIAN_POINT('Ctrl Pts',(15.6096655302087,-13.4485984320035,30.1841197956184));
#4305=CARTESIAN_POINT('Ctrl Pts',(15.7259122524562,-13.41740054236,30.1566258056412));
#4306=CARTESIAN_POINT('Ctrl Pts',(15.8420699151572,-13.3870996651127,30.1284962013956));
#4307=CARTESIAN_POINT('Ctrl Pts',(15.9684834868466,-13.3541234323867,30.0978829498873));
#4308=CARTESIAN_POINT('Ctrl Pts',(16.0947910665976,-13.3222098656449,30.0665166565105));
#4309=CARTESIAN_POINT('Ctrl Pts',(16.2209108266169,-13.2913487514253,30.0344209773716));
#4310=CARTESIAN_POINT('Ctrl Pts',(16.3660757398473,-13.2558273472679,29.9974785785234));
#4311=CARTESIAN_POINT('Ctrl Pts',(16.5109908002182,-13.2217007220132,29.959569539727));
#4312=CARTESIAN_POINT('Ctrl Pts',(16.6554611103093,-13.1889653206927,29.9207560219576));
#4313=CARTESIAN_POINT('Ctrl Pts',(16.8374911624364,-13.1477192902453,29.8718516715872));
#4314=CARTESIAN_POINT('Ctrl Pts',(17.0188100997115,-13.1086835532801,29.8215113103381));
#4315=CARTESIAN_POINT('Ctrl Pts',(17.1989683128786,-13.0718515686605,29.7699055634553));
#4316=CARTESIAN_POINT('Ctrl Pts',(17.3387966524151,-13.0432647217959,29.7298521805409));
#4317=CARTESIAN_POINT('Ctrl Pts',(17.4779229167334,-13.0160056242255,29.6890382275354));
#4318=CARTESIAN_POINT('Ctrl Pts',(17.616162151516,-12.9900604934865,29.6475505937054));
#4319=CARTESIAN_POINT('Ctrl Pts',(17.7358121898991,-12.9676042357269,29.6116418519651));
#4320=CARTESIAN_POINT('Ctrl Pts',(17.8547971142576,-12.9461322772429,29.5752289910927));
#4321=CARTESIAN_POINT('Ctrl Pts',(17.973035850437,-12.9256260811201,29.538362246024));
#4322=CARTESIAN_POINT('Ctrl Pts',(18.0820101125247,-12.9067266268217,29.5043841567003));
#4323=CARTESIAN_POINT('Ctrl Pts',(18.1903501871733,-12.888647479655,29.4700208739211));
#4324=CARTESIAN_POINT('Ctrl Pts',(18.2980343856503,-12.8713659132914,29.4353002195092));
#4325=CARTESIAN_POINT('Ctrl Pts',(18.3997015864549,-12.8550499774107,29.4025196277966));
#4326=CARTESIAN_POINT('Ctrl Pts',(18.5007839197972,-12.8394449349708,29.3694207564221));
#4327=CARTESIAN_POINT('Ctrl Pts',(18.6013060916727,-12.8245246258122,29.3360120264344));
#4328=CARTESIAN_POINT('Ctrl Pts',(18.6971018532256,-12.8103058484838,29.3041741276706));
#4329=CARTESIAN_POINT('Ctrl Pts',(18.7923887446129,-12.79670887593,29.2720550367199));
#4330=CARTESIAN_POINT('Ctrl Pts',(18.8872310314603,-12.7837051798796,29.2396446152874));
#4331=CARTESIAN_POINT('Ctrl Pts',(19.0127026120706,-12.7665019433122,29.196767256036));
#4332=CARTESIAN_POINT('Ctrl Pts',(19.1374002403229,-12.7503367065324,29.1533798753663));
#4333=CARTESIAN_POINT('Ctrl Pts',(19.2615668072912,-12.7351317894397,29.1094106789233));
#4334=CARTESIAN_POINT('Ctrl Pts',(19.3495835281385,-12.7243536309069,29.0782426714339));
#4335=CARTESIAN_POINT('Ctrl Pts',(19.4373327341845,-12.7140580490534,29.0467817823949));
#4336=CARTESIAN_POINT('Ctrl Pts',(19.5248428666419,-12.7042210446819,29.0150158689401));
#4337=CARTESIAN_POINT('Ctrl Pts',(19.618957328946,-12.6936416483182,28.9808526037221));
#4338=CARTESIAN_POINT('Ctrl Pts',(19.712794774271,-12.6835927374287,28.9463364713329));
#4339=CARTESIAN_POINT('Ctrl Pts',(19.8063323663333,-12.6740474771975,28.9114701356882));
#4340=CARTESIAN_POINT('Ctrl Pts',(19.911923087382,-12.6632722275017,28.8721109706735));
#4341=CARTESIAN_POINT('Ctrl Pts',(20.0171308918114,-12.6531388719289,28.8323054626218));
#4342=CARTESIAN_POINT('Ctrl Pts',(20.1218609627739,-12.6436111623022,28.7920809124154));
#4343=CARTESIAN_POINT('Ctrl Pts',(20.2804795834881,-12.629180997731,28.7311589382969));
#4344=CARTESIAN_POINT('Ctrl Pts',(20.4379983057346,-12.6161400663464,28.6692747681248));
#4345=CARTESIAN_POINT('Ctrl Pts',(20.5939725954329,-12.6043664502835,28.6065917459887));
#4346=CARTESIAN_POINT('Ctrl Pts',(20.698554430005,-12.5964721596938,28.5645623482962));
#4347=CARTESIAN_POINT('Ctrl Pts',(20.8024388569527,-12.5891476090868,28.5221757838028));
#4348=CARTESIAN_POINT('Ctrl Pts',(20.9055119727013,-12.5823575729083,28.4794844799229));
#4349=CARTESIAN_POINT('Ctrl Pts',(20.9958908994706,-12.5764037780891,28.4420509144483));
#4350=CARTESIAN_POINT('Ctrl Pts',(21.0856453771746,-12.570860875371,28.404383526539));
#4351=CARTESIAN_POINT('Ctrl Pts',(21.1747341326365,-12.5657072580229,28.3665089921611));
#4352=CARTESIAN_POINT('Ctrl Pts',(21.2572225274848,-12.5609354591521,28.331440486262));
#4353=CARTESIAN_POINT('Ctrl Pts',(21.3391398035808,-12.5564973279583,28.2961946937914));
#4354=CARTESIAN_POINT('Ctrl Pts',(21.4204927007053,-12.5523786679007,28.2607797106694));
#4355=CARTESIAN_POINT('Ctrl Pts',(21.4974903392238,-12.5484805018918,28.2272606822764));
#4356=CARTESIAN_POINT('Ctrl Pts',(21.5739821469343,-12.5448684467541,28.1935903267559));
#4357=CARTESIAN_POINT('Ctrl Pts',(21.6500151705324,-12.5415342222293,28.1597595906948));
#4358=CARTESIAN_POINT('Ctrl Pts',(21.7283111250255,-12.5381007629334,28.1249219682283));
#4359=CARTESIAN_POINT('Ctrl Pts',(21.8061197857845,-12.5349617840296,28.0899147763506));
#4360=CARTESIAN_POINT('Ctrl Pts',(21.8835468063404,-12.5321140426972,28.0547048354107));
#4361=CARTESIAN_POINT('Ctrl Pts',(21.9543077608899,-12.5295114771645,28.0225262882749));
#4362=CARTESIAN_POINT('Ctrl Pts',(22.0247577228938,-12.5271536941548,27.9901759398961));
#4363=CARTESIAN_POINT('Ctrl Pts',(22.0949583719139,-12.5250302516834,27.9576271006997));
#4364=CARTESIAN_POINT('Ctrl Pts',(22.1695843238319,-12.5227729518154,27.9230264503814));
#4365=CARTESIAN_POINT('Ctrl Pts',(22.2439281352476,-12.5207803502518,27.8882014214298));
#4366=CARTESIAN_POINT('Ctrl Pts',(22.3180065614918,-12.5190240176605,27.8531318127481));
#4367=CARTESIAN_POINT('Ctrl Pts',(22.3987870362329,-12.5171087855515,27.8148893745387));
#4368=CARTESIAN_POINT('Ctrl Pts',(22.4792513181503,-12.5154742806779,27.7763560135517));
#4369=CARTESIAN_POINT('Ctrl Pts',(22.5593627031286,-12.5140679049388,27.7375206740714));
#4370=CARTESIAN_POINT('Ctrl Pts',(22.6558349252531,-12.5123743105425,27.6907541439753));
#4371=CARTESIAN_POINT('Ctrl Pts',(22.7517942679318,-12.511010916508,27.6435494015058));
#4372=CARTESIAN_POINT('Ctrl Pts',(22.8471072431882,-12.509870093699,27.5959122149319));
#4373=CARTESIAN_POINT('Ctrl Pts',(22.9567685804482,-12.5085575320623,27.5411037529262));
#4374=CARTESIAN_POINT('Ctrl Pts',(23.0655684116628,-12.5075369150174,27.4857234348698));
#4375=CARTESIAN_POINT('Ctrl Pts',(23.1732763981672,-12.5066518622178,27.4298091569555));
#4376=CARTESIAN_POINT('Ctrl Pts',(23.2549698635235,-12.5059805746692,27.3873997565576));
#4377=CARTESIAN_POINT('Ctrl Pts',(23.3360337263141,-12.5053869984866,27.344684094753));
#4378=CARTESIAN_POINT('Ctrl Pts',(23.4163964183319,-12.5048224586819,27.3016819946181));
#4379=CARTESIAN_POINT('Ctrl Pts',(23.4885655280657,-12.5043154779662,27.2630642827734));
#4380=CARTESIAN_POINT('Ctrl Pts',(23.5601685766501,-12.5038316903294,27.2242158804429));
#4381=CARTESIAN_POINT('Ctrl Pts',(23.6311919340336,-12.5033570371291,27.1851474182771));
#4382=CARTESIAN_POINT('Ctrl Pts',(23.6957568377531,-12.5029255461477,27.1496316162771));
#4383=CARTESIAN_POINT('Ctrl Pts',(23.759842537831,-12.5025015392374,27.113934115838));
#4384=CARTESIAN_POINT('Ctrl Pts',(23.823476548704,-12.5020947368413,27.0780566132574));
#4385=CARTESIAN_POINT('Ctrl Pts',(23.8846728620514,-12.5017035182686,27.0435535093366));
#4386=CARTESIAN_POINT('Ctrl Pts',(23.9454511249469,-12.5013280360245,27.0088840920462));
#4387=CARTESIAN_POINT('Ctrl Pts',(24.0058760126905,-12.5009985372265,26.9740414635512));
#4388=CARTESIAN_POINT('Ctrl Pts',(24.0633927129276,-12.5006848968657,26.9408757748183));
#4389=CARTESIAN_POINT('Ctrl Pts',(24.1205891268641,-12.5004128386347,26.9075532518716));
#4390=CARTESIAN_POINT('Ctrl Pts',(24.1775609274882,-12.5002301432668,26.8740583237544));
#4391=CARTESIAN_POINT('Ctrl Pts',(24.2219708829918,-12.5000877308264,26.8479487704141));
#4392=CARTESIAN_POINT('Ctrl Pts',(24.2662450721437,-12.5,26.821734300155));
#4393=CARTESIAN_POINT('Ctrl Pts',(24.31044765374,-12.5,26.7954025119509));
#4394=CARTESIAN_POINT('Ctrl Pts',(22.4234415220521,2.63140041756316E-7,
23.6277276900915));
#4395=CARTESIAN_POINT('Ctrl Pts',(22.4246139573449,-1.94039937857647,23.6296958308912));
#4396=CARTESIAN_POINT('Ctrl Pts',(22.7191245547366,-6.47159534259072,24.124084157703));
#4397=CARTESIAN_POINT('Ctrl Pts',(23.6490940972575,-10.500249244639,25.6852031469161));
#4398=CARTESIAN_POINT('Ctrl Pts',(24.3104476537399,-12.5,26.795402511951));
#4399=CARTESIAN_POINT('Ctrl Pts',(-13.6800193699526,23.694488674019,-9.67323448684011));
#4400=CARTESIAN_POINT('Ctrl Pts',(-13.8694247926835,23.5305200023925,-9.80701434798771));
#4401=CARTESIAN_POINT('Ctrl Pts',(-14.2482802410723,23.203457798152,-10.0750040826561));
#4402=CARTESIAN_POINT('Ctrl Pts',(-14.8195460945664,22.7110778567463,-10.4802978584892));
#4403=CARTESIAN_POINT('Ctrl Pts',(-15.397879078613,22.2113587049928,-10.8906878575101));
#4404=CARTESIAN_POINT('Ctrl Pts',(-15.9880749974607,21.6974180395392,-11.3080452720942));
#4405=CARTESIAN_POINT('Ctrl Pts',(-16.593930133975,21.1616406518045,-11.7348581308687));
#4406=CARTESIAN_POINT('Ctrl Pts',(-17.2190957563924,20.5942754387716,-12.1752618190897));
#4407=CARTESIAN_POINT('Ctrl Pts',(-17.8661668550856,19.984824683608,-12.6324947413001));
#4408=CARTESIAN_POINT('Ctrl Pts',(-18.5370667226104,19.3220769281106,-13.1082424059175));
#4409=CARTESIAN_POINT('Ctrl Pts',(-19.2353778219931,18.5915308172428,-13.6034144702131));
#4410=CARTESIAN_POINT('Ctrl Pts',(-19.9629739282968,17.777553776998,-14.1175888172523));
#4411=CARTESIAN_POINT('Ctrl Pts',(-20.717438829151,16.8657285905722,-14.6494460246079));
#4412=CARTESIAN_POINT('Ctrl Pts',(-21.4927818136341,15.8426207021009,-15.1967320561464));
#4413=CARTESIAN_POINT('Ctrl Pts',(-22.2752812413555,14.7055558216335,-15.7505384977786));
#4414=CARTESIAN_POINT('Ctrl Pts',(-23.0488363208659,13.4590406558859,-16.2983305949208));
#4415=CARTESIAN_POINT('Ctrl Pts',(-23.789702119997,12.1249693976626,-16.8226272481632));
#4416=CARTESIAN_POINT('Ctrl Pts',(-24.4754462072133,10.7360754654331,-17.3056613257452));
#4417=CARTESIAN_POINT('Ctrl Pts',(-25.0938086097262,9.30984649917366,-17.7410664324592));
#4418=CARTESIAN_POINT('Ctrl Pts',(-25.6336955316133,7.8527787839707,-18.1251690692259));
#4419=CARTESIAN_POINT('Ctrl Pts',(-25.9404672355106,6.85939445170032,-18.3426802892968));
#4420=CARTESIAN_POINT('Ctrl Pts',(-26.0870103002491,6.3456873876538,-18.4463018841894));
#4421=CARTESIAN_POINT('Ctrl Pts',(-13.5005544330155,23.3827155016889,-10.6907214223169));
#4422=CARTESIAN_POINT('Ctrl Pts',(-13.6868878560347,23.2245656295573,-10.8162484345285));
#4423=CARTESIAN_POINT('Ctrl Pts',(-14.0597525841781,22.9081890834549,-11.0686537829697));
#4424=CARTESIAN_POINT('Ctrl Pts',(-14.6221498565006,22.4294887512669,-11.4526011118485));
#4425=CARTESIAN_POINT('Ctrl Pts',(-15.1917419102152,21.94117680527,-11.8434747049738));
#4426=CARTESIAN_POINT('Ctrl Pts',(-15.7734634184985,21.4360915258485,-12.2433792791742));
#4427=CARTESIAN_POINT('Ctrl Pts',(-16.3714480888448,20.9055995261318,-12.655952268547));
#4428=CARTESIAN_POINT('Ctrl Pts',(-16.9889059299982,20.339699621611,-13.0852811765969));
#4429=CARTESIAN_POINT('Ctrl Pts',(-17.6268741878517,19.7297554436022,-13.5323152276775));
#4430=CARTESIAN_POINT('Ctrl Pts',(-18.2865030481962,19.0658165709867,-13.9975889743686));
#4431=CARTESIAN_POINT('Ctrl Pts',(-18.9713548857358,18.3340362465302,-14.4814895806169));
#4432=CARTESIAN_POINT('Ctrl Pts',(-19.6832423437532,17.5194664748179,-14.983484526383));
#4433=CARTESIAN_POINT('Ctrl Pts',(-20.4202175917558,16.6074095250422,-15.5029860686886));
#4434=CARTESIAN_POINT('Ctrl Pts',(-21.1743133415798,15.5883743280481,-16.0355409227446));
#4435=CARTESIAN_POINT('Ctrl Pts',(-21.9304361810287,14.4648578461384,-16.5703993438665));
#4436=CARTESIAN_POINT('Ctrl Pts',(-22.6739195654848,13.2427583565121,-17.096145583866));
#4437=CARTESIAN_POINT('Ctrl Pts',(-23.3833444553727,11.9427472931634,-17.5980357178342));
#4438=CARTESIAN_POINT('Ctrl Pts',(-24.0382176345058,10.5940702484493,-18.0616408478203));
#4439=CARTESIAN_POINT('Ctrl Pts',(-24.6253015519497,9.21338848629681,-18.4835393302949));
#4440=CARTESIAN_POINT('Ctrl Pts',(-25.1359726760146,7.80359590934515,-18.8621896489594));
#4441=CARTESIAN_POINT('Ctrl Pts',(-25.4259502856025,6.84227088301325,-19.0806792973375));
#4442=CARTESIAN_POINT('Ctrl Pts',(-25.5640183456206,6.3456873876538,-19.1859241994371));
#4443=CARTESIAN_POINT('Ctrl Pts',(-13.1508268212634,22.7677648545553,-12.7332072698486));
#4444=CARTESIAN_POINT('Ctrl Pts',(-13.3322856722258,22.6200320800064,-12.8456653609817));
#4445=CARTESIAN_POINT('Ctrl Pts',(-13.6954101543091,22.3230792007452,-13.0727874528187));
#4446=CARTESIAN_POINT('Ctrl Pts',(-14.2437005805699,21.8684540844557,-13.4227776115779));
#4447=CARTESIAN_POINT('Ctrl Pts',(-14.8008353366746,21.3971464327303,-13.7857823468085));
#4448=CARTESIAN_POINT('Ctrl Pts',(-15.3720118540952,20.9007014216677,-14.1645659835056));
#4449=CARTESIAN_POINT('Ctrl Pts',(-15.9594350898669,20.3721126791468,-14.5600284065482));
#4450=CARTESIAN_POINT('Ctrl Pts',(-16.5634672987165,19.8052842688987,-14.9718292144811));
#4451=CARTESIAN_POINT('Ctrl Pts',(-17.1843432945868,19.1930268663935,-15.4002590167569));
#4452=CARTESIAN_POINT('Ctrl Pts',(-17.8229920530421,18.5265942529703,-15.8454480258708));
#4453=CARTESIAN_POINT('Ctrl Pts',(-18.4842308595121,17.7915498754937,-16.3084791225969));
#4454=CARTESIAN_POINT('Ctrl Pts',(-19.170754396805,16.9716801413639,-16.7899703583148));
#4455=CARTESIAN_POINT('Ctrl Pts',(-19.8762902247104,16.0594551499373,-17.284732743427));
#4456=CARTESIAN_POINT('Ctrl Pts',(-20.5885139476488,15.0565029921603,-17.7835599550815));
#4457=CARTESIAN_POINT('Ctrl Pts',(-21.2933430365997,13.9702642596791,-18.2765995529196));
#4458=CARTESIAN_POINT('Ctrl Pts',(-21.9795311005916,12.8068228455499,-18.7561013716404));
#4459=CARTESIAN_POINT('Ctrl Pts',(-22.630433638595,11.5821339950183,-19.2128154338262));
#4460=CARTESIAN_POINT('Ctrl Pts',(-23.2251290966267,10.3244429965998,-19.6366809012978));
#4461=CARTESIAN_POINT('Ctrl Pts',(-23.7534356348528,9.04465177724422,-20.0308416633567));
#4462=CARTESIAN_POINT('Ctrl Pts',(-24.2124969642189,7.73804616954483,-20.3968395191422));
#4463=CARTESIAN_POINT('Ctrl Pts',(-24.473807368945,6.84827252786483,-20.614508241238));
#4464=CARTESIAN_POINT('Ctrl Pts',(-24.5980839302271,6.38923338699811,-20.7217407908918));
#4465=CARTESIAN_POINT('Ctrl Pts',(-12.6082732719423,21.8391650321296,-16.1311857884462));
#4466=CARTESIAN_POINT('Ctrl Pts',(-12.790753276843,21.7001244845297,-16.2292365846144));
#4467=CARTESIAN_POINT('Ctrl Pts',(-13.156245344876,21.417277583096,-16.4296005197462));
#4468=CARTESIAN_POINT('Ctrl Pts',(-13.7079700601081,20.9751246333655,-16.7440525459219));
#4469=CARTESIAN_POINT('Ctrl Pts',(-14.2677697630147,20.5093533577417,-17.0730856963206));
#4470=CARTESIAN_POINT('Ctrl Pts',(-14.8403177498831,20.0130440964491,-17.417122012529));
#4471=CARTESIAN_POINT('Ctrl Pts',(-15.4271156012302,19.480298273707,-17.7763886124591));
#4472=CARTESIAN_POINT('Ctrl Pts',(-16.0279381691726,18.9056300942027,-18.1509081324598));
#4473=CARTESIAN_POINT('Ctrl Pts',(-16.6419226177103,18.2834751007761,-18.54023772658));
#4474=CARTESIAN_POINT('Ctrl Pts',(-17.2696652371129,17.6063945799069,-18.9436927488639));
#4475=CARTESIAN_POINT('Ctrl Pts',(-17.9146916801446,16.8632972867498,-19.3595426478717));
#4476=CARTESIAN_POINT('Ctrl Pts',(-18.5735820461779,16.0490690904363,-19.7827453007123));
#4477=CARTESIAN_POINT('Ctrl Pts',(-19.2367610791768,15.1658464327158,-20.2065413093869));
#4478=CARTESIAN_POINT('Ctrl Pts',(-19.8916039190645,14.2215561593069,-20.6237904049746));
#4479=CARTESIAN_POINT('Ctrl Pts',(-20.5268738717195,13.2253160277459,-21.0292103247841));
#4480=CARTESIAN_POINT('Ctrl Pts',(-21.1372708870032,12.1775195631927,-21.4221914328842));
#4481=CARTESIAN_POINT('Ctrl Pts',(-21.7073104046676,11.0934372057729,-21.7985879491278));
#4482=CARTESIAN_POINT('Ctrl Pts',(-22.2198985190141,9.99786600286706,-22.1540481368701));
#4483=CARTESIAN_POINT('Ctrl Pts',(-22.6751264971082,8.88678310824656,-22.4988431089406));
#4484=CARTESIAN_POINT('Ctrl Pts',(-23.0735473449201,7.75412712744263,-22.8310480454025));
#4485=CARTESIAN_POINT('Ctrl Pts',(-23.3067525480407,6.97910430004002,-23.0407937889522));
#4486=CARTESIAN_POINT('Ctrl Pts',(-23.4168538261191,6.58247186328677,-23.1456590209245));
#4487=CARTESIAN_POINT('Ctrl Pts',(-12.0486911143407,20.8584976140027,-20.1319643004331));
#4488=CARTESIAN_POINT('Ctrl Pts',(-12.2445498982099,20.7228854460549,-20.2097194669472));
#4489=CARTESIAN_POINT('Ctrl Pts',(-12.6363312594698,20.4447821786965,-20.3690848823623));
#4490=CARTESIAN_POINT('Ctrl Pts',(-13.2255923775302,20.0043707997057,-20.6202378208173));
#4491=CARTESIAN_POINT('Ctrl Pts',(-13.8225228452372,19.5343113765148,-20.8839819640311));
#4492=CARTESIAN_POINT('Ctrl Pts',(-14.4316887400345,19.027822409728,-21.160150699683));
#4493=CARTESIAN_POINT('Ctrl Pts',(-15.0518971247273,18.4814583658308,-21.4476052573998));
#4494=CARTESIAN_POINT('Ctrl Pts',(-15.679106025328,17.8941695591794,-21.7443845325636));
#4495=CARTESIAN_POINT('Ctrl Pts',(-16.3086554645235,17.266099509476,-22.0481034389431));
#4496=CARTESIAN_POINT('Ctrl Pts',(-16.9396605476906,16.5945583768901,-22.3567374344676));
#4497=CARTESIAN_POINT('Ctrl Pts',(-17.5748532219924,15.8721074869875,-22.6688311887108));
#4498=CARTESIAN_POINT('Ctrl Pts',(-18.207929626422,15.0994437656016,-22.981012742437));
#4499=CARTESIAN_POINT('Ctrl Pts',(-18.8277742499728,14.2840106255006,-23.2892368476372));
#4500=CARTESIAN_POINT('Ctrl Pts',(-19.4227277665459,13.4366201975365,-23.5904228468135));
#4501=CARTESIAN_POINT('Ctrl Pts',(-19.9879114708018,12.5609329668364,-23.8857476575351));
#4502=CARTESIAN_POINT('Ctrl Pts',(-20.521961745152,11.6535193572794,-24.1788912519328));
#4503=CARTESIAN_POINT('Ctrl Pts',(-21.012399702879,10.7294663444406,-24.4673134818059));
#4504=CARTESIAN_POINT('Ctrl Pts',(-21.4515751962066,9.80311345971747,-24.7513553999723));
#4505=CARTESIAN_POINT('Ctrl Pts',(-21.8482855212592,8.85841925809925,-25.0450400754157));
#4506=CARTESIAN_POINT('Ctrl Pts',(-22.2083092500425,7.88470866815127,-25.3480317273705));
#4507=CARTESIAN_POINT('Ctrl Pts',(-22.4197056160997,7.2283533346994,-25.5403176690134));
#4508=CARTESIAN_POINT('Ctrl Pts',(-22.5191821007211,6.895752371929,-25.6365902556142));
#4509=CARTESIAN_POINT('Ctrl Pts',(-11.5713200050357,20.034279597904,-24.523395575152));
#4510=CARTESIAN_POINT('Ctrl Pts',(-11.8034493422424,19.8965241833899,-24.5554787876175));
#4511=CARTESIAN_POINT('Ctrl Pts',(-12.2649362856332,19.612158361998,-24.6233693335491));
#4512=CARTESIAN_POINT('Ctrl Pts',(-12.948178953244,19.1586790882223,-24.7369929778315));
#4513=CARTESIAN_POINT('Ctrl Pts',(-13.6291134869932,18.6725371490954,-24.8627647722758));
#4514=CARTESIAN_POINT('Ctrl Pts',(-14.3096487713787,18.1498380458133,-25.0001677815549));
#4515=CARTESIAN_POINT('Ctrl Pts',(-14.9841004719029,17.5922165423558,-25.1479739565158));
#4516=CARTESIAN_POINT('Ctrl Pts',(-15.6450213421568,17.0038349762879,-25.3049160360766));
#4517=CARTESIAN_POINT('Ctrl Pts',(-16.2866407606324,16.3888761409938,-25.4701556192358));
#4518=CARTESIAN_POINT('Ctrl Pts',(-16.9117153848049,15.7437598784548,-25.644566103841));
#4519=CARTESIAN_POINT('Ctrl Pts',(-17.5223494789019,15.0636758125089,-25.8286903088586));
#4520=CARTESIAN_POINT('Ctrl Pts',(-18.1110008177082,14.3541225135178,-26.0209614996193));
#4521=CARTESIAN_POINT('Ctrl Pts',(-18.6690205430049,13.6242074268245,-26.2200315423412));
#4522=CARTESIAN_POINT('Ctrl Pts',(-19.1905617873839,12.8823382124369,-26.4258818950434));
#4523=CARTESIAN_POINT('Ctrl Pts',(-19.68033145898,12.1226442408397,-26.6433916271671));
#4524=CARTESIAN_POINT('Ctrl Pts',(-20.1401897228773,11.3411176623975,-26.8750610810685));
#4525=CARTESIAN_POINT('Ctrl Pts',(-20.5639874251559,10.5489954563048,-27.1187971012292));
#4526=CARTESIAN_POINT('Ctrl Pts',(-20.9502129939608,9.75432843258917,-27.3722909185756));
#4527=CARTESIAN_POINT('Ctrl Pts',(-21.3063781607002,8.9446793960811,-27.6382886616984));
#4528=CARTESIAN_POINT('Ctrl Pts',(-21.628244087622,8.12931290484693,-27.8990947495144));
#4529=CARTESIAN_POINT('Ctrl Pts',(-21.818476457623,7.58901511569495,-28.060657122501));
#4530=CARTESIAN_POINT('Ctrl Pts',(-21.9087665392495,7.31682753713032,-28.1415544342256));
#4531=CARTESIAN_POINT('Ctrl Pts',(-11.5041446427295,19.9161908016554,-26.7475220749638));
#4532=CARTESIAN_POINT('Ctrl Pts',(-11.7636682998622,19.7662828253697,-26.7569071499301));
#4533=CARTESIAN_POINT('Ctrl Pts',(-12.2763932337339,19.4566203847547,-26.7810252625995));
#4534=CARTESIAN_POINT('Ctrl Pts',(-13.0243475423265,18.9643192092046,-26.8341619164821));
#4535=CARTESIAN_POINT('Ctrl Pts',(-13.7582031164951,18.4393095301049,-26.9050298904695));
#4536=CARTESIAN_POINT('Ctrl Pts',(-14.4777134630852,17.8803708352445,-26.9934490500495));
#4537=CARTESIAN_POINT('Ctrl Pts',(-15.1753665442383,17.2924360987137,-27.0985892730958));
#4538=CARTESIAN_POINT('Ctrl Pts',(-15.8434972736982,16.6824196299153,-27.2196370748797));
#4539=CARTESIAN_POINT('Ctrl Pts',(-16.4786927354325,16.0552253429645,-27.3563286234779));
#4540=CARTESIAN_POINT('Ctrl Pts',(-17.0876473937796,15.405521534565,-27.5099330192208));
#4541=CARTESIAN_POINT('Ctrl Pts',(-17.6713270729718,14.7321237350651,-27.6798396288274));
#4542=CARTESIAN_POINT('Ctrl Pts',(-18.2237604280665,14.0424262992294,-27.8633792513362));
#4543=CARTESIAN_POINT('Ctrl Pts',(-18.7394684907422,13.3455741934906,-28.0577580343002));
#4544=CARTESIAN_POINT('Ctrl Pts',(-19.2174182547259,12.6469082146249,-28.2614188514025));
#4545=CARTESIAN_POINT('Ctrl Pts',(-19.6657543099434,11.9373504161555,-28.4764366889456));
#4546=CARTESIAN_POINT('Ctrl Pts',(-20.0840294454269,11.2187100067017,-28.6994488178861));
#4547=CARTESIAN_POINT('Ctrl Pts',(-20.4665161535192,10.503953190485,-28.9233474818015));
#4548=CARTESIAN_POINT('Ctrl Pts',(-20.8145828920709,9.79590493705377,-29.1469706216522));
#4549=CARTESIAN_POINT('Ctrl Pts',(-21.136434314506,9.08085825191404,-29.3741016224078));
#4550=CARTESIAN_POINT('Ctrl Pts',(-21.4294701138976,8.36607078812839,-29.5911060655716));
#4551=CARTESIAN_POINT('Ctrl Pts',(-21.6045441471402,7.89543565089135,-29.7225604543777));
#4552=CARTESIAN_POINT('Ctrl Pts',(-21.6881660199539,7.65908668978533,-29.7879455872941));
#4553=CARTESIAN_POINT('Ctrl Pts',(-11.5042257952128,19.9161439252874,-27.8381934035281));
#4554=CARTESIAN_POINT('Ctrl Pts',(-11.7806708359551,19.7564600938893,-27.838004902748));
#4555=CARTESIAN_POINT('Ctrl Pts',(-12.3248261259387,19.4267509345369,-27.8447325020768));
#4556=CARTESIAN_POINT('Ctrl Pts',(-13.1121254415798,18.9042100064466,-27.8765670974039));
#4557=CARTESIAN_POINT('Ctrl Pts',(-13.8779267057834,18.3494429974734,-27.9303579276619));
#4558=CARTESIAN_POINT('Ctrl Pts',(-14.6207708258369,17.7631626058303,-28.0052337422712));
#4559=CARTESIAN_POINT('Ctrl Pts',(-15.3324169176535,17.1524131654435,-28.0996937734845));
#4560=CARTESIAN_POINT('Ctrl Pts',(-16.0054829348715,16.5257197740398,-28.2123059705748));
#4561=CARTESIAN_POINT('Ctrl Pts',(-16.6386295032593,15.8877768047582,-28.3423880507946));
#4562=CARTESIAN_POINT('Ctrl Pts',(-17.2399594330936,15.2330251102142,-28.4905295648753));
#4563=CARTESIAN_POINT('Ctrl Pts',(-17.8097645958954,14.5624929877987,-28.6549470156574));
#4564=CARTESIAN_POINT('Ctrl Pts',(-18.3430252360217,13.8843373264944,-28.8321636522035));
#4565=CARTESIAN_POINT('Ctrl Pts',(-18.8359489686516,13.2073032025368,-29.0187963552565));
#4566=CARTESIAN_POINT('Ctrl Pts',(-19.2902592831556,12.5340321968058,-29.2132608730582));
#4567=CARTESIAN_POINT('Ctrl Pts',(-19.7148943718779,11.8547110549121,-29.4167934695999));
#4568=CARTESIAN_POINT('Ctrl Pts',(-20.1089329848871,11.1728107570473,-29.6248084435253));
#4569=CARTESIAN_POINT('Ctrl Pts',(-20.4681051579109,10.4997140747142,-29.8304471857744));
#4570=CARTESIAN_POINT('Ctrl Pts',(-20.795606540312,9.83482510677008,-30.0337810224001));
#4571=CARTESIAN_POINT('Ctrl Pts',(-21.0990442360004,9.16559039314287,-30.2373386272205));
#4572=CARTESIAN_POINT('Ctrl Pts',(-21.3758735453702,8.49943316239361,-30.4281772771843));
#4573=CARTESIAN_POINT('Ctrl Pts',(-21.5419898658826,8.0620795459655,-30.5417980068123));
#4574=CARTESIAN_POINT('Ctrl Pts',(-21.6215605747817,7.84271115820577,-30.5980629946587));
#4575=CARTESIAN_POINT('',(-13.6800193699526,23.694488674019,-9.67323448684011));
#4576=CARTESIAN_POINT('',(-26.0870103002491,6.34568738765377,-18.4463018841895));
#4577=CARTESIAN_POINT('Ctrl Pts',(-13.6800193699526,23.694488674019,-9.67323448684011));
#4578=CARTESIAN_POINT('Ctrl Pts',(-13.8694247926835,23.5305200023925,-9.80701434798771));
#4579=CARTESIAN_POINT('Ctrl Pts',(-14.2482802410723,23.203457798152,-10.0750040826561));
#4580=CARTESIAN_POINT('Ctrl Pts',(-14.8195460945664,22.7110778567463,-10.4802978584892));
#4581=CARTESIAN_POINT('Ctrl Pts',(-15.397879078613,22.2113587049928,-10.8906878575101));
#4582=CARTESIAN_POINT('Ctrl Pts',(-15.9880749974607,21.6974180395392,-11.3080452720942));
#4583=CARTESIAN_POINT('Ctrl Pts',(-16.593930133975,21.1616406518045,-11.7348581308687));
#4584=CARTESIAN_POINT('Ctrl Pts',(-17.2190957563924,20.5942754387716,-12.1752618190897));
#4585=CARTESIAN_POINT('Ctrl Pts',(-17.8661668550856,19.984824683608,-12.6324947413001));
#4586=CARTESIAN_POINT('Ctrl Pts',(-18.5370667226104,19.3220769281106,-13.1082424059175));
#4587=CARTESIAN_POINT('Ctrl Pts',(-19.2353778219931,18.5915308172428,-13.6034144702131));
#4588=CARTESIAN_POINT('Ctrl Pts',(-19.9629739282968,17.777553776998,-14.1175888172523));
#4589=CARTESIAN_POINT('Ctrl Pts',(-20.717438829151,16.8657285905722,-14.6494460246079));
#4590=CARTESIAN_POINT('Ctrl Pts',(-21.4927818136341,15.8426207021009,-15.1967320561464));
#4591=CARTESIAN_POINT('Ctrl Pts',(-22.2752812413555,14.7055558216335,-15.7505384977786));
#4592=CARTESIAN_POINT('Ctrl Pts',(-23.0488363208659,13.4590406558859,-16.2983305949208));
#4593=CARTESIAN_POINT('Ctrl Pts',(-23.789702119997,12.1249693976626,-16.8226272481632));
#4594=CARTESIAN_POINT('Ctrl Pts',(-24.4754462072133,10.7360754654331,-17.3056613257452));
#4595=CARTESIAN_POINT('Ctrl Pts',(-25.0938086097262,9.30984649917366,-17.7410664324592));
#4596=CARTESIAN_POINT('Ctrl Pts',(-25.6336955316133,7.8527787839707,-18.1251690692259));
#4597=CARTESIAN_POINT('Ctrl Pts',(-25.9404672355106,6.85939445170032,-18.3426802892968));
#4598=CARTESIAN_POINT('Ctrl Pts',(-26.0870103002491,6.3456873876538,-18.4463018841894));
#4599=CARTESIAN_POINT('',(-11.5042257952128,19.9161439252874,-27.8381934035281));
#4600=CARTESIAN_POINT('Ctrl Pts',(-13.6800193699526,23.694488674019,-9.67323448684011));
#4601=CARTESIAN_POINT('Ctrl Pts',(-13.5005544330155,23.3827155016889,-10.6907214223169));
#4602=CARTESIAN_POINT('Ctrl Pts',(-13.1508268212634,22.7677648545553,-12.7332072698486));
#4603=CARTESIAN_POINT('Ctrl Pts',(-12.6082732719423,21.8391650321296,-16.1311857884462));
#4604=CARTESIAN_POINT('Ctrl Pts',(-12.0486911143407,20.8584976140027,-20.1319643004331));
#4605=CARTESIAN_POINT('Ctrl Pts',(-11.5713200050357,20.034279597904,-24.523395575152));
#4606=CARTESIAN_POINT('Ctrl Pts',(-11.5041446427295,19.9161908016554,-26.7475220749638));
#4607=CARTESIAN_POINT('Ctrl Pts',(-11.5042257952128,19.9161439252874,-27.8381934035281));
#4608=CARTESIAN_POINT('',(-21.6215605747817,7.84271115820578,-30.5980629946587));
#4609=CARTESIAN_POINT('Ctrl Pts',(-11.5042257952128,19.9161439252874,-27.8381934035281));
#4610=CARTESIAN_POINT('Ctrl Pts',(-11.6247025086205,19.8465525767157,-27.8381112535485));
#4611=CARTESIAN_POINT('Ctrl Pts',(-11.7443669926457,19.7759719759447,-27.8387037583117));
#4612=CARTESIAN_POINT('Ctrl Pts',(-11.8631500776245,19.7044581309854,-27.8399769605606));
#4613=CARTESIAN_POINT('Ctrl Pts',(-11.9740788605093,19.6376730009127,-27.8411659747697));
#4614=CARTESIAN_POINT('Ctrl Pts',(-12.0842387980152,19.5700744069983,-27.8429486606278));
#4615=CARTESIAN_POINT('Ctrl Pts',(-12.1936132991204,19.5016869709139,-27.8453295317832));
#4616=CARTESIAN_POINT('Ctrl Pts',(-12.2975457665237,19.4367022176139,-27.8475919404));
#4617=CARTESIAN_POINT('Ctrl Pts',(-12.4007689267392,19.3710055190166,-27.8503945004403));
#4618=CARTESIAN_POINT('Ctrl Pts',(-12.5033074256284,19.3045928063823,-27.8537405002406));
#4619=CARTESIAN_POINT('Ctrl Pts',(-12.6040352740013,19.239352826075,-27.8570274155377));
#4620=CARTESIAN_POINT('Ctrl Pts',(-12.7041022185082,19.1734223380838,-27.8608387600791));
#4621=CARTESIAN_POINT('Ctrl Pts',(-12.8035725456449,19.1067666042271,-27.8651768931643));
#4622=CARTESIAN_POINT('Ctrl Pts',(-12.9006292353189,19.0417282650344,-27.8694097618875));
#4623=CARTESIAN_POINT('Ctrl Pts',(-12.9971253453032,18.9759944472119,-27.8741444659889));
#4624=CARTESIAN_POINT('Ctrl Pts',(-13.093118582501,18.9095279101454,-27.8793805955533));
#4625=CARTESIAN_POINT('Ctrl Pts',(-13.1935519331471,18.8399870006158,-27.8848589193595));
#4626=CARTESIAN_POINT('Ctrl Pts',(-13.2934344615591,18.7696439417593,-27.8908861017985));
#4627=CARTESIAN_POINT('Ctrl Pts',(-13.3927824733237,18.6984859713891,-27.8974569911621));
#4628=CARTESIAN_POINT('Ctrl Pts',(-13.4980738714629,18.6230710531038,-27.9044209768103));
#4629=CARTESIAN_POINT('Ctrl Pts',(-13.6027644321753,18.5467407489458,-27.911995633283));
#4630=CARTESIAN_POINT('Ctrl Pts',(-13.7068251165303,18.4695139412182,-27.9201701517146));
#4631=CARTESIAN_POINT('Ctrl Pts',(-13.8195481065924,18.3858585555751,-27.9290251401825));
#4632=CARTESIAN_POINT('Ctrl Pts',(-13.9315313340377,18.3011511921004,-27.9385839605145));
#4633=CARTESIAN_POINT('Ctrl Pts',(-14.0426912634146,18.2154555825655,-27.9488282327986));
#4634=CARTESIAN_POINT('Ctrl Pts',(-14.1705294426954,18.1169023470903,-27.960609538564));
#4635=CARTESIAN_POINT('Ctrl Pts',(-14.2972775418702,18.017042109942,-27.973297304492));
#4636=CARTESIAN_POINT('Ctrl Pts',(-14.4227634687861,17.9160233847651,-27.9868589137123));
#4637=CARTESIAN_POINT('Ctrl Pts',(-14.5776950109693,17.7913003399926,-28.0036027915529));
#4638=CARTESIAN_POINT('Ctrl Pts',(-14.7306979447189,17.6648130078594,-28.0216782411022));
#4639=CARTESIAN_POINT('Ctrl Pts',(-14.8814299241702,17.5369051834129,-28.0410218262289));
#4640=CARTESIAN_POINT('Ctrl Pts',(-14.9959304096009,17.439742603562,-28.0557157876235));
#4641=CARTESIAN_POINT('Ctrl Pts',(-15.1091193577256,17.3417626585292,-28.0711413697275));
#4642=CARTESIAN_POINT('Ctrl Pts',(-15.2208722257205,17.2431159796683,-28.0872736410605));
#4643=CARTESIAN_POINT('Ctrl Pts',(-15.3237761903471,17.1522804196136,-28.1021285142139));
#4644=CARTESIAN_POINT('Ctrl Pts',(-15.4254619437551,17.0608805243114,-28.1175825100567));
#4645=CARTESIAN_POINT('Ctrl Pts',(-15.5258667442179,16.9690147575158,-28.1336202913677));
#4646=CARTESIAN_POINT('Ctrl Pts',(-15.6231338946662,16.8800197959326,-28.1491568920128));
#4647=CARTESIAN_POINT('Ctrl Pts',(-15.7191983968167,16.7905885386823,-28.165241278305));
#4648=CARTESIAN_POINT('Ctrl Pts',(-15.8140446541416,16.7007781757862,-28.1818647485868));
#4649=CARTESIAN_POINT('Ctrl Pts',(-15.8995573052632,16.619805848084,-28.196852340662));
#4650=CARTESIAN_POINT('Ctrl Pts',(-15.9840798994516,16.538525527551,-28.2122781481243));
#4651=CARTESIAN_POINT('Ctrl Pts',(-16.0676360759868,16.4569459782077,-28.2281404774957));
#4652=CARTESIAN_POINT('Ctrl Pts',(-16.1470896071104,16.3793720210022,-28.2432239594435));
#4653=CARTESIAN_POINT('Ctrl Pts',(-16.2256693110741,16.3015277796203,-28.2587021347469));
#4654=CARTESIAN_POINT('Ctrl Pts',(-16.3034276948902,16.2233857562929,-28.2745780832828));
#4655=CARTESIAN_POINT('Ctrl Pts',(-16.386306961465,16.1400975851118,-28.2914995637233));
#4656=CARTESIAN_POINT('Ctrl Pts',(-16.4682573639974,16.0564672522672,-28.3088738462254));
#4657=CARTESIAN_POINT('Ctrl Pts',(-16.5493665192781,15.9724283629822,-28.3267070065952));
#4658=CARTESIAN_POINT('Ctrl Pts',(-16.629516068138,15.8893837419456,-28.3443291819642));
#4659=CARTESIAN_POINT('Ctrl Pts',(-16.7088443138129,15.8059395665588,-28.3623994698696));
#4660=CARTESIAN_POINT('Ctrl Pts',(-16.78739188225,15.7220696408509,-28.3809117303881));
#4661=CARTESIAN_POINT('Ctrl Pts',(-16.8708221971005,15.6329861154469,-28.4005747671235));
#4662=CARTESIAN_POINT('Ctrl Pts',(-16.9533713307954,15.5434222912654,-28.4207363634015));
#4663=CARTESIAN_POINT('Ctrl Pts',(-17.0350435696842,15.4533909087605,-28.4413765127488));
#4664=CARTESIAN_POINT('Ctrl Pts',(-17.1239268958381,15.3554103850949,-28.4638390428724));
#4665=CARTESIAN_POINT('Ctrl Pts',(-17.2117710428832,15.2568761997936,-28.486868257115));
#4666=CARTESIAN_POINT('Ctrl Pts',(-17.2985385072987,15.157854911283,-28.5104251275983));
#4667=CARTESIAN_POINT('Ctrl Pts',(-17.3984085944369,15.0438805687259,-28.5375392852348));
#4668=CARTESIAN_POINT('Ctrl Pts',(-17.4968511586135,14.9292612205725,-28.5653522800077));
#4669=CARTESIAN_POINT('Ctrl Pts',(-17.5937676236427,14.81416014512,-28.5937900541));
#4670=CARTESIAN_POINT('Ctrl Pts',(-17.7158806678677,14.6691348110569,-28.6296211501306));
#4671=CARTESIAN_POINT('Ctrl Pts',(-17.8355665799629,14.5233475413501,-28.6664430502318));
#4672=CARTESIAN_POINT('Ctrl Pts',(-17.9526098304565,14.3771972329588,-28.704095340834));
#4673=CARTESIAN_POINT('Ctrl Pts',(-18.043452001969,14.2637638540539,-28.733318861424));
#4674=CARTESIAN_POINT('Ctrl Pts',(-18.1327010107511,14.1501148155778,-28.7630420000025));
#4675=CARTESIAN_POINT('Ctrl Pts',(-18.2202824712242,14.0364278457449,-28.7931952780244));
#4676=CARTESIAN_POINT('Ctrl Pts',(-18.2960867471128,13.9380284998147,-28.8192938083957));
#4677=CARTESIAN_POINT('Ctrl Pts',(-18.3706416841692,13.8396015460918,-28.8457144383099));
#4678=CARTESIAN_POINT('Ctrl Pts',(-18.4439276162245,13.7412348094148,-28.8724205586961));
#4679=CARTESIAN_POINT('Ctrl Pts',(-18.5114713047193,13.6505754968559,-28.8970341485855));
#4680=CARTESIAN_POINT('Ctrl Pts',(-18.5779370151146,13.5599678234413,-28.921890159815));
#4681=CARTESIAN_POINT('Ctrl Pts',(-18.6433365246394,13.4694470275897,-28.9469690861899));
#4682=CARTESIAN_POINT('Ctrl Pts',(-18.7050817496541,13.3839842015078,-28.9706466942239));
#4683=CARTESIAN_POINT('Ctrl Pts',(-18.7658765900416,13.2985991745526,-28.9945229419498));
#4684=CARTESIAN_POINT('Ctrl Pts',(-18.825756589761,13.2132845584687,-29.0185909232214));
#4685=CARTESIAN_POINT('Ctrl Pts',(-18.8828211165812,13.1319813149737,-29.0415272620527));
#4686=CARTESIAN_POINT('Ctrl Pts',(-18.9390548422074,13.0507422753429,-29.0646376879443));
#4687=CARTESIAN_POINT('Ctrl Pts',(-18.9945123019569,12.9695220579175,-29.0879258233352));
#4688=CARTESIAN_POINT('Ctrl Pts',(-19.067879735622,12.8620717898898,-29.1187348567131));
#4689=CARTESIAN_POINT('Ctrl Pts',(-19.139891485176,12.754651932715,-29.1498565616175));
#4690=CARTESIAN_POINT('Ctrl Pts',(-19.2107204824493,12.6470636333184,-29.1813180810108));
#4691=CARTESIAN_POINT('Ctrl Pts',(-19.2609283300064,12.5707985844967,-29.2036198956691));
#4692=CARTESIAN_POINT('Ctrl Pts',(-19.3105411528985,12.4944488486306,-29.2260919976797));
#4693=CARTESIAN_POINT('Ctrl Pts',(-19.3595860436756,12.4179880905693,-29.2487241514743));
#4694=CARTESIAN_POINT('Ctrl Pts',(-19.4123323188076,12.3357568914046,-29.2730643384329));
#4695=CARTESIAN_POINT('Ctrl Pts',(-19.4644212968409,12.2533975132247,-29.2975894555362));
#4696=CARTESIAN_POINT('Ctrl Pts',(-19.5158545024567,12.1709253156423,-29.322267715093));
#4697=CARTESIAN_POINT('Ctrl Pts',(-19.5739153220994,12.077825861077,-29.3501259821419));
#4698=CARTESIAN_POINT('Ctrl Pts',(-19.6311398581253,11.9845830459567,-29.3781790639287));
#4699=CARTESIAN_POINT('Ctrl Pts',(-19.6874986969563,11.8912739038903,-29.4063617671444));
#4700=CARTESIAN_POINT('Ctrl Pts',(-19.7728568099399,11.7499528182169,-29.4490457971059));
#4701=CARTESIAN_POINT('Ctrl Pts',(-19.8562259995753,11.6084811294217,-29.4920249021262));
#4702=CARTESIAN_POINT('Ctrl Pts',(-19.9374573002639,11.4672488592579,-29.5350444293429));
#4703=CARTESIAN_POINT('Ctrl Pts',(-19.9919234469167,11.3725516492709,-29.5638893186707));
#4704=CARTESIAN_POINT('Ctrl Pts',(-20.0454273455662,11.2779654622856,-29.5927515820585));
#4705=CARTESIAN_POINT('Ctrl Pts',(-20.0979381124982,11.1835988673679,-29.6215662391048));
#4706=CARTESIAN_POINT('Ctrl Pts',(-20.1439818040784,11.1008541914524,-29.6468321656861));
#4707=CARTESIAN_POINT('Ctrl Pts',(-20.1892617426575,11.0182791261504,-29.6720612753529));
#4708=CARTESIAN_POINT('Ctrl Pts',(-20.2337754626067,10.9359192813779,-29.6972253619086));
#4709=CARTESIAN_POINT('Ctrl Pts',(-20.2749912735846,10.8596612692824,-29.7205251049112));
#4710=CARTESIAN_POINT('Ctrl Pts',(-20.3155501219079,10.7835882388702,-29.7437689629566));
#4711=CARTESIAN_POINT('Ctrl Pts',(-20.3554685135936,10.7077029092191,-29.7669512204201));
#4712=CARTESIAN_POINT('Ctrl Pts',(-20.3932498588337,10.6358801298653,-29.7888924068178));
#4713=CARTESIAN_POINT('Ctrl Pts',(-20.4304574610497,10.564225833981,-29.8107783084672));
#4714=CARTESIAN_POINT('Ctrl Pts',(-20.4671231974952,10.4927054670639,-29.8326213247857));
#4715=CARTESIAN_POINT('Ctrl Pts',(-20.5048801941969,10.4190564824921,-29.8551144416584));
#4716=CARTESIAN_POINT('Ctrl Pts',(-20.5420623743683,10.3455503842222,-29.8775617651739));
#4717=CARTESIAN_POINT('Ctrl Pts',(-20.5787264048898,10.2720990821103,-29.8999993932393));
#4718=CARTESIAN_POINT('Ctrl Pts',(-20.6122338542951,10.2049715526419,-29.9205052589742));
#4719=CARTESIAN_POINT('Ctrl Pts',(-20.6453116621958,10.1378832996819,-29.941007118434));
#4720=CARTESIAN_POINT('Ctrl Pts',(-20.6779943953986,10.070776920569,-29.9615166252763));
#4721=CARTESIAN_POINT('Ctrl Pts',(-20.7127373800474,9.99944029505192,-29.9833190087232));
#4722=CARTESIAN_POINT('Ctrl Pts',(-20.7470336742903,9.92808335904597,-30.0051297222532));
#4723=CARTESIAN_POINT('Ctrl Pts',(-20.780901339144,9.85667994472597,-30.0269267182573));
#4724=CARTESIAN_POINT('Ctrl Pts',(-20.8178330907011,9.77881649682116,-30.0506957393751));
#4725=CARTESIAN_POINT('Ctrl Pts',(-20.8542548267938,9.70089806547432,-30.0744479443496));
#4726=CARTESIAN_POINT('Ctrl Pts',(-20.8901672338274,9.62293681485665,-30.0981193992916));
#4727=CARTESIAN_POINT('Ctrl Pts',(-20.9334138913348,9.52905384284763,-30.126625182923));
#4728=CARTESIAN_POINT('Ctrl Pts',(-20.9759214127003,9.43510918301376,-30.1550127295741));
#4729=CARTESIAN_POINT('Ctrl Pts',(-21.017665664843,9.34118461443084,-30.1831331563598));
#4730=CARTESIAN_POINT('Ctrl Pts',(-21.0656940775512,9.2331206843856,-30.2154868192924));
#4731=CARTESIAN_POINT('Ctrl Pts',(-21.1127100229758,9.12508722655329,-30.2474821174619));
#4732=CARTESIAN_POINT('Ctrl Pts',(-21.1586680926704,9.01724816915952,-30.2788954161842));
#4733=CARTESIAN_POINT('Ctrl Pts',(-21.1935259889997,8.9354552934392,-30.3027215150064));
#4734=CARTESIAN_POINT('Ctrl Pts',(-21.2277749105786,8.85377585752948,-30.3262121802662));
#4735=CARTESIAN_POINT('Ctrl Pts',(-21.2614045924725,8.77226736683232,-30.3493005391105));
#4736=CARTESIAN_POINT('Ctrl Pts',(-21.291605474607,8.69906928163258,-30.3700348656004));
#4737=CARTESIAN_POINT('Ctrl Pts',(-21.3213068435642,8.62600965399171,-30.3904443885475));
#4738=CARTESIAN_POINT('Ctrl Pts',(-21.3505127407395,8.55310503311629,-30.410514747396));
#4739=CARTESIAN_POINT('Ctrl Pts',(-21.3770628223292,8.48682993734069,-30.4287600237443));
#4740=CARTESIAN_POINT('Ctrl Pts',(-21.4032034604222,8.42068315375953,-30.4467249459005));
#4741=CARTESIAN_POINT('Ctrl Pts',(-21.4289481855174,8.35465018192923,-30.464430986432));
#4742=CARTESIAN_POINT('Ctrl Pts',(-21.4537066793054,8.29114680728377,-30.4814587423271));
#4743=CARTESIAN_POINT('Ctrl Pts',(-21.4780989865383,8.22774899988144,-30.498246838214));
#4744=CARTESIAN_POINT('Ctrl Pts',(-21.5021475092302,8.16441378736438,-30.514848159708));
#4745=CARTESIAN_POINT('Ctrl Pts',(-21.5250386013025,8.10412683337036,-30.5306504767031));
#4746=CARTESIAN_POINT('Ctrl Pts',(-21.5476182293581,8.043896742161,-30.5462834828779));
#4747=CARTESIAN_POINT('Ctrl Pts',(-21.5699152489502,7.983655563281,-30.5618261013946));
#4748=CARTESIAN_POINT('Ctrl Pts',(-21.5872959487037,7.93669709698962,-30.5739416931089));
#4749=CARTESIAN_POINT('Ctrl Pts',(-21.604505108759,7.88973135113419,-30.5860029589778));
#4750=CARTESIAN_POINT('Ctrl Pts',(-21.6215605747817,7.84271115820578,-30.5980629946587));
#4751=CARTESIAN_POINT('Ctrl Pts',(-26.0871787149871,6.34577893783087,-18.4464206496046));
#4752=CARTESIAN_POINT('Ctrl Pts',(-24.9685892266525,6.34670796555598,-20.0319672085355));
#4753=CARTESIAN_POINT('Ctrl Pts',(-22.781888306806,6.58033768958575,-24.0353150605008));
#4754=CARTESIAN_POINT('Ctrl Pts',(-21.8118618467022,7.31806981986175,-28.2834418307598));
#4755=CARTESIAN_POINT('Ctrl Pts',(-21.6215605747817,7.84271115820589,-30.5980629946587));
#4756=CARTESIAN_POINT('Ctrl Pts',(-13.6800193699526,23.694488674019,-9.67323448684011));
#4757=CARTESIAN_POINT('Ctrl Pts',(-13.5005544330155,23.3827155016889,-10.6907214223169));
#4758=CARTESIAN_POINT('Ctrl Pts',(-13.1508268212634,22.7677648545553,-12.7332072698486));
#4759=CARTESIAN_POINT('Ctrl Pts',(-12.6082732719423,21.8391650321296,-16.1311857884462));
#4760=CARTESIAN_POINT('Ctrl Pts',(-12.0486911143407,20.8584976140027,-20.1319643004331));
#4761=CARTESIAN_POINT('Ctrl Pts',(-11.5713200050357,20.034279597904,-24.523395575152));
#4762=CARTESIAN_POINT('Ctrl Pts',(-11.5041446427295,19.9161908016554,-26.7475220749638));
#4763=CARTESIAN_POINT('Ctrl Pts',(-11.5042257952128,19.9161439252874,-27.8381934035281));
#4764=CARTESIAN_POINT('Ctrl Pts',(-13.4433863322382,23.7764117739798,-9.80721434555482));
#4765=CARTESIAN_POINT('Ctrl Pts',(-13.2709483063821,23.4648930147975,-10.815796322756));
#4766=CARTESIAN_POINT('Ctrl Pts',(-12.931865907261,22.8513199862737,-12.8459840559959));
#4767=CARTESIAN_POINT('Ctrl Pts',(-12.3967710260063,21.9274674153849,-16.2294827189228));
#4768=CARTESIAN_POINT('Ctrl Pts',(-11.8334138102156,20.960510119647,-20.2097959566321));
#4769=CARTESIAN_POINT('Ctrl Pts',(-11.3359953940182,20.1664452846788,-24.5559084183691));
#4770=CARTESIAN_POINT('Ctrl Pts',(-11.2446224093245,20.0660979555486,-26.7572715847092));
#4771=CARTESIAN_POINT('Ctrl Pts',(-11.2277807544705,20.0758277566855,-27.8383819043082));
#4772=CARTESIAN_POINT('Ctrl Pts',(-12.9706680057449,23.941059522832,-10.0750727776088));
#4773=CARTESIAN_POINT('Ctrl Pts',(-12.8113191775792,23.6298220925738,-11.0667782310802));
#4774=CARTESIAN_POINT('Ctrl Pts',(-12.4908272288818,23.0183519042178,-13.074775074207));
#4775=CARTESIAN_POINT('Ctrl Pts',(-11.9687597041331,22.1027993172693,-16.4298070149491));
#4776=CARTESIAN_POINT('Ctrl Pts',(-11.394619334519,21.1623294160068,-20.3695579617551));
#4777=CARTESIAN_POINT('Ctrl Pts',(-10.8560941366645,20.4257073074856,-24.6245875877114));
#4778=CARTESIAN_POINT('Ctrl Pts',(-10.7165276952784,20.3576335104944,-26.7821191113662));
#4779=CARTESIAN_POINT('Ctrl Pts',(-10.6662280453455,20.3847977167515,-27.8458624764936));
#4780=CARTESIAN_POINT('Ctrl Pts',(-12.2579861712659,24.1907007836137,-10.4785694664782));
#4781=CARTESIAN_POINT('Ctrl Pts',(-12.1151371315117,23.879077536403,-11.4481925991922));
#4782=CARTESIAN_POINT('Ctrl Pts',(-11.815392195891,23.2681901573987,-13.4290289892175));
#4783=CARTESIAN_POINT('Ctrl Pts',(-11.3077931116249,22.36147164908,-16.7426245638432));
#4784=CARTESIAN_POINT('Ctrl Pts',(-10.7098052627805,21.4569470833061,-20.6215862849506));
#4785=CARTESIAN_POINT('Ctrl Pts',(-10.1111920205262,20.7960146425135,-24.7385030109058));
#4786=CARTESIAN_POINT('Ctrl Pts',(-9.90395592484156,20.7652987768694,-26.8355641955796));
#4787=CARTESIAN_POINT('Ctrl Pts',(-9.80712417843139,20.8116367769822,-27.877956390704));
#4788=CARTESIAN_POINT('Ctrl Pts',(-11.5353681557869,24.4428735929356,-10.8870303692451));
#4789=CARTESIAN_POINT('Ctrl Pts',(-11.4049545607815,24.1297495025291,-11.8390139440607));
#4790=CARTESIAN_POINT('Ctrl Pts',(-11.1227879486504,23.5163738556257,-13.7943560190991));
#4791=CARTESIAN_POINT('Ctrl Pts',(-10.6235865521739,22.6147013433671,-17.0695197096038));
#4792=CARTESIAN_POINT('Ctrl Pts',(-9.99778568387278,21.7412904452095,-20.8856612840279));
#4793=CARTESIAN_POINT('Ctrl Pts',(-9.34542490307921,21.1441802806323,-24.8632714062536));
#4794=CARTESIAN_POINT('Ctrl Pts',(-9.07898599368339,21.1391785743341,-26.9054377025337));
#4795=CARTESIAN_POINT('Ctrl Pts',(-8.94154823539535,21.1977102070735,-27.9306288935256));
#4796=CARTESIAN_POINT('Ctrl Pts',(-10.7951723206193,24.6970490506427,-11.3043532824987));
#4797=CARTESIAN_POINT('Ctrl Pts',(-10.6744787165788,24.3809161330523,-12.2414601649817));
#4798=CARTESIAN_POINT('Ctrl Pts',(-10.4084722840577,23.7619171207109,-14.1716383129472));
#4799=CARTESIAN_POINT('Ctrl Pts',(-9.91077907314115,22.861217683536,-17.4122863922185));
#4800=CARTESIAN_POINT('Ctrl Pts',(-9.25752986053153,22.0135482538738,-21.1611735902264));
#4801=CARTESIAN_POINT('Ctrl Pts',(-8.56135102797506,21.4681158410654,-24.9989359883905));
#4802=CARTESIAN_POINT('Ctrl Pts',(-8.24621251456679,21.4779511375526,-26.9922353030211));
#4803=CARTESIAN_POINT('Ctrl Pts',(-8.0747573232791,21.5426524962224,-28.0038877937773));
#4804=CARTESIAN_POINT('Ctrl Pts',(-10.028998120143,24.9525469116327,-11.7332880329766));
#4805=CARTESIAN_POINT('Ctrl Pts',(-9.9165140578749,24.6317376616717,-12.6568427632125));
#4806=CARTESIAN_POINT('Ctrl Pts',(-9.66500126169035,24.0041790232795,-14.5626531553158));
#4807=CARTESIAN_POINT('Ctrl Pts',(-9.16150974177703,23.1004050539502,-17.7721233219138));
#4808=CARTESIAN_POINT('Ctrl Pts',(-8.48310504304587,22.2738074315352,-21.4476388355323));
#4809=CARTESIAN_POINT('Ctrl Pts',(-7.75281688056104,21.7692845586099,-25.1459919446641));
#4810=CARTESIAN_POINT('Ctrl Pts',(-7.39873406432689,21.7847509364489,-27.0970219416935));
#4811=CARTESIAN_POINT('Ctrl Pts',(-7.19958438637373,21.8506827203782,-28.0982334637924));
#4812=CARTESIAN_POINT('Ctrl Pts',(-9.22584286749599,25.2089221825541,-12.1758986075784));
#4813=CARTESIAN_POINT('Ctrl Pts',(-9.12050886174556,24.8817962860004,-13.0865501212969));
#4814=CARTESIAN_POINT('Ctrl Pts',(-8.87987019603451,24.2430229376979,-14.9702192873481));
#4815=CARTESIAN_POINT('Ctrl Pts',(-8.3645625357896,23.3321581677607,-18.1492813041675));
#4816=CARTESIAN_POINT('Ctrl Pts',(-7.66505202075704,22.5224241683319,-21.7442512120403));
#4817=CARTESIAN_POINT('Ctrl Pts',(-6.91369380478197,22.0478080669204,-25.3042214806313));
#4818=CARTESIAN_POINT('Ctrl Pts',(-6.53393687421024,22.059790423152,-27.219655164583));
#4819=CARTESIAN_POINT('Ctrl Pts',(-6.31573789497149,22.1222507830494,-28.2126580317994));
#4820=CARTESIAN_POINT('Ctrl Pts',(-8.37465617598519,25.4643192604019,-12.6335521185625));
#4821=CARTESIAN_POINT('Ctrl Pts',(-8.27557748621166,25.1291876220021,-13.5318774043457));
#4822=CARTESIAN_POINT('Ctrl Pts',(-8.03941948555223,24.4761823724154,-15.3978631260736));
#4823=CARTESIAN_POINT('Ctrl Pts',(-7.51315475391838,23.5537601685379,-18.5419663603024));
#4824=CARTESIAN_POINT('Ctrl Pts',(-6.801032804985,22.7560640361411,-22.0488693950549));
#4825=CARTESIAN_POINT('Ctrl Pts',(-6.04845021012945,22.299744922319,-25.4719884867007));
#4826=CARTESIAN_POINT('Ctrl Pts',(-5.65931107860435,22.3002023423821,-27.3586322844408));
#4827=CARTESIAN_POINT('Ctrl Pts',(-5.4323395278255,22.3553721235516,-28.3448741131289));
#4828=CARTESIAN_POINT('Ctrl Pts',(-7.46461353257618,25.715063834567,-13.1075000275245));
#4829=CARTESIAN_POINT('Ctrl Pts',(-7.37038117699256,25.3701190728796,-13.9947772520038));
#4830=CARTESIAN_POINT('Ctrl Pts',(-7.1335146975114,24.6989348791558,-15.8463692669913));
#4831=CARTESIAN_POINT('Ctrl Pts',(-6.6042563370606,23.7607007595924,-18.9472730086515));
#4832=CARTESIAN_POINT('Ctrl Pts',(-5.89412941240339,22.9697417396273,-22.3583550359686));
#4833=CARTESIAN_POINT('Ctrl Pts',(-5.16628044367856,22.5207501961295,-25.6474121159556));
#4834=CARTESIAN_POINT('Ctrl Pts',(-4.7851082900649,22.5037594525873,-27.5122344270414));
#4835=CARTESIAN_POINT('Ctrl Pts',(-4.56009363375081,22.5491449804038,-28.492499003643));
#4836=CARTESIAN_POINT('Ctrl Pts',(-6.48213050132295,25.9556821273746,-13.6008166939781));
#4837=CARTESIAN_POINT('Ctrl Pts',(-6.39072066990163,25.5987652347043,-14.478935754931));
#4838=CARTESIAN_POINT('Ctrl Pts',(-6.15702244872132,24.9050721555184,-16.3127316112595));
#4839=CARTESIAN_POINT('Ctrl Pts',(-5.63713470547945,23.9476115364041,-19.3618342638033));
#4840=CARTESIAN_POINT('Ctrl Pts',(-4.95051126337002,23.1583320621674,-22.6692728423714));
#4841=CARTESIAN_POINT('Ctrl Pts',(-4.27689367906626,22.707750728882,-25.8292802852228));
#4842=CARTESIAN_POINT('Ctrl Pts',(-3.91967444855273,22.6701885483928,-27.6792229927004));
#4843=CARTESIAN_POINT('Ctrl Pts',(-3.70606021354315,22.7048508119296,-28.6538121324559));
#4844=CARTESIAN_POINT('Ctrl Pts',(-5.41355556833122,26.1785541067747,-14.1154094351737));
#4845=CARTESIAN_POINT('Ctrl Pts',(-5.32729104739223,25.8073796755286,-14.9830887823459));
#4846=CARTESIAN_POINT('Ctrl Pts',(-5.10569603941081,25.0878601110934,-16.7935054972009));
#4847=CARTESIAN_POINT('Ctrl Pts',(-4.6128222943965,24.1091378214928,-19.7814681679601));
#4848=CARTESIAN_POINT('Ctrl Pts',(-3.97581631087393,23.3178705574558,-22.9788808042782));
#4849=CARTESIAN_POINT('Ctrl Pts',(-3.38294876961807,22.8602212432768,-26.0184680973202));
#4850=CARTESIAN_POINT('Ctrl Pts',(-3.05955453479969,22.8019599315115,-27.8605649030631));
#4851=CARTESIAN_POINT('Ctrl Pts',(-2.86384049532403,22.8262340137639,-28.8294376451185));
#4852=CARTESIAN_POINT('Ctrl Pts',(-4.24742774191995,26.3746963596922,-14.6494400313761));
#4853=CARTESIAN_POINT('Ctrl Pts',(-4.17141058878614,25.9877097419468,-15.5038734487239));
#4854=CARTESIAN_POINT('Ctrl Pts',(-3.97371668182462,25.2409178654693,-17.28471836534));
#4855=CARTESIAN_POINT('Ctrl Pts',(-3.52648570124609,24.2410031095841,-20.2034128230176));
#4856=CARTESIAN_POINT('Ctrl Pts',(-2.96674962872774,23.4461921403603,-23.2868807695398));
#4857=CARTESIAN_POINT('Ctrl Pts',(-2.47575288946079,22.978704757468,-26.2182706541437));
#4858=CARTESIAN_POINT('Ctrl Pts',(-2.19704879015551,22.900909347833,-28.0569372242783));
#4859=CARTESIAN_POINT('Ctrl Pts',(-2.02723660804894,22.9155577868002,-29.0186197224913));
#4860=CARTESIAN_POINT('Ctrl Pts',(-2.97417336993619,26.5338218259203,-15.1980117315185));
#4861=CARTESIAN_POINT('Ctrl Pts',(-2.91536015592435,26.1305870161398,-16.0359343207565));
#4862=CARTESIAN_POINT('Ctrl Pts',(-2.75460702491383,25.3570619972562,-17.7818361226863));
#4863=CARTESIAN_POINT('Ctrl Pts',(-2.37715932643871,24.3372223789528,-20.6233160761952));
#4864=CARTESIAN_POINT('Ctrl Pts',(-1.92765802547658,23.5388979011527,-23.5914914650118));
#4865=CARTESIAN_POINT('Ctrl Pts',(-1.56011135852739,23.060926434515,-26.4283188242016));
#4866=CARTESIAN_POINT('Ctrl Pts',(-1.33882807595618,22.9666845296744,-28.2647149356697));
#4867=CARTESIAN_POINT('Ctrl Pts',(-1.20302914730875,22.9733459100088,-29.2168267076646));
#4868=CARTESIAN_POINT('Ctrl Pts',(-1.59796285543735,26.6433585742439,-15.7511571204618));
#4869=CARTESIAN_POINT('Ctrl Pts',(-1.56369548262997,26.2246446572072,-16.5701864689804));
#4870=CARTESIAN_POINT('Ctrl Pts',(-1.45248175088316,25.4261927493655,-18.2775652508499));
#4871=CARTESIAN_POINT('Ctrl Pts',(-1.1830252254075,24.3901090833407,-21.0325724092602));
#4872=CARTESIAN_POINT('Ctrl Pts',(-0.874536329541981,23.5908291583472,-23.8896423422869));
#4873=CARTESIAN_POINT('Ctrl Pts',(-0.647940717744685,23.105278038642,-26.647120300687));
#4874=CARTESIAN_POINT('Ctrl Pts',(-0.495496275032795,22.999862861369,-28.4794080154004));
#4875=CARTESIAN_POINT('Ctrl Pts',(-0.400353368671102,23.0010242826113,-29.4192109876951));
#4876=CARTESIAN_POINT('Ctrl Pts',(-0.13129152603893,26.6906774753019,-16.2978744778016));
#4877=CARTESIAN_POINT('Ctrl Pts',(-0.129655231891559,26.2581364019306,-17.0962967614438));
#4878=CARTESIAN_POINT('Ctrl Pts',(-0.0941805249893427,25.4386792964354,
-18.7582013350723));
#4879=CARTESIAN_POINT('Ctrl Pts',(0.0307470274275127,24.3937236733203,-21.4243213820856));
#4880=CARTESIAN_POINT('Ctrl Pts',(0.173495445016386,23.5987764768163,-24.179601282946));
#4881=CARTESIAN_POINT('Ctrl Pts',(0.249873668913841,23.1122657011995,-26.8742512777856));
#4882=CARTESIAN_POINT('Ctrl Pts',(0.324599885912991,23.0024990875812,-28.6975670923021));
#4883=CARTESIAN_POINT('Ctrl Pts',(0.375199800371957,23.0011740685517,-29.62250333417));
#4884=CARTESIAN_POINT('Ctrl Pts',(1.39468153194623,26.6655977959638,-16.8216038993222));
#4885=CARTESIAN_POINT('Ctrl Pts',(1.35038740568628,26.2223113395784,-17.5973331918841));
#4886=CARTESIAN_POINT('Ctrl Pts',(1.28477589277449,25.3890140430577,-19.2119134952605));
#4887=CARTESIAN_POINT('Ctrl Pts',(1.24072894939179,24.345051186916,-21.7962255630675));
#4888=CARTESIAN_POINT('Ctrl Pts',(1.20573150220588,23.562049429424,-24.4641684731877));
#4889=CARTESIAN_POINT('Ctrl Pts',(1.13678140104472,23.083898568376,-27.1159872753816));
#4890=CARTESIAN_POINT('Ctrl Pts',(1.12759752635086,22.9769690799544,-28.9216166033258));
#4891=CARTESIAN_POINT('Ctrl Pts',(1.13269553697074,22.9762097080632,-29.8294392681169));
#4892=CARTESIAN_POINT('Ctrl Pts',(2.93949410111022,26.563503758051,-17.30711826289));
#4893=CARTESIAN_POINT('Ctrl Pts',(2.84195794301539,26.1135990561024,-18.0629299244433));
#4894=CARTESIAN_POINT('Ctrl Pts',(2.66606622886049,25.274679349387,-19.637910321417));
#4895=CARTESIAN_POINT('Ctrl Pts',(2.44641871780373,24.2416823513494,-22.1559981945104));
#4896=CARTESIAN_POINT('Ctrl Pts',(2.23248714296495,23.4794366683841,-24.7545306265337));
#4897=CARTESIAN_POINT('Ctrl Pts',(2.02609865618362,23.0208475786321,-27.3768488770199));
#4898=CARTESIAN_POINT('Ctrl Pts',(1.92351598537839,22.9240303209656,-29.1521567834681));
#4899=CARTESIAN_POINT('Ctrl Pts',(1.88087151583527,22.9269970063182,-30.0391866835026));
#4900=CARTESIAN_POINT('Ctrl Pts',(4.48295696538494,26.3844018924245,-17.7449808874152));
#4901=CARTESIAN_POINT('Ctrl Pts',(4.33271033734309,25.930831484055,-18.4876675902029));
#4902=CARTESIAN_POINT('Ctrl Pts',(4.04426611353541,25.0920908433505,-20.0354622238057));
#4903=CARTESIAN_POINT('Ctrl Pts',(3.64339253115847,24.0799016536661,-22.5040593481779));
#4904=CARTESIAN_POINT('Ctrl Pts',(3.2554910567667,23.3499124555541,-25.0505911940955));
#4905=CARTESIAN_POINT('Ctrl Pts',(2.91000004759396,22.9238109445915,-27.6436233726262));
#4906=CARTESIAN_POINT('Ctrl Pts',(2.70688093080024,22.8447613894295,-29.3789534314952));
#4907=CARTESIAN_POINT('Ctrl Pts',(2.61468890103983,22.8547693928634,-30.2419271029214));
#4908=CARTESIAN_POINT('Ctrl Pts',(6.01586350589713,26.1253384391526,-18.1259569412442));
#4909=CARTESIAN_POINT('Ctrl Pts',(5.8099173579401,25.6697930134072,-18.8630006618514));
#4910=CARTESIAN_POINT('Ctrl Pts',(5.40531852038124,24.8373639226531,-20.3976815889851));
#4911=CARTESIAN_POINT('Ctrl Pts',(4.8221796686515,23.8591188063918,-22.831905781852));
#4912=CARTESIAN_POINT('Ctrl Pts',(4.27650327334559,23.175134851986,-25.3488344164959));
#4913=CARTESIAN_POINT('Ctrl Pts',(3.77453835121743,22.7951325613728,-27.8997595025972));
#4914=CARTESIAN_POINT('Ctrl Pts',(3.47000998225367,22.7413993814529,-29.5916487853006));
#4915=CARTESIAN_POINT('Ctrl Pts',(3.32766422682724,22.7616786014479,-30.4286598144984));
#4916=CARTESIAN_POINT('Ctrl Pts',(7.02982396995052,25.894800792182,-18.3426803328957));
#4917=CARTESIAN_POINT('Ctrl Pts',(6.78739494064237,25.4406542579718,-19.0806793414242));
#4918=CARTESIAN_POINT('Ctrl Pts',(6.30612590699877,24.6190751256601,-20.6145082869223));
#4919=CARTESIAN_POINT('Ctrl Pts',(5.60929486453056,23.6737918889307,-23.0407938384241));
#4920=CARTESIAN_POINT('Ctrl Pts',(4.94991541279826,23.0302112296615,-25.5403177230798));
#4921=CARTESIAN_POINT('Ctrl Pts',(4.33695858266714,22.689862397307,-28.0606571813435));
#4922=CARTESIAN_POINT('Ctrl Pts',(3.96462447089434,22.6578018511526,-29.7225605161361));
#4923=CARTESIAN_POINT('Ctrl Pts',(3.78902948981111,22.6869502029865,-30.5417980698875));
#4924=CARTESIAN_POINT('Ctrl Pts',(7.54797887323523,25.7648572711452,-18.4463019252444));
#4925=CARTESIAN_POINT('Ctrl Pts',(7.28648289572062,25.311932952115,-19.1859242410588));
#4926=CARTESIAN_POINT('Ctrl Pts',(6.76580374728758,24.497182209248,-20.7217408342849));
#4927=CARTESIAN_POINT('Ctrl Pts',(6.00783927124453,23.5708261699353,-23.1456590683437));
#4928=CARTESIAN_POINT('Ctrl Pts',(5.28769453898964,22.9500599073128,-25.6365903078062));
#4929=CARTESIAN_POINT('Ctrl Pts',(4.61782498142556,22.6319621093061,-28.1415544913213));
#4930=CARTESIAN_POINT('Ctrl Pts',(4.21111961184551,22.6120460339894,-29.7879456473852));
#4931=CARTESIAN_POINT('Ctrl Pts',(4.01879344078166,22.646176261796,-30.5980630561095));
#4932=CARTESIAN_POINT('',(7.54797887323523,25.7648572711452,-18.4463019252444));
#4933=CARTESIAN_POINT('Ctrl Pts',(-13.6800193699526,23.694488674019,-9.67323448684011));
#4934=CARTESIAN_POINT('Ctrl Pts',(-13.4433863322382,23.7764117739798,-9.80721434555482));
#4935=CARTESIAN_POINT('Ctrl Pts',(-12.9706680057449,23.941059522832,-10.0750727776088));
#4936=CARTESIAN_POINT('Ctrl Pts',(-12.2579861712659,24.1907007836137,-10.4785694664782));
#4937=CARTESIAN_POINT('Ctrl Pts',(-11.5353681557869,24.4428735929356,-10.8870303692451));
#4938=CARTESIAN_POINT('Ctrl Pts',(-10.7951723206193,24.6970490506427,-11.3043532824987));
#4939=CARTESIAN_POINT('Ctrl Pts',(-10.028998120143,24.9525469116327,-11.7332880329766));
#4940=CARTESIAN_POINT('Ctrl Pts',(-9.22584286749598,25.2089221825541,-12.1758986075784));
#4941=CARTESIAN_POINT('Ctrl Pts',(-8.37465617598519,25.4643192604019,-12.6335521185625));
#4942=CARTESIAN_POINT('Ctrl Pts',(-7.46461353257616,25.715063834567,-13.1075000275245));
#4943=CARTESIAN_POINT('Ctrl Pts',(-6.48213050132295,25.9556821273746,-13.6008166939781));
#4944=CARTESIAN_POINT('Ctrl Pts',(-5.41355556833123,26.1785541067747,-14.1154094351737));
#4945=CARTESIAN_POINT('Ctrl Pts',(-4.24742774191993,26.3746963596922,-14.6494400313761));
#4946=CARTESIAN_POINT('Ctrl Pts',(-2.97417336993619,26.5338218259203,-15.1980117315185));
#4947=CARTESIAN_POINT('Ctrl Pts',(-1.59796285543732,26.6433585742439,-15.7511571204618));
#4948=CARTESIAN_POINT('Ctrl Pts',(-0.131291526038937,26.6906774753019,-16.2978744778016));
#4949=CARTESIAN_POINT('Ctrl Pts',(1.39468153194623,26.6655977959638,-16.8216038993222));
#4950=CARTESIAN_POINT('Ctrl Pts',(2.93949410111023,26.563503758051,-17.30711826289));
#4951=CARTESIAN_POINT('Ctrl Pts',(4.48295696538496,26.3844018924245,-17.7449808874152));
#4952=CARTESIAN_POINT('Ctrl Pts',(6.01586350589711,26.1253384391526,-18.1259569412442));
#4953=CARTESIAN_POINT('Ctrl Pts',(7.02982396995053,25.8948007921821,-18.3426803328957));
#4954=CARTESIAN_POINT('Ctrl Pts',(7.54797887323524,25.7648572711452,-18.4463019252444));
#4955=CARTESIAN_POINT('',(4.01879344078166,22.646176261796,-30.5980630561095));
#4956=CARTESIAN_POINT('Ctrl Pts',(4.01879344078157,22.646176261796,-30.5980630561095));
#4957=CARTESIAN_POINT('Ctrl Pts',(4.56829678667829,22.5486613252059,-28.2834418883257));
#4958=CARTESIAN_POINT('Ctrl Pts',(5.69219447319932,23.0198400445026,-24.0353406161088));
#4959=CARTESIAN_POINT('Ctrl Pts',(6.98788020969219,24.7967763533889,-20.0319773772687));
#4960=CARTESIAN_POINT('Ctrl Pts',(7.54798379261565,25.7650487765112,-18.4464206159734));
#4961=CARTESIAN_POINT('Ctrl Pts',(4.01879344078166,22.646176261796,-30.5980630561095));
#4962=CARTESIAN_POINT('Ctrl Pts',(3.94572054649376,22.6591437873008,-30.5801688417519));
#4963=CARTESIAN_POINT('Ctrl Pts',(3.87258171766771,22.6717586079574,-30.5622713965352));
#4964=CARTESIAN_POINT('Ctrl Pts',(3.79925564728583,22.6840396871141,-30.5442497539965));
#4965=CARTESIAN_POINT('Ctrl Pts',(3.72351998663909,22.6967243385422,-30.5256358967899));
#4966=CARTESIAN_POINT('Ctrl Pts',(3.64758469108016,22.7090528278485,-30.5068896458346));
#4967=CARTESIAN_POINT('Ctrl Pts',(3.57135575156145,22.7210347056596,-30.4879182516091));
#4968=CARTESIAN_POINT('Ctrl Pts',(3.4921464110821,22.7334850512254,-30.4682051133435));
#4969=CARTESIAN_POINT('Ctrl Pts',(3.41262016279026,22.7455610159625,-30.4482490009786));
#4970=CARTESIAN_POINT('Ctrl Pts',(3.33271169650629,22.7572632965383,-30.4279872879979));
#4971=CARTESIAN_POINT('Ctrl Pts',(3.24894736115974,22.7695302539717,-30.4067478749578));
#4972=CARTESIAN_POINT('Ctrl Pts',(3.1647632262782,22.7813864417386,-30.3851728024092));
#4973=CARTESIAN_POINT('Ctrl Pts',(3.08012478478838,22.7928241187908,-30.3632326344386));
#4974=CARTESIAN_POINT('Ctrl Pts',(2.9901587255913,22.804981747318,-30.3399114293727));
#4975=CARTESIAN_POINT('Ctrl Pts',(2.89967964471101,22.8166663400051,-30.316177907934));
#4976=CARTESIAN_POINT('Ctrl Pts',(2.8086874768907,22.8278618065109,-30.292041390073));
#4977=CARTESIAN_POINT('Ctrl Pts',(2.70948820290719,22.8400670564338,-30.2657278610556));
#4978=CARTESIAN_POINT('Ctrl Pts',(2.60967956470665,22.8516907307846,-30.2389356285537));
#4979=CARTESIAN_POINT('Ctrl Pts',(2.50930368961042,22.8627075166811,-30.2117249993587));
#4980=CARTESIAN_POINT('Ctrl Pts',(2.39222913089955,22.8755570718757,-30.1799875684053));
#4981=CARTESIAN_POINT('Ctrl Pts',(2.27438390973235,22.8875805987337,-30.1476813932751));
#4982=CARTESIAN_POINT('Ctrl Pts',(2.15587925483796,22.898737621069,-30.1149606287646));
#4983=CARTESIAN_POINT('Ctrl Pts',(2.02260021647908,22.9112856278044,-30.0781604538498));
#4984=CARTESIAN_POINT('Ctrl Pts',(1.88849076126714,22.9227369923314,-30.040838532967));
#4985=CARTESIAN_POINT('Ctrl Pts',(1.75372294748933,22.9330428819084,-30.0032577296229));
#4986=CARTESIAN_POINT('Ctrl Pts',(1.63814168790574,22.9418815479448,-29.9710272105922));
#4987=CARTESIAN_POINT('Ctrl Pts',(1.52207814643166,22.9498778539877,-29.9386085236204));
#4988=CARTESIAN_POINT('Ctrl Pts',(1.40561121916734,22.9570088883668,-29.9061610823688));
#4989=CARTESIAN_POINT('Ctrl Pts',(1.30507296056144,22.9631646425828,-29.878151334741));
#4990=CARTESIAN_POINT('Ctrl Pts',(1.20423447386968,22.9686758221925,-29.8501207600193));
#4991=CARTESIAN_POINT('Ctrl Pts',(1.10311021474362,22.9735314624054,-29.822151039651));
#4992=CARTESIAN_POINT('Ctrl Pts',(1.00998193975432,22.9780031628747,-29.7963929096796));
#4993=CARTESIAN_POINT('Ctrl Pts',(0.916611552668477,22.9819190382324,-29.7706867204067));
#4994=CARTESIAN_POINT('Ctrl Pts',(0.822973003094614,22.9852717068165,-29.745071220385));
#4995=CARTESIAN_POINT('Ctrl Pts',(0.734594528228322,22.9884360417783,-29.7208946517051));
#4996=CARTESIAN_POINT('Ctrl Pts',(0.645977362459715,22.9910987964984,-29.6967990965362));
#4997=CARTESIAN_POINT('Ctrl Pts',(0.557061769381438,22.9932529709281,-29.6727900079374));
#4998=CARTESIAN_POINT('Ctrl Pts',(0.443994916674531,22.9959922623675,-29.6422595690093));
#4999=CARTESIAN_POINT('Ctrl Pts',(0.330445421089666,22.997909870724,-29.6118699329388));
#5000=CARTESIAN_POINT('Ctrl Pts',(0.216202500473712,22.9989838140469,-29.5815634637325));
#5001=CARTESIAN_POINT('Ctrl Pts',(0.122315159647381,22.9998664042523,-29.5566569418379));
#5002=CARTESIAN_POINT('Ctrl Pts',(0.0279566106980269,23.0001788117757,-29.5318044166733));
#5003=CARTESIAN_POINT('Ctrl Pts',(-0.0669479172521785,22.9999025644974,
-29.50698616668));
#5004=CARTESIAN_POINT('Ctrl Pts',(-0.166215465292552,22.9996136173781,-29.4810269540197));
#5005=CARTESIAN_POINT('Ctrl Pts',(-0.26608010220617,22.9986804631758,-29.4551053147916));
#5006=CARTESIAN_POINT('Ctrl Pts',(-0.366574390719918,22.9970785800299,-29.4292185002718));
#5007=CARTESIAN_POINT('Ctrl Pts',(-0.477067208723652,22.9953173199073,-29.400756115715));
#5008=CARTESIAN_POINT('Ctrl Pts',(-0.588321169676614,22.9927474048612,-29.372335807337));
#5009=CARTESIAN_POINT('Ctrl Pts',(-0.700318412692658,22.9893356607111,-29.3439772033371));
#5010=CARTESIAN_POINT('Ctrl Pts',(-0.823682765621828,22.9855776431198,-29.3127403555522));
#5011=CARTESIAN_POINT('Ctrl Pts',(-0.947948398357671,22.9807978989936,-29.2815785004075));
#5012=CARTESIAN_POINT('Ctrl Pts',(-1.07302483993717,22.9749563153639,-29.250544142751));
#5013=CARTESIAN_POINT('Ctrl Pts',(-1.21468723044197,22.968340099785,-29.2153944276017));
#5014=CARTESIAN_POINT('Ctrl Pts',(-1.35738819900855,22.9603612732382,-29.1804086649419));
#5015=CARTESIAN_POINT('Ctrl Pts',(-1.50093052561095,22.9509740001876,-29.1456914259713));
#5016=CARTESIAN_POINT('Ctrl Pts',(-1.68566736229616,22.9388927195682,-29.1010108564301));
#5017=CARTESIAN_POINT('Ctrl Pts',(-1.87179096170307,22.9244774975859,-29.0567767790707));
#5018=CARTESIAN_POINT('Ctrl Pts',(-2.05883995865215,22.9076663592051,-29.0132415491902));
#5019=CARTESIAN_POINT('Ctrl Pts',(-2.19008052581993,22.8958710362052,-28.982695604788));
#5020=CARTESIAN_POINT('Ctrl Pts',(-2.3217752525303,22.882897316669,-28.9524945492553));
#5021=CARTESIAN_POINT('Ctrl Pts',(-2.4537951886751,22.8687316913736,-28.9227203242408));
#5022=CARTESIAN_POINT('Ctrl Pts',(-2.57153233433631,22.8560985971797,-28.8961672719531));
#5023=CARTESIAN_POINT('Ctrl Pts',(-2.68952758932781,22.8425179015126,-28.8699539409123));
#5024=CARTESIAN_POINT('Ctrl Pts',(-2.80772817627827,22.8279798161846,-28.844128019327));
#5025=CARTESIAN_POINT('Ctrl Pts',(-2.9177710775847,22.8144450856879,-28.820084489481));
#5026=CARTESIAN_POINT('Ctrl Pts',(-3.02799161254788,22.8000808226752,-28.7963768896033));
#5027=CARTESIAN_POINT('Ctrl Pts',(-3.13838862864689,22.7848747377636,-28.7730314560627));
#5028=CARTESIAN_POINT('Ctrl Pts',(-3.2431466019174,22.7704453746069,-28.7508784994952));
#5029=CARTESIAN_POINT('Ctrl Pts',(-3.34806325451445,22.75525822428,-28.7290517618095));
#5030=CARTESIAN_POINT('Ctrl Pts',(-3.4531802917698,22.7392951929591,-28.7075604355909));
#5031=CARTESIAN_POINT('Ctrl Pts',(-3.5589886298803,22.7232271809663,-28.6859277719394));
#5032=CARTESIAN_POINT('Ctrl Pts',(-3.66499955121666,22.7063733709319,-28.6646351340393));
#5033=CARTESIAN_POINT('Ctrl Pts',(-3.77130633482934,22.6887031037227,-28.6436756070273));
#5034=CARTESIAN_POINT('Ctrl Pts',(-3.87761887289794,22.6710318800103,-28.6227149454623));
#5035=CARTESIAN_POINT('Ctrl Pts',(-3.98423516183543,22.6525427298819,-28.6020855198419));
#5036=CARTESIAN_POINT('Ctrl Pts',(-4.09122999271232,22.6332020966263,-28.5817801534396));
#5037=CARTESIAN_POINT('Ctrl Pts',(-4.20276918899022,22.6130400133636,-28.560612362154));
#5038=CARTESIAN_POINT('Ctrl Pts',(-4.31471950159391,22.5919523947185,-28.5397967758216));
#5039=CARTESIAN_POINT('Ctrl Pts',(-4.42710894733075,22.5699070970278,-28.5193342435401));
#5040=CARTESIAN_POINT('Ctrl Pts',(-4.54547842402787,22.5466888105225,-28.4977829384137));
#5041=CARTESIAN_POINT('Ctrl Pts',(-4.66433465725709,22.5224080168553,-28.4766233012714));
#5042=CARTESIAN_POINT('Ctrl Pts',(-4.78365342548867,22.4970366916359,-28.4558654978267));
#5043=CARTESIAN_POINT('Ctrl Pts',(-4.91145868503734,22.4698608428334,-28.4336313053671));
#5044=CARTESIAN_POINT('Ctrl Pts',(-5.03979410716953,22.4414335843824,-28.4118582014504));
#5045=CARTESIAN_POINT('Ctrl Pts',(-5.16857277550091,22.4117347714172,-28.390568147334));
#5046=CARTESIAN_POINT('Ctrl Pts',(-5.31255766340399,22.3785291146802,-28.366764157938));
#5047=CARTESIAN_POINT('Ctrl Pts',(-5.45709583839193,22.3437335392993,-28.3435641221332));
#5048=CARTESIAN_POINT('Ctrl Pts',(-5.60200665201975,22.3073423219963,-28.3210090802792));
#5049=CARTESIAN_POINT('Ctrl Pts',(-5.77586327624494,22.2636819902836,-28.2939486881814));
#5050=CARTESIAN_POINT('Ctrl Pts',(-5.95025369196795,22.2177243852498,-28.267817001272));
#5051=CARTESIAN_POINT('Ctrl Pts',(-6.12481080171763,22.1694991518339,-28.242696210678));
#5052=CARTESIAN_POINT('Ctrl Pts',(-6.28917084171399,22.1240910827816,-28.2190428965696));
#5053=CARTESIAN_POINT('Ctrl Pts',(-6.45367457998297,22.0766739851932,-28.1962864802723));
#5054=CARTESIAN_POINT('Ctrl Pts',(-6.61802648756047,22.027295008919,-28.1744965122024));
#5055=CARTESIAN_POINT('Ctrl Pts',(-6.75621437643093,21.9857769238144,-28.1561754003241));
#5056=CARTESIAN_POINT('Ctrl Pts',(-6.89429402941773,21.9428727921125,-28.1385377149796));
#5057=CARTESIAN_POINT('Ctrl Pts',(-7.03212553228366,21.8986120678504,-28.1216205792525));
#5058=CARTESIAN_POINT('Ctrl Pts',(-7.15797311245549,21.8581996444986,-28.1061743238578));
#5059=CARTESIAN_POINT('Ctrl Pts',(-7.2836133912932,21.8166567707642,-28.0913288596179));
#5060=CARTESIAN_POINT('Ctrl Pts',(-7.4089806494289,21.7739983865249,-28.0771068381369));
#5061=CARTESIAN_POINT('Ctrl Pts',(-7.52678576731357,21.7339131516811,-28.063742687544));
#5062=CARTESIAN_POINT('Ctrl Pts',(-7.64434954873101,21.6928432971417,-28.0509290965717));
#5063=CARTESIAN_POINT('Ctrl Pts',(-7.76165989739109,21.6507883375463,-28.0386786287001));
#5064=CARTESIAN_POINT('Ctrl Pts',(-7.87352900874419,21.6106840244003,-28.0269963775594));
#5065=CARTESIAN_POINT('Ctrl Pts',(-7.98516748130124,21.569684186329,-28.0158262666325));
#5066=CARTESIAN_POINT('Ctrl Pts',(-8.096607711334,21.5277714491948,-28.0051725992864));
#5067=CARTESIAN_POINT('Ctrl Pts',(-8.24073364836165,21.4735655981203,-27.9913941838203));
#5068=CARTESIAN_POINT('Ctrl Pts',(-8.38452765568035,21.4178340645087,-27.9784800312449));
#5069=CARTESIAN_POINT('Ctrl Pts',(-8.5281639274366,21.3604873546174,-27.9664215867236));
#5070=CARTESIAN_POINT('Ctrl Pts',(-8.63916769613061,21.3161691553053,-27.9571026816164));
#5071=CARTESIAN_POINT('Ctrl Pts',(-8.75008016660388,21.2708845271085,-27.9482943191324));
#5072=CARTESIAN_POINT('Ctrl Pts',(-8.8609382306539,21.2246030274429,-27.939992945015));
#5073=CARTESIAN_POINT('Ctrl Pts',(-8.97995862673091,21.1749138824227,-27.9310803517462));
#5074=CARTESIAN_POINT('Ctrl Pts',(-9.09891615124215,21.124075420247,-27.922752146691));
#5075=CARTESIAN_POINT('Ctrl Pts',(-9.21779868018288,21.0720712672395,-27.9150061827089));
#5076=CARTESIAN_POINT('Ctrl Pts',(-9.34393766950071,21.0168928372452,-27.9067874135028));
#5077=CARTESIAN_POINT('Ctrl Pts',(-9.46999167585396,20.9604019111778,-27.8992241361202));
#5078=CARTESIAN_POINT('Ctrl Pts',(-9.59588916686281,20.9026053662524,-27.8923162599069));
#5079=CARTESIAN_POINT('Ctrl Pts',(-9.73250592381757,20.8398878611805,-27.8848202277131));
#5080=CARTESIAN_POINT('Ctrl Pts',(-9.86893753047104,20.7756328083347,-27.8780959550557));
#5081=CARTESIAN_POINT('Ctrl Pts',(-10.0050382006398,20.7098819553308,-27.8721461377632));
#5082=CARTESIAN_POINT('Ctrl Pts',(-10.1645378870286,20.6328269311278,-27.8651734021327));
#5083=CARTESIAN_POINT('Ctrl Pts',(-10.3235813749516,20.5537173142521,-27.8592642886554));
#5084=CARTESIAN_POINT('Ctrl Pts',(-10.4818815455329,20.472668591696,-27.8544270800436));
#5085=CARTESIAN_POINT('Ctrl Pts',(-10.6545432395692,20.3842668566592,-27.8491510236108));
#5086=CARTESIAN_POINT('Ctrl Pts',(-10.8263158998764,20.2935598693011,-27.8451502654069));
#5087=CARTESIAN_POINT('Ctrl Pts',(-10.9968227181688,20.2007398405397,-27.8424394041204));
#5088=CARTESIAN_POINT('Ctrl Pts',(-11.1377354289775,20.1240301699171,-27.8401990549289));
#5089=CARTESIAN_POINT('Ctrl Pts',(-11.2777821873638,20.0458790835201,-27.8388398100877));
#5090=CARTESIAN_POINT('Ctrl Pts',(-11.4167854266814,19.9663970340449,-27.83837092257));
#5091=CARTESIAN_POINT('Ctrl Pts',(-11.4459785121123,19.9497044283765,-27.8382724480781));
#5092=CARTESIAN_POINT('Ctrl Pts',(-11.4751257468508,19.9329530791207,-27.8382132461044));
#5093=CARTESIAN_POINT('Ctrl Pts',(-11.5042257952128,19.9161439252874,-27.8381934035281));
#5094=CARTESIAN_POINT('Ctrl Pts',(-13.6800193699526,23.694488674019,-9.67323448684011));
#5095=CARTESIAN_POINT('Ctrl Pts',(-13.4433863322382,23.7764117739798,-9.80721434555482));
#5096=CARTESIAN_POINT('Ctrl Pts',(-12.9706680057449,23.941059522832,-10.0750727776088));
#5097=CARTESIAN_POINT('Ctrl Pts',(-12.2579861712659,24.1907007836137,-10.4785694664782));
#5098=CARTESIAN_POINT('Ctrl Pts',(-11.5353681557869,24.4428735929356,-10.8870303692451));
#5099=CARTESIAN_POINT('Ctrl Pts',(-10.7951723206193,24.6970490506427,-11.3043532824987));
#5100=CARTESIAN_POINT('Ctrl Pts',(-10.028998120143,24.9525469116327,-11.7332880329766));
#5101=CARTESIAN_POINT('Ctrl Pts',(-9.22584286749598,25.2089221825541,-12.1758986075784));
#5102=CARTESIAN_POINT('Ctrl Pts',(-8.37465617598519,25.4643192604019,-12.6335521185625));
#5103=CARTESIAN_POINT('Ctrl Pts',(-7.46461353257616,25.715063834567,-13.1075000275245));
#5104=CARTESIAN_POINT('Ctrl Pts',(-6.48213050132295,25.9556821273746,-13.6008166939781));
#5105=CARTESIAN_POINT('Ctrl Pts',(-5.41355556833123,26.1785541067747,-14.1154094351737));
#5106=CARTESIAN_POINT('Ctrl Pts',(-4.24742774191993,26.3746963596922,-14.6494400313761));
#5107=CARTESIAN_POINT('Ctrl Pts',(-2.97417336993619,26.5338218259203,-15.1980117315185));
#5108=CARTESIAN_POINT('Ctrl Pts',(-1.59796285543732,26.6433585742439,-15.7511571204618));
#5109=CARTESIAN_POINT('Ctrl Pts',(-0.131291526038937,26.6906774753019,-16.2978744778016));
#5110=CARTESIAN_POINT('Ctrl Pts',(1.39468153194623,26.6655977959638,-16.8216038993222));
#5111=CARTESIAN_POINT('Ctrl Pts',(2.93949410111023,26.563503758051,-17.30711826289));
#5112=CARTESIAN_POINT('Ctrl Pts',(4.48295696538496,26.3844018924245,-17.7449808874152));
#5113=CARTESIAN_POINT('Ctrl Pts',(6.01586350589711,26.1253384391526,-18.1259569412442));
#5114=CARTESIAN_POINT('Ctrl Pts',(7.02982396995053,25.8948007921821,-18.3426803328957));
#5115=CARTESIAN_POINT('Ctrl Pts',(7.54797887323524,25.7648572711452,-18.4463019252444));
#5116=CARTESIAN_POINT('Ctrl Pts',(-12.9602787635751,24.3175696262001,-9.1648710144792));
#5117=CARTESIAN_POINT('Ctrl Pts',(-12.733087384241,24.3947768930721,-9.29870551369546));
#5118=CARTESIAN_POINT('Ctrl Pts',(-12.2779681125165,24.550313501024,-9.56611063584974));
#5119=CARTESIAN_POINT('Ctrl Pts',(-11.5886740753466,24.7868051267062,-9.96836142833405));
#5120=CARTESIAN_POINT('Ctrl Pts',(-10.8865919332717,25.0262231710527,-10.3750867713662));
#5121=CARTESIAN_POINT('Ctrl Pts',(-10.1637048367821,25.2681297856795,-10.7902375469063));
#5122=CARTESIAN_POINT('Ctrl Pts',(-9.41013239977995,25.5123715280226,-11.2164985735233));
#5123=CARTESIAN_POINT('Ctrl Pts',(-8.61475147303073,25.758211888227,-11.6555337753159));
#5124=CARTESIAN_POINT('Ctrl Pts',(-7.7694623986469,26.0024071474255,-12.1080046690002));
#5125=CARTESIAN_POINT('Ctrl Pts',(-6.86520417070667,26.2407505853056,-12.5748174760783));
#5126=CARTESIAN_POINT('Ctrl Pts',(-5.88920890545463,26.4676633100462,-13.0592017810358));
#5127=CARTESIAN_POINT('Ctrl Pts',(-4.82848018476558,26.6757597878937,-13.5630440665239));
#5128=CARTESIAN_POINT('Ctrl Pts',(-3.6708911041229,26.856648972777,-14.0847038143702));
#5129=CARTESIAN_POINT('Ctrl Pts',(-2.41164933581776,26.9996492802556,-14.6181538216461));
#5130=CARTESIAN_POINT('Ctrl Pts',(-1.06050035922113,27.0928749686384,-15.1527471311403));
#5131=CARTESIAN_POINT('Ctrl Pts',(0.369621908353646,27.1257203901263,-15.6784612411775));
#5132=CARTESIAN_POINT('Ctrl Pts',(1.85029528585093,27.0902997532168,-16.1800167285973));
#5133=CARTESIAN_POINT('Ctrl Pts',(3.34597496328338,26.9835388264435,-16.6429020366161));
#5134=CARTESIAN_POINT('Ctrl Pts',(4.83841262682186,26.8071531298112,-17.0557772306531));
#5135=CARTESIAN_POINT('Ctrl Pts',(6.32293814920926,26.5588415726705,-17.4110258055209));
#5136=CARTESIAN_POINT('Ctrl Pts',(7.30679665947766,26.3402844249898,-17.6115894305238));
#5137=CARTESIAN_POINT('Ctrl Pts',(7.80947485074985,26.2177815901754,-17.7066796094301));
#5138=CARTESIAN_POINT('Ctrl Pts',(-11.5231667522229,25.5768193469531,-8.15431605423798));
#5139=CARTESIAN_POINT('Ctrl Pts',(-11.3119700209797,25.6471572655961,-8.28791106967857));
#5140=CARTESIAN_POINT('Ctrl Pts',(-10.8872141535993,25.7889502477235,-8.55456075156592));
#5141=CARTESIAN_POINT('Ctrl Pts',(-10.2371285691758,26.0056812724533,-8.9548305380703));
#5142=CARTESIAN_POINT('Ctrl Pts',(-9.56498629960971,26.2272505246282,-9.3591006469514));
#5143=CARTESIAN_POINT('Ctrl Pts',(-8.86129589875534,26.4531880234235,-9.77134982164694));
#5144=CARTESIAN_POINT('Ctrl Pts',(-8.11919796762253,26.681361851985,-10.1933569537607));
#5145=CARTESIAN_POINT('Ctrl Pts',(-7.3335133615978,26.908550679354,-10.6255770473728));
#5146=CARTESIAN_POINT('Ctrl Pts',(-6.49783981264967,27.1314649097037,-11.068134617405));
#5147=CARTESIAN_POINT('Ctrl Pts',(-5.60438666096333,27.3461059237219,-11.5218621064413));
#5148=CARTESIAN_POINT('Ctrl Pts',(-4.63933812903739,27.5475302435165,-11.9909403344702));
#5149=CARTESIAN_POINT('Ctrl Pts',(-3.58791236830363,27.7289135973574,-12.4777038552114));
#5150=CARTESIAN_POINT('Ctrl Pts',(-2.44707981291865,27.8804435450764,-12.9779686185125));
#5151=CARTESIAN_POINT('Ctrl Pts',(-1.2246443992963,27.991859454219,-13.4831838469645));
#5152=CARTESIAN_POINT('Ctrl Pts',(0.0659585584363187,28.0547718605861,-13.9833565517876));
#5153=CARTESIAN_POINT('Ctrl Pts',(1.41393239265937,28.0626481735815,-14.4704669220822));
#5154=CARTESIAN_POINT('Ctrl Pts',(2.7983248896467,28.0111085873413,-14.9319056970362));
#5155=CARTESIAN_POINT('Ctrl Pts',(4.18644526215047,27.9000215738818,-15.3513014595039));
#5156=CARTESIAN_POINT('Ctrl Pts',(5.56863723521046,27.7344658276467,-15.7180067157247));
#5157=CARTESIAN_POINT('Ctrl Pts',(6.9492341594512,27.5125185989915,-16.0288145972387));
#5158=CARTESIAN_POINT('Ctrl Pts',(7.86596249665324,27.3207913517261,-16.2026241645911));
#5159=CARTESIAN_POINT('Ctrl Pts',(8.33476472589999,27.2147023392977,-16.2840490447091));
#5160=CARTESIAN_POINT('Ctrl Pts',(-9.20757886708923,27.7303355571598,-6.51013217230053));
#5161=CARTESIAN_POINT('Ctrl Pts',(-9.01053129664003,27.7935508639265,-6.64949237232287));
#5162=CARTESIAN_POINT('Ctrl Pts',(-8.61021088233941,27.9212323546622,-6.92729362071283));
#5163=CARTESIAN_POINT('Ctrl Pts',(-7.9871069648626,28.1161740928099,-7.3426473293691));
#5164=CARTESIAN_POINT('Ctrl Pts',(-7.33532953707836,28.3135431541742,-7.76075383513372));
#5165=CARTESIAN_POINT('Ctrl Pts',(-6.64790816317892,28.511573368683,-8.1858784829478));
#5166=CARTESIAN_POINT('Ctrl Pts',(-5.91937719915795,28.7079343582813,-8.61936127025082));
#5167=CARTESIAN_POINT('Ctrl Pts',(-5.14501266075715,28.8998367131316,-9.0609823800896));
#5168=CARTESIAN_POINT('Ctrl Pts',(-4.32034815229432,29.0838875430273,-9.51007593830847));
#5169=CARTESIAN_POINT('Ctrl Pts',(-3.43916492177902,29.2559806141756,-9.96743234853527));
#5170=CARTESIAN_POINT('Ctrl Pts',(-2.49208585017244,29.4101750829155,-10.4369524784922));
#5171=CARTESIAN_POINT('Ctrl Pts',(-1.47762883379501,29.5388097672674,-10.9170927220032));
#5172=CARTESIAN_POINT('Ctrl Pts',(-0.402426372562368,29.6346697242795,-11.4010785736317));
#5173=CARTESIAN_POINT('Ctrl Pts',(0.721186585418174,29.6922438883838,-11.879387290867));
#5174=CARTESIAN_POINT('Ctrl Pts',(1.88095096616843,29.7085344345999,-12.3431855714017));
#5175=CARTESIAN_POINT('Ctrl Pts',(3.07535523950061,29.6817103670291,-12.7876796916462));
#5176=CARTESIAN_POINT('Ctrl Pts',(4.286639716014,29.6115518829818,-13.1996525946926));
#5177=CARTESIAN_POINT('Ctrl Pts',(5.48842911053436,29.5019697427069,-13.564438570822));
#5178=CARTESIAN_POINT('Ctrl Pts',(6.68906437072276,29.3593651981696,-13.8786999631454));
#5179=CARTESIAN_POINT('Ctrl Pts',(7.89297961596723,29.179295582253,-14.1435997570838));
#5180=CARTESIAN_POINT('Ctrl Pts',(8.70191170407569,29.0303613856031,-14.2935524795201));
#5181=CARTESIAN_POINT('Ctrl Pts',(9.11318963042525,28.9494507673385,-14.3624018805966));
#5182=CARTESIAN_POINT('Ctrl Pts',(-6.56557457603154,30.3450863661569,-4.64896023913318));
#5183=CARTESIAN_POINT('Ctrl Pts',(-6.37883372399425,30.3973066714305,-4.80769928233138));
#5184=CARTESIAN_POINT('Ctrl Pts',(-5.99756675493385,30.5014738934419,-5.12395248630489));
#5185=CARTESIAN_POINT('Ctrl Pts',(-5.39955448943247,30.6564387545222,-5.5957955494238));
#5186=CARTESIAN_POINT('Ctrl Pts',(-4.76865248778019,30.8090742194666,-6.07067227712076));
#5187=CARTESIAN_POINT('Ctrl Pts',(-4.09830532876443,30.957171613083,-6.55294314509209));
#5188=CARTESIAN_POINT('Ctrl Pts',(-3.38626473746649,31.0977339951459,-7.04186303120015));
#5189=CARTESIAN_POINT('Ctrl Pts',(-2.6332197953731,31.2274684701828,-7.53427482740543));
#5190=CARTESIAN_POINT('Ctrl Pts',(-1.84119579725518,31.343154163634,-8.02658009399379));
#5191=CARTESIAN_POINT('Ctrl Pts',(-1.00896513341988,31.44153767665,-8.51861939228806));
#5192=CARTESIAN_POINT('Ctrl Pts',(-0.130316448174901,31.5185000446897,-9.01345353638654));
#5193=CARTESIAN_POINT('Ctrl Pts',(0.791506501913433,31.5698167694868,-9.50626317503292));
#5194=CARTESIAN_POINT('Ctrl Pts',(1.74629799886743,31.5926978546046,-9.98791692000852));
#5195=CARTESIAN_POINT('Ctrl Pts',(2.72129900599096,31.5866682615864,-10.4484491393101));
#5196=CARTESIAN_POINT('Ctrl Pts',(3.71308113768492,31.5531108211225,-10.8828678399485));
#5197=CARTESIAN_POINT('Ctrl Pts',(4.7261219789564,31.492921787219,-11.2886607330231));
#5198=CARTESIAN_POINT('Ctrl Pts',(5.74407857328954,31.4079682811753,-11.6549093272502));
#5199=CARTESIAN_POINT('Ctrl Pts',(6.75341827220712,31.3034901298826,-11.9742873102165));
#5200=CARTESIAN_POINT('Ctrl Pts',(7.77611012896965,31.1854559593025,-12.2504144958128));
#5201=CARTESIAN_POINT('Ctrl Pts',(8.82220383253618,31.0499221998377,-12.4888509007421));
#5202=CARTESIAN_POINT('Ctrl Pts',(9.5165014198066,30.9397702137787,-12.6240619888891));
#5203=CARTESIAN_POINT('Ctrl Pts',(9.86650505188955,30.8807923538859,-12.6857584540471));
#5204=CARTESIAN_POINT('Ctrl Pts',(-3.86120211735549,33.3807608066001,-2.73508004506061));
#5205=CARTESIAN_POINT('Ctrl Pts',(-3.68809003218182,33.4050889011122,-2.94323927787726));
#5206=CARTESIAN_POINT('Ctrl Pts',(-3.33290360119373,33.4515581961996,-3.35570315665138));
#5207=CARTESIAN_POINT('Ctrl Pts',(-2.77274254463362,33.5148270478293,-3.96199597054241));
#5208=CARTESIAN_POINT('Ctrl Pts',(-2.17895278519304,33.5710171887316,-4.56206327237165));
#5209=CARTESIAN_POINT('Ctrl Pts',(-1.54808712723145,33.6183103409493,-5.15787708622192));
#5210=CARTESIAN_POINT('Ctrl Pts',(-0.883087615257334,33.6548802624818,-5.74448751963573));
#5211=CARTESIAN_POINT('Ctrl Pts',(-0.189397539648729,33.679623572881,-6.31529566194406));
#5212=CARTESIAN_POINT('Ctrl Pts',(0.528003698431807,33.6922812822635,-6.86514038655876));
#5213=CARTESIAN_POINT('Ctrl Pts',(1.27308777430543,33.6925722162245,-7.39632956309886));
#5214=CARTESIAN_POINT('Ctrl Pts',(2.05062719276568,33.6791418451502,-7.91066617024394));
#5215=CARTESIAN_POINT('Ctrl Pts',(2.8538644484008,33.6512829678562,-8.40156157457164));
#5216=CARTESIAN_POINT('Ctrl Pts',(3.67283526951548,33.6099518500912,-8.86131093247614));
#5217=CARTESIAN_POINT('Ctrl Pts',(4.49927519079338,33.5576493371236,-9.28440794555379));
#5218=CARTESIAN_POINT('Ctrl Pts',(5.34135282729805,33.4967826248822,-9.67366397308099));
#5219=CARTESIAN_POINT('Ctrl Pts',(6.20402777742693,33.4279262929228,-10.0299993473777));
#5220=CARTESIAN_POINT('Ctrl Pts',(7.07555694980623,33.3532146688246,-10.3483143092214));
#5221=CARTESIAN_POINT('Ctrl Pts',(7.94762784652396,33.2743517024789,-10.6279533249761));
#5222=CARTESIAN_POINT('Ctrl Pts',(8.83355788696706,33.1895294508732,-10.8750831464562));
#5223=CARTESIAN_POINT('Ctrl Pts',(9.71627547791082,33.0877081645725,-11.091605886));
#5224=CARTESIAN_POINT('Ctrl Pts',(10.2920537208154,33.0043897435041,-11.2171045573528));
#5225=CARTESIAN_POINT('Ctrl Pts',(10.5809587857687,32.9604128307598,-11.2752650906263));
#5226=CARTESIAN_POINT('Ctrl Pts',(-2.72166681604115,35.1183162349586,-1.93037102166205));
#5227=CARTESIAN_POINT('Ctrl Pts',(-2.54416458785349,35.1259431558232,-2.17192391250345));
#5228=CARTESIAN_POINT('Ctrl Pts',(-2.1791654990031,35.1388152328146,-2.64728624237679));
#5229=CARTESIAN_POINT('Ctrl Pts',(-1.60311225523275,35.1519663540709,-3.33475210574637));
#5230=CARTESIAN_POINT('Ctrl Pts',(-0.992723780217808,35.1591708314022,-4.0030151155212));
#5231=CARTESIAN_POINT('Ctrl Pts',(-0.34706907900572,35.1596001729595,-4.65190291918628));
#5232=CARTESIAN_POINT('Ctrl Pts',(0.327936437599111,35.1528745353803,-5.2746098068524));
#5233=CARTESIAN_POINT('Ctrl Pts',(1.02464380736159,35.1395741460453,-5.86418022781864));
#5234=CARTESIAN_POINT('Ctrl Pts',(1.73811292597083,35.1209503200431,-6.41748439876086));
#5235=CARTESIAN_POINT('Ctrl Pts',(2.47467518803426,35.0973059469693,-6.94041088792049));
#5236=CARTESIAN_POINT('Ctrl Pts',(3.23522948850182,35.0678290214124,-7.43407382658974));
#5237=CARTESIAN_POINT('Ctrl Pts',(4.01111863053987,35.0323135485287,-7.89373311045083));
#5238=CARTESIAN_POINT('Ctrl Pts',(4.79219264501436,34.9914691986605,-8.31515440304069));
#5239=CARTESIAN_POINT('Ctrl Pts',(5.57292006289408,34.9463967785938,-8.69788281925387));
#5240=CARTESIAN_POINT('Ctrl Pts',(6.36349820607114,34.8966026747491,-9.04890548987144));
#5241=CARTESIAN_POINT('Ctrl Pts',(7.16070051194845,34.8401167360425,-9.36892168953354));
#5242=CARTESIAN_POINT('Ctrl Pts',(7.9489927054033,34.7759652168717,-9.65490072460415));
#5243=CARTESIAN_POINT('Ctrl Pts',(8.72560856835082,34.7050068246529,-9.90852014273359));
#5244=CARTESIAN_POINT('Ctrl Pts',(9.50556965275117,34.6258456623331,-10.1362542367267));
#5245=CARTESIAN_POINT('Ctrl Pts',(10.2757299352993,34.530227456489,-10.3401962198367));
#5246=CARTESIAN_POINT('Ctrl Pts',(10.7744591220041,34.4527814609373,-10.4614394692169));
#5247=CARTESIAN_POINT('Ctrl Pts',(11.0239031541335,34.4121332702013,-10.5184838813534));
#5248=CARTESIAN_POINT('Ctrl Pts',(-2.20746529342926,36.0088456345063,-1.56689043162706));
#5249=CARTESIAN_POINT('Ctrl Pts',(-2.02318972239213,36.008652618579,-1.82758814768657));
#5250=CARTESIAN_POINT('Ctrl Pts',(-1.64378923928271,36.0063752036736,-2.3383801389176));
#5251=CARTESIAN_POINT('Ctrl Pts',(-1.04503198637521,35.9983713156846,-3.07004151645156));
#5252=CARTESIAN_POINT('Ctrl Pts',(-0.411598868166839,35.9859756247473,-3.7741155924002));
#5253=CARTESIAN_POINT('Ctrl Pts',(0.255239005707938,35.9684119030038,-4.44951713641141));
#5254=CARTESIAN_POINT('Ctrl Pts',(0.947300113488662,35.9455980073875,-5.08897682442357));
#5255=CARTESIAN_POINT('Ctrl Pts',(1.65529608790336,35.9184962090012,-5.68601214705641));
#5256=CARTESIAN_POINT('Ctrl Pts',(2.37461662330528,35.8885099687099,-6.23958775864448));
#5257=CARTESIAN_POINT('Ctrl Pts',(3.11170446785285,35.8556801586137,-6.75714654494238));
#5258=CARTESIAN_POINT('Ctrl Pts',(3.86487698532961,35.8191489641249,-7.23955818328737));
#5259=CARTESIAN_POINT('Ctrl Pts',(4.62459452051422,35.7787069958923,-7.68324891976457));
#5260=CARTESIAN_POINT('Ctrl Pts',(5.38105673362596,35.7348697195401,-8.08577096638585));
#5261=CARTESIAN_POINT('Ctrl Pts',(6.13151637412738,35.6881619178098,-8.44927732886017));
#5262=CARTESIAN_POINT('Ctrl Pts',(6.88654444848685,35.6372666025762,-8.78178292744905));
#5263=CARTESIAN_POINT('Ctrl Pts',(7.64081973677674,35.5799091125971,-9.08394776614335));
#5264=CARTESIAN_POINT('Ctrl Pts',(8.38053963002008,35.5149481704082,-9.35403228727946));
#5265=CARTESIAN_POINT('Ctrl Pts',(9.10678642622686,35.4430665675253,-9.59502560277028));
#5266=CARTESIAN_POINT('Ctrl Pts',(9.8328916190556,35.3622482090542,-9.81325686738293));
#5267=CARTESIAN_POINT('Ctrl Pts',(10.5459011289985,35.2649024287595,-10.010641156339));
#5268=CARTESIAN_POINT('Ctrl Pts',(11.0059078531834,35.1869502032523,-10.1293835463275));
#5269=CARTESIAN_POINT('Ctrl Pts',(11.235671805652,35.146176261796,-10.1856485329163));
#5270=CARTESIAN_POINT('',(-2.20746529342926,36.0088456345063,-1.56689043162706));
#5271=CARTESIAN_POINT('Ctrl Pts',(-13.6800193699526,23.694488674019,-9.67323448684011));
#5272=CARTESIAN_POINT('Ctrl Pts',(-12.9602787635751,24.3175696262001,-9.1648710144792));
#5273=CARTESIAN_POINT('Ctrl Pts',(-11.5231667522229,25.5768193469531,-8.15431605423798));
#5274=CARTESIAN_POINT('Ctrl Pts',(-9.20757886708923,27.7303355571598,-6.51013217230053));
#5275=CARTESIAN_POINT('Ctrl Pts',(-6.56557457603154,30.3450863661569,-4.64896023913318));
#5276=CARTESIAN_POINT('Ctrl Pts',(-3.86120211735549,33.3807608066001,-2.73508004506061));
#5277=CARTESIAN_POINT('Ctrl Pts',(-2.72166681604115,35.1183162349586,-1.93037102166205));
#5278=CARTESIAN_POINT('Ctrl Pts',(-2.20746529342926,36.0088456345063,-1.56689043162706));
#5279=CARTESIAN_POINT('',(11.235671805652,35.1461762617959,-10.1856485329164));
#5280=CARTESIAN_POINT('Ctrl Pts',(-2.20746529342926,36.0088456345063,-1.56689043162706));
#5281=CARTESIAN_POINT('Ctrl Pts',(-2.12715669124451,36.0087615167948,-1.68050434719744));
#5282=CARTESIAN_POINT('Ctrl Pts',(-2.04580870783014,36.0084991558539,-1.79312760066644));
#5283=CARTESIAN_POINT('Ctrl Pts',(-1.96347852723852,36.0080715220044,-1.90469296401614));
#5284=CARTESIAN_POINT('Ctrl Pts',(-1.88659227043579,36.0076721646152,-2.00888128372047));
#5285=CARTESIAN_POINT('Ctrl Pts',(-1.80884981469447,36.0071288596356,-2.11214683851936));
#5286=CARTESIAN_POINT('Ctrl Pts',(-1.73027312041599,36.0064528138626,-2.21447248170858));
#5287=CARTESIAN_POINT('Ctrl Pts',(-1.65560608506998,36.0058104053966,-2.31170681419062));
#5288=CARTESIAN_POINT('Ctrl Pts',(-1.58018607505536,36.005048296724,-2.40809235499013));
#5289=CARTESIAN_POINT('Ctrl Pts',(-1.50400390895243,36.0041742530357,-2.50365124434454));
#5290=CARTESIAN_POINT('Ctrl Pts',(-1.42916697596893,36.0033156433076,-2.5975227442561));
#5291=CARTESIAN_POINT('Ctrl Pts',(-1.3535949779047,36.0023491878769,-2.6905963280801));
#5292=CARTESIAN_POINT('Ctrl Pts',(-1.27724600398345,36.0012780019243,-2.78293181930861));
#5293=CARTESIAN_POINT('Ctrl Pts',(-1.20274963935898,36.0002328083191,-2.87302678809539));
#5294=CARTESIAN_POINT('Ctrl Pts',(-1.12750783500613,35.9990877968434,-2.96242595884142));
#5295=CARTESIAN_POINT('Ctrl Pts',(-1.05147891504,35.9978406710418,-3.05118387475623));
#5296=CARTESIAN_POINT('Ctrl Pts',(-0.971933318475335,35.9965358601102,-3.144047240097));
#5297=CARTESIAN_POINT('Ctrl Pts',(-0.891526109410644,35.9951191070137,-3.23620833235127));
#5298=CARTESIAN_POINT('Ctrl Pts',(-0.810245946423299,35.9935845313221,-3.32768424179256));
#5299=CARTESIAN_POINT('Ctrl Pts',(-0.724103285807402,35.9919581513035,-3.42463259834));
#5300=CARTESIAN_POINT('Ctrl Pts',(-0.636980144279643,35.9901992421416,-3.520810922928));
#5301=CARTESIAN_POINT('Ctrl Pts',(-0.54890280958346,35.9883000367678,-3.6161954403261));
#5302=CARTESIAN_POINT('Ctrl Pts',(-0.453493667202929,35.9862427361405,-3.71952003606603));
#5303=CARTESIAN_POINT('Ctrl Pts',(-0.356964989448552,35.9840205718035,-3.82191256618451));
#5304=CARTESIAN_POINT('Ctrl Pts',(-0.259394556630751,35.9816262878988,-3.92330039931555));
#5305=CARTESIAN_POINT('Ctrl Pts',(-0.147184814120189,35.9788727695155,-4.03990029869882));
#5306=CARTESIAN_POINT('Ctrl Pts',(-0.033597545344252,35.9758911928344,-4.15517030700663));
#5307=CARTESIAN_POINT('Ctrl Pts',(0.0811945752751111,35.9726795043919,-4.26895904643971));
#5308=CARTESIAN_POINT('Ctrl Pts',(0.222922950164256,35.9687141853338,-4.40944859427209));
#5309=CARTESIAN_POINT('Ctrl Pts',(0.366485516349508,35.9643972051013,-4.54767597581256));
#5310=CARTESIAN_POINT('Ctrl Pts',(0.511497576993273,35.9597498390928,-4.68333956978257));
#5311=CARTESIAN_POINT('Ctrl Pts',(0.621653050748187,35.9562195616654,-4.78639367023957));
#5312=CARTESIAN_POINT('Ctrl Pts',(0.732642683153852,35.952499359249,-4.88796736797912));
#5313=CARTESIAN_POINT('Ctrl Pts',(0.84430351370913,35.9486082386333,-4.98795155342112));
#5314=CARTESIAN_POINT('Ctrl Pts',(0.947122732549046,35.9450252276514,-5.08001871602747));
#5315=CARTESIAN_POINT('Ctrl Pts',(1.05051007395546,35.9412975633752,-5.17073763051062));
#5316=CARTESIAN_POINT('Ctrl Pts',(1.1543625788384,35.9374438429154,-5.26005425582409));
#5317=CARTESIAN_POINT('Ctrl Pts',(1.25496969294375,35.9337105512201,-5.34657973659652));
#5318=CARTESIAN_POINT('Ctrl Pts',(1.35601243740613,35.9298592021289,-5.43178875446887));
#5319=CARTESIAN_POINT('Ctrl Pts',(1.45743458280695,35.9259067834472,-5.51566950545984));
#5320=CARTESIAN_POINT('Ctrl Pts',(1.54887600316229,35.9223433133918,-5.5912957405466));
#5321=CARTESIAN_POINT('Ctrl Pts',(1.64062572034969,35.9186978434582,-5.66584246923667));
#5322=CARTESIAN_POINT('Ctrl Pts',(1.73267928608427,35.9149801970076,-5.73933254335932));
#5323=CARTESIAN_POINT('Ctrl Pts',(1.82021298051763,35.9114450886625,-5.80921422193205));
#5324=CARTESIAN_POINT('Ctrl Pts',(1.90802117028753,35.907844851821,-5.87814048394577));
#5325=CARTESIAN_POINT('Ctrl Pts',(1.99613787220774,35.9041834097739,-5.94615980686723));
#5326=CARTESIAN_POINT('Ctrl Pts',(2.09005761874548,35.9002808385073,-6.01865863432264));
#5327=CARTESIAN_POINT('Ctrl Pts',(2.18433232826679,35.896308757775,-6.09013078637641));
#5328=CARTESIAN_POINT('Ctrl Pts',(2.27903696728522,35.8922642238501,-6.16065684365157));
#5329=CARTESIAN_POINT('Ctrl Pts',(2.37262115366442,35.8882675408938,-6.23034850561274));
#5330=CARTESIAN_POINT('Ctrl Pts',(2.46662572270797,35.8841998732866,-6.29911646463123));
#5331=CARTESIAN_POINT('Ctrl Pts',(2.56107723738117,35.880054837516,-6.36700106984859));
#5332=CARTESIAN_POINT('Ctrl Pts',(2.66140013481218,35.875652134183,-6.43910558092953));
#5333=CARTESIAN_POINT('Ctrl Pts',(2.7622271429117,35.8711619785069,-6.51021311988085));
#5334=CARTESIAN_POINT('Ctrl Pts',(2.8635385113542,35.8665756428592,-6.58033439672597));
#5335=CARTESIAN_POINT('Ctrl Pts',(2.97379496601327,35.8615843658074,-6.65664689254917));
#5336=CARTESIAN_POINT('Ctrl Pts',(3.08462484667731,35.8564789683778,-6.73179074610379));
#5337=CARTESIAN_POINT('Ctrl Pts',(3.19594586352648,35.8512500373204,-6.80574360801231));
#5338=CARTESIAN_POINT('Ctrl Pts',(3.32407730146587,35.8452314931654,-6.8908639815435));
#5339=CARTESIAN_POINT('Ctrl Pts',(3.4528588451664,35.8390489539033,-6.97440552756201));
#5340=CARTESIAN_POINT('Ctrl Pts',(3.58209775086313,35.8326951342355,-7.05629999346825));
#5341=CARTESIAN_POINT('Ctrl Pts',(3.7449364893965,35.8246894336766,-7.15948557407298));
#5342=CARTESIAN_POINT('Ctrl Pts',(3.90849763089594,35.8164111006917,-7.26005256454635));
#5343=CARTESIAN_POINT('Ctrl Pts',(4.07232417921412,35.8078663886349,-7.35785123296109));
#5344=CARTESIAN_POINT('Ctrl Pts',(4.19947682256203,35.8012344798519,-7.43375687421704));
#5345=CARTESIAN_POINT('Ctrl Pts',(4.32678622753545,35.7944427711878,-7.50799392809369));
#5346=CARTESIAN_POINT('Ctrl Pts',(4.45405332693709,35.7875019244873,-7.58051542273084));
#5347=CARTESIAN_POINT('Ctrl Pts',(4.56420666998304,35.7814944215959,-7.643284866794));
#5348=CARTESIAN_POINT('Ctrl Pts',(4.67432753808095,35.7753754549126,-7.7047690564521));
#5349=CARTESIAN_POINT('Ctrl Pts',(4.78431933733313,35.7691533685401,-7.76496165329663));
#5350=CARTESIAN_POINT('Ctrl Pts',(4.88569284376398,35.7634188072621,-7.82043792193479));
#5351=CARTESIAN_POINT('Ctrl Pts',(4.98695624486388,35.7575968162625,-7.87481705599341));
#5352=CARTESIAN_POINT('Ctrl Pts',(5.08807179084461,35.7516924878013,-7.92811666122217));
#5353=CARTESIAN_POINT('Ctrl Pts',(5.18353737180454,35.7461180715109,-7.97843808043369));
#5354=CARTESIAN_POINT('Ctrl Pts',(5.27887081894974,35.7404703909868,-8.02779725522033));
#5355=CARTESIAN_POINT('Ctrl Pts',(5.37408119911405,35.7347503739119,-8.07622999880184));
#5356=CARTESIAN_POINT('Ctrl Pts',(5.46481492107012,35.7292993039975,-8.12238550287723));
#5357=CARTESIAN_POINT('Ctrl Pts',(5.55543663941864,35.7237826458431,-8.16769969109721));
#5358=CARTESIAN_POINT('Ctrl Pts',(5.64599645269227,35.7181964093167,-8.21222277237445));
#5359=CARTESIAN_POINT('Ctrl Pts',(5.76580253799891,35.7108060989171,-8.27112457308265));
#5360=CARTESIAN_POINT('Ctrl Pts',(5.88550373419312,35.703294936851,-8.32864399876779));
#5361=CARTESIAN_POINT('Ctrl Pts',(6.00531387035911,35.6956355798328,-8.38493504345561));
#5362=CARTESIAN_POINT('Ctrl Pts',(6.09024249392242,35.6902061673494,-8.42483751829844));
#5363=CARTESIAN_POINT('Ctrl Pts',(6.17522556207751,35.6847016815368,-8.46412223603585));
#5364=CARTESIAN_POINT('Ctrl Pts',(6.26028557205152,35.6791084184571,-8.50281815161967));
#5365=CARTESIAN_POINT('Ctrl Pts',(6.35176500350497,35.673093035592,-8.54443442180656));
#5366=CARTESIAN_POINT('Ctrl Pts',(6.44333306862767,35.6669748126923,-8.58536934292362));
#5367=CARTESIAN_POINT('Ctrl Pts',(6.53496173483938,35.6607359151594,-8.62563494834619));
#5368=CARTESIAN_POINT('Ctrl Pts',(6.63839755115937,35.6536930814488,-8.67108912702951));
#5369=CARTESIAN_POINT('Ctrl Pts',(6.74190997728377,35.6464962186949,-8.71568991160666));
#5370=CARTESIAN_POINT('Ctrl Pts',(6.84539666543362,35.6391221226174,-8.75943130178784));
#5371=CARTESIAN_POINT('Ctrl Pts',(7.00213215418464,35.6279537049835,-8.82567970814102));
#5372=CARTESIAN_POINT('Ctrl Pts',(7.15880568139959,35.6163767605743,-8.8899545801972));
#5373=CARTESIAN_POINT('Ctrl Pts',(7.31493460584438,35.604335374383,-8.95220035609395));
#5374=CARTESIAN_POINT('Ctrl Pts',(7.41962008625543,35.5962615449966,-8.99393656209474));
#5375=CARTESIAN_POINT('Ctrl Pts',(7.52405723341417,35.5879796359194,-9.03475976082481));
#5376=CARTESIAN_POINT('Ctrl Pts',(7.62811624448071,35.5794819600563,-9.07466249498606));
#5377=CARTESIAN_POINT('Ctrl Pts',(7.71935965200282,35.5720308331062,-9.10965092507977));
#5378=CARTESIAN_POINT('Ctrl Pts',(7.81031152457374,35.5644139740786,-9.14393155432047));
#5379=CARTESIAN_POINT('Ctrl Pts',(7.90091865541707,35.5566304459054,-9.17751146016453));
#5380=CARTESIAN_POINT('Ctrl Pts',(7.9848129346645,35.5494235795141,-9.20860351629481));
#5381=CARTESIAN_POINT('Ctrl Pts',(8.06841117687641,35.5420739253028,-9.23909481046268));
#5382=CARTESIAN_POINT('Ctrl Pts',(8.15171108392276,35.5345829409003,-9.2690028099043));
#5383=CARTESIAN_POINT('Ctrl Pts',(8.23055149919757,35.5274929891579,-9.2973096733766));
#5384=CARTESIAN_POINT('Ctrl Pts',(8.30912431820955,35.5202765139941,-9.32509403502679));
#5385=CARTESIAN_POINT('Ctrl Pts',(8.38747062407865,35.5129355644103,-9.35238181588309));
#5386=CARTESIAN_POINT('Ctrl Pts',(8.46814885347969,35.5053761165464,-9.38048179863719));
#5387=CARTESIAN_POINT('Ctrl Pts',(8.5485859489026,35.4976847859836,-9.40805510171203));
#5388=CARTESIAN_POINT('Ctrl Pts',(8.62888466049018,35.4898633597923,-9.43514311876199));
#5389=CARTESIAN_POINT('Ctrl Pts',(8.70226994986076,35.4827153294817,-9.45989895768374));
#5390=CARTESIAN_POINT('Ctrl Pts',(8.77554772947905,35.4754596394503,-9.48425106210435));
#5391=CARTESIAN_POINT('Ctrl Pts',(8.84877896611321,35.4680870820741,-9.5082281373546));
#5392=CARTESIAN_POINT('Ctrl Pts',(8.92662655123109,35.4602497736486,-9.53371667875049));
#5393=CARTESIAN_POINT('Ctrl Pts',(9.00442120427024,35.4522801629368,-9.55878129960545));
#5394=CARTESIAN_POINT('Ctrl Pts',(9.08217820392504,35.444152377947,-9.58344637720264));
#5395=CARTESIAN_POINT('Ctrl Pts',(9.16697006912062,35.4352892524117,-9.61034296457026));
#5396=CARTESIAN_POINT('Ctrl Pts',(9.25171662152164,35.42623767582,-9.63676430991277));
#5397=CARTESIAN_POINT('Ctrl Pts',(9.33637730214677,35.4169517265404,-9.66273237167323));
#5398=CARTESIAN_POINT('Ctrl Pts',(9.43832795539803,35.4057693383513,-9.6940038053612));
#5399=CARTESIAN_POINT('Ctrl Pts',(9.54015310458107,35.3942461951544,-9.72461778614183));
#5400=CARTESIAN_POINT('Ctrl Pts',(9.64170772019309,35.3822946572931,-9.75460118879818));
#5401=CARTESIAN_POINT('Ctrl Pts',(9.75855008754808,35.3685439678848,-9.78909821019511));
#5402=CARTESIAN_POINT('Ctrl Pts',(9.87502838600196,35.3542236378218,-9.82276012527486));
#5403=CARTESIAN_POINT('Ctrl Pts',(9.99088766001754,35.3392199264619,-9.85561866731433));
#5404=CARTESIAN_POINT('Ctrl Pts',(10.0787637232858,35.327840025285,-9.88054096502159));
#5405=CARTESIAN_POINT('Ctrl Pts',(10.1662819240812,35.3160671679115,-9.90500092729525));
#5406=CARTESIAN_POINT('Ctrl Pts',(10.2533592264294,35.3038725424249,-9.92901116720177));
#5407=CARTESIAN_POINT('Ctrl Pts',(10.3315583502983,35.2929212496857,-9.95057338461019));
#5408=CARTESIAN_POINT('Ctrl Pts',(10.409401200367,35.281629787784,-9.97177292445567));
#5409=CARTESIAN_POINT('Ctrl Pts',(10.4868673486379,35.2699958726692,-9.99261838384884));
#5410=CARTESIAN_POINT('Ctrl Pts',(10.5572891779757,35.2594198778247,-10.0115682789529));
#5411=CARTESIAN_POINT('Ctrl Pts',(10.6273994849299,35.2485609347349,-10.0302255984835));
#5412=CARTESIAN_POINT('Ctrl Pts',(10.6972232046836,35.2374332314047,-10.0485959415906));
#5413=CARTESIAN_POINT('Ctrl Pts',(10.7643721119758,35.226731808995,-10.0662625521718));
#5414=CARTESIAN_POINT('Ctrl Pts',(10.8312555875663,35.2157817797459,-10.0836638054705));
#5415=CARTESIAN_POINT('Ctrl Pts',(10.8979395108766,35.2046113053342,-10.1008031937642));
#5416=CARTESIAN_POINT('Ctrl Pts',(10.9614140077589,35.1939784539959,-10.1171176814969));
#5417=CARTESIAN_POINT('Ctrl Pts',(11.0247075356363,35.1831458805013,-10.1331949550971));
#5418=CARTESIAN_POINT('Ctrl Pts',(11.0879209554072,35.1721523800227,-10.1490359121137));
#5419=CARTESIAN_POINT('Ctrl Pts',(11.1371961830091,35.1635828825933,-10.1613840300491));
#5420=CARTESIAN_POINT('Ctrl Pts',(11.1864235159002,35.1549158698223,-10.1735885281478));
#5421=CARTESIAN_POINT('Ctrl Pts',(11.235671805652,35.1461762617959,-10.1856485329163));
#5422=CARTESIAN_POINT('Ctrl Pts',(7.54798379261565,25.7650487765112,-18.4464206159734));
#5423=CARTESIAN_POINT('Ctrl Pts',(7.73487798682272,26.0881398971711,-17.9173553460724));
#5424=CARTESIAN_POINT('Ctrl Pts',(8.6714914966076,27.8176724345606,-15.3459486455867));
#5425=CARTESIAN_POINT('Ctrl Pts',(9.96711891315018,31.0011675618995,-12.3621243814912));
#5426=CARTESIAN_POINT('Ctrl Pts',(10.9331451606255,34.0975434166607,-10.6611276021121));
#5427=CARTESIAN_POINT('Ctrl Pts',(11.2356718056519,35.146176261796,-10.1856485329163));
#5428=CARTESIAN_POINT('Ctrl Pts',(-13.6800193699526,23.694488674019,-9.67323448684011));
#5429=CARTESIAN_POINT('Ctrl Pts',(-12.9602787635751,24.3175696262001,-9.1648710144792));
#5430=CARTESIAN_POINT('Ctrl Pts',(-11.5231667522229,25.5768193469531,-8.15431605423798));
#5431=CARTESIAN_POINT('Ctrl Pts',(-9.20757886708923,27.7303355571598,-6.51013217230053));
#5432=CARTESIAN_POINT('Ctrl Pts',(-6.56557457603154,30.3450863661569,-4.64896023913318));
#5433=CARTESIAN_POINT('Ctrl Pts',(-3.86120211735549,33.3807608066001,-2.73508004506061));
#5434=CARTESIAN_POINT('Ctrl Pts',(-2.72166681604115,35.1183162349586,-1.93037102166205));
#5435=CARTESIAN_POINT('Ctrl Pts',(-2.20746529342926,36.0088456345063,-1.56689043162706));
#5436=CARTESIAN_POINT('Ctrl Pts',(-13.727246984936,23.7765342456849,-9.40547476697779));
#5437=CARTESIAN_POINT('Ctrl Pts',(-13.0107533925245,24.3945000309924,-8.90670464928128));
#5438=CARTESIAN_POINT('Ctrl Pts',(-11.5788576185806,25.6474702008184,-7.91028546345336));
#5439=CARTESIAN_POINT('Ctrl Pts',(-9.27296373204739,27.7936904162409,-6.27796029972133));
#5440=CARTESIAN_POINT('Ctrl Pts',(-6.65310935492806,30.3974966944088,-4.42005096623152));
#5441=CARTESIAN_POINT('Ctrl Pts',(-3.99955502898589,33.4054579107306,-2.50237626108917));
#5442=CARTESIAN_POINT('Ctrl Pts',(-2.89014796488474,35.1263126368929,-1.6824412783639));
#5443=CARTESIAN_POINT('Ctrl Pts',(-2.39174086446638,36.0090386504335,-1.30619271556755));
#5444=CARTESIAN_POINT('Ctrl Pts',(-13.8223528314993,23.9411015858283,-8.87050551171164));
#5445=CARTESIAN_POINT('Ctrl Pts',(-13.1118770136879,24.549206937614,-8.38970151578378));
#5446=CARTESIAN_POINT('Ctrl Pts',(-11.6891648305562,25.7904763421076,-7.41820653861028));
#5447=CARTESIAN_POINT('Ctrl Pts',(-9.4017070566108,27.9213642422222,-5.80765259169025));
#5448=CARTESIAN_POINT('Ctrl Pts',(-6.82570987660663,30.5021824171955,-3.95309756805073));
#5449=CARTESIAN_POINT('Ctrl Pts',(-4.27169040334062,33.4526296673971,-2.02702796289756));
#5450=CARTESIAN_POINT('Ctrl Pts',(-3.21892771645478,35.139920520825,-1.17626630100178));
#5451=CARTESIAN_POINT('Ctrl Pts',(-2.74938244785966,36.0075251868535,-0.774262222756497));
#5452=CARTESIAN_POINT('Ctrl Pts',(-13.9671186498411,24.1896423559978,-8.06408373988714));
#5453=CARTESIAN_POINT('Ctrl Pts',(-13.2639684459563,24.7842877383922,-7.60619666750592));
#5454=CARTESIAN_POINT('Ctrl Pts',(-11.8511067157201,26.0096612772443,-6.66331564628751));
#5455=CARTESIAN_POINT('Ctrl Pts',(-9.58842136236622,28.1153102443882,-5.08021479825873));
#5456=CARTESIAN_POINT('Ctrl Pts',(-7.0761846533448,30.657582717759,-3.22343923207505));
#5457=CARTESIAN_POINT('Ctrl Pts',(-4.66283607690274,33.5157601674606,-1.28675570852471));
#5458=CARTESIAN_POINT('Ctrl Pts',(-3.68221057622991,35.1528216152236,-0.392351264095673));
#5459=CARTESIAN_POINT('Ctrl Pts',(-3.24709068870805,35.9991473617972,0.0464066388961648));
#5460=CARTESIAN_POINT('Ctrl Pts',(-14.113392731039,24.4406338354939,-7.24663930929228));
#5461=CARTESIAN_POINT('Ctrl Pts',(-13.4151855522265,25.0237159610955,-6.80635633962224));
#5462=CARTESIAN_POINT('Ctrl Pts',(-12.0092573336096,26.2321037703167,-5.8885464248137));
#5463=CARTESIAN_POINT('Ctrl Pts',(-9.7676592911653,28.311320436753,-4.32617362202214));
#5464=CARTESIAN_POINT('Ctrl Pts',(-7.31661701469092,30.8098283819863,-2.46411573894798));
#5465=CARTESIAN_POINT('Ctrl Pts',(-5.03316783886704,33.5706580267449,-0.523194084240344));
#5466=CARTESIAN_POINT('Ctrl Pts',(-4.11055628919527,35.1586646855013,0.40872901263745));
#5467=CARTESIAN_POINT('Ctrl Pts',(-3.70087269797434,35.9853207414866,0.880036962961317));
#5468=CARTESIAN_POINT('Ctrl Pts',(-14.2601532016056,24.694788160931,-6.40966834810501));
#5469=CARTESIAN_POINT('Ctrl Pts',(-13.5647332436285,25.2670250243041,-5.98350837110274));
#5470=CARTESIAN_POINT('Ctrl Pts',(-12.1631040735463,26.4567199326389,-5.0893223948113));
#5471=CARTESIAN_POINT('Ctrl Pts',(-9.93836819079028,28.508676633287,-3.53987672829549));
#5472=CARTESIAN_POINT('Ctrl Pts',(-7.54589742258385,30.9572186902483,-1.67435842331612));
#5473=CARTESIAN_POINT('Ctrl Pts',(-5.38043035256691,33.6170528408352,0.261259379211699));
#5474=CARTESIAN_POINT('Ctrl Pts',(-4.50182074223461,35.1585199130028,1.22280790963098));
#5475=CARTESIAN_POINT('Ctrl Pts',(-4.10953206778932,35.9673865425422,1.72167490339899));
#5476=CARTESIAN_POINT('Ctrl Pts',(-14.4069147620426,24.9515854054068,-5.54433413697309));
#5477=CARTESIAN_POINT('Ctrl Pts',(-13.7124652703565,25.5127887073289,-5.13043157403649));
#5478=CARTESIAN_POINT('Ctrl Pts',(-12.3124947110717,26.6824915657468,-4.25803291427735));
#5479=CARTESIAN_POINT('Ctrl Pts',(-10.1007600002343,28.7057805133166,-2.71351318874884));
#5480=CARTESIAN_POINT('Ctrl Pts',(-7.7653182783731,31.0976889815787,-0.848735291971421));
#5481=CARTESIAN_POINT('Ctrl Pts',(-5.70668296820671,33.6543041793859,1.07257133245478));
#5482=CARTESIAN_POINT('Ctrl Pts',(-4.85936668300862,35.1528317872849,2.05674713162601));
#5483=CARTESIAN_POINT('Ctrl Pts',(-4.47768125633776,35.9457939046787,2.57824441511877));
#5484=CARTESIAN_POINT('Ctrl Pts',(-14.5541528451256,25.2093121084688,-4.6395752476561));
#5485=CARTESIAN_POINT('Ctrl Pts',(-13.8591239355776,25.7588856985582,-4.23671489467691));
#5486=CARTESIAN_POINT('Ctrl Pts',(-12.4580662719749,26.9080420574447,-3.38194887302676));
#5487=CARTESIAN_POINT('Ctrl Pts',(-10.2564946446204,28.8995464286991,-1.83642483404957));
#5488=CARTESIAN_POINT('Ctrl Pts',(-7.97714444855666,31.228028772859,0.0214032819785243));
#5489=CARTESIAN_POINT('Ctrl Pts',(-6.01315513599698,33.6805258403575,1.91644733051821));
#5490=CARTESIAN_POINT('Ctrl Pts',(-5.18388088253435,35.1408356913145,2.91296347984197));
#5491=CARTESIAN_POINT('Ctrl Pts',(-4.80623359559918,35.9198606985256,3.44968439885361));
#5492=CARTESIAN_POINT('Ctrl Pts',(-14.7014577198785,25.4649667392504,-3.68451757145784));
#5493=CARTESIAN_POINT('Ctrl Pts',(-14.0042637215129,26.0022788896678,-3.29166352961727));
#5494=CARTESIAN_POINT('Ctrl Pts',(-12.5984701485783,27.1311742822614,-2.4470164026343));
#5495=CARTESIAN_POINT('Ctrl Pts',(-10.4051953973018,29.0851931766738,-0.902814864459673));
#5496=CARTESIAN_POINT('Ctrl Pts',(-8.17988732881556,31.3441475466309,0.937547801043679));
#5497=CARTESIAN_POINT('Ctrl Pts',(-6.29646000027567,33.69370114279,2.78812914733911));
#5498=CARTESIAN_POINT('Ctrl Pts',(-5.4723402428147,35.1220332740239,3.78389429265814));
#5499=CARTESIAN_POINT('Ctrl Pts',(-5.09302840933474,35.8893602038281,4.32663239234815));
#5500=CARTESIAN_POINT('Ctrl Pts',(-14.8468614809974,25.7146091886984,-2.66853850606045));
#5501=CARTESIAN_POINT('Ctrl Pts',(-14.1455694524929,26.239393089219,-2.28393631968623));
#5502=CARTESIAN_POINT('Ctrl Pts',(-12.7309357909031,27.3472420773594,-1.44341913510493));
#5503=CARTESIAN_POINT('Ctrl Pts',(-10.5448308939066,29.2572185902997,0.0892049932735051));
#5504=CARTESIAN_POINT('Ctrl Pts',(-8.37019528904009,31.4418799059791,1.89574639622878));
#5505=CARTESIAN_POINT('Ctrl Pts',(-6.55218899095317,33.6927760966441,3.67832132073242));
#5506=CARTESIAN_POINT('Ctrl Pts',(-5.72191759899284,35.0968668453297,4.65930129921474));
#5507=CARTESIAN_POINT('Ctrl Pts',(-5.33662390845911,35.8549861493804,5.19820200420327));
#5508=CARTESIAN_POINT('Ctrl Pts',(-14.9864385038899,25.9540912830334,-1.5778057365762));
#5509=CARTESIAN_POINT('Ctrl Pts',(-14.2786250850521,26.466226301466,-1.19891737294094));
#5510=CARTESIAN_POINT('Ctrl Pts',(-12.8523593037637,27.5492049421071,-0.367319302893032));
#5511=CARTESIAN_POINT('Ctrl Pts',(-10.6724612684993,29.4099778577336,1.1392030935198));
#5512=CARTESIAN_POINT('Ctrl Pts',(-8.54422093698306,31.5176392963848,2.88903738490016));
#5513=CARTESIAN_POINT('Ctrl Pts',(-6.77663385956199,33.6780272574128,4.57746592628209));
#5514=CARTESIAN_POINT('Ctrl Pts',(-5.93156923956673,35.0665977554771,5.53090300507559));
#5515=CARTESIAN_POINT('Ctrl Pts',(-5.53776428630864,35.8180124707903,6.05716347781114));
#5516=CARTESIAN_POINT('Ctrl Pts',(-15.1149657814762,26.1772194720794,-0.398812718934043));
#5517=CARTESIAN_POINT('Ctrl Pts',(-14.3988687487009,26.675187054067,-0.0282553047772809));
#5518=CARTESIAN_POINT('Ctrl Pts',(-12.959240406149,27.7296573601299,0.784138700049209));
#5519=CARTESIAN_POINT('Ctrl Pts',(-10.7852485554934,29.5376771244493,2.24481206082604));
#5520=CARTESIAN_POINT('Ctrl Pts',(-8.69888389825443,31.5688321898238,3.91119125049498));
#5521=CARTESIAN_POINT('Ctrl Pts',(-6.96848403267158,33.6506740497968,5.48334787296882));
#5522=CARTESIAN_POINT('Ctrl Pts',(-6.1035545336387,35.032253265501,6.40227913972502));
#5523=CARTESIAN_POINT('Ctrl Pts',(-5.70046452139239,35.7789738123869,6.90975768062477));
#5524=CARTESIAN_POINT('Ctrl Pts',(-15.2274401600089,26.3746926460939,0.878633333664989));
#5525=CARTESIAN_POINT('Ctrl Pts',(-14.5021856686805,26.8568970389498,1.23511412723253));
#5526=CARTESIAN_POINT('Ctrl Pts',(-13.0488955737991,27.8804855707453,2.01511669239369));
#5527=CARTESIAN_POINT('Ctrl Pts',(-10.8815967308627,29.6345277744911,3.40966823702375));
#5528=CARTESIAN_POINT('Ctrl Pts',(-8.83299885857273,31.5931814404085,4.96521509470234));
#5529=CARTESIAN_POINT('Ctrl Pts',(-7.12810525621087,33.6111690197934,6.40526120269593));
#5530=CARTESIAN_POINT('Ctrl Pts',(-6.24042740500681,34.9930813418061,7.28091479440325));
#5531=CARTESIAN_POINT('Ctrl Pts',(-5.82807387843314,35.7365954797104,7.76157608243632));
#5532=CARTESIAN_POINT('Ctrl Pts',(-15.3188567432336,26.5346054193216,2.26192629672576));
#5533=CARTESIAN_POINT('Ctrl Pts',(-14.5844468607139,27.0001710311074,2.59668345183061));
#5534=CARTESIAN_POINT('Ctrl Pts',(-13.1183207318473,27.9925259417607,3.33021021364298));
#5535=CARTESIAN_POINT('Ctrl Pts',(-10.9585351715394,29.6937050348524,4.63323128208805));
#5536=CARTESIAN_POINT('Ctrl Pts',(-8.94287148258961,31.5882880054365,6.04641694992198));
#5537=CARTESIAN_POINT('Ctrl Pts',(-7.25290058731365,33.5594605307237,7.33855237344637));
#5538=CARTESIAN_POINT('Ctrl Pts',(-6.34247982188027,34.9478717453104,8.1593122811222));
#5539=CARTESIAN_POINT('Ctrl Pts',(-5.92205210765635,35.6893966691516,8.60471532463048));
#5540=CARTESIAN_POINT('Ctrl Pts',(-15.3823315367651,26.6437373574613,3.74381180419266));
#5541=CARTESIAN_POINT('Ctrl Pts',(-14.6393317397796,27.0932229233499,4.04912917088894));
#5542=CARTESIAN_POINT('Ctrl Pts',(-13.1615216513222,28.0559612686683,4.72310873259374));
#5543=CARTESIAN_POINT('Ctrl Pts',(-11.0104334707236,29.7095879634411,5.89549048433497));
#5544=CARTESIAN_POINT('Ctrl Pts',(-9.02281588670362,31.5536827610919,7.13869323152534));
#5545=CARTESIAN_POINT('Ctrl Pts',(-7.34019464292002,33.4969660102371,8.27148892741289));
#5546=CARTESIAN_POINT('Ctrl Pts',(-6.41056111650999,34.8963081578888,9.02597748958507));
#5547=CARTESIAN_POINT('Ctrl Pts',(-5.984396718044,35.6367693919383,9.42894673488998));
#5548=CARTESIAN_POINT('Ctrl Pts',(-15.410031099966,26.6903981193847,5.30884190720204));
#5549=CARTESIAN_POINT('Ctrl Pts',(-14.6593323848115,27.1255642904108,5.5765253769665));
#5550=CARTESIAN_POINT('Ctrl Pts',(-13.1721448380712,28.0625344750157,6.1639394339912));
#5551=CARTESIAN_POINT('Ctrl Pts',(-11.0311869410111,29.6808710898212,7.17042892789144));
#5552=CARTESIAN_POINT('Ctrl Pts',(-9.06768247787916,31.4918661935668,8.2234400448373));
#5553=CARTESIAN_POINT('Ctrl Pts',(-7.38881130221019,33.4267348217795,9.19366677646667));
#5554=CARTESIAN_POINT('Ctrl Pts',(-6.44668567795877,34.8390110444396,9.87189125991438));
#5555=CARTESIAN_POINT('Ctrl Pts',(-6.0179523709092,35.578948877854,10.2279093932285));
#5556=CARTESIAN_POINT('Ctrl Pts',(-15.3957518917117,26.6649710870831,6.92211957228789));
#5557=CARTESIAN_POINT('Ctrl Pts',(-14.6387899103554,27.0894947874079,7.13893509704248));
#5558=CARTESIAN_POINT('Ctrl Pts',(-13.1450775780516,28.0100858499221,7.61526939665582));
#5559=CARTESIAN_POINT('Ctrl Pts',(-11.01538167725,29.6109016484207,8.4351788831816));
#5560=CARTESIAN_POINT('Ctrl Pts',(-9.07376900884008,31.4078699287303,9.29149726346176));
#5561=CARTESIAN_POINT('Ctrl Pts',(-7.39810716164963,33.3538996652788,10.1104300734744));
#5562=CARTESIAN_POINT('Ctrl Pts',(-6.45279103416471,34.7773762514778,10.703647868669));
#5563=CARTESIAN_POINT('Ctrl Pts',(-6.02503135876118,35.51675899938,11.0110618702073));
#5564=CARTESIAN_POINT('Ctrl Pts',(-15.3359309618502,26.5643959142433,8.5404209467978));
#5565=CARTESIAN_POINT('Ctrl Pts',(-14.573753000897,26.9847174649346,8.70040019259997));
#5566=CARTESIAN_POINT('Ctrl Pts',(-13.0754590595715,27.9019992862371,9.05956135322144));
#5567=CARTESIAN_POINT('Ctrl Pts',(-10.9572114936051,29.5049177026764,9.69183830744884));
#5568=CARTESIAN_POINT('Ctrl Pts',(-9.03647217117382,31.3072444352461,10.3563191505787));
#5569=CARTESIAN_POINT('Ctrl Pts',(-7.36875161040917,33.2786430018102,11.0358402920585));
#5570=CARTESIAN_POINT('Ctrl Pts',(-6.43092012058211,34.7093802761271,11.5308937178631));
#5571=CARTESIAN_POINT('Ctrl Pts',(-6.00823202857177,35.4474308980385,11.786364756149));
#5572=CARTESIAN_POINT('Ctrl Pts',(-15.2316575907466,26.386798973491,10.1415658930405));
#5573=CARTESIAN_POINT('Ctrl Pts',(-14.4637071214325,26.8097873889761,10.2474742458036));
#5574=CARTESIAN_POINT('Ctrl Pts',(-12.9596249958644,27.7374527711015,10.4914579636067));
#5575=CARTESIAN_POINT('Ctrl Pts',(-10.8525233375821,29.3626815246343,10.9363764255384));
#5576=CARTESIAN_POINT('Ctrl Pts',(-8.95523727809205,31.1888989824268,11.4195033477655));
#5577=CARTESIAN_POINT('Ctrl Pts',(-7.30627361851506,33.1927847994627,11.9581153507494));
#5578=CARTESIAN_POINT('Ctrl Pts',(-6.38591907393885,34.6287865208305,12.3450561575938));
#5579=CARTESIAN_POINT('Ctrl Pts',(-5.97241123036532,35.3650191217713,12.5457945655162));
#5580=CARTESIAN_POINT('Ctrl Pts',(-15.0831926529083,26.1258208978953,11.7137960530954));
#5581=CARTESIAN_POINT('Ctrl Pts',(-14.3069086422567,26.5592933951932,11.7653094018272));
#5582=CARTESIAN_POINT('Ctrl Pts',(-12.79511523718,27.5129382040315,11.8954102658188));
#5583=CARTESIAN_POINT('Ctrl Pts',(-10.7032360185927,29.1796890635304,12.1570297423863));
#5584=CARTESIAN_POINT('Ctrl Pts',(-8.83345093582528,31.0502839180172,12.4815373074941));
#5585=CARTESIAN_POINT('Ctrl Pts',(-7.21818085996809,33.0880091753049,12.8585885943463));
#5586=CARTESIAN_POINT('Ctrl Pts',(-6.3233275755012,34.530474168134,13.1354395830226));
#5587=CARTESIAN_POINT('Ctrl Pts',(-5.92259481892859,35.2651221020133,13.2802383910428));
#5588=CARTESIAN_POINT('Ctrl Pts',(-14.9503702212902,25.8948008149781,12.7420082746215));
#5589=CARTESIAN_POINT('Ctrl Pts',(-14.1687668788216,26.3402844477518,12.759443662965));
#5590=CARTESIAN_POINT('Ctrl Pts',(-12.6539930750587,27.320791374285,12.816975180336));
#5591=CARTESIAN_POINT('Ctrl Pts',(-10.5754532940375,29.0303614076019,12.9687584194293));
#5592=CARTESIAN_POINT('Ctrl Pts',(-8.72991265927987,30.9397702351591,13.1802641328447));
#5593=CARTESIAN_POINT('Ctrl Pts',(-7.14490303721002,33.0043897644292,13.4424760367149));
#5594=CARTESIAN_POINT('Ctrl Pts',(-6.27165335827849,34.4527814818331,13.6454038421826));
#5595=CARTESIAN_POINT('Ctrl Pts',(-5.88143845418675,35.1869502242408,13.7529304878882));
#5596=CARTESIAN_POINT('Ctrl Pts',(-14.8753472960111,25.7648572969236,13.2650699320056));
#5597=CARTESIAN_POINT('Ctrl Pts',(-14.0908593637683,26.2177816157801,13.2650699320056));
#5598=CARTESIAN_POINT('Ctrl Pts',(-12.5744937799905,27.2147023644173,13.2861077867741));
#5599=CARTESIAN_POINT('Ctrl Pts',(-10.5032724910736,28.9494507914981,13.3794647669968));
#5600=CARTESIAN_POINT('Ctrl Pts',(-8.6714127682096,30.8807923770805,13.530816210081));
#5601=CARTESIAN_POINT('Ctrl Pts',(-7.10343562643882,32.9604128532248,13.7342451886798));
#5602=CARTESIAN_POINT('Ctrl Pts',(-6.24228733590836,34.4121332924844,13.8995967353344));
#5603=CARTESIAN_POINT('Ctrl Pts',(-5.85789760886679,35.1461762840935,13.9883090155373));
#5604=CARTESIAN_POINT('',(-14.8753472960111,25.7648572969236,13.2650699320056));
#5605=CARTESIAN_POINT('Ctrl Pts',(-13.6800193699526,23.694488674019,-9.67323448684011));
#5606=CARTESIAN_POINT('Ctrl Pts',(-13.727246984936,23.7765342456849,-9.40547476697779));
#5607=CARTESIAN_POINT('Ctrl Pts',(-13.8223528314993,23.9411015858283,-8.87050551171164));
#5608=CARTESIAN_POINT('Ctrl Pts',(-13.9671186498411,24.1896423559978,-8.06408373988714));
#5609=CARTESIAN_POINT('Ctrl Pts',(-14.113392731039,24.4406338354939,-7.24663930929228));
#5610=CARTESIAN_POINT('Ctrl Pts',(-14.2601532016056,24.694788160931,-6.40966834810501));
#5611=CARTESIAN_POINT('Ctrl Pts',(-14.4069147620426,24.9515854054068,-5.54433413697309));
#5612=CARTESIAN_POINT('Ctrl Pts',(-14.5541528451256,25.2093121084688,-4.6395752476561));
#5613=CARTESIAN_POINT('Ctrl Pts',(-14.7014577198785,25.4649667392504,-3.68451757145784));
#5614=CARTESIAN_POINT('Ctrl Pts',(-14.8468614809974,25.7146091886984,-2.66853850606045));
#5615=CARTESIAN_POINT('Ctrl Pts',(-14.9864385038899,25.9540912830334,-1.5778057365762));
#5616=CARTESIAN_POINT('Ctrl Pts',(-15.1149657814762,26.1772194720794,-0.398812718934043));
#5617=CARTESIAN_POINT('Ctrl Pts',(-15.2274401600089,26.3746926460939,0.878633333664989));
#5618=CARTESIAN_POINT('Ctrl Pts',(-15.3188567432336,26.5346054193216,2.26192629672576));
#5619=CARTESIAN_POINT('Ctrl Pts',(-15.3823315367651,26.6437373574613,3.74381180419266));
#5620=CARTESIAN_POINT('Ctrl Pts',(-15.410031099966,26.6903981193847,5.30884190720204));
#5621=CARTESIAN_POINT('Ctrl Pts',(-15.3957518917117,26.6649710870831,6.92211957228789));
#5622=CARTESIAN_POINT('Ctrl Pts',(-15.3359309618502,26.5643959142433,8.5404209467978));
#5623=CARTESIAN_POINT('Ctrl Pts',(-15.2316575907466,26.386798973491,10.1415658930405));
#5624=CARTESIAN_POINT('Ctrl Pts',(-15.0831926529083,26.1258208978953,11.7137960530954));
#5625=CARTESIAN_POINT('Ctrl Pts',(-14.9503702212902,25.8948008149781,12.7420082746215));
#5626=CARTESIAN_POINT('Ctrl Pts',(-14.8753472960111,25.7648572969236,13.2650699320056));
#5627=CARTESIAN_POINT('',(-5.85789760886679,35.1461762840935,13.9883090155373));
#5628=CARTESIAN_POINT('Ctrl Pts',(-5.85789760886679,35.1461762840935,13.9883090155373));
#5629=CARTESIAN_POINT('Ctrl Pts',(-6.40702579035475,34.0975434389376,13.861577186676));
#5630=CARTESIAN_POINT('Ctrl Pts',(-8.33272742180629,31.0011734575793,13.517796635138));
#5631=CARTESIAN_POINT('Ctrl Pts',(-11.5777873960144,27.8176740292083,13.2908755103524));
#5632=CARTESIAN_POINT('Ctrl Pts',(-14.3143411541603,26.0881445823084,13.2649643047657));
#5633=CARTESIAN_POINT('Ctrl Pts',(-14.8754576566076,25.7650489730376,13.265114172966));
#5634=CARTESIAN_POINT('Ctrl Pts',(-5.85789760886678,35.1461762840936,13.9883090155373));
#5635=CARTESIAN_POINT('Ctrl Pts',(-5.86538441303815,35.1591438093047,13.9134504911851));
#5636=CARTESIAN_POINT('Ctrl Pts',(-5.8725562997973,35.1719513777643,13.8385287262021));
#5637=CARTESIAN_POINT('Ctrl Pts',(-5.87946649818672,35.1845447207611,13.7633890290836));
#5638=CARTESIAN_POINT('Ctrl Pts',(-5.88660377470566,35.1975518974296,13.6857801435404));
#5639=CARTESIAN_POINT('Ctrl Pts',(-5.89346174429928,35.2103305236232,13.6079389091513));
#5640=CARTESIAN_POINT('Ctrl Pts',(-5.90007673242169,35.2228367830614,13.5297457768315));
#5641=CARTESIAN_POINT('Ctrl Pts',(-5.90695035351559,35.2358320125447,13.4484954474636));
#5642=CARTESIAN_POINT('Ctrl Pts',(-5.91356147241385,35.2485331474898,13.3668653431849));
#5643=CARTESIAN_POINT('Ctrl Pts',(-5.91992932984086,35.2609082553187,13.2847730134643));
#5644=CARTESIAN_POINT('Ctrl Pts',(-5.92660445914897,35.2738805063318,13.1987194354171));
#5645=CARTESIAN_POINT('Ctrl Pts',(-5.93301211630238,35.2864944933487,13.1121581800792));
#5646=CARTESIAN_POINT('Ctrl Pts',(-5.93915372239991,35.2987322728574,13.0250469019007));
#5647=CARTESIAN_POINT('Ctrl Pts',(-5.94568191560049,35.3117403667842,12.9324523517345));
#5648=CARTESIAN_POINT('Ctrl Pts',(-5.95190931192341,35.3243233844755,12.8392366813077));
#5649=CARTESIAN_POINT('Ctrl Pts',(-5.95781757238031,35.3364809093086,12.7454029357477));
#5650=CARTESIAN_POINT('Ctrl Pts',(-5.96425873278953,35.3497349911488,12.6431057856205));
#5651=CARTESIAN_POINT('Ctrl Pts',(-5.97032033624655,35.3624833337306,12.5400745535853));
#5652=CARTESIAN_POINT('Ctrl Pts',(-5.97595905347664,35.3747503597957,12.4363690599275));
#5653=CARTESIAN_POINT('Ctrl Pts',(-5.98253583635335,35.3890581471313,12.3154109612894));
#5654=CARTESIAN_POINT('Ctrl Pts',(-5.98853692250587,35.4027110136911,12.1935366937344));
#5655=CARTESIAN_POINT('Ctrl Pts',(-5.99387312737698,35.4157824792876,12.0709025096517));
#5656=CARTESIAN_POINT('Ctrl Pts',(-5.99987461508907,35.4304836090328,11.9329791040419));
#5657=CARTESIAN_POINT('Ctrl Pts',(-6.0050339333949,35.4444501346077,11.7940988586718));
#5658=CARTESIAN_POINT('Ctrl Pts',(-6.00921355324171,35.4578225978474,11.6545116127988));
#5659=CARTESIAN_POINT('Ctrl Pts',(-6.01279813118152,35.4692912573157,11.5347970500936));
#5660=CARTESIAN_POINT('Ctrl Pts',(-6.01566152686249,35.4803243211128,11.4145650650455));
#5661=CARTESIAN_POINT('Ctrl Pts',(-6.01772189922628,35.491017718773,11.29394317949));
#5662=CARTESIAN_POINT('Ctrl Pts',(-6.01950048354427,35.5002486275731,11.1898182175048));
#5663=CARTESIAN_POINT('Ctrl Pts',(-6.02068062983979,35.509226912214,11.0854032554157));
#5664=CARTESIAN_POINT('Ctrl Pts',(-6.02121674659729,35.5180096099368,10.9807391492865));
#5665=CARTESIAN_POINT('Ctrl Pts',(-6.02171047213172,35.5260978520338,10.8843509259921));
#5666=CARTESIAN_POINT('Ctrl Pts',(-6.02165800189267,35.5340204827306,10.7877517507983));
#5667=CARTESIAN_POINT('Ctrl Pts',(-6.02103033519836,35.541812969357,10.6909299793418));
#5668=CARTESIAN_POINT('Ctrl Pts',(-6.02043792720557,35.5491677189447,10.5995470976201));
#5669=CARTESIAN_POINT('Ctrl Pts',(-6.01933316601881,35.556406729804,10.5079661804655));
#5670=CARTESIAN_POINT('Ctrl Pts',(-6.01769746275342,35.5635481987294,10.416132725537));
#5671=CARTESIAN_POINT('Ctrl Pts',(-6.0156174696518,35.5726294339477,10.2993554611089));
#5672=CARTESIAN_POINT('Ctrl Pts',(-6.01267906252636,35.5815541196877,10.1821700908982));
#5673=CARTESIAN_POINT('Ctrl Pts',(-6.00885524395757,35.5903250529462,10.064358675591));
#5674=CARTESIAN_POINT('Ctrl Pts',(-6.00571274586253,35.5975331985632,9.96753866660908));
#5675=CARTESIAN_POINT('Ctrl Pts',(-6.00197246606766,35.6046363670587,9.87029239725551));
#5676=CARTESIAN_POINT('Ctrl Pts',(-5.99761524226584,35.6116308042806,9.77254279902278));
#5677=CARTESIAN_POINT('Ctrl Pts',(-5.99305770499122,35.6189467948755,9.67029938491633));
#5678=CARTESIAN_POINT('Ctrl Pts',(-5.98782504089169,35.6261437252246,9.5675055544999));
#5679=CARTESIAN_POINT('Ctrl Pts',(-5.98189188205166,35.6332164901233,9.46412969110434));
#5680=CARTESIAN_POINT('Ctrl Pts',(-5.97536841238978,35.6409929492551,9.35046859980143));
#5681=CARTESIAN_POINT('Ctrl Pts',(-5.96799793492107,35.6486191590307,9.23610392143959));
#5682=CARTESIAN_POINT('Ctrl Pts',(-5.95974544395372,35.6560894027243,9.12105903816414));
#5683=CARTESIAN_POINT('Ctrl Pts',(-5.95065537006217,35.6643178355008,8.99433772529561));
#5684=CARTESIAN_POINT('Ctrl Pts',(-5.94049488980017,35.6723568133194,8.86679167522472));
#5685=CARTESIAN_POINT('Ctrl Pts',(-5.92921959178696,35.6802030330092,8.73852368642081));
#5686=CARTESIAN_POINT('Ctrl Pts',(-5.91644911573723,35.6890897125907,8.59324652593702));
#5687=CARTESIAN_POINT('Ctrl Pts',(-5.90224819954351,35.6977287649969,8.44704483547654));
#5688=CARTESIAN_POINT('Ctrl Pts',(-5.88656072313048,35.7061257219742,8.3001394129579));
#5689=CARTESIAN_POINT('Ctrl Pts',(-5.86637117666129,35.7169324794557,8.11107434114987));
#5690=CARTESIAN_POINT('Ctrl Pts',(-5.84371877238593,35.7273371496006,7.9208506478883));
#5691=CARTESIAN_POINT('Ctrl Pts',(-5.81850777113746,35.7373816074722,7.72998743075711));
#5692=CARTESIAN_POINT('Ctrl Pts',(-5.80081878949592,35.7444291748869,7.59607065725788));
#5693=CARTESIAN_POINT('Ctrl Pts',(-5.78187101109582,35.7513002492086,7.46184066102843));
#5694=CARTESIAN_POINT('Ctrl Pts',(-5.76163560062831,35.7580177562126,7.32744633126691));
#5695=CARTESIAN_POINT('Ctrl Pts',(-5.74358939068821,35.764008518884,7.20759166889037));
#5696=CARTESIAN_POINT('Ctrl Pts',(-5.72451936943998,35.7698773718202,7.08760689913636));
#5697=CARTESIAN_POINT('Ctrl Pts',(-5.70440337585518,35.775643122672,6.96755767704981));
#5698=CARTESIAN_POINT('Ctrl Pts',(-5.68567569980179,35.7810109467221,6.85579372503709));
#5699=CARTESIAN_POINT('Ctrl Pts',(-5.666041662991,35.786289568621,6.74397427507094));
#5700=CARTESIAN_POINT('Ctrl Pts',(-5.64547844664789,35.7914939328782,6.63210915920894));
#5701=CARTESIAN_POINT('Ctrl Pts',(-5.62596559252715,35.7964324599474,6.5259580761004));
#5702=CARTESIAN_POINT('Ctrl Pts',(-5.60561624784427,35.8013042568235,6.41976612831736));
#5703=CARTESIAN_POINT('Ctrl Pts',(-5.58440345857214,35.8061198216004,6.31349705988594));
#5704=CARTESIAN_POINT('Ctrl Pts',(-5.5630511578586,35.8109670571951,6.20652908520865));
#5705=CARTESIAN_POINT('Ctrl Pts',(-5.54082428204297,35.8157575043557,6.09948345510771));
#5706=CARTESIAN_POINT('Ctrl Pts',(-5.51768399269185,35.8204971148984,5.99226992021345));
#5707=CARTESIAN_POINT('Ctrl Pts',(-5.49454245653046,35.8252369808137,5.88505060860078));
#5708=CARTESIAN_POINT('Ctrl Pts',(-5.47048580398199,35.829926021871,5.77765532986417));
#5709=CARTESIAN_POINT('Ctrl Pts',(-5.44547589204653,35.8345631902614,5.67001117808415));
#5710=CARTESIAN_POINT('Ctrl Pts',(-5.41940374010784,35.8393973119949,5.55779508201143));
#5711=CARTESIAN_POINT('Ctrl Pts',(-5.39229550054304,35.844174919246,5.44530878337714));
#5712=CARTESIAN_POINT('Ctrl Pts',(-5.36411826638927,35.848888721221,5.33252615073667));
#5713=CARTESIAN_POINT('Ctrl Pts',(-5.33444177443461,35.8538533357613,5.21374256566525));
#5714=CARTESIAN_POINT('Ctrl Pts',(-5.30357936404056,35.8587470068027,5.0946306181234));
#5715=CARTESIAN_POINT('Ctrl Pts',(-5.27150601013583,35.8635570302644,4.97521653298488));
#5716=CARTESIAN_POINT('Ctrl Pts',(-5.23715145363612,35.8687091644399,4.8473091757768));
#5717=CARTESIAN_POINT('Ctrl Pts',(-5.20140742479802,35.8737651157655,4.71905567268769));
#5718=CARTESIAN_POINT('Ctrl Pts',(-5.16426061109071,35.8787076524984,4.59054528972209));
#5719=CARTESIAN_POINT('Ctrl Pts',(-5.12272749032605,35.8842338054715,4.44686036166125));
#5720=CARTESIAN_POINT('Ctrl Pts',(-5.07944053837866,35.8896178453765,4.30285510743655));
#5721=CARTESIAN_POINT('Ctrl Pts',(-5.03440556022003,35.8948382711704,4.15871352421471));
#5722=CARTESIAN_POINT('Ctrl Pts',(-4.9803748792119,35.901101473071,3.98577976868737));
#5723=CARTESIAN_POINT('Ctrl Pts',(-4.92382793925862,35.9071284151919,3.81265231821538));
#5724=CARTESIAN_POINT('Ctrl Pts',(-4.86481285131288,35.9128950568605,3.6397046728399));
#5725=CARTESIAN_POINT('Ctrl Pts',(-4.80924525360818,35.9183248280512,3.47686012720378));
#5726=CARTESIAN_POINT('Ctrl Pts',(-4.75149103540904,35.9235238811709,3.31417906763481));
#5727=CARTESIAN_POINT('Ctrl Pts',(-4.69160749810842,35.928487266967,3.15196330482514));
#5728=CARTESIAN_POINT('Ctrl Pts',(-4.64125712233947,35.9326605064111,3.01557148528198));
#5729=CARTESIAN_POINT('Ctrl Pts',(-4.58940226414871,35.9366674930124,2.8795095204099));
#5730=CARTESIAN_POINT('Ctrl Pts',(-4.53607425051986,35.9405128749002,2.74392169692444));
#5731=CARTESIAN_POINT('Ctrl Pts',(-4.4873829028615,35.9440239156015,2.62012271394489));
#5732=CARTESIAN_POINT('Ctrl Pts',(-4.43746389109966,35.9474004323195,2.49671944027643));
#5733=CARTESIAN_POINT('Ctrl Pts',(-4.38633042869751,35.9506494184021,2.37378138723344));
#5734=CARTESIAN_POINT('Ctrl Pts',(-4.33828133103802,35.953702426007,2.25825894382306));
#5735=CARTESIAN_POINT('Ctrl Pts',(-4.28916021420732,35.9566429859935,2.14314755448591));
#5736=CARTESIAN_POINT('Ctrl Pts',(-4.23896275142785,35.9594776218202,2.02846281151329));
#5737=CARTESIAN_POINT('Ctrl Pts',(-4.19109361071584,35.9621807779907,1.91909752102054));
#5738=CARTESIAN_POINT('Ctrl Pts',(-4.14224593727859,35.9647877527609,1.81012039225122));
#5739=CARTESIAN_POINT('Ctrl Pts',(-4.09239725665543,35.9673027247421,1.70150231613992));
#5740=CARTESIAN_POINT('Ctrl Pts',(-4.0279278302065,35.9705553444532,1.5610262798368));
#5741=CARTESIAN_POINT('Ctrl Pts',(-3.9617850281622,35.9736549707615,1.42115127738801));
#5742=CARTESIAN_POINT('Ctrl Pts',(-3.89386634710008,35.976600157311,1.28171022537374));
#5743=CARTESIAN_POINT('Ctrl Pts',(-3.84137800329898,35.9788762316067,1.17394856446313));
#5744=CARTESIAN_POINT('Ctrl Pts',(-3.787827251714,35.9810595922382,1.06644316119812));
#5745=CARTESIAN_POINT('Ctrl Pts',(-3.73318325516407,35.9831427656157,0.959158048931492));
#5746=CARTESIAN_POINT('Ctrl Pts',(-3.67451589327436,35.9853793202993,0.843973675457397));
#5747=CARTESIAN_POINT('Ctrl Pts',(-3.61458818877048,35.9875002179172,0.729043373948842));
#5748=CARTESIAN_POINT('Ctrl Pts',(-3.55338899448635,35.9894920185962,0.614377859343394));
#5749=CARTESIAN_POINT('Ctrl Pts',(-3.48845426722658,35.9916053966455,0.492713285093642));
#5750=CARTESIAN_POINT('Ctrl Pts',(-3.42208804690781,35.9935732010057,0.371347330880906));
#5751=CARTESIAN_POINT('Ctrl Pts',(-3.35430825419102,35.995378146643,0.250347407896994));
#5752=CARTESIAN_POINT('Ctrl Pts',(-3.28075749818178,35.9973367704578,0.119045209176597));
#5753=CARTESIAN_POINT('Ctrl Pts',(-3.20554223399031,35.9991033110897,-0.0118251748637305));
#5754=CARTESIAN_POINT('Ctrl Pts',(-3.12872164301468,36.0006587586335,-0.142125397034008));
#5755=CARTESIAN_POINT('Ctrl Pts',(-3.03869371669908,36.0024816255898,-0.294827408974722));
#5756=CARTESIAN_POINT('Ctrl Pts',(-2.94646109715154,36.0040139468183,-0.446744771802812));
#5757=CARTESIAN_POINT('Ctrl Pts',(-2.85216774776341,36.0052373445402,-0.597604026213714));
#5758=CARTESIAN_POINT('Ctrl Pts',(-2.74931982587367,36.0065717325343,-0.762149679906986));
#5759=CARTESIAN_POINT('Ctrl Pts',(-2.64402248903932,36.0075381292384,-0.925432045484555));
#5760=CARTESIAN_POINT('Ctrl Pts',(-2.53649811615103,36.0081357847172,-1.08709099871717));
#5761=CARTESIAN_POINT('Ctrl Pts',(-2.44763625355652,36.0086297078865,-1.2206915518146));
#5762=CARTESIAN_POINT('Ctrl Pts',(-2.35725505730814,36.0088723629533,-1.35318197571261));
#5763=CARTESIAN_POINT('Ctrl Pts',(-2.26547541476844,36.0088752722113,-1.48439177469557));
#5764=CARTESIAN_POINT('Ctrl Pts',(-2.24620012080491,36.0088758832052,-1.51194807559529));
#5765=CARTESIAN_POINT('Ctrl Pts',(-2.22686308207124,36.0088659523495,-1.53944805732259));
#5766=CARTESIAN_POINT('Ctrl Pts',(-2.20746529342926,36.0088456345063,-1.56689043162706));
#5767=CARTESIAN_POINT('Ctrl Pts',(-13.6800193699526,23.694488674019,-9.67323448684011));
#5768=CARTESIAN_POINT('Ctrl Pts',(-13.727246984936,23.7765342456849,-9.40547476697779));
#5769=CARTESIAN_POINT('Ctrl Pts',(-13.8223528314993,23.9411015858283,-8.87050551171164));
#5770=CARTESIAN_POINT('Ctrl Pts',(-13.9671186498411,24.1896423559978,-8.06408373988714));
#5771=CARTESIAN_POINT('Ctrl Pts',(-14.113392731039,24.4406338354939,-7.24663930929228));
#5772=CARTESIAN_POINT('Ctrl Pts',(-14.2601532016056,24.694788160931,-6.40966834810501));
#5773=CARTESIAN_POINT('Ctrl Pts',(-14.4069147620426,24.9515854054068,-5.54433413697309));
#5774=CARTESIAN_POINT('Ctrl Pts',(-14.5541528451256,25.2093121084688,-4.6395752476561));
#5775=CARTESIAN_POINT('Ctrl Pts',(-14.7014577198785,25.4649667392504,-3.68451757145784));
#5776=CARTESIAN_POINT('Ctrl Pts',(-14.8468614809974,25.7146091886984,-2.66853850606045));
#5777=CARTESIAN_POINT('Ctrl Pts',(-14.9864385038899,25.9540912830334,-1.5778057365762));
#5778=CARTESIAN_POINT('Ctrl Pts',(-15.1149657814762,26.1772194720794,-0.398812718934043));
#5779=CARTESIAN_POINT('Ctrl Pts',(-15.2274401600089,26.3746926460939,0.878633333664989));
#5780=CARTESIAN_POINT('Ctrl Pts',(-15.3188567432336,26.5346054193216,2.26192629672576));
#5781=CARTESIAN_POINT('Ctrl Pts',(-15.3823315367651,26.6437373574613,3.74381180419266));
#5782=CARTESIAN_POINT('Ctrl Pts',(-15.410031099966,26.6903981193847,5.30884190720204));
#5783=CARTESIAN_POINT('Ctrl Pts',(-15.3957518917117,26.6649710870831,6.92211957228789));
#5784=CARTESIAN_POINT('Ctrl Pts',(-15.3359309618502,26.5643959142433,8.5404209467978));
#5785=CARTESIAN_POINT('Ctrl Pts',(-15.2316575907466,26.386798973491,10.1415658930405));
#5786=CARTESIAN_POINT('Ctrl Pts',(-15.0831926529083,26.1258208978953,11.7137960530954));
#5787=CARTESIAN_POINT('Ctrl Pts',(-14.9503702212902,25.8948008149781,12.7420082746215));
#5788=CARTESIAN_POINT('Ctrl Pts',(-14.8753472960111,25.7648572969236,13.2650699320056));
#5789=CARTESIAN_POINT('Ctrl Pts',(-14.5792249132672,23.3831808941682,-9.1641110237242));
#5790=CARTESIAN_POINT('Ctrl Pts',(-14.6208634103227,23.4654754357949,-8.90530143796741));
#5791=CARTESIAN_POINT('Ctrl Pts',(-14.7053592938468,23.6301974890929,-8.38707583401192));
#5792=CARTESIAN_POINT('Ctrl Pts',(-14.8354265490117,23.8778976472561,-7.6031195877415));
#5793=CARTESIAN_POINT('Ctrl Pts',(-14.9680501847704,24.1270228618381,-6.80561508420364));
#5794=CARTESIAN_POINT('Ctrl Pts',(-15.1023246911843,24.3782658253535,-5.98568700431471));
#5795=CARTESIAN_POINT('Ctrl Pts',(-15.2384982782622,24.6308897400872,-5.13312509131377));
#5796=CARTESIAN_POINT('Ctrl Pts',(-15.3770025867971,24.8826739629532,-4.23688769773844));
#5797=CARTESIAN_POINT('Ctrl Pts',(-15.5160665749595,25.1301985908106,-3.28911788724924));
#5798=CARTESIAN_POINT('Ctrl Pts',(-15.6531300869717,25.3694845030053,-2.28097078817043));
#5799=CARTESIAN_POINT('Ctrl Pts',(-15.7839672008987,25.5966934276545,-1.19933219685617));
#5800=CARTESIAN_POINT('Ctrl Pts',(-15.9034586299808,25.8059211622422,-0.0313201443120936));
#5801=CARTESIAN_POINT('Ctrl Pts',(-16.0071320134021,25.988131970711,1.23395188531918));
#5802=CARTESIAN_POINT('Ctrl Pts',(-16.0893767997003,26.1316804445611,2.59899307476943));
#5803=CARTESIAN_POINT('Ctrl Pts',(-16.1432944118264,26.2247437863049,4.05106631122321));
#5804=CARTESIAN_POINT('Ctrl Pts',(-16.1622690891645,26.2575695342931,5.57463654573887));
#5805=CARTESIAN_POINT('Ctrl Pts',(-16.1419372946681,26.2219439732295,7.13781395093194));
#5806=CARTESIAN_POINT('Ctrl Pts',(-16.0805533439882,26.1147422535964,8.70224937204321));
#5807=CARTESIAN_POINT('Ctrl Pts',(-15.9819072315365,25.9328309523685,10.2469581537148));
#5808=CARTESIAN_POINT('Ctrl Pts',(-15.8468182555939,25.6701888229855,11.7649984255636));
#5809=CARTESIAN_POINT('Ctrl Pts',(-15.7269720354069,25.4406542810007,12.7594436634369));
#5810=CARTESIAN_POINT('Ctrl Pts',(-15.659835228254,25.3119329780672,13.2650699320056));
#5811=CARTESIAN_POINT('Ctrl Pts',(-16.3856660124772,22.7728325767573,-8.14604047408364));
#5812=CARTESIAN_POINT('Ctrl Pts',(-16.4188025984494,22.8561141638929,-7.90239061504257));
#5813=CARTESIAN_POINT('Ctrl Pts',(-16.4866917032956,23.0221127499612,-7.41304371657187));
#5814=CARTESIAN_POINT('Ctrl Pts',(-16.5940448887262,23.2696336287644,-6.66671388957824));
#5815=CARTESIAN_POINT('Ctrl Pts',(-16.7073784462979,23.5164726540185,-5.89825538054536));
#5816=CARTESIAN_POINT('Ctrl Pts',(-16.825991670761,23.7629035215289,-5.09739331982429));
#5817=CARTESIAN_POINT('Ctrl Pts',(-16.9483429236468,24.0073325940593,-4.25706763951441));
#5818=CARTESIAN_POINT('Ctrl Pts',(-17.0722911502153,24.2470256251868,-3.37224372713183));
#5819=CARTESIAN_POINT('Ctrl Pts',(-17.1959958246853,24.4785913073625,-2.43684396166128));
#5820=CARTESIAN_POINT('Ctrl Pts',(-17.3169000673801,24.6984610474447,-1.4432457585739));
#5821=CARTESIAN_POINT('Ctrl Pts',(-17.4310544731576,24.9035884602339,-0.37702987229816));
#5822=CARTESIAN_POINT('Ctrl Pts',(-17.5339121714332,25.0882004134697,0.77651834337597));
#5823=CARTESIAN_POINT('Ctrl Pts',(-17.6194526475319,25.2430998643165,2.01886050807759));
#5824=CARTESIAN_POINT('Ctrl Pts',(-17.6815201520082,25.3584276184336,3.33978874088577));
#5825=CARTESIAN_POINT('Ctrl Pts',(-17.7153207168259,25.425708143548,4.72330510824575));
#5826=CARTESIAN_POINT('Ctrl Pts',(-17.717178083198,25.4382437260065,6.15655714338688));
#5827=CARTESIAN_POINT('Ctrl Pts',(-17.6857512547095,25.3895974279282,7.61558782592383));
#5828=CARTESIAN_POINT('Ctrl Pts',(-17.6231954200222,25.2757732964739,9.06411884613268));
#5829=CARTESIAN_POINT('Ctrl Pts',(-17.5373187548791,25.093404563382,10.4894970138271));
#5830=CARTESIAN_POINT('Ctrl Pts',(-17.4286900675638,24.8376605258037,11.8947388981702));
#5831=CARTESIAN_POINT('Ctrl Pts',(-17.3335028441246,24.6190751490362,12.8169751816583));
#5832=CARTESIAN_POINT('Ctrl Pts',(-17.2813767140225,24.4971822354098,13.286107786774));
#5833=CARTESIAN_POINT('Ctrl Pts',(-19.4116727947846,21.8386675146738,-6.51094456775573));
#5834=CARTESIAN_POINT('Ctrl Pts',(-19.4335650902597,21.9271795604156,-6.27871293736927));
#5835=CARTESIAN_POINT('Ctrl Pts',(-19.4799038104404,22.1022815247368,-5.80868681638026));
#5836=CARTESIAN_POINT('Ctrl Pts',(-19.5567793463868,22.3590126679195,-5.08276757498155));
#5837=CARTESIAN_POINT('Ctrl Pts',(-19.6392382436856,22.6109277923256,-4.32889709056185));
#5838=CARTESIAN_POINT('Ctrl Pts',(-19.7249019904182,22.8586142614217,-3.53908179088303));
#5839=CARTESIAN_POINT('Ctrl Pts',(-19.8120316796311,23.1004231942158,-2.70772195116512));
#5840=CARTESIAN_POINT('Ctrl Pts',(-19.8991025648904,23.3334167092457,-1.83043702857888));
#5841=CARTESIAN_POINT('Ctrl Pts',(-19.9842346124484,23.554065339955,-0.903238023312963));
#5842=CARTESIAN_POINT('Ctrl Pts',(-20.0645355786298,23.7591661318692,0.080001626728321));
#5843=CARTESIAN_POINT('Ctrl Pts',(-20.1345845086069,23.9462267673851,1.1294230432111));
#5844=CARTESIAN_POINT('Ctrl Pts',(-20.1887213041174,24.1097284604764,2.24590903332199));
#5845=CARTESIAN_POINT('Ctrl Pts',(-20.2227857569313,24.2424470170401,3.42094824804779));
#5846=CARTESIAN_POINT('Ctrl Pts',(-20.2344383833487,24.337412410326,4.63973693916128));
#5847=CARTESIAN_POINT('Ctrl Pts',(-20.2232038705747,24.3894522563758,5.88777270393621));
#5848=CARTESIAN_POINT('Ctrl Pts',(-20.1895043910876,24.3941733400009,7.16203255095148));
#5849=CARTESIAN_POINT('Ctrl Pts',(-20.1364202221101,24.345800858912,8.44136680229528));
#5850=CARTESIAN_POINT('Ctrl Pts',(-20.0698557820995,24.2419295801746,9.69602002870776));
#5851=CARTESIAN_POINT('Ctrl Pts',(-19.9983182623373,24.0806271205272,10.9327435967338));
#5852=CARTESIAN_POINT('Ctrl Pts',(-19.9181509845538,23.8593416997508,12.1561056994579));
#5853=CARTESIAN_POINT('Ctrl Pts',(-19.8533038128867,23.6737919123649,12.9687584217578));
#5854=CARTESIAN_POINT('Ctrl Pts',(-19.8193235655081,23.5708261958891,13.3794647669969));
#5855=CARTESIAN_POINT('Ctrl Pts',(-22.9938123413667,20.8637214518328,-4.64042967352616));
#5856=CARTESIAN_POINT('Ctrl Pts',(-22.9953296255005,20.9655340494817,-4.41145569588493));
#5857=CARTESIAN_POINT('Ctrl Pts',(-23.0000023915914,21.1657750258452,-3.94657601644354));
#5858=CARTESIAN_POINT('Ctrl Pts',(-23.0114456571646,21.4558844315216,-3.22548362638166));
#5859=CARTESIAN_POINT('Ctrl Pts',(-23.0249231464523,21.7378116662944,-2.47237127561151));
#5860=CARTESIAN_POINT('Ctrl Pts',(-23.0375591125548,22.012120319716,-1.67960496061245));
#5861=CARTESIAN_POINT('Ctrl Pts',(-23.0474840953397,22.2760545112219,-0.845313360848638));
#5862=CARTESIAN_POINT('Ctrl Pts',(-23.0532197916755,22.5255889458362,0.0288014821345328));
#5863=CARTESIAN_POINT('Ctrl Pts',(-23.0533356140547,22.7567597245688,0.939630621717117));
#5864=CARTESIAN_POINT('Ctrl Pts',(-23.0452937986152,22.967455585896,1.88827831092887));
#5865=CARTESIAN_POINT('Ctrl Pts',(-23.0251195617425,23.1563231284242,2.88162094435257));
#5866=CARTESIAN_POINT('Ctrl Pts',(-22.9908856181532,23.3182515115984,3.91499383048393));
#5867=CARTESIAN_POINT('Ctrl Pts',(-22.942779384606,23.447336126926,4.97573113031679));
#5868=CARTESIAN_POINT('Ctrl Pts',(-22.8829608035696,23.5388857671528,6.04848163069966));
#5869=CARTESIAN_POINT('Ctrl Pts',(-22.8144092923691,23.5905055919594,7.12834901720048));
#5870=CARTESIAN_POINT('Ctrl Pts',(-22.7398315983276,23.5992998861787,8.21871737124162));
#5871=CARTESIAN_POINT('Ctrl Pts',(-22.6632678958164,23.5620051046538,9.30053891082203));
#5872=CARTESIAN_POINT('Ctrl Pts',(-22.5904542231084,23.4791657908229,10.3586128254009));
#5873=CARTESIAN_POINT('Ctrl Pts',(-22.528514674411,23.350379904277,11.414858340669));
#5874=CARTESIAN_POINT('Ctrl Pts',(-22.4730879503818,23.175314299262,12.4806037362812));
#5875=CARTESIAN_POINT('Ctrl Pts',(-22.4296706810361,23.0302112526521,13.1802641358369));
#5876=CARTESIAN_POINT('Ctrl Pts',(-22.4078443034397,22.9500599325105,13.530816210081));
#5877=CARTESIAN_POINT('Ctrl Pts',(-26.975724053277,20.0381969502336,-2.72868292671521));
#5878=CARTESIAN_POINT('Ctrl Pts',(-26.9275176122059,20.170349144456,-2.49608487732037));
#5879=CARTESIAN_POINT('Ctrl Pts',(-26.8325216040499,20.4278256472572,-2.02372394036399));
#5880=CARTESIAN_POINT('Ctrl Pts',(-26.6948650403366,20.7927915127615,-1.29350142971543));
#5881=CARTESIAN_POINT('Ctrl Pts',(-26.5596176522288,21.1394271426243,-0.533648646522938));
#5882=CARTESIAN_POINT('Ctrl Pts',(-26.4248496758083,21.4674384302551,0.259741799844742));
#5883=CARTESIAN_POINT('Ctrl Pts',(-26.2908225997874,21.7727199797046,1.08224615976318));
#5884=CARTESIAN_POINT('Ctrl Pts',(-26.15878440987,22.0509034551708,1.92653281278775));
#5885=CARTESIAN_POINT('Ctrl Pts',(-26.0301138926544,22.2990827483455,2.7861867577874));
#5886=CARTESIAN_POINT('Ctrl Pts',(-25.9041415503273,22.5178551152406,3.66572181333986));
#5887=CARTESIAN_POINT('Ctrl Pts',(-25.7796398106091,22.7066377145419,4.570238535986));
#5888=CARTESIAN_POINT('Ctrl Pts',(-25.6579758797197,22.8616480729662,5.49116967875073));
#5889=CARTESIAN_POINT('Ctrl Pts',(-25.5419492941612,22.9799497822235,6.41655255486914));
#5890=CARTESIAN_POINT('Ctrl Pts',(-25.4349441326696,23.0606831364477,7.33675991728891));
#5891=CARTESIAN_POINT('Ctrl Pts',(-25.3390812369104,23.1049891228419,8.26043032648153));
#5892=CARTESIAN_POINT('Ctrl Pts',(-25.2552509581688,23.1124747671062,9.19254651963782));
#5893=CARTESIAN_POINT('Ctrl Pts',(-25.1857485459112,23.0834332352086,10.1203370844135));
#5894=CARTESIAN_POINT('Ctrl Pts',(-25.1309732688501,23.020580872664,11.0357464078311));
#5895=CARTESIAN_POINT('Ctrl Pts',(-25.0886719381269,22.9242044321679,11.9533858580219));
#5896=CARTESIAN_POINT('Ctrl Pts',(-25.0455419209449,22.7952652515044,12.8577942221768));
#5897=CARTESIAN_POINT('Ctrl Pts',(-25.0101884535102,22.6898624193762,13.442476039925));
#5898=CARTESIAN_POINT('Ctrl Pts',(-24.9928370368964,22.6319621332559,13.7342451886798));
#5899=CARTESIAN_POINT('Ctrl Pts',(-29.049757215614,19.9209769908328,-1.92255508240168));
#5900=CARTESIAN_POINT('Ctrl Pts',(-28.9720769031175,20.0707770805575,-1.67468674744265));
#5901=CARTESIAN_POINT('Ctrl Pts',(-28.8199696795119,20.3599786740162,-1.17210819814315));
#5902=CARTESIAN_POINT('Ctrl Pts',(-28.6032932437786,20.7615755120309,-0.399844707752758));
#5903=CARTESIAN_POINT('Ctrl Pts',(-28.3962417144559,21.1346082358311,0.398389395989761));
#5904=CARTESIAN_POINT('Ctrl Pts',(-28.1983340094615,21.4782531203946,1.22341441511771));
#5905=CARTESIAN_POINT('Ctrl Pts',(-28.0114635151758,21.7884710372757,2.06738467744026));
#5906=CARTESIAN_POINT('Ctrl Pts',(-27.8381367742447,22.0620809817274,2.92077015499739));
#5907=CARTESIAN_POINT('Ctrl Pts',(-27.6800895010354,22.2985792385115,3.77787000962751));
#5908=CARTESIAN_POINT('Ctrl Pts',(-27.5358633408406,22.5010975319786,4.64661639207548));
#5909=CARTESIAN_POINT('Ctrl Pts',(-27.4043796851256,22.6698800561094,5.52822816906011));
#5910=CARTESIAN_POINT('Ctrl Pts',(-27.2862517774056,22.8034526519366,6.41296322307288));
#5911=CARTESIAN_POINT('Ctrl Pts',(-27.1823986340227,22.9016428768537,7.28984062560456));
#5912=CARTESIAN_POINT('Ctrl Pts',(-27.0930661052636,22.9662265193742,8.15349362643793));
#5913=CARTESIAN_POINT('Ctrl Pts',(-27.0162324981818,22.9997180281135,9.01586539559221));
#5914=CARTESIAN_POINT('Ctrl Pts',(-26.9493242100251,23.0026347114939,9.87414699692337));
#5915=CARTESIAN_POINT('Ctrl Pts',(-26.890337589096,22.976499504398,10.7126823433291));
#5916=CARTESIAN_POINT('Ctrl Pts',(-26.8387644575739,22.9239100110003,11.5294225985043));
#5917=CARTESIAN_POINT('Ctrl Pts',(-26.7928475149353,22.8451181723048,12.3406883169906));
#5918=CARTESIAN_POINT('Ctrl Pts',(-26.7422605969512,22.7415008829566,13.1347830480386));
#5919=CARTESIAN_POINT('Ctrl Pts',(-26.7011573148614,22.6578018723485,13.6454038453097));
#5920=CARTESIAN_POINT('Ctrl Pts',(-26.6806379617535,22.6120460568607,13.8995967353344));
#5921=CARTESIAN_POINT('Ctrl Pts',(-30.0780249447868,19.9210238378529,-1.55892143465751));
#5922=CARTESIAN_POINT('Ctrl Pts',(-29.9856763017631,20.080590347742,-1.29828552259691));
#5923=CARTESIAN_POINT('Ctrl Pts',(-29.8061477632936,20.3869880680043,-0.770319321802577));
#5924=CARTESIAN_POINT('Ctrl Pts',(-29.554100588734,20.8075388044158,0.0380815510177038));
#5925=CARTESIAN_POINT('Ctrl Pts',(-29.3170340913859,21.1933586415442,0.869979374127215));
#5926=CARTESIAN_POINT('Ctrl Pts',(-29.0945757683586,21.5435403175901,1.72381399299655));
#5927=CARTESIAN_POINT('Ctrl Pts',(-28.8887176867278,21.8544691846609,2.58944868737086));
#5928=CARTESIAN_POINT('Ctrl Pts',(-28.7018010207554,22.1240147518863,3.45596546369747));
#5929=CARTESIAN_POINT('Ctrl Pts',(-28.5347608861001,22.3533642733502,4.31867256639662));
#5930=CARTESIAN_POINT('Ctrl Pts',(-28.3851978606894,22.5467554148593,5.18612523818604));
#5931=CARTESIAN_POINT('Ctrl Pts',(-28.2516786455828,22.7049550936961,6.05702697004233));
#5932=CARTESIAN_POINT('Ctrl Pts',(-28.1341166453527,22.8276945184663,6.92119243789159));
#5933=CARTESIAN_POINT('Ctrl Pts',(-28.0324787746923,22.9160619255978,7.76856586288639));
#5934=CARTESIAN_POINT('Ctrl Pts',(-27.9457466973901,22.9728706909061,8.59727477769601));
#5935=CARTESIAN_POINT('Ctrl Pts',(-27.8707634332829,23.0009548889514,9.41995726352418));
#5936=CARTESIAN_POINT('Ctrl Pts',(-27.8043610688939,23.0012521840878,10.2318164312614));
#5937=CARTESIAN_POINT('Ctrl Pts',(-27.7440708293647,22.9757560644537,11.019259202621));
#5938=CARTESIAN_POINT('Ctrl Pts',(-27.689255331307,22.9269360931311,11.7843023454003));
#5939=CARTESIAN_POINT('Ctrl Pts',(-27.6374069095009,22.8551034852437,12.5416246329561));
#5940=CARTESIAN_POINT('Ctrl Pts',(-27.5788900659845,22.7617660805618,13.2796512010581));
#5941=CARTESIAN_POINT('Ctrl Pts',(-27.5320735484903,22.6869502237084,13.752930490962));
#5942=CARTESIAN_POINT('Ctrl Pts',(-27.5085327034778,22.6461762840935,13.9883090155373));
#5943=CARTESIAN_POINT('',(-30.0780249447868,19.9210238378529,-1.55892143465751));
#5944=CARTESIAN_POINT('Ctrl Pts',(-13.6800193699526,23.694488674019,-9.67323448684011));
#5945=CARTESIAN_POINT('Ctrl Pts',(-14.5792249132672,23.3831808941682,-9.1641110237242));
#5946=CARTESIAN_POINT('Ctrl Pts',(-16.3856660124772,22.7728325767573,-8.14604047408364));
#5947=CARTESIAN_POINT('Ctrl Pts',(-19.4116727947846,21.8386675146738,-6.51094456775573));
#5948=CARTESIAN_POINT('Ctrl Pts',(-22.9938123413667,20.8637214518328,-4.64042967352616));
#5949=CARTESIAN_POINT('Ctrl Pts',(-26.975724053277,20.0381969502336,-2.72868292671521));
#5950=CARTESIAN_POINT('Ctrl Pts',(-29.049757215614,19.9209769908328,-1.92255508240168));
#5951=CARTESIAN_POINT('Ctrl Pts',(-30.0780249447868,19.9210238378529,-1.55892143465751));
#5952=CARTESIAN_POINT('',(-27.5085327034778,22.6461762840935,13.9883090155373));
#5953=CARTESIAN_POINT('Ctrl Pts',(-30.0780249447868,19.9210238378529,-1.55892143465751));
#5954=CARTESIAN_POINT('Ctrl Pts',(-30.0377787494301,19.9905640576018,-1.4453344506986));
#5955=CARTESIAN_POINT('Ctrl Pts',(-29.9980184237232,20.0589062399551,-1.33109774937897));
#5956=CARTESIAN_POINT('Ctrl Pts',(-29.9587773612174,20.126018486228,-1.21628765370152));
#5957=CARTESIAN_POINT('Ctrl Pts',(-29.9221310383076,20.1886930646179,-1.10906915423096));
#5958=CARTESIAN_POINT('Ctrl Pts',(-29.8859377485123,20.2502950714458,-1.00135101095422));
#5959=CARTESIAN_POINT('Ctrl Pts',(-29.850211620176,20.3108224492984,-0.893159643921802));
#5960=CARTESIAN_POINT('Ctrl Pts',(-29.8162630798466,20.3683382290298,-0.790351442809153));
#5961=CARTESIAN_POINT('Ctrl Pts',(-29.7827364961262,20.4248837580596,-0.687116260944889));
#5962=CARTESIAN_POINT('Ctrl Pts',(-29.7496296871016,20.4804783459572,-0.583438061939656));
#5963=CARTESIAN_POINT('Ctrl Pts',(-29.717107488483,20.5350912272041,-0.481590645054471));
#5964=CARTESIAN_POINT('Ctrl Pts',(-29.6849905446955,20.5887864951774,-0.379316174396233));
#5965=CARTESIAN_POINT('Ctrl Pts',(-29.6532603376487,20.6416024545139,-0.276555194998503));
#5966=CARTESIAN_POINT('Ctrl Pts',(-29.622300059014,20.6931368430228,-0.17628769437268));
#5967=CARTESIAN_POINT('Ctrl Pts',(-29.5917055778771,20.743838015954,-0.0755493191907899));
#5968=CARTESIAN_POINT('Ctrl Pts',(-29.5614561395074,20.7937373286496,0.0257174040469828));
#5969=CARTESIAN_POINT('Ctrl Pts',(-29.5298075305696,20.8459447056748,0.131668161974881));
#5970=CARTESIAN_POINT('Ctrl Pts',(-29.4985366336501,20.8972739819976,0.238197164842517));
#5971=CARTESIAN_POINT('Ctrl Pts',(-29.4676321899452,20.9477328975815,0.345320802232255));
#5972=CARTESIAN_POINT('Ctrl Pts',(-29.4348789217469,21.0012104625199,0.458852993890737));
#5973=CARTESIAN_POINT('Ctrl Pts',(-29.4025372899437,21.053709994069,0.573052914418959));
#5974=CARTESIAN_POINT('Ctrl Pts',(-29.3706073945088,21.1052157849342,0.687887854453354));
#5975=CARTESIAN_POINT('Ctrl Pts',(-29.3360195645046,21.161009063127,0.812281978841827));
#5976=CARTESIAN_POINT('Ctrl Pts',(-29.3019149274492,21.2156356992338,0.93742092268201));
#5977=CARTESIAN_POINT('Ctrl Pts',(-29.2683084749425,21.2690552153238,1.06320714358906));
#5978=CARTESIAN_POINT('Ctrl Pts',(-29.2296597674551,21.3304897047587,1.20786611515979));
#5979=CARTESIAN_POINT('Ctrl Pts',(-29.1916700598671,21.390326656445,1.35338053376338));
#5980=CARTESIAN_POINT('Ctrl Pts',(-29.1543801549079,21.4484912910418,1.49953714124575));
#5981=CARTESIAN_POINT('Ctrl Pts',(-29.1083400667628,21.5203044240251,1.67998981600742));
#5982=CARTESIAN_POINT('Ctrl Pts',(-29.0633675254249,21.589565189105,1.86141772805405));
#5983=CARTESIAN_POINT('Ctrl Pts',(-29.0195590254733,21.6561490035623,2.04335764104308));
#5984=CARTESIAN_POINT('Ctrl Pts',(-28.9862807899128,21.7067280433485,2.18156459378037));
#5985=CARTESIAN_POINT('Ctrl Pts',(-28.9536749695402,21.7557625758333,2.32006453137669));
#5986=CARTESIAN_POINT('Ctrl Pts',(-28.9217822993955,21.8032200594393,2.45866744327874));
#5987=CARTESIAN_POINT('Ctrl Pts',(-28.892414980689,21.8469197258437,2.58629538628299));
#5988=CARTESIAN_POINT('Ctrl Pts',(-28.8636526458994,21.8892822227748,2.71400954437215));
#5989=CARTESIAN_POINT('Ctrl Pts',(-28.8355197159473,21.9303024461779,2.84169483307934));
#5990=CARTESIAN_POINT('Ctrl Pts',(-28.8082659400562,21.9700407875998,2.96538995651443));
#5991=CARTESIAN_POINT('Ctrl Pts',(-28.7816031150783,22.0085194572201,3.08905697523134));
#5992=CARTESIAN_POINT('Ctrl Pts',(-28.7555421457715,22.0457535430571,3.21263894093579));
#5993=CARTESIAN_POINT('Ctrl Pts',(-28.7320457772667,22.07932350707,3.32405948606482));
#5994=CARTESIAN_POINT('Ctrl Pts',(-28.7090386618086,22.1118820601836,3.43541086074901));
#5995=CARTESIAN_POINT('Ctrl Pts',(-28.6865177928473,22.1434540566236,3.54669648835549));
#5996=CARTESIAN_POINT('Ctrl Pts',(-28.6651027085016,22.1734758540901,3.65251794248122));
#5997=CARTESIAN_POINT('Ctrl Pts',(-28.6441273581638,22.2026057529168,3.75827972106318));
#5998=CARTESIAN_POINT('Ctrl Pts',(-28.6235779564804,22.2308754766249,3.86403005459564));
#5999=CARTESIAN_POINT('Ctrl Pts',(-28.6016752468137,22.261006940318,3.9767447159863));
#6000=CARTESIAN_POINT('Ctrl Pts',(-28.5802554801222,22.2901629033233,4.08945181447145));
#6001=CARTESIAN_POINT('Ctrl Pts',(-28.5592906154109,22.3183860466205,4.20224888938541));
#6002=CARTESIAN_POINT('Ctrl Pts',(-28.5385737872152,22.3462752802923,4.31371145564363));
#6003=CARTESIAN_POINT('Ctrl Pts',(-28.5183009860092,22.3732534673848,4.42526246143606));
#6004=CARTESIAN_POINT('Ctrl Pts',(-28.4984520898998,22.3993426930177,4.53694040030895));
#6005=CARTESIAN_POINT('Ctrl Pts',(-28.4773693284961,22.4270537010352,4.65556056569977));
#6006=CARTESIAN_POINT('Ctrl Pts',(-28.4567648267206,22.4537614344307,4.77432368710324));
#6007=CARTESIAN_POINT('Ctrl Pts',(-28.436622685748,22.4794759755219,4.89321471377655));
#6008=CARTESIAN_POINT('Ctrl Pts',(-28.4147021348525,22.5074609304236,5.02260298510018));
#6009=CARTESIAN_POINT('Ctrl Pts',(-28.3933292269937,22.5342690990638,5.15214234021064));
#6010=CARTESIAN_POINT('Ctrl Pts',(-28.3724926306819,22.5599012816571,5.28174774577893));
#6011=CARTESIAN_POINT('Ctrl Pts',(-28.3485095322646,22.5894041404054,5.43092466271105));
#6012=CARTESIAN_POINT('Ctrl Pts',(-28.325237027136,22.6173482253709,5.58018822943555));
#6013=CARTESIAN_POINT('Ctrl Pts',(-28.3026688566614,22.6437298062237,5.72933397462744));
#6014=CARTESIAN_POINT('Ctrl Pts',(-28.2742333567024,22.6769701365422,5.91725500420612));
#6015=CARTESIAN_POINT('Ctrl Pts',(-28.2469165658763,22.7077275409728,6.10498425864253));
#6016=CARTESIAN_POINT('Ctrl Pts',(-28.2207183180244,22.736014813995,6.29204096717853));
#6017=CARTESIAN_POINT('Ctrl Pts',(-28.2003847587764,22.7579697533181,6.43722352622731));
#6018=CARTESIAN_POINT('Ctrl Pts',(-28.1807255154986,22.7784371432872,6.58199768577253));
#6019=CARTESIAN_POINT('Ctrl Pts',(-28.1617387865013,22.7974414282108,6.72616010607291));
#6020=CARTESIAN_POINT('Ctrl Pts',(-28.1453052263553,22.8138901835161,6.85093682802087));
#6021=CARTESIAN_POINT('Ctrl Pts',(-28.129375598029,22.8292431756999,6.97525451415324));
#6022=CARTESIAN_POINT('Ctrl Pts',(-28.1139440167008,22.8435272857803,7.09901998202434));
#6023=CARTESIAN_POINT('Ctrl Pts',(-28.0997215611328,22.8566921790358,7.21308793333923));
#6024=CARTESIAN_POINT('Ctrl Pts',(-28.0859222325437,22.8689493354125,7.32668636480341));
#6025=CARTESIAN_POINT('Ctrl Pts',(-28.0725358499009,22.8803265735002,7.43978555412789));
#6026=CARTESIAN_POINT('Ctrl Pts',(-28.0598974492359,22.8910680932408,7.5465651754579));
#6027=CARTESIAN_POINT('Ctrl Pts',(-28.0476271839713,22.9010254552934,7.65289947165219));
#6028=CARTESIAN_POINT('Ctrl Pts',(-28.0357104861318,22.9102257475024,7.75880892871781));
#6029=CARTESIAN_POINT('Ctrl Pts',(-28.0243540944594,22.9189934550697,7.85973867389067));
#6030=CARTESIAN_POINT('Ctrl Pts',(-28.0133188345657,22.9270737695975,7.96028238235792));
#6031=CARTESIAN_POINT('Ctrl Pts',(-28.0025859319428,22.934491229228,8.06050402375555));
#6032=CARTESIAN_POINT('Ctrl Pts',(-27.9883868413587,22.9443041554138,8.19309221678284));
#6033=CARTESIAN_POINT('Ctrl Pts',(-27.9747172664894,22.95295823017,8.32512072759818));
#6034=CARTESIAN_POINT('Ctrl Pts',(-27.9615165720592,22.9605037903181,8.45684248756656));
#6035=CARTESIAN_POINT('Ctrl Pts',(-27.9521591271887,22.9658525364372,8.55021478049181));
#6036=CARTESIAN_POINT('Ctrl Pts',(-27.9430369544788,22.9706436325984,8.64343248521208));
#6037=CARTESIAN_POINT('Ctrl Pts',(-27.9341282860169,22.9748873740628,8.73652646399682));
#6038=CARTESIAN_POINT('Ctrl Pts',(-27.9245472865092,22.9794513877597,8.8366461809571));
#6039=CARTESIAN_POINT('Ctrl Pts',(-27.9152131882019,22.9833820760192,8.93662234619739));
#6040=CARTESIAN_POINT('Ctrl Pts',(-27.9061002011995,22.9866884390597,9.03643254150931));
#6041=CARTESIAN_POINT('Ctrl Pts',(-27.895812927145,22.9904208555235,9.1491041421975));
#6042=CARTESIAN_POINT('Ctrl Pts',(-27.8858073221081,22.9933573489623,9.26156350668398));
#6043=CARTESIAN_POINT('Ctrl Pts',(-27.8760490612039,22.9955109632723,9.37371214052539));
#6044=CARTESIAN_POINT('Ctrl Pts',(-27.8612697185687,22.9987727128919,9.54356649284088));
#6045=CARTESIAN_POINT('Ctrl Pts',(-27.8470565869054,23.0002367036869,9.7127045833766));
#6046=CARTESIAN_POINT('Ctrl Pts',(-27.8333069944433,22.999968938488,9.88065285369984));
#6047=CARTESIAN_POINT('Ctrl Pts',(-27.8240877948843,22.9997894000172,9.99326336371789));
#6048=CARTESIAN_POINT('Ctrl Pts',(-27.8150774000248,22.9988320416798,10.1053354070947));
#6049=CARTESIAN_POINT('Ctrl Pts',(-27.8062510342203,22.9971244019334,10.2167441186409));
#6050=CARTESIAN_POINT('Ctrl Pts',(-27.798511698731,22.9956270702814,10.3144320475323));
#6051=CARTESIAN_POINT('Ctrl Pts',(-27.7909139064563,22.9935531143875,10.4116091809984));
#6052=CARTESIAN_POINT('Ctrl Pts',(-27.7834446417223,22.9909232039152,10.5082277142925));
#6053=CARTESIAN_POINT('Ctrl Pts',(-27.7765287560528,22.9884881369046,10.5976880231197));
#6054=CARTESIAN_POINT('Ctrl Pts',(-27.7697230749225,22.9855766143662,10.6866689715257));
#6055=CARTESIAN_POINT('Ctrl Pts',(-27.7630202435142,22.982204290471,10.7751742151703));
#6056=CARTESIAN_POINT('Ctrl Pts',(-27.7566762508192,22.9790125052608,10.8589412958179));
#6057=CARTESIAN_POINT('Ctrl Pts',(-27.7504243959807,22.9754080857416,10.9422819169467));
#6058=CARTESIAN_POINT('Ctrl Pts',(-27.7442610813788,22.9714013611758,11.0252434523878));
#6059=CARTESIAN_POINT('Ctrl Pts',(-27.7379143419738,22.967275393522,11.1106739845132));
#6060=CARTESIAN_POINT('Ctrl Pts',(-27.731661478342,22.9627230646648,11.1957016161453));
#6061=CARTESIAN_POINT('Ctrl Pts',(-27.7255016500057,22.9577494044752,11.2804370176473));
#6062=CARTESIAN_POINT('Ctrl Pts',(-27.7198721424416,22.9532039437691,11.357877257483));
#6063=CARTESIAN_POINT('Ctrl Pts',(-27.7143218027664,22.9483060409612,11.4350815576537));
#6064=CARTESIAN_POINT('Ctrl Pts',(-27.7088392863432,22.9430569304517,11.5121169668356));
#6065=CARTESIAN_POINT('Ctrl Pts',(-27.703011163745,22.9374769271797,11.5940085243712));
#6066=CARTESIAN_POINT('Ctrl Pts',(-27.6972594801056,22.9314999235701,11.6757088701183));
#6067=CARTESIAN_POINT('Ctrl Pts',(-27.6915528846232,22.9251284770036,11.7572405349697));
#6068=CARTESIAN_POINT('Ctrl Pts',(-27.6853300006445,22.9181805913715,11.8461485524616));
#6069=CARTESIAN_POINT('Ctrl Pts',(-27.6791603925494,22.9107635279146,11.9348554348749));
#6070=CARTESIAN_POINT('Ctrl Pts',(-27.672987180057,22.9028839631482,12.0233302626273));
#6071=CARTESIAN_POINT('Ctrl Pts',(-27.6655532398088,22.8933951898834,12.1298739113017));
#6072=CARTESIAN_POINT('Ctrl Pts',(-27.6581132065013,22.8832354629593,12.2360800840906));
#6073=CARTESIAN_POINT('Ctrl Pts',(-27.6505543420196,22.8724247719901,12.3418210049789));
#6074=CARTESIAN_POINT('Ctrl Pts',(-27.6418575546554,22.8599866232647,12.4634803238983));
#6075=CARTESIAN_POINT('Ctrl Pts',(-27.6330004389406,22.8466868864496,12.5845180250692));
#6076=CARTESIAN_POINT('Ctrl Pts',(-27.6238270396119,22.8325682009033,12.704704310286));
#6077=CARTESIAN_POINT('Ctrl Pts',(-27.6168692810512,22.8218595855138,12.795862137922));
#6078=CARTESIAN_POINT('Ctrl Pts',(-27.6097295157557,22.8106803021886,12.8865284576327));
#6079=CARTESIAN_POINT('Ctrl Pts',(-27.6023630065234,22.7990502139514,12.9766291864478));
#6080=CARTESIAN_POINT('Ctrl Pts',(-27.5957475691563,22.7886059020147,13.0575434579708));
#6081=CARTESIAN_POINT('Ctrl Pts',(-27.5889491255143,22.7777982276534,13.1380009386936));
#6082=CARTESIAN_POINT('Ctrl Pts',(-27.5819582400698,22.7666389654337,13.2179852344469));
#6083=CARTESIAN_POINT('Ctrl Pts',(-27.5756030657606,22.7564944626908,13.2906962158443));
#6084=CARTESIAN_POINT('Ctrl Pts',(-27.5690888520832,22.7460595275363,13.3630159657953));
#6085=CARTESIAN_POINT('Ctrl Pts',(-27.5624294025333,22.7353386275142,13.4349698596595));
#6086=CARTESIAN_POINT('Ctrl Pts',(-27.5560250638774,22.7250284248579,13.5041673361884));
#6087=CARTESIAN_POINT('Ctrl Pts',(-27.5494862772791,22.714453878944,13.5730261086464));
#6088=CARTESIAN_POINT('Ctrl Pts',(-27.5428467650218,22.7036129043181,13.6416094527034));
#6089=CARTESIAN_POINT('Ctrl Pts',(-27.5365268058269,22.6932936949222,13.7068919492328));
#6090=CARTESIAN_POINT('Ctrl Pts',(-27.5301155443309,22.6827331811736,13.7719247548643));
#6091=CARTESIAN_POINT('Ctrl Pts',(-27.5236629651054,22.6719223774989,13.8368032612068));
#6092=CARTESIAN_POINT('Ctrl Pts',(-27.51863311881,22.663495254187,13.8873766681151));
#6093=CARTESIAN_POINT('Ctrl Pts',(-27.5135785419648,22.6549159327199,13.9378570450285));
#6094=CARTESIAN_POINT('Ctrl Pts',(-27.5085327034778,22.6461762840936,13.9883090155373));
#6095=CARTESIAN_POINT('Ctrl Pts',(-14.8754576566076,25.7650489730376,13.265114172966));
#6096=CARTESIAN_POINT('Ctrl Pts',(-16.557019870317,24.7967912839559,13.2655633001999));
#6097=CARTESIAN_POINT('Ctrl Pts',(-20.7632980091279,23.019873472434,13.3784342694008));
#6098=CARTESIAN_POINT('Ctrl Pts',(-25.1431191556942,22.5486613491426,13.7348453578147));
#6099=CARTESIAN_POINT('Ctrl Pts',(-27.5085327034778,22.6461762840935,13.9883090155373));
#6100=CARTESIAN_POINT('Ctrl Pts',(-13.6800194228611,-23.6944886504716,-9.67323447715833));
#6101=CARTESIAN_POINT('Ctrl Pts',(-13.44331567657,-23.7765342222285,-9.80701433861769));
#6102=CARTESIAN_POINT('Ctrl Pts',(-12.9706437751569,-23.9411015625511,-10.0750040739341));
#6103=CARTESIAN_POINT('Ctrl Pts',(-12.2585973110873,-24.1896423331033,-10.4802978509596));
#6104=CARTESIAN_POINT('Ctrl Pts',(-11.5366613386921,-24.4406338132983,-10.8906878514685));
#6105=CARTESIAN_POINT('Ctrl Pts',(-10.7964777064422,-24.6947881396403,-11.3080452678024));
#6106=CARTESIAN_POINT('Ctrl Pts',(-10.0295533091638,-24.9515853851332,-11.734858128317));
#6107=CARTESIAN_POINT('Ctrl Pts',(-9.22561780997821,-25.2093120893137,-12.1752618181077));
#6108=CARTESIAN_POINT('Ctrl Pts',(-8.37428242378284,-25.4649667213861,-12.6324947420744));
#6109=CARTESIAN_POINT('Ctrl Pts',(-7.46487609612104,-25.7146091724876,-13.1082424088684));
#6110=CARTESIAN_POINT('Ctrl Pts',(-6.48304905300739,-25.9540912690425,-13.6034144758861));
#6111=CARTESIAN_POINT('Ctrl Pts',(-5.41432620100745,-26.1772194605091,-14.1175888260051));
#6112=CARTESIAN_POINT('Ctrl Pts',(-4.24742997108075,-26.374692636989,-14.6494460362145));
#6113=CARTESIAN_POINT('Ctrl Pts',(-2.97372105183019,-26.5346054127006,-15.1967320703571));
#6114=CARTESIAN_POINT('Ctrl Pts',(-1.59774425921111,-26.6437373534311,-15.7505385147017));
#6115=CARTESIAN_POINT('Ctrl Pts',(-0.131452910759253,-26.6903981177959,
-16.2983306146198));
#6116=CARTESIAN_POINT('Ctrl Pts',(1.39431959882824,-26.6649710873667,-16.8226272699964));
#6117=CARTESIAN_POINT('Ctrl Pts',(2.94000908085129,-26.5643959159007,-17.3056613486624));
#6118=CARTESIAN_POINT('Ctrl Pts',(4.48434080974286,-26.3867989755674,-17.7410664557838));
#6119=CARTESIAN_POINT('Ctrl Pts',(6.01614193879761,-26.1258208995509,-18.1251690917258));
#6120=CARTESIAN_POINT('Ctrl Pts',(7.02982386638864,-25.8948008156568,-18.3426803105764));
#6121=CARTESIAN_POINT('Ctrl Pts',(7.54797877044358,-25.7648572969235,-18.4463019046879));
#6122=CARTESIAN_POINT('Ctrl Pts',(-13.4997484025821,-23.3831808703168,-10.6907214126063));
#6123=CARTESIAN_POINT('Ctrl Pts',(-13.2696198843448,-23.4654754120409,-10.8162484251658));
#6124=CARTESIAN_POINT('Ctrl Pts',(-12.8091973944444,-23.6301974655308,-11.0686537743934));
#6125=CARTESIAN_POINT('Ctrl Pts',(-12.1134321099413,-23.8778976241087,-11.452601104775));
#6126=CARTESIAN_POINT('Ctrl Pts',(-11.4057455325421,-24.1270228394488,-11.8434746996738));
#6127=CARTESIAN_POINT('Ctrl Pts',(-10.6774680947703,-24.3782658039316,-12.2433792757877));
#6128=CARTESIAN_POINT('Ctrl Pts',(-9.91905621115868,-24.6308897197372,-12.6559522666706));
#6129=CARTESIAN_POINT('Ctrl Pts',(-9.12024359700392,-24.8826739437672,-13.0852811763545));
#6130=CARTESIAN_POINT('Ctrl Pts',(-8.27303231428144,-25.1301985729567,-13.5323152294483));
#6131=CARTESIAN_POINT('Ctrl Pts',(-7.36822995214053,-25.3694844868684,-13.9975889786379));
#6132=CARTESIAN_POINT('Ctrl Pts',(-6.39206367922967,-25.5966934138122,-14.4814895878512));
#6133=CARTESIAN_POINT('Ctrl Pts',(-5.33068183071832,-25.8059211508659,-14.9834845367057));
#6134=CARTESIAN_POINT('Ctrl Pts',(-4.17232971453592,-25.9881319618208,-15.5029860815901));
#6135=CARTESIAN_POINT('Ctrl Pts',(-2.91277146673066,-26.1316804381586,-16.0355409382232));
#6136=CARTESIAN_POINT('Ctrl Pts',(-1.5617162253649,-26.2247437824999,-16.5703993620119));
#6137=CARTESIAN_POINT('Ctrl Pts',(-0.13160532016244,-26.2575695329071,-17.0961456046425));
#6138=CARTESIAN_POINT('Ctrl Pts',(1.34894974032196,-26.2219439736851,-17.5980357404354));
#6139=CARTESIAN_POINT('Ctrl Pts',(2.84437492157299,-26.1147422554036,-18.0616408712346));
#6140=CARTESIAN_POINT('Ctrl Pts',(4.33362237169432,-25.9328309545585,-18.4835393539799));
#6141=CARTESIAN_POINT('Ctrl Pts',(5.80987413052048,-25.6701888247213,-18.8621896717263));
#6142=CARTESIAN_POINT('Ctrl Pts',(6.78739483708373,-25.4406542817128,-19.0806793188736));
#6143=CARTESIAN_POINT('Ctrl Pts',(7.28648279302929,-25.311932978067,-19.1859242202185));
#6144=CARTESIAN_POINT('Ctrl Pts',(-13.1420493230472,-22.7728325519058,-12.7332072614654));
#6145=CARTESIAN_POINT('Ctrl Pts',(-12.9233795618554,-22.8561141391784,-12.8456653531576));
#6146=CARTESIAN_POINT('Ctrl Pts',(-12.4846485836922,-23.0221127255145,-13.0727874461568));
#6147=CARTESIAN_POINT('Ctrl Pts',(-11.8167864708611,-23.269633604865,-13.4227776064983));
#6148=CARTESIAN_POINT('Ctrl Pts',(-11.1300546934788,-23.5164726310663,-13.7857823431349));
#6149=CARTESIAN_POINT('Ctrl Pts',(-10.4145324434715,-23.7629034997323,-14.1645659813244));
#6150=CARTESIAN_POINT('Ctrl Pts',(-9.66304954580497,-24.0073325734969,-14.5600284063448));
#6151=CARTESIAN_POINT('Ctrl Pts',(-8.87014563749343,-24.2470256059207,-14.971829216639));
#6152=CARTESIAN_POINT('Ctrl Pts',(-8.02947717373893,-24.4785912895453,-15.4002590216227));
#6153=CARTESIAN_POINT('Ctrl Pts',(-7.13300521886047,-24.6984610315147,-15.8454480337092));
#6154=CARTESIAN_POINT('Ctrl Pts',(-6.16581870845601,-24.9035884467771,-16.3084791333094));
#6155=CARTESIAN_POINT('Ctrl Pts',(-5.11252891874262,-25.0882004025859,-16.7899703715451));
#6156=CARTESIAN_POINT('Ctrl Pts',(-3.96975098376931,-25.2430998559631,-17.2847327592872));
#6157=CARTESIAN_POINT('Ctrl Pts',(-2.74505706951136,-25.3584276125713,-17.7835599734603));
#6158=CARTESIAN_POINT('Ctrl Pts',(-1.45193218108958,-25.4257081402894,-18.2765995737745));
#6159=CARTESIAN_POINT('Ctrl Pts',(-0.101268319876384,-25.4382437250958,
-18.7561013946862));
#6160=CARTESIAN_POINT('Ctrl Pts',(1.28479461377478,-25.3895974287755,-19.2128154580385));
#6161=CARTESIAN_POINT('Ctrl Pts',(2.67133470627809,-25.2757732985986,-19.6366809259046));
#6162=CARTESIAN_POINT('Ctrl Pts',(4.04381969282494,-25.0934045657913,-20.0308416879924));
#6163=CARTESIAN_POINT('Ctrl Pts',(5.40490401637465,-24.8376605276796,-20.3968395427098));
#6164=CARTESIAN_POINT('Ctrl Pts',(6.30612580278988,-24.6190751498023,-20.6145082635906));
#6165=CARTESIAN_POINT('Ctrl Pts',(6.76580364413101,-24.4971822354096,-20.7217408125577));
#6166=CARTESIAN_POINT('Ctrl Pts',(-12.6091350568229,-21.8386674866138,-16.1311857833859));
#6167=CARTESIAN_POINT('Ctrl Pts',(-12.3974824080843,-21.9271795325324,-16.2292365800877));
#6168=CARTESIAN_POINT('Ctrl Pts',(-11.9697837722104,-22.1022814972118,-16.4296005163497));
#6169=CARTESIAN_POINT('Ctrl Pts',(-11.3110057275953,-22.3590126411877,-16.7440525445371));
#6170=CARTESIAN_POINT('Ctrl Pts',(-10.6277361180275,-22.6109277669605,-17.0730856972933));
#6171=CARTESIAN_POINT('Ctrl Pts',(-9.9116456946333,-22.8586142376505,-17.4171220160942));
#6172=CARTESIAN_POINT('Ctrl Pts',(-9.1568753510425,-23.1004231720789,-17.7763886186787));
#6173=CARTESIAN_POINT('Ctrl Pts',(-8.35878682316496,-23.3334166887679,-18.1509081413494));
#6174=CARTESIAN_POINT('Ctrl Pts',(-7.51299256774782,-23.5540653212897,-18.5402377380282));
#6175=CARTESIAN_POINT('Ctrl Pts',(-6.61275232396009,-23.7591661156104,-18.9436927628753));
#6176=CARTESIAN_POINT('Ctrl Pts',(-5.64669796516365,-23.9462267540567,-19.3595426645439));
#6177=CARTESIAN_POINT('Ctrl Pts',(-4.61211047507414,-24.109728450009,-19.7827453199702));
#6178=CARTESIAN_POINT('Ctrl Pts',(-3.51562769488854,-24.2424470092609,-20.2065413309237));
#6179=CARTESIAN_POINT('Ctrl Pts',(-2.3704269042873,-24.3374124051305,-20.6237904284611));
#6180=CARTESIAN_POINT('Ctrl Pts',(-1.19002265894071,-24.3894522538538,-21.0292103500661));
#6181=CARTESIAN_POINT('Ctrl Pts',(0.0225942126020784,-24.3941733397148,
-21.4221914594577));
#6182=CARTESIAN_POINT('Ctrl Pts',(1.24645683996293,-24.3458008602686,-21.7985879761034));
#6183=CARTESIAN_POINT('Ctrl Pts',(2.45154339800998,-24.2419295826648,-22.1540481637444));
#6184=CARTESIAN_POINT('Ctrl Pts',(3.64138340800965,-24.0806271231446,-22.4988431355552));
#6185=CARTESIAN_POINT('Ctrl Pts',(4.82150269316206,-23.8593417017224,-22.831048070785));
#6186=CARTESIAN_POINT('Ctrl Pts',(5.60929475733993,-23.6737919131614,-23.0407938132128));
#6187=CARTESIAN_POINT('Ctrl Pts',(6.00783916535137,-23.5708261958889,-23.1456590446006));
#6188=CARTESIAN_POINT('Ctrl Pts',(-12.0396432312052,-20.8637214160515,-20.1319643020876));
#6189=CARTESIAN_POINT('Ctrl Pts',(-11.8242702564909,-20.9655340141893,-20.2097194693525));
#6190=CARTESIAN_POINT('Ctrl Pts',(-11.3875350809043,-21.1657749915155,-20.369084886333));
#6191=CARTESIAN_POINT('Ctrl Pts',(-10.7114970783478,-21.4558843989885,-20.620237827265));
#6192=CARTESIAN_POINT('Ctrl Pts',(-10.0059484406406,-21.7378116362891,-20.8839819730191));
#6193=CARTESIAN_POINT('Ctrl Pts',(-9.26273317905031,-22.0121202923553,-21.1601507111699));
#6194=CARTESIAN_POINT('Ctrl Pts',(-8.47946384288447,-22.276054486379,-21.447605271341));
#6195=CARTESIAN_POINT('Ctrl Pts',(-7.65725236464907,-22.5255889234039,-21.7443845489203));
#6196=CARTESIAN_POINT('Ctrl Pts',(-6.79855302432187,-22.7567597046637,-22.0481034577191));
#6197=CARTESIAN_POINT('Ctrl Pts',(-5.90147879847064,-22.9674555692583,-22.3567374557468));
#6198=CARTESIAN_POINT('Ctrl Pts',(-4.95822163302487,-23.1563231152836,-22.6688312123293));
#6199=CARTESIAN_POINT('Ctrl Pts',(-3.97253701491779,-23.3182515016226,-22.9810127679907));
#6200=CARTESIAN_POINT('Ctrl Pts',(-2.95642888426092,-23.4473361197728,-23.289236874715));
#6201=CARTESIAN_POINT('Ctrl Pts',(-1.92509048384221,-23.5388857626602,-23.5904228750338));
#6202=CARTESIAN_POINT('Ctrl Pts',(-0.884131237949595,-23.5905055901299,
-23.8857476868628));
#6203=CARTESIAN_POINT('Ctrl Pts',(0.168737143345674,-23.5992998863757,-24.1788912818328));
#6204=CARTESIAN_POINT('Ctrl Pts',(1.21420951157215,-23.5620051063338,-24.4673135115015));
#6205=CARTESIAN_POINT('Ctrl Pts',(2.23604239552974,-23.4791657934326,-24.751355429284));
#6206=CARTESIAN_POINT('Ctrl Pts',(3.25252674251521,-23.3503799068783,-25.0450401042689));
#6207=CARTESIAN_POINT('Ctrl Pts',(4.27579672040092,-23.1753143011837,-25.3480317549673));
#6208=CARTESIAN_POINT('Ctrl Pts',(4.9499153006985,-23.0302112534159,-25.5403176955832));
#6209=CARTESIAN_POINT('Ctrl Pts',(5.28769442837042,-22.9500599325103,-25.6365902816733));
#6210=CARTESIAN_POINT('Ctrl Pts',(-11.5645350346659,-20.0381969025648,-24.5233955844604));
#6211=CARTESIAN_POINT('Ctrl Pts',(-11.3291706770945,-20.1703490979431,-24.5554787976601));
#6212=CARTESIAN_POINT('Ctrl Pts',(-10.8521591791817,-20.4278256029893,-24.6233693450938));
#6213=CARTESIAN_POINT('Ctrl Pts',(-10.1178132722023,-20.7927914723201,-24.7369929917242));
#6214=CARTESIAN_POINT('Ctrl Pts',(-9.35633473306144,-21.1394271067664,-24.8627647885595));
#6215=CARTESIAN_POINT('Ctrl Pts',(-8.56339638576646,-21.4674383987547,-25.0001678001655));
#6216=CARTESIAN_POINT('Ctrl Pts',(-7.74325614508465,-21.7727199520889,-25.1479739773309));
#6217=CARTESIAN_POINT('Ctrl Pts',(-6.9032423241996,-22.0509034310741,-25.3049160589705));
#6218=CARTESIAN_POINT('Ctrl Pts',(-6.04986263860359,-22.2990827278201,-25.4701556441151));
#6219=CARTESIAN_POINT('Ctrl Pts',(-5.17863825046419,-22.5178550989468,-25.6445661307175));
#6220=CARTESIAN_POINT('Ctrl Pts',(-4.28435112114119,-22.7066377021264,-25.8286903374361));
#6221=CARTESIAN_POINT('Ctrl Pts',(-3.37553426545875,-22.8616480638261,-26.0209615294916));
#6222=CARTESIAN_POINT('Ctrl Pts',(-2.46439939149257,-22.9799497758806,-26.2200315731266));
#6223=CARTESIAN_POINT('Ctrl Pts',(-1.56115117935369,-23.0606831327307,-26.4258819265394));
#6224=CARTESIAN_POINT('Ctrl Pts',(-0.658352059306655,-23.104989121564,-26.6433916594545));
#6225=CARTESIAN_POINT('Ctrl Pts',(0.24839894850025,-23.1124747675499,-26.8750611135095));
#6226=CARTESIAN_POINT('Ctrl Pts',(1.14629575763523,-23.0834332369434,-27.1187971332518));
#6227=CARTESIAN_POINT('Ctrl Pts',(2.02761037750717,-23.0205808751085,-27.3722909502785));
#6228=CARTESIAN_POINT('Ctrl Pts',(2.90686960047387,-22.9242044345406,-27.6382886928805));
#6229=CARTESIAN_POINT('Ctrl Pts',(3.77393066415411,-22.7952652532108,-27.8990947794517));
#6230=CARTESIAN_POINT('Ctrl Pts',(4.3369584639196,-22.6898624200409,-28.0606571514784));
#6231=CARTESIAN_POINT('Ctrl Pts',(4.61782486422768,-22.6319621332557,-28.1415544627331));
#6232=CARTESIAN_POINT('Ctrl Pts',(-11.4958548128405,-19.9209769371604,-26.7475220853465));
#6233=CARTESIAN_POINT('Ctrl Pts',(-11.2362688677881,-20.070777028628,-26.756907161105));
#6234=CARTESIAN_POINT('Ctrl Pts',(-10.7117308591873,-20.3599786254177,-26.7810252753919));
#6235=CARTESIAN_POINT('Ctrl Pts',(-9.91140837757398,-20.7615754688213,-26.8341619317769));
#6236=CARTESIAN_POINT('Ctrl Pts',(-9.08980886711531,-21.134608198511,-26.9050299082614));
#6237=CARTESIAN_POINT('Ctrl Pts',(-8.24599858117944,-21.4782530883635,-26.9934490702164));
#6238=CARTESIAN_POINT('Ctrl Pts',(-7.38800561986031,-21.7884710097917,-27.0985892954867));
#6239=CARTESIAN_POINT('Ctrl Pts',(-6.52565049369122,-22.0620809582474,-27.219637099356));
#6240=CARTESIAN_POINT('Ctrl Pts',(-5.66488657384301,-22.2985792191464,-27.3563286500011));
#6241=CARTESIAN_POINT('Ctrl Pts',(-4.79774923698247,-22.5010975170195,-27.509933047747));
#6242=CARTESIAN_POINT('Ctrl Pts',(-3.92272979178811,-22.6698800449091,-27.6798396589999));
#6243=CARTESIAN_POINT('Ctrl Pts',(-3.04921761010185,-22.8034526438251,-27.8633792827511));
#6244=CARTESIAN_POINT('Ctrl Pts',(-2.18787194913895,-22.9016428713624,-28.0577580666045));
#6245=CARTESIAN_POINT('Ctrl Pts',(-1.34383457652156,-22.9662265163729,-28.2614188845294));
#6246=CARTESIAN_POINT('Ctrl Pts',(-0.505171464715526,-22.9997180272321,
-28.4764367227967));
#6247=CARTESIAN_POINT('Ctrl Pts',(0.326326958266303,-23.0026347120992,-28.6994488517983));
#6248=CARTESIAN_POINT('Ctrl Pts',(1.13656787668828,-22.9764995061104,-28.9233475152892));
#6249=CARTESIAN_POINT('Ctrl Pts',(1.92378902537958,-22.9239100132363,-29.146970654875));
#6250=CARTESIAN_POINT('Ctrl Pts',(2.70396333578341,-22.8451181744271,-29.3741016550142));
#6251=CARTESIAN_POINT('Ctrl Pts',(3.46950534207034,-22.7415008844514,-29.5911060969508));
#6252=CARTESIAN_POINT('Ctrl Pts',(3.96462434668111,-22.657801872924,-29.7225604848339));
#6253=CARTESIAN_POINT('Ctrl Pts',(4.21111948916752,-22.6120460568606,-29.7879456172972));
#6254=CARTESIAN_POINT('Ctrl Pts',(-11.4957736375306,-19.9210237807864,-27.8381934143729));
#6255=CARTESIAN_POINT('Ctrl Pts',(-11.2192608616128,-20.0805902927696,-27.8380049144242));
#6256=CARTESIAN_POINT('Ctrl Pts',(-10.6616467069118,-20.3869880170051,-27.8447325154479));
#6257=CARTESIAN_POINT('Ctrl Pts',(-9.81546332724941,-20.8075387597185,-27.8765671133866));
#6258=CARTESIAN_POINT('Ctrl Pts',(-8.95212036760463,-21.1933586034616,-27.9303579462298));
#6259=CARTESIAN_POINT('Ctrl Pts',(-8.07296459055745,-21.5435402852982,-28.0052337632791));
#6260=CARTESIAN_POINT('Ctrl Pts',(-7.18821701051293,-21.8544691572685,-28.0996937967653));
#6261=CARTESIAN_POINT('Ctrl Pts',(-6.30895160159197,-22.12401472877,-28.2123059959798));
#6262=CARTESIAN_POINT('Ctrl Pts',(-5.43990349603699,-22.3533642546408,-28.3423880782974));
#6263=CARTESIAN_POINT('Ctrl Pts',(-4.57220692567736,-22.5467554005977,-28.4905295943697));
#6264=CARTESIAN_POINT('Ctrl Pts',(-3.70660648792646,-22.7049550831215,-28.6549470467535));
#6265=CARTESIAN_POINT('Ctrl Pts',(-2.85267613384425,-22.8276945108839,-28.8321636844946));
#6266=CARTESIAN_POINT('Ctrl Pts',(-2.01988551372877,-22.916061920553,-29.0187963884054));
#6267=CARTESIAN_POINT('Ctrl Pts',(-1.20966055768196,-22.9728706882619,-29.2132609070495));
#6268=CARTESIAN_POINT('Ctrl Pts',(-0.409033642224386,-23.0009548882582,
-29.4167935042232));
#6269=CARTESIAN_POINT('Ctrl Pts',(0.378528649118268,-23.0012521847653,-29.6248084781332));
#6270=CARTESIAN_POINT('Ctrl Pts',(1.14103356540439,-22.9757560661405,-29.830447219948));
#6271=CARTESIAN_POINT('Ctrl Pts',(1.88059499805475,-22.9269360952561,-30.0337810563158));
#6272=CARTESIAN_POINT('Ctrl Pts',(2.61188811349829,-22.8551034872402,-30.2373386604697));
#6273=CARTESIAN_POINT('Ctrl Pts',(3.32721185716308,-22.7617660819526,-30.428177309215));
#6274=CARTESIAN_POINT('Ctrl Pts',(3.78902936263229,-22.6869502242407,-30.5417980379385));
#6275=CARTESIAN_POINT('Ctrl Pts',(4.01879331513411,-22.6461762840934,-30.5980630253407));
#6276=CARTESIAN_POINT('',(-13.6800194228611,-23.6944886504716,-9.67323447715833));
#6277=CARTESIAN_POINT('',(7.54797877044358,-25.7648572969234,-18.4463019046879));
#6278=CARTESIAN_POINT('Ctrl Pts',(-13.6800194228611,-23.6944886504716,-9.67323447715833));
#6279=CARTESIAN_POINT('Ctrl Pts',(-13.44331567657,-23.7765342222285,-9.80701433861769));
#6280=CARTESIAN_POINT('Ctrl Pts',(-12.9706437751569,-23.9411015625511,-10.0750040739341));
#6281=CARTESIAN_POINT('Ctrl Pts',(-12.2585973110873,-24.1896423331033,-10.4802978509596));
#6282=CARTESIAN_POINT('Ctrl Pts',(-11.5366613386921,-24.4406338132983,-10.8906878514685));
#6283=CARTESIAN_POINT('Ctrl Pts',(-10.7964777064422,-24.6947881396403,-11.3080452678024));
#6284=CARTESIAN_POINT('Ctrl Pts',(-10.0295533091638,-24.9515853851332,-11.734858128317));
#6285=CARTESIAN_POINT('Ctrl Pts',(-9.22561780997821,-25.2093120893137,-12.1752618181077));
#6286=CARTESIAN_POINT('Ctrl Pts',(-8.37428242378284,-25.4649667213861,-12.6324947420744));
#6287=CARTESIAN_POINT('Ctrl Pts',(-7.46487609612104,-25.7146091724876,-13.1082424088684));
#6288=CARTESIAN_POINT('Ctrl Pts',(-6.48304905300739,-25.9540912690425,-13.6034144758861));
#6289=CARTESIAN_POINT('Ctrl Pts',(-5.41432620100745,-26.1772194605091,-14.1175888260051));
#6290=CARTESIAN_POINT('Ctrl Pts',(-4.24742997108075,-26.374692636989,-14.6494460362145));
#6291=CARTESIAN_POINT('Ctrl Pts',(-2.97372105183019,-26.5346054127006,-15.1967320703571));
#6292=CARTESIAN_POINT('Ctrl Pts',(-1.59774425921111,-26.6437373534311,-15.7505385147017));
#6293=CARTESIAN_POINT('Ctrl Pts',(-0.131452910759253,-26.6903981177959,
-16.2983306146198));
#6294=CARTESIAN_POINT('Ctrl Pts',(1.39431959882824,-26.6649710873667,-16.8226272699964));
#6295=CARTESIAN_POINT('Ctrl Pts',(2.94000908085129,-26.5643959159007,-17.3056613486624));
#6296=CARTESIAN_POINT('Ctrl Pts',(4.48434080974286,-26.3867989755674,-17.7410664557838));
#6297=CARTESIAN_POINT('Ctrl Pts',(6.01614193879761,-26.1258208995509,-18.1251690917258));
#6298=CARTESIAN_POINT('Ctrl Pts',(7.02982386638864,-25.8948008156568,-18.3426803105764));
#6299=CARTESIAN_POINT('Ctrl Pts',(7.54797877044358,-25.7648572969235,-18.4463019046879));
#6300=CARTESIAN_POINT('',(-11.4957736375306,-19.9210237807864,-27.8381934143729));
#6301=CARTESIAN_POINT('Ctrl Pts',(-13.6800194228611,-23.6944886504716,-9.67323447715833));
#6302=CARTESIAN_POINT('Ctrl Pts',(-13.4997484025821,-23.3831808703168,-10.6907214126063));
#6303=CARTESIAN_POINT('Ctrl Pts',(-13.1420493230472,-22.7728325519058,-12.7332072614654));
#6304=CARTESIAN_POINT('Ctrl Pts',(-12.6091350568229,-21.8386674866138,-16.1311857833859));
#6305=CARTESIAN_POINT('Ctrl Pts',(-12.0396432312052,-20.8637214160515,-20.1319643020876));
#6306=CARTESIAN_POINT('Ctrl Pts',(-11.5645350346659,-20.0381969025648,-24.5233955844604));
#6307=CARTESIAN_POINT('Ctrl Pts',(-11.4958548128405,-19.9209769371604,-26.7475220853465));
#6308=CARTESIAN_POINT('Ctrl Pts',(-11.4957736375306,-19.9210237807864,-27.8381934143729));
#6309=CARTESIAN_POINT('',(4.01879331513411,-22.6461762840934,-30.5980630253407));
#6310=CARTESIAN_POINT('Ctrl Pts',(-11.4957736375306,-19.9210237807864,-27.8381934143729));
#6311=CARTESIAN_POINT('Ctrl Pts',(-11.3752674063646,-19.990563999735,-27.8381112647568));
#6312=CARTESIAN_POINT('Ctrl Pts',(-11.2543105723733,-20.05890618133,-27.8387037698674));
#6313=CARTESIAN_POINT('Ctrl Pts',(-11.1329862247366,-20.1260184268977,-27.8399769724471));
#6314=CARTESIAN_POINT('Ctrl Pts',(-11.019684214754,-20.1886930051285,-27.8411659869705));
#6315=CARTESIAN_POINT('Ctrl Pts',(-10.9060621471113,-20.2502950118267,-27.8429486731338));
#6316=CARTESIAN_POINT('Ctrl Pts',(-10.7921496403025,-20.3108223895863,-27.8453295445848));
#6317=CARTESIAN_POINT('Ctrl Pts',(-10.6839049597745,-20.3683381694802,-27.847591953488));
#6318=CARTESIAN_POINT('Ctrl Pts',(-10.5753983701187,-20.4248836986974,-27.8503945138086));
#6319=CARTESIAN_POINT('Ctrl Pts',(-10.4666140247631,-20.4804782868133,-27.8537405138826));
#6320=CARTESIAN_POINT('Ctrl Pts',(-10.3597506082248,-20.5350911781048,-27.8570274298306));
#6321=CARTESIAN_POINT('Ctrl Pts',(-10.2526196463457,-20.5887864558215,-27.8608387751386));
#6322=CARTESIAN_POINT('Ctrl Pts',(-10.1451589116968,-20.6416024246282,-27.8651769091062));
#6323=CARTESIAN_POINT('Ctrl Pts',(-10.0403057116204,-20.6931368140275,-27.8694097782594));
#6324=CARTESIAN_POINT('Ctrl Pts',(-9.93513049918365,-20.743837987861,-27.8741444827989));
#6325=CARTESIAN_POINT('Ctrl Pts',(-9.82957216963382,-20.7937373014559,-27.8793806128079));
#6326=CARTESIAN_POINT('Ctrl Pts',(-9.71913129696963,-20.8459446806582,-27.8848589371623));
#6327=CARTESIAN_POINT('Ctrl Pts',(-9.60827115368529,-20.8972739591133,-27.8908861201731));
#6328=CARTESIAN_POINT('Ctrl Pts',(-9.49697253462554,-20.9477328767714,-27.8974570101302));
#6329=CARTESIAN_POINT('Ctrl Pts',(-9.37901559646446,-21.0012104444191,-27.9044209964482));
#6330=CARTESIAN_POINT('Ctrl Pts',(-9.26056632956162,-21.0537099785936,-27.911995653622));
#6331=CARTESIAN_POINT('Ctrl Pts',(-9.14165560595688,-21.1052157719858,-27.9201701727838));
#6332=CARTESIAN_POINT('Ctrl Pts',(-9.01284641598803,-21.1610090539071,-27.9290251621378));
#6333=CARTESIAN_POINT('Ctrl Pts',(-8.88349606777245,-21.2156356935856,-27.9385839834052));
#6334=CARTESIAN_POINT('Ctrl Pts',(-8.75370152239767,-21.2690552130736,-27.9488282566701));
#6335=CARTESIAN_POINT('Ctrl Pts',(-8.60443281474115,-21.3304897102983,-27.9606095640179));
#6336=CARTESIAN_POINT('Ctrl Pts',(-8.45457725044088,-21.3903266693425,-27.9732973316584));
#6337=CARTESIAN_POINT('Ctrl Pts',(-8.30434949222956,-21.4484913108337,-27.9868589427124));
#6338=CARTESIAN_POINT('Ctrl Pts',(-8.11887041377049,-21.5203044313324,-28.003602819814));
#6339=CARTESIAN_POINT('Ctrl Pts',(-7.93282772209329,-21.5895651847137,-28.0216782683312));
#6340=CARTESIAN_POINT('Ctrl Pts',(-7.74669032523276,-21.6561489883346,-28.0410218521527));
#6341=CARTESIAN_POINT('Ctrl Pts',(-7.60529482487809,-21.7067280250423,-28.0557158134911));
#6342=CARTESIAN_POINT('Ctrl Pts',(-7.46384723421219,-21.7557625546315,-28.0711413954746));
#6343=CARTESIAN_POINT('Ctrl Pts',(-7.32254027519393,-21.8032200355398,-28.0872736666264));
#6344=CARTESIAN_POINT('Ctrl Pts',(-7.19242239008011,-21.8469197025025,-28.102128540151));
#6345=CARTESIAN_POINT('Ctrl Pts',(-7.06242488193684,-21.8892821999734,-28.117582536357));
#6346=CARTESIAN_POINT('Ctrl Pts',(-6.93266439372606,-21.9303024239057,-28.1336203180245));
#6347=CARTESIAN_POINT('Ctrl Pts',(-6.80695892077186,-21.9700407658401,-28.1491569190149));
#6348=CARTESIAN_POINT('Ctrl Pts',(-6.68147692884304,-22.008519435963,-28.1652413056461));
#6349=CARTESIAN_POINT('Ctrl Pts',(-6.55627574419825,-22.0457535223008,-28.181864776262));
#6350=CARTESIAN_POINT('Ctrl Pts',(-6.44339532674,-22.0793234858871,-28.1968523684964));
#6351=CARTESIAN_POINT('Ctrl Pts',(-6.33074320812122,-22.1118820386257,-28.2122781761058));
#6352=CARTESIAN_POINT('Ctrl Pts',(-6.21831515855204,-22.1434540347463,-28.2281405056132));
#6353=CARTESIAN_POINT('Ctrl Pts',(-6.11140737653961,-22.1734758317258,-28.2432239876418));
#6354=CARTESIAN_POINT('Ctrl Pts',(-6.00470243511946,-22.2026057301268,-28.2587021630134));
#6355=CARTESIAN_POINT('Ctrl Pts',(-5.89815026700761,-22.2308754534723,-28.2745781116059));
#6356=CARTESIAN_POINT('Ctrl Pts',(-5.78458096129922,-22.261006917804,-28.2914995923329));
#6357=CARTESIAN_POINT('Ctrl Pts',(-5.67117976687739,-22.2901628814555,-28.3088738751212));
#6358=CARTESIAN_POINT('Ctrl Pts',(-5.55784537579415,-22.3183860253999,-28.3267070357742));
#6359=CARTESIAN_POINT('Ctrl Pts',(-5.44585184710054,-22.3462752605292,-28.3443292117986));
#6360=CARTESIAN_POINT('Ctrl Pts',(-5.33392294575714,-22.3732534490251,-28.3623995003751));
#6361=CARTESIAN_POINT('Ctrl Pts',(-5.22201567242893,-22.3993426760007,-28.3809117615766));
#6362=CARTESIAN_POINT('Ctrl Pts',(-5.10315191530594,-22.4270536857191,-28.4005747991415));
#6363=CARTESIAN_POINT('Ctrl Pts',(-4.984312797807,-22.4537614207271,-28.4207363962678));
#6364=CARTESIAN_POINT('Ctrl Pts',(-4.86550721033205,-22.4794759633361,-28.4413765464769));
#6365=CARTESIAN_POINT('Ctrl Pts',(-4.73621191937663,-22.5074609204335,-28.4638390777716));
#6366=CARTESIAN_POINT('Ctrl Pts',(-4.60695673294294,-22.5342690911116,-28.4868682932133));
#6367=CARTESIAN_POINT('Ctrl Pts',(-4.47781804410462,-22.5599012755794,-28.5104251649162));
#6368=CARTESIAN_POINT('Ctrl Pts',(-4.32917831430423,-22.5894041380273,-28.537539324711));
#6369=CARTESIAN_POINT('Ctrl Pts',(-4.18069375480666,-22.6173482263129,-28.5653523217083));
#6370=CARTESIAN_POINT('Ctrl Pts',(-4.03255505691094,-22.6437298101038,-28.593790098074));
#6371=CARTESIAN_POINT('Ctrl Pts',(-3.84590291200576,-22.6769701400818,-28.6296211944072));
#6372=CARTESIAN_POINT('Ctrl Pts',(-3.65980447763544,-22.7077275441689,-28.6664430947467));
#6373=CARTESIAN_POINT('Ctrl Pts',(-3.47471297342539,-22.7360148168563,-28.7040953855276));
#6374=CARTESIAN_POINT('Ctrl Pts',(-3.33105570806599,-22.7579697534488,-28.7333189047333));
#6375=CARTESIAN_POINT('Ctrl Pts',(-3.18800825738959,-22.7784371410282,-28.7630420418398));
#6376=CARTESIAN_POINT('Ctrl Pts',(-3.0457617312856,-22.7974414239019,-28.7931953183179));
#6377=CARTESIAN_POINT('Ctrl Pts',(-2.92264326283331,-22.8138901785079,-28.8192938482468));
#6378=CARTESIAN_POINT('Ctrl Pts',(-2.80012555474071,-22.8292431701034,-28.8457144776869));
#6379=CARTESIAN_POINT('Ctrl Pts',(-2.67829449861266,-22.8435272797066,-28.8724205975734));
#6380=CARTESIAN_POINT('Ctrl Pts',(-2.56600938798984,-22.8566921727801,-28.8970341872528));
#6381=CARTESIAN_POINT('Ctrl Pts',(-2.45430798721615,-22.8689493290334,-28.9218901982555));
#6382=CARTESIAN_POINT('Ctrl Pts',(-2.34321492502786,-22.880326567056,-28.9469691243907));
#6383=CARTESIAN_POINT('Ctrl Pts',(-2.23832933481353,-22.8910680868367,-28.9706467323152));
#6384=CARTESIAN_POINT('Ctrl Pts',(-2.13398631291458,-22.9010254489667,-28.994522979922));
#6385=CARTESIAN_POINT('Ctrl Pts',(-2.03016168892201,-22.9102257412893,-29.018590961068));
#6386=CARTESIAN_POINT('Ctrl Pts',(-1.93121875280887,-22.9189934487992,-29.0415272995716));
#6387=CARTESIAN_POINT('Ctrl Pts',(-1.83274681943335,-22.9270737633287,-29.0646377251265));
#6388=CARTESIAN_POINT('Ctrl Pts',(-1.7346793194585,-22.934491223017,-29.0879258601741));
#6389=CARTESIAN_POINT('Ctrl Pts',(-1.60494094059052,-22.9443041497819,-29.1187348936329));
#6390=CARTESIAN_POINT('Ctrl Pts',(-1.47590674028294,-22.9529582250982,-29.1498565986207));
#6391=CARTESIAN_POINT('Ctrl Pts',(-1.34731804082146,-22.9605037857813,-29.1813181180933));
#6392=CARTESIAN_POINT('Ctrl Pts',(-1.25616664434994,-22.9658525325709,-29.203619933471));
#6393=CARTESIAN_POINT('Ctrl Pts',(-1.16523941907228,-22.9706436293286,-29.2260920362075));
#6394=CARTESIAN_POINT('Ctrl Pts',(-1.07450001181769,-22.9748873713149,-29.2487241907283));
#6395=CARTESIAN_POINT('Ctrl Pts',(-0.976912562830861,-22.9794513856404,
-29.273064378653));
#6396=CARTESIAN_POINT('Ctrl Pts',(-0.879542756121454,-22.9833820744234,
-29.2975894967255));
#6397=CARTESIAN_POINT('Ctrl Pts',(-0.782403131180036,-22.9866884378833,
-29.3222677572466));
#6398=CARTESIAN_POINT('Ctrl Pts',(-0.672746221308465,-22.9904208550112,
-29.3501260261187));
#6399=CARTESIAN_POINT('Ctrl Pts',(-0.563383299413971,-22.9933573489,-29.3781791097327));
#6400=CARTESIAN_POINT('Ctrl Pts',(-0.454395785376792,-22.9955109634518,
-29.4063618147639));
#6401=CARTESIAN_POINT('Ctrl Pts',(-0.28932903645074,-22.9987727146317,-29.44904585556));
#6402=CARTESIAN_POINT('Ctrl Pts',(-0.125126323583766,-23.0002367051905,
-29.4920249714976));
#6403=CARTESIAN_POINT('Ctrl Pts',(0.0378001013638717,-22.9999689380733,
-29.5350445095299));
#6404=CARTESIAN_POINT('Ctrl Pts',(0.147043352299079,-22.9997893984413,-29.5638893957408));
#6405=CARTESIAN_POINT('Ctrl Pts',(0.255709330535403,-22.9988320392715,-29.5927516559545));
#6406=CARTESIAN_POINT('Ctrl Pts',(0.363688570706284,-22.9971243990099,-29.6215663098028));
#6407=CARTESIAN_POINT('Ctrl Pts',(0.458369403202921,-22.9956270667328,-29.6468322350875));
#6408=CARTESIAN_POINT('Ctrl Pts',(0.552521472114971,-22.993553110324,-29.6720613434351));
#6409=CARTESIAN_POINT('Ctrl Pts',(0.646104045313858,-22.9909231994418,-29.6972254286647));
#6410=CARTESIAN_POINT('Ctrl Pts',(0.732753323919266,-22.9884881319612,-29.7205251708857));
#6411=CARTESIAN_POINT('Ctrl Pts',(0.818913922382761,-22.9855766090074,-29.7437690281415));
#6412=CARTESIAN_POINT('Ctrl Pts',(0.90459173894771,-22.9822042847467,-29.7669512848192));
#6413=CARTESIAN_POINT('Ctrl Pts',(0.985682761437854,-22.9790124991312,-29.7888924706826));
#6414=CARTESIAN_POINT('Ctrl Pts',(1.06634100148575,-22.975408079236,-29.8107783718002));
#6415=CARTESIAN_POINT('Ctrl Pts',(1.1466123228178,-22.971401354318,-29.8326213875994));
#6416=CARTESIAN_POINT('Ctrl Pts',(1.22927285756042,-22.9672753723509,-29.8551145437652));
#6417=CARTESIAN_POINT('Ctrl Pts',(1.311522239462,-22.9627230263266,-29.8775619064206));
#6418=CARTESIAN_POINT('Ctrl Pts',(1.39346509088543,-22.9577493461464,-29.8999995736889));
#6419=CARTESIAN_POINT('Ctrl Pts',(1.468352971481,-22.9532038810937,-29.9205054423284));
#6420=CARTESIAN_POINT('Ctrl Pts',(1.5429920170242,-22.9483059737343,-29.9410073047622));
#6421=CARTESIAN_POINT('Ctrl Pts',(1.61744922299458,-22.943056858471,-29.9615168145666));
#6422=CARTESIAN_POINT('Ctrl Pts',(1.6966000598766,-22.9374768496516,-29.9833192021784));
#6423=CARTESIAN_POINT('Ctrl Pts',(1.77554514101163,-22.9314998401955,-30.0051299198603));
#6424=CARTESIAN_POINT('Ctrl Pts',(1.85431615881235,-22.9251283874958,-30.0269269199083));
#6425=CARTESIAN_POINT('Ctrl Pts',(1.94021378243469,-22.9181804939533,-30.0506959476356));
#6426=CARTESIAN_POINT('Ctrl Pts',(2.02590401529542,-22.9107634220798,-30.0744481590874));
#6427=CARTESIAN_POINT('Ctrl Pts',(2.11137666599262,-22.9028838484218,-30.0981196202457));
#6428=CARTESIAN_POINT('Ctrl Pts',(2.21430511266452,-22.893395055569,-30.126625425408));
#6429=CARTESIAN_POINT('Ctrl Pts',(2.31691741387191,-22.883235307111,-30.1550129930919));
#6430=CARTESIAN_POINT('Ctrl Pts',(2.41913067999694,-22.8724245927951,-30.1831334400113));
#6431=CARTESIAN_POINT('Ctrl Pts',(2.53673086077939,-22.8599864621479,-30.2154870646119));
#6432=CARTESIAN_POINT('Ctrl Pts',(2.65379841897513,-22.8466867472463,-30.2474823246149));
#6433=CARTESIAN_POINT('Ctrl Pts',(2.77016868491396,-22.8325680872109,-30.2788955861763));
#6434=CARTESIAN_POINT('Ctrl Pts',(2.85843231756594,-22.8218594735212,-30.3027216774591));
#6435=CARTESIAN_POINT('Ctrl Pts',(2.94629322115873,-22.8106801924096,-30.3262123351788));
#6436=CARTESIAN_POINT('Ctrl Pts',(3.03369646218269,-22.799050106865,-30.3493006866071));
#6437=CARTESIAN_POINT('Ctrl Pts',(3.1121882923999,-22.7886057950834,-30.3700350088025));
#6438=CARTESIAN_POINT('Ctrl Pts',(3.19031045831895,-22.7777981211059,-30.3904445274814));
#6439=CARTESIAN_POINT('Ctrl Pts',(3.26805064867062,-22.7666388594743,-30.4105148821656));
#6440=CARTESIAN_POINT('Ctrl Pts',(3.33872160004711,-22.756494355935,-30.4287601559883));
#6441=CARTESIAN_POINT('Ctrl Pts',(3.40907670811102,-22.7460594200765,-30.446725075666));
#6442=CARTESIAN_POINT('Ctrl Pts',(3.47913529591893,-22.7353385194215,-30.4644311138269));
#6443=CARTESIAN_POINT('Ctrl Pts',(3.54651007387062,-22.7250283158665,-30.4814588676944));
#6444=CARTESIAN_POINT('Ctrl Pts',(3.61361033472453,-22.7144537691047,-30.4982469616465));
#6445=CARTESIAN_POINT('Ctrl Pts',(3.68048449469502,-22.7036127936571,-30.5148482813571));
#6446=CARTESIAN_POINT('Ctrl Pts',(3.74414007224355,-22.6932935828646,-30.5306505971502));
#6447=CARTESIAN_POINT('Ctrl Pts',(3.80759067328877,-22.6827330677145,-30.5462836022494));
#6448=CARTESIAN_POINT('Ctrl Pts',(3.87090957248341,-22.6719222626062,-30.5618262198773));
#6449=CARTESIAN_POINT('Ctrl Pts',(3.9202670281874,-22.6634951762063,-30.5739417820688));
#6450=CARTESIAN_POINT('Ctrl Pts',(3.96954501882109,-22.6549158930023,-30.5860030187929));
#6451=CARTESIAN_POINT('Ctrl Pts',(4.01879331513411,-22.6461762840934,-30.5980630253407));
#6452=CARTESIAN_POINT('Ctrl Pts',(7.54798368982266,-25.7650488022884,-18.4464205954158));
#6453=CARTESIAN_POINT('Ctrl Pts',(6.98788010709778,-24.7967763795221,-20.0319773560956));
#6454=CARTESIAN_POINT('Ctrl Pts',(5.69219436753973,-23.0198400707729,-24.035340591786));
#6455=CARTESIAN_POINT('Ctrl Pts',(4.5682966695153,-22.5486613491424,-28.2834418595021));
#6456=CARTESIAN_POINT('Ctrl Pts',(4.01879331513411,-22.6461762840934,-30.5980630253407));
#6457=CARTESIAN_POINT('Ctrl Pts',(-13.6800194228611,-23.6944886504716,-9.67323447715833));
#6458=CARTESIAN_POINT('Ctrl Pts',(-13.4997484025821,-23.3831808703168,-10.6907214126063));
#6459=CARTESIAN_POINT('Ctrl Pts',(-13.1420493230472,-22.7728325519058,-12.7332072614654));
#6460=CARTESIAN_POINT('Ctrl Pts',(-12.6091350568229,-21.8386674866138,-16.1311857833859));
#6461=CARTESIAN_POINT('Ctrl Pts',(-12.0396432312052,-20.8637214160515,-20.1319643020876));
#6462=CARTESIAN_POINT('Ctrl Pts',(-11.5645350346659,-20.0381969025648,-24.5233955844604));
#6463=CARTESIAN_POINT('Ctrl Pts',(-11.4958548128405,-19.9209769371604,-26.7475220853465));
#6464=CARTESIAN_POINT('Ctrl Pts',(-11.4957736375306,-19.9210237807864,-27.8381934143729));
#6465=CARTESIAN_POINT('Ctrl Pts',(-13.8692834269736,-23.530519978674,-9.80721433555369));
#6466=CARTESIAN_POINT('Ctrl Pts',(-13.6857192794038,-23.2254248886379,-10.8157963127212));
#6467=CARTESIAN_POINT('Ctrl Pts',(-13.3238906463624,-22.6249844040616,-12.8459840473705));
#6468=CARTESIAN_POINT('Ctrl Pts',(-12.7913582865221,-21.6996523606771,-16.2294827135302));
#6469=CARTESIAN_POINT('Ctrl Pts',(-12.2356273045546,-20.7282920549746,-20.2097959578685));
#6470=CARTESIAN_POINT('Ctrl Pts',(-11.7966561827573,-19.9004826550972,-24.5559084269834));
#6471=CARTESIAN_POINT('Ctrl Pts',(-11.7554393337646,-19.7711776675107,-26.7572715943079));
#6472=CARTESIAN_POINT('Ctrl Pts',(-11.7722864134484,-19.7614572688031,-27.8383819143217));
#6473=CARTESIAN_POINT('Ctrl Pts',(-14.2482317224604,-23.2034577741009,-10.0750727669485));
#6474=CARTESIAN_POINT('Ctrl Pts',(-14.0583666140581,-22.9098389263063,-11.0667782204));
#6475=CARTESIAN_POINT('Ctrl Pts',(-13.6890638689964,-22.3265496640635,-13.07477506511));
#6476=CARTESIAN_POINT('Ctrl Pts',(-13.157205827864,-21.41664963455,-16.4298070088979));
#6477=CARTESIAN_POINT('Ctrl Pts',(-12.6298051798752,-20.4491945408229,-20.3695579621781));
#6478=CARTESIAN_POINT('Ctrl Pts',(-12.2611343101705,-19.6145069871299,-24.6245875949531));
#6479=CARTESIAN_POINT('Ctrl Pts',(-12.2719638890472,-19.4596020076963,-26.7821191194239));
#6480=CARTESIAN_POINT('Ctrl Pts',(-12.3206386044779,-19.4296233377699,-27.8458624848779));
#6481=CARTESIAN_POINT('Ctrl Pts',(-14.8207683120619,-22.7110778319969,-10.4785694548558));
#6482=CARTESIAN_POINT('Ctrl Pts',(-14.622319182282,-22.4315553116293,-11.4481925877271));
#6483=CARTESIAN_POINT('Ctrl Pts',(-14.2431476585518,-21.8665248944789,-13.4290289793242));
#6484=CARTESIAN_POINT('Ctrl Pts',(-13.7117059339775,-20.9735719413961,-16.7426245569052));
#6485=CARTESIAN_POINT('Ctrl Pts',(-13.2273586002018,-20.0034369923315,-20.6215862842004));
#6486=CARTESIAN_POINT('Ctrl Pts',(-12.9542809292859,-19.154556499578,-24.7385030161635));
#6487=CARTESIAN_POINT('Ctrl Pts',(-13.0312982541026,-18.9597268458052,-26.8355642014279));
#6488=CARTESIAN_POINT('Ctrl Pts',(-13.1198440110248,-18.899037094959,-27.8779563967667));
#6489=CARTESIAN_POINT('Ctrl Pts',(-15.4004653777241,-22.2113586789781,-10.8870303568552));
#6490=CARTESIAN_POINT('Ctrl Pts',(-15.1944987573635,-21.9418551480052,-11.8390139320371));
#6491=CARTESIAN_POINT('Ctrl Pts',(-14.8043831687363,-21.3908038719045,-13.7943560082658));
#6492=CARTESIAN_POINT('Ctrl Pts',(-14.273112561645,-20.5076465275025,-17.0695197019784));
#6493=CARTESIAN_POINT('Ctrl Pts',(-13.8296169650509,-19.5289816306323,-20.8856612821189));
#6494=CARTESIAN_POINT('Ctrl Pts',(-13.6386847775883,-18.6654655419426,-24.8632714096177));
#6495=CARTESIAN_POINT('Ctrl Pts',(-13.7675726256119,-18.4322218267599,-26.9054377062817));
#6496=CARTESIAN_POINT('Ctrl Pts',(-13.8869813847104,-18.3424630541214,-27.9306288973952));
#6497=CARTESIAN_POINT('Ctrl Pts',(-15.99068569777,-21.697418011798,-11.3043532694468));
#6498=CARTESIAN_POINT('Ctrl Pts',(-15.7772533612147,-21.4348278263814,-12.2414601523133));
#6499=CARTESIAN_POINT('Ctrl Pts',(-15.3741877056327,-20.8949599938411,-14.1716383012139));
#6500=CARTESIAN_POINT('Ctrl Pts',(-14.8430057142483,-20.0135953134184,-17.4122863840627));
#6501=CARTESIAN_POINT('Ctrl Pts',(-14.4355270562613,-19.0240301871976,-21.1611735871739));
#6502=CARTESIAN_POINT('Ctrl Pts',(-14.3112581420327,-18.1484054280329,-24.9989359899383));
#6503=CARTESIAN_POINT('Ctrl Pts',(-14.4773450141696,-17.8804051196844,-26.9922353047491));
#6504=CARTESIAN_POINT('Ctrl Pts',(-14.6191056295495,-17.7642712486721,-28.0038877955426));
#6505=CARTESIAN_POINT('Ctrl Pts',(-16.5950404352956,-21.1616406221678,-11.7332880192661));
#6506=CARTESIAN_POINT('Ctrl Pts',(-16.373453505273,-20.9038219423818,-12.6568427498514));
#6507=CARTESIAN_POINT('Ctrl Pts',(-15.9557281781694,-20.3722261541648,-14.5626531427906));
#6508=CARTESIAN_POINT('Ctrl Pts',(-15.4247827189324,-19.4843027242252,-17.7721233132689));
#6509=CARTESIAN_POINT('Ctrl Pts',(-15.0481305249459,-18.4834882116384,-21.4476388313348));
#6510=CARTESIAN_POINT('Ctrl Pts',(-14.9763449776191,-17.5987786759399,-25.1459919444308));
#6511=CARTESIAN_POINT('Ctrl Pts',(-15.166780661287,-17.2998671524007,-27.097021941478));
#6512=CARTESIAN_POINT('Ctrl Pts',(-15.3234540998743,-17.1603643648171,-28.0982334635623));
#6513=CARTESIAN_POINT('Ctrl Pts',(-17.2186455581142,-20.5942754071948,-12.1758985931924));
#6514=CARTESIAN_POINT('Ctrl Pts',(-16.988013223491,-20.339490534768,-13.0865501072388));
#6515=CARTESIAN_POINT('Ctrl Pts',(-16.5551386079257,-19.8117046645601,-14.9702192743908));
#6516=CARTESIAN_POINT('Ctrl Pts',(-16.0239604057525,-18.9100027563705,-18.1492812950205));
#6517=CARTESIAN_POINT('Ctrl Pts',(-15.6724654464708,-17.8993418820934,-21.7442512068142));
#6518=CARTESIAN_POINT('Ctrl Pts',(-15.6371149509251,-17.0113385301752,-25.3042214787952));
#6519=CARTESIAN_POINT('Ctrl Pts',(-15.8373704411775,-16.6884505601772,-27.219655162669));
#6520=CARTESIAN_POINT('Ctrl Pts',(-16.0005621893472,-16.5307148814658,-28.2126580298528));
#6521=CARTESIAN_POINT('Ctrl Pts',(-17.8654192605037,-19.9848246495954,-12.6335521035791));
#6522=CARTESIAN_POINT('Ctrl Pts',(-17.6247260922162,-19.7314541687842,-13.5318773897344));
#6523=CARTESIAN_POINT('Ctrl Pts',(-17.1772859566912,-19.2004327170203,-15.3978631131324));
#6524=CARTESIAN_POINT('Ctrl Pts',(-16.6415772590176,-18.283462989789,-18.5419663506906));
#6525=CARTESIAN_POINT('Ctrl Pts',(-16.3068131161764,-17.2678992264793,-22.0488693890312));
#6526=CARTESIAN_POINT('Ctrl Pts',(-16.2879204672476,-16.3879840246275,-25.4719884835244));
#6527=CARTESIAN_POINT('Ctrl Pts',(-16.4828861710495,-16.0512083616589,-27.3586322811509));
#6528=CARTESIAN_POINT('Ctrl Pts',(-16.6441503788892,-15.8822301234642,-28.3448741098106));
#6529=CARTESIAN_POINT('Ctrl Pts',(-18.5375917529218,-19.3220768904861,-13.1075000122381));
#6530=CARTESIAN_POINT('Ctrl Pts',(-18.2859770037814,-19.0679968962644,-13.9947772373671));
#6531=CARTESIAN_POINT('Ctrl Pts',(-17.8231476805676,-18.5272724114071,-15.8463692541674));
#6532=CARTESIAN_POINT('Ctrl Pts',(-17.275242277036,-17.5998041676475,-18.9472729987658));
#6533=CARTESIAN_POINT('Ctrl Pts',(-16.9453151334954,-16.5893367015871,-22.3583550294123));
#6534=CARTESIAN_POINT('Ctrl Pts',(-16.9204015345356,-15.7345052328743,-25.6474121117322));
#6535=CARTESIAN_POINT('Ctrl Pts',(-17.0962731968828,-15.3959050928232,-27.5122344227083));
#6536=CARTESIAN_POINT('Ctrl Pts',(-17.2480855457258,-15.2237294479753,-28.4924989992966));
#6537=CARTESIAN_POINT('Ctrl Pts',(-19.2372148230665,-18.5915307739422,-13.6008166789865));
#6538=CARTESIAN_POINT('Ctrl Pts',(-18.973820642485,-18.3339090916226,-14.4789357407318));
#6539=CARTESIAN_POINT('Ctrl Pts',(-18.4899139236156,-17.7846739562322,-16.3127315986052));
#6540=CARTESIAN_POINT('Ctrl Pts',(-17.9206725750731,-16.8557076547964,-19.361834253897));
#6541=CARTESIAN_POINT('Ctrl Pts',(-17.5804482204266,-15.866434573715,-22.6692728355514));
#6542=CARTESIAN_POINT('Ctrl Pts',(-17.5270421316318,-15.0577739662146,-25.829280280222));
#6543=CARTESIAN_POINT('Ctrl Pts',(-17.6731219456255,-14.7296319471768,-27.6792229876008));
#6544=CARTESIAN_POINT('Ctrl Pts',(-17.8099474645519,-14.5619677245181,-28.6538121273352));
#6545=CARTESIAN_POINT('Ctrl Pts',(-19.9645150863332,-17.7775537262921,-14.1154094207808));
#6546=CARTESIAN_POINT('Ctrl Pts',(-19.6862008599934,-17.5172592442244,-14.9830887686814));
#6547=CARTESIAN_POINT('Ctrl Pts',(-19.1738761424085,-16.96559255622,-16.7935054848904));
#6548=CARTESIAN_POINT('Ctrl Pts',(-18.5727146486647,-16.0493902275696,-19.7814681582891));
#6549=CARTESIAN_POINT('Ctrl Pts',(-18.2059600887691,-15.1020932306499,-22.9788807972979));
#6550=CARTESIAN_POINT('Ctrl Pts',(-18.1060579276873,-14.3598302212603,-26.0184680916314));
#6551=CARTESIAN_POINT('Ctrl Pts',(-18.2172992702042,-14.0506319420502,-27.8605648972636));
#6552=CARTESIAN_POINT('Ctrl Pts',(-18.3361782624242,-13.8932756527606,-28.8294376393058));
#6553=CARTESIAN_POINT('Ctrl Pts',(-20.7174431742814,-16.8657285314232,-14.6494400176667));
#6554=CARTESIAN_POINT('Ctrl Pts',(-20.4203115089036,-16.6064024369346,-15.503873435649));
#6555=CARTESIAN_POINT('Ctrl Pts',(-19.8724177259362,-16.0617985534947,-17.2847183534612));
#6556=CARTESIAN_POINT('Ctrl Pts',(-19.2300816364769,-15.1745277842223,-20.2034128137996));
#6557=CARTESIAN_POINT('Ctrl Pts',(-18.8216231824188,-14.2923766406871,-23.2868807623789));
#6558=CARTESIAN_POINT('Ctrl Pts',(-18.6622656032082,-13.6334172991068,-26.218270647963));
#6559=CARTESIAN_POINT('Ctrl Pts',(-18.7342448529763,-13.3531547633634,-28.0569372180692));
#6560=CARTESIAN_POINT('Ctrl Pts',(-18.831836864901,-13.2134173187832,-29.0186197163179));
#6561=CARTESIAN_POINT('Ctrl Pts',(-21.4918770575909,-15.8426206332246,-15.1980117186223));
#6562=CARTESIAN_POINT('Ctrl Pts',(-21.1720720756877,-15.5900694909721,-16.0359343084414));
#6563=CARTESIAN_POINT('Ctrl Pts',(-20.5825563248581,-15.0640906859204,-17.7818361118003));
#6564=CARTESIAN_POINT('Ctrl Pts',(-19.8880731574986,-14.2272915801624,-20.6233160675701));
#6565=CARTESIAN_POINT('Ctrl Pts',(-19.4214545301428,-13.4388497948167,-23.5914914579776));
#6566=CARTESIAN_POINT('Ctrl Pts',(-19.1912924321409,-12.8815593097466,-26.428318817931));
#6567=CARTESIAN_POINT('Ctrl Pts',(-19.2203181908438,-12.6428014121542,-28.2647149294674));
#6568=CARTESIAN_POINT('Ctrl Pts',(-19.2939865803388,-12.5285267796947,-29.2168267015446));
#6569=CARTESIAN_POINT('Ctrl Pts',(-22.2748439234319,-14.7055557402602,-15.7511571088821));
#6570=CARTESIAN_POINT('Ctrl Pts',(-21.9293607211095,-14.4665223659359,-16.5701864581212));
#6571=CARTESIAN_POINT('Ctrl Pts',(-21.2934879518075,-13.9709824940663,-18.2775652413898));
#6572=CARTESIAN_POINT('Ctrl Pts',(-20.5309414398439,-13.2195844638849,-21.0325724014385));
#6573=CARTESIAN_POINT('Ctrl Pts',(-19.9929891686284,-12.5527852796752,-23.8896423357435));
#6574=CARTESIAN_POINT('Ctrl Pts',(-19.6857873710244,-12.1137721622407,-26.6471202947266));
#6575=CARTESIAN_POINT('Ctrl Pts',(-19.67071737192,-11.9290438123322,-28.4794080095925));
#6576=CARTESIAN_POINT('Ctrl Pts',(-19.719294645921,-11.8472283483646,-29.4192109820002));
#6577=CARTESIAN_POINT('Ctrl Pts',(-23.0491589613591,-13.4590405581073,-16.297874468273));
#6578=CARTESIAN_POINT('Ctrl Pts',(-22.6753855510252,-13.2413529486445,-17.0962967524904));
#6579=CARTESIAN_POINT('Ctrl Pts',(-21.9834522342847,-12.8009023978175,-18.7582013270708));
#6580=CARTESIAN_POINT('Ctrl Pts',(-21.1409578957023,-12.1702341511112,-21.4243213753712));
#6581=CARTESIAN_POINT('Ctrl Pts',(-20.52388763841,-11.6491367954761,-24.1796012772029));
#6582=CARTESIAN_POINT('Ctrl Pts',(-20.1407460603648,-11.3397359239822,-26.8742512724608));
#6583=CARTESIAN_POINT('Ctrl Pts',(-20.0830484937808,-11.2201378137066,-28.6975670871484));
#6584=CARTESIAN_POINT('Ctrl Pts',(-20.1072009512723,-11.1756544921953,-29.6225033291159));
#6585=CARTESIAN_POINT('Ctrl Pts',(-23.7904258537432,-12.1249692817265,-16.8216038917984));
#6586=CARTESIAN_POINT('Ctrl Pts',(-23.3843814584502,-11.941685891759,-17.597333184742));
#6587=CARTESIAN_POINT('Ctrl Pts',(-22.6299190747639,-11.5818584797321,-19.2119134888178));
#6588=CARTESIAN_POINT('Ctrl Pts',(-21.7037972498236,-11.0980228221808,-21.7962255575581));
#6589=CARTESIAN_POINT('Ctrl Pts',(-21.0081991136496,-10.7368306204254,-24.4641684682871));
#6590=CARTESIAN_POINT('Ctrl Pts',(-20.5596332711714,-10.5574677278558,-27.1159872707162));
#6591=CARTESIAN_POINT('Ctrl Pts',(-20.4624376809874,-10.5119564513979,-28.9216165988225));
#6592=CARTESIAN_POINT('Ctrl Pts',(-20.4643290512303,-10.5071617581983,-29.8294392637111));
#6593=CARTESIAN_POINT('Ctrl Pts',(-24.4744161105765,-10.7360753305088,-17.3071182572339));
#6594=CARTESIAN_POINT('Ctrl Pts',(-24.0360191306433,-10.5955917697713,-18.0629299190667));
#6595=CARTESIAN_POINT('Ctrl Pts',(-23.2215474964046,-10.3284586081863,-19.637910316548));
#6596=CARTESIAN_POINT('Ctrl Pts',(-22.2171220990774,-10.0021804324077,-22.1559981902039));
#6597=CARTESIAN_POINT('Ctrl Pts',(-21.450032186627,-9.80632776839426,-24.7545306225723));
#6598=CARTESIAN_POINT('Ctrl Pts',(-20.9496881420233,-9.75577089504069,-27.3768488732605));
#6599=CARTESIAN_POINT('Ctrl Pts',(-20.8145506023296,-9.79620146421321,-29.1521567798914));
#6600=CARTESIAN_POINT('Ctrl Pts',(-20.7957975926323,-9.83461600037246,-30.0391866800277));
#6601=CARTESIAN_POINT('Ctrl Pts',(-25.0910407803715,-9.30984634261107,-17.7449808838435));
#6602=CARTESIAN_POINT('Ctrl Pts',(-24.6231139704663,-9.21317853477913,-18.4876675867874));
#6603=CARTESIAN_POINT('Ctrl Pts',(-23.7525211567659,-9.04360823919849,-20.0354622206469));
#6604=CARTESIAN_POINT('Ctrl Pts',(-22.6755028141129,-8.8846803495781,-22.5040593453089));
#6605=CARTESIAN_POINT('Ctrl Pts',(-21.8493628870427,-8.85561828074973,-25.0505911913998));
#6606=CARTESIAN_POINT('Ctrl Pts',(-21.307602649604,-8.94177151513008,-27.6436233700902));
#6607=CARTESIAN_POINT('Ctrl Pts',(-21.1375841684967,-9.07815305198355,-29.3789534291005));
#6608=CARTESIAN_POINT('Ctrl Pts',(-21.1001553389479,-9.1629976931322,-30.2419271006047));
#6609=CARTESIAN_POINT('Ctrl Pts',(-25.6331385215123,-7.85277860473297,-18.125956939636));
#6610=CARTESIAN_POINT('Ctrl Pts',(-25.1356515363193,-7.80336048760332,-18.8630006603035));
#6611=CARTESIAN_POINT('Ctrl Pts',(-24.2124473782077,-7.73753881350692,-20.3976815875374));
#6612=CARTESIAN_POINT('Ctrl Pts',(-23.0736928306353,-7.75342931440534,-22.8319057804955));
#6613=CARTESIAN_POINT('Ctrl Pts',(-22.2085071527581,-7.88400695731297,-25.3488344152031));
#6614=CARTESIAN_POINT('Ctrl Pts',(-21.6284330546152,-8.12872018584988,-27.899759501381));
#6615=CARTESIAN_POINT('Ctrl Pts',(-21.4296345713839,-8.3655828991701,-29.5916487841539));
#6616=CARTESIAN_POINT('Ctrl Pts',(-21.3760240134045,-8.49899754927294,-30.4286598133898));
#6617=CARTESIAN_POINT('Ctrl Pts',(-25.9404672962514,-6.8593942564029,-18.3426803324074));
#6618=CARTESIAN_POINT('Ctrl Pts',(-25.4259503459562,-6.84227068721228,-19.0806793409489));
#6619=CARTESIAN_POINT('Ctrl Pts',(-24.4738074293729,-6.84827233010036,-20.6145082864658));
#6620=CARTESIAN_POINT('Ctrl Pts',(-23.306752611393,-6.97910409647271,-23.0407938379846));
#6621=CARTESIAN_POINT('Ctrl Pts',(-22.4197056852342,-7.22835312259882,-25.5403177226555));
#6622=CARTESIAN_POINT('Ctrl Pts',(-21.8184765352215,-7.58901489254926,-28.0606571809423));
#6623=CARTESIAN_POINT('Ctrl Pts',(-21.6045442319287,-7.89543541881724,-29.7225605157578));
#6624=CARTESIAN_POINT('Ctrl Pts',(-21.5419899545671,-8.06207930905449,-30.5417980695218));
#6625=CARTESIAN_POINT('Ctrl Pts',(-26.0870103583106,-6.345687184119,-18.4463019252452));
#6626=CARTESIAN_POINT('Ctrl Pts',(-25.5640184032814,-6.34568718411901,-19.1859242410595));
#6627=CARTESIAN_POINT('Ctrl Pts',(-24.5980839879897,-6.38923318244941,-20.7217408342856));
#6628=CARTESIAN_POINT('Ctrl Pts',(-23.4168538869744,-6.58247165421234,-23.1456590683445));
#6629=CARTESIAN_POINT('Ctrl Pts',(-22.5191821676036,-6.89575215543523,-25.6365903078071));
#6630=CARTESIAN_POINT('Ctrl Pts',(-21.90876661486,-7.31682731050403,-28.1415544913223));
#6631=CARTESIAN_POINT('Ctrl Pts',(-21.6881661029022,-7.65908645475742,-29.7879456473863));
#6632=CARTESIAN_POINT('Ctrl Pts',(-21.6215606616878,-7.84271091861449,-30.5980630561106));
#6633=CARTESIAN_POINT('',(-26.0870103583106,-6.345687184119,-18.4463019252452));
#6634=CARTESIAN_POINT('Ctrl Pts',(-13.6800194228611,-23.6944886504716,-9.67323447715833));
#6635=CARTESIAN_POINT('Ctrl Pts',(-13.8692834269736,-23.530519978674,-9.80721433555369));
#6636=CARTESIAN_POINT('Ctrl Pts',(-14.2482317224604,-23.2034577741009,-10.0750727669485));
#6637=CARTESIAN_POINT('Ctrl Pts',(-14.8207683120619,-22.7110778319969,-10.4785694548558));
#6638=CARTESIAN_POINT('Ctrl Pts',(-15.4004653777241,-22.2113586789781,-10.8870303568552));
#6639=CARTESIAN_POINT('Ctrl Pts',(-15.99068569777,-21.697418011798,-11.3043532694468));
#6640=CARTESIAN_POINT('Ctrl Pts',(-16.5950404352957,-21.1616406221677,-11.7332880192661));
#6641=CARTESIAN_POINT('Ctrl Pts',(-17.2186455581142,-20.5942754071948,-12.1758985931924));
#6642=CARTESIAN_POINT('Ctrl Pts',(-17.8654192605038,-19.9848246495954,-12.6335521035791));
#6643=CARTESIAN_POINT('Ctrl Pts',(-18.5375917529218,-19.3220768904861,-13.1075000122381));
#6644=CARTESIAN_POINT('Ctrl Pts',(-19.2372148230665,-18.5915307739422,-13.6008166789864));
#6645=CARTESIAN_POINT('Ctrl Pts',(-19.9645150863331,-17.7775537262921,-14.1154094207808));
#6646=CARTESIAN_POINT('Ctrl Pts',(-20.7174431742814,-16.8657285314232,-14.6494400176667));
#6647=CARTESIAN_POINT('Ctrl Pts',(-21.4918770575909,-15.8426206332246,-15.1980117186223));
#6648=CARTESIAN_POINT('Ctrl Pts',(-22.2748439234319,-14.7055557402602,-15.7511571088821));
#6649=CARTESIAN_POINT('Ctrl Pts',(-23.0491589613591,-13.4590405581073,-16.297874468273));
#6650=CARTESIAN_POINT('Ctrl Pts',(-23.7904258537432,-12.1249692817265,-16.8216038917984));
#6651=CARTESIAN_POINT('Ctrl Pts',(-24.4744161105765,-10.7360753305088,-17.3071182572339));
#6652=CARTESIAN_POINT('Ctrl Pts',(-25.0910407803715,-9.30984634261108,-17.7449808838435));
#6653=CARTESIAN_POINT('Ctrl Pts',(-25.6331385215123,-7.85277860473296,-18.125956939636));
#6654=CARTESIAN_POINT('Ctrl Pts',(-25.9404672962515,-6.85939425640289,-18.3426803324074));
#6655=CARTESIAN_POINT('Ctrl Pts',(-26.0870103583106,-6.345687184119,-18.4463019252451));
#6656=CARTESIAN_POINT('',(-21.6215606616878,-7.84271091861448,-30.5980630561106));
#6657=CARTESIAN_POINT('Ctrl Pts',(-21.6215606616878,-7.84271091861448,-30.5980630561106));
#6658=CARTESIAN_POINT('Ctrl Pts',(-21.8118619223005,-7.31806959330857,-28.2834418883267));
#6659=CARTESIAN_POINT('Ctrl Pts',(-22.7818883668803,-6.58033748059859,-24.0353151090782));
#6660=CARTESIAN_POINT('Ctrl Pts',(-24.9685892839032,-6.34670776200758,-20.0319672508226));
#6661=CARTESIAN_POINT('Ctrl Pts',(-26.0871787730516,-6.34577873429447,-18.4464206906624));
#6662=CARTESIAN_POINT('Ctrl Pts',(-21.6215606616878,-7.84271091861448,-30.5980630561106));
#6663=CARTESIAN_POINT('Ctrl Pts',(-21.5962544208878,-7.91247766461026,-30.5801688416346));
#6664=CARTESIAN_POINT('Ctrl Pts',(-21.5706097614555,-7.98212515916522,-30.5622713962993));
#6665=CARTESIAN_POINT('Ctrl Pts',(-21.5445824526246,-8.05176793891009,-30.544249753641));
#6666=CARTESIAN_POINT('Ctrl Pts',(-21.5176998524894,-8.12369927120221,-30.5256358963072));
#6667=CARTESIAN_POINT('Ctrl Pts',(-21.4904089894489,-8.19562541133442,-30.5068896452235));
#6668=CARTESIAN_POINT('Ctrl Pts',(-21.4626711300653,-8.26763254884134,-30.487918250868));
#6669=CARTESIAN_POINT('Ctrl Pts',(-21.433848775162,-8.34245502321096,-30.4682051124616));
#6670=CARTESIAN_POINT('Ctrl Pts',(-21.4045437430406,-8.41736475737543,-30.448248999954));
#6671=CARTESIAN_POINT('Ctrl Pts',(-21.3747239819436,-8.49241865994161,-30.4279872868286));
#6672=CARTESIAN_POINT('Ctrl Pts',(-21.3434653107959,-8.57109418155437,-30.4067478736282));
#6673=CARTESIAN_POINT('Ctrl Pts',(-21.3116410029108,-8.64992787538625,-30.385172800917));
#6674=CARTESIAN_POINT('Ctrl Pts',(-21.2792271008082,-8.72894575491396,-30.363232632782));
#6675=CARTESIAN_POINT('Ctrl Pts',(-21.2447728860801,-8.81293746254548,-30.3399114275256));
#6676=CARTESIAN_POINT('Ctrl Pts',(-21.209652499452,-8.89713694205545,-30.316177905894));
#6677=CARTESIAN_POINT('Ctrl Pts',(-21.1738519736516,-8.98153620478658,-30.2920413878389));
#6678=CARTESIAN_POINT('Ctrl Pts',(-21.1348223927795,-9.07354792183989,-30.2657278585725));
#6679=CARTESIAN_POINT('Ctrl Pts',(-21.0949844705728,-9.16579657598493,-30.238935625819));
#6680=CARTESIAN_POINT('Ctrl Pts',(-21.0543373490936,-9.25823302744975,-30.2117249963725));
#6681=CARTESIAN_POINT('Ctrl Pts',(-21.0069281102531,-9.36604734850354,-30.1799875649508));
#6682=CARTESIAN_POINT('Ctrl Pts',(-20.9584181786404,-9.47411606863673,-30.1476813893463));
#6683=CARTESIAN_POINT('Ctrl Pts',(-20.9088281152153,-9.58232262284996,-30.114960624363));
#6684=CARTESIAN_POINT('Ctrl Pts',(-20.8530554892165,-9.70401965773816,-30.078160449857));
#6685=CARTESIAN_POINT('Ctrl Pts',(-20.7959179348247,-9.82588753358045,-30.040838529412));
#6686=CARTESIAN_POINT('Ctrl Pts',(-20.7374591907852,-9.94775282717244,-30.0032577265251));
#6687=CARTESIAN_POINT('Ctrl Pts',(-20.6873230703833,-10.0522684669238,-29.9710272075617));
#6688=CARTESIAN_POINT('Ctrl Pts',(-20.6362163038933,-10.156780595034,-29.9386085206675));
#6689=CARTESIAN_POINT('Ctrl Pts',(-20.5841584972749,-10.2612094296465,-29.9061610795019));
#6690=CARTESIAN_POINT('Ctrl Pts',(-20.5392204074362,-10.3513559927925,-29.8781513318606));
#6691=CARTESIAN_POINT('Ctrl Pts',(-20.4935739855729,-10.4414402737786,-29.8501207571315));
#6692=CARTESIAN_POINT('Ctrl Pts',(-20.4472169637225,-10.5314442712508,-29.8221510367609));
#6693=CARTESIAN_POINT('Ctrl Pts',(-20.4045254323329,-10.6143315735384,-29.7963929067625));
#6694=CARTESIAN_POINT('Ctrl Pts',(-20.3612314862278,-10.6971506384936,-29.7706867174672));
#6695=CARTESIAN_POINT('Ctrl Pts',(-20.3173157075038,-10.7799203355878,-29.7450712174265));
#6696=CARTESIAN_POINT('Ctrl Pts',(-20.2758668644223,-10.8580405075725,-29.7208946487194));
#6697=CARTESIAN_POINT('Ctrl Pts',(-20.2338642946566,-10.9361166018203,-29.6967990935264));
#6698=CARTESIAN_POINT('Ctrl Pts',(-20.1912720677823,-11.0141968515546,-29.6727900049053));
#6699=CARTESIAN_POINT('Ctrl Pts',(-20.137110937092,-11.1134852645007,-29.6422595658559));
#6700=CARTESIAN_POINT('Ctrl Pts',(-20.0819968865287,-11.2127808169002,-29.6118699296669));
#6701=CARTESIAN_POINT('Ctrl Pts',(-20.0258054880883,-11.3122550604755,-29.5815634603435));
#6702=CARTESIAN_POINT('Ctrl Pts',(-19.9796261627434,-11.3940051785539,-29.5566569382461));
#6703=CARTESIAN_POINT('Ctrl Pts',(-19.9327174406372,-11.4758782834963,-29.5318044128806));
#6704=CARTESIAN_POINT('Ctrl Pts',(-19.8850259390072,-11.5579298927192,-29.5069861626899));
#6705=CARTESIAN_POINT('Ctrl Pts',(-19.8351419288694,-11.6437536383846,-29.4810269497944));
#6706=CARTESIAN_POINT('Ctrl Pts',(-19.784401474582,-11.7297723746379,-29.4551053103349));
#6707=CARTESIAN_POINT('Ctrl Pts',(-19.7327670582288,-11.8160020406938,-29.4292184955889));
#6708=CARTESIAN_POINT('Ctrl Pts',(-19.6759953523875,-11.9108109991729,-29.4007561106967));
#6709=CARTESIAN_POINT('Ctrl Pts',(-19.6181427593434,-12.0058747993136,-29.3723358019901));
#6710=CARTESIAN_POINT('Ctrl Pts',(-19.5591894798587,-12.1011613860399,-29.3439771976708));
#6711=CARTESIAN_POINT('Ctrl Pts',(-19.4942527634042,-12.2061190426496,-29.3127403493763));
#6712=CARTESIAN_POINT('Ctrl Pts',(-19.4279805658744,-12.3113463671895,-29.281578493734));
#6713=CARTESIAN_POINT('Ctrl Pts',(-19.3603833839042,-12.4167449530159,-29.2505441355967));
#6714=CARTESIAN_POINT('Ctrl Pts',(-19.2838223751844,-12.5361200780332,-29.2153944193702));
#6715=CARTESIAN_POINT('Ctrl Pts',(-19.205562021625,-12.6557133325353,-29.1804086556595));
#6716=CARTESIAN_POINT('Ctrl Pts',(-19.1256612385084,-12.7753310011842,-29.1456914156763));
#6717=CARTESIAN_POINT('Ctrl Pts',(-19.0228301288989,-12.9292771468448,-29.1010108484679));
#6718=CARTESIAN_POINT('Ctrl Pts',(-18.9172843857155,-13.0832572935074,-29.0567767734325));
#6719=CARTESIAN_POINT('Ctrl Pts',(-18.8092010195622,-13.2368408997653,-29.013241545829));
#6720=CARTESIAN_POINT('Ctrl Pts',(-18.7333656871196,-13.3446009025559,-28.982695601751));
#6721=CARTESIAN_POINT('Ctrl Pts',(-18.6562827535969,-13.4521650207707,-28.9524945465479));
#6722=CARTESIAN_POINT('Ctrl Pts',(-18.5780049947132,-13.5594148257369,-28.9227203218653));
#6723=CARTESIAN_POINT('Ctrl Pts',(-18.508195841545,-13.6550616374099,-28.8961672697471));
#6724=CARTESIAN_POINT('Ctrl Pts',(-18.4374369867723,-13.7504581775805,-28.8699539388808));
#6725=CARTESIAN_POINT('Ctrl Pts',(-18.3657463422582,-13.8455538456152,-28.8441280174734));
#6726=CARTESIAN_POINT('Ctrl Pts',(-18.2990034712054,-13.9340864282462,-28.8200844877493));
#6727=CARTESIAN_POINT('Ctrl Pts',(-18.2314533870943,-14.0223580798793,-28.7963768879977));
#6728=CARTESIAN_POINT('Ctrl Pts',(-18.1630860232648,-14.110361657714,-28.7730314545859));
#6729=CARTESIAN_POINT('Ctrl Pts',(-18.0982108415594,-14.1938700421674,-28.7508784981204));
#6730=CARTESIAN_POINT('Ctrl Pts',(-18.0326000572488,-14.2771369533668,-28.7290517605398));
#6731=CARTESIAN_POINT('Ctrl Pts',(-17.9662171479535,-14.3601894622801,-28.707560434428));
#6732=CARTESIAN_POINT('Ctrl Pts',(-17.899397658029,-14.443788182816,-28.6859277662633));
#6733=CARTESIAN_POINT('Ctrl Pts',(-17.8317963550877,-14.5271694464636,-28.6646351239975));
#6734=CARTESIAN_POINT('Ctrl Pts',(-17.7633400479637,-14.6103987057304,-28.64367559276));
#6735=CARTESIAN_POINT('Ctrl Pts',(-17.6948800486081,-14.6936324540168,-28.6227149310578));
#6736=CARTESIAN_POINT('Ctrl Pts',(-17.6255598287081,-14.7767202950807,-28.6020855053108));
#6737=CARTESIAN_POINT('Ctrl Pts',(-17.5553129317719,-14.8597102215205,-28.5817801387954));
#6738=CARTESIAN_POINT('Ctrl Pts',(-17.4820824552655,-14.94622495916,-28.5606123473282));
#6739=CARTESIAN_POINT('Ctrl Pts',(-17.4078448833853,-15.0326329662935,-28.5397967608309));
#6740=CARTESIAN_POINT('Ctrl Pts',(-17.3325583705076,-15.118942434342,-28.5193342284043));
#6741=CARTESIAN_POINT('Ctrl Pts',(-17.2532660035488,-15.2098442672326,-28.4977829230236));
#6742=CARTESIAN_POINT('Ctrl Pts',(-17.172810100065,-15.3006363900513,-28.4766232856527));
#6743=CARTESIAN_POINT('Ctrl Pts',(-17.0911785009985,-15.391283814127,-28.4558654820087));
#6744=CARTESIAN_POINT('Ctrl Pts',(-17.0037408921013,-15.4883784944285,-28.4336312891552));
#6745=CARTESIAN_POINT('Ctrl Pts',(-16.9149544492825,-15.5853066041352,-28.4118581848857));
#6746=CARTESIAN_POINT('Ctrl Pts',(-16.824845184784,-15.6819827989975,-28.3905681304628));
#6747=CARTESIAN_POINT('Ctrl Pts',(-16.7240957917494,-15.7900745474705,-28.3667641401327));
#6748=CARTESIAN_POINT('Ctrl Pts',(-16.6216928450688,-15.897850497207,-28.3435641034815));
#6749=CARTESIAN_POINT('Ctrl Pts',(-16.5177217124887,-16.0051513403897,-28.3210090608787));
#6750=CARTESIAN_POINT('Ctrl Pts',(-16.3929824278128,-16.1338854427467,-28.293948666226));
#6751=CARTESIAN_POINT('Ctrl Pts',(-16.2659867498555,-16.2619331851807,-28.267816977016));
#6752=CARTESIAN_POINT('Ctrl Pts',(-16.1369439007089,-16.3889914743213,-28.2426961844064));
#6753=CARTESIAN_POINT('Ctrl Pts',(-16.015439350943,-16.5086273961731,-28.2190428737738));
#6754=CARTESIAN_POINT('Ctrl Pts',(-15.8921230827697,-16.6273832501888,-28.1962864607977));
#6755=CARTESIAN_POINT('Ctrl Pts',(-15.7671836935701,-16.7450266757989,-28.1744964958692));
#6756=CARTESIAN_POINT('Ctrl Pts',(-15.6621340364158,-16.8439418506366,-28.1561753854508));
#6757=CARTESIAN_POINT('Ctrl Pts',(-15.5559381457797,-16.9420702671719,-28.1385377015273));
#6758=CARTESIAN_POINT('Ctrl Pts',(-15.4486914866992,-17.03930548317,-28.1216205671743));
#6759=CARTESIAN_POINT('Ctrl Pts',(-15.3507695132789,-17.1280864700849,-28.1061743127672));
#6760=CARTESIAN_POINT('Ctrl Pts',(-15.2519721918418,-17.2161227036041,-28.0913288494966));
#6761=CARTESIAN_POINT('Ctrl Pts',(-15.1523453203671,-17.3033647390428,-28.0771068289616));
#6762=CARTESIAN_POINT('Ctrl Pts',(-15.0587279308996,-17.3853443444315,-28.0637426791521));
#6763=CARTESIAN_POINT('Ctrl Pts',(-14.9643785040258,-17.4666226364813,-28.0509290889514));
#6764=CARTESIAN_POINT('Ctrl Pts',(-14.8693026675404,-17.5471888968312,-28.0386786218358));
#6765=CARTESIAN_POINT('Ctrl Pts',(-14.7786367586188,-17.6240182311085,-28.0269963713629));
#6766=CARTESIAN_POINT('Ctrl Pts',(-14.6873106217665,-17.7002000638919,-28.0158262610942));
#6767=CARTESIAN_POINT('Ctrl Pts',(-14.5952930123877,-17.7757537641177,-28.0051725943935));
#6768=CARTESIAN_POINT('Ctrl Pts',(-14.476286401349,-17.8734675590752,-27.9913941798298));
#6769=CARTESIAN_POINT('Ctrl Pts',(-14.3561244753174,-17.9701310532815,-27.9784800281259));
#6770=CARTESIAN_POINT('Ctrl Pts',(-14.234642633365,-18.0658503564152,-27.9664215844417));
#6771=CARTESIAN_POINT('Ctrl Pts',(-14.1407600599496,-18.1398233416721,-27.9571026796057));
#6772=CARTESIAN_POINT('Ctrl Pts',(-14.0460861836155,-18.2132340459,-27.9482943174145));
#6773=CARTESIAN_POINT('Ctrl Pts',(-13.9505761944272,-18.2860991970262,-27.9399929436118));
#6774=CARTESIAN_POINT('Ctrl Pts',(-13.8480339309873,-18.3643293129111,-27.9310803506294));
#6775=CARTESIAN_POINT('Ctrl Pts',(-13.7445277654085,-18.4419303218118,-27.9227521458929));
#6776=CARTESIAN_POINT('Ctrl Pts',(-13.6400495796919,-18.5188835371776,-27.9150061822623));
#6777=CARTESIAN_POINT('Ctrl Pts',(-13.5291941582121,-18.6005338938055,-27.9067874133666));
#6778=CARTESIAN_POINT('Ctrl Pts',(-13.4172445732003,-18.6814544049235,-27.8992241363414));
#6779=CARTESIAN_POINT('Ctrl Pts',(-13.3042425467134,-18.7615865602625,-27.8923162605333));
#6780=CARTESIAN_POINT('Ctrl Pts',(-13.1816192086129,-18.8485413935723,-27.8848202286734));
#6781=CARTESIAN_POINT('Ctrl Pts',(-13.057756890139,-18.9345671080034,-27.8780959564279));
#6782=CARTESIAN_POINT('Ctrl Pts',(-12.9327646389147,-19.0195583228012,-27.8721461396266));
#6783=CARTESIAN_POINT('Ctrl Pts',(-12.7862831706734,-19.1191616006784,-27.8651734041787));
#6784=CARTESIAN_POINT('Ctrl Pts',(-12.6382504719631,-19.2173425023896,-27.8592642911127));
#6785=CARTESIAN_POINT('Ctrl Pts',(-12.4889101169872,-19.3139101191296,-27.8544270831446));
#6786=CARTESIAN_POINT('Ctrl Pts',(-12.3260211447457,-19.4192386476784,-27.8491510287615));
#6787=CARTESIAN_POINT('Ctrl Pts',(-12.1615802829051,-19.5226446247432,-27.8451502722322));
#6788=CARTESIAN_POINT('Ctrl Pts',(-11.9959423949828,-19.6238978303561,-27.8424394122389));
#6789=CARTESIAN_POINT('Ctrl Pts',(-11.8590535206322,-19.7075769783734,-27.8401990638642));
#6790=CARTESIAN_POINT('Ctrl Pts',(-11.721349319934,-19.7897854817806,-27.8388398197772));
#6791=CARTESIAN_POINT('Ctrl Pts',(-11.583014231017,-19.8704247897235,-27.8383709329498));
#6792=CARTESIAN_POINT('Ctrl Pts',(-11.5539614875593,-19.8873604287187,-27.8382724586667));
#6793=CARTESIAN_POINT('Ctrl Pts',(-11.5248807960488,-19.9042269881496,-27.8382132568481));
#6794=CARTESIAN_POINT('Ctrl Pts',(-11.4957736375306,-19.9210237807864,-27.8381934143729));
#6795=CARTESIAN_POINT('Ctrl Pts',(-13.6800194228611,-23.6944886504716,-9.67323447715833));
#6796=CARTESIAN_POINT('Ctrl Pts',(-13.8692834269736,-23.530519978674,-9.80721433555369));
#6797=CARTESIAN_POINT('Ctrl Pts',(-14.2482317224604,-23.2034577741009,-10.0750727669485));
#6798=CARTESIAN_POINT('Ctrl Pts',(-14.8207683120619,-22.7110778319969,-10.4785694548558));
#6799=CARTESIAN_POINT('Ctrl Pts',(-15.4004653777241,-22.2113586789781,-10.8870303568552));
#6800=CARTESIAN_POINT('Ctrl Pts',(-15.99068569777,-21.697418011798,-11.3043532694468));
#6801=CARTESIAN_POINT('Ctrl Pts',(-16.5950404352957,-21.1616406221677,-11.7332880192661));
#6802=CARTESIAN_POINT('Ctrl Pts',(-17.2186455581142,-20.5942754071948,-12.1758985931924));
#6803=CARTESIAN_POINT('Ctrl Pts',(-17.8654192605038,-19.9848246495954,-12.6335521035791));
#6804=CARTESIAN_POINT('Ctrl Pts',(-18.5375917529218,-19.3220768904861,-13.1075000122381));
#6805=CARTESIAN_POINT('Ctrl Pts',(-19.2372148230665,-18.5915307739422,-13.6008166789864));
#6806=CARTESIAN_POINT('Ctrl Pts',(-19.9645150863331,-17.7775537262921,-14.1154094207808));
#6807=CARTESIAN_POINT('Ctrl Pts',(-20.7174431742814,-16.8657285314232,-14.6494400176667));
#6808=CARTESIAN_POINT('Ctrl Pts',(-21.4918770575909,-15.8426206332246,-15.1980117186223));
#6809=CARTESIAN_POINT('Ctrl Pts',(-22.2748439234319,-14.7055557402602,-15.7511571088821));
#6810=CARTESIAN_POINT('Ctrl Pts',(-23.0491589613591,-13.4590405581073,-16.297874468273));
#6811=CARTESIAN_POINT('Ctrl Pts',(-23.7904258537432,-12.1249692817265,-16.8216038917984));
#6812=CARTESIAN_POINT('Ctrl Pts',(-24.4744161105765,-10.7360753305088,-17.3071182572339));
#6813=CARTESIAN_POINT('Ctrl Pts',(-25.0910407803715,-9.30984634261108,-17.7449808838435));
#6814=CARTESIAN_POINT('Ctrl Pts',(-25.6331385215123,-7.85277860473296,-18.125956939636));
#6815=CARTESIAN_POINT('Ctrl Pts',(-25.9404672962515,-6.85939425640289,-18.3426803324074));
#6816=CARTESIAN_POINT('Ctrl Pts',(-26.0870103583106,-6.345687184119,-18.4463019252451));
#6817=CARTESIAN_POINT('Ctrl Pts',(-14.5794936587676,-23.3827154777953,-9.16487100361276));
#6818=CARTESIAN_POINT('Ctrl Pts',(-14.7599528024567,-23.2245656054889,-9.29870550251066));
#6819=CARTESIAN_POINT('Ctrl Pts',(-15.1222110911622,-22.9081890590076,-9.56611062401119));
#6820=CARTESIAN_POINT('Ctrl Pts',(-15.6716658642449,-22.4294887259585,-9.96836141555931));
#6821=CARTESIAN_POINT('Ctrl Pts',(-16.2300490428929,-21.9411767784832,-10.3750867578794));
#6822=CARTESIAN_POINT('Ctrl Pts',(-16.8009898639241,-21.4360914971627,-10.7902375328224));
#6823=CARTESIAN_POINT('Ctrl Pts',(-17.3892956348955,-20.9055994956701,-11.2164985588313));
#6824=CARTESIAN_POINT('Ctrl Pts',(-17.9998900945104,-20.3396995891073,-11.6555337600364));
#6825=CARTESIAN_POINT('Ctrl Pts',(-18.6340139289893,-19.7297554083676,-12.108004653237));
#6826=CARTESIAN_POINT('Ctrl Pts',(-19.2925545148461,-19.0658165316814,-12.5748174601639));
#6827=CARTESIAN_POINT('Ctrl Pts',(-19.9770643320769,-18.3340362010396,-13.0592017655892));
#6828=CARTESIAN_POINT('Ctrl Pts',(-20.6876455295614,-17.5194664216348,-13.5630440518049));
#6829=CARTESIAN_POINT('Ctrl Pts',(-21.4230947001193,-16.6074094635292,-14.0847038004095));
#6830=CARTESIAN_POINT('Ctrl Pts',(-22.1765574845103,-15.5883742565771,-14.6181538086253));
#6831=CARTESIAN_POINT('Ctrl Pts',(-22.9328677891833,-14.4648577618847,-15.1527471195796));
#6832=CARTESIAN_POINT('Ctrl Pts',(-23.6763738951934,-13.242758255745,-15.6784612317743));
#6833=CARTESIAN_POINT('Ctrl Pts',(-24.3860354151949,-11.9427471747015,-16.1800167211882));
#6834=CARTESIAN_POINT('Ctrl Pts',(-25.0414175816856,-10.5940701115445,-16.6429020310825));
#6835=CARTESIAN_POINT('Ctrl Pts',(-25.6348819223692,-9.21338832822303,-17.0557772271994));
#6836=CARTESIAN_POINT('Ctrl Pts',(-26.1621005695027,-7.80359572929838,-17.4110258039687));
#6837=CARTESIAN_POINT('Ctrl Pts',(-26.4647537840173,-6.84227068744125,-17.6115894300552));
#6838=CARTESIAN_POINT('Ctrl Pts',(-26.6100023133399,-6.345687184119,-17.7066796094308));
#6839=CARTESIAN_POINT('Ctrl Pts',(-16.3885919125782,-22.7677648295518,-8.15431604034366));
#6840=CARTESIAN_POINT('Ctrl Pts',(-16.5551047022375,-22.620032054674,-8.28791105552781));
#6841=CARTESIAN_POINT('Ctrl Pts',(-16.89027895982,-22.3230791747412,-8.55456073687693));
#6842=CARTESIAN_POINT('Ctrl Pts',(-17.4030163240751,-21.8684540574317,-8.9548305226025));
#6843=CARTESIAN_POINT('Ctrl Pts',(-17.9309720587564,-21.3971464042962,-9.35910063096566));
#6844=CARTESIAN_POINT('Ctrl Pts',(-18.4784848717028,-20.900701391435,-9.77134980528703));
#6845=CARTESIAN_POINT('Ctrl Pts',(-19.0471381684638,-20.3721126465425,-10.1933569370886));
#6846=CARTESIAN_POINT('Ctrl Pts',(-19.6367317668691,-19.8052842333581,-10.6255770304126));
#6847=CARTESIAN_POINT('Ctrl Pts',(-20.2476179274377,-19.1930268271309,-11.0681346002466));
#6848=CARTESIAN_POINT('Ctrl Pts',(-20.8802290743107,-18.5265942086084,-11.5218620894507));
#6849=CARTESIAN_POINT('Ctrl Pts',(-21.537191918747,-17.7915498243726,-11.9909403182276));
#6850=CARTESIAN_POINT('Ctrl Pts',(-22.2199873920172,-16.9716800826722,-12.4777038398749));
#6851=CARTESIAN_POINT('Ctrl Pts',(-22.9216324548518,-16.0594550821973,-12.9779686042308));
#6852=CARTESIAN_POINT('Ctrl Pts',(-23.6293391706384,-15.0565029138979,-13.4831838338495));
#6853=CARTESIAN_POINT('Ctrl Pts',(-24.3291243936311,-13.9702641681482,-13.9833565403796));
#6854=CARTESIAN_POINT('Ctrl Pts',(-25.0099324005531,-12.8068227376129,-14.4704669129615));
#6855=CARTESIAN_POINT('Ctrl Pts',(-25.6574940602914,-11.5821338705379,-14.9319056898505));
#6856=CARTESIAN_POINT('Ctrl Pts',(-26.2553500730977,-10.3244428545866,-15.3513014542279));
#6857=CARTESIAN_POINT('Ctrl Pts',(-26.8030705805262,-9.04465161512212,-15.7180067124758));
#6858=CARTESIAN_POINT('Ctrl Pts',(-27.3011571065642,-7.73804598688677,-16.0288145957771));
#6859=CARTESIAN_POINT('Ctrl Pts',(-27.593480609776,-6.84827233074185,-16.2026241641532));
#6860=CARTESIAN_POINT('Ctrl Pts',(-27.7360059452147,-6.38923318244935,-16.2840490447098));
#6861=CARTESIAN_POINT('Ctrl Pts',(-19.4113856022458,-21.8391650040107,-6.51013215274415));
#6862=CARTESIAN_POINT('Ctrl Pts',(-19.5646554486053,-21.7001244559906,-6.6494923525324));
#6863=CARTESIAN_POINT('Ctrl Pts',(-19.8753910694724,-21.4172775536928,-6.92729360044989));
#6864=CARTESIAN_POINT('Ctrl Pts',(-20.3557675246265,-20.9751246021764,-7.34264730858572));
#6865=CARTESIAN_POINT('Ctrl Pts',(-20.8525828588341,-20.5093533236585,-7.76075381431197));
#6866=CARTESIAN_POINT('Ctrl Pts',(-21.3677927416885,-20.013044058797,-8.18587846229124));
#6867=CARTESIAN_POINT('Ctrl Pts',(-21.9021118284622,-19.4802982321903,-8.6193612497719));
#6868=CARTESIAN_POINT('Ctrl Pts',(-22.4554864115159,-18.9056300485951,-9.06098235975451));
#6869=CARTESIAN_POINT('Ctrl Pts',(-23.0272113596111,-18.2834750507756,-9.51007591815826));
#6870=CARTESIAN_POINT('Ctrl Pts',(-23.6168399463172,-17.6063945240707,-9.96743232912249));
#6871=CARTESIAN_POINT('Ctrl Pts',(-24.2239158097477,-16.8632972229859,-10.4369524605149));
#6872=CARTESIAN_POINT('Ctrl Pts',(-24.8425452231733,-16.0490690176049,-10.917092705585));
#6873=CARTESIAN_POINT('Ctrl Pts',(-25.4631636126187,-15.1658463500906,-11.4010785587189));
#6874=CARTESIAN_POINT('Ctrl Pts',(-26.0748307813321,-14.2215560660174,-11.8793872774392));
#6875=CARTESIAN_POINT('Ctrl Pts',(-26.668821000402,-13.2253159210959,-12.3431855600972));
#6876=CARTESIAN_POINT('Ctrl Pts',(-27.2427928153148,-12.1775194412241,-12.7876796827553));
#6877=CARTESIAN_POINT('Ctrl Pts',(-27.7876760258249,-11.0934370687522,-13.199652587803));
#6878=CARTESIAN_POINT('Ctrl Pts',(-28.293669807734,-9.99786584991068,-13.5644385658291));
#6879=CARTESIAN_POINT('Ctrl Pts',(-28.7704882821863,-8.88678293700629,-13.8786999600997));
#6880=CARTESIAN_POINT('Ctrl Pts',(-29.2165010448934,-7.75412693795429,-14.1435997557007));
#6881=CARTESIAN_POINT('Ctrl Pts',(-29.4919862924,-6.97910409759449,-14.2935524791076));
#6882=CARTESIAN_POINT('Ctrl Pts',(-29.6275546053359,-6.58247165421233,-14.3624018805974));
#6883=CARTESIAN_POINT('Ctrl Pts',(-22.9968283766698,-20.8584975780274,-4.64896021019825));
#6884=CARTESIAN_POINT('Ctrl Pts',(-23.1354229132105,-20.7228854091993,-4.80769925346865));
#6885=CARTESIAN_POINT('Ctrl Pts',(-23.4162678573853,-20.4447821400623,-5.12395245755698));
#6886=CARTESIAN_POINT('Ctrl Pts',(-23.8494774954051,-20.0043707578681,-5.59579552107774));
#6887=CARTESIAN_POINT('Ctrl Pts',(-24.2971146855399,-19.5343113302278,-6.07067224977867));
#6888=CARTESIAN_POINT('Ctrl Pts',(-24.7605443693358,-19.0278223585821,-6.55294311886204));
#6889=CARTESIAN_POINT('Ctrl Pts',(-25.2382952578352,-18.4814583097968,-7.04186300596577));
#6890=CARTESIAN_POINT('Ctrl Pts',(-25.7271710792318,-17.8941694982103,-7.53427480304478));
#6891=CARTESIAN_POINT('Ctrl Pts',(-26.2233698271303,-17.2660994430592,-8.02658007058448));
#6892=CARTESIAN_POINT('Ctrl Pts',(-26.7246877807803,-16.5945583028384,-8.51861937067203));
#6893=CARTESIAN_POINT('Ctrl Pts',(-27.2306634897908,-15.8721074036866,-9.01345351705375));
#6894=CARTESIAN_POINT('Ctrl Pts',(-27.7360165526351,-15.0994436728118,-9.50626315781779));
#6895=CARTESIAN_POINT('Ctrl Pts',(-28.2332279025554,-14.2840105231467,-9.98791690465572));
#6896=CARTESIAN_POINT('Ctrl Pts',(-28.7155066260205,-13.4366200851737,-10.4484491257194));
#6897=CARTESIAN_POINT('Ctrl Pts',(-29.1823360976459,-12.5609328414388,-10.8828678289132));
#6898=CARTESIAN_POINT('Ctrl Pts',(-29.6367312876593,-11.6535192179138,-11.2886607244823));
#6899=CARTESIAN_POINT('Ctrl Pts',(-30.0721376917334,-10.7294661919272,-11.6549093206512));
#6900=CARTESIAN_POINT('Ctrl Pts',(-30.4863268098151,-9.80311329291083,-11.9742873054745));
#6901=CARTESIAN_POINT('Ctrl Pts',(-30.8954521503415,-8.85841907501968,-12.2504144929184));
#6902=CARTESIAN_POINT('Ctrl Pts',(-31.3011233250805,-7.88470846892046,-12.4888508994105));
#6903=CARTESIAN_POINT('Ctrl Pts',(-31.5528777016962,-7.22835312402571,-12.624061988489));
#6904=CARTESIAN_POINT('Ctrl Pts',(-31.6768031934036,-6.89575215543522,-12.6857584540479));
#6905=CARTESIAN_POINT('Ctrl Pts',(-26.9779857926169,-20.0342795499763,-2.73508000326388));
#6906=CARTESIAN_POINT('Ctrl Pts',(-27.0856105825374,-19.8965241341682,-2.94323923665373));
#6907=CARTESIAN_POINT('Ctrl Pts',(-27.3034473869981,-19.6121583102265,-3.35570311652319));
#6908=CARTESIAN_POINT('Ctrl Pts',(-27.6383203467035,-19.1586790318104,-3.96199593245959));
#6909=CARTESIAN_POINT('Ctrl Pts',(-27.9838773148873,-18.6725370864256,-4.56206323708822));
#6910=CARTESIAN_POINT('Ctrl Pts',(-28.3402672141206,-18.1498379766497,-5.15787705367311));
#6911=CARTESIAN_POINT('Ctrl Pts',(-28.7044374501131,-17.5922164670171,-5.74448748947363));
#6912=CARTESIAN_POINT('Ctrl Pts',(-29.0727108222845,-17.0038348950364,-6.31529563385523));
#6913=CARTESIAN_POINT('Ctrl Pts',(-29.442373338505,-16.3888760532966,-6.86514036061571));
#6914=CARTESIAN_POINT('Ctrl Pts',(-29.8151673327545,-15.7437597817528,-7.39632954025631));
#6915=CARTESIAN_POINT('Ctrl Pts',(-30.1923059996991,-15.0636757062199,-7.9106661504525));
#6916=CARTESIAN_POINT('Ctrl Pts',(-30.5697981321988,-14.3541223980407,-8.40156155735232));
#6917=CARTESIAN_POINT('Ctrl Pts',(-30.9434897449309,-13.6242073025395,-8.86131091736632));
#6918=CARTESIAN_POINT('Ctrl Pts',(-31.3114144012061,-12.8823380785933,-9.2844079325271));
#6919=CARTESIAN_POINT('Ctrl Pts',(-31.679741102131,-12.1226440942465,-9.67366396290477));
#6920=CARTESIAN_POINT('Ctrl Pts',(-32.0514472458661,-11.3411175035798,-10.0299993394867));
#6921=CARTESIAN_POINT('Ctrl Pts',(-32.4225096686799,-10.5489952860059,-10.3483143030894));
#6922=CARTESIAN_POINT('Ctrl Pts',(-32.7902477866337,-9.7543282491851,-10.6279533205905));
#6923=CARTESIAN_POINT('Ctrl Pts',(-33.1597545843215,-8.94467919832215,-10.875083143743));
#6924=CARTESIAN_POINT('Ctrl Pts',(-33.5129335607928,-8.12931269307651,-11.0916058847277));
#6925=CARTESIAN_POINT('Ctrl Pts',(-33.7286668141206,-7.58901489406256,-11.2171045569639));
#6926=CARTESIAN_POINT('Ctrl Pts',(-33.8350342235464,-7.31682731050402,-11.2752650906272));
#6927=CARTESIAN_POINT('Ctrl Pts',(-29.052520583885,-19.9161907477009,-1.93037097429711));
#6928=CARTESIAN_POINT('Ctrl Pts',(-29.1478768047113,-19.76628276965,-2.17192386613795));
#6929=CARTESIAN_POINT('Ctrl Pts',(-29.3415238938325,-19.456620325568,-2.64728619791166));
#6930=CARTESIAN_POINT('Ctrl Pts',(-29.6409397196527,-18.9643191437877,-3.33475206456041));
#6931=CARTESIAN_POINT('Ctrl Pts',(-29.9523732167158,-18.4393094568449,-4.00301507824779));
#6932=CARTESIAN_POINT('Ctrl Pts',(-30.2755723871161,-17.8803707542271,-4.65190288549908));
#6933=CARTESIAN_POINT('Ctrl Pts',(-30.6072505714297,-17.2924360105147,-5.27460977620287));
#6934=CARTESIAN_POINT('Ctrl Pts',(-30.9440857803314,-16.6824195349622,-5.8641801997554));
#6935=CARTESIAN_POINT('Ctrl Pts',(-31.2846916327583,-16.0552252402178,-6.41748437352179));
#6936=CARTESIAN_POINT('Ctrl Pts',(-31.6324961363006,-15.4055214218332,-6.94041086619374));
#6937=CARTESIAN_POINT('Ctrl Pts',(-31.9872455204038,-14.7321236124871,-7.43407380797511));
#6938=CARTESIAN_POINT('Ctrl Pts',(-32.3444327897901,-14.0424261675096,-7.89373309433868));
#6939=CARTESIAN_POINT('Ctrl Pts',(-32.6995975525761,-13.3455740531316,-8.31515438892868));
#6940=CARTESIAN_POINT('Ctrl Pts',(-33.0509274015887,-12.6469080641873,-8.6978828073685));
#6941=CARTESIAN_POINT('Ctrl Pts',(-33.4030935159337,-11.9373502534966,-9.04890548062588));
#6942=CARTESIAN_POINT('Ctrl Pts',(-33.7527764121887,-11.2187098328855,-9.36892168227269));
#6943=CARTESIAN_POINT('Ctrl Pts',(-34.091365664655,-10.5039530061396,-9.65490071890732));
#6944=CARTESIAN_POINT('Ctrl Pts',(-34.4182218277941,-9.795904740485,-9.90852013866725));
#6945=CARTESIAN_POINT('Ctrl Pts',(-34.7396467943806,-9.08085804255586,-10.1362542341747));
#6946=CARTESIAN_POINT('Ctrl Pts',(-35.0419191418212,-8.36607056627075,-10.3401962186244));
#6947=CARTESIAN_POINT('Ctrl Pts',(-35.2242135366722,-7.89543542028117,-10.4614394688417));
#6948=CARTESIAN_POINT('Ctrl Pts',(-35.3137331874782,-7.6590864547574,-10.5184838813544));
#6949=CARTESIAN_POINT('Ctrl Pts',(-30.0808424274716,-19.9161438679291,-1.5668903813319));
#6950=CARTESIAN_POINT('Ctrl Pts',(-30.1728130558409,-19.756460034476,-1.82758809863635));
#6951=CARTESIAN_POINT('Ctrl Pts',(-30.3605409973225,-19.4267508710963,-2.33838009222521));
#6952=CARTESIAN_POINT('Ctrl Pts',(-30.6529880524183,-18.9042099357943,-3.07004147373656));
#6953=CARTESIAN_POINT('Ctrl Pts',(-30.9589696275471,-18.3494429180365,-3.77411555419576));
#6954=CARTESIAN_POINT('Ctrl Pts',(-31.2771779344365,-17.7631625178904,-4.44951710223211));
#6955=CARTESIAN_POINT('Ctrl Pts',(-31.6034510742318,-17.1524130697256,-5.08897679360734));
#6956=CARTESIAN_POINT('Ctrl Pts',(-31.9339782146847,-16.5257196710314,-5.68601211909474));
#6957=CARTESIAN_POINT('Ctrl Pts',(-32.2676696362474,-15.8877766931291,-6.23958773387354));
#6958=CARTESIAN_POINT('Ctrl Pts',(-32.6077821092697,-15.2330249881992,-6.75714652382583));
#6959=CARTESIAN_POINT('Ctrl Pts',(-32.9527314257596,-14.5624928558857,-7.2395581652775));
#6960=CARTESIAN_POINT('Ctrl Pts',(-33.2975664215808,-13.8843371855437,-7.68324890420126));
#6961=CARTESIAN_POINT('Ctrl Pts',(-33.6378333333483,-13.2073030530514,-8.08577095278459));
#6962=CARTESIAN_POINT('Ctrl Pts',(-33.9726130117651,-12.5340320370436,-8.44927731756672));
#6963=CARTESIAN_POINT('Ctrl Pts',(-34.3060504145741,-11.8547108834376,-8.78178291865361));
#6964=CARTESIAN_POINT('Ctrl Pts',(-34.6335150164081,-11.1728105750637,-9.08394775919187));
#6965=CARTESIAN_POINT('Ctrl Pts',(-34.9471171378816,-10.4997138827289,-9.35403228180751));
#6966=CARTESIAN_POINT('Ctrl Pts',(-35.2479892437749,-9.83482490310353,-9.59502559886836));
#6967=CARTESIAN_POINT('Ctrl Pts',(-35.5410510904995,-9.16559017752435,-9.81325686491638));
#6968=CARTESIAN_POINT('Ctrl Pts',(-35.8132519282296,-8.49943293508164,-10.0106411551607));
#6969=CARTESIAN_POINT('Ctrl Pts',(-35.9757466837875,-8.06207931048884,-10.1293835459607));
#6970=CARTESIAN_POINT('Ctrl Pts',(-36.0553173914285,-7.84271091861448,-10.1856485329174));
#6971=CARTESIAN_POINT('',(-30.0808424274716,-19.9161438679291,-1.5668903813319));
#6972=CARTESIAN_POINT('Ctrl Pts',(-13.6800194228611,-23.6944886504716,-9.67323447715833));
#6973=CARTESIAN_POINT('Ctrl Pts',(-14.5794936587676,-23.3827154777953,-9.16487100361276));
#6974=CARTESIAN_POINT('Ctrl Pts',(-16.3885919125782,-22.7677648295518,-8.15431604034366));
#6975=CARTESIAN_POINT('Ctrl Pts',(-19.4113856022458,-21.8391650040107,-6.51013215274415));
#6976=CARTESIAN_POINT('Ctrl Pts',(-22.9968283766698,-20.8584975780274,-4.64896021019825));
#6977=CARTESIAN_POINT('Ctrl Pts',(-26.9779857926169,-20.0342795499763,-2.73508000326388));
#6978=CARTESIAN_POINT('Ctrl Pts',(-29.052520583885,-19.9161907477009,-1.93037097429711));
#6979=CARTESIAN_POINT('Ctrl Pts',(-30.0808424274716,-19.9161438679291,-1.5668903813319));
#6980=CARTESIAN_POINT('',(-36.0553173914284,-7.84271091861447,-10.1856485329175));
#6981=CARTESIAN_POINT('Ctrl Pts',(-30.0808424274716,-19.9161438679291,-1.56689038133191));
#6982=CARTESIAN_POINT('Ctrl Pts',(-30.120923879798,-19.8465525204377,-1.68050429604593));
#6983=CARTESIAN_POINT('Ctrl Pts',(-30.1613706595663,-19.7759719208048,-1.7931275486736));
#6984=CARTESIAN_POINT('Ctrl Pts',(-30.2021654073813,-19.7044580770262,-1.90469291120637));
#6985=CARTESIAN_POINT('Ctrl Pts',(-30.2402626816325,-19.6376729474418,-2.00888123056107));
#6986=CARTESIAN_POINT('Ctrl Pts',(-30.2786633930814,-19.5700743540378,-2.1121467850243));
#6987=CARTESIAN_POINT('Ctrl Pts',(-30.317366266901,-19.5016869184731,-2.21447242789892));
#6988=CARTESIAN_POINT('Ctrl Pts',(-30.3541434421221,-19.4367021653404,-2.31170676029398));
#6989=CARTESIAN_POINT('Ctrl Pts',(-30.3911934412601,-19.3710054669116,-2.40809230102182));
#6990=CARTESIAN_POINT('Ctrl Pts',(-30.4285275798796,-19.3045927544346,-2.50365119032584));
#6991=CARTESIAN_POINT('Ctrl Pts',(-30.4652024714525,-19.2393527591055,-2.597522698646));
#6992=CARTESIAN_POINT('Ctrl Pts',(-30.5021514985012,-19.1734222557618,-2.69059629075475));
#6993=CARTESIAN_POINT('Ctrl Pts',(-30.5393983142481,-19.1067665061811,-2.78293179016762));
#6994=CARTESIAN_POINT('Ctrl Pts',(-30.5757413323588,-19.0417281648996,-2.8730267596338));
#6995=CARTESIAN_POINT('Ctrl Pts',(-30.6123706255358,-18.9759943449134,-2.96242593107866));
#6996=CARTESIAN_POINT('Ctrl Pts',(-30.6493050429271,-18.9095278056273,-3.05118384769988));
#6997=CARTESIAN_POINT('Ctrl Pts',(-30.6879478422894,-18.8399868916683,-3.14404721488023));
#6998=CARTESIAN_POINT('Ctrl Pts',(-30.7269245031598,-18.7696438282725,-3.23620830896579));
#6999=CARTESIAN_POINT('Ctrl Pts',(-30.7662356036428,-18.6984858532726,-3.32768422021895));
#7000=CARTESIAN_POINT('Ctrl Pts',(-30.8078984482901,-18.6230709292076,-3.42463257914771));
#7001=CARTESIAN_POINT('Ctrl Pts',(-30.8499367598053,-18.5467406191474,-3.52081090608785));
#7002=CARTESIAN_POINT('Ctrl Pts',(-30.8923306678318,-18.4695138054215,-3.61619542579604));
#7003=CARTESIAN_POINT('Ctrl Pts',(-30.9382535656692,-18.3858584114711,-3.7195200249601));
#7004=CARTESIAN_POINT('Ctrl Pts',(-30.9845934550529,-18.301151039531,-3.82191255843665));
#7005=CARTESIAN_POINT('Ctrl Pts',(-31.0313051620625,-18.2154554214122,-3.92330039484275));
#7006=CARTESIAN_POINT('Ctrl Pts',(-31.0850254196251,-18.1169021684479,-4.03990030167808));
#7007=CARTESIAN_POINT('Ctrl Pts',(-31.1392369360882,-18.0170419134519,-4.15517031724385));
#7008=CARTESIAN_POINT('Ctrl Pts',(-31.1938515958708,-17.9160231701668,-4.26895906370433));
#7009=CARTESIAN_POINT('Ctrl Pts',(-31.261281710426,-17.7913001478311,-4.40944859965401));
#7010=CARTESIAN_POINT('Ctrl Pts',(-31.3293243729831,-17.6648128390102,-4.5476759696213));
#7011=CARTESIAN_POINT('Ctrl Pts',(-31.3978056602088,-17.5369050385535,-4.68333955240779));
#7012=CARTESIAN_POINT('Ctrl Pts',(-31.4498260851918,-17.4397424645433,-4.78639364962403));
#7013=CARTESIAN_POINT('Ctrl Pts',(-31.5020991096115,-17.3417625255311,-4.88796734419732));
#7014=CARTESIAN_POINT('Ctrl Pts',(-31.5545597135919,-17.2431158528251,-4.98795152656515));
#7015=CARTESIAN_POINT('Ctrl Pts',(-31.6028663443267,-17.1522802918505,-5.08001868955041));
#7016=CARTESIAN_POINT('Ctrl Pts',(-31.6513317629183,-17.0608803956605,-5.1707376043965));
#7017=CARTESIAN_POINT('Ctrl Pts',(-31.699920595397,-16.9690146279909,-5.26005423006434));
#7018=CARTESIAN_POINT('Ctrl Pts',(-31.7469910268607,-16.880019665561,-5.34657971118006));
#7019=CARTESIAN_POINT('Ctrl Pts',(-31.7941770328049,-16.7905884074771,-5.43178872938766));
#7020=CARTESIAN_POINT('Ctrl Pts',(-31.8414652103965,-16.7007780437369,-5.51566948071499));
#7021=CARTESIAN_POINT('Ctrl Pts',(-31.8840998643112,-16.619805716804,-5.591295715116));
#7022=CARTESIAN_POINT('Ctrl Pts',(-31.9268176526713,-16.5385253970434,-5.66584244314954));
#7023=CARTESIAN_POINT('Ctrl Pts',(-31.9696248586189,-16.4569458484534,-5.73933251665197));
#7024=CARTESIAN_POINT('Ctrl Pts',(-32.0103302114592,-16.379371892471,-5.80921419441989));
#7025=CARTESIAN_POINT('Ctrl Pts',(-32.0511164090451,-16.3015276522982,-5.87814045566754));
#7026=CARTESIAN_POINT('Ctrl Pts',(-32.0920038574559,-16.2233856301475,-5.94615977786676));
#7027=CARTESIAN_POINT('Ctrl Pts',(-32.1355840048404,-16.1400974579915,-6.01865860578712));
#7028=CARTESIAN_POINT('Ctrl Pts',(-32.1792814367739,-16.0564671241085,-6.09013075832372));
#7029=CARTESIAN_POINT('Ctrl Pts',(-32.2231310871664,-15.9724282337352,-6.16065681609359));
#7030=CARTESIAN_POINT('Ctrl Pts',(-32.2664619520296,-15.8893836080785,-6.23034847956655));
#7031=CARTESIAN_POINT('Ctrl Pts',(-32.3099415337327,-15.8059394279928,-6.29911644007972));
#7032=CARTESIAN_POINT('Ctrl Pts',(-32.3535775854683,-15.7220694975289,-6.36700104676677));
#7033=CARTESIAN_POINT('Ctrl Pts',(-32.3999261822,-15.632985966128,-6.43910555976667));
#7034=CARTESIAN_POINT('Ctrl Pts',(-32.4464510983312,-15.543422135875,-6.51021310059883));
#7035=CARTESIAN_POINT('Ctrl Pts',(-32.4931349003437,-15.4533907472513,-6.58033437927793));
#7036=CARTESIAN_POINT('Ctrl Pts',(-32.5439405565014,-15.3554102148905,-6.65664687783895));
#7037=CARTESIAN_POINT('Ctrl Pts',(-32.5949340945291,-15.2568760208153,-6.73179073405311));
#7038=CARTESIAN_POINT('Ctrl Pts',(-32.6460662173931,-15.1578547234933,-6.80574359853194));
#7039=CARTESIAN_POINT('Ctrl Pts',(-32.7049197275775,-15.0438803644407,-6.8908639772487));
#7040=CARTESIAN_POINT('Ctrl Pts',(-32.7639562667279,-14.9292609996703,-6.97440552825175));
#7041=CARTESIAN_POINT('Ctrl Pts',(-32.8230731536864,-14.8141599075711,-7.05629999892239));
#7042=CARTESIAN_POINT('Ctrl Pts',(-32.8975593825852,-14.6691345732938,-7.15948557924891));
#7043=CARTESIAN_POINT('Ctrl Pts',(-32.972170706332,-14.5233473035484,-7.2600525694121));
#7044=CARTESIAN_POINT('Ctrl Pts',(-33.0466840424238,-14.3771969952854,-7.35785123748922));
#7045=CARTESIAN_POINT('Ctrl Pts',(-33.1045169590784,-14.2637636283187,-7.43375687420453));
#7046=CARTESIAN_POINT('Ctrl Pts',(-33.1622898657838,-14.1501146019243,-7.50799392371292));
#7047=CARTESIAN_POINT('Ctrl Pts',(-33.2199124623934,-14.0364276442336,-7.58051541417034));
#7048=CARTESIAN_POINT('Ctrl Pts',(-33.2697864823822,-13.9380283020668,-7.6432848566721));
#7049=CARTESIAN_POINT('Ctrl Pts',(-33.3195477344277,-13.8396013521484,-7.70476904482585));
#7050=CARTESIAN_POINT('Ctrl Pts',(-33.3691551477959,-13.7412346192816,-7.76496164023028));
#7051=CARTESIAN_POINT('Ctrl Pts',(-33.4148756244268,-13.6505753083855,-7.82043790808397));
#7052=CARTESIAN_POINT('Ctrl Pts',(-33.4604653320433,-13.5599676366407,-7.87481704139124));
#7053=CARTESIAN_POINT('Ctrl Pts',(-33.5059098057841,-13.4694468424401,-7.92811664590701));
#7054=CARTESIAN_POINT('Ctrl Pts',(-33.5488150095846,-13.3839840170698,-7.97843806468448));
#7055=CARTESIAN_POINT('Ctrl Pts',(-33.5915906978043,-13.2985989908108,-8.02779723906213));
#7056=CARTESIAN_POINT('Ctrl Pts',(-33.6342422072625,-13.2132843753854,-8.0762299822641));
#7057=CARTESIAN_POINT('Ctrl Pts',(-33.6748883023301,-13.1319811339928,-8.12238548554129));
#7058=CARTESIAN_POINT('Ctrl Pts',(-33.7154215945316,-13.0507420964275,-8.16769967300577));
#7059=CARTESIAN_POINT('Ctrl Pts',(-33.7558636775812,-12.9695218810137,-8.21222275357209));
#7060=CARTESIAN_POINT('Ctrl Pts',(-33.8093665239418,-12.8620716119132,-8.27112455484976));
#7061=CARTESIAN_POINT('Ctrl Pts',(-33.8627122651705,-12.7546517535553,-8.32864398111623));
#7062=CARTESIAN_POINT('Ctrl Pts',(-33.9159841358205,-12.6470634528863,-8.38493502639179));
#7063=CARTESIAN_POINT('Ctrl Pts',(-33.9537464397216,-12.5707983986183,-8.42483750273954));
#7064=CARTESIAN_POINT('Ctrl Pts',(-33.9914709505181,-12.4944486572602,-8.46412222194893));
#7065=CARTESIAN_POINT('Ctrl Pts',(-34.0291570488569,-12.4179878936842,-8.50281813896731));
#7066=CARTESIAN_POINT('Ctrl Pts',(-34.0696872918717,-12.3357566873391,-8.54443441100329));
#7067=CARTESIAN_POINT('Ctrl Pts',(-34.1101727896396,-12.2533973019488,-8.58536933391612));
#7068=CARTESIAN_POINT('Ctrl Pts',(-34.1505840806444,-12.1709250971552,-8.62563494107654));
#7069=CARTESIAN_POINT('Ctrl Pts',(-34.1962027189322,-12.077825629513,-8.67108912288611));
#7070=CARTESIAN_POINT('Ctrl Pts',(-34.2417262690407,-11.9845828012998,-8.71568991047193));
#7071=CARTESIAN_POINT('Ctrl Pts',(-34.2870834615652,-11.8912736461781,-8.75943130353854));
#7072=CARTESIAN_POINT('Ctrl Pts',(-34.3557790896575,-11.7499524871496,-8.82567972640373));
#7073=CARTESIAN_POINT('Ctrl Pts',(-34.4240899421894,-11.6084807249757,-8.88995461396394));
#7074=CARTESIAN_POINT('Ctrl Pts',(-34.4917262745225,-11.4672483820165,-8.95220040431962));
#7075=CARTESIAN_POINT('Ctrl Pts',(-34.5370768686006,-11.3725511913895,-8.9939366054725));
#7076=CARTESIAN_POINT('Ctrl Pts',(-34.5821230937733,-11.2779650238675,-9.03475979952185));
#7077=CARTESIAN_POINT('Ctrl Pts',(-34.626793391439,-11.183598448407,-9.07466252918133));
#7078=CARTESIAN_POINT('Ctrl Pts',(-34.665962228125,-11.1008537796678,-9.10965095735464));
#7079=CARTESIAN_POINT('Ctrl Pts',(-34.7048417691562,-11.0182787215773,-9.1439315847306));
#7080=CARTESIAN_POINT('Ctrl Pts',(-34.7434045996381,-10.9359188839937,-9.17751148877285));
#7081=CARTESIAN_POINT('Ctrl Pts',(-34.7791104088725,-10.8596608756322,-9.2086035438128));
#7082=CARTESIAN_POINT('Ctrl Pts',(-34.814544541724,-10.7835878489487,-9.239094836922));
#7083=CARTESIAN_POINT('Ctrl Pts',(-34.8497071114849,-10.7077025229742,-9.26900283534238));
#7084=CARTESIAN_POINT('Ctrl Pts',(-34.8829872401917,-10.6358797457267,-9.29730969811039));
#7085=CARTESIAN_POINT('Ctrl Pts',(-34.9160239982906,-10.5642254519084,-9.32509405908017));
#7086=CARTESIAN_POINT('Ctrl Pts',(-34.9488397018407,-10.4927050869743,-9.35238183928482));
#7087=CARTESIAN_POINT('Ctrl Pts',(-34.9826321992853,-10.4190558432339,-9.38048186893763));
#7088=CARTESIAN_POINT('Ctrl Pts',(-35.016189915207,-10.3455494867461,-9.40805521715566));
#7089=CARTESIAN_POINT('Ctrl Pts',(-35.0495657726239,-10.2720979263063,-9.4351432778164));
#7090=CARTESIAN_POINT('Ctrl Pts',(-35.0800680453239,-10.2049703766286,-9.45989911862888));
#7091=CARTESIAN_POINT('Ctrl Pts',(-35.1104233271594,-10.1378821030887,-9.48425122490105));
#7092=CARTESIAN_POINT('Ctrl Pts',(-35.1406541273909,-10.0707757031763,-9.50822830195194));
#7093=CARTESIAN_POINT('Ctrl Pts',(-35.1727906173186,-9.99943904889138,-9.53371684639146));
#7094=CARTESIAN_POINT('Ctrl Pts',(-35.2047860640279,-9.9280820838659,-9.55878147019492));
#7095=CARTESIAN_POINT('Ctrl Pts',(-35.2366257009643,-9.85667864044964,-9.58344655063756));
#7096=CARTESIAN_POINT('Ctrl Pts',(-35.2713459506239,-9.77881514637378,-9.61034314347734));
#7097=CARTESIAN_POINT('Ctrl Pts',(-35.3058803402868,-9.70089666874502,-9.63676449408572));
#7098=CARTESIAN_POINT('Ctrl Pts',(-35.3401688210311,-9.62293537196486,-9.66273256090456));
#7099=CARTESIAN_POINT('Ctrl Pts',(-35.3814599448823,-9.52905225171367,-9.69400401533816));
#7100=CARTESIAN_POINT('Ctrl Pts',(-35.4223932133907,-9.43510744368937,-9.72461801594764));
#7101=CARTESIAN_POINT('Ctrl Pts',(-35.4628202132425,-9.34118272759383,-9.75460143755506));
#7102=CARTESIAN_POINT('Ctrl Pts',(-35.5093328980112,-9.23311903927259,-9.78909841835075));
#7103=CARTESIAN_POINT('Ctrl Pts',(-35.5551702258869,-9.12508582386664,-9.82276029468632));
#7104=CARTESIAN_POINT('Ctrl Pts',(-35.6001062176208,-9.0172470085043,-9.85561879972805));
#7105=CARTESIAN_POINT('Ctrl Pts',(-35.6341889558776,-8.93545417438409,-9.88054108993762));
#7106=CARTESIAN_POINT('Ctrl Pts',(-35.6677524529389,-8.85377478022371,-9.90500104495669));
#7107=CARTESIAN_POINT('Ctrl Pts',(-35.7007302390869,-8.77226633123979,-9.92901127784206));
#7108=CARTESIAN_POINT('Ctrl Pts',(-35.7303456979291,-8.6990682667808,-9.95057349128531));
#7109=CARTESIAN_POINT('Ctrl Pts',(-35.7594884248025,-8.62600865991324,-9.97177302727525));
#7110=CARTESIAN_POINT('Ctrl Pts',(-35.7881462277382,-8.55310405971584,-9.99261848291794));
#7111=CARTESIAN_POINT('Ctrl Pts',(-35.8141980592183,-8.48682897356472,-10.011568375858));
#7112=CARTESIAN_POINT('Ctrl Pts',(-35.8398490892041,-8.42068219956455,-10.030225693273));
#7113=CARTESIAN_POINT('Ctrl Pts',(-35.865124072519,-8.35464923716562,-10.0485960343093));
#7114=CARTESIAN_POINT('Ctrl Pts',(-35.8894308201586,-8.29114586970803,-10.0662626431479));
#7115=CARTESIAN_POINT('Ctrl Pts',(-35.913389552215,-8.22774806936116,-10.0836638947381));
#7116=CARTESIAN_POINT('Ctrl Pts',(-35.9370575971837,-8.16441286366064,-10.1008032813529));
#7117=CARTESIAN_POINT('Ctrl Pts',(-35.9595865249492,-8.10412591236727,-10.1171177679741));
#7118=CARTESIAN_POINT('Ctrl Pts',(-35.9818520038833,-8.04389582364927,-10.1331950404755));
#7119=CARTESIAN_POINT('Ctrl Pts',(-36.0039380620985,-7.98365464693999,-10.1490359964008));
#7120=CARTESIAN_POINT('Ctrl Pts',(-36.0211542337668,-7.93669640615189,-10.1613840855865));
#7121=CARTESIAN_POINT('Ctrl Pts',(-36.0382620079281,-7.8897308856627,-10.1735885555886));
#7122=CARTESIAN_POINT('Ctrl Pts',(-36.0553173914285,-7.84271091861447,-10.1856485329174));
#7123=CARTESIAN_POINT('Ctrl Pts',(-26.0871787730516,-6.34577873429447,-18.4464206906624));
#7124=CARTESIAN_POINT('Ctrl Pts',(-26.4604347481447,-6.34546873214595,-17.9173483785144));
#7125=CARTESIAN_POINT('Ctrl Pts',(-28.4265588861383,-6.39910262061197,-15.3459391072636));
#7126=CARTESIAN_POINT('Ctrl Pts',(-31.8313636421378,-6.86880388246736,-12.3621098660219));
#7127=CARTESIAN_POINT('Ctrl Pts',(-34.9959113857853,-7.58039025596152,-10.6611276021132));
#7128=CARTESIAN_POINT('Ctrl Pts',(-36.0553173914284,-7.84271091861448,-10.1856485329175));
#7129=CARTESIAN_POINT('Ctrl Pts',(-13.6800194228611,-23.6944886504716,-9.67323447715833));
#7130=CARTESIAN_POINT('Ctrl Pts',(-14.5794936587676,-23.3827154777953,-9.16487100361276));
#7131=CARTESIAN_POINT('Ctrl Pts',(-16.3885919125782,-22.7677648295518,-8.15431604034366));
#7132=CARTESIAN_POINT('Ctrl Pts',(-19.4113856022458,-21.8391650040107,-6.51013215274415));
#7133=CARTESIAN_POINT('Ctrl Pts',(-22.9968283766698,-20.8584975780274,-4.64896021019825));
#7134=CARTESIAN_POINT('Ctrl Pts',(-26.9779857926169,-20.0342795499763,-2.73508000326388));
#7135=CARTESIAN_POINT('Ctrl Pts',(-29.052520583885,-19.9161907477009,-1.93037097429711));
#7136=CARTESIAN_POINT('Ctrl Pts',(-30.0808424274716,-19.9161438679291,-1.5668903813319));
#7137=CARTESIAN_POINT('Ctrl Pts',(-13.7274591650398,-23.7764117505123,-9.40547475730361));
#7138=CARTESIAN_POINT('Ctrl Pts',(-14.6208800295126,-23.4648929909906,-8.90670463847218));
#7139=CARTESIAN_POINT('Ctrl Pts',(-16.4219319141971,-22.8513199613929,-7.91028544934602));
#7140=CARTESIAN_POINT('Ctrl Pts',(-19.4335600877049,-21.9274673874282,-6.27796028007698));
#7141=CARTESIAN_POINT('Ctrl Pts',(-22.9984496635343,-20.9605100841304,-4.42005093674569));
#7142=CARTESIAN_POINT('Ctrl Pts',(-26.9301976569014,-20.166445237874,-2.50237621855625));
#7143=CARTESIAN_POINT('Ctrl Pts',(-28.9752050971568,-20.0660979032996,-1.6824412299481));
#7144=CARTESIAN_POINT('Ctrl Pts',(-29.9888717991023,-20.0758277013822,-1.30619266402746));
#7145=CARTESIAN_POINT('Ctrl Pts',(-13.8224257396296,-23.9410594995464,-8.87050550207816));
#7146=CARTESIAN_POINT('Ctrl Pts',(-14.7042983309304,-23.6298220689659,-8.38970150506184));
#7147=CARTESIAN_POINT('Ctrl Pts',(-16.4906252606022,-23.0183518796143,-7.41820652403948));
#7148=CARTESIAN_POINT('Ctrl Pts',(-19.4797572031959,-22.1027992896987,-5.80765257180475));
#7149=CARTESIAN_POINT('Ctrl Pts',(-23.0028098993297,-21.1623293814956,-3.95309753735944));
#7150=CARTESIAN_POINT('Ctrl Pts',(-26.8349819103916,-20.425707263035,-2.02702791879172));
#7151=CARTESIAN_POINT('Ctrl Pts',(-28.8225999955136,-20.3576334617235,-1.17626625037685));
#7152=CARTESIAN_POINT('Ctrl Pts',(-29.8087403104081,-20.384797665594,-0.77426216861692));
#7153=CARTESIAN_POINT('Ctrl Pts',(-13.9652854523905,-24.1907007607787,-8.06408373014636));
#7154=CARTESIAN_POINT('Ctrl Pts',(-14.8318385616112,-23.8790775132892,-7.6061966563616));
#7155=CARTESIAN_POINT('Ctrl Pts',(-16.5994740415553,-23.2681901334444,-6.66331563114955));
#7156=CARTESIAN_POINT('Ctrl Pts',(-19.5543622168948,-22.3614716224486,-5.08021477748339));
#7157=CARTESIAN_POINT('Ctrl Pts',(-23.0121531208978,-21.4569470507988,-3.22343919915336));
#7158=CARTESIAN_POINT('Ctrl Pts',(-26.6940816918826,-20.7960146021729,-1.28675566148654));
#7159=CARTESIAN_POINT('Ctrl Pts',(-28.6021312424108,-20.7652987337581,-0.392351209583042));
#7160=CARTESIAN_POINT('Ctrl Pts',(-29.5526307818603,-20.8116367323847,0.0464066975143407));
#7161=CARTESIAN_POINT('Ctrl Pts',(-14.1095134105475,-24.4428735707875,-7.24663929885239));
#7162=CARTESIAN_POINT('Ctrl Pts',(-14.9635809334365,-24.1297494801629,-6.80635632737196));
#7163=CARTESIAN_POINT('Ctrl Pts',(-16.7130395838449,-23.5163738326075,-5.88854640933367));
#7164=CARTESIAN_POINT('Ctrl Pts',(-19.6344930603937,-22.6147013180712,-4.32617359951045));
#7165=CARTESIAN_POINT('Ctrl Pts',(-23.0237855548078,-21.7412904151867,-2.46411570342618));
#7166=CARTESIAN_POINT('Ctrl Pts',(-26.556458752937,-21.1441802448253,-0.523194033691086));
#7167=CARTESIAN_POINT('Ctrl Pts',(-28.393018634307,-21.1391785370799,0.40872907154053));
#7168=CARTESIAN_POINT('Ctrl Pts',(-29.3137655737685,-21.1977101690738,0.880037026526592));
#7169=CARTESIAN_POINT('Ctrl Pts',(-14.256237279068,-24.6970490294156,-6.40966833661778));
#7170=CARTESIAN_POINT('Ctrl Pts',(-15.099518918981,-24.3809161116775,-5.98350835785387));
#7171=CARTESIAN_POINT('Ctrl Pts',(-16.8306395179191,-23.7619170988852,-5.08932237875079));
#7172=CARTESIAN_POINT('Ctrl Pts',(-19.7200540923495,-22.8612176598819,-3.53987670334373));
#7173=CARTESIAN_POINT('Ctrl Pts',(-23.0367891036817,-22.0135482265886,-1.67435838493417));
#7174=CARTESIAN_POINT('Ctrl Pts',(-26.4230065848308,-21.4681158097088,0.26125943348275));
#7175=CARTESIAN_POINT('Ctrl Pts',(-28.1972610321063,-21.4779511056195,1.22280797279834));
#7176=CARTESIAN_POINT('Ctrl Pts',(-29.0939044178996,-21.542652463998,1.72167497157485));
#7177=CARTESIAN_POINT('Ctrl Pts',(-14.4052494376736,-24.9525468914193,-5.54433412446537));
#7178=CARTESIAN_POINT('Ctrl Pts',(-15.2384904999125,-24.6317376413633,-5.13043155993252));
#7179=CARTESIAN_POINT('Ctrl Pts',(-16.9514681703881,-24.0041790026688,-4.25803289737101));
#7180=CARTESIAN_POINT('Ctrl Pts',(-19.8095551569327,-23.1004050318548,-2.71351316127862));
#7181=CARTESIAN_POINT('Ctrl Pts',(-23.048729518167,-22.2738074066268,-0.848735251032329));
#7182=CARTESIAN_POINT('Ctrl Pts',(-26.2921408837422,-21.7692845308865,1.07257138978126));
#7183=CARTESIAN_POINT('Ctrl Pts',(-28.0135620014505,-21.7847509088146,2.05674719822674));
#7184=CARTESIAN_POINT('Ctrl Pts',(-28.8911300517559,-21.8506826928302,2.57824448703432));
#7185=CARTESIAN_POINT('Ctrl Pts',(-14.554828269677,-25.2089221633961,-4.63957523430392));
#7186=CARTESIAN_POINT('Ctrl Pts',(-15.3782874149647,-24.8817962667906,-4.2367148798355));
#7187=CARTESIAN_POINT('Ctrl Pts',(-17.0740148474777,-24.2430229183128,-3.38194885439686));
#7188=CARTESIAN_POINT('Ctrl Pts',(-19.8994940417986,-23.3321581472421,-1.83642480419804));
#7189=CARTESIAN_POINT('Ctrl Pts',(-23.0556940050524,-22.5224241457984,0.0214033255810148));
#7190=CARTESIAN_POINT('Ctrl Pts',(-26.161613425521,-22.0478080427754,1.91644739097269));
#7191=CARTESIAN_POINT('Ctrl Pts',(-27.8409159788408,-22.0597903996937,2.91296355001045));
#7192=CARTESIAN_POINT('Ctrl Pts',(-28.7043950677445,-22.122250759997,3.4496844746582));
#7193=CARTESIAN_POINT('Ctrl Pts',(-14.7025792385803,-25.4643192425712,-3.68451755706799));
#7194=CARTESIAN_POINT('Ctrl Pts',(-15.5165022101138,-25.1291876041714,-3.29166351363497));
#7195=CARTESIAN_POINT('Ctrl Pts',(-17.1970510864416,-24.4761823545576,-2.44701638099691));
#7196=CARTESIAN_POINT('Ctrl Pts',(-19.9859184670819,-23.5537601499586,-0.902814832037382));
#7197=CARTESIAN_POINT('Ctrl Pts',(-23.0548843743184,-22.7560640163524,0.937547847991137));
#7198=CARTESIAN_POINT('Ctrl Pts',(-26.0313711408902,-22.2997449019778,2.78812921144946));
#7199=CARTESIAN_POINT('Ctrl Pts',(-27.6804029284428,-22.3002023231513,3.78389436692965));
#7200=CARTESIAN_POINT('Ctrl Pts',(-28.5345834583426,-22.3553721049379,4.32663247253362));
#7201=CARTESIAN_POINT('Ctrl Pts',(-14.8460740626288,-25.7150638184444,-2.66853848975755));
#7202=CARTESIAN_POINT('Ctrl Pts',(-15.6511962668568,-25.3701190568202,-2.28393630099144));
#7203=CARTESIAN_POINT('Ctrl Pts',(-17.3179384667031,-24.6989348632419,-1.44341911006229));
#7204=CARTESIAN_POINT('Ctrl Pts',(-20.0650790986168,-23.7607007434101,0.0892050290006619));
#7205=CARTESIAN_POINT('Ctrl Pts',(-23.0443691013136,-22.9697417229948,1.89574644742762));
#7206=CARTESIAN_POINT('Ctrl Pts',(-25.9027055326292,-22.5207501797646,3.67832138916642));
#7207=CARTESIAN_POINT('Ctrl Pts',(-27.5338194842071,-22.5037594375277,4.65930137816935));
#7208=CARTESIAN_POINT('Ctrl Pts',(-28.3830169047621,-22.5491449660414,5.19820208924956));
#7209=CARTESIAN_POINT('Ctrl Pts',(-14.9836831304079,-25.955682113363,-1.57780571654792));
#7210=CARTESIAN_POINT('Ctrl Pts',(-15.781111776687,-25.5987652208242,-1.1989173500653));
#7211=CARTESIAN_POINT('Ctrl Pts',(-17.4321316833129,-24.9050721419564,-0.367319274137687));
#7212=CARTESIAN_POINT('Ctrl Pts',(-20.1335573188258,-23.9476115230037,1.13920313353032));
#7213=CARTESIAN_POINT('Ctrl Pts',(-23.0229658347204,-23.1583320489284,2.88903744128017));
#7214=CARTESIAN_POINT('Ctrl Pts',(-25.7777102289996,-22.707750716391,4.57746599952136));
#7215=CARTESIAN_POINT('Ctrl Pts',(-27.4027798632243,-22.6701885371425,5.5309030889358));
#7216=CARTESIAN_POINT('Ctrl Pts',(-28.2504265709509,-22.7048508013089,6.05716356766586));
#7217=CARTESIAN_POINT('Ctrl Pts',(-15.1126541732262,-26.1785540951844,-0.398812694185285));
#7218=CARTESIAN_POINT('Ctrl Pts',(-15.9019552664863,-25.8073796641251,-0.0282552773012881));
#7219=CARTESIAN_POINT('Ctrl Pts',(-17.5349675115097,-25.0878601001372,0.784138733174573));
#7220=CARTESIAN_POINT('Ctrl Pts',(-20.1877544852154,-24.1091378109979,2.24481210607181));
#7221=CARTESIAN_POINT('Ctrl Pts',(-22.9899687005522,-23.3178705474378,3.91119131214464));
#7222=CARTESIAN_POINT('Ctrl Pts',(-25.6580965696061,-22.8602212340832,5.48334795043603));
#7223=CARTESIAN_POINT('Ctrl Pts',(-27.2870440152651,-22.8019599233516,6.40227922748307));
#7224=CARTESIAN_POINT('Ctrl Pts',(-28.1352679833946,-22.8262340061439,6.90975777418764));
#7225=CARTESIAN_POINT('Ctrl Pts',(-15.2274337704508,-26.3746963505803,0.878633363329979));
#7226=CARTESIAN_POINT('Ctrl Pts',(-16.0076622706168,-25.9877097330422,1.23511415942392));
#7227=CARTESIAN_POINT('Ctrl Pts',(-17.6207609905641,-25.2409178570584,2.01511673003234));
#7228=CARTESIAN_POINT('Ctrl Pts',(-20.2234555213759,-24.2410031017836,3.40966828810245));
#7229=CARTESIAN_POINT('Ctrl Pts',(-22.9439982898675,-23.4461921331986,4.96521516083633));
#7230=CARTESIAN_POINT('Ctrl Pts',(-25.5440735978978,-22.9787047511574,6.40526128399634));
#7231=CARTESIAN_POINT('Ctrl Pts',(-27.1846836982194,-22.9009093424089,7.2809148858881));
#7232=CARTESIAN_POINT('Ctrl Pts',(-28.0347625918972,-22.9155577818326,7.76157617963299));
#7233=CARTESIAN_POINT('Ctrl Pts',(-15.3202140036397,-26.5338218193426,2.26192633160336));
#7234=CARTESIAN_POINT('Ctrl Pts',(-16.0906105922028,-26.1305870097807,2.59668348916683));
#7235=CARTESIAN_POINT('Ctrl Pts',(-17.683078219708,-25.357061991419,3.33021025773583));
#7236=CARTESIAN_POINT('Ctrl Pts',(-20.2362353118492,-24.3372223738377,4.63323133918511));
#7237=CARTESIAN_POINT('Ctrl Pts',(-22.8848241383713,-23.5388978967553,6.04641702099984));
#7238=CARTESIAN_POINT('Ctrl Pts',(-25.4368950665197,-23.0609264308774,7.33855245907515));
#7239=CARTESIAN_POINT('Ctrl Pts',(-27.0945048300987,-22.9666845267086,8.15931237676578));
#7240=CARTESIAN_POINT('Ctrl Pts',(-27.9468981077142,-22.9733459073808,8.60471542583882));
#7241=CARTESIAN_POINT('Ctrl Pts',(-15.3829876380292,-26.6433585702462,3.74381184604026));
#7242=CARTESIAN_POINT('Ctrl Pts',(-16.1437534555354,-26.2246446534281,4.04912921592337));
#7243=CARTESIAN_POINT('Ctrl Pts',(-17.7164143645676,-25.4261927461049,4.72310878479544));
#7244=CARTESIAN_POINT('Ctrl Pts',(-20.224041181316,-24.3901090808185,5.8954905478168));
#7245=CARTESIAN_POINT('Ctrl Pts',(-22.8148829146195,-23.5908291564914,7.1386933083015));
#7246=CARTESIAN_POINT('Ctrl Pts',(-25.3391261952749,-23.1052780373302,8.27148901795003));
#7247=CARTESIAN_POINT('Ctrl Pts',(-27.0158088051668,-22.9998628604691,9.02597758984691));
#7248=CARTESIAN_POINT('Ctrl Pts',(-27.8701492425589,-23.0010242819083,9.42894684048314));
#7249=CARTESIAN_POINT('Ctrl Pts',(-15.4095472613381,-26.6906774737056,5.30884195898468));
#7250=CARTESIAN_POINT('Ctrl Pts',(-16.1617615780201,-26.258136400537,5.57652543154727));
#7251=CARTESIAN_POINT('Ctrl Pts',(-17.7167953340327,-25.4386792955101,6.16393949421519));
#7252=CARTESIAN_POINT('Ctrl Pts',(-20.1887949028486,-24.3937236730454,7.17042899856909));
#7253=CARTESIAN_POINT('Ctrl Pts',(-22.7389148996037,-23.5987764770379,8.2234401279407));
#7254=CARTESIAN_POINT('Ctrl Pts',(-25.253995870733,-23.112265701676,9.19366687230301));
#7255=CARTESIAN_POINT('Ctrl Pts',(-26.9481257672055,-23.0024990882104,9.87189136492973));
#7256=CARTESIAN_POINT('Ctrl Pts',(-27.803297380697,-23.0011740692456,10.2279095031876));
#7257=CARTESIAN_POINT('Ctrl Pts',(-15.3946664082176,-26.6655977962729,6.92211963386297));
#7258=CARTESIAN_POINT('Ctrl Pts',(-16.1407957078826,-26.2223113400578,7.13893516071568));
#7259=CARTESIAN_POINT('Ctrl Pts',(-17.6849071206408,-25.3890140439177,7.61526946517933));
#7260=CARTESIAN_POINT('Ctrl Pts',(-20.1361022189192,-24.3450511882753,8.43517896144874));
#7261=CARTESIAN_POINT('Ctrl Pts',(-22.6631287327427,-23.5620494310783,9.2914973527278));
#7262=CARTESIAN_POINT('Ctrl Pts',(-25.18627084318,-23.0838985700541,10.1104301741045));
#7263=CARTESIAN_POINT('Ctrl Pts',(-26.8916957908128,-22.9769690815964,10.7036479777797));
#7264=CARTESIAN_POINT('Ctrl Pts',(-27.7458998704275,-22.9762097096763,11.0110619838633));
#7265=CARTESIAN_POINT('Ctrl Pts',(-15.3374762161412,-26.5635037596249,8.54042101774289));
#7266=CARTESIAN_POINT('Ctrl Pts',(-16.0825743371586,-26.1135990578184,8.70040026547945));
#7267=CARTESIAN_POINT('Ctrl Pts',(-17.626110667224,-25.274679351405,9.05956143072622));
#7268=CARTESIAN_POINT('Ctrl Pts',(-20.0734025185773,-24.2416823537276,9.69183839310771));
#7269=CARTESIAN_POINT('Ctrl Pts',(-22.5946329153821,-23.4794366708913,10.3563192455053));
#7270=CARTESIAN_POINT('Ctrl Pts',(-25.1357744341996,-23.0208475810063,11.0358403973282));
#7271=CARTESIAN_POINT('Ctrl Pts',(-26.8437450035988,-22.9240303231602,11.5308938309762));
#7272=CARTESIAN_POINT('Ctrl Pts',(-27.6942596366876,-22.9269970084155,11.7863648734525));
#7273=CARTESIAN_POINT('Ctrl Pts',(-15.2358094357612,-26.3844018945302,10.1415659752784));
#7274=CARTESIAN_POINT('Ctrl Pts',(-15.98610338364,-25.9308314862791,10.2474743293734));
#7275=CARTESIAN_POINT('Ctrl Pts',(-17.541526233443,-25.0920908458041,10.4914580502517));
#7276=CARTESIAN_POINT('Ctrl Pts',(-20.0025664499223,-24.0799016563455,10.9363765185159));
#7277=CARTESIAN_POINT('Ctrl Pts',(-22.5327601905276,-23.3499124582299,11.4195034485927));
#7278=CARTESIAN_POINT('Ctrl Pts',(-25.0926580433415,-22.9238109470407,11.95811546089));
#7279=CARTESIAN_POINT('Ctrl Pts',(-26.7964492852312,-22.8447613916219,12.3450562748687));
#7280=CARTESIAN_POINT('Ctrl Pts',(-27.6407993418783,-22.854769394926,12.5457946866028));
#7281=CARTESIAN_POINT('Ctrl Pts',(-15.0840282568775,-26.1253384408503,11.713796146015));
#7282=CARTESIAN_POINT('Ctrl Pts',(-15.8475684567522,-25.6697930151868,11.765309495402));
#7283=CARTESIAN_POINT('Ctrl Pts',(-17.4293457900824,-24.8373639245747,11.8954103613684));
#7284=CARTESIAN_POINT('Ctrl Pts',(-19.9187339857091,-23.8591188084076,12.1570298427526));
#7285=CARTESIAN_POINT('Ctrl Pts',(-22.4736091912967,-23.1751348539454,12.48153741445));
#7286=CARTESIAN_POINT('Ctrl Pts',(-25.0459660675764,-22.7951325631071,12.8585887094842));
#7287=CARTESIAN_POINT('Ctrl Pts',(-26.7426040369491,-22.741399382969,13.1354397045581));
#7288=CARTESIAN_POINT('Ctrl Pts',(-27.579194188301,-22.761678602857,13.2802385159956));
#7289=CARTESIAN_POINT('Ctrl Pts',(-14.9503702082942,-25.8948007928605,12.7420083747637));
#7290=CARTESIAN_POINT('Ctrl Pts',(-15.726972022669,-25.4406542586838,12.7594437633459));
#7291=CARTESIAN_POINT('Ctrl Pts',(-17.3335028319725,-24.6190751264259,12.8169752818778));
#7292=CARTESIAN_POINT('Ctrl Pts',(-19.853303801576,-23.6737918897271,12.9687585247536));
#7293=CARTESIAN_POINT('Ctrl Pts',(-22.4296706702707,-23.0302112304251,13.1802642438683));
#7294=CARTESIAN_POINT('Ctrl Pts',(-25.0101884427478,-22.6898623979715,13.4424761551381));
#7295=CARTESIAN_POINT('Ctrl Pts',(-26.701157303601,-22.6578018517279,13.6454039665121));
#7296=CARTESIAN_POINT('Ctrl Pts',(-27.5320735368338,-22.6869502035186,13.7529306153724));
#7297=CARTESIAN_POINT('Ctrl Pts',(-14.8753472811277,-25.7648572711448,13.265070035773));
#7298=CARTESIAN_POINT('Ctrl Pts',(-15.6598352136716,-25.3119329521146,13.265070035773));
#7299=CARTESIAN_POINT('Ctrl Pts',(-17.2813767001213,-24.4971822092476,13.2861078912758));
#7300=CARTESIAN_POINT('Ctrl Pts',(-19.8193235525952,-23.5708261699349,13.3794648747507));
#7301=CARTESIAN_POINT('Ctrl Pts',(-22.4078442912047,-22.9500599073124,13.5308163230874));
#7302=CARTESIAN_POINT('Ctrl Pts',(-24.9928370247833,-22.6319621093057,13.7342453087072));
#7303=CARTESIAN_POINT('Ctrl Pts',(-26.6806379492278,-22.6120460339891,13.8995968610285));
#7304=CARTESIAN_POINT('Ctrl Pts',(-27.5085326906041,-22.6461762617956,13.9883091442582));
#7305=CARTESIAN_POINT('',(-14.8753472811277,-25.7648572711448,13.265070035773));
#7306=CARTESIAN_POINT('Ctrl Pts',(-13.6800194228611,-23.6944886504716,-9.67323447715833));
#7307=CARTESIAN_POINT('Ctrl Pts',(-13.7274591650398,-23.7764117505123,-9.40547475730361));
#7308=CARTESIAN_POINT('Ctrl Pts',(-13.8224257396296,-23.9410594995464,-8.87050550207816));
#7309=CARTESIAN_POINT('Ctrl Pts',(-13.9652854523905,-24.1907007607787,-8.06408373014636));
#7310=CARTESIAN_POINT('Ctrl Pts',(-14.1095134105475,-24.4428735707875,-7.24663929885239));
#7311=CARTESIAN_POINT('Ctrl Pts',(-14.256237279068,-24.6970490294156,-6.40966833661778));
#7312=CARTESIAN_POINT('Ctrl Pts',(-14.4052494376736,-24.9525468914193,-5.54433412446537));
#7313=CARTESIAN_POINT('Ctrl Pts',(-14.554828269677,-25.2089221633961,-4.63957523430392));
#7314=CARTESIAN_POINT('Ctrl Pts',(-14.7025792385803,-25.4643192425712,-3.68451755706799));
#7315=CARTESIAN_POINT('Ctrl Pts',(-14.8460740626288,-25.7150638184444,-2.66853848975755));
#7316=CARTESIAN_POINT('Ctrl Pts',(-14.9836831304079,-25.955682113363,-1.57780571654792));
#7317=CARTESIAN_POINT('Ctrl Pts',(-15.1126541732262,-26.1785540951844,-0.398812694185285));
#7318=CARTESIAN_POINT('Ctrl Pts',(-15.2274337704508,-26.3746963505803,0.878633363329979));
#7319=CARTESIAN_POINT('Ctrl Pts',(-15.3202140036397,-26.5338218193426,2.26192633160336));
#7320=CARTESIAN_POINT('Ctrl Pts',(-15.3829876380292,-26.6433585702462,3.74381184604026));
#7321=CARTESIAN_POINT('Ctrl Pts',(-15.4095472613381,-26.6906774737056,5.30884195898468));
#7322=CARTESIAN_POINT('Ctrl Pts',(-15.3946664082176,-26.6655977962729,6.92211963386297));
#7323=CARTESIAN_POINT('Ctrl Pts',(-15.3374762161412,-26.5635037596249,8.54042101774289));
#7324=CARTESIAN_POINT('Ctrl Pts',(-15.2358094357612,-26.3844018945302,10.1415659752784));
#7325=CARTESIAN_POINT('Ctrl Pts',(-15.0840282568775,-26.1253384408503,11.713796146015));
#7326=CARTESIAN_POINT('Ctrl Pts',(-14.9503702082942,-25.8948007928605,12.7420083747637));
#7327=CARTESIAN_POINT('Ctrl Pts',(-14.8753472811277,-25.7648572711448,13.265070035773));
#7328=CARTESIAN_POINT('',(-27.5085326906041,-22.6461762617956,13.9883091442582));
#7329=CARTESIAN_POINT('Ctrl Pts',(-27.5085326906041,-22.6461762617956,13.9883091442582));
#7330=CARTESIAN_POINT('Ctrl Pts',(-25.1431191438147,-22.5486613252055,13.7348454778878));
#7331=CARTESIAN_POINT('Ctrl Pts',(-20.7632979968391,-23.019873446163,13.3784343771278));
#7332=CARTESIAN_POINT('Ctrl Pts',(-16.5570198560805,-24.7967912578221,13.2655634039871));
#7333=CARTESIAN_POINT('Ctrl Pts',(-14.8754576417246,-25.7650489472597,13.2651142767351));
#7334=CARTESIAN_POINT('Ctrl Pts',(-27.5085326906041,-22.6461762617956,13.9883091442582));
#7335=CARTESIAN_POINT('Ctrl Pts',(-27.5160194950443,-22.6591437874725,13.913450619717));
#7336=CARTESIAN_POINT('Ctrl Pts',(-27.5235252315812,-22.6717586082916,13.8385288545426));
#7337=CARTESIAN_POINT('Ctrl Pts',(-27.5309762876087,-22.6840396876006,13.7633891572318));
#7338=CARTESIAN_POINT('Ctrl Pts',(-27.538672195054,-22.6967243391912,13.6857802714795));
#7339=CARTESIAN_POINT('Ctrl Pts',(-27.5463098254433,-22.7090528286486,13.6079390368803));
#7340=CARTESIAN_POINT('Ctrl Pts',(-27.5538330700358,-22.7210347065991,13.5297459043508));
#7341=CARTESIAN_POINT('Ctrl Pts',(-27.5616504586355,-22.7334850523164,13.4484955747497));
#7342=CARTESIAN_POINT('Ctrl Pts',(-27.5693444049885,-22.7455610171918,13.3668654702381));
#7343=CARTESIAN_POINT('Ctrl Pts',(-27.5768776343074,-22.7572632978925,13.2847731402861));
#7344=CARTESIAN_POINT('Ctrl Pts',(-27.5847743688688,-22.7695302554673,13.1987195619714));
#7345=CARTESIAN_POINT('Ctrl Pts',(-27.5924945737804,-22.7813864433601,13.1121583063671));
#7346=CARTESIAN_POINT('Ctrl Pts',(-27.6000219989544,-22.7928241205225,13.0250470279245));
#7347=CARTESIAN_POINT('Ctrl Pts',(-27.6080232424537,-22.804981749184,12.9324524774325));
#7348=CARTESIAN_POINT('Ctrl Pts',(-27.6158067575662,-22.8166663419863,12.8392368066818));
#7349=CARTESIAN_POINT('Ctrl Pts',(-27.6233813529797,-22.8278618085886,12.7454030608006));
#7350=CARTESIAN_POINT('Ctrl Pts',(-27.6316391446756,-22.8400670586504,12.64310591023));
#7351=CARTESIAN_POINT('Ctrl Pts',(-27.6396487317926,-22.8516907331146,12.5400746777533));
#7352=CARTESIAN_POINT('Ctrl Pts',(-27.6474529296833,-22.8627075190995,12.4363691836569));
#7353=CARTESIAN_POINT('Ctrl Pts',(-27.6565554459335,-22.8755570745383,12.3154110841223));
#7354=CARTESIAN_POINT('Ctrl Pts',(-27.6653786325022,-22.8875806015883,12.1935368156687));
#7355=CARTESIAN_POINT('Ctrl Pts',(-27.6740307516959,-22.898737624063,12.0709026306874));
#7356=CARTESIAN_POINT('Ctrl Pts',(-27.6837615598909,-22.9112856303143,11.9329792265483));
#7357=CARTESIAN_POINT('Ctrl Pts',(-27.6932772669088,-22.9227369944028,11.7940989826834));
#7358=CARTESIAN_POINT('Ctrl Pts',(-27.7027683500692,-22.9330428835946,11.6545117383379));
#7359=CARTESIAN_POINT('Ctrl Pts',(-27.7109082117894,-22.941881549478,11.5347971759753));
#7360=CARTESIAN_POINT('Ctrl Pts',(-27.7190314277119,-22.9498778553732,11.4145651912776));
#7361=CARTESIAN_POINT('Ctrl Pts',(-27.7272619957779,-22.9570088896123,11.2939433060762));
#7362=CARTESIAN_POINT('Ctrl Pts',(-27.7343669053466,-22.9631646437467,11.1898183441662));
#7363=CARTESIAN_POINT('Ctrl Pts',(-27.7415522549787,-22.9686758232721,11.0854033821536));
#7364=CARTESIAN_POINT('Ctrl Pts',(-27.7488902361311,-22.9735314633989,10.9807392761002));
#7365=CARTESIAN_POINT('Ctrl Pts',(-27.7556479966701,-22.978003163797,10.8843510528185));
#7366=CARTESIAN_POINT('Ctrl Pts',(-27.7625354314086,-22.98191903908,10.7877518776367));
#7367=CARTESIAN_POINT('Ctrl Pts',(-27.7695977562952,-22.9852717075859,10.6909301061896));
#7368=CARTESIAN_POINT('Ctrl Pts',(-27.7762633604281,-22.9884360424767,10.5995472244516));
#7369=CARTESIAN_POINT('Ctrl Pts',(-27.7830849084715,-22.9910987971218,10.5079663072784));
#7370=CARTESIAN_POINT('Ctrl Pts',(-27.7900874537531,-22.9932529714725,10.416132852328));
#7371=CARTESIAN_POINT('Ctrl Pts',(-27.7989920309293,-22.9959922628281,10.2993555871953));
#7372=CARTESIAN_POINT('Ctrl Pts',(-27.8081902392818,-22.9979098710844,10.1821702162686));
#7373=CARTESIAN_POINT('Ctrl Pts',(-27.8176979997888,-22.9989838142896,10.0643588002324));
#7374=CARTESIAN_POINT('Ctrl Pts',(-27.8255116862219,-22.9998664044059,9.96753879067626));
#7375=CARTESIAN_POINT('Ctrl Pts',(-27.8335333506426,-23.0001788118186,9.87029252074085));
#7376=CARTESIAN_POINT('Ctrl Pts',(-27.841769323013,-22.9999025644071,9.77254292192125));
#7377=CARTESIAN_POINT('Ctrl Pts',(-27.8503839255234,-22.9996136171477,9.67029950711824));
#7378=CARTESIAN_POINT('Ctrl Pts',(-27.8592329822395,-22.9986804627781,9.56750567599887));
#7379=CARTESIAN_POINT('Ctrl Pts',(-27.8683247558824,-22.9970785794367,9.46412981189683));
#7380=CARTESIAN_POINT('Ctrl Pts',(-27.8783211020572,-22.9953173190885,9.35046871954366));
#7381=CARTESIAN_POINT('Ctrl Pts',(-27.8886108323663,-22.992747403773,9.2361040401239));
#7382=CARTESIAN_POINT('Ctrl Pts',(-27.8992064988262,-22.9893356593088,9.12105915578672));
#7383=CARTESIAN_POINT('Ctrl Pts',(-27.9108775678161,-22.9855776413333,8.99433784126426));
#7384=CARTESIAN_POINT('Ctrl Pts',(-27.9229197671763,-22.9807978967479,8.86679178952851));
#7385=CARTESIAN_POINT('Ctrl Pts',(-27.9353524419683,-22.9749563125823,8.73852379905513));
#7386=CARTESIAN_POINT('Ctrl Pts',(-27.949433770657,-22.968340096195,8.59324663510498));
#7387=CARTESIAN_POINT('Ctrl Pts',(-27.9640158679944,-22.9603612686581,8.44704494115225));
#7388=CARTESIAN_POINT('Ctrl Pts',(-27.9791315846545,-22.9509739944317,8.30013951513126));
#7389=CARTESIAN_POINT('Ctrl Pts',(-27.9985852837166,-22.93889271427,8.11107445042506));
#7390=CARTESIAN_POINT('Ctrl Pts',(-28.018922193733,-22.9244774932,7.92085076439166));
#7391=CARTESIAN_POINT('Ctrl Pts',(-28.0402264491487,-22.9076663562103,7.72998755454594));
#7392=CARTESIAN_POINT('Ctrl Pts',(-28.055174312238,-22.8958710332012,7.59607078186901));
#7393=CARTESIAN_POINT('Ctrl Pts',(-28.0705987261817,-22.882897313694,7.46184078646969));
#7394=CARTESIAN_POINT('Ctrl Pts',(-28.0865339629385,-22.8687316884663,7.32744645753857));
#7395=CARTESIAN_POINT('Ctrl Pts',(-28.1007452204495,-22.8560985942118,7.20759179546963));
#7396=CARTESIAN_POINT('Ctrl Pts',(-28.115362806672,-22.8425178984967,7.08760702602248));
#7397=CARTESIAN_POINT('Ctrl Pts',(-28.1304140900237,-22.8279798131325,6.9675578042377));
#7398=CARTESIAN_POINT('Ctrl Pts',(-28.1444265999198,-22.8144450825534,6.85579385235637));
#7399=CARTESIAN_POINT('Ctrl Pts',(-28.1588150388537,-22.8000808194626,6.74397440251703));
#7400=CARTESIAN_POINT('Ctrl Pts',(-28.1736037585379,-22.784874734476,6.63210928677393));
#7401=CARTESIAN_POINT('Ctrl Pts',(-28.1876370753706,-22.7704453712209,6.52595820370052));
#7402=CARTESIAN_POINT('Ctrl Pts',(-28.2020308474319,-22.7552582207955,6.4197662559454));
#7403=CARTESIAN_POINT('Ctrl Pts',(-28.2168076433515,-22.7392951893743,6.31349718753184));
#7404=CARTESIAN_POINT('Ctrl Pts',(-28.2316816250672,-22.7232271703817,6.20652919601815));
#7405=CARTESIAN_POINT('Ctrl Pts',(-28.2469437142196,-22.7063733526718,6.09948354904703));
#7406=CARTESIAN_POINT('Ctrl Pts',(-28.2626184844608,-22.6887030770673,5.99226999720061));
#7407=CARTESIAN_POINT('Ctrl Pts',(-28.2782940970399,-22.6710318518895,5.88505068386365));
#7408=CARTESIAN_POINT('Ctrl Pts',(-28.2943832522005,-22.6525427002163,5.77765540337009));
#7409=CARTESIAN_POINT('Ctrl Pts',(-28.3109041140117,-22.6332020653368,5.67001124981112));
#7410=CARTESIAN_POINT('Ctrl Pts',(-28.3281266624682,-22.6130399802594,5.5577951516492));
#7411=CARTESIAN_POINT('Ctrl Pts',(-28.345818311767,-22.5919523597024,5.44530885090067));
#7412=CARTESIAN_POINT('Ctrl Pts',(-28.3639892013757,-22.569907060004,5.33252621613257));
#7413=CARTESIAN_POINT('Ctrl Pts',(-28.3831269300134,-22.5466887711666,5.21374262844196));
#7414=CARTESIAN_POINT('Ctrl Pts',(-28.4027961790078,-22.5224079750413,5.09463067826402));
#7415=CARTESIAN_POINT('Ctrl Pts',(-28.4229984588362,-22.4970366472411,4.97521659048609));
#7416=CARTESIAN_POINT('Ctrl Pts',(-28.4446376166782,-22.4698607952288,4.84730922973615));
#7417=CARTESIAN_POINT('Ctrl Pts',(-28.4668882139137,-22.4414335333863,4.71905572309755));
#7418=CARTESIAN_POINT('Ctrl Pts',(-28.4897419836795,-22.4117347168541,4.59054533659237));
#7419=CARTESIAN_POINT('Ctrl Pts',(-28.5152943339615,-22.3785290544726,4.44686040213748));
#7420=CARTESIAN_POINT('Ctrl Pts',(-28.5416005263508,-22.3437334730692,4.30285514152033));
#7421=CARTESIAN_POINT('Ctrl Pts',(-28.5686390379099,-22.3073422493788,4.15871355193976));
#7422=CARTESIAN_POINT('Ctrl Pts',(-28.601078473245,-22.2636819042043,3.98577978063752));
#7423=CARTESIAN_POINT('Ctrl Pts',(-28.6345714312391,-22.2177242845728,3.81265231442174));
#7424=CARTESIAN_POINT('Ctrl Pts',(-28.669073036574,-22.1694990354697,3.63970465343429));
#7425=CARTESIAN_POINT('Ctrl Pts',(-28.7015591529173,-22.1240909729219,3.47686011963353));
#7426=CARTESIAN_POINT('Ctrl Pts',(-28.7349387716378,-22.0766738827573,3.31417907196381));
#7427=CARTESIAN_POINT('Ctrl Pts',(-28.7691789558738,-22.0272949148019,3.15196332103509));
#7428=CARTESIAN_POINT('Ctrl Pts',(-28.7979682742538,-21.9857768312557,3.01557150527966));
#7429=CARTESIAN_POINT('Ctrl Pts',(-28.8273658546112,-21.9428727013809,2.87950954421203));
#7430=CARTESIAN_POINT('Ctrl Pts',(-28.8573600588573,-21.8986119792003,2.74392172452089));
#7431=CARTESIAN_POINT('Ctrl Pts',(-28.884746382574,-21.8581995563327,2.62012274350324));
#7432=CARTESIAN_POINT('Ctrl Pts',(-28.9126300371315,-21.816656683215,2.49671947179775));
#7433=CARTESIAN_POINT('Ctrl Pts',(-28.9410104722187,-21.7739982997112,2.37378142070166));
#7434=CARTESIAN_POINT('Ctrl Pts',(-28.9676790027785,-21.7339130649147,2.25825897847929));
#7435=CARTESIAN_POINT('Ctrl Pts',(-28.9947861604165,-21.6928432104957,2.14314759032049));
#7436=CARTESIAN_POINT('Ctrl Pts',(-29.0223397580051,-21.6507882510794,2.028462848503));
#7437=CARTESIAN_POINT('Ctrl Pts',(-29.0486153299416,-21.610683937736,1.91909755876326));
#7438=CARTESIAN_POINT('Ctrl Pts',(-29.0752968726976,-21.5696840995042,1.8101204307283));
#7439=CARTESIAN_POINT('Ctrl Pts',(-29.1023992422891,-21.5277713622306,1.70150235532099));
#7440=CARTESIAN_POINT('Ctrl Pts',(-29.1374508064444,-21.473565511539,1.561026319611));
#7441=CARTESIAN_POINT('Ctrl Pts',(-29.1732065622205,-21.4178339783693,1.42115131770049));
#7442=CARTESIAN_POINT('Ctrl Pts',(-29.2097165087454,-21.3604872689734,1.28171026616908));
#7443=CARTESIAN_POINT('Ctrl Pts',(-29.237931819143,-21.3161690664041,1.17394860323595));
#7444=CARTESIAN_POINT('Ctrl Pts',(-29.2665980410592,-21.2708844348298,1.06644319793224));
#7445=CARTESIAN_POINT('Ctrl Pts',(-29.2957241207624,-21.2246029316774,0.959158083623441));
#7446=CARTESIAN_POINT('Ctrl Pts',(-29.3269947153997,-21.1749137823298,0.843973707478367));
#7447=CARTESIAN_POINT('Ctrl Pts',(-29.3587953194049,-21.1240753156736,0.729043403296935));
#7448=CARTESIAN_POINT('Ctrl Pts',(-29.3911198670848,-21.0720711580484,0.614377886032049));
#7449=CARTESIAN_POINT('Ctrl Pts',(-29.4254174705552,-21.0168927223066,0.492713308330452));
#7450=CARTESIAN_POINT('Ctrl Pts',(-29.4603047500633,-20.9604017902967,0.371347350684141));
#7451=CARTESIAN_POINT('Ctrl Pts',(-29.4957577759955,-20.9026052392572,0.250347424303506));
#7452=CARTESIAN_POINT('Ctrl Pts',(-29.5342293732191,-20.8398877257574,0.119045220629624));
#7453=CARTESIAN_POINT('Ctrl Pts',(-29.5733668756499,-20.7756326641934,-0.0118251683123236));
#7454=CARTESIAN_POINT('Ctrl Pts',(-29.6131242295212,-20.7098818022186,-0.142125395306389));
#7455=CARTESIAN_POINT('Ctrl Pts',(-29.6597168450385,-20.6328267587206,-0.294827418630307));
#7456=CARTESIAN_POINT('Ctrl Pts',(-29.707160187289,-20.553717121734,-0.446744792675405));
#7457=CARTESIAN_POINT('Ctrl Pts',(-29.7553663589357,-20.4726683783581,-0.597604058070429));
#7458=CARTESIAN_POINT('Ctrl Pts',(-29.8079459292158,-20.3842666664428,-0.762149697690669));
#7459=CARTESIAN_POINT('Ctrl Pts',(-29.8614315169714,-20.2935597037577,-0.925432049317449));
#7460=CARTESIAN_POINT('Ctrl Pts',(-29.9157112833302,-20.2007397010555,-1.08709098882418));
#7461=CARTESIAN_POINT('Ctrl Pts',(-29.9605699631902,-20.1240300343576,-1.22069153835325));
#7462=CARTESIAN_POINT('Ctrl Pts',(-30.0059707052746,-20.0458789521676,-1.35318195870786));
#7463=CARTESIAN_POINT('Ctrl Pts',(-30.0518630445109,-19.9663969071451,-1.48439175419845));
#7464=CARTESIAN_POINT('Ctrl Pts',(-30.061501217077,-19.9497043244923,-1.51194804512496));
#7465=CARTESIAN_POINT('Ctrl Pts',(-30.0711611325025,-19.9329529984185,-1.53944801691907));
#7466=CARTESIAN_POINT('Ctrl Pts',(-30.0808424274716,-19.9161438679291,-1.56689038133191));
#7467=CARTESIAN_POINT('Ctrl Pts',(-13.6800194228611,-23.6944886504716,-9.67323447715833));
#7468=CARTESIAN_POINT('Ctrl Pts',(-13.7274591650398,-23.7764117505123,-9.40547475730361));
#7469=CARTESIAN_POINT('Ctrl Pts',(-13.8224257396296,-23.9410594995464,-8.87050550207816));
#7470=CARTESIAN_POINT('Ctrl Pts',(-13.9652854523905,-24.1907007607787,-8.06408373014636));
#7471=CARTESIAN_POINT('Ctrl Pts',(-14.1095134105475,-24.4428735707875,-7.24663929885239));
#7472=CARTESIAN_POINT('Ctrl Pts',(-14.256237279068,-24.6970490294156,-6.40966833661778));
#7473=CARTESIAN_POINT('Ctrl Pts',(-14.4052494376736,-24.9525468914193,-5.54433412446537));
#7474=CARTESIAN_POINT('Ctrl Pts',(-14.554828269677,-25.2089221633961,-4.63957523430392));
#7475=CARTESIAN_POINT('Ctrl Pts',(-14.7025792385803,-25.4643192425712,-3.68451755706799));
#7476=CARTESIAN_POINT('Ctrl Pts',(-14.8460740626288,-25.7150638184444,-2.66853848975755));
#7477=CARTESIAN_POINT('Ctrl Pts',(-14.9836831304079,-25.955682113363,-1.57780571654792));
#7478=CARTESIAN_POINT('Ctrl Pts',(-15.1126541732262,-26.1785540951844,-0.398812694185285));
#7479=CARTESIAN_POINT('Ctrl Pts',(-15.2274337704508,-26.3746963505803,0.878633363329979));
#7480=CARTESIAN_POINT('Ctrl Pts',(-15.3202140036397,-26.5338218193426,2.26192633160336));
#7481=CARTESIAN_POINT('Ctrl Pts',(-15.3829876380292,-26.6433585702462,3.74381184604026));
#7482=CARTESIAN_POINT('Ctrl Pts',(-15.4095472613381,-26.6906774737056,5.30884195898468));
#7483=CARTESIAN_POINT('Ctrl Pts',(-15.3946664082176,-26.6655977962729,6.92211963386297));
#7484=CARTESIAN_POINT('Ctrl Pts',(-15.3374762161412,-26.5635037596249,8.54042101774289));
#7485=CARTESIAN_POINT('Ctrl Pts',(-15.2358094357612,-26.3844018945302,10.1415659752784));
#7486=CARTESIAN_POINT('Ctrl Pts',(-15.0840282568775,-26.1253384408503,11.713796146015));
#7487=CARTESIAN_POINT('Ctrl Pts',(-14.9503702082942,-25.8948007928605,12.7420083747637));
#7488=CARTESIAN_POINT('Ctrl Pts',(-14.8753472811277,-25.7648572711448,13.265070035773));
#7489=CARTESIAN_POINT('Ctrl Pts',(-12.9608162072338,-24.3175696033027,-9.16411101525595));
#7490=CARTESIAN_POINT('Ctrl Pts',(-13.0112661226521,-24.3947768702693,-8.90530142948742));
#7491=CARTESIAN_POINT('Ctrl Pts',(-13.1116716641978,-24.5503134784804,-8.38707582550957));
#7492=CARTESIAN_POINT('Ctrl Pts',(-13.2611526670425,-24.7868051047961,-7.60311957897995));
#7493=CARTESIAN_POINT('Ctrl Pts',(-13.410589614955,-25.0262231499898,-6.80561507455583));
#7494=CARTESIAN_POINT('Ctrl Pts',(-13.5610351520326,-25.2681297656152,-5.9856869934879));
#7495=CARTESIAN_POINT('Ctrl Pts',(-13.7117270876503,-25.5123715088298,-5.133125079577));
#7496=CARTESIAN_POINT('Ctrl Pts',(-13.8605264679793,-25.7582118701387,-4.23688768511042));
#7497=CARTESIAN_POINT('Ctrl Pts',(-14.0053570909282,-26.0024071308068,-3.28911787341619));
#7498=CARTESIAN_POINT('Ctrl Pts',(-14.1440530149807,-26.2407505705343,-2.28097077212658));
#7499=CARTESIAN_POINT('Ctrl Pts',(-14.2754031603213,-26.4676632974386,-1.19933217673945));
#7500=CARTESIAN_POINT('Ctrl Pts',(-14.3968539805065,-26.6757597776158,-0.0313201193231205));
#7501=CARTESIAN_POINT('Ctrl Pts',(-14.5028164788339,-26.8566489647801,1.23395191509619));
#7502=CARTESIAN_POINT('Ctrl Pts',(-14.5860107113306,-26.9996492746674,2.59899310985739));
#7503=CARTESIAN_POINT('Ctrl Pts',(-14.6396471235801,-27.0928749654333,4.05106635350876));
#7504=CARTESIAN_POINT('Ctrl Pts',(-14.6585877161491,-27.1257203890513,5.57463659811967));
#7505=CARTESIAN_POINT('Ctrl Pts',(-14.6379009710672,-27.090299753764,7.13781401286572));
#7506=CARTESIAN_POINT('Ctrl Pts',(-14.5757535315481,-26.983538828045,8.70224944315914));
#7507=CARTESIAN_POINT('Ctrl Pts',(-14.4675367760934,-26.8071531317906,10.2469582361179));
#7508=CARTESIAN_POINT('Ctrl Pts',(-14.307626503479,-26.5588415741976,11.7649985185211));
#7509=CARTESIAN_POINT('Ctrl Pts',(-14.1687668654416,-26.3402844255896,12.7594437635822));
#7510=CARTESIAN_POINT('Ctrl Pts',(-14.0908593485839,-26.217781590175,13.265070035773));
#7511=CARTESIAN_POINT('Ctrl Pts',(-11.5290185123425,-25.5768193263934,-8.14604046747649));
#7512=CARTESIAN_POINT('Ctrl Pts',(-11.5845741896958,-25.6471572452311,-7.90239060831055));
#7513=CARTESIAN_POINT('Ctrl Pts',(-11.6943886301918,-25.7889502277834,-7.4130437096235));
#7514=CARTESIAN_POINT('Ctrl Pts',(-11.8550714071934,-26.0056812530973,-6.66671388231459));
#7515=CARTESIAN_POINT('Ctrl Pts',(-12.0121734960746,-26.2272505058318,-5.89825537246812));
#7516=CARTESIAN_POINT('Ctrl Pts',(-12.1662822766845,-26.4531880053619,-5.09739331065495));
#7517=CARTESIAN_POINT('Ctrl Pts',(-12.3167884376637,-26.6813618350748,-4.25706762902642));
#7518=CARTESIAN_POINT('Ctrl Pts',(-12.4623945794419,-26.9085506639187,-3.37224371520543));
#7519=CARTESIAN_POINT('Ctrl Pts',(-12.601084006466,-27.1314648960116,-2.43684394798306));
#7520=CARTESIAN_POINT('Ctrl Pts',(-12.731044666534,-27.3461059119484,-1.44324574206122));
#7521=CARTESIAN_POINT('Ctrl Pts',(-12.8516130154444,-27.5475302336731,-0.37702985134722));
#7522=CARTESIAN_POINT('Ctrl Pts',(-12.9600628088039,-27.7289135894591,0.776518369070546));
#7523=CARTESIAN_POINT('Ctrl Pts',(-13.0514394309721,-27.8804435392934,2.01886053897057));
#7524=CARTESIAN_POINT('Ctrl Pts',(-13.1202824438386,-27.9918594505251,3.33978877733726));
#7525=CARTESIAN_POINT('Ctrl Pts',(-13.1616488052784,-28.0547718588072,4.72330515235059));
#7526=CARTESIAN_POINT('Ctrl Pts',(-13.1715762542936,-28.0626481733609,6.15655719771992));
#7527=CARTESIAN_POINT('Ctrl Pts',(-13.1451607370583,-28.0111085882576,7.61558788922295));
#7528=CARTESIAN_POINT('Ctrl Pts',(-13.0778640627076,-27.9000215754637,9.06411891838817));
#7529=CARTESIAN_POINT('Ctrl Pts',(-12.9628664360232,-27.73446582934,10.4894970972959));
#7530=CARTESIAN_POINT('Ctrl Pts',(-12.7956999420029,-27.5125186001874,11.8947389919283));
#7531=CARTESIAN_POINT('Ctrl Pts',(-12.6539930609872,-27.320791352178,12.8169752825399));
#7532=CARTESIAN_POINT('Ctrl Pts',(-12.5744937642839,-27.2147023392973,13.2861078912758));
#7533=CARTESIAN_POINT('Ctrl Pts',(-9.20700444836434,-27.7303355413767,-6.51094456279076));
#7534=CARTESIAN_POINT('Ctrl Pts',(-9.27271198089331,-27.7935508482916,-6.27871293231327));
#7535=CARTESIAN_POINT('Ctrl Pts',(-9.40118537035213,-27.9212323393774,-5.80868681117049));
#7536=CARTESIAN_POINT('Ctrl Pts',(-9.58508329476487,-28.1161740782824,-5.08276756912694));
#7537=CARTESIAN_POINT('Ctrl Pts',(-9.76201874443011,-28.3135431406451,-4.3288970829202));
#7538=CARTESIAN_POINT('Ctrl Pts',(-9.93368964652648,-28.5115733563401,-3.53908178103033));
#7539=CARTESIAN_POINT('Ctrl Pts',(-10.0995374814502,-28.7079343472222,-2.70772193920464));
#7540=CARTESIAN_POINT('Ctrl Pts',(-10.2577803423793,-28.8998367034339,-1.8304370147175));
#7541=CARTESIAN_POINT('Ctrl Pts',(-10.4063016386148,-29.0838875347126,-0.903238007573742));
#7542=CARTESIAN_POINT('Ctrl Pts',(-10.5437736525427,-29.2559806072879,0.0800016458157715));
#7543=CARTESIAN_POINT('Ctrl Pts',(-10.6707484511719,-29.4101750775394,1.12942306764576));
#7544=CARTESIAN_POINT('Ctrl Pts',(-10.785276674071,-29.538809763437,2.2459090634648));
#7545=CARTESIAN_POINT('Ctrl Pts',(-10.8831820895928,-29.6346697218995,3.42094828372699));
#7546=CARTESIAN_POINT('Ctrl Pts',(-10.9595982193793,-29.6922438872944,4.63973698036824));
#7547=CARTESIAN_POINT('Ctrl Pts',(-11.0102833041592,-29.7085344345589,5.88777275339374));
#7548=CARTESIAN_POINT('Ctrl Pts',(-11.0312216214019,-29.6817103677699,7.16203261032142));
#7549=CARTESIAN_POINT('Ctrl Pts',(-11.0158719068786,-29.611551884211,8.44136686995708));
#7550=CARTESIAN_POINT('Ctrl Pts',(-10.9591989585105,-29.5019697440981,9.69602010500724));
#7551=CARTESIAN_POINT('Ctrl Pts',(-10.8552756872348,-29.3593651993969,10.9327436840162));
#7552=CARTESIAN_POINT('Ctrl Pts',(-10.7037205263246,-29.1792955830023,12.1561057965697));
#7553=CARTESIAN_POINT('Ctrl Pts',(-10.5754532793882,-29.0303613858737,12.9687585259196));
#7554=CARTESIAN_POINT('Ctrl Pts',(-10.5032724750531,-28.9494507673382,13.3794648747508));
#7555=CARTESIAN_POINT('Ctrl Pts',(-6.57160661684606,-30.3450863582827,-4.64042966806477));
#7556=CARTESIAN_POINT('Ctrl Pts',(-6.65902027090109,-30.3973066637247,-4.41145569014518));
#7557=CARTESIAN_POINT('Ctrl Pts',(-6.83009766045787,-30.5014738861094,-3.94657601019383));
#7558=CARTESIAN_POINT('Ctrl Pts',(-7.07561814341919,-30.6564387478254,-3.22548361880303));
#7559=CARTESIAN_POINT('Ctrl Pts',(-7.31303554742707,-30.8090742134585,-2.47237126525583));
#7560=CARTESIAN_POINT('Ctrl Pts',(-7.54427582800919,-30.9571716078069,-1.67960494729056));
#7561=CARTESIAN_POINT('Ctrl Pts',(-7.76788705232217,-31.0977339906588,-0.845313344945962));
#7562=CARTESIAN_POINT('Ctrl Pts',(-7.98112236421131,-31.2274684665301,0.0288015002451686));
#7563=CARTESIAN_POINT('Ctrl Pts',(-8.18126422044333,-31.34315416085,0.939630642258592));
#7564=CARTESIAN_POINT('Ctrl Pts',(-8.36775309756847,-31.4415376747283,1.88827833639827));
#7565=CARTESIAN_POINT('Ctrl Pts',(-8.54140430691296,-31.5185000435727,2.88162097627032));
#7566=CARTESIAN_POINT('Ctrl Pts',(-8.69875537274454,-31.5698167690808,3.91499386839765));
#7567=CARTESIAN_POINT('Ctrl Pts',(-8.83459904568439,-31.5926978547981,4.97573117356039));
#7568=CARTESIAN_POINT('Ctrl Pts',(-8.94379265000719,-31.5866682622389,6.04848167920793));
#7569=CARTESIAN_POINT('Ctrl Pts',(-9.02277248478529,-31.5531108220891,7.12834907468916));
#7570=CARTESIAN_POINT('Ctrl Pts',(-9.06767741299005,-31.4929217883445,8.21871743808258));
#7571=CARTESIAN_POINT('Ctrl Pts',(-9.07366103443698,-31.4079682823001,9.30053898505933));
#7572=CARTESIAN_POINT('Ctrl Pts',(-9.03832691831983,-31.3034901308632,10.3586129081257));
#7573=CARTESIAN_POINT('Ctrl Pts',(-8.95776484008839,-31.1854559600247,11.4148584339277));
#7574=CARTESIAN_POINT('Ctrl Pts',(-8.83386693736727,-31.0499222002354,12.4806038389598));
#7575=CARTESIAN_POINT('Ctrl Pts',(-8.72991264469467,-30.9397702139169,13.1802642453665));
#7576=CARTESIAN_POINT('Ctrl Pts',(-8.67141275250493,-30.8807923538855,13.5308163230874));
#7577=CARTESIAN_POINT('Ctrl Pts',(-3.86572556916971,-33.3807608063796,-2.728682919815));
#7578=CARTESIAN_POINT('Ctrl Pts',(-4.00427594740458,-33.4050889009029,-2.49608486993306));
#7579=CARTESIAN_POINT('Ctrl Pts',(-4.27475514433491,-33.4515581960223,-2.02372393208829));
#7580=CARTESIAN_POINT('Ctrl Pts',(-4.65965313852255,-33.5148270477329,-1.29350141904983));
#7581=CARTESIAN_POINT('Ctrl Pts',(-5.02747209607811,-33.5710171887477,-0.533648631510397));
#7582=CARTESIAN_POINT('Ctrl Pts',(-5.37892219392712,-33.6183103411029,0.259741819127717));
#7583=CARTESIAN_POINT('Ctrl Pts',(-5.71031731021284,-33.6548802627819,1.0822461825382));
#7584=CARTESIAN_POINT('Ctrl Pts',(-6.01725036241951,-33.679623573325,1.9265328384408));
#7585=CARTESIAN_POINT('Ctrl Pts',(-6.29651519412604,-33.6922812828346,2.78618678685035));
#7586=CARTESIAN_POINT('Ctrl Pts',(-6.54896379390439,-33.6925722169023,3.66572184904502));
#7587=CARTESIAN_POINT('Ctrl Pts',(-6.7747051914228,-33.679141845913,4.57023857861167));
#7588=CARTESIAN_POINT('Ctrl Pts',(-6.9697800653157,-33.651282968676,5.49116972722455));
#7589=CARTESIAN_POINT('Ctrl Pts',(-7.13024564325647,-33.6099518509309,6.41655260822312));
#7590=CARTESIAN_POINT('Ctrl Pts',(-7.25366535908235,-33.5576493379452,7.33675997619866));
#7591=CARTESIAN_POINT('Ctrl Pts',(-7.3399669160306,-33.4967826256467,8.26043039505658));
#7592=CARTESIAN_POINT('Ctrl Pts',(-7.38836481223986,-33.4279262935982,9.19254659641428));
#7593=CARTESIAN_POINT('Ctrl Pts',(-7.39796531236718,-33.353214669392,10.1203371678132));
#7594=CARTESIAN_POINT('Ctrl Pts',(-7.37092120599859,-33.2743517029264,11.035746499829));
#7595=CARTESIAN_POINT('Ctrl Pts',(-7.30860742272062,-33.1895294511871,11.9533859597828));
#7596=CARTESIAN_POINT('Ctrl Pts',(-7.21850782233451,-33.0877081647344,12.8577943326502));
#7597=CARTESIAN_POINT('Ctrl Pts',(-7.14490302343665,-33.0043897435583,13.4424761567455));
#7598=CARTESIAN_POINT('Ctrl Pts',(-7.10343561175392,-32.9604128307595,13.7342453087072));
#7599=CARTESIAN_POINT('Ctrl Pts',(-2.72719352486575,-35.1183162349221,-1.92255507513168));
#7600=CARTESIAN_POINT('Ctrl Pts',(-2.89576436492896,-35.1259431557871,-1.67468673928025));
#7601=CARTESIAN_POINT('Ctrl Pts',(-3.22227390452504,-35.1388152327831,-1.17210818831521));
#7602=CARTESIAN_POINT('Ctrl Pts',(-3.67840518825937,-35.1519663540569,-0.399844694053695));
#7603=CARTESIAN_POINT('Ctrl Pts',(-4.10498677094217,-35.1591708314144,0.398389415483829));
#7604=CARTESIAN_POINT('Ctrl Pts',(-4.50154582541348,-35.1596001730051,1.22341443992306));
#7605=CARTESIAN_POINT('Ctrl Pts',(-4.8636376704563,-35.1528745354637,2.06738470651515));
#7606=CARTESIAN_POINT('Ctrl Pts',(-5.18725420405738,-35.1395741461678,2.92077018761086));
#7607=CARTESIAN_POINT('Ctrl Pts',(-5.47109133963502,-35.1209503202035,3.77787004709464));
#7608=CARTESIAN_POINT('Ctrl Pts',(-5.71859040769739,-35.0973059471641,4.64661643713038));
#7609=CARTESIAN_POINT('Ctrl Pts',(-5.93050218964729,-35.0678290216355,5.52822822110292));
#7610=CARTESIAN_POINT('Ctrl Pts',(-6.10524340454984,-35.0323135487719,6.41296328079051));
#7611=CARTESIAN_POINT('Ctrl Pts',(-6.24220520474324,-34.9914691989136,7.28984068803268));
#7612=CARTESIAN_POINT('Ctrl Pts',(-6.34280254344389,-34.9463967788458,8.15349369544188));
#7613=CARTESIAN_POINT('Ctrl Pts',(-6.41022384342671,-34.8966026749892,9.01586547388682));
#7614=CARTESIAN_POINT('Ctrl Pts',(-6.44620390800756,-34.8401167362603,9.87414708251935));
#7615=CARTESIAN_POINT('Ctrl Pts',(-6.45306346352915,-34.7759652170576,10.7126824350812));
#7616=CARTESIAN_POINT('Ctrl Pts',(-6.43330618977747,-34.7050068247992,11.5294226986947));
#7617=CARTESIAN_POINT('Ctrl Pts',(-6.38802892455955,-34.625845662434,12.3406884259629));
#7618=CARTESIAN_POINT('Ctrl Pts',(-6.32358717602453,-34.5302274565406,13.1347831649989));
#7619=CARTESIAN_POINT('Ctrl Pts',(-6.27165334553932,-34.4527814609543,13.6454039680779));
#7620=CARTESIAN_POINT('Ctrl Pts',(-6.2422873223638,-34.4121332702009,13.8995968610286));
#7621=CARTESIAN_POINT('Ctrl Pts',(-2.21310023058304,-36.0088456345065,-1.55892142708086));
#7622=CARTESIAN_POINT('Ctrl Pts',(-2.39746320405803,-36.0086526185792,-1.29828551387785));
#7623=CARTESIAN_POINT('Ctrl Pts',(-2.75257568405521,-36.0063752036737,-0.77031931094463));
#7624=CARTESIAN_POINT('Ctrl Pts',(-3.24280689520142,-35.9983713156848,0.0380815666540571));
#7625=CARTESIAN_POINT('Ctrl Pts',(-3.69546992721322,-35.9859756247475,0.869979396388084));
#7626=CARTESIAN_POINT('Ctrl Pts',(-4.1099653183139,-35.9684119030041,1.72381402115051));
#7627=CARTESIAN_POINT('Ctrl Pts',(-4.48216665797209,-35.9455980073878,2.58944872023087));
#7628=CARTESIAN_POINT('Ctrl Pts',(-4.80905830015594,-35.9184962090014,3.45596550052379));
#7629=CARTESIAN_POINT('Ctrl Pts',(-5.09120088015983,-35.8885099687101,4.31867260895908));
#7630=CARTESIAN_POINT('Ctrl Pts',(-5.33346403524919,-35.8556801586139,5.18612528867153));
#7631=CARTESIAN_POINT('Ctrl Pts',(-5.53722858381971,-35.8191489641251,6.05702702746818));
#7632=CARTESIAN_POINT('Ctrl Pts',(-5.70230504344171,-35.7787069958924,6.92119250084781));
#7633=CARTESIAN_POINT('Ctrl Pts',(-5.82965239739508,-35.7348697195402,7.7685659305252));
#7634=CARTESIAN_POINT('Ctrl Pts',(-5.92221626910796,-35.6881619178099,8.59727485242392));
#7635=CARTESIAN_POINT('Ctrl Pts',(-5.98402952904771,-35.6372666025762,9.419957347108));
#7636=CARTESIAN_POINT('Ctrl Pts',(-6.01748817492022,-35.5799091125971,10.2318165216479));
#7637=CARTESIAN_POINT('Ctrl Pts',(-6.02555300569091,-35.5149481704081,11.0192592989479));
#7638=CARTESIAN_POINT('Ctrl Pts',(-6.01068141709419,-35.4430665675251,11.7843024499953));
#7639=CARTESIAN_POINT('Ctrl Pts',(-5.97439676225061,-35.362248209054,12.541624745805));
#7640=CARTESIAN_POINT('Ctrl Pts',(-5.92282261789696,-35.2649024287593,13.2796513214985));
#7641=CARTESIAN_POINT('Ctrl Pts',(-5.88143844206885,-35.186950203252,13.7529306169115));
#7642=CARTESIAN_POINT('Ctrl Pts',(-5.85789759599308,-35.1461762617956,13.9883091442582));
#7643=CARTESIAN_POINT('',(-2.21310023058304,-36.0088456345065,-1.55892142708086));
#7644=CARTESIAN_POINT('Ctrl Pts',(-13.6800194228611,-23.6944886504716,-9.67323447715833));
#7645=CARTESIAN_POINT('Ctrl Pts',(-12.9608162072338,-24.3175696033027,-9.16411101525595));
#7646=CARTESIAN_POINT('Ctrl Pts',(-11.5290185123425,-25.5768193263934,-8.14604046747649));
#7647=CARTESIAN_POINT('Ctrl Pts',(-9.20700444836434,-27.7303355413767,-6.51094456279076));
#7648=CARTESIAN_POINT('Ctrl Pts',(-6.57160661684606,-30.3450863582827,-4.64042966806477));
#7649=CARTESIAN_POINT('Ctrl Pts',(-3.86572556916971,-33.3807608063796,-2.728682919815));
#7650=CARTESIAN_POINT('Ctrl Pts',(-2.72719352486575,-35.1183162349221,-1.92255507513168));
#7651=CARTESIAN_POINT('Ctrl Pts',(-2.21310023058304,-36.0088456345065,-1.55892142708086));
#7652=CARTESIAN_POINT('',(-5.85789759599309,-35.1461762617956,13.9883091442582));
#7653=CARTESIAN_POINT('Ctrl Pts',(-2.21310023058302,-36.0088456345065,-1.55892142708086));
#7654=CARTESIAN_POINT('Ctrl Pts',(-2.29344692337025,-36.008761516795,-1.44533444563482));
#7655=CARTESIAN_POINT('Ctrl Pts',(-2.37251315056129,-36.0084991558542,-1.33109774686831));
#7656=CARTESIAN_POINT('Ctrl Pts',(-2.45025459032378,-36.0080715220046,-1.21628765376224));
#7657=CARTESIAN_POINT('Ctrl Pts',(-2.52285552790084,-36.0076721646154,-1.10906915577357));
#7658=CARTESIAN_POINT('Ctrl Pts',(-2.5943010747356,-36.0071288596358,-1.00135101398602));
#7659=CARTESIAN_POINT('Ctrl Pts',(-2.66458238489408,-36.0064528138628,-0.893159648432691));
#7660=CARTESIAN_POINT('Ctrl Pts',(-2.73136678092805,-36.0058104053968,-0.790351448240122));
#7661=CARTESIAN_POINT('Ctrl Pts',(-2.79709993693313,-36.0050482967242,-0.687116267282756));
#7662=CARTESIAN_POINT('Ctrl Pts',(-2.86179966645209,-36.0041742530359,-0.583438069155928));
#7663=CARTESIAN_POINT('Ctrl Pts',(-2.92535692098672,-36.0033156433078,-0.481590632125959));
#7664=CARTESIAN_POINT('Ctrl Pts',(-2.98791687132604,-36.0023491878772,-0.379316141120927));
#7665=CARTESIAN_POINT('Ctrl Pts',(-3.04952194934049,-36.0012780019246,-0.27655514111798));
#7666=CARTESIAN_POINT('Ctrl Pts',(-3.10963217897179,-36.0002328083194,-0.17628763872361));
#7667=CARTESIAN_POINT('Ctrl Pts',(-3.16883792400973,-35.9990877968438,-0.0755492616936135));
#7668=CARTESIAN_POINT('Ctrl Pts',(-3.22717671632373,-35.9978406710421,0.0257174634429376));
#7669=CARTESIAN_POINT('Ctrl Pts',(-3.28821393794273,-35.9965358601106,0.131668226213636));
#7670=CARTESIAN_POINT('Ctrl Pts',(-3.34830184597948,-35.9951191070141,0.238197234010837));
#7671=CARTESIAN_POINT('Ctrl Pts',(-3.40745277282416,-35.9935845313225,0.345320876388193));
#7672=CARTESIAN_POINT('Ctrl Pts',(-3.47014233973918,-35.9919581513039,0.458853074533275));
#7673=CARTESIAN_POINT('Ctrl Pts',(-3.53177908658988,-35.9901992421421,0.573053001627372));
#7674=CARTESIAN_POINT('Ctrl Pts',(-3.59234936045518,-35.9883000367683,0.687887948271451));
#7675=CARTESIAN_POINT('Ctrl Pts',(-3.657961676078,-35.9862427361409,0.812282082273524));
#7676=CARTESIAN_POINT('Ctrl Pts',(-3.72232205334758,-35.9840205718038,0.93742103580798));
#7677=CARTESIAN_POINT('Ctrl Pts',(-3.78538794152548,-35.9816262878991,1.06320726643957));
#7678=CARTESIAN_POINT('Ctrl Pts',(-3.85791613340733,-35.9788727695158,1.20786625935833));
#7679=CARTESIAN_POINT('Ctrl Pts',(-3.92873131653715,-35.9758911928348,1.35338069946992));
#7680=CARTESIAN_POINT('Ctrl Pts',(-3.99774832869776,-35.9726795043923,1.49953732850168));
#7681=CARTESIAN_POINT('Ctrl Pts',(-4.08296035301176,-35.9687141853343,1.67998997107225));
#7682=CARTESIAN_POINT('Ctrl Pts',(-4.16542818939353,-35.9643972051018,1.86141785035014));
#7683=CARTESIAN_POINT('Ctrl Pts',(-4.24499569885369,-35.9597498390933,2.0433577302524));
#7684=CARTESIAN_POINT('Ctrl Pts',(-4.30543754528536,-35.956219561666,2.18156467370782));
#7685=CARTESIAN_POINT('Ctrl Pts',(-4.36420560176621,-35.9524993592496,2.32006460190879));
#7686=CARTESIAN_POINT('Ctrl Pts',(-4.4212513189647,-35.9486082386338,2.4586675043614));
#7687=CARTESIAN_POINT('Ctrl Pts',(-4.47377999935626,-35.945025227652,2.58629544773431));
#7688=CARTESIAN_POINT('Ctrl Pts',(-4.52484816503813,-35.9412975633757,2.71400960615859));
#7689=CARTESIAN_POINT('Ctrl Pts',(-4.57443918531975,-35.937443842916,2.84169489519112));
#7690=CARTESIAN_POINT('Ctrl Pts',(-4.62248048621757,-35.9337105512206,2.96539001894138));
#7691=CARTESIAN_POINT('Ctrl Pts',(-4.66913540387126,-35.9298592021294,3.08905703796434));
#7692=CARTESIAN_POINT('Ctrl Pts',(-4.71441155252008,-35.9259067834477,3.21263900399533));
#7693=CARTESIAN_POINT('Ctrl Pts',(-4.755232177291,-35.9223433133921,3.32405954691587));
#7694=CARTESIAN_POINT('Ctrl Pts',(-4.79493226805985,-35.9186978434584,3.43541091941162));
#7695=CARTESIAN_POINT('Ctrl Pts',(-4.83353485249956,-35.9149801970076,3.54669654487576));
#7696=CARTESIAN_POINT('Ctrl Pts',(-4.87024203275397,-35.9114450886626,3.65251799628705));
#7697=CARTESIAN_POINT('Ctrl Pts',(-4.90595693919259,-35.9078448518211,3.75827977219716));
#7698=CARTESIAN_POINT('Ctrl Pts',(-4.94071393787143,-35.904183409774,3.86403010312127));
#7699=CARTESIAN_POINT('Ctrl Pts',(-4.97775990572121,-35.9002808385074,3.97674476515859));
#7700=CARTESIAN_POINT('Ctrl Pts',(-5.01371959372502,-35.8963087577751,4.08945186437236));
#7701=CARTESIAN_POINT('Ctrl Pts',(-5.048643985185,-35.8922642238502,4.20224894007707));
#7702=CARTESIAN_POINT('Ctrl Pts',(-5.08315518541188,-35.8882675408939,4.31371151113182));
#7703=CARTESIAN_POINT('Ctrl Pts',(-5.11665538259787,-35.8841998732867,4.42526252178255));
#7704=CARTESIAN_POINT('Ctrl Pts',(-5.14917376395668,-35.8800548375161,4.53694046554697));
#7705=CARTESIAN_POINT('Ctrl Pts',(-5.18371358313204,-35.8756521341831,4.65556063734879));
#7706=CARTESIAN_POINT('Ctrl Pts',(-5.2171454110799,-35.8711619785071,4.77432376520364));
#7707=CARTESIAN_POINT('Ctrl Pts',(-5.24948592874903,-35.8665756428593,4.89321479833383));
#7708=CARTESIAN_POINT('Ctrl Pts',(-5.28468188824411,-35.8615843658075,5.02260307928805));
#7709=CARTESIAN_POINT('Ctrl Pts',(-5.31858489924032,-35.8564789683779,5.15214244404159));
#7710=CARTESIAN_POINT('Ctrl Pts',(-5.35120132048241,-35.8512500373204,5.28174785921574));
#7711=CARTESIAN_POINT('Ctrl Pts',(-5.3887430989578,-35.8452314931654,5.4309247952617));
#7712=CARTESIAN_POINT('Ctrl Pts',(-5.42457964265871,-35.8390489539031,5.58018838105968));
#7713=CARTESIAN_POINT('Ctrl Pts',(-5.45871085033879,-35.8326951342353,5.72933414517885));
#7714=CARTESIAN_POINT('Ctrl Pts',(-5.50171556918255,-35.8246894336764,5.91725517372264));
#7715=CARTESIAN_POINT('Ctrl Pts',(-5.54201065658559,-35.8164111006914,6.10498442693739));
#7716=CARTESIAN_POINT('Ctrl Pts',(-5.57960727598216,-35.8078663886346,6.29204113408097));
#7717=CARTESIAN_POINT('Ctrl Pts',(-5.60878758641482,-35.8012344798519,6.43722367630339));
#7718=CARTESIAN_POINT('Ctrl Pts',(-5.63634248370458,-35.794442771188,6.58199781901062));
#7719=CARTESIAN_POINT('Ctrl Pts',(-5.66229403808934,-35.7875019244878,6.72616022256249));
#7720=CARTESIAN_POINT('Ctrl Pts',(-5.68475585647179,-35.7814944215964,6.85093693836724));
#7721=CARTESIAN_POINT('Ctrl Pts',(-5.70601675036312,-35.7753754549131,6.97525461836235));
#7722=CARTESIAN_POINT('Ctrl Pts',(-5.72610294182035,-35.7691533685407,7.09902008014485));
#7723=CARTESIAN_POINT('Ctrl Pts',(-5.7446153006755,-35.7634188072626,7.21308802813136));
#7724=CARTESIAN_POINT('Ctrl Pts',(-5.76212997290618,-35.757596816263,7.32668645628979));
#7725=CARTESIAN_POINT('Ctrl Pts',(-5.77867614063515,-35.7516924878018,7.43978564236175));
#7726=CARTESIAN_POINT('Ctrl Pts',(-5.79429776933281,-35.7461180715115,7.54656526165269));
#7727=CARTESIAN_POINT('Ctrl Pts',(-5.80905622989142,-35.7404703909875,7.6528995558468));
#7728=CARTESIAN_POINT('Ctrl Pts',(-5.82298226506041,-35.7347503739127,7.75880901097691));
#7729=CARTESIAN_POINT('Ctrl Pts',(-5.83625351763619,-35.7292993039983,7.85973875243876));
#7730=CARTESIAN_POINT('Ctrl Pts',(-5.84876890455249,-35.7237826458438,7.96028245726827));
#7731=CARTESIAN_POINT('Ctrl Pts',(-5.86055906371529,-35.7181964093174,8.06050409511919));
#7732=CARTESIAN_POINT('Ctrl Pts',(-5.87615685221967,-35.7108060989178,8.19309228915253));
#7733=CARTESIAN_POINT('Ctrl Pts',(-5.89048628809092,-35.7032949368518,8.32512080110796));
#7734=CARTESIAN_POINT('Ctrl Pts',(-5.90362128192747,-35.6956355798336,8.45684256232132));
#7735=CARTESIAN_POINT('Ctrl Pts',(-5.91293215480321,-35.6902061673501,8.55021486145509));
#7736=CARTESIAN_POINT('Ctrl Pts',(-5.92164245249718,-35.6847016815374,8.64343257240709));
#7737=CARTESIAN_POINT('Ctrl Pts',(-5.92977197492405,-35.6791084184576,8.73652655741711));
#7738=CARTESIAN_POINT('Ctrl Pts',(-5.93851502691527,-35.6730930355926,8.83664628257118));
#7739=CARTESIAN_POINT('Ctrl Pts',(-5.94658615228658,-35.666974812693,8.93662245599339));
#7740=CARTESIAN_POINT('Ctrl Pts',(-5.95400604040645,-35.6607359151601,9.03643265943878));
#7741=CARTESIAN_POINT('Ctrl Pts',(-5.96238204560658,-35.6536930814498,9.14910427517982));
#7742=CARTESIAN_POINT('Ctrl Pts',(-5.96992792652596,-35.6464962186961,9.2615636546351));
#7743=CARTESIAN_POINT('Ctrl Pts',(-5.97667214196343,-35.6391221226188,9.37371230329662));
#7744=CARTESIAN_POINT('Ctrl Pts',(-5.98688657554638,-35.6279537049853,9.54356674133947));
#7745=CARTESIAN_POINT('Ctrl Pts',(-5.99526099699573,-35.6163767605765,9.71270491672028));
#7746=CARTESIAN_POINT('Ctrl Pts',(-6.00190390249656,-35.6043353743858,9.88065327029897));
#7747=CARTESIAN_POINT('Ctrl Pts',(-6.00635801473866,-35.5962615449994,9.99326375642145));
#7748=CARTESIAN_POINT('Ctrl Pts',(-6.01003411322163,-35.587979635922,10.1053357759514));
#7749=CARTESIAN_POINT('Ctrl Pts',(-6.01296843475071,-35.5794819600589,10.2167444638318));
#7750=CARTESIAN_POINT('Ctrl Pts',(-6.01554137381993,-35.5720308331088,10.3144323834604));
#7751=CARTESIAN_POINT('Ctrl Pts',(-6.01754417016235,-35.5644139740811,10.4116095076835));
#7752=CARTESIAN_POINT('Ctrl Pts',(-6.01900123205995,-35.5566304459079,10.5082280318232));
#7753=CARTESIAN_POINT('Ctrl Pts',(-6.02035034395193,-35.5494235795165,10.5976883355455));
#7754=CARTESIAN_POINT('Ctrl Pts',(-6.02123173104574,-35.5420739253052,10.6866692788867));
#7755=CARTESIAN_POINT('Ctrl Pts',(-6.02166262765291,-35.5345829409027,10.7751745175609));
#7756=CARTESIAN_POINT('Ctrl Pts',(-6.02207045604858,-35.5274929891603,10.8589415950817));
#7757=CARTESIAN_POINT('Ctrl Pts',(-6.0220748637564,-35.5202765139965,10.9422822131524));
#7758=CARTESIAN_POINT('Ctrl Pts',(-6.02168659498281,-35.5129355644127,11.0252437456527));
#7759=CARTESIAN_POINT('Ctrl Pts',(-6.02128676965816,-35.5053761165503,11.1106745706934));
#7760=CARTESIAN_POINT('Ctrl Pts',(-6.02047076396274,-35.4976847859889,11.1957024925463));
#7761=CARTESIAN_POINT('Ctrl Pts',(-6.01924335416057,-35.4898633597991,11.2804381828599));
#7762=CARTESIAN_POINT('Ctrl Pts',(-6.01812161980464,-35.4827153294885,11.3578784435052));
#7763=CARTESIAN_POINT('Ctrl Pts',(-6.01665507749472,-35.4754596394572,11.4350827648169));
#7764=CARTESIAN_POINT('Ctrl Pts',(-6.01485046862017,-35.4680870820811,11.5121181952589));
#7765=CARTESIAN_POINT('Ctrl Pts',(-6.01293210086596,-35.460249773656,11.5940097828353));
#7766=CARTESIAN_POINT('Ctrl Pts',(-6.01063170101913,-35.4522801629446,11.6757101587224));
#7767=CARTESIAN_POINT('Ctrl Pts',(-6.00796715930451,-35.4441523779552,11.7572418535724));
#7768=CARTESIAN_POINT('Ctrl Pts',(-6.0050615499977,-35.4352892524207,11.8461499198472));
#7769=CARTESIAN_POINT('Ctrl Pts',(-6.00172298247759,-35.4262376758298,11.9348568508012));
#7770=CARTESIAN_POINT('Ctrl Pts',(-5.99798567902326,-35.4169517265512,12.0233317265412));
#7771=CARTESIAN_POINT('Ctrl Pts',(-5.99348511836462,-35.4057693383634,12.1298755354397));
#7772=CARTESIAN_POINT('Ctrl Pts',(-5.98840653985003,-35.3942461951681,12.236081866999));
#7773=CARTESIAN_POINT('Ctrl Pts',(-5.98282362443552,-35.3822946573084,12.3418229443535));
#7774=CARTESIAN_POINT('Ctrl Pts',(-5.97640027233057,-35.3685439678982,12.4634819918897));
#7775=CARTESIAN_POINT('Ctrl Pts',(-5.96931093073919,-35.3542236378331,12.5845194232016));
#7776=CARTESIAN_POINT('Ctrl Pts',(-5.9616705032609,-35.3392199264708,12.7047054416625));
#7777=CARTESIAN_POINT('Ctrl Pts',(-5.95587544978672,-35.3278400252934,12.795863221225));
#7778=CARTESIAN_POINT('Ctrl Pts',(-5.94976378977641,-35.3160671679194,12.8865294930011));
#7779=CARTESIAN_POINT('Ctrl Pts',(-5.94337509360117,-35.3038725424323,12.9766301742792));
#7780=CARTESIAN_POINT('Ctrl Pts',(-5.93763777250721,-35.2929212496927,13.057544421114));
#7781=CARTESIAN_POINT('Ctrl Pts',(-5.93167727366112,-35.2816297877905,13.1380018772677));
#7782=CARTESIAN_POINT('Ctrl Pts',(-5.92550851182901,-35.2699958726752,13.217986148743));
#7783=CARTESIAN_POINT('Ctrl Pts',(-5.91990070115761,-35.2594198778306,13.2906971178695));
#7784=CARTESIAN_POINT('Ctrl Pts',(-5.91412088838468,-35.2485609347409,13.3630168556851));
#7785=CARTESIAN_POINT('Ctrl Pts',(-5.90816604071176,-35.2374332314106,13.4349707376888));
#7786=CARTESIAN_POINT('Ctrl Pts',(-5.90243931180456,-35.2267318090011,13.5041682048095));
#7787=CARTESIAN_POINT('Ctrl Pts',(-5.89655087888608,-35.2157817797522,13.5730269680945));
#7788=CARTESIAN_POINT('Ctrl Pts',(-5.89048207469991,-35.2046113053407,13.6416103033504));
#7789=CARTESIAN_POINT('Ctrl Pts',(-5.88470535561571,-35.1939784540025,13.7068927954984));
#7790=CARTESIAN_POINT('Ctrl Pts',(-5.8787653119042,-35.1831458805081,13.7719255970548));
#7791=CARTESIAN_POINT('Ctrl Pts',(-5.87262916948328,-35.1721523800295,13.8368040997696));
#7792=CARTESIAN_POINT('Ctrl Pts',(-5.86784601085068,-35.1635828825978,13.8873772692045));
#7793=CARTESIAN_POINT('Ctrl Pts',(-5.86294341104113,-35.1549158698244,13.9378574097942));
#7794=CARTESIAN_POINT('Ctrl Pts',(-5.85789759599308,-35.1461762617956,13.9883091442582));
#7795=CARTESIAN_POINT('Ctrl Pts',(-14.8754576417246,-25.7650489472597,13.2651142767351));
#7796=CARTESIAN_POINT('Ctrl Pts',(-14.3143411390564,-26.0881445566522,13.2649644085288));
#7797=CARTESIAN_POINT('Ctrl Pts',(-11.5777873799263,-27.8176740043189,13.2908756150151));
#7798=CARTESIAN_POINT('Ctrl Pts',(-8.33272740567796,-31.0011734347261,13.5177967477265));
#7799=CARTESIAN_POINT('Ctrl Pts',(-6.40702577652269,-34.0975434166604,13.861577311073));
#7800=CARTESIAN_POINT('Ctrl Pts',(-5.85789759599308,-35.1461762617956,13.9883091442582));
#7801=CARTESIAN_POINT('Origin',(0.,0.,-55.));
#7802=CARTESIAN_POINT('',(20.,-2.44929359829471E-15,-55.));
#7803=CARTESIAN_POINT('Origin',(0.,0.,-55.));
#7804=CARTESIAN_POINT('',(20.,-2.44929359829471E-15,-38.));
#7805=CARTESIAN_POINT('',(20.,2.44929359829471E-15,-55.));
#7806=CARTESIAN_POINT('Origin',(0.,0.,-38.));
#7807=CARTESIAN_POINT('Origin',(0.,0.,-38.));
#7808=CARTESIAN_POINT('',(-23.,2.81668763803891E-15,-38.));
#7809=CARTESIAN_POINT('Origin',(0.,0.,-38.));
#7810=CARTESIAN_POINT('Origin',(0.,0.,-55.));
#7811=CARTESIAN_POINT('',(15.75,-1.92881870865708E-15,-55.));
#7812=CARTESIAN_POINT('Origin',(0.,0.,-55.));
#7813=CARTESIAN_POINT('',(15.75,-3.96598663513885E-14,-5.5684659018441));
#7814=CARTESIAN_POINT('',(15.75,1.92881870865708E-15,-55.));
#7815=CARTESIAN_POINT('',(7.87500000000001,13.6399001096049,-11.1369318036881));
#7816=CARTESIAN_POINT('Origin',(0.,0.,8.88178419700125E-15));
#7817=CARTESIAN_POINT('',(-7.875,13.6399001096049,-5.56846590184407));
#7818=CARTESIAN_POINT('Origin',(0.,0.,8.88178419700125E-15));
#7819=CARTESIAN_POINT('',(-15.75,1.92881870865709E-15,-11.1369318036882));
#7820=CARTESIAN_POINT('Origin',(0.,0.,-1.77635683940025E-14));
#7821=CARTESIAN_POINT('',(-7.87499999999998,-13.6399001096049,-5.56846590184406));
#7822=CARTESIAN_POINT('Origin',(0.,0.,-1.77635683940025E-14));
#7823=CARTESIAN_POINT('',(7.875,-13.6399001096049,-11.1369318036881));
#7824=CARTESIAN_POINT('Origin',(0.,0.,0.));
#7825=CARTESIAN_POINT('Origin',(0.,0.,0.));
#7826=CARTESIAN_POINT('Origin',(25.9272486435067,-44.9073119510249,18.3333333333333));
#7827=CARTESIAN_POINT('',(28.5522486435067,-49.4539453208932,3.48409092841583));
#7828=CARTESIAN_POINT('Origin',(25.9272486435067,-44.9073119510249,18.3333333333333));
#7829=CARTESIAN_POINT('',(28.5522486435067,-49.4539453208932,3.48409092841583));
#7830=CARTESIAN_POINT('',(-2.4980018054066E-14,-3.96598663513885E-14,16.7053977055322));
#7831=CARTESIAN_POINT('Origin',(1.77635683940025E-14,0.,-4.44089209850063E-15));
#7832=CARTESIAN_POINT('Origin',(1.33226762955019E-14,-1.77635683940025E-14,
8.88178419700125E-15));
#7833=CARTESIAN_POINT('Origin',(-51.8544972870135,0.,18.3333333333333));
#7834=CARTESIAN_POINT('',(-58.5211639536802,-2.44929359829471E-15,-0.52284749830793));
#7835=CARTESIAN_POINT('Origin',(-51.8544972870135,0.,18.3333333333333));
#7836=CARTESIAN_POINT('',(-42.4934102467851,-2.44929359829471E-15,-6.1895141649746));
#7837=CARTESIAN_POINT('',(-58.5211639536802,2.44929359829471E-15,-0.52284749830793));
#7838=CARTESIAN_POINT('Origin',(-35.8267435801184,0.,12.6666666666667));
#7839=CARTESIAN_POINT('Origin',(-35.8267435801184,0.,12.6666666666667));
#7840=CARTESIAN_POINT('',(-28.1600769134518,2.81668763803891E-15,34.3512746230541));
#7841=CARTESIAN_POINT('Origin',(-35.8267435801184,0.,12.6666666666667));
#7842=CARTESIAN_POINT('Origin',(-51.8544972870135,0.,18.3333333333333));
#7843=CARTESIAN_POINT('',(-57.1044972870135,-1.92881870865708E-15,3.48409092841584));
#7844=CARTESIAN_POINT('Origin',(-51.8544972870135,0.,18.3333333333333));
#7845=CARTESIAN_POINT('',(-57.1044972870135,1.92881870865708E-15,3.48409092841584));
#7846=CARTESIAN_POINT('Origin',(8.88178419700125E-15,0.,-2.22044604925031E-15));
#7847=CARTESIAN_POINT('Origin',(25.9272486435067,-44.9073119510249,18.3333333333333));
#7848=CARTESIAN_POINT('',(29.2605819768401,-50.6808146429212,-0.522847498307937));
#7849=CARTESIAN_POINT('Origin',(25.9272486435067,-44.9073119510249,18.3333333333333));
#7850=CARTESIAN_POINT('',(21.2467051233925,-36.8003727671498,-6.18951416497461));
#7851=CARTESIAN_POINT('',(29.2605819768401,-50.6808146429212,-0.522847498307935));
#7852=CARTESIAN_POINT('Origin',(17.9133717900592,-31.0268700752536,12.6666666666667));
#7853=CARTESIAN_POINT('Origin',(17.9133717900592,-31.0268700752536,12.6666666666667));
#7854=CARTESIAN_POINT('',(14.0800384567259,-24.3873419795729,34.3512746230541));
#7855=CARTESIAN_POINT('Origin',(17.9133717900592,-31.0268700752536,12.6666666666667));
#7856=CARTESIAN_POINT('Origin',(25.9272486435068,44.9073119510249,18.3333333333333));
#7857=CARTESIAN_POINT('',(29.2605819768401,50.6808146429212,-0.522847498307937));
#7858=CARTESIAN_POINT('Origin',(25.9272486435068,44.9073119510249,18.3333333333333));
#7859=CARTESIAN_POINT('',(21.2467051233926,36.8003727671498,-6.1895141649746));
#7860=CARTESIAN_POINT('',(29.2605819768401,50.6808146429212,-0.522847498307937));
#7861=CARTESIAN_POINT('Origin',(17.9133717900592,31.0268700752536,12.6666666666667));
#7862=CARTESIAN_POINT('Origin',(17.9133717900592,31.0268700752536,12.6666666666667));
#7863=CARTESIAN_POINT('',(14.0800384567259,24.3873419795729,34.3512746230541));
#7864=CARTESIAN_POINT('Origin',(17.9133717900592,31.0268700752536,12.6666666666667));
#7865=CARTESIAN_POINT('Origin',(25.9272486435068,44.9073119510249,18.3333333333333));
#7866=CARTESIAN_POINT('',(28.5522486435068,49.4539453208932,3.48409092841583));
#7867=CARTESIAN_POINT('Origin',(25.9272486435068,44.9073119510249,18.3333333333333));
#7868=CARTESIAN_POINT('',(28.5522486435068,49.4539453208932,3.48409092841583));
#7869=CARTESIAN_POINT('Ctrl Pts',(-13.6800194228611,-23.6944886504716,-9.67323447715833));
#7870=CARTESIAN_POINT('Ctrl Pts',(-12.9608162072338,-24.3175696033027,-9.16411101525595));
#7871=CARTESIAN_POINT('Ctrl Pts',(-11.5290185123426,-25.5768193263934,-8.14604046747648));
#7872=CARTESIAN_POINT('Ctrl Pts',(-9.20700444836434,-27.7303355413767,-6.51094456279077));
#7873=CARTESIAN_POINT('Ctrl Pts',(-6.57160661684606,-30.3450863582828,-4.64042966806475));
#7874=CARTESIAN_POINT('Ctrl Pts',(-3.8657255691697,-33.3807608063796,-2.72868291981504));
#7875=CARTESIAN_POINT('Ctrl Pts',(-2.72719352486575,-35.1183162349221,-1.92255507513167));
#7876=CARTESIAN_POINT('Ctrl Pts',(-2.21310023058304,-36.0088456345065,-1.55892142708086));
#7877=CARTESIAN_POINT('Ctrl Pts',(-13.44331567657,-23.7765342222285,-9.80701433861769));
#7878=CARTESIAN_POINT('Ctrl Pts',(-12.7342395005372,-24.3945000081706,-9.29775440597055));
#7879=CARTESIAN_POINT('Ctrl Pts',(-11.3175078871988,-25.6474701804576,-8.27988984927925));
#7880=CARTESIAN_POINT('Ctrl Pts',(-9.0099056630317,-27.7936904005995,-6.64998062808685));
#7881=CARTESIAN_POINT('Ctrl Pts',(-6.38496714431688,-30.3974966867119,-4.79926133953195));
#7882=CARTESIAN_POINT('Ctrl Pts',(-3.69244797495059,-33.4054579105181,-2.93669122361355));
#7883=CARTESIAN_POINT('Ctrl Pts',(-2.54960350420109,-35.1263126368568,-2.164043873298));
#7884=CARTESIAN_POINT('Ctrl Pts',(-2.02873725710804,-36.0090386504337,-1.81955734028388));
#7885=CARTESIAN_POINT('Ctrl Pts',(-12.9706437751569,-23.9411015625511,-10.0750040739341));
#7886=CARTESIAN_POINT('Ctrl Pts',(-12.2805121461627,-24.5492069149786,-9.56542904638033));
#7887=CARTESIAN_POINT('Ctrl Pts',(-10.890340498656,-25.7904763221836,-8.54791479276466));
#7888=CARTESIAN_POINT('Ctrl Pts',(-8.60940974579905,-27.9213642269104,-6.9281302330449));
#7889=CARTESIAN_POINT('Ctrl Pts',(-6.00225276577511,-30.5021824098897,-5.11764180369337));
#7890=CARTESIAN_POINT('Ctrl Pts',(-3.33499709318968,-33.4526296672107,-3.35171234742249));
#7891=CARTESIAN_POINT('Ctrl Pts',(-2.1819704095391,-35.1399205207934,-2.64274538809663));
#7892=CARTESIAN_POINT('Ctrl Pts',(-1.64644224012364,-36.0075251868537,-2.33405522302322));
#7893=CARTESIAN_POINT('Ctrl Pts',(-12.2585973110873,-24.1896423331033,-10.4802978509596));
#7894=CARTESIAN_POINT('Ctrl Pts',(-11.5925138359487,-24.7842877163497,-9.96999050402749));
#7895=CARTESIAN_POINT('Ctrl Pts',(-10.2326031691776,-26.0096612579487,-8.95222536131877));
#7896=CARTESIAN_POINT('Ctrl Pts',(-7.98581291974809,-28.1153102297893,-7.3466454310658));
#7897=CARTESIAN_POINT('Ctrl Pts',(-5.39781588163357,-30.6575827111088,-5.59701113176339));
#7898=CARTESIAN_POINT('Ctrl Pts',(-2.76744361003866,-33.5157601673484,-3.96724544262163));
#7899=CARTESIAN_POINT('Ctrl Pts',(-1.59731584497956,-35.1528216152097,-3.34083766924116));
#7900=CARTESIAN_POINT('Ctrl Pts',(-1.0386109641621,-35.9991473617974,-3.07685533978255));
#7901=CARTESIAN_POINT('Ctrl Pts',(-11.5366613386921,-24.4406338132983,-10.8906878514685));
#7902=CARTESIAN_POINT('Ctrl Pts',(-10.8888228454944,-25.0237159399873,-10.3791727991036));
#7903=CARTESIAN_POINT('Ctrl Pts',(-9.55486061600665,-26.2321037515919,-9.35958759852543));
#7904=CARTESIAN_POINT('Ctrl Pts',(-7.33464205771848,-28.3113204231672,-7.76697962772827));
#7905=CARTESIAN_POINT('Ctrl Pts',(-4.76206294738679,-30.8098283760192,-6.07680076555425));
#7906=CARTESIAN_POINT('Ctrl Pts',(-2.17099472777343,-33.5706580267457,-4.57091811715411));
#7907=CARTESIAN_POINT('Ctrl Pts',(-0.984832021502515,-35.1586646855139,
-4.01171263912245));
#7908=CARTESIAN_POINT('Ctrl Pts',(-0.403917427051808,-35.9853207414868,
-3.78256189571462));
#7909=CARTESIAN_POINT('Ctrl Pts',(-10.7964777064422,-24.6947881396403,-11.3080452678024));
#7910=CARTESIAN_POINT('Ctrl Pts',(-10.1628835721633,-25.2670250041137,-10.7944503682769));
#7911=CARTESIAN_POINT('Ctrl Pts',(-8.852627222355,-26.4567199146588,-9.7710437036015));
#7912=CARTESIAN_POINT('Ctrl Pts',(-6.65021720345646,-28.5086766209351,-8.19002448454351));
#7913=CARTESIAN_POINT('Ctrl Pts',(-4.09389941235,-30.9572186849964,-6.55622084436275));
#7914=CARTESIAN_POINT('Ctrl Pts',(-1.54715908116015,-33.6170528409771,-5.15980484230846));
#7915=CARTESIAN_POINT('Ctrl Pts',(-0.347732561331231,-35.1585199130482,
-4.65195993532086));
#7916=CARTESIAN_POINT('Ctrl Pts',(0.253366642992978,-35.9673865425424,-4.44839562464934));
#7917=CARTESIAN_POINT('Ctrl Pts',(-10.0295533091638,-24.9515853851332,-11.734858128317));
#7918=CARTESIAN_POINT('Ctrl Pts',(-9.40783906467876,-25.5127886881258,-11.2180923885813));
#7919=CARTESIAN_POINT('Ctrl Pts',(-8.11867686439072,-26.6824915487734,-10.1889870386861));
#7920=CARTESIAN_POINT('Ctrl Pts',(-5.92524478967922,-28.7057805023104,-8.61858346223141));
#7921=CARTESIAN_POINT('Ctrl Pts',(-3.38863474458424,-31.0976889770883,-7.03830052030923));
#7922=CARTESIAN_POINT('Ctrl Pts',(-0.890997708122533,-33.6543041796815,
-5.73783607561815));
#7923=CARTESIAN_POINT('Ctrl Pts',(0.31933089692199,-35.1528317873678,-5.26703722164949));
#7924=CARTESIAN_POINT('Ctrl Pts',(0.93823172720312,-35.9457939046789,-5.08101317883717));
#7925=CARTESIAN_POINT('Ctrl Pts',(-9.22561780997821,-25.2093120893137,-12.1752618181077));
#7926=CARTESIAN_POINT('Ctrl Pts',(-8.61412112175204,-25.7588856804682,-11.654269061461));
#7927=CARTESIAN_POINT('Ctrl Pts',(-7.34122076317489,-26.908042041951,-10.61826123429));
#7928=CARTESIAN_POINT('Ctrl Pts',(-5.1502295066286,-28.899546419045,-9.05777427627804));
#7929=CARTESIAN_POINT('Ctrl Pts',(-2.63886895304101,-31.2280287691914,-7.52805833901246));
#7930=CARTESIAN_POINT('Ctrl Pts',(-0.197541176546481,-33.6805258408022,
-6.30807280553462));
#7931=CARTESIAN_POINT('Ctrl Pts',(1.01840801163036,-35.1408356914367,-5.85839759243943));
#7932=CARTESIAN_POINT('Ctrl Pts',(1.650315776644,-35.9198606985257,-5.68125528950412));
#7933=CARTESIAN_POINT('Ctrl Pts',(-8.37428242378283,-25.4649667213861,-12.6324947420744));
#7934=CARTESIAN_POINT('Ctrl Pts',(-7.77149807986278,-26.002278872932,-12.1061252832662));
#7935=CARTESIAN_POINT('Ctrl Pts',(-6.5065592684247,-27.1311742686687,-11.0622794336822));
#7936=CARTESIAN_POINT('Ctrl Pts',(-4.31958050365369,-29.0851931683573,-9.50917401199491));
#7937=CARTESIAN_POINT('Ctrl Pts',(-1.84270057694519,-31.3441475438354,-8.02458766506754));
#7938=CARTESIAN_POINT('Ctrl Pts',(0.529853366868928,-33.6937011433644,-6.86573579855862));
#7939=CARTESIAN_POINT('Ctrl Pts',(1.74337633637636,-35.1220332741846,-6.42066995635777));
#7940=CARTESIAN_POINT('Ctrl Pts',(2.38151200266281,-35.8893602038282,-6.24396403080441));
#7941=CARTESIAN_POINT('Ctrl Pts',(-7.46487609612105,-25.7146091724876,-13.1082424088684));
#7942=CARTESIAN_POINT('Ctrl Pts',(-6.86850566534505,-26.2393930743942,-12.5752586720146));
#7943=CARTESIAN_POINT('Ctrl Pts',(-5.60451390407292,-27.3472420656669,-11.5217016597422));
#7944=CARTESIAN_POINT('Ctrl Pts',(-3.43084037788882,-29.2572185834021,-9.97149690520306));
#7945=CARTESIAN_POINT('Ctrl Pts',(-1.00273826406524,-31.4418799040524,-8.5234112616599));
#7946=CARTESIAN_POINT('Ctrl Pts',(1.28389159968905,-33.6927760973251,-7.40357012755352));
#7947=CARTESIAN_POINT('Ctrl Pts',(2.48552552511248,-35.0968668455249,-6.94777607986037));
#7948=CARTESIAN_POINT('Ctrl Pts',(3.1220372133799,-35.8549861493806,-6.76415127381934));
#7949=CARTESIAN_POINT('Ctrl Pts',(-6.4830490530074,-25.9540912690425,-13.6034144758861));
#7950=CARTESIAN_POINT('Ctrl Pts',(-5.88989186875366,-26.4662262889116,-13.0623777058802));
#7951=CARTESIAN_POINT('Ctrl Pts',(-4.63043175670291,-27.5492049322797,-11.9948807878949));
#7952=CARTESIAN_POINT('Ctrl Pts',(-2.48343613322591,-29.4099778523367,-10.4418273419105));
#7953=CARTESIAN_POINT('Ctrl Pts',(-0.124263087593519,-31.5176392952769,
-9.01858121173909));
#7954=CARTESIAN_POINT('Ctrl Pts',(2.05679830716623,-33.6780272581734,-7.91489364752686));
#7955=CARTESIAN_POINT('Ctrl Pts',(3.23739561384295,-35.0665977557002,-7.4359714441579));
#7956=CARTESIAN_POINT('Ctrl Pts',(3.86482706445162,-35.8180124707904,-7.24010873188578));
#7957=CARTESIAN_POINT('Ctrl Pts',(-5.41432620100744,-26.1772194605091,-14.1175888260051));
#7958=CARTESIAN_POINT('Ctrl Pts',(-4.82626230676421,-26.6751870437754,-13.5659652068151));
#7959=CARTESIAN_POINT('Ctrl Pts',(-3.58045377438033,-27.7296573522498,-12.4794685903798));
#7960=CARTESIAN_POINT('Ctrl Pts',(-1.47865376387772,-29.5376771205917,-10.9167005374463));
#7961=CARTESIAN_POINT('Ctrl Pts',(0.787878499153113,-31.5688321894248,-9.50511680488488));
#7962=CARTESIAN_POINT('Ctrl Pts',(2.84692193934276,-33.6506740506131,-8.39773237434588));
#7963=CARTESIAN_POINT('Ctrl Pts',(4.00160848085825,-35.0322532657438,-7.88857944602626));
#7964=CARTESIAN_POINT('Ctrl Pts',(4.6144271759702,-35.778973812387,-7.67770205219482));
#7965=CARTESIAN_POINT('Ctrl Pts',(-4.24742997108075,-26.374692636989,-14.6494460362145));
#7966=CARTESIAN_POINT('Ctrl Pts',(-3.66958515602661,-26.8568970309489,-14.084496475565));
#7967=CARTESIAN_POINT('Ctrl Pts',(-2.44976164866844,-27.8804855648959,-12.9743222892372));
#7968=CARTESIAN_POINT('Ctrl Pts',(-0.41253288534097,-29.6345277721363,-11.3958238600167));
#7969=CARTESIAN_POINT('Ctrl Pts',(1.73691672335646,-31.5931814405877,-9.98290288325521));
#7970=CARTESIAN_POINT('Ctrl Pts',(3.6629030877228,-33.6111690206367,-8.85552915055815));
#7971=CARTESIAN_POINT('Ctrl Pts',(4.78436982992358,-34.9930813420589,-8.31050297832344));
#7972=CARTESIAN_POINT('Ctrl Pts',(5.37499281463723,-35.7365954797105,-8.08195277507386));
#7973=CARTESIAN_POINT('Ctrl Pts',(-2.97372105183019,-26.5346054127006,-15.1967320703571));
#7974=CARTESIAN_POINT('Ctrl Pts',(-2.41330568255154,-27.000171025444,-14.615909511472));
#7975=CARTESIAN_POINT('Ctrl Pts',(-1.23302130338903,-27.992525938085,-13.4781414625498));
#7976=CARTESIAN_POINT('Ctrl Pts',(0.715407271462151,-29.6937050337553,-11.8762164656292));
#7977=CARTESIAN_POINT('Ctrl Pts',(2.71965940093734,-31.5882880060887,-10.446892404987));
#7978=CARTESIAN_POINT('Ctrl Pts',(4.50121999836868,-33.5594605315482,-9.2842843742349));
#7979=CARTESIAN_POINT('Ctrl Pts',(5.57851345027519,-34.9478717455626,-8.69951808198307));
#7980=CARTESIAN_POINT('Ctrl Pts',(6.13858603908288,-35.6893966691517,-8.45160271336213));
#7981=CARTESIAN_POINT('Ctrl Pts',(-1.59774425921111,-26.6437373534311,-15.7505385147017));
#7982=CARTESIAN_POINT('Ctrl Pts',(-1.06222168297826,-27.0932229201483,-15.1518040443928));
#7983=CARTESIAN_POINT('Ctrl Pts',(0.0658157112785487,-28.0559612669009,
-13.983171186341));
#7984=CARTESIAN_POINT('Ctrl Pts',(1.88817722869166,-29.7095879633871,-12.3458997186264));
#7985=CARTESIAN_POINT('Ctrl Pts',(3.72281922132347,-31.5536827620748,-10.8863568060801));
#7986=CARTESIAN_POINT('Ctrl Pts',(5.35170299832306,-33.4969660110011,-9.67756485074574));
#7987=CARTESIAN_POINT('Ctrl Pts',(6.37291948004724,-34.8963081581291,-9.05259414502672));
#7988=CARTESIAN_POINT('Ctrl Pts',(6.89489732823573,-35.6367693919384,-8.78512557914939));
#7989=CARTESIAN_POINT('Ctrl Pts',(-0.131452910759269,-26.6903981177959,
-16.2983306146198));
#7990=CARTESIAN_POINT('Ctrl Pts',(0.371154392864489,-27.1255642893225,-15.6797929023057));
#7991=CARTESIAN_POINT('Ctrl Pts',(1.42070286441648,-28.06253447477,-14.4734637232786));
#7992=CARTESIAN_POINT('Ctrl Pts',(3.08328289914093,-29.6808710905878,-12.7904457594171));
#7993=CARTESIAN_POINT('Ctrl Pts',(4.73057279536762,-31.4918661947069,-11.2902397054087));
#7994=CARTESIAN_POINT('Ctrl Pts',(6.20493505951382,-33.4267348224515,-10.0307936933441));
#7995=CARTESIAN_POINT('Ctrl Pts',(7.15841311073442,-34.8390110446573,-9.36862396504554));
#7996=CARTESIAN_POINT('Ctrl Pts',(7.63698132878197,-35.5789488778539,-9.08308303817974));
#7997=CARTESIAN_POINT('Ctrl Pts',(1.39431959882824,-26.6649710873667,-16.8226272699965));
#7998=CARTESIAN_POINT('Ctrl Pts',(1.85105589865629,-27.0894947879467,-16.1812285119006));
#7999=CARTESIAN_POINT('Ctrl Pts',(2.79805229833282,-28.0100858508888,-14.9317211202739));
#8000=CARTESIAN_POINT('Ctrl Pts',(4.28096901582284,-29.6109016496849,-13.1971277328585));
#8001=CARTESIAN_POINT('Ctrl Pts',(5.735517955514,-31.4078699298492,-11.651997215257));
#8002=CARTESIAN_POINT('Ctrl Pts',(7.06616916541144,-33.3538996658459,-10.345145679609));
#8003=CARTESIAN_POINT('Ctrl Pts',(7.94056564324808,-34.7773762516637,-9.65163235308038));
#8004=CARTESIAN_POINT('Ctrl Pts',(8.37298490239777,-35.5167589993801,-9.35080799759146));
#8005=CARTESIAN_POINT('Ctrl Pts',(2.9400090808513,-26.5643959159007,-17.3056613486624));
#8006=CARTESIAN_POINT('Ctrl Pts',(3.34489828274563,-26.9847174666169,-16.6403994916641));
#8007=CARTESIAN_POINT('Ctrl Pts',(4.18294999046392,-27.9019992878517,-15.3475148049353));
#8008=CARTESIAN_POINT('Ctrl Pts',(5.48514894701925,-29.5049177040536,-13.5611708334176));
#8009=CARTESIAN_POINT('Ctrl Pts',(6.75187393869247,-31.3072444362188,-11.9717740490747));
#8010=CARTESIAN_POINT('Ctrl Pts',(7.94843947079355,-33.2786430022578,-10.6259390735887));
#8011=CARTESIAN_POINT('Ctrl Pts',(8.72779081413562,-34.7093802762735,-9.90676087448363));
#8012=CARTESIAN_POINT('Ctrl Pts',(9.10954724995809,-35.4474308980384,-9.59340373251028));
#8013=CARTESIAN_POINT('Ctrl Pts',(4.48434080974285,-26.3867989755674,-17.7410664557839));
#8014=CARTESIAN_POINT('Ctrl Pts',(4.84017565366788,-26.8097873909119,-17.0523385944967));
#8015=CARTESIAN_POINT('Ctrl Pts',(5.57156642014478,-27.7374527727499,-15.7156042738021));
#8016=CARTESIAN_POINT('Ctrl Pts',(6.69340679181718,-29.3626815258388,-13.8773159335744));
#8017=CARTESIAN_POINT('Ctrl Pts',(7.78133191152364,-31.1888989831434,-12.2495797903357));
#8018=CARTESIAN_POINT('Ctrl Pts',(8.83879473265647,-33.192784799777,-10.8744592777098));
#8019=CARTESIAN_POINT('Ctrl Pts',(9.5103908726443,-34.6287865209316,-10.1357209608087));
#8020=CARTESIAN_POINT('Ctrl Pts',(9.83748480674535,-35.3650191217712,-9.81277482987362));
#8021=CARTESIAN_POINT('Ctrl Pts',(6.0161419387976,-26.1258208995509,-18.1251690917258));
#8022=CARTESIAN_POINT('Ctrl Pts',(6.32347052747884,-26.5592933966901,-17.4104526240708));
#8023=CARTESIAN_POINT('Ctrl Pts',(6.95006193498322,-27.5129382052128,-16.0284870877662));
#8024=CARTESIAN_POINT('Ctrl Pts',(7.89401221774189,-29.1796890642754,-14.143450939213));
#8025=CARTESIAN_POINT('Ctrl Pts',(8.82322257985708,-31.0502839184145,-12.4887698460933));
#8026=CARTESIAN_POINT('Ctrl Pts',(9.71713330167959,-33.088009175467,-11.0915623765123));
#8027=CARTESIAN_POINT('Ctrl Pts',(10.2764353454006,-34.5304741681857,-10.3401702720263));
#8028=CARTESIAN_POINT('Ctrl Pts',(10.546530556465,-35.2651221020131,-10.0106220752608));
#8029=CARTESIAN_POINT('Ctrl Pts',(7.02982386638863,-25.8948008156568,-18.3426803105764));
#8030=CARTESIAN_POINT('Ctrl Pts',(7.30679655596387,-26.3402844483518,-17.6115894085533));
#8031=CARTESIAN_POINT('Ctrl Pts',(7.86596239252996,-27.3207913747371,-16.2026241429982));
#8032=CARTESIAN_POINT('Ctrl Pts',(8.7019115970444,-29.0303614078725,-14.293552457346));
#8033=CARTESIAN_POINT('Ctrl Pts',(9.51650130805902,-30.9397702352974,-12.6240619648783));
#8034=CARTESIAN_POINT('Ctrl Pts',(10.2920536027974,-33.0043897644836,-11.2171045302324));
#8035=CARTESIAN_POINT('Ctrl Pts',(10.7744589989809,-34.4527814818504,-10.4614394392326));
#8036=CARTESIAN_POINT('Ctrl Pts',(11.0059077275026,-35.1869502242407,-10.1293835147454));
#8037=CARTESIAN_POINT('Ctrl Pts',(7.54797877044358,-25.7648572969234,-18.4463019046879));
#8038=CARTESIAN_POINT('Ctrl Pts',(7.80947474785787,-26.2177816157799,-17.7066795891574));
#8039=CARTESIAN_POINT('Ctrl Pts',(8.33476462214169,-27.2147023644171,-16.2840490246839));
#8040=CARTESIAN_POINT('Ctrl Pts',(9.1131895234962,-28.949450791498,-14.3624018597835));
#8041=CARTESIAN_POINT('Ctrl Pts',(9.86650494011377,-30.8807923770803,-12.6857584311854));
#8042=CARTESIAN_POINT('Ctrl Pts',(10.5809586677135,-32.9604128532246,-11.2752650644628));
#8043=CARTESIAN_POINT('Ctrl Pts',(11.0239030311159,-34.4121332924842,-10.518483852226));
#8044=CARTESIAN_POINT('Ctrl Pts',(11.2356716800044,-35.1461762840934,-10.1856485021476));
#8045=CARTESIAN_POINT('',(11.2356716800044,-35.1461762840934,-10.1856485021476));
#8046=CARTESIAN_POINT('Ctrl Pts',(11.2356716800044,-35.1461762840934,-10.1856485021476));
#8047=CARTESIAN_POINT('Ctrl Pts',(10.9331450387351,-34.0975434389374,-10.6611275736881));
#8048=CARTESIAN_POINT('Ctrl Pts',(9.96711880162731,-31.0011675847522,-12.362124359168));
#8049=CARTESIAN_POINT('Ctrl Pts',(8.67149139257045,-27.8176724594494,-15.3459486258674));
#8050=CARTESIAN_POINT('Ctrl Pts',(7.73487788396177,-26.0881399228266,-17.9173553257251));
#8051=CARTESIAN_POINT('Ctrl Pts',(7.54798368982266,-25.7650488022884,-18.4464205954158));
#8052=CARTESIAN_POINT('Ctrl Pts',(11.2356716800044,-35.1461762840934,-10.1856485021476));
#8053=CARTESIAN_POINT('Ctrl Pts',(11.1625987850155,-35.1591438093045,-10.1677542873622));
#8054=CARTESIAN_POINT('Ctrl Pts',(11.0895712386587,-35.1719513777641,-10.149542085383));
#8055=CARTESIAN_POINT('Ctrl Pts',(11.0164254533707,-35.1845447207608,-10.1310105171975));
#8056=CARTESIAN_POINT('Ctrl Pts',(10.940876002201,-35.1975518974292,-10.1118699775176));
#8057=CARTESIAN_POINT('Ctrl Pts',(10.865200592747,-35.2103305236228,-10.0923886551278));
#8058=CARTESIAN_POINT('Ctrl Pts',(10.789274404566,-35.2228367830609,-10.0725609482998));
#8059=CARTESIAN_POINT('Ctrl Pts',(10.7103796523753,-35.2358320125442,-10.051958017293));
#8060=CARTESIAN_POINT('Ctrl Pts',(10.6312143456969,-35.2485331474892,-10.0309810052057));
#8061=CARTESIAN_POINT('Ctrl Pts',(10.5516943358498,-35.260908255318,-10.0096205688566));
#8062=CARTESIAN_POINT('Ctrl Pts',(10.4683372013048,-35.273880506331,-9.98722941510664));
#8063=CARTESIAN_POINT('Ctrl Pts',(10.3845905814048,-35.2864944933478,-9.96441686042722));
#8064=CARTESIAN_POINT('Ctrl Pts',(10.300414078683,-35.2987322728563,-9.94117012945996));
#8065=CARTESIAN_POINT('Ctrl Pts',(10.2109390351839,-35.3117403667833,-9.91646011897904));
#8066=CARTESIAN_POINT('Ctrl Pts',(10.1209786595132,-35.3243233844748,-9.8912594743953));
#8067=CARTESIAN_POINT('Ctrl Pts',(10.0305419356405,-35.336480909308,-9.86555192058717));
#8068=CARTESIAN_POINT('Ctrl Pts',(9.9319482041046,-35.349734991148,-9.8375256548174));
#8069=CARTESIAN_POINT('Ctrl Pts',(9.83278889249271,-35.3624833337295,-9.80889684535199));
#8070=CARTESIAN_POINT('Ctrl Pts',(9.73313484300234,-35.3747503597945,-9.77964458105412));
#8071=CARTESIAN_POINT('Ctrl Pts',(9.61690219299633,-35.38905814713,-9.74552586520259));
#8072=CARTESIAN_POINT('Ctrl Pts',(9.49999766955989,-35.4027110136895,-9.71055898763531));
#8073=CARTESIAN_POINT('Ctrl Pts',(9.38259831704414,-35.415782479286,-9.67471194847514));
#8074=CARTESIAN_POINT('Ctrl Pts',(9.25056238728313,-35.4304836090315,-9.63439573681581));
#8075=CARTESIAN_POINT('Ctrl Pts',(9.11790506348021,-35.4444501346067,-9.59296657363894));
#8076=CARTESIAN_POINT('Ctrl Pts',(8.98490773936369,-35.4578225978466,-9.55037807506253));
#8077=CARTESIAN_POINT('Ctrl Pts',(8.87084490791974,-35.4692912573153,-9.51385279331838));
#8078=CARTESIAN_POINT('Ctrl Pts',(8.75653464009875,-35.4803243211127,-9.47647510030558));
#8079=CARTESIAN_POINT('Ctrl Pts',(8.64212444499318,-35.4910177187732,-9.43821034281293));
#8080=CARTESIAN_POINT('Ctrl Pts',(8.54336162793994,-35.5002486275733,-9.40517888752745));
#8081=CARTESIAN_POINT('Ctrl Pts',(8.44452487550746,-35.5092269122142,-9.37148655276224));
#8082=CARTESIAN_POINT('Ctrl Pts',(8.34566790433396,-35.518009609937,-9.33710397311217));
#8083=CARTESIAN_POINT('Ctrl Pts',(8.25462764073099,-35.5260978520341,-9.305440054245));
#8084=CARTESIAN_POINT('Ctrl Pts',(8.16357055502786,-35.5340204827309,-9.27319085976433));
#8085=CARTESIAN_POINT('Ctrl Pts',(8.07249533570725,-35.5418129693574,-9.24032516611067));
#8086=CARTESIAN_POINT('Ctrl Pts',(7.98653619790459,-35.5491677189452,-9.20930567792464));
#8087=CARTESIAN_POINT('Ctrl Pts',(7.90056113490324,-35.5564067298045,-9.17773712670389));
#8088=CARTESIAN_POINT('Ctrl Pts',(7.81452495769823,-35.56354819873,-9.14558381923288));
#8089=CARTESIAN_POINT('Ctrl Pts',(7.70511962797814,-35.5726294339482,-9.10469702812087));
#8090=CARTESIAN_POINT('Ctrl Pts',(7.59561567044421,-35.5815541196882,-9.06286488124492));
#8091=CARTESIAN_POINT('Ctrl Pts',(7.48581660908064,-35.5903250529467,-9.0199892787558));
#8092=CARTESIAN_POINT('Ctrl Pts',(7.39558132857077,-35.5975331985638,-8.98475316681106));
#8093=CARTESIAN_POINT('Ctrl Pts',(7.30514342649507,-35.6046363670593,-8.94881137408425));
#8094=CARTESIAN_POINT('Ctrl Pts',(7.21443662940352,-35.6116308042813,-8.91212014467648));
#8095=CARTESIAN_POINT('Ctrl Pts',(7.11955979323233,-35.6189467948763,-8.87374211929072));
#8096=CARTESIAN_POINT('Ctrl Pts',(7.02438906186242,-35.6261437252253,-8.83454410612687));
#8097=CARTESIAN_POINT('Ctrl Pts',(6.92890308278412,-35.6332164901241,-8.79449164919504));
#8098=CARTESIAN_POINT('Ctrl Pts',(6.82391686811503,-35.6409929492559,-8.75045423258101));
#8099=CARTESIAN_POINT('Ctrl Pts',(6.71854964114086,-35.6486191590315,-8.70538372032876));
#8100=CARTESIAN_POINT('Ctrl Pts',(6.61283511532357,-35.6560894027251,-8.659254902804));
#8101=CARTESIAN_POINT('Ctrl Pts',(6.49639114042164,-35.6643178355015,-8.608444261328));
#8102=CARTESIAN_POINT('Ctrl Pts',(6.3795263979519,-35.67235681332,-8.55634951864701));
#8103=CARTESIAN_POINT('Ctrl Pts',(6.26235261103428,-35.6802030330097,-8.50296306946615));
#8104=CARTESIAN_POINT('Ctrl Pts',(6.12964081595201,-35.6890897125907,-8.44249722902318));
#8105=CARTESIAN_POINT('Ctrl Pts',(5.99653417902988,-35.6977287649965,-8.38037458002028));
#8106=CARTESIAN_POINT('Ctrl Pts',(5.86325957723357,-35.7061257219734,-8.31661581124923));
#8107=CARTESIAN_POINT('Ctrl Pts',(5.69173716690689,-35.716932479455,-8.23455923368926));
#8108=CARTESIAN_POINT('Ctrl Pts',(5.51994335040006,-35.7273371495999,-8.14979444437027));
#8109=CARTESIAN_POINT('Ctrl Pts',(5.34839945066435,-35.7373816074717,-8.06240421206799));
#8110=CARTESIAN_POINT('Ctrl Pts',(5.22803783300573,-35.7444291748863,-8.00108795574137));
#8111=CARTESIAN_POINT('Ctrl Pts',(5.10780050504454,-35.7513002492078,-7.93848048687257));
#8112=CARTESIAN_POINT('Ctrl Pts',(4.98783745263261,-35.7580177562118,-7.8746042490044));
#8113=CARTESIAN_POINT('Ctrl Pts',(4.88085279658093,-35.7640085188833,-7.81763856498083));
#8114=CARTESIAN_POINT('Ctrl Pts',(4.77408674455344,-35.7698773718195,-7.75966425327324));
#8115=CARTESIAN_POINT('Ctrl Pts',(4.66760858372961,-35.7756431226713,-7.70068230527864));
#8116=CARTESIAN_POINT('Ctrl Pts',(4.56847907793346,-35.7810109467215,-7.64577103229682));
#8117=CARTESIAN_POINT('Ctrl Pts',(4.46959936841748,-35.7862895686204,-7.58998673488018));
#8118=CARTESIAN_POINT('Ctrl Pts',(4.37098633119278,-35.7914939328775,-7.53331117663394));
#8119=CARTESIAN_POINT('Ctrl Pts',(4.27741041497096,-35.7964324599468,-7.47953058697225));
#8120=CARTESIAN_POINT('Ctrl Pts',(4.18407480135192,-35.8013042568229,-7.42494772488721));
#8121=CARTESIAN_POINT('Ctrl Pts',(4.09095429255138,-35.8061198215999,-7.36952509255372));
#8122=CARTESIAN_POINT('Ctrl Pts',(3.99722135251734,-35.8109670571904,-7.31373795887117));
#8123=CARTESIAN_POINT('Ctrl Pts',(3.9037067232814,-35.815757504347,-7.25710038273507));
#8124=CARTESIAN_POINT('Ctrl Pts',(3.81033826306651,-35.8204971148857,-7.19954566379619));
#8125=CARTESIAN_POINT('Ctrl Pts',(3.71696477203588,-35.8252369808009,-7.14198784373317));
#8126=CARTESIAN_POINT('Ctrl Pts',(3.62373041640553,-35.8299260218581,-7.08350858795845));
#8127=CARTESIAN_POINT('Ctrl Pts',(3.53057917414868,-35.8345631902485,-7.02404763293368));
#8128=CARTESIAN_POINT('Ctrl Pts',(3.43347154147647,-35.839397311982,-6.96206120699893));
#8129=CARTESIAN_POINT('Ctrl Pts',(3.33645452192823,-35.844174919233,-6.89900788076202));
#8130=CARTESIAN_POINT('Ctrl Pts',(3.23951444752927,-35.8488887212079,-6.83484791875927));
#8131=CARTESIAN_POINT('Ctrl Pts',(3.1374163735249,-35.853853335748,-6.76727412547215));
#8132=CARTESIAN_POINT('Ctrl Pts',(3.03540402256093,-35.8587470067892,-6.6984727834012));
#8133=CARTESIAN_POINT('Ctrl Pts',(2.93351046137584,-35.8635570302506,-6.6284290403075));
#8134=CARTESIAN_POINT('Ctrl Pts',(2.82436976735897,-35.8687091644258,-6.55340346809398));
#8135=CARTESIAN_POINT('Ctrl Pts',(2.71536588132179,-35.8737651157511,-6.47695250683673));
#8136=CARTESIAN_POINT('Ctrl Pts',(2.60658740157071,-35.8787076524837,-6.39909336069615));
#8137=CARTESIAN_POINT('Ctrl Pts',(2.48496432587032,-35.8842338054559,-6.31204058291609));
#8138=CARTESIAN_POINT('Ctrl Pts',(2.36362385416037,-35.88961784536,-6.22322750185232));
#8139=CARTESIAN_POINT('Ctrl Pts',(2.24273752564263,-35.8948382711531,-6.13272092287328));
#8140=CARTESIAN_POINT('Ctrl Pts',(2.09770424420742,-35.9011014730599,-6.02413572302681));
#8141=CARTESIAN_POINT('Ctrl Pts',(1.9533270984097,-35.9071284151864,-5.91311360650978));
#8142=CARTESIAN_POINT('Ctrl Pts',(1.80994219048194,-35.9128950568602,-5.79982443277757));
#8143=CARTESIAN_POINT('Ctrl Pts',(1.67493341305392,-35.9183248280509,-5.69315328403212));
#8144=CARTESIAN_POINT('Ctrl Pts',(1.54080764526632,-35.9235238811705,-5.58447506506979));
#8145=CARTESIAN_POINT('Ctrl Pts',(1.40783033650419,-35.9284872669665,-5.47394440372597));
#8146=CARTESIAN_POINT('Ctrl Pts',(1.29602235442926,-35.9326605064108,-5.38100967435522));
#8147=CARTESIAN_POINT('Ctrl Pts',(1.18502685646125,-35.9366674930121,-5.28676645691126));
#8148=CARTESIAN_POINT('Ctrl Pts',(1.07496943509226,-35.9405128748999,-5.19129238232946));
#8149=CARTESIAN_POINT('Ctrl Pts',(0.9744810838192,-35.9440239156013,-5.10411941184999));
#8150=CARTESIAN_POINT('Ctrl Pts',(0.874775032230284,-35.9474004323193,-5.01592089165741));
#8151=CARTESIAN_POINT('Ctrl Pts',(0.775912411733524,-35.950649418402,-4.9267324499624));
#8152=CARTESIAN_POINT('Ctrl Pts',(0.683013173467829,-35.9537024260068,-4.84292384511319));
#8153=CARTESIAN_POINT('Ctrl Pts',(0.590858820422696,-35.9566429859933,-4.75824154892102));
#8154=CARTESIAN_POINT('Ctrl Pts',(0.499465495410499,-35.95947762182,-4.67268667949135));
#8155=CARTESIAN_POINT('Ctrl Pts',(0.412311290935766,-35.9621807779905,-4.59110012398429));
#8156=CARTESIAN_POINT('Ctrl Pts',(0.325849226418564,-35.9647877527607,-4.50872038621752));
#8157=CARTESIAN_POINT('Ctrl Pts',(0.240059349055727,-35.967302724742,-4.42551657404453));
#8158=CARTESIAN_POINT('Ctrl Pts',(0.129107080719297,-35.9705553444531,-4.31790887044813));
#8159=CARTESIAN_POINT('Ctrl Pts',(0.0192792644001642,-35.9736549707614,
-4.20892383782855));
#8160=CARTESIAN_POINT('Ctrl Pts',(-0.0895474598530885,-35.9766001573109,
-4.09840914055904));
#8161=CARTESIAN_POINT('Ctrl Pts',(-0.173650013493391,-35.9788762316066,
-4.01300210181072));
#8162=CARTESIAN_POINT('Ctrl Pts',(-0.257156829180505,-35.981059592238,-3.92667883461316));
#8163=CARTESIAN_POINT('Ctrl Pts',(-0.340091537534271,-35.9831427656155,
-3.83939827651081));
#8164=CARTESIAN_POINT('Ctrl Pts',(-0.429132618997854,-35.9853793202991,
-3.74569136611779));
#8165=CARTESIAN_POINT('Ctrl Pts',(-0.517514044910406,-35.9875002179171,
-3.65088088396782));
#8166=CARTESIAN_POINT('Ctrl Pts',(-0.605221997409863,-35.989492018596,-3.5549598920578));
#8167=CARTESIAN_POINT('Ctrl Pts',(-0.698283548965252,-35.9916053966454,
-3.4531839860026));
#8168=CARTESIAN_POINT('Ctrl Pts',(-0.790586394496762,-35.9935732010055,
-3.35015799536079));
#8169=CARTESIAN_POINT('Ctrl Pts',(-0.882072951676919,-35.9953781466428,
-3.24592128629082));
#8170=CARTESIAN_POINT('Ctrl Pts',(-0.981348933135408,-35.9973367704576,
-3.13280956894259));
#8171=CARTESIAN_POINT('Ctrl Pts',(-1.0796629597486,-35.9991033110894,-3.01827247645722));
#8172=CARTESIAN_POINT('Ctrl Pts',(-1.17690432366762,-36.0006587586331,-2.90241192132184));
#8173=CARTESIAN_POINT('Ctrl Pts',(-1.29086385241556,-36.0024816255894,-2.76663210775714));
#8174=CARTESIAN_POINT('Ctrl Pts',(-1.40334870914185,-36.0040139468179,-2.62903523918382));
#8175=CARTESIAN_POINT('Ctrl Pts',(-1.51414906173878,-36.0052373445399,-2.4898481986904));
#8176=CARTESIAN_POINT('Ctrl Pts',(-1.63500155117269,-36.0065717325341,-2.33803369678391));
#8177=CARTESIAN_POINT('Ctrl Pts',(-1.75384652950056,-36.0075381292384,-2.18433096035932));
#8178=CARTESIAN_POINT('Ctrl Pts',(-1.87041859463978,-36.0081357847173,-2.02906969165523));
#8179=CARTESIAN_POINT('Ctrl Pts',(-1.96675778319833,-36.0086297078866,-1.90075640644698));
#8180=CARTESIAN_POINT('Ctrl Pts',(-2.06154388735897,-36.0088723629535,-1.77138072279908));
#8181=CARTESIAN_POINT('Ctrl Pts',(-2.15465645800699,-36.0088752722115,-1.6411134463152));
#8182=CARTESIAN_POINT('Ctrl Pts',(-2.17421168966523,-36.0088758832054,-1.61375509124669));
#8183=CARTESIAN_POINT('Ctrl Pts',(-2.19369324150842,-36.0088659523497,-1.58635729570807));
#8184=CARTESIAN_POINT('Ctrl Pts',(-2.21310023058302,-36.0088456345065,-1.55892142708086));
#8185=CARTESIAN_POINT('Ctrl Pts',(-13.6800193699526,23.694488674019,-9.67323448684011));
#8186=CARTESIAN_POINT('Ctrl Pts',(-14.5792249132672,23.3831808941682,-9.1641110237242));
#8187=CARTESIAN_POINT('Ctrl Pts',(-16.3856660124772,22.7728325767573,-8.14604047408365));
#8188=CARTESIAN_POINT('Ctrl Pts',(-19.4116727947846,21.8386675146738,-6.51094456775572));
#8189=CARTESIAN_POINT('Ctrl Pts',(-22.9938123413667,20.8637214518328,-4.64042967352617));
#8190=CARTESIAN_POINT('Ctrl Pts',(-26.975724053277,20.0381969502336,-2.72868292671522));
#8191=CARTESIAN_POINT('Ctrl Pts',(-29.049757215614,19.9209769908328,-1.92255508240168));
#8192=CARTESIAN_POINT('Ctrl Pts',(-30.0780249447868,19.9210238378529,-1.55892143465751));
#8193=CARTESIAN_POINT('Ctrl Pts',(-13.8694247926835,23.5305200023925,-9.80701434798771));
#8194=CARTESIAN_POINT('Ctrl Pts',(-14.7591369516918,23.2254249126345,-9.29775441415411));
#8195=CARTESIAN_POINT('Ctrl Pts',(-16.5526067593926,22.6249844292884,-8.27988985564452));
#8196=CARTESIAN_POINT('Ctrl Pts',(-19.5650891049644,21.6996523891527,-6.64998063291847));
#8197=CARTESIAN_POINT('Ctrl Pts',(-23.1325207533356,20.7282920916713,-4.79926134478058));
#8198=CARTESIAN_POINT('Ctrl Pts',(-27.0837511697834,19.9004827040901,-2.93669123003339));
#8199=CARTESIAN_POINT('Ctrl Pts',(-29.1454773128329,19.7711777229856,-2.16404387968098));
#8200=CARTESIAN_POINT('Ctrl Pts',(-30.1703735878106,19.7614573279637,-1.81955734671811));
#8201=CARTESIAN_POINT('Ctrl Pts',(-14.2482802410723,23.203457798152,-10.0750040826561));
#8202=CARTESIAN_POINT('Ctrl Pts',(-15.1199807405426,22.9098389506194,-9.5654290539694));
#8203=CARTESIAN_POINT('Ctrl Pts',(-16.8900374051074,22.3265496900915,-8.54791479862849));
#8204=CARTESIAN_POINT('Ctrl Pts',(-19.8759058404587,21.4166496639307,-6.92813023756163));
#8205=CARTESIAN_POINT('Ctrl Pts',(-23.4145384379423,20.4491945794751,-5.1176418084436));
#8206=CARTESIAN_POINT('Ctrl Pts',(-27.3033285498264,19.6145070389173,-3.35171235276431));
#8207=CARTESIAN_POINT('Ctrl Pts',(-29.341078632581,19.4596020669518,-2.64274539260491));
#8208=CARTESIAN_POINT('Ctrl Pts',(-30.3602103974652,19.42962340131,-2.33405522708706));
#8209=CARTESIAN_POINT('Ctrl Pts',(-14.8195460945664,22.7110778567463,-10.4802978584892));
#8210=CARTESIAN_POINT('Ctrl Pts',(-15.6675658415168,22.4315553368985,-9.96999051048981));
#8211=CARTESIAN_POINT('Ctrl Pts',(-17.4087257920626,21.8665249217718,-8.95222536620058));
#8212=CARTESIAN_POINT('Ctrl Pts',(-20.3556664184544,20.9735719726959,-7.34664543469525));
#8213=CARTESIAN_POINT('Ctrl Pts',(-23.8513374877882,20.0034370345271,-5.59701113517675));
#8214=CARTESIAN_POINT('Ctrl Pts',(-27.6417779071164,19.1545565563918,-3.96724544550084));
#8215=CARTESIAN_POINT('Ctrl Pts',(-29.6445785887632,18.95972691165,-3.34083767011561));
#8216=CARTESIAN_POINT('Ctrl Pts',(-30.6568706242718,18.8990371660358,-3.0768553394974));
#8217=CARTESIAN_POINT('Ctrl Pts',(-15.397879078613,22.2113587049928,-10.8906878575101));
#8218=CARTESIAN_POINT('Ctrl Pts',(-16.226762260306,21.9418551748999,-10.3791728041417));
#8219=CARTESIAN_POINT('Ctrl Pts',(-17.9402379187792,21.3908039005103,-9.35958760211507));
#8220=CARTESIAN_POINT('Ctrl Pts',(-20.8510016554316,20.5076465615915,-7.76697962996629));
#8221=CARTESIAN_POINT('Ctrl Pts',(-24.3010625672586,19.5289816770396,-6.07680076700434));
#8222=CARTESIAN_POINT('Ctrl Pts',(-27.9875452875879,18.6654656047015,-4.57091811680781));
#8223=CARTESIAN_POINT('Ctrl Pts',(-29.9558807459171,18.4322219001188,-4.01171263571692));
#8224=CARTESIAN_POINT('Ctrl Pts',(-30.9622431862694,18.3424631336601,-3.78256189052903));
#8225=CARTESIAN_POINT('Ctrl Pts',(-15.9880749974607,21.6974180395392,-11.3080452720942));
#8226=CARTESIAN_POINT('Ctrl Pts',(-16.8004437270173,21.434827855062,-10.794450371643));
#8227=CARTESIAN_POINT('Ctrl Pts',(-18.4858779185051,20.8949600241748,-9.77104370560691));
#8228=CARTESIAN_POINT('Ctrl Pts',(-21.364129562256,20.01359535112,-8.19002448501642));
#8229=CARTESIAN_POINT('Ctrl Pts',(-24.7627880854444,19.0240302384032,-6.55622084351524));
#8230=CARTESIAN_POINT('Ctrl Pts',(-28.33964219711,18.1484054972516,-5.1598048386897));
#8231=CARTESIAN_POINT('Ctrl Pts',(-30.2743050977012,17.8804052006989,-4.65195992812937));
#8232=CARTESIAN_POINT('Ctrl Pts',(-31.2753537476748,17.7642713365543,-4.4483956154211));
#8233=CARTESIAN_POINT('Ctrl Pts',(-16.593930133975,21.1616406518045,-11.7348581308687));
#8234=CARTESIAN_POINT('Ctrl Pts',(-17.3908035740851,20.9038219729298,-11.2180923903256));
#8235=CARTESIAN_POINT('Ctrl Pts',(-19.0483770676167,20.3722261865718,-10.1889870392095));
#8236=CARTESIAN_POINT('Ctrl Pts',(-21.8973127365981,19.4843027657504,-8.61858346128797));
#8237=CARTESIAN_POINT('Ctrl Pts',(-25.2370712599608,18.4834882674472,-7.03830051794493));
#8238=CARTESIAN_POINT('Ctrl Pts',(-28.699983488383,17.5987787509285,-5.73783607014243));
#8239=CARTESIAN_POINT('Ctrl Pts',(-30.6029107644917,17.2998672401705,-5.26703721231838));
#8240=CARTESIAN_POINT('Ctrl Pts',(-31.5990865157791,17.1603644600884,-5.08101316726621));
#8241=CARTESIAN_POINT('Ctrl Pts',(-17.2190957563924,20.5942754387716,-12.1752618190897));
#8242=CARTESIAN_POINT('Ctrl Pts',(-18.0007887924541,20.3394905672597,-11.6542690617728));
#8243=CARTESIAN_POINT('Ctrl Pts',(-19.6324375744154,19.8117046998072,-10.6182612335066));
#8244=CARTESIAN_POINT('Ctrl Pts',(-22.4526265835774,18.9100028018309,-9.05777427423794));
#8245=CARTESIAN_POINT('Ctrl Pts',(-25.7248317260393,17.899341942773,-7.52805833542801));
#8246=CARTESIAN_POINT('Ctrl Pts',(-29.0694203778625,17.011338611228,-6.30807279840479));
#8247=CARTESIAN_POINT('Ctrl Pts',(-30.9420603968503,16.6884506550983,-5.85839758107797));
#8248=CARTESIAN_POINT('Ctrl Pts',(-31.9326697238762,16.5307149845583,-5.68125527566775));
#8249=CARTESIAN_POINT('Ctrl Pts',(-17.8661668550856,19.984824683608,-12.6324947413001));
#8250=CARTESIAN_POINT('Ctrl Pts',(-18.6328850006873,19.7314542038755,-12.1061252819392));
#8251=CARTESIAN_POINT('Ctrl Pts',(-20.2430064972929,19.2004327564442,-11.0622794313289));
#8252=CARTESIAN_POINT('Ctrl Pts',(-23.0287258851298,18.2834630398454,-9.50917400858173));
#8253=CARTESIAN_POINT('Ctrl Pts',(-26.2234777216087,17.2678992930992,-8.02458765982871));
#8254=CARTESIAN_POINT('Ctrl Pts',(-29.4445277948897,16.3879841127727,-6.8657357892977));
#8255=CARTESIAN_POINT('Ctrl Pts',(-31.2882611866108,16.0512084647692,-6.4206699425266));
#8256=CARTESIAN_POINT('Ctrl Pts',(-32.2718536319229,15.8822302353718,-6.24396401430569));
#8257=CARTESIAN_POINT('Ctrl Pts',(-18.5370667226104,19.3220769281106,-13.1082424059175));
#8258=CARTESIAN_POINT('Ctrl Pts',(-19.2897281288189,19.067996935646,-12.5752586685643));
#8259=CARTESIAN_POINT('Ctrl Pts',(-20.8811493791866,18.5272724560107,-11.5217016554236));
#8260=CARTESIAN_POINT('Ctrl Pts',(-23.6220743261693,17.5998042236024,-9.97149689983304));
#8261=CARTESIAN_POINT('Ctrl Pts',(-26.7280975830979,16.5893367756541,-8.52341125406339));
#8262=CARTESIAN_POINT('Ctrl Pts',(-29.8207457960641,15.7345053294542,-7.40357011551496));
#8263=CARTESIAN_POINT('Ctrl Pts',(-31.6375410124264,15.3959052053192,-6.94777606306369));
#8264=CARTESIAN_POINT('Ctrl Pts',(-32.6123474308353,15.2237295697579,-6.76415125426599));
#8265=CARTESIAN_POINT('Ctrl Pts',(-19.2353778219931,18.5915308172428,-13.6034144702131));
#8266=CARTESIAN_POINT('Ctrl Pts',(-19.9754783515771,18.3339091371829,-13.0623776997938));
#8267=CARTESIAN_POINT('Ctrl Pts',(-21.5430954244043,17.7846740071655,-11.9948807811391));
#8268=CARTESIAN_POINT('Ctrl Pts',(-24.2280698542899,16.8557077183184,-10.4418273339543));
#8269=CARTESIAN_POINT('Ctrl Pts',(-27.232944726656,15.8664346568817,-9.01858120116345));
#8270=CARTESIAN_POINT('Ctrl Pts',(-30.1944262783257,15.0577740724228,-7.91489363234149));
#8271=CARTESIAN_POINT('Ctrl Pts',(-31.9872622540145,14.7296320698051,-7.43597142435539));
#8272=CARTESIAN_POINT('Ctrl Pts',(-32.9517222095245,14.5619678564948,-7.24010870950107));
#8273=CARTESIAN_POINT('Ctrl Pts',(-19.9629739282968,17.777553776998,-14.1175888172524));
#8274=CARTESIAN_POINT('Ctrl Pts',(-20.6882584528965,17.5172592973181,-13.5659651977805));
#8275=CARTESIAN_POINT('Ctrl Pts',(-22.2243607937025,16.9655926149964,-12.4794685808323));
#8276=CARTESIAN_POINT('Ctrl Pts',(-24.8410518473994,16.0493903002863,-10.9167005266111));
#8277=CARTESIAN_POINT('Ctrl Pts',(-27.7333498650516,15.1020933236183,-9.50511679150008));
#8278=CARTESIAN_POINT('Ctrl Pts',(-30.5657995203775,14.3598303366718,-8.39773235687043));
#8279=CARTESIAN_POINT('Ctrl Pts',(-32.3396254856136,14.0506320736535,-7.88857942446062));
#8280=CARTESIAN_POINT('Ctrl Pts',(-33.292713794372,13.8932757935897,-7.67770202828121));
#8281=CARTESIAN_POINT('Ctrl Pts',(-20.717438829151,16.8657285905722,-14.6494460246079));
#8282=CARTESIAN_POINT('Ctrl Pts',(-21.4239624918439,16.6064024984866,-14.0844964638536));
#8283=CARTESIAN_POINT('Ctrl Pts',(-22.9203279189588,16.0617986209204,-12.9743222772759));
#8284=CARTESIAN_POINT('Ctrl Pts',(-25.4579874097974,15.1745278669343,-11.395823846897));
#8285=CARTESIAN_POINT('Ctrl Pts',(-28.2289560461607,14.2923767429722,-9.98290286800787));
#8286=CARTESIAN_POINT('Ctrl Pts',(-30.9395777340418,13.6334174234276,-8.85552913158247));
#8287=CARTESIAN_POINT('Ctrl Pts',(-32.6970822781118,13.3531549039926,-8.31050295545927));
#8288=CARTESIAN_POINT('Ctrl Pts',(-33.6362959000264,13.2134174686429,-8.08195274996629));
#8289=CARTESIAN_POINT('Ctrl Pts',(-21.4927818136341,15.8426207021009,-15.1967320561464));
#8290=CARTESIAN_POINT('Ctrl Pts',(-22.1761811462236,15.5900695623326,-14.6159094973043));
#8291=CARTESIAN_POINT('Ctrl Pts',(-23.625727899428,15.0640907643147,-13.4781414482028));
#8292=CARTESIAN_POINT('Ctrl Pts',(-26.0732064986921,14.2272916739763,-11.8762164504107));
#8293=CARTESIAN_POINT('Ctrl Pts',(-28.7160895450946,13.4388499076016,-10.4468923878967));
#8294=CARTESIAN_POINT('Ctrl Pts',(-31.3139553228967,12.8815594441542,-9.28428435368118));
#8295=CARTESIAN_POINT('Ctrl Pts',(-33.0550014278851,12.6428015628495,-8.69951805772392));
#8296=CARTESIAN_POINT('Ctrl Pts',(-33.9772171419461,12.5285269395193,-8.45160268696202));
#8297=CARTESIAN_POINT('Ctrl Pts',(-22.2752812413555,14.7055558216335,-15.7505384977786));
#8298=CARTESIAN_POINT('Ctrl Pts',(-22.9323084488857,14.4665224503951,-15.1518040275528));
#8299=CARTESIAN_POINT('Ctrl Pts',(-24.3300830111607,13.9709825861224,-13.983171169506));
#8300=CARTESIAN_POINT('Ctrl Pts',(-26.6733464963204,13.2195845704091,-12.3458997012615));
#8301=CARTESIAN_POINT('Ctrl Pts',(-29.1877004332764,12.5527854046593,-10.8863567869965));
#8302=CARTESIAN_POINT('Ctrl Pts',(-31.6850749788448,12.11377230815,-9.67756482844577));
#8303=CARTESIAN_POINT('Ctrl Pts',(-33.4075490645446,11.9290439742513,-9.05259411920834));
#8304=CARTESIAN_POINT('Ctrl Pts',(-34.3097962259761,11.8472285191403,-8.78512555130742));
#8305=CARTESIAN_POINT('Ctrl Pts',(-23.0488363208659,13.4590406558859,-16.2983305949209));
#8306=CARTESIAN_POINT('Ctrl Pts',(-23.6770049321701,13.2413530493425,-15.6797928828437));
#8307=CARTESIAN_POINT('Ctrl Pts',(-25.0132191510675,12.8009025052069,-14.4734637041386));
#8308=CARTESIAN_POINT('Ctrl Pts',(-27.2460297885131,12.1702342723612,-12.7904457398768));
#8309=CARTESIAN_POINT('Ctrl Pts',(-29.6380425008538,11.6491369343113,-11.2902396842776));
#8310=CARTESIAN_POINT('Ctrl Pts',(-32.0508690143384,11.3397360825774,-10.0307936692689));
#8311=CARTESIAN_POINT('Ctrl Pts',(-33.7506751225743,11.220137987542,-9.36862393770836));
#8312=CARTESIAN_POINT('Ctrl Pts',(-34.6307641908632,11.1756546743192,-9.08308300898899));
#8313=CARTESIAN_POINT('Ctrl Pts',(-23.789702119997,12.1249693976626,-16.8226272481632));
#8314=CARTESIAN_POINT('Ctrl Pts',(-24.3857185793028,11.9416860100976,-16.1812284904345));
#8315=CARTESIAN_POINT('Ctrl Pts',(-25.6564720261352,11.5818586040684,-14.9317210992656));
#8316=CARTESIAN_POINT('Ctrl Pts',(-27.7842775323519,11.0980229594464,-13.1971277115096));
#8317=CARTESIAN_POINT('Ctrl Pts',(-30.0677721806819,10.7368307735452,-11.6519971925629));
#8318=CARTESIAN_POINT('Ctrl Pts',(-32.4184089705267,10.5574678989081,-10.3451456543034));
#8319=CARTESIAN_POINT('Ctrl Pts',(-34.0883740917006,10.5119566365476,-9.65163232480755));
#8320=CARTESIAN_POINT('Ctrl Pts',(-34.9449079625092,10.5071619509861,-9.35080796762475));
#8321=CARTESIAN_POINT('Ctrl Pts',(-24.4754462072133,10.736075465433,-17.3056613257453));
#8322=CARTESIAN_POINT('Ctrl Pts',(-25.0418999489919,10.5955919068172,-16.6403994691106));
#8323=CARTESIAN_POINT('Ctrl Pts',(-26.2553151623943,10.3284587507037,-15.3475147828082));
#8324=CARTESIAN_POINT('Ctrl Pts',(-28.2945827082507,10.0021805860226,-13.561170811133));
#8325=CARTESIAN_POINT('Ctrl Pts',(-30.4888059380592,9.80632793573395,-11.971774025651));
#8326=CARTESIAN_POINT('Ctrl Pts',(-32.7943699401461,9.75577107874794,-10.6259390476421));
#8327=CARTESIAN_POINT('Ctrl Pts',(-34.4231004345285,9.79620166089833,-9.90676084573161));
#8328=CARTESIAN_POINT('Ctrl Pts',(-35.2531492387877,9.83461620406392,-9.59340370215084));
#8329=CARTESIAN_POINT('Ctrl Pts',(-25.0938086097262,9.30984649917367,-17.7410664324592));
#8330=CARTESIAN_POINT('Ctrl Pts',(-25.6380447450124,9.21317869284415,-17.0523385715783));
#8331=CARTESIAN_POINT('Ctrl Pts',(-26.807121915024,9.04360840118858,-15.7156042514601));
#8332=CARTESIAN_POINT('Ctrl Pts',(-28.7755314867342,8.88468052048956,-13.8773159111323));
#8333=CARTESIAN_POINT('Ctrl Pts',(-30.9010447551734,8.85561846337443,-12.2495797666972));
#8334=CARTESIAN_POINT('Ctrl Pts',(-33.1651921859298,8.94177171240291,-10.874459251449));
#8335=CARTESIAN_POINT('Ctrl Pts',(-34.7446042236687,9.07815326088951,-10.1357209318045));
#8336=CARTESIAN_POINT('Ctrl Pts',(-35.5457473248089,9.16299790831943,-9.81277479929746));
#8337=CARTESIAN_POINT('Ctrl Pts',(-25.6336955316133,7.85277878397073,-18.1251690692259));
#8338=CARTESIAN_POINT('Ctrl Pts',(-26.162758020337,7.80336066760423,-17.4104526019555));
#8339=CARTESIAN_POINT('Ctrl Pts',(-27.3019343540701,7.73753899607049,-16.0284870661191));
#8340=CARTESIAN_POINT('Ctrl Pts',(-29.2173580794726,7.7534295037743,-14.1434509172353));
#8341=CARTESIAN_POINT('Ctrl Pts',(-31.3019459217208,7.88400715642692,-12.4887698225873));
#8342=CARTESIAN_POINT('Ctrl Pts',(-33.5136231177047,8.12872039752579,-11.091562350145));
#8343=CARTESIAN_POINT('Ctrl Pts',(-35.0424854647345,8.36558312095038,-10.3401702428702));
#8344=CARTESIAN_POINT('Ctrl Pts',(-35.8137568425072,8.49899777651549,-10.010622044525));
#8345=CARTESIAN_POINT('Ctrl Pts',(-25.9404672355105,6.85939445170031,-18.3426802892968));
#8346=CARTESIAN_POINT('Ctrl Pts',(-26.4647537230679,6.84227088278427,-17.6115893875822));
#8347=CARTESIAN_POINT('Ctrl Pts',(-27.5934805475189,6.84827252722332,-16.2026241223422));
#8348=CARTESIAN_POINT('Ctrl Pts',(-29.4919862258767,6.97910429891823,-14.2935524360596));
#8349=CARTESIAN_POINT('Ctrl Pts',(-31.552877629104,7.22835333327253,-12.6240619417358));
#8350=CARTESIAN_POINT('Ctrl Pts',(-33.7286667342494,7.58901511418164,-11.2171045039669));
#8351=CARTESIAN_POINT('Ctrl Pts',(-35.2242134516008,7.89543564942742,-10.4614394100844));
#8352=CARTESIAN_POINT('Ctrl Pts',(-35.9757465961435,8.06207954453116,-10.1293834839871));
#8353=CARTESIAN_POINT('Ctrl Pts',(-26.0870103002491,6.34568738765377,-18.4463018841895));
#8354=CARTESIAN_POINT('Ctrl Pts',(-26.6100022548776,6.34568738765377,-17.7066795689418));
#8355=CARTESIAN_POINT('Ctrl Pts',(-27.7360058850483,6.38923338699816,-16.2840490047153));
#8356=CARTESIAN_POINT('Ctrl Pts',(-29.6275545403428,6.58247186328675,-14.3624018390291));
#8357=CARTESIAN_POINT('Ctrl Pts',(-31.6768031219013,6.89575237192902,-12.6857584083881));
#8358=CARTESIAN_POINT('Ctrl Pts',(-33.8350341445116,7.31682753713031,-11.2752650383731));
#8359=CARTESIAN_POINT('Ctrl Pts',(-35.3137331031734,7.65908668978533,-10.5184838231807));
#8360=CARTESIAN_POINT('Ctrl Pts',(-36.0553173045224,7.84271115820578,-10.1856484714656));
#8361=CARTESIAN_POINT('',(-36.0553173045224,7.84271115820577,-10.1856484714656));
#8362=CARTESIAN_POINT('Ctrl Pts',(-36.0553173045223,7.84271115820589,-10.1856484714655));
#8363=CARTESIAN_POINT('Ctrl Pts',(-34.9959113025952,7.58039048903382,-10.6611275453443));
#8364=CARTESIAN_POINT('Ctrl Pts',(-31.8313635702971,6.86880409818276,-12.3621098214378));
#8365=CARTESIAN_POINT('Ctrl Pts',(-28.4265588252947,6.39910282541311,-15.34593906788));
#8366=CARTESIAN_POINT('Ctrl Pts',(-26.4604346898018,6.34546893567836,-17.9173483378765));
#8367=CARTESIAN_POINT('Ctrl Pts',(-26.0871787149871,6.34577893783087,-18.4464206496046));
#8368=CARTESIAN_POINT('Ctrl Pts',(-36.0553173045224,7.84271115820577,-10.1856484714656));
#8369=CARTESIAN_POINT('Ctrl Pts',(-36.0300110631843,7.91247790327299,-10.1677542566091));
#8370=CARTESIAN_POINT('Ctrl Pts',(-36.0045889695549,7.98212539689798,-10.1495420545665));
#8371=CARTESIAN_POINT('Ctrl Pts',(-35.9789222317712,8.05176817571477,-10.1310104863225));
#8372=CARTESIAN_POINT('Ctrl Pts',(-35.9524120515251,8.12369950702888,-10.1118699465884));
#8373=CARTESIAN_POINT('Ctrl Pts',(-35.9256409616243,8.19562564618507,-10.0923886241498));
#8374=CARTESIAN_POINT('Ctrl Pts',(-35.8985086058364,8.26763278272085,-10.0725609172759));
#8375=CARTESIAN_POINT('Ctrl Pts',(-35.8703154285346,8.34245525605203,-10.0519579862309));
#8376=CARTESIAN_POINT('Ctrl Pts',(-35.8417322806542,8.41736498918327,-10.0309809741089));
#8377=CARTESIAN_POINT('Ctrl Pts',(-35.8126894334311,8.49241889072378,-10.0096205377267));
#8378=CARTESIAN_POINT('Ctrl Pts',(-35.7822451650452,8.57109441121805,-9.98722938395763));
#8379=CARTESIAN_POINT('Ctrl Pts',(-35.7512958882679,8.64992810393959,-9.96441682926144));
#8380=CARTESIAN_POINT('Ctrl Pts',(-35.7198058648279,8.72894598236713,-9.94117009827832));
#8381=CARTESIAN_POINT('Ctrl Pts',(-35.686333682893,8.81293768875258,-9.91646008780966));
#8382=CARTESIAN_POINT('Ctrl Pts',(-35.6522507080636,8.89713716702759,-9.89125944324037));
#8383=CARTESIAN_POINT('Ctrl Pts',(-35.6175610715172,8.98153642853635,-9.86555188944828));
#8384=CARTESIAN_POINT('Ctrl Pts',(-35.5797425774538,9.07354814408313,-9.83752562376021));
#8385=CARTESIAN_POINT('Ctrl Pts',(-35.5412033103201,9.16579679673577,-9.80889681438116));
#8386=CARTESIAN_POINT('Ctrl Pts',(-35.5019998419265,9.25823324672356,-9.77964455017467));
#8387=CARTESIAN_POINT('Ctrl Pts',(-35.4562744248049,9.366047565357,-9.74552583472937));
#8388=CARTESIAN_POINT('Ctrl Pts',(-35.4096458929679,9.4741162830875,-9.71055895759008));
#8389=CARTESIAN_POINT('Ctrl Pts',(-35.3622664386063,9.58232283491829,-9.67471191888258));
#8390=CARTESIAN_POINT('Ctrl Pts',(-35.3089800239282,9.70401987152269,-9.63439570597369));
#8391=CARTESIAN_POINT('Ctrl Pts',(-35.2547467262967,9.82588774911918,-9.59296654148141));
#8392=CARTESIAN_POINT('Ctrl Pts',(-35.1998289553962,9.94775304448494,-9.55037804152344));
#8393=CARTESIAN_POINT('Ctrl Pts',(-35.1527296895019,10.0522686840602,-9.5138527592575));
#8394=CARTESIAN_POINT('Ctrl Pts',(-35.1051294684922,10.1567808120087,-9.47647506570528));
#8395=CARTESIAN_POINT('Ctrl Pts',(-35.0571851243326,10.2612096464673,-9.43821030765709));
#8396=CARTESIAN_POINT('Ctrl Pts',(-35.0157979169993,10.3513562090925,-9.40517885206713));
#8397=CARTESIAN_POINT('Ctrl Pts',(-34.9741549630365,10.4414404895642,-9.37148651699245));
#8398=CARTESIAN_POINT('Ctrl Pts',(-34.9323325164661,10.531444486525,-9.33710393702891));
#8399=CARTESIAN_POINT('Ctrl Pts',(-34.8938170075524,10.6143317882371,-9.30544001792185));
#8400=CARTESIAN_POINT('Ctrl Pts',(-34.8551496639113,10.6971508526194,-9.27319082319971));
#8401=CARTESIAN_POINT('Ctrl Pts',(-34.8163605453957,10.7799205491412,-9.24032512930339));
#8402=CARTESIAN_POINT('Ctrl Pts',(-34.7797503762838,10.858040720544,-9.20930564091156));
#8403=CARTESIAN_POINT('Ctrl Pts',(-34.7430320118983,10.9361168142105,-9.17773708948475));
#8404=CARTESIAN_POINT('Ctrl Pts',(-34.706198616626,11.014197063362,-9.14558378180726));
#8405=CARTESIAN_POINT('Ctrl Pts',(-34.6593605323466,11.113485474416,-9.10469699079265));
#8406=CARTESIAN_POINT('Ctrl Pts',(-34.6123375583525,11.2127810249194,-9.06286484403072));
#8407=CARTESIAN_POINT('Ctrl Pts',(-34.5650338789094,11.3122552665922,-9.01998924167045));
#8408=CARTESIAN_POINT('Ctrl Pts',(-34.5261586762116,11.3940053831532,-8.98475312997321));
#8409=CARTESIAN_POINT('Ctrl Pts',(-34.487091249891,11.4758784865755,-8.94881133750899));
#8410=CARTESIAN_POINT('Ctrl Pts',(-34.4477952120289,11.5579300942798,-8.91212010837671));
#8411=CARTESIAN_POINT('Ctrl Pts',(-34.4066926281139,11.643753838212,-8.8737420833543));
#8412=CARTESIAN_POINT('Ctrl Pts',(-34.3653399874156,11.7297725727331,-8.83454407057112));
#8413=CARTESIAN_POINT('Ctrl Pts',(-34.323722192439,11.8160022370624,-8.79449161403525));
#8414=CARTESIAN_POINT('Ctrl Pts',(-34.2779636970455,11.9108111931884,-8.75045419809517));
#8415=CARTESIAN_POINT('Ctrl Pts',(-34.2318845757559,12.0058749909803,-8.70538368654656));
#8416=CARTESIAN_POINT('Ctrl Pts',(-34.1854967344662,12.1011615753686,-8.6592548697531));
#8417=CARTESIAN_POINT('Ctrl Pts',(-34.1344007801782,12.2061192285985,-8.60844422953556));
#8418=CARTESIAN_POINT('Ctrl Pts',(-34.0829303693195,12.3113465497675,-8.55634948816949));
#8419=CARTESIAN_POINT('Ctrl Pts',(-34.031138502811,12.4167451322425,-8.50296304035762));
#8420=CARTESIAN_POINT('Ctrl Pts',(-33.9724786986252,12.5361202508901,-8.44249720303737));
#8421=CARTESIAN_POINT('Ctrl Pts',(-33.9134070221299,12.6557134990381,-8.3803745573127));
#8422=CARTESIAN_POINT('Ctrl Pts',(-33.8540417024174,12.7753311613746,-8.31661579197033));
#8423=CARTESIAN_POINT('Ctrl Pts',(-33.7776394168811,12.9292773177718,-8.23455920710354));
#8424=CARTESIAN_POINT('Ctrl Pts',(-33.700753210286,13.0832574752492,-8.14979440995215));
#8425=CARTESIAN_POINT('Ctrl Pts',(-33.6236800090591,13.2368410922843,-8.06240416932161));
#8426=CARTESIAN_POINT('Ctrl Pts',(-33.5696025716896,13.3446010957485,-8.00108791167065));
#8427=CARTESIAN_POINT('Ctrl Pts',(-33.5154344316618,13.452165214643,-7.93848044142432));
#8428=CARTESIAN_POINT('Ctrl Pts',(-33.4612704362137,13.5594150202832,-7.87460420213144));
#8429=CARTESIAN_POINT('Ctrl Pts',(-33.4129662604005,13.655061831873,-7.81763851731503));
#8430=CARTESIAN_POINT('Ctrl Pts',(-33.3646658096742,13.7504583719593,-7.75966420479404));
#8431=CARTESIAN_POINT('Ctrl Pts',(-33.3164200155328,13.8455540399016,-7.70068225596971));
#8432=CARTESIAN_POINT('Ctrl Pts',(-33.2715039343577,13.9340866222065,-7.64577098238819));
#8433=CARTESIAN_POINT('Ctrl Pts',(-33.2266354999997,14.022358273508,-7.5899866843632));
#8434=CARTESIAN_POINT('Ctrl Pts',(-33.1818360927928,14.1103618510003,-7.53331112550352));
#8435=CARTESIAN_POINT('Ctrl Pts',(-33.139325024412,14.1938702350119,-7.47953053534802));
#8436=CARTESIAN_POINT('Ctrl Pts',(-33.0968763172987,14.2771371457605,-7.42494767276722));
#8437=CARTESIAN_POINT('Ctrl Pts',(-33.0544864641802,14.3601896542093,-7.36952503993911));
#8438=CARTESIAN_POINT('Ctrl Pts',(-33.0118178390206,14.443788348021,-7.31373792647828));
#8439=CARTESIAN_POINT('Ctrl Pts',(-32.9692091889999,14.5271695850685,-7.25710037119556));
#8440=CARTESIAN_POINT('Ctrl Pts',(-32.9266295976955,14.6103988177895,-7.19954567382262));
#8441=CARTESIAN_POINT('Ctrl Pts',(-32.8840476977838,14.6936325630859,-7.14198785591254));
#8442=CARTESIAN_POINT('Ctrl Pts',(-32.8414913499807,14.7767204011309,-7.08350860238289));
#8443=CARTESIAN_POINT('Ctrl Pts',(-32.7989316358349,14.8597103245405,-7.0240476496843));
#8444=CARTESIAN_POINT('Ctrl Pts',(-32.7545642933628,14.9462250586629,-6.9620612264894));
#8445=CARTESIAN_POINT('Ctrl Pts',(-32.7101933144945,15.032633062268,-6.89900790309131));
#8446=CARTESIAN_POINT('Ctrl Pts',(-32.6658055512198,15.1189425267961,-6.83484794401366));
#8447=CARTESIAN_POINT('Ctrl Pts',(-32.6190559986535,15.2098443553912,-6.76727415434138));
#8448=CARTESIAN_POINT('Ctrl Pts',(-32.5722878687453,15.3006364739246,-6.69847281600037));
#8449=CARTESIAN_POINT('Ctrl Pts',(-32.5255066927949,15.3912838937471,-6.62842907673633));
#8450=CARTESIAN_POINT('Ctrl Pts',(-32.4753982278409,15.4883785684121,-6.55340350966027));
#8451=CARTESIAN_POINT('Ctrl Pts',(-32.4252748700826,15.5853066725229,-6.4769525536942));
#8452=CARTESIAN_POINT('Ctrl Pts',(-32.3751659955293,15.6819828618577,-6.39909341297796));
#8453=CARTESIAN_POINT('Ctrl Pts',(-32.3191402521849,15.7900746004861,-6.31204064490714));
#8454=CARTESIAN_POINT('Ctrl Pts',(-32.2631327372823,15.8978505404851,-6.22322757386646));
#8455=CARTESIAN_POINT('Ctrl Pts',(-32.2072105999405,16.0051513740875,-6.1327210051862));
#8456=CARTESIAN_POINT('Ctrl Pts',(-32.1401180653836,16.1338854538036,-6.02413582987914));
#8457=CARTESIAN_POINT('Ctrl Pts',(-32.073148991561,16.2619331739438,-5.91311373884461));
#8458=CARTESIAN_POINT('Ctrl Pts',(-32.0064506096518,16.3889914412858,-5.7998245914154));
#8459=CARTESIAN_POINT('Ctrl Pts',(-31.9436485289589,16.5086273804179,-5.69315342526694));
#8460=CARTESIAN_POINT('Ctrl Pts',(-31.8810881453733,16.6273832515963,-5.58447518804003));
#8461=CARTESIAN_POINT('Ctrl Pts',(-31.8188978974872,16.7450266941214,-5.47394450766912));
#8462=CARTESIAN_POINT('Ctrl Pts',(-31.7666080337748,16.8439418743207,-5.38100977257658));
#8463=CARTESIAN_POINT('Ctrl Pts',(-31.7145804329266,16.9420702961833,-5.28676654916217));
#8464=CARTESIAN_POINT('Ctrl Pts',(-31.6628819166129,17.0393055174338,-5.19129246839889));
#8465=CARTESIAN_POINT('Ctrl Pts',(-31.6156783891355,17.128086507012,-5.10411949485868));
#8466=CARTESIAN_POINT('Ctrl Pts',(-31.5687495103156,17.2161227431678,-5.01592097149041));
#8467=CARTESIAN_POINT('Ctrl Pts',(-31.5221319022919,17.3033647811916,-4.92673252653208));
#8468=CARTESIAN_POINT('Ctrl Pts',(-31.4783262637735,17.3853443881103,-4.8429239197527));
#8469=CARTESIAN_POINT('Ctrl Pts',(-31.4347956853816,17.46662268166,-4.75824162157676));
#8470=CARTESIAN_POINT('Ctrl Pts',(-31.391553888018,17.5471889434612,-4.67268675013355));
#8471=CARTESIAN_POINT('Ctrl Pts',(-31.3503177865902,17.6240182786378,-4.59110019333977));
#8472=CARTESIAN_POINT('Ctrl Pts',(-31.3093444596239,17.7002001122845,-4.50872045427158));
#8473=CARTESIAN_POINT('Ctrl Pts',(-31.2686275495145,17.7757538133225,-4.42551664080476));
#8474=CARTESIAN_POINT('Ctrl Pts',(-31.2159682651309,17.8734676088561,-4.31790893522559));
#8475=CARTESIAN_POINT('Ctrl Pts',(-31.1637387106454,17.970131103554,-4.20892390064118));
#8476=CARTESIAN_POINT('Ctrl Pts',(-31.1118759535069,18.0658504070975,-4.09840920142453));
#8477=CARTESIAN_POINT('Ctrl Pts',(-31.0717958163116,18.1398233894442,-4.01300216656762));
#8478=CARTESIAN_POINT('Ctrl Pts',(-31.0319332557125,18.2132340907695,-3.92667890337716));
#8479=CARTESIAN_POINT('Ctrl Pts',(-30.9922699840719,18.2860992390196,-3.83939834937488));
#8480=CARTESIAN_POINT('Ctrl Pts',(-30.9496863585135,18.3643293511862,-3.74569144431059));
#8481=CARTESIAN_POINT('Ctrl Pts',(-30.9073323987678,18.4419303564093,-3.65088096761833));
#8482=CARTESIAN_POINT('Ctrl Pts',(-30.865203374482,18.51888356816,-3.55495998126623));
#8483=CARTESIAN_POINT('Ctrl Pts',(-30.8205028404542,18.6005339201139,-3.45318408241519));
#8484=CARTESIAN_POINT('Ctrl Pts',(-30.7760555888987,18.6814544266433,-3.35015809912239));
#8485=CARTESIAN_POINT('Ctrl Pts',(-30.7318754416854,18.7615865775048,-3.24592139750935));
#8486=CARTESIAN_POINT('Ctrl Pts',(-30.6839336729054,18.8485414042938,-3.13280969095497));
#8487=CARTESIAN_POINT('Ctrl Pts',(-30.6363065325673,18.9345671123706,-3.01827260945847));
#8488=CARTESIAN_POINT('Ctrl Pts',(-30.5890329115113,19.0195583210145,-2.90241206545223));
#8489=CARTESIAN_POINT('Ctrl Pts',(-30.5336318059223,19.1191615842942,-2.76663227772475));
#8490=CARTESIAN_POINT('Ctrl Pts',(-30.4787164161504,19.217342471895,-2.62903543552332));
#8491=CARTESIAN_POINT('Ctrl Pts',(-30.4243757425643,19.3139100750957,-2.48984842178758));
#8492=CARTESIAN_POINT('Ctrl Pts',(-30.3651050971159,19.4192386217145,-2.3380338858656));
#8493=CARTESIAN_POINT('Ctrl Pts',(-30.3065195176573,19.5226446163299,-2.18433111430847));
#8494=CARTESIAN_POINT('Ctrl Pts',(-30.2487510558602,19.6238978388357,-2.02906980959901));
#8495=CARTESIAN_POINT('Ctrl Pts',(-30.2010092082056,19.7075769913183,-1.90075651674873));
#8496=CARTESIAN_POINT('Ctrl Pts',(-30.1538262982277,19.7897854990751,-1.77138082523119));
#8497=CARTESIAN_POINT('Ctrl Pts',(-30.1072725291039,19.8704248112182,-1.64111354070764));
#8498=CARTESIAN_POINT('Ctrl Pts',(-30.0974954320115,19.8873604621682,-1.61375515678478));
#8499=CARTESIAN_POINT('Ctrl Pts',(-30.0877460453748,19.9042270334569,-1.58635733230603));
#8500=CARTESIAN_POINT('Ctrl Pts',(-30.0780249447868,19.9210238378529,-1.55892143465751));
#8501=CARTESIAN_POINT('Ctrl Pts',(-1.11175764427873E-8,1.91965779383629E-8,
29.0197034615272));
#8502=CARTESIAN_POINT('Ctrl Pts',(0.540006966746329,-0.934388714117086,
29.0197034610829));
#8503=CARTESIAN_POINT('Ctrl Pts',(1.6247342163224,-2.8039867553794,29.0335637983031));
#8504=CARTESIAN_POINT('Ctrl Pts',(3.40098165418374,-5.89166803381361,29.1522625284598));
#8505=CARTESIAN_POINT('Ctrl Pts',(5.48010057426784,-9.48136491685788,29.4213542134273));
#8506=CARTESIAN_POINT('Ctrl Pts',(7.70785623918556,-13.3425638721175,29.9871585468098));
#8507=CARTESIAN_POINT('Ctrl Pts',(8.77971456053388,-15.1973392623735,30.6004481786892));
#8508=CARTESIAN_POINT('Ctrl Pts',(9.29394312715302,-16.087821816273,30.9640052694692));
#8509=CARTESIAN_POINT('Ctrl Pts',(-0.141894981843645,-0.246014224585903,
29.0197034614683));
#8510=CARTESIAN_POINT('Ctrl Pts',(0.39845188030285,-1.16907510088149,29.0202553867348));
#8511=CARTESIAN_POINT('Ctrl Pts',(1.48368318304489,-3.02248575737587,29.0361593748279));
#8512=CARTESIAN_POINT('Ctrl Pts',(3.2553363698144,-6.09403801903174,29.1574236510502));
#8513=CARTESIAN_POINT('Ctrl Pts',(5.31437561845515,-9.66920460620104,29.4291082666908));
#8514=CARTESIAN_POINT('Ctrl Pts',(7.48999397105231,-13.5049752233269,29.9949759076239));
#8515=CARTESIAN_POINT('Ctrl Pts',(8.52474676472434,-15.3551349332928,30.6037567405966));
#8516=CARTESIAN_POINT('Ctrl Pts',(9.01754178938951,-16.2475813433555,30.964131964412));
#8517=CARTESIAN_POINT('Ctrl Pts',(-0.425830278177412,-0.737643769927274,
29.020582372864));
#8518=CARTESIAN_POINT('Ctrl Pts',(0.115124620809801,-1.63936797042978,29.021908801337));
#8519=CARTESIAN_POINT('Ctrl Pts',(1.20107459570146,-3.46392663923807,29.0408964103693));
#8520=CARTESIAN_POINT('Ctrl Pts',(2.96320134710033,-6.50471457153855,29.1655898427246));
#8521=CARTESIAN_POINT('Ctrl Pts',(4.98063807424686,-10.0529878431253,29.4402973347121));
#8522=CARTESIAN_POINT('Ctrl Pts',(7.05275047058218,-13.8381226471038,30.003327898102));
#8523=CARTESIAN_POINT('Ctrl Pts',(8.01607872554776,-15.6803184756191,30.6011307993066));
#8524=CARTESIAN_POINT('Ctrl Pts',(8.46831580050575,-16.5779018090573,30.9541799206248));
#8525=CARTESIAN_POINT('Ctrl Pts',(-0.854871785451566,-1.47856448310131,
29.0229510658101));
#8526=CARTESIAN_POINT('Ctrl Pts',(-0.313103981920105,-2.35273238680435,
29.0243797774151));
#8527=CARTESIAN_POINT('Ctrl Pts',(0.773537289183058,-4.14313634471886,29.0445699999013));
#8528=CARTESIAN_POINT('Ctrl Pts',(2.52067601916421,-7.141738267356,29.1694847939021));
#8529=CARTESIAN_POINT('Ctrl Pts',(4.47280506090253,-10.6541456918732,29.4420366452846));
#8530=CARTESIAN_POINT('Ctrl Pts',(6.39605226387708,-14.3612036330224,29.9925041554513));
#8531=CARTESIAN_POINT('Ctrl Pts',(7.26419281218952,-16.1930947293416,30.5687531199513));
#8532=CARTESIAN_POINT('Ctrl Pts',(7.66427345591903,-17.1001102237408,30.9084050814827));
#8533=CARTESIAN_POINT('Ctrl Pts',(-1.28965885065515,-2.22927511649739,29.0243575369544));
#8534=CARTESIAN_POINT('Ctrl Pts',(-0.747049605838324,-3.08186077401168,
29.0245430875721));
#8535=CARTESIAN_POINT('Ctrl Pts',(0.340729014030462,-4.84129986100029,29.0424900442315));
#8536=CARTESIAN_POINT('Ctrl Pts',(2.07243593093285,-7.80367387394724,29.1626729571714));
#8537=CARTESIAN_POINT('Ctrl Pts',(3.9584457731667,-11.2808467171571,29.4265777803904));
#8538=CARTESIAN_POINT('Ctrl Pts',(5.74334371098916,-14.9051924478372,29.9573835945514));
#8539=CARTESIAN_POINT('Ctrl Pts',(6.53129194056958,-16.726442815706,30.508421312701));
#8540=CARTESIAN_POINT('Ctrl Pts',(6.8891532810728,-17.6428576408285,30.8331538083103));
#8541=CARTESIAN_POINT('Ctrl Pts',(-1.73314309999954,-2.99737010992115,29.0220669036839));
#8542=CARTESIAN_POINT('Ctrl Pts',(-1.18932965416742,-3.83219715958326,29.0194189075554));
#8543=CARTESIAN_POINT('Ctrl Pts',(-0.0993933190580598,-5.56175990194831,
29.0320044118583));
#8544=CARTESIAN_POINT('Ctrl Pts',(1.61648643397115,-8.49508128468747,29.1421875994958));
#8545=CARTESIAN_POINT('Ctrl Pts',(3.43763151811722,-11.9331884679392,29.3917528452592));
#8546=CARTESIAN_POINT('Ctrl Pts',(5.09755640652962,-15.468647373537,29.8974814321503));
#8547=CARTESIAN_POINT('Ctrl Pts',(5.8214359689937,-17.278114747328,30.421387305513));
#8548=CARTESIAN_POINT('Ctrl Pts',(6.14667472299777,-18.2031152440355,30.7306084897657));
#8549=CARTESIAN_POINT('Ctrl Pts',(-2.18923587677828,-3.78994474481046,29.0124803019823));
#8550=CARTESIAN_POINT('Ctrl Pts',(-1.64363806733464,-4.60896672733019,29.0053667276193));
#8551=CARTESIAN_POINT('Ctrl Pts',(-0.55058447630137,-6.31026537534498,29.009673107208));
#8552=CARTESIAN_POINT('Ctrl Pts',(1.14850740975655,-9.2214777540093,29.1042199636978));
#8553=CARTESIAN_POINT('Ctrl Pts',(2.90612861149071,-12.6142007340169,29.334674630609));
#8554=CARTESIAN_POINT('Ctrl Pts',(4.45397664205037,-16.0555254621879,29.8112566623359));
#8555=CARTESIAN_POINT('Ctrl Pts',(5.12871628145994,-17.852964586331,30.3073120019051));
#8556=CARTESIAN_POINT('Ctrl Pts',(5.42985973779744,-18.7854294871363,30.6010021953314));
#8557=CARTESIAN_POINT('Ctrl Pts',(-2.66404241578416,-4.61503666363088,28.9907356756704));
#8558=CARTESIAN_POINT('Ctrl Pts',(-2.11611361916751,-5.41939512690866,28.977534077901));
#8559=CARTESIAN_POINT('Ctrl Pts',(-1.01977326654889,-7.09633735727188,28.9704293910768));
#8560=CARTESIAN_POINT('Ctrl Pts',(0.661200528324082,-9.98954363720697,29.0434804016992));
#8561=CARTESIAN_POINT('Ctrl Pts',(2.35704540486833,-13.3286868538321,29.2509062472249));
#8562=CARTESIAN_POINT('Ctrl Pts',(3.80834575231352,-16.6691872666371,29.6958469243021));
#8563=CARTESIAN_POINT('Ctrl Pts',(4.45120055269837,-18.4523850796925,30.1650892412908));
#8564=CARTESIAN_POINT('Ctrl Pts',(4.73777910508324,-19.3891457611024,30.4442288840368));
#8565=CARTESIAN_POINT('Ctrl Pts',(-3.16321384572283,-5.48014205261547,28.9505644331568));
#8566=CARTESIAN_POINT('Ctrl Pts',(-2.61230336102987,-6.27082468454523,28.9296662162833));
#8567=CARTESIAN_POINT('Ctrl Pts',(-1.51309516241868,-7.93074152989507,28.9071589553458));
#8568=CARTESIAN_POINT('Ctrl Pts',(0.150766876935239,-10.8017301512583,28.9539552206446));
#8569=CARTESIAN_POINT('Ctrl Pts',(1.78973894192647,-14.076248281579,29.1359092326466));
#8570=CARTESIAN_POINT('Ctrl Pts',(3.16514700108256,-17.3057170716663,29.5495951013448));
#8571=CARTESIAN_POINT('Ctrl Pts',(3.79482924268734,-19.0708248574063,29.9954079069953));
#8572=CARTESIAN_POINT('Ctrl Pts',(4.07658144720933,-20.0071300205901,30.262205707902));
#8573=CARTESIAN_POINT('Ctrl Pts',(-3.6912551997857,-6.39253226143867,28.8842809419607));
#8574=CARTESIAN_POINT('Ctrl Pts',(-3.13665632254442,-7.17139615676083,28.853972240378));
#8575=CARTESIAN_POINT('Ctrl Pts',(-2.03421008376698,-8.81996963025912,28.8114900516386));
#8576=CARTESIAN_POINT('Ctrl Pts',(-0.383579220028245,-11.6574143858405,
28.8295649013115));
#8577=CARTESIAN_POINT('Ctrl Pts',(1.20766273030465,-14.8525431633131,28.9860198706814));
#8578=CARTESIAN_POINT('Ctrl Pts',(2.53213185907798,-17.9582708135547,29.3726608818495));
#8579=CARTESIAN_POINT('Ctrl Pts',(3.16691237324119,-19.7009616933877,29.8007091623133));
#8580=CARTESIAN_POINT('Ctrl Pts',(3.45280041146972,-20.6312566372535,30.0584482254472));
#8581=CARTESIAN_POINT('Ctrl Pts',(-4.25261321466484,-7.3625604720191,28.7820369033934));
#8582=CARTESIAN_POINT('Ctrl Pts',(-3.69353774154155,-8.13231717311533,28.7402308274221));
#8583=CARTESIAN_POINT('Ctrl Pts',(-2.5843730096095,-9.76453094913686,28.6749316893571));
#8584=CARTESIAN_POINT('Ctrl Pts',(-0.940813911441583,-12.5542701641137,
28.6644584899318));
#8585=CARTESIAN_POINT('Ctrl Pts',(0.616269349714362,-15.6512046781517,28.7988166346527));
#8586=CARTESIAN_POINT('Ctrl Pts',(1.91697601670214,-18.6202532366244,29.1667079622208));
#8587=CARTESIAN_POINT('Ctrl Pts',(2.57258775806174,-20.3369657446374,29.5842913832368));
#8588=CARTESIAN_POINT('Ctrl Pts',(2.86959172987523,-21.2560446775735,29.8367573356571));
#8589=CARTESIAN_POINT('Ctrl Pts',(-4.85109035412771,-8.39966570768143,28.6318109744798));
#8590=CARTESIAN_POINT('Ctrl Pts',(-4.28527440880936,-9.15792777183146,28.5773092851805));
#8591=CARTESIAN_POINT('Ctrl Pts',(-3.16415097334849,-10.7640647654018,28.4888353727475));
#8592=CARTESIAN_POINT('Ctrl Pts',(-1.51912877653046,-13.4882868552367,28.453356619367));
#8593=CARTESIAN_POINT('Ctrl Pts',(0.020313713712462,-16.4667389107348,28.5728063209042));
#8594=CARTESIAN_POINT('Ctrl Pts',(1.3221678392313,-19.2908437697609,28.9328525517411));
#8595=CARTESIAN_POINT('Ctrl Pts',(2.00858163282984,-20.9816212557319,29.3468651581921));
#8596=CARTESIAN_POINT('Ctrl Pts',(2.3208219517073,-21.8856980869377,29.5973819633239));
#8597=CARTESIAN_POINT('Ctrl Pts',(-5.49000724849173,-9.5089640749998,28.4202527260543));
#8598=CARTESIAN_POINT('Ctrl Pts',(-4.91447474597487,-10.2504945622343,28.353255786234));
#8599=CARTESIAN_POINT('Ctrl Pts',(-3.7756118463548,-11.8186869766027,28.2439239454982));
#8600=CARTESIAN_POINT('Ctrl Pts',(-2.12057901352595,-14.4599999452981,28.1895684171554));
#8601=CARTESIAN_POINT('Ctrl Pts',(-0.581291332925974,-17.3008047473582,
28.3045685177211));
#8602=CARTESIAN_POINT('Ctrl Pts',(0.74315192373972,-19.9777516576629,28.6685385528276));
#8603=CARTESIAN_POINT('Ctrl Pts',(1.46902012887087,-21.6399265064498,29.0865253551899));
#8604=CARTESIAN_POINT('Ctrl Pts',(1.80069620682668,-22.5231780839742,29.3389963601803));
#8605=CARTESIAN_POINT('Ctrl Pts',(-6.17211544616956,-10.6919847441276,28.1328174954935));
#8606=CARTESIAN_POINT('Ctrl Pts',(-5.58351603214422,-11.4101014978447,28.0551603678369));
#8607=CARTESIAN_POINT('Ctrl Pts',(-4.4210639044183,-12.9284352119132,27.9297673517258));
#8608=CARTESIAN_POINT('Ctrl Pts',(-2.74440452596217,-15.4664134054438,27.8663012280118));
#8609=CARTESIAN_POINT('Ctrl Pts',(-1.18394790627659,-18.1494381534736,27.9919668778724));
#8610=CARTESIAN_POINT('Ctrl Pts',(0.184271184381226,-20.6779011529227,28.3740507746304));
#8611=CARTESIAN_POINT('Ctrl Pts',(0.956845017796737,-22.3050702562268,28.8049206828299));
#8612=CARTESIAN_POINT('Ctrl Pts',(1.31129624480648,-23.1608698076496,29.0637140410563));
#8613=CARTESIAN_POINT('Ctrl Pts',(-6.89207495525576,-11.9381815715477,27.7578838191506));
#8614=CARTESIAN_POINT('Ctrl Pts',(-6.2870811397564,-12.6267005109875,27.6728613269575));
#8615=CARTESIAN_POINT('Ctrl Pts',(-5.09537112613912,-14.0849787256779,27.5376276813075));
#8616=CARTESIAN_POINT('Ctrl Pts',(-3.37810279420699,-16.4900034449157,27.482981610257));
#8617=CARTESIAN_POINT('Ctrl Pts',(-1.77546189166967,-19.0008974184164,27.6373058737996));
#8618=CARTESIAN_POINT('Ctrl Pts',(-0.346304983060338,-21.383193774115,28.0531961737402));
#8619=CARTESIAN_POINT('Ctrl Pts',(0.476675585204519,-22.9672642630678,28.5060246177387));
#8620=CARTESIAN_POINT('Ctrl Pts',(0.855603806033794,-23.789540956392,28.7753897775164));
#8621=CARTESIAN_POINT('Ctrl Pts',(-7.63945038701708,-13.2313575097911,27.2873631697881));
#8622=CARTESIAN_POINT('Ctrl Pts',(-7.01443367041562,-13.884211289248,27.1995642680707));
#8623=CARTESIAN_POINT('Ctrl Pts',(-5.78154036474693,-15.2616320220331,27.0677255996019));
#8624=CARTESIAN_POINT('Ctrl Pts',(-4.00469894408657,-17.510636877445,27.0443381797781));
#8625=CARTESIAN_POINT('Ctrl Pts',(-2.34205017330606,-19.8427293282708,27.2464009008572));
#8626=CARTESIAN_POINT('Ctrl Pts',(-0.841811668335116,-22.0869988175248,
27.71137814577));
#8627=CARTESIAN_POINT('Ctrl Pts',(0.0312639589783792,-23.6188731423859,
28.1942997461421));
#8628=CARTESIAN_POINT('Ctrl Pts',(0.434314810712533,-24.4032942929602,28.477676926718));
#8629=CARTESIAN_POINT('Ctrl Pts',(-8.39539758183964,-14.540001746641,26.7221115797232));
#8630=CARTESIAN_POINT('Ctrl Pts',(-7.74425431395476,-15.147808835915,26.6396265868918));
#8631=CARTESIAN_POINT('Ctrl Pts',(-6.45828843236097,-16.4282273077549,26.5283651937897));
#8632=CARTESIAN_POINT('Ctrl Pts',(-4.60793517392204,-18.5128787574949,26.5581743790739));
#8633=CARTESIAN_POINT('Ctrl Pts',(-2.87485691514295,-20.6710392313984,26.8246683835819));
#8634=CARTESIAN_POINT('Ctrl Pts',(-1.30275027715203,-22.7964318509631,27.3507028348034));
#8635=CARTESIAN_POINT('Ctrl Pts',(-0.383710093469448,-24.2654197062165,
27.869601038913));
#8636=CARTESIAN_POINT('Ctrl Pts',(0.0412813666571354,-25.0095971433282,
28.1691853457441));
#8637=CARTESIAN_POINT('Ctrl Pts',(-9.13745494162752,-15.8283205169199,26.0723586465834));
#8638=CARTESIAN_POINT('Ctrl Pts',(-8.45638520148368,-16.3891256272438,26.0029292028578));
#8639=CARTESIAN_POINT('Ctrl Pts',(-7.1123206609361,-17.5735406072056,25.9258637472501));
#8640=CARTESIAN_POINT('Ctrl Pts',(-5.18244988363489,-19.5027371935026,26.0253306873891));
#8641=CARTESIAN_POINT('Ctrl Pts',(-3.37478614509555,-21.5009165827322,26.3699854857336));
#8642=CARTESIAN_POINT('Ctrl Pts',(-1.73625460415231,-23.5228720139221,26.9669476147893));
#8643=CARTESIAN_POINT('Ctrl Pts',(-0.77508051074558,-24.9131787123093,27.5280238945708));
#8644=CARTESIAN_POINT('Ctrl Pts',(-0.33021377399941,-25.6128147944305,27.8462256135858));
#8645=CARTESIAN_POINT('Ctrl Pts',(-9.85661525392945,-17.076952553659,25.3444814299155));
#8646=CARTESIAN_POINT('Ctrl Pts',(-9.14447596888503,-17.5966087760185,25.2925319167747));
#8647=CARTESIAN_POINT('Ctrl Pts',(-7.73829529757984,-18.6938444513591,25.259608508243));
#8648=CARTESIAN_POINT('Ctrl Pts',(-5.72295069603256,-20.4780010894845,25.4449988250412));
#8649=CARTESIAN_POINT('Ctrl Pts',(-3.8424436262185,-22.3332806096955,25.8806676005955));
#8650=CARTESIAN_POINT('Ctrl Pts',(-2.14373936942242,-24.2510131846457,26.5599672598698));
#8651=CARTESIAN_POINT('Ctrl Pts',(-1.14464490462113,-25.5506333631888,27.1696181934779));
#8652=CARTESIAN_POINT('Ctrl Pts',(-0.682151982896666,-26.2020213197704,
27.5089073253955));
#8653=CARTESIAN_POINT('Ctrl Pts',(-10.5493887598969,-18.2730422043653,24.5373299592463));
#8654=CARTESIAN_POINT('Ctrl Pts',(-9.80163631211677,-18.7559328182058,24.5081438623411));
#8655=CARTESIAN_POINT('Ctrl Pts',(-8.32784506731283,-19.7753992994634,24.5307583867473));
#8656=CARTESIAN_POINT('Ctrl Pts',(-6.22679146154327,-21.4262596541484,24.8183269506541));
#8657=CARTESIAN_POINT('Ctrl Pts',(-4.28161733858276,-23.1662768604885,25.3560669234319));
#8658=CARTESIAN_POINT('Ctrl Pts',(-2.52506201078325,-24.9592888827724,26.1327332501574));
#8659=CARTESIAN_POINT('Ctrl Pts',(-1.49345597219456,-26.1648911571822,26.796379438278));
#8660=CARTESIAN_POINT('Ctrl Pts',(-1.01569622993665,-26.7661244382079,27.1590434620686));
#8661=CARTESIAN_POINT('Ctrl Pts',(-10.9900970444265,-19.0354064611901,23.9433523482542));
#8662=CARTESIAN_POINT('Ctrl Pts',(-10.218379999115,-19.4980136629214,23.9328250658226));
#8663=CARTESIAN_POINT('Ctrl Pts',(-8.70014114468541,-20.4725189456141,24.0001572269678));
#8664=CARTESIAN_POINT('Ctrl Pts',(-6.54606560650836,-22.0512572096908,24.3655878510938));
#8665=CARTESIAN_POINT('Ctrl Pts',(-4.55662097701272,-23.7114170068719,24.9841155270753));
#8666=CARTESIAN_POINT('Ctrl Pts',(-2.76338318183382,-25.4153747606483,25.8352856442269));
#8667=CARTESIAN_POINT('Ctrl Pts',(-1.71322152701683,-26.5573459472807,26.5385960810893));
#8668=CARTESIAN_POINT('Ctrl Pts',(-1.22679472664784,-27.1248707970116,26.9182510639923));
#8669=CARTESIAN_POINT('Ctrl Pts',(-11.2116630332268,-19.4191700108905,23.6275338773704));
#8670=CARTESIAN_POINT('Ctrl Pts',(-10.4271751009839,-19.872094329747,23.6275338773704));
#8671=CARTESIAN_POINT('Ctrl Pts',(-8.88566822305478,-20.8254690795461,23.7196820504676));
#8672=CARTESIAN_POINT('Ctrl Pts',(-6.70288064913949,-22.3669790325979,24.1285961373873));
#8673=CARTESIAN_POINT('Ctrl Pts',(-4.6901483424177,-23.9850401132423,24.7915325027776));
#8674=CARTESIAN_POINT('Ctrl Pts',(-2.87906334358962,-25.6435854292442,25.6825743385161));
#8675=CARTESIAN_POINT('Ctrl Pts',(-1.82031164156302,-26.7530467200435,26.4068327341887));
#8676=CARTESIAN_POINT('Ctrl Pts',(-1.32990627956454,-27.3034652455107,26.7954025119509));
#8677=CARTESIAN_POINT('',(-1.32990627956454,-27.3034652455107,26.7954025119509));
#8678=CARTESIAN_POINT('Ctrl Pts',(-1.32990627956448,-27.3034652455106,26.795402511951));
#8679=CARTESIAN_POINT('Ctrl Pts',(-2.03048536813375,-26.5171530662718,26.2403028294335));
#8680=CARTESIAN_POINT('Ctrl Pts',(-4.36702204264561,-24.1323702530238,24.7345052983075));
#8681=CARTESIAN_POINT('Ctrl Pts',(-7.88326416969961,-21.4185720914879,23.7405652166655));
#8682=CARTESIAN_POINT('Ctrl Pts',(-10.650783121238,-19.7426759328099,23.6270712181644));
#8683=CARTESIAN_POINT('Ctrl Pts',(-11.2117205236511,-19.4192701131803,23.6277276577594));
#8684=CARTESIAN_POINT('',(9.28971836571954,-16.0902642220729,30.9640068101941));
#8685=CARTESIAN_POINT('Ctrl Pts',(-1.32990627956453,-27.3034652455107,26.7954025119509));
#8686=CARTESIAN_POINT('Ctrl Pts',(-1.29711348773297,-27.2466664639364,26.8344723046167));
#8687=CARTESIAN_POINT('Ctrl Pts',(-1.26407463214805,-27.1898269777507,26.873284123832));
#8688=CARTESIAN_POINT('Ctrl Pts',(-1.23077681439339,-27.1327779853218,26.9118703149319));
#8689=CARTESIAN_POINT('Ctrl Pts',(-1.19638483196288,-27.0738543657696,26.9517244463993));
#8690=CARTESIAN_POINT('Ctrl Pts',(-1.16171654540455,-27.0147073931947,26.9913377543836));
#8691=CARTESIAN_POINT('Ctrl Pts',(-1.12675851897143,-26.9552070646672,27.0307314363031));
#8692=CARTESIAN_POINT('Ctrl Pts',(-1.09043376974496,-26.8933805048416,27.071665257884));
#8693=CARTESIAN_POINT('Ctrl Pts',(-1.05379614590001,-26.8311726009232,27.1123618040838));
#8694=CARTESIAN_POINT('Ctrl Pts',(-1.01683203236915,-26.7684945134806,27.152831555646));
#8695=CARTESIAN_POINT('Ctrl Pts',(-0.978084375969457,-26.7027921669603,
27.1952539994253));
#8696=CARTESIAN_POINT('Ctrl Pts',(-0.938977936825699,-26.6365734002804,
27.2374270667222));
#8697=CARTESIAN_POINT('Ctrl Pts',(-0.899499117634916,-26.5697942564976,
27.279350892139));
#8698=CARTESIAN_POINT('Ctrl Pts',(-0.857535475158544,-26.4988119887394,
27.3239134311687));
#8699=CARTESIAN_POINT('Ctrl Pts',(-0.81515109461721,-26.4271968969413,27.3681941505074));
#8700=CARTESIAN_POINT('Ctrl Pts',(-0.772332249915404,-26.354956550203,27.4121830507727));
#8701=CARTESIAN_POINT('Ctrl Pts',(-0.725651756578733,-26.2762011552819,
27.4601391219843));
#8702=CARTESIAN_POINT('Ctrl Pts',(-0.678454939812336,-26.1967031227886,
27.507748047926));
#8703=CARTESIAN_POINT('Ctrl Pts',(-0.630726842294182,-26.1165360056289,
27.5549894059333));
#8704=CARTESIAN_POINT('Ctrl Pts',(-0.575059058518348,-26.0230328916135,
27.610089479885));
#8705=CARTESIAN_POINT('Ctrl Pts',(-0.518668753069281,-25.9286205113895,
27.6646888546422));
#8706=CARTESIAN_POINT('Ctrl Pts',(-0.461534042589806,-25.8334889250064,
27.7187534359879));
#8707=CARTESIAN_POINT('Ctrl Pts',(-0.397264615118985,-25.7264777484391,
27.7795693508734));
#8708=CARTESIAN_POINT('Ctrl Pts',(-0.332054114864734,-25.618560837338,27.8397072159864));
#8709=CARTESIAN_POINT('Ctrl Pts',(-0.26586512265377,-25.5100522919255,27.8991336568971));
#8710=CARTESIAN_POINT('Ctrl Pts',(-0.209106242663145,-25.4170032319338,
27.9500934632826));
#8711=CARTESIAN_POINT('Ctrl Pts',(-0.151628174862892,-25.3235220815176,
28.0005300891845));
#8712=CARTESIAN_POINT('Ctrl Pts',(-0.0933951367631032,-25.2297845602885,
28.0504407745104));
#8713=CARTESIAN_POINT('Ctrl Pts',(-0.043126964207266,-25.148868055743,28.0935248900607));
#8714=CARTESIAN_POINT('Ctrl Pts',(0.00770370177670703,-25.0677612149722,
28.1362172917482));
#8715=CARTESIAN_POINT('Ctrl Pts',(0.0591320621097502,-24.9865390740827,
28.1785294412435));
#8716=CARTESIAN_POINT('Ctrl Pts',(0.106493772703376,-24.9117394984071,28.2174957968888));
#8717=CARTESIAN_POINT('Ctrl Pts',(0.154362292730503,-24.8368425521003,28.2561397669343));
#8718=CARTESIAN_POINT('Ctrl Pts',(0.202777519615363,-24.7618648276699,28.2944805223121));
#8719=CARTESIAN_POINT('Ctrl Pts',(0.248472981373833,-24.6910990384772,28.3306674542731));
#8720=CARTESIAN_POINT('Ctrl Pts',(0.294655357942434,-24.6202615868127,28.3665843721568));
#8721=CARTESIAN_POINT('Ctrl Pts',(0.341371088232426,-24.5493224294347,28.4022555395395));
#8722=CARTESIAN_POINT('Ctrl Pts',(0.400754006855205,-24.4591477883963,28.4475991104678));
#8723=CARTESIAN_POINT('Ctrl Pts',(0.460998850759254,-24.3688095619803,28.4925465260248));
#8724=CARTESIAN_POINT('Ctrl Pts',(0.522231529119553,-24.278139172944,28.5371599256624));
#8725=CARTESIAN_POINT('Ctrl Pts',(0.572570963827036,-24.2035989723352,28.5738366378081));
#8726=CARTESIAN_POINT('Ctrl Pts',(0.623579138097332,-24.1288308430294,28.6102879286466));
#8727=CARTESIAN_POINT('Ctrl Pts',(0.675307270860273,-24.0537755033909,28.6465273949711));
#8728=CARTESIAN_POINT('Ctrl Pts',(0.729413201769931,-23.9752700788961,28.6844326885981));
#8729=CARTESIAN_POINT('Ctrl Pts',(0.784306779826451,-23.8964506344597,28.7221059955345));
#8730=CARTESIAN_POINT('Ctrl Pts',(0.840022580239554,-23.8172961129753,28.7595417343275));
#8731=CARTESIAN_POINT('Ctrl Pts',(0.901279928029678,-23.7302688062548,28.800700867895));
#8732=CARTESIAN_POINT('Ctrl Pts',(0.96353129379742,-23.6428364546576,28.8415726077403));
#8733=CARTESIAN_POINT('Ctrl Pts',(1.02679318296709,-23.5550253749448,28.8821280014121));
#8734=CARTESIAN_POINT('Ctrl Pts',(1.09647354194507,-23.4583050961649,28.9267980930997));
#8735=CARTESIAN_POINT('Ctrl Pts',(1.16737977960296,-23.3611257541479,28.9710838989888));
#8736=CARTESIAN_POINT('Ctrl Pts',(1.23949950723645,-23.2635824072427,29.0149275408909));
#8737=CARTESIAN_POINT('Ctrl Pts',(1.32118067240219,-23.153107028441,29.0645838537083));
#8738=CARTESIAN_POINT('Ctrl Pts',(1.40441787126655,-23.0421659348858,29.1136720066401));
#8739=CARTESIAN_POINT('Ctrl Pts',(1.48915541399246,-22.9309582856999,29.1620964956785));
#8740=CARTESIAN_POINT('Ctrl Pts',(1.59825888297502,-22.7877733417746,29.2244452441533));
#8741=CARTESIAN_POINT('Ctrl Pts',(1.70984648980644,-22.6441518497638,29.2856902631091));
#8742=CARTESIAN_POINT('Ctrl Pts',(1.82376525436526,-22.5005666808892,29.3456473924827));
#8743=CARTESIAN_POINT('Ctrl Pts',(1.90367427588064,-22.3998479767028,29.3877046914683));
#8744=CARTESIAN_POINT('Ctrl Pts',(1.98472914681727,-22.2991486531481,29.4291288152316));
#8745=CARTESIAN_POINT('Ctrl Pts',(2.06689031910265,-22.1986100928648,29.4698752503791));
#8746=CARTESIAN_POINT('Ctrl Pts',(2.14016070190487,-22.1089509680808,29.506212449789));
#8747=CARTESIAN_POINT('Ctrl Pts',(2.2143104622806,-22.0194202117017,29.5420108138441));
#8748=CARTESIAN_POINT('Ctrl Pts',(2.28933254600708,-21.930087239482,29.5772533652142));
#8749=CARTESIAN_POINT('Ctrl Pts',(2.35917620583535,-21.8469205049255,29.6100632879343));
#8750=CARTESIAN_POINT('Ctrl Pts',(2.42977561372362,-21.7639255078575,29.6423915911366));
#8751=CARTESIAN_POINT('Ctrl Pts',(2.50114946643861,-21.6811243364113,29.674236442832));
#8752=CARTESIAN_POINT('Ctrl Pts',(2.56887719489924,-21.602553052354,29.7044545042993));
#8753=CARTESIAN_POINT('Ctrl Pts',(2.6373020256305,-21.524156517958,29.7342373610692));
#8754=CARTESIAN_POINT('Ctrl Pts',(2.70646654567789,-21.445918157808,29.7635929646906));
#8755=CARTESIAN_POINT('Ctrl Pts',(2.77607454165079,-21.3671781411851,29.7931367934812));
#8756=CARTESIAN_POINT('Ctrl Pts',(2.84643134974045,-21.288598743465,29.8222479878784));
#8757=CARTESIAN_POINT('Ctrl Pts',(2.91761356358375,-21.2101204904163,29.8509431747926));
#8758=CARTESIAN_POINT('Ctrl Pts',(2.98880851246601,-21.1316281970118,29.8796434954938));
#8759=CARTESIAN_POINT('Ctrl Pts',(3.06083429619772,-21.0532309886105,29.9079295990578));
#8760=CARTESIAN_POINT('Ctrl Pts',(3.1337567658167,-20.9748798238906,29.935806952793));
#8761=CARTESIAN_POINT('Ctrl Pts',(3.20977611503489,-20.8932012331405,29.9648682051058));
#8762=CARTESIAN_POINT('Ctrl Pts',(3.28676987614471,-20.8115728598376,29.9934849872648));
#8763=CARTESIAN_POINT('Ctrl Pts',(3.36477568693703,-20.729979218354,30.0216445473006));
#8764=CARTESIAN_POINT('Ctrl Pts',(3.44693147181961,-20.6440447271998,30.0513022193789));
#8765=CARTESIAN_POINT('Ctrl Pts',(3.5302097592815,-20.5581489998686,30.0804524085706));
#8766=CARTESIAN_POINT('Ctrl Pts',(3.61461537850213,-20.4723143135234,30.1090642082902));
#8767=CARTESIAN_POINT('Ctrl Pts',(3.70502321571477,-20.3803757859472,30.1397106386499));
#8768=CARTESIAN_POINT('Ctrl Pts',(3.7967242442227,-20.2885076327184,30.1697389755871));
#8769=CARTESIAN_POINT('Ctrl Pts',(3.88968251428964,-20.1967779512609,30.1990991265318));
#8770=CARTESIAN_POINT('Ctrl Pts',(3.99361801056048,-20.0942161247747,30.2319263495086));
#8771=CARTESIAN_POINT('Ctrl Pts',(4.0991249072032,-19.9918279503966,30.2639176246463));
#8772=CARTESIAN_POINT('Ctrl Pts',(4.20610544153228,-19.8897512129409,30.2949968091349));
#8773=CARTESIAN_POINT('Ctrl Pts',(4.3344483979296,-19.7672912687405,30.3322820446657));
#8774=CARTESIAN_POINT('Ctrl Pts',(4.46491099368511,-19.6452812962234,30.3682530261677));
#8775=CARTESIAN_POINT('Ctrl Pts',(4.59727019487648,-19.5240002680373,30.4027883325095));
#8776=CARTESIAN_POINT('Ctrl Pts',(4.7219345746713,-19.4097700216804,30.4353158977062));
#8777=CARTESIAN_POINT('Ctrl Pts',(4.84827822097045,-19.2961893282152,30.4665692996854));
#8778=CARTESIAN_POINT('Ctrl Pts',(4.97610955686377,-19.1834857450229,30.4964708526059));
#8779=CARTESIAN_POINT('Ctrl Pts',(5.08357788577245,-19.0887353799183,30.5216092109098));
#8780=CARTESIAN_POINT('Ctrl Pts',(5.19209665559041,-18.9946056185138,30.5457924882976));
#8781=CARTESIAN_POINT('Ctrl Pts',(5.30157305916391,-18.9012075817723,30.5689911435661));
#8782=CARTESIAN_POINT('Ctrl Pts',(5.40152768495754,-18.8159328969303,30.5901720814723));
#8783=CARTESIAN_POINT('Ctrl Pts',(5.50228007967919,-18.7312685095394,30.6105324602262));
#8784=CARTESIAN_POINT('Ctrl Pts',(5.60378847695199,-18.647270866158,30.6300610467148));
#8785=CARTESIAN_POINT('Ctrl Pts',(5.69917248838432,-18.5683411185525,30.6484113996603));
#8786=CARTESIAN_POINT('Ctrl Pts',(5.79522366853254,-18.490000286844,30.6660275065825));
#8787=CARTESIAN_POINT('Ctrl Pts',(5.89194015860004,-18.4122656124184,30.6829074570171));
#8788=CARTESIAN_POINT('Ctrl Pts',(5.98416984054536,-18.3381371541442,30.6990043238362));
#8789=CARTESIAN_POINT('Ctrl Pts',(6.0770042604139,-18.2645600518383,30.7144319437332));
#8790=CARTESIAN_POINT('Ctrl Pts',(6.17047708320261,-18.1915191098509,30.7291928375733));
#8791=CARTESIAN_POINT('Ctrl Pts',(6.29120521598449,-18.0971804959128,30.7482577924803));
#8792=CARTESIAN_POINT('Ctrl Pts',(6.41299758150308,-18.0037368586908,30.7662115286647));
#8793=CARTESIAN_POINT('Ctrl Pts',(6.53601732367173,-17.9110810507494,30.7830602275989));
#8794=CARTESIAN_POINT('Ctrl Pts',(6.63120237426121,-17.8393897302277,30.7960967063961));
#8795=CARTESIAN_POINT('Ctrl Pts',(6.72712495892502,-17.7681679461787,30.8084713775789));
#8796=CARTESIAN_POINT('Ctrl Pts',(6.82382562752585,-17.6973914559045,30.82017560867));
#8797=CARTESIAN_POINT('Ctrl Pts',(6.92763826140506,-17.6214096247713,30.8327406413082));
#8798=CARTESIAN_POINT('Ctrl Pts',(7.03234767046558,-17.5459410817923,30.8445327141958));
#8799=CARTESIAN_POINT('Ctrl Pts',(7.13795428907226,-17.4709910184373,30.8555320480306));
#8800=CARTESIAN_POINT('Ctrl Pts',(7.25000079857652,-17.3914705007193,30.8672021211692));
#8801=CARTESIAN_POINT('Ctrl Pts',(7.36305700138846,-17.3125339454835,30.8779794373462));
#8802=CARTESIAN_POINT('Ctrl Pts',(7.47707131312177,-17.2342224966146,30.8878358825663));
#8803=CARTESIAN_POINT('Ctrl Pts',(7.60078032081736,-17.1492521846995,30.8985304264271));
#8804=CARTESIAN_POINT('Ctrl Pts',(7.72561681633156,-17.065018295475,30.9081403274936));
#8805=CARTESIAN_POINT('Ctrl Pts',(7.8514609828506,-16.9816070622763,30.9166318695101));
#8806=CARTESIAN_POINT('Ctrl Pts',(7.99891373243695,-16.8838733649447,30.9265814861923));
#8807=CARTESIAN_POINT('Ctrl Pts',(8.14774892902455,-16.787270049279,30.9349947005252));
#8808=CARTESIAN_POINT('Ctrl Pts',(8.29771286940739,-16.6919693375772,30.9418332345284));
#8809=CARTESIAN_POINT('Ctrl Pts',(8.46084772086481,-16.5882986324226,30.9492723777381));
#8810=CARTESIAN_POINT('Ctrl Pts',(8.62531426227164,-16.4861721461424,30.9548472678104));
#8811=CARTESIAN_POINT('Ctrl Pts',(8.79076052109588,-16.3858172413322,30.9585420963369));
#8812=CARTESIAN_POINT('Ctrl Pts',(8.92809795585949,-16.3025123344064,30.9616091845583));
#8813=CARTESIAN_POINT('Ctrl Pts',(9.06610856422001,-16.220429085064,30.9633815951278));
#8814=CARTESIAN_POINT('Ctrl Pts',(9.20461367862857,-16.1396781359059,30.9638688399706));
#8815=CARTESIAN_POINT('Ctrl Pts',(9.232961491438,-16.1231508560238,30.9639685642707));
#8816=CARTESIAN_POINT('Ctrl Pts',(9.26133015264867,-16.1066792898196,30.9640145031925));
#8817=CARTESIAN_POINT('Ctrl Pts',(9.28971836571544,-16.0902642220658,30.9640068101912));
#8818=CARTESIAN_POINT('Ctrl Pts',(9.28971836571548,-16.0902642220658,30.9640068101912));
#8819=CARTESIAN_POINT('Ctrl Pts',(9.2911265714473,-16.0894499477596,30.9640064285776));
#8820=CARTESIAN_POINT('Ctrl Pts',(9.29253482531039,-16.0886358124648,30.9640059149969));
#8821=CARTESIAN_POINT('Ctrl Pts',(9.293943127153,-16.087821816273,30.9640052694692));
#8822=CARTESIAN_POINT('Ctrl Pts',(27.3600388124212,-1.92260894704699E-8,
-9.67323447715774));
#8823=CARTESIAN_POINT('Ctrl Pts',(27.0003028562719,0.000465373824359451,
-10.6907214126057));
#8824=CARTESIAN_POINT('Ctrl Pts',(26.2928761676033,0.00506770440635828,
-12.733207261465));
#8825=CARTESIAN_POINT('Ctrl Pts',(25.2174083566204,-0.000497535650119101,
-16.1311857833855));
#8826=CARTESIAN_POINT('Ctrl Pts',(24.0883343793846,0.00522381730144921,
-20.1319643020873));
#8827=CARTESIAN_POINT('Ctrl Pts',(23.1358550809887,0.00391732830752844,
-24.5233955844602));
#8828=CARTESIAN_POINT('Ctrl Pts',(22.9999995022051,0.00478616244379771,
-26.7475220853463));
#8829=CARTESIAN_POINT('Ctrl Pts',(22.9999994823202,0.00487988413738189,
-27.8381934143727));
#8830=CARTESIAN_POINT('Ctrl Pts',(27.3126697792759,-0.245891790708263,-9.8072143355531));
#8831=CARTESIAN_POINT('Ctrl Pts',(26.9566676069498,-0.23946812070677,-10.8157963127206));
#8832=CARTESIAN_POINT('Ctrl Pts',(26.2557565773254,-0.22633557496443,-12.84598404737));
#8833=CARTESIAN_POINT('Ctrl Pts',(25.1881293408984,-0.227815044697657,-16.2294827135298));
#8834=CARTESIAN_POINT('Ctrl Pts',(24.0690411489484,-0.232218049494792,-20.2097959578682));
#8835=CARTESIAN_POINT('Ctrl Pts',(23.1326516182645,-0.265962606429016,-24.5559084269832));
#8836=CARTESIAN_POINT('Ctrl Pts',(23.0000617896822,-0.294920261930521,-26.7572715943076));
#8837=CARTESIAN_POINT('Ctrl Pts',(23.0000672173083,-0.314370460269993,-27.8383819143214));
#8838=CARTESIAN_POINT('Ctrl Pts',(27.2188997492413,-0.737601743607163,-10.0750727669479));
#8839=CARTESIAN_POINT('Ctrl Pts',(26.8696858138201,-0.719983160335756,-11.0667782203994));
#8840=CARTESIAN_POINT('Ctrl Pts',(26.1798911224322,-0.691802232546356,-13.0747750651096));
#8841=CARTESIAN_POINT('Ctrl Pts',(25.1259655614031,-0.686149672475243,-16.4298070088975));
#8842=CARTESIAN_POINT('Ctrl Pts',(24.0244245492203,-0.713134860208049,-20.3695579621778));
#8843=CARTESIAN_POINT('Ctrl Pts',(23.1172284886471,-0.811200298254761,-24.6245875949529));
#8844=CARTESIAN_POINT('Ctrl Pts',(22.9884916307233,-0.898031478391041,-26.7821191194236));
#8845=CARTESIAN_POINT('Ctrl Pts',(22.9868666987107,-0.955174353439114,-27.8458624848776));
#8846=CARTESIAN_POINT('Ctrl Pts',(27.0787545058661,-1.47962294585018,-10.4785694548552));
#8847=CARTESIAN_POINT('Ctrl Pts',(26.7374563374079,-1.44752221828562,-11.4481925877265));
#8848=CARTESIAN_POINT('Ctrl Pts',(26.0585398803796,-1.40166525491875,-13.4290289793237));
#8849=CARTESIAN_POINT('Ctrl Pts',(25.0194990763384,-1.38789969734775,-16.7426245569048));
#8850=CARTESIAN_POINT('Ctrl Pts',(23.9371638984614,-1.45351007657488,-20.6215862842));
#8851=CARTESIAN_POINT('Ctrl Pts',(23.0654729915019,-1.641458122732,-24.7385030161632));
#8852=CARTESIAN_POINT('Ctrl Pts',(22.9352542243324,-1.80557190944103,-26.8355642014275));
#8853=CARTESIAN_POINT('Ctrl Pts',(22.9269682368114,-1.91259965975596,-27.8779563967663));
#8854=CARTESIAN_POINT('Ctrl Pts',(26.9358335574252,-2.23151490772225,-10.8870303568546));
#8855=CARTESIAN_POINT('Ctrl Pts',(26.5994533430127,-2.18789434764475,-11.8390139320365));
#8856=CARTESIAN_POINT('Ctrl Pts',(25.927171144808,-2.1255699755316,-13.7943560082652));
#8857=CARTESIAN_POINT('Ctrl Pts',(24.8966991454715,-2.10705480570754,-17.0695197019779));
#8858=CARTESIAN_POINT('Ctrl Pts',(23.8274026846927,-2.21230880102539,-20.8856612821184));
#8859=CARTESIAN_POINT('Ctrl Pts',(22.9841097215797,-2.47871472062728,-24.8632714096173));
#8860=CARTESIAN_POINT('Ctrl Pts',(22.8465586629701,-2.70695672884613,-26.9054377062812));
#8861=CARTESIAN_POINT('Ctrl Pts',(22.828529665202,-2.85524713397895,-27.9306288973947));
#8862=CARTESIAN_POINT('Ctrl Pts',(26.7858580436323,-2.9996310323018,-11.3043532694462));
#8863=CARTESIAN_POINT('Ctrl Pts',(26.4517321039994,-2.94608829956415,-12.2414601523127));
#8864=CARTESIAN_POINT('Ctrl Pts',(25.7826600185424,-2.86695711870713,-14.1716383012134));
#8865=CARTESIAN_POINT('Ctrl Pts',(24.7537848196058,-2.84762236034664,-17.4122863840622));
#8866=CARTESIAN_POINT('Ctrl Pts',(23.693056952606,-2.98951805414025,-21.1611735871735));
#8867=CARTESIAN_POINT('Ctrl Pts',(22.8726092098724,-3.31971039709962,-24.9989359899379));
#8868=CARTESIAN_POINT('Ctrl Pts',(22.723557570689,-3.59754600177943,-26.9922353047486));
#8869=CARTESIAN_POINT('Ctrl Pts',(22.6938629958425,-3.77838123146048,-28.0038877955421));
#8870=CARTESIAN_POINT('Ctrl Pts',(26.624038582202,-3.79090628271152,-11.7332880192655));
#8871=CARTESIAN_POINT('Ctrl Pts',(26.2899675909259,-3.72791571205824,-12.6568427498508));
#8872=CARTESIAN_POINT('Ctrl Pts',(25.6207294702333,-3.63195286109076,-14.56265314279));
#8873=CARTESIAN_POINT('Ctrl Pts',(24.5862924936717,-3.61610232033724,-17.7721233132683));
#8874=CARTESIAN_POINT('Ctrl Pts',(23.5312356043021,-3.79031920824699,-21.4476388313343));
#8875=CARTESIAN_POINT('Ctrl Pts',(22.7291618977536,-4.17050586848644,-25.1459919444303));
#8876=CARTESIAN_POINT('Ctrl Pts',(22.5655147667187,-4.48488377009936,-27.0970219414775));
#8877=CARTESIAN_POINT('Ctrl Pts',(22.5230385280663,-4.69031834180593,-28.0982334635618));
#8878=CARTESIAN_POINT('Ctrl Pts',(26.4444884542211,-4.61464676848884,-12.1758985931917));
#8879=CARTESIAN_POINT('Ctrl Pts',(26.1085221148878,-4.54230574398444,-13.0865501072382));
#8880=CARTESIAN_POINT('Ctrl Pts',(25.4350088357467,-4.4313182653553,-14.9702192743903));
#8881=CARTESIAN_POINT('Ctrl Pts',(24.388522975527,-4.42215540243152,-18.14928129502));
#8882=CARTESIAN_POINT('Ctrl Pts',(23.3375175041512,-4.62308227552983,-21.7442512068137));
#8883=CARTESIAN_POINT('Ctrl Pts',(22.5508087949716,-5.03646952430975,-25.3042214787948));
#8884=CARTESIAN_POINT('Ctrl Pts',(22.3713073555032,-5.37133985111448,-27.2196551626684));
#8885=CARTESIAN_POINT('Ctrl Pts',(22.3163001247408,-5.59153589007297,-28.2126580298522));
#8886=CARTESIAN_POINT('Ctrl Pts',(26.2400754669791,-5.47949460405757,-12.6335521035785));
#8887=CARTESIAN_POINT('Ctrl Pts',(25.9003036098837,-5.3977334462088,-13.5318773897338));
#8888=CARTESIAN_POINT('Ctrl Pts',(25.2167054749392,-5.27574964805335,-15.3978631131318));
#8889=CARTESIAN_POINT('Ctrl Pts',(24.1547320478189,-5.27029717045518,-18.5419663506901));
#8890=CARTESIAN_POINT('Ctrl Pts',(23.1078459582091,-5.48816480013333,-22.0488693890307));
#8891=CARTESIAN_POINT('Ctrl Pts',(22.3363707157651,-5.9117608871419,-25.4719884835238));
#8892=CARTESIAN_POINT('Ctrl Pts',(22.1421972881589,-6.24899397098535,-27.3586322811503));
#8893=CARTESIAN_POINT('Ctrl Pts',(22.0764899451155,-6.47314199079292,-28.3448741098101));
#8894=CARTESIAN_POINT('Ctrl Pts',(26.0022053174983,-6.39298693777134,-13.1075000122374));
#8895=CARTESIAN_POINT('Ctrl Pts',(25.6563582133387,-6.3021221701598,-13.9947772373665));
#8896=CARTESIAN_POINT('Ctrl Pts',(24.956662411397,-6.17166246106885,-15.8463692541668));
#8897=CARTESIAN_POINT('Ctrl Pts',(23.8794986493322,-6.16089658461946,-18.9472729987652));
#8898=CARTESIAN_POINT('Ctrl Pts',(22.8394445822559,-6.38040502994536,-22.3583550294117));
#8899=CARTESIAN_POINT('Ctrl Pts',(22.0866820149164,-6.7862449547027,-25.6474121117317));
#8900=CARTESIAN_POINT('Ctrl Pts',(21.881381523081,-7.10785435212656,-27.5122344227077));
#8901=CARTESIAN_POINT('Ctrl Pts',(21.8081792151512,-7.32541552525664,-28.492498999296));
#8902=CARTESIAN_POINT('Ctrl Pts',(25.7193453570076,-7.36415134786217,-13.6008166789858));
#8903=CARTESIAN_POINT('Ctrl Pts',(25.3645413452624,-7.2648561374294,-14.4789357407312));
#8904=CARTESIAN_POINT('Ctrl Pts',(24.6469364059286,-7.12039819352169,-16.3127315986046));
#8905=CARTESIAN_POINT('Ctrl Pts',(23.5578073153543,-7.09190387551722,-19.3618342538965));
#8906=CARTESIAN_POINT('Ctrl Pts',(22.5309595185345,-7.29189748194778,-22.6692728355508));
#8907=CARTESIAN_POINT('Ctrl Pts',(21.8039358450022,-7.64997675608463,-25.8292802802215));
#8908=CARTESIAN_POINT('Ctrl Pts',(21.5927964274632,-7.94055659550202,-27.6792229876001));
#8909=CARTESIAN_POINT('Ctrl Pts',(21.5160077107983,-8.14288308210755,-28.6538121273345));
#8910=CARTESIAN_POINT('Ctrl Pts',(25.3780706872784,-8.40100037585521,-14.1154094207801));
#8911=CARTESIAN_POINT('Ctrl Pts',(25.0134919401731,-8.29012042664417,-14.9830887686808));
#8912=CARTESIAN_POINT('Ctrl Pts',(24.2795722151471,-8.12226755023119,-16.7935054848898));
#8913=CARTESIAN_POINT('Ctrl Pts',(23.1855369766576,-8.05974758919717,-19.7814681582884));
#8914=CARTESIAN_POINT('Ctrl Pts',(22.1817764324488,-8.21577732183344,-22.9788807972974));
#8915=CARTESIAN_POINT('Ctrl Pts',(21.4890067294872,-8.50039101713823,-26.0184680916307));
#8916=CARTESIAN_POINT('Ctrl Pts',(21.2768538361434,-8.75132798531383,-27.860564897263));
#8917=CARTESIAN_POINT('Ctrl Pts',(21.2000187882834,-8.93295835719733,-28.8294376393051));
#8918=CARTESIAN_POINT('Ctrl Pts',(24.9648709486855,-9.50896782467549,-14.6494400176661));
#8919=CARTESIAN_POINT('Ctrl Pts',(24.5917221303052,-9.38130730143386,-15.5038734356484));
#8920=CARTESIAN_POINT('Ctrl Pts',(23.846134440763,-9.17911930852845,-17.2847183534606));
#8921=CARTESIAN_POINT('Ctrl Pts',(22.7565673698082,-9.06647532192522,-20.2034128137989));
#8922=CARTESIAN_POINT('Ctrl Pts',(21.7883728425003,-9.15381549608791,-23.2868807623783));
#8923=CARTESIAN_POINT('Ctrl Pts',(21.1380185230255,-9.34528745499579,-26.2182706479623));
#8924=CARTESIAN_POINT('Ctrl Pts',(20.9312936722268,-9.54775458171191,-28.0569372180685));
#8925=CARTESIAN_POINT('Ctrl Pts',(20.8590735013229,-9.70214046553516,-29.0186197163172));
#8926=CARTESIAN_POINT('Ctrl Pts',(24.4660504596879,-10.6912011902721,-15.1980117186216));
#8927=CARTESIAN_POINT('Ctrl Pts',(24.0874322637908,-10.5405175228134,-16.0359343084407));
#8928=CARTESIAN_POINT('Ctrl Pts',(23.3371633813491,-10.2929713091898,-17.7818361117997));
#8929=CARTESIAN_POINT('Ctrl Pts',(22.2652325142189,-10.1099307966347,-20.6233160675695));
#8930=CARTESIAN_POINT('Ctrl Pts',(21.3491125850266,-10.1000481041383,-23.591491457977));
#8931=CARTESIAN_POINT('Ctrl Pts',(20.7514038186676,-10.1793671228153,-26.4283188179304));
#8932=CARTESIAN_POINT('Ctrl Pts',(20.55914629335,-10.3238831160121,-28.2647149294667));
#8933=CARTESIAN_POINT('Ctrl Pts',(20.4970157533795,-10.4448191290004,-29.2168267015439));
#8934=CARTESIAN_POINT('Ctrl Pts',(23.8728068095498,-11.9378028328941,-15.7511571088814));
#8935=CARTESIAN_POINT('Ctrl Pts',(23.4930562338715,-11.7581222902643,-16.5701864581206));
#8936=CARTESIAN_POINT('Ctrl Pts',(22.7459697315934,-11.4552102544088,-18.2775652413892));
#8937=CARTESIAN_POINT('Ctrl Pts',(21.713966693121,-11.1705246185717,-21.0325724014378));
#8938=CARTESIAN_POINT('Ctrl Pts',(20.867525524765,-11.0380438777802,-23.8896423357429));
#8939=CARTESIAN_POINT('Ctrl Pts',(20.3337281136703,-10.991505875684,-26.6471202947259));
#8940=CARTESIAN_POINT('Ctrl Pts',(20.1662136702982,-11.0708190485788,-28.4794080095918));
#8941=CARTESIAN_POINT('Ctrl Pts',(20.1196480370804,-11.153795933894,-29.4192109819995));
#8942=CARTESIAN_POINT('Ctrl Pts',(23.1804505145661,-13.2316369173477,-16.2978744682723));
#8943=CARTESIAN_POINT('Ctrl Pts',(22.8050408095153,-13.0167834534709,-17.0962967524897));
#8944=CARTESIAN_POINT('Ctrl Pts',(22.0776327850181,-12.6377768988623,-18.7582013270701));
#8945=CARTESIAN_POINT('Ctrl Pts',(21.1102108927191,-12.2234895224585,-21.4243213753706));
#8946=CARTESIAN_POINT('Ctrl Pts',(20.3503922162482,-11.949639681541,-24.1796012772022));
#8947=CARTESIAN_POINT('Ctrl Pts',(19.8908724125589,-11.7725297774547,-26.8742512724603));
#8948=CARTESIAN_POINT('Ctrl Pts',(19.7584486275238,-11.7823612741939,-28.6975670871476));
#8949=CARTESIAN_POINT('Ctrl Pts',(19.7320011697961,-11.8255195767009,-29.6225033291151));
#8950=CARTESIAN_POINT('Ctrl Pts',(22.3957443449535,-14.540628515327,-16.8216038917978));
#8951=CARTESIAN_POINT('Ctrl Pts',(22.0339940755034,-14.2806254489228,-17.5973331847414));
#8952=CARTESIAN_POINT('Ctrl Pts',(21.3451432038669,-13.8071555644641,-19.2119134888172));
#8953=CARTESIAN_POINT('Ctrl Pts',(20.4630683207007,-13.2470283658422,-21.7962255575574));
#8954=CARTESIAN_POINT('Ctrl Pts',(19.8024676302448,-12.825218809968,-24.4641684682865));
#8955=CARTESIAN_POINT('Ctrl Pts',(19.4228518875443,-12.5264308413965,-27.1159872707154));
#8956=CARTESIAN_POINT('Ctrl Pts',(19.3348401708812,-12.4650126293902,-28.9216165988219));
#8957=CARTESIAN_POINT('Ctrl Pts',(19.3316335298885,-12.4690479506682,-29.8294392637104));
#8958=CARTESIAN_POINT('Ctrl Pts',(21.5349220284533,-15.8274284292944,-17.3071182572333));
#8959=CARTESIAN_POINT('Ctrl Pts',(21.1940612060739,-15.5180072880987,-18.0629299190661));
#8960=CARTESIAN_POINT('Ctrl Pts',(20.5554812848286,-14.9462207429786,-19.6379103165474));
#8961=CARTESIAN_POINT('Ctrl Pts',(19.7707033972405,-14.2395019205763,-22.1559981902032));
#8962=CARTESIAN_POINT('Ctrl Pts',(19.2175450585808,-13.6731089014141,-24.7545306225717));
#8963=CARTESIAN_POINT('Ctrl Pts',(18.923589499619,-13.2650766848315,-27.3768488732598));
#8964=CARTESIAN_POINT('Ctrl Pts',(18.8910346297651,-13.1278288578655,-29.1521567798906));
#8965=CARTESIAN_POINT('Ctrl Pts',(18.914926089105,-13.0923810069907,-30.039186680027));
#8966=CARTESIAN_POINT('Ctrl Pts',(20.6080838282177,-17.074555551886,-17.7449808838429));
#8967=CARTESIAN_POINT('Ctrl Pts',(20.2904036459545,-16.7176529513122,-18.4876675867868));
#8968=CARTESIAN_POINT('Ctrl Pts',(19.7082550554044,-16.0484826060858,-20.0354622206463));
#8969=CARTESIAN_POINT('Ctrl Pts',(19.0321102942967,-15.1952213058167,-22.5040593453084));
#8970=CARTESIAN_POINT('Ctrl Pts',(18.5938718408699,-14.4942941763073,-25.0505911913991));
#8971=CARTESIAN_POINT('Ctrl Pts',(18.3976026117422,-13.9820394307348,-27.6436233700895));
#8972=CARTESIAN_POINT('Ctrl Pts',(18.4307032467108,-13.7666083385562,-29.3789534290998));
#8973=CARTESIAN_POINT('Ctrl Pts',(18.4854664465461,-13.6917717007586,-30.2419271006039));
#8974=CARTESIAN_POINT('Ctrl Pts',(19.6172750227511,-18.272559835987,-18.1259569396355));
#8975=CARTESIAN_POINT('Ctrl Pts',(19.3257341853132,-17.8664325273227,-18.863000660303));
#8976=CARTESIAN_POINT('Ctrl Pts',(18.8071288643703,-17.0998251105667,-20.3976815875368));
#8977=CARTESIAN_POINT('Ctrl Pts',(18.2515131680411,-16.1056894932447,-22.831905780495));
#8978=CARTESIAN_POINT('Ctrl Pts',(17.9320038850268,-15.2911278957587,-25.3488344152025));
#8979=CARTESIAN_POINT('Ctrl Pts',(17.8538947085105,-14.666412376421,-27.8997595013804));
#8980=CARTESIAN_POINT('Ctrl Pts',(17.9596245938395,-14.3758164830487,-29.5916487841532));
#8981=CARTESIAN_POINT('Ctrl Pts',(18.0483597910759,-14.2626810528759,-30.4286598133891));
#8982=CARTESIAN_POINT('Ctrl Pts',(18.9106433287452,-19.0354065363901,-18.342680332407));
#8983=CARTESIAN_POINT('Ctrl Pts',(18.6385554076751,-18.5983835713521,-19.0806793409484));
#8984=CARTESIAN_POINT('Ctrl Pts',(18.1676815245889,-17.7708027961135,-20.6145082864654));
#8985=CARTESIAN_POINT('Ctrl Pts',(17.6974577488994,-16.6946877929476,-23.040793837984));
#8986=CARTESIAN_POINT('Ctrl Pts',(17.4697902743138,-15.801858107482,-25.5403177226549));
#8987=CARTESIAN_POINT('Ctrl Pts',(17.4815179542584,-15.1008475051,-28.0606571809417));
#8988=CARTESIAN_POINT('Ctrl Pts',(17.6399197626012,-14.7623664326242,-29.7225605157572));
#8989=CARTESIAN_POINT('Ctrl Pts',(17.7529604662513,-14.624870894195,-30.5417980695211));
#8990=CARTESIAN_POINT('Ctrl Pts',(18.5390314850733,-19.4191700870237,-18.4463019252447));
#8991=CARTESIAN_POINT('Ctrl Pts',(18.2775355075587,-18.9662457679935,-19.1859242410591));
#8992=CARTESIAN_POINT('Ctrl Pts',(17.8322802407001,-18.1079490267961,-20.7217408342852));
#8993=CARTESIAN_POINT('Ctrl Pts',(17.4090146157277,-16.9883545157204,-23.145659068344));
#8994=CARTESIAN_POINT('Ctrl Pts',(17.2314876286117,-16.0543077518749,-25.6365903078065));
#8995=CARTESIAN_POINT('Ctrl Pts',(17.290941633432,-15.3151347987993,-28.1415544913217));
#8996=CARTESIAN_POINT('Ctrl Pts',(17.4770464910541,-14.9529595792292,-29.7879456473856));
#8997=CARTESIAN_POINT('Ctrl Pts',(17.6027672209034,-14.8034653431786,-30.5980630561099));
#8998=CARTESIAN_POINT('',(17.6027672209034,-14.8034653431786,-30.59806305611));
#8999=CARTESIAN_POINT('Ctrl Pts',(17.6027672209034,-14.8034653431786,-30.59806305611));
#9000=CARTESIAN_POINT('Ctrl Pts',(17.2435651356196,-15.2305917318945,-28.2834418883261));
#9001=CARTESIAN_POINT('Ctrl Pts',(17.0896690329926,-16.4395050393244,-24.0353406161093));
#9002=CARTESIAN_POINT('Ctrl Pts',(17.9806981491488,-18.4500699568916,-20.0319773772691));
#9003=CARTESIAN_POINT('Ctrl Pts',(18.5391948738949,-19.4192701000151,-18.4464206159737));
#9004=CARTESIAN_POINT('Ctrl Pts',(17.6027672209034,-14.8034653431786,-30.59806305611));
#9005=CARTESIAN_POINT('Ctrl Pts',(17.650533874875,-14.7466661227737,-30.5801688416339));
#9006=CARTESIAN_POINT('Ctrl Pts',(17.6980280447533,-14.6896334489565,-30.5622713962987));
#9007=CARTESIAN_POINT('Ctrl Pts',(17.745326806787,-14.6322717484445,-30.5442497536405));
#9008=CARTESIAN_POINT('Ctrl Pts',(17.7941798678127,-14.5730250676613,-30.5256358963065));
#9009=CARTESIAN_POINT('Ctrl Pts',(17.8428243008433,-14.5134274169106,-30.5068896452227));
#9010=CARTESIAN_POINT('Ctrl Pts',(17.8913153814866,-14.453402157284,-30.4879182508671));
#9011=CARTESIAN_POINT('Ctrl Pts',(17.9417023676121,-14.3910300285572,-30.4682051124611));
#9012=CARTESIAN_POINT('Ctrl Pts',(17.9919235843276,-14.3281962592002,-30.4482489999538));
#9013=CARTESIAN_POINT('Ctrl Pts',(18.0420122900537,-14.2648446372735,-30.4279872868288));
#9014=CARTESIAN_POINT('Ctrl Pts',(18.0945179548524,-14.1984360731647,-30.4067478736284));
#9015=CARTESIAN_POINT('Ctrl Pts',(18.1468777824424,-14.1314585671625,-30.3851728009173));
#9016=CARTESIAN_POINT('Ctrl Pts',(18.1991023224153,-14.063878364742,-30.3632326327822));
#9017=CARTESIAN_POINT('Ctrl Pts',(18.2546141675692,-13.992044285702,-30.3399114275251));
#9018=CARTESIAN_POINT('Ctrl Pts',(18.309972862498,-13.9195293989338,-30.3161779058926));
#9019=CARTESIAN_POINT('Ctrl Pts',(18.3651645051855,-13.8463256027538,-30.2920413878367));
#9020=CARTESIAN_POINT('Ctrl Pts',(18.4253341991629,-13.7665191356935,-30.2657278585706));
#9021=CARTESIAN_POINT('Ctrl Pts',(18.4853049160136,-13.6858941559566,-30.2389356258172));
#9022=CARTESIAN_POINT('Ctrl Pts',(18.5450336704778,-13.6044744904331,-30.2117249963709));
#9023=CARTESIAN_POINT('Ctrl Pts',(18.6146989919803,-13.5095097246984,-30.17998756495));
#9024=CARTESIAN_POINT('Ctrl Pts',(18.6840342831622,-13.4134645315215,-30.1476813893461));
#9025=CARTESIAN_POINT('Ctrl Pts',(18.7529488762527,-13.3164149997156,-30.1149606243636));
#9026=CARTESIAN_POINT('Ctrl Pts',(18.8304552870345,-13.207265971317,-30.0781604498563));
#9027=CARTESIAN_POINT('Ctrl Pts',(18.907427186226,-13.0968494597785,-30.04083852941));
#9028=CARTESIAN_POINT('Ctrl Pts',(18.9837362542992,-12.985290055567,-30.0032577265217));
#9029=CARTESIAN_POINT('Ctrl Pts',(19.0491813932174,-12.8896130817733,-29.9710272075574));
#9030=CARTESIAN_POINT('Ctrl Pts',(19.1141381679212,-12.7930972596298,-29.9386085206623));
#9031=CARTESIAN_POINT('Ctrl Pts',(19.1785472882757,-12.695799459324,-29.9061610794958));
#9032=CARTESIAN_POINT('Ctrl Pts',(19.2341474571045,-12.6118086503532,-29.8781513318545));
#9033=CARTESIAN_POINT('Ctrl Pts',(19.2893395219883,-12.5272355489348,-29.8501207571255));
#9034=CARTESIAN_POINT('Ctrl Pts',(19.3441067593159,-12.4420871916326,-29.8221510367549));
#9035=CARTESIAN_POINT('Ctrl Pts',(19.3945435030507,-12.363671589783,-29.7963929067579));
#9036=CARTESIAN_POINT('Ctrl Pts',(19.4446199441643,-12.2847684001526,-29.770686717464));
#9037=CARTESIAN_POINT('Ctrl Pts',(19.4943427151467,-12.2053513716077,-29.7450712174246));
#9038=CARTESIAN_POINT('Ctrl Pts',(19.5412723470923,-12.13039553455,-29.7208946487178));
#9039=CARTESIAN_POINT('Ctrl Pts',(19.5878869432559,-12.0549821949854,-29.696799093525));
#9040=CARTESIAN_POINT('Ctrl Pts',(19.634210309622,-11.979056119642,-29.6727900049041));
#9041=CARTESIAN_POINT('Ctrl Pts',(19.6931160321896,-11.8825069980935,-29.6422595658547));
#9042=CARTESIAN_POINT('Ctrl Pts',(19.7515514777687,-11.7851290540005,-29.6118699296658));
#9043=CARTESIAN_POINT('Ctrl Pts',(19.8096030005069,-11.6867287536893,-29.5815634603424));
#9044=CARTESIAN_POINT('Ctrl Pts',(19.857311016854,-11.6058612257698,-29.5566569382443));
#9045=CARTESIAN_POINT('Ctrl Pts',(19.9047608445689,-11.5243005282934,-29.5318044128782));
#9046=CARTESIAN_POINT('Ctrl Pts',(19.9519738717635,-11.4419726717235,-29.5069861626868));
#9047=CARTESIAN_POINT('Ctrl Pts',(20.0013574106897,-11.3558599788672,-29.4810269497909));
#9048=CARTESIAN_POINT('Ctrl Pts',(20.0504815943437,-11.2689080883264,-29.4551053103308));
#9049=CARTESIAN_POINT('Ctrl Pts',(20.0993414675323,-11.1810765390251,-29.4292184955843));
#9050=CARTESIAN_POINT('Ctrl Pts',(20.1530625811608,-11.0845063203107,-29.4007561106922));
#9051=CARTESIAN_POINT('Ctrl Pts',(20.2064639505409,-10.9868726049893,-29.3723358019855));
#9052=CARTESIAN_POINT('Ctrl Pts',(20.2595079155435,-10.8881742739557,-29.3439771976662));
#9053=CARTESIAN_POINT('Ctrl Pts',(20.3179355542627,-10.7794585995612,-29.3127403493712));
#9054=CARTESIAN_POINT('Ctrl Pts',(20.3759289917225,-10.669451530664,-29.2815784937285));
#9055=CARTESIAN_POINT('Ctrl Pts',(20.4334082535869,-10.5582113609383,-29.2505441355907));
#9056=CARTESIAN_POINT('Ctrl Pts',(20.4985096400751,-10.4322200199325,-29.2153944193624));
#9057=CARTESIAN_POINT('Ctrl Pts',(20.5629502598186,-10.3046479383831,-29.18040865565));
#9058=CARTESIAN_POINT('Ctrl Pts',(20.6265918080548,-10.1756429960906,-29.1456914156651));
#9059=CARTESIAN_POINT('Ctrl Pts',(20.7084975262047,-10.0096155700427,-29.1010108484578));
#9060=CARTESIAN_POINT('Ctrl Pts',(20.7890753732991,-9.84122020185697,-29.0567767734235));
#9061=CARTESIAN_POINT('Ctrl Pts',(20.8680409948445,-9.67082545791659,-29.0132415458211));
#9062=CARTESIAN_POINT('Ctrl Pts',(20.9234462285516,-9.55127013212169,-28.9826956017433));
#9063=CARTESIAN_POINT('Ctrl Pts',(20.9780580206995,-9.43073229438557,-28.9524945465403));
#9064=CARTESIAN_POINT('Ctrl Pts',(21.031800196909,-9.30931686415804,-28.9227203218578));
#9065=CARTESIAN_POINT('Ctrl Pts',(21.0797281890257,-9.20103695825881,-28.8961672697391));
#9066=CARTESIAN_POINT('Ctrl Pts',(21.1269645888611,-9.09205972239518,-28.8699539388724));
#9067=CARTESIAN_POINT('Ctrl Pts',(21.1734745309127,-8.98242596901248,-28.8441280174645));
#9068=CARTESIAN_POINT('Ctrl Pts',(21.2167745610073,-8.88035865584366,-28.8200844877405));
#9069=CARTESIAN_POINT('Ctrl Pts',(21.2594450116998,-8.77772274115902,-28.7963768879889));
#9070=CARTESIAN_POINT('Ctrl Pts',(21.3014746638137,-8.67451307837537,-28.7730314545772));
#9071=CARTESIAN_POINT('Ctrl Pts',(21.3413574553274,-8.57657533071438,-28.7508784981113));
#9072=CARTESIAN_POINT('Ctrl Pts',(21.3806633235662,-8.47812126913711,-28.7290517605303));
#9073=CARTESIAN_POINT('Ctrl Pts',(21.4193974514862,-8.37910572885125,-28.7075604344181));
#9074=CARTESIAN_POINT('Ctrl Pts',(21.4583863222645,-8.27943899275676,-28.6859277662353));
#9075=CARTESIAN_POINT('Ctrl Pts',(21.4967959633439,-8.17920391517186,-28.664635123952));
#9076=CARTESIAN_POINT('Ctrl Pts',(21.5346464626759,-8.0783043844336,-28.6436755926975));
#9077=CARTESIAN_POINT('Ctrl Pts',(21.5724990034668,-7.9773994117,-28.6227149309951));
#9078=CARTESIAN_POINT('Ctrl Pts',(21.6097950746241,-7.87582241973315,-28.6020855052479));
#9079=CARTESIAN_POINT('Ctrl Pts',(21.6465430107115,-7.77349185922382,-28.5817801387324));
#9080=CARTESIAN_POINT('Ctrl Pts',(21.6848517330567,-7.66681503741088,-28.5606123472647));
#9081=CARTESIAN_POINT('Ctrl Pts',(21.7225644763854,-7.55931941067306,-28.539796760767));
#9082=CARTESIAN_POINT('Ctrl Pts',(21.7596674118644,-7.45096464392668,-28.5193342283401));
#9083=CARTESIAN_POINT('Ctrl Pts',(21.7987445249185,-7.33684452336405,-28.4977829229596));
#9084=CARTESIAN_POINT('Ctrl Pts',(21.8371448580007,-7.22177160564852,-28.4766232855889));
#9085=CARTESIAN_POINT('Ctrl Pts',(21.8748320305041,-7.10575285506265,-28.4558654819452));
#9086=CARTESIAN_POINT('Ctrl Pts',(21.9151996857727,-6.98148232434235,-28.4336312890896));
#9087=CARTESIAN_POINT('Ctrl Pts',(21.9547486697136,-6.85612695447776,-28.4118581848183));
#9088=CARTESIAN_POINT('Ctrl Pts',(21.9934180781594,-6.72975194485577,-28.3905681303937));
#9089=CARTESIAN_POINT('Ctrl Pts',(22.0366535817626,-6.58845453681505,-28.3667641400617));
#9090=CARTESIAN_POINT('Ctrl Pts',(22.0787888188142,-6.44588300867851,-28.3435641034088));
#9091=CARTESIAN_POINT('Ctrl Pts',(22.1197285085704,-6.30219094499187,-28.3210090608046));
#9092=CARTESIAN_POINT('Ctrl Pts',(22.1688458694635,-6.12979650351968,-28.2939486660105));
#9093=CARTESIAN_POINT('Ctrl Pts',(22.2162406285682,-5.95579114808957,-28.2678169766689));
#9094=CARTESIAN_POINT('Ctrl Pts',(22.2617549103694,-5.78050761703897,-28.2426961839391));
#9095=CARTESIAN_POINT('Ctrl Pts',(22.3046103829285,-5.61546362957546,-28.2190428733541));
#9096=CARTESIAN_POINT('Ctrl Pts',(22.345797835185,-5.44929068186996,-28.1962864604233));
#9097=CARTESIAN_POINT('Ctrl Pts',(22.3852103356741,-5.28226828432901,-28.1744964955377));
#9098=CARTESIAN_POINT('Ctrl Pts',(22.4183485612907,-5.14183502523477,-28.1561753851388));
#9099=CARTESIAN_POINT('Ctrl Pts',(22.4502323174911,-5.00080247797959,-28.1385377012341));
#9100=CARTESIAN_POINT('Ctrl Pts',(22.4808171551148,-4.85930653882788,-28.1216205668993));
#9101=CARTESIAN_POINT('Ctrl Pts',(22.5087427584217,-4.73011312884801,-28.1061743125056));
#9102=CARTESIAN_POINT('Ctrl Pts',(22.5355857123608,-4.60053402194722,-28.0913288492482));
#9103=CARTESIAN_POINT('Ctrl Pts',(22.5613260955685,-4.47063360268083,-28.0771068287259));
#9104=CARTESIAN_POINT('Ctrl Pts',(22.5855138216751,-4.34856876250405,-28.0637426789268));
#9105=CARTESIAN_POINT('Ctrl Pts',(22.6087281739115,-4.22622061600676,-28.0509290887362));
#9106=CARTESIAN_POINT('Ctrl Pts',(22.6309626838023,-4.10359939618224,-28.0386786216305));
#9107=CARTESIAN_POINT('Ctrl Pts',(22.6521658845656,-3.98666574868819,-28.0269963711666));
#9108=CARTESIAN_POINT('Ctrl Pts',(22.6724782186211,-3.86948407778085,-28.0158262609067));
#9109=CARTESIAN_POINT('Ctrl Pts',(22.6919008376621,-3.7520176403782,-28.0051725942146));
#9110=CARTESIAN_POINT('Ctrl Pts',(22.7170201608497,-3.60009799459945,-27.9913941796658));
#9111=CARTESIAN_POINT('Ctrl Pts',(22.7406522394103,-3.44770296706283,-27.9784800279759));
#9112=CARTESIAN_POINT('Ctrl Pts',(22.7628066665574,-3.29463695434428,-27.9664215843047));
#9113=CARTESIAN_POINT('Ctrl Pts',(22.7799278642704,-3.1763457681402,-27.957102679472));
#9114=CARTESIAN_POINT('Ctrl Pts',(22.7961664608685,-3.05765043402045,-27.9482943172842));
#9115=CARTESIAN_POINT('Ctrl Pts',(22.8115145381939,-2.93850378147913,-27.9399929434852));
#9116=CARTESIAN_POINT('Ctrl Pts',(22.8279926741658,-2.81058451839886,-27.9310803505061));
#9117=CARTESIAN_POINT('Ctrl Pts',(22.8434440364376,-2.6821450450712,-27.9227521457731));
#9118=CARTESIAN_POINT('Ctrl Pts',(22.8578483829822,-2.55318767437856,-27.9150061821463));
#9119=CARTESIAN_POINT('Ctrl Pts',(22.8731319553041,-2.41635888486605,-27.9067874132541));
#9120=CARTESIAN_POINT('Ctrl Pts',(22.8872363811066,-2.27894744469367,-27.8992241362328));
#9121=CARTESIAN_POINT('Ctrl Pts',(22.9001318500387,-2.14101874135745,-27.8923162604291));
#9122=CARTESIAN_POINT('Ctrl Pts',(22.9141252756099,-1.99134639873689,-27.8848202285729));
#9123=CARTESIAN_POINT('Ctrl Pts',(22.9266945704407,-1.8410656270775,-27.8780959563318));
#9124=CARTESIAN_POINT('Ctrl Pts',(22.9378029959321,-1.69032355476879,-27.8721461395357));
#9125=CARTESIAN_POINT('Ctrl Pts',(22.9508212307498,-1.51366524295689,-27.8651734040896));
#9126=CARTESIAN_POINT('Ctrl Pts',(22.9618320364349,-1.33637471423447,-27.8592642910277));
#9127=CARTESIAN_POINT('Ctrl Pts',(22.9707918682141,-1.1587583644533,-27.854427083066));
#9128=CARTESIAN_POINT('Ctrl Pts',(22.9805645635116,-0.965028112696315,-27.8491510287086));
#9129=CARTESIAN_POINT('Ctrl Pts',(22.9878963355962,-0.770915160868706,-27.8451502721987));
#9130=CARTESIAN_POINT('Ctrl Pts',(22.9927652398862,-0.576841939772067,-27.8424394122185));
#9131=CARTESIAN_POINT('Ctrl Pts',(22.9967890706498,-0.416453123125175,-27.8401990638497));
#9132=CARTESIAN_POINT('Ctrl Pts',(22.9991316226482,-0.256093535454626,-27.8388398197682));
#9133=CARTESIAN_POINT('Ctrl Pts',(22.9997997674025,-0.0959721802921802,
-27.8383709329457));
#9134=CARTESIAN_POINT('Ctrl Pts',(22.9999400892692,-0.0623439473449434,
-27.8382724586649));
#9135=CARTESIAN_POINT('Ctrl Pts',(23.0000066124537,-0.0287260504559268,
-27.8382132568476));
#9136=CARTESIAN_POINT('Ctrl Pts',(22.9999994823202,0.00487988413738811,
-27.8381934143727));
#9137=CARTESIAN_POINT('Ctrl Pts',(17.6027672209034,-14.8034653431786,-30.59806305611));
#9138=CARTESIAN_POINT('Ctrl Pts',(16.1832773997071,-16.4913774850795,-31.1298284864897));
#9139=CARTESIAN_POINT('Ctrl Pts',(12.1236927959252,-20.1379629874255,-31.927617031467));
#9140=CARTESIAN_POINT('Ctrl Pts',(6.91415291925377,-22.1323654015861,-31.307083608756));
#9141=CARTESIAN_POINT('Ctrl Pts',(4.01879331513411,-22.6461762840934,-30.5980630253407));
#9142=CARTESIAN_POINT('Ctrl Pts',(17.2435651356196,-15.2305917318945,-28.2834418883261));
#9143=CARTESIAN_POINT('Ctrl Pts',(15.8729810223155,-16.7774662366968,-28.7822373891399));
#9144=CARTESIAN_POINT('Ctrl Pts',(12.0526267295476,-20.0909926091592,-29.519578627691));
#9145=CARTESIAN_POINT('Ctrl Pts',(7.2681962340833,-21.9972968202897,-28.9485025364304));
#9146=CARTESIAN_POINT('Ctrl Pts',(4.5682966695153,-22.5486613491424,-28.2834418595021));
#9147=CARTESIAN_POINT('Ctrl Pts',(17.0676643981793,-16.6123599420605,-23.4279313604505));
#9148=CARTESIAN_POINT('Ctrl Pts',(15.7705980143108,-17.9391177998295,-23.8369043388946));
#9149=CARTESIAN_POINT('Ctrl Pts',(12.3367979357869,-20.7111158150076,-24.4156132931682));
#9150=CARTESIAN_POINT('Ctrl Pts',(8.24961236003933,-22.4739929478296,-23.9732286494917));
#9151=CARTESIAN_POINT('Ctrl Pts',(5.85289342352812,-23.0872109497248,-23.4279313367755));
#9152=CARTESIAN_POINT('Ctrl Pts',(18.8514671644728,-20.2559428792809,-16.6242585316284));
#9153=CARTESIAN_POINT('Ctrl Pts',(17.5946158462924,-21.542545519055,-16.9460382789616));
#9154=CARTESIAN_POINT('Ctrl Pts',(14.3183139589498,-24.1869949400095,-17.3683733015613));
#9155=CARTESIAN_POINT('Ctrl Pts',(10.439969069989,-25.8602691384855,-17.0532981832105));
#9156=CARTESIAN_POINT('Ctrl Pts',(8.11642742799381,-26.4538209284392,-16.6242585130284));
#9157=CARTESIAN_POINT('Ctrl Pts',(21.8642391990068,-24.1323619622794,-12.3621243814916));
#9158=CARTESIAN_POINT('Ctrl Pts',(20.5585768278418,-25.6041323903464,-12.7476659352665));
#9159=CARTESIAN_POINT('Ctrl Pts',(16.9863037049545,-28.7035671154971,-13.291426267932));
#9160=CARTESIAN_POINT('Ctrl Pts',(12.5370144884817,-30.4746988407496,-12.8761797719122));
#9161=CARTESIAN_POINT('Ctrl Pts',(9.96711880162731,-31.0011675847522,-12.362124359168));
#9162=CARTESIAN_POINT('Ctrl Pts',(24.062766225157,-26.5171531606964,-10.6611276021126));
#9163=CARTESIAN_POINT('Ctrl Pts',(22.675924161606,-28.1489426938697,-11.1527665340149));
#9164=CARTESIAN_POINT('Ctrl Pts',(18.7500878861609,-31.6533328812868,-11.8806069002927));
#9165=CARTESIAN_POINT('Ctrl Pts',(13.7419346652993,-33.5840158663926,-11.3166461585988));
#9166=CARTESIAN_POINT('Ctrl Pts',(10.9331450387351,-34.0975434389374,-10.6611275736881));
#9167=CARTESIAN_POINT('Ctrl Pts',(24.8196455857737,-27.3034653431786,-10.1856485329168));
#9168=CARTESIAN_POINT('Ctrl Pts',(23.4001557645774,-28.9913774850795,-10.7174139632966));
#9169=CARTESIAN_POINT('Ctrl Pts',(19.3405711607955,-32.6379629874255,-11.5152025082738));
#9170=CARTESIAN_POINT('Ctrl Pts',(14.1310312841241,-34.6323654015861,-10.8946690855629));
#9171=CARTESIAN_POINT('Ctrl Pts',(11.2356716800044,-35.1461762840934,-10.1856485021476));
#9172=CARTESIAN_POINT('Ctrl Pts',(4.01879331513411,-22.6461762840934,-30.5980630253407));
#9173=CARTESIAN_POINT('Ctrl Pts',(6.91415291925377,-22.1323654015861,-31.307083608756));
#9174=CARTESIAN_POINT('Ctrl Pts',(12.1236927959252,-20.1379629874255,-31.927617031467));
#9175=CARTESIAN_POINT('Ctrl Pts',(16.1832773997071,-16.4913774850795,-31.1298284864897));
#9176=CARTESIAN_POINT('Ctrl Pts',(17.6027672209034,-14.8034653431786,-30.59806305611));
#9177=CARTESIAN_POINT('Ctrl Pts',(24.8196455857737,-27.3034653431786,-10.1856485329168));
#9178=CARTESIAN_POINT('Ctrl Pts',(23.4001557645774,-28.9913774850795,-10.7174139632966));
#9179=CARTESIAN_POINT('Ctrl Pts',(19.3405711607955,-32.6379629874255,-11.5152025082738));
#9180=CARTESIAN_POINT('Ctrl Pts',(14.1310312841241,-34.6323654015861,-10.8946690855629));
#9181=CARTESIAN_POINT('Ctrl Pts',(11.2356716800044,-35.1461762840934,-10.1856485021476));
#9182=CARTESIAN_POINT('Ctrl Pts',(4.01879344078157,22.646176261796,-30.5980630561095));
#9183=CARTESIAN_POINT('Ctrl Pts',(6.19031314562249,22.2608180871771,-31.1298284864895));
#9184=CARTESIAN_POINT('Ctrl Pts',(11.3781411296187,20.5684074426624,-31.927617031467));
#9185=CARTESIAN_POINT('Ctrl Pts',(15.7101142239867,17.054014774517,-31.307083608756));
#9186=CARTESIAN_POINT('Ctrl Pts',(17.6027673030387,14.8034652455116,-30.5980630253406));
#9187=CARTESIAN_POINT('Ctrl Pts',(4.56829678667829,22.5486613252059,-28.2834418883257));
#9188=CARTESIAN_POINT('Ctrl Pts',(6.59322146095596,22.1351379174624,-28.7822373891397));
#9189=CARTESIAN_POINT('Ctrl Pts',(11.3729966220036,20.4833772346992,-29.5195786276911));
#9190=CARTESIAN_POINT('Ctrl Pts',(15.416119743916,17.2930909885512,-28.9485025364303));
#9191=CARTESIAN_POINT('Ctrl Pts',(17.2435652149322,15.230591642395,-28.283441859502));
#9192=CARTESIAN_POINT('Ctrl Pts',(5.85289352754417,23.0872109231212,-23.42793136045));
#9193=CARTESIAN_POINT('Ctrl Pts',(7.65043272897732,22.6272974131808,-23.8369043388943));
#9194=CARTESIAN_POINT('Ctrl Pts',(11.7679534686249,21.0395383212508,-24.4156132931681));
#9195=CARTESIAN_POINT('Ctrl Pts',(15.3382426372733,18.3813703490829,-23.9732286494916));
#9196=CARTESIAN_POINT('Ctrl Pts',(17.0676644732281,16.6123598652804,-23.4279313367753));
#9197=CARTESIAN_POINT('Ctrl Pts',(8.11642752882579,26.4538209026825,-16.624258531628));
#9198=CARTESIAN_POINT('Ctrl Pts',(9.85908375853683,26.0086570522454,-16.9460382789614));
#9199=CARTESIAN_POINT('Ctrl Pts',(13.7873950797791,24.4935210978166,-17.3683733015613));
#9200=CARTESIAN_POINT('Ctrl Pts',(17.1756654876368,21.9714129985769,-17.0532981832105));
#9201=CARTESIAN_POINT('Ctrl Pts',(18.8514672371962,20.2559428048348,-16.6242585130283));
#9202=CARTESIAN_POINT('Ctrl Pts',(9.96711891315018,31.0011675618995,-12.3621243814912));
#9203=CARTESIAN_POINT('Ctrl Pts',(11.8945406779778,30.6063159937387,-12.7476659352662));
#9204=CARTESIAN_POINT('Ctrl Pts',(16.364866448775,29.0623540826369,-13.291426267932));
#9205=CARTESIAN_POINT('Ctrl Pts',(20.1233561245286,26.0947224550134,-12.8761797719122));
#9206=CARTESIAN_POINT('Ctrl Pts',(21.8642392745606,24.1323618771226,-12.3621243591679));
#9207=CARTESIAN_POINT('Ctrl Pts',(10.9331451606255,34.0975434166607,-10.6611276021121));
#9208=CARTESIAN_POINT('Ctrl Pts',(13.039737381759,33.7123977251754,-11.1527665340147));
#9209=CARTESIAN_POINT('Ctrl Pts',(18.0375464465593,32.0647188732496,-11.8806069002928));
#9210=CARTESIAN_POINT('Ctrl Pts',(22.2136435687462,28.6928724504914,-11.3166461585988));
#9211=CARTESIAN_POINT('Ctrl Pts',(24.0627663053959,26.5171530662728,-10.6611275736881));
#9212=CARTESIAN_POINT('Ctrl Pts',(11.2356718056519,35.146176261796,-10.1856485329163));
#9213=CARTESIAN_POINT('Ctrl Pts',(13.4071915104928,34.7608180871771,-10.7174139632963));
#9214=CARTESIAN_POINT('Ctrl Pts',(18.5950194944891,33.0684074426624,-11.5152025082739));
#9215=CARTESIAN_POINT('Ctrl Pts',(22.926992588857,29.554014774517,-10.8946690855629));
#9216=CARTESIAN_POINT('Ctrl Pts',(24.8196456679091,27.3034652455116,-10.1856485021475));
#9217=CARTESIAN_POINT('Ctrl Pts',(17.6027673030387,14.8034652455116,-30.5980630253406));
#9218=CARTESIAN_POINT('Ctrl Pts',(15.7101142239867,17.054014774517,-31.307083608756));
#9219=CARTESIAN_POINT('Ctrl Pts',(11.3781411296187,20.5684074426624,-31.927617031467));
#9220=CARTESIAN_POINT('Ctrl Pts',(6.19031314562249,22.2608180871771,-31.1298284864895));
#9221=CARTESIAN_POINT('Ctrl Pts',(4.01879344078157,22.646176261796,-30.5980630561095));
#9222=CARTESIAN_POINT('Ctrl Pts',(11.2356718056519,35.146176261796,-10.1856485329163));
#9223=CARTESIAN_POINT('Ctrl Pts',(13.4071915104928,34.7608180871771,-10.7174139632963));
#9224=CARTESIAN_POINT('Ctrl Pts',(18.5950194944891,33.0684074426624,-11.5152025082739));
#9225=CARTESIAN_POINT('Ctrl Pts',(22.926992588857,29.554014774517,-10.8946690855629));
#9226=CARTESIAN_POINT('Ctrl Pts',(24.8196456679091,27.3034652455116,-10.1856485021475));
#9227=CARTESIAN_POINT('Ctrl Pts',(33.3664302865967,-12.5,13.9883091442601));
#9228=CARTESIAN_POINT('Ctrl Pts',(32.9214569948952,-12.5,16.212892699417));
#9229=CARTESIAN_POINT('Ctrl Pts',(30.9672128311534,-12.5,21.369943678593));
#9230=CARTESIAN_POINT('Ctrl Pts',(26.9091584065318,-12.5,25.2473322709145));
#9231=CARTESIAN_POINT('Ctrl Pts',(24.3104476537399,-12.5,26.795402511951));
#9232=CARTESIAN_POINT('Ctrl Pts',(32.0992731008666,-10.5002492463196,13.7348454778896));
#9233=CARTESIAN_POINT('Ctrl Pts',(31.638798333022,-10.5297303682967,15.8102279362585));
#9234=CARTESIAN_POINT('Ctrl Pts',(29.7592812073729,-10.5778491393192,20.5624196831822));
#9235=CARTESIAN_POINT('Ctrl Pts',(26.0533577811914,-10.5395574076926,24.1839579261534));
#9236=CARTESIAN_POINT('Ctrl Pts',(23.6490940972575,-10.500249244639,25.6852031469161));
#9237=CARTESIAN_POINT('Ctrl Pts',(30.0626661399188,-5.89554586091269,13.3274722860782));
#9238=CARTESIAN_POINT('Ctrl Pts',(29.5575712007811,-5.94052278356128,15.1585328239351));
#9239=CARTESIAN_POINT('Ctrl Pts',(27.7690629885614,-6.01825257912311,19.2334572988061));
#9240=CARTESIAN_POINT('Ctrl Pts',(24.6634506054736,-5.95551508909422,22.4521139788771));
#9241=CARTESIAN_POINT('Ctrl Pts',(22.5861499958907,-5.8955458583081,23.9008627516193));
#9242=CARTESIAN_POINT('Ctrl Pts',(29.3936926111448,1.99630704214304,13.1936605654667));
#9243=CARTESIAN_POINT('Ctrl Pts',(28.8694151304598,2.01405457507932,14.9439125309847));
#9244=CARTESIAN_POINT('Ctrl Pts',(27.1016359240787,2.04566825826208,18.7883321975358));
#9245=CARTESIAN_POINT('Ctrl Pts',(24.2041922233035,2.01997041857661,21.8778045484921));
#9246=CARTESIAN_POINT('Ctrl Pts',(22.2369999243719,1.99630704109993,23.3147523664816));
#9247=CARTESIAN_POINT('Ctrl Pts',(31.0141661330028,8.28423816615963,13.5177964854076));
#9248=CARTESIAN_POINT('Ctrl Pts',(30.532723714849,8.32841775899893,15.4635010034868));
#9249=CARTESIAN_POINT('Ctrl Pts',(28.7068747767752,8.40294295879882,19.859403779937));
#9250=CARTESIAN_POINT('Ctrl Pts',(25.3146853785254,8.3431442880016,23.2645355793743));
#9251=CARTESIAN_POINT('Ctrl Pts',(23.0827560295099,8.28423816361862,24.7345041493141));
#9252=CARTESIAN_POINT('Ctrl Pts',(32.7328516937317,11.5001246231598,13.8615773110748));
#9253=CARTESIAN_POINT('Ctrl Pts',(32.2799678523205,11.5142510634399,16.0115711480527));
#9254=CARTESIAN_POINT('Ctrl Pts',(30.3631614594645,11.5388702035527,20.9661563212248));
#9255=CARTESIAN_POINT('Ctrl Pts',(26.4812006809028,11.5189598762299,24.7154393892956));
#9256=CARTESIAN_POINT('Ctrl Pts',(23.9797708754987,11.5001246223195,26.2403028294335));
#9257=CARTESIAN_POINT('Ctrl Pts',(33.3664302865968,12.5,13.9883091442601));
#9258=CARTESIAN_POINT('Ctrl Pts',(32.9214569948952,12.5,16.212892699417));
#9259=CARTESIAN_POINT('Ctrl Pts',(30.9672128311534,12.5,21.369943678593));
#9260=CARTESIAN_POINT('Ctrl Pts',(26.9091584065318,12.5,25.2473322709145));
#9261=CARTESIAN_POINT('Ctrl Pts',(24.3104476537399,12.5,26.795402511951));
#9262=CARTESIAN_POINT('Ctrl Pts',(24.3104476537399,-12.5,26.795402511951));
#9263=CARTESIAN_POINT('Ctrl Pts',(26.9091584065318,-12.5,25.2473322709145));
#9264=CARTESIAN_POINT('Ctrl Pts',(30.9672128311534,-12.5,21.369943678593));
#9265=CARTESIAN_POINT('Ctrl Pts',(32.9214569948952,-12.5,16.212892699417));
#9266=CARTESIAN_POINT('Ctrl Pts',(33.3664302865967,-12.5,13.9883091442601));
#9267=CARTESIAN_POINT('Ctrl Pts',(33.3664302865968,12.5,13.9883091442601));
#9268=CARTESIAN_POINT('Ctrl Pts',(32.9214569948952,12.5,16.212892699417));
#9269=CARTESIAN_POINT('Ctrl Pts',(30.9672128311534,12.5,21.369943678593));
#9270=CARTESIAN_POINT('Ctrl Pts',(26.9091584065318,12.5,25.2473322709145));
#9271=CARTESIAN_POINT('Ctrl Pts',(24.3104476537399,12.5,26.795402511951));
#9272=CARTESIAN_POINT('Ctrl Pts',(-22.9805414305644,14.8034653431791,26.7954024447684));
#9273=CARTESIAN_POINT('Ctrl Pts',(-23.9550579600593,16.49137748508,25.6343497503706));
#9274=CARTESIAN_POINT('Ctrl Pts',(-26.0603812695479,20.1379044234733,22.0728085610338));
#9275=CARTESIAN_POINT('Ctrl Pts',(-27.2118838521497,22.1323654015864,16.9544204234046));
#9276=CARTESIAN_POINT('Ctrl Pts',(-27.5085327034778,22.6461762840935,13.9883090155373));
#9277=CARTESIAN_POINT('Ctrl Pts',(-20.9180296941685,15.230591731895,25.6852030817464));
#9278=CARTESIAN_POINT('Ctrl Pts',(-21.8451599733375,16.7774662366973,24.5592691544125));
#9279=CARTESIAN_POINT('Ctrl Pts',(-23.8137856012096,20.0909589473776,21.2031596541529));
#9280=CARTESIAN_POINT('Ctrl Pts',(-24.8701778535802,21.9972968202899,16.5020219709625));
#9281=CARTESIAN_POINT('Ctrl Pts',(-25.1431191556942,22.5486613491426,13.7348453578147));
#9282=CARTESIAN_POINT('Ctrl Pts',(-16.3987814862109,16.6123982776592,23.9008619892295));
#9283=CARTESIAN_POINT('Ctrl Pts',(-17.2167203693403,17.9391561354281,22.8143004011341));
#9284=CARTESIAN_POINT('Ctrl Pts',(-18.9068716321532,20.7111275124869,19.7697541110289));
#9285=CARTESIAN_POINT('Ctrl Pts',(-19.8522442592497,22.4740328062472,15.7688860747902));
#9286=CARTESIAN_POINT('Ctrl Pts',(-20.1370393346409,23.0872508081423,13.3274720204109));
#9287=CARTESIAN_POINT('Ctrl Pts',(-9.3896532994421,20.2559571383683,23.3147524716194));
#9288=CARTESIAN_POINT('Ctrl Pts',(-10.1119805940193,21.5425597781424,22.2370416006922));
#9289=CARTESIAN_POINT('Ctrl Pts',(-11.6022598160827,24.186991057738,19.2888914809088));
#9290=CARTESIAN_POINT('Ctrl Pts',(-12.5979882615039,25.8602830532262,15.527329794399));
#9291=CARTESIAN_POINT('Ctrl Pts',(-12.9679996619239,26.45383484318,13.1936605024393));
#9292=CARTESIAN_POINT('Ctrl Pts',(-4.36702208887773,24.1323703381821,24.7345052345148));
#9293=CARTESIAN_POINT('Ctrl Pts',(-5.16573494207059,25.604140766249,23.6320287969852));
#9294=CARTESIAN_POINT('Ctrl Pts',(-6.86911369467738,28.7035373282691,20.445277153622));
#9295=CARTESIAN_POINT('Ctrl Pts',(-7.96075161719767,30.4747047135768,16.1120693288753));
#9296=CARTESIAN_POINT('Ctrl Pts',(-8.33272742180629,31.0011734575793,13.517796635138));
#9297=CARTESIAN_POINT('Ctrl Pts',(-2.03048542167975,26.5171531606969,26.2403027632574));
#9298=CARTESIAN_POINT('Ctrl Pts',(-2.95628773972136,28.1489426938701,25.0966551704626));
#9299=CARTESIAN_POINT('Ctrl Pts',(-4.9511085322248,31.6532724746611,21.6379071811291));
#9300=CARTESIAN_POINT('Ctrl Pts',(-6.08879143027892,33.5840158663929,16.728235637473));
#9301=CARTESIAN_POINT('Ctrl Pts',(-6.40702579035475,34.0975434389376,13.861577186676));
#9302=CARTESIAN_POINT('Ctrl Pts',(-1.32990633595343,27.3034653431791,26.7954024447684));
#9303=CARTESIAN_POINT('Ctrl Pts',(-2.30442286544833,28.99137748508,25.6343497503706));
#9304=CARTESIAN_POINT('Ctrl Pts',(-4.4097461749369,32.6379044234733,22.0728085610338));
#9305=CARTESIAN_POINT('Ctrl Pts',(-5.56124875753872,34.6323654015864,16.9544204234046));
#9306=CARTESIAN_POINT('Ctrl Pts',(-5.85789760886679,35.1461762840935,13.9883090155373));
#9307=CARTESIAN_POINT('Ctrl Pts',(-27.5085327034778,22.6461762840935,13.9883090155373));
#9308=CARTESIAN_POINT('Ctrl Pts',(-27.2118838521497,22.1323654015864,16.9544204234046));
#9309=CARTESIAN_POINT('Ctrl Pts',(-26.0603812695479,20.1379044234733,22.0728085610338));
#9310=CARTESIAN_POINT('Ctrl Pts',(-23.9550579600593,16.49137748508,25.6343497503706));
#9311=CARTESIAN_POINT('Ctrl Pts',(-22.9805414305644,14.8034653431791,26.7954024447684));
#9312=CARTESIAN_POINT('Ctrl Pts',(-1.32990633595343,27.3034653431791,26.7954024447684));
#9313=CARTESIAN_POINT('Ctrl Pts',(-2.30442286544833,28.99137748508,25.6343497503706));
#9314=CARTESIAN_POINT('Ctrl Pts',(-4.4097461749369,32.6379044234733,22.0728085610338));
#9315=CARTESIAN_POINT('Ctrl Pts',(-5.56124875753872,34.6323654015864,16.9544204234046));
#9316=CARTESIAN_POINT('Ctrl Pts',(-5.85789760886679,35.1461762840935,13.9883090155373));
#9317=CARTESIAN_POINT('Ctrl Pts',(-27.5085326906041,-22.6461762617956,13.9883091442582));
#9318=CARTESIAN_POINT('Ctrl Pts',(-27.2860460447533,-22.2608180871766,16.2128926994155));
#9319=CARTESIAN_POINT('Ctrl Pts',(-26.3088938636126,-20.568340862714,21.3699087991403));
#9320=CARTESIAN_POINT('Ctrl Pts',(-24.2798967505714,-17.0540147745162,25.2473322709144));
#9321=CARTESIAN_POINT('Ctrl Pts',(-22.9805413741754,-14.8034652455106,26.795402511951));
#9322=CARTESIAN_POINT('Ctrl Pts',(-25.1431191438147,-22.5486613252055,13.7348454778878));
#9323=CARTESIAN_POINT('Ctrl Pts',(-24.9384131604566,-22.1351379174619,15.8102279362571));
#9324=CARTESIAN_POINT('Ctrl Pts',(-24.0403263720899,-20.4833390725281,20.5624055929343));
#9325=CARTESIAN_POINT('Ctrl Pts',(-22.154203350302,-17.2930909885505,24.1839579261534));
#9326=CARTESIAN_POINT('Ctrl Pts',(-20.9180296405544,-15.2305916423941,25.6852031469161));
#9327=CARTESIAN_POINT('Ctrl Pts',(-20.1370393222885,-23.0872507815382,13.3274721263722));
#9328=CARTESIAN_POINT('Ctrl Pts',(-19.9234430103174,-22.6273372715977,15.1585326642294));
#9329=CARTESIAN_POINT('Ctrl Pts',(-19.0964903007161,-21.0395566805018,19.2334315255069));
#9330=CARTESIAN_POINT('Ctrl Pts',(-17.489366620971,-18.3814086846803,22.4521132793535));
#9331=CARTESIAN_POINT('Ctrl Pts',(-16.3987814388734,-16.6123982008777,23.9008620520957));
#9332=CARTESIAN_POINT('Ctrl Pts',(-12.9679996458485,-26.4538348174227,13.1936606037069));
#9333=CARTESIAN_POINT('Ctrl Pts',(-12.6904910911286,-26.0086709669855,14.9439125692253));
#9334=CARTESIAN_POINT('Ctrl Pts',(-11.7792375928475,-24.4935255589053,18.78832273663));
#9335=CARTESIAN_POINT('Ctrl Pts',(-10.352756321096,-21.9714272576633,21.8778047159951));
#9336=CARTESIAN_POINT('Ctrl Pts',(-9.3896532576643,-20.2559570639211,23.3147525339846));
#9337=CARTESIAN_POINT('Ctrl Pts',(-8.33272740567796,-31.0011734347261,13.5177967477265));
#9338=CARTESIAN_POINT('Ctrl Pts',(-8.0537455468734,-30.6063218665652,15.4635012658061));
#9339=CARTESIAN_POINT('Ctrl Pts',(-7.07625998968875,-29.0623252358286,19.8593789540211));
#9340=CARTESIAN_POINT('Ctrl Pts',(-5.43197251699924,-26.0947308309149,23.2645367283676));
#9341=CARTESIAN_POINT('Ctrl Pts',(-4.36702204264561,-24.1323702530238,24.7345052983075));
#9342=CARTESIAN_POINT('Ctrl Pts',(-6.40702577652269,-34.0975434166604,13.861577311073));
#9343=CARTESIAN_POINT('Ctrl Pts',(-6.16834999966959,-33.712397725175,16.0115711480513));
#9344=CARTESIAN_POINT('Ctrl Pts',(-5.1886183505059,-32.0646515472203,20.9661279687095));
#9345=CARTESIAN_POINT('Ctrl Pts',(-3.26488846246268,-28.6928724504906,24.7154393892955));
#9346=CARTESIAN_POINT('Ctrl Pts',(-2.03048536813375,-26.5171530662718,26.2403028294335));
#9347=CARTESIAN_POINT('Ctrl Pts',(-5.85789759599308,-35.1461762617956,13.9883091442582));
#9348=CARTESIAN_POINT('Ctrl Pts',(-5.63541095014237,-34.7608180871766,16.2128926994155));
#9349=CARTESIAN_POINT('Ctrl Pts',(-4.65825876900159,-33.068340862714,21.3699087991403));
#9350=CARTESIAN_POINT('Ctrl Pts',(-2.62926165596045,-29.5540147745162,25.2473322709144));
#9351=CARTESIAN_POINT('Ctrl Pts',(-1.32990627956448,-27.3034652455106,26.795402511951));
#9352=CARTESIAN_POINT('Ctrl Pts',(-22.9805413741754,-14.8034652455106,26.795402511951));
#9353=CARTESIAN_POINT('Ctrl Pts',(-24.2798967505714,-17.0540147745162,25.2473322709144));
#9354=CARTESIAN_POINT('Ctrl Pts',(-26.3088938636126,-20.568340862714,21.3699087991403));
#9355=CARTESIAN_POINT('Ctrl Pts',(-27.2860460447533,-22.2608180871766,16.2128926994155));
#9356=CARTESIAN_POINT('Ctrl Pts',(-27.5085326906041,-22.6461762617956,13.9883091442582));
#9357=CARTESIAN_POINT('Ctrl Pts',(-5.85789759599308,-35.1461762617956,13.9883091442582));
#9358=CARTESIAN_POINT('Ctrl Pts',(-5.63541095014237,-34.7608180871766,16.2128926994155));
#9359=CARTESIAN_POINT('Ctrl Pts',(-4.65825876900159,-33.068340862714,21.3699087991403));
#9360=CARTESIAN_POINT('Ctrl Pts',(-2.62926165596045,-29.5540147745162,25.2473322709144));
#9361=CARTESIAN_POINT('Ctrl Pts',(-1.32990627956448,-27.3034652455106,26.795402511951));
#9362=CARTESIAN_POINT('Ctrl Pts',(-21.6215606616878,-7.84271091861448,-30.5980630561106));
#9363=CARTESIAN_POINT('Ctrl Pts',(-22.3735905515303,-5.76944058500581,-31.1298284908732));
#9364=CARTESIAN_POINT('Ctrl Pts',(-23.5019124334586,-0.430453098490972,
-31.9276725449458));
#9365=CARTESIAN_POINT('Ctrl Pts',(-22.6242671216178,5.07835073439199,-31.3070835934667));
#9366=CARTESIAN_POINT('Ctrl Pts',(-21.6215605747817,7.84271115820589,-30.5980629946587));
#9367=CARTESIAN_POINT('Ctrl Pts',(-21.8118619223005,-7.31806959330857,-28.2834418883267));
#9368=CARTESIAN_POINT('Ctrl Pts',(-22.4662024886668,-5.3576716646043,-28.7822373932516));
#9369=CARTESIAN_POINT('Ctrl Pts',(-23.4256684123562,-0.392389454465985,
-29.519585548202));
#9370=CARTESIAN_POINT('Ctrl Pts',(-22.6843159596649,4.70420593166973,-28.9485025223204));
#9371=CARTESIAN_POINT('Ctrl Pts',(-21.8118618467022,7.31806981986175,-28.2834418307598));
#9372=CARTESIAN_POINT('Ctrl Pts',(-22.9205886880539,-6.47485202549099,-23.4278919280299));
#9373=CARTESIAN_POINT('Ctrl Pts',(-23.4210615097431,-4.68818064305513,-23.8368649098448));
#9374=CARTESIAN_POINT('Ctrl Pts',(-24.1048247384893,-0.328415075626833,
-24.4155935692888));
#9375=CARTESIAN_POINT('Ctrl Pts',(-23.5878857466949,4.09262373120353,-23.9731892060593));
#9376=CARTESIAN_POINT('Ctrl Pts',(-22.9205886301971,6.47485223196812,-23.4278918807474));
#9377=CARTESIAN_POINT('Ctrl Pts',(-26.9679056671064,-6.19787779079422,-16.6242421054338));
#9378=CARTESIAN_POINT('Ctrl Pts',(-27.4537105826407,-4.46611128630909,-16.9460218554192));
#9379=CARTESIAN_POINT('Ctrl Pts',(-28.1057434851164,-0.3065167459261,-17.3683381240498));
#9380=CARTESIAN_POINT('Ctrl Pts',(-27.6156455191056,3.8888559914335,-17.0532817490562));
#9381=CARTESIAN_POINT('Ctrl Pts',(-26.9679056109645,6.19787799091825,-16.6242420682866));
#9382=CARTESIAN_POINT('Ctrl Pts',(-31.8313636421378,-6.86880388246736,-12.3621098660219));
#9383=CARTESIAN_POINT('Ctrl Pts',(-32.4531230409246,-5.00218187085407,-12.7476514229744));
#9384=CARTESIAN_POINT('Ctrl Pts',(-33.3512203593367,-0.358784868912993,
-13.2914458826081));
#9385=CARTESIAN_POINT('Ctrl Pts',(-32.6603761258585,4.37997476216734,-12.8761652461085));
#9386=CARTESIAN_POINT('Ctrl Pts',(-31.8313635702971,6.86880409818276,-12.3621098214378));
#9387=CARTESIAN_POINT('Ctrl Pts',(-34.9959113857853,-7.58039025596152,-10.6611276021132));
#9388=CARTESIAN_POINT('Ctrl Pts',(-35.7156615492996,-5.56345501467844,-11.1527665380676));
#9389=CARTESIAN_POINT('Ctrl Pts',(-36.7877144639293,-0.411393446424876,
-11.8806300298271));
#9390=CARTESIAN_POINT('Ctrl Pts',(-35.9555782135211,4.89114351952571,-11.3166461446734));
#9391=CARTESIAN_POINT('Ctrl Pts',(-34.9959113025952,7.58039048903382,-10.6611275453443));
#9392=CARTESIAN_POINT('Ctrl Pts',(-36.0553173914284,-7.84271091861448,-10.1856485329175));
#9393=CARTESIAN_POINT('Ctrl Pts',(-36.807347281271,-5.76944058500581,-10.7174139676801));
#9394=CARTESIAN_POINT('Ctrl Pts',(-37.9356691631992,-0.430453098490976,
-11.5152580217527));
#9395=CARTESIAN_POINT('Ctrl Pts',(-37.0580238513585,5.07835073439199,-10.8946690702735));
#9396=CARTESIAN_POINT('Ctrl Pts',(-36.0553173045223,7.84271115820589,-10.1856484714655));
#9397=CARTESIAN_POINT('',(-22.9994378200433,-2.15707982122171E-6,-31.5723693384259));
#9398=CARTESIAN_POINT('Ctrl Pts',(-21.6215605747817,7.84271115820589,-30.5980629946587));
#9399=CARTESIAN_POINT('Ctrl Pts',(-22.4988676913337,5.42406426677088,-31.2184128059559));
#9400=CARTESIAN_POINT('Ctrl Pts',(-22.992500886084,2.71182005247622,-31.5674641853825));
#9401=CARTESIAN_POINT('Ctrl Pts',(-22.9994378200433,-2.15707982131885E-6,
-31.5723693384259));
#9402=CARTESIAN_POINT('Ctrl Pts',(-22.9994378200433,-2.15707982131885E-6,
-31.5723693384259));
#9403=CARTESIAN_POINT('Ctrl Pts',(-23.0004293628566,-0.387621217377169,
-31.5730704650729));
#9404=CARTESIAN_POINT('Ctrl Pts',(-22.9377907883825,-3.09976090167404,-31.5287783042985));
#9405=CARTESIAN_POINT('Ctrl Pts',(-22.3735905515303,-5.76944058500581,-31.1298284908732));
#9406=CARTESIAN_POINT('Ctrl Pts',(-21.6215606616878,-7.84271091861448,-30.5980630561106));
#9407=CARTESIAN_POINT('Ctrl Pts',(-36.0553173914284,-7.84271091861448,-10.1856485329175));
#9408=CARTESIAN_POINT('Ctrl Pts',(-36.807347281271,-5.76944058500581,-10.7174139676801));
#9409=CARTESIAN_POINT('Ctrl Pts',(-37.9356691631992,-0.430453098490976,
-11.5152580217527));
#9410=CARTESIAN_POINT('Ctrl Pts',(-37.0580238513585,5.07835073439199,-10.8946690702735));
#9411=CARTESIAN_POINT('Ctrl Pts',(-36.0553173045223,7.84271115820589,-10.1856484714655));
#9412=CARTESIAN_POINT('Origin',(0.,0.,0.));
#9413=CARTESIAN_POINT('',(7.66666666666667,2.81668763803891E-15,21.6846079563875));
#9414=CARTESIAN_POINT('Origin',(0.,0.,0.));
#9415=CARTESIAN_POINT('',(-3.83333333333333,-6.6395280956807,21.6846079563875));
#9416=CARTESIAN_POINT('Origin',(0.,0.,0.));
#9417=CARTESIAN_POINT('',(-23.,2.81668763803891E-15,0.));
#9418=CARTESIAN_POINT('Origin',(0.,0.,0.));
#9419=CARTESIAN_POINT('',(-3.83333333333333,6.6395280956807,21.6846079563875));
#9420=CARTESIAN_POINT('Origin',(25.9272486435068,44.9073119510249,18.3333333333333));
#9421=CARTESIAN_POINT('Origin',(25.9272486435067,-44.9073119510249,18.3333333333333));
#9422=CARTESIAN_POINT('Origin',(-51.8544972870135,0.,18.3333333333333));
#9423=CARTESIAN_POINT('Origin',(0.,0.,-55.));
#9424=UNCERTAINTY_MEASURE_WITH_UNIT(LENGTH_MEASURE(0.01),#9428,
'DISTANCE_ACCURACY_VALUE',
'Maximum model space distance between geometric entities at asserted c
onnectivities');
#9425=UNCERTAINTY_MEASURE_WITH_UNIT(LENGTH_MEASURE(0.01),#9428,
'DISTANCE_ACCURACY_VALUE',
'Maximum model space distance between geometric entities at asserted c
onnectivities');
#9426=(
GEOMETRIC_REPRESENTATION_CONTEXT(3)
GLOBAL_UNCERTAINTY_ASSIGNED_CONTEXT((#9424))
GLOBAL_UNIT_ASSIGNED_CONTEXT((#9428,#9430,#9431))
REPRESENTATION_CONTEXT('','3D')
);
#9427=(
GEOMETRIC_REPRESENTATION_CONTEXT(3)
GLOBAL_UNCERTAINTY_ASSIGNED_CONTEXT((#9425))
GLOBAL_UNIT_ASSIGNED_CONTEXT((#9428,#9430,#9431))
REPRESENTATION_CONTEXT('','3D')
);
#9428=(
LENGTH_UNIT()
NAMED_UNIT(*)
SI_UNIT(.MILLI.,.METRE.)
);
#9429=(
LENGTH_UNIT()
NAMED_UNIT(*)
SI_UNIT($,.METRE.)
);
#9430=(
NAMED_UNIT(*)
PLANE_ANGLE_UNIT()
SI_UNIT($,.RADIAN.)
);
#9431=(
NAMED_UNIT(*)
SI_UNIT($,.STERADIAN.)
SOLID_ANGLE_UNIT()
);
#9432=SHAPE_DEFINITION_REPRESENTATION(#9433,#9434);
#9433=PRODUCT_DEFINITION_SHAPE('',$,#9436);
#9434=SHAPE_REPRESENTATION('',(#835),#9426);
#9435=PRODUCT_DEFINITION_CONTEXT('part definition',#9440,'design');
#9436=PRODUCT_DEFINITION('node-rounded','node-rounded v1',#9437,#9435);
#9437=PRODUCT_DEFINITION_FORMATION('',$,#9442);
#9438=PRODUCT_RELATED_PRODUCT_CATEGORY('node-rounded v1',
'node-rounded v1',(#9442));
#9439=APPLICATION_PROTOCOL_DEFINITION('international standard',
'automotive_design',2009,#9440);
#9440=APPLICATION_CONTEXT(
'Core Data for Automotive Mechanical Design Process');
#9441=PRODUCT_CONTEXT('part definition',#9440,'mechanical');
#9442=PRODUCT('node-rounded','node-rounded v1',$,(#9441));
#9443=PRESENTATION_STYLE_ASSIGNMENT((#9444));
#9444=SURFACE_STYLE_USAGE(.BOTH.,#9445);
#9445=SURFACE_SIDE_STYLE('',(#9446));
#9446=SURFACE_STYLE_FILL_AREA(#9447);
#9447=FILL_AREA_STYLE('Stahl - satiniert',(#9448));
#9448=FILL_AREA_STYLE_COLOUR('Stahl - satiniert',#9449);
#9449=COLOUR_RGB('Stahl - satiniert',0.627450980392157,0.627450980392157,
0.627450980392157);
ENDSEC;
END-ISO-10303-21;
