ISO-10303-21;
HEADER;
/* Generated by software containing ST-Developer
 * from STEP Tools, Inc. (www.steptools.com) 
 */

FILE_DESCRIPTION(
/* description */ (''),
/* implementation_level */ '2;1');

FILE_NAME(
/* name */ 'thread-inlet-m40x2_5.step',
/* time_stamp */ '2026-08-25T18:53:06+02:00',
/* author */ (''),
/* organization */ (''),
/* preprocessor_version */ 'ST-DEVELOPER v20.1',
/* originating_system */ 'Autodesk Translation Framework v15.8.0.0',
/* authorisation */ '');

FILE_SCHEMA (('AUTOMOTIVE_DESIGN { 1 0 10303 214 3 1 1 }'));
ENDSEC;

DATA;
#10=MECHANICAL_DESIGN_GEOMETRIC_PRESENTATION_REPRESENTATION('',(#13),#8163);
#11=SHAPE_REPRESENTATION_RELATIONSHIP('SRR','None',#8170,#12);
#12=ADVANCED_BREP_SHAPE_REPRESENTATION('',(#14),#8162);
#13=STYLED_ITEM('',(#8179),#14);
#14=MANIFOLD_SOLID_BREP('thread-inlet-m40x2_5-pressfit-42mm',#895);
#15=(
BOUNDED_SURFACE()
B_SPLINE_SURFACE(5,1,((#6694,#6695),(#6696,#6697),(#6698,#6699),(#6700,
#6701),(#6702,#6703),(#6704,#6705),(#6706,#6707),(#6708,#6709),(#6710,#6711),
(#6712,#6713),(#6714,#6715),(#6716,#6717),(#6718,#6719),(#6720,#6721),(#6722,
#6723),(#6724,#6725),(#6726,#6727),(#6728,#6729),(#6730,#6731),(#6732,#6733),
(#6734,#6735),(#6736,#6737),(#6738,#6739),(#6740,#6741),(#6742,#6743),(#6744,
#6745),(#6746,#6747),(#6748,#6749),(#6750,#6751),(#6752,#6753),(#6754,#6755),
(#6756,#6757),(#6758,#6759),(#6760,#6761),(#6762,#6763),(#6764,#6765),(#6766,
#6767),(#6768,#6769),(#6770,#6771),(#6772,#6773),(#6774,#6775),(#6776,#6777),
(#6778,#6779),(#6780,#6781),(#6782,#6783),(#6784,#6785),(#6786,#6787),(#6788,
#6789),(#6790,#6791),(#6792,#6793),(#6794,#6795),(#6796,#6797),(#6798,#6799),
(#6800,#6801),(#6802,#6803),(#6804,#6805),(#6806,#6807),(#6808,#6809),(#6810,
#6811),(#6812,#6813),(#6814,#6815),(#6816,#6817),(#6818,#6819),(#6820,#6821),
(#6822,#6823),(#6824,#6825),(#6826,#6827),(#6828,#6829),(#6830,#6831),(#6832,
#6833),(#6834,#6835),(#6836,#6837),(#6838,#6839),(#6840,#6841),(#6842,#6843),
(#6844,#6845),(#6846,#6847),(#6848,#6849),(#6850,#6851),(#6852,#6853),(#6854,
#6855),(#6856,#6857),(#6858,#6859),(#6860,#6861),(#6862,#6863),(#6864,#6865),
(#6866,#6867),(#6868,#6869),(#6870,#6871),(#6872,#6873),(#6874,#6875),(#6876,
#6877),(#6878,#6879),(#6880,#6881),(#6882,#6883),(#6884,#6885),(#6886,#6887),
(#6888,#6889),(#6890,#6891),(#6892,#6893),(#6894,#6895),(#6896,#6897),(#6898,
#6899),(#6900,#6901),(#6902,#6903),(#6904,#6905),(#6906,#6907),(#6908,#6909),
(#6910,#6911),(#6912,#6913),(#6914,#6915),(#6916,#6917),(#6918,#6919),(#6920,
#6921),(#6922,#6923),(#6924,#6925),(#6926,#6927),(#6928,#6929),(#6930,#6931),
(#6932,#6933),(#6934,#6935),(#6936,#6937),(#6938,#6939),(#6940,#6941),(#6942,
#6943),(#6944,#6945),(#6946,#6947),(#6948,#6949),(#6950,#6951),(#6952,#6953),
(#6954,#6955),(#6956,#6957),(#6958,#6959),(#6960,#6961),(#6962,#6963),(#6964,
#6965),(#6966,#6967),(#6968,#6969),(#6970,#6971),(#6972,#6973),(#6974,#6975),
(#6976,#6977),(#6978,#6979),(#6980,#6981),(#6982,#6983),(#6984,#6985),(#6986,
#6987),(#6988,#6989),(#6990,#6991),(#6992,#6993),(#6994,#6995),(#6996,#6997),
(#6998,#6999),(#7000,#7001),(#7002,#7003),(#7004,#7005),(#7006,#7007),(#7008,
#7009),(#7010,#7011),(#7012,#7013),(#7014,#7015),(#7016,#7017),(#7018,#7019),
(#7020,#7021),(#7022,#7023),(#7024,#7025),(#7026,#7027),(#7028,#7029),(#7030,
#7031),(#7032,#7033),(#7034,#7035),(#7036,#7037),(#7038,#7039),(#7040,#7041),
(#7042,#7043),(#7044,#7045),(#7046,#7047),(#7048,#7049),(#7050,#7051),(#7052,
#7053),(#7054,#7055),(#7056,#7057),(#7058,#7059),(#7060,#7061),(#7062,#7063),
(#7064,#7065),(#7066,#7067),(#7068,#7069),(#7070,#7071),(#7072,#7073),(#7074,
#7075),(#7076,#7077),(#7078,#7079),(#7080,#7081),(#7082,#7083),(#7084,#7085),
(#7086,#7087),(#7088,#7089),(#7090,#7091),(#7092,#7093),(#7094,#7095),(#7096,
#7097),(#7098,#7099),(#7100,#7101),(#7102,#7103),(#7104,#7105),(#7106,#7107),
(#7108,#7109),(#7110,#7111),(#7112,#7113),(#7114,#7115),(#7116,#7117),(#7118,
#7119),(#7120,#7121),(#7122,#7123),(#7124,#7125),(#7126,#7127),(#7128,#7129),
(#7130,#7131),(#7132,#7133),(#7134,#7135),(#7136,#7137),(#7138,#7139),(#7140,
#7141),(#7142,#7143),(#7144,#7145),(#7146,#7147),(#7148,#7149),(#7150,#7151),
(#7152,#7153),(#7154,#7155),(#7156,#7157),(#7158,#7159),(#7160,#7161),(#7162,
#7163),(#7164,#7165),(#7166,#7167),(#7168,#7169),(#7170,#7171),(#7172,#7173),
(#7174,#7175),(#7176,#7177),(#7178,#7179),(#7180,#7181),(#7182,#7183),(#7184,
#7185),(#7186,#7187),(#7188,#7189),(#7190,#7191),(#7192,#7193),(#7194,#7195),
(#7196,#7197),(#7198,#7199),(#7200,#7201),(#7202,#7203),(#7204,#7205),(#7206,
#7207),(#7208,#7209),(#7210,#7211),(#7212,#7213),(#7214,#7215),(#7216,#7217),
(#7218,#7219),(#7220,#7221),(#7222,#7223),(#7224,#7225),(#7226,#7227),(#7228,
#7229),(#7230,#7231),(#7232,#7233),(#7234,#7235),(#7236,#7237),(#7238,#7239),
(#7240,#7241),(#7242,#7243),(#7244,#7245),(#7246,#7247),(#7248,#7249),(#7250,
#7251),(#7252,#7253),(#7254,#7255),(#7256,#7257),(#7258,#7259),(#7260,#7261),
(#7262,#7263),(#7264,#7265),(#7266,#7267),(#7268,#7269),(#7270,#7271),(#7272,
#7273),(#7274,#7275),(#7276,#7277),(#7278,#7279),(#7280,#7281),(#7282,#7283),
(#7284,#7285),(#7286,#7287),(#7288,#7289),(#7290,#7291),(#7292,#7293),(#7294,
#7295),(#7296,#7297),(#7298,#7299),(#7300,#7301),(#7302,#7303),(#7304,#7305),
(#7306,#7307),(#7308,#7309),(#7310,#7311),(#7312,#7313),(#7314,#7315),(#7316,
#7317),(#7318,#7319),(#7320,#7321),(#7322,#7323),(#7324,#7325),(#7326,#7327),
(#7328,#7329),(#7330,#7331),(#7332,#7333),(#7334,#7335),(#7336,#7337),(#7338,
#7339),(#7340,#7341),(#7342,#7343),(#7344,#7345),(#7346,#7347),(#7348,#7349),
(#7350,#7351),(#7352,#7353),(#7354,#7355),(#7356,#7357),(#7358,#7359),(#7360,
#7361),(#7362,#7363),(#7364,#7365),(#7366,#7367),(#7368,#7369),(#7370,#7371),
(#7372,#7373),(#7374,#7375),(#7376,#7377),(#7378,#7379),(#7380,#7381),(#7382,
#7383),(#7384,#7385),(#7386,#7387),(#7388,#7389),(#7390,#7391),(#7392,#7393),
(#7394,#7395),(#7396,#7397),(#7398,#7399),(#7400,#7401),(#7402,#7403),(#7404,
#7405),(#7406,#7407),(#7408,#7409),(#7410,#7411),(#7412,#7413),(#7414,#7415),
(#7416,#7417),(#7418,#7419),(#7420,#7421),(#7422,#7423),(#7424,#7425),(#7426,
#7427),(#7428,#7429),(#7430,#7431),(#7432,#7433),(#7434,#7435),(#7436,#7437),
(#7438,#7439),(#7440,#7441),(#7442,#7443),(#7444,#7445),(#7446,#7447),(#7448,
#7449),(#7450,#7451),(#7452,#7453),(#7454,#7455),(#7456,#7457),(#7458,#7459),
(#7460,#7461),(#7462,#7463),(#7464,#7465),(#7466,#7467),(#7468,#7469),(#7470,
#7471),(#7472,#7473),(#7474,#7475),(#7476,#7477),(#7478,#7479),(#7480,#7481),
(#7482,#7483),(#7484,#7485),(#7486,#7487),(#7488,#7489),(#7490,#7491),(#7492,
#7493),(#7494,#7495),(#7496,#7497),(#7498,#7499),(#7500,#7501),(#7502,#7503),
(#7504,#7505),(#7506,#7507),(#7508,#7509),(#7510,#7511),(#7512,#7513),(#7514,
#7515),(#7516,#7517),(#7518,#7519),(#7520,#7521),(#7522,#7523),(#7524,#7525),
(#7526,#7527),(#7528,#7529),(#7530,#7531),(#7532,#7533),(#7534,#7535),(#7536,
#7537),(#7538,#7539),(#7540,#7541),(#7542,#7543),(#7544,#7545),(#7546,#7547),
(#7548,#7549),(#7550,#7551),(#7552,#7553),(#7554,#7555),(#7556,#7557),(#7558,
#7559),(#7560,#7561),(#7562,#7563),(#7564,#7565),(#7566,#7567),(#7568,#7569),
(#7570,#7571),(#7572,#7573),(#7574,#7575),(#7576,#7577),(#7578,#7579),(#7580,
#7581),(#7582,#7583),(#7584,#7585),(#7586,#7587),(#7588,#7589),(#7590,#7591),
(#7592,#7593),(#7594,#7595),(#7596,#7597),(#7598,#7599),(#7600,#7601),(#7602,
#7603),(#7604,#7605),(#7606,#7607),(#7608,#7609),(#7610,#7611),(#7612,#7613),
(#7614,#7615),(#7616,#7617),(#7618,#7619),(#7620,#7621),(#7622,#7623),(#7624,
#7625),(#7626,#7627),(#7628,#7629),(#7630,#7631),(#7632,#7633),(#7634,#7635),
(#7636,#7637),(#7638,#7639),(#7640,#7641),(#7642,#7643),(#7644,#7645),(#7646,
#7647),(#7648,#7649),(#7650,#7651),(#7652,#7653),(#7654,#7655),(#7656,#7657),
(#7658,#7659),(#7660,#7661),(#7662,#7663)),.UNSPECIFIED.,.T.,.F.,.F.)
B_SPLINE_SURFACE_WITH_KNOTS((6,1,1,1,1,1,1,1,1,1,1,1,1,1,1,1,1,1,1,1,1,
1,1,1,1,1,1,1,1,1,1,1,1,1,1,1,1,1,1,1,1,1,1,1,1,1,1,1,1,1,1,1,1,1,1,1,1,
1,1,1,1,1,1,1,1,1,1,1,1,1,1,1,1,1,1,1,1,1,1,1,1,1,1,1,1,1,1,1,1,1,1,1,1,
1,1,1,1,1,1,1,1,1,1,1,1,1,1,1,1,1,1,1,1,1,1,1,1,1,1,1,1,1,1,1,1,1,1,1,1,
1,1,1,1,1,1,1,1,1,1,1,1,1,1,1,1,1,1,1,1,1,1,1,1,1,1,1,1,1,1,1,1,1,1,1,1,
1,1,1,1,1,1,1,1,1,1,1,1,1,1,1,1,1,1,1,1,1,1,1,1,1,1,1,1,1,1,1,1,1,1,1,1,
1,1,1,1,1,1,1,1,1,1,1,1,1,1,1,1,1,1,1,1,1,1,1,1,1,1,1,1,1,1,1,1,1,1,1,1,
1,1,1,1,1,1,1,1,1,1,1,1,1,1,1,1,1,1,1,1,1,1,1,1,1,1,1,1,1,1,1,1,1,1,1,1,
1,1,1,1,1,1,1,1,1,1,1,1,1,1,1,1,1,1,1,1,1,1,1,1,1,1,1,1,1,1,1,1,1,1,1,1,
1,1,1,1,1,1,1,1,1,1,1,1,1,1,1,1,1,1,1,1,1,1,1,1,1,1,1,1,1,1,1,1,1,1,1,1,
1,1,1,1,1,1,1,1,1,1,1,1,1,1,1,1,1,1,1,1,1,1,1,1,1,1,1,1,1,1,1,1,1,1,1,1,
1,1,1,1,1,1,1,1,1,1,1,1,1,1,1,1,1,1,1,1,1,1,1,1,1,1,1,1,1,1,1,1,1,1,1,1,
1,1,1,1,1,1,1,1,1,1,1,1,1,1,1,1,1,1,1,1,1,1,1,1,1,1,1,1,1,1,1,1,1,1,1,1,
1,1,1,1,1,1,1,1,1,1,1,1,1,1,1,1,1,1,1,1,1,1,1,1,1,1,1,6),(2,2),(0.,0.00208333333333333,
0.00416666666666667,0.00625,0.00833333333333333,0.0104166666666667,0.0125,
0.0145833333333333,0.0166666666666667,0.01875,0.0208333333333333,0.0229166666666667,
0.025,0.0270833333333333,0.0291666666666667,0.03125,0.0333333333333333,
0.0354166666666667,0.0375,0.0395833333333333,0.0416666666666667,0.04375,
0.0458333333333333,0.0479166666666667,0.05,0.0520833333333333,0.0541666666666667,
0.05625,0.0583333333333333,0.0604166666666667,0.0625,0.0645833333333333,
0.0666666666666667,0.06875,0.0708333333333333,0.0729166666666667,0.075,
0.0770833333333334,0.0791666666666667,0.08125,0.0833333333333334,0.0854166666666667,
0.0875000000000001,0.0895833333333334,0.0916666666666667,0.0937500000000001,
0.0958333333333334,0.0979166666666668,0.1,0.102083333333333,0.104166666666667,
0.10625,0.108333333333333,0.110416666666667,0.1125,0.114583333333333,0.116666666666667,
0.11875,0.120833333333334,0.122916666666667,0.125,0.127083333333333,0.129166666666667,
0.13125,0.133333333333333,0.135416666666667,0.1375,0.139583333333333,0.141666666666667,
0.14375,0.145833333333333,0.147916666666667,0.15,0.152083333333333,0.154166666666667,
0.15625,0.158333333333333,0.160416666666667,0.1625,0.164583333333333,0.166666666666667,
0.16875,0.170833333333333,0.172916666666667,0.175,0.177083333333333,0.179166666666667,
0.18125,0.183333333333333,0.185416666666667,0.1875,0.189583333333333,0.191666666666667,
0.19375,0.195833333333333,0.197916666666667,0.2,0.202083333333333,0.204166666666667,
0.20625,0.208333333333333,0.210416666666667,0.2125,0.214583333333333,0.216666666666667,
0.21875,0.220833333333333,0.222916666666666,0.225,0.227083333333333,0.229166666666666,
0.23125,0.233333333333333,0.235416666666666,0.2375,0.239583333333333,0.241666666666666,
0.24375,0.245833333333333,0.247916666666666,0.25,0.252083333333333,0.254166666666666,
0.25625,0.258333333333333,0.260416666666666,0.2625,0.264583333333333,0.266666666666666,
0.26875,0.270833333333333,0.272916666666666,0.275,0.277083333333333,0.279166666666666,
0.28125,0.283333333333333,0.285416666666666,0.2875,0.289583333333333,0.291666666666666,
0.29375,0.295833333333333,0.297916666666666,0.3,0.302083333333333,0.304166666666666,
0.30625,0.308333333333333,0.310416666666666,0.3125,0.314583333333333,0.316666666666666,
0.318749999999999,0.320833333333333,0.322916666666666,0.324999999999999,
0.327083333333333,0.329166666666666,0.331249999999999,0.333333333333333,
0.335416666666666,0.337499999999999,0.339583333333333,0.341666666666666,
0.343749999999999,0.345833333333333,0.347916666666666,0.349999999999999,
0.352083333333333,0.354166666666666,0.356249999999999,0.358333333333333,
0.360416666666666,0.362499999999999,0.364583333333333,0.366666666666666,
0.368749999999999,0.370833333333333,0.372916666666666,0.374999999999999,
0.377083333333333,0.379166666666666,0.381249999999999,0.383333333333333,
0.385416666666666,0.387499999999999,0.389583333333333,0.391666666666666,
0.393749999999999,0.395833333333333,0.397916666666666,0.399999999999999,
0.402083333333333,0.404166666666666,0.406249999999999,0.408333333333332,
0.410416666666666,0.412499999999999,0.414583333333332,0.416666666666666,
0.418749999999999,0.420833333333332,0.422916666666666,0.424999999999999,
0.427083333333332,0.429166666666666,0.431249999999999,0.433333333333332,
0.435416666666666,0.437499999999999,0.439583333333332,0.441666666666666,
0.443749999999999,0.445833333333332,0.447916666666666,0.449999999999999,
0.452083333333332,0.454166666666666,0.456249999999999,0.458333333333332,
0.460416666666666,0.462499999999999,0.464583333333332,0.466666666666666,
0.468749999999999,0.470833333333332,0.472916666666666,0.474999999999999,
0.477083333333332,0.479166666666666,0.481249999999999,0.483333333333332,
0.485416666666666,0.487499999999999,0.489583333333332,0.491666666666666,
0.493749999999999,0.495833333333332,0.497916666666666,0.499999999999999,
0.502083333333332,0.504166666666666,0.506249999999999,0.508333333333332,
0.510416666666666,0.512499999999999,0.514583333333332,0.516666666666665,
0.518749999999999,0.520833333333332,0.522916666666665,0.524999999999999,
0.527083333333332,0.529166666666665,0.531249999999999,0.533333333333332,
0.535416666666665,0.537499999999999,0.539583333333332,0.541666666666665,
0.543749999999999,0.545833333333332,0.547916666666665,0.549999999999999,
0.552083333333332,0.554166666666665,0.556249999999999,0.558333333333332,
0.560416666666665,0.562499999999999,0.564583333333332,0.566666666666665,
0.568749999999999,0.570833333333332,0.572916666666665,0.574999999999999,
0.577083333333332,0.579166666666665,0.581249999999999,0.583333333333332,
0.585416666666665,0.587499999999999,0.589583333333332,0.591666666666665,
0.593749999999999,0.595833333333332,0.597916666666665,0.599999999999999,
0.602083333333332,0.604166666666665,0.606249999999999,0.608333333333332,
0.610416666666665,0.612499999999998,0.614583333333332,0.616666666666665,
0.618749999999998,0.620833333333332,0.622916666666665,0.624999999999998,
0.627083333333332,0.629166666666665,0.631249999999998,0.633333333333332,
0.635416666666665,0.637499999999998,0.639583333333332,0.641666666666665,
0.643749999999998,0.645833333333332,0.647916666666665,0.649999999999998,
0.652083333333332,0.654166666666665,0.656249999999998,0.658333333333332,
0.660416666666665,0.662499999999998,0.664583333333332,0.666666666666665,
0.668749999999998,0.670833333333332,0.672916666666665,0.674999999999998,
0.677083333333332,0.679166666666665,0.681249999999998,0.683333333333332,
0.685416666666665,0.687499999999998,0.689583333333332,0.691666666666665,
0.693749999999998,0.695833333333332,0.697916666666665,0.699999999999998,
0.702083333333332,0.704166666666665,0.706249999999998,0.708333333333331,
0.710416666666665,0.712499999999998,0.714583333333331,0.716666666666665,
0.718749999999998,0.720833333333331,0.722916666666665,0.724999999999998,
0.727083333333331,0.729166666666665,0.731249999999998,0.733333333333331,
0.735416666666665,0.737499999999998,0.739583333333331,0.741666666666665,
0.743749999999998,0.745833333333331,0.747916666666665,0.749999999999998,
0.752083333333331,0.754166666666665,0.756249999999998,0.758333333333331,
0.760416666666665,0.762499999999998,0.764583333333331,0.766666666666665,
0.768749999999998,0.770833333333331,0.772916666666665,0.774999999999998,
0.777083333333331,0.779166666666665,0.781249999999998,0.783333333333331,
0.785416666666665,0.787499999999998,0.789583333333331,0.791666666666665,
0.793749999999998,0.795833333333331,0.797916666666664,0.799999999999998,
0.802083333333331,0.804166666666664,0.806249999999998,0.808333333333331,
0.810416666666664,0.812499999999998,0.814583333333331,0.816666666666664,
0.818749999999998,0.820833333333331,0.822916666666664,0.824999999999998,
0.827083333333331,0.829166666666664,0.831249999999998,0.833333333333331,
0.835416666666664,0.837499999999998,0.839583333333331,0.841666666666664,
0.843749999999998,0.845833333333331,0.847916666666664,0.849999999999998,
0.852083333333331,0.854166666666664,0.856249999999998,0.858333333333331,
0.860416666666664,0.862499999999998,0.864583333333331,0.866666666666664,
0.868749999999998,0.870833333333331,0.872916666666664,0.874999999999998,
0.877083333333331,0.879166666666664,0.881249999999998,0.883333333333331,
0.885416666666664,0.887499999999998,0.889583333333331,0.891666666666664,
0.893749999999997,0.895833333333331,0.897916666666664,0.899999999999997,
0.902083333333331,0.904166666666664,0.906249999999997,0.908333333333331,
0.910416666666664,0.912499999999997,0.914583333333331,0.916666666666664,
0.918749999999997,0.920833333333331,0.922916666666664,0.924999999999997,
0.927083333333331,0.929166666666664,0.931249999999997,0.933333333333331,
0.935416666666664,0.937499999999997,0.939583333333331,0.941666666666664,
0.943749999999997,0.945833333333331,0.947916666666664,0.949999999999997,
0.952083333333331,0.954166666666664,0.956249999999997,0.958333333333331,
0.960416666666664,0.962499999999997,0.964583333333331,0.966666666666664,
0.968749999999997,0.970833333333331,0.972916666666664,0.974999999999997,
0.977083333333331,0.979166666666664,0.981249999999997,0.983333333333331,
0.985416666666664,0.987499999999997,0.98958333333333,0.991666666666664,
0.993749999999997,0.99583333333333,0.997916666666664,1.),(0.,3.8),
 .UNSPECIFIED.)
GEOMETRIC_REPRESENTATION_ITEM()
RATIONAL_B_SPLINE_SURFACE(((1.,1.),(1.,1.),(1.,1.),(1.,1.),(1.,1.),(1.,
1.),(1.,1.),(1.,1.),(1.,1.),(1.,1.),(1.,1.),(1.,1.),(1.,1.),(1.,1.),(1.,
1.),(1.,1.),(1.,1.),(1.,1.),(1.,1.),(1.,1.),(1.,1.),(1.,1.),(1.,1.),(1.,
1.),(1.,1.),(1.,1.),(1.,1.),(1.,1.),(1.,1.),(1.,1.),(1.,1.),(1.,1.),(1.,
1.),(1.,1.),(1.,1.),(1.,1.),(1.,1.),(1.,1.),(1.,1.),(1.,1.),(1.,1.),(1.,
1.),(1.,1.),(1.,1.),(1.,1.),(1.,1.),(1.,1.),(1.,1.),(1.,1.),(1.,1.),(1.,
1.),(1.,1.),(1.,1.),(1.,1.),(1.,1.),(1.,1.),(1.,1.),(1.,1.),(1.,1.),(1.,
1.),(1.,1.),(1.,1.),(1.,1.),(1.,1.),(1.,1.),(1.,1.),(1.,1.),(1.,1.),(1.,
1.),(1.,1.),(1.,1.),(1.,1.),(1.,1.),(1.,1.),(1.,1.),(1.,1.),(1.,1.),(1.,
1.),(1.,1.),(1.,1.),(1.,1.),(1.,1.),(1.,1.),(1.,1.),(1.,1.),(1.,1.),(1.,
1.),(1.,1.),(1.,1.),(1.,1.),(1.,1.),(1.,1.),(1.,1.),(1.,1.),(1.,1.),(1.,
1.),(1.,1.),(1.,1.),(1.,1.),(1.,1.),(1.,1.),(1.,1.),(1.,1.),(1.,1.),(1.,
1.),(1.,1.),(1.,1.),(1.,1.),(1.,1.),(1.,1.),(1.,1.),(1.,1.),(1.,1.),(1.,
1.),(1.,1.),(1.,1.),(1.,1.),(1.,1.),(1.,1.),(1.,1.),(1.,1.),(1.,1.),(1.,
1.),(1.,1.),(1.,1.),(1.,1.),(1.,1.),(1.,1.),(1.,1.),(1.,1.),(1.,1.),(1.,
1.),(1.,1.),(1.,1.),(1.,1.),(1.,1.),(1.,1.),(1.,1.),(1.,1.),(1.,1.),(1.,
1.),(1.,1.),(1.,1.),(1.,1.),(1.,1.),(1.,1.),(1.,1.),(1.,1.),(1.,1.),(1.,
1.),(1.,1.),(1.,1.),(1.,1.),(1.,1.),(1.,1.),(1.,1.),(1.,1.),(1.,1.),(1.,
1.),(1.,1.),(1.,1.),(1.,1.),(1.,1.),(1.,1.),(1.,1.),(1.,1.),(1.,1.),(1.,
1.),(1.,1.),(1.,1.),(1.,1.),(1.,1.),(1.,1.),(1.,1.),(1.,1.),(1.,1.),(1.,
1.),(1.,1.),(1.,1.),(1.,1.),(1.,1.),(1.,1.),(1.,1.),(1.,1.),(1.,1.),(1.,
1.),(1.,1.),(1.,1.),(1.,1.),(1.,1.),(1.,1.),(1.,1.),(1.,1.),(1.,1.),(1.,
1.),(1.,1.),(1.,1.),(1.,1.),(1.,1.),(1.,1.),(1.,1.),(1.,1.),(1.,1.),(1.,
1.),(1.,1.),(1.,1.),(1.,1.),(1.,1.),(1.,1.),(1.,1.),(1.,1.),(1.,1.),(1.,
1.),(1.,1.),(1.,1.),(1.,1.),(1.,1.),(1.,1.),(1.,1.),(1.,1.),(1.,1.),(1.,
1.),(1.,1.),(1.,1.),(1.,1.),(1.,1.),(1.,1.),(1.,1.),(1.,1.),(1.,1.),(1.,
1.),(1.,1.),(1.,1.),(1.,1.),(1.,1.),(1.,1.),(1.,1.),(1.,1.),(1.,1.),(1.,
1.),(1.,1.),(1.,1.),(1.,1.),(1.,1.),(1.,1.),(1.,1.),(1.,1.),(1.,1.),(1.,
1.),(1.,1.),(1.,1.),(1.,1.),(1.,1.),(1.,1.),(1.,1.),(1.,1.),(1.,1.),(1.,
1.),(1.,1.),(1.,1.),(1.,1.),(1.,1.),(1.,1.),(1.,1.),(1.,1.),(1.,1.),(1.,
1.),(1.,1.),(1.,1.),(1.,1.),(1.,1.),(1.,1.),(1.,1.),(1.,1.),(1.,1.),(1.,
1.),(1.,1.),(1.,1.),(1.,1.),(1.,1.),(1.,1.),(1.,1.),(1.,1.),(1.,1.),(1.,
1.),(1.,1.),(1.,1.),(1.,1.),(1.,1.),(1.,1.),(1.,1.),(1.,1.),(1.,1.),(1.,
1.),(1.,1.),(1.,1.),(1.,1.),(1.,1.),(1.,1.),(1.,1.),(1.,1.),(1.,1.),(1.,
1.),(1.,1.),(1.,1.),(1.,1.),(1.,1.),(1.,1.),(1.,1.),(1.,1.),(1.,1.),(1.,
1.),(1.,1.),(1.,1.),(1.,1.),(1.,1.),(1.,1.),(1.,1.),(1.,1.),(1.,1.),(1.,
1.),(1.,1.),(1.,1.),(1.,1.),(1.,1.),(1.,1.),(1.,1.),(1.,1.),(1.,1.),(1.,
1.),(1.,1.),(1.,1.),(1.,1.),(1.,1.),(1.,1.),(1.,1.),(1.,1.),(1.,1.),(1.,
1.),(1.,1.),(1.,1.),(1.,1.),(1.,1.),(1.,1.),(1.,1.),(1.,1.),(1.,1.),(1.,
1.),(1.,1.),(1.,1.),(1.,1.),(1.,1.),(1.,1.),(1.,1.),(1.,1.),(1.,1.),(1.,
1.),(1.,1.),(1.,1.),(1.,1.),(1.,1.),(1.,1.),(1.,1.),(1.,1.),(1.,1.),(1.,
1.),(1.,1.),(1.,1.),(1.,1.),(1.,1.),(1.,1.),(1.,1.),(1.,1.),(1.,1.),(1.,
1.),(1.,1.),(1.,1.),(1.,1.),(1.,1.),(1.,1.),(1.,1.),(1.,1.),(1.,1.),(1.,
1.),(1.,1.),(1.,1.),(1.,1.),(1.,1.),(1.,1.),(1.,1.),(1.,1.),(1.,1.),(1.,
1.),(1.,1.),(1.,1.),(1.,1.),(1.,1.),(1.,1.),(1.,1.),(1.,1.),(1.,1.),(1.,
1.),(1.,1.),(1.,1.),(1.,1.),(1.,1.),(1.,1.),(1.,1.),(1.,1.),(1.,1.),(1.,
1.),(1.,1.),(1.,1.),(1.,1.),(1.,1.),(1.,1.),(1.,1.),(1.,1.),(1.,1.),(1.,
1.),(1.,1.),(1.,1.),(1.,1.),(1.,1.),(1.,1.),(1.,1.),(1.,1.),(1.,1.),(1.,
1.),(1.,1.),(1.,1.),(1.,1.),(1.,1.),(1.,1.),(1.,1.),(1.,1.),(1.,1.),(1.,
1.),(1.,1.),(1.,1.),(1.,1.),(1.,1.),(1.,1.),(1.,1.),(1.,1.),(1.,1.),(1.,
1.),(1.,1.),(1.,1.),(1.,1.),(1.,1.),(1.,1.),(1.,1.),(1.,1.),(1.,1.),(1.,
1.),(1.,1.),(1.,1.),(1.,1.),(1.,1.),(1.,1.),(1.,1.),(1.,1.),(1.,1.),(1.,
1.),(1.,1.),(1.,1.),(1.,1.),(1.,1.),(1.,1.),(1.,1.),(1.,1.),(1.,1.),(1.,
1.),(1.,1.),(1.,1.),(1.,1.),(1.,1.),(1.,1.),(1.,1.),(1.,1.),(1.,1.),(1.,
1.),(1.,1.),(1.,1.)))
REPRESENTATION_ITEM('')
SURFACE()
);
#16=CONICAL_SURFACE('',#955,22.175,0.844153986113171);
#17=CONICAL_SURFACE('',#956,22.175,0.844153986113171);
#18=CONICAL_SURFACE('',#957,22.175,0.844153986113171);
#19=CONICAL_SURFACE('',#958,22.175,0.844153986113171);
#20=CONICAL_SURFACE('',#959,22.175,0.844153986113171);
#21=CONICAL_SURFACE('',#960,22.175,0.844153986113171);
#22=CONICAL_SURFACE('',#961,22.175,0.844153986113171);
#23=CONICAL_SURFACE('',#962,22.175,0.844153986113171);
#24=FACE_BOUND('',#126,.T.);
#25=FACE_BOUND('',#139,.T.);
#26=FACE_BOUND('',#141,.T.);
#27=(
BOUNDED_CURVE()
B_SPLINE_CURVE(5,(#6221,#6222,#6223,#6224,#6225,#6226,#6227,#6228,#6229,
#6230,#6231,#6232,#6233,#6234,#6235,#6236,#6237,#6238,#6239,#6240,#6241,
#6242,#6243,#6244,#6245,#6246,#6247,#6248,#6249,#6250,#6251,#6252,#6253,
#6254,#6255,#6256,#6257,#6258,#6259,#6260,#6261,#6262,#6263,#6264,#6265),
 .UNSPECIFIED.,.F.,.F.)
B_SPLINE_CURVE_WITH_KNOTS((6,1,1,1,1,1,1,1,1,1,1,1,1,1,1,1,1,1,1,1,1,1,
1,1,1,1,1,1,1,1,1,1,1,1,1,1,1,1,1,1,6),(0.0215668420188378,0.0229166666666667,
0.025,0.0270833333333333,0.0291666666666667,0.03125,0.0333333333333333,
0.0354166666666667,0.0375,0.0395833333333333,0.0416666666666667,0.04375,
0.0458333333333333,0.0479166666666667,0.05,0.0520833333333333,0.0541666666666667,
0.05625,0.0583333333333333,0.0604166666666667,0.0625,0.0645833333333333,
0.0666666666666667,0.06875,0.0708333333333333,0.0729166666666667,0.075,
0.0770833333333334,0.0791666666666667,0.08125,0.0833333333333334,0.0854166666666667,
0.0875000000000001,0.0895833333333334,0.0916666666666667,0.0937500000000001,
0.0958333333333334,0.0979166666666668,0.1,0.102083333333333,0.103433157981148),
 .UNSPECIFIED.)
CURVE()
GEOMETRIC_REPRESENTATION_ITEM()
RATIONAL_B_SPLINE_CURVE((1.,1.,1.,1.,1.,1.,1.,1.,1.,1.,1.,1.,1.,1.,1.,1.,
1.,1.,1.,1.,1.,1.,1.,1.,1.,1.,1.,1.,1.,1.,1.,1.,1.,1.,1.,1.,1.,1.,1.,1.,
1.,1.,1.,1.,1.))
REPRESENTATION_ITEM('')
);
#28=(
BOUNDED_CURVE()
B_SPLINE_CURVE(5,(#6269,#6270,#6271,#6272,#6273,#6274,#6275,#6276,#6277,
#6278,#6279,#6280,#6281,#6282,#6283,#6284,#6285,#6286,#6287,#6288,#6289,
#6290,#6291,#6292,#6293,#6294,#6295,#6296,#6297,#6298,#6299,#6300,#6301,
#6302,#6303,#6304,#6305,#6306,#6307,#6308,#6309,#6310,#6311,#6312,#6313),
 .UNSPECIFIED.,.F.,.F.)
B_SPLINE_CURVE_WITH_KNOTS((6,1,1,1,1,1,1,1,1,1,1,1,1,1,1,1,1,1,1,1,1,1,
1,1,1,1,1,1,1,1,1,1,1,1,1,1,1,1,1,1,6),(0.146566842018841,0.147916666666667,
0.15,0.152083333333333,0.154166666666667,0.15625,0.158333333333333,0.160416666666667,
0.1625,0.164583333333333,0.166666666666667,0.16875,0.170833333333333,0.172916666666667,
0.175,0.177083333333333,0.179166666666667,0.18125,0.183333333333333,0.185416666666667,
0.1875,0.189583333333333,0.191666666666667,0.19375,0.195833333333333,0.197916666666667,
0.2,0.202083333333333,0.204166666666667,0.20625,0.208333333333333,0.210416666666667,
0.2125,0.214583333333333,0.216666666666667,0.21875,0.220833333333333,0.222916666666666,
0.225,0.227083333333333,0.228433157981166),.UNSPECIFIED.)
CURVE()
GEOMETRIC_REPRESENTATION_ITEM()
RATIONAL_B_SPLINE_CURVE((1.,1.,1.,1.,1.,1.,1.,1.,1.,1.,1.,1.,1.,1.,1.,1.,
1.,1.,1.,1.,1.,1.,1.,1.,1.,1.,1.,1.,1.,1.,1.,1.,1.,1.,1.,1.,1.,1.,1.,1.,
1.,1.,1.,1.,1.))
REPRESENTATION_ITEM('')
);
#29=(
BOUNDED_CURVE()
B_SPLINE_CURVE(5,(#6317,#6318,#6319,#6320,#6321,#6322,#6323,#6324,#6325,
#6326,#6327,#6328,#6329,#6330,#6331,#6332,#6333,#6334,#6335,#6336,#6337,
#6338,#6339,#6340,#6341,#6342,#6343,#6344,#6345,#6346,#6347,#6348,#6349,
#6350,#6351,#6352,#6353,#6354,#6355,#6356,#6357,#6358,#6359,#6360,#6361),
 .UNSPECIFIED.,.F.,.F.)
B_SPLINE_CURVE_WITH_KNOTS((6,1,1,1,1,1,1,1,1,1,1,1,1,1,1,1,1,1,1,1,1,1,
1,1,1,1,1,1,1,1,1,1,1,1,1,1,1,1,1,1,6),(0.271566842018848,0.272916666666666,
0.275,0.277083333333333,0.279166666666666,0.28125,0.283333333333333,0.285416666666666,
0.2875,0.289583333333333,0.291666666666666,0.29375,0.295833333333333,0.297916666666666,
0.3,0.302083333333333,0.304166666666666,0.30625,0.308333333333333,0.310416666666666,
0.3125,0.314583333333333,0.316666666666666,0.318749999999999,0.320833333333333,
0.322916666666666,0.324999999999999,0.327083333333333,0.329166666666666,
0.331249999999999,0.333333333333333,0.335416666666666,0.337499999999999,
0.339583333333333,0.341666666666666,0.343749999999999,0.345833333333333,
0.347916666666666,0.349999999999999,0.352083333333333,0.353433157981154),
 .UNSPECIFIED.)
CURVE()
GEOMETRIC_REPRESENTATION_ITEM()
RATIONAL_B_SPLINE_CURVE((1.,1.,1.,1.,1.,1.,1.,1.,1.,1.,1.,1.,1.,1.,1.,1.,
1.,1.,1.,1.,1.,1.,1.,1.,1.,1.,1.,1.,1.,1.,1.,1.,1.,1.,1.,1.,1.,1.,1.,1.,
1.,1.,1.,1.,1.))
REPRESENTATION_ITEM('')
);
#30=(
BOUNDED_CURVE()
B_SPLINE_CURVE(5,(#6365,#6366,#6367,#6368,#6369,#6370,#6371,#6372,#6373,
#6374,#6375,#6376,#6377,#6378,#6379,#6380,#6381,#6382,#6383,#6384,#6385,
#6386,#6387,#6388,#6389,#6390,#6391,#6392,#6393,#6394,#6395,#6396,#6397,
#6398,#6399,#6400,#6401,#6402,#6403,#6404,#6405,#6406,#6407,#6408,#6409),
 .UNSPECIFIED.,.F.,.F.)
B_SPLINE_CURVE_WITH_KNOTS((6,1,1,1,1,1,1,1,1,1,1,1,1,1,1,1,1,1,1,1,1,1,
1,1,1,1,1,1,1,1,1,1,1,1,1,1,1,1,1,1,6),(0.39656684201884,0.397916666666666,
0.399999999999999,0.402083333333333,0.404166666666666,0.406249999999999,
0.408333333333332,0.410416666666666,0.412499999999999,0.414583333333332,
0.416666666666666,0.418749999999999,0.420833333333332,0.422916666666666,
0.424999999999999,0.427083333333332,0.429166666666666,0.431249999999999,
0.433333333333332,0.435416666666666,0.437499999999999,0.439583333333332,
0.441666666666666,0.443749999999999,0.445833333333332,0.447916666666666,
0.449999999999999,0.452083333333332,0.454166666666666,0.456249999999999,
0.458333333333332,0.460416666666666,0.462499999999999,0.464583333333332,
0.466666666666666,0.468749999999999,0.470833333333332,0.472916666666666,
0.474999999999999,0.477083333333332,0.47843315798116),.UNSPECIFIED.)
CURVE()
GEOMETRIC_REPRESENTATION_ITEM()
RATIONAL_B_SPLINE_CURVE((1.,1.,1.,1.,1.,1.,1.,1.,1.,1.,1.,1.,1.,1.,1.,1.,
1.,1.,1.,1.,1.,1.,1.,1.,1.,1.,1.,1.,1.,1.,1.,1.,1.,1.,1.,1.,1.,1.,1.,1.,
1.,1.,1.,1.,1.))
REPRESENTATION_ITEM('')
);
#31=(
BOUNDED_CURVE()
B_SPLINE_CURVE(5,(#6413,#6414,#6415,#6416,#6417,#6418,#6419,#6420,#6421,
#6422,#6423,#6424,#6425,#6426,#6427,#6428,#6429,#6430,#6431,#6432,#6433,
#6434,#6435,#6436,#6437,#6438,#6439,#6440,#6441,#6442,#6443,#6444,#6445,
#6446,#6447,#6448,#6449,#6450,#6451,#6452,#6453,#6454,#6455,#6456,#6457),
 .UNSPECIFIED.,.F.,.F.)
B_SPLINE_CURVE_WITH_KNOTS((6,1,1,1,1,1,1,1,1,1,1,1,1,1,1,1,1,1,1,1,1,1,
1,1,1,1,1,1,1,1,1,1,1,1,1,1,1,1,1,1,6),(0.521566842018838,0.522916666666665,
0.524999999999999,0.527083333333332,0.529166666666665,0.531249999999999,
0.533333333333332,0.535416666666665,0.537499999999999,0.539583333333332,
0.541666666666665,0.543749999999999,0.545833333333332,0.547916666666665,
0.549999999999999,0.552083333333332,0.554166666666665,0.556249999999999,
0.558333333333332,0.560416666666665,0.562499999999999,0.564583333333332,
0.566666666666665,0.568749999999999,0.570833333333332,0.572916666666665,
0.574999999999999,0.577083333333332,0.579166666666665,0.581249999999999,
0.583333333333332,0.585416666666665,0.587499999999999,0.589583333333332,
0.591666666666665,0.593749999999999,0.595833333333332,0.597916666666665,
0.599999999999999,0.602083333333332,0.603433157981158),.UNSPECIFIED.)
CURVE()
GEOMETRIC_REPRESENTATION_ITEM()
RATIONAL_B_SPLINE_CURVE((1.,1.,1.,1.,1.,1.,1.,1.,1.,1.,1.,1.,1.,1.,1.,1.,
1.,1.,1.,1.,1.,1.,1.,1.,1.,1.,1.,1.,1.,1.,1.,1.,1.,1.,1.,1.,1.,1.,1.,1.,
1.,1.,1.,1.,1.))
REPRESENTATION_ITEM('')
);
#32=(
BOUNDED_CURVE()
B_SPLINE_CURVE(5,(#6461,#6462,#6463,#6464,#6465,#6466,#6467,#6468,#6469,
#6470,#6471,#6472,#6473,#6474,#6475,#6476,#6477,#6478,#6479,#6480,#6481,
#6482,#6483,#6484,#6485,#6486,#6487,#6488,#6489,#6490,#6491,#6492,#6493,
#6494,#6495,#6496,#6497,#6498,#6499,#6500,#6501,#6502,#6503,#6504,#6505),
 .UNSPECIFIED.,.F.,.F.)
B_SPLINE_CURVE_WITH_KNOTS((6,1,1,1,1,1,1,1,1,1,1,1,1,1,1,1,1,1,1,1,1,1,
1,1,1,1,1,1,1,1,1,1,1,1,1,1,1,1,1,1,6),(0.646566842018838,0.647916666666665,
0.649999999999998,0.652083333333332,0.654166666666665,0.656249999999998,
0.658333333333332,0.660416666666665,0.662499999999998,0.664583333333332,
0.666666666666665,0.668749999999998,0.670833333333332,0.672916666666665,
0.674999999999998,0.677083333333332,0.679166666666665,0.681249999999998,
0.683333333333332,0.685416666666665,0.687499999999998,0.689583333333332,
0.691666666666665,0.693749999999998,0.695833333333332,0.697916666666665,
0.699999999999998,0.702083333333332,0.704166666666665,0.706249999999998,
0.708333333333331,0.710416666666665,0.712499999999998,0.714583333333331,
0.716666666666665,0.718749999999998,0.720833333333331,0.722916666666665,
0.724999999999998,0.727083333333331,0.728433157981159),.UNSPECIFIED.)
CURVE()
GEOMETRIC_REPRESENTATION_ITEM()
RATIONAL_B_SPLINE_CURVE((1.,1.,1.,1.,1.,1.,1.,1.,1.,1.,1.,1.,1.,1.,1.,1.,
1.,1.,1.,1.,1.,1.,1.,1.,1.,1.,1.,1.,1.,1.,1.,1.,1.,1.,1.,1.,1.,1.,1.,1.,
1.,1.,1.,1.,1.))
REPRESENTATION_ITEM('')
);
#33=(
BOUNDED_CURVE()
B_SPLINE_CURVE(5,(#6509,#6510,#6511,#6512,#6513,#6514,#6515,#6516,#6517,
#6518,#6519,#6520,#6521,#6522,#6523,#6524,#6525,#6526,#6527,#6528,#6529,
#6530,#6531,#6532,#6533,#6534,#6535,#6536,#6537,#6538,#6539,#6540,#6541,
#6542,#6543,#6544,#6545,#6546,#6547,#6548,#6549,#6550,#6551,#6552,#6553),
 .UNSPECIFIED.,.F.,.F.)
B_SPLINE_CURVE_WITH_KNOTS((6,1,1,1,1,1,1,1,1,1,1,1,1,1,1,1,1,1,1,1,1,1,
1,1,1,1,1,1,1,1,1,1,1,1,1,1,1,1,1,1,6),(0.771566842018839,0.772916666666665,
0.774999999999998,0.777083333333331,0.779166666666665,0.781249999999998,
0.783333333333331,0.785416666666665,0.787499999999998,0.789583333333331,
0.791666666666665,0.793749999999998,0.795833333333331,0.797916666666664,
0.799999999999998,0.802083333333331,0.804166666666664,0.806249999999998,
0.808333333333331,0.810416666666664,0.812499999999998,0.814583333333331,
0.816666666666664,0.818749999999998,0.820833333333331,0.822916666666664,
0.824999999999998,0.827083333333331,0.829166666666664,0.831249999999998,
0.833333333333331,0.835416666666664,0.837499999999998,0.839583333333331,
0.841666666666664,0.843749999999998,0.845833333333331,0.847916666666664,
0.849999999999998,0.852083333333331,0.853433157981159),.UNSPECIFIED.)
CURVE()
GEOMETRIC_REPRESENTATION_ITEM()
RATIONAL_B_SPLINE_CURVE((1.,1.,1.,1.,1.,1.,1.,1.,1.,1.,1.,1.,1.,1.,1.,1.,
1.,1.,1.,1.,1.,1.,1.,1.,1.,1.,1.,1.,1.,1.,1.,1.,1.,1.,1.,1.,1.,1.,1.,1.,
1.,1.,1.,1.,1.))
REPRESENTATION_ITEM('')
);
#34=(
BOUNDED_CURVE()
B_SPLINE_CURVE(5,(#6556,#6557,#6558,#6559,#6560,#6561,#6562,#6563,#6564,
#6565,#6566,#6567,#6568,#6569,#6570,#6571,#6572,#6573,#6574,#6575,#6576,
#6577,#6578,#6579,#6580,#6581,#6582,#6583,#6584,#6585,#6586,#6587,#6588,
#6589,#6590,#6591,#6592,#6593,#6594,#6595,#6596,#6597,#6598,#6599,#6600),
 .UNSPECIFIED.,.F.,.F.)
B_SPLINE_CURVE_WITH_KNOTS((6,1,1,1,1,1,1,1,1,1,1,1,1,1,1,1,1,1,1,1,1,1,
1,1,1,1,1,1,1,1,1,1,1,1,1,1,1,1,1,1,6),(0.896566842018841,0.897916666666664,
0.899999999999997,0.902083333333331,0.904166666666664,0.906249999999997,
0.908333333333331,0.910416666666664,0.912499999999997,0.914583333333331,
0.916666666666664,0.918749999999997,0.920833333333331,0.922916666666664,
0.924999999999997,0.927083333333331,0.929166666666664,0.931249999999997,
0.933333333333331,0.935416666666664,0.937499999999997,0.939583333333331,
0.941666666666664,0.943749999999997,0.945833333333331,0.947916666666664,
0.949999999999997,0.952083333333331,0.954166666666664,0.956249999999997,
0.958333333333331,0.960416666666664,0.962499999999997,0.964583333333331,
0.966666666666664,0.968749999999997,0.970833333333331,0.972916666666664,
0.974999999999997,0.977083333333331,0.978433157981161),.UNSPECIFIED.)
CURVE()
GEOMETRIC_REPRESENTATION_ITEM()
RATIONAL_B_SPLINE_CURVE((1.,1.,1.,1.,1.,1.,1.,1.,1.,1.,1.,1.,1.,1.,1.,1.,
1.,1.,1.,1.,1.,1.,1.,1.,1.,1.,1.,1.,1.,1.,1.,1.,1.,1.,1.,1.,1.,1.,1.,1.,
1.,1.,1.,1.,1.))
REPRESENTATION_ITEM('')
);
#35=(
BOUNDED_CURVE()
B_SPLINE_CURVE(5,(#7666,#7667,#7668,#7669,#7670,#7671,#7672,#7673,#7674,
#7675,#7676,#7677,#7678,#7679,#7680,#7681,#7682,#7683,#7684,#7685,#7686,
#7687,#7688,#7689,#7690,#7691,#7692,#7693,#7694,#7695,#7696,#7697,#7698,
#7699,#7700,#7701,#7702,#7703,#7704,#7705,#7706,#7707,#7708,#7709,#7710,
#7711,#7712,#7713,#7714,#7715,#7716,#7717,#7718,#7719,#7720,#7721,#7722,
#7723,#7724,#7725,#7726,#7727,#7728,#7729,#7730,#7731,#7732,#7733,#7734,
#7735,#7736,#7737,#7738,#7739,#7740,#7741,#7742,#7743,#7744,#7745,#7746,
#7747,#7748,#7749,#7750,#7751,#7752,#7753,#7754,#7755,#7756,#7757,#7758,
#7759,#7760,#7761,#7762,#7763,#7764,#7765,#7766,#7767,#7768,#7769,#7770,
#7771,#7772,#7773,#7774,#7775,#7776,#7777,#7778,#7779,#7780,#7781,#7782,
#7783,#7784,#7785,#7786,#7787,#7788,#7789,#7790,#7791,#7792,#7793,#7794,
#7795,#7796,#7797,#7798,#7799,#7800,#7801,#7802,#7803,#7804,#7805,#7806,
#7807,#7808,#7809,#7810,#7811,#7812,#7813,#7814,#7815,#7816,#7817,#7818,
#7819,#7820,#7821,#7822,#7823,#7824,#7825,#7826,#7827,#7828,#7829,#7830,
#7831,#7832,#7833,#7834,#7835,#7836,#7837,#7838,#7839,#7840,#7841,#7842,
#7843,#7844,#7845,#7846,#7847,#7848,#7849,#7850,#7851,#7852,#7853,#7854,
#7855,#7856,#7857,#7858,#7859,#7860,#7861,#7862,#7863,#7864,#7865,#7866,
#7867,#7868,#7869,#7870,#7871,#7872,#7873,#7874,#7875,#7876,#7877,#7878,
#7879,#7880,#7881,#7882,#7883,#7884,#7885,#7886,#7887,#7888,#7889,#7890,
#7891,#7892,#7893,#7894,#7895,#7896,#7897,#7898,#7899,#7900,#7901,#7902,
#7903,#7904,#7905,#7906,#7907,#7908,#7909,#7910,#7911,#7912,#7913,#7914,
#7915,#7916,#7917,#7918,#7919,#7920,#7921,#7922,#7923,#7924,#7925,#7926,
#7927,#7928,#7929,#7930,#7931,#7932,#7933,#7934,#7935,#7936,#7937,#7938,
#7939,#7940,#7941,#7942,#7943,#7944,#7945,#7946,#7947,#7948,#7949,#7950,
#7951,#7952,#7953,#7954,#7955,#7956,#7957,#7958,#7959,#7960,#7961,#7962,
#7963,#7964,#7965,#7966,#7967,#7968,#7969,#7970,#7971,#7972,#7973,#7974,
#7975,#7976,#7977,#7978,#7979,#7980,#7981,#7982,#7983,#7984,#7985,#7986,
#7987,#7988,#7989,#7990,#7991,#7992,#7993,#7994,#7995,#7996,#7997,#7998,
#7999,#8000,#8001,#8002,#8003,#8004,#8005,#8006,#8007,#8008,#8009,#8010,
#8011,#8012,#8013,#8014,#8015,#8016,#8017,#8018,#8019,#8020,#8021,#8022,
#8023,#8024,#8025,#8026,#8027,#8028,#8029,#8030,#8031,#8032,#8033,#8034,
#8035,#8036,#8037,#8038,#8039,#8040,#8041,#8042,#8043,#8044,#8045,#8046,
#8047,#8048,#8049,#8050,#8051,#8052,#8053,#8054,#8055,#8056,#8057,#8058,
#8059,#8060,#8061,#8062,#8063,#8064,#8065,#8066,#8067,#8068,#8069,#8070,
#8071,#8072,#8073,#8074,#8075,#8076,#8077,#8078,#8079,#8080,#8081,#8082,
#8083,#8084,#8085,#8086,#8087,#8088,#8089,#8090,#8091,#8092,#8093,#8094,
#8095,#8096,#8097,#8098,#8099,#8100,#8101,#8102,#8103,#8104,#8105,#8106,
#8107,#8108,#8109,#8110,#8111,#8112,#8113,#8114,#8115,#8116,#8117,#8118,
#8119,#8120,#8121,#8122,#8123,#8124,#8125,#8126,#8127,#8128,#8129,#8130,
#8131,#8132,#8133,#8134,#8135,#8136,#8137,#8138,#8139,#8140,#8141,#8142,
#8143,#8144,#8145,#8146,#8147,#8148,#8149,#8150),.UNSPECIFIED.,.T.,.F.)
B_SPLINE_CURVE_WITH_KNOTS((6,1,1,1,1,1,1,1,1,1,1,1,1,1,1,1,1,1,1,1,1,1,
1,1,1,1,1,1,1,1,1,1,1,1,1,1,1,1,1,1,1,1,1,1,1,1,1,1,1,1,1,1,1,1,1,1,1,1,
1,1,1,1,1,1,1,1,1,1,1,1,1,1,1,1,1,1,1,1,1,1,1,1,1,1,1,1,1,1,1,1,1,1,1,1,
1,1,1,1,1,1,1,1,1,1,1,1,1,1,1,1,1,1,1,1,1,1,1,1,1,1,1,1,1,1,1,1,1,1,1,1,
1,1,1,1,1,1,1,1,1,1,1,1,1,1,1,1,1,1,1,1,1,1,1,1,1,1,1,1,1,1,1,1,1,1,1,1,
1,1,1,1,1,1,1,1,1,1,1,1,1,1,1,1,1,1,1,1,1,1,1,1,1,1,1,1,1,1,1,1,1,1,1,1,
1,1,1,1,1,1,1,1,1,1,1,1,1,1,1,1,1,1,1,1,1,1,1,1,1,1,1,1,1,1,1,1,1,1,1,1,
1,1,1,1,1,1,1,1,1,1,1,1,1,1,1,1,1,1,1,1,1,1,1,1,1,1,1,1,1,1,1,1,1,1,1,1,
1,1,1,1,1,1,1,1,1,1,1,1,1,1,1,1,1,1,1,1,1,1,1,1,1,1,1,1,1,1,1,1,1,1,1,1,
1,1,1,1,1,1,1,1,1,1,1,1,1,1,1,1,1,1,1,1,1,1,1,1,1,1,1,1,1,1,1,1,1,1,1,1,
1,1,1,1,1,1,1,1,1,1,1,1,1,1,1,1,1,1,1,1,1,1,1,1,1,1,1,1,1,1,1,1,1,1,1,1,
1,1,1,1,1,1,1,1,1,1,1,1,1,1,1,1,1,1,1,1,1,1,1,1,1,1,1,1,1,1,1,1,1,1,1,1,
1,1,1,1,1,1,1,1,1,1,1,1,1,1,1,1,1,1,1,1,1,1,1,1,1,1,1,1,1,1,1,1,1,1,1,1,
1,1,1,1,1,1,1,1,1,1,1,1,1,1,1,1,1,1,1,1,1,1,1,1,1,1,6),(-1.,-0.997916666666664,
-0.99583333333333,-0.993749999999997,-0.991666666666664,-0.98958333333333,
-0.987499999999997,-0.985416666666664,-0.983333333333331,-0.981249999999997,
-0.979166666666664,-0.977083333333331,-0.974999999999997,-0.972916666666664,
-0.970833333333331,-0.968749999999997,-0.966666666666664,-0.964583333333331,
-0.962499999999997,-0.960416666666664,-0.958333333333331,-0.956249999999997,
-0.954166666666664,-0.952083333333331,-0.949999999999997,-0.947916666666664,
-0.945833333333331,-0.943749999999997,-0.941666666666664,-0.939583333333331,
-0.937499999999997,-0.935416666666664,-0.933333333333331,-0.931249999999997,
-0.929166666666664,-0.927083333333331,-0.924999999999997,-0.922916666666664,
-0.920833333333331,-0.918749999999997,-0.916666666666664,-0.914583333333331,
-0.912499999999997,-0.910416666666664,-0.908333333333331,-0.906249999999997,
-0.904166666666664,-0.902083333333331,-0.899999999999997,-0.897916666666664,
-0.895833333333331,-0.893749999999997,-0.891666666666664,-0.889583333333331,
-0.887499999999998,-0.885416666666664,-0.883333333333331,-0.881249999999998,
-0.879166666666664,-0.877083333333331,-0.874999999999998,-0.872916666666664,
-0.870833333333331,-0.868749999999998,-0.866666666666664,-0.864583333333331,
-0.862499999999998,-0.860416666666664,-0.858333333333331,-0.856249999999998,
-0.854166666666664,-0.852083333333331,-0.849999999999998,-0.847916666666664,
-0.845833333333331,-0.843749999999998,-0.841666666666664,-0.839583333333331,
-0.837499999999998,-0.835416666666664,-0.833333333333331,-0.831249999999998,
-0.829166666666664,-0.827083333333331,-0.824999999999998,-0.822916666666664,
-0.820833333333331,-0.818749999999998,-0.816666666666664,-0.814583333333331,
-0.812499999999998,-0.810416666666664,-0.808333333333331,-0.806249999999998,
-0.804166666666664,-0.802083333333331,-0.799999999999998,-0.797916666666664,
-0.795833333333331,-0.793749999999998,-0.791666666666665,-0.789583333333331,
-0.787499999999998,-0.785416666666665,-0.783333333333331,-0.781249999999998,
-0.779166666666665,-0.777083333333331,-0.774999999999998,-0.772916666666665,
-0.770833333333331,-0.768749999999998,-0.766666666666665,-0.764583333333331,
-0.762499999999998,-0.760416666666665,-0.758333333333331,-0.756249999999998,
-0.754166666666665,-0.752083333333331,-0.749999999999998,-0.747916666666665,
-0.745833333333331,-0.743749999999998,-0.741666666666665,-0.739583333333331,
-0.737499999999998,-0.735416666666665,-0.733333333333331,-0.731249999999998,
-0.729166666666665,-0.727083333333331,-0.724999999999998,-0.722916666666665,
-0.720833333333331,-0.718749999999998,-0.716666666666665,-0.714583333333331,
-0.712499999999998,-0.710416666666665,-0.708333333333331,-0.706249999999998,
-0.704166666666665,-0.702083333333332,-0.699999999999998,-0.697916666666665,
-0.695833333333332,-0.693749999999998,-0.691666666666665,-0.689583333333332,
-0.687499999999998,-0.685416666666665,-0.683333333333332,-0.681249999999998,
-0.679166666666665,-0.677083333333332,-0.674999999999998,-0.672916666666665,
-0.670833333333332,-0.668749999999998,-0.666666666666665,-0.664583333333332,
-0.662499999999998,-0.660416666666665,-0.658333333333332,-0.656249999999998,
-0.654166666666665,-0.652083333333332,-0.649999999999998,-0.647916666666665,
-0.645833333333332,-0.643749999999998,-0.641666666666665,-0.639583333333332,
-0.637499999999998,-0.635416666666665,-0.633333333333332,-0.631249999999998,
-0.629166666666665,-0.627083333333332,-0.624999999999998,-0.622916666666665,
-0.620833333333332,-0.618749999999998,-0.616666666666665,-0.614583333333332,
-0.612499999999998,-0.610416666666665,-0.608333333333332,-0.606249999999999,
-0.604166666666665,-0.602083333333332,-0.599999999999999,-0.597916666666665,
-0.595833333333332,-0.593749999999999,-0.591666666666665,-0.589583333333332,
-0.587499999999999,-0.585416666666665,-0.583333333333332,-0.581249999999999,
-0.579166666666665,-0.577083333333332,-0.574999999999999,-0.572916666666665,
-0.570833333333332,-0.568749999999999,-0.566666666666665,-0.564583333333332,
-0.562499999999999,-0.560416666666665,-0.558333333333332,-0.556249999999999,
-0.554166666666665,-0.552083333333332,-0.549999999999999,-0.547916666666665,
-0.545833333333332,-0.543749999999999,-0.541666666666665,-0.539583333333332,
-0.537499999999999,-0.535416666666665,-0.533333333333332,-0.531249999999999,
-0.529166666666665,-0.527083333333332,-0.524999999999999,-0.522916666666665,
-0.520833333333332,-0.518749999999999,-0.516666666666665,-0.514583333333332,
-0.512499999999999,-0.510416666666666,-0.508333333333332,-0.506249999999999,
-0.504166666666666,-0.502083333333332,-0.499999999999999,-0.497916666666666,
-0.495833333333332,-0.493749999999999,-0.491666666666666,-0.489583333333332,
-0.487499999999999,-0.485416666666666,-0.483333333333332,-0.481249999999999,
-0.479166666666666,-0.477083333333332,-0.474999999999999,-0.472916666666666,
-0.470833333333332,-0.468749999999999,-0.466666666666666,-0.464583333333332,
-0.462499999999999,-0.460416666666666,-0.458333333333332,-0.456249999999999,
-0.454166666666666,-0.452083333333332,-0.449999999999999,-0.447916666666666,
-0.445833333333332,-0.443749999999999,-0.441666666666666,-0.439583333333332,
-0.437499999999999,-0.435416666666666,-0.433333333333332,-0.431249999999999,
-0.429166666666666,-0.427083333333332,-0.424999999999999,-0.422916666666666,
-0.420833333333332,-0.418749999999999,-0.416666666666666,-0.414583333333332,
-0.412499999999999,-0.410416666666666,-0.408333333333332,-0.406249999999999,
-0.404166666666666,-0.402083333333333,-0.399999999999999,-0.397916666666666,
-0.395833333333333,-0.393749999999999,-0.391666666666666,-0.389583333333333,
-0.387499999999999,-0.385416666666666,-0.383333333333333,-0.381249999999999,
-0.379166666666666,-0.377083333333333,-0.374999999999999,-0.372916666666666,
-0.370833333333333,-0.368749999999999,-0.366666666666666,-0.364583333333333,
-0.362499999999999,-0.360416666666666,-0.358333333333333,-0.356249999999999,
-0.354166666666666,-0.352083333333333,-0.349999999999999,-0.347916666666666,
-0.345833333333333,-0.343749999999999,-0.341666666666666,-0.339583333333333,
-0.337499999999999,-0.335416666666666,-0.333333333333333,-0.331249999999999,
-0.329166666666666,-0.327083333333333,-0.324999999999999,-0.322916666666666,
-0.320833333333333,-0.318749999999999,-0.316666666666666,-0.314583333333333,
-0.3125,-0.310416666666666,-0.308333333333333,-0.30625,-0.304166666666666,
-0.302083333333333,-0.3,-0.297916666666666,-0.295833333333333,-0.29375,
-0.291666666666666,-0.289583333333333,-0.2875,-0.285416666666666,-0.283333333333333,
-0.28125,-0.279166666666666,-0.277083333333333,-0.275,-0.272916666666666,
-0.270833333333333,-0.26875,-0.266666666666666,-0.264583333333333,-0.2625,
-0.260416666666666,-0.258333333333333,-0.25625,-0.254166666666666,-0.252083333333333,
-0.25,-0.247916666666666,-0.245833333333333,-0.24375,-0.241666666666666,
-0.239583333333333,-0.2375,-0.235416666666666,-0.233333333333333,-0.23125,
-0.229166666666666,-0.227083333333333,-0.225,-0.222916666666666,-0.220833333333333,
-0.21875,-0.216666666666667,-0.214583333333333,-0.2125,-0.210416666666667,
-0.208333333333333,-0.20625,-0.204166666666667,-0.202083333333333,-0.2,
-0.197916666666667,-0.195833333333333,-0.19375,-0.191666666666667,-0.189583333333333,
-0.1875,-0.185416666666667,-0.183333333333333,-0.18125,-0.179166666666667,
-0.177083333333333,-0.175,-0.172916666666667,-0.170833333333333,-0.16875,
-0.166666666666667,-0.164583333333333,-0.1625,-0.160416666666667,-0.158333333333333,
-0.15625,-0.154166666666667,-0.152083333333333,-0.15,-0.147916666666667,
-0.145833333333333,-0.14375,-0.141666666666667,-0.139583333333333,-0.1375,
-0.135416666666667,-0.133333333333333,-0.13125,-0.129166666666667,-0.127083333333333,
-0.125,-0.122916666666667,-0.120833333333334,-0.11875,-0.116666666666667,
-0.114583333333333,-0.1125,-0.110416666666667,-0.108333333333333,-0.10625,
-0.104166666666667,-0.102083333333333,-0.1,-0.0979166666666668,-0.0958333333333334,
-0.0937500000000001,-0.0916666666666667,-0.0895833333333334,-0.0875000000000001,
-0.0854166666666667,-0.0833333333333334,-0.08125,-0.0791666666666667,-0.0770833333333334,
-0.075,-0.0729166666666667,-0.0708333333333333,-0.06875,-0.0666666666666667,
-0.0645833333333333,-0.0625,-0.0604166666666667,-0.0583333333333333,-0.05625,
-0.0541666666666667,-0.0520833333333333,-0.05,-0.0479166666666667,-0.0458333333333333,
-0.04375,-0.0416666666666667,-0.0395833333333333,-0.0375,-0.0354166666666667,
-0.0333333333333333,-0.03125,-0.0291666666666667,-0.0270833333333333,-0.025,
-0.0229166666666667,-0.0208333333333333,-0.01875,-0.0166666666666667,-0.0145833333333333,
-0.0125,-0.0104166666666667,-0.00833333333333333,-0.00625,-0.00416666666666667,
-0.00208333333333333,0.),.UNSPECIFIED.)
CURVE()
GEOMETRIC_REPRESENTATION_ITEM()
RATIONAL_B_SPLINE_CURVE((1.,1.,1.,1.,1.,1.,1.,1.,1.,1.,1.,1.,1.,1.,1.,1.,
1.,1.,1.,1.,1.,1.,1.,1.,1.,1.,1.,1.,1.,1.,1.,1.,1.,1.,1.,1.,1.,1.,1.,1.,
1.,1.,1.,1.,1.,1.,1.,1.,1.,1.,1.,1.,1.,1.,1.,1.,1.,1.,1.,1.,1.,1.,1.,1.,
1.,1.,1.,1.,1.,1.,1.,1.,1.,1.,1.,1.,1.,1.,1.,1.,1.,1.,1.,1.,1.,1.,1.,1.,
1.,1.,1.,1.,1.,1.,1.,1.,1.,1.,1.,1.,1.,1.,1.,1.,1.,1.,1.,1.,1.,1.,1.,1.,
1.,1.,1.,1.,1.,1.,1.,1.,1.,1.,1.,1.,1.,1.,1.,1.,1.,1.,1.,1.,1.,1.,1.,1.,
1.,1.,1.,1.,1.,1.,1.,1.,1.,1.,1.,1.,1.,1.,1.,1.,1.,1.,1.,1.,1.,1.,1.,1.,
1.,1.,1.,1.,1.,1.,1.,1.,1.,1.,1.,1.,1.,1.,1.,1.,1.,1.,1.,1.,1.,1.,1.,1.,
1.,1.,1.,1.,1.,1.,1.,1.,1.,1.,1.,1.,1.,1.,1.,1.,1.,1.,1.,1.,1.,1.,1.,1.,
1.,1.,1.,1.,1.,1.,1.,1.,1.,1.,1.,1.,1.,1.,1.,1.,1.,1.,1.,1.,1.,1.,1.,1.,
1.,1.,1.,1.,1.,1.,1.,1.,1.,1.,1.,1.,1.,1.,1.,1.,1.,1.,1.,1.,1.,1.,1.,1.,
1.,1.,1.,1.,1.,1.,1.,1.,1.,1.,1.,1.,1.,1.,1.,1.,1.,1.,1.,1.,1.,1.,1.,1.,
1.,1.,1.,1.,1.,1.,1.,1.,1.,1.,1.,1.,1.,1.,1.,1.,1.,1.,1.,1.,1.,1.,1.,1.,
1.,1.,1.,1.,1.,1.,1.,1.,1.,1.,1.,1.,1.,1.,1.,1.,1.,1.,1.,1.,1.,1.,1.,1.,
1.,1.,1.,1.,1.,1.,1.,1.,1.,1.,1.,1.,1.,1.,1.,1.,1.,1.,1.,1.,1.,1.,1.,1.,
1.,1.,1.,1.,1.,1.,1.,1.,1.,1.,1.,1.,1.,1.,1.,1.,1.,1.,1.,1.,1.,1.,1.,1.,
1.,1.,1.,1.,1.,1.,1.,1.,1.,1.,1.,1.,1.,1.,1.,1.,1.,1.,1.,1.,1.,1.,1.,1.,
1.,1.,1.,1.,1.,1.,1.,1.,1.,1.,1.,1.,1.,1.,1.,1.,1.,1.,1.,1.,1.,1.,1.,1.,
1.,1.,1.,1.,1.,1.,1.,1.,1.,1.,1.,1.,1.,1.,1.,1.,1.,1.,1.,1.,1.,1.,1.,1.,
1.,1.,1.,1.,1.,1.,1.,1.,1.,1.,1.,1.,1.,1.,1.,1.,1.,1.,1.,1.,1.,1.,1.,1.,
1.,1.,1.,1.,1.,1.,1.,1.,1.,1.,1.,1.,1.))
REPRESENTATION_ITEM('')
);
#36=PLANE('',#946);
#37=PLANE('',#967);
#38=PLANE('',#968);
#39=B_SPLINE_SURFACE_WITH_KNOTS('',3,3,((#3838,#3839,#3840,#3841,#3842,
#3843,#3844,#3845,#3846,#3847,#3848,#3849,#3850,#3851,#3852,#3853,#3854,
#3855,#3856,#3857,#3858,#3859,#3860,#3861,#3862,#3863,#3864,#3865,#3866,
#3867,#3868,#3869,#3870,#3871,#3872,#3873,#3874,#3875,#3876,#3877,#3878,
#3879,#3880,#3881,#3882,#3883,#3884,#3885,#3886,#3887,#3888,#3889,#3890,
#3891,#3892,#3893,#3894,#3895,#3896,#3897,#3898,#3899,#3900,#3901,#3902,
#3903,#3904,#3905,#3906,#3907,#3908,#3909,#3910,#3911,#3912,#3913,#3914,
#3915,#3916,#3917,#3918,#3919,#3920,#3921,#3922,#3923,#3924,#3925,#3926,
#3927,#3928,#3929,#3930,#3931,#3932,#3933,#3934,#3935,#3936,#3937,#3938,
#3939,#3940,#3941,#3942,#3943,#3944,#3945,#3946,#3947,#3948,#3949,#3950,
#3951,#3952,#3953,#3954,#3955,#3956,#3957,#3958,#3959,#3960,#3961,#3962,
#3963,#3964,#3965,#3966,#3967,#3968,#3969,#3970,#3971,#3972,#3973,#3974,
#3975,#3976,#3977,#3978,#3979,#3980,#3981,#3982,#3983,#3984,#3985,#3986,
#3987,#3988,#3989,#3990,#3991,#3992,#3993,#3994,#3995,#3996,#3997,#3998,
#3999,#4000,#4001,#4002,#4003,#4004,#4005,#4006,#4007,#4008,#4009,#4010,
#4011,#4012,#4013,#4014,#4015,#4016,#4017,#4018,#4019,#4020,#4021,#4022,
#4023,#4024,#4025,#4026,#4027,#4028,#4029,#4030,#4031,#4032,#4033,#4034,
#4035,#4036,#4037,#4038,#4039,#4040,#4041,#4042,#4043,#4044,#4045,#4046,
#4047,#4048),(#4049,#4050,#4051,#4052,#4053,#4054,#4055,#4056,#4057,#4058,
#4059,#4060,#4061,#4062,#4063,#4064,#4065,#4066,#4067,#4068,#4069,#4070,
#4071,#4072,#4073,#4074,#4075,#4076,#4077,#4078,#4079,#4080,#4081,#4082,
#4083,#4084,#4085,#4086,#4087,#4088,#4089,#4090,#4091,#4092,#4093,#4094,
#4095,#4096,#4097,#4098,#4099,#4100,#4101,#4102,#4103,#4104,#4105,#4106,
#4107,#4108,#4109,#4110,#4111,#4112,#4113,#4114,#4115,#4116,#4117,#4118,
#4119,#4120,#4121,#4122,#4123,#4124,#4125,#4126,#4127,#4128,#4129,#4130,
#4131,#4132,#4133,#4134,#4135,#4136,#4137,#4138,#4139,#4140,#4141,#4142,
#4143,#4144,#4145,#4146,#4147,#4148,#4149,#4150,#4151,#4152,#4153,#4154,
#4155,#4156,#4157,#4158,#4159,#4160,#4161,#4162,#4163,#4164,#4165,#4166,
#4167,#4168,#4169,#4170,#4171,#4172,#4173,#4174,#4175,#4176,#4177,#4178,
#4179,#4180,#4181,#4182,#4183,#4184,#4185,#4186,#4187,#4188,#4189,#4190,
#4191,#4192,#4193,#4194,#4195,#4196,#4197,#4198,#4199,#4200,#4201,#4202,
#4203,#4204,#4205,#4206,#4207,#4208,#4209,#4210,#4211,#4212,#4213,#4214,
#4215,#4216,#4217,#4218,#4219,#4220,#4221,#4222,#4223,#4224,#4225,#4226,
#4227,#4228,#4229,#4230,#4231,#4232,#4233,#4234,#4235,#4236,#4237,#4238,
#4239,#4240,#4241,#4242,#4243,#4244,#4245,#4246,#4247,#4248,#4249,#4250,
#4251,#4252,#4253,#4254,#4255,#4256,#4257,#4258,#4259),(#4260,#4261,#4262,
#4263,#4264,#4265,#4266,#4267,#4268,#4269,#4270,#4271,#4272,#4273,#4274,
#4275,#4276,#4277,#4278,#4279,#4280,#4281,#4282,#4283,#4284,#4285,#4286,
#4287,#4288,#4289,#4290,#4291,#4292,#4293,#4294,#4295,#4296,#4297,#4298,
#4299,#4300,#4301,#4302,#4303,#4304,#4305,#4306,#4307,#4308,#4309,#4310,
#4311,#4312,#4313,#4314,#4315,#4316,#4317,#4318,#4319,#4320,#4321,#4322,
#4323,#4324,#4325,#4326,#4327,#4328,#4329,#4330,#4331,#4332,#4333,#4334,
#4335,#4336,#4337,#4338,#4339,#4340,#4341,#4342,#4343,#4344,#4345,#4346,
#4347,#4348,#4349,#4350,#4351,#4352,#4353,#4354,#4355,#4356,#4357,#4358,
#4359,#4360,#4361,#4362,#4363,#4364,#4365,#4366,#4367,#4368,#4369,#4370,
#4371,#4372,#4373,#4374,#4375,#4376,#4377,#4378,#4379,#4380,#4381,#4382,
#4383,#4384,#4385,#4386,#4387,#4388,#4389,#4390,#4391,#4392,#4393,#4394,
#4395,#4396,#4397,#4398,#4399,#4400,#4401,#4402,#4403,#4404,#4405,#4406,
#4407,#4408,#4409,#4410,#4411,#4412,#4413,#4414,#4415,#4416,#4417,#4418,
#4419,#4420,#4421,#4422,#4423,#4424,#4425,#4426,#4427,#4428,#4429,#4430,
#4431,#4432,#4433,#4434,#4435,#4436,#4437,#4438,#4439,#4440,#4441,#4442,
#4443,#4444,#4445,#4446,#4447,#4448,#4449,#4450,#4451,#4452,#4453,#4454,
#4455,#4456,#4457,#4458,#4459,#4460,#4461,#4462,#4463,#4464,#4465,#4466,
#4467,#4468,#4469,#4470),(#4471,#4472,#4473,#4474,#4475,#4476,#4477,#4478,
#4479,#4480,#4481,#4482,#4483,#4484,#4485,#4486,#4487,#4488,#4489,#4490,
#4491,#4492,#4493,#4494,#4495,#4496,#4497,#4498,#4499,#4500,#4501,#4502,
#4503,#4504,#4505,#4506,#4507,#4508,#4509,#4510,#4511,#4512,#4513,#4514,
#4515,#4516,#4517,#4518,#4519,#4520,#4521,#4522,#4523,#4524,#4525,#4526,
#4527,#4528,#4529,#4530,#4531,#4532,#4533,#4534,#4535,#4536,#4537,#4538,
#4539,#4540,#4541,#4542,#4543,#4544,#4545,#4546,#4547,#4548,#4549,#4550,
#4551,#4552,#4553,#4554,#4555,#4556,#4557,#4558,#4559,#4560,#4561,#4562,
#4563,#4564,#4565,#4566,#4567,#4568,#4569,#4570,#4571,#4572,#4573,#4574,
#4575,#4576,#4577,#4578,#4579,#4580,#4581,#4582,#4583,#4584,#4585,#4586,
#4587,#4588,#4589,#4590,#4591,#4592,#4593,#4594,#4595,#4596,#4597,#4598,
#4599,#4600,#4601,#4602,#4603,#4604,#4605,#4606,#4607,#4608,#4609,#4610,
#4611,#4612,#4613,#4614,#4615,#4616,#4617,#4618,#4619,#4620,#4621,#4622,
#4623,#4624,#4625,#4626,#4627,#4628,#4629,#4630,#4631,#4632,#4633,#4634,
#4635,#4636,#4637,#4638,#4639,#4640,#4641,#4642,#4643,#4644,#4645,#4646,
#4647,#4648,#4649,#4650,#4651,#4652,#4653,#4654,#4655,#4656,#4657,#4658,
#4659,#4660,#4661,#4662,#4663,#4664,#4665,#4666,#4667,#4668,#4669,#4670,
#4671,#4672,#4673,#4674,#4675,#4676,#4677,#4678,#4679,#4680,#4681)),
 .UNSPECIFIED.,.F.,.F.,.F.,(4,4),(4,1,1,1,1,1,1,1,1,1,1,1,1,1,1,1,1,1,1,
1,1,1,1,1,1,1,1,1,1,1,1,1,1,1,1,1,1,1,1,1,1,1,1,1,1,1,1,1,1,1,1,1,1,1,1,
1,1,1,1,1,1,1,1,1,1,1,1,1,1,1,1,1,1,1,1,1,1,1,1,1,1,1,1,1,1,1,1,1,1,1,1,
1,1,1,1,1,1,1,1,1,1,1,1,1,1,1,1,1,1,1,1,1,1,1,1,1,1,1,1,1,1,1,1,1,1,1,1,
1,1,1,1,1,1,1,1,1,1,1,1,1,1,1,1,1,1,1,1,1,1,1,1,1,1,1,1,1,1,1,1,1,1,1,1,
1,1,1,1,1,1,1,1,1,1,1,1,1,1,1,1,1,1,1,1,1,1,1,1,1,1,1,1,1,1,1,1,1,1,1,1,
1,1,1,1,1,1,1,1,1,4),(-0.0144313553688044,0.175325988713838),(11.1281509031929,
11.5875951512562,12.0470393993195,12.5064836473828,12.965927895446,13.4253721435093,
13.8848163915726,14.3442606396359,14.8037048876992,15.2631491357625,15.7225933838258,
16.1820376318891,16.6414818799523,17.1009261280156,17.5603703760789,18.0198146241422,
18.4792588722055,18.9387031202688,19.3981473683321,19.8575916163954,20.3170358644587,
20.7764801125219,21.2359243605852,21.6953686086485,22.1548128567118,22.6142571047751,
23.0737013528384,23.5331456009017,23.992589848965,24.4520340970282,24.9114783450915,
25.3709225931548,25.8303668412181,26.4429591719692,27.0555515027202,27.6681438334713,
28.2807361642223,28.8933284949734,29.5059208257244,30.1185131564755,30.7311054872265,
31.3436978179776,31.9562901487286,32.5688824794797,33.1814748102307,33.5898696973981,
33.9982645845654,34.4066594717328,34.8150543589002,35.2234492460675,35.6318441332349,
36.0402390204023,36.4486339075697,36.857028794737,37.2654236819044,37.537686940016,
38.0822134562391,38.6948057869902,39.3073981177412,39.9199904484923,40.5325827792433,
41.1451751099944,41.7577674407454,42.3703597714965,42.9829521022475,43.3913469894149,
43.7997418765823,44.2081367637496,44.616531650917,45.0249265380844,45.4333214252517,
45.8417163124191,46.2501111995865,46.6585060867538,47.0669009739212,47.6114274901444,
47.8836907482559,48.496283079007,49.108875409758,49.7214677405091,50.3340600712601,
50.9466524020112,51.5592447327622,52.1718370635133,52.7844293942643,53.3970217250154,
54.0096140557664,54.6222063865175,55.2347987172685,55.8473910480196,56.4599833787706,
57.0725757095217,57.6851680402727,58.2977603710238,58.9103527017748,59.5229450325259,
60.1355373632769,60.748129694028,61.360722024779,61.9733143555301,62.5859066862811,
62.9943015734485,63.4026964606159,63.8110913477832,64.4236836785343,65.0362760092853,
65.4446708964527,65.8530657836201,66.2614606707874,66.6698555579548,67.0782504451222,
67.4866453322896,67.8950402194569,68.3034351066243,68.7118299937916,68.9160274373753,
69.120224880959,69.5286197681264,69.9370146552938,70.3454095424611,70.7538044296285,
71.1621993167959,71.5705942039632,72.1151207201864,72.6596472364095,73.2041737526327,
73.7487002688558,74.293226785079,74.8377533013022,75.2461481884695,75.6545430756369,
76.0629379628043,76.4713328499716,76.879727737139,77.2881226243064,77.9007149550574,
78.5133072858085,79.1258996165595,79.7384919473106,80.3510842780616,80.9636766088127,
81.5762689395637,82.1888612703148,82.8014536010658,83.4140459318169,84.0266382625679,
84.639230593319,85.25182292407,85.8644152548211,86.4770075855721,87.0895999163232,
87.7021922470742,88.3147845778253,88.9273769085763,89.5399692393274,90.1525615700784,
90.7651539008295,91.3777462315805,91.9903385623316,92.3987334494989,92.8071283366663,
93.2155232238337,93.623918111001,94.0323129981684,94.4407078853358,94.7129711434473,
94.9852344015589,95.5297609177821,96.0742874340052,96.4826823211726,96.89107720834,
97.2994720955073,97.7078669826747,98.1162618698421,98.5246567570094,98.9330516441768,
99.3414465313442,99.8008907794075,100.260335027471,100.719779275534,101.179223523597,
101.638667771661,102.098112019724,102.557556267787,103.01700051585,103.476444763914,
103.935889011977,104.39533326004,104.854777508104,105.314221756167,105.77366600423,
106.233110252293,106.692554500357,107.15199874842,107.611442996483,108.070887244547,
108.53033149261,108.989775740673,109.449219988737,109.9086642368,110.368108484863,
110.827552732926,111.28699698099,111.746441229053,112.205885477116,112.66532972518,
113.124773973243,113.584218221306,114.043662469369),.UNSPECIFIED.);
#40=B_SPLINE_SURFACE_WITH_KNOTS('',3,3,((#5048,#5049,#5050,#5051,#5052,
#5053,#5054,#5055,#5056,#5057,#5058,#5059,#5060,#5061,#5062,#5063,#5064,
#5065,#5066,#5067,#5068,#5069,#5070,#5071,#5072,#5073,#5074,#5075,#5076,
#5077,#5078,#5079,#5080,#5081,#5082,#5083,#5084,#5085,#5086,#5087,#5088,
#5089,#5090,#5091,#5092,#5093,#5094,#5095,#5096,#5097,#5098,#5099,#5100,
#5101,#5102,#5103,#5104,#5105,#5106,#5107,#5108,#5109,#5110,#5111,#5112,
#5113,#5114,#5115,#5116,#5117,#5118,#5119,#5120,#5121,#5122,#5123,#5124,
#5125,#5126,#5127,#5128,#5129,#5130,#5131,#5132,#5133,#5134,#5135,#5136,
#5137,#5138,#5139,#5140,#5141,#5142,#5143,#5144,#5145,#5146,#5147,#5148,
#5149,#5150,#5151,#5152,#5153,#5154,#5155,#5156,#5157,#5158,#5159,#5160,
#5161,#5162,#5163,#5164,#5165,#5166,#5167,#5168,#5169,#5170,#5171,#5172,
#5173,#5174,#5175,#5176,#5177,#5178,#5179,#5180,#5181,#5182,#5183,#5184,
#5185,#5186,#5187,#5188,#5189,#5190,#5191,#5192,#5193,#5194,#5195,#5196,
#5197,#5198,#5199,#5200,#5201,#5202,#5203,#5204,#5205,#5206,#5207,#5208,
#5209,#5210,#5211,#5212,#5213,#5214,#5215,#5216,#5217,#5218,#5219,#5220,
#5221,#5222,#5223,#5224,#5225,#5226,#5227,#5228,#5229,#5230,#5231,#5232,
#5233,#5234,#5235,#5236,#5237,#5238,#5239,#5240,#5241,#5242,#5243,#5244,
#5245,#5246,#5247,#5248,#5249,#5250,#5251,#5252),(#5253,#5254,#5255,#5256,
#5257,#5258,#5259,#5260,#5261,#5262,#5263,#5264,#5265,#5266,#5267,#5268,
#5269,#5270,#5271,#5272,#5273,#5274,#5275,#5276,#5277,#5278,#5279,#5280,
#5281,#5282,#5283,#5284,#5285,#5286,#5287,#5288,#5289,#5290,#5291,#5292,
#5293,#5294,#5295,#5296,#5297,#5298,#5299,#5300,#5301,#5302,#5303,#5304,
#5305,#5306,#5307,#5308,#5309,#5310,#5311,#5312,#5313,#5314,#5315,#5316,
#5317,#5318,#5319,#5320,#5321,#5322,#5323,#5324,#5325,#5326,#5327,#5328,
#5329,#5330,#5331,#5332,#5333,#5334,#5335,#5336,#5337,#5338,#5339,#5340,
#5341,#5342,#5343,#5344,#5345,#5346,#5347,#5348,#5349,#5350,#5351,#5352,
#5353,#5354,#5355,#5356,#5357,#5358,#5359,#5360,#5361,#5362,#5363,#5364,
#5365,#5366,#5367,#5368,#5369,#5370,#5371,#5372,#5373,#5374,#5375,#5376,
#5377,#5378,#5379,#5380,#5381,#5382,#5383,#5384,#5385,#5386,#5387,#5388,
#5389,#5390,#5391,#5392,#5393,#5394,#5395,#5396,#5397,#5398,#5399,#5400,
#5401,#5402,#5403,#5404,#5405,#5406,#5407,#5408,#5409,#5410,#5411,#5412,
#5413,#5414,#5415,#5416,#5417,#5418,#5419,#5420,#5421,#5422,#5423,#5424,
#5425,#5426,#5427,#5428,#5429,#5430,#5431,#5432,#5433,#5434,#5435,#5436,
#5437,#5438,#5439,#5440,#5441,#5442,#5443,#5444,#5445,#5446,#5447,#5448,
#5449,#5450,#5451,#5452,#5453,#5454,#5455,#5456,#5457),(#5458,#5459,#5460,
#5461,#5462,#5463,#5464,#5465,#5466,#5467,#5468,#5469,#5470,#5471,#5472,
#5473,#5474,#5475,#5476,#5477,#5478,#5479,#5480,#5481,#5482,#5483,#5484,
#5485,#5486,#5487,#5488,#5489,#5490,#5491,#5492,#5493,#5494,#5495,#5496,
#5497,#5498,#5499,#5500,#5501,#5502,#5503,#5504,#5505,#5506,#5507,#5508,
#5509,#5510,#5511,#5512,#5513,#5514,#5515,#5516,#5517,#5518,#5519,#5520,
#5521,#5522,#5523,#5524,#5525,#5526,#5527,#5528,#5529,#5530,#5531,#5532,
#5533,#5534,#5535,#5536,#5537,#5538,#5539,#5540,#5541,#5542,#5543,#5544,
#5545,#5546,#5547,#5548,#5549,#5550,#5551,#5552,#5553,#5554,#5555,#5556,
#5557,#5558,#5559,#5560,#5561,#5562,#5563,#5564,#5565,#5566,#5567,#5568,
#5569,#5570,#5571,#5572,#5573,#5574,#5575,#5576,#5577,#5578,#5579,#5580,
#5581,#5582,#5583,#5584,#5585,#5586,#5587,#5588,#5589,#5590,#5591,#5592,
#5593,#5594,#5595,#5596,#5597,#5598,#5599,#5600,#5601,#5602,#5603,#5604,
#5605,#5606,#5607,#5608,#5609,#5610,#5611,#5612,#5613,#5614,#5615,#5616,
#5617,#5618,#5619,#5620,#5621,#5622,#5623,#5624,#5625,#5626,#5627,#5628,
#5629,#5630,#5631,#5632,#5633,#5634,#5635,#5636,#5637,#5638,#5639,#5640,
#5641,#5642,#5643,#5644,#5645,#5646,#5647,#5648,#5649,#5650,#5651,#5652,
#5653,#5654,#5655,#5656,#5657,#5658,#5659,#5660,#5661,#5662),(#5663,#5664,
#5665,#5666,#5667,#5668,#5669,#5670,#5671,#5672,#5673,#5674,#5675,#5676,
#5677,#5678,#5679,#5680,#5681,#5682,#5683,#5684,#5685,#5686,#5687,#5688,
#5689,#5690,#5691,#5692,#5693,#5694,#5695,#5696,#5697,#5698,#5699,#5700,
#5701,#5702,#5703,#5704,#5705,#5706,#5707,#5708,#5709,#5710,#5711,#5712,
#5713,#5714,#5715,#5716,#5717,#5718,#5719,#5720,#5721,#5722,#5723,#5724,
#5725,#5726,#5727,#5728,#5729,#5730,#5731,#5732,#5733,#5734,#5735,#5736,
#5737,#5738,#5739,#5740,#5741,#5742,#5743,#5744,#5745,#5746,#5747,#5748,
#5749,#5750,#5751,#5752,#5753,#5754,#5755,#5756,#5757,#5758,#5759,#5760,
#5761,#5762,#5763,#5764,#5765,#5766,#5767,#5768,#5769,#5770,#5771,#5772,
#5773,#5774,#5775,#5776,#5777,#5778,#5779,#5780,#5781,#5782,#5783,#5784,
#5785,#5786,#5787,#5788,#5789,#5790,#5791,#5792,#5793,#5794,#5795,#5796,
#5797,#5798,#5799,#5800,#5801,#5802,#5803,#5804,#5805,#5806,#5807,#5808,
#5809,#5810,#5811,#5812,#5813,#5814,#5815,#5816,#5817,#5818,#5819,#5820,
#5821,#5822,#5823,#5824,#5825,#5826,#5827,#5828,#5829,#5830,#5831,#5832,
#5833,#5834,#5835,#5836,#5837,#5838,#5839,#5840,#5841,#5842,#5843,#5844,
#5845,#5846,#5847,#5848,#5849,#5850,#5851,#5852,#5853,#5854,#5855,#5856,
#5857,#5858,#5859,#5860,#5861,#5862,#5863,#5864,#5865,#5866,#5867)),
 .UNSPECIFIED.,.F.,.F.,.F.,(4,4),(4,1,1,1,1,1,1,1,1,1,1,1,1,1,1,1,1,1,1,
1,1,1,1,1,1,1,1,1,1,1,1,1,1,1,1,1,1,1,1,1,1,1,1,1,1,1,1,1,1,1,1,1,1,1,1,
1,1,1,1,1,1,1,1,1,1,1,1,1,1,1,1,1,1,1,1,1,1,1,1,1,1,1,1,1,1,1,1,1,1,1,1,
1,1,1,1,1,1,1,1,1,1,1,1,1,1,1,1,1,1,1,1,1,1,1,1,1,1,1,1,1,1,1,1,1,1,1,1,
1,1,1,1,1,1,1,1,1,1,1,1,1,1,1,1,1,1,1,1,1,1,1,1,1,1,1,1,1,1,1,1,1,1,1,1,
1,1,1,1,1,1,1,1,1,1,1,1,1,1,1,1,1,1,1,1,1,1,1,1,1,1,1,1,1,1,1,1,1,1,1,1,
1,1,1,4),(-0.0144357891987677,0.175321554898233),(14.7616363278119,15.2210805758751,
15.6805248239384,16.1399690720017,16.599413320065,17.0588575681283,17.5183018161916,
17.9777460642549,18.4371903123182,18.8966345603815,19.3560788084447,19.815523056508,
20.2749673045713,20.7344115526346,21.1938558006979,21.6533000487612,22.1127442968245,
22.5721885448878,23.0316327929511,23.4910770410143,23.9505212890776,24.4099655371409,
24.8694097852042,25.3288540332675,25.7882982813308,26.2477425293941,26.7071867774574,
27.1666310255206,27.6260752735839,28.0855195216472,28.5449637697105,29.0044080177738,
29.4638522658371,30.0764445965881,30.6890369273392,31.3016292580902,31.9142215888413,
32.5268139195923,33.1394062503434,33.7519985810945,34.3645909118455,34.9771832425966,
35.5897755733476,36.2023679040987,36.8149602348497,37.4275525656008,38.0401448963518,
38.6527372271029,39.2653295578539,39.877921888605,40.490514219356,41.1031065501071,
41.7156988808581,42.3282912116092,42.9408835423602,43.5534758731113,44.1660682038623,
44.7786605346134,45.3912528653644,46.0038451961155,46.6164375268665,47.2290298576176,
47.8416221883686,48.4542145191197,49.0668068498707,49.6793991806218,50.2919915113728,
50.9045838421239,51.5171761728749,52.129768503626,52.742360834377,53.3549531651281,
53.9675454958791,54.5801378266302,55.1927301573812,55.8053224881323,56.4179148188833,
57.0305071496344,57.6430994803854,58.2556918111365,58.8682841418875,59.4808764726386,
60.0934688033896,60.7060611341407,61.3186534648918,61.9312457956428,62.5438381263939,
63.1564304571449,63.769022787896,64.381615118647,64.9942074493981,65.6067997801491,
66.2193921109002,66.6277869980675,67.0361818852349,67.4445767724023,67.8529716595696,
68.261366546737,68.6697614339044,69.2142879501275,69.4865512082391,69.7588144663507,
70.3033409825738,70.847867498797,71.3923940150201,71.9369205312433,72.3453154184107,
72.753710305578,73.1621051927454,73.5705000799128,73.9788949670802,74.3872898542475,
74.7956847414149,75.2040796285822,75.6124745157496,76.020869402917,76.4292642900843,
76.8376591772517,77.3821856934749,77.926712209698,78.4712387259212,78.8796336130885,
79.2880285002559,79.6964233874233,80.1048182745907,80.3770815327022,80.6493447908138,
81.193871307037,81.7383978232601,82.1467927104275,82.5551875975949,82.9635824847622,
83.3719773719296,83.9845697026807,84.5971620334317,85.2097543641827,85.8223466949338,
86.4349390256849,86.7412351910604,87.0475313564359,87.660123687187,88.272716017938,
88.8853083486891,89.4979006794401,90.1104930101912,90.7230853409422,91.3356776716933,
91.9482700024443,92.5608623331954,93.1734546639464,93.7860469946975,94.3986393254485,
95.0112316561996,95.6238239869506,96.032218874118,96.4406137612853,96.8490086484527,
97.2574035356201,97.6657984227874,98.0741933099548,98.618719826178,99.1632463424011,
99.7077728586243,100.116167745792,100.524562632959,100.932957520126,101.341352407294,
101.749747294461,102.158142181628,102.566537068796,102.974931955963,103.434376204027,
103.89382045209,104.353264700153,104.812708948216,105.27215319628,105.731597444343,
106.191041692406,106.65048594047,107.109930188533,107.569374436596,108.028818684659,
108.488262932723,108.947707180786,109.407151428849,109.866595676913,110.326039924976,
110.785484173039,111.244928421102,111.704372669166,112.163816917229,112.623261165292,
113.082705413356,113.542149661419,114.001593909482,114.461038157545,114.920482405609,
115.379926653672,115.839370901735,116.298815149799,116.758259397862,117.217703645925,
117.677147893988),.UNSPECIFIED.);
#41=FACE_OUTER_BOUND('',#90,.T.);
#42=FACE_OUTER_BOUND('',#91,.T.);
#43=FACE_OUTER_BOUND('',#92,.T.);
#44=FACE_OUTER_BOUND('',#93,.T.);
#45=FACE_OUTER_BOUND('',#94,.T.);
#46=FACE_OUTER_BOUND('',#95,.T.);
#47=FACE_OUTER_BOUND('',#96,.T.);
#48=FACE_OUTER_BOUND('',#97,.T.);
#49=FACE_OUTER_BOUND('',#98,.T.);
#50=FACE_OUTER_BOUND('',#99,.T.);
#51=FACE_OUTER_BOUND('',#100,.T.);
#52=FACE_OUTER_BOUND('',#101,.T.);
#53=FACE_OUTER_BOUND('',#102,.T.);
#54=FACE_OUTER_BOUND('',#103,.T.);
#55=FACE_OUTER_BOUND('',#104,.T.);
#56=FACE_OUTER_BOUND('',#105,.T.);
#57=FACE_OUTER_BOUND('',#106,.T.);
#58=FACE_OUTER_BOUND('',#107,.T.);
#59=FACE_OUTER_BOUND('',#108,.T.);
#60=FACE_OUTER_BOUND('',#109,.T.);
#61=FACE_OUTER_BOUND('',#110,.T.);
#62=FACE_OUTER_BOUND('',#111,.T.);
#63=FACE_OUTER_BOUND('',#112,.T.);
#64=FACE_OUTER_BOUND('',#113,.T.);
#65=FACE_OUTER_BOUND('',#114,.T.);
#66=FACE_OUTER_BOUND('',#115,.T.);
#67=FACE_OUTER_BOUND('',#116,.T.);
#68=FACE_OUTER_BOUND('',#117,.T.);
#69=FACE_OUTER_BOUND('',#118,.T.);
#70=FACE_OUTER_BOUND('',#119,.T.);
#71=FACE_OUTER_BOUND('',#120,.T.);
#72=FACE_OUTER_BOUND('',#121,.T.);
#73=FACE_OUTER_BOUND('',#122,.T.);
#74=FACE_OUTER_BOUND('',#123,.T.);
#75=FACE_OUTER_BOUND('',#124,.T.);
#76=FACE_OUTER_BOUND('',#125,.T.);
#77=FACE_OUTER_BOUND('',#127,.T.);
#78=FACE_OUTER_BOUND('',#128,.T.);
#79=FACE_OUTER_BOUND('',#129,.T.);
#80=FACE_OUTER_BOUND('',#130,.T.);
#81=FACE_OUTER_BOUND('',#131,.T.);
#82=FACE_OUTER_BOUND('',#132,.T.);
#83=FACE_OUTER_BOUND('',#133,.T.);
#84=FACE_OUTER_BOUND('',#134,.T.);
#85=FACE_OUTER_BOUND('',#135,.T.);
#86=FACE_OUTER_BOUND('',#136,.T.);
#87=FACE_OUTER_BOUND('',#137,.T.);
#88=FACE_OUTER_BOUND('',#138,.T.);
#89=FACE_OUTER_BOUND('',#140,.T.);
#90=EDGE_LOOP('',(#535,#536,#537,#538));
#91=EDGE_LOOP('',(#539,#540,#541,#542));
#92=EDGE_LOOP('',(#543,#544,#545,#546));
#93=EDGE_LOOP('',(#547,#548,#549,#550));
#94=EDGE_LOOP('',(#551,#552,#553,#554));
#95=EDGE_LOOP('',(#555,#556,#557,#558));
#96=EDGE_LOOP('',(#559,#560,#561,#562));
#97=EDGE_LOOP('',(#563,#564,#565,#566));
#98=EDGE_LOOP('',(#567,#568,#569,#570));
#99=EDGE_LOOP('',(#571,#572,#573,#574));
#100=EDGE_LOOP('',(#575,#576,#577,#578));
#101=EDGE_LOOP('',(#579,#580,#581,#582));
#102=EDGE_LOOP('',(#583,#584,#585,#586));
#103=EDGE_LOOP('',(#587,#588,#589,#590));
#104=EDGE_LOOP('',(#591,#592,#593,#594));
#105=EDGE_LOOP('',(#595,#596,#597,#598));
#106=EDGE_LOOP('',(#599,#600,#601,#602));
#107=EDGE_LOOP('',(#603,#604,#605,#606));
#108=EDGE_LOOP('',(#607,#608,#609,#610));
#109=EDGE_LOOP('',(#611,#612,#613,#614));
#110=EDGE_LOOP('',(#615,#616,#617,#618));
#111=EDGE_LOOP('',(#619,#620,#621,#622));
#112=EDGE_LOOP('',(#623,#624,#625,#626));
#113=EDGE_LOOP('',(#627,#628,#629,#630));
#114=EDGE_LOOP('',(#631,#632,#633,#634));
#115=EDGE_LOOP('',(#635,#636,#637,#638));
#116=EDGE_LOOP('',(#639,#640,#641,#642));
#117=EDGE_LOOP('',(#643,#644,#645,#646));
#118=EDGE_LOOP('',(#647,#648,#649,#650));
#119=EDGE_LOOP('',(#651,#652,#653,#654));
#120=EDGE_LOOP('',(#655,#656,#657,#658));
#121=EDGE_LOOP('',(#659,#660,#661,#662));
#122=EDGE_LOOP('',(#663,#664,#665,#666));
#123=EDGE_LOOP('',(#667,#668,#669,#670,#671,#672,#673,#674,#675,#676,#677,
#678,#679,#680,#681,#682,#683,#684,#685,#686,#687,#688,#689,#690,#691,#692,
#693,#694,#695,#696,#697,#698,#699,#700,#701,#702));
#124=EDGE_LOOP('',(#703,#704,#705,#706,#707,#708,#709,#710,#711,#712,#713,
#714,#715,#716,#717,#718,#719,#720,#721,#722,#723,#724,#725,#726,#727,#728,
#729,#730,#731,#732,#733,#734,#735,#736,#737,#738));
#125=EDGE_LOOP('',(#739,#740,#741,#742,#743,#744,#745,#746,#747,#748,#749,
#750,#751,#752,#753,#754));
#126=EDGE_LOOP('',(#755,#756,#757,#758));
#127=EDGE_LOOP('',(#759,#760));
#128=EDGE_LOOP('',(#761,#762));
#129=EDGE_LOOP('',(#763,#764));
#130=EDGE_LOOP('',(#765,#766));
#131=EDGE_LOOP('',(#767,#768));
#132=EDGE_LOOP('',(#769,#770));
#133=EDGE_LOOP('',(#771,#772));
#134=EDGE_LOOP('',(#773,#774,#775));
#135=EDGE_LOOP('',(#776,#777,#778,#779,#780,#781,#782,#783,#784,#785,#786,
#787,#788,#789,#790,#791,#792,#793,#794,#795));
#136=EDGE_LOOP('',(#796,#797,#798,#799));
#137=EDGE_LOOP('',(#800,#801,#802,#803));
#138=EDGE_LOOP('',(#804));
#139=EDGE_LOOP('',(#805));
#140=EDGE_LOOP('',(#806));
#141=EDGE_LOOP('',(#807,#808,#809,#810));
#142=CIRCLE('',#910,18.75935);
#143=CIRCLE('',#926,18.75935);
#144=CIRCLE('',#928,20.4027);
#145=CIRCLE('',#944,20.4027);
#146=CIRCLE('',#947,21.05);
#147=CIRCLE('',#948,21.05);
#148=CIRCLE('',#949,21.05);
#149=CIRCLE('',#950,21.05);
#150=CIRCLE('',#951,21.05);
#151=CIRCLE('',#952,21.05);
#152=CIRCLE('',#953,21.05);
#153=CIRCLE('',#954,21.05);
#154=CIRCLE('',#965,23.);
#155=CIRCLE('',#966,23.);
#156=B_SPLINE_CURVE_WITH_KNOTS('',3,(#1131,#1132,#1133,#1134,#1135,#1136,
#1137,#1138,#1139,#1140,#1141,#1142,#1143,#1144,#1145,#1146,#1147,#1148,
#1149,#1150,#1151,#1152,#1153,#1154,#1155,#1156,#1157,#1158,#1159,#1160,
#1161),.UNSPECIFIED.,.F.,.F.,(4,3,3,3,3,3,3,3,3,3,4),(189.637040527583,
190.474738692667,191.339510074433,192.204281456198,193.069052837964,193.933824219729,
194.798595601495,195.663366983261,196.528138365026,197.392909746792,198.257681128557),
 .UNSPECIFIED.);
#157=B_SPLINE_CURVE_WITH_KNOTS('',3,(#1164,#1165,#1166,#1167,#1168,#1169,
#1170,#1171,#1172,#1173,#1174,#1175,#1176,#1177,#1178,#1179,#1180,#1181,
#1182,#1183,#1184,#1185,#1186,#1187,#1188,#1189,#1190,#1191,#1192,#1193,
#1194,#1195,#1196,#1197),.UNSPECIFIED.,.F.,.F.,(4,3,3,3,3,3,3,3,3,3,3,4),
(9.03142473406978,9.73188239335462,10.5967169851711,11.4615515769876,12.3263861688041,
13.1912207606206,14.0560553524371,14.9208899442535,15.78572453607,16.6505591278865,
17.515393719703,18.1508788872355),.UNSPECIFIED.);
#158=B_SPLINE_CURVE_WITH_KNOTS('',3,(#1202,#1203,#1204,#1205,#1206,#1207,
#1208,#1209,#1210,#1211,#1212,#1213,#1214,#1215,#1216,#1217,#1218,#1219,
#1220,#1221,#1222,#1223,#1224,#1225,#1226,#1227,#1228,#1229,#1230,#1231,
#1232,#1233,#1234,#1235,#1236,#1237,#1238,#1239,#1240,#1241,#1242,#1243,
#1244,#1245,#1246,#1247),.UNSPECIFIED.,.F.,.F.,(4,3,3,3,3,3,3,3,3,3,3,3,
3,3,3,4),(177.810273202998,178.367480204935,179.232286820543,180.097093436151,
180.961900051759,181.826706667368,182.691513282976,183.556319898584,184.421126514193,
185.285933129801,186.150739745409,187.015546361018,187.880352976626,188.745159592235,
189.609966207843,189.637040527583),.UNSPECIFIED.);
#159=B_SPLINE_CURVE_WITH_KNOTS('',3,(#1248,#1249,#1250,#1251,#1252,#1253,
#1254,#1255,#1256,#1257,#1258,#1259,#1260,#1261,#1262,#1263,#1264,#1265,
#1266,#1267,#1268,#1269,#1270,#1271,#1272,#1273,#1274,#1275,#1276,#1277,
#1278,#1279,#1280,#1281,#1282,#1283,#1284,#1285,#1286,#1287,#1288,#1289,
#1290,#1291,#1292,#1293),.UNSPECIFIED.,.F.,.F.,(4,3,3,3,3,3,3,3,3,3,3,3,
3,3,3,4),(18.1508788872355,18.3802175707623,19.2450116611546,20.1098057515469,
20.9745998419392,21.8393939323315,22.7041880227238,23.5689821131161,24.4337762035084,
25.2985702939006,26.1633643842929,27.0281584746852,27.8929525650775,28.7577466554698,
29.6225407458621,29.9774749227906),.UNSPECIFIED.);
#160=B_SPLINE_CURVE_WITH_KNOTS('',3,(#1298,#1299,#1300,#1301,#1302,#1303,
#1304,#1305,#1306,#1307,#1308,#1309,#1310,#1311,#1312,#1313,#1314,#1315,
#1316,#1317,#1318,#1319,#1320,#1321,#1322,#1323,#1324,#1325,#1326,#1327,
#1328,#1329,#1330,#1331,#1332,#1333,#1334,#1335,#1336,#1337),
 .UNSPECIFIED.,.F.,.F.,(4,3,3,3,3,3,3,3,3,3,3,3,3,4),(165.983492882176,
167.124982460034,168.27805921462,169.431135969206,170.584212723791,171.449020289731,
172.31382785567,173.17863542161,174.043442987549,174.908250553489,175.773058119428,
176.637865685367,177.502673251307,177.810273202998),.UNSPECIFIED.);
#161=B_SPLINE_CURVE_WITH_KNOTS('',3,(#1338,#1339,#1340,#1341,#1342,#1343,
#1344,#1345,#1346,#1347,#1348,#1349,#1350,#1351,#1352,#1353,#1354,#1355,
#1356,#1357,#1358,#1359,#1360,#1361,#1362,#1363,#1364,#1365,#1366,#1367,
#1368,#1369,#1370,#1371,#1372,#1373,#1374),.UNSPECIFIED.,.F.,.F.,(4,3,3,
3,3,3,3,3,3,3,3,3,4),(29.9774749227906,30.4873270995889,31.3521080675088,
32.2168890354288,33.3699303259887,34.5229716165487,35.6760129071086,36.8290541976685,
37.9820954882285,39.1351367787884,40.2881780693484,41.4412193599083,41.803891500304),
 .UNSPECIFIED.);
#162=B_SPLINE_CURVE_WITH_KNOTS('',3,(#1379,#1380,#1381,#1382,#1383,#1384,
#1385,#1386,#1387,#1388,#1389,#1390,#1391,#1392,#1393,#1394,#1395,#1396,
#1397,#1398,#1399,#1400,#1401,#1402,#1403,#1404,#1405,#1406,#1407,#1408,
#1409,#1410,#1411,#1412,#1413,#1414,#1415,#1416,#1417,#1418),
 .UNSPECIFIED.,.F.,.F.,(4,3,3,3,3,3,3,3,3,3,3,3,3,4),(154.156761139616,
154.441185570019,155.209900248887,155.978614927755,156.747329606623,157.900401624926,
159.053473643228,160.206545661531,161.359617679833,162.512689698135,163.665761716438,
164.81883373474,165.971905753043,165.983492882176),.UNSPECIFIED.);
#163=B_SPLINE_CURVE_WITH_KNOTS('',3,(#1419,#1420,#1421,#1422,#1423,#1424,
#1425,#1426,#1427,#1428,#1429,#1430,#1431,#1432,#1433,#1434,#1435,#1436,
#1437,#1438,#1439,#1440,#1441,#1442,#1443,#1444,#1445,#1446,#1447,#1448,
#1449,#1450,#1451,#1452),.UNSPECIFIED.,.F.,.F.,(4,3,3,3,3,3,3,3,3,3,3,4),
(41.803891500304,42.5942643771255,43.7473111043726,44.9003578316196,46.0534045588666,
47.2064512861136,48.3594980133607,49.5125447406077,50.6655914678547,51.8186381951017,
52.9716849223488,53.6303638405182),.UNSPECIFIED.);
#164=B_SPLINE_CURVE_WITH_KNOTS('',3,(#1457,#1458,#1459,#1460,#1461,#1462,
#1463,#1464,#1465,#1466,#1467,#1468,#1469,#1470,#1471,#1472,#1473,#1474,
#1475,#1476,#1477,#1478,#1479,#1480,#1481,#1482,#1483,#1484,#1485,#1486,
#1487,#1488,#1489,#1490,#1491,#1492,#1493,#1494,#1495,#1496,#1497,#1498,
#1499),.UNSPECIFIED.,.F.,.F.,(4,3,3,3,3,3,3,3,3,3,3,3,3,3,4),(142.330140034095,
142.910570594793,144.063631826239,145.216693057686,146.369754289133,147.52281552058,
148.547758837422,149.060230495842,149.828937983474,150.597645471105,151.366352958736,
152.135060446367,152.903767933998,153.67247542163,154.156761139616),
 .UNSPECIFIED.);
#165=B_SPLINE_CURVE_WITH_KNOTS('',3,(#1500,#1501,#1502,#1503,#1504,#1505,
#1506,#1507,#1508,#1509,#1510,#1511,#1512,#1513,#1514,#1515,#1516,#1517,
#1518,#1519,#1520,#1521,#1522,#1523,#1524,#1525,#1526,#1527,#1528,#1529,
#1530,#1531,#1532,#1533),.UNSPECIFIED.,.F.,.F.,(4,3,3,3,3,3,3,3,3,3,3,4),
(53.6303638405182,54.124738583049,55.2778014816473,56.4308643802456,57.5839272788439,
58.7369901774423,59.8900530760406,61.0431159746389,62.1961788732372,63.3492417718356,
64.5023046704339,65.4570020454658),.UNSPECIFIED.);
#166=B_SPLINE_CURVE_WITH_KNOTS('',3,(#1538,#1539,#1540,#1541,#1542,#1543,
#1544,#1545,#1546,#1547,#1548,#1549,#1550,#1551,#1552,#1553,#1554,#1555,
#1556,#1557,#1558,#1559,#1560,#1561,#1562,#1563,#1564,#1565,#1566,#1567,
#1568,#1569,#1570,#1571,#1572,#1573,#1574,#1575,#1576,#1577,#1578,#1579,
#1580,#1581,#1582,#1583),.UNSPECIFIED.,.F.,.F.,(4,3,3,3,3,3,3,3,3,3,3,3,
3,3,3,4),(130.50369268563,130.611422967036,131.380119160789,132.148815354542,
132.917511548295,133.686207742049,134.454903935802,135.223600129555,135.992296323308,
136.760992517061,137.529688710814,138.298384904567,139.451429195197,140.604473485827,
141.757517776456,142.330140034095),.UNSPECIFIED.);
#167=B_SPLINE_CURVE_WITH_KNOTS('',3,(#1584,#1585,#1586,#1587,#1588,#1589,
#1590,#1591,#1592,#1593,#1594,#1595,#1596,#1597,#1598,#1599,#1600,#1601,
#1602,#1603,#1604,#1605,#1606,#1607,#1608,#1609,#1610,#1611,#1612,#1613,
#1614,#1615,#1616,#1617,#1618,#1619,#1620),.UNSPECIFIED.,.F.,.F.,(4,3,3,
3,3,3,3,3,3,3,3,3,4),(65.4570020454658,65.6553692950458,66.8084422266489,
67.961515158252,69.1145880898552,70.2676610214583,71.4207339530614,72.5738068846645,
73.7268798162676,74.8799527478707,76.0330256794739,77.186098611077,77.2837431554124),
 .UNSPECIFIED.);
#168=B_SPLINE_CURVE_WITH_KNOTS('',3,(#1625,#1626,#1627,#1628,#1629,#1630,
#1631,#1632,#1633,#1634,#1635,#1636,#1637,#1638,#1639,#1640,#1641,#1642,
#1643,#1644,#1645,#1646,#1647,#1648,#1649,#1650,#1651,#1652,#1653,#1654,
#1655,#1656,#1657,#1658,#1659,#1660,#1661),.UNSPECIFIED.,.F.,.F.,(4,3,3,
3,3,3,3,3,3,3,3,3,4),(118.677254805997,118.696641417145,119.849684784594,
121.002728152043,122.155771519491,123.30881488694,124.461858254389,125.614901621838,
126.767944989286,127.920988356735,129.074031724184,129.58649544305,130.50369268563),
 .UNSPECIFIED.);
#169=B_SPLINE_CURVE_WITH_KNOTS('',3,(#1662,#1663,#1664,#1665,#1666,#1667,
#1668,#1669,#1670,#1671,#1672,#1673,#1674,#1675,#1676,#1677,#1678,#1679,
#1680,#1681,#1682,#1683,#1684,#1685,#1686,#1687,#1688,#1689,#1690,#1691,
#1692,#1693,#1694,#1695),.UNSPECIFIED.,.F.,.F.,(4,3,3,3,3,3,3,3,3,3,3,4),
(77.2837431554124,78.3391751961213,79.4922521191693,80.6453290422173,81.7984059652653,
82.9514828883133,84.1045598113612,85.2576367344092,86.4107136574572,87.5637905805052,
88.7168675035532,89.1105252040849),.UNSPECIFIED.);
#170=B_SPLINE_CURVE_WITH_KNOTS('',3,(#1700,#1701,#1702,#1703,#1704,#1705,
#1706,#1707,#1708,#1709,#1710,#1711,#1712,#1713,#1714,#1715,#1716,#1717,
#1718,#1719,#1720,#1721,#1722,#1723,#1724,#1725,#1726,#1727,#1728,#1729,
#1730,#1731,#1732,#1733),.UNSPECIFIED.,.F.,.F.,(4,3,3,3,3,3,3,3,3,3,3,4),
(106.850640341225,107.166035866707,108.319096450698,109.472157034689,110.625217618679,
111.77827820267,112.931338786661,114.084399370651,115.237459954642,116.390520538633,
117.543581122623,118.677254805997),.UNSPECIFIED.);
#171=B_SPLINE_CURVE_WITH_KNOTS('',3,(#1734,#1735,#1736,#1737,#1738,#1739,
#1740,#1741,#1742,#1743,#1744,#1745,#1746,#1747,#1748,#1749,#1750,#1751,
#1752,#1753,#1754,#1755,#1756,#1757,#1758,#1759,#1760,#1761,#1762,#1763,
#1764,#1765,#1766,#1767),.UNSPECIFIED.,.F.,.F.,(4,3,3,3,3,3,3,3,3,3,3,4),
(89.1105252040849,89.8699431026469,91.0230180154467,92.1760929282465,93.3291678410464,
94.4822427538462,95.635317666646,96.7883925794459,97.9414674922457,99.0945424050455,
100.247617317845,100.937286634418),.UNSPECIFIED.);
#172=B_SPLINE_CURVE_WITH_KNOTS('',3,(#1772,#1773,#1774,#1775,#1776,#1777,
#1778,#1779,#1780,#1781,#1782,#1783,#1784,#1785,#1786,#1787,#1788,#1789,
#1790,#1791,#1792,#1793,#1794,#1795,#1796,#1797,#1798,#1799,#1800,#1801,
#1802,#1803,#1804,#1805,#1806,#1807,#1808,#1809,#1810,#1811),
 .UNSPECIFIED.,.F.,.F.,(4,3,3,3,3,3,3,3,3,3,3,3,3,4),(95.0239123447185,
95.2509651460308,96.0196795814109,96.7883940167909,97.941465669861,99.094537322931,
99.8632517583111,100.631966193691,101.400680629071,102.553752282141,103.706823935211,
104.859895588281,106.012967241351,106.850640341225),.UNSPECIFIED.);
#173=B_SPLINE_CURVE_WITH_KNOTS('',3,(#1812,#1813,#1814,#1815,#1816,#1817,
#1818,#1819,#1820,#1821,#1822,#1823,#1824,#1825,#1826,#1827,#1828,#1829,
#1830,#1831,#1832,#1833,#1834,#1835,#1836,#1837,#1838,#1839,#1840,#1841,
#1842,#1843,#1844,#1845,#1846,#1847,#1848,#1849,#1850,#1851,#1852,#1853,
#1854,#1855,#1856,#1857),.UNSPECIFIED.,.F.,.F.,(4,3,3,3,3,3,3,3,3,3,3,3,
3,3,3,4),(100.937286634418,101.400689002643,102.169400256431,102.938111510219,
103.706822764007,104.475534017795,105.244245271583,106.012956525371,107.037904863755,
107.550379032947,108.062853202139,109.087801540523,110.112749878907,111.137698217291,
112.162646555675,112.763965682248),.UNSPECIFIED.);
#174=B_SPLINE_CURVE_WITH_KNOTS('',3,(#1862,#1863,#1864,#1865,#1866,#1867,
#1868,#1869,#1870,#1871,#1872,#1873,#1874,#1875,#1876,#1877,#1878,#1879,
#1880,#1881,#1882,#1883,#1884,#1885,#1886,#1887,#1888,#1889,#1890,#1891,
#1892,#1893,#1894,#1895,#1896,#1897,#1898,#1899,#1900,#1901,#1902,#1903,
#1904,#1905,#1906,#1907,#1908,#1909,#1910,#1911,#1912,#1913),
 .UNSPECIFIED.,.F.,.F.,(4,3,3,3,3,3,3,3,3,3,3,3,3,3,3,3,3,4),(83.1971329121304,
83.4639601941247,84.4889172323333,85.2576350109898,86.0263527896463,86.7950705683028,
87.5637883469593,88.3325061256157,89.1012239042722,89.4855827936004,89.8699416829287,
90.6386594615852,91.4073772402416,92.1760950188981,92.9448127975546,93.7135305762111,
94.4822483548676,95.0239123447185),.UNSPECIFIED.);
#175=B_SPLINE_CURVE_WITH_KNOTS('',3,(#1914,#1915,#1916,#1917,#1918,#1919,
#1920,#1921,#1922,#1923,#1924,#1925,#1926,#1927,#1928,#1929,#1930,#1931,
#1932,#1933,#1934,#1935,#1936,#1937,#1938,#1939,#1940,#1941,#1942,#1943,
#1944,#1945,#1946,#1947,#1948,#1949,#1950,#1951,#1952,#1953,#1954,#1955,
#1956,#1957,#1958,#1959,#1960,#1961,#1962),.UNSPECIFIED.,.F.,.F.,(4,3,3,
3,3,3,3,3,3,3,3,3,3,3,3,3,4),(112.763965682248,112.931355757812,113.700057589847,
114.468759421881,115.237461253915,116.006163085949,116.774864917984,117.543566750018,
118.312268582052,119.080970414087,119.849672246121,120.618374078155,121.387075910189,
122.412011686235,123.436947462281,124.461883238326,124.590499776183),
 .UNSPECIFIED.);
#176=B_SPLINE_CURVE_WITH_KNOTS('',3,(#1967,#1968,#1969,#1970,#1971,#1972,
#1973,#1974,#1975,#1976,#1977,#1978,#1979,#1980,#1981,#1982,#1983,#1984,
#1985,#1986,#1987,#1988,#1989,#1990,#1991,#1992,#1993,#1994,#1995,#1996,
#1997,#1998,#1999,#2000,#2001,#2002,#2003,#2004,#2005,#2006,#2007,#2008,
#2009),.UNSPECIFIED.,.F.,.F.,(4,3,3,3,3,3,3,3,3,3,3,3,3,3,4),(71.3703636269166,
71.4207250994386,72.5738007780739,73.7268764567091,74.4955935757993,75.2643106948895,
76.0330278139797,76.8017449330698,77.57046205216,78.3391791712502,79.3641353300371,
80.389091488824,81.4140476476109,82.4390038063978,83.1971329121304),
 .UNSPECIFIED.);
#177=B_SPLINE_CURVE_WITH_KNOTS('',3,(#2010,#2011,#2012,#2013,#2014,#2015,
#2016,#2017,#2018,#2019,#2020,#2021,#2022,#2023,#2024,#2025,#2026,#2027,
#2028,#2029,#2030,#2031,#2032,#2033,#2034,#2035,#2036,#2037,#2038,#2039,
#2040,#2041,#2042,#2043,#2044,#2045,#2046,#2047,#2048,#2049,#2050,#2051,
#2052,#2053,#2054,#2055),.UNSPECIFIED.,.F.,.F.,(4,3,3,3,3,3,3,3,3,3,3,3,
3,3,3,4),(124.590499776183,125.230577318333,125.999269840675,126.767962363016,
127.536654885357,128.049116566918,128.561578248479,129.5865016116,130.611424974722,
131.380117497063,132.148810019404,132.917502541746,133.686195064087,134.839233847599,
135.99227263111,136.416890639546),.UNSPECIFIED.);
#178=B_SPLINE_CURVE_WITH_KNOTS('',3,(#2060,#2061,#2062,#2063,#2064,#2065,
#2066,#2067,#2068,#2069,#2070,#2071,#2072,#2073,#2074,#2075,#2076,#2077,
#2078,#2079,#2080,#2081,#2082,#2083,#2084,#2085,#2086,#2087,#2088,#2089,
#2090,#2091,#2092,#2093),.UNSPECIFIED.,.F.,.F.,(4,3,3,3,3,3,3,3,3,3,3,4),
(59.5436661745849,59.8900380427599,61.0431067178392,62.1961753929185,63.3492440679978,
64.5023127430771,65.6553814181564,66.8084500932357,67.961518768315,69.1145874433943,
70.2676561184736,71.3703636269166),.UNSPECIFIED.);
#179=B_SPLINE_CURVE_WITH_KNOTS('',3,(#2094,#2095,#2096,#2097,#2098,#2099,
#2100,#2101,#2102,#2103,#2104,#2105,#2106,#2107,#2108,#2109,#2110,#2111,
#2112,#2113,#2114,#2115,#2116,#2117,#2118,#2119,#2120,#2121,#2122,#2123,
#2124,#2125,#2126,#2127,#2128,#2129,#2130),.UNSPECIFIED.,.F.,.F.,(4,3,3,
3,3,3,3,3,3,3,3,3,4),(136.416890639546,137.145320736094,138.298374274838,
139.451427813583,140.027954582956,140.604481352328,141.757534891073,142.910588429817,
144.063641968562,145.216695507307,146.369749046052,147.522802584796,148.243432843392),
 .UNSPECIFIED.);
#180=B_SPLINE_CURVE_WITH_KNOTS('',3,(#2135,#2136,#2137,#2138,#2139,#2140,
#2141,#2142,#2143,#2144,#2145,#2146,#2147,#2148,#2149,#2150,#2151,#2152,
#2153,#2154,#2155,#2156,#2157,#2158,#2159,#2160,#2161,#2162,#2163,#2164,
#2165,#2166,#2167,#2168),.UNSPECIFIED.,.F.,.F.,(4,3,3,3,3,3,3,3,3,3,3,4),
(47.7171029489781,48.3594782285287,49.5125338168365,50.6655894051444,51.8186449934522,
52.97170058176,54.1247561700678,55.2778117583756,56.4308673466834,57.5839229349912,
58.7369785232991,59.5436661745849),.UNSPECIFIED.);
#181=B_SPLINE_CURVE_WITH_KNOTS('',3,(#2169,#2170,#2171,#2172,#2173,#2174,
#2175,#2176,#2177,#2178,#2179,#2180,#2181,#2182,#2183,#2184,#2185,#2186,
#2187,#2188,#2189,#2190,#2191,#2192,#2193,#2194,#2195,#2196,#2197,#2198,
#2199,#2200,#2201,#2202,#2203,#2204,#2205,#2206,#2207,#2208),
 .UNSPECIFIED.,.F.,.F.,(4,3,3,3,3,3,3,3,3,3,3,3,3,4),(148.243432843392,
148.675861316756,149.828928703172,150.981996089588,152.135063476004,153.288130862419,
154.441198248835,155.594265635251,156.747333021666,157.51604461261,158.284756203554,
159.053467794498,159.822179385442,160.070117078356),.UNSPECIFIED.);
#182=B_SPLINE_CURVE_WITH_KNOTS('',3,(#2213,#2214,#2215,#2216,#2217,#2218,
#2219,#2220,#2221,#2222,#2223,#2224,#2225,#2226,#2227,#2228,#2229,#2230,
#2231,#2232,#2233,#2234,#2235,#2236,#2237,#2238,#2239,#2240,#2241,#2242,
#2243,#2244,#2245,#2246,#2247,#2248,#2249,#2250,#2251,#2252,#2253,#2254,
#2255,#2256,#2257,#2258,#2259,#2260,#2261),.UNSPECIFIED.,.F.,.F.,(4,3,3,
3,3,3,3,3,3,3,3,3,3,3,3,3,4),(35.8907077192071,36.0603842052503,36.8290770113987,
37.5977698175473,38.3664626236958,39.3913863652272,40.4163101067585,40.9287719775242,
41.4412338482899,42.2099266544384,42.978619460587,43.7473122667355,44.516005072884,
45.2846978790326,46.0533906851811,47.2064298944039,47.7171029489781),
 .UNSPECIFIED.);
#183=B_SPLINE_CURVE_WITH_KNOTS('',3,(#2262,#2263,#2264,#2265,#2266,#2267,
#2268,#2269,#2270,#2271,#2272,#2273,#2274,#2275,#2276,#2277,#2278,#2279,
#2280,#2281,#2282,#2283,#2284,#2285,#2286,#2287,#2288,#2289,#2290,#2291,
#2292,#2293,#2294,#2295,#2296,#2297,#2298,#2299,#2300,#2301,#2302,#2303,
#2304,#2305,#2306,#2307),.UNSPECIFIED.,.F.,.F.,(4,3,3,3,3,3,3,3,3,3,3,3,
3,3,3,4),(160.070117078356,160.590894477524,161.359611236479,162.384566915087,
163.409522593694,164.434478272301,165.203195031257,165.971911790212,166.740628549168,
167.509345308123,168.278062067079,169.046778826034,169.81549558499,170.584212343945,
171.44901869777,171.896880822925),.UNSPECIFIED.);
#184=B_SPLINE_CURVE_WITH_KNOTS('',3,(#2312,#2313,#2314,#2315,#2316,#2317,
#2318,#2319,#2320,#2321,#2322,#2323,#2324,#2325,#2326,#2327,#2328,#2329,
#2330,#2331,#2332,#2333,#2334,#2335,#2336,#2337,#2338,#2339,#2340,#2341,
#2342,#2343,#2344,#2345,#2346,#2347,#2348,#2349,#2350,#2351,#2352,#2353,
#2354,#2355,#2356,#2357),.UNSPECIFIED.,.F.,.F.,(4,3,3,3,3,3,3,3,3,3,3,3,
3,3,3,4),(24.0641959922561,24.4337926560326,25.2985805815341,26.1633685070355,
27.028156432537,27.8929443580384,28.7577322835398,29.6225202090413,30.4873081345427,
31.3520960600441,32.2168839855456,32.9855843637691,33.7542847419926,34.5229851202161,
35.2916854984396,35.8907077192071),.UNSPECIFIED.);
#185=B_SPLINE_CURVE_WITH_KNOTS('',3,(#2358,#2359,#2360,#2361,#2362,#2363,
#2364,#2365,#2366,#2367,#2368,#2369,#2370,#2371,#2372,#2373,#2374,#2375,
#2376,#2377,#2378,#2379,#2380,#2381,#2382,#2383,#2384,#2385,#2386,#2387,
#2388,#2389,#2390,#2391,#2392,#2393,#2394,#2395,#2396,#2397,#2398,#2399,
#2400,#2401,#2402,#2403),.UNSPECIFIED.,.F.,.F.,(4,3,3,3,3,3,3,3,3,3,3,3,
3,3,3,4),(171.896880822925,172.31382567802,173.178633331147,174.043440984274,
174.908248637401,175.773056290528,176.637863943655,177.502671596782,178.367479249908,
179.232286903035,180.097094556162,180.961902209289,181.826709862416,182.691517515543,
183.55632516867,183.723662336078),.UNSPECIFIED.);
#186=B_SPLINE_CURVE_WITH_KNOTS('',3,(#2409,#2410,#2411,#2412,#2413,#2414,
#2415,#2416,#2417,#2418,#2419,#2420,#2421),.UNSPECIFIED.,.F.,.F.,(4,3,3,
3,4),(195.550400055346,195.663574708305,196.52827684839,197.392978988475,
198.25768112856),.UNSPECIFIED.);
#187=B_SPLINE_CURVE_WITH_KNOTS('',3,(#2424,#2425,#2426,#2427,#2428,#2429,
#2430,#2431,#2432,#2433,#2434,#2435,#2436),.UNSPECIFIED.,.F.,.F.,(4,3,3,
3,4),(9.03142473406981,9.7319321111463,10.5968280880664,11.4617240649864,
12.237531478763),.UNSPECIFIED.);
#188=B_SPLINE_CURVE_WITH_KNOTS('',3,(#2442,#2443,#2444,#2445,#2446,#2447,
#2448,#2449,#2450,#2451,#2452,#2453,#2454,#2455,#2456,#2457,#2458,#2459,
#2460,#2461,#2462,#2463,#2464,#2465,#2466,#2467,#2468,#2469),
 .UNSPECIFIED.,.F.,.F.,(4,3,3,3,3,3,3,3,3,4),(-216.567667102273,-215.627107012556,
-214.686546921522,-213.745986830488,-212.805426739454,-211.86486664842,
-210.924306557386,-209.983746466352,-209.043186375318,-208.199430423384),
 .UNSPECIFIED.);
#189=B_SPLINE_CURVE_WITH_KNOTS('',3,(#2472,#2473,#2474,#2475,#2476,#2477,
#2478,#2479,#2480,#2481,#2482,#2483,#2484,#2485,#2486,#2487,#2488,#2489,
#2490,#2491,#2492,#2493,#2494,#2495,#2496,#2497,#2498,#2499,#2500,#2501,
#2502,#2503,#2504,#2505,#2506,#2507,#2508),.UNSPECIFIED.,.F.,.F.,(4,3,3,
3,3,3,3,3,3,3,3,3,4),(10.7720474813743,11.5337890011267,12.4742889836342,
13.4147889661417,14.3552889486491,15.2957889311566,16.236288913664,17.1767888961715,
18.117288878679,19.0577888611864,19.9982888436939,20.9387888262014,21.6972272517282),
 .UNSPECIFIED.);
#190=B_SPLINE_CURVE_WITH_KNOTS('',3,(#2513,#2514,#2515,#2516,#2517,#2518,
#2519,#2520,#2521,#2522,#2523,#2524,#2525,#2526,#2527,#2528,#2529,#2530,
#2531,#2532,#2533,#2534,#2535,#2536,#2537,#2538,#2539,#2540,#2541,#2542,
#2543,#2544,#2545,#2546,#2547,#2548,#2549,#2550,#2551,#2552,#2553,#2554,
#2555,#2556,#2557,#2558),.UNSPECIFIED.,.F.,.F.,(4,3,3,3,3,3,3,3,3,3,3,3,
3,3,3,4),(-208.199430423384,-208.102631922702,-207.162126615188,-206.221621307673,
-205.281116000159,-204.340610692644,-203.400105385129,-202.459600077615,
-201.5190947701,-200.578589462586,-199.638084155071,-198.697578847557,-197.757073540042,
-196.816568232527,-195.876062925013,-195.33743649357),.UNSPECIFIED.);
#191=B_SPLINE_CURVE_WITH_KNOTS('',3,(#2559,#2560,#2561,#2562,#2563,#2564,
#2565,#2566,#2567,#2568,#2569,#2570,#2571,#2572,#2573,#2574,#2575,#2576,
#2577,#2578,#2579,#2580,#2581,#2582,#2583,#2584,#2585,#2586,#2587,#2588,
#2589,#2590,#2591,#2592,#2593,#2594,#2595,#2596,#2597,#2598,#2599,#2600,
#2601,#2602,#2603,#2604),.UNSPECIFIED.,.F.,.F.,(4,3,3,3,3,3,3,3,3,3,3,3,
3,3,3,4),(21.6972272517282,21.8792939383781,22.819820419911,23.7603469014438,
24.7008733829767,25.6413998645096,26.5819263460424,27.5224528275753,28.4629793091082,
29.4035057906411,30.344032272174,31.2845587537068,32.2250852352397,33.1656117167726,
34.1061381983054,34.5595107489901),.UNSPECIFIED.);
#192=B_SPLINE_CURVE_WITH_KNOTS('',3,(#2609,#2610,#2611,#2612,#2613,#2614,
#2615,#2616,#2617,#2618,#2619,#2620,#2621,#2622,#2623,#2624,#2625,#2626,
#2627,#2628,#2629,#2630,#2631,#2632,#2633,#2634,#2635,#2636,#2637,#2638,
#2639,#2640,#2641,#2642,#2643,#2644,#2645,#2646,#2647,#2648,#2649,#2650,
#2651,#2652,#2653,#2654),.UNSPECIFIED.,.F.,.F.,(4,3,3,3,3,3,3,3,3,3,3,3,
3,3,3,4),(-195.33743649357,-194.935556703891,-193.995049258288,-193.054541812685,
-192.114034367082,-191.173526921479,-190.233019475876,-189.292512030274,
-188.352004584671,-187.411497139068,-186.470989693465,-185.634983075151,
-184.798976456838,-183.962969838524,-183.12696322021,-182.475413324),
 .UNSPECIFIED.);
#193=B_SPLINE_CURVE_WITH_KNOTS('',3,(#2655,#2656,#2657,#2658,#2659,#2660,
#2661,#2662,#2663,#2664,#2665,#2666,#2667,#2668,#2669,#2670,#2671,#2672,
#2673,#2674,#2675,#2676,#2677,#2678,#2679,#2680,#2681,#2682,#2683,#2684,
#2685,#2686,#2687,#2688,#2689,#2690,#2691,#2692,#2693,#2694,#2695,#2696,
#2697,#2698,#2699,#2700),.UNSPECIFIED.,.F.,.F.,(4,3,3,3,3,3,3,3,3,3,3,3,
3,3,3,4),(34.5595107489901,35.0466677151856,35.9872000569287,36.8232288051448,
37.659257553361,38.4952863015771,39.3313150497932,40.1673437980093,41.0033725462254,
41.8394012944415,42.6754300426577,43.7901350402792,44.9048400379007,46.0195450355222,
46.8555737837383,47.4218743877041),.UNSPECIFIED.);
#194=B_SPLINE_CURVE_WITH_KNOTS('',3,(#2705,#2706,#2707,#2708,#2709,#2710,
#2711,#2712,#2713,#2714,#2715,#2716,#2717,#2718,#2719,#2720,#2721,#2722,
#2723,#2724,#2725,#2726,#2727,#2728,#2729,#2730,#2731,#2732,#2733,#2734,
#2735,#2736,#2737,#2738,#2739,#2740,#2741,#2742,#2743,#2744,#2745,#2746,
#2747,#2748,#2749,#2750,#2751,#2752,#2753),.UNSPECIFIED.,.F.,.F.,(4,3,3,
3,3,3,3,3,3,3,3,3,3,3,3,3,4),(-182.475413324,-182.29095391737,-181.454935132071,
-180.618916346773,-179.782897561474,-178.668205847743,-177.553514134011,
-176.996168277146,-176.43882242028,-175.602803634981,-174.766784849683,
-173.930766064384,-173.094747279086,-172.258728493787,-171.422709708488,
-170.168681530541,-169.613202964605),.UNSPECIFIED.);
#195=B_SPLINE_CURVE_WITH_KNOTS('',3,(#2754,#2755,#2756,#2757,#2758,#2759,
#2760,#2761,#2762,#2763,#2764,#2765,#2766,#2767,#2768,#2769,#2770,#2771,
#2772,#2773,#2774,#2775,#2776,#2777,#2778,#2779,#2780,#2781,#2782,#2783,
#2784,#2785,#2786,#2787,#2788,#2789,#2790,#2791,#2792,#2793),
 .UNSPECIFIED.,.F.,.F.,(4,3,3,3,3,3,3,3,3,3,3,3,3,4),(47.4218743877041,
47.691602787555,48.527632328011,49.363661868467,50.1996914089231,51.0357209493791,
52.2897652600632,53.5438095707472,54.7978538814313,56.0518981921153,57.3059425027994,
58.5599868134834,59.8140311241675,60.2842502149843),.UNSPECIFIED.);
#196=B_SPLINE_CURVE_WITH_KNOTS('',3,(#2798,#2799,#2800,#2801,#2802,#2803,
#2804,#2805,#2806,#2807,#2808,#2809,#2810,#2811,#2812,#2813,#2814,#2815,
#2816,#2817,#2818,#2819,#2820,#2821,#2822,#2823,#2824,#2825,#2826,#2827,
#2828,#2829,#2830,#2831),.UNSPECIFIED.,.F.,.F.,(4,3,3,3,3,3,3,3,3,3,3,4),
(-169.613202964605,-168.914646958165,-167.660607301014,-166.406567643863,
-165.152527986712,-163.898488329561,-162.64444867241,-161.390409015259,
-160.136369358109,-158.882329700958,-157.628290043807,-156.750874866914),
 .UNSPECIFIED.);
#197=B_SPLINE_CURVE_WITH_KNOTS('',3,(#2832,#2833,#2834,#2835,#2836,#2837,
#2838,#2839,#2840,#2841,#2842,#2843,#2844,#2845,#2846,#2847,#2848,#2849,
#2850,#2851,#2852,#2853,#2854,#2855,#2856,#2857,#2858,#2859,#2860,#2861,
#2862,#2863,#2864,#2865,#2866,#2867,#2868),.UNSPECIFIED.,.F.,.F.,(4,3,3,
3,3,3,3,3,3,3,3,3,4),(60.2842502149843,61.0680720441139,62.3221109299468,
63.5761498157797,64.8301887016126,66.0842275874454,67.3382664732782,68.5923053591111,
69.2193248020275,69.846344244944,71.1003831307768,72.3544220166097,73.1465704015409),
 .UNSPECIFIED.);
#198=B_SPLINE_CURVE_WITH_KNOTS('',3,(#2873,#2874,#2875,#2876,#2877,#2878,
#2879,#2880,#2881,#2882,#2883,#2884,#2885,#2886,#2887,#2888,#2889,#2890,
#2891,#2892,#2893,#2894,#2895,#2896,#2897,#2898,#2899,#2900,#2901,#2902,
#2903,#2904,#2905,#2906),.UNSPECIFIED.,.F.,.F.,(4,3,3,3,3,3,3,3,3,3,3,4),
(-156.750874866914,-156.37424893931,-155.12020446296,-153.866159986609,
-152.612115510258,-151.358071033907,-150.104026557557,-148.849982081206,
-147.595937604855,-146.341893128504,-145.087848652154,-143.888497340452),
 .UNSPECIFIED.);
#199=B_SPLINE_CURVE_WITH_KNOTS('',3,(#2907,#2908,#2909,#2910,#2911,#2912,
#2913,#2914,#2915,#2916,#2917,#2918,#2919,#2920,#2921,#2922,#2923,#2924,
#2925,#2926,#2927,#2928,#2929,#2930,#2931,#2932,#2933,#2934,#2935,#2936,
#2937,#2938,#2939,#2940,#2941,#2942,#2943,#2944,#2945,#2946,#2947,#2948,
#2949,#2950,#2951,#2952),.UNSPECIFIED.,.F.,.F.,(4,3,3,3,3,3,3,3,3,3,3,3,
3,3,3,4),(73.1465704015409,73.6084564484993,74.8624832418167,76.1165100351341,
76.9525278973457,77.7885457595573,78.6245636217689,79.4605814839805,80.5752719669293,
81.6899624498781,82.2473076913525,82.8046529328269,83.6406707950385,84.4766886572502,
85.3127065194618,86.0087665592222),.UNSPECIFIED.);
#200=B_SPLINE_CURVE_WITH_KNOTS('',3,(#2957,#2958,#2959,#2960,#2961,#2962,
#2963,#2964,#2965,#2966,#2967,#2968,#2969,#2970,#2971,#2972,#2973,#2974,
#2975,#2976,#2977,#2978,#2979,#2980,#2981,#2982,#2983,#2984,#2985,#2986,
#2987,#2988,#2989,#2990,#2991,#2992,#2993,#2994,#2995,#2996,#2997,#2998,
#2999),.UNSPECIFIED.,.F.,.F.,(4,3,3,3,3,3,3,3,3,3,3,3,3,3,4),(-143.888497340452,
-143.833804253972,-142.579761569949,-141.325718885925,-140.48969042991,
-139.653661973894,-138.817633517878,-137.981605061863,-137.145576605847,
-136.309548149831,-135.19484354181,-134.080138933789,-132.965434325769,
-131.850729717748,-131.026138197227),.UNSPECIFIED.);
#201=B_SPLINE_CURVE_WITH_KNOTS('',3,(#3000,#3001,#3002,#3003,#3004,#3005,
#3006,#3007,#3008,#3009,#3010,#3011,#3012,#3013,#3014,#3015,#3016,#3017,
#3018,#3019,#3020,#3021,#3022,#3023,#3024,#3025,#3026,#3027,#3028,#3029,
#3030,#3031,#3032,#3033,#3034,#3035,#3036,#3037,#3038,#3039,#3040,#3041,
#3042,#3043,#3044,#3045,#3046,#3047,#3048),.UNSPECIFIED.,.F.,.F.,(4,3,3,
3,3,3,3,3,3,3,3,3,3,3,3,3,4),(86.0087665592222,86.1487222766043,87.2633959937849,
88.3780697109655,89.4927434281461,90.3287487160315,91.164754003917,92.0007592918024,
92.8367645796879,93.6727698675733,94.5087751554587,95.3447804433442,96.1807857312296,
97.0167910191151,97.8527963070005,98.688801594886,98.8707692600076),
 .UNSPECIFIED.);
#202=B_SPLINE_CURVE_WITH_KNOTS('',3,(#3053,#3054,#3055,#3056,#3057,#3058,
#3059,#3060,#3061,#3062,#3063,#3064,#3065,#3066,#3067,#3068,#3069,#3070,
#3071,#3072,#3073,#3074,#3075,#3076,#3077,#3078,#3079,#3080,#3081,#3082,
#3083,#3084,#3085,#3086,#3087,#3088,#3089,#3090,#3091,#3092,#3093,#3094,
#3095,#3096,#3097,#3098,#3099,#3100,#3101,#3102,#3103,#3104),
 .UNSPECIFIED.,.F.,.F.,(4,3,3,3,3,3,3,3,3,3,3,3,3,3,3,3,3,4),(-131.026138197227,
-130.736027058093,-129.6213299363,-128.785307094955,-127.949284253611,-127.113261412266,
-126.277238570921,-125.441215729577,-124.605192888232,-124.18718146756,
-123.769170046887,-122.933147205543,-122.097124364198,-121.261101522854,
-120.425078681509,-119.589055840164,-118.75303299882,-118.163865435543),
 .UNSPECIFIED.);
#203=B_SPLINE_CURVE_WITH_KNOTS('',3,(#3105,#3106,#3107,#3108,#3109,#3110,
#3111,#3112,#3113,#3114,#3115,#3116,#3117,#3118,#3119,#3120,#3121,#3122,
#3123,#3124,#3125,#3126,#3127,#3128,#3129,#3130,#3131,#3132,#3133,#3134,
#3135,#3136,#3137,#3138,#3139,#3140,#3141,#3142,#3143,#3144,#3145,#3146,
#3147,#3148,#3149,#3150),.UNSPECIFIED.,.F.,.F.,(4,3,3,3,3,3,3,3,3,3,3,3,
3,3,3,4),(98.8707692600076,99.5248074397462,100.639482106177,101.754156772607,
102.868831439037,103.983506105468,104.540843438683,105.098180771898,106.212855438329,
107.048861438151,107.884867437974,108.720873437797,109.55687943762,110.392885437443,
111.228891437265,111.732782914028),.UNSPECIFIED.);
#204=B_SPLINE_CURVE_WITH_KNOTS('',3,(#3155,#3156,#3157,#3158,#3159,#3160,
#3161,#3162,#3163,#3164,#3165,#3166,#3167,#3168,#3169,#3170,#3171,#3172,
#3173,#3174,#3175,#3176,#3177,#3178,#3179,#3180,#3181,#3182,#3183,#3184,
#3185,#3186,#3187,#3188,#3189,#3190,#3191,#3192,#3193,#3194),
 .UNSPECIFIED.,.F.,.F.,(4,3,3,3,3,3,3,3,3,3,3,3,3,4),(-118.163865435543,
-117.91701313679,-117.08100038547,-116.244987634149,-114.990968507169,-113.736949380188,
-112.900936628868,-112.064923877547,-111.228911126227,-109.974891999246,
-108.720872872265,-107.466853745284,-106.212834618304,-105.301747909149),
 .UNSPECIFIED.);
#205=B_SPLINE_CURVE_WITH_KNOTS('',3,(#3195,#3196,#3197,#3198,#3199,#3200,
#3201,#3202,#3203,#3204,#3205,#3206,#3207,#3208,#3209,#3210,#3211,#3212,
#3213,#3214,#3215,#3216,#3217,#3218,#3219,#3220,#3221,#3222,#3223,#3224,
#3225,#3226,#3227,#3228),.UNSPECIFIED.,.F.,.F.,(4,3,3,3,3,3,3,3,3,3,3,4),
(111.732782914028,112.482911528073,113.73693906931,114.990966610547,116.244994151784,
117.499021693021,118.753049234258,120.007076775495,121.261104316732,122.515131857968,
123.769159399205,124.594986742883),.UNSPECIFIED.);
#206=B_SPLINE_CURVE_WITH_KNOTS('',3,(#3233,#3234,#3235,#3236,#3237,#3238,
#3239,#3240,#3241,#3242,#3243,#3244,#3245,#3246,#3247,#3248,#3249,#3250,
#3251,#3252,#3253,#3254,#3255,#3256,#3257,#3258,#3259,#3260,#3261,#3262,
#3263,#3264,#3265,#3266),.UNSPECIFIED.,.F.,.F.,(4,3,3,3,3,3,3,3,3,3,3,4),
(-105.301747909149,-104.958819918884,-103.704816982399,-102.450814045914,
-101.196811109429,-99.9428081729441,-98.6888052364591,-97.4348022999742,
-96.1807993634892,-94.9267964270043,-93.6727934905194,-92.4397964442997),
 .UNSPECIFIED.);
#207=B_SPLINE_CURVE_WITH_KNOTS('',3,(#3267,#3268,#3269,#3270,#3271,#3272,
#3273,#3274,#3275,#3276,#3277,#3278,#3279,#3280,#3281,#3282,#3283,#3284,
#3285,#3286,#3287,#3288,#3289,#3290,#3291,#3292,#3293,#3294,#3295,#3296,
#3297,#3298,#3299,#3300),.UNSPECIFIED.,.F.,.F.,(4,3,3,3,3,3,3,3,3,3,3,4),
(124.594986742883,125.023190957455,126.277230262919,127.531269568383,128.785308873848,
130.039348179312,131.293387484776,132.54742679024,133.801466095705,135.055505401169,
136.309544706633,137.45731123345),.UNSPECIFIED.);
#208=B_SPLINE_CURVE_WITH_KNOTS('',3,(#3305,#3306,#3307,#3308,#3309,#3310,
#3311,#3312,#3313,#3314,#3315,#3316,#3317,#3318,#3319,#3320,#3321,#3322,
#3323,#3324,#3325,#3326,#3327,#3328,#3329,#3330,#3331,#3332,#3333,#3334,
#3335,#3336,#3337,#3338,#3339,#3340,#3341),.UNSPECIFIED.,.F.,.F.,(4,3,3,
3,3,3,3,3,3,3,3,3,4),(-92.4397964442997,-92.4187902981458,-91.1647720857046,
-89.9107538732633,-88.656735660822,-87.4027174483807,-86.1486992359395,
-84.8946810234982,-83.6406628110569,-82.3866445986156,-81.1326263861744,
-80.5752849584227,-79.5776882980713),.UNSPECIFIED.);
#209=B_SPLINE_CURVE_WITH_KNOTS('',3,(#3342,#3343,#3344,#3345,#3346,#3347,
#3348,#3349,#3350,#3351,#3352,#3353,#3354,#3355,#3356,#3357,#3358,#3359,
#3360,#3361,#3362,#3363,#3364,#3365,#3366,#3367,#3368,#3369,#3370,#3371,
#3372,#3373,#3374,#3375,#3376,#3377,#3378),.UNSPECIFIED.,.F.,.F.,(4,3,3,
3,3,3,3,3,3,3,3,3,4),(137.45731123345,137.563584444355,138.817628850547,
140.071673256739,141.325717662931,142.579762069123,143.833806475315,145.087850881507,
146.341895287699,147.595939693891,148.849984100083,150.104028506274,150.319688040318),
 .UNSPECIFIED.);
#210=B_SPLINE_CURVE_WITH_KNOTS('',3,(#3383,#3384,#3385,#3386,#3387,#3388,
#3389,#3390,#3391,#3392,#3393,#3394,#3395,#3396,#3397,#3398,#3399,#3400,
#3401,#3402,#3403,#3404,#3405,#3406,#3407,#3408,#3409,#3410,#3411,#3412,
#3413,#3414,#3415,#3416,#3417,#3418,#3419,#3420,#3421,#3422,#3423,#3424,
#3425,#3426,#3427,#3428),.UNSPECIFIED.,.F.,.F.,(4,3,3,3,3,3,3,3,3,3,3,3,
3,3,3,4),(-79.5776882980713,-79.4606006588296,-78.6245782061951,-77.7885557535606,
-76.9525333009261,-76.1165108482916,-75.2804883956571,-74.4444659430226,
-73.6084434903881,-72.7724210377536,-71.9363985851191,-71.1003761324846,
-69.8463424535329,-68.5923087745811,-67.3382750956294,-66.7154215166896),
 .UNSPECIFIED.);
#211=B_SPLINE_CURVE_WITH_KNOTS('',3,(#3429,#3430,#3431,#3432,#3433,#3434,
#3435,#3436,#3437,#3438,#3439,#3440,#3441,#3442,#3443,#3444,#3445,#3446,
#3447,#3448,#3449,#3450,#3451,#3452,#3453,#3454,#3455,#3456,#3457,#3458,
#3459,#3460,#3461,#3462),.UNSPECIFIED.,.F.,.F.,(4,3,3,3,3,3,3,3,3,3,3,4),
(150.319688040318,151.35807166089,152.61211455557,153.866157450249,155.120200344928,
156.374243239607,157.628286134286,158.882329028966,160.136371923645,161.390414818324,
162.644457713003,163.182049344161),.UNSPECIFIED.);
#212=B_SPLINE_CURVE_WITH_KNOTS('',3,(#3467,#3468,#3469,#3470,#3471,#3472,
#3473,#3474,#3475,#3476,#3477,#3478,#3479,#3480,#3481,#3482,#3483,#3484,
#3485,#3486,#3487,#3488,#3489,#3490,#3491,#3492,#3493,#3494,#3495,#3496,
#3497,#3498,#3499,#3500,#3501,#3502,#3503,#3504,#3505,#3506,#3507,#3508,
#3509),.UNSPECIFIED.,.F.,.F.,(4,3,3,3,3,3,3,3,3,3,3,3,3,3,4),(-66.7154215166896,
-66.0842370137218,-64.8301945869421,-63.5761521601625,-62.3221097333828,
-61.0680673066031,-59.9533629272434,-59.3960107375635,-58.5599824530438,
-57.723954168524,-56.8879258840042,-56.0518975994844,-55.2158693149646,
-54.3798410304448,-53.8530650119197),.UNSPECIFIED.);
#213=B_SPLINE_CURVE_WITH_KNOTS('',3,(#3510,#3511,#3512,#3513,#3514,#3515,
#3516,#3517,#3518,#3519,#3520,#3521,#3522,#3523,#3524,#3525,#3526,#3527,
#3528,#3529,#3530,#3531,#3532,#3533,#3534,#3535,#3536,#3537,#3538,#3539,
#3540,#3541,#3542,#3543),.UNSPECIFIED.,.F.,.F.,(4,3,3,3,3,3,3,3,3,3,3,4),
(163.182049344161,163.898495957726,165.152530713339,166.406565468952,167.660600224565,
168.914634980178,170.168669735791,171.422704491404,172.676739247017,173.93077400263,
175.184808758243,176.044327168492),.UNSPECIFIED.);
#214=B_SPLINE_CURVE_WITH_KNOTS('',3,(#3548,#3549,#3550,#3551,#3552,#3553,
#3554,#3555,#3556,#3557,#3558,#3559,#3560,#3561,#3562,#3563,#3564,#3565,
#3566,#3567,#3568,#3569,#3570,#3571,#3572,#3573,#3574,#3575,#3576,#3577,
#3578,#3579,#3580,#3581,#3582,#3583,#3584,#3585,#3586,#3587),
 .UNSPECIFIED.,.F.,.F.,(4,3,3,3,3,3,3,3,3,3,3,3,3,4),(-53.8530650119197,
-53.54381222422,-52.70778252933,-51.87175283444,-51.0357231395499,-49.7816785972149,
-48.5276340548799,-47.2735895125448,-46.0195449702098,-44.7655004278748,
-43.5114558855397,-42.2574113432047,-41.0033668008697,-40.990686808682),
 .UNSPECIFIED.);
#215=B_SPLINE_CURVE_WITH_KNOTS('',3,(#3588,#3589,#3590,#3591,#3592,#3593,
#3594,#3595,#3596,#3597,#3598,#3599,#3600,#3601,#3602,#3603,#3604,#3605,
#3606,#3607,#3608,#3609,#3610,#3611,#3612,#3613,#3614,#3615,#3616,#3617,
#3618,#3619,#3620,#3621,#3622,#3623,#3624),.UNSPECIFIED.,.F.,.F.,(4,3,3,
3,3,3,3,3,3,3,3,3,4),(176.044327168492,176.438838842932,177.692858751246,
178.94687865956,180.200898567875,181.454918476189,182.708938384504,183.962958292818,
185.216978201132,186.470998109447,187.411513040683,188.352027971918,188.906452708797),
 .UNSPECIFIED.);
#216=B_SPLINE_CURVE_WITH_KNOTS('',3,(#3629,#3630,#3631,#3632,#3633,#3634,
#3635,#3636,#3637,#3638,#3639,#3640,#3641,#3642,#3643,#3644,#3645,#3646,
#3647,#3648,#3649,#3650,#3651,#3652,#3653,#3654,#3655,#3656,#3657,#3658,
#3659,#3660,#3661,#3662,#3663,#3664,#3665,#3666,#3667,#3668),
 .UNSPECIFIED.,.F.,.F.,(4,3,3,3,3,3,3,3,3,3,3,3,3,4),(-40.990686808682,
-39.7493267083821,-38.4952866613477,-37.2412466143133,-35.987206567279,
-35.0466765320032,-34.1061464967274,-33.1656164614517,-32.2250864261759,
-31.2845563909001,-30.3440263556244,-29.4034963203486,-28.4629662850728,
-28.1283547120961),.UNSPECIFIED.);
#217=B_SPLINE_CURVE_WITH_KNOTS('',3,(#3669,#3670,#3671,#3672,#3673,#3674,
#3675,#3676,#3677,#3678,#3679,#3680,#3681,#3682,#3683,#3684,#3685,#3686,
#3687,#3688,#3689,#3690,#3691,#3692,#3693,#3694,#3695,#3696,#3697,#3698,
#3699,#3700,#3701,#3702,#3703,#3704,#3705,#3706,#3707,#3708,#3709,#3710,
#3711,#3712,#3713,#3714),.UNSPECIFIED.,.F.,.F.,(4,3,3,3,3,3,3,3,3,3,3,3,
3,3,3,4),(188.906452708797,189.292537704306,190.23303997116,191.173542238013,
192.114044504867,193.05454677172,193.995049038574,194.935551305427,195.876053572281,
196.816555839134,197.757058105988,198.697560372841,199.638062639695,200.578564906548,
201.519067173401,201.768405055585),.UNSPECIFIED.);
#218=B_SPLINE_CURVE_WITH_KNOTS('',3,(#3720,#3721,#3722,#3723,#3724,#3725,
#3726,#3727,#3728,#3729),.UNSPECIFIED.,.F.,.F.,(4,3,3,4),(214.630504914875,
214.686258398778,215.626962751183,216.567667103587),.UNSPECIFIED.);
#219=B_SPLINE_CURVE_WITH_KNOTS('',3,(#3732,#3733,#3734,#3735,#3736,#3737,
#3738,#3739,#3740,#3741,#3742,#3743,#3744,#3745,#3746,#3747),
 .UNSPECIFIED.,.F.,.F.,(4,3,3,3,3,4),(-15.2661369918384,-14.3551855337677,
-13.4147126947546,-12.4742398557415,-11.5337670167284,-10.7720474813747),
 .UNSPECIFIED.);
#220=B_SPLINE_CURVE_WITH_KNOTS('',3,(#3749,#3750,#3751,#3752,#3753,#3754,
#3755,#3756,#3757,#3758,#3759,#3760,#3761,#3762,#3763,#3764,#3765,#3766,
#3767,#3768,#3769,#3770,#3771,#3772,#3773,#3774,#3775,#3776,#3777,#3778,
#3779,#3780,#3781,#3782,#3783,#3784,#3785,#3786,#3787,#3788,#3789,#3790,
#3791,#3792,#3793,#3794),.UNSPECIFIED.,.F.,.F.,(4,3,3,3,3,3,3,3,3,3,3,3,
3,3,3,4),(-28.1283547120961,-27.5224416378642,-26.5819199661544,-25.6413982944445,
-24.7008766227346,-23.7603549510248,-22.8198332793149,-21.879311607605,
-20.9387899358952,-19.9982682641853,-19.0577465924754,-18.1172249207656,
-17.1767032490557,-16.2361815773458,-15.295659905636,-15.2661369918384),
 .UNSPECIFIED.);
#221=B_SPLINE_CURVE_WITH_KNOTS('',3,(#3795,#3796,#3797,#3798,#3799,#3800,
#3801,#3802,#3803,#3804,#3805,#3806,#3807,#3808,#3809,#3810,#3811,#3812,
#3813,#3814,#3815,#3816,#3817,#3818,#3819,#3820,#3821,#3822,#3823,#3824,
#3825,#3826,#3827,#3828,#3829,#3830,#3831,#3832,#3833,#3834,#3835,#3836,
#3837),.UNSPECIFIED.,.F.,.F.,(4,3,3,3,3,3,3,3,3,3,3,3,3,3,4),(201.768405055585,
202.45957736714,203.400090420507,204.340603473873,205.281116527239,206.221629580606,
207.162142633972,208.102655687339,209.043168740705,209.983681794071,210.924194847438,
211.864707900804,212.805220954171,213.745734007537,214.630504914875),
 .UNSPECIFIED.);
#222=B_SPLINE_CURVE_WITH_KNOTS('',3,(#4682,#4683,#4684,#4685,#4686,#4687,
#4688,#4689,#4690,#4691,#4692,#4693,#4694,#4695,#4696,#4697,#4698,#4699,
#4700,#4701,#4702,#4703,#4704,#4705,#4706,#4707,#4708,#4709,#4710,#4711,
#4712,#4713,#4714,#4715,#4716,#4717,#4718,#4719,#4720,#4721,#4722,#4723,
#4724,#4725,#4726,#4727,#4728,#4729,#4730,#4731,#4732,#4733,#4734,#4735,
#4736,#4737,#4738,#4739,#4740,#4741,#4742,#4743,#4744,#4745,#4746,#4747,
#4748,#4749,#4750,#4751,#4752,#4753,#4754,#4755,#4756,#4757,#4758,#4759,
#4760,#4761,#4762,#4763,#4764,#4765,#4766,#4767,#4768,#4769,#4770,#4771,
#4772,#4773,#4774,#4775,#4776,#4777,#4778,#4779,#4780,#4781,#4782,#4783,
#4784,#4785,#4786,#4787,#4788,#4789,#4790,#4791,#4792,#4793,#4794,#4795,
#4796,#4797,#4798,#4799,#4800,#4801,#4802,#4803,#4804,#4805,#4806,#4807,
#4808,#4809,#4810,#4811,#4812,#4813,#4814,#4815,#4816,#4817,#4818,#4819,
#4820,#4821,#4822,#4823,#4824,#4825,#4826,#4827,#4828,#4829,#4830,#4831,
#4832,#4833,#4834,#4835,#4836,#4837,#4838,#4839,#4840,#4841,#4842,#4843,
#4844),.UNSPECIFIED.,.F.,.F.,(4,3,3,3,3,3,3,3,3,3,3,3,3,3,3,3,3,3,3,3,3,
3,3,3,3,3,3,3,3,3,3,3,3,3,3,3,3,3,3,3,3,3,3,3,3,3,3,3,3,3,3,3,3,3,4),(2.45959827646204,
2.58564196630472,2.71275042825491,2.84031146939738,2.967657587559,3.09355075089287,
3.16865987121765,3.22753824859321,3.23904085172721,3.36511679766645,3.39398723219201,
3.51967736591845,3.64595498132572,3.77214625950682,3.89759243258051,4.00178842247866,
4.01279341217122,4.02440168493014,4.14922286939787,4.27397886118343,4.31437639217308,
4.43934930604849,4.56434411195452,4.68869745980411,4.75518185794968,4.77994378706872,
4.7933569984918,4.916934918248,5.04066143524806,5.1637334425392,5.22057264496868,
5.34433703371225,5.4675690253518,5.50957113425088,5.53318360044528,5.54668140939534,
5.55778759028337,5.67963640919278,5.80216796169656,5.92443076995852,6.04545258668115,
6.11239466735731,6.22160495741719,6.26938445931839,6.28701608936603,6.29935825367865,
6.41977058556484,6.54093956866102,6.66201211464117,6.78239192231878,6.90094719302024,
6.98607698783641,6.98922067536057,7.10770257626053,7.15411381307764),
 .UNSPECIFIED.);
#223=B_SPLINE_CURVE_WITH_KNOTS('',3,(#4845,#4846,#4847,#4848,#4849,#4850,
#4851,#4852,#4853,#4854,#4855,#4856,#4857,#4858,#4859,#4860,#4861,#4862,
#4863,#4864,#4865,#4866,#4867,#4868,#4869,#4870,#4871,#4872,#4873,#4874,
#4875,#4876,#4877,#4878,#4879,#4880,#4881,#4882,#4883,#4884,#4885,#4886,
#4887,#4888,#4889,#4890,#4891,#4892,#4893,#4894,#4895,#4896,#4897,#4898,
#4899,#4900,#4901,#4902,#4903,#4904,#4905,#4906,#4907,#4908,#4909,#4910,
#4911,#4912,#4913,#4914,#4915,#4916,#4917,#4918,#4919,#4920,#4921,#4922,
#4923,#4924,#4925,#4926,#4927,#4928,#4929,#4930,#4931,#4932,#4933,#4934,
#4935,#4936,#4937,#4938,#4939,#4940,#4941,#4942,#4943,#4944,#4945,#4946,
#4947,#4948,#4949,#4950,#4951,#4952,#4953,#4954,#4955,#4956,#4957,#4958,
#4959,#4960,#4961,#4962,#4963,#4964,#4965,#4966,#4967,#4968,#4969,#4970,
#4971,#4972,#4973,#4974,#4975,#4976,#4977,#4978,#4979,#4980,#4981,#4982,
#4983,#4984,#4985,#4986,#4987,#4988,#4989,#4990,#4991,#4992,#4993,#4994,
#4995,#4996,#4997,#4998,#4999,#5000,#5001),.UNSPECIFIED.,.F.,.F.,(4,3,3,
3,3,3,3,3,3,3,3,3,3,3,3,3,3,3,3,3,3,3,3,3,3,3,3,3,3,3,3,3,3,3,3,3,3,3,3,
3,3,3,3,3,3,3,3,3,3,3,3,3,4),(2.45959827646198,2.58693411141218,2.63815586722462,
2.7652529079602,2.89280531458695,3.0201360281718,3.14660094529923,3.19954610434255,
3.227743895894,3.23917071621348,3.3652302102116,3.49122919890124,3.57016221764584,
3.69642679158818,3.82258579907156,3.94798020641357,3.98654625257909,4.00369323310081,
4.01506695022981,4.13986028248758,4.2648541833543,4.38917278909758,4.48793695516469,
4.61288669335916,4.71018827357804,4.7527577149238,4.77781797567191,4.79309221159952,
4.91608996377124,5.03988123574836,5.16344276932024,5.28569617963383,5.39129933511019,
5.50239730945765,5.53077331201807,5.54545524045163,5.5577716317058,5.67926007004391,
5.80160451315851,5.92398893398033,6.04573414060639,6.16559790526596,6.28008312988982,
6.2980651571817,6.30942568207158,6.42924798809738,6.5501244791808,6.67142866172865,
6.79231673975678,6.9117442368225,6.98607698783652,7.10602654908472,7.15411381307772),
 .UNSPECIFIED.);
#224=B_SPLINE_CURVE_WITH_KNOTS('',3,(#5002,#5003,#5004,#5005,#5006,#5007,
#5008,#5009,#5010,#5011,#5012,#5013,#5014,#5015,#5016,#5017,#5018,#5019,
#5020,#5021,#5022,#5023,#5024,#5025,#5026,#5027,#5028,#5029,#5030,#5031,
#5032,#5033,#5034,#5035,#5036,#5037,#5038,#5039,#5040,#5041,#5042,#5043,
#5044,#5045,#5046,#5047),.UNSPECIFIED.,.F.,.F.,(4,3,3,3,3,3,3,3,3,3,3,3,
3,3,3,4),(12.237531478763,12.326610062869,13.1914091605826,14.0562082582961,
14.9210073560097,15.7858064537233,16.6506055514369,17.5154046491505,18.3802037468641,
19.2450028445777,20.1098019422913,20.9746010400048,21.8394001377184,22.704199235432,
23.5689983331456,24.0641959922561),.UNSPECIFIED.);
#225=B_SPLINE_CURVE_WITH_KNOTS('',3,(#5868,#5869,#5870,#5871,#5872,#5873,
#5874,#5875,#5876,#5877,#5878,#5879,#5880,#5881,#5882,#5883,#5884,#5885,
#5886,#5887,#5888,#5889,#5890,#5891,#5892,#5893,#5894,#5895,#5896,#5897,
#5898,#5899,#5900,#5901,#5902,#5903,#5904,#5905,#5906,#5907,#5908,#5909,
#5910,#5911,#5912,#5913,#5914,#5915,#5916,#5917,#5918,#5919,#5920,#5921,
#5922,#5923,#5924,#5925,#5926,#5927,#5928,#5929,#5930,#5931,#5932,#5933,
#5934,#5935,#5936,#5937,#5938,#5939,#5940,#5941,#5942,#5943,#5944,#5945,
#5946,#5947,#5948,#5949,#5950,#5951,#5952,#5953,#5954,#5955,#5956,#5957,
#5958,#5959,#5960,#5961,#5962,#5963,#5964,#5965,#5966,#5967,#5968,#5969,
#5970,#5971,#5972,#5973,#5974,#5975,#5976,#5977,#5978,#5979,#5980,#5981,
#5982,#5983,#5984,#5985,#5986,#5987,#5988,#5989,#5990,#5991,#5992,#5993,
#5994,#5995,#5996,#5997,#5998,#5999,#6000,#6001,#6002,#6003,#6004,#6005,
#6006,#6007,#6008,#6009,#6010,#6011,#6012,#6013,#6014,#6015,#6016,#6017,
#6018,#6019,#6020,#6021),.UNSPECIFIED.,.F.,.F.,(4,3,3,3,3,3,3,3,3,3,3,3,
3,3,3,3,3,3,3,3,3,3,3,3,3,3,3,3,3,3,3,3,3,3,3,3,3,3,3,3,3,3,3,3,3,3,3,3,
3,3,3,4),(0.509868192011953,0.62958584542544,0.730142268378204,0.849229230205264,
0.969558345841402,1.09072731928081,1.21173816208073,1.33166466994917,1.38203668239737,
1.43742002173954,1.46896168489718,1.48010219168598,1.59998314296149,1.72123791098591,
1.84337872034731,1.96567638140911,2.08740078713771,2.17778544950492,2.2109684417431,
2.22273427506211,2.26817011187213,2.38932656411007,2.51183724618377,2.63521838838976,
2.75886406107908,2.8816965986157,2.9534631210957,2.97205490285486,2.98373360424293,
3.10825128777539,3.1687626885357,3.29227669949833,3.41675476345633,3.54160981279003,
3.66618385630666,3.71839318402291,3.7438793378703,3.7612983163108,3.88668422277757,
4.01277465244124,4.08385847803669,4.20939343299754,4.33541399352899,4.46127296731108,
4.53320526559487,4.54592164912778,4.67244608294809,4.79962684513303,4.92686383025802,
5.01328903646259,5.14035027319061,5.19162449037391),.UNSPECIFIED.);
#226=B_SPLINE_CURVE_WITH_KNOTS('',3,(#6022,#6023,#6024,#6025,#6026,#6027,
#6028,#6029,#6030,#6031,#6032,#6033,#6034,#6035,#6036,#6037,#6038,#6039,
#6040,#6041,#6042,#6043,#6044,#6045,#6046,#6047,#6048,#6049,#6050,#6051,
#6052,#6053,#6054,#6055,#6056,#6057,#6058,#6059,#6060,#6061,#6062,#6063,
#6064),.UNSPECIFIED.,.F.,.F.,(4,3,3,3,3,3,3,3,3,3,3,3,3,3,4),(183.723662336078,
184.42113023908,185.285934689844,186.150739140608,187.015543591373,187.880348042137,
188.745152492901,189.609956943665,190.474761394429,191.339565845194,192.204370295958,
193.069174746722,193.933979197486,194.79878364825,195.550400055346),
 .UNSPECIFIED.);
#227=B_SPLINE_CURVE_WITH_KNOTS('',3,(#6065,#6066,#6067,#6068,#6069,#6070,
#6071,#6072,#6073,#6074,#6075,#6076,#6077,#6078,#6079,#6080,#6081,#6082,
#6083,#6084,#6085,#6086,#6087,#6088,#6089,#6090,#6091,#6092,#6093,#6094,
#6095,#6096,#6097,#6098,#6099,#6100,#6101,#6102,#6103,#6104,#6105,#6106,
#6107,#6108,#6109,#6110,#6111,#6112,#6113,#6114,#6115,#6116,#6117,#6118,
#6119,#6120,#6121,#6122,#6123,#6124,#6125,#6126,#6127,#6128,#6129,#6130,
#6131,#6132,#6133,#6134,#6135,#6136,#6137,#6138,#6139,#6140,#6141,#6142,
#6143,#6144,#6145,#6146,#6147,#6148,#6149,#6150,#6151,#6152,#6153,#6154,
#6155,#6156,#6157,#6158,#6159,#6160,#6161,#6162,#6163,#6164,#6165,#6166,
#6167,#6168,#6169,#6170,#6171,#6172,#6173,#6174,#6175,#6176,#6177,#6178,
#6179,#6180,#6181,#6182,#6183,#6184,#6185,#6186,#6187,#6188,#6189,#6190,
#6191,#6192,#6193,#6194,#6195,#6196,#6197,#6198,#6199,#6200,#6201,#6202,
#6203,#6204,#6205,#6206,#6207,#6208,#6209,#6210,#6211,#6212,#6213,#6214,
#6215),.UNSPECIFIED.,.F.,.F.,(4,3,3,3,3,3,3,3,3,3,3,3,3,3,3,3,3,3,3,3,3,
3,3,3,3,3,3,3,3,3,3,3,3,3,3,3,3,3,3,3,3,3,3,3,3,3,3,3,3,3,4),(0.509868192011995,
0.628319920102051,0.674483320760577,0.730142268378198,0.848588953593792,
0.9684473024097,1.08925506500216,1.21033394827562,1.33089356316855,1.43997545421414,
1.46322987378598,1.47830195786939,1.54905734525973,1.66926334671413,1.7907360168849,
1.91296691307397,2.03533420297605,2.13604453245907,2.21157727957134,2.22276620444182,
2.34607716667214,2.43817552090813,2.56067672986933,2.68402688196202,2.80762528409568,
2.93081601312178,2.96847139520254,2.98036432929781,2.9915349271622,3.11567132171222,
3.24053509420146,3.34175908391628,3.46619007842452,3.59097872809128,3.67456089552703,
3.74769529203331,3.76135910954997,3.8866049657805,4.01253126568927,4.13851978552075,
4.25963606757729,4.3855717352325,4.48632832962519,4.51334079859093,4.53243449191796,
4.54313681687185,4.66850388323427,4.7992840350192,4.92666690830017,5.05914569933708,
5.19162449037399),.UNSPECIFIED.);
#228=B_SPLINE_CURVE_WITH_KNOTS('',3,(#6602,#6603,#6604,#6605,#6606,#6607,
#6608,#6609,#6610,#6611),.UNSPECIFIED.,.F.,.F.,(4,2,2,2,4),(-0.580188521665534,
-0.388734197855625,-0.2680490366275,-0.112359108287479,0.),
 .UNSPECIFIED.);
#229=B_SPLINE_CURVE_WITH_KNOTS('',3,(#6613,#6614,#6615,#6616,#6617,#6618,
#6619,#6620,#6621,#6622),.UNSPECIFIED.,.F.,.F.,(4,2,2,2,4),(-0.580188521676161,
-0.388734197872709,-0.268049036643253,-0.112359108290355,0.),
 .UNSPECIFIED.);
#230=B_SPLINE_CURVE_WITH_KNOTS('',3,(#6624,#6625,#6626,#6627,#6628,#6629,
#6630,#6631,#6632,#6633),.UNSPECIFIED.,.F.,.F.,(4,2,2,2,4),(-0.580188521669158,
-0.388734197868089,-0.268049036637855,-0.11235910829103,0.),
 .UNSPECIFIED.);
#231=B_SPLINE_CURVE_WITH_KNOTS('',3,(#6635,#6636,#6637,#6638,#6639,#6640,
#6641,#6642,#6643,#6644),.UNSPECIFIED.,.F.,.F.,(4,2,2,2,4),(-0.58018852166411,
-0.388734197853245,-0.268049036628433,-0.112359108287962,0.),
 .UNSPECIFIED.);
#232=B_SPLINE_CURVE_WITH_KNOTS('',3,(#6646,#6647,#6648,#6649,#6650,#6651,
#6652,#6653,#6654,#6655),.UNSPECIFIED.,.F.,.F.,(4,2,2,2,4),(-0.580188521675666,
-0.388734197854729,-0.268049036628522,-0.112359108287695,0.),
 .UNSPECIFIED.);
#233=B_SPLINE_CURVE_WITH_KNOTS('',3,(#6657,#6658,#6659,#6660,#6661,#6662,
#6663,#6664,#6665,#6666),.UNSPECIFIED.,.F.,.F.,(4,2,2,2,4),(-0.580188521684424,
-0.388734197869208,-0.268049036638466,-0.112359108291363,0.),
 .UNSPECIFIED.);
#234=B_SPLINE_CURVE_WITH_KNOTS('',3,(#6668,#6669,#6670,#6671,#6672,#6673,
#6674,#6675,#6676,#6677),.UNSPECIFIED.,.F.,.F.,(4,2,2,2,4),(-0.580188521639722,
-0.38873419784698,-0.26804903662356,-0.112359108284929,0.),
 .UNSPECIFIED.);
#235=B_SPLINE_CURVE_WITH_KNOTS('',3,(#6680,#6681,#6682,#6683,#6684,#6685),
 .UNSPECIFIED.,.F.,.F.,(4,2,4),(-0.580188523446067,-0.388734198979962,-0.291637813226786),
 .UNSPECIFIED.);
#236=B_SPLINE_CURVE_WITH_KNOTS('',3,(#6686,#6687,#6688,#6689,#6690,#6691,
#6692,#6693),.UNSPECIFIED.,.F.,.F.,(4,2,2,4),(-0.291637813226786,-0.268049037250524,
-0.112359108290356,0.),.UNSPECIFIED.);
#237=LINE('',#1129,#271);
#238=LINE('',#1201,#272);
#239=LINE('',#1297,#273);
#240=LINE('',#1378,#274);
#241=LINE('',#1456,#275);
#242=LINE('',#1537,#276);
#243=LINE('',#1624,#277);
#244=LINE('',#1699,#278);
#245=LINE('',#1771,#279);
#246=LINE('',#1861,#280);
#247=LINE('',#1966,#281);
#248=LINE('',#2059,#282);
#249=LINE('',#2134,#283);
#250=LINE('',#2212,#284);
#251=LINE('',#2311,#285);
#252=LINE('',#2407,#286);
#253=LINE('',#2440,#287);
#254=LINE('',#2512,#288);
#255=LINE('',#2608,#289);
#256=LINE('',#2704,#290);
#257=LINE('',#2797,#291);
#258=LINE('',#2872,#292);
#259=LINE('',#2956,#293);
#260=LINE('',#3052,#294);
#261=LINE('',#3154,#295);
#262=LINE('',#3232,#296);
#263=LINE('',#3304,#297);
#264=LINE('',#3382,#298);
#265=LINE('',#3466,#299);
#266=LINE('',#3547,#300);
#267=LINE('',#3628,#301);
#268=LINE('',#3718,#302);
#269=LINE('',#7665,#303);
#270=LINE('',#8156,#304);
#271=VECTOR('',#973,20.);
#272=VECTOR('',#978,20.);
#273=VECTOR('',#981,20.);
#274=VECTOR('',#984,20.);
#275=VECTOR('',#987,20.);
#276=VECTOR('',#990,20.);
#277=VECTOR('',#993,20.);
#278=VECTOR('',#996,20.);
#279=VECTOR('',#999,20.);
#280=VECTOR('',#1002,20.);
#281=VECTOR('',#1005,20.);
#282=VECTOR('',#1008,20.);
#283=VECTOR('',#1011,20.);
#284=VECTOR('',#1014,20.);
#285=VECTOR('',#1017,20.);
#286=VECTOR('',#1020,20.);
#287=VECTOR('',#1025,20.1527);
#288=VECTOR('',#1030,20.1527);
#289=VECTOR('',#1033,20.1527);
#290=VECTOR('',#1036,20.1527);
#291=VECTOR('',#1039,20.1527);
#292=VECTOR('',#1042,20.1527);
#293=VECTOR('',#1045,20.1527);
#294=VECTOR('',#1048,20.1527);
#295=VECTOR('',#1051,20.1527);
#296=VECTOR('',#1054,20.1527);
#297=VECTOR('',#1057,20.1527);
#298=VECTOR('',#1060,20.1527);
#299=VECTOR('',#1063,20.1527);
#300=VECTOR('',#1066,20.1527);
#301=VECTOR('',#1069,20.1527);
#302=VECTOR('',#1072,20.1527);
#303=VECTOR('',#1111,10.);
#304=VECTOR('',#1118,23.);
#305=VERTEX_POINT('',#1127);
#306=VERTEX_POINT('',#1128);
#307=VERTEX_POINT('',#1130);
#308=VERTEX_POINT('',#1162);
#309=VERTEX_POINT('',#1199);
#310=VERTEX_POINT('',#1200);
#311=VERTEX_POINT('',#1295);
#312=VERTEX_POINT('',#1296);
#313=VERTEX_POINT('',#1376);
#314=VERTEX_POINT('',#1377);
#315=VERTEX_POINT('',#1454);
#316=VERTEX_POINT('',#1455);
#317=VERTEX_POINT('',#1535);
#318=VERTEX_POINT('',#1536);
#319=VERTEX_POINT('',#1622);
#320=VERTEX_POINT('',#1623);
#321=VERTEX_POINT('',#1697);
#322=VERTEX_POINT('',#1698);
#323=VERTEX_POINT('',#1769);
#324=VERTEX_POINT('',#1770);
#325=VERTEX_POINT('',#1859);
#326=VERTEX_POINT('',#1860);
#327=VERTEX_POINT('',#1964);
#328=VERTEX_POINT('',#1965);
#329=VERTEX_POINT('',#2057);
#330=VERTEX_POINT('',#2058);
#331=VERTEX_POINT('',#2132);
#332=VERTEX_POINT('',#2133);
#333=VERTEX_POINT('',#2210);
#334=VERTEX_POINT('',#2211);
#335=VERTEX_POINT('',#2309);
#336=VERTEX_POINT('',#2310);
#337=VERTEX_POINT('',#2405);
#338=VERTEX_POINT('',#2406);
#339=VERTEX_POINT('',#2408);
#340=VERTEX_POINT('',#2422);
#341=VERTEX_POINT('',#2438);
#342=VERTEX_POINT('',#2439);
#343=VERTEX_POINT('',#2441);
#344=VERTEX_POINT('',#2470);
#345=VERTEX_POINT('',#2510);
#346=VERTEX_POINT('',#2511);
#347=VERTEX_POINT('',#2606);
#348=VERTEX_POINT('',#2607);
#349=VERTEX_POINT('',#2702);
#350=VERTEX_POINT('',#2703);
#351=VERTEX_POINT('',#2795);
#352=VERTEX_POINT('',#2796);
#353=VERTEX_POINT('',#2870);
#354=VERTEX_POINT('',#2871);
#355=VERTEX_POINT('',#2954);
#356=VERTEX_POINT('',#2955);
#357=VERTEX_POINT('',#3050);
#358=VERTEX_POINT('',#3051);
#359=VERTEX_POINT('',#3152);
#360=VERTEX_POINT('',#3153);
#361=VERTEX_POINT('',#3230);
#362=VERTEX_POINT('',#3231);
#363=VERTEX_POINT('',#3302);
#364=VERTEX_POINT('',#3303);
#365=VERTEX_POINT('',#3380);
#366=VERTEX_POINT('',#3381);
#367=VERTEX_POINT('',#3464);
#368=VERTEX_POINT('',#3465);
#369=VERTEX_POINT('',#3545);
#370=VERTEX_POINT('',#3546);
#371=VERTEX_POINT('',#3626);
#372=VERTEX_POINT('',#3627);
#373=VERTEX_POINT('',#3716);
#374=VERTEX_POINT('',#3717);
#375=VERTEX_POINT('',#3719);
#376=VERTEX_POINT('',#3730);
#377=VERTEX_POINT('',#6217);
#378=VERTEX_POINT('',#6218);
#379=VERTEX_POINT('',#6220);
#380=VERTEX_POINT('',#6266);
#381=VERTEX_POINT('',#6268);
#382=VERTEX_POINT('',#6314);
#383=VERTEX_POINT('',#6316);
#384=VERTEX_POINT('',#6362);
#385=VERTEX_POINT('',#6364);
#386=VERTEX_POINT('',#6410);
#387=VERTEX_POINT('',#6412);
#388=VERTEX_POINT('',#6458);
#389=VERTEX_POINT('',#6460);
#390=VERTEX_POINT('',#6506);
#391=VERTEX_POINT('',#6508);
#392=VERTEX_POINT('',#6554);
#393=VERTEX_POINT('',#6679);
#394=VERTEX_POINT('',#7664);
#395=VERTEX_POINT('',#8153);
#396=VERTEX_POINT('',#8155);
#397=EDGE_CURVE('',#305,#306,#237,.T.);
#398=EDGE_CURVE('',#306,#307,#156,.T.);
#399=EDGE_CURVE('',#307,#308,#142,.F.);
#400=EDGE_CURVE('',#308,#305,#157,.T.);
#401=EDGE_CURVE('',#309,#310,#238,.T.);
#402=EDGE_CURVE('',#310,#306,#158,.T.);
#403=EDGE_CURVE('',#305,#309,#159,.T.);
#404=EDGE_CURVE('',#311,#312,#239,.T.);
#405=EDGE_CURVE('',#312,#310,#160,.T.);
#406=EDGE_CURVE('',#309,#311,#161,.T.);
#407=EDGE_CURVE('',#313,#314,#240,.T.);
#408=EDGE_CURVE('',#314,#312,#162,.T.);
#409=EDGE_CURVE('',#311,#313,#163,.T.);
#410=EDGE_CURVE('',#315,#316,#241,.T.);
#411=EDGE_CURVE('',#316,#314,#164,.T.);
#412=EDGE_CURVE('',#313,#315,#165,.T.);
#413=EDGE_CURVE('',#317,#318,#242,.T.);
#414=EDGE_CURVE('',#318,#316,#166,.T.);
#415=EDGE_CURVE('',#315,#317,#167,.T.);
#416=EDGE_CURVE('',#319,#320,#243,.T.);
#417=EDGE_CURVE('',#320,#318,#168,.T.);
#418=EDGE_CURVE('',#317,#319,#169,.T.);
#419=EDGE_CURVE('',#321,#322,#244,.T.);
#420=EDGE_CURVE('',#322,#320,#170,.T.);
#421=EDGE_CURVE('',#319,#321,#171,.T.);
#422=EDGE_CURVE('',#323,#324,#245,.T.);
#423=EDGE_CURVE('',#324,#322,#172,.T.);
#424=EDGE_CURVE('',#321,#323,#173,.T.);
#425=EDGE_CURVE('',#325,#326,#246,.T.);
#426=EDGE_CURVE('',#326,#324,#174,.T.);
#427=EDGE_CURVE('',#323,#325,#175,.T.);
#428=EDGE_CURVE('',#327,#328,#247,.T.);
#429=EDGE_CURVE('',#328,#326,#176,.T.);
#430=EDGE_CURVE('',#325,#327,#177,.T.);
#431=EDGE_CURVE('',#329,#330,#248,.T.);
#432=EDGE_CURVE('',#330,#328,#178,.T.);
#433=EDGE_CURVE('',#327,#329,#179,.T.);
#434=EDGE_CURVE('',#331,#332,#249,.T.);
#435=EDGE_CURVE('',#332,#330,#180,.T.);
#436=EDGE_CURVE('',#329,#331,#181,.T.);
#437=EDGE_CURVE('',#333,#334,#250,.T.);
#438=EDGE_CURVE('',#334,#332,#182,.T.);
#439=EDGE_CURVE('',#331,#333,#183,.T.);
#440=EDGE_CURVE('',#335,#336,#251,.T.);
#441=EDGE_CURVE('',#336,#334,#184,.T.);
#442=EDGE_CURVE('',#333,#335,#185,.T.);
#443=EDGE_CURVE('',#337,#338,#252,.T.);
#444=EDGE_CURVE('',#337,#339,#186,.T.);
#445=EDGE_CURVE('',#340,#339,#143,.F.);
#446=EDGE_CURVE('',#340,#338,#187,.T.);
#447=EDGE_CURVE('',#341,#342,#253,.T.);
#448=EDGE_CURVE('',#342,#343,#188,.F.);
#449=EDGE_CURVE('',#344,#343,#144,.T.);
#450=EDGE_CURVE('',#341,#344,#189,.F.);
#451=EDGE_CURVE('',#345,#346,#254,.T.);
#452=EDGE_CURVE('',#346,#342,#190,.F.);
#453=EDGE_CURVE('',#345,#341,#191,.F.);
#454=EDGE_CURVE('',#347,#348,#255,.T.);
#455=EDGE_CURVE('',#348,#346,#192,.F.);
#456=EDGE_CURVE('',#347,#345,#193,.F.);
#457=EDGE_CURVE('',#349,#350,#256,.T.);
#458=EDGE_CURVE('',#350,#348,#194,.F.);
#459=EDGE_CURVE('',#349,#347,#195,.F.);
#460=EDGE_CURVE('',#351,#352,#257,.T.);
#461=EDGE_CURVE('',#352,#350,#196,.F.);
#462=EDGE_CURVE('',#351,#349,#197,.F.);
#463=EDGE_CURVE('',#353,#354,#258,.T.);
#464=EDGE_CURVE('',#354,#352,#198,.F.);
#465=EDGE_CURVE('',#353,#351,#199,.F.);
#466=EDGE_CURVE('',#355,#356,#259,.T.);
#467=EDGE_CURVE('',#356,#354,#200,.F.);
#468=EDGE_CURVE('',#355,#353,#201,.F.);
#469=EDGE_CURVE('',#357,#358,#260,.T.);
#470=EDGE_CURVE('',#358,#356,#202,.F.);
#471=EDGE_CURVE('',#357,#355,#203,.F.);
#472=EDGE_CURVE('',#359,#360,#261,.T.);
#473=EDGE_CURVE('',#360,#358,#204,.F.);
#474=EDGE_CURVE('',#359,#357,#205,.F.);
#475=EDGE_CURVE('',#361,#362,#262,.T.);
#476=EDGE_CURVE('',#362,#360,#206,.F.);
#477=EDGE_CURVE('',#361,#359,#207,.F.);
#478=EDGE_CURVE('',#363,#364,#263,.T.);
#479=EDGE_CURVE('',#364,#362,#208,.F.);
#480=EDGE_CURVE('',#363,#361,#209,.F.);
#481=EDGE_CURVE('',#365,#366,#264,.T.);
#482=EDGE_CURVE('',#366,#364,#210,.F.);
#483=EDGE_CURVE('',#365,#363,#211,.F.);
#484=EDGE_CURVE('',#367,#368,#265,.T.);
#485=EDGE_CURVE('',#368,#366,#212,.F.);
#486=EDGE_CURVE('',#367,#365,#213,.F.);
#487=EDGE_CURVE('',#369,#370,#266,.T.);
#488=EDGE_CURVE('',#370,#368,#214,.F.);
#489=EDGE_CURVE('',#369,#367,#215,.F.);
#490=EDGE_CURVE('',#371,#372,#267,.T.);
#491=EDGE_CURVE('',#372,#370,#216,.F.);
#492=EDGE_CURVE('',#371,#369,#217,.F.);
#493=EDGE_CURVE('',#373,#374,#268,.T.);
#494=EDGE_CURVE('',#375,#373,#218,.F.);
#495=EDGE_CURVE('',#376,#375,#145,.F.);
#496=EDGE_CURVE('',#376,#374,#219,.F.);
#497=EDGE_CURVE('',#374,#372,#220,.F.);
#498=EDGE_CURVE('',#373,#371,#221,.F.);
#499=EDGE_CURVE('',#343,#340,#222,.T.);
#500=EDGE_CURVE('',#307,#376,#223,.F.);
#501=EDGE_CURVE('',#338,#336,#224,.T.);
#502=EDGE_CURVE('',#339,#344,#225,.T.);
#503=EDGE_CURVE('',#335,#337,#226,.T.);
#504=EDGE_CURVE('',#375,#308,#227,.F.);
#505=EDGE_CURVE('',#377,#378,#146,.T.);
#506=EDGE_CURVE('',#378,#379,#27,.T.);
#507=EDGE_CURVE('',#379,#380,#147,.T.);
#508=EDGE_CURVE('',#380,#381,#28,.T.);
#509=EDGE_CURVE('',#381,#382,#148,.T.);
#510=EDGE_CURVE('',#382,#383,#29,.T.);
#511=EDGE_CURVE('',#383,#384,#149,.T.);
#512=EDGE_CURVE('',#384,#385,#30,.T.);
#513=EDGE_CURVE('',#385,#386,#150,.T.);
#514=EDGE_CURVE('',#386,#387,#31,.T.);
#515=EDGE_CURVE('',#387,#388,#151,.T.);
#516=EDGE_CURVE('',#388,#389,#32,.T.);
#517=EDGE_CURVE('',#389,#390,#152,.T.);
#518=EDGE_CURVE('',#390,#391,#33,.T.);
#519=EDGE_CURVE('',#391,#392,#153,.T.);
#520=EDGE_CURVE('',#392,#377,#34,.T.);
#521=EDGE_CURVE('',#380,#379,#228,.T.);
#522=EDGE_CURVE('',#382,#381,#229,.T.);
#523=EDGE_CURVE('',#384,#383,#230,.T.);
#524=EDGE_CURVE('',#386,#385,#231,.T.);
#525=EDGE_CURVE('',#388,#387,#232,.T.);
#526=EDGE_CURVE('',#390,#389,#233,.T.);
#527=EDGE_CURVE('',#392,#391,#234,.T.);
#528=EDGE_CURVE('',#378,#393,#235,.T.);
#529=EDGE_CURVE('',#393,#377,#236,.T.);
#530=EDGE_CURVE('',#394,#393,#269,.T.);
#531=EDGE_CURVE('',#394,#394,#35,.T.);
#532=EDGE_CURVE('',#395,#395,#154,.T.);
#533=EDGE_CURVE('',#395,#396,#270,.T.);
#534=EDGE_CURVE('',#396,#396,#155,.T.);
#535=ORIENTED_EDGE('',*,*,#397,.T.);
#536=ORIENTED_EDGE('',*,*,#398,.T.);
#537=ORIENTED_EDGE('',*,*,#399,.T.);
#538=ORIENTED_EDGE('',*,*,#400,.T.);
#539=ORIENTED_EDGE('',*,*,#401,.T.);
#540=ORIENTED_EDGE('',*,*,#402,.T.);
#541=ORIENTED_EDGE('',*,*,#397,.F.);
#542=ORIENTED_EDGE('',*,*,#403,.T.);
#543=ORIENTED_EDGE('',*,*,#404,.T.);
#544=ORIENTED_EDGE('',*,*,#405,.T.);
#545=ORIENTED_EDGE('',*,*,#401,.F.);
#546=ORIENTED_EDGE('',*,*,#406,.T.);
#547=ORIENTED_EDGE('',*,*,#407,.T.);
#548=ORIENTED_EDGE('',*,*,#408,.T.);
#549=ORIENTED_EDGE('',*,*,#404,.F.);
#550=ORIENTED_EDGE('',*,*,#409,.T.);
#551=ORIENTED_EDGE('',*,*,#410,.T.);
#552=ORIENTED_EDGE('',*,*,#411,.T.);
#553=ORIENTED_EDGE('',*,*,#407,.F.);
#554=ORIENTED_EDGE('',*,*,#412,.T.);
#555=ORIENTED_EDGE('',*,*,#413,.T.);
#556=ORIENTED_EDGE('',*,*,#414,.T.);
#557=ORIENTED_EDGE('',*,*,#410,.F.);
#558=ORIENTED_EDGE('',*,*,#415,.T.);
#559=ORIENTED_EDGE('',*,*,#416,.T.);
#560=ORIENTED_EDGE('',*,*,#417,.T.);
#561=ORIENTED_EDGE('',*,*,#413,.F.);
#562=ORIENTED_EDGE('',*,*,#418,.T.);
#563=ORIENTED_EDGE('',*,*,#419,.T.);
#564=ORIENTED_EDGE('',*,*,#420,.T.);
#565=ORIENTED_EDGE('',*,*,#416,.F.);
#566=ORIENTED_EDGE('',*,*,#421,.T.);
#567=ORIENTED_EDGE('',*,*,#422,.T.);
#568=ORIENTED_EDGE('',*,*,#423,.T.);
#569=ORIENTED_EDGE('',*,*,#419,.F.);
#570=ORIENTED_EDGE('',*,*,#424,.T.);
#571=ORIENTED_EDGE('',*,*,#425,.T.);
#572=ORIENTED_EDGE('',*,*,#426,.T.);
#573=ORIENTED_EDGE('',*,*,#422,.F.);
#574=ORIENTED_EDGE('',*,*,#427,.T.);
#575=ORIENTED_EDGE('',*,*,#428,.T.);
#576=ORIENTED_EDGE('',*,*,#429,.T.);
#577=ORIENTED_EDGE('',*,*,#425,.F.);
#578=ORIENTED_EDGE('',*,*,#430,.T.);
#579=ORIENTED_EDGE('',*,*,#431,.T.);
#580=ORIENTED_EDGE('',*,*,#432,.T.);
#581=ORIENTED_EDGE('',*,*,#428,.F.);
#582=ORIENTED_EDGE('',*,*,#433,.T.);
#583=ORIENTED_EDGE('',*,*,#434,.T.);
#584=ORIENTED_EDGE('',*,*,#435,.T.);
#585=ORIENTED_EDGE('',*,*,#431,.F.);
#586=ORIENTED_EDGE('',*,*,#436,.T.);
#587=ORIENTED_EDGE('',*,*,#437,.T.);
#588=ORIENTED_EDGE('',*,*,#438,.T.);
#589=ORIENTED_EDGE('',*,*,#434,.F.);
#590=ORIENTED_EDGE('',*,*,#439,.T.);
#591=ORIENTED_EDGE('',*,*,#440,.T.);
#592=ORIENTED_EDGE('',*,*,#441,.T.);
#593=ORIENTED_EDGE('',*,*,#437,.F.);
#594=ORIENTED_EDGE('',*,*,#442,.T.);
#595=ORIENTED_EDGE('',*,*,#443,.F.);
#596=ORIENTED_EDGE('',*,*,#444,.T.);
#597=ORIENTED_EDGE('',*,*,#445,.F.);
#598=ORIENTED_EDGE('',*,*,#446,.T.);
#599=ORIENTED_EDGE('',*,*,#447,.T.);
#600=ORIENTED_EDGE('',*,*,#448,.T.);
#601=ORIENTED_EDGE('',*,*,#449,.F.);
#602=ORIENTED_EDGE('',*,*,#450,.F.);
#603=ORIENTED_EDGE('',*,*,#451,.T.);
#604=ORIENTED_EDGE('',*,*,#452,.T.);
#605=ORIENTED_EDGE('',*,*,#447,.F.);
#606=ORIENTED_EDGE('',*,*,#453,.F.);
#607=ORIENTED_EDGE('',*,*,#454,.T.);
#608=ORIENTED_EDGE('',*,*,#455,.T.);
#609=ORIENTED_EDGE('',*,*,#451,.F.);
#610=ORIENTED_EDGE('',*,*,#456,.F.);
#611=ORIENTED_EDGE('',*,*,#457,.T.);
#612=ORIENTED_EDGE('',*,*,#458,.T.);
#613=ORIENTED_EDGE('',*,*,#454,.F.);
#614=ORIENTED_EDGE('',*,*,#459,.F.);
#615=ORIENTED_EDGE('',*,*,#460,.T.);
#616=ORIENTED_EDGE('',*,*,#461,.T.);
#617=ORIENTED_EDGE('',*,*,#457,.F.);
#618=ORIENTED_EDGE('',*,*,#462,.F.);
#619=ORIENTED_EDGE('',*,*,#463,.T.);
#620=ORIENTED_EDGE('',*,*,#464,.T.);
#621=ORIENTED_EDGE('',*,*,#460,.F.);
#622=ORIENTED_EDGE('',*,*,#465,.F.);
#623=ORIENTED_EDGE('',*,*,#466,.T.);
#624=ORIENTED_EDGE('',*,*,#467,.T.);
#625=ORIENTED_EDGE('',*,*,#463,.F.);
#626=ORIENTED_EDGE('',*,*,#468,.F.);
#627=ORIENTED_EDGE('',*,*,#469,.T.);
#628=ORIENTED_EDGE('',*,*,#470,.T.);
#629=ORIENTED_EDGE('',*,*,#466,.F.);
#630=ORIENTED_EDGE('',*,*,#471,.F.);
#631=ORIENTED_EDGE('',*,*,#472,.T.);
#632=ORIENTED_EDGE('',*,*,#473,.T.);
#633=ORIENTED_EDGE('',*,*,#469,.F.);
#634=ORIENTED_EDGE('',*,*,#474,.F.);
#635=ORIENTED_EDGE('',*,*,#475,.T.);
#636=ORIENTED_EDGE('',*,*,#476,.T.);
#637=ORIENTED_EDGE('',*,*,#472,.F.);
#638=ORIENTED_EDGE('',*,*,#477,.F.);
#639=ORIENTED_EDGE('',*,*,#478,.T.);
#640=ORIENTED_EDGE('',*,*,#479,.T.);
#641=ORIENTED_EDGE('',*,*,#475,.F.);
#642=ORIENTED_EDGE('',*,*,#480,.F.);
#643=ORIENTED_EDGE('',*,*,#481,.T.);
#644=ORIENTED_EDGE('',*,*,#482,.T.);
#645=ORIENTED_EDGE('',*,*,#478,.F.);
#646=ORIENTED_EDGE('',*,*,#483,.F.);
#647=ORIENTED_EDGE('',*,*,#484,.T.);
#648=ORIENTED_EDGE('',*,*,#485,.T.);
#649=ORIENTED_EDGE('',*,*,#481,.F.);
#650=ORIENTED_EDGE('',*,*,#486,.F.);
#651=ORIENTED_EDGE('',*,*,#487,.T.);
#652=ORIENTED_EDGE('',*,*,#488,.T.);
#653=ORIENTED_EDGE('',*,*,#484,.F.);
#654=ORIENTED_EDGE('',*,*,#489,.F.);
#655=ORIENTED_EDGE('',*,*,#490,.T.);
#656=ORIENTED_EDGE('',*,*,#491,.T.);
#657=ORIENTED_EDGE('',*,*,#487,.F.);
#658=ORIENTED_EDGE('',*,*,#492,.F.);
#659=ORIENTED_EDGE('',*,*,#493,.F.);
#660=ORIENTED_EDGE('',*,*,#494,.F.);
#661=ORIENTED_EDGE('',*,*,#495,.F.);
#662=ORIENTED_EDGE('',*,*,#496,.T.);
#663=ORIENTED_EDGE('',*,*,#493,.T.);
#664=ORIENTED_EDGE('',*,*,#497,.T.);
#665=ORIENTED_EDGE('',*,*,#490,.F.);
#666=ORIENTED_EDGE('',*,*,#498,.F.);
#667=ORIENTED_EDGE('',*,*,#499,.F.);
#668=ORIENTED_EDGE('',*,*,#448,.F.);
#669=ORIENTED_EDGE('',*,*,#452,.F.);
#670=ORIENTED_EDGE('',*,*,#455,.F.);
#671=ORIENTED_EDGE('',*,*,#458,.F.);
#672=ORIENTED_EDGE('',*,*,#461,.F.);
#673=ORIENTED_EDGE('',*,*,#464,.F.);
#674=ORIENTED_EDGE('',*,*,#467,.F.);
#675=ORIENTED_EDGE('',*,*,#470,.F.);
#676=ORIENTED_EDGE('',*,*,#473,.F.);
#677=ORIENTED_EDGE('',*,*,#476,.F.);
#678=ORIENTED_EDGE('',*,*,#479,.F.);
#679=ORIENTED_EDGE('',*,*,#482,.F.);
#680=ORIENTED_EDGE('',*,*,#485,.F.);
#681=ORIENTED_EDGE('',*,*,#488,.F.);
#682=ORIENTED_EDGE('',*,*,#491,.F.);
#683=ORIENTED_EDGE('',*,*,#497,.F.);
#684=ORIENTED_EDGE('',*,*,#496,.F.);
#685=ORIENTED_EDGE('',*,*,#500,.F.);
#686=ORIENTED_EDGE('',*,*,#398,.F.);
#687=ORIENTED_EDGE('',*,*,#402,.F.);
#688=ORIENTED_EDGE('',*,*,#405,.F.);
#689=ORIENTED_EDGE('',*,*,#408,.F.);
#690=ORIENTED_EDGE('',*,*,#411,.F.);
#691=ORIENTED_EDGE('',*,*,#414,.F.);
#692=ORIENTED_EDGE('',*,*,#417,.F.);
#693=ORIENTED_EDGE('',*,*,#420,.F.);
#694=ORIENTED_EDGE('',*,*,#423,.F.);
#695=ORIENTED_EDGE('',*,*,#426,.F.);
#696=ORIENTED_EDGE('',*,*,#429,.F.);
#697=ORIENTED_EDGE('',*,*,#432,.F.);
#698=ORIENTED_EDGE('',*,*,#435,.F.);
#699=ORIENTED_EDGE('',*,*,#438,.F.);
#700=ORIENTED_EDGE('',*,*,#441,.F.);
#701=ORIENTED_EDGE('',*,*,#501,.F.);
#702=ORIENTED_EDGE('',*,*,#446,.F.);
#703=ORIENTED_EDGE('',*,*,#502,.F.);
#704=ORIENTED_EDGE('',*,*,#444,.F.);
#705=ORIENTED_EDGE('',*,*,#503,.F.);
#706=ORIENTED_EDGE('',*,*,#442,.F.);
#707=ORIENTED_EDGE('',*,*,#439,.F.);
#708=ORIENTED_EDGE('',*,*,#436,.F.);
#709=ORIENTED_EDGE('',*,*,#433,.F.);
#710=ORIENTED_EDGE('',*,*,#430,.F.);
#711=ORIENTED_EDGE('',*,*,#427,.F.);
#712=ORIENTED_EDGE('',*,*,#424,.F.);
#713=ORIENTED_EDGE('',*,*,#421,.F.);
#714=ORIENTED_EDGE('',*,*,#418,.F.);
#715=ORIENTED_EDGE('',*,*,#415,.F.);
#716=ORIENTED_EDGE('',*,*,#412,.F.);
#717=ORIENTED_EDGE('',*,*,#409,.F.);
#718=ORIENTED_EDGE('',*,*,#406,.F.);
#719=ORIENTED_EDGE('',*,*,#403,.F.);
#720=ORIENTED_EDGE('',*,*,#400,.F.);
#721=ORIENTED_EDGE('',*,*,#504,.F.);
#722=ORIENTED_EDGE('',*,*,#494,.T.);
#723=ORIENTED_EDGE('',*,*,#498,.T.);
#724=ORIENTED_EDGE('',*,*,#492,.T.);
#725=ORIENTED_EDGE('',*,*,#489,.T.);
#726=ORIENTED_EDGE('',*,*,#486,.T.);
#727=ORIENTED_EDGE('',*,*,#483,.T.);
#728=ORIENTED_EDGE('',*,*,#480,.T.);
#729=ORIENTED_EDGE('',*,*,#477,.T.);
#730=ORIENTED_EDGE('',*,*,#474,.T.);
#731=ORIENTED_EDGE('',*,*,#471,.T.);
#732=ORIENTED_EDGE('',*,*,#468,.T.);
#733=ORIENTED_EDGE('',*,*,#465,.T.);
#734=ORIENTED_EDGE('',*,*,#462,.T.);
#735=ORIENTED_EDGE('',*,*,#459,.T.);
#736=ORIENTED_EDGE('',*,*,#456,.T.);
#737=ORIENTED_EDGE('',*,*,#453,.T.);
#738=ORIENTED_EDGE('',*,*,#450,.T.);
#739=ORIENTED_EDGE('',*,*,#505,.T.);
#740=ORIENTED_EDGE('',*,*,#506,.T.);
#741=ORIENTED_EDGE('',*,*,#507,.T.);
#742=ORIENTED_EDGE('',*,*,#508,.T.);
#743=ORIENTED_EDGE('',*,*,#509,.T.);
#744=ORIENTED_EDGE('',*,*,#510,.T.);
#745=ORIENTED_EDGE('',*,*,#511,.T.);
#746=ORIENTED_EDGE('',*,*,#512,.T.);
#747=ORIENTED_EDGE('',*,*,#513,.T.);
#748=ORIENTED_EDGE('',*,*,#514,.T.);
#749=ORIENTED_EDGE('',*,*,#515,.T.);
#750=ORIENTED_EDGE('',*,*,#516,.T.);
#751=ORIENTED_EDGE('',*,*,#517,.T.);
#752=ORIENTED_EDGE('',*,*,#518,.T.);
#753=ORIENTED_EDGE('',*,*,#519,.T.);
#754=ORIENTED_EDGE('',*,*,#520,.T.);
#755=ORIENTED_EDGE('',*,*,#502,.T.);
#756=ORIENTED_EDGE('',*,*,#449,.T.);
#757=ORIENTED_EDGE('',*,*,#499,.T.);
#758=ORIENTED_EDGE('',*,*,#445,.T.);
#759=ORIENTED_EDGE('',*,*,#521,.F.);
#760=ORIENTED_EDGE('',*,*,#507,.F.);
#761=ORIENTED_EDGE('',*,*,#522,.F.);
#762=ORIENTED_EDGE('',*,*,#509,.F.);
#763=ORIENTED_EDGE('',*,*,#523,.F.);
#764=ORIENTED_EDGE('',*,*,#511,.F.);
#765=ORIENTED_EDGE('',*,*,#524,.F.);
#766=ORIENTED_EDGE('',*,*,#513,.F.);
#767=ORIENTED_EDGE('',*,*,#525,.F.);
#768=ORIENTED_EDGE('',*,*,#515,.F.);
#769=ORIENTED_EDGE('',*,*,#526,.F.);
#770=ORIENTED_EDGE('',*,*,#517,.F.);
#771=ORIENTED_EDGE('',*,*,#527,.F.);
#772=ORIENTED_EDGE('',*,*,#519,.F.);
#773=ORIENTED_EDGE('',*,*,#528,.F.);
#774=ORIENTED_EDGE('',*,*,#505,.F.);
#775=ORIENTED_EDGE('',*,*,#529,.F.);
#776=ORIENTED_EDGE('',*,*,#529,.T.);
#777=ORIENTED_EDGE('',*,*,#520,.F.);
#778=ORIENTED_EDGE('',*,*,#527,.T.);
#779=ORIENTED_EDGE('',*,*,#518,.F.);
#780=ORIENTED_EDGE('',*,*,#526,.T.);
#781=ORIENTED_EDGE('',*,*,#516,.F.);
#782=ORIENTED_EDGE('',*,*,#525,.T.);
#783=ORIENTED_EDGE('',*,*,#514,.F.);
#784=ORIENTED_EDGE('',*,*,#524,.T.);
#785=ORIENTED_EDGE('',*,*,#512,.F.);
#786=ORIENTED_EDGE('',*,*,#523,.T.);
#787=ORIENTED_EDGE('',*,*,#510,.F.);
#788=ORIENTED_EDGE('',*,*,#522,.T.);
#789=ORIENTED_EDGE('',*,*,#508,.F.);
#790=ORIENTED_EDGE('',*,*,#521,.T.);
#791=ORIENTED_EDGE('',*,*,#506,.F.);
#792=ORIENTED_EDGE('',*,*,#528,.T.);
#793=ORIENTED_EDGE('',*,*,#530,.F.);
#794=ORIENTED_EDGE('',*,*,#531,.F.);
#795=ORIENTED_EDGE('',*,*,#530,.T.);
#796=ORIENTED_EDGE('',*,*,#443,.T.);
#797=ORIENTED_EDGE('',*,*,#501,.T.);
#798=ORIENTED_EDGE('',*,*,#440,.F.);
#799=ORIENTED_EDGE('',*,*,#503,.T.);
#800=ORIENTED_EDGE('',*,*,#532,.F.);
#801=ORIENTED_EDGE('',*,*,#533,.T.);
#802=ORIENTED_EDGE('',*,*,#534,.T.);
#803=ORIENTED_EDGE('',*,*,#533,.F.);
#804=ORIENTED_EDGE('',*,*,#532,.T.);
#805=ORIENTED_EDGE('',*,*,#531,.T.);
#806=ORIENTED_EDGE('',*,*,#534,.F.);
#807=ORIENTED_EDGE('',*,*,#504,.T.);
#808=ORIENTED_EDGE('',*,*,#399,.F.);
#809=ORIENTED_EDGE('',*,*,#500,.T.);
#810=ORIENTED_EDGE('',*,*,#495,.T.);
#811=CYLINDRICAL_SURFACE('',#909,18.75935);
#812=CYLINDRICAL_SURFACE('',#911,18.75935);
#813=CYLINDRICAL_SURFACE('',#912,18.75935);
#814=CYLINDRICAL_SURFACE('',#913,18.75935);
#815=CYLINDRICAL_SURFACE('',#914,18.75935);
#816=CYLINDRICAL_SURFACE('',#915,18.75935);
#817=CYLINDRICAL_SURFACE('',#916,18.75935);
#818=CYLINDRICAL_SURFACE('',#917,18.75935);
#819=CYLINDRICAL_SURFACE('',#918,18.75935);
#820=CYLINDRICAL_SURFACE('',#919,18.75935);
#821=CYLINDRICAL_SURFACE('',#920,18.75935);
#822=CYLINDRICAL_SURFACE('',#921,18.75935);
#823=CYLINDRICAL_SURFACE('',#922,18.75935);
#824=CYLINDRICAL_SURFACE('',#923,18.75935);
#825=CYLINDRICAL_SURFACE('',#924,18.75935);
#826=CYLINDRICAL_SURFACE('',#925,18.75935);
#827=CYLINDRICAL_SURFACE('',#927,20.4027);
#828=CYLINDRICAL_SURFACE('',#929,20.4027);
#829=CYLINDRICAL_SURFACE('',#930,20.4027);
#830=CYLINDRICAL_SURFACE('',#931,20.4027);
#831=CYLINDRICAL_SURFACE('',#932,20.4027);
#832=CYLINDRICAL_SURFACE('',#933,20.4027);
#833=CYLINDRICAL_SURFACE('',#934,20.4027);
#834=CYLINDRICAL_SURFACE('',#935,20.4027);
#835=CYLINDRICAL_SURFACE('',#936,20.4027);
#836=CYLINDRICAL_SURFACE('',#937,20.4027);
#837=CYLINDRICAL_SURFACE('',#938,20.4027);
#838=CYLINDRICAL_SURFACE('',#939,20.4027);
#839=CYLINDRICAL_SURFACE('',#940,20.4027);
#840=CYLINDRICAL_SURFACE('',#941,20.4027);
#841=CYLINDRICAL_SURFACE('',#942,20.4027);
#842=CYLINDRICAL_SURFACE('',#943,20.4027);
#843=CYLINDRICAL_SURFACE('',#945,20.4027);
#844=CYLINDRICAL_SURFACE('',#963,18.75935);
#845=CYLINDRICAL_SURFACE('',#964,23.);
#846=ADVANCED_FACE('',(#41),#811,.F.);
#847=ADVANCED_FACE('',(#42),#812,.F.);
#848=ADVANCED_FACE('',(#43),#813,.F.);
#849=ADVANCED_FACE('',(#44),#814,.F.);
#850=ADVANCED_FACE('',(#45),#815,.F.);
#851=ADVANCED_FACE('',(#46),#816,.F.);
#852=ADVANCED_FACE('',(#47),#817,.F.);
#853=ADVANCED_FACE('',(#48),#818,.F.);
#854=ADVANCED_FACE('',(#49),#819,.F.);
#855=ADVANCED_FACE('',(#50),#820,.F.);
#856=ADVANCED_FACE('',(#51),#821,.F.);
#857=ADVANCED_FACE('',(#52),#822,.F.);
#858=ADVANCED_FACE('',(#53),#823,.F.);
#859=ADVANCED_FACE('',(#54),#824,.F.);
#860=ADVANCED_FACE('',(#55),#825,.F.);
#861=ADVANCED_FACE('',(#56),#826,.F.);
#862=ADVANCED_FACE('',(#57),#827,.F.);
#863=ADVANCED_FACE('',(#58),#828,.F.);
#864=ADVANCED_FACE('',(#59),#829,.F.);
#865=ADVANCED_FACE('',(#60),#830,.F.);
#866=ADVANCED_FACE('',(#61),#831,.F.);
#867=ADVANCED_FACE('',(#62),#832,.F.);
#868=ADVANCED_FACE('',(#63),#833,.F.);
#869=ADVANCED_FACE('',(#64),#834,.F.);
#870=ADVANCED_FACE('',(#65),#835,.F.);
#871=ADVANCED_FACE('',(#66),#836,.F.);
#872=ADVANCED_FACE('',(#67),#837,.F.);
#873=ADVANCED_FACE('',(#68),#838,.F.);
#874=ADVANCED_FACE('',(#69),#839,.F.);
#875=ADVANCED_FACE('',(#70),#840,.F.);
#876=ADVANCED_FACE('',(#71),#841,.F.);
#877=ADVANCED_FACE('',(#72),#842,.F.);
#878=ADVANCED_FACE('',(#73),#843,.F.);
#879=ADVANCED_FACE('',(#74),#39,.F.);
#880=ADVANCED_FACE('',(#75),#40,.F.);
#881=ADVANCED_FACE('',(#76,#24),#36,.T.);
#882=ADVANCED_FACE('',(#77),#16,.T.);
#883=ADVANCED_FACE('',(#78),#17,.T.);
#884=ADVANCED_FACE('',(#79),#18,.T.);
#885=ADVANCED_FACE('',(#80),#19,.T.);
#886=ADVANCED_FACE('',(#81),#20,.T.);
#887=ADVANCED_FACE('',(#82),#21,.T.);
#888=ADVANCED_FACE('',(#83),#22,.T.);
#889=ADVANCED_FACE('',(#84),#23,.T.);
#890=ADVANCED_FACE('',(#85),#15,.T.);
#891=ADVANCED_FACE('',(#86),#844,.F.);
#892=ADVANCED_FACE('',(#87),#845,.T.);
#893=ADVANCED_FACE('',(#88,#25),#37,.T.);
#894=ADVANCED_FACE('',(#89,#26),#38,.F.);
#895=CLOSED_SHELL('',(#846,#847,#848,#849,#850,#851,#852,#853,#854,#855,
#856,#857,#858,#859,#860,#861,#862,#863,#864,#865,#866,#867,#868,#869,#870,
#871,#872,#873,#874,#875,#876,#877,#878,#879,#880,#881,#882,#883,#884,#885,
#886,#887,#888,#889,#890,#891,#892,#893,#894));
#896=DERIVED_UNIT_ELEMENT(#898,1.);
#897=DERIVED_UNIT_ELEMENT(#8165,-3.);
#898=(
MASS_UNIT()
NAMED_UNIT(*)
SI_UNIT(.KILO.,.GRAM.)
);
#899=DERIVED_UNIT((#896,#897));
#900=MEASURE_REPRESENTATION_ITEM('density measure',
POSITIVE_RATIO_MEASURE(7850.),#899);
#901=PROPERTY_DEFINITION_REPRESENTATION(#906,#903);
#902=PROPERTY_DEFINITION_REPRESENTATION(#907,#904);
#903=REPRESENTATION('material name',(#905),#8162);
#904=REPRESENTATION('density',(#900),#8162);
#905=DESCRIPTIVE_REPRESENTATION_ITEM('Stahl','Stahl');
#906=PROPERTY_DEFINITION('material property','material name',#8172);
#907=PROPERTY_DEFINITION('material property','density of part',#8172);
#908=AXIS2_PLACEMENT_3D('',#1125,#969,#970);
#909=AXIS2_PLACEMENT_3D('',#1126,#971,#972);
#910=AXIS2_PLACEMENT_3D('',#1163,#974,#975);
#911=AXIS2_PLACEMENT_3D('',#1198,#976,#977);
#912=AXIS2_PLACEMENT_3D('',#1294,#979,#980);
#913=AXIS2_PLACEMENT_3D('',#1375,#982,#983);
#914=AXIS2_PLACEMENT_3D('',#1453,#985,#986);
#915=AXIS2_PLACEMENT_3D('',#1534,#988,#989);
#916=AXIS2_PLACEMENT_3D('',#1621,#991,#992);
#917=AXIS2_PLACEMENT_3D('',#1696,#994,#995);
#918=AXIS2_PLACEMENT_3D('',#1768,#997,#998);
#919=AXIS2_PLACEMENT_3D('',#1858,#1000,#1001);
#920=AXIS2_PLACEMENT_3D('',#1963,#1003,#1004);
#921=AXIS2_PLACEMENT_3D('',#2056,#1006,#1007);
#922=AXIS2_PLACEMENT_3D('',#2131,#1009,#1010);
#923=AXIS2_PLACEMENT_3D('',#2209,#1012,#1013);
#924=AXIS2_PLACEMENT_3D('',#2308,#1015,#1016);
#925=AXIS2_PLACEMENT_3D('',#2404,#1018,#1019);
#926=AXIS2_PLACEMENT_3D('',#2423,#1021,#1022);
#927=AXIS2_PLACEMENT_3D('',#2437,#1023,#1024);
#928=AXIS2_PLACEMENT_3D('',#2471,#1026,#1027);
#929=AXIS2_PLACEMENT_3D('',#2509,#1028,#1029);
#930=AXIS2_PLACEMENT_3D('',#2605,#1031,#1032);
#931=AXIS2_PLACEMENT_3D('',#2701,#1034,#1035);
#932=AXIS2_PLACEMENT_3D('',#2794,#1037,#1038);
#933=AXIS2_PLACEMENT_3D('',#2869,#1040,#1041);
#934=AXIS2_PLACEMENT_3D('',#2953,#1043,#1044);
#935=AXIS2_PLACEMENT_3D('',#3049,#1046,#1047);
#936=AXIS2_PLACEMENT_3D('',#3151,#1049,#1050);
#937=AXIS2_PLACEMENT_3D('',#3229,#1052,#1053);
#938=AXIS2_PLACEMENT_3D('',#3301,#1055,#1056);
#939=AXIS2_PLACEMENT_3D('',#3379,#1058,#1059);
#940=AXIS2_PLACEMENT_3D('',#3463,#1061,#1062);
#941=AXIS2_PLACEMENT_3D('',#3544,#1064,#1065);
#942=AXIS2_PLACEMENT_3D('',#3625,#1067,#1068);
#943=AXIS2_PLACEMENT_3D('',#3715,#1070,#1071);
#944=AXIS2_PLACEMENT_3D('',#3731,#1073,#1074);
#945=AXIS2_PLACEMENT_3D('',#3748,#1075,#1076);
#946=AXIS2_PLACEMENT_3D('',#6216,#1077,#1078);
#947=AXIS2_PLACEMENT_3D('',#6219,#1079,#1080);
#948=AXIS2_PLACEMENT_3D('',#6267,#1081,#1082);
#949=AXIS2_PLACEMENT_3D('',#6315,#1083,#1084);
#950=AXIS2_PLACEMENT_3D('',#6363,#1085,#1086);
#951=AXIS2_PLACEMENT_3D('',#6411,#1087,#1088);
#952=AXIS2_PLACEMENT_3D('',#6459,#1089,#1090);
#953=AXIS2_PLACEMENT_3D('',#6507,#1091,#1092);
#954=AXIS2_PLACEMENT_3D('',#6555,#1093,#1094);
#955=AXIS2_PLACEMENT_3D('',#6601,#1095,#1096);
#956=AXIS2_PLACEMENT_3D('',#6612,#1097,#1098);
#957=AXIS2_PLACEMENT_3D('',#6623,#1099,#1100);
#958=AXIS2_PLACEMENT_3D('',#6634,#1101,#1102);
#959=AXIS2_PLACEMENT_3D('',#6645,#1103,#1104);
#960=AXIS2_PLACEMENT_3D('',#6656,#1105,#1106);
#961=AXIS2_PLACEMENT_3D('',#6667,#1107,#1108);
#962=AXIS2_PLACEMENT_3D('',#6678,#1109,#1110);
#963=AXIS2_PLACEMENT_3D('',#8151,#1112,#1113);
#964=AXIS2_PLACEMENT_3D('',#8152,#1114,#1115);
#965=AXIS2_PLACEMENT_3D('',#8154,#1116,#1117);
#966=AXIS2_PLACEMENT_3D('',#8157,#1119,#1120);
#967=AXIS2_PLACEMENT_3D('',#8158,#1121,#1122);
#968=AXIS2_PLACEMENT_3D('',#8159,#1123,#1124);
#969=DIRECTION('axis',(0.,0.,1.));
#970=DIRECTION('refdir',(1.,0.,0.));
#971=DIRECTION('center_axis',(0.,0.,1.));
#972=DIRECTION('ref_axis',(1.,0.,0.));
#973=DIRECTION('',(0.,0.,-1.));
#974=DIRECTION('center_axis',(0.,0.,1.));
#975=DIRECTION('ref_axis',(1.,0.,0.));
#976=DIRECTION('center_axis',(0.,0.,1.));
#977=DIRECTION('ref_axis',(1.,0.,0.));
#978=DIRECTION('',(0.,0.,-1.));
#979=DIRECTION('center_axis',(0.,0.,1.));
#980=DIRECTION('ref_axis',(1.,0.,0.));
#981=DIRECTION('',(0.,0.,-1.));
#982=DIRECTION('center_axis',(0.,0.,1.));
#983=DIRECTION('ref_axis',(1.,0.,0.));
#984=DIRECTION('',(0.,0.,-1.));
#985=DIRECTION('center_axis',(0.,0.,1.));
#986=DIRECTION('ref_axis',(1.,0.,0.));
#987=DIRECTION('',(0.,0.,-1.));
#988=DIRECTION('center_axis',(0.,0.,1.));
#989=DIRECTION('ref_axis',(1.,0.,0.));
#990=DIRECTION('',(0.,0.,-1.));
#991=DIRECTION('center_axis',(0.,0.,1.));
#992=DIRECTION('ref_axis',(1.,0.,0.));
#993=DIRECTION('',(0.,0.,-1.));
#994=DIRECTION('center_axis',(0.,0.,1.));
#995=DIRECTION('ref_axis',(1.,0.,0.));
#996=DIRECTION('',(0.,0.,-1.));
#997=DIRECTION('center_axis',(0.,0.,1.));
#998=DIRECTION('ref_axis',(1.,0.,0.));
#999=DIRECTION('',(0.,0.,-1.));
#1000=DIRECTION('center_axis',(0.,0.,1.));
#1001=DIRECTION('ref_axis',(1.,0.,0.));
#1002=DIRECTION('',(0.,0.,-1.));
#1003=DIRECTION('center_axis',(0.,0.,1.));
#1004=DIRECTION('ref_axis',(1.,0.,0.));
#1005=DIRECTION('',(0.,0.,-1.));
#1006=DIRECTION('center_axis',(0.,0.,1.));
#1007=DIRECTION('ref_axis',(1.,0.,0.));
#1008=DIRECTION('',(0.,0.,-1.));
#1009=DIRECTION('center_axis',(0.,0.,1.));
#1010=DIRECTION('ref_axis',(1.,0.,0.));
#1011=DIRECTION('',(0.,0.,-1.));
#1012=DIRECTION('center_axis',(0.,0.,1.));
#1013=DIRECTION('ref_axis',(1.,0.,0.));
#1014=DIRECTION('',(0.,0.,-1.));
#1015=DIRECTION('center_axis',(0.,0.,1.));
#1016=DIRECTION('ref_axis',(1.,0.,0.));
#1017=DIRECTION('',(0.,0.,-1.));
#1018=DIRECTION('center_axis',(0.,0.,1.));
#1019=DIRECTION('ref_axis',(1.,0.,0.));
#1020=DIRECTION('',(0.,0.,-1.));
#1021=DIRECTION('center_axis',(0.,0.,1.));
#1022=DIRECTION('ref_axis',(1.,0.,0.));
#1023=DIRECTION('center_axis',(0.,0.,1.));
#1024=DIRECTION('ref_axis',(1.,8.91852360097567E-14,0.));
#1025=DIRECTION('',(1.22464679914735E-16,1.09370389788816E-29,1.));
#1026=DIRECTION('center_axis',(0.,0.,-1.));
#1027=DIRECTION('ref_axis',(1.,8.91852360097567E-14,0.));
#1028=DIRECTION('center_axis',(0.,0.,1.));
#1029=DIRECTION('ref_axis',(1.,8.91852360097567E-14,0.));
#1030=DIRECTION('',(1.22464679914735E-16,1.09370389788816E-29,1.));
#1031=DIRECTION('center_axis',(0.,0.,1.));
#1032=DIRECTION('ref_axis',(1.,8.91852360097567E-14,0.));
#1033=DIRECTION('',(1.22464679914735E-16,1.09370389788816E-29,1.));
#1034=DIRECTION('center_axis',(0.,0.,1.));
#1035=DIRECTION('ref_axis',(1.,8.91852360097567E-14,0.));
#1036=DIRECTION('',(1.22464679914735E-16,1.09370389788816E-29,1.));
#1037=DIRECTION('center_axis',(0.,0.,1.));
#1038=DIRECTION('ref_axis',(1.,8.91852360097567E-14,0.));
#1039=DIRECTION('',(1.22464679914735E-16,1.09370389788816E-29,1.));
#1040=DIRECTION('center_axis',(0.,0.,1.));
#1041=DIRECTION('ref_axis',(1.,8.91852360097567E-14,0.));
#1042=DIRECTION('',(1.22464679914735E-16,1.09370389788816E-29,1.));
#1043=DIRECTION('center_axis',(0.,0.,1.));
#1044=DIRECTION('ref_axis',(1.,8.91852360097567E-14,0.));
#1045=DIRECTION('',(1.22464679914735E-16,1.09370389788816E-29,1.));
#1046=DIRECTION('center_axis',(0.,0.,1.));
#1047=DIRECTION('ref_axis',(1.,8.91852360097567E-14,0.));
#1048=DIRECTION('',(1.22464679914735E-16,1.09370389788816E-29,1.));
#1049=DIRECTION('center_axis',(0.,0.,1.));
#1050=DIRECTION('ref_axis',(1.,8.91852360097567E-14,0.));
#1051=DIRECTION('',(1.22464679914735E-16,1.09370389788816E-29,1.));
#1052=DIRECTION('center_axis',(0.,0.,1.));
#1053=DIRECTION('ref_axis',(1.,8.91852360097567E-14,0.));
#1054=DIRECTION('',(1.22464679914735E-16,1.09370389788816E-29,1.));
#1055=DIRECTION('center_axis',(0.,0.,1.));
#1056=DIRECTION('ref_axis',(1.,8.91852360097567E-14,0.));
#1057=DIRECTION('',(1.22464679914735E-16,1.09370389788816E-29,1.));
#1058=DIRECTION('center_axis',(0.,0.,1.));
#1059=DIRECTION('ref_axis',(1.,8.91852360097567E-14,0.));
#1060=DIRECTION('',(1.22464679914735E-16,1.09370389788816E-29,1.));
#1061=DIRECTION('center_axis',(0.,0.,1.));
#1062=DIRECTION('ref_axis',(1.,8.91852360097567E-14,0.));
#1063=DIRECTION('',(1.22464679914735E-16,1.09370389788816E-29,1.));
#1064=DIRECTION('center_axis',(0.,0.,1.));
#1065=DIRECTION('ref_axis',(1.,8.91852360097567E-14,0.));
#1066=DIRECTION('',(1.22464679914735E-16,1.09370389788816E-29,1.));
#1067=DIRECTION('center_axis',(0.,0.,1.));
#1068=DIRECTION('ref_axis',(1.,8.91852360097567E-14,0.));
#1069=DIRECTION('',(1.22464679914735E-16,1.09370389788816E-29,1.));
#1070=DIRECTION('center_axis',(0.,0.,1.));
#1071=DIRECTION('ref_axis',(1.,8.91852360097567E-14,0.));
#1072=DIRECTION('',(1.22464679914735E-16,1.09370389788816E-29,1.));
#1073=DIRECTION('center_axis',(0.,0.,-1.));
#1074=DIRECTION('ref_axis',(1.,8.91852360097567E-14,0.));
#1075=DIRECTION('center_axis',(0.,0.,1.));
#1076=DIRECTION('ref_axis',(1.,8.91852360097567E-14,0.));
#1077=DIRECTION('center_axis',(0.,0.,1.));
#1078=DIRECTION('ref_axis',(1.,0.,0.));
#1079=DIRECTION('center_axis',(0.,0.,1.));
#1080=DIRECTION('ref_axis',(1.,0.,0.));
#1081=DIRECTION('center_axis',(0.,0.,1.));
#1082=DIRECTION('ref_axis',(1.,0.,0.));
#1083=DIRECTION('center_axis',(0.,0.,1.));
#1084=DIRECTION('ref_axis',(1.,0.,0.));
#1085=DIRECTION('center_axis',(0.,0.,1.));
#1086=DIRECTION('ref_axis',(1.,0.,0.));
#1087=DIRECTION('center_axis',(0.,0.,1.));
#1088=DIRECTION('ref_axis',(1.,0.,0.));
#1089=DIRECTION('center_axis',(0.,0.,1.));
#1090=DIRECTION('ref_axis',(1.,0.,0.));
#1091=DIRECTION('center_axis',(0.,0.,1.));
#1092=DIRECTION('ref_axis',(1.,0.,0.));
#1093=DIRECTION('center_axis',(0.,0.,1.));
#1094=DIRECTION('ref_axis',(1.,0.,0.));
#1095=DIRECTION('center_axis',(0.,0.,-1.));
#1096=DIRECTION('ref_axis',(1.,0.,0.));
#1097=DIRECTION('center_axis',(0.,0.,-1.));
#1098=DIRECTION('ref_axis',(1.,0.,0.));
#1099=DIRECTION('center_axis',(0.,0.,-1.));
#1100=DIRECTION('ref_axis',(1.,0.,0.));
#1101=DIRECTION('center_axis',(0.,0.,-1.));
#1102=DIRECTION('ref_axis',(-1.,5.00744598826542E-15,0.));
#1103=DIRECTION('center_axis',(0.,0.,-1.));
#1104=DIRECTION('ref_axis',(1.,0.,0.));
#1105=DIRECTION('center_axis',(0.,0.,-1.));
#1106=DIRECTION('ref_axis',(1.,0.,0.));
#1107=DIRECTION('center_axis',(0.,0.,-1.));
#1108=DIRECTION('ref_axis',(1.,0.,0.));
#1109=DIRECTION('center_axis',(0.,0.,-1.));
#1110=DIRECTION('ref_axis',(1.,0.,0.));
#1111=DIRECTION('',(0.,0.,1.));
#1112=DIRECTION('center_axis',(0.,0.,1.));
#1113=DIRECTION('ref_axis',(1.,0.,0.));
#1114=DIRECTION('center_axis',(0.,0.,1.));
#1115=DIRECTION('ref_axis',(1.,0.,0.));
#1116=DIRECTION('center_axis',(0.,0.,1.));
#1117=DIRECTION('ref_axis',(1.,0.,0.));
#1118=DIRECTION('',(0.,0.,-1.));
#1119=DIRECTION('center_axis',(0.,0.,1.));
#1120=DIRECTION('ref_axis',(1.,0.,0.));
#1121=DIRECTION('center_axis',(0.,0.,1.));
#1122=DIRECTION('ref_axis',(1.,0.,0.));
#1123=DIRECTION('center_axis',(0.,0.,1.));
#1124=DIRECTION('ref_axis',(1.,0.,0.));
#1125=CARTESIAN_POINT('',(0.,0.,0.));
#1126=CARTESIAN_POINT('Origin',(0.,0.,0.));
#1127=CARTESIAN_POINT('',(-18.7591100755169,-0.000317892849519013,1.92765252343247));
#1128=CARTESIAN_POINT('',(-18.7604649594335,-6.74267520072004E-5,1.82234747655429));
#1129=CARTESIAN_POINT('',(-18.75935,-2.29735779315849E-15,0.));
#1130=CARTESIAN_POINT('',(2.47519026053109,-18.5953393514792,-2.60208521396521E-16));
#1131=CARTESIAN_POINT('Ctrl Pts',(-18.7604649594335,-6.74267520072028E-5,
1.82234747655429));
#1132=CARTESIAN_POINT('Ctrl Pts',(-18.7598108561075,2.78242573493654,1.76331949136094));
#1133=CARTESIAN_POINT('Ctrl Pts',(-18.1308299958367,5.56520446576391,1.7042915061676));
#1134=CARTESIAN_POINT('Ctrl Pts',(-16.9329375325966,8.07662826194113,1.64526352097425));
#1135=CARTESIAN_POINT('Ctrl Pts',(-15.6963308837814,10.6692177135396,1.58432783501224));
#1136=CARTESIAN_POINT('Ctrl Pts',(-13.8534455767326,12.9726291894628,1.52339214905023));
#1137=CARTESIAN_POINT('Ctrl Pts',(-11.5953936329607,14.7479891266614,1.46245646308822));
#1138=CARTESIAN_POINT('Ctrl Pts',(-9.3373416891889,16.5233490638601,1.40152077712621));
#1139=CARTESIAN_POINT('Ctrl Pts',(-6.66412310869398,17.7706574623341,1.3405850911642));
#1140=CARTESIAN_POINT('Ctrl Pts',(-3.85294704136672,18.3605822027579,1.27964940520219));
#1141=CARTESIAN_POINT('Ctrl Pts',(-1.04177097403947,18.9505069431817,1.21871371924018));
#1142=CARTESIAN_POINT('Ctrl Pts',(1.90736258012013,18.8830480255552,1.15777803327817));
#1143=CARTESIAN_POINT('Ctrl Pts',(4.68861400493676,18.1651720874996,1.09684234731616));
#1144=CARTESIAN_POINT('Ctrl Pts',(7.4698654297533,17.4472961494441,1.03590666135416));
#1145=CARTESIAN_POINT('Ctrl Pts',(10.0832347252269,16.0790031909594,0.974970975392146));
#1146=CARTESIAN_POINT('Ctrl Pts',(12.2577359297445,14.2022425513466,0.914035289430138));
#1147=CARTESIAN_POINT('Ctrl Pts',(14.4322371342622,12.3254819117337,0.853099603468129));
#1148=CARTESIAN_POINT('Ctrl Pts',(16.1678702478239,9.94025359099257,0.79216391750612));
#1149=CARTESIAN_POINT('Ctrl Pts',(17.284604211783,7.29379896405921,0.73122823154411));
#1150=CARTESIAN_POINT('Ctrl Pts',(18.4013381757421,4.64734433712585,0.6702925455821));
#1151=CARTESIAN_POINT('Ctrl Pts',(18.8991729900987,1.73966340400029,0.60935685962009));
#1152=CARTESIAN_POINT('Ctrl Pts',(18.7265689971862,-1.12750181938278,0.54842117365808));
#1153=CARTESIAN_POINT('Ctrl Pts',(18.5539650042738,-3.99466704276584,0.48748548769607));
#1154=CARTESIAN_POINT('Ctrl Pts',(17.7109222040924,-6.82131655640642,0.42654980173406));
#1155=CARTESIAN_POINT('Ctrl Pts',(16.2846945712733,-9.31475120165969,0.36561411577205));
#1156=CARTESIAN_POINT('Ctrl Pts',(14.8584669384542,-11.8081858469129,0.304678429810042));
#1157=CARTESIAN_POINT('Ctrl Pts',(12.8490544729974,-13.9684056237788,0.243742743848035));
#1158=CARTESIAN_POINT('Ctrl Pts',(10.4651954456685,-15.5704263392484,0.182807057886027));
#1159=CARTESIAN_POINT('Ctrl Pts',(8.08133641833958,-17.1724470547181,0.121871371924017));
#1160=CARTESIAN_POINT('Ctrl Pts',(5.32303082913849,-18.2162687087915,0.0609356859620068));
#1161=CARTESIAN_POINT('Ctrl Pts',(2.47519026053112,-18.5953393514792,-3.02786449839588E-15));
#1162=CARTESIAN_POINT('',(-2.47519026053112,-18.5953393514792,2.60208521396521E-16));
#1163=CARTESIAN_POINT('Origin',(0.,0.,0.));
#1164=CARTESIAN_POINT('Ctrl Pts',(-2.47553253177224,-18.5955631687722,-3.82416320832135E-12));
#1165=CARTESIAN_POINT('Ctrl Pts',(-0.16886481335805,-18.9007325369297,0.0493537936114553));
#1166=CARTESIAN_POINT('Ctrl Pts',(2.19567756398374,-18.7762552764186,0.0987075872267347));
#1167=CARTESIAN_POINT('Ctrl Pts',(4.4555683408158,-18.2237342113954,0.148061380842014));
#1168=CARTESIAN_POINT('Ctrl Pts',(7.24578940789193,-17.5415526071179,0.208997066804024));
#1169=CARTESIAN_POINT('Ctrl Pts',(9.87647833083204,-16.2068559377546,0.269932752766033));
#1170=CARTESIAN_POINT('Ctrl Pts',(12.0748334326531,-14.358084200541,0.330868438728043));
#1171=CARTESIAN_POINT('Ctrl Pts',(14.2731885344742,-12.5093124633274,0.391804124690052));
#1172=CARTESIAN_POINT('Ctrl Pts',(16.0392098151763,-10.1464656582636,0.452739810652061));
#1173=CARTESIAN_POINT('Ctrl Pts',(17.1897576169132,-7.51455734064859,0.51367549661407));
#1174=CARTESIAN_POINT('Ctrl Pts',(18.3403054186501,-4.88264902303363,0.574611182576079));
#1175=CARTESIAN_POINT('Ctrl Pts',(18.8753797414218,-1.98167919286752,0.63554686853809));
#1176=CARTESIAN_POINT('Ctrl Pts',(18.7394937286305,0.887510773719136,0.696482554500099));
#1177=CARTESIAN_POINT('Ctrl Pts',(18.6036077158391,3.7567007403058,0.757418240462109));
#1178=CARTESIAN_POINT('Ctrl Pts',(17.7967613674846,6.59411084331302,0.818353926424119));
#1179=CARTESIAN_POINT('Ctrl Pts',(16.4026249567232,9.10550325424606,0.879289612386128));
#1180=CARTESIAN_POINT('Ctrl Pts',(15.0084885459617,11.6168956651791,0.940225298348138));
#1181=CARTESIAN_POINT('Ctrl Pts',(13.0270620727932,13.802270384038,1.00116098431015));
#1182=CARTESIAN_POINT('Ctrl Pts',(10.6638214981887,15.4349998845331,1.06209667027216));
#1183=CARTESIAN_POINT('Ctrl Pts',(8.30058092358417,17.0677293850283,1.12303235623417));
#1184=CARTESIAN_POINT('Ctrl Pts',(5.55552624754363,18.1478136671597,1.18396804219618));
#1185=CARTESIAN_POINT('Ctrl Pts',(2.7133220430523,18.5632481270909,1.24490372815818));
#1186=CARTESIAN_POINT('Ctrl Pts',(-0.128882161439043,18.9786825870222,1.30583941412019));
#1187=CARTESIAN_POINT('Ctrl Pts',(-3.06823589438115,18.7294672247532,1.3667751000822));
#1188=CARTESIAN_POINT('Ctrl Pts',(-5.79992543005674,17.8414453028499,1.42771078604421));
#1189=CARTESIAN_POINT('Ctrl Pts',(-8.53161496573231,16.9534233809465,1.48864647200622));
#1190=CARTESIAN_POINT('Ctrl Pts',(-11.0556403041414,15.4265948994087,1.54958215796823));
#1191=CARTESIAN_POINT('Ctrl Pts',(-13.1102577219491,13.4192937158631,1.61051784393024));
#1192=CARTESIAN_POINT('Ctrl Pts',(-15.1648751397569,11.4119925323175,1.67145352989225));
#1193=CARTESIAN_POINT('Ctrl Pts',(-16.7500846369634,8.92421864676411,1.73238921585426));
#1194=CARTESIAN_POINT('Ctrl Pts',(-17.7014985495229,6.21395623874697,1.79332490181627));
#1195=CARTESIAN_POINT('Ctrl Pts',(-18.4006026734059,4.22244066257393,1.83810077568706));
#1196=CARTESIAN_POINT('Ctrl Pts',(-18.7574958160143,2.11079484655858,1.88287664955786));
#1197=CARTESIAN_POINT('Ctrl Pts',(-18.7591100755103,-0.000317892849522176,
1.92765252342865));
#1198=CARTESIAN_POINT('Origin',(0.,0.,0.));
#1199=CARTESIAN_POINT('',(-18.7584246147836,-9.65088625009126E-5,4.42765252353155));
#1200=CARTESIAN_POINT('',(-18.7585661328839,-0.000237160423759823,4.32234747642613));
#1201=CARTESIAN_POINT('',(-18.75935,-2.29735779315849E-15,0.));
#1202=CARTESIAN_POINT('Ctrl Pts',(-18.7585661328839,-0.000237160423759823,
4.32234747642613));
#1203=CARTESIAN_POINT('Ctrl Pts',(-18.7575433678945,1.85104183389704,4.2830857614103));
#1204=CARTESIAN_POINT('Ctrl Pts',(-18.4843771920625,3.70261339022071,4.24382404639448));
#1205=CARTESIAN_POINT('Ctrl Pts',(-17.9444809347671,5.47284118355466,4.20456233137865));
#1206=CARTESIAN_POINT('Ctrl Pts',(-17.1065412580782,8.22030254259948,4.14362664541664));
#1207=CARTESIAN_POINT('Ctrl Pts',(-15.6260960458751,10.7718211803971,4.08269095945463));
#1208=CARTESIAN_POINT('Ctrl Pts',(-13.6566835160028,12.862787163374,4.02175527349262));
#1209=CARTESIAN_POINT('Ctrl Pts',(-11.6872709861305,14.9537531463509,3.96081958753061));
#1210=CARTESIAN_POINT('Ctrl Pts',(-9.22889113858891,16.5841664745072,3.8998839015686));
#1211=CARTESIAN_POINT('Ctrl Pts',(-6.53647264066259,17.5849595842967,3.83894821560659));
#1212=CARTESIAN_POINT('Ctrl Pts',(-3.84405414273626,18.5857526940862,3.77801252964458));
#1213=CARTESIAN_POINT('Ctrl Pts',(-0.917596994425247,18.9569255855089,3.71707684368257));
#1214=CARTESIAN_POINT('Ctrl Pts',(1.9394186126625,18.6599832714048,3.65614115772056));
#1215=CARTESIAN_POINT('Ctrl Pts',(4.79643421975025,18.3630409573008,3.59520547175856));
#1216=CARTESIAN_POINT('Ctrl Pts',(7.58400828561477,17.3979834376699,3.53426978579654));
#1217=CARTESIAN_POINT('Ctrl Pts',(10.0130688411779,15.8648901363289,3.47333409983453));
#1218=CARTESIAN_POINT('Ctrl Pts',(12.442129396741,14.3317968349878,3.41239841387252));
#1219=CARTESIAN_POINT('Ctrl Pts',(14.5126764420028,12.2306677519365,3.35146272791052));
#1220=CARTESIAN_POINT('Ctrl Pts',(16.0099913106069,9.77939082023646,3.29052704194851));
#1221=CARTESIAN_POINT('Ctrl Pts',(17.5073061792111,7.32811388853642,3.2295913559865));
#1222=CARTESIAN_POINT('Ctrl Pts',(18.4313888711576,4.52668910818764,3.16865567002449));
#1223=CARTESIAN_POINT('Ctrl Pts',(18.6864117077116,1.66562736431183,3.10771998406248));
#1224=CARTESIAN_POINT('Ctrl Pts',(18.9414345442656,-1.19543437956397,3.04678429810047));
#1225=CARTESIAN_POINT('Ctrl Pts',(18.527397525427,-4.1161330869668,2.98584861213846));
#1226=CARTESIAN_POINT('Ctrl Pts',(17.4872363780406,-6.79358994882495,2.92491292617645));
#1227=CARTESIAN_POINT('Ctrl Pts',(16.4470752306541,-9.4710468106831,2.86397724021444));
#1228=CARTESIAN_POINT('Ctrl Pts',(14.7807899547197,-11.9052618269966,2.80304155425243));
#1229=CARTESIAN_POINT('Ctrl Pts',(12.6611760317098,-13.8438044507956,2.74210586829042));
#1230=CARTESIAN_POINT('Ctrl Pts',(10.5415621086998,-15.7823470745947,2.68117018232841));
#1231=CARTESIAN_POINT('Ctrl Pts',(7.96861953861423,-17.2252173058793,2.62023449636641));
#1232=CARTESIAN_POINT('Ctrl Pts',(5.20916469051308,-18.0227883996512,2.5592988104044));
#1233=CARTESIAN_POINT('Ctrl Pts',(2.44970984241193,-18.8203594934232,2.49836312444239));
#1234=CARTESIAN_POINT('Ctrl Pts',(-0.496257283704801,-18.9726314496824,
2.43742743848037));
#1235=CARTESIAN_POINT('Ctrl Pts',(-3.32323704730253,-18.4638132087204,2.37649175251837));
#1236=CARTESIAN_POINT('Ctrl Pts',(-6.15021681090035,-17.9549949677583,2.31555606655635));
#1237=CARTESIAN_POINT('Ctrl Pts',(-8.85820921197918,-16.7850865295749,2.25462038059434));
#1238=CARTESIAN_POINT('Ctrl Pts',(-11.1663931985981,-15.07540903302,2.19368469463233));
#1239=CARTESIAN_POINT('Ctrl Pts',(-13.4745771852169,-13.3657315364651,2.13274900867032));
#1240=CARTESIAN_POINT('Ctrl Pts',(-15.3829527573759,-11.1162849815388,2.07181332270831));
#1241=CARTESIAN_POINT('Ctrl Pts',(-16.6936191822954,-8.56033797367424,2.0108776367463));
#1242=CARTESIAN_POINT('Ctrl Pts',(-18.0042856072149,-6.0043909658097,1.94994195078429));
#1243=CARTESIAN_POINT('Ctrl Pts',(-18.7172428848949,-3.14194350500693,1.88900626482229));
#1244=CARTESIAN_POINT('Ctrl Pts',(-18.7585575284442,-0.269836060968756,
1.82807057886028));
#1245=CARTESIAN_POINT('Ctrl Pts',(-18.759850957344,-0.17991959425186,1.82616287809161));
#1246=CARTESIAN_POINT('Ctrl Pts',(-18.7604860991254,-0.0899936596391011,
1.82425517732295));
#1247=CARTESIAN_POINT('Ctrl Pts',(-18.7604649594335,-6.74267520072004E-5,
1.82234747655429));
#1248=CARTESIAN_POINT('Ctrl Pts',(-18.7591100755169,-0.000317892849519013,
1.92765252343247));
#1249=CARTESIAN_POINT('Ctrl Pts',(-18.759692668951,-0.76222787300229,1.94381233552369));
#1250=CARTESIAN_POINT('Ctrl Pts',(-18.7139994697122,-1.52406841884943,1.95997214761491));
#1251=CARTESIAN_POINT('Ctrl Pts',(-18.6214161748926,-2.28016732477576,1.97613195970612));
#1252=CARTESIAN_POINT('Ctrl Pts',(-18.2723015597837,-5.13127754980055,2.03706764566813));
#1253=CARTESIAN_POINT('Ctrl Pts',(-17.2564540016535,-7.90074706936819,2.09800333163014));
#1254=CARTESIAN_POINT('Ctrl Pts',(-15.6792179252079,-10.3013797717022,2.15893901759215));
#1255=CARTESIAN_POINT('Ctrl Pts',(-14.1019818487624,-12.7020124740363,2.21987470355416));
#1256=CARTESIAN_POINT('Ctrl Pts',(-11.9633572540016,-14.7338083591368,2.28081038951617));
#1257=CARTESIAN_POINT('Ctrl Pts',(-9.485121264908,-16.186067586641,2.34174607547818));
#1258=CARTESIAN_POINT('Ctrl Pts',(-7.00688527581442,-17.6383268141452,2.40268176144019));
#1259=CARTESIAN_POINT('Ctrl Pts',(-4.18903789238803,-18.5110493840532,2.4636174474022));
#1260=CARTESIAN_POINT('Ctrl Pts',(-1.32379287048014,-18.7137345864256,2.52455313336421));
#1261=CARTESIAN_POINT('Ctrl Pts',(1.54145215142777,-18.916419788798,2.58548881932622));
#1262=CARTESIAN_POINT('Ctrl Pts',(4.45409481181717,-18.4490676236349,2.64642450528823));
#1263=CARTESIAN_POINT('Ctrl Pts',(7.11209218060664,-17.3601401960946,2.70736019125024));
#1264=CARTESIAN_POINT('Ctrl Pts',(9.7700895493961,-16.2712127685542,2.76829587721224));
#1265=CARTESIAN_POINT('Ctrl Pts',(12.1734416265856,-14.5607100786367,2.82923156317426));
#1266=CARTESIAN_POINT('Ctrl Pts',(14.0729170823658,-12.4060181402835,2.89016724913627));
#1267=CARTESIAN_POINT('Ctrl Pts',(15.972392538146,-10.2513262019302,2.95110293509827));
#1268=CARTESIAN_POINT('Ctrl Pts',(17.3679913725169,-7.65244501514124,3.01203862106028));
#1269=CARTESIAN_POINT('Ctrl Pts',(18.1149916574831,-4.87887061369548,3.07297430702229));
#1270=CARTESIAN_POINT('Ctrl Pts',(18.8619919424493,-2.10529621224975,3.1339099929843));
#1271=CARTESIAN_POINT('Ctrl Pts',(18.9603936780109,0.84297140385278,3.19484567894631));
#1272=CARTESIAN_POINT('Ctrl Pts',(18.3999867857528,3.66017413059839,3.25578136490832));
#1273=CARTESIAN_POINT('Ctrl Pts',(17.8395798934946,6.47737685734402,3.31671705087033));
#1274=CARTESIAN_POINT('Ctrl Pts',(16.6203643734168,9.16351469473274,3.37765273683234));
#1275=CARTESIAN_POINT('Ctrl Pts',(14.8687851172259,11.4400716330698,3.43858842279435));
#1276=CARTESIAN_POINT('Ctrl Pts',(13.117205861035,13.7166285714069,3.49952410875636));
#1277=CARTESIAN_POINT('Ctrl Pts',(10.8332628687311,15.5836046106923,3.56045979471837));
#1278=CARTESIAN_POINT('Ctrl Pts',(8.25378151203406,16.8473169889409,3.62139548068038));
#1279=CARTESIAN_POINT('Ctrl Pts',(5.67430015533705,18.1110293671895,3.68233116664239));
#1280=CARTESIAN_POINT('Ctrl Pts',(2.79928043424701,18.7714780844013,3.7432668526044));
#1281=CARTESIAN_POINT('Ctrl Pts',(-0.0730935057040247,18.7603209054596,
3.80420253856641));
#1282=CARTESIAN_POINT('Ctrl Pts',(-2.94546744565505,18.7491637265178,3.86513822452841));
#1283=CARTESIAN_POINT('Ctrl Pts',(-5.81519560446709,18.0664006514225,3.92607391049043));
#1284=CARTESIAN_POINT('Ctrl Pts',(-8.38476604906983,16.7825495249184,3.98700959645244));
#1285=CARTESIAN_POINT('Ctrl Pts',(-10.9543364936726,15.4986983984142,4.04794528241445));
#1286=CARTESIAN_POINT('Ctrl Pts',(-13.223749224066,13.6137592205012,4.10888096837645));
#1287=CARTESIAN_POINT('Ctrl Pts',(-14.9575058022466,11.3237560284553,4.16981665433846));
#1288=CARTESIAN_POINT('Ctrl Pts',(-16.6912623804272,9.03375283640945,4.23075234030047));
#1289=CARTESIAN_POINT('Ctrl Pts',(-17.8893628063948,6.33868563023081,4.29168802626248));
#1290=CARTESIAN_POINT('Ctrl Pts',(-18.4278699336883,3.51695928448264,4.35262371222449));
#1291=CARTESIAN_POINT('Ctrl Pts',(-18.648887382951,2.35884878260424,4.37763331599351));
#1292=CARTESIAN_POINT('Ctrl Pts',(-18.7587965461715,1.17940258805362,4.40264291976253));
#1293=CARTESIAN_POINT('Ctrl Pts',(-18.7584246147836,-9.65088625009126E-5,
4.42765252353155));
#1294=CARTESIAN_POINT('Origin',(0.,0.,0.));
#1295=CARTESIAN_POINT('',(-18.757530873757,0.00125483242516217,6.92765252361237));
#1296=CARTESIAN_POINT('',(-18.7632179260962,-0.000159288102912372,6.8223474762705));
#1297=CARTESIAN_POINT('',(-18.75935,-2.29735779315849E-15,0.));
#1298=CARTESIAN_POINT('Ctrl Pts',(-18.7632179260962,-0.000159288102912372,
6.8223474762705));
#1299=CARTESIAN_POINT('Ctrl Pts',(-18.7623748958394,3.78967185251401,6.74191634547934));
#1300=CARTESIAN_POINT('Ctrl Pts',(-17.576927436545,7.58011797123656,6.66148521468818));
#1301=CARTESIAN_POINT('Ctrl Pts',(-15.4171598981346,10.6940262175831,6.58105408389701));
#1302=CARTESIAN_POINT('Ctrl Pts',(-13.2354687183312,13.8395435174548,6.49980650261433));
#1303=CARTESIAN_POINT('Ctrl Pts',(-10.0595765613081,16.2947182612615,6.41855892133166));
#1304=CARTESIAN_POINT('Ctrl Pts',(-6.46537151285185,17.6139618803522,6.33731134004898));
#1305=CARTESIAN_POINT('Ctrl Pts',(-2.87116646439573,18.9332054994429,6.2560637587663));
#1306=CARTESIAN_POINT('Ctrl Pts',(1.14135147549338,19.1165179938176,6.17481617748361));
#1307=CARTESIAN_POINT('Ctrl Pts',(4.83927255184408,18.1288864967249,6.09356859620094));
#1308=CARTESIAN_POINT('Ctrl Pts',(8.53719362819478,17.1412549996323,6.01232101491826));
#1309=CARTESIAN_POINT('Ctrl Pts',(11.9205178410072,14.9826795110724,5.93107343363558));
#1310=CARTESIAN_POINT('Ctrl Pts',(14.3817161315479,12.0492379942871,5.8498258523529));
#1311=CARTESIAN_POINT('Ctrl Pts',(16.2276148494535,9.8491568566982,5.78889016639089));
#1312=CARTESIAN_POINT('Ctrl Pts',(17.5548177360813,7.21321357823257,5.72795448042888));
#1313=CARTESIAN_POINT('Ctrl Pts',(18.2312219066807,4.42105625263434,5.66701879446687));
#1314=CARTESIAN_POINT('Ctrl Pts',(18.9076260772801,1.6288989270361,5.60608310850486));
#1315=CARTESIAN_POINT('Ctrl Pts',(18.9332315318511,-1.31947244569465,5.54514742254286));
#1316=CARTESIAN_POINT('Ctrl Pts',(18.3024897009661,-4.12134946597299,5.48421173658085));
#1317=CARTESIAN_POINT('Ctrl Pts',(17.6717478700811,-6.92322648625132,5.42327605061884));
#1318=CARTESIAN_POINT('Ctrl Pts',(16.38465875374,-9.57860915407721,5.36234036465682));
#1319=CARTESIAN_POINT('Ctrl Pts',(14.5762087304957,-11.8105680603622,5.30140467869481));
#1320=CARTESIAN_POINT('Ctrl Pts',(12.7677587072514,-14.0425269666472,5.2404689927328));
#1321=CARTESIAN_POINT('Ctrl Pts',(10.4379477771039,-15.8510621113913,5.1795333067708));
#1322=CARTESIAN_POINT('Ctrl Pts',(7.82759673473496,-17.0494325015649,5.11859762080879));
#1323=CARTESIAN_POINT('Ctrl Pts',(5.21724569236605,-18.2478028917385,5.05766193484678));
#1324=CARTESIAN_POINT('Ctrl Pts',(2.32635453777577,-18.8360085273416,4.99672624888477));
#1325=CARTESIAN_POINT('Ctrl Pts',(-0.544884968401107,-18.7526366373074,
4.93579056292276));
#1326=CARTESIAN_POINT('Ctrl Pts',(-3.41612447457798,-18.6692647472733,4.87485487696075));
#1327=CARTESIAN_POINT('Ctrl Pts',(-6.26771233234144,-17.9143153316019,4.81391919099874));
#1328=CARTESIAN_POINT('Ctrl Pts',(-8.80414438566831,-16.566291409817,4.75298350503674));
#1329=CARTESIAN_POINT('Ctrl Pts',(-11.3405764389952,-15.2182674880321,4.69204781907473));
#1330=CARTESIAN_POINT('Ctrl Pts',(-13.5618526878854,-13.2771690601337,4.63111213311272));
#1331=CARTESIAN_POINT('Ctrl Pts',(-15.2375174718356,-10.944179463491,4.57017644715071));
#1332=CARTESIAN_POINT('Ctrl Pts',(-16.9131822557858,-8.61118986684838,4.5092407611887));
#1333=CARTESIAN_POINT('Ctrl Pts',(-18.0432355747959,-5.88630910146137,4.44830507522669));
#1334=CARTESIAN_POINT('Ctrl Pts',(-18.5105451637135,-3.05216667862184,4.38736938926468));
#1335=CARTESIAN_POINT('Ctrl Pts',(-18.6767606463682,-2.04410187127296,4.3656954183185));
#1336=CARTESIAN_POINT('Ctrl Pts',(-18.7591307383439,-1.02221409444228,4.34402144737231));
#1337=CARTESIAN_POINT('Ctrl Pts',(-18.7585661328839,-0.000237160423759821,
4.32234747642613));
#1338=CARTESIAN_POINT('Ctrl Pts',(-18.7584246147836,-9.65088625009117E-5,
4.42765252353155));
#1339=CARTESIAN_POINT('Ctrl Pts',(-18.7578903385219,-1.69443688681184,4.46357860572454));
#1340=CARTESIAN_POINT('Ctrl Pts',(-18.529790173252,-3.38888642920028,4.49950468791753));
#1341=CARTESIAN_POINT('Ctrl Pts',(-18.0765760890875,-5.02035845063255,4.53543077011052));
#1342=CARTESIAN_POINT('Ctrl Pts',(-17.3078612885741,-7.78756435468188,4.59636645607253));
#1343=CARTESIAN_POINT('Ctrl Pts',(-15.8915178589282,-10.3735906774629,4.65730214203454));
#1344=CARTESIAN_POINT('Ctrl Pts',(-13.9755304118559,-12.5143055485651,4.71823782799654));
#1345=CARTESIAN_POINT('Ctrl Pts',(-12.0595429647835,-14.6550204196674,4.77917351395856));
#1346=CARTESIAN_POINT('Ctrl Pts',(-9.64391150028474,-16.3504238390909,4.84010919992057));
#1347=CARTESIAN_POINT('Ctrl Pts',(-6.97724813094838,-17.4165401746077,4.90104488588258));
#1348=CARTESIAN_POINT('Ctrl Pts',(-3.42169697183325,-18.8380286219634,4.98229246716526));
#1349=CARTESIAN_POINT('Ctrl Pts',(0.580133129215276,-19.1407844757073,5.06354004844793));
#1350=CARTESIAN_POINT('Ctrl Pts',(4.30565252949276,-18.2629785652553,5.14478762973061));
#1351=CARTESIAN_POINT('Ctrl Pts',(8.03117192977024,-17.3851726548034,5.22603521101329));
#1352=CARTESIAN_POINT('Ctrl Pts',(11.4803806292767,-15.3268049801557,5.30728279229597));
#1353=CARTESIAN_POINT('Ctrl Pts',(14.0239746165283,-12.4651891528526,5.38853037357865));
#1354=CARTESIAN_POINT('Ctrl Pts',(16.5675686037799,-9.60357332554952,5.46977795486133));
#1355=CARTESIAN_POINT('Ctrl Pts',(18.2055478787767,-5.93870934559099,5.55102553614402));
#1356=CARTESIAN_POINT('Ctrl Pts',(18.6410960276924,-2.1355090380354,5.63227311742669));
#1357=CARTESIAN_POINT('Ctrl Pts',(19.0766441766081,1.6676912695202,5.71352069870937));
#1358=CARTESIAN_POINT('Ctrl Pts',(18.3097611994427,5.60922790467287,5.79476827999205));
#1359=CARTESIAN_POINT('Ctrl Pts',(16.4793659051637,8.97159715067548,5.87601586127473));
#1360=CARTESIAN_POINT('Ctrl Pts',(14.6489706108847,12.3339663966781,5.9572634425574));
#1361=CARTESIAN_POINT('Ctrl Pts',(11.755062999492,15.1171682535307,6.03851102384009));
#1362=CARTESIAN_POINT('Ctrl Pts',(8.32414543981382,16.815505742248,6.11975860512277));
#1363=CARTESIAN_POINT('Ctrl Pts',(4.89322788013572,18.5138432309652,6.20100618640545));
#1364=CARTESIAN_POINT('Ctrl Pts',(0.925300372172185,19.1273163515472,6.28225376768812));
#1365=CARTESIAN_POINT('Ctrl Pts',(-2.85825105610487,18.5441691450876,6.3635013489708));
#1366=CARTESIAN_POINT('Ctrl Pts',(-6.64180248438197,17.9610219386281,6.44474893025348));
#1367=CARTESIAN_POINT('Ctrl Pts',(-10.2409778329726,16.1812544051272,6.52599651153616));
#1368=CARTESIAN_POINT('Ctrl Pts',(-13.0012339751833,13.5285928436853,6.60724409281884));
#1369=CARTESIAN_POINT('Ctrl Pts',(-15.7614901173939,10.8759312822435,6.68849167410152));
#1370=CARTESIAN_POINT('Ctrl Pts',(-17.6828270532245,7.3503756928609,6.7697392553842));
#1371=CARTESIAN_POINT('Ctrl Pts',(-18.4158986190229,3.59298567374419,6.85098683666688));
#1372=CARTESIAN_POINT('Ctrl Pts',(-18.6464754734755,2.41115403276899,6.87654206564871));
#1373=CARTESIAN_POINT('Ctrl Pts',(-18.7594943487595,1.20638644857051,6.90209729463054));
#1374=CARTESIAN_POINT('Ctrl Pts',(-18.757530873757,0.00125483242516217,
6.92765252361237));
#1375=CARTESIAN_POINT('Origin',(0.,0.,0.));
#1376=CARTESIAN_POINT('',(-18.7560789095005,-0.000212225938415353,9.42765252372439));
#1377=CARTESIAN_POINT('',(-18.758738894793,-0.000180622738170319,9.32234747621006));
#1378=CARTESIAN_POINT('',(-18.75935,-2.29735779315849E-15,0.));
#1379=CARTESIAN_POINT('Ctrl Pts',(-18.758738894793,-0.000180622738170319,
9.32234747621006));
#1380=CARTESIAN_POINT('Ctrl Pts',(-18.7590500278834,0.944704708013,9.30230640621518));
#1381=CARTESIAN_POINT('Ctrl Pts',(-18.6883860840345,1.88959420527635,9.2822653362203));
#1382=CARTESIAN_POINT('Ctrl Pts',(-18.5461910855742,2.82370906341166,9.26222426622542));
#1383=CARTESIAN_POINT('Ctrl Pts',(-18.161880277873,5.34834382203807,9.20805921203696));
#1384=CARTESIAN_POINT('Ctrl Pts',(-17.2550635899466,7.79427413079579,9.15389415784851));
#1385=CARTESIAN_POINT('Ctrl Pts',(-15.8997713298383,9.95791561238434,9.09972910366006));
#1386=CARTESIAN_POINT('Ctrl Pts',(-14.5444790697301,12.1215570939729,9.04556404947161));
#1387=CARTESIAN_POINT('Ctrl Pts',(-12.7407112374401,14.0029097483923,8.99139899528316));
#1388=CARTESIAN_POINT('Ctrl Pts',(-10.6374790444287,15.4517418963202,8.9372339410947));
#1389=CARTESIAN_POINT('Ctrl Pts',(-8.53424685141734,16.900574044248,8.88306888690625));
#1390=CARTESIAN_POINT('Ctrl Pts',(-6.13155029768455,17.9168856856843,8.8289038327178));
#1391=CARTESIAN_POINT('Ctrl Pts',(-3.62638187363231,18.4082382382388,8.77473877852935));
#1392=CARTESIAN_POINT('Ctrl Pts',(0.131370762446055,19.1452670670706,8.69349119724667));
#1393=CARTESIAN_POINT('Ctrl Pts',(4.11968510674321,18.7011379459185,8.61224361596399));
#1394=CARTESIAN_POINT('Ctrl Pts',(7.61772764753914,17.1478104868579,8.53099603468131));
#1395=CARTESIAN_POINT('Ctrl Pts',(11.1157701883351,15.5944830277974,8.44974845339863));
#1396=CARTESIAN_POINT('Ctrl Pts',(14.1235409256297,12.9319572308282,8.36850087211596));
#1397=CARTESIAN_POINT('Ctrl Pts',(16.0923682962515,9.64822523931366,8.28725329083328));
#1398=CARTESIAN_POINT('Ctrl Pts',(18.0611956668732,6.36449324779909,8.2060057095506));
#1399=CARTESIAN_POINT('Ctrl Pts',(18.9910796708222,2.45955506173908,8.12475812826792));
#1400=CARTESIAN_POINT('Ctrl Pts',(18.7137663910575,-1.35842328439442,8.04351054698524));
#1401=CARTESIAN_POINT('Ctrl Pts',(18.4364531112928,-5.17640163052801,7.96226296570256));
#1402=CARTESIAN_POINT('Ctrl Pts',(16.9519425478143,-8.90742013673512,7.88101538441987));
#1403=CARTESIAN_POINT('Ctrl Pts',(14.5297718698824,-11.872036255713,7.79976780313719));
#1404=CARTESIAN_POINT('Ctrl Pts',(12.1076011919507,-14.8366523746908,7.71852022185452));
#1405=CARTESIAN_POINT('Ctrl Pts',(8.74777039956565,-17.0348661064394,7.63727264057184));
#1406=CARTESIAN_POINT('Ctrl Pts',(5.06139644209587,-18.0674952035054,7.55602505928916));
#1407=CARTESIAN_POINT('Ctrl Pts',(1.37502248462609,-19.1001243005713,7.47477747800648));
#1408=CARTESIAN_POINT('Ctrl Pts',(-2.63789463792844,-18.9671687629545,7.3935298967238));
#1409=CARTESIAN_POINT('Ctrl Pts',(-6.24764729368914,-17.6924790037731,7.31228231544112));
#1410=CARTESIAN_POINT('Ctrl Pts',(-9.85739994944984,-16.4177892445917,7.23103473415844));
#1411=CARTESIAN_POINT('Ctrl Pts',(-13.0639881384167,-14.0013652638456,7.14978715287577));
#1412=CARTESIAN_POINT('Ctrl Pts',(-15.2844914255204,-10.8828648586497,7.06853957159309));
#1413=CARTESIAN_POINT('Ctrl Pts',(-17.5049947126241,-7.76436445345372,6.98729199031041));
#1414=CARTESIAN_POINT('Ctrl Pts',(-18.7394130978646,-3.9437876238079,6.90604440902773));
#1415=CARTESIAN_POINT('Ctrl Pts',(-18.7628771891931,-0.115569281016634,
6.82479682774505));
#1416=CARTESIAN_POINT('Ctrl Pts',(-18.7631129779833,-0.0770998189322238,
6.82398037725353));
#1417=CARTESIAN_POINT('Ctrl Pts',(-18.7632264836343,-0.0386295852016159,
6.82316392676202));
#1418=CARTESIAN_POINT('Ctrl Pts',(-18.7632179260962,-0.000159288102912374,
6.8223474762705));
#1419=CARTESIAN_POINT('Ctrl Pts',(-18.757530873757,0.00125483242516217,
6.92765252361237));
#1420=CARTESIAN_POINT('Ctrl Pts',(-18.7532518848407,-2.62508103734828,6.98334487591322));
#1421=CARTESIAN_POINT('Ctrl Pts',(-18.2028847470392,-5.25314581187531,7.03903722821407));
#1422=CARTESIAN_POINT('Ctrl Pts',(-17.1330876492893,-7.6493164410404,7.09472958051491));
#1423=CARTESIAN_POINT('Ctrl Pts',(-15.5723989179914,-11.1450040878575,7.17597716179759));
#1424=CARTESIAN_POINT('Ctrl Pts',(-12.9062152596295,-14.1471549326409,7.25722474308028));
#1425=CARTESIAN_POINT('Ctrl Pts',(-9.61933079088396,-16.109761997259,7.33847232436295));
#1426=CARTESIAN_POINT('Ctrl Pts',(-6.33244632213843,-18.0723690618771,7.41971990564563));
#1427=CARTESIAN_POINT('Ctrl Pts',(-2.42486104300931,-18.9954323463299,7.5009674869283));
#1428=CARTESIAN_POINT('Ctrl Pts',(1.39281443162555,-18.7113102793828,7.58221506821099));
#1429=CARTESIAN_POINT('Ctrl Pts',(5.21048990626038,-18.4271882124357,7.66346264949367));
#1430=CARTESIAN_POINT('Ctrl Pts',(8.93825557640094,-16.9358807940887,7.74471023077635));
#1431=CARTESIAN_POINT('Ctrl Pts',(11.8983248183711,-14.5081473100872,7.82595781205903));
#1432=CARTESIAN_POINT('Ctrl Pts',(14.8583940603412,-12.0804138260856,7.90720539334171));
#1433=CARTESIAN_POINT('Ctrl Pts',(17.050766874141,-8.71625427642942,7.98845297462438));
#1434=CARTESIAN_POINT('Ctrl Pts',(18.0768210162289,-5.02799801362157,8.06970055590706));
#1435=CARTESIAN_POINT('Ctrl Pts',(19.1028751583169,-1.3397417508137,8.15094813718974));
#1436=CARTESIAN_POINT('Ctrl Pts',(18.962610628693,2.67261122514587,8.23219571847243));
#1437=CARTESIAN_POINT('Ctrl Pts',(17.6812879596482,6.27994437307451,8.31344329975511));
#1438=CARTESIAN_POINT('Ctrl Pts',(16.3999652906034,9.88727752100313,8.39469088103779));
#1439=CARTESIAN_POINT('Ctrl Pts',(13.9775844821377,13.0895908409008,8.47593846232046));
#1440=CARTESIAN_POINT('Ctrl Pts',(10.8549485748497,15.304362153727,8.55718604360314));
#1441=CARTESIAN_POINT('Ctrl Pts',(7.7323126675617,17.5191334665532,8.63843362488582));
#1442=CARTESIAN_POINT('Ctrl Pts',(3.90942166145144,18.7463627723078,8.71968120616851));
#1443=CARTESIAN_POINT('Ctrl Pts',(0.0812857748303489,18.7629472066863,8.80092878745119));
#1444=CARTESIAN_POINT('Ctrl Pts',(-3.74685011179077,18.7795316410648,8.88217636873387));
#1445=CARTESIAN_POINT('Ctrl Pts',(-7.58023087892271,17.5854712040672,8.96342395001653));
#1446=CARTESIAN_POINT('Ctrl Pts',(-10.7219390671895,15.3978385915429,9.04467153129921));
#1447=CARTESIAN_POINT('Ctrl Pts',(-13.8636472554563,13.2102059790186,9.12591911258189));
#1448=CARTESIAN_POINT('Ctrl Pts',(-16.3136828648579,10.0290011909676,9.20716669386458));
#1449=CARTESIAN_POINT('Ctrl Pts',(-17.6262126311864,6.43290525081619,9.28841427514726));
#1450=CARTESIAN_POINT('Ctrl Pts',(-18.3759963703194,4.37863240348094,9.33482702467297));
#1451=CARTESIAN_POINT('Ctrl Pts',(-18.7545806386754,2.1889691517556,9.38123977419868));
#1452=CARTESIAN_POINT('Ctrl Pts',(-18.7560789095005,-0.000212225938415353,
9.42765252372439));
#1453=CARTESIAN_POINT('Origin',(0.,0.,0.));
#1454=CARTESIAN_POINT('',(-18.7605618577014,-0.00163060768475022,11.9276525237904));
#1455=CARTESIAN_POINT('',(-18.7554336179705,-0.000197300270915733,11.8223474762913));
#1456=CARTESIAN_POINT('',(-18.75935,-2.29735779315849E-15,0.));
#1457=CARTESIAN_POINT('Ctrl Pts',(-18.7554336179705,-0.000197300270915733,
11.8223474762913));
#1458=CARTESIAN_POINT('Ctrl Pts',(-18.7554522583521,1.9291288562904,11.7814488857628));
#1459=CARTESIAN_POINT('Ctrl Pts',(-18.4630050839385,3.85851408937203,11.7405502952343));
#1460=CARTESIAN_POINT('Ctrl Pts',(-17.8781761192456,5.69474715723124,11.6996517047058));
#1461=CARTESIAN_POINT('Ctrl Pts',(-16.7163771860466,9.34253779028224,11.6184041234231));
#1462=CARTESIAN_POINT('Ctrl Pts',(-14.4007145276999,12.622710097081,11.5371565421404));
#1463=CARTESIAN_POINT('Ctrl Pts',(-11.3526831221765,14.9389048857403,11.4559089608578));
#1464=CARTESIAN_POINT('Ctrl Pts',(-8.3046517166529,17.2550996743997,11.3746613795751));
#1465=CARTESIAN_POINT('Ctrl Pts',(-4.52425156395241,18.6073169449193,11.2934137982924));
#1466=CARTESIAN_POINT('Ctrl Pts',(-0.698673525692576,18.750008484858,11.2121662170097));
#1467=CARTESIAN_POINT('Ctrl Pts',(3.12690451256726,18.8927000247967,11.130918635727));
#1468=CARTESIAN_POINT('Ctrl Pts',(6.99766043638655,17.8258658341545,11.0496710544444));
#1469=CARTESIAN_POINT('Ctrl Pts',(10.2095287097762,15.7425478851652,10.9684234731617));
#1470=CARTESIAN_POINT('Ctrl Pts',(13.4213969831658,13.6592299361759,10.887175891879));
#1471=CARTESIAN_POINT('Ctrl Pts',(15.9743776061258,10.5594282288396,10.8059283105963));
#1472=CARTESIAN_POINT('Ctrl Pts',(17.4050711358465,7.00888622398446,10.7246807293136));
#1473=CARTESIAN_POINT('Ctrl Pts',(18.6767987178205,3.8528488863354,10.6524606570624));
#1474=CARTESIAN_POINT('Ctrl Pts',(19.0617809421733,0.34067106669612,10.5802405848111));
#1475=CARTESIAN_POINT('Ctrl Pts',(18.5158840437368,-3.02005690878,10.5080205125598));
#1476=CARTESIAN_POINT('Ctrl Pts',(18.2429355945185,-4.70042089651811,10.4719104764342));
#1477=CARTESIAN_POINT('Ctrl Pts',(17.7372673646029,-6.34292242321531,10.4358004403086));
#1478=CARTESIAN_POINT('Ctrl Pts',(17.0203035892208,-7.88714478971962,10.3996904041829));
#1479=CARTESIAN_POINT('Ctrl Pts',(15.9448579261476,-10.203478339476,10.3455253499945));
#1480=CARTESIAN_POINT('Ctrl Pts',(14.3939972857747,-12.2986837787981,10.291360295806));
#1481=CARTESIAN_POINT('Ctrl Pts',(12.4893383283522,-13.9987963603189,10.2371952416176));
#1482=CARTESIAN_POINT('Ctrl Pts',(10.5846793709295,-15.6989089418398,10.1830301874291));
#1483=CARTESIAN_POINT('Ctrl Pts',(8.32622209645716,-17.0039286655595,10.1288651332407));
#1484=CARTESIAN_POINT('Ctrl Pts',(5.90223170116102,-17.8072531174586,10.0747000790522));
#1485=CARTESIAN_POINT('Ctrl Pts',(3.47824130586487,-18.6105775693577,10.0205350248638));
#1486=CARTESIAN_POINT('Ctrl Pts',(0.888717789745083,-18.9122067494362,9.96636997067531));
#1487=CARTESIAN_POINT('Ctrl Pts',(-1.65462515390861,-18.6869805109462,9.91220491648686));
#1488=CARTESIAN_POINT('Ctrl Pts',(-4.19796809756222,-18.4617542724561,9.85803986229841));
#1489=CARTESIAN_POINT('Ctrl Pts',(-6.69513046874965,-17.7096726153973,9.80387480810995));
#1490=CARTESIAN_POINT('Ctrl Pts',(-8.94005426020575,-16.4928777140235,9.7497097539215));
#1491=CARTESIAN_POINT('Ctrl Pts',(-11.1849780516619,-15.2760828126497,9.69554469973305));
#1492=CARTESIAN_POINT('Ctrl Pts',(-13.1776632633869,-13.5945746669607,9.64137964554459));
#1493=CARTESIAN_POINT('Ctrl Pts',(-14.7546330814353,-11.5862435259385,9.58721459135614));
#1494=CARTESIAN_POINT('Ctrl Pts',(-16.3316028994837,-9.57791238491623,9.53304953716768));
#1495=CARTESIAN_POINT('Ctrl Pts',(-17.4928573238554,-7.24275824856071,9.47888448297924));
#1496=CARTESIAN_POINT('Ctrl Pts',(-18.1425820723034,-4.77351157613532,9.42471942879079));
#1497=CARTESIAN_POINT('Ctrl Pts',(-18.5519086644835,-3.21788617000694,9.39059544459721));
#1498=CARTESIAN_POINT('Ctrl Pts',(-18.7582091276368,-1.60903943614139,9.35647146040364));
#1499=CARTESIAN_POINT('Ctrl Pts',(-18.758738894793,-0.000180622738170318,
9.32234747621006));
#1500=CARTESIAN_POINT('Ctrl Pts',(-18.7560789095005,-0.000212225938415354,
9.42765252372439));
#1501=CARTESIAN_POINT('Ctrl Pts',(-18.757203428359,-1.64329016802877,9.46248735548135));
#1502=CARTESIAN_POINT('Ctrl Pts',(-18.5459090027893,-3.28609666229624,9.49732218723832));
#1503=CARTESIAN_POINT('Ctrl Pts',(-18.1197068420475,-4.87118566576314,9.53215701899529));
#1504=CARTESIAN_POINT('Ctrl Pts',(-17.1256473633248,-8.56819354993916,9.61340460027797));
#1505=CARTESIAN_POINT('Ctrl Pts',(-14.9625044826241,-11.9512222260393,9.69465218156066));
#1506=CARTESIAN_POINT('Ctrl Pts',(-12.0235813416674,-14.4045116387543,9.77589976284333));
#1507=CARTESIAN_POINT('Ctrl Pts',(-9.0846582007106,-16.8578010514694,9.85714734412601));
#1508=CARTESIAN_POINT('Ctrl Pts',(-5.36995479949783,-18.3813512007994,9.93839492540868));
#1509=CARTESIAN_POINT('Ctrl Pts',(-1.55488380263686,-18.698540172406,10.0196425066914));
#1510=CARTESIAN_POINT('Ctrl Pts',(2.26018719422407,-19.0157291440126,10.100890087974));
#1511=CARTESIAN_POINT('Ctrl Pts',(6.17562578673317,-18.1265569378959,10.1821376692567));
#1512=CARTESIAN_POINT('Ctrl Pts',(9.47939051326122,-16.1925022997158,10.2633852505394));
#1513=CARTESIAN_POINT('Ctrl Pts',(12.7831552397893,-14.2584476615357,10.3446328318221));
#1514=CARTESIAN_POINT('Ctrl Pts',(15.4752461003363,-11.2795105912923,10.4258804131048));
#1515=CARTESIAN_POINT('Ctrl Pts',(17.0661660677812,-7.79747631341338,10.5071279943874));
#1516=CARTESIAN_POINT('Ctrl Pts',(18.6570860352262,-4.31544203553444,10.5883755756701));
#1517=CARTESIAN_POINT('Ctrl Pts',(19.146835109569,-0.330310550020064,10.6696231569528));
#1518=CARTESIAN_POINT('Ctrl Pts',(18.4463424895434,3.43328967440553,10.7508707382355));
#1519=CARTESIAN_POINT('Ctrl Pts',(17.7458498695178,7.19688989883105,10.8321183195182));
#1520=CARTESIAN_POINT('Ctrl Pts',(15.8551155551238,10.7389588621678,10.9133659008008));
#1521=CARTESIAN_POINT('Ctrl Pts',(13.1179539265286,13.4154372705414,10.9946134820835));
#1522=CARTESIAN_POINT('Ctrl Pts',(10.3807922979334,16.091915678915,11.0758610633662));
#1523=CARTESIAN_POINT('Ctrl Pts',(6.79720335513716,17.9028035323253,11.1571086446489));
#1524=CARTESIAN_POINT('Ctrl Pts',(3.01883281833713,18.5187096545264,11.2383562259316));
#1525=CARTESIAN_POINT('Ctrl Pts',(-0.759537718462938,19.1346157767275,11.3196038072142));
#1526=CARTESIAN_POINT('Ctrl Pts',(-4.73268984926673,18.5555401677193,11.4008513884969));
#1527=CARTESIAN_POINT('Ctrl Pts',(-8.17817111709316,16.8869946193024,11.4820989697796));
#1528=CARTESIAN_POINT('Ctrl Pts',(-11.6236523849195,15.2184490708856,11.5633465510623));
#1529=CARTESIAN_POINT('Ctrl Pts',(-14.5414627897686,12.46043358306,11.644594132345));
#1530=CARTESIAN_POINT('Ctrl Pts',(-16.4009313531211,9.1140535118633,11.7258417136276));
#1531=CARTESIAN_POINT('Ctrl Pts',(-17.9405089065618,6.34336314127351,11.7931119836819));
#1532=CARTESIAN_POINT('Ctrl Pts',(-18.7545630559671,3.16933213101141,11.8603822537362));
#1533=CARTESIAN_POINT('Ctrl Pts',(-18.7605618577014,-0.00163060768475022,
11.9276525237904));
#1534=CARTESIAN_POINT('Origin',(0.,0.,0.));
#1535=CARTESIAN_POINT('',(-18.762362482036,0.000655814779862778,14.4276525237132));
#1536=CARTESIAN_POINT('',(-18.7612087033124,-0.000615717358808281,14.322347476391));
#1537=CARTESIAN_POINT('',(-18.75935,-2.29735779315849E-15,0.));
#1538=CARTESIAN_POINT('Ctrl Pts',(-18.7612087033124,-0.000615717358808281,
14.322347476391));
#1539=CARTESIAN_POINT('Ctrl Pts',(-18.7617915587827,0.357072422751392,14.3147564195112));
#1540=CARTESIAN_POINT('Ctrl Pts',(-18.752027299662,0.714781595656265,14.3071653626314));
#1541=CARTESIAN_POINT('Ctrl Pts',(-18.7317835005643,1.07194841477653,14.2995743057515));
#1542=CARTESIAN_POINT('Ctrl Pts',(-18.5873363580298,3.62046839272555,14.2454092515631));
#1543=CARTESIAN_POINT('Ctrl Pts',(-17.9093380272424,6.14137518279951,14.1912441973746));
#1544=CARTESIAN_POINT('Ctrl Pts',(-16.7619543852555,8.42343278799169,14.1370791431862));
#1545=CARTESIAN_POINT('Ctrl Pts',(-15.6145707432687,10.7054903931838,14.0829140889977));
#1546=CARTESIAN_POINT('Ctrl Pts',(-13.9978017900823,12.7486988134941,14.0287490348093));
#1547=CARTESIAN_POINT('Ctrl Pts',(-12.0399772263838,14.3871407420073,13.9745839806208));
#1548=CARTESIAN_POINT('Ctrl Pts',(-10.0821526626853,16.0255826705205,13.9204189264324));
#1549=CARTESIAN_POINT('Ctrl Pts',(-7.78327248847446,17.2592581072366,13.8662538722439));
#1550=CARTESIAN_POINT('Ctrl Pts',(-5.33494817806175,17.9855528568344,13.8120888180555));
#1551=CARTESIAN_POINT('Ctrl Pts',(-2.88662386764913,18.7118476064322,13.757923763867));
#1552=CARTESIAN_POINT('Ctrl Pts',(-0.288855421034553,18.9307616689116,13.7037587096786));
#1553=CARTESIAN_POINT('Ctrl Pts',(2.24601018364172,18.6250039842824,13.6495936554901));
#1554=CARTESIAN_POINT('Ctrl Pts',(4.78087578831809,18.3192462996532,13.5954286013016));
#1555=CARTESIAN_POINT('Ctrl Pts',(7.25283855105621,17.4888168679152,13.5412635471132));
#1556=CARTESIAN_POINT('Ctrl Pts',(9.4581557826902,16.2014403349294,13.4870984929247));
#1557=CARTESIAN_POINT('Ctrl Pts',(11.6634730143241,14.9140638019436,13.4329334387363));
#1558=CARTESIAN_POINT('Ctrl Pts',(13.6021447148539,13.16974016771,13.3787683845478));
#1559=CARTESIAN_POINT('Ctrl Pts',(15.1145953508229,11.112613909748,13.3246033303594));
#1560=CARTESIAN_POINT('Ctrl Pts',(16.6270459867919,9.05548765178592,13.2704382761709));
#1561=CARTESIAN_POINT('Ctrl Pts',(17.7132755582001,6.68555877009547,13.2162732219825));
#1562=CARTESIAN_POINT('Ctrl Pts',(18.2845761757704,4.19656933532529,13.162108167794));
#1563=CARTESIAN_POINT('Ctrl Pts',(18.8558767933407,1.7075799005552,13.1079431136056));
#1564=CARTESIAN_POINT('Ctrl Pts',(18.9122484570731,-0.900470087294634,13.0537780594171));
#1565=CARTESIAN_POINT('Ctrl Pts',(18.4478792603908,-3.41095644857966,12.9996130052287));
#1566=CARTESIAN_POINT('Ctrl Pts',(17.9835100637086,-5.92144280986478,12.9454479510402));
#1567=CARTESIAN_POINT('Ctrl Pts',(16.9984000066117,-8.33436554458512,12.8912828968518));
#1568=CARTESIAN_POINT('Ctrl Pts',(15.575627935306,-10.4552834242646,12.8371178426633));
#1569=CARTESIAN_POINT('Ctrl Pts',(14.1528558640005,-12.5762013039439,12.7829527884749));
#1570=CARTESIAN_POINT('Ctrl Pts',(12.2924217784862,-14.4051143285824,12.7287877342864));
#1571=CARTESIAN_POINT('Ctrl Pts',(10.1436292299359,-15.7835550961033,12.674622680098));
#1572=CARTESIAN_POINT('Ctrl Pts',(6.92044040711025,-17.8512162473847,12.5933750988153));
#1573=CARTESIAN_POINT('Ctrl Pts',(3.04844504245345,-18.9053148201515,12.5121275175326));
#1574=CARTESIAN_POINT('Ctrl Pts',(-0.775713639081798,-18.7476685396621,
12.4308799362499));
#1575=CARTESIAN_POINT('Ctrl Pts',(-4.59987232061695,-18.5900222591727,12.3496323549672));
#1576=CARTESIAN_POINT('Ctrl Pts',(-8.3761943190305,-17.2206311254272,12.2683847736846));
#1577=CARTESIAN_POINT('Ctrl Pts',(-11.4149101767544,-14.891372459012,12.1871371924019));
#1578=CARTESIAN_POINT('Ctrl Pts',(-14.4536260344785,-12.5621137925967,12.1058896111192));
#1579=CARTESIAN_POINT('Ctrl Pts',(-16.7547357515129,-9.27298759351152,12.0246420298365));
#1580=CARTESIAN_POINT('Ctrl Pts',(-17.9013230060045,-5.62072001431736,11.9433944485538));
#1581=CARTESIAN_POINT('Ctrl Pts',(-18.470738584905,-3.80693911821908,11.9030454577997));
#1582=CARTESIAN_POINT('Ctrl Pts',(-18.7554152280803,-1.90359695896242,11.8626964670455));
#1583=CARTESIAN_POINT('Ctrl Pts',(-18.7554336179705,-0.000197300270915731,
11.8223474762913));
#1584=CARTESIAN_POINT('Ctrl Pts',(-18.7605618577014,-0.00163060768475022,
11.9276525237904));
#1585=CARTESIAN_POINT('Ctrl Pts',(-18.7618082793193,-0.660488273287803,
11.9416298350188));
#1586=CARTESIAN_POINT('Ctrl Pts',(-18.7281694350348,-1.31921347584887,11.9556071462472));
#1587=CARTESIAN_POINT('Ctrl Pts',(-18.6589049980565,-1.97416065230467,11.9695844574757));
#1588=CARTESIAN_POINT('Ctrl Pts',(-18.2562833577832,-5.78125009070823,12.0508320387583));
#1589=CARTESIAN_POINT('Ctrl Pts',(-16.6499133553804,-9.4606843129475,12.132079620041));
#1590=CARTESIAN_POINT('Ctrl Pts',(-14.1314549048709,-12.3437423660297,12.2133272013237));
#1591=CARTESIAN_POINT('Ctrl Pts',(-11.6129964543616,-15.2268004191118,12.2945747826064));
#1592=CARTESIAN_POINT('Ctrl Pts',(-8.18244955574563,-17.3134823030369,12.3758223638891));
#1593=CARTESIAN_POINT('Ctrl Pts',(-4.4640652258256,-18.2242986818217,12.4570699451717));
#1594=CARTESIAN_POINT('Ctrl Pts',(-0.745680895905483,-19.1351150606064,
12.5383175264544));
#1595=CARTESIAN_POINT('Ctrl Pts',(3.26054086531871,-18.8700659342507,12.6195651077371));
#1596=CARTESIAN_POINT('Ctrl Pts',(6.82639062339466,-17.47727947874,12.7008126890198));
#1597=CARTESIAN_POINT('Ctrl Pts',(10.3922403814706,-16.0844930232293,12.7820602703025));
#1598=CARTESIAN_POINT('Ctrl Pts',(13.5177181363983,-13.5639692385636,12.8633078515852));
#1599=CARTESIAN_POINT('Ctrl Pts',(15.634377692573,-10.3740726767236,12.9445554328678));
#1600=CARTESIAN_POINT('Ctrl Pts',(17.7510372487477,-7.1841761148836,13.0258030141505));
#1601=CARTESIAN_POINT('Ctrl Pts',(18.8588786061696,-3.32490677586934,13.1070505954332));
#1602=CARTESIAN_POINT('Ctrl Pts',(18.7564290098612,0.501960281748148,13.1882981767158));
#1603=CARTESIAN_POINT('Ctrl Pts',(18.6539794135528,4.32882733936568,13.2695457579985));
#1604=CARTESIAN_POINT('Ctrl Pts',(17.3412388635139,8.12329211558643,13.3507933392812));
#1605=CARTESIAN_POINT('Ctrl Pts',(15.057081653643,11.1954249211092,13.4320409205639));
#1606=CARTESIAN_POINT('Ctrl Pts',(12.7729244437721,14.2675577266319,13.5132885018466));
#1607=CARTESIAN_POINT('Ctrl Pts',(9.51735057406924,16.6173585614567,13.5945360831293));
#1608=CARTESIAN_POINT('Ctrl Pts',(5.88198723553622,17.8173709992317,13.6757836644119));
#1609=CARTESIAN_POINT('Ctrl Pts',(2.24662389700315,19.0173834370066,13.7570312456946));
#1610=CARTESIAN_POINT('Ctrl Pts',(-1.76852891036005,19.0676074777317,13.8382788269773));
#1611=CARTESIAN_POINT('Ctrl Pts',(-5.4329015856797,17.9592757268959,13.91952640826));
#1612=CARTESIAN_POINT('Ctrl Pts',(-9.09727426099936,16.8509439760601,14.0007739895427));
#1613=CARTESIAN_POINT('Ctrl Pts',(-12.4108668042755,14.5840564336633,14.0820215708253));
#1614=CARTESIAN_POINT('Ctrl Pts',(-14.7713852245782,11.5703181132733,14.163269152108));
#1615=CARTESIAN_POINT('Ctrl Pts',(-17.1319036448808,8.55657979288335,14.2445167333907));
#1616=CARTESIAN_POINT('Ctrl Pts',(-18.5393479422099,4.79599069450017,14.3257643146734));
#1617=CARTESIAN_POINT('Ctrl Pts',(-18.7378346769047,0.972831512805363,14.407011895956));
#1618=CARTESIAN_POINT('Ctrl Pts',(-18.754642934418,0.649078672905364,14.4138921052084));
#1619=CARTESIAN_POINT('Ctrl Pts',(-18.7627817035651,0.324877140159433,14.4207723144608));
#1620=CARTESIAN_POINT('Ctrl Pts',(-18.762362482036,0.000655814779862778,
14.4276525237132));
#1621=CARTESIAN_POINT('Origin',(0.,0.,0.));
#1622=CARTESIAN_POINT('',(-18.757040659256,0.0011277805700859,16.9276525235538));
#1623=CARTESIAN_POINT('',(-18.7631048790289,0.000153786629784505,16.8223474764848));
#1624=CARTESIAN_POINT('',(-18.75935,-2.29735779315849E-15,0.));
#1625=CARTESIAN_POINT('Ctrl Pts',(-18.7631048790289,0.000153786629784505,
16.8223474764848));
#1626=CARTESIAN_POINT('Ctrl Pts',(-18.7631252591093,0.0645201291641399,
16.8209814261614));
#1627=CARTESIAN_POINT('Ctrl Pts',(-18.7628044145046,0.128886268903286,16.819615375838));
#1628=CARTESIAN_POINT('Ctrl Pts',(-18.7621413327946,0.193248886618633,16.8182493255146));
#1629=CARTESIAN_POINT('Ctrl Pts',(-18.7227037043243,4.02129747658481,16.7370017442319));
#1630=CARTESIAN_POINT('Ctrl Pts',(-17.4726273028162,7.83688716448377,16.6557541629492));
#1631=CARTESIAN_POINT('Ctrl Pts',(-15.2392943681791,10.946163476203,16.5745065816666));
#1632=CARTESIAN_POINT('Ctrl Pts',(-13.005961433542,14.0554397879223,16.4932590003839));
#1633=CARTESIAN_POINT('Ctrl Pts',(-9.789371965776,16.4584027234618,16.4120114191012));
#1634=CARTESIAN_POINT('Ctrl Pts',(-6.17429761011113,17.7181526160799,16.3307638378185));
#1635=CARTESIAN_POINT('Ctrl Pts',(-2.55922325444626,18.9779025086979,16.2495162565358));
#1636=CARTESIAN_POINT('Ctrl Pts',(1.4543359891174,19.0944393583946,16.1682686752532));
#1637=CARTESIAN_POINT('Ctrl Pts',(5.1363010008639,18.0464672490235,16.0870210939705));
#1638=CARTESIAN_POINT('Ctrl Pts',(8.81826601261031,16.9984951396524,16.0057735126878));
#1639=CARTESIAN_POINT('Ctrl Pts',(12.1686367925396,14.7860140712135,15.9245259314051));
#1640=CARTESIAN_POINT('Ctrl Pts',(14.5786709593544,11.8115424858918,15.8432783501224));
#1641=CARTESIAN_POINT('Ctrl Pts',(16.9887051261693,8.83707090057005,15.7620307688398));
#1642=CARTESIAN_POINT('Ctrl Pts',(18.4584026798698,5.10060879836544,15.6807831875571));
#1643=CARTESIAN_POINT('Ctrl Pts',(18.7195760416314,1.281207006803,15.5995356062744));
#1644=CARTESIAN_POINT('Ctrl Pts',(18.980749403393,-2.5381947847594,15.5182880249917));
#1645=CARTESIAN_POINT('Ctrl Pts',(18.0333985732159,-6.44053626567958,15.437040443709));
#1646=CARTESIAN_POINT('Ctrl Pts',(16.0515966110209,-9.71547188784551,15.3557928624264));
#1647=CARTESIAN_POINT('Ctrl Pts',(14.0697946488259,-12.9904075100114,15.2745452811437));
#1648=CARTESIAN_POINT('Ctrl Pts',(11.0535415546131,-15.6379372734231,15.193297699861));
#1649=CARTESIAN_POINT('Ctrl Pts',(7.5477839776254,-17.178086248305,15.1120501185783));
#1650=CARTESIAN_POINT('Ctrl Pts',(4.04202640063769,-18.718235223187,15.0308025372956));
#1651=CARTESIAN_POINT('Ctrl Pts',(0.046764340874999,-19.1510034095392,14.949554956013));
#1652=CARTESIAN_POINT('Ctrl Pts',(-3.70418678562628,-18.3947101482321,14.8683073747303));
#1653=CARTESIAN_POINT('Ctrl Pts',(-7.45513791212765,-17.638416886925,14.7870597934476));
#1654=CARTESIAN_POINT('Ctrl Pts',(-10.9617781053677,-15.6930621779583,14.7058122121649));
#1655=CARTESIAN_POINT('Ctrl Pts',(-13.6044258640055,-12.9191499383439,14.6245646308822));
#1656=CARTESIAN_POINT('Ctrl Pts',(-14.7789359789557,-11.6863000540709,14.5884545947566));
#1657=CARTESIAN_POINT('Ctrl Pts',(-15.7827809216387,-10.2897844847317,14.552344558631));
#1658=CARTESIAN_POINT('Ctrl Pts',(-16.5780007593835,-8.78425464699834,14.5162345225053));
#1659=CARTESIAN_POINT('Ctrl Pts',(-18.0012692085893,-6.08968766604842,14.4516055071339));
#1660=CARTESIAN_POINT('Ctrl Pts',(-18.75624636727,-3.04591397705486,14.3869764917624));
#1661=CARTESIAN_POINT('Ctrl Pts',(-18.7612087033124,-0.000615717358808282,
14.322347476391));
#1662=CARTESIAN_POINT('Ctrl Pts',(-18.762362482036,0.000655814779862778,
14.4276525237132));
#1663=CARTESIAN_POINT('Ctrl Pts',(-18.757831165869,-3.50381433142434,14.5020198957435));
#1664=CARTESIAN_POINT('Ctrl Pts',(-17.7534532252125,-7.01059688935362,14.5763872677738));
#1665=CARTESIAN_POINT('Ctrl Pts',(-15.8900304683726,-9.97806695541402,14.6507546398041));
#1666=CARTESIAN_POINT('Ctrl Pts',(-13.8542103530849,-13.2200769769323,14.7320022210868));
#1667=CARTESIAN_POINT('Ctrl Pts',(-10.7930409504486,-15.8183677549625,14.8132498023694));
#1668=CARTESIAN_POINT('Ctrl Pts',(-7.2632461487676,-17.300311285953,14.8944973836521));
#1669=CARTESIAN_POINT('Ctrl Pts',(-3.73345134708654,-18.7822548169435,14.9757449649348));
#1670=CARTESIAN_POINT('Ctrl Pts',(0.264968853639215,-19.1478511008942,15.0569925462175));
#1671=CARTESIAN_POINT('Ctrl Pts',(4.00498609493026,-18.3307014911986,15.1382401275002));
#1672=CARTESIAN_POINT('Ctrl Pts',(7.74500333622131,-17.513551881503,15.2194877087828));
#1673=CARTESIAN_POINT('Ctrl Pts',(11.2266176180775,-15.5136563781612,15.3007352900655));
#1674=CARTESIAN_POINT('Ctrl Pts',(13.8167101731903,-12.6946331576729,15.3819828713482));
#1675=CARTESIAN_POINT('Ctrl Pts',(16.4068027283031,-9.8756099371847,15.4632304526309));
#1676=CARTESIAN_POINT('Ctrl Pts',(18.1053735566725,-6.23745899955003,15.5444780339136));
#1677=CARTESIAN_POINT('Ctrl Pts',(18.6035665981476,-2.44176313020896,15.6257256151962));
#1678=CARTESIAN_POINT('Ctrl Pts',(19.1017596396227,1.3539327391321,15.7069731964789));
#1679=CARTESIAN_POINT('Ctrl Pts',(18.3995748942036,5.30717354017956,15.7882207777616));
#1680=CARTESIAN_POINT('Ctrl Pts',(16.6246916565657,8.69911444362562,15.8694683590443));
#1681=CARTESIAN_POINT('Ctrl Pts',(14.8498084189278,12.0910553470717,15.950715940327));
#1682=CARTESIAN_POINT('Ctrl Pts',(12.0022266890711,14.9216963529164,16.0319635216096));
#1683=CARTESIAN_POINT('Ctrl Pts',(8.59975268163415,16.6763079384311,16.1132111028923));
#1684=CARTESIAN_POINT('Ctrl Pts',(5.19727867419721,18.4309195239457,16.194458684175));
#1685=CARTESIAN_POINT('Ctrl Pts',(1.23991238917999,19.1095016891303,16.2757062654577));
#1686=CARTESIAN_POINT('Ctrl Pts',(-2.55273983871633,18.5886649909495,16.3569538467403));
#1687=CARTESIAN_POINT('Ctrl Pts',(-6.3453920666126,18.0678282927687,16.438201428023));
#1688=CARTESIAN_POINT('Ctrl Pts',(-9.97333023738809,16.3475727312223,16.5194490093057));
#1689=CARTESIAN_POINT('Ctrl Pts',(-12.7768525016993,13.7407062894059,16.6006965905884));
#1690=CARTESIAN_POINT('Ctrl Pts',(-15.5803747660107,11.1338398475894,16.6819441718711));
#1691=CARTESIAN_POINT('Ctrl Pts',(-17.5594811238578,7.64036252550273,16.7631917531537));
#1692=CARTESIAN_POINT('Ctrl Pts',(-18.3542868082579,3.89553090162796,16.8444393344364));
#1693=CARTESIAN_POINT('Ctrl Pts',(-18.6256315657815,2.61705435208748,16.8721770641422));
#1694=CARTESIAN_POINT('Ctrl Pts',(-18.7589433262349,1.30928187425765,16.899914793848));
#1695=CARTESIAN_POINT('Ctrl Pts',(-18.757040659256,0.0011277805700859,16.9276525235538));
#1696=CARTESIAN_POINT('Origin',(0.,0.,0.));
#1697=CARTESIAN_POINT('',(-18.7543305686061,0.000159857368534429,19.4276525234377));
#1698=CARTESIAN_POINT('',(-18.7584053870899,0.00135333654297193,19.3223474765713));
#1699=CARTESIAN_POINT('',(-18.75935,-2.29735779315849E-15,0.));
#1700=CARTESIAN_POINT('Ctrl Pts',(-18.7584053870899,0.00135333654297193,
19.3223474765713));
#1701=CARTESIAN_POINT('Ctrl Pts',(-18.7602820399775,1.04924495689412,19.3001239057125));
#1702=CARTESIAN_POINT('Ctrl Pts',(-18.6749164764516,2.09682732563733,19.2779003348538));
#1703=CARTESIAN_POINT('Ctrl Pts',(-18.5002562773804,3.12930077064136,19.255676763995));
#1704=CARTESIAN_POINT('Ctrl Pts',(-17.8617126872861,6.90394034941212,19.1744291827123));
#1705=CARTESIAN_POINT('Ctrl Pts',(-16.0296796955892,10.4766378939029,19.0931816014296));
#1706=CARTESIAN_POINT('Ctrl Pts',(-13.3369701431964,13.1977720968585,19.0119340201469));
#1707=CARTESIAN_POINT('Ctrl Pts',(-10.6442605908035,15.918906299814,18.9306864388642));
#1708=CARTESIAN_POINT('Ctrl Pts',(-7.09087447771474,17.7884771612344,18.8494388575816));
#1709=CARTESIAN_POINT('Ctrl Pts',(-3.32312729622221,18.46650293025,18.7681912762989));
#1710=CARTESIAN_POINT('Ctrl Pts',(0.444619885270277,19.1445286992656,18.6869436950162));
#1711=CARTESIAN_POINT('Ctrl Pts',(4.42672813516645,18.6310093758763,18.6056961137335));
#1712=CARTESIAN_POINT('Ctrl Pts',(7.89917921272999,17.0193331867675,18.5244485324509));
#1713=CARTESIAN_POINT('Ctrl Pts',(11.3716302902935,15.4076569976586,18.4432009511682));
#1714=CARTESIAN_POINT('Ctrl Pts',(14.3344241955245,12.6978239428301,18.3619533698855));
#1715=CARTESIAN_POINT('Ctrl Pts',(16.2487620139989,9.3825845311986,18.2807057886028));
#1716=CARTESIAN_POINT('Ctrl Pts',(18.1630998324732,6.06734511956708,18.1994582073201));
#1717=CARTESIAN_POINT('Ctrl Pts',(19.028981564191,2.14669935113253,18.1182106260375));
#1718=CARTESIAN_POINT('Ctrl Pts',(18.6889779296841,-1.66642116446548,18.0369630447548));
#1719=CARTESIAN_POINT('Ctrl Pts',(18.3489742951771,-5.47954168006345,17.9557154634721));
#1720=CARTESIAN_POINT('Ctrl Pts',(16.8030852944454,-9.18513694282481,17.8744678821894));
#1721=CARTESIAN_POINT('Ctrl Pts',(14.3324052891931,-12.1093826038325,17.7932203009067));
#1722=CARTESIAN_POINT('Ctrl Pts',(11.8617252839407,-15.0336282648401,17.7119727196241));
#1723=CARTESIAN_POINT('Ctrl Pts',(8.46625427416777,-17.176524324094,17.6307251383414));
#1724=CARTESIAN_POINT('Ctrl Pts',(4.76342540372561,-18.1484083503654,17.5494775570587));
#1725=CARTESIAN_POINT('Ctrl Pts',(1.0605965332834,-19.1202923766368,17.468229975776));
#1726=CARTESIAN_POINT('Ctrl Pts',(-2.94959019782808,-18.9211643699257,17.3869823944933));
#1727=CARTESIAN_POINT('Ctrl Pts',(-6.53791685391554,-17.5872300872702,17.3057348132107));
#1728=CARTESIAN_POINT('Ctrl Pts',(-10.126243510003,-16.2532958046146,17.224487231928));
#1729=CARTESIAN_POINT('Ctrl Pts',(-13.2927100910665,-13.7845552460146,17.1432396506453));
#1730=CARTESIAN_POINT('Ctrl Pts',(-15.4615439538819,-10.6299312206979,17.0619920693626));
#1731=CARTESIAN_POINT('Ctrl Pts',(-17.593912285626,-7.52834723795248,16.9821105384034));
#1732=CARTESIAN_POINT('Ctrl Pts',(-18.7619131278918,-3.76374999915252,16.9022290074441));
#1733=CARTESIAN_POINT('Ctrl Pts',(-18.7631048790289,0.000153786629784505,
16.8223474764848));
#1734=CARTESIAN_POINT('Ctrl Pts',(-18.757040659256,0.0011277805700859,16.9276525235538));
#1735=CARTESIAN_POINT('Ctrl Pts',(-18.7533701559842,-2.52247931111811,16.9811623751307));
#1736=CARTESIAN_POINT('Ctrl Pts',(-18.2464903020769,-5.04750661122363,17.0346722267076));
#1737=CARTESIAN_POINT('Ctrl Pts',(-17.2566367528379,-7.3663665363716,17.0881820782845));
#1738=CARTESIAN_POINT('Ctrl Pts',(-15.7536760020647,-10.8872464248336,17.1694296595672));
#1739=CARTESIAN_POINT('Ctrl Pts',(-13.1372494895653,-13.9328202760951,17.2506772408498));
#1740=CARTESIAN_POINT('Ctrl Pts',(-9.88310963558977,-15.949272003451,17.3319248221325));
#1741=CARTESIAN_POINT('Ctrl Pts',(-6.62896978161414,-17.965723730807,17.4131724034152));
#1742=CARTESIAN_POINT('Ctrl Pts',(-2.73711658616232,-18.9530533342575,17.4944199846979));
#1743=CARTESIAN_POINT('Ctrl Pts',(1.08472132828123,-18.7317430352522,17.5756675659805));
#1744=CARTESIAN_POINT('Ctrl Pts',(4.90655924272478,-18.5104327362469,17.6569151472632));
#1745=CARTESIAN_POINT('Ctrl Pts',(8.65838187616008,-17.0804825347859,17.7381627285459));
#1746=CARTESIAN_POINT('Ctrl Pts',(11.6580255487507,-14.7018798115106,17.8194103098286));
#1747=CARTESIAN_POINT('Ctrl Pts',(14.6576692213412,-12.3232770882354,17.9006578911113));
#1748=CARTESIAN_POINT('Ctrl Pts',(16.9051339330871,-8.99602184314597,17.9819054723939));
#1749=CARTESIAN_POINT('Ctrl Pts',(17.991612456859,-5.32520761752152,18.0631530536766));
#1750=CARTESIAN_POINT('Ctrl Pts',(19.0780909806309,-1.65439339189703,18.1444006349593));
#1751=CARTESIAN_POINT('Ctrl Pts',(19.0035833164287,2.35997981426242,18.225648216242));
#1752=CARTESIAN_POINT('Ctrl Pts',(17.7818851583786,5.98806616537205,18.3068957975247));
#1753=CARTESIAN_POINT('Ctrl Pts',(16.5601870003285,9.61615251648158,18.3881433788073));
#1754=CARTESIAN_POINT('Ctrl Pts',(14.1912983484305,12.8579520125414,18.46939096009));
#1755=CARTESIAN_POINT('Ctrl Pts',(11.1055023469482,15.1237325026369,18.5506385413727));
#1756=CARTESIAN_POINT('Ctrl Pts',(8.01970634546585,17.3895129927324,18.6318861226554));
#1757=CARTESIAN_POINT('Ctrl Pts',(4.21700299439904,18.6792744768637,18.713133703938));
#1758=CARTESIAN_POINT('Ctrl Pts',(0.389789659838264,18.7589569709666,18.7943812852207));
#1759=CARTESIAN_POINT('Ctrl Pts',(-3.43742367472251,18.8386394650696,18.8756288665034));
#1760=CARTESIAN_POINT('Ctrl Pts',(-7.28914699277728,17.7082429691441,18.9568764477861));
#1761=CARTESIAN_POINT('Ctrl Pts',(-10.4667595584516,15.5724031612513,19.0381240290688));
#1762=CARTESIAN_POINT('Ctrl Pts',(-13.6443721241259,13.4365633533586,19.1193716103515));
#1763=CARTESIAN_POINT('Ctrl Pts',(-16.1478739374197,10.2952802334986,19.2006191916341));
#1764=CARTESIAN_POINT('Ctrl Pts',(-17.5184413778688,6.72163983166609,19.2818667729168));
#1765=CARTESIAN_POINT('Ctrl Pts',(-18.3381958443643,4.5841983642902,19.3304620230904));
#1766=CARTESIAN_POINT('Ctrl Pts',(-18.7526550590657,2.29208566646868,19.379057273264));
#1767=CARTESIAN_POINT('Ctrl Pts',(-18.7543305686061,0.000159857368534429,
19.4276525234377));
#1768=CARTESIAN_POINT('Origin',(0.,0.,0.));
#1769=CARTESIAN_POINT('',(-18.7592845389681,-0.000171226240337167,21.9276525234576));
#1770=CARTESIAN_POINT('',(-18.7596386959214,0.000657825077636649,21.8223474765174));
#1771=CARTESIAN_POINT('',(-18.75935,-2.29735779315849E-15,0.));
#1772=CARTESIAN_POINT('Ctrl Pts',(-18.7596386959214,0.000657825077636649,
21.8223474765174));
#1773=CARTESIAN_POINT('Ctrl Pts',(-18.760071527712,0.755009870196424,21.8063489122642));
#1774=CARTESIAN_POINT('Ctrl Pts',(-18.7151084658718,1.5092607316752,21.7903503480111));
#1775=CARTESIAN_POINT('Ctrl Pts',(-18.6242383214728,2.25785975114401,21.774351783758));
#1776=CARTESIAN_POINT('Ctrl Pts',(-18.3165865711273,4.79233133330884,21.7201867295696));
#1777=CARTESIAN_POINT('Ctrl Pts',(-17.4827285272535,7.26201912460892,21.6660216753811));
#1778=CARTESIAN_POINT('Ctrl Pts',(-16.1946664968512,9.46716875061475,21.6118566211927));
#1779=CARTESIAN_POINT('Ctrl Pts',(-14.906604466449,11.6723183766206,21.5576915670042));
#1780=CARTESIAN_POINT('Ctrl Pts',(-13.1643384495184,13.6129298373322,21.5035265128158));
#1781=CARTESIAN_POINT('Ctrl Pts',(-11.1053162794453,15.1224019044332,21.4493614586273));
#1782=CARTESIAN_POINT('Ctrl Pts',(-8.01678302433554,17.3866100050847,21.3681138773446));
#1783=CARTESIAN_POINT('Ctrl Pts',(-4.21554842465502,18.6807544701123,21.2868662960619));
#1784=CARTESIAN_POINT('Ctrl Pts',(-0.389817045414564,18.7603079423204,21.2056187147793));
#1785=CARTESIAN_POINT('Ctrl Pts',(3.43591433382589,18.8398614145285,21.1243711334966));
#1786=CARTESIAN_POINT('Ctrl Pts',(7.28614249262637,17.704823893917,21.0431235522139));
#1787=CARTESIAN_POINT('Ctrl Pts',(10.4666580730742,15.5709075369903,20.9618759709312));
#1788=CARTESIAN_POINT('Ctrl Pts',(12.5870017933728,14.1482966323725,20.9077109167428));
#1789=CARTESIAN_POINT('Ctrl Pts',(14.409695478848,12.2817395782813,20.8535458625543));
#1790=CARTESIAN_POINT('Ctrl Pts',(15.7878588526117,10.1322547831294,20.7993808083659));
#1791=CARTESIAN_POINT('Ctrl Pts',(17.1660222263754,7.98276998797744,20.7452157541774));
#1792=CARTESIAN_POINT('Ctrl Pts',(18.0996552884276,5.55035745176479,20.691050699989));
#1793=CARTESIAN_POINT('Ctrl Pts',(18.5133075838273,3.03041870163288,20.6368856458005));
#1794=CARTESIAN_POINT('Ctrl Pts',(18.926959879227,0.510479951500921,20.5827205916121));
#1795=CARTESIAN_POINT('Ctrl Pts',(18.8206314079743,-2.09698501255029,20.5285555374236));
#1796=CARTESIAN_POINT('Ctrl Pts',(18.1961648320795,-4.57270912203432,20.4743904832351));
#1797=CARTESIAN_POINT('Ctrl Pts',(17.2594649682374,-8.28629528626024,20.3931429019525));
#1798=CARTESIAN_POINT('Ctrl Pts',(15.1569543689508,-11.7034645277099,20.3118953206698));
#1799=CARTESIAN_POINT('Ctrl Pts',(12.2600038763728,-14.2045157910546,20.2306477393871));
#1800=CARTESIAN_POINT('Ctrl Pts',(9.36305338379472,-16.7055670543992,20.1494001581044));
#1801=CARTESIAN_POINT('Ctrl Pts',(5.67166299792508,-18.2905003396388,20.0681525768218));
#1802=CARTESIAN_POINT('Ctrl Pts',(1.86177704742325,-18.6705387448133,19.9869049955391));
#1803=CARTESIAN_POINT('Ctrl Pts',(-1.94810890307853,-19.0505771499877,19.9056574142564));
#1804=CARTESIAN_POINT('Ctrl Pts',(-5.8764904182126,-18.2257206750972,19.8244098329737));
#1805=CARTESIAN_POINT('Ctrl Pts',(-9.21135389429825,-16.3462320766559,19.743162251691));
#1806=CARTESIAN_POINT('Ctrl Pts',(-12.5462173703839,-14.4667434782147,19.6619146704084));
#1807=CARTESIAN_POINT('Ctrl Pts',(-15.2875628074212,-11.5326227562228,19.5806670891257));
#1808=CARTESIAN_POINT('Ctrl Pts',(-16.9357084316939,-8.07727158870143,19.499419507843));
#1809=CARTESIAN_POINT('Ctrl Pts',(-18.1330384072007,-5.56705922163514,19.4403954974191));
#1810=CARTESIAN_POINT('Ctrl Pts',(-18.7534211484944,-2.78176222646659,19.3813714869952));
#1811=CARTESIAN_POINT('Ctrl Pts',(-18.7584053870899,0.00135333654297193,
19.3223474765713));
#1812=CARTESIAN_POINT('Ctrl Pts',(-18.7543305686061,0.000159857368534431,
19.4276525234377));
#1813=CARTESIAN_POINT('Ctrl Pts',(-18.7554563842381,-1.53984086551634,19.4603048545467));
#1814=CARTESIAN_POINT('Ctrl Pts',(-18.5702176588705,-3.07975721144943,19.4929571856558));
#1815=CARTESIAN_POINT('Ctrl Pts',(-18.1963426806805,-4.5726111192886,19.5256095167648));
#1816=CARTESIAN_POINT('Ctrl Pts',(-17.5761432105194,-7.04901969616698,19.5797745709533));
#1817=CARTESIAN_POINT('Ctrl Pts',(-16.4368627302045,-9.39592390927328,19.6339396251418));
#1818=CARTESIAN_POINT('Ctrl Pts',(-14.8811927293642,-11.4214723088985,19.6881046793302));
#1819=CARTESIAN_POINT('Ctrl Pts',(-13.325522728524,-13.4470207085238,19.7422697335187));
#1820=CARTESIAN_POINT('Ctrl Pts',(-11.3534632071585,-15.151213294668,19.7964347877071));
#1821=CARTESIAN_POINT('Ctrl Pts',(-9.12288378656385,-16.3929348930049,19.8505998418955));
#1822=CARTESIAN_POINT('Ctrl Pts',(-6.89230436596923,-17.6346564913418,19.904764896084));
#1823=CARTESIAN_POINT('Ctrl Pts',(-4.40320504614556,-18.4139071018713,19.9589299502725));
#1824=CARTESIAN_POINT('Ctrl Pts',(-1.86191550121279,-18.6673103065564,20.0130950044609));
#1825=CARTESIAN_POINT('Ctrl Pts',(0.679374043720126,-18.9207135112414,20.0672600586494));
#1826=CARTESIAN_POINT('Ctrl Pts',(3.27285381376217,-18.6482693100818,20.1214251128378));
#1827=CARTESIAN_POINT('Ctrl Pts',(5.7048624126359,-17.8717703916322,20.1755901670263));
#1828=CARTESIAN_POINT('Ctrl Pts',(8.1368710115095,-17.0952714731825,20.2297552212147));
#1829=CARTESIAN_POINT('Ctrl Pts',(10.4074084392148,-15.8147178374428,20.2839202754032));
#1830=CARTESIAN_POINT('Ctrl Pts',(12.3322680674136,-14.136185842756,20.3380853295916));
#1831=CARTESIAN_POINT('Ctrl Pts',(14.2571276956124,-12.4576538480692,20.3922503837801));
#1832=CARTESIAN_POINT('Ctrl Pts',(15.8363095243046,-10.3811434944352,20.4464154379685));
#1833=CARTESIAN_POINT('Ctrl Pts',(16.9342273865716,-8.07624244583572,20.500580492157));
#1834=CARTESIAN_POINT('Ctrl Pts',(18.3981178695944,-5.00304104770295,20.5728005644083));
#1835=CARTESIAN_POINT('Ctrl Pts',(19.0064279678614,-1.52381174740906,20.6450206366596));
#1836=CARTESIAN_POINT('Ctrl Pts',(18.6691200396276,1.86329725300491,20.7172407089108));
#1837=CARTESIAN_POINT('Ctrl Pts',(18.5004660755107,3.55685175321182,20.7533507450364));
#1838=CARTESIAN_POINT('Ctrl Pts',(18.0954076047687,5.22737617844868,20.7894607811621));
#1839=CARTESIAN_POINT('Ctrl Pts',(17.4765569651359,6.81403120391282,20.8255708172877));
#1840=CARTESIAN_POINT('Ctrl Pts',(16.857706325503,8.4006862293771,20.8616808534133));
#1841=CARTESIAN_POINT('Ctrl Pts',(16.0250635169795,9.9034718550686,20.897790889539));
#1842=CARTESIAN_POINT('Ctrl Pts',(15.0028675674586,11.264079044321,20.9339009256646));
#1843=CARTESIAN_POINT('Ctrl Pts',(12.9584756684169,13.9852934228258,21.0061209979159));
#1844=CARTESIAN_POINT('Ctrl Pts',(10.155871205386,16.1377940555745,21.0783410701672));
#1845=CARTESIAN_POINT('Ctrl Pts',(6.99830040193086,17.4077921921439,21.1505611424184));
#1846=CARTESIAN_POINT('Ctrl Pts',(3.84072959847572,18.6777903287133,21.2227812146697));
#1847=CARTESIAN_POINT('Ctrl Pts',(0.328192454596349,19.0652859691033,21.295001286921));
#1848=CARTESIAN_POINT('Ctrl Pts',(-3.03108161490502,18.5152376010171,21.3672213591722));
#1849=CARTESIAN_POINT('Ctrl Pts',(-6.3903556844063,17.965189232931,21.4394414314235));
#1850=CARTESIAN_POINT('Ctrl Pts',(-9.59636667952956,16.4775968563687,21.5116615036748));
#1851=CARTESIAN_POINT('Ctrl Pts',(-12.1841825638631,14.2671630988411,21.583881575926));
#1852=CARTESIAN_POINT('Ctrl Pts',(-14.7719984481968,12.0567293413134,21.6561016481773));
#1853=CARTESIAN_POINT('Ctrl Pts',(-16.7416192217407,9.12345420282016,21.7283217204286));
#1854=CARTESIAN_POINT('Ctrl Pts',(-17.8122683774511,5.89203682354182,21.8005417926799));
#1855=CARTESIAN_POINT('Ctrl Pts',(-18.4403993681236,3.99622119720279,21.8429120362724));
#1856=CARTESIAN_POINT('Ctrl Pts',(-18.7591077346265,1.99778614140743,21.885282279865));
#1857=CARTESIAN_POINT('Ctrl Pts',(-18.7592845389681,-0.000171226240337168,
21.9276525234576));
#1858=CARTESIAN_POINT('Origin',(0.,0.,0.));
#1859=CARTESIAN_POINT('',(-18.7609736473329,0.000441220357859609,24.4276525235786));
#1860=CARTESIAN_POINT('',(-18.7595103824225,0.0013181441247539,24.3223474763636));
#1861=CARTESIAN_POINT('',(-18.75935,-2.29735779315849E-15,0.));
#1862=CARTESIAN_POINT('Ctrl Pts',(-18.7595103824225,0.0013181441247539,
24.3223474763636));
#1863=CARTESIAN_POINT('Ctrl Pts',(-18.760691111811,0.887765598604386,24.303546409718));
#1864=CARTESIAN_POINT('Ctrl Pts',(-18.6992386244329,1.77400199702049,24.2847453430724));
#1865=CARTESIAN_POINT('Ctrl Pts',(-18.5739488371982,2.65106051698297,24.2659442764268));
#1866=CARTESIAN_POINT('Ctrl Pts',(-18.0926762766034,6.02008371520136,24.1937242041756));
#1867=CARTESIAN_POINT('Ctrl Pts',(-16.6694590989242,9.25368368554149,24.1215041319243));
#1868=CARTESIAN_POINT('Ctrl Pts',(-14.5136163971291,11.8882677827073,24.049284059673));
#1869=CARTESIAN_POINT('Ctrl Pts',(-12.8967343707828,13.8642058555816,23.9951190054846));
#1870=CARTESIAN_POINT('Ctrl Pts',(-10.8677504871212,15.5031974997953,23.9409539512961));
#1871=CARTESIAN_POINT('Ctrl Pts',(-8.59785410643241,16.6732152980545,23.8867888971077));
#1872=CARTESIAN_POINT('Ctrl Pts',(-6.32795772574352,17.8432330963138,23.8326238429192));
#1873=CARTESIAN_POINT('Ctrl Pts',(-3.81714884802734,18.5442770486185,23.7784587887308));
#1874=CARTESIAN_POINT('Ctrl Pts',(-1.26978722102505,18.7172363859904,23.7242937345423));
#1875=CARTESIAN_POINT('Ctrl Pts',(1.27757440597724,18.8901957233623,23.6701286803539));
#1876=CARTESIAN_POINT('Ctrl Pts',(3.86148878226562,18.5350704458014,23.6159636261654));
#1877=CARTESIAN_POINT('Ctrl Pts',(6.26827073041536,17.6818332852355,23.561798571977));
#1878=CARTESIAN_POINT('Ctrl Pts',(8.67505267856501,16.8285961246697,23.5076335177885));
#1879=CARTESIAN_POINT('Ctrl Pts',(10.904702198576,15.477247081099,23.4534684636));
#1880=CARTESIAN_POINT('Ctrl Pts',(12.7746414945294,13.7385107521151,23.3993034094116));
#1881=CARTESIAN_POINT('Ctrl Pts',(14.6445807904828,11.9997744231312,23.3451383552231));
#1882=CARTESIAN_POINT('Ctrl Pts',(16.1548098623786,9.87365080873405,23.2909733010347));
#1883=CARTESIAN_POINT('Ctrl Pts',(17.1803361746188,7.53523873570362,23.2368082468463));
#1884=CARTESIAN_POINT('Ctrl Pts',(18.2058624868591,5.19682666267309,23.1826431926578));
#1885=CARTESIAN_POINT('Ctrl Pts',(18.7466860394437,2.64612613100925,23.1284781384693));
#1886=CARTESIAN_POINT('Ctrl Pts',(18.7596371986962,0.0926652553035313,23.0743130842809));
#1887=CARTESIAN_POINT('Ctrl Pts',(18.7661127783225,-1.18406518254926,23.0472305571866));
#1888=CARTESIAN_POINT('Ctrl Pts',(18.6406202596158,-2.46148570641257,23.0201480300924));
#1889=CARTESIAN_POINT('Ctrl Pts',(18.3878626556299,-3.71319453396461,22.9930655029982));
#1890=CARTESIAN_POINT('Ctrl Pts',(18.1351050516441,-4.96490336151678,22.965982975904));
#1891=CARTESIAN_POINT('Ctrl Pts',(17.7550823623791,-6.19090049275765,22.9389004488097));
#1892=CARTESIAN_POINT('Ctrl Pts',(17.2536731276993,-7.36506668482867,22.9118179217155));
#1893=CARTESIAN_POINT('Ctrl Pts',(16.2508546583398,-9.71339906897048,22.8576528675271));
#1894=CARTESIAN_POINT('Ctrl Pts',(14.762490007321,-11.8544076964326,22.8034878133386));
#1895=CARTESIAN_POINT('Ctrl Pts',(12.9099509490252,-13.6116126186439,22.7493227591502));
#1896=CARTESIAN_POINT('Ctrl Pts',(11.0574118907294,-15.3688175408552,22.6951577049617));
#1897=CARTESIAN_POINT('Ctrl Pts',(8.8406984251566,-16.7422187578159,22.6409926507733));
#1898=CARTESIAN_POINT('Ctrl Pts',(6.44247982501744,-17.6190999421502,22.5868275965848));
#1899=CARTESIAN_POINT('Ctrl Pts',(4.04426122487827,-18.4959811264845,22.5326625423964));
#1900=CARTESIAN_POINT('Ctrl Pts',(1.46453749017274,-18.8763422781926,22.4784974882079));
#1901=CARTESIAN_POINT('Ctrl Pts',(-1.08456648303124,-18.7287624472832,22.4243324340195));
#1902=CARTESIAN_POINT('Ctrl Pts',(-3.63367045623523,-18.5811826163739,22.370167379831));
#1903=CARTESIAN_POINT('Ctrl Pts',(-6.15215466793769,-17.9056618028471,22.3160023256425));
#1904=CARTESIAN_POINT('Ctrl Pts',(-8.43310813810235,-16.7577365336899,22.2618372714541));
#1905=CARTESIAN_POINT('Ctrl Pts',(-10.714061608267,-15.6098112645326,22.2076722172656));
#1906=CARTESIAN_POINT('Ctrl Pts',(-12.757484336894,-13.9894815397448,22.1535071630772));
#1907=CARTESIAN_POINT('Ctrl Pts',(-14.3948413545294,-12.0303118043714,22.0993421088887));
#1908=CARTESIAN_POINT('Ctrl Pts',(-16.0321983721648,-10.071142068998,22.0451770547003));
#1909=CARTESIAN_POINT('Ctrl Pts',(-17.2634896788086,-7.77313232303901,21.9910120005118));
#1910=CARTESIAN_POINT('Ctrl Pts',(-17.988412603722,-5.32449976354467,21.9368469463234));
#1911=CARTESIAN_POINT('Ctrl Pts',(-18.4992172901041,-3.599112217321,21.898680456388));
#1912=CARTESIAN_POINT('Ctrl Pts',(-18.758606123878,-1.79893926890098,21.8605139664527));
#1913=CARTESIAN_POINT('Ctrl Pts',(-18.7596386959214,0.00065782507763665,
21.8223474765174));
#1914=CARTESIAN_POINT('Ctrl Pts',(-18.7592845389681,-0.000171226240337169,
21.9276525234576));
#1915=CARTESIAN_POINT('Ctrl Pts',(-18.7593337568518,-0.556352327218937,
21.9394473340535));
#1916=CARTESIAN_POINT('Ctrl Pts',(-18.7346991478246,-1.11249641091904,21.9512421446493));
#1917=CARTESIAN_POINT('Ctrl Pts',(-18.6851842140482,-1.66637946826721,21.9630369552452));
#1918=CARTESIAN_POINT('Ctrl Pts',(-18.4577978521111,-4.20996468071722,22.0172020094337));
#1919=CARTESIAN_POINT('Ctrl Pts',(-17.7057097964854,-6.70586706071692,22.0713670636221));
#1920=CARTESIAN_POINT('Ctrl Pts',(-16.4878588171777,-8.94986703099528,22.1255321178106));
#1921=CARTESIAN_POINT('Ctrl Pts',(-15.27000783787,-11.1938670012736,22.179697171999));
#1922=CARTESIAN_POINT('Ctrl Pts',(-13.5863939348803,-13.1859645618307,22.2338622261875));
#1923=CARTESIAN_POINT('Ctrl Pts',(-11.576999679325,-14.7617938292622,22.2880272803759));
#1924=CARTESIAN_POINT('Ctrl Pts',(-9.56760542376952,-16.3376230966938,22.3421923345644));
#1925=CARTESIAN_POINT('Ctrl Pts',(-7.23243081564837,-17.4971840709998,22.3963573887528));
#1926=CARTESIAN_POINT('Ctrl Pts',(-4.76274046456856,-18.1454033524767,22.4505224429413));
#1927=CARTESIAN_POINT('Ctrl Pts',(-2.29305011348876,-18.7936226339536,22.5046874971298));
#1928=CARTESIAN_POINT('Ctrl Pts',(0.311155980549684,-18.9305002226012,22.5588525513182));
#1929=CARTESIAN_POINT('Ctrl Pts',(2.83530612323983,-18.5445985021777,22.6130176055067));
#1930=CARTESIAN_POINT('Ctrl Pts',(5.35945626592988,-18.1586967817542,22.6671826596951));
#1931=CARTESIAN_POINT('Ctrl Pts',(7.80355045727165,-17.2500157522596,22.7213477138836));
#1932=CARTESIAN_POINT('Ctrl Pts',(9.96679020205787,-15.8934420911155,22.775512768072));
#1933=CARTESIAN_POINT('Ctrl Pts',(12.1300299468441,-14.5368684299715,22.8296778222605));
#1934=CARTESIAN_POINT('Ctrl Pts',(14.0124152450748,-12.7324021371781,22.8838428764489));
#1935=CARTESIAN_POINT('Ctrl Pts',(15.4590338526231,-10.6282389055504,22.9380079306374));
#1936=CARTESIAN_POINT('Ctrl Pts',(16.9056524601716,-8.5240756739225,22.9921729848258));
#1937=CARTESIAN_POINT('Ctrl Pts',(17.9165043770377,-6.12021550346029,23.0463380390143));
#1938=CARTESIAN_POINT('Ctrl Pts',(18.4084902415142,-3.61470165274228,23.1005030932027));
#1939=CARTESIAN_POINT('Ctrl Pts',(18.9004761059907,-1.10918780202447,23.1546681473912));
#1940=CARTESIAN_POINT('Ctrl Pts',(18.8735959180776,1.49797972894912,23.2088332015796));
#1941=CARTESIAN_POINT('Ctrl Pts',(18.3301069921491,3.9930707950668,23.2629982557681));
#1942=CARTESIAN_POINT('Ctrl Pts',(17.7866180662206,6.48816186118449,23.3171633099565));
#1943=CARTESIAN_POINT('Ctrl Pts',(16.7265204022767,8.87117646244628,23.371328364145));
#1944=CARTESIAN_POINT('Ctrl Pts',(15.236898964655,10.9447297640822,23.4254934183335));
#1945=CARTESIAN_POINT('Ctrl Pts',(13.7472775270332,13.0182830657181,23.4796584725219));
#1946=CARTESIAN_POINT('Ctrl Pts',(11.8281323157338,14.7823750677281,23.5338235267104));
#1947=CARTESIAN_POINT('Ctrl Pts',(9.63731893608658,16.094707669679,23.5879885808988));
#1948=CARTESIAN_POINT('Ctrl Pts',(7.44650555643937,17.40704027163,23.6421536350873));
#1949=CARTESIAN_POINT('Ctrl Pts',(4.98402400844436,18.2676134735219,23.6963186892757));
#1950=CARTESIAN_POINT('Ctrl Pts',(2.45271402072898,18.6002380852036,23.7504837434641));
#1951=CARTESIAN_POINT('Ctrl Pts',(-0.922365962891651,19.0437375674458,23.8227038157154));
#1952=CARTESIAN_POINT('Ctrl Pts',(-4.41980761712617,18.5486617782029,23.8949238879667));
#1953=CARTESIAN_POINT('Ctrl Pts',(-7.53672044676708,17.1817624261487,23.967143960218));
#1954=CARTESIAN_POINT('Ctrl Pts',(-10.6536332764079,15.8148630740945,24.0393640324692));
#1955=CARTESIAN_POINT('Ctrl Pts',(-13.3900172814549,13.5761401592289,24.1115841047205));
#1956=CARTESIAN_POINT('Ctrl Pts',(-15.347386115308,10.7917028984678,24.1838041769718));
#1957=CARTESIAN_POINT('Ctrl Pts',(-17.3047549491612,8.0072656377066,24.256024249223));
#1958=CARTESIAN_POINT('Ctrl Pts',(-18.4831086118203,4.67711403104979,24.3282443214743));
#1959=CARTESIAN_POINT('Ctrl Pts',(-18.7172662967297,1.28104520664318,24.4004643937256));
#1960=CARTESIAN_POINT('Ctrl Pts',(-18.7466501385756,0.854881319376586,24.4095271036766));
#1961=CARTESIAN_POINT('Ctrl Pts',(-18.7611656408773,0.427679427714219,24.4185898136276));
#1962=CARTESIAN_POINT('Ctrl Pts',(-18.7609736473329,0.000441220357859609,
24.4276525235786));
#1963=CARTESIAN_POINT('Origin',(0.,0.,0.));
#1964=CARTESIAN_POINT('',(-18.7566504015627,0.000586189395376723,26.9276525236444));
#1965=CARTESIAN_POINT('',(-18.7628637066053,-0.00015634087075869,26.8223474762315));
#1966=CARTESIAN_POINT('',(-18.75935,-2.29735779315849E-15,0.));
#1967=CARTESIAN_POINT('Ctrl Pts',(-18.7628637066053,-0.00015634087075869,
26.8223474762315));
#1968=CARTESIAN_POINT('Ctrl Pts',(-18.7629926807538,0.167066361545904,26.818798925249));
#1969=CARTESIAN_POINT('Ctrl Pts',(-18.7608300780391,0.334288425970404,26.8152503742666));
#1970=CARTESIAN_POINT('Ctrl Pts',(-18.7563591340585,0.501451574241733,26.8117018232841));
#1971=CARTESIAN_POINT('Ctrl Pts',(-18.6539924536108,4.32881703801884,26.7304542420015));
#1972=CARTESIAN_POINT('Ctrl Pts',(-17.341532632543,8.12529710633365,26.6492066607188));
#1973=CARTESIAN_POINT('Ctrl Pts',(-15.0572330437242,11.1963075893026,26.5679590794361));
#1974=CARTESIAN_POINT('Ctrl Pts',(-12.7729334549055,14.2673180722716,26.4867114981534));
#1975=CARTESIAN_POINT('Ctrl Pts',(-9.51679409833561,16.6128589698947,26.4054639168707));
#1976=CARTESIAN_POINT('Ctrl Pts',(-5.88149342859084,17.816323936785,26.3242163355881));
#1977=CARTESIAN_POINT('Ctrl Pts',(-3.45795964876101,18.6186339147119,26.2700512813996));
#1978=CARTESIAN_POINT('Ctrl Pts',(-0.865909729742375,18.9133545900909,26.2158862272111));
#1979=CARTESIAN_POINT('Ctrl Pts',(1.67777915629704,18.6841686765362,26.1617211730227));
#1980=CARTESIAN_POINT('Ctrl Pts',(4.2214680423365,18.4549827629815,26.1075561188342));
#1981=CARTESIAN_POINT('Ctrl Pts',(6.71679589539672,17.7018902604931,26.0533910646458));
#1982=CARTESIAN_POINT('Ctrl Pts',(8.95992141399039,16.4827802359919,25.9992260104573));
#1983=CARTESIAN_POINT('Ctrl Pts',(11.2030469325841,15.2636702114908,25.9450609562689));
#1984=CARTESIAN_POINT('Ctrl Pts',(13.1939701167113,13.5785426649769,25.8908959020804));
#1985=CARTESIAN_POINT('Ctrl Pts',(14.7687327074874,11.5679808214543,25.836730847892));
#1986=CARTESIAN_POINT('Ctrl Pts',(16.3434952982634,9.55741897793184,25.7825657937035));
#1987=CARTESIAN_POINT('Ctrl Pts',(17.5020972956884,7.22142283740078,25.7284007395151));
#1988=CARTESIAN_POINT('Ctrl Pts',(18.1485370218065,4.75158261407869,25.6742356853266));
#1989=CARTESIAN_POINT('Ctrl Pts',(18.7949767479246,2.28174239075664,25.6200706311382));
#1990=CARTESIAN_POINT('Ctrl Pts',(18.9292542027357,-0.321941915356432,25.5659055769497));
#1991=CARTESIAN_POINT('Ctrl Pts',(18.542320876225,-2.84624616438044,25.5117405227612));
#1992=CARTESIAN_POINT('Ctrl Pts',(18.1553875497142,-5.37055041340449,25.4575754685728));
#1993=CARTESIAN_POINT('Ctrl Pts',(17.2472434418815,-7.81547460533947,25.4034104143844));
#1994=CARTESIAN_POINT('Ctrl Pts',(15.8883562000551,-9.97693113822016,25.3492453601959));
#1995=CARTESIAN_POINT('Ctrl Pts',(14.0765065442865,-12.8588731820612,25.2770252879447));
#1996=CARTESIAN_POINT('Ctrl Pts',(11.4633357614178,-15.2368727209167,25.2048052156934));
#1997=CARTESIAN_POINT('Ctrl Pts',(8.42241964509433,-16.7650992649252,25.1325851434421));
#1998=CARTESIAN_POINT('Ctrl Pts',(5.3815035287709,-18.2933258089338,25.0603650711908));
#1999=CARTESIAN_POINT('Ctrl Pts',(1.91284207899272,-18.9717793580954,24.9881449989396));
#2000=CARTESIAN_POINT('Ctrl Pts',(-1.48046452419458,-18.7031876756429,24.9159249266883));
#2001=CARTESIAN_POINT('Ctrl Pts',(-4.87377112738183,-18.4345959931904,24.843704854437));
#2002=CARTESIAN_POINT('Ctrl Pts',(-8.19172288397821,-17.2189590791237,24.7714847821857));
#2003=CARTESIAN_POINT('Ctrl Pts',(-10.9547325363162,-15.231729516819,24.6992647099344));
#2004=CARTESIAN_POINT('Ctrl Pts',(-13.7177421886542,-13.2444999545142,24.6270446376832));
#2005=CARTESIAN_POINT('Ctrl Pts',(-15.925809736734,-10.4856777439711,24.5548245654319));
#2006=CARTESIAN_POINT('Ctrl Pts',(-17.2601795390187,-7.35404342565131,24.4826044931807));
#2007=CARTESIAN_POINT('Ctrl Pts',(-18.2471725691595,-5.03766813010763,24.429185487575));
#2008=CARTESIAN_POINT('Ctrl Pts',(-18.7561556052172,-2.51732308153433,24.3757664819693));
#2009=CARTESIAN_POINT('Ctrl Pts',(-18.7595103824225,0.0013181441247539,
24.3223474763636));
#2010=CARTESIAN_POINT('Ctrl Pts',(-18.7609736473329,0.000441220357859608,
24.4276525235786));
#2011=CARTESIAN_POINT('Ctrl Pts',(-18.7600181540005,-2.12579307421066,24.4727548678161));
#2012=CARTESIAN_POINT('Ctrl Pts',(-18.3947948432949,-4.25292681751943,24.5178572120535));
#2013=CARTESIAN_POINT('Ctrl Pts',(-17.6851293523745,-6.25749159287535,24.5629595562909));
#2014=CARTESIAN_POINT('Ctrl Pts',(-16.8328661181394,-8.66484672080014,24.6171246104794));
#2015=CARTESIAN_POINT('Ctrl Pts',(-15.4838316234716,-10.8954269233603,24.6712896646679));
#2016=CARTESIAN_POINT('Ctrl Pts',(-13.7465100719339,-12.7663491571033,24.7254547188563));
#2017=CARTESIAN_POINT('Ctrl Pts',(-12.0091885203964,-14.6372713908462,24.7796197730448));
#2018=CARTESIAN_POINT('Ctrl Pts',(-9.88357991198908,-16.148535655772,24.8337848272332));
#2019=CARTESIAN_POINT('Ctrl Pts',(-7.54559715040705,-17.1756390672786,24.8879498814217));
#2020=CARTESIAN_POINT('Ctrl Pts',(-5.20761438882502,-18.2027424787852,24.9421149356101));
#2021=CARTESIAN_POINT('Ctrl Pts',(-2.65725747406818,-18.7456850368726,24.9962799897986));
#2022=CARTESIAN_POINT('Ctrl Pts',(-0.104059174598628,-18.7597946967237,
25.050445043987));
#2023=CARTESIAN_POINT('Ctrl Pts',(1.59807302504773,-18.7692011366244,25.0865550801127));
#2024=CARTESIAN_POINT('Ctrl Pts',(3.30146806234411,-18.5435707328646,25.1226651162383));
#2025=CARTESIAN_POINT('Ctrl Pts',(4.94408971165482,-18.0952634407812,25.1587751523639));
#2026=CARTESIAN_POINT('Ctrl Pts',(6.58671136096567,-17.6469561486977,25.1948851884896));
#2027=CARTESIAN_POINT('Ctrl Pts',(8.16855962229076,-16.9759719682906,25.2309952246152));
#2028=CARTESIAN_POINT('Ctrl Pts',(9.62897091659615,-16.1017799099129,25.2671052607408));
#2029=CARTESIAN_POINT('Ctrl Pts',(12.5497935052068,-14.3533957931575,25.3393253329921));
#2030=CARTESIAN_POINT('Ctrl Pts',(14.9848682257387,-11.7921801645194,25.4115454052434));
#2031=CARTESIAN_POINT('Ctrl Pts',(16.5783037048451,-8.78504424898853,25.4837654774947));
#2032=CARTESIAN_POINT('Ctrl Pts',(18.1717391839514,-5.77790833345756,25.5559855497459));
#2033=CARTESIAN_POINT('Ctrl Pts',(18.9235354216322,-2.32485213103388,25.6282056219972));
#2034=CARTESIAN_POINT('Ctrl Pts',(18.7305020984816,1.07368722659573,25.7004256942485));
#2035=CARTESIAN_POINT('Ctrl Pts',(18.5857271061187,3.62259174481778,25.7545907484369));
#2036=CARTESIAN_POINT('Ctrl Pts',(17.9094854857881,6.14083053784326,25.8087558026254));
#2037=CARTESIAN_POINT('Ctrl Pts',(16.7624129944688,8.42266943990776,25.8629208568138));
#2038=CARTESIAN_POINT('Ctrl Pts',(15.6153405031494,10.7045083419724,25.9170859110023));
#2039=CARTESIAN_POINT('Ctrl Pts',(13.9974371408413,12.7499473530762,25.9712509651907));
#2040=CARTESIAN_POINT('Ctrl Pts',(12.0395410366885,14.3880888251069,26.0254160193792));
#2041=CARTESIAN_POINT('Ctrl Pts',(10.0816449325358,16.0262302971375,26.0795810735677));
#2042=CARTESIAN_POINT('Ctrl Pts',(7.78375608653838,17.2570742300951,26.1337461277561));
#2043=CARTESIAN_POINT('Ctrl Pts',(5.335318772823,17.9841967009063,26.1879111819445));
#2044=CARTESIAN_POINT('Ctrl Pts',(2.88688145910762,18.7113191717176,26.242076236133));
#2045=CARTESIAN_POINT('Ctrl Pts',(0.287895677674209,18.9347201803826,26.2962412903214));
#2046=CARTESIAN_POINT('Ctrl Pts',(-2.24629042479978,18.6270952329265,26.3504063445099));
#2047=CARTESIAN_POINT('Ctrl Pts',(-6.04756957851075,18.1656578117424,26.4316539257926));
#2048=CARTESIAN_POINT('Ctrl Pts',(-9.70304945456272,16.5094119892858,26.5129015070753));
#2049=CARTESIAN_POINT('Ctrl Pts',(-12.5489930797237,13.9499880083051,26.594149088358));
#2050=CARTESIAN_POINT('Ctrl Pts',(-15.3949367048848,11.3905640273244,26.6753966696406));
#2051=CARTESIAN_POINT('Ctrl Pts',(-17.4313440791549,7.92796188781942,26.7566442509233));
#2052=CARTESIAN_POINT('Ctrl Pts',(-18.287710412243,4.19639703327948,26.837891832206));
#2053=CARTESIAN_POINT('Ctrl Pts',(-18.6030758379744,2.82221113464319,26.8678120626855));
#2054=CARTESIAN_POINT('Ctrl Pts',(-18.7584095340093,1.41154975167307,26.8977322931649));
#2055=CARTESIAN_POINT('Ctrl Pts',(-18.7566504015627,0.000586189395376723,
26.9276525236444));
#2056=CARTESIAN_POINT('Origin',(0.,0.,0.));
#2057=CARTESIAN_POINT('',(-18.7565118188835,-0.000914380634665122,29.4276525237644));
#2058=CARTESIAN_POINT('',(-18.757819811679,0.00128979332310972,29.322347476226));
#2059=CARTESIAN_POINT('',(-18.75935,-2.29735779315849E-15,0.));
#2060=CARTESIAN_POINT('Ctrl Pts',(-18.757819811679,0.00128979332310972,
29.322347476226));
#2061=CARTESIAN_POINT('Ctrl Pts',(-18.7597849747665,1.15218441470243,29.2979414047388));
#2062=CARTESIAN_POINT('Ctrl Pts',(-18.6567630459251,2.30273175246212,29.2735353332517));
#2063=CARTESIAN_POINT('Ctrl Pts',(-18.4463402156212,3.43328930648257,29.2491292617645));
#2064=CARTESIAN_POINT('Ctrl Pts',(-17.7458446025584,7.1969047172362,29.1678816804818));
#2065=CARTESIAN_POINT('Ctrl Pts',(-15.8551130750998,10.7389897851024,29.0866340991991));
#2066=CARTESIAN_POINT('Ctrl Pts',(-13.1179539282254,13.4154493702963,29.0053865179165));
#2067=CARTESIAN_POINT('Ctrl Pts',(-10.380794781351,16.0919089554903,28.9241389366338));
#2068=CARTESIAN_POINT('Ctrl Pts',(-6.79720801506065,17.902743058012,28.8428913553511));
#2069=CARTESIAN_POINT('Ctrl Pts',(-3.01883416431074,18.5186797421625,28.7616437740684));
#2070=CARTESIAN_POINT('Ctrl Pts',(0.759539686439159,19.1346164263131,28.6803961927858));
#2071=CARTESIAN_POINT('Ctrl Pts',(4.73270062164867,18.5556556920925,28.5991486115031));
#2072=CARTESIAN_POINT('Ctrl Pts',(8.17817243025581,16.8870549144747,28.5179010302204));
#2073=CARTESIAN_POINT('Ctrl Pts',(11.623644238863,15.2184541368569,28.4366534489377));
#2074=CARTESIAN_POINT('Ctrl Pts',(14.5414269208677,12.4602133158418,28.355405867655));
#2075=CARTESIAN_POINT('Ctrl Pts',(16.400947054646,9.11393121159979,28.2741582863723));
#2076=CARTESIAN_POINT('Ctrl Pts',(18.2604671884242,5.76764910735778,28.1929107050897));
#2077=CARTESIAN_POINT('Ctrl Pts',(19.061724773976,1.83332571988875,28.111663123807));
#2078=CARTESIAN_POINT('Ctrl Pts',(18.6590274976133,-1.97370124807614,28.0304155425243));
#2079=CARTESIAN_POINT('Ctrl Pts',(18.2563302212506,-5.7807282160409,27.9491679612416));
#2080=CARTESIAN_POINT('Ctrl Pts',(16.6496780829735,-9.46045876450159,27.867920379959));
#2081=CARTESIAN_POINT('Ctrl Pts',(14.1312087766163,-12.343619804302,27.7866727986763));
#2082=CARTESIAN_POINT('Ctrl Pts',(11.6127394702589,-15.2267808441026,27.7054252173936));
#2083=CARTESIAN_POINT('Ctrl Pts',(8.18245299582132,-17.3133723752428,27.6241776361109));
#2084=CARTESIAN_POINT('Ctrl Pts',(4.46414182311026,-18.2242602151603,27.5429300548282));
#2085=CARTESIAN_POINT('Ctrl Pts',(0.745830650399245,-19.1351480550778,27.4616824735456));
#2086=CARTESIAN_POINT('Ctrl Pts',(-3.26050522058528,-18.8703322037727,27.3804348922629));
#2087=CARTESIAN_POINT('Ctrl Pts',(-6.82641178984282,-17.4774074873779,27.2991873109802));
#2088=CARTESIAN_POINT('Ctrl Pts',(-10.3923183591004,-16.084482770983,27.2179397296975));
#2089=CARTESIAN_POINT('Ctrl Pts',(-13.517795626631,-13.5634491894986,27.1366921484148));
#2090=CARTESIAN_POINT('Ctrl Pts',(-15.6343974904825,-10.3738069691366,27.0554445671321));
#2091=CARTESIAN_POINT('Ctrl Pts',(-17.6585551300896,-7.32347484091539,26.9777455368319));
#2092=CARTESIAN_POINT('Ctrl Pts',(-18.760039690178,-3.66166265323768,26.9000465065317));
#2093=CARTESIAN_POINT('Ctrl Pts',(-18.7628637066053,-0.00015634087075869,
26.8223474762315));
#2094=CARTESIAN_POINT('Ctrl Pts',(-18.7566504015627,0.000586189395376723,
26.9276525236444));
#2095=CARTESIAN_POINT('Ctrl Pts',(-18.7536326571555,-2.4198838594975,26.9789798744476));
#2096=CARTESIAN_POINT('Ctrl Pts',(-18.2883145985592,-4.8412431761576,27.0303072252508));
#2097=CARTESIAN_POINT('Ctrl Pts',(-17.3755329058603,-7.08087529441728,27.081634576054));
#2098=CARTESIAN_POINT('Ctrl Pts',(-15.9306637744832,-10.6260551979994,27.1628821573367));
#2099=CARTESIAN_POINT('Ctrl Pts',(-13.3646002198229,-13.7158874355886,27.2441297386194));
#2100=CARTESIAN_POINT('Ctrl Pts',(-10.1441633661811,-15.7851180918941,27.325377319902));
#2101=CARTESIAN_POINT('Ctrl Pts',(-6.92372651253917,-17.8543487481995,27.4066249011847));
#2102=CARTESIAN_POINT('Ctrl Pts',(-3.04891635991562,-18.9029778232212,27.4878724824674));
#2103=CARTESIAN_POINT('Ctrl Pts',(0.776511667654639,-18.7461295715829,27.5691200637501));
#2104=CARTESIAN_POINT('Ctrl Pts',(2.68922568143982,-18.6677054457637,27.6097438543914));
#2105=CARTESIAN_POINT('Ctrl Pts',(4.58959416396163,-18.2879119882795,27.6503676450328));
#2106=CARTESIAN_POINT('Ctrl Pts',(6.39103978972714,-17.6350809039403,27.6909914356741));
#2107=CARTESIAN_POINT('Ctrl Pts',(8.19248541549266,-16.9822498196012,27.7316152263155));
#2108=CARTESIAN_POINT('Ctrl Pts',(9.89500818450173,-16.0563811084071,27.7722390169568));
#2109=CARTESIAN_POINT('Ctrl Pts',(11.4138722669941,-14.891164505752,27.8128628075981));
#2110=CARTESIAN_POINT('Ctrl Pts',(14.4516004319788,-12.5607313004419,27.8941103888808));
#2111=CARTESIAN_POINT('Ctrl Pts',(16.7546938508965,-9.27290652928806,27.9753579701635));
#2112=CARTESIAN_POINT('Ctrl Pts',(17.901783034613,-5.62096779386406,28.0566055514462));
#2113=CARTESIAN_POINT('Ctrl Pts',(19.0488722183295,-1.96902905844015,28.1378531327289));
#2114=CARTESIAN_POINT('Ctrl Pts',(19.039957166845,2.04702364125382,28.2191007140115));
#2115=CARTESIAN_POINT('Ctrl Pts',(17.8779221422672,5.69492424018377,28.3003482952942));
#2116=CARTESIAN_POINT('Ctrl Pts',(16.7158871176894,9.3428248391138,28.3815958765769));
#2117=CARTESIAN_POINT('Ctrl Pts',(14.4007321200181,12.6225733372798,28.4628434578596));
#2118=CARTESIAN_POINT('Ctrl Pts',(11.3528187548393,14.9387603715401,28.5440910391423));
#2119=CARTESIAN_POINT('Ctrl Pts',(8.30490538966048,17.2549474058005,28.6253386204249));
#2120=CARTESIAN_POINT('Ctrl Pts',(4.52423365697395,18.6075729761553,28.7065862017076));
#2121=CARTESIAN_POINT('Ctrl Pts',(0.698602145085321,18.7501797157765,28.7878337829903));
#2122=CARTESIAN_POINT('Ctrl Pts',(-3.12702936680341,18.8927864553977,28.8690813642729));
#2123=CARTESIAN_POINT('Ctrl Pts',(-6.99762065789417,17.8253743642852,28.9503289455556));
#2124=CARTESIAN_POINT('Ctrl Pts',(-10.2095110825402,15.7422835537224,29.0315765268383));
#2125=CARTESIAN_POINT('Ctrl Pts',(-13.4214015071862,13.6591927431596,29.112824108121));
#2126=CARTESIAN_POINT('Ctrl Pts',(-15.9745910653874,10.5604232131464,29.1940716894037));
#2127=CARTESIAN_POINT('Ctrl Pts',(-17.4047221745438,7.00935862135297,29.2753192706863));
#2128=CARTESIAN_POINT('Ctrl Pts',(-18.2985191374668,4.79003010876622,29.3260970217124));
#2129=CARTESIAN_POINT('Ctrl Pts',(-18.7536557298778,2.39403766604298,29.3768747727384));
#2130=CARTESIAN_POINT('Ctrl Pts',(-18.7565118188835,-0.000914380634665122,
29.4276525237644));
#2131=CARTESIAN_POINT('Origin',(0.,0.,0.));
#2132=CARTESIAN_POINT('',(-18.7588336718767,0.000469117577787341,31.9276525237774));
#2133=CARTESIAN_POINT('',(-18.7561815081297,-0.00128262776602411,31.8223474763406));
#2134=CARTESIAN_POINT('',(-18.75935,-2.29735779315849E-15,0.));
#2135=CARTESIAN_POINT('Ctrl Pts',(-18.7561815081297,-0.00128262776602411,
31.8223474763406));
#2136=CARTESIAN_POINT('Ctrl Pts',(-18.7547688055245,2.1341866141279,31.7770838843087));
#2137=CARTESIAN_POINT('Ctrl Pts',(-18.3947146850269,4.2703526982825,31.7318202922768));
#2138=CARTESIAN_POINT('Ctrl Pts',(-17.680781307562,6.28033843571874,31.6865567002449));
#2139=CARTESIAN_POINT('Ctrl Pts',(-16.3992798289542,9.88823768207658,31.6053091189622));
#2140=CARTESIAN_POINT('Ctrl Pts',(-13.9775864350857,13.0895863653244,31.5240615376795));
#2141=CARTESIAN_POINT('Ctrl Pts',(-10.8551394380205,15.3041217966803,31.4428139563969));
#2142=CARTESIAN_POINT('Ctrl Pts',(-7.73269244095532,17.5186572280362,31.3615663751142));
#2143=CARTESIAN_POINT('Ctrl Pts',(-3.90949184069343,18.7463794075003,31.2803187938315));
#2144=CARTESIAN_POINT('Ctrl Pts',(-0.081223599183729,18.7630771440333,31.1990712125488));
#2145=CARTESIAN_POINT('Ctrl Pts',(3.74704464232597,18.7797748805662,31.1178236312661));
#2146=CARTESIAN_POINT('Ctrl Pts',(7.58038052508347,17.5854481741681,31.0365760499834));
#2147=CARTESIAN_POINT('Ctrl Pts',(10.7219785408186,15.3977733112318,30.9553284687008));
#2148=CARTESIAN_POINT('Ctrl Pts',(13.8635765565536,13.2100984482956,30.8740808874181));
#2149=CARTESIAN_POINT('Ctrl Pts',(16.3134367052663,10.0290754288213,30.7928333061354));
#2150=CARTESIAN_POINT('Ctrl Pts',(17.625948000295,6.43288040873403,30.7115857248527));
#2151=CARTESIAN_POINT('Ctrl Pts',(18.9384592953237,2.83668538864681,30.6303381435701));
#2152=CARTESIAN_POINT('Ctrl Pts',(19.1136217366683,-1.17468163205331,30.5490905622873));
#2153=CARTESIAN_POINT('Ctrl Pts',(18.1196509958655,-4.87165889826094,30.4678429810047));
#2154=CARTESIAN_POINT('Ctrl Pts',(17.1256802550626,-8.56863616446866,30.386595399722));
#2155=CARTESIAN_POINT('Ctrl Pts',(14.9625763321122,-11.9512236761839,30.3053478184393));
#2156=CARTESIAN_POINT('Ctrl Pts',(12.0236425871331,-14.404402893949,30.2241002371567));
#2157=CARTESIAN_POINT('Ctrl Pts',(9.0847088421541,-16.8575821117142,30.142852655874));
#2158=CARTESIAN_POINT('Ctrl Pts',(5.3699452751465,-18.3813530355292,30.0616050745913));
#2159=CARTESIAN_POINT('Ctrl Pts',(1.55486201479946,-18.6985970575261,29.9803574933086));
#2160=CARTESIAN_POINT('Ctrl Pts',(-2.26022124554759,-19.015841079523,29.8991099120259));
#2161=CARTESIAN_POINT('Ctrl Pts',(-6.17562419923407,-18.1265581997017,29.8178623307433));
#2162=CARTESIAN_POINT('Ctrl Pts',(-9.47938035492688,-16.1924738084032,29.7366147494606));
#2163=CARTESIAN_POINT('Ctrl Pts',(-12.7831365106197,-14.2583894171046,29.6553671681779));
#2164=CARTESIAN_POINT('Ctrl Pts',(-15.4752458683188,-11.2795035143288,29.5741195868952));
#2165=CARTESIAN_POINT('Ctrl Pts',(-17.0661706978349,-7.7974876861204,29.4928720056125));
#2166=CARTESIAN_POINT('Ctrl Pts',(-18.1791954531964,-5.36143933018667,29.436030495817));
#2167=CARTESIAN_POINT('Ctrl Pts',(-18.7532429654239,-2.67913290105296,29.3791889860215));
#2168=CARTESIAN_POINT('Ctrl Pts',(-18.757819811679,0.00128979332310972,
29.322347476226));
#2169=CARTESIAN_POINT('Ctrl Pts',(-18.7565118188835,-0.000914380634665122,
29.4276525237644));
#2170=CARTESIAN_POINT('Ctrl Pts',(-18.7582256511318,-1.43803557762826,29.458122354021));
#2171=CARTESIAN_POINT('Ctrl Pts',(-18.5970845148741,-2.87478215386334,29.4885921842777));
#2172=CARTESIAN_POINT('Ctrl Pts',(-18.270145540203,-4.27275795579096,29.5190620145344));
#2173=CARTESIAN_POINT('Ctrl Pts',(-17.398365136594,-8.00045028756747,29.6003095958171));
#2174=CARTESIAN_POINT('Ctrl Pts',(-15.3477316692642,-11.4524752975467,29.6815571770997));
#2175=CARTESIAN_POINT('Ctrl Pts',(-12.4911120262911,-14.0010026573976,29.7628047583824));
#2176=CARTESIAN_POINT('Ctrl Pts',(-9.634492383318,-16.5495300172484,29.8440523396651));
#2177=CARTESIAN_POINT('Ctrl Pts',(-5.9718865647017,-18.1945597269708,29.9252999209478));
#2178=CARTESIAN_POINT('Ctrl Pts',(-2.16930719252216,-18.6372324922087,30.0065475022305));
#2179=CARTESIAN_POINT('Ctrl Pts',(1.63327217965748,-19.0799052574466,30.0877950835131));
#2180=CARTESIAN_POINT('Ctrl Pts',(5.57582510540032,-18.3202210782,30.1690426647958));
#2181=CARTESIAN_POINT('Ctrl Pts',(8.94143115759568,-16.4957698776005,30.2502902460785));
#2182=CARTESIAN_POINT('Ctrl Pts',(12.307037209791,-14.671318677001,30.3315378273612));
#2183=CARTESIAN_POINT('Ctrl Pts',(15.0956963884388,-11.7821004550486,30.4127854086439));
#2184=CARTESIAN_POINT('Ctrl Pts',(16.8003429886129,-8.35456484211264,30.4940329899265));
#2185=CARTESIAN_POINT('Ctrl Pts',(18.5049895887869,-4.92702922917681,30.5752805712092));
#2186=CARTESIAN_POINT('Ctrl Pts',(19.1256236104872,-0.961176225257368,30.6565281524919));
#2187=CARTESIAN_POINT('Ctrl Pts',(18.5493362411598,2.82393990813127,30.7377757337746));
#2188=CARTESIAN_POINT('Ctrl Pts',(17.9730488718323,6.6090560415201,30.8190233150573));
#2189=CARTESIAN_POINT('Ctrl Pts',(16.1998401114771,10.2134353043781,30.9002708963399));
#2190=CARTESIAN_POINT('Ctrl Pts',(13.5522824695026,12.9774089273462,30.9815184776226));
#2191=CARTESIAN_POINT('Ctrl Pts',(10.9047248275281,15.7413825503143,31.0627660589053));
#2192=CARTESIAN_POINT('Ctrl Pts',(7.38281830393413,17.6649505333926,31.144013640188));
#2193=CARTESIAN_POINT('Ctrl Pts',(3.6263152819579,18.4082363786582,31.2252612214706));
#2194=CARTESIAN_POINT('Ctrl Pts',(1.12197993397371,18.9037602755019,31.2794262756591));
#2195=CARTESIAN_POINT('Ctrl Pts',(-1.48662052440259,18.8747143333178,31.3335913298475));
#2196=CARTESIAN_POINT('Ctrl Pts',(-3.9822354909185,18.331802743207,31.387756384036));
#2197=CARTESIAN_POINT('Ctrl Pts',(-6.47785045743451,17.7888911530961,31.4419214382244));
#2198=CARTESIAN_POINT('Ctrl Pts',(-8.86047993208991,16.7321139150584,31.4960864924129));
#2199=CARTESIAN_POINT('Ctrl Pts',(-10.9350901936353,15.2442031114272,31.5502515466014));
#2200=CARTESIAN_POINT('Ctrl Pts',(-13.0097004551806,13.7562923077959,31.6044166007898));
#2201=CARTESIAN_POINT('Ctrl Pts',(-14.7762915036159,11.837247938571,31.6585816549783));
#2202=CARTESIAN_POINT('Ctrl Pts',(-16.0894929753043,9.64688797443644,31.7127467091668));
#2203=CARTESIAN_POINT('Ctrl Pts',(-17.4026944469926,7.45652801030213,31.7669117633552));
#2204=CARTESIAN_POINT('Ctrl Pts',(-18.2625063419342,4.99485245125826,31.8210768175436));
#2205=CARTESIAN_POINT('Ctrl Pts',(-18.5976804994966,2.46391324770549,31.8752418717321));
#2206=CARTESIAN_POINT('Ctrl Pts',(-18.705786463202,1.64759249174446,31.8927120890805));
#2207=CARTESIAN_POINT('Ctrl Pts',(-18.7593144065945,0.824066244589008,31.910182306429));
#2208=CARTESIAN_POINT('Ctrl Pts',(-18.7588336718767,0.000469117577787341,
31.9276525237774));
#2209=CARTESIAN_POINT('Origin',(0.,0.,0.));
#2210=CARTESIAN_POINT('',(-18.7582907708435,5.57358167440676E-5,34.4276525236566));
#2211=CARTESIAN_POINT('',(-18.7592627029381,1.14723034292736E-5,34.3223474764089));
#2212=CARTESIAN_POINT('',(-18.75935,-2.29735779315849E-15,0.));
#2213=CARTESIAN_POINT('Ctrl Pts',(-18.7592627029381,1.14723034292736E-5,
34.3223474764089));
#2214=CARTESIAN_POINT('Ctrl Pts',(-18.7595784851302,0.563703024192611,34.3103914180361));
#2215=CARTESIAN_POINT('Ctrl Pts',(-18.7345058592719,1.12738082187304,34.2984353596634));
#2216=CARTESIAN_POINT('Ctrl Pts',(-18.6837859262542,1.6887596558032,34.2864793012906));
#2217=CARTESIAN_POINT('Ctrl Pts',(-18.4540071952809,4.23199874113097,34.2323142471021));
#2218=CARTESIAN_POINT('Ctrl Pts',(-17.6978427630877,6.72805386136377,34.1781491929137));
#2219=CARTESIAN_POINT('Ctrl Pts',(-16.4768162600588,8.97036171653864,34.1239841387252));
#2220=CARTESIAN_POINT('Ctrl Pts',(-15.2557897570297,11.2126695717137,34.0698190845368));
#2221=CARTESIAN_POINT('Ctrl Pts',(-13.569901183165,13.2012301618308,34.0156540303483));
#2222=CARTESIAN_POINT('Ctrl Pts',(-11.5589199985245,14.7751403951834,33.9614889761599));
#2223=CARTESIAN_POINT('Ctrl Pts',(-9.54793881388418,16.3490506285358,33.9073239219714));
#2224=CARTESIAN_POINT('Ctrl Pts',(-7.2118650184682,17.5083105051238,33.8531588677829));
#2225=CARTESIAN_POINT('Ctrl Pts',(-4.74127031150832,18.1523322646954,33.7989938135945));
#2226=CARTESIAN_POINT('Ctrl Pts',(-1.44714403556156,19.0110279441243,33.7267737413432));
#2227=CARTESIAN_POINT('Ctrl Pts',(2.08613052757412,18.9537447488573,33.654553669092));
#2228=CARTESIAN_POINT('Ctrl Pts',(5.34813259765652,17.9836824053515,33.5823335968407));
#2229=CARTESIAN_POINT('Ctrl Pts',(8.61013466773875,17.0136200618459,33.5101135245895));
#2230=CARTESIAN_POINT('Ctrl Pts',(11.6008642447676,15.1307785701014,33.4378934523382));
#2231=CARTESIAN_POINT('Ctrl Pts',(13.8902183568681,12.6114324950714,33.3656733800869));
#2232=CARTESIAN_POINT('Ctrl Pts',(15.0348954129183,11.3517594575565,33.3295633439613));
#2233=CARTESIAN_POINT('Ctrl Pts',(16.0042286027365,9.93296027422012,33.2934533078356));
#2234=CARTESIAN_POINT('Ctrl Pts',(16.7672258426594,8.41080711900239,33.25734327171));
#2235=CARTESIAN_POINT('Ctrl Pts',(17.5302230825825,6.88865396378446,33.2212332355844));
#2236=CARTESIAN_POINT('Ctrl Pts',(18.0868843726103,5.26314683668511,33.1851231994587));
#2237=CARTESIAN_POINT('Ctrl Pts',(18.4128889989365,3.59248724310776,33.1490131633331));
#2238=CARTESIAN_POINT('Ctrl Pts',(18.9018959384258,1.08649785274193,33.0948481091446));
#2239=CARTESIAN_POINT('Ctrl Pts',(18.8719253845864,-1.52108458719929,33.0406830549562));
#2240=CARTESIAN_POINT('Ctrl Pts',(18.3253183792592,-4.01547186456062,32.9865180007677));
#2241=CARTESIAN_POINT('Ctrl Pts',(17.7787113739319,-6.50985914192202,32.9323529465793));
#2242=CARTESIAN_POINT('Ctrl Pts',(16.7154679171167,-8.89105125670353,32.8781878923908));
#2243=CARTESIAN_POINT('Ctrl Pts',(15.2233966881678,-10.9629690762041,32.8240228382024));
#2244=CARTESIAN_POINT('Ctrl Pts',(13.7313254592188,-13.0348868957047,32.7698577840139));
#2245=CARTESIAN_POINT('Ctrl Pts',(11.810426458136,-14.7975304199243,32.7156927298255));
#2246=CARTESIAN_POINT('Ctrl Pts',(9.61789944094008,-16.1068640777066,32.661527675637));
#2247=CARTESIAN_POINT('Ctrl Pts',(7.42537242374437,-17.4161977354889,32.6073626214486));
#2248=CARTESIAN_POINT('Ctrl Pts',(4.96121739043557,-18.2722215268339,32.5531975672601));
#2249=CARTESIAN_POINT('Ctrl Pts',(2.42962399970103,-18.6026664074908,32.4990325130716));
#2250=CARTESIAN_POINT('Ctrl Pts',(-0.101969391033725,-18.9331112881477,
32.4448674588832));
#2251=CARTESIAN_POINT('Ctrl Pts',(-2.70100113919425,-18.7379772581166,32.3907024046948));
#2252=CARTESIAN_POINT('Ctrl Pts',(-5.15677168826469,-18.0366353040992,32.3365373505063));
#2253=CARTESIAN_POINT('Ctrl Pts',(-7.61254223733503,-17.3352933500818,32.2823722963179));
#2254=CARTESIAN_POINT('Ctrl Pts',(-9.92505158731529,-16.1277434720783,32.2282072421294));
#2255=CARTESIAN_POINT('Ctrl Pts',(-11.8976658273613,-14.5072177227264,32.1740421879409));
#2256=CARTESIAN_POINT('Ctrl Pts',(-14.8565871874304,-12.0764290986985,32.0927946066582));
#2257=CARTESIAN_POINT('Ctrl Pts',(-17.0507445501474,-8.71644476413678,32.0115470253756));
#2258=CARTESIAN_POINT('Ctrl Pts',(-18.0771684498323,-5.02922769212186,31.9302994440929));
#2259=CARTESIAN_POINT('Ctrl Pts',(-18.5317644635214,-3.39618486930838,31.8943154548421));
#2260=CARTESIAN_POINT('Ctrl Pts',(-18.7573045890227,-1.69895395246969,31.8583314655914));
#2261=CARTESIAN_POINT('Ctrl Pts',(-18.7561815081297,-0.00128262776602411,
31.8223474763406));
#2262=CARTESIAN_POINT('Ctrl Pts',(-18.7588336718767,0.000469117577787341,
31.9276525237774));
#2263=CARTESIAN_POINT('Ctrl Pts',(-18.7578239258798,-1.72943278317043,31.9643473606174));
#2264=CARTESIAN_POINT('Ctrl Pts',(-18.5185400712279,-3.45964738985856,32.0010421974574));
#2265=CARTESIAN_POINT('Ctrl Pts',(-18.0462579688114,-5.12406118279674,32.0377370342974));
#2266=CARTESIAN_POINT('Ctrl Pts',(-17.3491248603807,-7.58089356168417,32.0919020884859));
#2267=CARTESIAN_POINT('Ctrl Pts',(-16.1443222233362,-9.89435547139718,32.1460671426744));
#2268=CARTESIAN_POINT('Ctrl Pts',(-14.5279419132057,-11.8705842951029,32.2002321968628));
#2269=CARTESIAN_POINT('Ctrl Pts',(-12.3727681663652,-14.5055560600436,32.2724522691141));
#2270=CARTESIAN_POINT('Ctrl Pts',(-9.48590077848304,-16.5410023387494,32.3446723413653));
#2271=CARTESIAN_POINT('Ctrl Pts',(-6.2788428058347,-17.6803489981692,32.4168924136166));
#2272=CARTESIAN_POINT('Ctrl Pts',(-3.07178483318645,-18.8196956575891,32.4891124858679));
#2273=CARTESIAN_POINT('Ctrl Pts',(0.455463724227764,-19.0629426977231,32.5613325581192));
#2274=CARTESIAN_POINT('Ctrl Pts',(3.78890564719524,-18.3752119688844,32.6335526303704));
#2275=CARTESIAN_POINT('Ctrl Pts',(7.12234757016289,-17.6874812400457,32.7057727026217));
#2276=CARTESIAN_POINT('Ctrl Pts',(10.2619828586836,-16.0687727422341,32.777992774873));
#2277=CARTESIAN_POINT('Ctrl Pts',(12.7588454892646,-13.7550046445638,32.8502128471242));
#2278=CARTESIAN_POINT('Ctrl Pts',(14.6314924622003,-12.0196785713111,32.9043779013127));
#2279=CARTESIAN_POINT('Ctrl Pts',(16.142579815045,-9.89338147313781,32.9585429555011));
#2280=CARTESIAN_POINT('Ctrl Pts',(17.1707527354764,-7.55571383852918,33.0127080096896));
#2281=CARTESIAN_POINT('Ctrl Pts',(18.1989256559077,-5.21804620392056,33.066873063878));
#2282=CARTESIAN_POINT('Ctrl Pts',(18.7441841439257,-2.66900803287671,33.1210381180665));
#2283=CARTESIAN_POINT('Ctrl Pts',(18.7600460567177,-0.115858770507343,33.175203172255));
#2284=CARTESIAN_POINT('Ctrl Pts',(18.7759079695097,2.43729049186193,33.2293682264434));
#2285=CARTESIAN_POINT('Ctrl Pts',(18.2623733070757,4.99455084555664,33.2835332806319));
#2286=CARTESIAN_POINT('Ctrl Pts',(17.2626265234742,7.34434537317206,33.3376983348203));
#2287=CARTESIAN_POINT('Ctrl Pts',(16.2628797398726,9.69413990078756,33.3918633890088));
#2288=CARTESIAN_POINT('Ctrl Pts',(14.7769208351035,11.8364686023237,33.4460284431972));
#2289=CARTESIAN_POINT('Ctrl Pts',(12.9264674776666,13.5957934537332,33.5001934973857));
#2290=CARTESIAN_POINT('Ctrl Pts',(11.0760141202297,15.3551183051425,33.5543585515741));
#2291=CARTESIAN_POINT('Ctrl Pts',(8.86106631012503,16.7314393064251,33.6085236057626));
#2292=CARTESIAN_POINT('Ctrl Pts',(6.46392282959809,17.6113091449985,33.662688659951));
#2293=CARTESIAN_POINT('Ctrl Pts',(4.06677934907107,18.491178983572,33.7168537141395));
#2294=CARTESIAN_POINT('Ctrl Pts',(1.48744019812157,18.8745976594364,33.7710187683279));
#2295=CARTESIAN_POINT('Ctrl Pts',(-1.06181677329148,18.7300143120214,33.8251838225164));
#2296=CARTESIAN_POINT('Ctrl Pts',(-3.61107374470453,18.5854309646063,33.8793488767049));
#2297=CARTESIAN_POINT('Ctrl Pts',(-6.13024853658133,17.9128455939117,33.9335139308933));
#2298=CARTESIAN_POINT('Ctrl Pts',(-8.41268687540048,16.7678769497725,33.9876789850818));
#2299=CARTESIAN_POINT('Ctrl Pts',(-10.6951252142196,15.6229083056333,34.0418440392702));
#2300=CARTESIAN_POINT('Ctrl Pts',(-12.7408270999811,14.0055563880496,34.0960090934587));
#2301=CARTESIAN_POINT('Ctrl Pts',(-14.3802884300136,12.048069230162,34.1501741476471));
#2302=CARTESIAN_POINT('Ctrl Pts',(-16.2246824263,9.8458961775386,34.2111098336091));
#2303=CARTESIAN_POINT('Ctrl Pts',(-17.5549282192419,7.21323946140572,34.2720455195711));
#2304=CARTESIAN_POINT('Ctrl Pts',(-18.2320561763495,4.4218898183112,34.3329812055331));
#2305=CARTESIAN_POINT('Ctrl Pts',(-18.5827242357719,2.97631789613782,34.3645383115743));
#2306=CARTESIAN_POINT('Ctrl Pts',(-18.7582292553399,1.48818529966518,34.3960954176154));
#2307=CARTESIAN_POINT('Ctrl Pts',(-18.7582907708435,5.57358167440676E-5,
34.4276525236566));
#2308=CARTESIAN_POINT('Origin',(0.,0.,0.));
#2309=CARTESIAN_POINT('',(-18.7596104136729,0.00030770186033779,36.9276525234984));
#2310=CARTESIAN_POINT('',(-18.7583009040832,0.000134461882876,36.8223474765302));
#2311=CARTESIAN_POINT('',(-18.75935,-2.29735779315849E-15,0.));
#2312=CARTESIAN_POINT('Ctrl Pts',(-18.7583009040832,0.000134461882876,36.8223474765302));
#2313=CARTESIAN_POINT('Ctrl Pts',(-18.7586666349681,1.22817145773154,36.796304529384));
#2314=CARTESIAN_POINT('Ctrl Pts',(-18.6394935515474,2.45613849113204,36.7702615822378));
#2315=CARTESIAN_POINT('Ctrl Pts',(-18.3999851419354,3.66016852517156,36.7442186350916));
#2316=CARTESIAN_POINT('Ctrl Pts',(-17.8395797027409,6.47737640994829,36.6832829491296));
#2317=CARTESIAN_POINT('Ctrl Pts',(-16.6203701696464,9.16353555223349,36.6223472631676));
#2318=CARTESIAN_POINT('Ctrl Pts',(-14.8687881032796,11.4400824426648,36.5614115772056));
#2319=CARTESIAN_POINT('Ctrl Pts',(-13.117206036913,13.7166293330959,36.5004758912436));
#2320=CARTESIAN_POINT('Ctrl Pts',(-10.8332514372742,15.5835639716732,36.4395402052816));
#2321=CARTESIAN_POINT('Ctrl Pts',(-8.25377556207271,16.847295838742,36.3786045193196));
#2322=CARTESIAN_POINT('Ctrl Pts',(-5.67429968687099,18.1110277058108,36.3176688333576));
#2323=CARTESIAN_POINT('Ctrl Pts',(-2.79930253610654,18.771556801371,36.2567331473956));
#2324=CARTESIAN_POINT('Ctrl Pts',(0.0730820161289346,18.7603617671762,36.1957974614336));
#2325=CARTESIAN_POINT('Ctrl Pts',(2.94546656836422,18.7491667329814,36.1348617754715));
#2326=CARTESIAN_POINT('Ctrl Pts',(5.8152385220705,18.0662475690316,36.0739260895095));
#2327=CARTESIAN_POINT('Ctrl Pts',(8.38478832805387,16.7824699594228,36.0129904035475));
#2328=CARTESIAN_POINT('Ctrl Pts',(10.9543381340372,15.498692349814,35.9520547175855));
#2329=CARTESIAN_POINT('Ctrl Pts',(13.2236657922977,13.6140562945462,35.8911190316235));
#2330=CARTESIAN_POINT('Ctrl Pts',(14.9574623927974,11.3239103534474,35.8301833456615));
#2331=CARTESIAN_POINT('Ctrl Pts',(16.6912589932972,9.03376441234835,35.7692476596995));
#2332=CARTESIAN_POINT('Ctrl Pts',(17.8895245360361,6.33810858541827,35.7083119737375));
#2333=CARTESIAN_POINT('Ctrl Pts',(18.4279542202734,3.51665953623192,35.6473762877755));
#2334=CARTESIAN_POINT('Ctrl Pts',(18.9663839045106,0.695210487045756,35.5864406018135));
#2335=CARTESIAN_POINT('Ctrl Pts',(18.8449777302462,-2.25203178439664,35.5255049158514));
#2336=CARTESIAN_POINT('Ctrl Pts',(18.0764103528913,-5.01977675741983,35.4645692298894));
#2337=CARTESIAN_POINT('Ctrl Pts',(17.3078429755364,-7.78752173044303,35.4036335439274));
#2338=CARTESIAN_POINT('Ctrl Pts',(15.892114395091,-10.375769405047,35.3426978579654));
#2339=CARTESIAN_POINT('Ctrl Pts',(13.9758705612645,-12.5154310728094,35.2817621720034));
#2340=CARTESIAN_POINT('Ctrl Pts',(12.059626727438,-14.6550927405718,35.2208264860414));
#2341=CARTESIAN_POINT('Ctrl Pts',(9.64286764023042,-16.3461684014926,35.1598908000794));
#2342=CARTESIAN_POINT('Ctrl Pts',(6.9765427071719,-17.4148379495728,35.0989551141174));
#2343=CARTESIAN_POINT('Ctrl Pts',(4.60647610000857,-18.3647664367553,35.0447900599289));
#2344=CARTESIAN_POINT('Ctrl Pts',(2.03922166402474,-18.8229172545328,34.9906250057405));
#2345=CARTESIAN_POINT('Ctrl Pts',(-0.51334263279776,-18.7529010552058,34.936459951552));
#2346=CARTESIAN_POINT('Ctrl Pts',(-3.06590692962017,-18.6828848558788,34.8822948973636));
#2347=CARTESIAN_POINT('Ctrl Pts',(-5.60378108728118,-18.0847016394474,34.8281298431751));
#2348=CARTESIAN_POINT('Ctrl Pts',(-7.91855088169988,-17.0069926698097,34.7739647889867));
#2349=CARTESIAN_POINT('Ctrl Pts',(-10.2333206761184,-15.929283700172,34.7197997347982));
#2350=CARTESIAN_POINT('Ctrl Pts',(-12.3249861072946,-14.3720489773282,34.6656346806098));
#2351=CARTESIAN_POINT('Ctrl Pts',(-14.0214353525933,-12.4635168285542,34.6114696264213));
#2352=CARTESIAN_POINT('Ctrl Pts',(-15.717884597892,-10.55498467978,34.5573045722329));
#2353=CARTESIAN_POINT('Ctrl Pts',(-17.019117657313,-8.29515510507566,34.5031395180444));
#2354=CARTESIAN_POINT('Ctrl Pts',(-17.8180376721469,-5.87002879251202,34.448974463856));
#2355=CARTESIAN_POINT('Ctrl Pts',(-18.4406090342261,-3.98020983242411,34.4067654680403));
#2356=CARTESIAN_POINT('Ctrl Pts',(-18.7581478832531,-1.99001346846055,34.3645564722246));
#2357=CARTESIAN_POINT('Ctrl Pts',(-18.7592627029381,1.14723034292779E-5,
34.3223474764089));
#2358=CARTESIAN_POINT('Ctrl Pts',(-18.7582907708435,5.57358167440666E-5,
34.4276525236566));
#2359=CARTESIAN_POINT('Ctrl Pts',(-18.7583480396607,-1.38534168519884,34.4570311035774));
#2360=CARTESIAN_POINT('Ctrl Pts',(-18.6063489613657,-2.77073647784824,34.4864096834983));
#2361=CARTESIAN_POINT('Ctrl Pts',(-18.3020672391965,-4.12178547568575,34.5157882634192));
#2362=CARTESIAN_POINT('Ctrl Pts',(-17.6709402236627,-6.92406855653147,34.5767239493812));
#2363=CARTESIAN_POINT('Ctrl Pts',(-16.3846760713217,-9.57859214816683,34.6376596353432));
#2364=CARTESIAN_POINT('Ctrl Pts',(-14.5764257977984,-11.8103427891904,34.6985953213052));
#2365=CARTESIAN_POINT('Ctrl Pts',(-12.7681755242752,-14.0420934302139,34.7595310072672));
#2366=CARTESIAN_POINT('Ctrl Pts',(-10.4379391295695,-15.8510711206258,34.8204666932292));
#2367=CARTESIAN_POINT('Ctrl Pts',(-7.82748499996667,-17.0495487576351,34.8814023791912));
#2368=CARTESIAN_POINT('Ctrl Pts',(-5.21703087036365,-18.2480263946446,34.9423380651532));
#2369=CARTESIAN_POINT('Ctrl Pts',(-2.32635900586349,-18.8360039782515,35.0032737511152));
#2370=CARTESIAN_POINT('Ctrl Pts',(0.544827375171026,-18.7525768271472,35.0642094370773));
#2371=CARTESIAN_POINT('Ctrl Pts',(3.41601375620536,-18.6691496760428,35.1251451230393));
#2372=CARTESIAN_POINT('Ctrl Pts',(6.26771465377397,-17.9143177902272,35.1860808090013));
#2373=CARTESIAN_POINT('Ctrl Pts',(8.80417410473444,-16.5663223423497,35.2470164949633));
#2374=CARTESIAN_POINT('Ctrl Pts',(11.3406335556951,-15.2183268944721,35.3079521809253));
#2375=CARTESIAN_POINT('Ctrl Pts',(13.5618515600475,-13.2771678845327,35.3688878668873));
#2376=CARTESIAN_POINT('Ctrl Pts',(15.2375022356297,-10.9441636007191,35.4298235528493));
#2377=CARTESIAN_POINT('Ctrl Pts',(16.9131529112119,-8.61115931690558,35.4907592388113));
#2378=CARTESIAN_POINT('Ctrl Pts',(18.0432362580237,-5.88630975921788,35.5516949247733));
#2379=CARTESIAN_POINT('Ctrl Pts',(18.5105531236504,-3.05217488942734,35.6126306107353));
#2380=CARTESIAN_POINT('Ctrl Pts',(18.9778699892771,-0.218040019636893,35.6735662966973));
#2381=CARTESIAN_POINT('Ctrl Pts',(18.7824203737188,2.72538016225657,35.7345019826594));
#2382=CARTESIAN_POINT('Ctrl Pts',(17.944476944272,5.47284543114588,35.7954376686214));
#2383=CARTESIAN_POINT('Ctrl Pts',(17.1065335148251,8.22031070003546,35.8563733545834));
#2384=CARTESIAN_POINT('Ctrl Pts',(15.6260962714897,10.7718210559208,35.9173090405454));
#2385=CARTESIAN_POINT('Ctrl Pts',(13.6566856659597,12.8627850381228,35.9782447265074));
#2386=CARTESIAN_POINT('Ctrl Pts',(11.6872750604299,14.9537490203247,36.0391804124694));
#2387=CARTESIAN_POINT('Ctrl Pts',(9.22889109270559,16.5841666288432,36.1001160984314));
#2388=CARTESIAN_POINT('Ctrl Pts',(6.53647158789648,17.5849607782571,36.1610517843934));
#2389=CARTESIAN_POINT('Ctrl Pts',(3.84405208308727,18.585754927671,36.2219874703554));
#2390=CARTESIAN_POINT('Ctrl Pts',(0.917597041193092,18.9569256179801,36.2829231563175));
#2391=CARTESIAN_POINT('Ctrl Pts',(-1.93941806425307,18.6599827689745,36.3438588422795));
#2392=CARTESIAN_POINT('Ctrl Pts',(-4.79643316969933,18.3630399199689,36.4047945282415));
#2393=CARTESIAN_POINT('Ctrl Pts',(-7.58400833869748,17.3979835316486,36.4657302142035));
#2394=CARTESIAN_POINT('Ctrl Pts',(-10.0130691686882,15.8648904990976,36.5266659001655));
#2395=CARTESIAN_POINT('Ctrl Pts',(-12.4421299986787,14.3317974665467,36.5876015861275));
#2396=CARTESIAN_POINT('Ctrl Pts',(-14.5126764896617,12.2306677897652,36.6485372720895));
#2397=CARTESIAN_POINT('Ctrl Pts',(-16.0099912280377,9.77939070636911,36.7094729580515));
#2398=CARTESIAN_POINT('Ctrl Pts',(-17.5073059664137,7.32811362297297,36.7704086440135));
#2399=CARTESIAN_POINT('Ctrl Pts',(-18.4313889521828,4.52668913296216,36.8313443299755));
#2400=CARTESIAN_POINT('Ctrl Pts',(-18.6864118600201,1.66562745039813,36.8922800159375));
#2401=CARTESIAN_POINT('Ctrl Pts',(-18.7357578745558,1.11202231518699,36.9040708517911));
#2402=CARTESIAN_POINT('Ctrl Pts',(-18.7600537065635,0.556184312393196,36.9158616876447));
#2403=CARTESIAN_POINT('Ctrl Pts',(-18.7596104136729,0.00030770186033779,
36.9276525234984));
#2404=CARTESIAN_POINT('Origin',(0.,0.,0.));
#2405=CARTESIAN_POINT('',(-18.7600028379075,-0.0003076875794117,39.4276525234273));
#2406=CARTESIAN_POINT('',(-18.7601883784412,0.00020574319522362,39.3223474765682));
#2407=CARTESIAN_POINT('',(-18.75935,-2.29735779315849E-15,0.));
#2408=CARTESIAN_POINT('',(-2.47519026053099,-18.5953393514792,40.));
#2409=CARTESIAN_POINT('Ctrl Pts',(-18.7600028379075,-0.0003076875794117,
39.4276525234273));
#2410=CARTESIAN_POINT('Ctrl Pts',(-18.7602660414238,-0.376281927707747,
39.4356279577322));
#2411=CARTESIAN_POINT('Ctrl Pts',(-18.7491599746489,-0.752238661814399,
39.4436033920371));
#2412=CARTESIAN_POINT('Ctrl Pts',(-18.7265690824513,-1.12750136928092,39.4515788263419));
#2413=CARTESIAN_POINT('Ctrl Pts',(-18.5539651263613,-3.99466692056071,39.512514512304));
#2414=CARTESIAN_POINT('Ctrl Pts',(-17.7109223969595,-6.82131793617423,39.5734501982659));
#2415=CARTESIAN_POINT('Ctrl Pts',(-16.2846946809889,-9.31475199815906,39.634385884228));
#2416=CARTESIAN_POINT('Ctrl Pts',(-14.8584669650183,-11.8081860601439,39.69532157019));
#2417=CARTESIAN_POINT('Ctrl Pts',(-12.8490542624791,-13.9684031685,39.756257256152));
#2418=CARTESIAN_POINT('Ctrl Pts',(-10.4651952285091,-15.5704238306619,39.817192942114));
#2419=CARTESIAN_POINT('Ctrl Pts',(-8.08133619453903,-17.1724444928238,39.878128628076));
#2420=CARTESIAN_POINT('Ctrl Pts',(-5.32303082913835,-18.2162687087915,39.939064314038));
#2421=CARTESIAN_POINT('Ctrl Pts',(-2.47519026053093,-18.5953393514793,40.));
#2422=CARTESIAN_POINT('',(2.47519026053104,-18.5953393514792,40.));
#2423=CARTESIAN_POINT('Origin',(0.,0.,40.));
#2424=CARTESIAN_POINT('Ctrl Pts',(2.4755325931672,-18.5955629316604,40.0000000000038));
#2425=CARTESIAN_POINT('Ctrl Pts',(0.168864881747758,-18.9007323163051,39.9506462063885));
#2426=CARTESIAN_POINT('Ctrl Pts',(-2.19567756466685,-18.7762552371345,39.9012924127732));
#2427=CARTESIAN_POINT('Ctrl Pts',(-4.45556835390186,-18.2237342193297,39.8519386191579));
#2428=CARTESIAN_POINT('Ctrl Pts',(-7.24578943629125,-17.5415526733516,39.7910029331959));
#2429=CARTESIAN_POINT('Ctrl Pts',(-9.87647828815645,-16.2068558578304,39.730067247234));
#2430=CARTESIAN_POINT('Ctrl Pts',(-12.0748333668902,-14.3580840954658,39.6691315612719));
#2431=CARTESIAN_POINT('Ctrl Pts',(-14.2731884456238,-12.5093123331014,39.6081958753099));
#2432=CARTESIAN_POINT('Ctrl Pts',(-16.039209751226,-10.1464656238937,39.5472601893479));
#2433=CARTESIAN_POINT('Ctrl Pts',(-17.1897575557216,-7.51455733608011,39.4863245033859));
#2434=CARTESIAN_POINT('Ctrl Pts',(-18.2217932460838,-5.15374861855411,39.4316654944479));
#2435=CARTESIAN_POINT('Ctrl Pts',(-18.7586188790263,-2.57645292059547,39.3770064855099));
#2436=CARTESIAN_POINT('Ctrl Pts',(-18.7601883784346,0.00020574319522682,
39.322347476572));
#2437=CARTESIAN_POINT('Origin',(0.,0.,-5.52082767783593));
#2438=CARTESIAN_POINT('',(-20.4029825920436,0.000334712012962301,37.8764486891646));
#2439=CARTESIAN_POINT('',(-20.4036123048715,0.000223624841912853,38.3735513107721));
#2440=CARTESIAN_POINT('',(-20.4027,-1.82211822486116E-12,-5.52082767783593));
#2441=CARTESIAN_POINT('',(11.9322287685713,16.5496853110696,40.));
#2442=CARTESIAN_POINT('Ctrl Pts',(11.9322287686941,16.5496853112491,39.9999999997465));
#2443=CARTESIAN_POINT('Ctrl Pts',(14.4667813396278,14.7222873556653,39.9390643138698));
#2444=CARTESIAN_POINT('Ctrl Pts',(16.5737699761525,12.3038074068319,39.8781286279931));
#2445=CARTESIAN_POINT('Ctrl Pts',(18.0349078539583,9.54284162585846,39.8171929421164));
#2446=CARTESIAN_POINT('Ctrl Pts',(19.4960457338097,6.78187584101981,39.7562572561544));
#2447=CARTESIAN_POINT('Ctrl Pts',(20.3113328531339,3.67842422308217,39.6953215701924));
#2448=CARTESIAN_POINT('Ctrl Pts',(20.3963751730103,0.555430009390714,39.6343858842304));
#2449=CARTESIAN_POINT('Ctrl Pts',(20.4814174928868,-2.56756420430064,39.5734501982684));
#2450=CARTESIAN_POINT('Ctrl Pts',(19.8362150133155,-5.71010101374587,39.5125145123064));
#2451=CARTESIAN_POINT('Ctrl Pts',(18.5276195612103,-8.54679327588378,39.4515788263444));
#2452=CARTESIAN_POINT('Ctrl Pts',(17.2190241091051,-11.3834855380217,39.3906431403824));
#2453=CARTESIAN_POINT('Ctrl Pts',(15.2470356844659,-13.9143332528523,39.3297074544204));
#2454=CARTESIAN_POINT('Ctrl Pts',(12.8161780334243,-15.8766368526937,39.2687717684584));
#2455=CARTESIAN_POINT('Ctrl Pts',(10.3853203823826,-17.8389404525352,39.2078360824964));
#2456=CARTESIAN_POINT('Ctrl Pts',(7.49559350493843,-19.2326999373874,39.1469003965343));
#2457=CARTESIAN_POINT('Ctrl Pts',(4.44665116703375,-19.9135084097293,39.0859647105723));
#2458=CARTESIAN_POINT('Ctrl Pts',(1.39770882912926,-20.594316882071,39.0250290246103));
#2459=CARTESIAN_POINT('Ctrl Pts',(-1.81044896923573,-20.5621743419026,38.9640933386483));
#2460=CARTESIAN_POINT('Ctrl Pts',(-4.84512636020904,-19.8203484909413,38.9031576526863));
#2461=CARTESIAN_POINT('Ctrl Pts',(-7.87980375118254,-19.0785226399799,38.8422219667243));
#2462=CARTESIAN_POINT('Ctrl Pts',(-10.7410007347641,-17.6270134782258,38.7812862807623));
#2463=CARTESIAN_POINT('Ctrl Pts',(-13.1320121518297,-15.6163775950056,38.7203505948003));
#2464=CARTESIAN_POINT('Ctrl Pts',(-15.5230235688953,-13.6057417117855,38.6594149088383));
#2465=CARTESIAN_POINT('Ctrl Pts',(-17.4438494194446,-11.0359791070995,38.5984792228762));
#2466=CARTESIAN_POINT('Ctrl Pts',(-18.6952964540528,-8.1735591153948,38.5375435369142));
#2467=CARTESIAN_POINT('Ctrl Pts',(-19.8179423052278,-5.60574454622811,38.4828794615343));
#2468=CARTESIAN_POINT('Ctrl Pts',(-20.4019060268492,-2.8024141514714,38.4282153861545));
#2469=CARTESIAN_POINT('Ctrl Pts',(-20.4036123048672,0.000223624841914589,
38.3735513107746));
#2470=CARTESIAN_POINT('',(-11.932228758052,16.5496853189273,40.));
#2471=CARTESIAN_POINT('Origin',(0.,0.,40.));
#2472=CARTESIAN_POINT('Ctrl Pts',(-11.9326718640446,16.5497238672348,40.));
#2473=CARTESIAN_POINT('Ctrl Pts',(-9.87879855033776,18.0280736921134,39.9506462063847));
#2474=CARTESIAN_POINT('Ctrl Pts',(-7.54857352489701,19.1243941404542,39.9012924127694));
#2475=CARTESIAN_POINT('Ctrl Pts',(-5.09858963583639,19.7566658875286,39.8519386191541));
#2476=CARTESIAN_POINT('Ctrl Pts',(-2.07366616106768,20.5373133271701,39.7910029331921));
#2477=CARTESIAN_POINT('Ctrl Pts',(1.13381914934906,20.6105594090114,39.7300672472301));
#2478=CARTESIAN_POINT('Ctrl Pts',(4.19123437472349,19.9688395309592,39.6691315612681));
#2479=CARTESIAN_POINT('Ctrl Pts',(7.248649600098,19.327119652907,39.6081958753061));
#2480=CARTESIAN_POINT('Ctrl Pts',(10.1559947404302,17.9704338149613,39.5472601893441));
#2481=CARTESIAN_POINT('Ctrl Pts',(12.6117820097758,16.0394555775385,39.4863245033821));
#2482=CARTESIAN_POINT('Ctrl Pts',(15.0675692791213,14.1084773401157,39.42538881742));
#2483=CARTESIAN_POINT('Ctrl Pts',(17.0717986774802,11.603206703216,39.364453131458));
#2484=CARTESIAN_POINT('Ctrl Pts',(18.4166263992464,8.78345076592941,39.303517445496));
#2485=CARTESIAN_POINT('Ctrl Pts',(19.7614541210125,5.96369482864294,39.242581759534));
#2486=CARTESIAN_POINT('Ctrl Pts',(20.4468801661859,2.82945359096972,39.181646073572));
#2487=CARTESIAN_POINT('Ctrl Pts',(20.4018269668458,-0.294253502302595,39.12071038761));
#2488=CARTESIAN_POINT('Ctrl Pts',(20.3567737675057,-3.41796059557492,39.059774701648));
#2489=CARTESIAN_POINT('Ctrl Pts',(19.5812413236521,-6.53113354444633,38.998839015686));
#2490=CARTESIAN_POINT('Ctrl Pts',(18.1556521643493,-9.31093127949542,38.937903329724));
#2491=CARTESIAN_POINT('Ctrl Pts',(16.7300630050465,-12.0907290145446,38.876967643762));
#2492=CARTESIAN_POINT('Ctrl Pts',(14.6544171302943,-14.5371515357714,38.8160319578));
#2493=CARTESIAN_POINT('Ctrl Pts',(12.1439613782043,-16.3965037100431,38.7550962718379));
#2494=CARTESIAN_POINT('Ctrl Pts',(9.63350562611418,-18.2558558843148,38.6941605858759));
#2495=CARTESIAN_POINT('Ctrl Pts',(6.68823999668623,-19.5281377116314,38.6332248999139));
#2496=CARTESIAN_POINT('Ctrl Pts',(3.61359099863927,-20.0814118257675,38.5722892139519));
#2497=CARTESIAN_POINT('Ctrl Pts',(0.538942000592413,-20.6346859399035,38.5113535279899));
#2498=CARTESIAN_POINT('Ctrl Pts',(-2.66509036607314,-20.4689523408591,38.4504178420279));
#2499=CARTESIAN_POINT('Ctrl Pts',(-5.66624489438827,-19.6013980458818,38.3894821560659));
#2500=CARTESIAN_POINT('Ctrl Pts',(-8.6673994227035,-18.7338437509044,38.3285464701039));
#2501=CARTESIAN_POINT('Ctrl Pts',(-11.4656761126683,-17.1644687599939,38.2676107841418));
#2502=CARTESIAN_POINT('Ctrl Pts',(-13.7708911596822,-15.0560185569299,38.2066750981798));
#2503=CARTESIAN_POINT('Ctrl Pts',(-16.0761062066962,-12.947568353866,38.1457394122178));
#2504=CARTESIAN_POINT('Ctrl Pts',(-17.8882596107596,-10.3000429386484,38.0848037262559));
#2505=CARTESIAN_POINT('Ctrl Pts',(-19.0194293952189,-7.38799317450764,38.0238680402938));
#2506=CARTESIAN_POINT('Ctrl Pts',(-19.9316278495363,-5.03965667344543,37.9747282565841));
#2507=CARTESIAN_POINT('Ctrl Pts',(-20.4009731541468,-2.51929629732592,37.9255884728744));
#2508=CARTESIAN_POINT('Ctrl Pts',(-20.4029825920435,0.000334712012962282,
37.8764486891646));
#2509=CARTESIAN_POINT('Origin',(0.,0.,-5.52082767783593));
#2510=CARTESIAN_POINT('',(-20.4015480106683,6.04295689312807E-5,35.3764486891665));
#2511=CARTESIAN_POINT('',(-20.4015592394161,0.000146405978582487,35.8735513106967));
#2512=CARTESIAN_POINT('',(-20.4027,-1.82211822486116E-12,-5.52082767783593));
#2513=CARTESIAN_POINT('Ctrl Pts',(-20.4036123048715,0.000223624841912853,
38.3735513107721));
#2514=CARTESIAN_POINT('Ctrl Pts',(-20.4038080661864,0.321770319150079,38.36727970019));
#2515=CARTESIAN_POINT('Ctrl Pts',(-20.3963395855837,0.643307896536839,38.3610080896079));
#2516=CARTESIAN_POINT('Ctrl Pts',(-20.3811410561139,0.964479637665706,38.3547364790258));
#2517=CARTESIAN_POINT('Ctrl Pts',(-20.2334704048954,4.08502102029861,38.2938007930637));
#2518=CARTESIAN_POINT('Ctrl Pts',(-19.356060883791,7.17102640684061,38.2328651071017));
#2519=CARTESIAN_POINT('Ctrl Pts',(-17.8399001721413,9.90247883532821,38.1719294211397));
#2520=CARTESIAN_POINT('Ctrl Pts',(-16.3237394604916,12.6339312638158,38.1109937351777));
#2521=CARTESIAN_POINT('Ctrl Pts',(-14.1688275582967,15.010830734249,38.0500580492157));
#2522=CARTESIAN_POINT('Ctrl Pts',(-11.598631056994,16.7866882126376,37.9891223632537));
#2523=CARTESIAN_POINT('Ctrl Pts',(-9.02843455569143,18.5625456910262,37.9281866772917));
#2524=CARTESIAN_POINT('Ctrl Pts',(-6.04295345528105,19.7373611773701,37.8672509913297));
#2525=CARTESIAN_POINT('Ctrl Pts',(-2.95178474893622,20.189306455861,37.8063153053677));
#2526=CARTESIAN_POINT('Ctrl Pts',(0.13938395740879,20.641251734352,37.7453796194057));
#2527=CARTESIAN_POINT('Ctrl Pts',(3.33624026968824,20.3703268049902,37.6844439334437));
#2528=CARTESIAN_POINT('Ctrl Pts',(6.30726719201557,19.4046262025365,37.6235082474816));
#2529=CARTESIAN_POINT('Ctrl Pts',(9.27829411434282,18.4389256000829,37.5625725615196));
#2530=CARTESIAN_POINT('Ctrl Pts',(12.0234916467179,16.7784493245374,37.5016368755576));
#2531=CARTESIAN_POINT('Ctrl Pts',(14.2581803278349,14.59539060369,37.4407011895956));
#2532=CARTESIAN_POINT('Ctrl Pts',(16.492869008952,12.4123318828424,37.3797655036336));
#2533=CARTESIAN_POINT('Ctrl Pts',(18.2170488388111,9.70669071669295,37.3188298176716));
#2534=CARTESIAN_POINT('Ctrl Pts',(19.2519207676642,6.75904442159348,37.2578941317096));
#2535=CARTESIAN_POINT('Ctrl Pts',(20.2867926965173,3.8113981264941,37.1969584457476));
#2536=CARTESIAN_POINT('Ctrl Pts',(20.6323567243645,0.621746702444753,37.1360227597855));
#2537=CARTESIAN_POINT('Ctrl Pts',(20.2527775628438,-2.47914002432851,37.0750870738235));
#2538=CARTESIAN_POINT('Ctrl Pts',(19.8731984013231,-5.58002675110187,37.0141513878615));
#2539=CARTESIAN_POINT('Ctrl Pts',(18.7684760504346,-8.59214878059914,36.9532157018995));
#2540=CARTESIAN_POINT('Ctrl Pts',(17.0531712083015,-11.2031462776907,36.8922800159375));
#2541=CARTESIAN_POINT('Ctrl Pts',(15.3378663661686,-13.8141437747822,36.8313443299755));
#2542=CARTESIAN_POINT('Ctrl Pts',(13.011979032791,-16.0240167394681,36.7704086440135));
#2543=CARTESIAN_POINT('Ctrl Pts',(10.3167058895725,-17.6035994278459,36.7094729580515));
#2544=CARTESIAN_POINT('Ctrl Pts',(7.6214327463539,-19.1831821162237,36.6485372720895));
#2545=CARTESIAN_POINT('Ctrl Pts',(4.55677379329435,-20.1324745282935,36.5876015861275));
#2546=CARTESIAN_POINT('Ctrl Pts',(1.44053690659042,-20.3530339322073,36.5266659001655));
#2547=CARTESIAN_POINT('Ctrl Pts',(-1.67569998011352,-20.573593336121,36.4657302142035));
#2548=CARTESIAN_POINT('Ctrl Pts',(-4.84351480046184,-20.0654197318786,36.4047945282415));
#2549=CARTESIAN_POINT('Ctrl Pts',(-7.73440213402438,-18.8812116688344,36.3438588422794));
#2550=CARTESIAN_POINT('Ctrl Pts',(-10.625289467587,-17.6970036057901,36.2829231563174));
#2551=CARTESIAN_POINT('Ctrl Pts',(-13.2392493143639,-15.8367610839442,36.2219874703554));
#2552=CARTESIAN_POINT('Ctrl Pts',(-15.3052118806646,-13.4933920142829,36.1610517843934));
#2553=CARTESIAN_POINT('Ctrl Pts',(-17.3711744469653,-11.1500229446218,36.1001160984314));
#2554=CARTESIAN_POINT('Ctrl Pts',(-18.8891397327899,-8.32352732714534,36.0391804124694));
#2555=CARTESIAN_POINT('Ctrl Pts',(-19.70169288964,-5.30701717841694,35.9782447265074));
#2556=CARTESIAN_POINT('Ctrl Pts',(-20.1670412547531,-3.57946488940779,35.9433469212372));
#2557=CARTESIAN_POINT('Ctrl Pts',(-20.4010256413293,-1.78959085099204,35.9084491159669));
#2558=CARTESIAN_POINT('Ctrl Pts',(-20.4015592394161,0.000146405978582487,
35.8735513106967));
#2559=CARTESIAN_POINT('Ctrl Pts',(-20.4029825920436,0.000334712012962302,
37.8764486891646));
#2560=CARTESIAN_POINT('Ctrl Pts',(-20.4034649534059,0.605166863361856,37.8646527869124));
#2561=CARTESIAN_POINT('Ctrl Pts',(-20.3770180211144,1.20995698641003,37.8528568846601));
#2562=CARTESIAN_POINT('Ctrl Pts',(-20.323303143371,1.81231550993553,37.8410609824078));
#2563=CARTESIAN_POINT('Ctrl Pts',(-20.0458209422082,4.92400031717382,37.7801252964458));
#2564=CARTESIAN_POINT('Ctrl Pts',(-19.0406703750274,7.97079581858668,37.7191896104838));
#2565=CARTESIAN_POINT('Ctrl Pts',(-17.4120865560166,10.6367466077505,37.6582539245218));
#2566=CARTESIAN_POINT('Ctrl Pts',(-15.7835027370059,13.3026973969144,37.5973182385598));
#2567=CARTESIAN_POINT('Ctrl Pts',(-13.5314856661652,15.5878034738295,37.5363825525978));
#2568=CARTESIAN_POINT('Ctrl Pts',(-10.8895714089565,17.2550970651592,37.4754468666358));
#2569=CARTESIAN_POINT('Ctrl Pts',(-8.24765715174764,18.922390656489,37.4145111806737));
#2570=CARTESIAN_POINT('Ctrl Pts',(-5.21584570817071,19.9718717622333,37.3535754947118));
#2571=CARTESIAN_POINT('Ctrl Pts',(-2.10853903280674,20.2947085962578,37.2926398087497));
#2572=CARTESIAN_POINT('Ctrl Pts',(0.998767642557051,20.6175454302823,37.2317041227877));
#2573=CARTESIAN_POINT('Ctrl Pts',(4.18156954970787,20.2137379925872,37.1707684368257));
#2574=CARTESIAN_POINT('Ctrl Pts',(7.10980786246276,19.1251607661076,37.1098327508637));
#2575=CARTESIAN_POINT('Ctrl Pts',(10.0380461752176,18.036583539628,37.0488970649017));
#2576=CARTESIAN_POINT('Ctrl Pts',(12.7117208935766,16.2632365243639,36.9879613789397));
#2577=CARTESIAN_POINT('Ctrl Pts',(14.8535682431884,13.9890188288394,36.9270256929777));
#2578=CARTESIAN_POINT('Ctrl Pts',(16.9954155928003,11.7148011333148,36.8660900070157));
#2579=CARTESIAN_POINT('Ctrl Pts',(18.605435573665,8.93971275752967,36.8051543210537));
#2580=CARTESIAN_POINT('Ctrl Pts',(19.5166700822038,5.95153018849112,36.7442186350917));
#2581=CARTESIAN_POINT('Ctrl Pts',(20.4279045907425,2.96334761945275,36.6832829491296));
#2582=CARTESIAN_POINT('Ctrl Pts',(20.6403536269554,-0.237929142839019,36.6223472631677));
#2583=CARTESIAN_POINT('Ctrl Pts',(20.1319812860369,-3.32031948411214,36.5614115772056));
#2584=CARTESIAN_POINT('Ctrl Pts',(19.6236089451184,-6.40270982538544,36.5004758912436));
#2585=CARTESIAN_POINT('Ctrl Pts',(18.3944152270683,-9.36621374564008,36.4395402052816));
#2586=CARTESIAN_POINT('Ctrl Pts',(16.5718778625455,-11.903523433826,36.3786045193196));
#2587=CARTESIAN_POINT('Ctrl Pts',(14.7493404980227,-14.4408331220117,36.3176688333576));
#2588=CARTESIAN_POINT('Ctrl Pts',(12.3334594870271,-16.5519485781287,36.2567331473956));
#2589=CARTESIAN_POINT('Ctrl Pts',(9.57474600270097,-18.0179252692284,36.1957974614336));
#2590=CARTESIAN_POINT('Ctrl Pts',(6.81603251837479,-19.483901960328,36.1348617754716));
#2591=CARTESIAN_POINT('Ctrl Pts',(3.714486560718,-20.3047398864103,36.0739260895095));
#2592=CARTESIAN_POINT('Ctrl Pts',(0.591776053424859,-20.3953561066508,36.0129904035475));
#2593=CARTESIAN_POINT('Ctrl Pts',(-2.53093445386845,-20.4859723268912,35.9520547175855));
#2594=CARTESIAN_POINT('Ctrl Pts',(-5.67480951079815,-19.8463668412898,35.8911190316235));
#2595=CARTESIAN_POINT('Ctrl Pts',(-8.51389393336336,-18.5427921331649,35.8301833456615));
#2596=CARTESIAN_POINT('Ctrl Pts',(-11.3529783559284,-17.2392174250401,35.7692476596995));
#2597=CARTESIAN_POINT('Ctrl Pts',(-13.8872721441291,-15.2716734943919,35.7083119737375));
#2598=CARTESIAN_POINT('Ctrl Pts',(-15.8538354018268,-12.8443426922401,35.6473762877755));
#2599=CARTESIAN_POINT('Ctrl Pts',(-17.8203986595244,-10.4170118900884,35.5864406018135));
#2600=CARTESIAN_POINT('Ctrl Pts',(-19.2192313867191,-7.52989421643312,35.5255049158515));
#2601=CARTESIAN_POINT('Ctrl Pts',(-19.9055297450749,-4.48210029717518,35.4645692298895));
#2602=CARTESIAN_POINT('Ctrl Pts',(-20.2363538562167,-3.01293793942507,35.4351957163151));
#2603=CARTESIAN_POINT('Ctrl Pts',(-20.4016108049106,-1.50644024569592,35.4058222027408));
#2604=CARTESIAN_POINT('Ctrl Pts',(-20.4015480106683,6.04295689312807E-5,
35.3764486891665));
#2605=CARTESIAN_POINT('Origin',(0.,0.,-5.52082767783593));
#2606=CARTESIAN_POINT('',(-20.4021379663789,0.000510275311738274,32.8764486892774));
#2607=CARTESIAN_POINT('',(-20.4026054926693,1.24789628090382E-5,33.3735513106077));
#2608=CARTESIAN_POINT('',(-20.4027,-1.82211822486116E-12,-5.52082767783593));
#2609=CARTESIAN_POINT('Ctrl Pts',(-20.401559239416,0.000146405978582506,
35.8735513106967));
#2610=CARTESIAN_POINT('Ctrl Pts',(-20.4019573665536,1.33550158965754,35.8475134300049));
#2611=CARTESIAN_POINT('Ctrl Pts',(-20.2723952908305,2.67078062819066,35.8214755493132));
#2612=CARTESIAN_POINT('Ctrl Pts',(-20.0120062390911,3.98004087269765,35.7954376686214));
#2613=CARTESIAN_POINT('Ctrl Pts',(-19.4026254038163,7.04406409510317,35.7345019826594));
#2614=CARTESIAN_POINT('Ctrl Pts',(-18.0767227053912,9.96558585993344,35.6735662966973));
#2615=CARTESIAN_POINT('Ctrl Pts',(-16.1717937443286,12.4416347824408,35.6126306107353));
#2616=CARTESIAN_POINT('Ctrl Pts',(-14.2668647832661,14.9176837049479,35.5516949247733));
#2617=CARTESIAN_POINT('Ctrl Pts',(-11.7829095595662,16.9482597851322,35.4907592388113));
#2618=CARTESIAN_POINT('Ctrl Pts',(-8.97751984862042,18.3228038144141,35.4298235528493));
#2619=CARTESIAN_POINT('Ctrl Pts',(-6.17213013767435,19.6973478436961,35.3688878668873));
#2620=CARTESIAN_POINT('Ctrl Pts',(-3.04530593948228,20.4158598220757,35.3079521809253));
#2621=CARTESIAN_POINT('Ctrl Pts',(0.0787046998157369,20.4038034210414,35.2470164949633));
#2622=CARTESIAN_POINT('Ctrl Pts',(3.20271533911347,20.3917470200071,35.1860808090013));
#2623=CARTESIAN_POINT('Ctrl Pts',(6.3239124195172,19.6491222395589,35.1251451230392));
#2624=CARTESIAN_POINT('Ctrl Pts',(9.11861236051021,18.2529903500024,35.0642094370773));
#2625=CARTESIAN_POINT('Ctrl Pts',(11.9133123015033,16.856858460446,35.0032737511153));
#2626=CARTESIAN_POINT('Ctrl Pts',(14.3815151030858,14.8072194617813,34.9423380651533));
#2627=CARTESIAN_POINT('Ctrl Pts',(16.2672902908029,12.3165249935258,34.8814023791913));
#2628=CARTESIAN_POINT('Ctrl Pts',(18.1530654785202,9.82583052527024,34.8204666932292));
#2629=CARTESIAN_POINT('Ctrl Pts',(19.4564130523719,6.8940805874241,34.7595310072672));
#2630=CARTESIAN_POINT('Ctrl Pts',(20.0421272849946,3.82549032001901,34.6985953213052));
#2631=CARTESIAN_POINT('Ctrl Pts',(20.6278415176172,0.756900052614015,34.6376596353432));
#2632=CARTESIAN_POINT('Ctrl Pts',(20.4959224090107,-2.44853054434995,34.5767239493812));
#2633=CARTESIAN_POINT('Ctrl Pts',(19.660142251639,-5.4587664707257,34.5157882634192));
#2634=CARTESIAN_POINT('Ctrl Pts',(18.8243620942673,-8.46900239710146,34.4548525774572));
#2635=CARTESIAN_POINT('Ctrl Pts',(17.2847208881306,-11.284043652889,34.3939168914952));
#2636=CARTESIAN_POINT('Ctrl Pts',(15.2006998302726,-13.6112228226318,34.3329812055331));
#2637=CARTESIAN_POINT('Ctrl Pts',(13.1166787724146,-15.9384019923745,34.2720455195711));
#2638=CARTESIAN_POINT('Ctrl Pts',(10.4882778628353,-17.7777190760724,34.2111098336092));
#2639=CARTESIAN_POINT('Ctrl Pts',(7.5884228692973,-18.9401166139054,34.1501741476471));
#2640=CARTESIAN_POINT('Ctrl Pts',(5.01077398615235,-19.9733588697571,34.0960090934587));
#2641=CARTESIAN_POINT('Ctrl Pts',(2.21864286383025,-20.4717511140613,34.0418440392702));
#2642=CARTESIAN_POINT('Ctrl Pts',(-0.557533182246109,-20.395707429551,33.9876789850817));
#2643=CARTESIAN_POINT('Ctrl Pts',(-3.33370922832228,-20.3196637450407,33.9335139308933));
#2644=CARTESIAN_POINT('Ctrl Pts',(-6.09393019815272,-19.6691841317159,33.8793488767049));
#2645=CARTESIAN_POINT('Ctrl Pts',(-8.61152241719346,-18.4971622495631,33.8251838225164));
#2646=CARTESIAN_POINT('Ctrl Pts',(-11.1291146362343,-17.3251403674102,33.771018768328));
#2647=CARTESIAN_POINT('Ctrl Pts',(-13.4040781044854,-15.6315762164294,33.7168537141395));
#2648=CARTESIAN_POINT('Ctrl Pts',(-15.2492183925222,-13.5559239861633,33.662688659951));
#2649=CARTESIAN_POINT('Ctrl Pts',(-17.094358680559,-11.4802717558971,33.6085236057626));
#2650=CARTESIAN_POINT('Ctrl Pts',(-18.5096757883814,-9.02253144634547,33.5543585515741));
#2651=CARTESIAN_POINT('Ctrl Pts',(-19.3786832682872,-6.38499326301459,33.5001934973857));
#2652=CARTESIAN_POINT('Ctrl Pts',(-20.0559527072306,-4.32940220433912,33.4579794351264));
#2653=CARTESIAN_POINT('Ctrl Pts',(-20.4013928062756,-2.16460163017538,33.4157653728671));
#2654=CARTESIAN_POINT('Ctrl Pts',(-20.4026054926693,1.24789628090382E-5,
33.3735513106077));
#2655=CARTESIAN_POINT('Ctrl Pts',(-20.4015480106683,6.04295689312776E-5,
35.3764486891665));
#2656=CARTESIAN_POINT('Ctrl Pts',(-20.4014805375451,1.61881243533643,35.3448865167788));
#2657=CARTESIAN_POINT('Ctrl Pts',(-20.2105390976999,3.23756788350916,35.3133243443911));
#2658=CARTESIAN_POINT('Ctrl Pts',(-19.8290306406198,4.81001212828022,35.2817621720034));
#2659=CARTESIAN_POINT('Ctrl Pts',(-19.0924691882923,7.84586046961686,35.2208264860414));
#2660=CARTESIAN_POINT('Ctrl Pts',(-17.6455822941206,10.7090869874295,35.1598908000794));
#2661=CARTESIAN_POINT('Ctrl Pts',(-15.6395248513615,13.1040974022547,35.0989551141174));
#2662=CARTESIAN_POINT('Ctrl Pts',(-13.8563626800202,15.232995548766,35.044790059929));
#2663=CARTESIAN_POINT('Ctrl Pts',(-11.6313867418939,16.9919451694601,34.9906250057405));
#2664=CARTESIAN_POINT('Ctrl Pts',(-9.14895547287947,18.2371201277281,34.936459951552));
#2665=CARTESIAN_POINT('Ctrl Pts',(-6.66652420386495,19.4822950859961,34.8822948973636));
#2666=CARTESIAN_POINT('Ctrl Pts',(-3.92663760396228,20.2136953818379,34.8281298431751));
#2667=CARTESIAN_POINT('Ctrl Pts',(-1.15405551247302,20.3708385569408,34.7739647889867));
#2668=CARTESIAN_POINT('Ctrl Pts',(1.61852657901634,20.5279817320437,34.7197997347982));
#2669=CARTESIAN_POINT('Ctrl Pts',(4.42380416209234,20.1108677864076,34.6656346806098));
#2670=CARTESIAN_POINT('Ctrl Pts',(7.03090480801385,19.1538203073351,34.6114696264213));
#2671=CARTESIAN_POINT('Ctrl Pts',(9.63800545393513,18.1967728282627,34.5573045722328));
#2672=CARTESIAN_POINT('Ctrl Pts',(12.046929162702,16.6997918157542,34.5031395180444));
#2673=CARTESIAN_POINT('Ctrl Pts',(14.0594121915244,14.786270327812,34.448974463856));
#2674=CARTESIAN_POINT('Ctrl Pts',(16.0718952203468,12.8727488398698,34.3948094096675));
#2675=CARTESIAN_POINT('Ctrl Pts',(17.6879375692248,10.5426868764939,34.3406443554791));
#2676=CARTESIAN_POINT('Ctrl Pts',(18.7751661941788,7.98700493892055,34.2864793012906));
#2677=CARTESIAN_POINT('Ctrl Pts',(19.8623948191329,5.43132300134719,34.2323142471022));
#2678=CARTESIAN_POINT('Ctrl Pts',(20.420809720163,2.6500210895763,34.1781491929137));
#2679=CARTESIAN_POINT('Ctrl Pts',(20.403452204058,-0.126787598085482,34.1239841387252));
#2680=CARTESIAN_POINT('Ctrl Pts',(20.386094687953,-2.90359628574727,34.0698190845368));
#2681=CARTESIAN_POINT('Ctrl Pts',(19.792964754713,-5.67591174929999,34.0156540303483));
#2682=CARTESIAN_POINT('Ctrl Pts',(18.6746250703261,-8.21832020572671,33.9614889761599));
#2683=CARTESIAN_POINT('Ctrl Pts',(17.5562853859393,-10.7607286621535,33.9073239219714));
#2684=CARTESIAN_POINT('Ctrl Pts',(15.9127359504056,-13.0732301114543,33.853158867783));
#2685=CARTESIAN_POINT('Ctrl Pts',(13.8759699193769,-14.9604958081073,33.7989938135945));
#2686=CARTESIAN_POINT('Ctrl Pts',(11.1602818780054,-17.4768500703112,33.7267737413433));
#2687=CARTESIAN_POINT('Ctrl Pts',(7.74554211130939,-19.2372296611412,33.654553669092));
#2688=CARTESIAN_POINT('Ctrl Pts',(4.12005660806705,-19.9850682437777,33.5823335968407));
#2689=CARTESIAN_POINT('Ctrl Pts',(0.494571104824719,-20.7329068264141,33.5101135245894));
#2690=CARTESIAN_POINT('Ctrl Pts',(-3.34166013496403,-20.4682044008571,33.4378934523382));
#2691=CARTESIAN_POINT('Ctrl Pts',(-6.82961433740346,-19.2289158548253,33.3656733800869));
#2692=CARTESIAN_POINT('Ctrl Pts',(-10.3175685398429,-17.9896273087935,33.2934533078356));
#2693=CARTESIAN_POINT('Ctrl Pts',(-13.4572457049331,-15.7757526422869,33.2212332355844));
#2694=CARTESIAN_POINT('Ctrl Pts',(-15.8011067518218,-12.9098634677,33.1490131633331));
#2695=CARTESIAN_POINT('Ctrl Pts',(-17.5590025369884,-10.7604465867597,33.0948481091446));
#2696=CARTESIAN_POINT('Ctrl Pts',(-18.8692517556666,-8.24427154502422,33.0406830549562));
#2697=CARTESIAN_POINT('Ctrl Pts',(-19.6273528016268,-5.57218763639647,32.9865180007677));
#2698=CARTESIAN_POINT('Ctrl Pts',(-20.1408675355524,-3.76219876396607,32.949828230271));
#2699=CARTESIAN_POINT('Ctrl Pts',(-20.4010402281379,-1.88067425571702,32.9131384597742));
#2700=CARTESIAN_POINT('Ctrl Pts',(-20.4021379663789,0.000510275311738274,
32.8764486892774));
#2701=CARTESIAN_POINT('Origin',(0.,0.,-5.52082767783593));
#2702=CARTESIAN_POINT('',(-20.3996141575313,-0.000994894620203956,30.3764486894083));
#2703=CARTESIAN_POINT('',(-20.3992533740392,-0.00139433650049272,30.8735513105439));
#2704=CARTESIAN_POINT('',(-20.4027,-1.82211822486116E-12,-5.52082767783593));
#2705=CARTESIAN_POINT('Ctrl Pts',(-20.4026054926694,1.2478962809016E-5,
33.3735513106077));
#2706=CARTESIAN_POINT('Ctrl Pts',(-20.4029488096716,0.612824522236181,33.3616003186786));
#2707=CARTESIAN_POINT('Ctrl Pts',(-20.375702929303,1.22562162067901,33.3496493267494));
#2708=CARTESIAN_POINT('Ctrl Pts',(-20.3205865354552,1.83592154563191,33.3376983348203));
#2709=CARTESIAN_POINT('Ctrl Pts',(-20.0707844707281,4.60196211383719,33.2835332806318));
#2710=CARTESIAN_POINT('Ctrl Pts',(-19.2484824892848,7.31670719313747,33.2293682264434));
#2711=CARTESIAN_POINT('Ctrl Pts',(-17.9205852110372,9.75549564189837,33.1752031722549));
#2712=CARTESIAN_POINT('Ctrl Pts',(-16.5926879327897,12.1942840906593,33.1210381180665));
#2713=CARTESIAN_POINT('Ctrl Pts',(-14.7591953577379,14.3571159088807,33.066873063878));
#2714=CARTESIAN_POINT('Ctrl Pts',(-12.5721142961465,16.0689868218834,33.0127080096896));
#2715=CARTESIAN_POINT('Ctrl Pts',(-10.3850332345552,17.780857734886,32.9585429555011));
#2716=CARTESIAN_POINT('Ctrl Pts',(-7.84436368642423,19.0417677426701,32.9043779013127));
#2717=CARTESIAN_POINT('Ctrl Pts',(-5.15736756696156,19.7423095138385,32.8502128471242));
#2718=CARTESIAN_POINT('Ctrl Pts',(-1.57470607434454,20.6763652087296,32.7779927748729));
#2719=CARTESIAN_POINT('Ctrl Pts',(2.26809154508447,20.6142107051926,32.7057727026217));
#2720=CARTESIAN_POINT('Ctrl Pts',(5.81589067635961,19.5593048249627,32.6335526303704));
#2721=CARTESIAN_POINT('Ctrl Pts',(9.36368980763474,18.5043989447327,32.5613325581191));
#2722=CARTESIAN_POINT('Ctrl Pts',(12.6164904507559,16.4567416878098,32.4891124858679));
#2723=CARTESIAN_POINT('Ctrl Pts',(15.1065004263268,13.7167918573438,32.4168924136166));
#2724=CARTESIAN_POINT('Ctrl Pts',(16.3515054141122,12.3468169421109,32.380782377491));
#2725=CARTESIAN_POINT('Ctrl Pts',(17.40581273501,10.8037688834924,32.3446723413653));
#2726=CARTESIAN_POINT('Ctrl Pts',(18.2357130306163,9.14830430220378,32.3085623052397));
#2727=CARTESIAN_POINT('Ctrl Pts',(19.0656133262228,7.49283972091503,32.2724522691141));
#2728=CARTESIAN_POINT('Ctrl Pts',(19.6711065965377,5.7249586169563,32.2363422329884));
#2729=CARTESIAN_POINT('Ctrl Pts',(20.0257391750817,3.90796003311777,32.2002321968628));
#2730=CARTESIAN_POINT('Ctrl Pts',(20.5576880428978,1.18246215736021,32.1460671426743));
#2731=CARTESIAN_POINT('Ctrl Pts',(20.5252003542296,-1.65355004812691,32.0919020884859));
#2732=CARTESIAN_POINT('Ctrl Pts',(19.9308133064122,-4.36647247245984,32.0377370342974));
#2733=CARTESIAN_POINT('Ctrl Pts',(19.3364262585947,-7.07939489679296,31.983571980109));
#2734=CARTESIAN_POINT('Ctrl Pts',(18.1801398516281,-9.6692275399718,31.9294069259205));
#2735=CARTESIAN_POINT('Ctrl Pts',(16.5574468035926,-11.9227107659159,31.8752418717321));
#2736=CARTESIAN_POINT('Ctrl Pts',(14.9347537555571,-14.1761939918597,31.8210768175436));
#2737=CARTESIAN_POINT('Ctrl Pts',(12.8456540664528,-16.0933278005688,31.7669117633552));
#2738=CARTESIAN_POINT('Ctrl Pts',(10.4611124659463,-17.5174523363584,31.7127467091667));
#2739=CARTESIAN_POINT('Ctrl Pts',(8.0765708654396,-18.9415768721481,31.6585816549783));
#2740=CARTESIAN_POINT('Ctrl Pts',(5.39658735353048,-19.8726921350184,31.6044166007898));
#2741=CARTESIAN_POINT('Ctrl Pts',(2.64323593711482,-20.2321897100046,31.5502515466014));
#2742=CARTESIAN_POINT('Ctrl Pts',(-0.110115479300651,-20.5916872849907,
31.4960864924129));
#2743=CARTESIAN_POINT('Ctrl Pts',(-2.93683480022285,-20.3795671720928,31.4419214382244));
#2744=CARTESIAN_POINT('Ctrl Pts',(-5.60776403585251,-19.6168885346192,31.387756384036));
#2745=CARTESIAN_POINT('Ctrl Pts',(-8.27869327148225,-18.8542098971455,31.3335913298475));
#2746=CARTESIAN_POINT('Ctrl Pts',(-10.7938324218194,-17.5409727350962,31.2794262756591));
#2747=CARTESIAN_POINT('Ctrl Pts',(-12.9393182478399,-15.7785682132264,31.2252612214706));
#2748=CARTESIAN_POINT('Ctrl Pts',(-16.1575469868706,-13.1349614304216,31.144013640188));
#2749=CARTESIAN_POINT('Ctrl Pts',(-18.5440557461885,-9.48072808802069,31.0627660589053));
#2750=CARTESIAN_POINT('Ctrl Pts',(-19.6605492613547,-5.47054736605005,30.9815184776226));
#2751=CARTESIAN_POINT('Ctrl Pts',(-20.1551061043245,-3.69421611946784,30.9455294219297));
#2752=CARTESIAN_POINT('Ctrl Pts',(-20.4004738970831,-1.84804461714965,30.9095403662368));
#2753=CARTESIAN_POINT('Ctrl Pts',(-20.3992533740392,-0.00139433650049272,
30.8735513105439));
#2754=CARTESIAN_POINT('Ctrl Pts',(-20.4021379663789,0.000510275311738275,
32.8764486892774));
#2755=CARTESIAN_POINT('Ctrl Pts',(-20.4026608174875,0.896515698921337,32.8589734055857));
#2756=CARTESIAN_POINT('Ctrl Pts',(-20.3444098498216,1.7924439952008,32.841498121894));
#2757=CARTESIAN_POINT('Ctrl Pts',(-20.2267656036634,2.68052877262546,32.8240228382024));
#2758=CARTESIAN_POINT('Ctrl Pts',(-19.8621244864975,5.43316849750027,32.7698577840139));
#2759=CARTESIAN_POINT('Ctrl Pts',(-18.9268893789235,8.1104551717301,32.7156927298255));
#2760=CARTESIAN_POINT('Ctrl Pts',(-17.4985582923863,10.4926397210618,32.661527675637));
#2761=CARTESIAN_POINT('Ctrl Pts',(-16.070227205849,12.8748242703937,32.6073626214486));
#2762=CARTESIAN_POINT('Ctrl Pts',(-14.1488001403484,14.9619066948274,32.5531975672601));
#2763=CARTESIAN_POINT('Ctrl Pts',(-11.8923887828477,16.5800747455681,32.4990325130717));
#2764=CARTESIAN_POINT('Ctrl Pts',(-9.63597742534709,18.1982427963089,32.4448674588832));
#2765=CARTESIAN_POINT('Ctrl Pts',(-7.0445817758464,19.3474964733566,32.3907024046947));
#2766=CARTESIAN_POINT('Ctrl Pts',(-4.33032426829538,19.9378643304869,32.3365373505063));
#2767=CARTESIAN_POINT('Ctrl Pts',(-1.61606676074445,20.5282321876173,32.2823722963178));
#2768=CARTESIAN_POINT('Ctrl Pts',(1.22105260485682,20.5597142248302,32.2282072421294));
#2769=CARTESIAN_POINT('Ctrl Pts',(3.94475127063868,20.0206775721713,32.174042187941));
#2770=CARTESIAN_POINT('Ctrl Pts',(8.03029926931158,19.2121225931828,32.0927946066583));
#2771=CARTESIAN_POINT('Ctrl Pts',(11.8606506933908,17.1199005619826,32.0115470253756));
#2772=CARTESIAN_POINT('Ctrl Pts',(14.740023916796,14.1136882972725,31.9302994440929));
#2773=CARTESIAN_POINT('Ctrl Pts',(17.6193971402012,11.1074760325625,31.8490518628102));
#2774=CARTESIAN_POINT('Ctrl Pts',(19.5477921629323,7.18727353434271,31.7678042815276));
#2775=CARTESIAN_POINT('Ctrl Pts',(20.1744059987091,3.07055104529962,31.6865567002449));
#2776=CARTESIAN_POINT('Ctrl Pts',(20.8010198344859,-1.04617144374346,31.6053091189622));
#2777=CARTESIAN_POINT('Ctrl Pts',(20.1258524833083,-5.35941392360987,31.5240615376795));
#2778=CARTESIAN_POINT('Ctrl Pts',(18.2717336298014,-9.0871364850331,31.4428139563968));
#2779=CARTESIAN_POINT('Ctrl Pts',(16.4176147762944,-12.8148590464564,31.3615663751141));
#2780=CARTESIAN_POINT('Ctrl Pts',(13.3845444204582,-15.9570616894366,31.2803187938315));
#2781=CARTESIAN_POINT('Ctrl Pts',(9.72402993084903,-17.9411979947667,31.1990712125488));
#2782=CARTESIAN_POINT('Ctrl Pts',(6.06351544123991,-19.9253343000968,31.1178236312661));
#2783=CARTESIAN_POINT('Ctrl Pts',(1.77555681785793,-20.7514042677768,31.0365760499834));
#2784=CARTESIAN_POINT('Ctrl Pts',(-2.36011638457945,-20.269794655896,30.9553284687008));
#2785=CARTESIAN_POINT('Ctrl Pts',(-6.49578958701665,-19.7881850440151,30.8740808874181));
#2786=CARTESIAN_POINT('Ctrl Pts',(-10.4791773685093,-17.9988958525734,30.7928333061354));
#2787=CARTESIAN_POINT('Ctrl Pts',(-13.5859357198125,-15.2269946130688,30.7115857248527));
#2788=CARTESIAN_POINT('Ctrl Pts',(-16.6926940711158,-12.455093373564,30.63033814357));
#2789=CARTESIAN_POINT('Ctrl Pts',(-18.9228229922295,-8.70058008599639,30.5490905622874));
#2790=CARTESIAN_POINT('Ctrl Pts',(-19.8708179249561,-4.64629954164335,30.4678429810047));
#2791=CARTESIAN_POINT('Ctrl Pts',(-20.2262800976782,-3.12609798637146,30.4373782171393));
#2792=CARTESIAN_POINT('Ctrl Pts',(-20.4014786191148,-1.56375018060333,30.4069134532738));
#2793=CARTESIAN_POINT('Ctrl Pts',(-20.3996141575313,-0.000994894620203956,
30.3764486894083));
#2794=CARTESIAN_POINT('Origin',(0.,0.,-5.52082767783593));
#2795=CARTESIAN_POINT('',(-20.3997629162164,0.000637255022834139,27.8764486894552));
#2796=CARTESIAN_POINT('',(-20.4010371494121,0.00140298490341531,28.3735513106016));
#2797=CARTESIAN_POINT('',(-20.4027,-1.82211822486116E-12,-5.52082767783593));
#2798=CARTESIAN_POINT('Ctrl Pts',(-20.3992533740392,-0.00139433650049272,
30.8735513105439));
#2799=CARTESIAN_POINT('Ctrl Pts',(-20.397718488715,2.32088579486061,30.8282927849541));
#2800=CARTESIAN_POINT('Ctrl Pts',(-20.0062125292643,4.64392309794485,30.7830342593643));
#2801=CARTESIAN_POINT('Ctrl Pts',(-19.2299078212625,6.82977186697742,30.7377757337746));
#2802=CARTESIAN_POINT('Ctrl Pts',(-17.8362945949897,10.7537822764944,30.6565281524919));
#2803=CARTESIAN_POINT('Ctrl Pts',(-15.2025898714295,14.2356749939879,30.5752805712092));
#2804=CARTESIAN_POINT('Ctrl Pts',(-11.8067033755053,16.6443371055818,30.4940329899266));
#2805=CARTESIAN_POINT('Ctrl Pts',(-8.41081687958102,19.0529992171756,30.4127854086439));
#2806=CARTESIAN_POINT('Ctrl Pts',(-4.25274861129271,20.3884307228697,30.3315378273612));
#2807=CARTESIAN_POINT('Ctrl Pts',(-0.0891184545873418,20.4067502585783,
30.2502902460785));
#2808=CARTESIAN_POINT('Ctrl Pts',(4.07451170211802,20.425069794287,30.1690426647958));
#2809=CARTESIAN_POINT('Ctrl Pts',(8.2437037472404,19.1262773600101,30.0877950835132));
#2810=CARTESIAN_POINT('Ctrl Pts',(11.6606018176706,16.7470890940633,30.0065475022305));
#2811=CARTESIAN_POINT('Ctrl Pts',(15.0774998881007,14.3679008281166,29.9252999209478));
#2812=CARTESIAN_POINT('Ctrl Pts',(17.7421039838388,10.9083167305,29.8440523396651));
#2813=CARTESIAN_POINT('Ctrl Pts',(19.1697428401821,6.99714362809641,29.7628047583824));
#2814=CARTESIAN_POINT('Ctrl Pts',(20.5973816965255,3.08597052569263,29.6815571770997));
#2815=CARTESIAN_POINT('Ctrl Pts',(20.7880553134743,-1.2767915814981,29.6003095958171));
#2816=CARTESIAN_POINT('Ctrl Pts',(19.7071646924892,-5.29767144644601,29.5190620145344));
#2817=CARTESIAN_POINT('Ctrl Pts',(18.6262740715041,-9.31855131139383,29.4378144332517));
#2818=CARTESIAN_POINT('Ctrl Pts',(16.2738192125849,-12.9975489340988,29.356566851969));
#2819=CARTESIAN_POINT('Ctrl Pts',(13.0775319468926,-15.6657527969247,29.2753192706864));
#2820=CARTESIAN_POINT('Ctrl Pts',(9.88124468120025,-18.3339566597506,29.1940716894037));
#2821=CARTESIAN_POINT('Ctrl Pts',(5.84112500873463,-19.9913667626976,29.112824108121));
#2822=CARTESIAN_POINT('Ctrl Pts',(1.69184734582809,-20.3365603861469,29.0315765268383));
#2823=CARTESIAN_POINT('Ctrl Pts',(-2.45743031707844,-20.6817540095962,28.9503289455556));
#2824=CARTESIAN_POINT('Ctrl Pts',(-6.71586597042586,-19.7147311535478,28.8690813642729));
#2825=CARTESIAN_POINT('Ctrl Pts',(-10.3091169654787,-17.6113550396541,28.7878337829903));
#2826=CARTESIAN_POINT('Ctrl Pts',(-13.9023679605315,-15.5079789257604,28.7065862017076));
#2827=CARTESIAN_POINT('Ctrl Pts',(-16.8304342972897,-12.2682495540215,28.6253386204249));
#2828=CARTESIAN_POINT('Ctrl Pts',(-18.5608714290017,-8.48126949595095,28.5440910391422));
#2829=CARTESIAN_POINT('Ctrl Pts',(-19.7716081017736,-5.8316293840181,28.487244462962));
#2830=CARTESIAN_POINT('Ctrl Pts',(-20.3960579678854,-2.91408844269672,28.4303978867818));
#2831=CARTESIAN_POINT('Ctrl Pts',(-20.4010371494121,0.00140298490341531,
28.3735513106016));
#2832=CARTESIAN_POINT('Ctrl Pts',(-20.3996141575313,-0.000994894620203956,
30.3764486894083));
#2833=CARTESIAN_POINT('Ctrl Pts',(-20.3965062190422,2.60401844821692,30.3256658719911));
#2834=CARTESIAN_POINT('Ctrl Pts',(-19.9013975726432,5.21016404665573,30.2748830545739));
#2835=CARTESIAN_POINT('Ctrl Pts',(-18.9291133169319,7.6241130913867,30.2241002371566));
#2836=CARTESIAN_POINT('Ctrl Pts',(-17.3735528318418,11.4861973789257,30.1428526558739));
#2837=CARTESIAN_POINT('Ctrl Pts',(-14.5965709173222,14.8563181528654,30.0616050745913));
#2838=CARTESIAN_POINT('Ctrl Pts',(-11.1032270521504,17.1217577106609,29.9803574933086));
#2839=CARTESIAN_POINT('Ctrl Pts',(-7.60988318697846,19.3871972684564,29.8991099120259));
#2840=CARTESIAN_POINT('Ctrl Pts',(-3.40017737115423,20.5479556101077,29.8178623307432));
#2841=CARTESIAN_POINT('Ctrl Pts',(0.760579843030255,20.3926973446233,29.7366147494606));
#2842=CARTESIAN_POINT('Ctrl Pts',(4.92133705721474,20.2374390791388,29.6553671681779));
#2843=CARTESIAN_POINT('Ctrl Pts',(9.03314566975943,18.7661642065185,29.5741195868952));
#2844=CARTESIAN_POINT('Ctrl Pts',(12.3479650415381,16.2469487406193,29.4928720056125));
#2845=CARTESIAN_POINT('Ctrl Pts',(15.6627844133167,13.7277332747201,29.4116244243299));
#2846=CARTESIAN_POINT('Ctrl Pts',(18.1806145443293,10.1605772155419,29.3303768430472));
#2847=CARTESIAN_POINT('Ctrl Pts',(19.4442941963531,6.19306623239969,29.2491292617645));
#2848=CARTESIAN_POINT('Ctrl Pts',(20.707973848377,2.22555524925747,29.1678816804818));
#2849=CARTESIAN_POINT('Ctrl Pts',(20.7175030214121,-2.14231065784878,29.0866340991991));
#2850=CARTESIAN_POINT('Ctrl Pts',(19.4697752100945,-6.11411758960432,29.0053865179165));
#2851=CARTESIAN_POINT('Ctrl Pts',(18.2220473987768,-10.0859245213599,28.9241389366338));
#2852=CARTESIAN_POINT('Ctrl Pts',(15.7170626031064,-13.6616724777648,28.8428913553511));
#2853=CARTESIAN_POINT('Ctrl Pts',(12.4131276225195,-16.1961292676127,28.7616437740684));
#2854=CARTESIAN_POINT('Ctrl Pts',(10.7611601322261,-17.4633576625366,28.7210199834271));
#2855=CARTESIAN_POINT('Ctrl Pts',(8.90945509570354,-18.4702632658213,28.6803961927857));
#2856=CARTESIAN_POINT('Ctrl Pts',(6.95017274076761,-19.1802085861642,28.6397724021444));
#2857=CARTESIAN_POINT('Ctrl Pts',(4.9908903858317,-19.8901539065071,28.5991486115031));
#2858=CARTESIAN_POINT('Ctrl Pts',(2.92403071248243,-20.3031389439083,28.5585248208617));
#2859=CARTESIAN_POINT('Ctrl Pts',(0.843756539724461,-20.3883536864683,28.5179010302204));
#2860=CARTESIAN_POINT('Ctrl Pts',(-3.31679180579148,-20.5587831715885,28.4366534489377));
#2861=CARTESIAN_POINT('Ctrl Pts',(-7.53099814894217,-19.4181314773442,28.355405867655));
#2862=CARTESIAN_POINT('Ctrl Pts',(-11.0334646112759,-17.1674990075283,28.2741582863723));
#2863=CARTESIAN_POINT('Ctrl Pts',(-14.5359310736095,-14.9168665377124,28.1929107050897));
#2864=CARTESIAN_POINT('Ctrl Pts',(-17.3266576551262,-11.5562532923248,28.111663123807));
#2865=CARTESIAN_POINT('Ctrl Pts',(-18.8979524156144,-7.70044975610248,28.0304155425243));
#2866=CARTESIAN_POINT('Ctrl Pts',(-19.8905042581715,-5.26482469029595,27.9790932581679));
#2867=CARTESIAN_POINT('Ctrl Pts',(-20.3964824367127,-2.63161042758506,27.9277709738116));
#2868=CARTESIAN_POINT('Ctrl Pts',(-20.3997629162164,0.000637255022834139,
27.8764486894552));
#2869=CARTESIAN_POINT('Origin',(0.,0.,-5.52082767783593));
#2870=CARTESIAN_POINT('',(-20.404465512865,0.000480015665286688,25.3764486893823));
#2871=CARTESIAN_POINT('',(-20.4065221070412,-0.00017057570487656,25.8735513107354));
#2872=CARTESIAN_POINT('',(-20.4027,-1.82211822486116E-12,-5.52082767783593));
#2873=CARTESIAN_POINT('Ctrl Pts',(-20.4010371494121,0.00140298490341531,
28.3735513106016));
#2874=CARTESIAN_POINT('Ctrl Pts',(-20.4031744291219,1.25285779504844,28.3491503054991));
#2875=CARTESIAN_POINT('Ctrl Pts',(-20.2911744166184,2.50393498289068,28.3247493003967));
#2876=CARTESIAN_POINT('Ctrl Pts',(-20.0624126676836,3.73328473456088,28.3003482952942));
#2877=CARTESIAN_POINT('Ctrl Pts',(-19.3007088479879,7.82662816260003,28.2191007140115));
#2878=CARTESIAN_POINT('Ctrl Pts',(-17.2444932819309,11.679084274276,28.1378531327288));
#2879=CARTESIAN_POINT('Ctrl Pts',(-14.2676656782128,14.5901198498349,28.0566055514462));
#2880=CARTESIAN_POINT('Ctrl Pts',(-11.2908380744947,17.5011554253938,27.9753579701635));
#2881=CARTESIAN_POINT('Ctrl Pts',(-7.3933984331154,19.4707704648356,27.8941103888808));
#2882=CARTESIAN_POINT('Ctrl Pts',(-3.28405839414254,20.1408211949074,27.8128628075982));
#2883=CARTESIAN_POINT('Ctrl Pts',(0.825281644830414,20.8108719249793,27.7316152263155));
#2884=CARTESIAN_POINT('Ctrl Pts',(5.1465220813969,20.1813583456812,27.6503676450328));
#2885=CARTESIAN_POINT('Ctrl Pts',(8.8938922243496,18.3667285354253,27.5691200637501));
#2886=CARTESIAN_POINT('Ctrl Pts',(12.6412623673022,16.5520987251695,27.4878724824674));
#2887=CARTESIAN_POINT('Ctrl Pts',(15.814762216641,13.5523526839557,27.4066249011847));
#2888=CARTESIAN_POINT('Ctrl Pts',(17.8373184048345,9.91300800693981,27.3253773199021));
#2889=CARTESIAN_POINT('Ctrl Pts',(19.8598745930281,6.27366332992381,27.2441297386194));
#2890=CARTESIAN_POINT('Ctrl Pts',(20.7314871200764,1.99472001710571,27.1628821573367));
#2891=CARTESIAN_POINT('Ctrl Pts',(20.2936710658859,-2.1458255197373,27.081634576054));
#2892=CARTESIAN_POINT('Ctrl Pts',(19.8558550116954,-6.28637105658002,27.0003869947713));
#2893=CARTESIAN_POINT('Ctrl Pts',(18.1086103762661,-10.2885188174476,26.9191394134887));
#2894=CARTESIAN_POINT('Ctrl Pts',(15.3696387912648,-13.4243541500595,26.837891832206));
#2895=CARTESIAN_POINT('Ctrl Pts',(12.6306672062632,-16.5601894826717,26.7566442509233));
#2896=CARTESIAN_POINT('Ctrl Pts',(8.8999686716893,-18.8297123870281,26.6753966696406));
#2897=CARTESIAN_POINT('Ctrl Pts',(4.85596515446013,-19.8205499849692,26.5941490883579));
#2898=CARTESIAN_POINT('Ctrl Pts',(0.811961637231056,-20.8113875829103,26.5129015070753));
#2899=CARTESIAN_POINT('Ctrl Pts',(-3.54534686265316,-20.5235398744362,26.4316539257926));
#2900=CARTESIAN_POINT('Ctrl Pts',(-7.42369059654016,-19.0087408064277,26.3504063445099));
#2901=CARTESIAN_POINT('Ctrl Pts',(-11.3020343304272,-17.4939417384193,26.2691587632272));
#2902=CARTESIAN_POINT('Ctrl Pts',(-14.7014132983169,-14.7521913108763,26.1879111819445));
#2903=CARTESIAN_POINT('Ctrl Pts',(-17.0035654921526,-11.2832191105562,26.1066636006619));
#2904=CARTESIAN_POINT('Ctrl Pts',(-19.2053129624237,-7.96554064127574,26.0289595040197));
#2905=CARTESIAN_POINT('Ctrl Pts',(-20.4034542081446,-3.98269038158135,25.9512554073776));
#2906=CARTESIAN_POINT('Ctrl Pts',(-20.4065221070412,-0.00017057570487656,
25.8735513107354));
#2907=CARTESIAN_POINT('Ctrl Pts',(-20.3997629162164,0.000637255022834139,
27.8764486894552));
#2908=CARTESIAN_POINT('Ctrl Pts',(-20.4016757173405,1.53546358774637,27.8465233925289));
#2909=CARTESIAN_POINT('Ctrl Pts',(-20.232676785894,3.06996129378157,27.8165980956026));
#2910=CARTESIAN_POINT('Ctrl Pts',(-19.8895696476887,4.56476811577224,27.7866727986763));
#2911=CARTESIAN_POINT('Ctrl Pts',(-18.9580291798149,8.62318862436763,27.7054252173936));
#2912=CARTESIAN_POINT('Ctrl Pts',(-16.7430853046077,12.3890358145014,27.6241776361109));
#2913=CARTESIAN_POINT('Ctrl Pts',(-13.6477259920008,15.1725513173793,27.5429300548282));
#2914=CARTESIAN_POINT('Ctrl Pts',(-10.5523666793939,17.9560668202572,27.4616824735455));
#2915=CARTESIAN_POINT('Ctrl Pts',(-6.5765919293874,19.757250635879,27.3804348922629));
#2916=CARTESIAN_POINT('Ctrl Pts',(-2.44229528437358,20.2589528072112,27.2991873109802));
#2917=CARTESIAN_POINT('Ctrl Pts',(0.313902478968886,20.5934209214326,27.2450222567917));
#2918=CARTESIAN_POINT('Ctrl Pts',(3.14055441787011,20.350341638192,27.1908572026033));
#2919=CARTESIAN_POINT('Ctrl Pts',(5.80344866739586,19.5594203170416,27.1366921484148));
#2920=CARTESIAN_POINT('Ctrl Pts',(8.4663429169217,18.7684989958912,27.0825270942264));
#2921=CARTESIAN_POINT('Ctrl Pts',(10.965479477072,17.429735636831,27.0283620400379));
#2922=CARTESIAN_POINT('Ctrl Pts',(13.0948224490506,15.648008928238,26.9741969858495));
#2923=CARTESIAN_POINT('Ctrl Pts',(15.2241654210293,13.8662822196451,26.920031931661));
#2924=CARTESIAN_POINT('Ctrl Pts',(16.9837148048361,11.6415921615195,26.8658668774725));
#2925=CARTESIAN_POINT('Ctrl Pts',(18.2311779356698,9.15981275350052,26.8117018232841));
#2926=CARTESIAN_POINT('Ctrl Pts',(19.4786410665035,6.67803334548168,26.7575367690956));
#2927=CARTESIAN_POINT('Ctrl Pts',(20.2140179443639,3.93916458756957,26.7033717149072));
#2928=CARTESIAN_POINT('Ctrl Pts',(20.3713695674711,1.1669658167897,26.6492066607188));
#2929=CARTESIAN_POINT('Ctrl Pts',(20.581171731614,-2.52929921091685,26.5769865884675));
#2930=CARTESIAN_POINT('Ctrl Pts',(19.763373442862,-6.28481759483278,26.5047665162162));
#2931=CARTESIAN_POINT('Ctrl Pts',(18.0302254539641,-9.5553173727196,26.4325464439649));
#2932=CARTESIAN_POINT('Ctrl Pts',(16.2970774650662,-12.8258171506064,26.3603263717137));
#2933=CARTESIAN_POINT('Ctrl Pts',(13.6485797760223,-15.6112983224642,26.2881062994624));
#2934=CARTESIAN_POINT('Ctrl Pts',(10.471815674938,-17.5127224210623,26.2158862272111));
#2935=CARTESIAN_POINT('Ctrl Pts',(8.88343362439599,-18.4634344703613,26.1797761910855));
#2936=CARTESIAN_POINT('Ctrl Pts',(7.16298497084392,-19.1931322513454,26.1436661549598));
#2937=CARTESIAN_POINT('Ctrl Pts',(5.37644833170702,-19.6806437565998,26.1075561188342));
#2938=CARTESIAN_POINT('Ctrl Pts',(3.58991169256997,-20.1681552618543,26.0714460827086));
#2939=CARTESIAN_POINT('Ctrl Pts',(1.73728706784803,-20.413480491379,26.035336046583));
#2940=CARTESIAN_POINT('Ctrl Pts',(-0.113954327680273,-20.4031793147423,
25.9992260104573));
#2941=CARTESIAN_POINT('Ctrl Pts',(-2.89081642097268,-20.3877275497872,25.9450609562689));
#2942=CARTESIAN_POINT('Ctrl Pts',(-5.66456624857932,-19.7971163709687,25.8908959020804));
#2943=CARTESIAN_POINT('Ctrl Pts',(-8.20731748205598,-18.6799398731592,25.836730847892));
#2944=CARTESIAN_POINT('Ctrl Pts',(-10.7500687155327,-17.5627633753496,25.7825657937035));
#2945=CARTESIAN_POINT('Ctrl Pts',(-13.0618213548793,-15.9190215585488,25.7284007395151));
#2946=CARTESIAN_POINT('Ctrl Pts',(-14.9512574086607,-13.8841312738049,25.6742356853266));
#2947=CARTESIAN_POINT('Ctrl Pts',(-16.8406934624421,-11.849240989061,25.6200706311382));
#2948=CARTESIAN_POINT('Ctrl Pts',(-18.3078129306586,-9.423202236374,25.5659055769497));
#2949=CARTESIAN_POINT('Ctrl Pts',(-19.2346358127692,-6.80492342239315,25.5117405227612));
#2950=CARTESIAN_POINT('Ctrl Pts',(-20.006299196212,-4.62497089058678,25.4666432449683));
#2951=CARTESIAN_POINT('Ctrl Pts',(-20.403425763613,-2.31175640169208,25.4215459671753));
#2952=CARTESIAN_POINT('Ctrl Pts',(-20.404465512865,0.000480015665286688,
25.3764486893823));
#2953=CARTESIAN_POINT('Origin',(0.,0.,-5.52082767783593));
#2954=CARTESIAN_POINT('',(-20.4026288805988,-0.00018635773715721,22.8764486893027));
#2955=CARTESIAN_POINT('',(-20.4028755251342,0.00143362337363166,23.3735513108391));
#2956=CARTESIAN_POINT('',(-20.4027,-1.82211822486116E-12,-5.52082767783593));
#2957=CARTESIAN_POINT('Ctrl Pts',(-20.4065221070412,-0.000170575704876562,
25.8735513107354));
#2958=CARTESIAN_POINT('Ctrl Pts',(-20.4066620102521,0.181441441839571,25.8700078260949));
#2959=CARTESIAN_POINT('Ctrl Pts',(-20.4043166763061,0.363052772182448,25.8664643414544));
#2960=CARTESIAN_POINT('Ctrl Pts',(-20.3994679477838,0.544600303687701,25.8629208568139));
#2961=CARTESIAN_POINT('Ctrl Pts',(-20.2882927897975,4.70725354451479,25.7816732755312));
#2962=CARTESIAN_POINT('Ctrl Pts',(-18.861017054043,8.83636605307201,25.7004256942485));
#2963=CARTESIAN_POINT('Ctrl Pts',(-16.3767366442964,12.1764970208894,25.6191781129658));
#2964=CARTESIAN_POINT('Ctrl Pts',(-13.8924562345498,15.5166279887069,25.5379305316831));
#2965=CARTESIAN_POINT('Ctrl Pts',(-10.3511711508112,18.0677774157847,25.4566829504004));
#2966=CARTESIAN_POINT('Ctrl Pts',(-6.39746214891497,19.3768189305705,25.3754353691178));
#2967=CARTESIAN_POINT('Ctrl Pts',(-3.76165614765092,20.249513273761,25.3212703149293));
#2968=CARTESIAN_POINT('Ctrl Pts',(-0.942550627205695,20.5701596559329,25.2671052607409));
#2969=CARTESIAN_POINT('Ctrl Pts',(1.82397912036565,20.3210023590951,25.2129402065524));
#2970=CARTESIAN_POINT('Ctrl Pts',(4.59050886793709,20.0718450622573,25.1587751523639));
#2971=CARTESIAN_POINT('Ctrl Pts',(7.30446284263476,19.2528840864097,25.1046100981755));
#2972=CARTESIAN_POINT('Ctrl Pts',(9.74414050385543,17.9270712073391,25.050445043987));
#2973=CARTESIAN_POINT('Ctrl Pts',(12.1838181650762,16.6012583282685,24.9962799897986));
#2974=CARTESIAN_POINT('Ctrl Pts',(14.3492195128198,14.7685935459749,24.9421149356101));
#2975=CARTESIAN_POINT('Ctrl Pts',(16.0620174337396,12.5819685958868,24.8879498814217));
#2976=CARTESIAN_POINT('Ctrl Pts',(17.7748153546592,10.3953436457987,24.8337848272332));
#2977=CARTESIAN_POINT('Ctrl Pts',(19.0350098487548,7.85475852791629,24.7796197730448));
#2978=CARTESIAN_POINT('Ctrl Pts',(19.7381813729792,5.16858308655924,24.7254547188563));
#2979=CARTESIAN_POINT('Ctrl Pts',(20.4413528972035,2.48240764520218,24.6712896646678));
#2980=CARTESIAN_POINT('Ctrl Pts',(20.5875014515567,-0.349358119629561,24.6171246104794));
#2981=CARTESIAN_POINT('Ctrl Pts',(20.1667770029809,-3.0948116578298,24.562959556291));
#2982=CARTESIAN_POINT('Ctrl Pts',(19.746052554405,-5.84026519603014,24.5087945021025));
#2983=CARTESIAN_POINT('Ctrl Pts',(18.7584551029001,-8.49940650759906,24.4546294479141));
#2984=CARTESIAN_POINT('Ctrl Pts',(17.2806168988068,-10.8502666525353,24.4004643937256));
#2985=CARTESIAN_POINT('Ctrl Pts',(15.3101659600157,-13.9847468457836,24.3282443214743));
#2986=CARTESIAN_POINT('Ctrl Pts',(12.468175905512,-16.5711716316849,24.2560242492231));
#2987=CARTESIAN_POINT('Ctrl Pts',(9.16093401637364,-18.2333996787108,24.1838041769718));
#2988=CARTESIAN_POINT('Ctrl Pts',(5.85369212723533,-19.8956277257367,24.1115841047205));
#2989=CARTESIAN_POINT('Ctrl Pts',(2.08119840346232,-20.633659033887,24.0393640324693));
#2990=CARTESIAN_POINT('Ctrl Pts',(-1.60937861104791,-20.341679256207,23.967143960218));
#2991=CARTESIAN_POINT('Ctrl Pts',(-5.29995562555805,-20.049699478527,23.8949238879667));
#2992=CARTESIAN_POINT('Ctrl Pts',(-8.90861593080545,-18.727708615017,23.8227038157154));
#2993=CARTESIAN_POINT('Ctrl Pts',(-11.9137523453585,-16.5665092595736,23.7504837434642));
#2994=CARTESIAN_POINT('Ctrl Pts',(-14.9188887599116,-14.4053099041303,23.6782636712129));
#2995=CARTESIAN_POINT('Ctrl Pts',(-17.3205012837702,-11.4049020567535,23.6060435989616));
#2996=CARTESIAN_POINT('Ctrl Pts',(-18.7718941879159,-7.99898684756609,23.5338235267104));
#2997=CARTESIAN_POINT('Ctrl Pts',(-19.8455474886119,-5.47949533304247,23.4803994547533));
#2998=CARTESIAN_POINT('Ctrl Pts',(-20.3992261893382,-2.73810403464995,23.4269753827962));
#2999=CARTESIAN_POINT('Ctrl Pts',(-20.4028755251342,0.00143362337363166,
23.3735513108391));
#3000=CARTESIAN_POINT('Ctrl Pts',(-20.404465512865,0.000480015665286687,
25.3764486893823));
#3001=CARTESIAN_POINT('Ctrl Pts',(-20.4046745767861,0.46540481450431,25.3673809129869));
#3002=CARTESIAN_POINT('Ctrl Pts',(-20.3888699535844,0.93029007016532,25.3583131365914));
#3003=CARTESIAN_POINT('Ctrl Pts',(-20.3568764575242,1.39404450952118,25.3492453601959));
#3004=CARTESIAN_POINT('Ctrl Pts',(-20.1020650797106,5.0876048330663,25.2770252879446));
#3005=CARTESIAN_POINT('Ctrl Pts',(-18.8203473385816,8.70943425418323,25.2048052156933));
#3006=CARTESIAN_POINT('Ctrl Pts',(-16.6913940853895,11.7377114879785,25.1325851434421));
#3007=CARTESIAN_POINT('Ctrl Pts',(-14.5624408321973,14.7659887217739,25.0603650711908));
#3008=CARTESIAN_POINT('Ctrl Pts',(-11.5862520669421,17.2007137682475,24.9881449989395));
#3009=CARTESIAN_POINT('Ctrl Pts',(-8.19623574569065,18.6872262610716,24.9159249266883));
#3010=CARTESIAN_POINT('Ctrl Pts',(-4.8062194244392,20.1737387538956,24.843704854437));
#3011=CARTESIAN_POINT('Ctrl Pts',(-1.00237554719158,20.7120386930699,24.7714847821857));
#3012=CARTESIAN_POINT('Ctrl Pts',(2.6683485811619,20.2295477033797,24.6992647099345));
#3013=CARTESIAN_POINT('Ctrl Pts',(5.42139167742694,19.867679461112,24.645099655746));
#3014=CARTESIAN_POINT('Ctrl Pts',(8.09955491493906,18.931616321358,24.5909346015575));
#3015=CARTESIAN_POINT('Ctrl Pts',(10.4822326358282,17.5042302001419,24.5367695473691));
#3016=CARTESIAN_POINT('Ctrl Pts',(12.8649103567173,16.0768440789257,24.4826044931806));
#3017=CARTESIAN_POINT('Ctrl Pts',(14.9521025609835,14.1581349762472,24.4284394389922));
#3018=CARTESIAN_POINT('Ctrl Pts',(16.572131143985,11.9028730990162,24.3742743848037));
#3019=CARTESIAN_POINT('Ctrl Pts',(18.1921597269864,9.64761122178519,24.3201093306153));
#3020=CARTESIAN_POINT('Ctrl Pts',(19.3450246887231,7.05579657000151,24.2659442764268));
#3021=CARTESIAN_POINT('Ctrl Pts',(19.9360204790065,4.34210883340123,24.2117792222384));
#3022=CARTESIAN_POINT('Ctrl Pts',(20.5270162692899,1.62842109680081,24.1576141680499));
#3023=CARTESIAN_POINT('Ctrl Pts',(20.55614288812,-1.20713972461618,24.1034491138615));
#3024=CARTESIAN_POINT('Ctrl Pts',(20.0209541563338,-3.93212027890582,24.049284059673));
#3025=CARTESIAN_POINT('Ctrl Pts',(19.4857654245476,-6.65710083319541,23.9951190054846));
#3026=CARTESIAN_POINT('Ctrl Pts',(18.3862613421452,-9.27150112035761,23.9409539512961));
#3027=CARTESIAN_POINT('Ctrl Pts',(16.8128291398512,-11.5599324183457,23.8867888971077));
#3028=CARTESIAN_POINT('Ctrl Pts',(15.2393969375573,-13.8483637163338,23.8326238429192));
#3029=CARTESIAN_POINT('Ctrl Pts',(13.1920366153719,-15.8108260251478,23.7784587887308));
#3030=CARTESIAN_POINT('Ctrl Pts',(10.8392371423481,-17.2861479009913,23.7242937345423));
#3031=CARTESIAN_POINT('Ctrl Pts',(8.48643766932417,-18.7614697768348,23.6701286803539));
#3032=CARTESIAN_POINT('Ctrl Pts',(5.82819904546189,-19.7496512197076,23.6159636261654));
#3033=CARTESIAN_POINT('Ctrl Pts',(3.08291315642377,-20.1692536982048,23.561798571977));
#3034=CARTESIAN_POINT('Ctrl Pts',(0.337627267385598,-20.5888561767021,23.5076335177885));
#3035=CARTESIAN_POINT('Ctrl Pts',(-2.49470588682838,-20.4398796908236,23.4534684636));
#3036=CARTESIAN_POINT('Ctrl Pts',(-5.18071825295394,-19.734772725484,23.3993034094116));
#3037=CARTESIAN_POINT('Ctrl Pts',(-7.86673061907951,-19.0296657601445,23.3451383552231));
#3038=CARTESIAN_POINT('Ctrl Pts',(-10.4064221971167,-17.7684283153437,23.2909733010347));
#3039=CARTESIAN_POINT('Ctrl Pts',(-12.5917772322907,-16.0544703236439,23.2368082468462));
#3040=CARTESIAN_POINT('Ctrl Pts',(-14.7771322674646,-14.3405123319441,23.1826431926578));
#3041=CARTESIAN_POINT('Ctrl Pts',(-16.6081507597752,-12.1738337933455,23.1284781384693));
#3042=CARTESIAN_POINT('Ctrl Pts',(-17.9325942628877,-9.73320512933946,23.0743130842809));
#3043=CARTESIAN_POINT('Ctrl Pts',(-19.2570377660002,-7.2925764653335,23.0201480300924));
#3044=CARTESIAN_POINT('Ctrl Pts',(-20.0749062799146,-4.57799767592025,22.965982975904));
#3045=CARTESIAN_POINT('Ctrl Pts',(-20.3221063857537,-1.81158075868011,22.9118179217155));
#3046=CARTESIAN_POINT('Ctrl Pts',(-20.375912775174,-1.20943333870805,22.9000281775779));
#3047=CARTESIAN_POINT('Ctrl Pts',(-20.402682430665,-0.604829967697473,22.8882384334403));
#3048=CARTESIAN_POINT('Ctrl Pts',(-20.4026288805988,-0.00018635773715721,
22.8764486893027));
#3049=CARTESIAN_POINT('Origin',(0.,0.,-5.52082767783593));
#3050=CARTESIAN_POINT('',(-20.3972414217199,0.000173380604409302,20.3764486892178));
#3051=CARTESIAN_POINT('',(-20.4030144607528,0.00071550286047692,20.8735513108293));
#3052=CARTESIAN_POINT('',(-20.4027,-1.82211822486116E-12,-5.52082767783593));
#3053=CARTESIAN_POINT('Ctrl Pts',(-20.4028755251342,0.00143362337363166,
23.3735513108391));
#3054=CARTESIAN_POINT('Ctrl Pts',(-20.4041594579042,0.965275366240285,23.3547553105449));
#3055=CARTESIAN_POINT('Ctrl Pts',(-20.3373597471468,1.92888766210256,23.3359593102507));
#3056=CARTESIAN_POINT('Ctrl Pts',(-20.2011675162561,2.88252611193266,23.3171633099565));
#3057=CARTESIAN_POINT('Ctrl Pts',(-19.6778746560178,6.54670129124542,23.2449432377053));
#3058=CARTESIAN_POINT('Ctrl Pts',(-18.1301156511084,10.0636290788727,23.172723165454));
#3059=CARTESIAN_POINT('Ctrl Pts',(-15.7855270316022,12.9290966531408,23.1005030932027));
#3060=CARTESIAN_POINT('Ctrl Pts',(-14.0270855669725,15.0781973338419,23.0463380390143));
#3061=CARTESIAN_POINT('Ctrl Pts',(-11.8204274441321,16.8608516445285,22.9921729848258));
#3062=CARTESIAN_POINT('Ctrl Pts',(-9.3517330083037,18.1334592362378,22.9380079306374));
#3063=CARTESIAN_POINT('Ctrl Pts',(-6.88303857247521,19.4060668279472,22.8838428764489));
#3064=CARTESIAN_POINT('Ctrl Pts',(-4.15230782365865,20.1686277006794,22.8296778222605));
#3065=CARTESIAN_POINT('Ctrl Pts',(-1.38180030456123,20.3568443942812,22.775512768072));
#3066=CARTESIAN_POINT('Ctrl Pts',(1.38870721453623,20.5450610878829,22.7213477138836));
#3067=CARTESIAN_POINT('Ctrl Pts',(4.19899150391446,20.1589336023543,22.6671826596951));
#3068=CARTESIAN_POINT('Ctrl Pts',(6.81664696709026,19.2310514525473,22.6130176055067));
#3069=CARTESIAN_POINT('Ctrl Pts',(9.43430243026592,18.3031693027403,22.5588525513182));
#3070=CARTESIAN_POINT('Ctrl Pts',(11.859329067239,16.833532488655,22.5046874971297));
#3071=CARTESIAN_POINT('Ctrl Pts',(13.8931503660012,14.9425576797533,22.4505224429413));
#3072=CARTESIAN_POINT('Ctrl Pts',(15.9269716647633,13.0515828708516,22.3963573887528));
#3073=CARTESIAN_POINT('Ctrl Pts',(17.5695876253145,10.7392700671334,22.3421923345644));
#3074=CARTESIAN_POINT('Ctrl Pts',(18.6850488851982,8.19605184829538,22.288027280376));
#3075=CARTESIAN_POINT('Ctrl Pts',(19.800510145082,5.65283362945735,22.2338622261875));
#3076=CARTESIAN_POINT('Ctrl Pts',(20.3888167042985,2.87870999549946,22.179697171999));
#3077=CARTESIAN_POINT('Ctrl Pts',(20.4030084930019,0.101562275728702,22.1255321178106));
#3078=CARTESIAN_POINT('Ctrl Pts',(20.4101043873536,-1.28701158415677,22.0984495907164));
#3079=CARTESIAN_POINT('Ctrl Pts',(20.273671589077,-2.67634146549548,22.0713670636221));
#3080=CARTESIAN_POINT('Ctrl Pts',(19.9988240060293,-4.03771255091831,22.0442845365279));
#3081=CARTESIAN_POINT('Ctrl Pts',(19.7239764229817,-5.39908363634113,22.0172020094337));
#3082=CARTESIAN_POINT('Ctrl Pts',(19.310714055163,-6.73249592584811,21.9901194823394));
#3083=CARTESIAN_POINT('Ctrl Pts',(18.7654293270656,-8.00954184361713,21.9630369552452));
#3084=CARTESIAN_POINT('Ctrl Pts',(17.674859870871,-10.563633679155,21.9088719010568));
#3085=CARTESIAN_POINT('Ctrl Pts',(16.056200973562,-12.8922600277412,21.8547068468683));
#3086=CARTESIAN_POINT('Ctrl Pts',(14.0414494449721,-14.8034759638458,21.8005417926799));
#3087=CARTESIAN_POINT('Ctrl Pts',(12.0266979163823,-16.7146918999504,21.7463767384914));
#3088=CARTESIAN_POINT('Ctrl Pts',(9.61585375651149,-18.2084974235734,21.692211684303));
#3089=CARTESIAN_POINT('Ctrl Pts',(7.00758368456038,-19.1622944820356,21.6380466301145));
#3090=CARTESIAN_POINT('Ctrl Pts',(4.39931361260927,-20.1160915404977,21.5838815759261));
#3091=CARTESIAN_POINT('Ctrl Pts',(1.5936176285778,-20.529880133799,21.5297165217376));
#3092=CARTESIAN_POINT('Ctrl Pts',(-1.17879818629948,-20.3694779719515,21.4755514675492));
#3093=CARTESIAN_POINT('Ctrl Pts',(-3.95121400117676,-20.209075810104,21.4213864133607));
#3094=CARTESIAN_POINT('Ctrl Pts',(-6.69034964689988,-19.4744828931077,21.3672213591722));
#3095=CARTESIAN_POINT('Ctrl Pts',(-9.1711660931544,-18.2260922429054,21.3130563049838));
#3096=CARTESIAN_POINT('Ctrl Pts',(-11.651982539409,-16.9777015927031,21.2588912507953));
#3097=CARTESIAN_POINT('Ctrl Pts',(-13.874479786195,-15.2155132092947,21.2047261966069));
#3098=CARTESIAN_POINT('Ctrl Pts',(-15.655353373809,-13.0847850013098,21.1505611424185));
#3099=CARTESIAN_POINT('Ctrl Pts',(-17.4362269614229,-10.954056793325,21.09639608823));
#3100=CARTESIAN_POINT('Ctrl Pts',(-18.7754768898648,-8.45478876076367,21.0422310340415));
#3101=CARTESIAN_POINT('Ctrl Pts',(-19.5640059893824,-5.7916820702241,20.9880659798531));
#3102=CARTESIAN_POINT('Ctrl Pts',(-20.1197034478257,-3.91491985510571,20.9498944235118));
#3103=CARTESIAN_POINT('Ctrl Pts',(-20.4018911179677,-1.95678886963103,20.9117228671706));
#3104=CARTESIAN_POINT('Ctrl Pts',(-20.4030144607528,0.00071550286047692,
20.8735513108293));
#3105=CARTESIAN_POINT('Ctrl Pts',(-20.4026288805988,-0.000186357737157213,
22.8764486893027));
#3106=CARTESIAN_POINT('Ctrl Pts',(-20.4024364081728,2.17305507509326,22.8340733792518));
#3107=CARTESIAN_POINT('Ctrl Pts',(-20.0557244227762,4.34681634069471,22.791698069201));
#3108=CARTESIAN_POINT('Ctrl Pts',(-19.3724076595153,6.40892899415188,22.7493227591501));
#3109=CARTESIAN_POINT('Ctrl Pts',(-18.2078336197266,9.92337938151793,22.6771026868989));
#3110=CARTESIAN_POINT('Ctrl Pts',(-16.0655489530838,13.113532427475,22.6048826146476));
#3111=CARTESIAN_POINT('Ctrl Pts',(-13.2509442961401,15.5174963122309,22.5326625423963));
#3112=CARTESIAN_POINT('Ctrl Pts',(-10.4363396391965,17.9214601969868,22.4604424701451));
#3113=CARTESIAN_POINT('Ctrl Pts',(-6.94941499195221,19.5392349205417,22.3882223978938));
#3114=CARTESIAN_POINT('Ctrl Pts',(-3.29584012373147,20.1373288674249,22.3160023256425));
#3115=CARTESIAN_POINT('Ctrl Pts',(0.357734744489369,20.735422814308,22.2437822533913));
#3116=CARTESIAN_POINT('Ctrl Pts',(4.17795983368663,20.3138359845193,22.17156218114));
#3117=CARTESIAN_POINT('Ctrl Pts',(7.61208628126105,18.9324527325614,22.0993421088887));
#3118=CARTESIAN_POINT('Ctrl Pts',(11.0462127288355,17.5510694806035,22.0271220366375));
#3119=CARTESIAN_POINT('Ctrl Pts',(14.094240534787,15.2098898064765,21.9549019643862));
#3120=CARTESIAN_POINT('Ctrl Pts',(16.3176114783327,12.2502076257679,21.8826818921349));
#3121=CARTESIAN_POINT('Ctrl Pts',(17.4292969501055,10.7703665354135,21.8465718560093));
#3122=CARTESIAN_POINT('Ctrl Pts',(18.3348182062768,9.13589981841377,21.8104618198836));
#3123=CARTESIAN_POINT('Ctrl Pts',(19.0078152626691,7.41022548620931,21.774351783758));
#3124=CARTESIAN_POINT('Ctrl Pts',(19.6808123190614,5.68455115400486,21.7382417476324));
#3125=CARTESIAN_POINT('Ctrl Pts',(20.1212851756748,3.8676692065957,21.7021317115067));
#3126=CARTESIAN_POINT('Ctrl Pts',(20.3046431443539,2.02574953338834,21.6660216753811));
#3127=CARTESIAN_POINT('Ctrl Pts',(20.6713590817122,-1.65808981302639,21.5938016031298));
#3128=CARTESIAN_POINT('Ctrl Pts',(20.0096154673338,-5.4420800626339,21.5215815308786));
#3129=CARTESIAN_POINT('Ctrl Pts',(18.417358084965,-8.78443815040858,21.4493614586273));
#3130=CARTESIAN_POINT('Ctrl Pts',(17.2231650481884,-11.2912067162396,21.3951964044388));
#3131=CARTESIAN_POINT('Ctrl Pts',(15.5055580169172,-13.5495571910396,21.3410313502504));
#3132=CARTESIAN_POINT('Ctrl Pts',(13.4120077755281,-15.3750513849817,21.2868662960619));
#3133=CARTESIAN_POINT('Ctrl Pts',(11.3184575341388,-17.2005455789241,21.2327012418735));
#3134=CARTESIAN_POINT('Ctrl Pts',(8.84896408263162,-18.5931834920085,21.178536187685));
#3135=CARTESIAN_POINT('Ctrl Pts',(6.2038752607228,-19.4376039551145,21.1243711334966));
#3136=CARTESIAN_POINT('Ctrl Pts',(3.55878643881416,-20.2820244182205,21.0702060793081));
#3137=CARTESIAN_POINT('Ctrl Pts',(0.73810224650394,-20.5782274313482,21.0160410251197));
#3138=CARTESIAN_POINT('Ctrl Pts',(-2.02579792398919,-20.3025201073154,20.9618759709312));
#3139=CARTESIAN_POINT('Ctrl Pts',(-4.78969809448231,-20.0268127832826,20.9077109167428));
#3140=CARTESIAN_POINT('Ctrl Pts',(-7.49681424315833,-19.1791951220894,20.8535458625543));
#3141=CARTESIAN_POINT('Ctrl Pts',(-9.92274450935448,-17.8286039926802,20.7993808083659));
#3142=CARTESIAN_POINT('Ctrl Pts',(-12.3486747755506,-16.4780128632709,20.7452157541774));
#3143=CARTESIAN_POINT('Ctrl Pts',(-14.4934191592669,-14.6244482656457,20.6910506999889));
#3144=CARTESIAN_POINT('Ctrl Pts',(-16.1852842629274,-12.4213938549128,20.6368856458005));
#3145=CARTESIAN_POINT('Ctrl Pts',(-17.8771493665879,-10.2183394441798,20.582720591612));
#3146=CARTESIAN_POINT('Ctrl Pts',(-19.1161351901927,-7.66579522033903,20.5285555374236));
#3147=CARTESIAN_POINT('Ctrl Pts',(-19.7905622710282,-4.97242340280355,20.4743904832351));
#3148=CARTESIAN_POINT('Ctrl Pts',(-20.1970642073818,-3.3490294284808,20.4417432185627));
#3149=CARTESIAN_POINT('Ctrl Pts',(-20.3984667514591,-1.67447398645874,20.4090959538902));
#3150=CARTESIAN_POINT('Ctrl Pts',(-20.3972414217199,0.000173380604409302,
20.3764486892178));
#3151=CARTESIAN_POINT('Origin',(0.,0.,-5.52082767783593));
#3152=CARTESIAN_POINT('',(-20.4001871766066,0.00122625105163432,17.8764486891496));
#3153=CARTESIAN_POINT('',(-20.4016740896991,0.00147201842277726,18.3735513107277));
#3154=CARTESIAN_POINT('',(-20.4027,-1.82211822486116E-12,-5.52082767783593));
#3155=CARTESIAN_POINT('Ctrl Pts',(-20.4030144607528,0.000715502860476921,
20.8735513108293));
#3156=CARTESIAN_POINT('Ctrl Pts',(-20.4034851300714,0.820890129417672,20.8575578129821));
#3157=CARTESIAN_POINT('Ctrl Pts',(-20.3546142360044,1.64095475245882,20.8415643151349));
#3158=CARTESIAN_POINT('Ctrl Pts',(-20.2558461062658,2.45487822147157,20.8255708172877));
#3159=CARTESIAN_POINT('Ctrl Pts',(-19.9213488530383,5.21138647410998,20.7714057630993));
#3160=CARTESIAN_POINT('Ctrl Pts',(-19.0145460759899,7.89745763086915,20.7172407089108));
#3161=CARTESIAN_POINT('Ctrl Pts',(-17.6137393038793,10.2958355133999,20.6630756547224));
#3162=CARTESIAN_POINT('Ctrl Pts',(-16.2129325317688,12.6942133959308,20.6089106005339));
#3163=CARTESIAN_POINT('Ctrl Pts',(-14.3181217645961,14.8048980042334,20.5547455463455));
#3164=CARTESIAN_POINT('Ctrl Pts',(-12.0787885708918,16.446687857313,20.500580492157));
#3165=CARTESIAN_POINT('Ctrl Pts',(-8.71978878033547,18.9093726369324,20.4193329108743));
#3166=CARTESIAN_POINT('Ctrl Pts',(-4.58561353008325,20.3170442173002,20.3380853295916));
#3167=CARTESIAN_POINT('Ctrl Pts',(-0.424745080379888,20.4037256493509,20.256837748309));
#3168=CARTESIAN_POINT('Ctrl Pts',(3.73612336932357,20.4904070814015,20.1755901670263));
#3169=CARTESIAN_POINT('Ctrl Pts',(7.92368501847818,19.2560983651351,20.0943425857436));
#3170=CARTESIAN_POINT('Ctrl Pts',(11.3829076629856,16.9353795558224,20.0130950044609));
#3171=CARTESIAN_POINT('Ctrl Pts',(13.6890560926572,15.3882336829473,19.9589299502725));
#3172=CARTESIAN_POINT('Ctrl Pts',(15.6714982980411,13.3582388798295,19.904764896084));
#3173=CARTESIAN_POINT('Ctrl Pts',(17.1704803581591,11.0205129305856,19.8505998418956));
#3174=CARTESIAN_POINT('Ctrl Pts',(18.6694624182771,8.68278698134164,19.7964347877071));
#3175=CARTESIAN_POINT('Ctrl Pts',(19.6849843331292,6.03732988597145,19.7422697335187));
#3176=CARTESIAN_POINT('Ctrl Pts',(20.1349779453526,3.29665753283874,19.6881046793302));
#3177=CARTESIAN_POINT('Ctrl Pts',(20.5849715575761,0.555985179705985,19.6339396251418));
#3178=CARTESIAN_POINT('Ctrl Pts',(20.469436867171,-2.27990243118934,19.5797745709533));
#3179=CARTESIAN_POINT('Ctrl Pts',(19.7903688466682,-4.97252999814029,19.5256095167648));
#3180=CARTESIAN_POINT('Ctrl Pts',(18.7717668159139,-9.01147134856656,19.4443619354822));
#3181=CARTESIAN_POINT('Ctrl Pts',(16.4852147924396,-12.7280776001179,19.3631143541995));
#3182=CARTESIAN_POINT('Ctrl Pts',(13.3345905701694,-15.4483454343901,19.2818667729168));
#3183=CARTESIAN_POINT('Ctrl Pts',(10.1839663478992,-18.1686132686624,19.2006191916342));
#3184=CARTESIAN_POINT('Ctrl Pts',(6.16926992683288,-19.8925426856555,19.1193716103515));
#3185=CARTESIAN_POINT('Ctrl Pts',(2.02564747554871,-20.306031367838,19.0381240290688));
#3186=CARTESIAN_POINT('Ctrl Pts',(-2.11797497573541,-20.7195200500205,18.9568764477861));
#3187=CARTESIAN_POINT('Ctrl Pts',(-6.39052345723742,-19.8225679973924,18.8756288665034));
#3188=CARTESIAN_POINT('Ctrl Pts',(-10.0176045569837,-17.7785716502029,18.7943812852207));
#3189=CARTESIAN_POINT('Ctrl Pts',(-13.64468565673,-15.7345753030133,18.7131337039381));
#3190=CARTESIAN_POINT('Ctrl Pts',(-16.6262993747206,-12.5435346612623,18.6318861226554));
#3191=CARTESIAN_POINT('Ctrl Pts',(-18.4189688293245,-8.78555750941777,18.5506385413727));
#3192=CARTESIAN_POINT('Ctrl Pts',(-19.7214029619922,-6.05526180444118,18.491609464491));
#3193=CARTESIAN_POINT('Ctrl Pts',(-20.3962520338777,-3.02570826618884,18.4325803876093));
#3194=CARTESIAN_POINT('Ctrl Pts',(-20.4016740896991,0.00147201842277726,
18.3735513107277));
#3195=CARTESIAN_POINT('Ctrl Pts',(-20.3972414217199,0.000173380604409302,
20.3764486892178));
#3196=CARTESIAN_POINT('Ctrl Pts',(-20.3954173358776,2.49313544239788,20.3278483726075));
#3197=CARTESIAN_POINT('Ctrl Pts',(-19.9445545372759,4.98630121704372,20.2792480559973));
#3198=CARTESIAN_POINT('Ctrl Pts',(-19.0528064635533,7.31119438601254,20.2306477393871));
#3199=CARTESIAN_POINT('Ctrl Pts',(-17.5620265848024,11.1978346364095,20.1494001581044));
#3200=CARTESIAN_POINT('Ctrl Pts',(-14.8390833772779,14.6141953250872,20.0681525768217));
#3201=CARTESIAN_POINT('Ctrl Pts',(-11.3830179765118,16.9370062034505,19.9869049955391));
#3202=CARTESIAN_POINT('Ctrl Pts',(-7.92695257574578,19.2598170818139,19.9056574142564));
#3203=CARTESIAN_POINT('Ctrl Pts',(-3.73776498173821,20.489078149863,19.8244098329737));
#3204=CARTESIAN_POINT('Ctrl Pts',(0.424715239654256,20.4022563318172,19.743162251691));
#3205=CARTESIAN_POINT('Ctrl Pts',(4.58719546104672,20.3154345137714,19.6619146704083));
#3206=CARTESIAN_POINT('Ctrl Pts',(8.72296830982418,18.9125298096308,19.5806670891257));
#3207=CARTESIAN_POINT('Ctrl Pts',(12.0789909934962,16.4481350103823,19.499419507843));
#3208=CARTESIAN_POINT('Ctrl Pts',(15.4350136771682,13.9837402111339,19.4181719265603));
#3209=CARTESIAN_POINT('Ctrl Pts',(18.0112861957348,10.4578553167777,19.3369243452776));
#3210=CARTESIAN_POINT('Ctrl Pts',(19.339856393285,6.51189186345373,19.2556767639949));
#3211=CARTESIAN_POINT('Ctrl Pts',(20.6684265908353,2.56592841012968,19.1744291827123));
#3212=CARTESIAN_POINT('Ctrl Pts',(20.7492944673692,-1.8001136021622,19.0931816014296));
#3213=CARTESIAN_POINT('Ctrl Pts',(19.5674861255206,-5.7924520663179,19.0119340201469));
#3214=CARTESIAN_POINT('Ctrl Pts',(18.3856777836719,-9.78479053047361,18.9306864388642));
#3215=CARTESIAN_POINT('Ctrl Pts',(15.9411932234408,-13.4034254464931,18.8494388575815));
#3216=CARTESIAN_POINT('Ctrl Pts',(12.6786769983051,-15.9902730657534,18.7681912762989));
#3217=CARTESIAN_POINT('Ctrl Pts',(9.41616077316953,-18.5771206850136,18.6869436950162));
#3218=CARTESIAN_POINT('Ctrl Pts',(5.33561288312932,-20.1321810075146,18.6056961137335));
#3219=CARTESIAN_POINT('Ctrl Pts',(1.17896647241657,-20.3727196707733,18.5244485324508));
#3220=CARTESIAN_POINT('Ctrl Pts',(-2.97767993829632,-20.613258334032,18.4432009511682));
#3221=CARTESIAN_POINT('Ctrl Pts',(-7.21042486968183,-19.5392753380484,18.3619533698855));
#3222=CARTESIAN_POINT('Ctrl Pts',(-10.7495489635014,-17.346043918134,18.2807057886028));
#3223=CARTESIAN_POINT('Ctrl Pts',(-14.288673057321,-15.1528124982196,18.1994582073201));
#3224=CARTESIAN_POINT('Ctrl Pts',(-17.1341763135746,-11.8403326543743,18.1182106260374));
#3225=CARTESIAN_POINT('Ctrl Pts',(-18.7686526246559,-8.0109554411706,18.0369630447547));
#3226=CARTESIAN_POINT('Ctrl Pts',(-19.8450207153862,-5.48915722866842,17.983458259553));
#3227=CARTESIAN_POINT('Ctrl Pts',(-20.3961967191409,-2.7431935595282,17.9299534743513));
#3228=CARTESIAN_POINT('Ctrl Pts',(-20.4001871766066,0.00122625105163432,
17.8764486891496));
#3229=CARTESIAN_POINT('Origin',(0.,0.,-5.52082767783593));
#3230=CARTESIAN_POINT('',(-20.405975345685,0.00071379142238082,15.3764486892023));
#3231=CARTESIAN_POINT('',(-20.4067840651877,0.000166632351971228,15.8735513106716));
#3232=CARTESIAN_POINT('',(-20.4027,-1.82211822486116E-12,-5.52082767783593));
#3233=CARTESIAN_POINT('Ctrl Pts',(-20.4016740896991,0.00147201842277726,
18.3735513107277));
#3234=CARTESIAN_POINT('Ctrl Pts',(-20.4037149478235,1.1409006191965,18.3513328063267));
#3235=CARTESIAN_POINT('Ctrl Pts',(-20.3109137640308,2.27999298582393,18.3291143019257));
#3236=CARTESIAN_POINT('Ctrl Pts',(-20.1210392357715,3.40266406184309,18.3068957975247));
#3237=CARTESIAN_POINT('Ctrl Pts',(-19.4267149963974,7.50799481932114,18.225648216242));
#3238=CARTESIAN_POINT('Ctrl Pts',(-17.434341326432,11.3937426723391,18.1444006349593));
#3239=CARTESIAN_POINT('Ctrl Pts',(-14.5058590310078,14.3533645891115,18.0631530536766));
#3240=CARTESIAN_POINT('Ctrl Pts',(-11.5773767355836,17.3129865058839,17.981905472394));
#3241=CARTESIAN_POINT('Ctrl Pts',(-7.71278581470054,19.3464824864107,17.9006578911113));
#3242=CARTESIAN_POINT('Ctrl Pts',(-3.61500593829464,20.0840609660391,17.8194103098286));
#3243=CARTESIAN_POINT('Ctrl Pts',(0.482773938111217,20.8216394456676,17.7381627285459));
#3244=CARTESIAN_POINT('Ctrl Pts',(4.81374277004011,20.2633004243978,17.6569151472632));
#3245=CARTESIAN_POINT('Ctrl Pts',(8.5904532453862,18.510583011331,17.5756675659806));
#3246=CARTESIAN_POINT('Ctrl Pts',(12.3671637207324,16.7578655982642,17.4944199846979));
#3247=CARTESIAN_POINT('Ctrl Pts',(15.5896158394957,13.8107697934006,17.4131724034152));
#3248=CARTESIAN_POINT('Ctrl Pts',(17.6717905422273,10.2051894775078,17.3319248221325));
#3249=CARTESIAN_POINT('Ctrl Pts',(19.7539652449589,6.59960916161492,17.2506772408498));
#3250=CARTESIAN_POINT('Ctrl Pts',(20.6958625316586,2.33554433469286,17.1694296595671));
#3251=CARTESIAN_POINT('Ctrl Pts',(20.3262324388656,-1.81162594991969,17.0881820782845));
#3252=CARTESIAN_POINT('Ctrl Pts',(19.9566023460726,-5.9587962345322,17.0069344970018));
#3253=CARTESIAN_POINT('Ctrl Pts',(18.2754448737869,-9.98907197683523,16.9256869157191));
#3254=CARTESIAN_POINT('Ctrl Pts',(15.5884507183579,-13.1695890257378,16.8444393344364));
#3255=CARTESIAN_POINT('Ctrl Pts',(12.9014565629287,-16.3501060746406,16.7631917531538));
#3256=CARTESIAN_POINT('Ctrl Pts',(9.20862572435615,-18.6808644301428,16.6819441718711));
#3257=CARTESIAN_POINT('Ctrl Pts',(5.18146331875604,-19.7380409376851,16.6006965905884));
#3258=CARTESIAN_POINT('Ctrl Pts',(1.15430091315612,-20.7952174452274,16.5194490093057));
#3259=CARTESIAN_POINT('Ctrl Pts',(-3.20719305947128,-20.5788121048099,16.438201428023));
#3260=CARTESIAN_POINT('Ctrl Pts',(-7.10991846592704,-19.128172061252,16.3569538467404));
#3261=CARTESIAN_POINT('Ctrl Pts',(-11.0126438723828,-17.6775320176941,16.2757062654577));
#3262=CARTESIAN_POINT('Ctrl Pts',(-14.456600712667,-14.9926572709957,16.194458684175));
#3263=CARTESIAN_POINT('Ctrl Pts',(-16.815559059809,-11.5617730873751,16.1132111028923));
#3264=CARTESIAN_POINT('Ctrl Pts',(-19.1350023318754,-8.18835988295,16.0333245054854));
#3265=CARTESIAN_POINT('Ctrl Pts',(-20.4054924322361,-4.09372082436199,15.9534379080785));
#3266=CARTESIAN_POINT('Ctrl Pts',(-20.4067840651877,0.000166632351971228,
15.8735513106716));
#3267=CARTESIAN_POINT('Ctrl Pts',(-20.4001871766066,0.00122625105163433,
17.8764486891496));
#3268=CARTESIAN_POINT('Ctrl Pts',(-20.4022562709376,1.42423690100489,17.8487058930687));
#3269=CARTESIAN_POINT('Ctrl Pts',(-20.2572127803008,2.84683247964428,17.8209630969877));
#3270=CARTESIAN_POINT('Ctrl Pts',(-19.9619907455859,4.23754838099993,17.7932203009067));
#3271=CARTESIAN_POINT('Ctrl Pts',(-19.0974031895254,8.31040040740435,17.711972719624));
#3272=CARTESIAN_POINT('Ctrl Pts',(-16.9447787114954,12.1098298776509,17.6307251383414));
#3273=CARTESIAN_POINT('Ctrl Pts',(-13.895554969828,14.944945641589,17.5494775570587));
#3274=CARTESIAN_POINT('Ctrl Pts',(-10.8463312281605,17.7800614055272,17.468229975776));
#3275=CARTESIAN_POINT('Ctrl Pts',(-6.90050822285551,19.6508634631568,17.3869823944933));
#3276=CARTESIAN_POINT('Ctrl Pts',(-2.77559176876622,20.2171687444872,17.3057348132106));
#3277=CARTESIAN_POINT('Ctrl Pts',(1.34932468532297,20.7834740258175,17.224487231928));
#3278=CARTESIAN_POINT('Ctrl Pts',(5.65333458819669,20.0452825308485,17.1432396506453));
#3279=CARTESIAN_POINT('Ctrl Pts',(9.35379803031033,18.1368227181311,17.0619920693626));
#3280=CARTESIAN_POINT('Ctrl Pts',(13.0542614724241,16.2283629054136,16.9807444880799));
#3281=CARTESIAN_POINT('Ctrl Pts',(16.1511784537779,13.1496347749475,16.8994969067972));
#3282=CARTESIAN_POINT('Ctrl Pts',(18.0814034667648,9.4604805170642,16.8182493255146));
#3283=CARTESIAN_POINT('Ctrl Pts',(20.0116284797517,5.77132625918095,16.7370017442319));
#3284=CARTESIAN_POINT('Ctrl Pts',(20.7751615243717,1.47174587388063,16.6557541629492));
#3285=CARTESIAN_POINT('Ctrl Pts',(20.2331682545124,-2.65643851286645,16.5745065816665));
#3286=CARTESIAN_POINT('Ctrl Pts',(19.6911749846531,-6.78462289961353,16.4932590003838));
#3287=CARTESIAN_POINT('Ctrl Pts',(17.8436554003142,-10.7414112878074,16.4120114191012));
#3288=CARTESIAN_POINT('Ctrl Pts',(15.0265493479095,-13.8072779811626,16.3307638378185));
#3289=CARTESIAN_POINT('Ctrl Pts',(12.2094432955048,-16.8731446745178,16.2495162565358));
#3290=CARTESIAN_POINT('Ctrl Pts',(8.42275077503401,-19.0480896730344,16.1682686752531));
#3291=CARTESIAN_POINT('Ctrl Pts',(4.35506790847628,-19.9366675521879,16.0870210939704));
#3292=CARTESIAN_POINT('Ctrl Pts',(0.287385041918445,-20.8252454313414,16.0057735126878));
#3293=CARTESIAN_POINT('Ctrl Pts',(-4.06128817072629,-20.4274561911317,15.9245259314051));
#3294=CARTESIAN_POINT('Ctrl Pts',(-7.90023724686707,-18.8155453143199,15.8432783501224));
#3295=CARTESIAN_POINT('Ctrl Pts',(-11.7391863230078,-17.203634437508,15.7620307688397));
#3296=CARTESIAN_POINT('Ctrl Pts',(-15.0684112626444,-14.377601924094,15.6807831875571));
#3297=CARTESIAN_POINT('Ctrl Pts',(-17.282437882978,-10.8515018996281,15.5995356062744));
#3298=CARTESIAN_POINT('Ctrl Pts',(-19.3088381985236,-7.62421902208674,15.5251733005837));
#3299=CARTESIAN_POINT('Ctrl Pts',(-20.4010448479258,-3.81049459116664,15.450810994893));
#3300=CARTESIAN_POINT('Ctrl Pts',(-20.405975345685,0.00071379142238082,
15.3764486892023));
#3301=CARTESIAN_POINT('Origin',(0.,0.,-5.52082767783593));
#3302=CARTESIAN_POINT('',(-20.4040195602089,-0.0017732325715454,12.8764486893349));
#3303=CARTESIAN_POINT('',(-20.4047227723045,-0.000670184000227006,13.373551310569));
#3304=CARTESIAN_POINT('',(-20.4027,-1.82211822486116E-12,-5.52082767783593));
#3305=CARTESIAN_POINT('Ctrl Pts',(-20.4067840651877,0.000166632351971233,
15.8735513106717));
#3306=CARTESIAN_POINT('Ctrl Pts',(-20.4068060700255,0.0699119338008556,
15.8721903267959));
#3307=CARTESIAN_POINT('Ctrl Pts',(-20.4064597019817,0.139657017104397,15.8708293429201));
#3308=CARTESIAN_POINT('Ctrl Pts',(-20.4057438720163,0.209398312323492,15.8694683590443));
#3309=CARTESIAN_POINT('Ctrl Pts',(-20.3630104830815,4.37279190785813,15.7882207777616));
#3310=CARTESIAN_POINT('Ctrl Pts',(-19.003583851212,8.52268547838437,15.7069731964789));
#3311=CARTESIAN_POINT('Ctrl Pts',(-16.5747364483719,11.9044323071626,15.6257256151963));
#3312=CARTESIAN_POINT('Ctrl Pts',(-14.1458890455319,15.2861791359407,15.5444780339136));
#3313=CARTESIAN_POINT('Ctrl Pts',(-10.6476208717213,17.8997792229708,15.4632304526309));
#3314=CARTESIAN_POINT('Ctrl Pts',(-6.71591238078565,19.2700354754386,15.3819828713482));
#3315=CARTESIAN_POINT('Ctrl Pts',(-2.78420388984995,20.6402917279065,15.3007352900655));
#3316=CARTESIAN_POINT('Ctrl Pts',(1.58094491821088,20.7672041458121,15.2194877087829));
#3317=CARTESIAN_POINT('Ctrl Pts',(5.58549967400949,19.6275809236481,15.1382401275002));
#3318=CARTESIAN_POINT('Ctrl Pts',(9.59005442980801,18.487957701484,15.0569925462175));
#3319=CARTESIAN_POINT('Ctrl Pts',(13.2340151333442,16.0817988392506,14.9757449649348));
#3320=CARTESIAN_POINT('Ctrl Pts',(15.8552958440928,12.8468587673046,14.8944973836521));
#3321=CARTESIAN_POINT('Ctrl Pts',(18.4765765548415,9.61191869535866,14.8132498023695));
#3322=CARTESIAN_POINT('Ctrl Pts',(20.0751772728023,5.54819741370015,14.7320022210868));
#3323=CARTESIAN_POINT('Ctrl Pts',(20.3593885331648,1.3942205796028,14.6507546398041));
#3324=CARTESIAN_POINT('Ctrl Pts',(20.6435997935272,-2.75975625449455,14.5695070585214));
#3325=CARTESIAN_POINT('Ctrl Pts',(19.6134215962914,-7.00398864103095,14.4882594772387));
#3326=CARTESIAN_POINT('Ctrl Pts',(17.4581465762444,-10.5658963587916,14.4070118959561));
#3327=CARTESIAN_POINT('Ctrl Pts',(15.3028715561974,-14.1278040765524,14.3257643146734));
#3328=CARTESIAN_POINT('Ctrl Pts',(12.0224997133393,-17.0073871255374,14.2445167333907));
#3329=CARTESIAN_POINT('Ctrl Pts',(8.20969598061471,-18.6826013404234,14.163269152108));
#3330=CARTESIAN_POINT('Ctrl Pts',(4.39689224789017,-20.3578155553094,14.0820215708254));
#3331=CARTESIAN_POINT('Ctrl Pts',(0.051656625299169,-20.8286609360964,14.0007739895427));
#3332=CARTESIAN_POINT('Ctrl Pts',(-4.02791542448908,-20.0062709760341,13.91952640826));
#3333=CARTESIAN_POINT('Ctrl Pts',(-8.10748747427738,-19.1838810159718,13.8382788269773));
#3334=CARTESIAN_POINT('Ctrl Pts',(-11.921395951263,-17.0682557150602,13.7570312456946));
#3335=CARTESIAN_POINT('Ctrl Pts',(-14.7956592554707,-14.0514539823377,13.675783664412));
#3336=CARTESIAN_POINT('Ctrl Pts',(-16.0731096128964,-12.7106532122388,13.6396736282863));
#3337=CARTESIAN_POINT('Ctrl Pts',(-17.1649510473042,-11.1918422827699,13.6035635921607));
#3338=CARTESIAN_POINT('Ctrl Pts',(-18.0298960027857,-9.55445858770718,13.5674535560351));
#3339=CARTESIAN_POINT('Ctrl Pts',(-19.5780784202618,-6.62367249398758,13.502819474213));
#3340=CARTESIAN_POINT('Ctrl Pts',(-20.3993266772461,-3.3130012904502,13.438185392391));
#3341=CARTESIAN_POINT('Ctrl Pts',(-20.4047227723045,-0.000670184000227006,
13.373551310569));
#3342=CARTESIAN_POINT('Ctrl Pts',(-20.405975345685,0.000713791422380818,
15.3764486892023));
#3343=CARTESIAN_POINT('Ctrl Pts',(-20.4064318650944,0.35359714823804,15.3695634136103));
#3344=CARTESIAN_POINT('Ctrl Pts',(-20.3975670772354,0.706458934765777,15.3626781380183));
#3345=CARTESIAN_POINT('Ctrl Pts',(-20.3792594668121,1.05883164254522,15.3557928624263));
#3346=CARTESIAN_POINT('Ctrl Pts',(-20.1632261292822,5.21689762473466,15.2745452811437));
#3347=CARTESIAN_POINT('Ctrl Pts',(-18.632331153192,9.30686205359572,15.193297699861));
#3348=CARTESIAN_POINT('Ctrl Pts',(-16.0649022185948,12.584510748524,15.1120501185783));
#3349=CARTESIAN_POINT('Ctrl Pts',(-13.4974732839976,15.8621594434524,15.0308025372956));
#3350=CARTESIAN_POINT('Ctrl Pts',(-9.89351039089323,18.3274924044479,14.9495549560129));
#3351=CARTESIAN_POINT('Ctrl Pts',(-5.90808658148107,19.5327636030673,14.8683073747303));
#3352=CARTESIAN_POINT('Ctrl Pts',(-1.92266277206891,20.7380348016866,14.7870597934476));
#3353=CARTESIAN_POINT('Ctrl Pts',(2.44422195365105,20.6832442379298,14.7058122121649));
#3354=CARTESIAN_POINT('Ctrl Pts',(6.39799925766412,19.3779576968978,14.6245646308822));
#3355=CARTESIAN_POINT('Ctrl Pts',(10.3517765616771,18.0726711558658,14.5433170495995));
#3356=CARTESIAN_POINT('Ctrl Pts',(13.8924464439831,15.5168886375586,14.4620694683169));
#3357=CARTESIAN_POINT('Ctrl Pts',(16.376571955523,12.1755370357969,14.3808218870342));
#3358=CARTESIAN_POINT('Ctrl Pts',(18.860697467063,8.83418543403506,14.2995743057515));
#3359=CARTESIAN_POINT('Ctrl Pts',(20.2882786078369,4.70726474881865,14.2183267244688));
#3360=CARTESIAN_POINT('Ctrl Pts',(20.3995439659568,0.5451535719075,14.1370791431861));
#3361=CARTESIAN_POINT('Ctrl Pts',(20.5108093240768,-3.61695760500356,14.0558315619035));
#3362=CARTESIAN_POINT('Ctrl Pts',(19.305758899543,-7.81425927360937,13.9745839806208));
#3363=CARTESIAN_POINT('Ctrl Pts',(17.0035439488745,-11.2835080937433,13.8933363993381));
#3364=CARTESIAN_POINT('Ctrl Pts',(14.7013289982059,-14.7527569138774,13.8120888180554));
#3365=CARTESIAN_POINT('Ctrl Pts',(11.3019495214026,-17.4939528855396,13.7308412367728));
#3366=CARTESIAN_POINT('Ctrl Pts',(7.42366758119453,-19.0086015831429,13.6495936554901));
#3367=CARTESIAN_POINT('Ctrl Pts',(3.54538564098653,-20.5232502807461,13.5683460742074));
#3368=CARTESIAN_POINT('Ctrl Pts',(-0.811798762626186,-20.8113517042905,
13.4870984929247));
#3369=CARTESIAN_POINT('Ctrl Pts',(-4.85588184872534,-19.8205918245558,13.405850911642));
#3370=CARTESIAN_POINT('Ctrl Pts',(-8.89996493482459,-18.8298319448211,13.3246033303594));
#3371=CARTESIAN_POINT('Ctrl Pts',(-12.6309467034102,-16.5602107618072,13.2433557490767));
#3372=CARTESIAN_POINT('Ctrl Pts',(-15.3699064858523,-13.4244874381708,13.162108167794));
#3373=CARTESIAN_POINT('Ctrl Pts',(-18.1088662682944,-10.2887641145344,13.0808605865113));
#3374=CARTESIAN_POINT('Ctrl Pts',(-19.8558040645929,-6.28693865027554,12.9996130052286));
#3375=CARTESIAN_POINT('Ctrl Pts',(-20.2935378542525,-2.14632517362297,12.918365423946));
#3376=CARTESIAN_POINT('Ctrl Pts',(-20.368815463759,-1.43425886351418,12.9043931790756));
#3377=CARTESIAN_POINT('Ctrl Pts',(-20.4053745468482,-0.718088023250444,
12.8904209342053));
#3378=CARTESIAN_POINT('Ctrl Pts',(-20.4040195602089,-0.0017732325715454,
12.8764486893349));
#3379=CARTESIAN_POINT('Origin',(0.,0.,-5.52082767783593));
#3380=CARTESIAN_POINT('',(-20.3991428992713,-0.000231289674227098,10.3764486894421));
#3381=CARTESIAN_POINT('',(-20.3984405360445,-0.00021398888572923,10.873551310553));
#3382=CARTESIAN_POINT('',(-20.4027,-1.82211822486116E-12,-5.52082767783593));
#3383=CARTESIAN_POINT('Ctrl Pts',(-20.4047227723045,-0.000670184000227012,
13.373551310569));
#3384=CARTESIAN_POINT('Ctrl Pts',(-20.4053561026515,0.388092390847637,13.3659653201397));
#3385=CARTESIAN_POINT('Ctrl Pts',(-20.3947508157129,0.776877831374436,13.3583793297105));
#3386=CARTESIAN_POINT('Ctrl Pts',(-20.3727631502477,1.16507462895161,13.3507933392812));
#3387=CARTESIAN_POINT('Ctrl Pts',(-20.2157680811782,3.93685515947547,13.2966282850928));
#3388=CARTESIAN_POINT('Ctrl Pts',(-19.4784807129739,6.67862570836047,13.2424632309043));
#3389=CARTESIAN_POINT('Ctrl Pts',(-18.2306791832476,9.16064299118844,13.1882981767159));
#3390=CARTESIAN_POINT('Ctrl Pts',(-16.9828776535212,11.6426602740165,13.1341331225274));
#3391=CARTESIAN_POINT('Ctrl Pts',(-15.2245619622729,13.8649242907875,13.079968068339));
#3392=CARTESIAN_POINT('Ctrl Pts',(-13.0952968102931,15.6469777733739,13.0258030141505));
#3393=CARTESIAN_POINT('Ctrl Pts',(-10.9660316583133,17.4290312559603,12.9716379599621));
#3394=CARTESIAN_POINT('Ctrl Pts',(-8.46581704560195,18.7708742043621,12.9174729057736));
#3395=CARTESIAN_POINT('Ctrl Pts',(-5.80304566426584,19.5608952898614,12.8633078515852));
#3396=CARTESIAN_POINT('Ctrl Pts',(-3.14027428292973,20.3509163753607,12.8091427973967));
#3397=CARTESIAN_POINT('Ctrl Pts',(-0.314946132968786,20.5891155979575,12.7549777432083));
#3398=CARTESIAN_POINT('Ctrl Pts',(2.4419905805115,20.2566783500954,12.7008126890198));
#3399=CARTESIAN_POINT('Ctrl Pts',(5.19892729399184,19.9242411022334,12.6466476348314));
#3400=CARTESIAN_POINT('Ctrl Pts',(7.88747257099144,19.0211673839126,12.5924825806429));
#3401=CARTESIAN_POINT('Ctrl Pts',(10.2860327131999,17.6211061668856,12.5383175264544));
#3402=CARTESIAN_POINT('Ctrl Pts',(12.6845928554084,16.2210449498586,12.484152472266));
#3403=CARTESIAN_POINT('Ctrl Pts',(14.7931678628257,14.3239962341254,12.4299874180775));
#3404=CARTESIAN_POINT('Ctrl Pts',(16.4381971335485,12.0867251613069,12.3758223638891));
#3405=CARTESIAN_POINT('Ctrl Pts',(18.0832264042713,9.84945408848829,12.3216573097006));
#3406=CARTESIAN_POINT('Ctrl Pts',(19.2647099382995,7.27196065858437,12.2674922555122));
#3407=CARTESIAN_POINT('Ctrl Pts',(19.8861608397758,4.56495538154546,12.2133272013237));
#3408=CARTESIAN_POINT('Ctrl Pts',(20.5076117412521,1.85795010450664,12.1591621471353));
#3409=CARTESIAN_POINT('Ctrl Pts',(20.5690300101764,-0.978567019667086,12.1049970929468));
#3410=CARTESIAN_POINT('Ctrl Pts',(20.0640856074673,-3.70899541754813,12.0508320387584));
#3411=CARTESIAN_POINT('Ctrl Pts',(19.5591412047581,-6.43942381542917,11.9966669845699));
#3412=CARTESIAN_POINT('Ctrl Pts',(18.4878341304154,-9.06376348701759,11.9425019303815));
#3413=CARTESIAN_POINT('Ctrl Pts',(16.9405129962392,-11.3705363800741,11.888336876193));
#3414=CARTESIAN_POINT('Ctrl Pts',(15.3931918620629,-13.6773092731307,11.8341718220046));
#3415=CARTESIAN_POINT('Ctrl Pts',(13.3698566680529,-15.6665153876555,11.7800067678161));
#3416=CARTESIAN_POINT('Ctrl Pts',(11.0328836188785,-17.165799112921,11.7258417136276));
#3417=CARTESIAN_POINT('Ctrl Pts',(7.5274240451171,-19.4147247008191,11.644594132345));
#3418=CARTESIAN_POINT('Ctrl Pts',(3.31627929723586,-20.5613249128839,11.5633465510623));
#3419=CARTESIAN_POINT('Ctrl Pts',(-0.842888538594829,-20.3900274375333,
11.4820989697796));
#3420=CARTESIAN_POINT('Ctrl Pts',(-5.00205637442552,-20.2187299621828,11.4008513884969));
#3421=CARTESIAN_POINT('Ctrl Pts',(-9.10924729820562,-18.7295347994169,11.3196038072143));
#3422=CARTESIAN_POINT('Ctrl Pts',(-12.4142564462463,-16.1963554810421,11.2383562259316));
#3423=CARTESIAN_POINT('Ctrl Pts',(-15.7192655942871,-13.6631761626673,11.1571086446489));
#3424=CARTESIAN_POINT('Ctrl Pts',(-18.2220929665885,-10.0860126886837,11.0758610633662));
#3425=CARTESIAN_POINT('Ctrl Pts',(-19.4692748925157,-6.11384808504828,10.9946134820835));
#3426=CARTESIAN_POINT('Ctrl Pts',(-20.088725342046,-4.1409529538903,10.9542594249067));
#3427=CARTESIAN_POINT('Ctrl Pts',(-20.3984192020644,-2.07061454913341,10.9139053677298));
#3428=CARTESIAN_POINT('Ctrl Pts',(-20.3984405360445,-0.00021398888572923,
10.873551310553));
#3429=CARTESIAN_POINT('Ctrl Pts',(-20.4040195602089,-0.0017732325715454,
12.8764486893349));
#3430=CARTESIAN_POINT('Ctrl Pts',(-20.3974953987133,3.447230056968,12.8091733529226));
#3431=CARTESIAN_POINT('Ctrl Pts',(-19.5119896366024,6.89957062386152,12.7418980165103));
#3432=CARTESIAN_POINT('Ctrl Pts',(-17.8373013227492,9.91314102025555,12.6746226800979));
#3433=CARTESIAN_POINT('Ctrl Pts',(-15.8148012185655,13.5525922484356,12.5933750988152));
#3434=CARTESIAN_POINT('Ctrl Pts',(-12.6412712271773,16.5520932157492,12.5121275175326));
#3435=CARTESIAN_POINT('Ctrl Pts',(-8.89389079865665,18.3666629582421,12.4308799362499));
#3436=CARTESIAN_POINT('Ctrl Pts',(-5.14651037013609,20.1812327007349,12.3496323549672));
#3437=CARTESIAN_POINT('Ctrl Pts',(-0.825279504483111,20.8108712184071,12.2683847736845));
#3438=CARTESIAN_POINT('Ctrl Pts',(3.28405693150218,20.1408537276996,12.1871371924019));
#3439=CARTESIAN_POINT('Ctrl Pts',(7.39339336748747,19.470836236992,12.1058896111192));
#3440=CARTESIAN_POINT('Ctrl Pts',(11.2908353738051,17.5011627379046,12.0246420298365));
#3441=CARTESIAN_POINT('Ctrl Pts',(14.2676656758648,14.5901066901214,11.9433944485538));
#3442=CARTESIAN_POINT('Ctrl Pts',(17.2444959779243,11.6790506423383,11.8621468672711));
#3443=CARTESIAN_POINT('Ctrl Pts',(19.3007145757261,7.82661204585925,11.7808992859885));
#3444=CARTESIAN_POINT('Ctrl Pts',(20.0624151408205,3.73328513462002,11.6996517047058));
#3445=CARTESIAN_POINT('Ctrl Pts',(20.824115705915,-0.360041776619396,11.6184041234231));
#3446=CARTESIAN_POINT('Ctrl Pts',(20.2912982383021,-4.69425700261899,11.5371565421404));
#3447=CARTESIAN_POINT('Ctrl Pts',(18.5608663938202,-8.48125712678368,11.4559089608577));
#3448=CARTESIAN_POINT('Ctrl Pts',(16.8304345493383,-12.2682572509483,11.3746613795751));
#3449=CARTESIAN_POINT('Ctrl Pts',(13.9023883279874,-15.5080422732778,11.2934137982924));
#3450=CARTESIAN_POINT('Ctrl Pts',(10.3091280125162,-17.6113860272747,11.2121662170097));
#3451=CARTESIAN_POINT('Ctrl Pts',(6.71586769704493,-19.7147297812716,11.130918635727));
#3452=CARTESIAN_POINT('Ctrl Pts',(2.45739328745334,-20.6816322669359,11.0496710544443));
#3453=CARTESIAN_POINT('Ctrl Pts',(-1.69187103995262,-20.3364985168913,10.9684234731617));
#3454=CARTESIAN_POINT('Ctrl Pts',(-5.84113536735857,-19.9913647668467,10.887175891879));
#3455=CARTESIAN_POINT('Ctrl Pts',(-9.88118961257896,-18.3341947810932,10.8059283105963));
#3456=CARTESIAN_POINT('Ctrl Pts',(-13.077465340741,-15.6658710704987,10.7246807293136));
#3457=CARTESIAN_POINT('Ctrl Pts',(-16.2737410689031,-12.9975473599041,10.6434331480309));
#3458=CARTESIAN_POINT('Ctrl Pts',(-18.6262382800069,-9.31806992446851,10.5621855667483));
#3459=CARTESIAN_POINT('Ctrl Pts',(-19.7072254112278,-5.29715675568108,10.4809379854656));
#3460=CARTESIAN_POINT('Ctrl Pts',(-20.1706303215383,-3.57344437046195,10.4461082201244));
#3461=CARTESIAN_POINT('Ctrl Pts',(-20.4003668116645,-1.7869855315033,10.4112784547833));
#3462=CARTESIAN_POINT('Ctrl Pts',(-20.3991428992713,-0.000231289674227098,
10.3764486894421));
#3463=CARTESIAN_POINT('Origin',(0.,0.,-5.52082767783593));
#3464=CARTESIAN_POINT('',(-20.400720193205,0.00136450119821284,7.8764486894377));
#3465=CARTESIAN_POINT('',(-20.4020356101847,-0.000196426200735725,8.37355131065259));
#3466=CARTESIAN_POINT('',(-20.4027,-1.82211822486116E-12,-5.52082767783593));
#3467=CARTESIAN_POINT('Ctrl Pts',(-20.3984405360445,-0.000213988885729231,
10.873551310553));
#3468=CARTESIAN_POINT('Ctrl Pts',(-20.3984621552245,2.09786439882546,10.8326577864472));
#3469=CARTESIAN_POINT('Ctrl Pts',(-20.0804762880977,4.19600661496739,10.7917642623413));
#3470=CARTESIAN_POINT('Ctrl Pts',(-19.4445704147765,6.1928736261364,10.7508707382355));
#3471=CARTESIAN_POINT('Ctrl Pts',(-18.1811475315568,10.1602650003987,10.6696231569528));
#3472=CARTESIAN_POINT('Ctrl Pts',(-15.6627652855642,13.7278820156363,10.5883755756701));
#3473=CARTESIAN_POINT('Ctrl Pts',(-12.3478175332343,16.2471059201367,10.5071279943875));
#3474=CARTESIAN_POINT('Ctrl Pts',(-9.03286978090429,18.7663298246372,10.4258804131048));
#3475=CARTESIAN_POINT('Ctrl Pts',(-4.92135652223689,20.2371606184005,10.3446328318221));
#3476=CARTESIAN_POINT('Ctrl Pts',(-0.760657469582388,20.3925111106285,10.2633852505394));
#3477=CARTESIAN_POINT('Ctrl Pts',(3.40004158307204,20.5478616028564,10.1821376692567));
#3478=CARTESIAN_POINT('Ctrl Pts',(7.60992642971354,19.3877317935491,10.1008900879741));
#3479=CARTESIAN_POINT('Ctrl Pts',(11.1032462125792,17.1220451987062,10.0196425066914));
#3480=CARTESIAN_POINT('Ctrl Pts',(14.5965659954449,14.8563586038634,9.93839492540871));
#3481=CARTESIAN_POINT('Ctrl Pts',(17.3733207145348,11.4851152234849,9.85714734412603));
#3482=CARTESIAN_POINT('Ctrl Pts',(18.9294928674462,7.62359932572796,9.77589976284335));
#3483=CARTESIAN_POINT('Ctrl Pts',(20.3127570033675,4.19114074994402,9.70367969059208));
#3484=CARTESIAN_POINT('Ctrl Pts',(20.7316102228021,0.371306357959817,9.63145961834081));
#3485=CARTESIAN_POINT('Ctrl Pts',(20.1380314815579,-3.28384960831825,9.55923954608954));
#3486=CARTESIAN_POINT('Ctrl Pts',(19.8412421109359,-5.1114275914573,9.5231295099639));
#3487=CARTESIAN_POINT('Ctrl Pts',(19.2913447501441,-6.89783596816978,9.48701947383827));
#3488=CARTESIAN_POINT('Ctrl Pts',(18.5116379226546,-8.57736454676464,9.45090943771263));
#3489=CARTESIAN_POINT('Ctrl Pts',(17.3420776814205,-11.0966574146569,9.39674438352418));
#3490=CARTESIAN_POINT('Ctrl Pts',(15.6554461401166,-13.3754707367844,9.34257932933573));
#3491=CARTESIAN_POINT('Ctrl Pts',(13.5840065513471,-15.2245951144192,9.28841427514728));
#3492=CARTESIAN_POINT('Ctrl Pts',(11.5125669625776,-17.0737194920539,9.23424922095883));
#3493=CARTESIAN_POINT('Ctrl Pts',(9.05631932634237,-18.4931549251958,9.18008416677037));
#3494=CARTESIAN_POINT('Ctrl Pts',(6.42001675149191,-19.3669526309215,9.12591911258192));
#3495=CARTESIAN_POINT('Ctrl Pts',(3.78371417664146,-20.2407503366473,9.07175405839347));
#3496=CARTESIAN_POINT('Ctrl Pts',(0.967356663175746,-20.5689103149568,9.01758900420502));
#3497=CARTESIAN_POINT('Ctrl Pts',(-1.79879667237724,-20.3240595528743,8.96342395001656));
#3498=CARTESIAN_POINT('Ctrl Pts',(-4.56495000793022,-20.0792087907918,8.90925889582811));
#3499=CARTESIAN_POINT('Ctrl Pts',(-7.2808991655705,-19.2613472883172,8.85509384163965));
#3500=CARTESIAN_POINT('Ctrl Pts',(-9.72253253513638,-17.9380524156878,8.8009287874512));
#3501=CARTESIAN_POINT('Ctrl Pts',(-12.1641659047023,-16.6147575430583,8.74676373326274));
#3502=CARTESIAN_POINT('Ctrl Pts',(-14.3314834861938,-14.786029300274,8.69259867907429));
#3503=CARTESIAN_POINT('Ctrl Pts',(-16.0466818984562,-12.6018305576045,8.63843362488584));
#3504=CARTESIAN_POINT('Ctrl Pts',(-17.7618803107187,-10.4176318149349,8.58426857069739));
#3505=CARTESIAN_POINT('Ctrl Pts',(-19.0249595537521,-7.8779625723801,8.53010351650894));
#3506=CARTESIAN_POINT('Ctrl Pts',(-19.7317038490181,-5.1924328144369,8.47593846232049));
#3507=CARTESIAN_POINT('Ctrl Pts',(-20.1770188615232,-3.50029787149916,8.44180941176452));
#3508=CARTESIAN_POINT('Ctrl Pts',(-20.401458960887,-1.75025369816627,8.40768036120855));
#3509=CARTESIAN_POINT('Ctrl Pts',(-20.4020356101847,-0.000196426200735725,
8.37355131065259));
#3510=CARTESIAN_POINT('Ctrl Pts',(-20.3991428992713,-0.000231289674227099,
10.3764486894421));
#3511=CARTESIAN_POINT('Ctrl Pts',(-20.3975117846303,2.38098571588318,10.3300308735006));
#3512=CARTESIAN_POINT('Ctrl Pts',(-19.9856710556393,4.76272738755757,10.2836130575591));
#3513=CARTESIAN_POINT('Ctrl Pts',(-19.1700306521437,6.99717065738032,10.2371952416175));
#3514=CARTESIAN_POINT('Ctrl Pts',(-17.7423717105006,10.9082359995152,10.1559476603349));
#3515=CARTESIAN_POINT('Ctrl Pts',(-15.0775767758764,14.3680177816455,10.0747000790522));
#3516=CARTESIAN_POINT('Ctrl Pts',(-11.6605588833744,16.7471600913973,9.99345249776951));
#3517=CARTESIAN_POINT('Ctrl Pts',(-8.24354099087249,19.126302401149,9.91220491648683));
#3518=CARTESIAN_POINT('Ctrl Pts',(-4.0743001404929,20.4248052385222,9.83095733520415));
#3519=CARTESIAN_POINT('Ctrl Pts',(0.0891860715247034,20.4066089359224,9.74970975392148));
#3520=CARTESIAN_POINT('Ctrl Pts',(4.25267228354231,20.3884126333226,9.6684621726388));
#3521=CARTESIAN_POINT('Ctrl Pts',(8.41040385719793,19.0535171907499,9.58721459135612));
#3522=CARTESIAN_POINT('Ctrl Pts',(11.8064958023919,16.6445985262317,9.50596701007344));
#3523=CARTESIAN_POINT('Ctrl Pts',(15.202587747586,14.2356798617135,9.42471942879076));
#3524=CARTESIAN_POINT('Ctrl Pts',(17.8370400643183,10.7527379752499,9.34347184750808));
#3525=CARTESIAN_POINT('Ctrl Pts',(19.2304588405348,6.8293432627466,9.26222426622539));
#3526=CARTESIAN_POINT('Ctrl Pts',(20.6238776167513,2.90594855024352,9.18097668494272));
#3527=CARTESIAN_POINT('Ctrl Pts',(20.776262852452,-1.4578989882992,9.09972910366004));
#3528=CARTESIAN_POINT('Ctrl Pts',(19.6601714430834,-5.46920995125129,9.01848152237736));
#3529=CARTESIAN_POINT('Ctrl Pts',(18.5440800337149,-9.48052091420348,8.93723394109468));
#3530=CARTESIAN_POINT('Ctrl Pts',(16.159511979277,-13.1392953015652,8.85598635981201));
#3531=CARTESIAN_POINT('Ctrl Pts',(12.9400349289278,-15.7795792613508,8.77473877852933));
#3532=CARTESIAN_POINT('Ctrl Pts',(9.72055787857856,-18.4198632211365,8.69349119724665));
#3533=CARTESIAN_POINT('Ctrl Pts',(5.666171832318,-20.0416567533461,8.61224361596396));
#3534=CARTESIAN_POINT('Ctrl Pts',(1.51404988841381,-20.3505097718981,8.53099603468129));
#3535=CARTESIAN_POINT('Ctrl Pts',(-2.63807205549048,-20.6593627904501,8.44974845339861));
#3536=CARTESIAN_POINT('Ctrl Pts',(-6.88792989703827,-19.6552752953445,8.36850087211593));
#3537=CARTESIAN_POINT('Ctrl Pts',(-10.4626693249019,-17.5206040589739,8.28725329083325));
#3538=CARTESIAN_POINT('Ctrl Pts',(-14.0374087527654,-15.3859328226034,8.20600570955057));
#3539=CARTESIAN_POINT('Ctrl Pts',(-16.9370297669447,-12.1206778449678,8.12475812826789));
#3540=CARTESIAN_POINT('Ctrl Pts',(-18.6342921714518,-8.31869735692988,8.04351054698521));
#3541=CARTESIAN_POINT('Ctrl Pts',(-19.7975998686004,-5.7128108691375,7.98782326113604));
#3542=CARTESIAN_POINT('Ctrl Pts',(-20.3960678340709,-2.85478338876465,7.93213597528687));
#3543=CARTESIAN_POINT('Ctrl Pts',(-20.400720193205,0.00136450119821284,
7.8764486894377));
#3544=CARTESIAN_POINT('Origin',(0.,0.,-5.52082767783593));
#3545=CARTESIAN_POINT('',(-20.4016933078126,-0.000105246401402605,5.37644868933736));
#3546=CARTESIAN_POINT('',(-20.4069065824504,-0.000173883460791989,5.87355131078755));
#3547=CARTESIAN_POINT('',(-20.4027,-1.82211822486116E-12,-5.52082767783593));
#3548=CARTESIAN_POINT('Ctrl Pts',(-20.4020356101847,-0.000196426200735723,
8.37355131065259));
#3549=CARTESIAN_POINT('Ctrl Pts',(-20.4023741413549,1.02720261616816,8.3535153070201));
#3550=CARTESIAN_POINT('Ctrl Pts',(-20.3255589326123,2.05460617293411,8.33347930338761));
#3551=CARTESIAN_POINT('Ctrl Pts',(-20.1709853127187,3.07030010887093,8.31344329975513));
#3552=CARTESIAN_POINT('Ctrl Pts',(-19.7531131336549,5.81611300090394,8.25927824556667));
#3553=CARTESIAN_POINT('Ctrl Pts',(-18.7669594280287,8.47634851163837,8.20511319137822));
#3554=CARTESIAN_POINT('Ctrl Pts',(-17.2930312227548,10.8295848610334,8.15094813718977));
#3555=CARTESIAN_POINT('Ctrl Pts',(-15.8191030174809,13.1828212104285,8.09678308300132));
#3556=CARTESIAN_POINT('Ctrl Pts',(-13.8574003125594,15.2290583984841,8.04261802881287));
#3557=CARTESIAN_POINT('Ctrl Pts',(-11.5699817056694,16.8048980122628,7.98845297462442));
#3558=CARTESIAN_POINT('Ctrl Pts',(-9.28256309877945,18.3807376260414,7.93428792043596));
#3559=CARTESIAN_POINT('Ctrl Pts',(-6.66942858992113,19.486179665543,7.8801228662475));
#3560=CARTESIAN_POINT('Ctrl Pts',(-3.9448236959308,20.0206795918876,7.82595781205905));
#3561=CARTESIAN_POINT('Ctrl Pts',(0.14208364505465,20.8224294814045,7.74471023077637));
#3562=CARTESIAN_POINT('Ctrl Pts',(4.47979935258702,20.3395596163182,7.66346264949369));
#3563=CARTESIAN_POINT('Ctrl Pts',(8.28434072136568,18.6503034414685,7.58221506821102));
#3564=CARTESIAN_POINT('Ctrl Pts',(12.0888820901443,16.9610472666187,7.50096748692834));
#3565=CARTESIAN_POINT('Ctrl Pts',(15.3602491201693,14.0654047820054,7.41971990564566));
#3566=CARTESIAN_POINT('Ctrl Pts',(17.5016854406304,10.4940942520051,7.33847232436298));
#3567=CARTESIAN_POINT('Ctrl Pts',(19.6431217610914,6.92278372200482,7.2572247430803));
#3568=CARTESIAN_POINT('Ctrl Pts',(20.6546273719885,2.67580514661747,7.17597716179762));
#3569=CARTESIAN_POINT('Ctrl Pts',(20.3531796141836,-1.47664591794885,7.09472958051494));
#3570=CARTESIAN_POINT('Ctrl Pts',(20.0517318563786,-5.62909698251517,7.01348199923226));
#3571=CARTESIAN_POINT('Ctrl Pts',(18.4373307298717,-9.68702053626046,6.93223441794959));
#3572=CARTESIAN_POINT('Ctrl Pts',(15.8030970760434,-12.9114425464255,6.85098683666691));
#3573=CARTESIAN_POINT('Ctrl Pts',(13.1688634222151,-16.1358645565906,6.76973925538423));
#3574=CARTESIAN_POINT('Ctrl Pts',(9.51479724106534,-18.5267850231753,6.68849167410154));
#3575=CARTESIAN_POINT('Ctrl Pts',(5.50553374966607,-19.6500272862143,6.60724409281887));
#3576=CARTESIAN_POINT('Ctrl Pts',(1.49627025826685,-20.7732695492533,6.52599651153619));
#3577=CARTESIAN_POINT('Ctrl Pts',(-2.8681905433819,-20.6288336087466,6.44474893025351));
#3578=CARTESIAN_POINT('Ctrl Pts',(-6.79421644101976,-19.2426288967533,6.36350134897083));
#3579=CARTESIAN_POINT('Ctrl Pts',(-10.7202423386576,-17.8564241847599,6.28225376768815));
#3580=CARTESIAN_POINT('Ctrl Pts',(-14.2078333322847,-15.2284507012799,6.20100618640547));
#3581=CARTESIAN_POINT('Ctrl Pts',(-16.622985929662,-11.8368567731203,6.11975860512279));
#3582=CARTESIAN_POINT('Ctrl Pts',(-19.0381385270393,-8.44526284496065,6.03851102384011));
#3583=CARTESIAN_POINT('Ctrl Pts',(-20.380852728167,-4.29004847212143,5.95726344255743));
#3584=CARTESIAN_POINT('Ctrl Pts',(-20.4065313604326,-0.126472866460686,
5.87601586127476));
#3585=CARTESIAN_POINT('Ctrl Pts',(-20.4067910042056,-0.0843737987081215,
5.87519434444569));
#3586=CARTESIAN_POINT('Ctrl Pts',(-20.4069159969886,-0.042273876120497,
5.87437282761662));
#3587=CARTESIAN_POINT('Ctrl Pts',(-20.4069065824504,-0.000173883460791989,
5.87355131078755));
#3588=CARTESIAN_POINT('Ctrl Pts',(-20.400720193205,0.00136450119821285,
7.8764486894377));
#3589=CARTESIAN_POINT('Ctrl Pts',(-20.4028556119477,1.31232772657372,7.85088839400419));
#3590=CARTESIAN_POINT('Ctrl Pts',(-20.2798870170279,2.62289496319145,7.82532809857068));
#3591=CARTESIAN_POINT('Ctrl Pts',(-20.0290124221411,3.90850225213798,7.79976780313717));
#3592=CARTESIAN_POINT('Ctrl Pts',(-19.2315664734883,7.99501537472725,7.7185202218545));
#3593=CARTESIAN_POINT('Ctrl Pts',(-17.1417707813477,11.8293356214654,7.63727264057182));
#3594=CARTESIAN_POINT('Ctrl Pts',(-14.1396014427895,14.7142600305442,7.55602505928914));
#3595=CARTESIAN_POINT('Ctrl Pts',(-11.1374321042313,17.5991844396231,7.47477747800645));
#3596=CARTESIAN_POINT('Ctrl Pts',(-7.22288911925548,19.5347130110426,7.39352989672378));
#3597=CARTESIAN_POINT('Ctrl Pts',(-3.1078681210712,20.1687876820002,7.3122823154411));
#3598=CARTESIAN_POINT('Ctrl Pts',(1.00715287711299,20.8028623529579,7.23103473415842));
#3599=CARTESIAN_POINT('Ctrl Pts',(5.32265188850567,20.1354831234538,7.14978715287574));
#3600=CARTESIAN_POINT('Ctrl Pts',(9.05405292290038,18.288225929461,7.06853957159307));
#3601=CARTESIAN_POINT('Ctrl Pts',(12.7854539572952,16.4409687354682,6.98729199031038));
#3602=CARTESIAN_POINT('Ctrl Pts',(15.9327570146922,13.4138335769867,6.9060444090277));
#3603=CARTESIAN_POINT('Ctrl Pts',(17.9233582605841,9.75683919617414,6.82479682774502));
#3604=CARTESIAN_POINT('Ctrl Pts',(19.9139595064759,6.0998448153618,6.74354924646234));
#3605=CARTESIAN_POINT('Ctrl Pts',(20.7478589408628,1.8129912122186,6.66230166517966));
#3606=CARTESIAN_POINT('Ctrl Pts',(20.2739980476415,-2.32335761655788,6.58105408389699));
#3607=CARTESIAN_POINT('Ctrl Pts',(19.8001371544202,-6.45970644533435,6.49980650261431));
#3608=CARTESIAN_POINT('Ctrl Pts',(18.0185159335908,-10.4455504997442,6.41855892133163));
#3609=CARTESIAN_POINT('Ctrl Pts',(15.2519800306854,-13.5577429143238,6.33731134004895));
#3610=CARTESIAN_POINT('Ctrl Pts',(12.4854441277799,-16.6699353289035,6.25606375876627));
#3611=CARTESIAN_POINT('Ctrl Pts',(8.73399354279834,-18.9084761036531,6.17481617748359));
#3612=CARTESIAN_POINT('Ctrl Pts',(4.68207603198901,-19.8630244778321,6.09356859620091));
#3613=CARTESIAN_POINT('Ctrl Pts',(0.630158521179867,-20.817572852011,6.01232101491823));
#3614=CARTESIAN_POINT('Ctrl Pts',(-3.722225915457,-20.4881288256195,5.93107343363555));
#3615=CARTESIAN_POINT('Ctrl Pts',(-7.58919016008067,-18.9419679273518,5.84982585235287));
#3616=CARTESIAN_POINT('Ctrl Pts',(-10.4894133435485,-17.7823472536509,5.78889016639086));
#3617=CARTESIAN_POINT('Ctrl Pts',(-13.1165876690089,-15.9383233395197,5.72795448042885));
#3618=CARTESIAN_POINT('Ctrl Pts',(-15.2003298364539,-13.6099987147402,5.66701879446684));
#3619=CARTESIAN_POINT('Ctrl Pts',(-17.2840720038988,-11.2816740899607,5.60608310850483));
#3620=CARTESIAN_POINT('Ctrl Pts',(-18.8243820133283,-8.46904875453301,5.54514742254282));
#3621=CARTESIAN_POINT('Ctrl Pts',(-19.6603225307664,-5.45939911433708,5.48421173658081));
#3622=CARTESIAN_POINT('Ctrl Pts',(-20.1531016308467,-3.6852388597319,5.44829072083299));
#3623=CARTESIAN_POINT('Ctrl Pts',(-20.401112896115,-1.84261281688385,5.41236970508517));
#3624=CARTESIAN_POINT('Ctrl Pts',(-20.4016933078126,-0.000105246401402605,
5.37644868933736));
#3625=CARTESIAN_POINT('Origin',(0.,0.,-5.52082767783593));
#3626=CARTESIAN_POINT('',(-20.4024396669601,-0.00034577606666003,2.87644868928094));
#3627=CARTESIAN_POINT('',(-20.4018470244621,-0.000257828855352125,3.37355131085084));
#3628=CARTESIAN_POINT('',(-20.4027,-1.82211822486116E-12,-5.52082767783593));
#3629=CARTESIAN_POINT('Ctrl Pts',(-20.4069065824504,-0.000173883460791988,
5.87355131078755));
#3630=CARTESIAN_POINT('Ctrl Pts',(-20.4059849041322,4.12139320236879,5.79312524633394));
#3631=CARTESIAN_POINT('Ctrl Pts',(-19.1168622281167,8.24363187979691,5.71269918188033));
#3632=CARTESIAN_POINT('Ctrl Pts',(-16.7681728166255,11.6302000194012,5.63227311742672));
#3633=CARTESIAN_POINT('Ctrl Pts',(-14.3954925771496,15.0513604611201,5.55102553614404));
#3634=CARTESIAN_POINT('Ctrl Pts',(-10.9414890347944,17.7217445060758,5.46977795486136));
#3635=CARTESIAN_POINT('Ctrl Pts',(-7.03248050851957,19.1567053664917,5.38853037357868));
#3636=CARTESIAN_POINT('Ctrl Pts',(-3.12347198224472,20.5916662269075,5.30728279229601));
#3637=CARTESIAN_POINT('Ctrl Pts',(1.24054152794976,20.7912039027836,5.22603521101332));
#3638=CARTESIAN_POINT('Ctrl Pts',(5.26244761899371,19.7172078929198,5.14478762973065));
#3639=CARTESIAN_POINT('Ctrl Pts',(9.28435371003764,18.6432118830561,5.06354004844797));
#3640=CARTESIAN_POINT('Ctrl Pts',(12.964152381931,16.2956821874525,4.98229246716529));
#3641=CARTESIAN_POINT('Ctrl Pts',(15.6410775733461,13.1053686113596,4.90104488588261));
#3642=CARTESIAN_POINT('Ctrl Pts',(17.6487714669075,10.7126334292899,4.8401091999206));
#3643=CARTESIAN_POINT('Ctrl Pts',(19.0923490276999,7.84583231444502,4.77917351395859));
#3644=CARTESIAN_POINT('Ctrl Pts',(19.8281233221841,4.80910550621534,4.71823782799658));
#3645=CARTESIAN_POINT('Ctrl Pts',(20.5638976166683,1.77237869798561,4.65730214203457));
#3646=CARTESIAN_POINT('Ctrl Pts',(20.5918686448442,-1.43427380362894,4.59636645607256));
#3647=CARTESIAN_POINT('Ctrl Pts',(19.9059891970772,-4.48162607474142,4.53543077011055));
#3648=CARTESIAN_POINT('Ctrl Pts',(19.2201097493102,-7.52897834585387,4.47449508414854));
#3649=CARTESIAN_POINT('Ctrl Pts',(17.8203798256003,-10.4170303864643,4.41355939818653));
#3650=CARTESIAN_POINT('Ctrl Pts',(15.8535993284294,-12.8445877065565,4.35262371222452));
#3651=CARTESIAN_POINT('Ctrl Pts',(13.8868188312585,-15.2721450266487,4.29168802626251));
#3652=CARTESIAN_POINT('Ctrl Pts',(11.3529877606264,-17.2392076262228,4.23075234030051));
#3653=CARTESIAN_POINT('Ctrl Pts',(8.51401545145129,-18.5426656882292,4.1698166543385));
#3654=CARTESIAN_POINT('Ctrl Pts',(5.67504314227612,-19.8461237502357,4.10888096837649));
#3655=CARTESIAN_POINT('Ctrl Pts',(2.5309295945578,-20.4859772746747,4.04794528241447));
#3656=CARTESIAN_POINT('Ctrl Pts',(-0.591838689432027,-20.3954211586724,
3.98700959645246));
#3657=CARTESIAN_POINT('Ctrl Pts',(-3.71460697342187,-20.3048650426701,3.92607391049045));
#3658=CARTESIAN_POINT('Ctrl Pts',(-6.81602999368319,-19.4838992862266,3.86513822452845));
#3659=CARTESIAN_POINT('Ctrl Pts',(-9.57471368148084,-18.0178916257201,3.80420253856644));
#3660=CARTESIAN_POINT('Ctrl Pts',(-12.3333973692785,-16.5518839652135,3.74326685260443));
#3661=CARTESIAN_POINT('Ctrl Pts',(-14.7493417246124,-14.440834400644,3.68233116664242));
#3662=CARTESIAN_POINT('Ctrl Pts',(-16.5718944328093,-11.9035406868356,3.62139548068041));
#3663=CARTESIAN_POINT('Ctrl Pts',(-18.3944471410062,-9.36624697302715,3.5604597947184));
#3664=CARTESIAN_POINT('Ctrl Pts',(-19.6236082020661,-6.40270910997987,3.49952410875639));
#3665=CARTESIAN_POINT('Ctrl Pts',(-20.1319726291375,-3.32031055369583,3.43858842279438));
#3666=CARTESIAN_POINT('Ctrl Pts',(-20.3128330102075,-2.22368823354091,3.41690938547987));
#3667=CARTESIAN_POINT('Ctrl Pts',(-20.4024609435737,-1.11202151463544,3.39523034816535));
#3668=CARTESIAN_POINT('Ctrl Pts',(-20.4018470244621,-0.000257828855352125,
3.37355131085084));
#3669=CARTESIAN_POINT('Ctrl Pts',(-20.4016933078126,-0.000105246401402605,
5.37644868933736));
#3670=CARTESIAN_POINT('Ctrl Pts',(-20.4020974948018,1.28297983021048,5.35143401912317));
#3671=CARTESIAN_POINT('Ctrl Pts',(-20.2825113652611,2.56600745425951,5.32641934890898));
#3672=CARTESIAN_POINT('Ctrl Pts',(-20.0420356023124,3.82581632320865,5.30140467869479));
#3673=CARTESIAN_POINT('Ctrl Pts',(-19.4562371309736,6.89470817559401,5.24046899273278));
#3674=CARTESIAN_POINT('Ctrl Pts',(-18.1530691628494,9.82581793540065,5.17953330677077));
#3675=CARTESIAN_POINT('Ctrl Pts',(-16.2673375094032,12.3163571512134,5.11859762080876));
#3676=CARTESIAN_POINT('Ctrl Pts',(-14.381605855957,14.8068963670263,5.05766193484675));
#3677=CARTESIAN_POINT('Ctrl Pts',(-11.9133105171888,16.8568650388453,4.99672624888474));
#3678=CARTESIAN_POINT('Ctrl Pts',(-9.11858812654495,18.2530768846409,4.93579056292273));
#3679=CARTESIAN_POINT('Ctrl Pts',(-6.32386573590109,19.6492887304365,4.87485487696072));
#3680=CARTESIAN_POINT('Ctrl Pts',(-3.20271629338155,20.3917437502088,4.81391919099871));
#3681=CARTESIAN_POINT('Ctrl Pts',(-0.0787171975943417,20.4037589802484,
4.7529835050367));
#3682=CARTESIAN_POINT('Ctrl Pts',(3.04528189819286,20.415774210288,4.69204781907469));
#3683=CARTESIAN_POINT('Ctrl Pts',(6.17213064724774,19.6973496505949,4.63111213311268));
#3684=CARTESIAN_POINT('Ctrl Pts',(8.9775263206868,18.3228268171582,4.57017644715067));
#3685=CARTESIAN_POINT('Ctrl Pts',(11.7829219941259,16.9483039837215,4.50924076118867));
#3686=CARTESIAN_POINT('Ctrl Pts',(14.2668645919491,14.9176828765412,4.44830507522665));
#3687=CARTESIAN_POINT('Ctrl Pts',(16.1717904962424,12.4416230260318,4.38736938926465));
#3688=CARTESIAN_POINT('Ctrl Pts',(18.0767164005357,9.96556317552231,4.32643370330264));
#3689=CARTESIAN_POINT('Ctrl Pts',(19.4026256112991,7.04406458168368,4.26549801734062));
#3690=CARTESIAN_POINT('Ctrl Pts',(20.0120080271425,3.98004696910078,4.20456233137861));
#3691=CARTESIAN_POINT('Ctrl Pts',(20.6213904429859,0.916029356518059,4.14362664541661));
#3692=CARTESIAN_POINT('Ctrl Pts',(20.5142460639094,-2.29050727480891,4.0826909594546));
#3693=CARTESIAN_POINT('Ctrl Pts',(19.7016920911106,-5.30702033109699,4.02175527349259));
#3694=CARTESIAN_POINT('Ctrl Pts',(18.8891381183117,-8.32353338738526,3.96081958753058));
#3695=CARTESIAN_POINT('Ctrl Pts',(17.3711745517904,-11.1500228686347,3.89988390156857));
#3696=CARTESIAN_POINT('Ctrl Pts',(15.3052123955423,-13.4933904568819,3.83894821560655));
#3697=CARTESIAN_POINT('Ctrl Pts',(13.2392502392942,-15.8367580451291,3.77801252964455));
#3698=CARTESIAN_POINT('Ctrl Pts',(10.6252894933194,-17.6970037403741,3.71707684368254));
#3699=CARTESIAN_POINT('Ctrl Pts',(7.73440193249213,-18.8812125760404,3.65614115772053));
#3700=CARTESIAN_POINT('Ctrl Pts',(4.84351437166499,-20.0654214117067,3.59520547175852));
#3701=CARTESIAN_POINT('Ctrl Pts',(1.67569999598548,-20.5735933877944,3.53426978579651));
#3702=CARTESIAN_POINT('Ctrl Pts',(-1.4405367924513,-20.3530335875732,3.4733340998345));
#3703=CARTESIAN_POINT('Ctrl Pts',(-4.55677358088827,-20.1324737873519,3.41239841387249));
#3704=CARTESIAN_POINT('Ctrl Pts',(-7.62143278208252,-19.1831822108216,3.35146272791048));
#3705=CARTESIAN_POINT('Ctrl Pts',(-10.3167059934097,-17.6035997196702,3.29052704194847));
#3706=CARTESIAN_POINT('Ctrl Pts',(-13.0119792047369,-16.0240172285188,3.22959135598646));
#3707=CARTESIAN_POINT('Ctrl Pts',(-15.337866426197,-13.8141438227462,3.16865567002445));
#3708=CARTESIAN_POINT('Ctrl Pts',(-17.0531712459171,-11.2031462100661,3.10771998406244));
#3709=CARTESIAN_POINT('Ctrl Pts',(-18.7684760656372,-8.59214859738597,3.04678429810044));
#3710=CARTESIAN_POINT('Ctrl Pts',(-19.8731984836175,-5.58002677779829,2.98584861213843));
#3711=CARTESIAN_POINT('Ctrl Pts',(-20.2527776617873,-2.47914009257744,2.92491292617642));
#3712=CARTESIAN_POINT('Ctrl Pts',(-20.3534084329629,-1.65705965084592,2.90875818054459));
#3713=CARTESIAN_POINT('Ctrl Pts',(-20.4030731933268,-0.828740453992399,
2.89260343491277));
#3714=CARTESIAN_POINT('Ctrl Pts',(-20.4024396669601,-0.00034577606666003,
2.87644868928094));
#3715=CARTESIAN_POINT('Origin',(0.,0.,-5.52082767783593));
#3716=CARTESIAN_POINT('',(-20.4038151424023,1.35361814626209E-5,0.37644868917781));
#3717=CARTESIAN_POINT('',(-20.4039124455127,-7.35224973271008E-5,0.873551310792162));
#3718=CARTESIAN_POINT('',(-20.4027,-1.82211822486116E-12,-5.52082767783593));
#3719=CARTESIAN_POINT('',(-11.932228758052,16.5496853189273,3.02287000338738E-17));
#3720=CARTESIAN_POINT('Ctrl Pts',(-20.4038151424023,1.35361814626242E-5,
0.376448689177815));
#3721=CARTESIAN_POINT('Ctrl Pts',(-20.4038911608046,0.185176088086173,0.372837164709218));
#3722=CARTESIAN_POINT('Ctrl Pts',(-20.4014159819432,0.37033772896736,0.369225640240621));
#3723=CARTESIAN_POINT('Ctrl Pts',(-20.3963756876557,0.555430716359258,0.365614115772023));
#3724=CARTESIAN_POINT('Ctrl Pts',(-20.3113329882264,3.67842441377248,0.304678429810013));
#3725=CARTESIAN_POINT('Ctrl Pts',(-19.496044269777,6.78187359605827,0.243742743848003));
#3726=CARTESIAN_POINT('Ctrl Pts',(-18.0349063561529,9.54283933322547,0.182807057885993));
#3727=CARTESIAN_POINT('Ctrl Pts',(-16.5737684425291,12.3038050703921,0.121871371923996));
#3728=CARTESIAN_POINT('Ctrl Pts',(-14.4667813337309,14.7222873624403,0.0609356859619981));
#3729=CARTESIAN_POINT('Ctrl Pts',(-11.9322287580519,16.5496853189273,8.85604788254775E-16));
#3730=CARTESIAN_POINT('',(11.9322287580519,16.5496853189273,2.64545330086463E-16));
#3731=CARTESIAN_POINT('Origin',(0.,0.,0.));
#3732=CARTESIAN_POINT('Ctrl Pts',(-20.4039124455127,-7.35224973270998E-5,
0.873551310792164));
#3733=CARTESIAN_POINT('Ctrl Pts',(-20.4031993967915,3.02591096439042,0.814528392029429));
#3734=CARTESIAN_POINT('Ctrl Pts',(-19.719239991235,6.05220673004661,0.755505473266694));
#3735=CARTESIAN_POINT('Ctrl Pts',(-18.4166263277604,8.78345071324576,0.696482554503959));
#3736=CARTESIAN_POINT('Ctrl Pts',(-17.0717986101345,11.6032066510177,0.63554686854195));
#3737=CARTESIAN_POINT('Ctrl Pts',(-15.0675692101121,14.1084773342938,0.57461118257994));
#3738=CARTESIAN_POINT('Ctrl Pts',(-12.611781953055,16.0394555421395,0.51367549661793));
#3739=CARTESIAN_POINT('Ctrl Pts',(-10.1559946959979,17.9704337499852,0.452739810655921));
#3740=CARTESIAN_POINT('Ctrl Pts',(-7.2486495819061,19.3271194824006,0.391804124693912));
#3741=CARTESIAN_POINT('Ctrl Pts',(-4.19123436592908,19.968839396219,0.330868438731903));
#3742=CARTESIAN_POINT('Ctrl Pts',(-1.13381914995207,20.6105593100374,0.269932752769894));
#3743=CARTESIAN_POINT('Ctrl Pts',(2.0736661679102,20.5373134052589,0.208997066807885));
#3744=CARTESIAN_POINT('Ctrl Pts',(5.0985896274863,19.7566659019764,0.148061380845876));
#3745=CARTESIAN_POINT('Ctrl Pts',(7.54857350424201,19.1243941033572,0.0987075872305839));
#3746=CARTESIAN_POINT('Ctrl Pts',(9.87879850252744,18.028073445572,0.0493537936152923));
#3747=CARTESIAN_POINT('Ctrl Pts',(11.9326718009741,16.549723608405,6.93889390390723E-16));
#3748=CARTESIAN_POINT('Origin',(0.,0.,-5.52082767783593));
#3749=CARTESIAN_POINT('Ctrl Pts',(-20.4018470244621,-0.000257828855352126,
3.37355131085083));
#3750=CARTESIAN_POINT('Ctrl Pts',(-20.4007353327154,2.01293656527435,3.33429466220334));
#3751=CARTESIAN_POINT('Ctrl Pts',(-20.1037171730325,4.02644891747547,3.29503801355585));
#3752=CARTESIAN_POINT('Ctrl Pts',(-19.5166744220964,5.95152556863811,3.25578136490835));
#3753=CARTESIAN_POINT('Ctrl Pts',(-18.6054439949008,8.93970388516721,3.19484567894634));
#3754=CARTESIAN_POINT('Ctrl Pts',(-16.9954153474267,11.7148012687047,3.13390999298433));
#3755=CARTESIAN_POINT('Ctrl Pts',(-14.8535659049801,13.9890211403553,3.07297430702232));
#3756=CARTESIAN_POINT('Ctrl Pts',(-12.7117164625333,16.263241012006,3.01203862106032));
#3757=CARTESIAN_POINT('Ctrl Pts',(-10.038046225114,18.0365833717699,2.95110293509831));
#3758=CARTESIAN_POINT('Ctrl Pts',(-7.10980900740331,19.1251594675105,2.8901672491363));
#3759=CARTESIAN_POINT('Ctrl Pts',(-4.18157178969266,20.2137355632511,2.82923156317429));
#3760=CARTESIAN_POINT('Ctrl Pts',(-0.998767591690676,20.6175453949685,2.76829587721228));
#3761=CARTESIAN_POINT('Ctrl Pts',(2.10853962923715,20.2947091427246,2.70736019125027));
#3762=CARTESIAN_POINT('Ctrl Pts',(5.21584685016499,19.9718728904806,2.64642450528826));
#3763=CARTESIAN_POINT('Ctrl Pts',(8.24765709401865,18.9223905542754,2.58548881932625));
#3764=CARTESIAN_POINT('Ctrl Pts',(10.8895710527708,17.2550966705977,2.52455313336424));
#3765=CARTESIAN_POINT('Ctrl Pts',(13.5314850115229,15.58780278692,2.46361744740223));
#3766=CARTESIAN_POINT('Ctrl Pts',(15.7835026851736,13.3026973557698,2.40268176144022));
#3767=CARTESIAN_POINT('Ctrl Pts',(17.4120866458144,10.6367467315962,2.34174607547821));
#3768=CARTESIAN_POINT('Ctrl Pts',(19.0406706064551,7.97079610742267,2.2808103895162));
#3769=CARTESIAN_POINT('Ctrl Pts',(20.0458208540861,4.92400029022567,2.21987470355419));
#3770=CARTESIAN_POINT('Ctrl Pts',(20.3233029777235,1.81231541630159,2.15893901759218));
#3771=CARTESIAN_POINT('Ctrl Pts',(20.6007851013609,-1.29936945762251,2.09800333163017));
#3772=CARTESIAN_POINT('Ctrl Pts',(20.1505991010048,-4.47594338827365,2.03706764566817));
#3773=CARTESIAN_POINT('Ctrl Pts',(19.0194293604934,-7.38799309978894,1.97613195970616));
#3774=CARTESIAN_POINT('Ctrl Pts',(17.8882596199821,-10.3000428113042,1.91519627374415));
#3775=CARTESIAN_POINT('Ctrl Pts',(16.0761061393156,-12.9475683036836,1.85426058778214));
#3776=CARTESIAN_POINT('Ctrl Pts',(13.7708910814742,-15.0560185189143,1.79332490182013));
#3777=CARTESIAN_POINT('Ctrl Pts',(11.4656760236327,-17.1644687341449,1.73238921585812));
#3778=CARTESIAN_POINT('Ctrl Pts',(8.66739938861627,-18.7338436722269,1.67145352989611));
#3779=CARTESIAN_POINT('Ctrl Pts',(5.66624488284601,-19.6013979534361,1.6105178439341));
#3780=CARTESIAN_POINT('Ctrl Pts',(2.66509037707575,-20.4689522346454,1.54958215797209));
#3781=CARTESIAN_POINT('Ctrl Pts',(-0.538941999448306,-20.6346858589821,
1.48864647201008));
#3782=CARTESIAN_POINT('Ctrl Pts',(-3.6135909901176,-20.0814117515316,1.42771078604807));
#3783=CARTESIAN_POINT('Ctrl Pts',(-6.68823998078688,-19.5281376440811,1.36677510008606));
#3784=CARTESIAN_POINT('Ctrl Pts',(-9.63350558560139,-18.2558558048435,1.30583941412405));
#3785=CARTESIAN_POINT('Ctrl Pts',(-12.1439613251017,-16.3965036373893,1.24490372816204));
#3786=CARTESIAN_POINT('Ctrl Pts',(-14.654417064602,-14.5371514699351,1.18396804220003));
#3787=CARTESIAN_POINT('Ctrl Pts',(-16.7300629387882,-12.0907289742642,1.12303235623802));
#3788=CARTESIAN_POINT('Ctrl Pts',(-18.1556520930264,-9.31093124817352,1.06209667027601));
#3789=CARTESIAN_POINT('Ctrl Pts',(-19.5812412472646,-6.53113352208281,1.001160984314));
#3790=CARTESIAN_POINT('Ctrl Pts',(-20.3567736815548,-3.4179605655722,0.940225298351995));
#3791=CARTESIAN_POINT('Ctrl Pts',(-20.4018268810853,-0.294253491183028,
0.879289612389986));
#3792=CARTESIAN_POINT('Ctrl Pts',(-20.4032410980737,-0.196200530299679,
0.877376845190711));
#3793=CARTESIAN_POINT('Ctrl Pts',(-20.4039355534212,-0.0981371898550718,
0.875464077991437));
#3794=CARTESIAN_POINT('Ctrl Pts',(-20.4039124455127,-7.35224973271008E-5,
0.873551310792162));
#3795=CARTESIAN_POINT('Ctrl Pts',(-20.4024396669601,-0.000345776066660032,
2.87644868928094));
#3796=CARTESIAN_POINT('Ctrl Pts',(-20.4006835324425,2.29596352446184,2.83166774895075));
#3797=CARTESIAN_POINT('Ctrl Pts',(-20.0124364188065,4.59285281996427,2.78688680862057));
#3798=CARTESIAN_POINT('Ctrl Pts',(-19.2519208375389,6.75904447875751,2.74210586829038));
#3799=CARTESIAN_POINT('Ctrl Pts',(-18.2170488967615,9.70669081401707,2.68117018232837));
#3800=CARTESIAN_POINT('Ctrl Pts',(-16.4928690768472,12.4123319336822,2.62023449636636));
#3801=CARTESIAN_POINT('Ctrl Pts',(-14.2581803904661,14.5953906484689,2.55929881040436));
#3802=CARTESIAN_POINT('Ctrl Pts',(-12.0234917040849,16.7784493632556,2.49836312444235));
#3803=CARTESIAN_POINT('Ctrl Pts',(-9.27829415123691,18.438925673164,2.43742743848034));
#3804=CARTESIAN_POINT('Ctrl Pts',(-6.30726721507723,19.4046262880756,2.37649175251833));
#3805=CARTESIAN_POINT('Ctrl Pts',(-3.33624027891747,20.3703269029872,2.31555606655632));
#3806=CARTESIAN_POINT('Ctrl Pts',(-0.139383959446113,20.6412518229018,2.25462038059431));
#3807=CARTESIAN_POINT('Ctrl Pts',(2.9517847590671,20.1893065366966,2.1936846946323));
#3808=CARTESIAN_POINT('Ctrl Pts',(6.04295347758022,19.7373612504913,2.13274900867029));
#3809=CARTESIAN_POINT('Ctrl Pts',(9.02843459513518,18.5625457581661,2.07181332270828));
#3810=CARTESIAN_POINT('Ctrl Pts',(11.5986311062422,16.7866882782212,2.01087763674627));
#3811=CARTESIAN_POINT('Ctrl Pts',(14.1688276173492,15.0108307982763,1.94994195078426));
#3812=CARTESIAN_POINT('Ctrl Pts',(16.3237395220083,12.6339313307116,1.88900626482225));
#3813=CARTESIAN_POINT('Ctrl Pts',(17.839900241845,9.90247888346094,1.82807057886024));
#3814=CARTESIAN_POINT('Ctrl Pts',(19.3560609616818,7.17102643621032,1.76713489289823));
#3815=CARTESIAN_POINT('Ctrl Pts',(20.2334704966962,4.08502100927367,1.70619920693623));
#3816=CARTESIAN_POINT('Ctrl Pts',(20.3811411443303,0.964479626158509,1.64526352097422));
#3817=CARTESIAN_POINT('Ctrl Pts',(20.5288117919643,-2.15606175695674,1.58432783501221));
#3818=CARTESIAN_POINT('Ctrl Pts',(19.9467435522179,-5.31113909625049,1.52339214905019));
#3819=CARTESIAN_POINT('Ctrl Pts',(18.6952965206086,-8.17355912036781,1.46245646308818));
#3820=CARTESIAN_POINT('Ctrl Pts',(17.4438494889993,-11.035979144485,1.40152077712618));
#3821=CARTESIAN_POINT('Ctrl Pts',(15.5230236655272,-13.6057418534258,1.34058509116417));
#3822=CARTESIAN_POINT('Ctrl Pts',(13.1320122233523,-15.6163777092913,1.27964940520216));
#3823=CARTESIAN_POINT('Ctrl Pts',(10.7410007811773,-17.6270135651568,1.21871371924015));
#3824=CARTESIAN_POINT('Ctrl Pts',(7.87980372029959,-19.078522567947,1.15777803327814));
#3825=CARTESIAN_POINT('Ctrl Pts',(4.8451263459776,-19.8203484823155,1.09684234731613));
#3826=CARTESIAN_POINT('Ctrl Pts',(1.8104489716557,-20.562174396684,1.03590666135412));
#3827=CARTESIAN_POINT('Ctrl Pts',(-1.39770871611047,-20.594317222631,0.974970975392112));
#3828=CARTESIAN_POINT('Ctrl Pts',(-4.44665112116212,-19.9135086464182,0.914035289430103));
#3829=CARTESIAN_POINT('Ctrl Pts',(-7.49559352621386,-19.2327000702054,0.853099603468093));
#3830=CARTESIAN_POINT('Ctrl Pts',(-10.3853206485511,-17.8389400918328,0.792163917506082));
#3831=CARTESIAN_POINT('Ctrl Pts',(-12.8161782058888,-15.8766366514256,0.731228231544071));
#3832=CARTESIAN_POINT('Ctrl Pts',(-15.2470357632265,-13.9143332110184,0.670292545582063));
#3833=CARTESIAN_POINT('Ctrl Pts',(-17.2190237555647,-11.3834863085767,0.609356859620054));
#3834=CARTESIAN_POINT('Ctrl Pts',(-18.5276194115293,-8.54679375108561,0.548421173658045));
#3835=CARTESIAN_POINT('Ctrl Pts',(-19.7586574728529,-5.87822574031171,0.491097012164634));
#3836=CARTESIAN_POINT('Ctrl Pts',(-20.4026085352734,-2.93899134118003,0.433772850671222));
#3837=CARTESIAN_POINT('Ctrl Pts',(-20.4038151424023,1.35361814626209E-5,
0.37644868917781));
#3838=CARTESIAN_POINT('Ctrl Pts',(2.47519026052344,-18.595339351422,3.33192848311903E-11));
#3839=CARTESIAN_POINT('Ctrl Pts',(5.32303082912202,-18.2162687087354,0.0609356859953285));
#3840=CARTESIAN_POINT('Ctrl Pts',(10.8396420075072,-16.1286254005952,0.182807057919347));
#3841=CARTESIAN_POINT('Ctrl Pts',(16.8678794038592,-9.64796607001724,0.365614115805375));
#3842=CARTESIAN_POINT('Ctrl Pts',(19.3970078043955,-1.16801752912167,0.548421173691404));
#3843=CARTESIAN_POINT('Ctrl Pts',(17.9035033613305,7.5550252702281,0.731228231577432));
#3844=CARTESIAN_POINT('Ctrl Pts',(12.6966040206615,14.7107102324295,0.91403528946346));
#3845=CARTESIAN_POINT('Ctrl Pts',(4.85649613426474,18.8155891078708,1.09684234734949));
#3846=CARTESIAN_POINT('Ctrl Pts',(-3.99090452818683,19.0179658607496,1.27964940523552));
#3847=CARTESIAN_POINT('Ctrl Pts',(-12.0105602696467,15.2760406653391,1.46245646312154));
#3848=CARTESIAN_POINT('Ctrl Pts',(-17.5392161907761,8.36580623759073,1.64526352100757));
#3849=CARTESIAN_POINT('Ctrl Pts',(-19.4302001625152,-0.279496044203403,
1.8280705788936));
#3850=CARTESIAN_POINT('Ctrl Pts',(-17.2913283294815,-8.8668384265853,2.01087763677963));
#3851=CARTESIAN_POINT('Ctrl Pts',(-11.5662016130223,-15.6151780913435,2.19368469466566));
#3852=CARTESIAN_POINT('Ctrl Pts',(-3.44222440981109,-19.1249034058828,2.37649175255168));
#3853=CARTESIAN_POINT('Ctrl Pts',(5.39567696851188,-18.6680875371066,2.55929881043772));
#3854=CARTESIAN_POINT('Ctrl Pts',(13.114504678745,-14.339476843266,2.74210586832374));
#3855=CARTESIAN_POINT('Ctrl Pts',(18.1133605065327,-7.0368317943481,2.92491292620977));
#3856=CARTESIAN_POINT('Ctrl Pts',(19.3554715630446,1.72526432783355,3.1077199840958));
#3857=CARTESIAN_POINT('Ctrl Pts',(16.5832234872135,10.129538668854,3.29052704198183));
#3858=CARTESIAN_POINT('Ctrl Pts',(10.3715823514473,16.4329259179886,3.47333409986785));
#3859=CARTESIAN_POINT('Ctrl Pts',(2.00886015387966,19.3280984768721,3.65614115775389));
#3860=CARTESIAN_POINT('Ctrl Pts',(-6.77051129102652,18.2145798026075,3.83894821563991));
#3861=CARTESIAN_POINT('Ctrl Pts',(-14.1456508336286,13.3233398181535,4.02175527352594));
#3862=CARTESIAN_POINT('Ctrl Pts',(-18.586986470224,5.66878390478453,4.20456233141197));
#3863=CARTESIAN_POINT('Ctrl Pts',(-19.173288893747,-3.16142833606468,4.38736938929799));
#3864=CARTESIAN_POINT('Ctrl Pts',(-15.7831289367273,-11.3360706322003,4.57017644718402));
#3865=CARTESIAN_POINT('Ctrl Pts',(-9.11930019007688,-17.1593659158776,4.75298350507006));
#3866=CARTESIAN_POINT('Ctrl Pts',(-0.564536616812915,-19.4242141628849,
4.93579056295607));
#3867=CARTESIAN_POINT('Ctrl Pts',(8.10813684693141,-17.6595972560811,5.11859762084212));
#3868=CARTESIAN_POINT('Ctrl Pts',(15.0975696373524,-12.2339918218655,5.30140467872813));
#3869=CARTESIAN_POINT('Ctrl Pts',(18.9588369863638,-4.26784381841235,5.48421173661417));
#3870=CARTESIAN_POINT('Ctrl Pts',(18.882020622651,4.57727029975286,5.66701879450019));
#3871=CARTESIAN_POINT('Ctrl Pts',(14.4580110005719,13.3637478946114,5.87013774770689));
#3872=CARTESIAN_POINT('Ctrl Pts',(5.15386941536653,19.2998304881329,6.09356859623425));
#3873=CARTESIAN_POINT('Ctrl Pts',(-6.88368440426366,18.7498930050105,6.3373113400823));
#3874=CARTESIAN_POINT('Ctrl Pts',(-16.4113608753038,11.3843687736132,6.58105408393033));
#3875=CARTESIAN_POINT('Ctrl Pts',(-19.9738314830437,-0.123210794161501,
6.82479682777837));
#3876=CARTESIAN_POINT('Ctrl Pts',(-16.2705763273336,-11.5849412830638,7.0685395716264));
#3877=CARTESIAN_POINT('Ctrl Pts',(-6.65081176046252,-18.8342132252798,7.31228231547444));
#3878=CARTESIAN_POINT('Ctrl Pts',(5.38793960716403,-19.233079838129,7.55602505932248));
#3879=CARTESIAN_POINT('Ctrl Pts',(15.4674319842882,-12.6384386429032,7.79976780317052));
#3880=CARTESIAN_POINT('Ctrl Pts',(19.9209636747099,-1.44538312431671,8.04351054701855));
#3881=CARTESIAN_POINT('Ctrl Pts',(17.1313116628716,10.2694314338275,8.2872532908666));
#3882=CARTESIAN_POINT('Ctrl Pts',(8.10799945101571,18.2570088247102,8.53099603471463));
#3883=CARTESIAN_POINT('Ctrl Pts',(-2.52750546707766,19.4413531477789,8.74765625146844));
#3884=CARTESIAN_POINT('Ctrl Pts',(-10.9369434051164,15.8842624027629,8.93723394112802));
#3885=CARTESIAN_POINT('Ctrl Pts',(-16.3482469019699,10.2402044395219,9.09972910369339));
#3886=CARTESIAN_POINT('Ctrl Pts',(-19.0686969657408,2.90241351327146,9.26222426625874));
#3887=CARTESIAN_POINT('Ctrl Pts',(-18.6541117481699,-4.90760411219001,9.42471942882411));
#3888=CARTESIAN_POINT('Ctrl Pts',(-15.1703484750652,-11.9130665212351,9.58721459138945));
#3889=CARTESIAN_POINT('Ctrl Pts',(-9.19229283990886,-16.9575909582864,9.74970975395482));
#3890=CARTESIAN_POINT('Ctrl Pts',(-1.70080572636968,-19.2138359294557,9.91220491652018));
#3891=CARTESIAN_POINT('Ctrl Pts',(6.06776482196628,-18.3089483892227,10.0747000790855));
#3892=CARTESIAN_POINT('Ctrl Pts',(12.8431366453623,-14.393889218076,10.2371952416509));
#3893=CARTESIAN_POINT('Ctrl Pts',(16.9787650196773,-8.80667471323416,10.3816353861534));
#3894=CARTESIAN_POINT('Ctrl Pts',(19.2542720542904,-1.41541784311919,10.5441305487188));
#3895=CARTESIAN_POINT('Ctrl Pts',(18.2436937153676,7.80404893340552,10.7337082383784));
#3896=CARTESIAN_POINT('Ctrl Pts',(10.8684163601723,16.7590316434607,10.968423473195));
#3897=CARTESIAN_POINT('Ctrl Pts',(-0.743851411249761,19.9595342153775,11.212166217043));
#3898=CARTESIAN_POINT('Ctrl Pts',(-12.0850518693159,15.9028824038312,11.4559089608911));
#3899=CARTESIAN_POINT('Ctrl Pts',(-19.0320398443348,6.06236548346458,11.6996517047391));
#3900=CARTESIAN_POINT('Ctrl Pts',(-19.0558454684887,-5.98386139440786,11.9433944485872));
#3901=CARTESIAN_POINT('Ctrl Pts',(-12.1525163174068,-15.8512399916329,12.1871371924352));
#3902=CARTESIAN_POINT('Ctrl Pts',(-0.823550322200945,-19.9594133928568,
12.4308799362832));
#3903=CARTESIAN_POINT('Ctrl Pts',(9.50177065018562,-17.1484838654875,12.647540153037));
#3904=CARTESIAN_POINT('Ctrl Pts',(16.0132899494655,-10.7472882792723,12.8371178426966));
#3905=CARTESIAN_POINT('Ctrl Pts',(18.9686201207471,-3.50852007513372,12.999613005262));
#3906=CARTESIAN_POINT('Ctrl Pts',(18.7995051295504,4.31562988839175,13.1621081678273));
#3907=CARTESIAN_POINT('Ctrl Pts',(15.540816415336,11.4254165334411,13.3246033303927));
#3908=CARTESIAN_POINT('Ctrl Pts',(9.72480131376429,16.6583874361261,13.4870984929581));
#3909=CARTESIAN_POINT('Ctrl Pts',(2.30891302557292,19.1496757313322,13.6495936555234));
#3910=CARTESIAN_POINT('Ctrl Pts',(-5.48439231424691,18.4929335438958,13.8120888180888));
#3911=CARTESIAN_POINT('Ctrl Pts',(-12.3810328368579,14.7919072337589,13.9745839806541));
#3912=CARTESIAN_POINT('Ctrl Pts',(-17.2313396964019,8.662281972847,14.1370791432195));
#3913=CARTESIAN_POINT('Ctrl Pts',(-19.4913341323531,0.259259339292788,14.3176293238477));
#3914=CARTESIAN_POINT('Ctrl Pts',(-17.7904708069501,-7.49675334603004,14.480124486413));
#3915=CARTESIAN_POINT('Ctrl Pts',(-12.5202848578802,-14.8284600850387,14.6697021760726));
#3916=CARTESIAN_POINT('Ctrl Pts',(-3.94849771887571,-19.5837715958312,14.8683073747636));
#3917=CARTESIAN_POINT('Ctrl Pts',(8.03728846037563,-18.2854670367785,15.1120501186116));
#3918=CARTESIAN_POINT('Ctrl Pts',(17.0860477429861,-10.342877746568,15.3557928624597));
#3919=CARTESIAN_POINT('Ctrl Pts',(19.9281002335089,1.36414669615657,15.5995356063077));
#3920=CARTESIAN_POINT('Ctrl Pts',(15.5190075724212,12.5735330027358,15.8432783501558));
#3921=CARTESIAN_POINT('Ctrl Pts',(5.46789523266424,19.2109762080322,16.0870210940038));
#3922=CARTESIAN_POINT('Ctrl Pts',(-6.57278249798964,18.8613656589433,16.3307638378518));
#3923=CARTESIAN_POINT('Ctrl Pts',(-16.2225509012581,11.652476852347,16.5745065816999));
#3924=CARTESIAN_POINT('Ctrl Pts',(-19.972780105771,0.205707788685206,16.8182493255479));
#3925=CARTESIAN_POINT('Ctrl Pts',(-16.4591766720793,-11.3158146873797,17.061992069396));
#3926=CARTESIAN_POINT('Ctrl Pts',(-6.95977692891813,-18.722036363157,17.305734813244));
#3927=CARTESIAN_POINT('Ctrl Pts',(5.07078326437907,-19.3194203832885,17.549477557092));
#3928=CARTESIAN_POINT('Ctrl Pts',(15.2571962936666,-12.8907322055467,17.7932203009401));
#3929=CARTESIAN_POINT('Ctrl Pts',(19.8948632958476,-1.77394641729652,18.0369630447881));
#3930=CARTESIAN_POINT('Ctrl Pts',(17.2972181007023,9.9879908879708,18.2807057886361));
#3931=CARTESIAN_POINT('Ctrl Pts',(8.40883638503676,18.1174900524314,18.5244485324842));
#3932=CARTESIAN_POINT('Ctrl Pts',(-3.537488364615,19.6580480225944,18.7681912763322));
#3933=CARTESIAN_POINT('Ctrl Pts',(-14.1976467038488,14.0493354383504,19.0119340201802));
#3934=CARTESIAN_POINT('Ctrl Pts',(-19.6937456789223,3.33124280491115,19.2556767640283));
#3935=CARTESIAN_POINT('Ctrl Pts',(-18.028908244403,-8.59850203420435,19.4994195078763));
#3936=CARTESIAN_POINT('Ctrl Pts',(-9.80487193331648,-17.400864200153,19.7431622517244));
#3937=CARTESIAN_POINT('Ctrl Pts',(1.9802726120494,-19.8754336248172,19.9869049955724));
#3938=CARTESIAN_POINT('Ctrl Pts',(13.0544437696241,-15.1206337691132,20.2306477394204));
#3939=CARTESIAN_POINT('Ctrl Pts',(18.6611387010377,-6.00818245860849,20.4473079561742));
#3940=CARTESIAN_POINT('Ctrl Pts',(19.0332883504213,3.11794491554252,20.6368856458338));
#3941=CARTESIAN_POINT('Ctrl Pts',(16.2323891642733,10.415182524158,20.7993808083992));
#3942=CARTESIAN_POINT('Ctrl Pts',(9.85296126512968,16.9481322134573,20.9889584980588));
#3943=CARTESIAN_POINT('Ctrl Pts',(-0.414313824973144,19.9748989350784,21.2056187148126));
#3944=CARTESIAN_POINT('Ctrl Pts',(-10.5509394240899,16.5238470283489,21.4222789315664));
#3945=CARTESIAN_POINT('Ctrl Pts',(-16.6488704833283,9.73170691587917,21.611856621226));
#3946=CARTESIAN_POINT('Ctrl Pts',(-19.1504446149423,2.32264354200165,21.7743517837913));
#3947=CARTESIAN_POINT('Ctrl Pts',(-18.4947809853955,-5.47512257706323,21.9368469463567));
#3948=CARTESIAN_POINT('Ctrl Pts',(-14.8009070654754,-12.3691518149189,22.0993421089221));
#3949=CARTESIAN_POINT('Ctrl Pts',(-8.67063887961358,-17.2301409892673,22.2618372714874));
#3950=CARTESIAN_POINT('Ctrl Pts',(-1.11518624452938,-19.2567034298414,22.4243324340528));
#3951=CARTESIAN_POINT('Ctrl Pts',(6.6239849595634,-18.1156199747207,22.5868275966181));
#3952=CARTESIAN_POINT('Ctrl Pts',(13.2741253562614,-13.9954163238516,22.7493227591835));
#3953=CARTESIAN_POINT('Ctrl Pts',(16.9950369837969,-8.64289475521281,22.8847353946546));
#3954=CARTESIAN_POINT('Ctrl Pts',(18.515127740852,-3.73890623026443,22.9930655030315));
#3955=CARTESIAN_POINT('Ctrl Pts',(19.0170978156775,1.37077586517311,23.1013956114084));
#3956=CARTESIAN_POINT('Ctrl Pts',(17.6650389342201,7.74752719431302,23.2368082468796));
#3957=CARTESIAN_POINT('Ctrl Pts',(13.1343517185467,14.1258980374848,23.3993034094449));
#3958=CARTESIAN_POINT('Ctrl Pts',(6.44540315853411,18.1799451681846,23.5617985720103));
#3959=CARTESIAN_POINT('Ctrl Pts',(-1.3063399703071,19.245321000864,23.7242937345756));
#3960=CARTESIAN_POINT('Ctrl Pts',(-8.83876660343241,17.1421891439564,23.886788897141));
#3961=CARTESIAN_POINT('Ctrl Pts',(-15.6020462156168,11.6788836632607,24.0673390777692));
#3962=CARTESIAN_POINT('Ctrl Pts',(-19.5158934542225,2.78648374485276,24.2659442764601));
#3963=CARTESIAN_POINT('Ctrl Pts',(-18.1338772847577,-7.72685553340472,24.482604493214));
#3964=CARTESIAN_POINT('Ctrl Pts',(-11.5096746405391,-16.0033221650078,24.6992647099677));
#3965=CARTESIAN_POINT('Ctrl Pts',(-1.55581937078076,-19.6502329071966,24.9159249267216));
#3966=CARTESIAN_POINT('Ctrl Pts',(8.85016497852188,-17.6148722597179,25.1325851434754));
#3967=CARTESIAN_POINT('Ctrl Pts',(16.0363846313884,-11.0753735278857,25.3311903421664));
#3968=CARTESIAN_POINT('Ctrl Pts',(19.0635316574883,-2.92562622146056,25.5117405227945));
#3969=CARTESIAN_POINT('Ctrl Pts',(18.660699293056,4.88542669685459,25.67423568536));
#3970=CARTESIAN_POINT('Ctrl Pts',(15.1848933007917,11.8934151184264,25.8367308479253));
#3971=CARTESIAN_POINT('Ctrl Pts',(9.21212374842857,16.9487977579525,25.9992260104907));
#3972=CARTESIAN_POINT('Ctrl Pts',(1.72614018927114,19.2080752654109,26.161721173056));
#3973=CARTESIAN_POINT('Ctrl Pts',(-7.34603452726652,18.1765529015874,26.3512988627156));
#3974=CARTESIAN_POINT('Ctrl Pts',(-16.0290728114258,11.9217771746119,26.5679590794694));
#3975=CARTESIAN_POINT('Ctrl Pts',(-19.9664522746171,0.53233696970238,26.8117018233175));
#3976=CARTESIAN_POINT('Ctrl Pts',(-16.6432728941104,-11.0424156079801,27.0554445671655));
#3977=CARTESIAN_POINT('Ctrl Pts',(-7.2668410915474,-18.6055163524103,27.2991873110135));
#3978=CARTESIAN_POINT('Ctrl Pts',(4.75216652136895,-19.3999639063233,27.5429300548616));
#3979=CARTESIAN_POINT('Ctrl Pts',(15.04302594465,-13.1401893129222,27.7866727987096));
#3980=CARTESIAN_POINT('Ctrl Pts',(19.8629823594666,-2.10099766757367,28.0304155425576));
#3981=CARTESIAN_POINT('Ctrl Pts',(17.4592096028188,9.70197249479686,28.2741582864057));
#3982=CARTESIAN_POINT('Ctrl Pts',(8.70586155683142,17.9766949578167,28.5179010302537));
#3983=CARTESIAN_POINT('Ctrl Pts',(-3.21362124876043,19.713577160473,28.7616437741018));
#3984=CARTESIAN_POINT('Ctrl Pts',(-13.9643815475982,14.2810748529248,29.0053865179497));
#3985=CARTESIAN_POINT('Ctrl Pts',(-19.6365761299566,3.65481964935875,29.2491292617979));
#3986=CARTESIAN_POINT('Ctrl Pts',(-18.167355225962,-8.30061761152756,29.4928720056458));
#3987=CARTESIAN_POINT('Ctrl Pts',(-10.0910271528895,-17.2372753198274,29.7366147494939));
#3988=CARTESIAN_POINT('Ctrl Pts',(1.65518170813378,-19.9051239592831,29.9803574933419));
#3989=CARTESIAN_POINT('Ctrl Pts',(12.7994724091223,-15.333811187852,30.22410023719));
#3990=CARTESIAN_POINT('Ctrl Pts',(19.2887841779537,-5.18604865273757,30.467842981038));
#3991=CARTESIAN_POINT('Ctrl Pts',(18.7632968539213,6.84805240932581,30.7115857248861));
#3992=CARTESIAN_POINT('Ctrl Pts',(11.4137164078058,16.3911214677196,30.9553284687341));
#3993=CARTESIAN_POINT('Ctrl Pts',(-0.0862912404312364,19.9741015869029,
31.1990712125821));
#3994=CARTESIAN_POINT('Ctrl Pts',(-11.5558930411816,16.2909350485221,31.4428139564302));
#3995=CARTESIAN_POINT('Ctrl Pts',(-18.8209732227647,6.68688899880828,31.6865567002782));
#3996=CARTESIAN_POINT('Ctrl Pts',(-19.2449019128051,-5.35646042955856,31.9302994441263));
#3997=CARTESIAN_POINT('Ctrl Pts',(-13.3938156122445,-14.3164186550289,32.14695966088));
#3998=CARTESIAN_POINT('Ctrl Pts',(-5.30003288733844,-18.5428432280283,32.3365373505397));
#3999=CARTESIAN_POINT('Ctrl Pts',(2.49706235711903,-19.1282453181201,32.4990325131049));
#4000=CARTESIAN_POINT('Ctrl Pts',(9.88952745702291,-16.5601739440929,32.6615276756704));
#4001=CARTESIAN_POINT('Ctrl Pts',(15.6522244602535,-11.2722433714503,32.8240228382357));
#4002=CARTESIAN_POINT('Ctrl Pts',(18.8419548306891,-4.12866702712795,32.9865180008011));
#4003=CARTESIAN_POINT('Ctrl Pts',(18.9218763075938,2.8248861460274,33.1309581453036));
#4004=CARTESIAN_POINT('Ctrl Pts',(16.9735617925025,8.51416109085737,33.2573432717433));
#4005=CARTESIAN_POINT('Ctrl Pts',(13.0962290332417,14.1893578241855,33.4017834162458));
#4006=CARTESIAN_POINT('Ctrl Pts',(5.61940509069281,18.8964615535321,33.5823335968741));
#4007=CARTESIAN_POINT('Ctrl Pts',(-4.09709995790086,19.0539903405159,33.780938795565));
#4008=CARTESIAN_POINT('Ctrl Pts',(-11.8840126092638,15.189790751901,33.9614889761932));
#4009=CARTESIAN_POINT('Ctrl Pts',(-16.9416783308424,9.22410898156818,34.1239841387586));
#4010=CARTESIAN_POINT('Ctrl Pts',(-19.2101716274151,1.73594362089257,34.2864793013239));
#4011=CARTESIAN_POINT('Ctrl Pts',(-18.3203507166778,-6.03532553035244,34.4489744638893));
#4012=CARTESIAN_POINT('Ctrl Pts',(-14.4166515384266,-12.8148142544449,34.6114696264546));
#4013=CARTESIAN_POINT('Ctrl Pts',(-8.14165524491693,-17.4865184229622,34.77396478902));
#4014=CARTESIAN_POINT('Ctrl Pts',(-0.528032771957445,-19.2810680722509,
34.9364599515853));
#4015=CARTESIAN_POINT('Ctrl Pts',(7.49463734046703,-17.8493467667008,35.1057257459242));
#4016=CARTESIAN_POINT('Ctrl Pts',(14.476385814601,-12.9640170796112,35.2817621720368));
#4017=CARTESIAN_POINT('Ctrl Pts',(18.7235715559242,-5.19927405582299,35.4645692299227));
#4018=CARTESIAN_POINT('Ctrl Pts',(19.0877900787162,3.64245275847719,35.6473762878088));
#4019=CARTESIAN_POINT('Ctrl Pts',(15.4929934505106,11.7294202392422,35.8301833456948));
#4020=CARTESIAN_POINT('Ctrl Pts',(8.68501047575002,17.3833284050284,36.0129904035809));
#4021=CARTESIAN_POINT('Ctrl Pts',(0.0756946146574586,19.4320858968714,36.1957974614669));
#4022=CARTESIAN_POINT('Ctrl Pts',(-8.54929683760902,17.450498610197,36.3786045193529));
#4023=CARTESIAN_POINT('Ctrl Pts',(-15.4011606365046,11.849694694482,36.5614115772389));
#4024=CARTESIAN_POINT('Ctrl Pts',(-19.0587892357767,3.79121726765142,36.744218635125));
#4025=CARTESIAN_POINT('Ctrl Pts',(-18.7635932716614,-5.05355261412568,36.927025693011));
#4026=CARTESIAN_POINT('Ctrl Pts',(-14.5767920267458,-12.8502131005907,37.109832750897));
#4027=CARTESIAN_POINT('Ctrl Pts',(-7.36673827517936,-17.9817124168467,37.292639808783));
#4028=CARTESIAN_POINT('Ctrl Pts',(1.37119093234791,-19.3837734034202,37.4754468666691));
#4029=CARTESIAN_POINT('Ctrl Pts',(9.82473239824421,-16.7656033889566,37.6582539245551));
#4030=CARTESIAN_POINT('Ctrl Pts',(16.240606491169,-10.6702169503632,37.8410609824411));
#4031=CARTESIAN_POINT('Ctrl Pts',(19.2881489805092,-2.36180781267204,38.0238680403272));
#4032=CARTESIAN_POINT('Ctrl Pts',(18.3352940899761,6.43644462896941,38.2066750982132));
#4033=CARTESIAN_POINT('Ctrl Pts',(13.5796655709429,13.8997664138313,38.3894821560993));
#4034=CARTESIAN_POINT('Ctrl Pts',(6.007589612205,18.4802517636444,38.5722892139852));
#4035=CARTESIAN_POINT('Ctrl Pts',(-2.81047156675856,19.2278978765074,38.7550962718713));
#4036=CARTESIAN_POINT('Ctrl Pts',(-11.0456355475663,15.987645046619,38.9379033297573));
#4037=CARTESIAN_POINT('Ctrl Pts',(-16.9899149602591,9.43152088214691,39.1207103876433));
#4038=CARTESIAN_POINT('Ctrl Pts',(-19.4104539669425,0.919290684570555,39.3035174455294));
#4039=CARTESIAN_POINT('Ctrl Pts',(-17.8052310567797,-7.78361891466488,39.4863245034153));
#4040=CARTESIAN_POINT('Ctrl Pts',(-12.5071671399873,-14.8721590422688,39.6691315613015));
#4041=CARTESIAN_POINT('Ctrl Pts',(-4.61510058441383,-18.8762494888212,39.8519386191874));
#4042=CARTESIAN_POINT('Ctrl Pts',(4.23415935430208,-18.9652483181265,40.0347456770735));
#4043=CARTESIAN_POINT('Ctrl Pts',(12.2052215125281,-15.121058404434,40.2175527349595));
#4044=CARTESIAN_POINT('Ctrl Pts',(17.6449478195611,-8.1402698455333,40.4003597928455));
#4045=CARTESIAN_POINT('Ctrl Pts',(19.4249815033074,0.527918996914133,40.5831668507316));
#4046=CARTESIAN_POINT('Ctrl Pts',(17.1764507991692,9.08845058892126,40.7659739086176));
#4047=CARTESIAN_POINT('Ctrl Pts',(13.3020612105122,13.5359621168362,40.8878452805416));
#4048=CARTESIAN_POINT('Ctrl Pts',(10.9717201622393,15.2162600234699,40.9487809665036));
#4049=CARTESIAN_POINT('Ctrl Pts',(2.54773562378203,-19.1382978932827,-0.316260064934249));
#4050=CARTESIAN_POINT('Ctrl Pts',(5.47872925232664,-18.7481170698447,-0.25532437897224));
#4051=CARTESIAN_POINT('Ctrl Pts',(11.156398415165,-16.5994337759371,-0.133453007048222));
#4052=CARTESIAN_POINT('Ctrl Pts',(17.3605701533756,-9.92944856474336,0.049354050837807));
#4053=CARTESIAN_POINT('Ctrl Pts',(19.9634281023676,-1.20184429101861,0.232161108723835));
#4054=CARTESIAN_POINT('Ctrl Pts',(18.4261865781352,7.77589465954264,0.414968166609864));
#4055=CARTESIAN_POINT('Ctrl Pts',(13.0671395809498,15.1404544478086,0.59777522449589));
#4056=CARTESIAN_POINT('Ctrl Pts',(4.99803692025955,19.3650848999722,0.780582282381921));
#4057=CARTESIAN_POINT('Ctrl Pts',(-4.10771569336726,19.5732434525406,0.963389340267947));
#4058=CARTESIAN_POINT('Ctrl Pts',(-12.3614958360603,15.7219361904305,1.14619639815398));
#4059=CARTESIAN_POINT('Ctrl Pts',(-18.0514918401933,8.60983925901372,1.32900345604));
#4060=CARTESIAN_POINT('Ctrl Pts',(-19.9975688006925,-0.287937964065832,
1.51181051392603));
#4061=CARTESIAN_POINT('Ctrl Pts',(-17.7961167578367,-9.12600465441622,1.69461757181206));
#4062=CARTESIAN_POINT('Ctrl Pts',(-11.9037157368632,-16.0713169545096,1.87742462969809));
#4063=CARTESIAN_POINT('Ctrl Pts',(-3.54246320827513,-19.6834109325608,2.06023168758411));
#4064=CARTESIAN_POINT('Ctrl Pts',(5.55350322121698,-19.2131282086124,2.24303874547015));
#4065=CARTESIAN_POINT('Ctrl Pts',(13.4976625175863,-14.7580082471375,2.42584580335617));
#4066=CARTESIAN_POINT('Ctrl Pts',(18.6423823058614,-7.24204973350153,2.60865286124221));
#4067=CARTESIAN_POINT('Ctrl Pts',(19.9206372144605,1.77592240854392,2.79145991912822));
#4068=CARTESIAN_POINT('Ctrl Pts',(17.0673166321814,10.4255662257726,2.97426697701426));
#4069=CARTESIAN_POINT('Ctrl Pts',(10.6742011227287,16.9129262287884,3.15707403490029));
#4070=CARTESIAN_POINT('Ctrl Pts',(2.06724098411824,19.892518721902,3.33988109278632));
#4071=CARTESIAN_POINT('Ctrl Pts',(-6.96847692562092,18.7463579494717,3.52268815067234));
#4072=CARTESIAN_POINT('Ctrl Pts',(-14.5589040466455,13.7121845697784,3.70549520855837));
#4073=CARTESIAN_POINT('Ctrl Pts',(-19.1298186635337,5.83404724627474,3.8883022664444));
#4074=CARTESIAN_POINT('Ctrl Pts',(-19.73311397832,-3.25402057630727,4.07110932433042));
#4075=CARTESIAN_POINT('Ctrl Pts',(-16.2438414583673,-11.6673180452658,4.25391638221646));
#4076=CARTESIAN_POINT('Ctrl Pts',(-9.38534113803973,-17.6605606024501,4.43672344010248));
#4077=CARTESIAN_POINT('Ctrl Pts',(-0.580741007428377,-19.9914201903536,
4.61953049798851));
#4078=CARTESIAN_POINT('Ctrl Pts',(8.34515388188532,-18.1751502943578,4.80233755587453));
#4079=CARTESIAN_POINT('Ctrl Pts',(15.5386036849131,-12.5910132637577,4.98514461376057));
#4080=CARTESIAN_POINT('Ctrl Pts',(19.5125071990779,-4.3921935609048,5.16795167164659));
#4081=CARTESIAN_POINT('Ctrl Pts',(19.4333200733393,4.71120170980262,5.35075872953262));
#4082=CARTESIAN_POINT('Ctrl Pts',(14.8800000700969,13.7541854853927,5.55387768273932));
#4083=CARTESIAN_POINT('Ctrl Pts',(5.30408667669706,19.8634706910679,5.77730853126669));
#4084=CARTESIAN_POINT('Ctrl Pts',(-7.08496248418658,19.2973009620398,6.02105127511473));
#4085=CARTESIAN_POINT('Ctrl Pts',(-16.8907460946664,11.7165617841132,6.26479401896276));
#4086=CARTESIAN_POINT('Ctrl Pts',(-20.5570767147436,-0.127096945069247,
6.5085367628108));
#4087=CARTESIAN_POINT('Ctrl Pts',(-16.7455189919189,-11.9234628942458,6.75227950665884));
#4088=CARTESIAN_POINT('Ctrl Pts',(-6.84474729381996,-19.3842787534203,6.99602225050687));
#4089=CARTESIAN_POINT('Ctrl Pts',(5.54554808040074,-19.7946187113691,7.23976499435491));
#4090=CARTESIAN_POINT('Ctrl Pts',(15.9192720567991,-13.0072648183098,7.48350773820295));
#4091=CARTESIAN_POINT('Ctrl Pts',(20.5026877799661,-1.48730155311066,7.72725048205098));
#4092=CARTESIAN_POINT('Ctrl Pts',(17.6314072686492,10.5695518491954,7.97099322589903));
#4093=CARTESIAN_POINT('Ctrl Pts',(8.34449400902775,18.7902406976074,8.21473596974705));
#4094=CARTESIAN_POINT('Ctrl Pts',(-2.60159067574692,20.0090150086704,8.43139618650088));
#4095=CARTESIAN_POINT('Ctrl Pts',(-11.2565375406679,16.347933839354,8.62097387616046));
#4096=CARTESIAN_POINT('Ctrl Pts',(-16.8257726417395,10.5389881250669,8.78346903872581));
#4097=CARTESIAN_POINT('Ctrl Pts',(-19.6255554408552,2.98689034397021,8.94596420129118));
#4098=CARTESIAN_POINT('Ctrl Pts',(-19.1987513643306,-5.05117816365742,9.10845936385652));
#4099=CARTESIAN_POINT('Ctrl Pts',(-15.6131591366036,-12.2611536902593,9.2709545264219));
#4100=CARTESIAN_POINT('Ctrl Pts',(-9.46046812669189,-17.4528947572096,9.43344968898724));
#4101=CARTESIAN_POINT('Ctrl Pts',(-1.75019284488128,-19.7749151977687,9.59594485155262));
#4102=CARTESIAN_POINT('Ctrl Pts',(6.2452112299393,-18.843492295398,9.75844001411795));
#4103=CARTESIAN_POINT('Ctrl Pts',(13.2183711722689,-14.8140134111184,9.92093517668335));
#4104=CARTESIAN_POINT('Ctrl Pts',(17.4746815460727,-9.06358942990546,10.0653753211858));
#4105=CARTESIAN_POINT('Ctrl Pts',(19.8165279605866,-1.45647089293701,10.2278704837512));
#4106=CARTESIAN_POINT('Ctrl Pts',(18.7763070853021,8.03219486344834,10.4174481734108));
#4107=CARTESIAN_POINT('Ctrl Pts',(11.1855382539766,17.2485615950644,10.6521634082275));
#4108=CARTESIAN_POINT('Ctrl Pts',(-0.765860407668509,20.5423529998203,10.8959061520755));
#4109=CARTESIAN_POINT('Ctrl Pts',(-12.4381716805635,16.3670809817112,11.1396488959235));
#4110=CARTESIAN_POINT('Ctrl Pts',(-19.5878735256342,6.23911520194398,11.3833916397716));
#4111=CARTESIAN_POINT('Ctrl Pts',(-19.6122003970918,-6.15886855752327,11.6271343836196));
#4112=CARTESIAN_POINT('Ctrl Pts',(-12.5071477497537,-16.3142804574102,11.8708771274676));
#4113=CARTESIAN_POINT('Ctrl Pts',(-0.847310331609684,-20.5422512750614,
12.1146198713157));
#4114=CARTESIAN_POINT('Ctrl Pts',(9.77947519076234,-17.6490919904132,12.3312800880694));
#4115=CARTESIAN_POINT('Ctrl Pts',(16.4810420793706,-11.06088393045,12.5208577777291));
#4116=CARTESIAN_POINT('Ctrl Pts',(19.5225650457161,-3.61069700010081,12.6833529402944));
#4117=CARTESIAN_POINT('Ctrl Pts',(19.3483988583627,4.44192006155956,12.8458481028598));
#4118=CARTESIAN_POINT('Ctrl Pts',(15.9944519869988,11.7592693988205,13.0083432654251));
#4119=CARTESIAN_POINT('Ctrl Pts',(10.0085304634646,17.1449620124529,13.1708384279905));
#4120=CARTESIAN_POINT('Ctrl Pts',(2.37605814264195,19.7088902640596,13.3333335905558));
#4121=CARTESIAN_POINT('Ctrl Pts',(-5.64480657630597,19.0328583406609,13.4958287531212));
#4122=CARTESIAN_POINT('Ctrl Pts',(-12.7427794197976,15.2236604448147,13.6583239156865));
#4123=CARTESIAN_POINT('Ctrl Pts',(-17.7346294605593,8.91497669532766,13.8208190782519));
#4124=CARTESIAN_POINT('Ctrl Pts',(-20.0604956933793,0.266548494322549,14.0013692588801));
#4125=CARTESIAN_POINT('Ctrl Pts',(-18.3098542513358,-7.71591953116351,14.1638644214454));
#4126=CARTESIAN_POINT('Ctrl Pts',(-12.8856701008186,-15.2616401166503,14.3534421111051));
#4127=CARTESIAN_POINT('Ctrl Pts',(-4.06351335611835,-20.1556856374165,14.552047309796));
#4128=CARTESIAN_POINT('Ctrl Pts',(8.27224571748332,-18.8192968442178,14.7957900536441));
#4129=CARTESIAN_POINT('Ctrl Pts',(17.5851191607158,-10.6446488993857,15.0395327974921));
#4130=CARTESIAN_POINT('Ctrl Pts',(20.5099921740215,1.40426820679376,15.2832755413402));
#4131=CARTESIAN_POINT('Ctrl Pts',(15.9719897399744,12.9409111939851,15.5270182851882));
#4132=CARTESIAN_POINT('Ctrl Pts',(5.62728350553205,19.7720263495405,15.7707610290362));
#4133=CARTESIAN_POINT('Ctrl Pts',(-6.76498367814472,19.4120331675173,16.0145037728843));
#4134=CARTESIAN_POINT('Ctrl Pts',(-16.6964266343531,11.9925014936818,16.2582465167323));
#4135=CARTESIAN_POINT('Ctrl Pts',(-20.5559993846933,0.211426258869115,16.5019892605803));
#4136=CARTESIAN_POINT('Ctrl Pts',(-16.9396304567374,-11.6464803744797,16.7457320044284));
#4137=CARTESIAN_POINT('Ctrl Pts',(-7.16273603667748,-19.2688307243952,16.9894747482764));
#4138=CARTESIAN_POINT('Ctrl Pts',(5.21913184201345,-19.8834850267948,17.2332174921245));
#4139=CARTESIAN_POINT('Ctrl Pts',(15.7029010087617,-13.2669285283748,17.4769602359725));
#4140=CARTESIAN_POINT('Ctrl Pts',(20.475829998401,-1.825459454128,17.7207029798205));
#4141=CARTESIAN_POINT('Ctrl Pts',(17.8021623295538,10.2798954774898,17.9644457236686));
#4142=CARTESIAN_POINT('Ctrl Pts',(8.65411756321526,18.6466522420183,18.2081884675166));
#4143=CARTESIAN_POINT('Ctrl Pts',(-3.64106876487589,20.2320229153576,18.4519312113646));
#4144=CARTESIAN_POINT('Ctrl Pts',(-14.6124287051739,14.4593789160957,18.6956739552127));
#4145=CARTESIAN_POINT('Ctrl Pts',(-20.2688621149301,3.4282326672852,18.9394166990607));
#4146=CARTESIAN_POINT('Ctrl Pts',(-18.5552382908124,-8.84984333697698,19.1831594429087));
#4147=CARTESIAN_POINT('Ctrl Pts',(-10.090928472149,-17.9091206676174,19.4269021867568));
#4148=CARTESIAN_POINT('Ctrl Pts',(2.03838458254195,-20.4557787770643,19.6706449306048));
#4149=CARTESIAN_POINT('Ctrl Pts',(13.4358590726479,-15.5619762575943,19.9143876744529));
#4150=CARTESIAN_POINT('Ctrl Pts',(19.2061410800768,-6.18335535649767,20.1310478912066));
#4151=CARTESIAN_POINT('Ctrl Pts',(19.5890259686642,3.20926539462367,20.3206255808663));
#4152=CARTESIAN_POINT('Ctrl Pts',(16.7062336280888,10.7195459764771,20.4831207434316));
#4153=CARTESIAN_POINT('Ctrl Pts',(10.1404285748887,17.4431693490023,20.6726984330912));
#4154=CARTESIAN_POINT('Ctrl Pts',(-0.426700362313396,20.5581711347475,20.889358649845));
#4155=CARTESIAN_POINT('Ctrl Pts',(-10.8592712605017,17.0062002645558,21.1060188665988));
#4156=CARTESIAN_POINT('Ctrl Pts',(-17.1351672592537,10.0156378506267,21.2955965562584));
#4157=CARTESIAN_POINT('Ctrl Pts',(-19.7096817973901,2.39018958655933,21.4580917188238));
#4158=CARTESIAN_POINT('Ctrl Pts',(-19.0347598624197,-5.63526618415954,21.6205868813891));
#4159=CARTESIAN_POINT('Ctrl Pts',(-15.2329232483062,-12.7305515956365,21.7830820439545));
#4160=CARTESIAN_POINT('Ctrl Pts',(-8.92357764553335,-17.7333958706938,21.9455772065199));
#4161=CARTESIAN_POINT('Ctrl Pts',(-1.14747232927192,-19.8190259996376,22.1080723690852));
#4162=CARTESIAN_POINT('Ctrl Pts',(6.81767051509574,-18.6445105543933,22.2705675316506));
#4163=CARTESIAN_POINT('Ctrl Pts',(13.6619392413786,-14.403898664838,22.4330626942159));
#4164=CARTESIAN_POINT('Ctrl Pts',(17.4914262966332,-8.89502677091914,22.568475329687));
#4165=CARTESIAN_POINT('Ctrl Pts',(19.0558337609639,-3.84781710550264,22.676805438064));
#4166=CARTESIAN_POINT('Ctrl Pts',(19.5723878825949,1.41107780072827,22.7851355464409));
#4167=CARTESIAN_POINT('Ctrl Pts',(18.1807560778344,7.97401430499026,22.920548181912));
#4168=CARTESIAN_POINT('Ctrl Pts',(13.5176781975614,14.5385717297622,23.0830433444774));
#4169=CARTESIAN_POINT('Ctrl Pts',(6.63335009074357,18.7109027393226,23.2455385070427));
#4170=CARTESIAN_POINT('Ctrl Pts',(-1.34476363629563,19.8072762417554,23.4080336696081));
#4171=CARTESIAN_POINT('Ctrl Pts',(-9.09711096544072,17.6426230302018,23.5705288321734));
#4172=CARTESIAN_POINT('Ctrl Pts',(-16.0578032475036,12.019688355355,23.7510790128016));
#4173=CARTESIAN_POINT('Ctrl Pts',(-20.0858086421466,2.86756890649776,23.9496842114926));
#4174=CARTESIAN_POINT('Ctrl Pts',(-18.6632850681372,-7.95274578794498,24.1663444282464));
#4175=CARTESIAN_POINT('Ctrl Pts',(-11.8455325423753,-16.4707942354317,24.3830046450002));
#4176=CARTESIAN_POINT('Ctrl Pts',(-1.600966507585,-20.2240531172872,24.599664861754));
#4177=CARTESIAN_POINT('Ctrl Pts',(9.10884900288749,-18.1291085919443,24.8163250785079));
#4178=CARTESIAN_POINT('Ctrl Pts',(16.5048158749395,-11.3985491178556,25.0149302771988));
#4179=CARTESIAN_POINT('Ctrl Pts',(19.6202396377156,-3.01078095082767,25.195480457827));
#4180=CARTESIAN_POINT('Ctrl Pts',(19.2055315893152,5.02835325056151,25.3579756203923));
#4181=CARTESIAN_POINT('Ctrl Pts',(15.6281289629274,12.2409286654463,25.5204707829577));
#4182=CARTESIAN_POINT('Ctrl Pts',(9.48087823578116,17.4438450768263,25.682965945523));
#4183=CARTESIAN_POINT('Ctrl Pts',(1.77626717145232,19.7689866847205,25.8454611080885));
#4184=CARTESIAN_POINT('Ctrl Pts',(-7.56080521212141,18.7072123340845,26.035038797748));
#4185=CARTESIAN_POINT('Ctrl Pts',(-16.497302763912,12.2696683282528,26.2516990145019));
#4186=CARTESIAN_POINT('Ctrl Pts',(-20.5494914923036,0.547593285380486,26.4954417583499));
#4187=CARTESIAN_POINT('Ctrl Pts',(-17.1291063376314,-11.365100547097,26.7391845021979));
#4188=CARTESIAN_POINT('Ctrl Pts',(-7.47876832596719,-19.1489126969344,26.982927246046));
#4189=CARTESIAN_POINT('Ctrl Pts',(4.89121247521294,-19.9663850649026,27.2266699898939));
#4190=CARTESIAN_POINT('Ctrl Pts',(15.4824803671755,-13.5236730138999,27.4704127337421));
#4191=CARTESIAN_POINT('Ctrl Pts',(20.4430228419742,-2.16206124338248,27.7141554775901));
#4192=CARTESIAN_POINT('Ctrl Pts',(17.9688882025509,9.98552752623083,27.9578982214381));
#4193=CARTESIAN_POINT('Ctrl Pts',(8.95981806796298,18.5017501398075,28.2016409652861));
#4194=CARTESIAN_POINT('Ctrl Pts',(-3.30774535033089,20.2891782101085,28.4453837091342));
#4195=CARTESIAN_POINT('Ctrl Pts',(-14.3723554215811,14.6978886179552,28.6891264529822));
#4196=CARTESIAN_POINT('Ctrl Pts',(-20.2100278541854,3.76125896117352,28.9328691968303));
#4197=CARTESIAN_POINT('Ctrl Pts',(-18.6977323014184,-8.54326252167733,29.1766119406783));
#4198=CARTESIAN_POINT('Ctrl Pts',(-10.3854419450488,-17.7407590315252,29.4203546845263));
#4199=CARTESIAN_POINT('Ctrl Pts',(1.70380127165781,-20.4863407786383,29.6640974283744));
#4200=CARTESIAN_POINT('Ctrl Pts',(13.1734454835856,-15.781382256272,29.9078401722224));
#4201=CARTESIAN_POINT('Ctrl Pts',(19.8521022870259,-5.33720572523331,30.1515829160704));
#4202=CARTESIAN_POINT('Ctrl Pts',(19.3110967251476,7.04829020865213,30.3953256599185));
#4203=CARTESIAN_POINT('Ctrl Pts',(11.7467666777479,16.8699161087246,30.6390684037665));
#4204=CARTESIAN_POINT('Ctrl Pts',(-0.0890993236973228,20.5573552387465,
30.8828111476145));
#4205=CARTESIAN_POINT('Ctrl Pts',(-11.8935667213971,16.7664726184039,31.1265538914626));
#4206=CARTESIAN_POINT('Ctrl Pts',(-19.3706526562307,6.88187819879922,31.3702966353106));
#4207=CARTESIAN_POINT('Ctrl Pts',(-19.8067864516383,-5.51314986400973,31.6140393791587));
#4208=CARTESIAN_POINT('Ctrl Pts',(-13.7847158312351,-14.7346594007802,31.8306995959124));
#4209=CARTESIAN_POINT('Ctrl Pts',(-5.4545291307118,-19.0843810910284,32.0202772855721));
#4210=CARTESIAN_POINT('Ctrl Pts',(2.57025409013863,-19.6867646954772,32.1827724481374));
#4211=CARTESIAN_POINT('Ctrl Pts',(10.1785462202561,-17.0435974941922,32.3452676107028));
#4212=CARTESIAN_POINT('Ctrl Pts',(16.1094408545778,-11.6011732161249,32.5077627732681));
#4213=CARTESIAN_POINT('Ctrl Pts',(19.3922100103815,-4.24895441690522,32.6702579358335));
#4214=CARTESIAN_POINT('Ctrl Pts',(19.4743648623915,2.90764753746447,32.814698080336));
#4215=CARTESIAN_POINT('Ctrl Pts',(17.4690763519186,8.76302435701064,32.9410832067758));
#4216=CARTESIAN_POINT('Ctrl Pts',(13.4784413925944,14.6038840272088,33.0855233512783));
#4217=CARTESIAN_POINT('Ctrl Pts',(5.78322207575107,19.4483298789513,33.2660735319065));
#4218=CARTESIAN_POINT('Ctrl Pts',(-4.21701260861163,19.6103183343191,33.4646787305975));
#4219=CARTESIAN_POINT('Ctrl Pts',(-12.2312516686575,15.6331695581567,33.6452289112256));
#4220=CARTESIAN_POINT('Ctrl Pts',(-17.4365179312114,9.49321354700672,33.807724073791));
#4221=CARTESIAN_POINT('Ctrl Pts',(-19.7711444033568,1.78635683855606,33.9702192363564));
#4222=CARTESIAN_POINT('Ctrl Pts',(-18.8552280457001,-6.21182485783623,34.1327143989217));
#4223=CARTESIAN_POINT('Ctrl Pts',(-14.8374408125335,-13.1892220799314,34.2952095614871));
#4224=CARTESIAN_POINT('Ctrl Pts',(-8.37914369312234,-17.9972520325191,34.4577047240524));
#4225=CARTESIAN_POINT('Ctrl Pts',(-0.543173296318702,-19.8440936271419,
34.6201998866178));
#4226=CARTESIAN_POINT('Ctrl Pts',(7.7137425870399,-18.3704494524955,34.7894656809567));
#4227=CARTESIAN_POINT('Ctrl Pts',(14.899291486453,-13.3423646327677,34.9655021070692));
#4228=CARTESIAN_POINT('Ctrl Pts',(19.2703853323699,-5.35082547644795,35.1483091649552));
#4229=CARTESIAN_POINT('Ctrl Pts',(19.6451116065381,3.74908994572818,35.3311162228412));
#4230=CARTESIAN_POINT('Ctrl Pts',(15.9452281761716,12.0721494918598,35.5139232807273));
#4231=CARTESIAN_POINT('Ctrl Pts',(8.9383666890824,17.8910566520192,35.6967303386133));
#4232=CARTESIAN_POINT('Ctrl Pts',(0.0776244327568722,19.9995147268052,35.8795373964993));
#4233=CARTESIAN_POINT('Ctrl Pts',(-8.79919297174629,17.9599394832405,36.0623444543854));
#4234=CARTESIAN_POINT('Ctrl Pts',(-15.8510541630118,12.1954900636793,36.2451515122713));
#4235=CARTESIAN_POINT('Ctrl Pts',(-19.61537122964,3.90164780642443,36.4279585701574));
#4236=CARTESIAN_POINT('Ctrl Pts',(-19.3114277024865,-5.20139002367252,36.6107656280434));
#4237=CARTESIAN_POINT('Ctrl Pts',(-15.0022569813381,-13.2256569037678,36.7935726859295));
#4238=CARTESIAN_POINT('Ctrl Pts',(-7.58159156779447,-18.5068947808713,36.9763797438154));
#4239=CARTESIAN_POINT('Ctrl Pts',(1.41151028113659,-19.9497705954817,37.1591868017016));
#4240=CARTESIAN_POINT('Ctrl Pts',(10.1118620748969,-17.2550265286435,37.3419938595875));
#4241=CARTESIAN_POINT('Ctrl Pts',(16.7149952783925,-10.9815587945327,37.5248009174736));
#4242=CARTESIAN_POINT('Ctrl Pts',(19.8514077728666,-2.43049548791795,37.7076079753596));
#4243=CARTESIAN_POINT('Ctrl Pts',(18.8706019836356,6.62465707340351,37.8904150332456));
#4244=CARTESIAN_POINT('Ctrl Pts',(13.9759987267944,14.3058433648878,38.0732220911317));
#4245=CARTESIAN_POINT('Ctrl Pts',(6.18274780990249,19.0199721347833,38.2560291490176));
#4246=CARTESIAN_POINT('Ctrl Pts',(-2.89281646205155,19.7893226399542,38.4388362069038));
#4247=CARTESIAN_POINT('Ctrl Pts',(-11.3684050465448,16.4543337451414,38.6216432647897));
#4248=CARTESIAN_POINT('Ctrl Pts',(-17.4861660914801,9.70668129437539,38.8044503226758));
#4249=CARTESIAN_POINT('Ctrl Pts',(-19.9772633099755,0.945854290296536,38.9872573805618));
#4250=CARTESIAN_POINT('Ctrl Pts',(-18.3250413677017,-8.01116194741576,39.1700644384478));
#4251=CARTESIAN_POINT('Ctrl Pts',(-12.8721687072363,-15.3066149181746,39.3528714963338));
#4252=CARTESIAN_POINT('Ctrl Pts',(-4.74959161020764,-19.4275131133437,39.5356785542199));
#4253=CARTESIAN_POINT('Ctrl Pts',(4.35807293503747,-19.5189830167435,39.7184856121059));
#4254=CARTESIAN_POINT('Ctrl Pts',(12.5618390583815,-15.5624255513294,39.901292669992));
#4255=CARTESIAN_POINT('Ctrl Pts',(18.160307636038,-8.37771555204484,40.084099727878));
#4256=CARTESIAN_POINT('Ctrl Pts',(19.9921941671883,0.543614929491307,40.266906785764));
#4257=CARTESIAN_POINT('Ctrl Pts',(17.677881541645,9.35408635840077,40.44971384365));
#4258=CARTESIAN_POINT('Ctrl Pts',(13.690293414337,13.9314117704198,40.571585215574));
#4259=CARTESIAN_POINT('Ctrl Pts',(11.2918808548338,15.6607416753152,40.632520901536));
#4260=CARTESIAN_POINT('Ctrl Pts',(2.62026917589698,-19.6812578444974,-0.632520414498606));
#4261=CARTESIAN_POINT('Ctrl Pts',(5.63441607992893,-19.2799686464586,-0.571584728536596));
#4262=CARTESIAN_POINT('Ctrl Pts',(11.4731445040114,-17.0702488867986,-0.449713356612578));
#4263=CARTESIAN_POINT('Ctrl Pts',(17.8532546406905,-10.2109416701642,-0.266906298726549));
#4264=CARTESIAN_POINT('Ctrl Pts',(20.5298474929934,-1.2356833413142,-0.0840992408405212));
#4265=CARTESIAN_POINT('Ctrl Pts',(18.9488744309042,7.99675263295738,0.0987078170455077));
#4266=CARTESIAN_POINT('Ctrl Pts',(13.4376843588676,15.5701904866666,0.281514874931534));
#4267=CARTESIAN_POINT('Ctrl Pts',(5.13958959386672,19.9145774511673,0.464321932817564));
#4268=CARTESIAN_POINT('Ctrl Pts',(-4.22451476650162,20.1285234109984,0.647128990703591));
#4269=CARTESIAN_POINT('Ctrl Pts',(-12.7124216138877,16.16783919902,0.829936048589618));
#4270=CARTESIAN_POINT('Ctrl Pts',(-18.5637620346648,8.85388332861854,1.01274310647565));
#4271=CARTESIAN_POINT('Ctrl Pts',(-20.5649374489251,-0.296367562446821,
1.19555016436167));
#4272=CARTESIAN_POINT('Ctrl Pts',(-18.3009106591655,-9.38515984297887,1.3783572222477));
#4273=CARTESIAN_POINT('Ctrl Pts',(-12.2412396614897,-16.5274483501773,1.56116428013373));
#4274=CARTESIAN_POINT('Ctrl Pts',(-3.64271410263672,-20.2419161122872,1.74397133801976));
#4275=CARTESIAN_POINT('Ctrl Pts',(5.71131759162429,-19.7581721404734,1.92677839590579));
#4276=CARTESIAN_POINT('Ctrl Pts',(13.8808111521398,-15.1765478424682,2.10958545379181));
#4277=CARTESIAN_POINT('Ctrl Pts',(19.1713994878984,-7.44727909629435,2.29239251167785));
#4278=CARTESIAN_POINT('Ctrl Pts',(20.4858037932154,1.82656820271866,2.47519956956387));
#4279=CARTESIAN_POINT('Ctrl Pts',(17.5514160567877,10.7215831815088,2.6580066274499));
#4280=CARTESIAN_POINT('Ctrl Pts',(10.9768302235382,17.3929198224649,2.84081368533593));
#4281=CARTESIAN_POINT('Ctrl Pts',(2.12563405141419,20.4569375270088,3.02362074322196));
#4282=CARTESIAN_POINT('Ctrl Pts',(-7.16643095362189,19.2781402322608,3.20642780110798));
#4283=CARTESIAN_POINT('Ctrl Pts',(-14.9721486907518,14.1010381753677,3.38923485899401));
#4284=CARTESIAN_POINT('Ctrl Pts',(-19.6726471028426,5.99932232346011,3.57204191688004));
#4285=CARTESIAN_POINT('Ctrl Pts',(-20.2929409023515,-3.34660063316658,3.75484897476607));
#4286=CARTESIAN_POINT('Ctrl Pts',(-16.7045610314896,-11.9985553540423,3.9376560326521));
#4287=CARTESIAN_POINT('Ctrl Pts',(-9.65139288687994,-18.1617493596186,4.12046309053812));
#4288=CARTESIAN_POINT('Ctrl Pts',(-0.596957708462836,-20.558625692796,4.30327014842415));
#4289=CARTESIAN_POINT('Ctrl Pts',(8.58215965060255,-18.6907083214137,4.48607720631018));
#4290=CARTESIAN_POINT('Ctrl Pts',(15.9796298460479,-12.9480441725122,4.66888426419621));
#4291=CARTESIAN_POINT('Ctrl Pts',(20.0661745427948,-4.51655528691517,4.85169132208224));
#4292=CARTESIAN_POINT('Ctrl Pts',(19.9846222636936,4.84512110898232,5.03449837996826));
#4293=CARTESIAN_POINT('Ctrl Pts',(15.3019974879907,14.1446137945151,5.23761733317496));
#4294=CARTESIAN_POINT('Ctrl Pts',(5.45431613015357,20.427107460372,5.46104818170233));
#4295=CARTESIAN_POINT('Ctrl Pts',(-7.28622861716803,19.8447131221237,5.70479092555037));
#4296=CARTESIAN_POINT('Ctrl Pts',(-17.3701239549554,12.0487651017657,5.94853366939841));
#4297=CARTESIAN_POINT('Ctrl Pts',(-21.1403218527409,-0.13097043117705,6.19227641324644));
#4298=CARTESIAN_POINT('Ctrl Pts',(-17.2204688615776,-12.2619740899472,6.43601915709448));
#4299=CARTESIAN_POINT('Ctrl Pts',(-7.03869471117424,-19.93433990281,6.67976190094252));
#4300=CARTESIAN_POINT('Ctrl Pts',(5.70314431319681,-20.3561608352027,6.92350464479056));
#4301=CARTESIAN_POINT('Ctrl Pts',(16.3711039832587,-13.3761006915955,7.1672473886386));
#4302=CARTESIAN_POINT('Ctrl Pts',(21.0844107974688,-1.52923259971322,7.41099013248662));
#4303=CARTESIAN_POINT('Ctrl Pts',(18.131509238014,10.8696613147141,7.65473287633467));
#4304=CARTESIAN_POINT('Ctrl Pts',(8.58100007259975,19.3234672727718,7.89847562018271));
#4305=CARTESIAN_POINT('Ctrl Pts',(-2.675663536635,20.5766783049187,8.11513583693651));
#4306=CARTESIAN_POINT('Ctrl Pts',(-11.5761215111842,16.8116120736255,8.3047135265961));
#4307=CARTESIAN_POINT('Ctrl Pts',(-17.3032917485175,10.8377820874291,8.46720868916146));
#4308=CARTESIAN_POINT('Ctrl Pts',(-20.1824119116322,3.07137923969687,8.62970385172682));
#4309=CARTESIAN_POINT('Ctrl Pts',(-19.7433939314871,-5.19474034598978,8.79219901429217));
#4310=CARTESIAN_POINT('Ctrl Pts',(-16.0559772207821,-12.6092311384535,8.95469417685754));
#4311=CARTESIAN_POINT('Ctrl Pts',(-9.72865408569152,-17.9481925823024,9.11718933942289));
#4312=CARTESIAN_POINT('Ctrl Pts',(-1.79959213084647,-20.3359932222579,9.27968450198826));
#4313=CARTESIAN_POINT('Ctrl Pts',(6.42264597788728,-19.378039891476,9.4421796645536));
#4314=CARTESIAN_POINT('Ctrl Pts',(13.5935964622854,-15.2341456228436,9.60467482711898));
#4315=CARTESIAN_POINT('Ctrl Pts',(17.9705923434015,-9.32051483581612,9.74911497162151));
#4316=CARTESIAN_POINT('Ctrl Pts',(20.3787828033895,-1.49753613804224,9.91161013418687));
#4317=CARTESIAN_POINT('Ctrl Pts',(19.3089252462365,8.26032915948748,10.1011878238464));
#4318=CARTESIAN_POINT('Ctrl Pts',(11.502670679783,17.7380845117701,10.3359030586631));
#4319=CARTESIAN_POINT('Ctrl Pts',(-0.787856743005359,21.1251720841557,10.5796458025111));
#4320=CARTESIAN_POINT('Ctrl Pts',(-12.791281305156,16.8312870849219,10.8233885463591));
#4321=CARTESIAN_POINT('Ctrl Pts',(-20.1437031995642,6.41587693489357,11.0671312902072));
#4322=CARTESIAN_POINT('Ctrl Pts',(-20.1685589556379,-6.3338635874222,11.3108740340552));
#4323=CARTESIAN_POINT('Ctrl Pts',(-12.8617891275012,-16.7773130819497,11.5546167779033));
#4324=CARTESIAN_POINT('Ctrl Pts',(-0.87108298855277,-21.1250884633731,11.7983595217513));
#4325=CARTESIAN_POINT('Ctrl Pts',(10.0571687771989,-18.1497059921814,12.0150197385051));
#4326=CARTESIAN_POINT('Ctrl Pts',(16.9487872577344,-11.37448964199,12.2045974281647));
#4327=CARTESIAN_POINT('Ctrl Pts',(20.0765075827087,-3.71288592115584,12.3670925907301));
#4328=CARTESIAN_POINT('Ctrl Pts',(19.8972951620236,4.56819827835262,12.5295877532954));
#4329=CARTESIAN_POINT('Ctrl Pts',(16.4480946684362,12.093112312723,12.6920829158608));
#4330=CARTESIAN_POINT('Ctrl Pts',(10.2922700914724,17.6315302797948,12.8545780784261));
#4331=CARTESIAN_POINT('Ctrl Pts',(2.44321538086304,20.2681031681997,13.0170732409915));
#4332=CARTESIAN_POINT('Ctrl Pts',(-5.80520906613178,19.5727864554307,13.1795684035569));
#4333=CARTESIAN_POINT('Ctrl Pts',(-13.1045165182429,15.6554213786066,13.3420635661222));
#4334=CARTESIAN_POINT('Ctrl Pts',(-18.2379135841825,9.16768226813691,13.5045587286876));
#4335=CARTESIAN_POINT('Ctrl Pts',(-20.6296569225704,0.2738500050218,13.6851089093158));
#4336=CARTESIAN_POINT('Ctrl Pts',(-18.8292422957232,-7.93507437242326,13.8476040718811));
#4337=CARTESIAN_POINT('Ctrl Pts',(-13.2510646373356,-15.6948120823826,14.0371817615407));
#4338=CARTESIAN_POINT('Ctrl Pts',(-4.1785413759489,-20.7275970072589,14.2357869602317));
#4339=CARTESIAN_POINT('Ctrl Pts',(8.50719131221288,-19.3531315900594,14.4795297040797));
#4340=CARTESIAN_POINT('Ctrl Pts',(18.0841838738736,-10.9464307961051,14.7232724479277));
#4341=CARTESIAN_POINT('Ctrl Pts',(21.0918848080073,1.44437707096464,14.9670151917758));
#4342=CARTESIAN_POINT('Ctrl Pts',(16.4249797458467,13.3082794377479,15.2107579356238));
#4343=CARTESIAN_POINT('Ctrl Pts',(5.78668391144716,20.3330728590521,15.4545006794719));
#4344=CARTESIAN_POINT('Ctrl Pts',(-6.95717284333647,19.962704681086,15.6982434233199));
#4345=CARTESIAN_POINT('Ctrl Pts',(-17.1702948400248,12.3325363201458,15.941986167168));
#4346=CARTESIAN_POINT('Ctrl Pts',(-21.1392183613759,0.217157390360485,16.185728911016));
#4347=CARTESIAN_POINT('Ctrl Pts',(-17.4200912742197,-11.9771355288395,16.429471654864));
#4348=CARTESIAN_POINT('Ctrl Pts',(-7.36570695465,-19.8156205119597,16.6732143987121));
#4349=CARTESIAN_POINT('Ctrl Pts',(5.36746812718915,-20.4475527190654,16.9169571425601));
#4350=CARTESIAN_POINT('Ctrl Pts',(16.1485974196645,-13.6431344136273,17.1606998864081));
#4351=CARTESIAN_POINT('Ctrl Pts',(21.0567954050948,-1.87698508937629,17.4044426302562));
#4352=CARTESIAN_POINT('Ctrl Pts',(18.3071127421579,10.5717890143597,17.6481853741042));
#4353=CARTESIAN_POINT('Ctrl Pts',(8.89941015584867,19.1758089444035,17.8919281179523));
#4354=CARTESIAN_POINT('Ctrl Pts',(-3.74463667117294,20.8059998818384,18.1356708618003));
#4355=CARTESIAN_POINT('Ctrl Pts',(-15.0272016768474,14.869431274524,18.3794136056483));
#4356=CARTESIAN_POINT('Ctrl Pts',(-20.8439762694572,3.52523498717166,18.6231563494963));
#4357=CARTESIAN_POINT('Ctrl Pts',(-19.0815736337193,-9.10117313515827,18.8668990933444));
#4358=CARTESIAN_POINT('Ctrl Pts',(-10.3769959590764,-18.4173707689188,19.1106418371924));
#4359=CARTESIAN_POINT('Ctrl Pts',(2.09648393464558,-21.0361250138889,19.3543845810405));
#4360=CARTESIAN_POINT('Ctrl Pts',(13.8172646766218,-16.0033268926717,19.5981273248885));
#4361=CARTESIAN_POINT('Ctrl Pts',(19.7511394893283,-6.35854003428972,19.8147875416423));
#4362=CARTESIAN_POINT('Ctrl Pts',(20.1447654001492,3.30057377957358,20.0043652313019));
#4363=CARTESIAN_POINT('Ctrl Pts',(17.180084555741,11.0238990475697,20.1668603938672));
#4364=CARTESIAN_POINT('Ctrl Pts',(10.4279065449238,17.9382000915675,20.3564380835269));
#4365=CARTESIAN_POINT('Ctrl Pts',(-0.439074231354902,21.1414434253571,20.5730983002806));
#4366=CARTESIAN_POINT('Ctrl Pts',(-11.1675925300535,17.4885600481421,20.7897585170345));
#4367=CARTESIAN_POINT('Ctrl Pts',(-17.6214577216426,10.2995792573354,20.9793362066941));
#4368=CARTESIAN_POINT('Ctrl Pts',(-20.2689173428715,2.45774775279155,21.1418313692594));
#4369=CARTESIAN_POINT('Ctrl Pts',(-19.5747420514206,-5.79539801807948,21.3043265318247));
#4370=CARTESIAN_POINT('Ctrl Pts',(-15.6649471460839,-13.0919418859103,21.4668216943901));
#4371=CARTESIAN_POINT('Ctrl Pts',(-9.17652726116204,-18.2366451067754,21.6293168569555));
#4372=CARTESIAN_POINT('Ctrl Pts',(-1.1797706134118,-20.381347696384,21.7918120195209));
#4373=CARTESIAN_POINT('Ctrl Pts',(7.01134452805698,-19.1734051781675,21.9543071820862));
#4374=CARTESIAN_POINT('Ctrl Pts',(14.0497441388306,-14.8123893012519,22.1168023446516));
#4375=CARTESIAN_POINT('Ctrl Pts',(17.9878099838641,-9.14716948762239,22.2522149801227));
#4376=CARTESIAN_POINT('Ctrl Pts',(19.596537251275,-3.95673968745226,22.3605450884996));
#4377=CARTESIAN_POINT('Ctrl Pts',(20.1276786546201,1.45136766732191,22.4688751968765));
#4378=CARTESIAN_POINT('Ctrl Pts',(18.696477981744,8.20049014909592,22.6042878323477));
#4379=CARTESIAN_POINT('Ctrl Pts',(13.9010135195566,14.9512369731159,22.7667829949129));
#4380=CARTESIAN_POINT('Ctrl Pts',(6.82130849391985,19.2418560675745,22.9292781574784));
#4381=CARTESIAN_POINT('Ctrl Pts',(-1.3831750891629,20.3692321453263,23.0917733200437));
#4382=CARTESIAN_POINT('Ctrl Pts',(-9.35544438306707,18.1430623729099,23.2542684826091));
#4383=CARTESIAN_POINT('Ctrl Pts',(-16.5135527403312,12.3605028389083,23.4348186632372));
#4384=CARTESIAN_POINT('Ctrl Pts',(-20.6557218958058,2.94866641750868,23.6334238619283));
#4385=CARTESIAN_POINT('Ctrl Pts',(-19.1926975944003,-8.17862447874748,23.850084078682));
#4386=CARTESIAN_POINT('Ctrl Pts',(-12.1814004915242,-16.9382588708753,24.0667442954359));
#4387=CARTESIAN_POINT('Ctrl Pts',(-1.64612608959346,-20.7978721719941,24.2834045121896));
#4388=CARTESIAN_POINT('Ctrl Pts',(9.36752178291569,-18.6433503836628,24.5000647289435));
#4389=CARTESIAN_POINT('Ctrl Pts',(16.9732399586601,-11.7217347799278,24.6986699276345));
#4390=CARTESIAN_POINT('Ctrl Pts',(20.1769455990271,-3.09594774165142,24.8792201082627));
#4391=CARTESIAN_POINT('Ctrl Pts',(19.7503668224736,5.17126793111188,25.041715270828));
#4392=CARTESIAN_POINT('Ctrl Pts',(16.0713720352169,12.5884324826357,25.2042104333934));
#4393=CARTESIAN_POINT('Ctrl Pts',(9.7496433895435,17.9388864093332,25.3667055959587));
#4394=CARTESIAN_POINT('Ctrl Pts',(1.82640631713386,20.3298968443127,25.5292007585241));
#4395=CARTESIAN_POINT('Ctrl Pts',(-7.77556430958073,19.2378762675648,25.7187784481837));
#4396=CARTESIAN_POINT('Ctrl Pts',(-16.9655250198765,12.6175695421251,25.9354386649375));
#4397=CARTESIAN_POINT('Ctrl Pts',(-21.1325302007277,0.562862255500147,26.1791814087855));
#4398=CARTESIAN_POINT('Ctrl Pts',(-17.6149466390476,-11.6877748390828,26.4229241526335));
#4399=CARTESIAN_POINT('Ctrl Pts',(-7.69070729408599,-19.6923042741153,26.6666668964816));
#4400=CARTESIAN_POINT('Ctrl Pts',(5.03024608827483,-20.5328090695386,26.9104096403296));
#4401=CARTESIAN_POINT('Ctrl Pts',(15.9219263291902,-13.9071661393718,27.1541523841777));
#4402=CARTESIAN_POINT('Ctrl Pts',(21.0230618215408,-2.2231373945797,27.3978951280257));
#4403=CARTESIAN_POINT('Ctrl Pts',(18.4785728033013,10.2690714047697,27.6416378718738));
#4404=CARTESIAN_POINT('Ctrl Pts',(9.21378590172782,19.02679964749,27.8853806157218));
#4405=CARTESIAN_POINT('Ctrl Pts',(-3.40185692551708,20.8647811276453,28.1291233595698));
#4406=CARTESIAN_POINT('Ctrl Pts',(-14.7803201209928,15.1147111137836,28.3728661034178));
#4407=CARTESIAN_POINT('Ctrl Pts',(-20.7834770922715,3.86771069146598,28.6166088472659));
#4408=CARTESIAN_POINT('Ctrl Pts',(-19.2281144833189,-8.7858958420118,28.8603515911139));
#4409=CARTESIAN_POINT('Ctrl Pts',(-10.6798675791207,-18.2442361970571,29.104094334962));
#4410=CARTESIAN_POINT('Ctrl Pts',(1.75240820076033,-21.06755847617,29.34783707881));
#4411=CARTESIAN_POINT('Ctrl Pts',(13.5474087260462,-16.2289613078625,29.591579822658));
#4412=CARTESIAN_POINT('Ctrl Pts',(20.4154169421224,-5.48837498252668,29.8353225665061));
#4413=CARTESIAN_POINT('Ctrl Pts',(19.8589007767403,7.24851605281889,30.0790653103541));
#4414=CARTESIAN_POINT('Ctrl Pts',(12.0798272417491,17.3487033722416,30.3228080542022));
#4415=CARTESIAN_POINT('Ctrl Pts',(-0.0918947423069438,21.1406087734585,
30.5665507980502));
#4416=CARTESIAN_POINT('Ctrl Pts',(-12.2312299734726,17.2420173747945,30.8102935418982));
#4417=CARTESIAN_POINT('Ctrl Pts',(-19.920327688193,7.07687927403317,31.0540362857462));
#4418=CARTESIAN_POINT('Ctrl Pts',(-20.3686742209891,-5.66982705070126,31.2977790295943));
#4419=CARTESIAN_POINT('Ctrl Pts',(-14.1756250118768,-15.1528915316294,31.5144392463481));
#4420=CARTESIAN_POINT('Ctrl Pts',(-5.60903708510217,-19.6259154342313,31.7040169360077));
#4421=CARTESIAN_POINT('Ctrl Pts',(2.64343367424697,-20.2452854914489,31.866512098573));
#4422=CARTESIAN_POINT('Ctrl Pts',(10.4675543987951,-17.52702717194,32.0290072611384));
#4423=CARTESIAN_POINT('Ctrl Pts',(16.5666499675673,-11.9301128875197,32.1915024237038));
#4424=CARTESIAN_POINT('Ctrl Pts',(19.9424624102051,-4.36925371736854,32.3539975862691));
#4425=CARTESIAN_POINT('Ctrl Pts',(20.0268550456717,2.9903969079278,32.4984377307717));
#4426=CARTESIAN_POINT('Ctrl Pts',(17.9645961633928,9.01187678829108,32.6248228572113));
#4427=CARTESIAN_POINT('Ctrl Pts',(13.8606626354357,15.0184018050185,32.769263001714));
#4428=CARTESIAN_POINT('Ctrl Pts',(5.94705099334977,20.0001944790055,32.9498131823421));
#4429=CARTESIAN_POINT('Ctrl Pts',(-4.33691314375656,20.1666487617197,33.1484183810331));
#4430=CARTESIAN_POINT('Ctrl Pts',(-12.5784809949993,16.076555768466,33.3289685616612));
#4431=CARTESIAN_POINT('Ctrl Pts',(-17.9313515379691,9.7623287744207,33.4914637242267));
#4432=CARTESIAN_POINT('Ctrl Pts',(-20.3321159131577,1.83678222088246,33.6539588867919));
#4433=CARTESIAN_POINT('Ctrl Pts',(-19.3901090436809,-6.38831251801672,33.8164540493574));
#4434=CARTESIAN_POINT('Ctrl Pts',(-15.2582380873997,-13.5636206547671,33.9789492119227));
#4435=CARTESIAN_POINT('Ctrl Pts',(-8.61664315805004,-18.5079803296983,34.1414443744881));
#4436=CARTESIAN_POINT('Ctrl Pts',(-0.558326040645172,-20.4071186814005,
34.3039395370534));
#4437=CARTESIAN_POINT('Ctrl Pts',(7.93283645233053,-18.891556736413,34.4732053313923));
#4438=CARTESIAN_POINT('Ctrl Pts',(15.3221888143771,-13.7207212526939,34.6492417575048));
#4439=CARTESIAN_POINT('Ctrl Pts',(19.8171956513113,-5.5023887233931,34.8320488153908));
#4440=CARTESIAN_POINT('Ctrl Pts',(20.2024352795342,3.85571499965963,35.0148558732769));
#4441=CARTESIAN_POINT('Ctrl Pts',(16.3974702052002,12.4148688207587,35.1976629311629));
#4442=CARTESIAN_POINT('Ctrl Pts',(9.19173384902372,18.398779243024,35.380469989049));
#4443=CARTESIAN_POINT('Ctrl Pts',(0.0795665704733228,20.5669433415814,35.5632770469349));
#4444=CARTESIAN_POINT('Ctrl Pts',(-9.04907796842806,18.4693856265614,35.746084104821));
#4445=CARTESIAN_POINT('Ctrl Pts',(-16.3009400441237,12.5412950955329,35.928891162707));
#4446=CARTESIAN_POINT('Ctrl Pts',(-20.1719506558526,4.01209039617523,36.1116982205931));
#4447=CARTESIAN_POINT('Ctrl Pts',(-19.8592651759328,-5.34921549331252,36.2945052784791));
#4448=CARTESIAN_POINT('Ctrl Pts',(-15.4277299577827,-13.6010913544687,36.4773123363651));
#4449=CARTESIAN_POINT('Ctrl Pts',(-7.79645619774388,-19.0320723195705,36.6601193942511));
#4450=CARTESIAN_POINT('Ctrl Pts',(1.45181732849178,-20.5157684901501,36.8429264521372));
#4451=CARTESIAN_POINT('Ctrl Pts',(10.3989810373574,-17.7444557531475,37.0257335100232));
#4452=CARTESIAN_POINT('Ctrl Pts',(17.1893771608078,-11.2929108437275,37.2085405679092));
#4453=CARTESIAN_POINT('Ctrl Pts',(20.4146649018698,-2.49919537185629,37.3913476257953));
#4454=CARTESIAN_POINT('Ctrl Pts',(19.4059138003775,6.81285783758309,37.5741546836812));
#4455=CARTESIAN_POINT('Ctrl Pts',(14.3723405785107,14.7119115866344,37.7569617415674));
#4456=CARTESIAN_POINT('Ctrl Pts',(6.35791767270844,19.5596885380306,37.9397687994533));
#4457=CARTESIAN_POINT('Ctrl Pts',(-2.97514914235648,20.3507490198779,38.1225758573394));
#4458=CARTESIAN_POINT('Ctrl Pts',(-11.6911643140681,16.921029309245,38.3053829152254));
#4459=CARTESIAN_POINT('Ctrl Pts',(-17.9824110967983,9.98185239736256,38.4881899731114));
#4460=CARTESIAN_POINT('Ctrl Pts',(-20.5440719031871,0.972430194661678,38.6709970309974));
#4461=CARTESIAN_POINT('Ctrl Pts',(-18.8448564603875,-8.23869362437997,38.8538040888835));
#4462=CARTESIAN_POINT('Ctrl Pts',(-13.237179596108,-15.7410627364102,39.0366111467695));
#4463=CARTESIAN_POINT('Ctrl Pts',(-4.88409456412214,-19.9787736493853,39.2194182046556));
#4464=CARTESIAN_POINT('Ctrl Pts',(4.48197445499171,-20.0727202368248,39.4022252625415));
#4465=CARTESIAN_POINT('Ctrl Pts',(12.9184469123703,-16.0038003062911,39.5850323204276));
#4466=CARTESIAN_POINT('Ctrl Pts',(18.675662139388,-8.61517237604971,39.7678393783136));
#4467=CARTESIAN_POINT('Ctrl Pts',(20.5594069992,0.559298542410498,39.9506464361996));
#4468=CARTESIAN_POINT('Ctrl Pts',(18.1793178974711,9.61971115816322,40.1334534940857));
#4469=CARTESIAN_POINT('Ctrl Pts',(14.0785340874623,14.3268528759305,40.2553248660097));
#4470=CARTESIAN_POINT('Ctrl Pts',(11.6120511004821,16.1052162399497,40.3162605519717));
#4471=CARTESIAN_POINT('Ctrl Pts',(2.69279357309972,-20.2242188987055,-0.948780966471478));
#4472=CARTESIAN_POINT('Ctrl Pts',(5.79009392129408,-19.8118227259113,-0.887845280509469));
#4473=CARTESIAN_POINT('Ctrl Pts',(11.7898825995454,-17.5410692283229,-0.765973908585451));
#4474=CARTESIAN_POINT('Ctrl Pts',(18.345934282841,-10.492443006637,-0.583166850699422));
#4475=CARTESIAN_POINT('Ctrl Pts',(21.0962661911002,-1.26953191855874,-0.400359792813394));
#4476=CARTESIAN_POINT('Ctrl Pts',(19.4715658876264,8.21760176072432,-0.217552734927365));
#4477=CARTESIAN_POINT('Ctrl Pts',(13.8082362896436,15.9999201951228,-0.034745677041338));
#4478=CARTESIAN_POINT('Ctrl Pts',(5.281151485773,20.4640675004824,0.148061380844691));
#4479=CARTESIAN_POINT('Ctrl Pts',(-4.34130446781478,20.6838052148181,0.330868438730719));
#4480=CARTESIAN_POINT('Ctrl Pts',(-13.0633398100909,16.6137480175716,0.513675496616745));
#4481=CARTESIAN_POINT('Ctrl Pts',(-19.0760280101589,9.0979359677425,0.696482554502774));
#4482=CARTESIAN_POINT('Ctrl Pts',(-21.1323061158473,-0.304787609061609,
0.879289612388801));
#4483=CARTESIAN_POINT('Ctrl Pts',(-18.8057088129762,-9.64430647859441,1.06209667027483));
#4484=CARTESIAN_POINT('Ctrl Pts',(-12.5787711904172,-16.9835739656076,1.24490372816086));
#4485=CARTESIAN_POINT('Ctrl Pts',(-3.74297437597276,-20.8004194833209,1.42771078604689));
#4486=CARTESIAN_POINT('Ctrl Pts',(5.86912275360042,-20.3032186103108,1.61051784393292));
#4487=CARTESIAN_POINT('Ctrl Pts',(14.2639526586505,-15.5950937960646,1.79332490181894));
#4488=CARTESIAN_POINT('Ctrl Pts',(19.7004131006506,-7.65251731892558,1.97613195970497));
#4489=CARTESIAN_POINT('Ctrl Pts',(21.0509711017192,1.87720447302885,2.158939017591));
#4490=CARTESIAN_POINT('Ctrl Pts',(18.035520358826,11.0175919246209,2.34174607547703));
#4491=CARTESIAN_POINT('Ctrl Pts',(11.2794673378734,17.8729082180719,2.52455313336306));
#4492=CARTESIAN_POINT('Ctrl Pts',(2.18403660631155,21.021355226688,2.70736019124909));
#4493=CARTESIAN_POINT('Ctrl Pts',(-7.36437598769547,19.8099257315358,2.89016724913512));
#4494=CARTESIAN_POINT('Ctrl Pts',(-15.3853866999542,14.4898986522436,3.07297430702114));
#4495=CARTESIAN_POINT('Ctrl Pts',(-20.2154726423769,6.16460650163037,3.25578136490717));
#4496=CARTESIAN_POINT('Ctrl Pts',(-20.852769263128,-3.43917124693293,3.4385884227932));
#4497=CARTESIAN_POINT('Ctrl Pts',(-17.1652860799481,-12.3297848360757,3.62139548067922));
#4498=CARTESIAN_POINT('Ctrl Pts',(-9.91745301394551,-18.662933529785,3.80420253856526));
#4499=CARTESIAN_POINT('Ctrl Pts',(-0.613183953160578,-21.1258307991158,
3.98700959645127));
#4500=CARTESIAN_POINT('Ctrl Pts',(8.81915668999534,-19.2062702257987,4.16981665433732));
#4501=CARTESIAN_POINT('Ctrl Pts',(16.4206499018921,-13.305082427076,4.35262371222333));
#4502=CARTESIAN_POINT('Ctrl Pts',(20.6198396730222,-4.64092630524394,4.53543077010937));
#4503=CARTESIAN_POINT('Ctrl Pts',(20.5359265884945,4.97903119960057,4.7182378279954));
#4504=CARTESIAN_POINT('Ctrl Pts',(15.7240013858525,14.5350349157512,4.92135678120209));
#4505=CARTESIAN_POINT('Ctrl Pts',(5.60455503814486,20.9907415786618,5.14478762972946));
#4506=CARTESIAN_POINT('Ctrl Pts',(-7.4874854924401,20.3921285510335,5.3885303735775));
#4507=CARTESIAN_POINT('Ctrl Pts',(-17.8494961195066,12.3809764161658,5.63227311742553));
#4508=CARTESIAN_POINT('Ctrl Pts',(-21.7235669292969,-0.134834099282294,
5.87601586127357));
#4509=CARTESIAN_POINT('Ctrl Pts',(-17.6954243259134,-12.6004772178012,6.11975860512161));
#4510=CARTESIAN_POINT('Ctrl Pts',(-7.23265134503137,-20.484397668242,6.36350134896965));
#4511=CARTESIAN_POINT('Ctrl Pts',(5.8607310599162,-20.9177054897621,6.60724409281768));
#4512=CARTESIAN_POINT('Ctrl Pts',(16.8229296033665,-13.7449440900073,6.85098683666573));
#4513=CARTESIAN_POINT('Ctrl Pts',(21.6661329828878,-1.57117342876991,7.09472958051375));
#4514=CARTESIAN_POINT('Ctrl Pts',(18.6316161501962,11.1697622973932,7.3384723243618));
#4515=CARTESIAN_POINT('Ctrl Pts',(8.81751506012027,19.8566897512339,7.58221506820984));
#4516=CARTESIAN_POINT('Ctrl Pts',(-2.74972682663389,21.1443427247975,7.79887528496364));
#4517=CARTESIAN_POINT('Ctrl Pts',(-11.895697607639,17.2752955865415,7.98845297462323));
#4518=CARTESIAN_POINT('Ctrl Pts',(-17.7808057224042,11.136584022374,8.15094813718859));
#4519=CARTESIAN_POINT('Ctrl Pts',(-20.7392668392832,3.15587749016974,8.31344329975394));
#4520=CARTESIAN_POINT('Ctrl Pts',(-20.2880387967875,-5.33829332982582,8.47593846231931));
#4521=CARTESIAN_POINT('Ctrl Pts',(-16.498801067687,-12.957301057491,8.63843362488466));
#4522=CARTESIAN_POINT('Ctrl Pts',(-9.99684832321176,-18.4434857858445,8.80092878745002));
#4523=CARTESIAN_POINT('Ctrl Pts',(-1.84900085029014,-20.8970702932685,8.96342395001538));
#4524=CARTESIAN_POINT('Ctrl Pts',(6.60007169010783,-19.9125903583397,9.12591911258074));
#4525=CARTESIAN_POINT('Ctrl Pts',(13.9688145988141,-15.6542840589136,9.2884142751461));
#4526=CARTESIAN_POINT('Ctrl Pts',(18.4664987089583,-9.57744853323945,9.43285441964863));
#4527=CARTESIAN_POINT('Ctrl Pts',(20.9410368325215,-1.53861083803244,9.59534958221399));
#4528=CARTESIAN_POINT('Ctrl Pts',(19.8415471315056,8.48845444092708,9.78492727187358));
#4529=CARTESIAN_POINT('Ctrl Pts',(11.8198112763562,18.2276019842436,10.0196425066902));
#4530=CARTESIAN_POINT('Ctrl Pts',(-0.80984326356957,21.7079914121659,10.2633852505382));
#4531=CARTESIAN_POINT('Ctrl Pts',(-13.144383039573,17.2954990308757,10.5071279943863));
#4532=CARTESIAN_POINT('Ctrl Pts',(-20.6995297775515,6.59264798516179,10.7508707382343));
#4533=CARTESIAN_POINT('Ctrl Pts',(-20.7249203388919,-6.5088492147007,10.9946134820824));
#4534=CARTESIAN_POINT('Ctrl Pts',(-13.2164382219871,-17.2403396366527,11.2383562259304));
#4535=CARTESIAN_POINT('Ctrl Pts',(-0.894865450645492,-21.7079251249508,
11.4820989697785));
#4536=CARTESIAN_POINT('Ctrl Pts',(10.334853877039,-18.6503245594445,11.6987591865322));
#4537=CARTESIAN_POINT('Ctrl Pts',(17.4165270560745,-11.6881031586073,11.8883368761918));
#4538=CARTESIAN_POINT('Ctrl Pts',(20.6304482791028,-3.81508414384122,12.0508320387572));
#4539=CARTESIAN_POINT('Ctrl Pts',(20.4461934723298,4.69446722868087,12.2133272013225));
#4540=CARTESIAN_POINT('Ctrl Pts',(16.9017428702447,12.4269475183936,12.3758223638879));
#4541=CARTESIAN_POINT('Ctrl Pts',(10.5760178479922,18.1180936655936,12.5383175264533));
#4542=CARTESIAN_POINT('Ctrl Pts',(2.51038201699238,20.8273148205563,12.7008126890186));
#4543=CARTESIAN_POINT('Ctrl Pts',(-5.96560243289125,20.1127171527659,12.863307851584));
#4544=CARTESIAN_POINT('Ctrl Pts',(-13.4662462710259,16.0871883075602,13.0258030141493));
#4545=CARTESIAN_POINT('Ctrl Pts',(-18.7411933447715,9.42039625724645,13.1882981767147));
#4546=CARTESIAN_POINT('Ctrl Pts',(-21.1988179054528,0.281161094295291,13.3688483573429));
#4547=CARTESIAN_POINT('Ctrl Pts',(-19.3486339161217,-8.15422042383293,13.5313435199082));
#4548=CARTESIAN_POINT('Ctrl Pts',(-13.6164663854801,-16.1279778035456,13.7209212095678));
#4549=CARTESIAN_POINT('Ctrl Pts',(-4.29357899729222,-21.2995063168855,13.9195264082588));
#4550=CARTESIAN_POINT('Ctrl Pts',(8.74212787048201,-19.8869701745245,14.1632691521069));
#4551=CARTESIAN_POINT('Ctrl Pts',(18.5832433990574,-11.2482210275684,14.4070118959549));
#4552=CARTESIAN_POINT('Ctrl Pts',(21.6737779907653,1.48447613204196,14.6507546398029));
#4553=CARTESIAN_POINT('Ctrl Pts',(16.8779758368824,13.6756399770183,14.8944973836509));
#4554=CARTESIAN_POINT('Ctrl Pts',(5.94609372627204,20.8941165637198,15.138240127499));
#4555=CARTESIAN_POINT('Ctrl Pts',(-7.14935269791138,20.5133793100029,15.381982871347));
#4556=CARTESIAN_POINT('Ctrl Pts',(-17.6441572193442,12.672579048912,15.6257256151951));
#4557=CARTESIAN_POINT('Ctrl Pts',(-21.7224371149533,0.222898337331629,15.8694683590431));
#4558=CARTESIAN_POINT('Ctrl Pts',(-17.900557552953,-12.3077825242986,16.1132111028911));
#4559=CARTESIAN_POINT('Ctrl Pts',(-7.56868703209951,-20.3624067643945,16.3569538467392));
#4560=CARTESIAN_POINT('Ctrl Pts',(5.51579488578445,-21.0116227856469,16.6006965905872));
#4561=CARTESIAN_POINT('Ctrl Pts',(16.5942874015028,-14.0193477191399,16.8444393344353));
#4562=CARTESIAN_POINT('Ctrl Pts',(21.6377598183605,-1.92852049222926,17.0881820782833));
#4563=CARTESIAN_POINT('Ctrl Pts',(18.8120679582611,10.863673988538,17.3319248221313));
#4564=CARTESIAN_POINT('Ctrl Pts',(9.14471160196982,19.7049614031299,17.5756675659794));
#4565=CARTESIAN_POINT('Ctrl Pts',(-3.84819489381802,21.3799784669396,17.8194103098274));
#4566=CARTESIAN_POINT('Ctrl Pts',(-15.441967656468,15.2794905253586,18.0631530536755));
#4567=CARTESIAN_POINT('Ctrl Pts',(-21.4190886663649,3.62224696630352,18.3068957975235));
#4568=CARTESIAN_POINT('Ctrl Pts',(-19.6079130927133,-9.3524940195121,18.5506385413715));
#4569=CARTESIAN_POINT('Ctrl Pts',(-10.6630719387405,-18.9256159447663,18.7943812852195));
#4570=CARTESIAN_POINT('Ctrl Pts',(2.15457350576687,-21.6164721026507,19.0381240290676));
#4571=CARTESIAN_POINT('Ctrl Pts',(14.1986627689668,-16.444683851671,19.2818667729157));
#4572=CARTESIAN_POINT('Ctrl Pts',(20.2961348315655,-6.53373384753283,19.4985269896694));
#4573=CARTESIAN_POINT('Ctrl Pts',(20.7005062479833,3.39187279060169,19.6881046793291));
#4574=CARTESIAN_POINT('Ctrl Pts',(17.6539405034269,11.3282440767128,19.8505998418944));
#4575=CARTESIAN_POINT('Ctrl Pts',(10.7153927845823,18.433225887626,20.040177531554));
#4576=CARTESIAN_POINT('Ctrl Pts',(-0.451438279830986,21.7247157976702,20.2568377483078));
#4577=CARTESIAN_POINT('Ctrl Pts',(-11.4759056138382,17.9709249166889,20.4734979650616));
#4578=CARTESIAN_POINT('Ctrl Pts',(-18.1077432989433,10.5835287876294,20.6630756547212));
#4579=CARTESIAN_POINT('Ctrl Pts',(-20.8281516300887,2.52531531735115,20.8255708172865));
#4580=CARTESIAN_POINT('Ctrl Pts',(-20.1147268183087,-5.95552072820308,20.9880659798519));
#4581=CARTESIAN_POINT('Ctrl Pts',(-16.0969770329827,-13.4533248258876,21.1505611424173));
#4582=CARTESIAN_POINT('Ctrl Pts',(-9.42948529262403,-18.7398899761134,21.3130563049826));
#4583=CARTESIAN_POINT('Ctrl Pts',(-1.21207835545377,-20.9436687271023,21.475551467548));
#4584=CARTESIAN_POINT('Ctrl Pts',(7.20500959664146,-19.7023029471985,21.6380466301133));
#4585=CARTESIAN_POINT('Ctrl Pts',(14.4375420762545,-15.2208863763289,21.8005417926787));
#4586=CARTESIAN_POINT('Ctrl Pts',(18.4841893195275,-9.39932050486279,21.9359544281498));
#4587=CARTESIAN_POINT('Ctrl Pts',(20.1372387908024,-4.06567134683467,22.0442845365267));
#4588=CARTESIAN_POINT('Ctrl Pts',(20.6829699839088,1.49164817852048,22.1526146449036));
#4589=CARTESIAN_POINT('Ctrl Pts',(19.2122035858676,8.426957263416,22.2880272803748));
#4590=CARTESIAN_POINT('Ctrl Pts',(14.2843557042136,15.3638956745713,22.4505224429401));
#4591=CARTESIAN_POINT('Ctrl Pts',(7.00927579329342,19.7728061168276,22.6130176055055));
#4592=CARTESIAN_POINT('Ctrl Pts',(-1.42157707484226,20.9311885734137,22.7755127680708));
#4593=CARTESIAN_POINT('Ctrl Pts',(-9.61376932129262,18.643505955217,22.9380079306362));
#4594=CARTESIAN_POINT('Ctrl Pts',(-16.9692963974281,12.7013249195944,23.1185581112644));
#4595=CARTESIAN_POINT('Ctrl Pts',(-21.2256336609294,3.02977350361826,23.3171633099554));
#4596=CARTESIAN_POINT('Ctrl Pts',(-19.7221138076307,-8.40449420937789,23.5338235267092));
#4597=CARTESIAN_POINT('Ctrl Pts',(-12.5172762360543,-17.4057177515086,23.750483743463));
#4598=CARTESIAN_POINT('Ctrl Pts',(-1.69129532031039,-21.3716903420394,23.9671439602168));
#4599=CARTESIAN_POINT('Ctrl Pts',(9.62618585100912,-19.1575964175883,24.1838041769706));
#4600=CARTESIAN_POINT('Ctrl Pts',(17.4416585008953,-12.0449282563587,24.3824093756616));
#4601=CARTESIAN_POINT('Ctrl Pts',(20.733650005912,-3.18112388446168,24.5629595562898));
#4602=CARTESIAN_POINT('Ctrl Pts',(20.2952043428524,5.31417341003442,24.7254547188551));
#4603=CARTESIAN_POINT('Ctrl Pts',(16.5146208605652,12.9359287636825,24.8879498814205));
#4604=CARTESIAN_POINT('Ctrl Pts',(10.0184168173334,18.4339231105641,25.0504450439858));
#4605=CARTESIAN_POINT('Ctrl Pts',(1.87655489323976,20.8908060381069,25.2129402065512));
#4606=CARTESIAN_POINT('Ctrl Pts',(-7.99031442831959,19.7685437005051,25.4025178962108));
#4607=CARTESIAN_POINT('Ctrl Pts',(-17.4337413182902,12.9654785616304,25.6191781129646));
#4608=CARTESIAN_POINT('Ctrl Pts',(-21.7155685255542,0.578141035958141,25.8629208568127));
#4609=CARTESIAN_POINT('Ctrl Pts',(-18.1007922662082,-12.0104408833347,26.1066636006607));
#4610=CARTESIAN_POINT('Ctrl Pts',(-7.90265536253836,-20.2356921659642,26.3504063445087));
#4611=CARTESIAN_POINT('Ctrl Pts',(5.16927013711618,-21.0992352913865,26.5941490883568));
#4612=CARTESIAN_POINT('Ctrl Pts',(16.3613657408384,-14.2906665783169,26.8378918322048));
#4613=CARTESIAN_POINT('Ctrl Pts',(21.6030996471269,-2.28422329571267,27.0816345760528));
#4614=CARTESIAN_POINT('Ctrl Pts',(18.9882620659816,10.5526066427431,27.3253773199009));
#4615=CARTESIAN_POINT('Ctrl Pts',(9.46776251796448,19.5518447663851,27.5691200637489));
#4616=CARTESIAN_POINT('Ctrl Pts',(-3.49595879173657,21.4403855042795,27.812862807597));
#4617=CARTESIAN_POINT('Ctrl Pts',(-15.1882777158753,15.5315403859537,28.056605551445));
#4618=CARTESIAN_POINT('Ctrl Pts',(-21.3569244140471,3.97417205092437,28.300348295293));
#4619=CARTESIAN_POINT('Ctrl Pts',(-19.7585006340499,-9.02852018228365,28.5440910391411));
#4620=CARTESIAN_POINT('Ctrl Pts',(-10.9743016237744,-18.7477082975012,28.7878337829891));
#4621=CARTESIAN_POINT('Ctrl Pts',(1.80100533626918,-21.6487768656468,29.0315765268372));
#4622=CARTESIAN_POINT('Ctrl Pts',(13.9213643536673,-16.6765465568052,29.2753192706852));
#4623=CARTESIAN_POINT('Ctrl Pts',(20.9787289304252,-5.63955368868977,29.5190620145332));
#4624=CARTESIAN_POINT('Ctrl Pts',(20.4067080795788,7.44873263288438,29.7628047583812));
#4625=CARTESIAN_POINT('Ctrl Pts',(12.412895792364,17.827484925735,30.0065475022293));
#4626=CARTESIAN_POINT('Ctrl Pts',(-0.0946803430043862,21.7238622285661,
30.2502902460773));
#4627=CARTESIAN_POINT('Ctrl Pts',(-12.5688851478705,17.7175677114833,30.4940329899254));
#4628=CARTESIAN_POINT('Ctrl Pts',(-20.4699993185518,7.27188955900187,30.7377757337734));
#4629=CARTESIAN_POINT('Ctrl Pts',(-20.9305645055085,-5.82649474562049,30.9815184776214));
#4630=CARTESIAN_POINT('Ctrl Pts',(-14.5665411473268,-15.5711169920237,31.1981786943752));
#4631=CARTESIAN_POINT('Ctrl Pts',(-5.76355412114545,-20.167447059197,31.3877563840348));
#4632=CARTESIAN_POINT('Ctrl Pts',(2.71660384162193,-20.8038073978907,31.5502515466002));
#4633=CARTESIAN_POINT('Ctrl Pts',(10.7565543773494,-18.0104616092797,31.7127467091655));
#4634=CARTESIAN_POINT('Ctrl Pts',(17.0238534446632,-12.2590601831519,31.8752418717309));
#4635=CARTESIAN_POINT('Ctrl Pts',(20.4927126655634,-4.48956225361449,32.0377370342962));
#4636=CARTESIAN_POINT('Ctrl Pts',(20.579346502012,3.07313696101856,32.1821771787988));
#4637=CARTESIAN_POINT('Ctrl Pts',(18.4601200559098,9.26072082487443,32.3085623052385));
#4638=CARTESIAN_POINT('Ctrl Pts',(14.242890772318,15.4329130593498,32.453002449741));
#4639=CARTESIAN_POINT('Ctrl Pts',(6.11088916451413,20.5520562016578,32.6335526303693));
#4640=CARTESIAN_POINT('Ctrl Pts',(-4.45680428891673,20.7229810863843,32.8321578290602));
#4641=CARTESIAN_POINT('Ctrl Pts',(-12.9257027826874,16.5199477271037,33.0127080096884));
#4642=CARTESIAN_POINT('Ctrl Pts',(-18.4261805078433,10.0314522724389,33.1752031722537));
#4643=CARTESIAN_POINT('Ctrl Pts',(-20.8930864521737,1.88721703453653,33.3376983348191));
#4644=CARTESIAN_POINT('Ctrl Pts',(-19.9249928962056,-6.56479113679494,33.5001934973845));
#4645=CARTESIAN_POINT('Ctrl Pts',(-15.6790415727384,-13.9380120654499,33.6626886599498));
#4646=CARTESIAN_POINT('Ctrl Pts',(-8.85415116798394,-19.0187045183931,33.8251838225152));
#4647=CARTESIAN_POINT('Ctrl Pts',(-0.57348825849194,-20.9701433583676,33.9876789850805));
#4648=CARTESIAN_POINT('Ctrl Pts',(8.15192149876565,-19.4126675949168,34.1569447794195));
#4649=CARTESIAN_POINT('Ctrl Pts',(15.7450796819954,-14.0990849086783,34.3329812055319));
#4650=CARTESIAN_POINT('Ctrl Pts',(20.3640033004063,-5.65396114131424,34.515788263418));
#4651=CARTESIAN_POINT('Ctrl Pts',(20.7597606262259,3.96233064957824,34.6985953213039));
#4652=CARTESIAN_POINT('Ctrl Pts',(16.8497179046701,12.7575804631177,34.8814023791901));
#4653=CARTESIAN_POINT('Ctrl Pts',(9.44510949992167,18.9064974591127,35.064209437076));
#4654=CARTESIAN_POINT('Ctrl Pts',(0.0815182587096017,21.1343718004574,35.2470164949621));
#4655=CARTESIAN_POINT('Ctrl Pts',(-9.29895433586735,18.9788358653184,35.4298235528481));
#4656=CARTESIAN_POINT('Ctrl Pts',(-16.7508200069677,12.8871076247651,35.6126306107341));
#4657=CARTESIAN_POINT('Ctrl Pts',(-20.7285281022437,4.1225423302732,35.7954376686202));
#4658=CARTESIAN_POINT('Ctrl Pts',(-20.4071050186165,-5.49703170966947,35.9782447265062));
#4659=CARTESIAN_POINT('Ctrl Pts',(-15.8532091611423,-13.9765185620996,36.1610517843922));
#4660=CARTESIAN_POINT('Ctrl Pts',(-8.01132962081083,-19.5572461276381,36.3438588422783));
#4661=CARTESIAN_POINT('Ctrl Pts',(1.49211484023471,-21.0817669403656,36.5266659001643));
#4662=CARTESIAN_POINT('Ctrl Pts',(10.6860916994148,-18.2338897041556,36.7094729580503));
#4663=CARTESIAN_POINT('Ctrl Pts',(17.6637536995478,-11.6042708100977,36.8922800159364));
#4664=CARTESIAN_POINT('Ctrl Pts',(20.9779207522137,-2.56790472160473,37.0750870738223));
#4665=CARTESIAN_POINT('Ctrl Pts',(19.9412286686722,7.00104955054403,37.2578941317084));
#4666=CARTESIAN_POINT('Ctrl Pts',(14.7686891790944,15.1179730489935,37.4407011895944));
#4667=CARTESIAN_POINT('Ctrl Pts',(6.53309658196868,20.0994018756302,37.6235082474804));
#4668=CARTESIAN_POINT('Ctrl Pts',(-3.05747235487082,20.9121766637161,37.8063153053665));
#4669=CARTESIAN_POINT('Ctrl Pts',(-12.0139156561028,17.3877302046842,37.9891223632525));
#4670=CARTESIAN_POINT('Ctrl Pts',(-18.4786513626885,10.2570317933834,38.1719294211385));
#4671=CARTESIAN_POINT('Ctrl Pts',(-21.1108799260018,0.99901563375684,38.3547364790246));
#4672=CARTESIAN_POINT('Ctrl Pts',(-19.3646752699999,-8.46621650241606,38.5375435369106));
#4673=CARTESIAN_POINT('Ctrl Pts',(-13.6021977183501,-16.1755043164766,38.7203505947966));
#4674=CARTESIAN_POINT('Ctrl Pts',(-5.01860676760236,-20.5300318017404,38.9031576526827));
#4675=CARTESIAN_POINT('Ctrl Pts',(4.60586662749577,-20.6264594222459,39.0859647105687));
#4676=CARTESIAN_POINT('Ctrl Pts',(13.2750472598307,-16.4451809676883,39.2687717684547));
#4677=CARTESIAN_POINT('Ctrl Pts',(19.1910125337502,-8.8526378231939,39.4515788263407));
#4678=CARTESIAN_POINT('Ctrl Pts',(21.1266199724646,0.57497260514483,39.6343858842268));
#4679=CARTESIAN_POINT('Ctrl Pts',(18.6807586144913,9.88532745896049,39.8171929421128));
#4680=CARTESIAN_POINT('Ctrl Pts',(14.4667813337329,14.7222873624414,39.9390643140368));
#4681=CARTESIAN_POINT('Ctrl Pts',(11.9322287580531,16.549685318929,39.9999999999988));
#4682=CARTESIAN_POINT('Ctrl Pts',(11.9322287684417,16.5496853108897,40.));
#4683=CARTESIAN_POINT('Ctrl Pts',(12.2641018134046,16.2929442795074,39.999999999997));
#4684=CARTESIAN_POINT('Ctrl Pts',(12.5874250113206,16.0261816989122,39.9999999999873));
#4685=CARTESIAN_POINT('Ctrl Pts',(12.9018898195948,15.7499417560968,39.9999999999743));
#4686=CARTESIAN_POINT('Ctrl Pts',(13.2190111143386,15.471368236833,39.9999999999612));
#4687=CARTESIAN_POINT('Ctrl Pts',(13.5271240877314,15.1831561704905,39.9999999999447));
#4688=CARTESIAN_POINT('Ctrl Pts',(13.8258804740271,14.8858206696349,39.9999999999281));
#4689=CARTESIAN_POINT('Ctrl Pts',(14.1257006047967,14.5874264834743,39.9999999999114));
#4690=CARTESIAN_POINT('Ctrl Pts',(14.4160977527667,14.2798433540766,39.9999999998944));
#4691=CARTESIAN_POINT('Ctrl Pts',(14.6966826088793,13.9635549691955,39.9999999998797));
#4692=CARTESIAN_POINT('Ctrl Pts',(14.9767947177242,13.6477994871653,39.9999999998651));
#4693=CARTESIAN_POINT('Ctrl Pts',(15.2471278936454,13.3233676139266,39.9999999998526));
#4694=CARTESIAN_POINT('Ctrl Pts',(15.5072526640672,12.9907104048206,39.9999999998443));
#4695=CARTESIAN_POINT('Ctrl Pts',(15.7644095423659,12.6618486462939,39.9999999998361));
#4696=CARTESIAN_POINT('Ctrl Pts',(16.0115898701045,12.3249477177716,39.999999999832));
#4697=CARTESIAN_POINT('Ctrl Pts',(16.2483334478599,11.9804206514273,39.9999999998332));
#4698=CARTESIAN_POINT('Ctrl Pts',(16.3895770340632,11.7748723579701,39.9999999998339));
#4699=CARTESIAN_POINT('Ctrl Pts',(16.5271048447684,11.5666091873409,39.9999999998364));
#4700=CARTESIAN_POINT('Ctrl Pts',(16.6608107994097,11.3557159238295,39.999999999841));
#4701=CARTESIAN_POINT('Ctrl Pts',(16.765623498862,11.1903957456501,39.9999999998446));
#4702=CARTESIAN_POINT('Ctrl Pts',(16.8680875231588,11.0234593127131,39.9999999998494));
#4703=CARTESIAN_POINT('Ctrl Pts',(16.9681489074005,10.8549467508912,39.9999999998555));
#4704=CARTESIAN_POINT('Ctrl Pts',(16.9876971090201,10.822025783838,39.9999999998567));
#4705=CARTESIAN_POINT('Ctrl Pts',(17.0071534115853,10.7890449300483,39.999999999858));
#4706=CARTESIAN_POINT('Ctrl Pts',(17.026510462196,10.7560164944384,39.9999999998591));
#4707=CARTESIAN_POINT('Ctrl Pts',(17.238676216148,10.3940035471174,39.9999999998714));
#4708=CARTESIAN_POINT('Ctrl Pts',(17.4391398919989,10.0259109238657,39.9999999998742));
#4709=CARTESIAN_POINT('Ctrl Pts',(17.6275504305557,9.65221961638705,39.9999999998716));
#4710=CARTESIAN_POINT('Ctrl Pts',(17.670695013583,9.56664714381935,39.999999999871));
#4711=CARTESIAN_POINT('Ctrl Pts',(17.7132073847687,9.48078096401,39.9999999998701));
#4712=CARTESIAN_POINT('Ctrl Pts',(17.755083009703,9.39462663751912,39.999999999869));
#4713=CARTESIAN_POINT('Ctrl Pts',(17.9373924547933,9.01954572877275,39.9999999998641));
#4714=CARTESIAN_POINT('Ctrl Pts',(18.1076369269511,8.63900521189128,39.9999999998547));
#4715=CARTESIAN_POINT('Ctrl Pts',(18.265741551324,8.2536308566391,39.999999999844));
#4716=CARTESIAN_POINT('Ctrl Pts',(18.4245851642532,7.86645524326699,39.9999999998333));
#4717=CARTESIAN_POINT('Ctrl Pts',(18.5711753162169,7.47439995993723,39.9999999998213));
#4718=CARTESIAN_POINT('Ctrl Pts',(18.7053868051549,7.0780805086672,39.9999999998107));
#4719=CARTESIAN_POINT('Ctrl Pts',(18.8395065324008,6.68203202483655,39.9999999998001));
#4720=CARTESIAN_POINT('Ctrl Pts',(18.9612646175718,6.28172465075322,39.999999999791));
#4721=CARTESIAN_POINT('Ctrl Pts',(19.0704853157065,5.87776182367418,39.9999999997853));
#4722=CARTESIAN_POINT('Ctrl Pts',(19.1790611126944,5.4761842229753,39.9999999997796));
#4723=CARTESIAN_POINT('Ctrl Pts',(19.2752472012529,5.07099367124013,39.9999999997774));
#4724=CARTESIAN_POINT('Ctrl Pts',(19.3588195868378,4.66278044044868,39.99999999978));
#4725=CARTESIAN_POINT('Ctrl Pts',(19.4282350758146,4.32371723405778,39.9999999997821));
#4726=CARTESIAN_POINT('Ctrl Pts',(19.4889474709409,3.98256848492424,39.9999999997876));
#4727=CARTESIAN_POINT('Ctrl Pts',(19.5408007168467,3.63967508720899,39.9999999997967));
#4728=CARTESIAN_POINT('Ctrl Pts',(19.5462773617471,3.60345931430648,39.9999999997977));
#4729=CARTESIAN_POINT('Ctrl Pts',(19.5516551575565,3.56722408361844,39.9999999997987));
#4730=CARTESIAN_POINT('Ctrl Pts',(19.5569339036748,3.5309697999817,39.9999999997998));
#4731=CARTESIAN_POINT('Ctrl Pts',(19.5625020256338,3.49272809100319,39.9999999998009));
#4732=CARTESIAN_POINT('Ctrl Pts',(19.5679586373411,3.45447409435411,39.9999999998021));
#4733=CARTESIAN_POINT('Ctrl Pts',(19.5733032643742,3.41621122675304,39.9999999998034));
#4734=CARTESIAN_POINT('Ctrl Pts',(19.6307728544378,3.00477909087138,39.9999999998176));
#4735=CARTESIAN_POINT('Ctrl Pts',(19.6753147412943,2.59221232356701,39.9999999998447));
#4736=CARTESIAN_POINT('Ctrl Pts',(19.7068420786025,2.17911098160686,39.9999999998812));
#4737=CARTESIAN_POINT('Ctrl Pts',(19.7383529495418,1.76622539776987,39.9999999999176));
#4738=CARTESIAN_POINT('Ctrl Pts',(19.7568629422544,1.35280525204224,39.9999999999633));
#4739=CARTESIAN_POINT('Ctrl Pts',(19.7622341520918,0.939441251787811,40.0000000000142));
#4740=CARTESIAN_POINT('Ctrl Pts',(19.7639734161764,0.805588883085652,40.0000000000307));
#4741=CARTESIAN_POINT('Ctrl Pts',(19.7643346148366,0.671742370002156,40.0000000000477));
#4742=CARTESIAN_POINT('Ctrl Pts',(19.7633118921749,0.537921725477815,40.0000000000651));
#4743=CARTESIAN_POINT('Ctrl Pts',(19.7601480198294,0.123937121142082,40.0000000001189));
#4744=CARTESIAN_POINT('Ctrl Pts',(19.7437436097758,-0.289800369206522,40.0000000001764));
#4745=CARTESIAN_POINT('Ctrl Pts',(19.7142645572543,-0.702689565000015,40.0000000002325));
#4746=CARTESIAN_POINT('Ctrl Pts',(19.6847803407631,-1.11565108832947,40.0000000002887));
#4747=CARTESIAN_POINT('Ctrl Pts',(19.6422167538573,-1.5277645620318,40.0000000003434));
#4748=CARTESIAN_POINT('Ctrl Pts',(19.5866887398452,-1.93841802595308,40.000000000391));
#4749=CARTESIAN_POINT('Ctrl Pts',(19.5314456888096,-2.34696406652241,40.0000000004383));
#4750=CARTESIAN_POINT('Ctrl Pts',(19.4633707536352,-2.7540655617807,40.0000000004786));
#4751=CARTESIAN_POINT('Ctrl Pts',(19.3825291081413,-3.1591016700737,40.0000000005054));
#4752=CARTESIAN_POINT('Ctrl Pts',(19.3393078500192,-3.37565057971507,40.0000000005197));
#4753=CARTESIAN_POINT('Ctrl Pts',(19.2924365406507,-3.59160875940596,40.0000000005302));
#4754=CARTESIAN_POINT('Ctrl Pts',(19.2419197284015,-3.80687839073095,40.0000000005357));
#4755=CARTESIAN_POINT('Ctrl Pts',(19.2231048822252,-3.88705496600324,40.0000000005378));
#4756=CARTESIAN_POINT('Ctrl Pts',(19.2037843061978,-3.96713600487553,40.0000000005392));
#4757=CARTESIAN_POINT('Ctrl Pts',(19.1839581048645,-4.04711636763929,40.0000000005398));
#4758=CARTESIAN_POINT('Ctrl Pts',(19.1732185122858,-4.09044067853152,40.0000000005402));
#4759=CARTESIAN_POINT('Ctrl Pts',(19.1623301213871,-4.13373699948969,40.0000000005403));
#4760=CARTESIAN_POINT('Ctrl Pts',(19.1512983096928,-4.17698390896507,40.0000000005403));
#4761=CARTESIAN_POINT('Ctrl Pts',(19.0496605812387,-4.57542414376645,40.0000000005402));
#4762=CARTESIAN_POINT('Ctrl Pts',(18.9357564418149,-4.97006698263526,40.0000000005278));
#4763=CARTESIAN_POINT('Ctrl Pts',(18.8097881922912,-5.36033984718437,40.0000000005079));
#4764=CARTESIAN_POINT('Ctrl Pts',(18.6836684712528,-5.75108199841621,40.000000000488));
#4765=CARTESIAN_POINT('Ctrl Pts',(18.5454554520751,-6.13744419410977,40.0000000004606));
#4766=CARTESIAN_POINT('Ctrl Pts',(18.3953012320927,-6.51884017450835,40.0000000004299));
#4767=CARTESIAN_POINT('Ctrl Pts',(18.2459413236063,-6.89821858116311,40.0000000003994));
#4768=CARTESIAN_POINT('Ctrl Pts',(18.0847660198878,-7.27268367790262,40.0000000003657));
#4769=CARTESIAN_POINT('Ctrl Pts',(17.9118773846359,-7.64163925341723,40.0000000003322));
#4770=CARTESIAN_POINT('Ctrl Pts',(17.8320310218997,-7.81203657694956,40.0000000003167));
#4771=CARTESIAN_POINT('Ctrl Pts',(17.7496856330726,-7.98125844037307,40.0000000003012));
#4772=CARTESIAN_POINT('Ctrl Pts',(17.6648479884176,-8.14924426686102,40.0000000002861));
#4773=CARTESIAN_POINT('Ctrl Pts',(17.4801184569608,-8.51502461289348,40.0000000002531));
#4774=CARTESIAN_POINT('Ctrl Pts',(17.2835750315979,-8.87494676015274,40.0000000002218));
#4775=CARTESIAN_POINT('Ctrl Pts',(17.0755976909666,-9.2285177800026,40.0000000001944));
#4776=CARTESIAN_POINT('Ctrl Pts',(16.8685150061807,-9.58056784387357,40.0000000001671));
#4777=CARTESIAN_POINT('Ctrl Pts',(16.650096174358,-9.92632170128588,40.0000000001438));
#4778=CARTESIAN_POINT('Ctrl Pts',(16.4206795357678,-10.2652568406427,40.0000000001261));
#4779=CARTESIAN_POINT('Ctrl Pts',(16.3424856957664,-10.3807787148215,40.00000000012));
#4780=CARTESIAN_POINT('Ctrl Pts',(16.2630139476095,-10.4955081208699,40.0000000001147));
#4781=CARTESIAN_POINT('Ctrl Pts',(16.1822768296346,-10.6094232832329,40.00000000011));
#4782=CARTESIAN_POINT('Ctrl Pts',(16.1368885736926,-10.6734633514778,40.0000000001073));
#4783=CARTESIAN_POINT('Ctrl Pts',(16.0911004042355,-10.7372460766433,40.0000000001049));
#4784=CARTESIAN_POINT('Ctrl Pts',(16.0449144933419,-10.8007675073082,40.0000000001027));
#4785=CARTESIAN_POINT('Ctrl Pts',(16.0185128207553,-10.837078840834,40.0000000001014));
#4786=CARTESIAN_POINT('Ctrl Pts',(15.9919811769776,-10.87330478972,40.0000000001002));
#4787=CARTESIAN_POINT('Ctrl Pts',(15.9653199620939,-10.9094446068643,40.0000000000991));
#4788=CARTESIAN_POINT('Ctrl Pts',(15.9433827516703,-10.9391809402167,40.0000000000982));
#4789=CARTESIAN_POINT('Ctrl Pts',(15.9213636606456,-10.9688510390679,40.0000000000973));
#4790=CARTESIAN_POINT('Ctrl Pts',(15.8992634867439,-10.9984539991149,40.0000000000965));
#4791=CARTESIAN_POINT('Ctrl Pts',(15.6567966914734,-11.3232358259468,40.0000000000876));
#4792=CARTESIAN_POINT('Ctrl Pts',(15.4045561595267,-11.6399623557968,40.0000000000849));
#4793=CARTESIAN_POINT('Ctrl Pts',(15.1429853437188,-11.9482182838998,40.0000000000873));
#4794=CARTESIAN_POINT('Ctrl Pts',(14.8799489151553,-12.2582014070602,40.0000000000897));
#4795=CARTESIAN_POINT('Ctrl Pts',(14.6074770030917,-12.5596191734941,40.0000000000974));
#4796=CARTESIAN_POINT('Ctrl Pts',(14.3259777557022,-12.852018864641,40.0000000001085));
#4797=CARTESIAN_POINT('Ctrl Pts',(14.0450959109349,-13.1437772455972,40.0000000001195));
#4798=CARTESIAN_POINT('Ctrl Pts',(13.7552258943253,-13.426557459268,40.000000000134));
#4799=CARTESIAN_POINT('Ctrl Pts',(13.4567363236349,-13.6998734318857,40.0000000001492));
#4800=CARTESIAN_POINT('Ctrl Pts',(13.1612764807667,-13.9704151936504,40.0000000001644));
#4801=CARTESIAN_POINT('Ctrl Pts',(12.8573707687651,-14.2316841910193,40.0000000001803));
#4802=CARTESIAN_POINT('Ctrl Pts',(12.5453465568069,-14.483168116799,40.0000000001939));
#4803=CARTESIAN_POINT('Ctrl Pts',(12.3727532960587,-14.6222740871455,40.0000000002014));
#4804=CARTESIAN_POINT('Ctrl Pts',(12.1976755624818,-14.7583854191759,40.0000000002081));
#4805=CARTESIAN_POINT('Ctrl Pts',(12.0201654160907,-14.8914093957066,40.0000000002135));
#4806=CARTESIAN_POINT('Ctrl Pts',(11.7305727655468,-15.1084266577203,40.0000000002222));
#4807=CARTESIAN_POINT('Ctrl Pts',(11.4345066277029,-15.3172284765506,40.0000000002273));
#4808=CARTESIAN_POINT('Ctrl Pts',(11.1323506047713,-15.5175954278863,40.0000000002254));
#4809=CARTESIAN_POINT('Ctrl Pts',(11.0001573447388,-15.6052559690957,40.0000000002245));
#4810=CARTESIAN_POINT('Ctrl Pts',(10.8667983083808,-15.6913016195694,40.0000000002224));
#4811=CARTESIAN_POINT('Ctrl Pts',(10.7323050899979,-15.7757120749458,40.0000000002186));
#4812=CARTESIAN_POINT('Ctrl Pts',(10.6826742948643,-15.8068612887745,40.0000000002172));
#4813=CARTESIAN_POINT('Ctrl Pts',(10.632889048432,-15.8377878159133,40.0000000002155));
#4814=CARTESIAN_POINT('Ctrl Pts',(10.582950930228,-15.8684905943443,40.0000000002137));
#4815=CARTESIAN_POINT('Ctrl Pts',(10.5479941815512,-15.8899825797834,40.0000000002124));
#4816=CARTESIAN_POINT('Ctrl Pts',(10.5129607411142,-15.9113660077059,40.000000000211));
#4817=CARTESIAN_POINT('Ctrl Pts',(10.4778568105694,-15.9326370796917,40.0000000002094));
#4818=CARTESIAN_POINT('Ctrl Pts',(10.1353766727099,-16.1401614096762,40.0000000001943));
#4819=CARTESIAN_POINT('Ctrl Pts',(9.78683499151962,-16.3366054272084,40.0000000001672));
#4820=CARTESIAN_POINT('Ctrl Pts',(9.43281963536749,-16.5218011401071,40.0000000001336));
#4821=CARTESIAN_POINT('Ctrl Pts',(9.07657970517555,-16.7081605922845,40.0000000000998));
#4822=CARTESIAN_POINT('Ctrl Pts',(8.71479659080073,-16.8831301703733,40.0000000000595));
#4823=CARTESIAN_POINT('Ctrl Pts',(8.34804158825086,-17.0464938437864,40.0000000000177));
#4824=CARTESIAN_POINT('Ctrl Pts',(7.98157848214038,-17.2097274977744,39.9999999999759));
#4825=CARTESIAN_POINT('Ctrl Pts',(7.61015087222927,-17.3613739065435,39.9999999999327));
#4826=CARTESIAN_POINT('Ctrl Pts',(7.23430887306951,-17.5011697450925,39.999999999892));
#4827=CARTESIAN_POINT('Ctrl Pts',(6.86061732136603,-17.6401657166599,39.9999999998516));
#4828=CARTESIAN_POINT('Ctrl Pts',(6.4825612333145,-17.7674464935707,39.9999999998139));
#4829=CARTESIAN_POINT('Ctrl Pts',(6.10066955073895,-17.8827034407099,39.999999999782));
#4830=CARTESIAN_POINT('Ctrl Pts',(5.72456601078617,-17.9962134955265,39.9999999997506));
#4831=CARTESIAN_POINT('Ctrl Pts',(5.3447417795043,-18.0980615044279,39.9999999997249));
#4832=CARTESIAN_POINT('Ctrl Pts',(4.96169807329548,-18.1879027017346,39.9999999997073));
#4833=CARTESIAN_POINT('Ctrl Pts',(4.68664971886766,-18.2524140697026,39.9999999996946));
#4834=CARTESIAN_POINT('Ctrl Pts',(4.40994126870082,-18.3107335811547,39.9999999996861));
#4835=CARTESIAN_POINT('Ctrl Pts',(4.13175905066993,-18.3627169709285,39.9999999996823));
#4836=CARTESIAN_POINT('Ctrl Pts',(4.12148595972683,-18.3646366841814,39.9999999996821));
#4837=CARTESIAN_POINT('Ctrl Pts',(4.11121163522079,-18.366547609713,39.9999999996821));
#4838=CARTESIAN_POINT('Ctrl Pts',(4.10093608703087,-18.3684497438872,39.9999999996821));
#4839=CARTESIAN_POINT('Ctrl Pts',(3.71366271047094,-18.4401389531343,39.9999999996829));
#4840=CARTESIAN_POINT('Ctrl Pts',(3.32465235740831,-18.4993447449963,39.9999999997962));
#4841=CARTESIAN_POINT('Ctrl Pts',(2.93450370925649,-18.5461933688741,39.9999999999086));
#4842=CARTESIAN_POINT('Ctrl Pts',(2.78167630552889,-18.5645447167241,39.9999999999527));
#4843=CARTESIAN_POINT('Ctrl Pts',(2.62867409281899,-18.5809994137449,39.9999999999966));
#4844=CARTESIAN_POINT('Ctrl Pts',(2.47553259316545,-18.5955629316091,40.0000000000334));
#4845=CARTESIAN_POINT('Ctrl Pts',(11.9326718113683,16.549723600377,1.18793863634892E-14));
#4846=CARTESIAN_POINT('Ctrl Pts',(12.2681236620988,16.2906383356377,-3.02106365501205E-12));
#4847=CARTESIAN_POINT('Ctrl Pts',(12.5949645077504,16.0214842521557,-1.29462977988466E-11));
#4848=CARTESIAN_POINT('Ctrl Pts',(12.9126858432204,15.742587660716,-2.61434207615707E-11));
#4849=CARTESIAN_POINT('Ctrl Pts',(13.040491536474,15.6303995000994,-3.14520584289464E-11));
#4850=CARTESIAN_POINT('Ctrl Pts',(13.166821281811,15.5166343961313,-3.72967393935486E-11));
#4851=CARTESIAN_POINT('Ctrl Pts',(13.2916406177362,15.401311637823,-4.34667857263094E-11));
#4852=CARTESIAN_POINT('Ctrl Pts',(13.6013560496077,15.1151601563289,-5.87765875636573E-11));
#4853=CARTESIAN_POINT('Ctrl Pts',(13.9017746532838,14.8194210106769,-7.60515406921588E-11));
#4854=CARTESIAN_POINT('Ctrl Pts',(14.1925895398408,14.5146439554532,-9.24799126167386E-11));
#4855=CARTESIAN_POINT('Ctrl Pts',(14.4844463639536,14.2087749387286,-1.08967144450083E-10));
#4856=CARTESIAN_POINT('Ctrl Pts',(14.7666308486571,13.8938026791525,-1.24600899462363E-10));
#4857=CARTESIAN_POINT('Ctrl Pts',(15.0387931100517,13.5702482423829,-1.37123423726848E-10));
#4858=CARTESIAN_POINT('Ctrl Pts',(15.3104823385871,13.2472561608772,-1.4962418316094E-10));
#4859=CARTESIAN_POINT('Ctrl Pts',(15.5721844377601,12.9157112331857,-1.59023244333215E-10));
#4860=CARTESIAN_POINT('Ctrl Pts',(15.8235073951382,12.5761043987626,-1.63680180520487E-10));
#4861=CARTESIAN_POINT('Ctrl Pts',(16.0731214598223,12.2388067510698,-1.68305451457954E-10));
#4862=CARTESIAN_POINT('Ctrl Pts',(16.3124972938779,11.893555985013,-1.682517494548E-10));
#4863=CARTESIAN_POINT('Ctrl Pts',(16.5412035499171,11.5408131378213,-1.62515445545353E-10));
#4864=CARTESIAN_POINT('Ctrl Pts',(16.6369525479416,11.3931356113565,-1.60113913723681E-10));
#4865=CARTESIAN_POINT('Ctrl Pts',(16.7308308751753,11.2441447325969,-1.56723761802266E-10));
#4866=CARTESIAN_POINT('Ctrl Pts',(16.8228042357259,11.0938735849305,-1.52303836209455E-10));
#4867=CARTESIAN_POINT('Ctrl Pts',(16.8717878575707,11.0138414427167,-1.49949850636629E-10));
#4868=CARTESIAN_POINT('Ctrl Pts',(16.920231114788,10.933446150164,-1.47303169635732E-10));
#4869=CARTESIAN_POINT('Ctrl Pts',(16.968128637147,10.852692666728,-1.44361633758194E-10));
#4870=CARTESIAN_POINT('Ctrl Pts',(16.9875385395412,10.8199682761064,-1.43169611259744E-10));
#4871=CARTESIAN_POINT('Ctrl Pts',(17.0068584510926,10.7871856384238,-1.41939056387638E-10));
#4872=CARTESIAN_POINT('Ctrl Pts',(17.0260813572433,10.7543566123462,-1.40828237960022E-10));
#4873=CARTESIAN_POINT('Ctrl Pts',(17.2381464597632,10.3921902090875,-1.28573804531126E-10));
#4874=CARTESIAN_POINT('Ctrl Pts',(17.4386257049199,10.024017075914,-1.25774641547335E-10));
#4875=CARTESIAN_POINT('Ctrl Pts',(17.6272227560268,9.65036747529161,-1.2838108354174E-10));
#4876=CARTESIAN_POINT('Ctrl Pts',(17.8157292854095,9.27689721684833,-1.30986274511157E-10));
#4877=CARTESIAN_POINT('Ctrl Pts',(17.9923652973844,8.89795527068699,-1.38991620469243E-10));
#4878=CARTESIAN_POINT('Ctrl Pts',(18.1567908825899,8.51404365748817,-1.48955070500278E-10));
#4879=CARTESIAN_POINT('Ctrl Pts',(18.2597965331438,8.27353932585791,-1.55196749074364E-10));
#4880=CARTESIAN_POINT('Ctrl Pts',(18.3580093244748,8.03108413323195,-1.62218703671351E-10));
#4881=CARTESIAN_POINT('Ctrl Pts',(18.4513361543787,7.78679726013563,-1.69299574359627E-10));
#4882=CARTESIAN_POINT('Ctrl Pts',(18.600625673551,7.39602571177995,-1.80626321663735E-10));
#4883=CARTESIAN_POINT('Ctrl Pts',(18.7374153441166,7.00056762597226,-1.92069379317931E-10));
#4884=CARTESIAN_POINT('Ctrl Pts',(18.86163047511,6.60104608039157,-2.0118873234054E-10));
#4885=CARTESIAN_POINT('Ctrl Pts',(18.9857417531292,6.20185856417105,-2.10300460914133E-10));
#4886=CARTESIAN_POINT('Ctrl Pts',(19.0972995633474,5.7986138221909,-2.17091230087332E-10));
#4887=CARTESIAN_POINT('Ctrl Pts',(19.1961780170341,5.39192579879701,-2.19778639731771E-10));
#4888=CARTESIAN_POINT('Ctrl Pts',(19.2944572072898,4.987702551612,-2.22449762042987E-10));
#4889=CARTESIAN_POINT('Ctrl Pts',(19.3802102798498,4.58007709052861,-2.21065915498326E-10));
#4890=CARTESIAN_POINT('Ctrl Pts',(19.4532623854458,4.16965299829713,-2.14536277631794E-10));
#4891=CARTESIAN_POINT('Ctrl Pts',(19.4757301408795,4.04342380814457,-2.1252803563167E-10));
#4892=CARTESIAN_POINT('Ctrl Pts',(19.4969961193089,3.91692992696186,-2.10038285217481E-10));
#4893=CARTESIAN_POINT('Ctrl Pts',(19.5170542466459,3.79018905053923,-2.07046935152277E-10));
#4894=CARTESIAN_POINT('Ctrl Pts',(19.5259723586368,3.73383835983069,-2.0571694085933E-10));
#4895=CARTESIAN_POINT('Ctrl Pts',(19.5346516951515,3.67743884401995,-2.04287029131841E-10));
#4896=CARTESIAN_POINT('Ctrl Pts',(19.5430916925494,3.62099206462191,-2.02757810541243E-10));
#4897=CARTESIAN_POINT('Ctrl Pts',(19.5486900043251,3.58355050452315,-2.01743468706783E-10));
#4898=CARTESIAN_POINT('Ctrl Pts',(19.5541833632286,3.54608569718701,-2.00700649736853E-10));
#4899=CARTESIAN_POINT('Ctrl Pts',(19.5595704429771,3.50860618033703,-1.99578353843322E-10));
#4900=CARTESIAN_POINT('Ctrl Pts',(19.6186779120068,3.09737792961897,-1.87264433711093E-10));
#4901=CARTESIAN_POINT('Ctrl Pts',(19.6649133568354,2.68496118249217,-1.61870978728989E-10));
#4902=CARTESIAN_POINT('Ctrl Pts',(19.6982629168722,2.27196944251257,-1.26865518090824E-10));
#4903=CARTESIAN_POINT('Ctrl Pts',(19.7316660765264,1.85831393967565,-9.18037964616373E-11));
#4904=CARTESIAN_POINT('Ctrl Pts',(19.7521419489519,1.4440810389904,-4.70978050706855E-11));
#4905=CARTESIAN_POINT('Ctrl Pts',(19.7596250471773,1.02987803602412,3.11872749847453E-12));
#4906=CARTESIAN_POINT('Ctrl Pts',(19.7670677170322,0.617912816390278,5.30639589935461E-11));
#4907=CARTESIAN_POINT('Ctrl Pts',(19.7616576215215,0.205976630716343,1.08460217658704E-10));
#4908=CARTESIAN_POINT('Ctrl Pts',(19.7432790893778,-0.205333871906912,1.64581459571878E-10));
#4909=CARTESIAN_POINT('Ctrl Pts',(19.7286783754311,-0.532097018447598,2.0916664151681E-10));
#4910=CARTESIAN_POINT('Ctrl Pts',(19.7058917655346,-0.858465383828769,2.54196894876618E-10));
#4911=CARTESIAN_POINT('Ctrl Pts',(19.6748379721624,-1.18413679936965,2.97000757321086E-10));
#4912=CARTESIAN_POINT('Ctrl Pts',(19.6355508146203,-1.5961542317004,3.51153301186531E-10));
#4913=CARTESIAN_POINT('Ctrl Pts',(19.5830328644258,-2.00705696732832,4.0176536511163E-10));
#4914=CARTESIAN_POINT('Ctrl Pts',(19.5174491649863,-2.41624492919906,4.42797021271701E-10));
#4915=CARTESIAN_POINT('Ctrl Pts',(19.4663774485964,-2.73489013703935,4.74749429024321E-10));
#4916=CARTESIAN_POINT('Ctrl Pts',(19.407381453107,-3.05249529129459,5.00877319247344E-10));
#4917=CARTESIAN_POINT('Ctrl Pts',(19.3405190725608,-3.3687681958198,5.18027620799444E-10));
#4918=CARTESIAN_POINT('Ctrl Pts',(19.3112667810718,-3.50713759154958,5.25530877728487E-10));
#4919=CARTESIAN_POINT('Ctrl Pts',(19.2805085935754,-3.6452518705594,5.31313534236952E-10));
#4920=CARTESIAN_POINT('Ctrl Pts',(19.248248345166,-3.7830859730844,5.35092192777142E-10));
#4921=CARTESIAN_POINT('Ctrl Pts',(19.2292570168474,-3.86422771326376,5.3731665627259E-10));
#4922=CARTESIAN_POINT('Ctrl Pts',(19.2097451266099,-3.94527234894679,5.38846386530831E-10));
#4923=CARTESIAN_POINT('Ctrl Pts',(19.1897133594792,-4.02621470168423,5.3962356805215E-10));
#4924=CARTESIAN_POINT('Ctrl Pts',(19.1775039918163,-4.07554908829234,5.40097260406532E-10));
#4925=CARTESIAN_POINT('Ctrl Pts',(19.1651003398297,-4.12484982769563,5.40266214278309E-10));
#4926=CARTESIAN_POINT('Ctrl Pts',(19.152509821595,-4.1740877647002,5.40267164339525E-10));
#4927=CARTESIAN_POINT('Ctrl Pts',(19.0511230518157,-4.57058259441464,5.40274814829839E-10));
#4928=CARTESIAN_POINT('Ctrl Pts',(18.9375457019625,-4.96332835891697,5.28019523137916E-10));
#4929=CARTESIAN_POINT('Ctrl Pts',(18.8120453196728,-5.35177742700633,5.08330821880065E-10));
#4930=CARTESIAN_POINT('Ctrl Pts',(18.6857352718634,-5.74273257364978,4.88515098996901E-10));
#4931=CARTESIAN_POINT('Ctrl Pts',(18.5473476937488,-6.12933593495099,4.61172213033105E-10));
#4932=CARTESIAN_POINT('Ctrl Pts',(18.3971039855819,-6.5110176244644,4.30530611161828E-10));
#4933=CARTESIAN_POINT('Ctrl Pts',(18.2471391076538,-6.89199096886384,3.99945875599745E-10));
#4934=CARTESIAN_POINT('Ctrl Pts',(18.0853618464468,-7.26806140156722,3.66073259002059E-10));
#4935=CARTESIAN_POINT('Ctrl Pts',(17.9119443091917,-7.63864291662847,3.32402827485367E-10));
#4936=CARTESIAN_POINT('Ctrl Pts',(17.7403627115476,-8.0053011532637,2.99088858642057E-10));
#4937=CARTESIAN_POINT('Ctrl Pts',(17.5573857352421,-8.36658652551179,2.65973227968267E-10));
#4938=CARTESIAN_POINT('Ctrl Pts',(17.3631366832778,-8.72190548062285,2.3572421792295E-10));
#4939=CARTESIAN_POINT('Ctrl Pts',(17.1953433040739,-9.02883191125614,2.09594959830042E-10));
#4940=CARTESIAN_POINT('Ctrl Pts',(17.0191384081425,-9.33130621811769,1.85594127075474E-10));
#4941=CARTESIAN_POINT('Ctrl Pts',(16.8345771129463,-9.6289260956916,1.65013447350759E-10));
#4942=CARTESIAN_POINT('Ctrl Pts',(16.6404125925136,-9.94203194347469,1.43361900015361E-10));
#4943=CARTESIAN_POINT('Ctrl Pts',(16.4369992086936,-10.2497653539415,1.25500192751373E-10));
#4944=CARTESIAN_POINT('Ctrl Pts',(16.2246170838823,-10.5517660405855,1.12435338817107E-10));
#4945=CARTESIAN_POINT('Ctrl Pts',(16.1703716689427,-10.628901310673,1.09098389328444E-10));
#4946=CARTESIAN_POINT('Ctrl Pts',(16.115541059925,-10.7056624605271,1.06070896705441E-10));
#4947=CARTESIAN_POINT('Ctrl Pts',(16.0601297150251,-10.7820431953984,1.03366093462398E-10));
#4948=CARTESIAN_POINT('Ctrl Pts',(16.0314595244831,-10.8215630848083,1.01966610657988E-10));
#4949=CARTESIAN_POINT('Ctrl Pts',(16.0026338641181,-10.8609811314978,1.00653613890941E-10));
#4950=CARTESIAN_POINT('Ctrl Pts',(15.9736533432031,-10.9002964503805,9.94276883048428E-11));
#4951=CARTESIAN_POINT('Ctrl Pts',(15.9493421339533,-10.9332773255995,9.83992825858518E-11));
#4952=CARTESIAN_POINT('Ctrl Pts',(15.9249264198756,-10.9661798127339,9.743409161717E-11));
#4953=CARTESIAN_POINT('Ctrl Pts',(15.9004111911287,-10.9989975028747,9.65313384782007E-11));
#4954=CARTESIAN_POINT('Ctrl Pts',(15.6585938605075,-11.322710012716,8.76266141320105E-11));
#4955=CARTESIAN_POINT('Ctrl Pts',(15.4069624405796,-11.6383578822403,8.48810499242865E-11));
#4956=CARTESIAN_POINT('Ctrl Pts',(15.1460109569418,-11.9455728975109,8.72660277373427E-11));
#4957=CARTESIAN_POINT('Ctrl Pts',(14.8832208150789,-12.2549525427996,8.96678100498864E-11));
#4958=CARTESIAN_POINT('Ctrl Pts',(14.6109784362444,-12.5557804877744,9.72767558592561E-11));
#4959=CARTESIAN_POINT('Ctrl Pts',(14.3297452223408,-12.8476501062847,1.08298758849656E-10));
#4960=CARTESIAN_POINT('Ctrl Pts',(14.0484201116676,-13.1396150971541,1.19324363429122E-10));
#4961=CARTESIAN_POINT('Ctrl Pts',(13.7580978749036,-13.4226162851975,1.3376551524113E-10));
#4962=CARTESIAN_POINT('Ctrl Pts',(13.4592033413983,-13.6962102892282,1.4906426093475E-10));
#4963=CARTESIAN_POINT('Ctrl Pts',(13.1618699349348,-13.968375310958,1.64283101233884E-10));
#4964=CARTESIAN_POINT('Ctrl Pts',(12.8560531171144,-14.2312314968584,1.80350312501339E-10));
#4965=CARTESIAN_POINT('Ctrl Pts',(12.5421407948801,-14.4843011075269,1.93973725970409E-10));
#4966=CARTESIAN_POINT('Ctrl Pts',(12.2330796518685,-14.733459798011,2.07386604154042E-10));
#4967=CARTESIAN_POINT('Ctrl Pts',(11.9161708544113,-14.9731322982382,2.18431102312946E-10));
#4968=CARTESIAN_POINT('Ctrl Pts',(11.5917615689656,-15.2028184161524,2.23216667372128E-10));
#4969=CARTESIAN_POINT('Ctrl Pts',(11.2819092126691,-15.4221980333125,2.27787494029447E-10));
#4970=CARTESIAN_POINT('Ctrl Pts',(10.9652139681732,-15.6324673550974,2.26646055034288E-10));
#4971=CARTESIAN_POINT('Ctrl Pts',(10.6419634400825,-15.8331486948341,2.15752471444119E-10));
#4972=CARTESIAN_POINT('Ctrl Pts',(10.591190950992,-15.8646694202375,2.14041431156188E-10));
#4973=CARTESIAN_POINT('Ctrl Pts',(10.5402567154222,-15.895953517663,2.12087484113413E-10));
#4974=CARTESIAN_POINT('Ctrl Pts',(10.489162485877,-15.9270000684928,2.09875589129993E-10));
#4975=CARTESIAN_POINT('Ctrl Pts',(10.4568826290481,-15.9466143815911,2.08478177836759E-10));
#4976=CARTESIAN_POINT('Ctrl Pts',(10.4245476715643,-15.966128558136,2.06972442346895E-10));
#4977=CARTESIAN_POINT('Ctrl Pts',(10.3921585224014,-15.9855423006329,2.05362532534892E-10));
#4978=CARTESIAN_POINT('Ctrl Pts',(10.0505420407219,-16.1903039130695,1.88382409869976E-10));
#4979=CARTESIAN_POINT('Ctrl Pts',(9.70288551399816,-16.3839048918221,1.59924644284281E-10));
#4980=CARTESIAN_POINT('Ctrl Pts',(9.3497904880913,-16.5662447047043,1.25519733495949E-10));
#4981=CARTESIAN_POINT('Ctrl Pts',(8.99358896630253,-16.750188725622,9.08121316305973E-11));
#4982=CARTESIAN_POINT('Ctrl Pts',(8.63185233069318,-16.9226727686583,5.00555318220786E-11));
#4983=CARTESIAN_POINT('Ctrl Pts',(8.26517092388047,-17.0835481380395,8.14051603903465E-12));
#4984=CARTESIAN_POINT('Ctrl Pts',(7.8971921059132,-17.244992724989,-3.39228056248369E-11));
#4985=CARTESIAN_POINT('Ctrl Pts',(7.5242329323215,-17.3947465247424,-7.71515481499625E-11));
#4986=CARTESIAN_POINT('Ctrl Pts',(7.1468705477016,-17.5326107679784,-1.1742735950282E-10));
#4987=CARTESIAN_POINT('Ctrl Pts',(6.77080261303814,-17.6700021014309,-1.57565014472382E-10));
#4988=CARTESIAN_POINT('Ctrl Pts',(6.39036108492639,-17.7955854357374,-1.9476989276437E-10));
#4989=CARTESIAN_POINT('Ctrl Pts',(6.00610591400614,-17.9091137355139,-2.25797769370928E-10));
#4990=CARTESIAN_POINT('Ctrl Pts',(5.62649334967297,-18.021270375851,-2.56450764296723E-10));
#4991=CARTESIAN_POINT('Ctrl Pts',(5.24315822754709,-18.121661576638,-2.81075959711929E-10));
#4992=CARTESIAN_POINT('Ctrl Pts',(4.85663723322767,-18.2099987203149,-2.97366693768897E-10));
#4993=CARTESIAN_POINT('Ctrl Pts',(4.61606308122456,-18.2649805550478,-3.07506193534398E-10));
#4994=CARTESIAN_POINT('Ctrl Pts',(4.37425470987633,-18.3152917330701,-3.14432746320253E-10));
#4995=CARTESIAN_POINT('Ctrl Pts',(4.13134219503414,-18.3608524480513,-3.17754329792752E-10));
#4996=CARTESIAN_POINT('Ctrl Pts',(3.73934556800263,-18.4343754059334,-3.2311470165701E-10));
#4997=CARTESIAN_POINT('Ctrl Pts',(3.34560505879446,-18.495317963444,-2.09976759386658E-10));
#4998=CARTESIAN_POINT('Ctrl Pts',(2.95068640562344,-18.5435216591454,-9.61487885836609E-11));
#4999=CARTESIAN_POINT('Ctrl Pts',(2.79236521350586,-18.5628463137461,-5.05156439115847E-11));
#5000=CARTESIAN_POINT('Ctrl Pts',(2.63385451722243,-18.5801230471791,-4.78229035672027E-12));
#5001=CARTESIAN_POINT('Ctrl Pts',(2.4751902605284,-18.5953393514214,3.34253033205724E-11));
#5002=CARTESIAN_POINT('Ctrl Pts',(-18.7601883784412,0.00020574319522362,
39.3223474765682));
#5003=CARTESIAN_POINT('Ctrl Pts',(-18.7603686093137,0.296092085593963,39.3160707995441));
#5004=CARTESIAN_POINT('Ctrl Pts',(-18.753490579235,0.59197002761556,39.3097941225201));
#5005=CARTESIAN_POINT('Ctrl Pts',(-18.7394936475258,0.887510784296491,39.3035174454961));
#5006=CARTESIAN_POINT('Ctrl Pts',(-18.6036076314386,3.75670075044073,39.2425817595341));
#5007=CARTESIAN_POINT('Ctrl Pts',(-17.796761295875,6.59411081630836,39.181646073572));
#5008=CARTESIAN_POINT('Ctrl Pts',(-16.4026248926413,9.10550320999092,39.12071038761));
#5009=CARTESIAN_POINT('Ctrl Pts',(-15.0084884894076,11.6168956036733,39.059774701648));
#5010=CARTESIAN_POINT('Ctrl Pts',(-13.027062018504,13.8022703251707,38.998839015686));
#5011=CARTESIAN_POINT('Ctrl Pts',(-10.6638214529133,15.4349998242358,38.937903329724));
#5012=CARTESIAN_POINT('Ctrl Pts',(-8.30058088732264,17.0677293233009,38.876967643762));
#5013=CARTESIAN_POINT('Ctrl Pts',(-5.55552622704494,18.1478135999337,38.8160319578));
#5014=CARTESIAN_POINT('Ctrl Pts',(-2.71332203374096,18.5632480527726,38.755096271838));
#5015=CARTESIAN_POINT('Ctrl Pts',(0.128882159563024,18.9786825056114,38.6941605858759));
#5016=CARTESIAN_POINT('Ctrl Pts',(3.06823588589328,18.7294671346564,38.6332248999139));
#5017=CARTESIAN_POINT('Ctrl Pts',(5.79992540885195,17.8414452242076,38.5722892139519));
#5018=CARTESIAN_POINT('Ctrl Pts',(8.53161493181054,16.9534233137589,38.5113535279899));
#5019=CARTESIAN_POINT('Ctrl Pts',(11.0556402513975,15.4265948638165,38.4504178420279));
#5020=CARTESIAN_POINT('Ctrl Pts',(13.1102576643657,13.4192936746979,38.3894821560659));
#5021=CARTESIAN_POINT('Ctrl Pts',(15.1648750773339,11.4119924855792,38.3285464701039));
#5022=CARTESIAN_POINT('Ctrl Pts',(16.7500845836832,8.92421855728423,38.2676107841419));
#5023=CARTESIAN_POINT('Ctrl Pts',(17.7014984852805,6.21395618619198,38.2066750981799));
#5024=CARTESIAN_POINT('Ctrl Pts',(18.6529123868778,3.50369381509974,38.1457394122178));
#5025=CARTESIAN_POINT('Ctrl Pts',(18.9705306837232,0.570943001210225,38.0848037262558));
#5026=CARTESIAN_POINT('Ctrl Pts',(18.6214160839209,-2.28016726202065,38.0238680402938));
#5027=CARTESIAN_POINT('Ctrl Pts',(18.2723014841187,-5.13127752525152,37.9629323543318));
#5028=CARTESIAN_POINT('Ctrl Pts',(17.2564539876688,-7.90074723782378,37.9019966683698));
#5029=CARTESIAN_POINT('Ctrl Pts',(15.6792178906198,-10.3013798338786,37.8410609824078));
#5030=CARTESIAN_POINT('Ctrl Pts',(14.1019817935708,-12.7020124299334,37.7801252964458));
#5031=CARTESIAN_POINT('Ctrl Pts',(11.9633570959226,-14.7338079094708,37.7191896104838));
#5032=CARTESIAN_POINT('Ctrl Pts',(9.48512116944475,-16.1860673183182,37.6582539245218));
#5033=CARTESIAN_POINT('Ctrl Pts',(7.00688524296707,-17.6383267271654,37.5973182385598));
#5034=CARTESIAN_POINT('Ctrl Pts',(4.18903808765979,-18.5110500653226,37.5363825525978));
#5035=CARTESIAN_POINT('Ctrl Pts',(1.32379297541387,-18.7137349033049,37.4754468666358));
#5036=CARTESIAN_POINT('Ctrl Pts',(-1.54145213683232,-18.9164197412873,37.4145111806737));
#5037=CARTESIAN_POINT('Ctrl Pts',(-4.45409520601716,-18.4490660790947,37.3535754947117));
#5038=CARTESIAN_POINT('Ctrl Pts',(-7.11209236587441,-17.360139361953,37.2926398087497));
#5039=CARTESIAN_POINT('Ctrl Pts',(-9.77008952573149,-16.2712126448115,37.2317041227877));
#5040=CARTESIAN_POINT('Ctrl Pts',(-12.173440776261,-14.5607128727209,37.1707684368257));
#5041=CARTESIAN_POINT('Ctrl Pts',(-14.0729166090138,-12.4060195722609,37.1098327508637));
#5042=CARTESIAN_POINT('Ctrl Pts',(-15.9723924417667,-10.2513262718007,37.0488970649017));
#5043=CARTESIAN_POINT('Ctrl Pts',(-17.3679928567429,-7.65243944297104,36.9879613789397));
#5044=CARTESIAN_POINT('Ctrl Pts',(-18.1149923915837,-4.87886771492213,36.9270256929777));
#5045=CARTESIAN_POINT('Ctrl Pts',(-18.5427361554102,-3.29067661858991,36.8921329541619));
#5046=CARTESIAN_POINT('Ctrl Pts',(-18.7578108922512,-1.64520828338273,36.857240215346));
#5047=CARTESIAN_POINT('Ctrl Pts',(-18.7583009040832,0.000134461882875999,
36.8223474765302));
#5048=CARTESIAN_POINT('Ctrl Pts',(-11.9322287580517,16.5496853189301,1.1626810625387E-12));
#5049=CARTESIAN_POINT('Ctrl Pts',(-14.4667813337316,14.7222873624427,0.0609356859631721));
#5050=CARTESIAN_POINT('Ctrl Pts',(-18.6807555513294,9.88532277834499,0.182807057887192));
#5051=CARTESIAN_POINT('Ctrl Pts',(-21.126621706678,0.57497523148683,0.365614115773219));
#5052=CARTESIAN_POINT('Ctrl Pts',(-19.1910117479049,-8.85263940613599,0.548421173659248));
#5053=CARTESIAN_POINT('Ctrl Pts',(-13.2750477708896,-16.4451801134618,0.731228231545273));
#5054=CARTESIAN_POINT('Ctrl Pts',(-4.60586640387719,-20.62646004858,0.914035289431305));
#5055=CARTESIAN_POINT('Ctrl Pts',(5.01860665942246,-20.5300315707392,1.09684234731733));
#5056=CARTESIAN_POINT('Ctrl Pts',(13.6021978420563,-16.1755045623683,1.27964940520336));
#5057=CARTESIAN_POINT('Ctrl Pts',(19.3646753124735,-8.46621643554503,1.46245646308939));
#5058=CARTESIAN_POINT('Ctrl Pts',(21.1108800317128,0.999015582337034,1.64526352097542));
#5059=CARTESIAN_POINT('Ctrl Pts',(18.4786514266692,10.2570318631481,1.82807057886144));
#5060=CARTESIAN_POINT('Ctrl Pts',(12.0139157126914,17.3877302658426,2.01087763674747));
#5061=CARTESIAN_POINT('Ctrl Pts',(3.05747236002563,20.9121767428186,2.1936846946335));
#5062=CARTESIAN_POINT('Ctrl Pts',(-6.53309659838948,20.0994019830745,2.37649175251953));
#5063=CARTESIAN_POINT('Ctrl Pts',(-14.7686892569345,15.1179730533488,2.55929881040556));
#5064=CARTESIAN_POINT('Ctrl Pts',(-19.9412287166778,7.00104969435258,2.74210586829158));
#5065=CARTESIAN_POINT('Ctrl Pts',(-20.9779209015999,-2.56790495821072,2.92491292617762));
#5066=CARTESIAN_POINT('Ctrl Pts',(-17.6637536476588,-11.604270416975,3.10771998406364));
#5067=CARTESIAN_POINT('Ctrl Pts',(-10.6860919832778,-18.2338906342932,3.29052704194967));
#5068=CARTESIAN_POINT('Ctrl Pts',(-1.49211437969427,-21.0817653638843,3.4733340998357));
#5069=CARTESIAN_POINT('Ctrl Pts',(8.01132874734533,-19.557249435621,3.65614115772173));
#5070=CARTESIAN_POINT('Ctrl Pts',(15.8532109852708,-13.9765123498854,3.83894821560776));
#5071=CARTESIAN_POINT('Ctrl Pts',(20.407101684835,-5.49704390613653,4.02175527349378));
#5072=CARTESIAN_POINT('Ctrl Pts',(20.7285348220645,4.12256598784546,4.20456233137981));
#5073=CARTESIAN_POINT('Ctrl Pts',(16.7508071897742,12.8870617693622,4.38736938926584));
#5074=CARTESIAN_POINT('Ctrl Pts',(9.2989793963037,18.9789250909036,4.57017644715187));
#5075=CARTESIAN_POINT('Ctrl Pts',(-0.0815668508618677,21.1341987699832,
4.7529835050379));
#5076=CARTESIAN_POINT('Ctrl Pts',(-9.44501517842145,18.9068337106663,4.93579056292393));
#5077=CARTESIAN_POINT('Ctrl Pts',(-16.8499011947268,12.7569276952087,5.11859762080995));
#5078=CARTESIAN_POINT('Ctrl Pts',(-20.7594050990999,3.96359841578776,5.30140467869599));
#5079=CARTESIAN_POINT('Ctrl Pts',(-20.3646920227598,-5.65642341910592,5.48421173658201));
#5080=CARTESIAN_POINT('Ctrl Pts',(-15.7437619944709,-14.0942994253899,5.66701879446804));
#5081=CARTESIAN_POINT('Ctrl Pts',(-6.98651424293543,-20.2410458058279,5.87013774767474));
#5082=CARTESIAN_POINT('Ctrl Pts',(4.9825429578174,-21.1470168784047,6.09356859620211));
#5083=CARTESIAN_POINT('Ctrl Pts',(16.2368947127629,-14.4313945541555,6.33731134005014));
#5084=CARTESIAN_POINT('Ctrl Pts',(21.5817583752518,-2.47386239092492,6.58105408389819));
#5085=CARTESIAN_POINT('Ctrl Pts',(19.080060072091,10.3866984185062,6.82479682774622));
#5086=CARTESIAN_POINT('Ctrl Pts',(9.63815089989937,19.4681038939516,7.06853957159426));
#5087=CARTESIAN_POINT('Ctrl Pts',(-3.3083461342798,21.4702415824643,7.3122823154423));
#5088=CARTESIAN_POINT('Ctrl Pts',(-15.0519750892087,15.6636558682052,7.55602505929033));
#5089=CARTESIAN_POINT('Ctrl Pts',(-21.3213621656311,4.16069512798937,7.79976780313838));
#5090=CARTESIAN_POINT('Ctrl Pts',(-19.8366507811259,-8.85542286733332,8.0435105469864));
#5091=CARTESIAN_POINT('Ctrl Pts',(-11.1377877385874,-18.6511878002407,8.28725329083445));
#5092=CARTESIAN_POINT('Ctrl Pts',(1.61178578605745,-21.6634502855579,8.53099603468248));
#5093=CARTESIAN_POINT('Ctrl Pts',(13.7749439248404,-16.7980696889287,8.77473877853053));
#5094=CARTESIAN_POINT('Ctrl Pts',(20.9286480881548,-5.82174652684254,9.01848152237856));
#5095=CARTESIAN_POINT('Ctrl Pts',(20.4714923810528,7.26979608878692,9.26222426622659));
#5096=CARTESIAN_POINT('Ctrl Pts',(12.5681354308549,17.7186217481789,9.50596701007464));
#5097=CARTESIAN_POINT('Ctrl Pts',(0.0949407098866946,21.7233080758976,9.74970975392268));
#5098=CARTESIAN_POINT('Ctrl Pts',(-12.4127818412534,17.8277995637777,9.99345249777072));
#5099=CARTESIAN_POINT('Ctrl Pts',(-20.4071666451269,7.44845421738557,10.2371952416187));
#5100=CARTESIAN_POINT('Ctrl Pts',(-20.9787354911129,-5.63859248903343,10.4809379854668));
#5101=CARTESIAN_POINT('Ctrl Pts',(-13.9212438578006,-16.6770247953415,10.7246807293148));
#5102=CARTESIAN_POINT('Ctrl Pts',(-1.80108112213852,-21.6485347526023,10.9684234731629));
#5103=CARTESIAN_POINT('Ctrl Pts',(10.9743421066377,-18.7478272956093,11.2121662170109));
#5104=CARTESIAN_POINT('Ctrl Pts',(19.7584807706912,-9.0284722286196,11.4559089608589));
#5105=CARTESIAN_POINT('Ctrl Pts',(21.35693317353,3.97417344938069,11.699651704707));
#5106=CARTESIAN_POINT('Ctrl Pts',(15.1882773801241,15.5314892388189,11.943394448555));
#5107=CARTESIAN_POINT('Ctrl Pts',(3.49595136117021,21.4405097360815,12.1871371924031));
#5108=CARTESIAN_POINT('Ctrl Pts',(-9.46774123579015,19.5515941830647,12.4308799362511));
#5109=CARTESIAN_POINT('Ctrl Pts',(-18.9883312099554,10.5530912811231,12.6746226800991));
#5110=CARTESIAN_POINT('Ctrl Pts',(-21.6027418608936,-2.28511318601695,12.9183654239472));
#5111=CARTESIAN_POINT('Ctrl Pts',(-16.3619284719976,-14.2905895787947,13.1621081677952));
#5112=CARTESIAN_POINT('Ctrl Pts',(-5.16898316623961,-21.0994531278371,13.4058509116432));
#5113=CARTESIAN_POINT('Ctrl Pts',(7.90257004460009,-20.2351488572038,13.6495936554913));
#5114=CARTESIAN_POINT('Ctrl Pts',(18.1007084750109,-12.0115609422166,13.8933363993393));
#5115=CARTESIAN_POINT('Ctrl Pts',(21.7158597486129,0.580344063602363,14.1370791431873));
#5116=CARTESIAN_POINT('Ctrl Pts',(17.4331163262909,12.9611061192527,14.3808218870354));
#5117=CARTESIAN_POINT('Ctrl Pts',(6.81110667937184,20.6284536741751,14.6245646308834));
#5118=CARTESIAN_POINT('Ctrl Pts',(-6.28954749778969,20.7928253654455,14.8683073747315));
#5119=CARTESIAN_POINT('Ctrl Pts',(-17.1014361771034,13.3968264824583,15.1120501185795));
#5120=CARTESIAN_POINT('Ctrl Pts',(-21.6941211053747,1.1269331958737,15.3557928624275));
#5121=CARTESIAN_POINT('Ctrl Pts',(-18.397636202283,-11.5515694106812,15.5995356062756));
#5122=CARTESIAN_POINT('Ctrl Pts',(-8.40996138337198,-20.029666950924,15.8432783501236));
#5123=CARTESIAN_POINT('Ctrl Pts',(4.63605825456366,-21.2230346715533,16.0870210939716));
#5124=CARTESIAN_POINT('Ctrl Pts',(15.9961358159771,-14.6981996760027,16.3307638378197));
#5125=CARTESIAN_POINT('Ctrl Pts',(21.538694568994,-2.82783451142024,16.5745065816677));
#5126=CARTESIAN_POINT('Ctrl Pts',(19.2480954351337,10.0709066444825,16.8182493255158));
#5127=CARTESIAN_POINT('Ctrl Pts',(9.9573444910713,19.3070910358816,17.0619920693638));
#5128=CARTESIAN_POINT('Ctrl Pts',(-2.95468521755088,21.5216655207886,17.3057348132118));
#5129=CARTESIAN_POINT('Ctrl Pts',(-14.7921542334668,15.9092593478992,17.5494775570599));
#5130=CARTESIAN_POINT('Ctrl Pts',(-21.2500276675577,4.51097093715808,17.7932203009079));
#5131=CARTESIAN_POINT('Ctrl Pts',(-19.9796795698302,-8.52785281052995,18.036963044756));
#5132=CARTESIAN_POINT('Ctrl Pts',(-11.4431698010685,-18.4652923420668,18.280705788604));
#5133=CARTESIAN_POINT('Ctrl Pts',(1.25506499308936,-21.6872413300177,18.524448532452));
#5134=CARTESIAN_POINT('Ctrl Pts',(13.496708663211,-17.0220603625144,18.7681912763001));
#5135=CARTESIAN_POINT('Ctrl Pts',(20.8301623439053,-6.16615561445461,19.0119340201481));
#5136=CARTESIAN_POINT('Ctrl Pts',(20.5875587143035,6.93197042242217,19.2556767639961));
#5137=CARTESIAN_POINT('Ctrl Pts',(12.8587411586028,17.509625105492,19.4994195078442));
#5138=CARTESIAN_POINT('Ctrl Pts',(0.451422612269312,21.7183392179143,19.7431622516922));
#5139=CARTESIAN_POINT('Ctrl Pts',(-12.1161401697545,18.0305560137667,19.9869049955403));
#5140=CARTESIAN_POINT('Ctrl Pts',(-20.2849697923289,7.78147394773272,20.2306477393883));
#5141=CARTESIAN_POINT('Ctrl Pts',(-20.9746139256018,-3.8369788845784,20.4473079561421));
#5142=CARTESIAN_POINT('Ctrl Pts',(-16.6381635429849,-12.7708836680218,20.6368856458017));
#5143=CARTESIAN_POINT('Ctrl Pts',(-10.2039303918354,-18.331577460898,20.7993808083671));
#5144=CARTESIAN_POINT('Ctrl Pts',(-2.08258194580641,-20.8744304444781,20.9618759709324));
#5145=CARTESIAN_POINT('Ctrl Pts',(6.37947063112534,-19.9858214050948,21.1243711334978));
#5146=CARTESIAN_POINT('Ctrl Pts',(13.7879509856473,-15.8079076658413,21.2868662960631));
#5147=CARTESIAN_POINT('Ctrl Pts',(19.513307756552,-8.28007274984032,21.4674164766913));
#5148=CARTESIAN_POINT('Ctrl Pts',(21.0022308889036,0.233905311777395,21.6299116392566));
#5149=CARTESIAN_POINT('Ctrl Pts',(19.2403394624501,7.50143310141478,21.7743517837592));
#5150=CARTESIAN_POINT('Ctrl Pts',(15.6182544377644,14.0392999694144,21.9187919282617));
#5151=CARTESIAN_POINT('Ctrl Pts',(7.99818492288472,19.8922491547326,22.09934210889));
#5152=CARTESIAN_POINT('Ctrl Pts',(-3.46249034470815,21.1570096440989,22.3160023256437));
#5153=CARTESIAN_POINT('Ctrl Pts',(-13.9232642864424,16.3036854734336,22.5326625423976));
#5154=CARTESIAN_POINT('Ctrl Pts',(-19.8145471197108,7.53076459705089,22.7312677410885));
#5155=CARTESIAN_POINT('Ctrl Pts',(-20.8927747938311,-1.86341888650713,22.9118179217167));
#5156=CARTESIAN_POINT('Ctrl Pts',(-18.4391692520878,-10.0071552547477,23.0743130842821));
#5157=CARTESIAN_POINT('Ctrl Pts',(-12.9461137751552,-16.5071908705447,23.2368082468474));
#5158=CARTESIAN_POINT('Ctrl Pts',(-5.32703904104285,-20.2909032049473,23.3993034094128));
#5159=CARTESIAN_POINT('Ctrl Pts',(3.16996042159975,-20.7378326625826,23.5617985719782));
#5160=CARTESIAN_POINT('Ctrl Pts',(11.1446762931877,-17.7732883339637,23.7242937345435));
#5161=CARTESIAN_POINT('Ctrl Pts',(17.2867572597446,-11.8859014075209,23.8867888971089));
#5162=CARTESIAN_POINT('Ctrl Pts',(20.5852695069522,-4.04270054603367,24.0492840596742));
#5163=CARTESIAN_POINT('Ctrl Pts',(20.4978896504619,4.46398191821824,24.2117792222396));
#5164=CARTESIAN_POINT('Ctrl Pts',(17.0392947652514,12.2394258735701,24.3742743848049));
#5165=CARTESIAN_POINT('Ctrl Pts',(10.7777181524523,17.9955531816059,24.5367695473703));
#5166=CARTESIAN_POINT('Ctrl Pts',(1.85050736074428,21.1157636474528,24.7173197279985));
#5167=CARTESIAN_POINT('Ctrl Pts',(-8.6100633016877,19.6354388147233,24.9159249266894));
#5168=CARTESIAN_POINT('Ctrl Pts',(-17.5386295974544,12.3312636753014,25.1325851434433));
#5169=CARTESIAN_POINT('Ctrl Pts',(-21.0633533855594,2.37123276722891,25.3311903421343));
#5170=CARTESIAN_POINT('Ctrl Pts',(-19.7749323988771,-6.99716348368777,25.5117405227624));
#5171=CARTESIAN_POINT('Ctrl Pts',(-15.373573994227,-14.2752797417498,25.6742356853278));
#5172=CARTESIAN_POINT('Ctrl Pts',(-8.43831607618718,-19.2065051921522,25.8367308478931));
#5173=CARTESIAN_POINT('Ctrl Pts',(-1.04164986923477,-20.7814683356683,25.9811709923957));
#5174=CARTESIAN_POINT('Ctrl Pts',(5.44253631729208,-19.9228300323316,26.1075561188354));
#5175=CARTESIAN_POINT('Ctrl Pts',(12.3243309315016,-17.0040389083948,26.251996263338));
#5176=CARTESIAN_POINT('Ctrl Pts',(18.9455751541121,-10.0403359787497,26.4325464439661));
#5177=CARTESIAN_POINT('Ctrl Pts',(21.19452044818,0.287339577020055,26.6311516426572));
#5178=CARTESIAN_POINT('Ctrl Pts',(18.7432641886449,9.41690210339484,26.8117018232853));
#5179=CARTESIAN_POINT('Ctrl Pts',(13.4646160372237,16.0909722777724,26.9741969858507));
#5180=CARTESIAN_POINT('Ctrl Pts',(5.96720635677205,20.1072623549534,27.136692148416));
#5181=CARTESIAN_POINT('Ctrl Pts',(-3.92607542938346,20.9580398462957,27.3262698380756));
#5182=CARTESIAN_POINT('Ctrl Pts',(-14.5281414294019,16.1548830046369,27.5429300548294));
#5183=CARTESIAN_POINT('Ctrl Pts',(-21.1729730550243,4.85734143423437,27.7866727986775));
#5184=CARTESIAN_POINT('Ctrl Pts',(-20.1173842366448,-8.19564004693821,28.0304155425255));
#5185=CARTESIAN_POINT('Ctrl Pts',(-11.7452044920941,-18.2774797831017,28.2741582863735));
#5186=CARTESIAN_POINT('Ctrl Pts',(-1.20968863421624,-21.1291090187128,28.4772772395802));
#5187=CARTESIAN_POINT('Ctrl Pts',(7.05775005918169,-19.4771688691079,28.6397724021456));
#5188=CARTESIAN_POINT('Ctrl Pts',(14.4645702052727,-15.4495464559688,28.8022675647109));
#5189=CARTESIAN_POINT('Ctrl Pts',(20.7270321944493,-6.51017656495581,29.0053865179177));
#5190=CARTESIAN_POINT('Ctrl Pts',(20.698444675344,6.59342115636441,29.2491292617657));
#5191=CARTESIAN_POINT('Ctrl Pts',(13.1449542823054,17.2948893339001,29.4928720056137));
#5192=CARTESIAN_POINT('Ctrl Pts',(0.809528444670113,21.7087139517613,29.7366147494618));
#5193=CARTESIAN_POINT('Ctrl Pts',(-11.8195890028039,18.226438926807,29.9803574933098));
#5194=CARTESIAN_POINT('Ctrl Pts',(-20.1505347463633,8.11607660498673,30.2241002371578));
#5195=CARTESIAN_POINT('Ctrl Pts',(-21.1529519133455,-4.94606679842895,30.4678429810059));
#5196=CARTESIAN_POINT('Ctrl Pts',(-14.4625651500037,-16.2096066611332,30.7115857248539));
#5197=CARTESIAN_POINT('Ctrl Pts',(-2.51240180552419,-21.5774742354591,30.955328468702));
#5198=CARTESIAN_POINT('Ctrl Pts',(10.3514740646229,-19.0992643324186,31.19907121255));
#5199=CARTESIAN_POINT('Ctrl Pts',(19.4506851321326,-9.67265640347735,31.442813956398));
#5200=CARTESIAN_POINT('Ctrl Pts',(21.4761871856657,3.26707103612327,31.6865567002461));
#5201=CARTESIAN_POINT('Ctrl Pts',(15.6910021174715,15.0276785307839,31.9302994440941));
#5202=CARTESIAN_POINT('Ctrl Pts',(5.47673165325936,20.6069372806517,32.1469596608479));
#5203=CARTESIAN_POINT('Ctrl Pts',(-4.45318612634626,20.4967501504064,32.3365373505075));
#5204=CARTESIAN_POINT('Ctrl Pts',(-12.227373074849,17.0489891192628,32.4990325130728));
#5205=CARTESIAN_POINT('Ctrl Pts',(-17.9916542713513,10.7877418459611,32.6615276756383));
#5206=CARTESIAN_POINT('Ctrl Pts',(-20.7973595940737,2.75588182327074,32.8240228382035));
#5207=CARTESIAN_POINT('Ctrl Pts',(-20.1795009743467,-5.72809650328968,32.986518000769));
#5208=CARTESIAN_POINT('Ctrl Pts',(-15.8120035787524,-14.1153466424083,33.1670681813971));
#5209=CARTESIAN_POINT('Ctrl Pts',(-7.17789137475347,-20.2035019753021,33.3656733800881));
#5210=CARTESIAN_POINT('Ctrl Pts',(4.33080234461386,-20.9976092519733,33.5823335968419));
#5211=CARTESIAN_POINT('Ctrl Pts',(13.7213367030288,-16.1565653771904,33.7809387955329));
#5212=CARTESIAN_POINT('Ctrl Pts',(19.1998348214749,-8.44822721285366,33.9614889761611));
#5213=CARTESIAN_POINT('Ctrl Pts',(20.9792246211952,-0.131280822194577,34.1239841387264));
#5214=CARTESIAN_POINT('Ctrl Pts',(19.3039799181047,8.21262491311889,34.2864793012918));
#5215=CARTESIAN_POINT('Ctrl Pts',(14.4558528714703,15.2028108032472,34.4489744638572));
#5216=CARTESIAN_POINT('Ctrl Pts',(7.22908174516865,19.6937538407735,34.6114696264225));
#5217=CARTESIAN_POINT('Ctrl Pts',(-1.18675100405975,20.9450956776819,34.7739647889879));
#5218=CARTESIAN_POINT('Ctrl Pts',(-9.40641080376846,18.7508947901562,34.9364599515532));
#5219=CARTESIAN_POINT('Ctrl Pts',(-16.3594606104141,13.2541772254864,35.1057257458922));
#5220=CARTESIAN_POINT('Ctrl Pts',(-20.539356082466,4.98263395180478,35.2817621720046));
#5221=CARTESIAN_POINT('Ctrl Pts',(-20.618064113916,-4.64277654277823,35.4645692298906));
#5222=CARTESIAN_POINT('Ctrl Pts',(-16.4215659323314,-13.3041295637451,35.6473762877767));
#5223=CARTESIAN_POINT('Ctrl Pts',(-8.8186845677284,-19.2067613556904,35.8301833456627));
#5224=CARTESIAN_POINT('Ctrl Pts',(0.612940603061154,-21.1255778124947,36.0129904035487));
#5225=CARTESIAN_POINT('Ctrl Pts',(9.91757847603271,-18.6630640342476,36.1957974614348));
#5226=CARTESIAN_POINT('Ctrl Pts',(17.1652215090202,-12.3297176658957,36.3786045193207));
#5227=CARTESIAN_POINT('Ctrl Pts',(20.8528026631705,-3.43920590513117,36.5614115772068));
#5228=CARTESIAN_POINT('Ctrl Pts',(20.2154555545316,6.16462438174546,36.7442186350928));
#5229=CARTESIAN_POINT('Ctrl Pts',(15.3853956119372,14.4898895091013,36.9270256929789));
#5230=CARTESIAN_POINT('Ctrl Pts',(7.36437145685937,19.8099305548941,37.1098327508649));
#5231=CARTESIAN_POINT('Ctrl Pts',(-2.18403426459431,21.0213528679796,37.292639808751));
#5232=CARTESIAN_POINT('Ctrl Pts',(-11.2794685953256,17.8729095507465,37.4754468666369));
#5233=CARTESIAN_POINT('Ctrl Pts',(-18.0355198078485,11.0175913200003,37.658253924523));
#5234=CARTESIAN_POINT('Ctrl Pts',(-21.0509715093912,1.87720481576138,37.841060982409));
#5235=CARTESIAN_POINT('Ctrl Pts',(-19.700413014825,-7.65251752343168,38.0238680402951));
#5236=CARTESIAN_POINT('Ctrl Pts',(-14.2639528026343,-15.5950937690851,38.206675098181));
#5237=CARTESIAN_POINT('Ctrl Pts',(-5.86912273273997,-20.3032187418168,38.3894821560672));
#5238=CARTESIAN_POINT('Ctrl Pts',(3.74297436725874,-20.8004195389501,38.5722892139531));
#5239=CARTESIAN_POINT('Ctrl Pts',(12.5787712555435,-16.983574057,38.7550962718392));
#5240=CARTESIAN_POINT('Ctrl Pts',(18.8057088798005,-9.64430649331884,38.9379033297252));
#5241=CARTESIAN_POINT('Ctrl Pts',(21.1323062113614,-0.304787646703434,39.1207103876112));
#5242=CARTESIAN_POINT('Ctrl Pts',(19.076028075841,9.0979360663174,39.3035174454972));
#5243=CARTESIAN_POINT('Ctrl Pts',(13.0633398807635,16.6137479770174,39.4863245033833));
#5244=CARTESIAN_POINT('Ctrl Pts',(4.34130445976626,20.6838054908548,39.6691315612693));
#5245=CARTESIAN_POINT('Ctrl Pts',(-5.28115147148488,20.4640672453309,39.8519386191553));
#5246=CARTESIAN_POINT('Ctrl Pts',(-13.8082363888477,15.9999208530054,40.0347456770414));
#5247=CARTESIAN_POINT('Ctrl Pts',(-19.4715659341175,8.21760076626623,40.2175527349274));
#5248=CARTESIAN_POINT('Ctrl Pts',(-21.0962662468355,-1.26953015209769,40.4003597928134));
#5249=CARTESIAN_POINT('Ctrl Pts',(-18.345934569703,-10.4924461408124,40.5831668506994));
#5250=CARTESIAN_POINT('Ctrl Pts',(-11.7898821125212,-17.5410636557004,40.7659739085855));
#5251=CARTESIAN_POINT('Ctrl Pts',(-5.79009392129396,-19.8118227259114,40.8878452805095));
#5252=CARTESIAN_POINT('Ctrl Pts',(-2.69279357309956,-20.2242188987055,40.9487809664715));
#5253=CARTESIAN_POINT('Ctrl Pts',(-11.6120511004564,16.1052162399171,-0.316260551995641));
#5254=CARTESIAN_POINT('Ctrl Pts',(-14.0785340874316,14.3268528759019,-0.255324866033631));
#5255=CARTESIAN_POINT('Ctrl Pts',(-18.1793149164612,9.61970660322077,-0.133453494109612));
#5256=CARTESIAN_POINT('Ctrl Pts',(-20.5594086868395,0.559301098216847,0.049353563776415));
#5257=CARTESIAN_POINT('Ctrl Pts',(-18.6756613745824,-8.61517391647072,0.232160621662444));
#5258=CARTESIAN_POINT('Ctrl Pts',(-12.9184474096876,-16.0037994749733,0.414967679548471));
#5259=CARTESIAN_POINT('Ctrl Pts',(-4.48197423735617,-20.0727208462997,0.5977747374345));
#5260=CARTESIAN_POINT('Ctrl Pts',(4.88409445883789,-19.9787734245441,0.780581795320528));
#5261=CARTESIAN_POINT('Ctrl Pts',(13.2371797164713,-15.7410629756633,0.963388853206558));
#5262=CARTESIAN_POINT('Ctrl Pts',(18.8448565016822,-8.23869355928259,1.14619591109258));
#5263=CARTESIAN_POINT('Ctrl Pts',(20.5440720060173,0.972430144625755,1.32900296897861));
#5264=CARTESIAN_POINT('Ctrl Pts',(17.9824111590207,9.98185246523774,1.51181002686464));
#5265=CARTESIAN_POINT('Ctrl Pts',(11.6911643691087,16.9210293687291,1.69461708475067));
#5266=CARTESIAN_POINT('Ctrl Pts',(2.97514914736157,20.3507490968148,1.8774241426367));
#5267=CARTESIAN_POINT('Ctrl Pts',(-6.35791768868032,19.5596886425478,2.06023120052273));
#5268=CARTESIAN_POINT('Ctrl Pts',(-14.3723406542339,14.7119115908381,2.24303825840876));
#5269=CARTESIAN_POINT('Ctrl Pts',(-19.4059138470567,6.81285797751178,2.42584531629478));
#5270=CARTESIAN_POINT('Ctrl Pts',(-20.4146650471993,-2.49919560211044,2.60865237418081));
#5271=CARTESIAN_POINT('Ctrl Pts',(-17.1893771102781,-11.2929104611389,2.79145943206684));
#5272=CARTESIAN_POINT('Ctrl Pts',(-10.3989813135633,-17.7444566582806,2.97426648995287));
#5273=CARTESIAN_POINT('Ctrl Pts',(-1.45181688032659,-20.5157669559473,3.1570735478389));
#5274=CARTESIAN_POINT('Ctrl Pts',(7.79645534775441,-19.0320755387072,3.33988060572493));
#5275=CARTESIAN_POINT('Ctrl Pts',(15.4277317328368,-13.6010853089915,3.52268766361095));
#5276=CARTESIAN_POINT('Ctrl Pts',(19.859261931755,-5.34922736234389,3.70549472149698));
#5277=CARTESIAN_POINT('Ctrl Pts',(20.1719571949474,4.01211341864649,3.88830177938301));
#5278=CARTESIAN_POINT('Ctrl Pts',(16.300927571531,12.5412504711157,4.07110883726904));
#5279=CARTESIAN_POINT('Ctrl Pts',(9.04910235500403,18.469472456811,4.25391589515507));
#5280=CARTESIAN_POINT('Ctrl Pts',(-0.0796138560592093,20.566774956141,4.4367229530411));
#5281=CARTESIAN_POINT('Ctrl Pts',(-9.19164206367678,18.3991064677195,4.61953001092712));
#5282=CARTESIAN_POINT('Ctrl Pts',(-16.3976485668281,12.4142335766536,4.80233706881316));
#5283=CARTESIAN_POINT('Ctrl Pts',(-20.2020893119806,3.85694873212654,4.98514412669917));
#5284=CARTESIAN_POINT('Ctrl Pts',(-19.8178658547957,-5.50478490024835,5.16795118458521));
#5285=CARTESIAN_POINT('Ctrl Pts',(-15.3209065585169,-13.7160642380181,5.35075824247123));
#5286=CARTESIAN_POINT('Ctrl Pts',(-6.79870942049028,-19.6976811146679,5.55387719567794));
#5287=CARTESIAN_POINT('Ctrl Pts',(4.84900593348266,-20.5791939667284,5.77730804420531));
#5288=CARTESIAN_POINT('Ctrl Pts',(15.801119203194,-14.0437502771367,6.02105078805334));
#5289=CARTESIAN_POINT('Ctrl Pts',(21.0023468801084,-2.40720076079078,6.26479353190139));
#5290=CARTESIAN_POINT('Ctrl Pts',(18.5676713917914,10.1080444027618,6.50853627574941));
#5291=CARTESIAN_POINT('Ctrl Pts',(9.37916210589492,18.9455213140126,6.75227901959746));
#5292=CARTESIAN_POINT('Ctrl Pts',(-3.21976251542102,20.8937593226239,6.99602176344549));
#5293=CARTESIAN_POINT('Ctrl Pts',(-14.6480267867936,15.2429404292094,7.23976450729353));
#5294=CARTESIAN_POINT('Ctrl Pts',(-20.7489608478117,4.04874737984426,7.48350725114156));
#5295=CARTESIAN_POINT('Ctrl Pts',(-19.3039658951154,-8.61788988496948,7.72724999498962));
#5296=CARTESIAN_POINT('Ctrl Pts',(-10.8385450074862,-18.1505550587785,7.97099273883764));
#5297=CARTESIAN_POINT('Ctrl Pts',(1.56875454346057,-21.0817996713469,8.21473548268568));
#5298=CARTESIAN_POINT('Ctrl Pts',(13.4052947951208,-16.3469111854041,8.45847822653372));
#5299=CARTESIAN_POINT('Ctrl Pts',(20.3668092035766,-5.66520633623908,8.70222097038176));
#5300=CARTESIAN_POINT('Ctrl Pts',(19.9217806872817,7.07484202720285,8.94596371422979));
#5301=CARTESIAN_POINT('Ctrl Pts',(12.2305003736079,17.243043103691,9.18970645807783));
#5302=CARTESIAN_POINT('Ctrl Pts',(0.092148124777297,21.1400695018556,9.43344920192588));
#5303=CARTESIAN_POINT('Ctrl Pts',(-12.0797163533946,17.3490095639632,9.6771919457739));
#5304=CARTESIAN_POINT('Ctrl Pts',(-19.8593470275599,7.24824510717922,9.92093468962195));
#5305=CARTESIAN_POINT('Ctrl Pts',(-20.4154233372256,-5.48743958969495,10.16467743347));
#5306=CARTESIAN_POINT('Ctrl Pts',(-13.5472914599688,-16.2294267050296,10.408420177318));
#5307=CARTESIAN_POINT('Ctrl Pts',(-1.75248195457829,-21.0673228643036,10.6521629211661));
#5308=CARTESIAN_POINT('Ctrl Pts',(10.6799069763855,-18.2443519997509,10.8959056650141));
#5309=CARTESIAN_POINT('Ctrl Pts',(19.2280951526897,-8.78584917603032,11.1396484088621));
#5310=CARTESIAN_POINT('Ctrl Pts',(20.7834856165152,3.8677120524667,11.3833911527102));
#5311=CARTESIAN_POINT('Ctrl Pts',(14.7803197947918,15.1146613398474,11.6271338965582));
#5312=CARTESIAN_POINT('Ctrl Pts',(3.40184969305506,20.8649020238701,11.8708766404063));
#5313=CARTESIAN_POINT('Ctrl Pts',(-9.21376518814292,19.0265557921782,12.1146193842543));
#5314=CARTESIAN_POINT('Ctrl Pts',(-18.4786400962098,10.2695430304897,12.3583621281023));
#5315=CARTESIAN_POINT('Ctrl Pts',(-21.0227136315105,-2.22400338859202,12.6021048719503));
#5316=CARTESIAN_POINT('Ctrl Pts',(-15.9224739524172,-13.9070912133996,12.8458476157984));
#5317=CARTESIAN_POINT('Ctrl Pts',(-5.02996681983063,-20.5330210541654,13.0895903596464));
#5318=CARTESIAN_POINT('Ctrl Pts',(7.69062426078025,-19.6917755533216,13.3333331034945));
#5319=CARTESIAN_POINT('Ctrl Pts',(17.614865110007,-11.6888648268882,13.5770758473425));
#5320=CARTESIAN_POINT('Ctrl Pts',(21.132813580147,0.565006138239288,13.8208185911905));
#5321=CARTESIAN_POINT('Ctrl Pts',(16.9649168569763,12.6133144866133,14.0645613350386));
#5322=CARTESIAN_POINT('Ctrl Pts',(6.62800695461219,20.0746856712407,14.3083040788866));
#5323=CARTESIAN_POINT('Ctrl Pts',(-6.12091530656626,20.2344973333585,14.5520468227347));
#5324=CARTESIAN_POINT('Ctrl Pts',(-16.6424373704827,13.0369491795758,14.7957895665827));
#5325=CARTESIAN_POINT('Ctrl Pts',(-21.111677730429,1.09643342143119,15.0395323104307));
#5326=CARTESIAN_POINT('Ctrl Pts',(-17.9035565626358,-11.2416326296183,15.2832750542788));
#5327=CARTESIAN_POINT('Ctrl Pts',(-8.18394141858399,-19.491993438443,15.5270177981268));
#5328=CARTESIAN_POINT('Ctrl Pts',(4.51182469948473,-20.6531746760287,15.7707605419748));
#5329=CARTESIAN_POINT('Ctrl Pts',(15.566827328606,-14.3033947638764,16.0145032858229));
#5330=CARTESIAN_POINT('Ctrl Pts',(20.9604432439977,-2.75166972079554,16.2582460296709));
#5331=CARTESIAN_POINT('Ctrl Pts',(18.7311987872223,9.8007330685779,16.5019887735189));
#5332=CARTESIAN_POINT('Ctrl Pts',(9.68978761262765,18.788834998874,16.745731517367));
#5333=CARTESIAN_POINT('Ctrl Pts',(-2.87559746320306,20.9438065672904,16.989474261215));
#5334=CARTESIAN_POINT('Ctrl Pts',(-14.3951845017849,15.4819527211623,17.2332170050631));
#5335=CARTESIAN_POINT('Ctrl Pts',(-20.6795455059263,4.38961958615474,17.4769597489111));
#5336=CARTESIAN_POINT('Ctrl Pts',(-19.4431582388994,-8.29911621761643,17.7207024927592));
#5337=CARTESIAN_POINT('Ctrl Pts',(-11.1357300842224,-17.9696540507792,17.9644452366072));
#5338=CARTESIAN_POINT('Ctrl Pts',(1.2216114584479,-21.1049559599782,18.2081879804553));
#5339=CARTESIAN_POINT('Ctrl Pts',(13.1345322623092,-16.5648911505575,18.4519307243032));
#5340=CARTESIAN_POINT('Ctrl Pts',(20.2709715215453,-6.00036963840656,18.6956734681513));
#5341=CARTESIAN_POINT('Ctrl Pts',(20.034734594087,6.74608779636295,18.9394162119993));
#5342=CARTESIAN_POINT('Ctrl Pts',(12.5133060978211,17.0396609791396,19.1831589558474));
#5343=CARTESIAN_POINT('Ctrl Pts',(0.439059055682013,21.1352380474969,19.4269016996954));
#5344=CARTESIAN_POINT('Ctrl Pts',(-11.7910413584917,17.5463256202377,19.6706444435435));
#5345=CARTESIAN_POINT('Ctrl Pts',(-19.7404347183375,7.57232510599515,19.9143871873915));
#5346=CARTESIAN_POINT('Ctrl Pts',(-20.411432629992,-3.73419667834341,20.1310474041453));
#5347=CARTESIAN_POINT('Ctrl Pts',(-16.1913095474814,-12.4281903218874,20.3206250938049));
#5348=CARTESIAN_POINT('Ctrl Pts',(-9.92976397352358,-17.8395153281029,20.4831202563702));
#5349=CARTESIAN_POINT('Ctrl Pts',(-2.02643356454086,-20.3140053016439,20.6456154189356));
#5350=CARTESIAN_POINT('Ctrl Pts',(6.20841508463993,-19.4491592625283,20.808110581501));
#5351=CARTESIAN_POINT('Ctrl Pts',(13.4179415333939,-15.3833334456065,20.9706057440663));
#5352=CARTESIAN_POINT('Ctrl Pts',(18.9894962908002,-8.05754589770079,21.1511559246945));
#5353=CARTESIAN_POINT('Ctrl Pts',(20.4383485151651,0.22786076822908,21.3136510872598));
#5354=CARTESIAN_POINT('Ctrl Pts',(18.7236798606988,7.30024611493565,21.4580912317624));
#5355=CARTESIAN_POINT('Ctrl Pts',(15.1987693156662,13.6625400308971,21.6025313762649));
#5356=CARTESIAN_POINT('Ctrl Pts',(7.78322210600214,19.3582604960808,21.7830815568932));
#5357=CARTESIAN_POINT('Ctrl Pts',(-3.36976466333597,20.588935483957,21.9997417736469));
#5358=CARTESIAN_POINT('Ctrl Pts',(-13.5496274247854,15.8657988135354,22.2164019904007));
#5359=CARTESIAN_POINT('Ctrl Pts',(-19.2826394082929,7.32835221568803,22.4150071890917));
#5360=CARTESIAN_POINT('Ctrl Pts',(-20.3318128889825,-1.81362301541158,22.5955573697199));
#5361=CARTESIAN_POINT('Ctrl Pts',(-17.9439918257602,-9.73868424245083,22.7580525322852));
#5362=CARTESIAN_POINT('Ctrl Pts',(-12.5983441244232,-16.0641416440441,22.9205476948506));
#5363=CARTESIAN_POINT('Ctrl Pts',(-5.18378818666135,-19.7461813081564,23.0830428574159));
#5364=CARTESIAN_POINT('Ctrl Pts',(3.08508404866039,-20.1810160824688,23.2455380199814));
#5365=CARTESIAN_POINT('Ctrl Pts',(10.8456570079412,-17.2959761004884,23.4080331825467));
#5366=CARTESIAN_POINT('Ctrl Pts',(16.8227659076118,-11.5665881963957,23.5705283451121));
#5367=CARTESIAN_POINT('Ctrl Pts',(20.0326298973609,-3.93392903613925,23.7330235076774));
#5368=CARTESIAN_POINT('Ctrl Pts',(19.9475006873598,4.34436023538861,23.8955186702428));
#5369=CARTESIAN_POINT('Ctrl Pts',(16.5816769307695,11.9110059039272,24.0580138328081));
#5370=CARTESIAN_POINT('Ctrl Pts',(10.4881501240156,17.5125192513876,24.2205089953735));
#5371=CARTESIAN_POINT('Ctrl Pts',(1.80058714304886,20.5488564527649,24.4010591760017));
#5372=CARTESIAN_POINT('Ctrl Pts',(-8.37911561547617,19.1081589321909,24.5996643746927));
#5373=CARTESIAN_POINT('Ctrl Pts',(-17.0678808278978,11.9999903025366,24.8163245914465));
#5374=CARTESIAN_POINT('Ctrl Pts',(-20.4978591696524,2.30733240752405,25.0149297901374));
#5375=CARTESIAN_POINT('Ctrl Pts',(-19.2439253977418,-6.80952140625603,25.1954799707657));
#5376=CARTESIAN_POINT('Ctrl Pts',(-14.9606555455065,-13.8921813421266,25.357975133331));
#5377=CARTESIAN_POINT('Ctrl Pts',(-8.21154405794458,-18.6909327091015,25.5204702958964));
#5378=CARTESIAN_POINT('Ctrl Pts',(-1.01345006224487,-20.2235274214558,25.6649104403989));
#5379=CARTESIAN_POINT('Ctrl Pts',(5.29663540584626,-19.3878696225879,25.7912955668386));
#5380=CARTESIAN_POINT('Ctrl Pts',(11.9936309877798,-16.547366691303,25.9357357113412));
#5381=CARTESIAN_POINT('Ctrl Pts',(18.4370262301004,-9.77055495146288,26.1162858919693));
#5382=CARTESIAN_POINT('Ctrl Pts',(20.6254747765646,0.279862556346483,26.3148910906603));
#5383=CARTESIAN_POINT('Ctrl Pts',(18.2399288680422,9.16428195044022,26.4954412712885));
#5384=CARTESIAN_POINT('Ctrl Pts',(13.1029300114127,15.6591037363618,26.6579364338539));
#5385=CARTESIAN_POINT('Ctrl Pts',(5.8067699880531,19.567478129077,26.8204315964192));
#5386=CARTESIAN_POINT('Ctrl Pts',(-3.82090092291922,20.3953025415975,27.0100092860788));
#5387=CARTESIAN_POINT('Ctrl Pts',(-14.1382628164351,15.7209846955188,27.2266695028326));
#5388=CARTESIAN_POINT('Ctrl Pts',(-20.6045635826783,4.72669139651818,27.4704122466807));
#5389=CARTESIAN_POINT('Ctrl Pts',(-19.5771694578628,-7.97582443384317,27.7141549905287));
#5390=CARTESIAN_POINT('Ctrl Pts',(-11.4296576831328,-17.7868873757212,27.9578977343767));
#5391=CARTESIAN_POINT('Ctrl Pts',(-1.1769733298692,-20.5618363352907,28.1610166875834));
#5392=CARTESIAN_POINT('Ctrl Pts',(6.86847798067707,-18.9541557120345,28.3235118501488));
#5393=CARTESIAN_POINT('Ctrl Pts',(14.0763904800007,-15.0345861331614,28.4860070127142));
#5394=CARTESIAN_POINT('Ctrl Pts',(20.1706141258503,-6.33515527663381,28.6891259659208));
#5395=CARTESIAN_POINT('Ctrl Pts',(20.142647222029,6.41662933543057,28.9328687097689));
#5396=CARTESIAN_POINT('Ctrl Pts',(12.7918372176743,16.8306937637883,29.1766114536169));
#5397=CARTESIAN_POINT('Ctrl Pts',(0.787550368418125,21.1258752210261,29.420354197465));
#5398=CARTESIAN_POINT('Ctrl Pts',(-11.5024543608814,17.7369526832285,29.664096941313));
#5399=CARTESIAN_POINT('Ctrl Pts',(-19.6096128120596,7.89794566944273,29.907839685161));
#5400=CARTESIAN_POINT('Ctrl Pts',(-20.5849700634199,-4.81350917317928,30.1515824290091));
#5401=CARTESIAN_POINT('Ctrl Pts',(-14.0740842932142,-15.7745641460529,30.3953251728571));
#5402=CARTESIAN_POINT('Ctrl Pts',(-2.44470549544857,-20.9981781954366,30.6390679167052));
#5403=CARTESIAN_POINT('Ctrl Pts',(10.0737659875244,-18.5863604402209,30.8828106605531));
#5404=CARTESIAN_POINT('Ctrl Pts',(18.9285706078344,-9.41274138155593,31.1265534044012));
#5405=CARTESIAN_POINT('Ctrl Pts',(20.8995457576752,3.17959566110337,31.3702961482493));
#5406=CARTESIAN_POINT('Ctrl Pts',(15.2695527433852,14.6243828626145,31.6140388920973));
#5407=CARTESIAN_POINT('Ctrl Pts',(5.32945822367519,20.0537320010857,31.8306991088511));
#5408=CARTESIAN_POINT('Ctrl Pts',(-4.3338542821522,19.9463919021438,32.0202767985107));
#5409=CARTESIAN_POINT('Ctrl Pts',(-11.8992768144576,16.5911111406393,32.182771961076));
#5410=CARTESIAN_POINT('Ctrl Pts',(-17.5087251335236,10.4979047393585,32.3452671236415));
#5411=CARTESIAN_POINT('Ctrl Pts',(-20.2390112422484,2.68165717089925,32.5077622862067));
#5412=CARTESIAN_POINT('Ctrl Pts',(-19.6376461166207,-5.57453158869293,32.6702574487722));
#5413=CARTESIAN_POINT('Ctrl Pts',(-15.3873157181464,-13.736547132397,32.8508076294003));
#5414=CARTESIAN_POINT('Ctrl Pts',(-6.9849487720301,-19.6611474281661,33.0494128280913));
#5415=CARTESIAN_POINT('Ctrl Pts',(4.21476194501029,-20.4338050278916,33.2660730448451));
#5416=CARTESIAN_POINT('Ctrl Pts',(13.3531196576635,-15.7226309444985,33.4646782435361));
#5417=CARTESIAN_POINT('Ctrl Pts',(18.6844415397488,-8.22118916976067,33.6452284241643));
#5418=CARTESIAN_POINT('Ctrl Pts',(20.4159640269307,-0.127520899959419,33.8077235867297));
#5419=CARTESIAN_POINT('Ctrl Pts',(18.7856036873994,7.99234416068807,33.970218749295));
#5420=CARTESIAN_POINT('Ctrl Pts',(14.0675635178972,14.7947992364988,34.1327139118603));
#5421=CARTESIAN_POINT('Ctrl Pts',(7.03477046984521,19.165085873021,34.2952090744257));
#5422=CARTESIAN_POINT('Ctrl Pts',(-1.15512328099049,20.3827366190176,34.4577042369911));
#5423=CARTESIAN_POINT('Ctrl Pts',(-9.15407241267235,18.247354716224,34.6201993995564));
#5424=CARTESIAN_POINT('Ctrl Pts',(-15.9203811833499,12.8981381696513,34.7894651938954));
#5425=CARTESIAN_POINT('Ctrl Pts',(-19.9879597210741,4.84862709402992,34.9655016200078));
#5426=CARTESIAN_POINT('Ctrl Pts',(-20.0644466340914,-4.51835582833123,35.1483086778938));
#5427=CARTESIAN_POINT('Ctrl Pts',(-15.9805212930437,-12.9471169024322,35.3311157357799));
#5428=CARTESIAN_POINT('Ctrl Pts',(-8.58170019860646,-18.6911862598464,35.5139227936659));
#5429=CARTESIAN_POINT('Ctrl Pts',(0.596720889127721,-20.5583795011857,35.6967298515519));
#5430=CARTESIAN_POINT('Ctrl Pts',(9.65151498193855,-18.1618763587782,35.879536909438));
#5431=CARTESIAN_POINT('Ctrl Pts',(16.7044981934121,-11.9984899879801,36.062343967324));
#5432=CARTESIAN_POINT('Ctrl Pts',(20.292973405998,-3.34663436045657,36.24515102521));
#5433=CARTESIAN_POINT('Ctrl Pts',(19.6726304735383,5.99933972331986,36.4279580830961));
#5434=CARTESIAN_POINT('Ctrl Pts',(14.9721573635292,14.1010292777791,36.6107651409821));
#5435=CARTESIAN_POINT('Ctrl Pts',(7.16642654435911,19.2781449260293,36.7935721988681));
#5436=CARTESIAN_POINT('Ctrl Pts',(-2.125631772542,20.4569352316113,36.9763792567541));
#5437=CARTESIAN_POINT('Ctrl Pts',(-10.9768314472252,17.3929211193063,37.1591863146402));
#5438=CARTESIAN_POINT('Ctrl Pts',(-17.5514155205618,10.7215825931016,37.3419933725262));
#5439=CARTESIAN_POINT('Ctrl Pts',(-20.4858041899033,1.82656853623667,37.5248004304122));
#5440=CARTESIAN_POINT('Ctrl Pts',(-19.1713994043331,-7.44727929529715,37.7076074882982));
#5441=CARTESIAN_POINT('Ctrl Pts',(-13.8808112922259,-15.1765478161859,37.8904145461843));
#5442=CARTESIAN_POINT('Ctrl Pts',(-5.71131757130639,-19.7581722684082,38.0732216040703));
#5443=CARTESIAN_POINT('Ctrl Pts',(3.64271409415384,-20.2419161663799,38.2560286619563));
#5444=CARTESIAN_POINT('Ctrl Pts',(12.2412397248463,-16.5274484390782,38.4388357198424));
#5445=CARTESIAN_POINT('Ctrl Pts',(18.3009107241595,-9.38515985728384,38.6216427777284));
#5446=CARTESIAN_POINT('Ctrl Pts',(20.5649375418324,-0.296367599072021,38.8044498356144));
#5447=CARTESIAN_POINT('Ctrl Pts',(18.5637620985416,8.85388342453281,38.9872568935004));
#5448=CARTESIAN_POINT('Ctrl Pts',(12.7124216826333,16.1678391595244,39.1700639513865));
#5449=CARTESIAN_POINT('Ctrl Pts',(4.22451475865308,20.1285236795825,39.3528710092725));
#5450=CARTESIAN_POINT('Ctrl Pts',(-5.13958957995273,19.914577202824,39.5356780671585));
#5451=CARTESIAN_POINT('Ctrl Pts',(-13.4376844553907,15.5701911268489,39.7184851250445));
#5452=CARTESIAN_POINT('Ctrl Pts',(-18.948874476098,7.99675166517894,39.9012921829306));
#5453=CARTESIAN_POINT('Ctrl Pts',(-20.5298475472085,-1.23568162228404,40.0840992408166));
#5454=CARTESIAN_POINT('Ctrl Pts',(-17.8532549197769,-10.2109447201744,40.2669062987026));
#5455=CARTESIAN_POINT('Ctrl Pts',(-11.4731440300963,-17.0702434637592,40.4497133565887));
#5456=CARTESIAN_POINT('Ctrl Pts',(-5.63441607991704,-19.2799686464184,40.5715847285127));
#5457=CARTESIAN_POINT('Ctrl Pts',(-2.62026917589134,-19.6812578444563,40.6325204144747));
#5458=CARTESIAN_POINT('Ctrl Pts',(-11.291880854784,15.660741675249,-0.632520901583927));
#5459=CARTESIAN_POINT('Ctrl Pts',(-13.690293414277,13.9314117703612,-0.571585215621918));
#5460=CARTESIAN_POINT('Ctrl Pts',(-17.6778786427842,9.35408192914117,-0.449713843697898));
#5461=CARTESIAN_POINT('Ctrl Pts',(-19.9921958082544,0.543617414762609,-0.266906785811871));
#5462=CARTESIAN_POINT('Ctrl Pts',(-18.1603068922736,-8.37771704993936,-0.0840997279258413));
#5463=CARTESIAN_POINT('Ctrl Pts',(-12.5618395419604,-15.562424742919,0.098707329960184));
#5464=CARTESIAN_POINT('Ctrl Pts',(-4.35807272338878,-19.5189836093579,0.281514387846215));
#5465=CARTESIAN_POINT('Ctrl Pts',(4.74959150781525,-19.4275128946641,0.464321445732241));
#5466=CARTESIAN_POINT('Ctrl Pts',(12.8721688242537,-15.3066151507914,0.647128503618272));
#5467=CARTESIAN_POINT('Ctrl Pts',(18.325041407816,-8.01116188409578,0.829935561504296));
#5468=CARTESIAN_POINT('Ctrl Pts',(19.9772634099252,0.945854241640664,1.01274261939033));
#5469=CARTESIAN_POINT('Ctrl Pts',(17.4861661519462,9.70668136035769,1.19554967727636));
#5470=CARTESIAN_POINT('Ctrl Pts',(11.3684051000407,16.4543338029489,1.37835673516239));
#5471=CARTESIAN_POINT('Ctrl Pts',(2.89281646691079,19.7893227147249,1.56116379304841));
#5472=CARTESIAN_POINT('Ctrl Pts',(-6.18274782542176,19.0199722363746,1.74397085093444));
#5473=CARTESIAN_POINT('Ctrl Pts',(-13.975998800398,14.3058433689428,1.92677790882047));
#5474=CARTESIAN_POINT('Ctrl Pts',(-18.8706020289871,6.62465720945606,2.1095849667065));
#5475=CARTESIAN_POINT('Ctrl Pts',(-19.8514079141399,-2.4304957118164,2.29239202459252));
#5476=CARTESIAN_POINT('Ctrl Pts',(-16.7149952292245,-10.9815584224749,2.47519908247856));
#5477=CARTESIAN_POINT('Ctrl Pts',(-10.1118623434487,-17.2550274087701,2.65800614036458));
#5478=CARTESIAN_POINT('Ctrl Pts',(-1.41150984535128,-19.9497691035569,2.84081319825061));
#5479=CARTESIAN_POINT('Ctrl Pts',(7.58159074127889,-18.5068979111637,3.02362025613664));
#5480=CARTESIAN_POINT('Ctrl Pts',(15.0022587073126,-13.2256510250297,3.20642731402267));
#5481=CARTESIAN_POINT('Ctrl Pts',(19.3114245479167,-5.20140156527361,3.38923437190869));
#5482=CARTESIAN_POINT('Ctrl Pts',(19.6153775879992,3.90167019379401,3.57204142979473));
#5483=CARTESIAN_POINT('Ctrl Pts',(15.8510420350432,12.1954466702388,3.75484848768074));
#5484=CARTESIAN_POINT('Ctrl Pts',(8.79921668442545,17.9600239181645,3.93765554556679));
#5485=CARTESIAN_POINT('Ctrl Pts',(-0.0776704116948119,19.9993509863761,
4.1204626034528));
#5486=CARTESIAN_POINT('Ctrl Pts',(-8.93827744003611,17.8913748499027,4.30326966133884));
#5487=CARTESIAN_POINT('Ctrl Pts',(-15.9454016090753,12.0715317714761,4.48607671922486));
#5488=CARTESIAN_POINT('Ctrl Pts',(-19.6447751991251,3.75028964462263,4.66888377711089));
#5489=CARTESIAN_POINT('Ctrl Pts',(-19.2710370158815,-5.35315555268537,4.85169083499692));
#5490=CARTESIAN_POINT('Ctrl Pts',(-14.8980446644061,-13.3378360860815,5.03449789288295));
#5491=CARTESIAN_POINT('Ctrl Pts',(-6.61089541145726,-19.1543194668979,5.23761684608965));
#5492=CARTESIAN_POINT('Ctrl Pts',(4.71547843778587,-20.0113686841775,5.46104769461701));
#5493=CARTESIAN_POINT('Ctrl Pts',(15.3653501239336,-13.6560985811182,5.70479043846506));
#5494=CARTESIAN_POINT('Ctrl Pts',(20.4229363813673,-2.34052936355077,5.94853318231308));
#5495=CARTESIAN_POINT('Ctrl Pts',(18.055277910079,9.82939895109469,6.19227592616114));
#5496=CARTESIAN_POINT('Ctrl Pts',(9.12016445963335,18.4229429800443,6.43601867000916));
#5497=CARTESIAN_POINT('Ctrl Pts',(-3.13118858068524,20.3172754467312,6.67976141385721));
#5498=CARTESIAN_POINT('Ctrl Pts',(-14.2440854782511,14.8222180997349,6.92350415770523));
#5499=CARTESIAN_POINT('Ctrl Pts',(-20.1765612901634,3.93678997277788,7.16724690155329));
#5500=CARTESIAN_POINT('Ctrl Pts',(-18.7712768954449,-8.38036581722812,7.41098964540131));
#5501=CARTESIAN_POINT('Ctrl Pts',(-10.5392937848491,-17.6499272456036,7.65473238924936));
#5502=CARTESIAN_POINT('Ctrl Pts',(1.52573308184261,-20.5001482066878,7.89847513309739));
#5503=CARTESIAN_POINT('Ctrl Pts',(13.035653179168,-15.8957463621467,8.14221787694543));
#5504=CARTESIAN_POINT('Ctrl Pts',(19.8049728318773,-5.50865665477249,8.38596062079346));
#5505=CARTESIAN_POINT('Ctrl Pts',(19.372065593085,6.87989717605033,8.62970336464152));
#5506=CARTESIAN_POINT('Ctrl Pts',(11.8928572380541,16.7674700391425,8.87344610848953));
#5507=CARTESIAN_POINT('Ctrl Pts',(0.0893457221423672,20.5568308483421,9.1171888523376));
#5508=CARTESIAN_POINT('Ctrl Pts',(-11.7466588524507,16.8702138541586,9.36093159618561));
#5509=CARTESIAN_POINT('Ctrl Pts',(-19.3115306608671,7.0480267327038,9.60467434003366));
#5510=CARTESIAN_POINT('Ctrl Pts',(-19.8521085171408,-5.33629613929831,9.84841708388169));
#5511=CARTESIAN_POINT('Ctrl Pts',(-13.1733314470461,-15.7818348119813,10.0921598277297));
#5512=CARTESIAN_POINT('Ctrl Pts',(-1.70387299355243,-20.4861116679999,10.3359025715778));
#5513=CARTESIAN_POINT('Ctrl Pts',(10.385480256772,-17.74087163878,10.5796453154258));
#5514=CARTESIAN_POINT('Ctrl Pts',(18.6977135034928,-8.54321714339589,10.8233880592739));
#5515=CARTESIAN_POINT('Ctrl Pts',(20.2100361431898,3.76126028472185,11.0671308031219));
#5516=CARTESIAN_POINT('Ctrl Pts',(14.3723551049599,14.6978402172114,11.3108735469699));
#5517=CARTESIAN_POINT('Ctrl Pts',(3.30773831591307,20.2892957707566,11.554616290818));
#5518=CARTESIAN_POINT('Ctrl Pts',(-8.95979792283354,18.5015130125086,11.798359034666));
#5519=CARTESIAN_POINT('Ctrl Pts',(-17.9689536446538,9.98598613927406,12.0421017785141));
#5520=CARTESIAN_POINT('Ctrl Pts',(-20.4426842475813,-2.16290334093486,12.2858445223621));
#5521=CARTESIAN_POINT('Ctrl Pts',(-15.483012882724,-13.5236001617854,12.5295872662101));
#5522=CARTESIAN_POINT('Ctrl Pts',(-4.89094090898398,-19.9665911975444,12.7733300100581));
#5523=CARTESIAN_POINT('Ctrl Pts',(7.47868757697817,-19.1483985641574,13.0170727539062));
#5524=CARTESIAN_POINT('Ctrl Pts',(17.1290270712896,-11.3661604638747,13.2608154977542));
#5525=CARTESIAN_POINT('Ctrl Pts',(20.5497670270619,0.54967802337035,13.5045582416022));
#5526=CARTESIAN_POINT('Ctrl Pts',(16.496711432116,12.2655306592575,13.7483009854503));
#5527=CARTESIAN_POINT('Ctrl Pts',(6.44489786913909,19.5209206301912,13.9920437292983));
#5528=CARTESIAN_POINT('Ctrl Pts',(-5.9522924765032,19.6761663416206,14.2357864731464));
#5529=CARTESIAN_POINT('Ctrl Pts',(-16.1834445218706,12.6770640730007,14.4795292169944));
#5530=CARTESIAN_POINT('Ctrl Pts',(-20.5292347424897,1.06592383659036,14.7232719608425));
#5531=CARTESIAN_POINT('Ctrl Pts',(-17.4094715990293,-10.9317040976178,14.9670147046905));
#5532=CARTESIAN_POINT('Ctrl Pts',(-7.95791235466086,-18.9543236137577,15.2107574485385));
#5533=CARTESIAN_POINT('Ctrl Pts',(4.38760070932351,-20.083312465815,15.4545001923866));
#5534=CARTESIAN_POINT('Ctrl Pts',(15.1375253934864,-13.908582540035,15.6982429362346));
#5535=CARTESIAN_POINT('Ctrl Pts',(20.3821930756057,-2.67549518054003,15.9419856800827));
#5536=CARTESIAN_POINT('Ctrl Pts',(18.2142974796665,9.53056813447186,16.1857284239307));
#5537=CARTESIAN_POINT('Ctrl Pts',(9.4222219528916,18.2705833529907,16.4294711677787));
#5538=CARTESIAN_POINT('Ctrl Pts',(-2.7965194182096,20.365946157277,16.6732139116267));
#5539=CARTESIAN_POINT('Ctrl Pts',(-13.9982218764309,15.054639319979,16.9169566554748));
#5540=CARTESIAN_POINT('Ctrl Pts',(-20.1090652631653,4.26825860649615,17.1606993993228));
#5541=CARTESIAN_POINT('Ctrl Pts',(-18.9066329415332,-8.07038860581142,17.4044421431709));
#5542=CARTESIAN_POINT('Ctrl Pts',(-10.8282819581374,-17.4740208268267,17.6481848870189));
#5543=CARTESIAN_POINT('Ctrl Pts',(1.18816771756324,-20.5226699005774,17.891927630867));
#5544=CARTESIAN_POINT('Ctrl Pts',(12.7723634779249,-16.1077157433196,18.135670374715));
#5545=CARTESIAN_POINT('Ctrl Pts',(19.7117833684296,-5.83457421412067,18.379413118563));
#5546=CARTESIAN_POINT('Ctrl Pts',(19.4819072252108,6.56021443510896,18.623155862411));
#5547=CARTESIAN_POINT('Ctrl Pts',(12.1678630517186,16.569702565235,18.8668986062591));
#5548=CARTESIAN_POINT('Ctrl Pts',(0.426685681649832,20.5521369587163,19.1106413501071));
#5549=CARTESIAN_POINT('Ctrl Pts',(-11.4659506272394,17.0620896496812,19.3543840939552));
#5550=CARTESIAN_POINT('Ctrl Pts',(-19.1959030467324,7.36316705323568,19.5981268378032));
#5551=CARTESIAN_POINT('Ctrl Pts',(-19.8482494820638,-3.63142392914105,19.8147870545571));
#5552=CARTESIAN_POINT('Ctrl Pts',(-15.7444496869413,-12.0855044230295,20.0043647442166));
#5553=CARTESIAN_POINT('Ctrl Pts',(-9.65558921331101,-17.3474577030715,20.166859906782));
#5554=CARTESIAN_POINT('Ctrl Pts',(-1.97027573804284,-19.753580982572,20.3293550693473));
#5555=CARTESIAN_POINT('Ctrl Pts',(6.03736853413943,-18.9124941243635,20.4918502319127));
#5556=CARTESIAN_POINT('Ctrl Pts',(13.0479391472324,-14.958752905189,20.654345394478));
#5557=CARTESIAN_POINT('Ctrl Pts',(18.4656884571451,-7.83501018066157,20.8348955751062));
#5558=CARTESIAN_POINT('Ctrl Pts',(19.8744659174378,0.221825714730073,20.9973907376716));
#5559=CARTESIAN_POINT('Ctrl Pts',(18.2070167602395,7.09906778106181,21.1418308821741));
#5560=CARTESIAN_POINT('Ctrl Pts',(14.7792777614727,13.2857870717678,21.2862710266767));
#5561=CARTESIAN_POINT('Ctrl Pts',(7.56825025412662,18.824275339792,21.4668212073048));
#5562=CARTESIAN_POINT('Ctrl Pts',(-3.27704852343685,20.0208596398055,21.6834814240586));
#5563=CARTESIAN_POINT('Ctrl Pts',(-13.1759978527043,15.4279057695722,21.9001416408124));
#5564=CARTESIAN_POINT('Ctrl Pts',(-18.7507349885513,7.12593083750685,22.0987468395035));
#5565=CARTESIAN_POINT('Ctrl Pts',(-19.7708500242878,-1.76383657568922,22.2792970201316));
#5566=CARTESIAN_POINT('Ctrl Pts',(-17.4488097731749,-9.47022150670556,22.441792182697));
#5567=CARTESIAN_POINT('Ctrl Pts',(-12.2505669408737,-15.6210981751354,22.6042873452623));
#5568=CARTESIAN_POINT('Ctrl Pts',(-5.04052813247538,-19.2014617044242,22.7667825078277));
#5569=CARTESIAN_POINT('Ctrl Pts',(3.00021702963441,-19.6241979529728,22.929277670393));
#5570=CARTESIAN_POINT('Ctrl Pts',(10.5466456919634,-16.8186587304233,23.0917728329584));
#5571=CARTESIAN_POINT('Ctrl Pts',(16.3587798295141,-11.2472671061292,23.2542679955237));
#5572=CARTESIAN_POINT('Ctrl Pts',(19.4799919988102,-3.82514820065631,23.4167631580892));
#5573=CARTESIAN_POINT('Ctrl Pts',(19.3971095912279,4.22474779073656,23.5792583206545));
#5574=CARTESIAN_POINT('Ctrl Pts',(16.1240534693668,11.5825935657433,23.7417534832199));
#5575=CARTESIAN_POINT('Ctrl Pts',(10.1985739022435,17.0294900904226,23.9042486457852));
#5576=CARTESIAN_POINT('Ctrl Pts',(1.75065737241874,19.9819499753651,24.0847988264134));
#5577=CARTESIAN_POINT('Ctrl Pts',(-8.14817675431511,18.5808750479885,24.2834040251044));
#5578=CARTESIAN_POINT('Ctrl Pts',(-16.597137532359,11.6687089343405,24.5000642418582));
#5579=CARTESIAN_POINT('Ctrl Pts',(-19.9323659065839,2.24342251560087,24.6986694405492));
#5580=CARTESIAN_POINT('Ctrl Pts',(-18.712915123093,-6.62188822605996,24.8792196211773));
#5581=CARTESIAN_POINT('Ctrl Pts',(-14.5477305589388,-13.509089809604,25.0417147837427));
#5582=CARTESIAN_POINT('Ctrl Pts',(-7.98476331240765,-18.1753639313698,25.2042099463081));
#5583=CARTESIAN_POINT('Ctrl Pts',(-0.985240857937923,-19.6655868606998,
25.3486500908106));
#5584=CARTESIAN_POINT('Ctrl Pts',(5.15074346726688,-18.852906641095,25.4750352172503));
#5585=CARTESIAN_POINT('Ctrl Pts',(11.6629386589772,-16.0906888089293,25.6194753617529));
#5586=CARTESIAN_POINT('Ctrl Pts',(17.9284817367437,-9.50076530567177,25.8000255423811));
#5587=CARTESIAN_POINT('Ctrl Pts',(20.0564288558494,0.27239511210646,25.998630741072));
#5588=CARTESIAN_POINT('Ctrl Pts',(17.7365891859419,8.91167021479684,26.1791809217002));
#5589=CARTESIAN_POINT('Ctrl Pts',(12.7412366382495,15.227241189334,26.3416760842656));
#5590=CARTESIAN_POINT('Ctrl Pts',(5.64632449877333,19.0276964864979,26.5041712468309));
#5591=CARTESIAN_POINT('Ctrl Pts',(-3.71573586555841,19.8325633447542,26.6937489364905));
#5592=CARTESIAN_POINT('Ctrl Pts',(-13.748391422321,15.2870797298026,26.9104091532444));
#5593=CARTESIAN_POINT('Ctrl Pts',(-20.036156186149,4.59603176303154,27.1541518970924));
#5594=CARTESIAN_POINT('Ctrl Pts',(-19.0369508620123,-7.75601786591643,27.3978946409404));
#5595=CARTESIAN_POINT('Ctrl Pts',(-11.1141025480994,-17.2963001733529,27.6416373847884));
#5596=CARTESIAN_POINT('Ctrl Pts',(-1.14424847011891,-19.9945640792709,27.8447563379952));
#5597=CARTESIAN_POINT('Ctrl Pts',(6.67921466445297,-18.4311392557253,28.0072515005605));
#5598=CARTESIAN_POINT('Ctrl Pts',(13.6882176553138,-14.6196191867295,28.1697466631259));
#5599=CARTESIAN_POINT('Ctrl Pts',(19.6141988824494,-6.16012458463919,28.3728656163325));
#5600=CARTESIAN_POINT('Ctrl Pts',(19.5868466724778,6.23984683127321,28.6166083601806));
#5601=CARTESIAN_POINT('Ctrl Pts',(12.4387122631177,16.3665040366963,28.8603511040286));
#5602=CARTESIAN_POINT('Ctrl Pts',(0.765562477087821,20.5430367338195,29.1040938478767));
#5603=CARTESIAN_POINT('Ctrl Pts',(-11.1853278892114,17.2474609955088,29.3478365917247));
#5604=CARTESIAN_POINT('Ctrl Pts',(-19.0686944320241,7.679805581809,29.5915793355728));
#5605=CARTESIAN_POINT('Ctrl Pts',(-20.0169858591206,-4.68096107943453,29.8353220794208));
#5606=CARTESIAN_POINT('Ctrl Pts',(-13.6855960295556,-15.3395280755336,30.0790648232688));
#5607=CARTESIAN_POINT('Ctrl Pts',(-2.37699942000094,-20.4188831692472,30.3228075671169));
#5608=CARTESIAN_POINT('Ctrl Pts',(9.79606648339115,-18.0734517624333,30.5665503109649));
#5609=CARTESIAN_POINT('Ctrl Pts',(18.4064603451873,-9.15281751503443,30.8102930548129));
#5610=CARTESIAN_POINT('Ctrl Pts',(20.3229027322686,3.09212997308832,31.054035798661));
#5611=CARTESIAN_POINT('Ctrl Pts',(14.8480964896157,14.2210942008862,31.297778542509));
#5612=CARTESIAN_POINT('Ctrl Pts',(5.18217545066842,19.5005290803216,31.5144387592629));
#5613=CARTESIAN_POINT('Ctrl Pts',(-4.21453167577737,19.3960315258711,31.7040164489224));
#5614=CARTESIAN_POINT('Ctrl Pts',(-11.5711881897753,16.1332275402909,31.8665116114878));
#5615=CARTESIAN_POINT('Ctrl Pts',(-17.0258007696306,10.208059441218,32.0290067740531));
#5616=CARTESIAN_POINT('Ctrl Pts',(-19.680664018685,2.60742310435623,32.1915019366185));
#5617=CARTESIAN_POINT('Ctrl Pts',(-19.0957885565705,-5.4209757612397,32.3539970991838));
#5618=CARTESIAN_POINT('Ctrl Pts',(-14.9626213895718,-13.3577546887324,32.5345472798121));
#5619=CARTESIAN_POINT('Ctrl Pts',(-6.79199699856112,-19.1187960108067,32.733152478503));
#5620=CARTESIAN_POINT('Ctrl Pts',(4.09873101020214,-19.8699987283684,32.9498126952568));
#5621=CARTESIAN_POINT('Ctrl Pts',(12.9849098364698,-15.2886902200258,33.1484178939478));
#5622=CARTESIAN_POINT('Ctrl Pts',(18.1690519675578,-7.99414240218918,33.328968074576));
#5623=CARTESIAN_POINT('Ctrl Pts',(19.8527033741017,-0.123751496247955,33.4914632371414));
#5624=CARTESIAN_POINT('Ctrl Pts',(18.267223636362,7.77207208584727,33.6539583997067));
#5625=CARTESIAN_POINT('Ctrl Pts',(13.6792672125642,14.3867941169136,33.8164535622721));
#5626=CARTESIAN_POINT('Ctrl Pts',(6.84045025382115,18.6364210612802,33.9789487248374));
#5627=CARTESIAN_POINT('Ctrl Pts',(-1.12350501665917,19.8203769060431,34.1414438874028));
#5628=CARTESIAN_POINT('Ctrl Pts',(-8.90174244242401,17.743810285736,34.3039390499682));
#5629=CARTESIAN_POINT('Ctrl Pts',(-15.4813076539408,12.5420916460636,34.4732048443071));
#5630=CARTESIAN_POINT('Ctrl Pts',(-19.4365654956943,4.7146109260953,34.6492412704195));
#5631=CARTESIAN_POINT('Ctrl Pts',(-19.5108269399731,-4.39394440537053,34.8320483283056));
#5632=CARTESIAN_POINT('Ctrl Pts',(-15.5394705488828,-12.5901115873529,35.0148553861916));
#5633=CARTESIAN_POINT('Ctrl Pts',(-8.34470709994991,-18.1756150411097,35.1976624440777));
#5634=CARTESIAN_POINT('Ctrl Pts',(0.580510718743514,-19.9911807938676,35.3804695019636));
#5635=CARTESIAN_POINT('Ctrl Pts',(9.38545986612311,-17.6606840962501,35.5632765598497));
#5636=CARTESIAN_POINT('Ctrl Pts',(16.2437803531086,-11.6672544833546,35.7460836177357));
#5637=CARTESIAN_POINT('Ctrl Pts',(19.733145585585,-3.25405337267733,35.9288906756217));
#5638=CARTESIAN_POINT('Ctrl Pts',(19.129802492764,5.83406416586744,36.1116977335078));
#5639=CARTESIAN_POINT('Ctrl Pts',(14.558912480224,13.7121759177448,36.2945047913938));
#5640=CARTESIAN_POINT('Ctrl Pts',(6.9684726379331,18.7463625136469,36.4773118492798));
#5641=CARTESIAN_POINT('Ctrl Pts',(-2.06723876808618,19.8925164898171,36.6601189071658));
#5642=CARTESIAN_POINT('Ctrl Pts',(-10.6742023126477,16.9129274897983,36.8429259650519));
#5643=CARTESIAN_POINT('Ctrl Pts',(-17.067316110705,10.4255656535824,37.0257330229379));
#5644=CARTESIAN_POINT('Ctrl Pts',(-19.9206376001643,1.77592273285118,37.2085400808239));
#5645=CARTESIAN_POINT('Ctrl Pts',(-18.6423822245579,-7.24204992699739,37.39134713871));
#5646=CARTESIAN_POINT('Ctrl Pts',(-13.4976626537778,-14.7580082215497,37.574154196596));
#5647=CARTESIAN_POINT('Ctrl Pts',(-5.55350320144541,-19.213128332975,37.756961254482));
#5648=CARTESIAN_POINT('Ctrl Pts',(3.54246320001956,-19.6834109851177,37.9397683123681));
#5649=CARTESIAN_POINT('Ctrl Pts',(11.903715798447,-16.0713170409212,38.1225753702541));
#5650=CARTESIAN_POINT('Ctrl Pts',(17.7961168209987,-9.12600466830519,38.3053824281401));
#5651=CARTESIAN_POINT('Ctrl Pts',(19.9975688909928,-0.287937999678373,38.4881894860261));
#5652=CARTESIAN_POINT('Ctrl Pts',(18.0514919022667,8.60983935226397,38.6709965439121));
#5653=CARTESIAN_POINT('Ctrl Pts',(12.3614959028821,15.721936151991,38.8538036017982));
#5654=CARTESIAN_POINT('Ctrl Pts',(4.10771568572248,19.5732437136714,39.0366106596842));
#5655=CARTESIAN_POINT('Ctrl Pts',(-4.99803690671578,19.3650846584379,39.2194177175703));
#5656=CARTESIAN_POINT('Ctrl Pts',(-13.0671396747892,15.1404550702938,39.4022247754562));
#5657=CARTESIAN_POINT('Ctrl Pts',(-18.4261866220297,7.77589371844655,39.5850318333423));
#5658=CARTESIAN_POINT('Ctrl Pts',(-19.963428155064,-1.20184261941393,39.7678388912283));
#5659=CARTESIAN_POINT('Ctrl Pts',(-17.3605704246862,-9.92945153058744,39.9506459491143));
#5660=CARTESIAN_POINT('Ctrl Pts',(-11.1563979543665,-16.5994285024739,40.1334530070004));
#5661=CARTESIAN_POINT('Ctrl Pts',(-5.47872925230297,-18.7481170697643,40.2553243789244));
#5662=CARTESIAN_POINT('Ctrl Pts',(-2.5477356237709,-19.1382978932006,40.3162600648864));
#5663=CARTESIAN_POINT('Ctrl Pts',(-10.9717201621653,15.21626002337,-0.948780966575427));
#5664=CARTESIAN_POINT('Ctrl Pts',(-13.3020612104228,13.5359621167477,-0.887845280613417));
#5665=CARTESIAN_POINT('Ctrl Pts',(-17.1764479824537,9.08844628535656,-0.765973908689397));
#5666=CARTESIAN_POINT('Ctrl Pts',(-19.4249830978009,0.527921411651069,-0.583166850803371));
#5667=CARTESIAN_POINT('Ctrl Pts',(-17.6449470968397,-8.14027130089468,-0.400359792917341));
#5668=CARTESIAN_POINT('Ctrl Pts',(-12.2052219823725,-15.1210576189296,-0.217552735031315));
#5669=CARTESIAN_POINT('Ctrl Pts',(-4.23415914864493,-18.9652488938785,-0.0347456771452853));
#5670=CARTESIAN_POINT('Ctrl Pts',(4.61510048490875,-18.8762492763048,0.148061380740742));
#5671=CARTESIAN_POINT('Ctrl Pts',(12.5071672536553,-14.8721592682521,0.330868438626772));
#5672=CARTESIAN_POINT('Ctrl Pts',(17.8052310957119,-7.78361885312687,0.513675496512798));
#5673=CARTESIAN_POINT('Ctrl Pts',(19.410454064012,0.919290637290067,0.696482554398828));
#5674=CARTESIAN_POINT('Ctrl Pts',(16.9899150189713,9.43152094623214,0.879289612284857));
#5675=CARTESIAN_POINT('Ctrl Pts',(11.0456355995214,15.9876451027474,1.06209667017088));
#5676=CARTESIAN_POINT('Ctrl Pts',(2.8104715714767,19.2278979491113,1.24490372805691));
#5677=CARTESIAN_POINT('Ctrl Pts',(-6.00758962726718,18.4802518623115,1.42771078594294));
#5678=CARTESIAN_POINT('Ctrl Pts',(-13.5796656424235,13.8997664177409,1.61051784382897));
#5679=CARTESIAN_POINT('Ctrl Pts',(-18.3352941339986,6.43644476115037,1.793324901715));
#5680=CARTESIAN_POINT('Ctrl Pts',(-19.2881491177268,-2.36180803021008,1.97613195960102));
#5681=CARTESIAN_POINT('Ctrl Pts',(-16.2406064433656,-10.6702165888324,2.15893901748706));
#5682=CARTESIAN_POINT('Ctrl Pts',(-9.82473265914546,-16.7656042440746,2.34174607537308));
#5683=CARTESIAN_POINT('Ctrl Pts',(-1.37119050894824,-19.3837719537731,2.52455313325911));
#5684=CARTESIAN_POINT('Ctrl Pts',(7.36673747213518,-17.9817154582973,2.70736019114514));
#5685=CARTESIAN_POINT('Ctrl Pts',(14.5767937036338,-12.8502073885944,2.89016724903117));
#5686=CARTESIAN_POINT('Ctrl Pts',(18.7635902067057,-5.05356382830313,3.07297430691719));
#5687=CARTESIAN_POINT('Ctrl Pts',(19.0587954133875,3.79123901991859,3.25578136480323));
#5688=CARTESIAN_POINT('Ctrl Pts',(15.4011488531895,11.8496525320066,3.43858842268925));
#5689=CARTESIAN_POINT('Ctrl Pts',(8.54931987634405,17.4505806498084,3.62139548057528));
#5690=CARTESIAN_POINT('Ctrl Pts',(-0.0757392868423931,19.4319268014246,
3.80420253846131));
#5691=CARTESIAN_POINT('Ctrl Pts',(-8.68492376319492,17.3836375761585,3.98700959634734));
#5692=CARTESIAN_POINT('Ctrl Pts',(-15.4931619543092,11.7288200424742,4.16981665423336));
#5693=CARTESIAN_POINT('Ctrl Pts',(-19.0874632321773,3.64361842401671,4.3526237121194));
#5694=CARTESIAN_POINT('Ctrl Pts',(-18.7242047180383,-5.2015380318505,4.53543077000542));
#5695=CARTESIAN_POINT('Ctrl Pts',(-14.4751744291418,-12.9596170001183,4.71823782789145));
#5696=CARTESIAN_POINT('Ctrl Pts',(-6.42306954755723,-18.610961731475,4.92135678109815));
#5697=CARTESIAN_POINT('Ctrl Pts',(4.58196323021944,-19.4435403292624,5.14478762962551));
#5698=CARTESIAN_POINT('Ctrl Pts',(14.9295893286383,-13.2684373053792,5.38853037347355));
#5699=CARTESIAN_POINT('Ctrl Pts',(19.843527153581,-2.27384536561028,5.6322731173216));
#5700=CARTESIAN_POINT('Ctrl Pts',(17.542878222107,9.55076453973301,5.87601586116962));
#5701=CARTESIAN_POINT('Ctrl Pts',(8.86115538801319,17.9003701102096,6.11975860501767));
#5702=CARTESIAN_POINT('Ctrl Pts',(-3.04262713576195,19.7407894719375,6.3635013488657));
#5703=CARTESIAN_POINT('Ctrl Pts',(-13.840153181429,14.4014868714864,6.60724409271374));
#5704=CARTESIAN_POINT('Ctrl Pts',(-19.604163988865,3.82482010344107,6.85098683656178));
#5705=CARTESIAN_POINT('Ctrl Pts',(-18.2385825761763,-8.14285324299525,7.09472958040982));
#5706=CARTESIAN_POINT('Ctrl Pts',(-10.2400316011682,-17.1493057772578,7.33847232425786));
#5707=CARTESIAN_POINT('Ctrl Pts',(1.48272423610556,-19.9184956305894,7.58221506810588));
#5708=CARTESIAN_POINT('Ctrl Pts',(12.6660212464186,-15.4445733755918,7.82595781195395));
#5709=CARTESIAN_POINT('Ctrl Pts',(19.243139687754,-5.3520947267212,8.06970055580196));
#5710=CARTESIAN_POINT('Ctrl Pts',(18.8223460988865,6.68496420104053,8.31344329965002));
#5711=CARTESIAN_POINT('Ctrl Pts',(11.5552036735598,16.2919041606405,8.55718604349803));
#5712=CARTESIAN_POINT('Ctrl Pts',(0.0865306553402796,19.9735920778686,8.8009287873461));
#5713=CARTESIAN_POINT('Ctrl Pts',(-11.4136116459441,16.3914107669105,9.0446715311941));
#5714=CARTESIAN_POINT('Ctrl Pts',(-18.7637184740774,6.84779640285018,9.28841427504217));
#5715=CARTESIAN_POINT('Ctrl Pts',(-19.2887902438384,-5.1851648737888,9.53215701889019));
#5716=CARTESIAN_POINT('Ctrl Pts',(-12.7993616017991,-15.3342509019907,9.77589976273825));
#5717=CARTESIAN_POINT('Ctrl Pts',(-1.65525139826892,-19.9049013499362,10.0196425065863));
#5718=CARTESIAN_POINT('Ctrl Pts',(10.0910643791444,-17.2373847316118,10.2633852504343));
#5719=CARTESIAN_POINT('Ctrl Pts',(18.1673369607071,-8.30057352096815,10.5071279942823));
#5720=CARTESIAN_POINT('Ctrl Pts',(19.6365841837213,3.65482093545891,10.7508707381304));
#5721=CARTESIAN_POINT('Ctrl Pts',(13.9643812405942,14.2810278253661,10.9946134819784));
#5722=CARTESIAN_POINT('Ctrl Pts',(3.21361441230955,19.7136913855444,11.2383562258265));
#5723=CARTESIAN_POINT('Ctrl Pts',(-8.70584197998609,17.9764645585367,11.4820989696745));
#5724=CARTESIAN_POINT('Ctrl Pts',(-17.4592731944482,9.70241809514019,11.7258417135226));
#5725=CARTESIAN_POINT('Ctrl Pts',(-19.8626533599932,-2.10181586844873,11.9695844573705));
#5726=CARTESIAN_POINT('Ctrl Pts',(-15.0435433528316,-13.1401185350591,12.2133272012186));
#5727=CARTESIAN_POINT('Ctrl Pts',(-4.75190265708355,-19.4001641867739,12.4570699450666));
#5728=CARTESIAN_POINT('Ctrl Pts',(7.26676262647256,-18.6050168077144,12.7008126889147));
#5729=CARTESIAN_POINT('Ctrl Pts',(16.6431958911643,-11.0434454537908,12.9445554327627));
#5730=CARTESIAN_POINT('Ctrl Pts',(19.9667199633978,0.534362563139938,13.1882981766107));
#5731=CARTESIAN_POINT('Ctrl Pts',(16.0284983133195,11.9177568916915,13.4320409204588));
#5732=CARTESIAN_POINT('Ctrl Pts',(6.26177670430531,18.9671593960976,13.6757836643068));
#5733=CARTESIAN_POINT('Ctrl Pts',(-5.78368171766722,19.1178315182712,13.9195264081549));
#5734=CARTESIAN_POINT('Ctrl Pts',(-15.7244593473991,12.3171688911471,14.1632691520029));
#5735=CARTESIAN_POINT('Ctrl Pts',(-19.9467922393454,1.03540159610676,14.4070118958509));
#5736=CARTESIAN_POINT('Ctrl Pts',(-16.9153797555569,-10.6217861987991,14.650754639699));
#5737=CARTESIAN_POINT('Ctrl Pts',(-7.7318715477373,-18.4166585328141,14.894497383547));
#5738=CARTESIAN_POINT('Ctrl Pts',(4.26338905432387,-19.5134473846555,15.1382401273951));
#5739=CARTESIAN_POINT('Ctrl Pts',(14.708231899791,-13.5137608746882,15.3819828712431));
#5740=CARTESIAN_POINT('Ctrl Pts',(19.8039443848497,-2.59930806189004,15.6257256150911));
#5741=CARTESIAN_POINT('Ctrl Pts',(17.6973901486127,9.26041434113729,15.8694683589392));
#5742=CARTESIAN_POINT('Ctrl Pts',(9.15464495912556,17.7523373585888,16.1132111027872));
#5743=CARTESIAN_POINT('Ctrl Pts',(-2.71745389581095,19.7880838541229,16.3569538466352));
#5744=CARTESIAN_POINT('Ctrl Pts',(-13.6012684080316,14.6273171695341,16.6006965904833));
#5745=CARTESIAN_POINT('Ctrl Pts',(-19.5385874815153,4.14688520337567,16.8444393343313));
#5746=CARTESIAN_POINT('Ctrl Pts',(-18.370102514386,-7.84167257349605,17.0881820781794));
#5747=CARTESIAN_POINT('Ctrl Pts',(-10.5208229769637,-16.9783941271919,17.3319248220274));
#5748=CARTESIAN_POINT('Ctrl Pts',(1.15473660927834,-19.9403829375144,17.5756675658755));
#5749=CARTESIAN_POINT('Ctrl Pts',(12.4102045094749,-15.6505323331731,17.8194103097235));
#5750=CARTESIAN_POINT('Ctrl Pts',(19.1525986446472,-5.66876659800132,18.0631530535715));
#5751=CARTESIAN_POINT('Ctrl Pts',(18.9290756520428,6.37435302036005,18.3068957974196));
#5752=CARTESIAN_POINT('Ctrl Pts',(11.8224096964177,16.099751508445,18.5506385412676));
#5753=CARTESIAN_POINT('Ctrl Pts',(0.414299643328085,19.9690359608012,18.7943812851156));
#5754=CARTESIAN_POINT('Ctrl Pts',(-11.140870310724,16.5778464730577,19.0381240289637));
#5755=CARTESIAN_POINT('Ctrl Pts',(-18.6513757505325,7.1539971135691,19.2818667728117));
#5756=CARTESIAN_POINT('Ctrl Pts',(-19.2850639308046,-3.5286633764736,19.4985269895655));
#5757=CARTESIAN_POINT('Ctrl Pts',(-15.2975822497411,-11.7428281222656,19.6881046792251));
#5758=CARTESIAN_POINT('Ctrl Pts',(-9.38140368570182,-16.8554058806487,19.8505998417904));
#5759=CARTESIAN_POINT('Ctrl Pts',(-1.9141057263031,-19.1931577122147,20.0130950043558));
#5760=CARTESIAN_POINT('Ctrl Pts',(5.86633358374704,-18.375825108744,20.1755901669212));
#5761=CARTESIAN_POINT('Ctrl Pts',(12.6779458667972,-14.534164201562,20.3380853294865));
#5762=CARTESIAN_POINT('Ctrl Pts',(17.9418852957201,-7.61246302284938,20.5186355101147));
#5763=CARTESIAN_POINT('Ctrl Pts',(19.3105830168076,0.215802902735902,20.6811306726801));
#5764=CARTESIAN_POINT('Ctrl Pts',(17.6903491338548,6.89790060361902,20.8255708171826));
#5765=CARTESIAN_POINT('Ctrl Pts',(14.3597778997929,12.9090431063263,20.9700109616852));
#5766=CARTESIAN_POINT('Ctrl Pts',(7.35326674228366,18.2902946881458,21.1505611423133));
#5767=CARTESIAN_POINT('Ctrl Pts',(-3.18434468925214,19.4527816093046,21.3672213590671));
#5768=CARTESIAN_POINT('Ctrl Pts',(-12.8023776745288,14.9900044796609,21.5838815758209));
#5769=CARTESIAN_POINT('Ctrl Pts',(-18.2188348017217,6.92349784888323,21.7824867745119));
#5770=CARTESIAN_POINT('Ctrl Pts',(-19.2098859075504,-1.71406230070091,21.9630369551401));
#5771=CARTESIAN_POINT('Ctrl Pts',(-16.9536217406952,-9.2017694406274,22.1255321177055));
#5772=CARTESIAN_POINT('Ctrl Pts',(-11.902780031775,-15.1780621222405,22.2880272802708));
#5773=CARTESIAN_POINT('Ctrl Pts',(-4.8972562074796,-18.6567450451249,22.4505224428362));
#5774=CARTESIAN_POINT('Ctrl Pts',(2.91536207455984,-19.0673778110638,22.6130176054015));
#5775=CARTESIAN_POINT('Ctrl Pts',(10.247644648514,-16.3413347226063,22.7755127679669));
#5776=CARTESIAN_POINT('Ctrl Pts',(15.8948005431513,-10.9279358442785,22.9380079305323));
#5777=CARTESIAN_POINT('Ctrl Pts',(18.92735629372,-3.71635533296216,23.1005030930976));
#5778=CARTESIAN_POINT('Ctrl Pts',(18.8467157299817,4.10514725988287,23.262998255663));
#5779=CARTESIAN_POINT('Ctrl Pts',(15.6664227381806,11.2541910635989,23.4254934182284));
#5780=CARTESIAN_POINT('Ctrl Pts',(9.90898710433813,16.5464670695775,23.5879885807937));
#5781=CARTESIAN_POINT('Ctrl Pts',(1.70071527776771,19.4150444091895,23.7685387614219));
#5782=CARTESIAN_POINT('Ctrl Pts',(-7.91724927128408,18.0535859887848,23.9671439601129));
#5783=CARTESIAN_POINT('Ctrl Pts',(-16.1264012863458,11.3374172442531,24.1838041768667));
#5784=CARTESIAN_POINT('Ctrl Pts',(-19.3668738586267,2.17950032603595,24.3824093755577));
#5785=CARTESIAN_POINT('Ctrl Pts',(-18.1819006126308,-6.43426651817761,24.5629595561858));
#5786=CARTESIAN_POINT('Ctrl Pts',(-14.1347971286667,-13.126007125793,24.7254547187513));
#5787=CARTESIAN_POINT('Ctrl Pts',(-7.75797130350653,-17.6597999205264,24.8879498813165));
#5788=CARTESIAN_POINT('Ctrl Pts',(-0.957019530887594,-19.1076467420788,
25.0323900258191));
#5789=CARTESIAN_POINT('Ctrl Pts',(5.00486309959237,-18.3179403289269,25.1587751522588));
#5790=CARTESIAN_POINT('Ctrl Pts',(11.3322561448309,-15.6340036073247,25.3032152967614));
#5791=CARTESIAN_POINT('Ctrl Pts',(17.4199429461017,-9.23096453579176,25.4837654773895));
#5792=CARTESIAN_POINT('Ctrl Pts',(19.4873825997036,0.264940020781512,25.6823706760806));
#5793=CARTESIAN_POINT('Ctrl Pts',(17.2332438652904,8.6590693307847,25.8629208567087));
#5794=CARTESIAN_POINT('Ctrl Pts',(12.3795337784129,14.7953863640366,26.0254160192741));
#5795=CARTESIAN_POINT('Ctrl Pts',(5.48586724048788,18.4879181628731,26.1879111818395));
#5796=CARTESIAN_POINT('Ctrl Pts',(-3.61058299444116,19.2698216931932,26.377488871499));
#5797=CARTESIAN_POINT('Ctrl Pts',(-13.3585293304854,14.8531661666848,26.5941490882529));
#5798=CARTESIAN_POINT('Ctrl Pts',(-19.4677514532358,4.4653597482714,26.8378918321009));
#5799=CARTESIAN_POINT('Ctrl Pts',(-18.4967273289641,-7.53622296033688,27.0816345759489));
#5800=CARTESIAN_POINT('Ctrl Pts',(-10.7985366650577,-16.8057196730149,27.3253773197969));
#5801=CARTESIAN_POINT('Ctrl Pts',(-1.11151128359305,-19.4272923605435,27.5284962730036));
#5802=CARTESIAN_POINT('Ctrl Pts',(6.48996264642062,-17.9081185306215,27.690991435569));
#5803=CARTESIAN_POINT('Ctrl Pts',(13.300053722391,-14.2046436858809,27.8534865981343));
#5804=CARTESIAN_POINT('Ctrl Pts',(19.0577872696292,-5.98508175807619,28.0566055513411));
#5805=CARTESIAN_POINT('Ctrl Pts',(19.0310421151758,6.06307634088946,28.3003482951891));
#5806=CARTESIAN_POINT('Ctrl Pts',(12.0855771222295,15.9023218352914,28.5440910390372));
#5807=CARTESIAN_POINT('Ctrl Pts',(0.743561924280215,19.9601985463165,28.7878337828851));
#5808=CARTESIAN_POINT('Ctrl Pts',(-10.8682119488797,16.7579622730101,29.0315765267332));
#5809=CARTESIAN_POINT('Ctrl Pts',(-18.5277806234088,7.46165368306082,29.2753192705812));
#5810=CARTESIAN_POINT('Ctrl Pts',(-19.4489986037351,-4.54842527754407,29.5190620144293));
#5811=CARTESIAN_POINT('Ctrl Pts',(-13.2970982018052,-14.9045003073815,29.7628047582773));
#5812=CARTESIAN_POINT('Ctrl Pts',(-2.30928074606281,-19.8395894365007,30.0065475021254));
#5813=CARTESIAN_POINT('Ctrl Pts',(9.51837803105092,-17.5605368987829,30.2502902459734));
#5814=CARTESIAN_POINT('Ctrl Pts',(17.8843555669131,-8.89288223300998,30.4940329898214));
#5815=CARTESIAN_POINT('Ctrl Pts',(19.7462576319959,3.00467677863328,30.7377757336695));
#5816=CARTESIAN_POINT('Ctrl Pts',(14.4266313509817,13.8178145671022,30.9815184775175));
#5817=CARTESIAN_POINT('Ctrl Pts',(5.03488062148944,18.9473291885942,31.1981786942713));
#5818=CARTESIAN_POINT('Ctrl Pts',(-4.09522098273943,18.8456683909508,31.3877563839309));
#5819=CARTESIAN_POINT('Ctrl Pts',(-11.2431094066364,15.6753366768686,31.5502515464963));
#5820=CARTESIAN_POINT('Ctrl Pts',(-16.5428825518904,9.91820356925011,31.7127467090616));
#5821=CARTESIAN_POINT('Ctrl Pts',(-19.1223182366904,2.53317689218938,31.875241871627));
#5822=CARTESIAN_POINT('Ctrl Pts',(-18.553927497245,-5.26743165192027,32.0377370341923));
#5823=CARTESIAN_POINT('Ctrl Pts',(-14.5379187071359,-12.9789713508883,32.2182872148205));
#5824=CARTESIAN_POINT('Ctrl Pts',(-6.59903339053703,-18.5764486172748,32.4168924135115));
#5825=CARTESIAN_POINT('Ctrl Pts',(3.98271228160392,-19.3061897376698,32.6335526302653));
#5826=CARTESIAN_POINT('Ctrl Pts',(12.6167093249518,-14.8547413687312,32.8321578289563));
#5827=CARTESIAN_POINT('Ctrl Pts',(17.6536671677184,-7.7670843748892,33.0127080095845));
#5828=CARTESIAN_POINT('Ctrl Pts',(19.2894426317565,-0.119969861831429,33.1752031721499));
#5829=CARTESIAN_POINT('Ctrl Pts',(17.7488386444695,7.55181119917806,33.3376983347152));
#5830=CARTESIAN_POINT('Ctrl Pts',(13.2909619302053,13.9787973037244,33.5001934972806));
#5831=CARTESIAN_POINT('Ctrl Pts',(6.64611849995579,18.107760307532,33.6626886598459));
#5832=CARTESIAN_POINT('Ctrl Pts',(-1.09189895281732,19.2580163351139,33.8251838224113));
#5833=CARTESIAN_POINT('Ctrl Pts',(-8.64942332837411,17.2402602230499,33.9876789849766));
#5834=CARTESIAN_POINT('Ctrl Pts',(-15.042241721317,12.1860354806494,34.1569447793156));
#5835=CARTESIAN_POINT('Ctrl Pts',(-18.8851740120005,4.58058274522841,34.332981205428));
#5836=CARTESIAN_POINT('Ctrl Pts',(-18.9572043758198,-4.26954496485451,34.5157882633141));
#5837=CARTESIAN_POINT('Ctrl Pts',(-15.0984119188343,-12.2331157396833,34.6985953212001));
#5838=CARTESIAN_POINT('Ctrl Pts',(-8.10770273478523,-17.6600488108663,34.8814023790861));
#5839=CARTESIAN_POINT('Ctrl Pts',(0.564312858631383,-19.42398156167,35.0642094369722));
#5840=CARTESIAN_POINT('Ctrl Pts',(9.11941555125415,-17.1594859042449,35.2470164948582));
#5841=CARTESIAN_POINT('Ctrl Pts',(15.783069564247,-11.3360088744831,35.4298235527442));
#5842=CARTESIAN_POINT('Ctrl Pts',(19.1733196046494,-3.1614602014995,35.6126306106302));
#5843=CARTESIAN_POINT('Ctrl Pts',(18.5869707579801,5.6688003440953,35.7954376685163));
#5844=CARTESIAN_POINT('Ctrl Pts',(14.1456590280169,13.3233314116769,35.9782447264023));
#5845=CARTESIAN_POINT('Ctrl Pts',(6.7705071249155,18.2145842371851,36.1610517842883));
#5846=CARTESIAN_POINT('Ctrl Pts',(-2.00885800068161,19.3280963081017,36.3438588421744));
#5847=CARTESIAN_POINT('Ctrl Pts',(-10.3715835075951,16.4329271431688,36.5266659000604));
#5848=CARTESIAN_POINT('Ctrl Pts',(-16.5832229804838,10.1295381128852,36.7094729579464));
#5849=CARTESIAN_POINT('Ctrl Pts',(-19.3554719377641,1.72526464293461,36.8922800158324));
#5850=CARTESIAN_POINT('Ctrl Pts',(-18.1133604274928,-7.03683198233249,37.0750870737185));
#5851=CARTESIAN_POINT('Ctrl Pts',(-13.1145048110453,-14.3394768183696,37.2578941316045));
#5852=CARTESIAN_POINT('Ctrl Pts',(-5.39567694929123,-18.6680876578958,37.4407011894905));
#5853=CARTESIAN_POINT('Ctrl Pts',(3.44222440177816,-19.1249034569048,37.6235082473765));
#5854=CARTESIAN_POINT('Ctrl Pts',(11.5662016728295,-15.6151781752688,37.8063153052626));
#5855=CARTESIAN_POINT('Ctrl Pts',(17.2913283908094,-8.86683844006255,37.9891223631486));
#5856=CARTESIAN_POINT('Ctrl Pts',(19.4302002502087,-0.279496078808079,38.1719294210346));
#5857=CARTESIAN_POINT('Ctrl Pts',(17.5392162510481,8.36580632817276,38.3547364789206));
#5858=CARTESIAN_POINT('Ctrl Pts',(12.0105603345487,15.2760406279527,38.5375435368067));
#5859=CARTESIAN_POINT('Ctrl Pts',(3.99090452075037,19.0179661144265,38.7203505946928));
#5860=CARTESIAN_POINT('Ctrl Pts',(-4.85649612108635,18.8155888731465,38.9031576525787));
#5861=CARTESIAN_POINT('Ctrl Pts',(-12.6966041118141,14.7107108372215,39.0859647104648));
#5862=CARTESIAN_POINT('Ctrl Pts',(-17.9035034039233,7.55502435581759,39.2687717683508));
#5863=CARTESIAN_POINT('Ctrl Pts',(-19.397007855575,-1.16801590493576,39.4515788262369));
#5864=CARTESIAN_POINT('Ctrl Pts',(-16.8678796673938,-9.64796895169441,39.6343858841228));
#5865=CARTESIAN_POINT('Ctrl Pts',(-10.8396415598346,-16.1286202766996,39.8171929420089));
#5866=CARTESIAN_POINT('Ctrl Pts',(-5.32303082908657,-18.2162687086148,39.9390643139329));
#5867=CARTESIAN_POINT('Ctrl Pts',(-2.47519026050683,-18.5953393512988,39.9999999998949));
#5868=CARTESIAN_POINT('Ctrl Pts',(-2.47519026052242,-18.5953393512967,39.9999999998946));
#5869=CARTESIAN_POINT('Ctrl Pts',(-2.87092725080173,-18.5573871709062,39.9999999998175));
#5870=CARTESIAN_POINT('Ctrl Pts',(-3.2656654094177,-18.5066250015289,39.9999999997191));
#5871=CARTESIAN_POINT('Ctrl Pts',(-3.65884520552298,-18.4432400219257,39.9999999996432));
#5872=CARTESIAN_POINT('Ctrl Pts',(-3.98909519578206,-18.3900000306956,39.9999999995794));
#5873=CARTESIAN_POINT('Ctrl Pts',(-4.31824581291456,-18.3278535710844,39.9999999995315));
#5874=CARTESIAN_POINT('Ctrl Pts',(-4.64595828811539,-18.2568840721352,39.9999999995258));
#5875=CARTESIAN_POINT('Ctrl Pts',(-5.03404472505799,-18.1728399723129,39.9999999995191));
#5876=CARTESIAN_POINT('Ctrl Pts',(-5.41891455546734,-18.0766834895367,39.9999999995252));
#5877=CARTESIAN_POINT('Ctrl Pts',(-5.80003296966223,-17.9687367875431,39.9999999995385));
#5878=CARTESIAN_POINT('Ctrl Pts',(-6.18512669469417,-17.8596641318345,39.999999999552));
#5879=CARTESIAN_POINT('Ctrl Pts',(-6.56639084587044,-17.7385539402016,39.9999999995728));
#5880=CARTESIAN_POINT('Ctrl Pts',(-6.94327485959322,-17.6056854249539,39.999999999596));
#5881=CARTESIAN_POINT('Ctrl Pts',(-7.3227894002519,-17.471889531002,39.9999999996194));
#5882=CARTESIAN_POINT('Ctrl Pts',(-7.69786298651775,-17.3261704975958,39.9999999996453));
#5883=CARTESIAN_POINT('Ctrl Pts',(-8.06792665990238,-17.1687612239324,39.9999999996694));
#5884=CARTESIAN_POINT('Ctrl Pts',(-8.43750738452825,-17.0115573760344,39.9999999996935));
#5885=CARTESIAN_POINT('Ctrl Pts',(-8.8020917998149,-16.8426936111718,39.9999999997158));
#5886=CARTESIAN_POINT('Ctrl Pts',(-9.16109835758165,-16.6623521999784,39.9999999997331));
#5887=CARTESIAN_POINT('Ctrl Pts',(-9.51688798583853,-16.4836267637443,39.9999999997502));
#5888=CARTESIAN_POINT('Ctrl Pts',(-9.86719976590425,-16.2936282374892,39.9999999997624));
#5889=CARTESIAN_POINT('Ctrl Pts',(-10.2114454476731,-16.0924881376933,39.999999999767));
#5890=CARTESIAN_POINT('Ctrl Pts',(-10.3560368985166,-16.008004466895,39.999999999769));
#5891=CARTESIAN_POINT('Ctrl Pts',(-10.4995578541891,-15.9215546572455,39.9999999997696));
#5892=CARTESIAN_POINT('Ctrl Pts',(-10.6419632192204,-15.8331461438876,39.9999999997689));
#5893=CARTESIAN_POINT('Ctrl Pts',(-10.7985359720718,-15.7359421915724,39.999999999768));
#5894=CARTESIAN_POINT('Ctrl Pts',(-10.9537601435127,-15.6363704323364,39.9999999997654));
#5895=CARTESIAN_POINT('Ctrl Pts',(-11.1075938150196,-15.5344691698144,39.9999999997608));
#5896=CARTESIAN_POINT('Ctrl Pts',(-11.1952044558117,-15.4764348342907,39.9999999997582));
#5897=CARTESIAN_POINT('Ctrl Pts',(-11.2823640642959,-15.4176448972871,39.999999999755));
#5898=CARTESIAN_POINT('Ctrl Pts',(-11.3690646741096,-15.358106186926,39.9999999997512));
#5899=CARTESIAN_POINT('Ctrl Pts',(-11.3996873057507,-15.3370771307327,39.9999999997498));
#5900=CARTESIAN_POINT('Ctrl Pts',(-11.4302483510324,-15.3159576149733,39.9999999997484));
#5901=CARTESIAN_POINT('Ctrl Pts',(-11.4607411998609,-15.2947524523388,39.9999999997469));
#5902=CARTESIAN_POINT('Ctrl Pts',(-11.7888691561532,-15.0665675845607,39.9999999997309));
#5903=CARTESIAN_POINT('Ctrl Pts',(-12.1093265473299,-14.8283151537217,39.9999999997073));
#5904=CARTESIAN_POINT('Ctrl Pts',(-12.4217799374653,-14.580536424797,39.9999999996778));
#5905=CARTESIAN_POINT('Ctrl Pts',(-12.7378139940539,-14.3299181908116,39.9999999996478));
#5906=CARTESIAN_POINT('Ctrl Pts',(-13.0456599653192,-14.0695537887649,39.9999999996117));
#5907=CARTESIAN_POINT('Ctrl Pts',(-13.3449526685272,-13.7999535566603,39.9999999995717));
#5908=CARTESIAN_POINT('Ctrl Pts',(-13.6464323843469,-13.5283832828494,39.9999999995314));
#5909=CARTESIAN_POINT('Ctrl Pts',(-13.9392338031198,-13.2474413816698,39.9999999994872));
#5910=CARTESIAN_POINT('Ctrl Pts',(-14.2229569589072,-12.9576039101794,39.9999999994421));
#5911=CARTESIAN_POINT('Ctrl Pts',(-14.5070444684241,-12.6673942330316,39.9999999993969));
#5912=CARTESIAN_POINT('Ctrl Pts',(-14.7820308003228,-12.3682657498297,39.9999999993509));
#5913=CARTESIAN_POINT('Ctrl Pts',(-15.0474814224118,-12.0606561959663,39.999999999308));
#5914=CARTESIAN_POINT('Ctrl Pts',(-15.3116877771657,-11.754488524276,39.9999999992653));
#5915=CARTESIAN_POINT('Ctrl Pts',(-15.5664479898055,-11.4399187026286,39.9999999992257));
#5916=CARTESIAN_POINT('Ctrl Pts',(-15.8112949956405,-11.117344433304,39.9999999991937));
#5917=CARTESIAN_POINT('Ctrl Pts',(-15.9931025289907,-10.8778216667171,39.99999999917));
#5918=CARTESIAN_POINT('Ctrl Pts',(-16.1694435711403,-10.633884852449,39.9999999991505));
#5919=CARTESIAN_POINT('Ctrl Pts',(-16.3401111126989,-10.3856865816978,39.9999999991374));
#5920=CARTESIAN_POINT('Ctrl Pts',(-16.4027684215666,-10.2945653551958,39.9999999991326));
#5921=CARTESIAN_POINT('Ctrl Pts',(-16.4646608881942,-10.2028696710616,39.9999999991287));
#5922=CARTESIAN_POINT('Ctrl Pts',(-16.5257777693326,-10.1106068241261,39.9999999991258));
#5923=CARTESIAN_POINT('Ctrl Pts',(-16.5474482392918,-10.0778927978927,39.9999999991247));
#5924=CARTESIAN_POINT('Ctrl Pts',(-16.5690225497697,-10.0451053944528,39.9999999991238));
#5925=CARTESIAN_POINT('Ctrl Pts',(-16.5904958220938,-10.0122516606486,39.999999999123));
#5926=CARTESIAN_POINT('Ctrl Pts',(-16.6734186436775,-9.88538118345806,39.9999999991199));
#5927=CARTESIAN_POINT('Ctrl Pts',(-16.7547852974828,-9.75759775777516,39.9999999991187));
#5928=CARTESIAN_POINT('Ctrl Pts',(-16.8345772253004,-9.62892691846385,39.999999999119));
#5929=CARTESIAN_POINT('Ctrl Pts',(-17.0473455502685,-9.28582104671294,39.9999999991199));
#5930=CARTESIAN_POINT('Ctrl Pts',(-17.2489196184356,-8.9364080996924,39.9999999991318));
#5931=CARTESIAN_POINT('Ctrl Pts',(-17.4392388999294,-8.58132036347848,39.9999999991501));
#5932=CARTESIAN_POINT('Ctrl Pts',(-17.6316854808328,-8.22226362356881,39.9999999991686));
#5933=CARTESIAN_POINT('Ctrl Pts',(-17.8126245143154,-7.85740409746494,39.9999999991936));
#5934=CARTESIAN_POINT('Ctrl Pts',(-17.9819536537575,-7.48735903273168,39.9999999992209));
#5935=CARTESIAN_POINT('Ctrl Pts',(-18.1524859067782,-7.11468473215916,39.9999999992484));
#5936=CARTESIAN_POINT('Ctrl Pts',(-18.3112429375669,-6.73675046696873,39.9999999992783));
#5937=CARTESIAN_POINT('Ctrl Pts',(-18.4580764575368,-6.35415682308706,39.9999999993071));
#5938=CARTESIAN_POINT('Ctrl Pts',(-18.6052247901378,-5.97074289435698,39.999999999336));
#5939=CARTESIAN_POINT('Ctrl Pts',(-18.7403986441743,-5.58264907522865,39.9999999993637));
#5940=CARTESIAN_POINT('Ctrl Pts',(-18.8634016323164,-5.19045735761337,39.9999999993876));
#5941=CARTESIAN_POINT('Ctrl Pts',(-18.9855957118135,-4.80084482344425,39.9999999994112));
#5942=CARTESIAN_POINT('Ctrl Pts',(-19.0957786280599,-4.40718758552968,39.999999999431));
#5943=CARTESIAN_POINT('Ctrl Pts',(-19.1937087474289,-4.01004187246577,39.999999999445));
#5944=CARTESIAN_POINT('Ctrl Pts',(-19.2509257052002,-3.77800427627153,39.9999999994531));
#5945=CARTESIAN_POINT('Ctrl Pts',(-19.3039590746966,-3.54477561282045,39.9999999994592));
#5946=CARTESIAN_POINT('Ctrl Pts',(-19.3527525038148,-3.31046561383725,39.999999999463));
#5947=CARTESIAN_POINT('Ctrl Pts',(-19.3653928931509,-3.24976544035038,39.999999999464));
#5948=CARTESIAN_POINT('Ctrl Pts',(-19.3777487006145,-3.18899269407627,39.9999999994649));
#5949=CARTESIAN_POINT('Ctrl Pts',(-19.3898188782383,-3.12814927873424,39.9999999994656));
#5950=CARTESIAN_POINT('Ctrl Pts',(-19.397400937989,-3.08992959175564,39.999999999466));
#5951=CARTESIAN_POINT('Ctrl Pts',(-19.4048707696956,-3.0516795174331,39.9999999994663));
#5952=CARTESIAN_POINT('Ctrl Pts',(-19.4122265378669,-3.01340771805293,39.9999999994666));
#5953=CARTESIAN_POINT('Ctrl Pts',(-19.4906533408878,-2.60535585979516,39.9999999994699));
#5954=CARTESIAN_POINT('Ctrl Pts',(-19.5560006097932,-2.19545464232823,39.9999999994673));
#5955=CARTESIAN_POINT('Ctrl Pts',(-19.6081590541416,-1.78432469299651,39.99999999946));
#5956=CARTESIAN_POINT('Ctrl Pts',(-19.6335063015322,-1.58452938342433,39.9999999994565));
#5957=CARTESIAN_POINT('Ctrl Pts',(-19.655738147435,-1.38444349899659,39.9999999994518));
#5958=CARTESIAN_POINT('Ctrl Pts',(-19.6748380612896,-1.18413632645123,39.9999999994462));
#5959=CARTESIAN_POINT('Ctrl Pts',(-19.7138242182712,-0.775275483786872,
39.9999999994348));
#5960=CARTESIAN_POINT('Ctrl Pts',(-19.739764949949,-0.365493493941279,39.9999999994194));
#5961=CARTESIAN_POINT('Ctrl Pts',(-19.7528493451674,0.0446085478464907,
39.9999999994021));
#5962=CARTESIAN_POINT('Ctrl Pts',(-19.7660358668596,0.457911522862098,39.9999999993846));
#5963=CARTESIAN_POINT('Ctrl Pts',(-19.7661645865029,0.871540087173458,39.9999999993652));
#5964=CARTESIAN_POINT('Ctrl Pts',(-19.7533765957597,1.28488885035574,39.9999999993466));
#5965=CARTESIAN_POINT('Ctrl Pts',(-19.7405498762209,1.69948945208553,39.9999999993279));
#5966=CARTESIAN_POINT('Ctrl Pts',(-19.7147280661887,2.1138091028401,39.9999999993101));
#5967=CARTESIAN_POINT('Ctrl Pts',(-19.6760011373617,2.52723873268501,39.9999999992965));
#5968=CARTESIAN_POINT('Ctrl Pts',(-19.6373613695453,2.93973787448355,39.9999999992829));
#5969=CARTESIAN_POINT('Ctrl Pts',(-19.585874445167,3.35135154698742,39.9999999992735));
#5970=CARTESIAN_POINT('Ctrl Pts',(-19.5215783580448,3.76146838459931,39.9999999992725));
#5971=CARTESIAN_POINT('Ctrl Pts',(-19.4946316893112,3.93334949058568,39.9999999992721));
#5972=CARTESIAN_POINT('Ctrl Pts',(-19.4654345123114,4.10496755686824,39.9999999992731));
#5973=CARTESIAN_POINT('Ctrl Pts',(-19.4339869696614,4.27627688592965,39.9999999992759));
#5974=CARTESIAN_POINT('Ctrl Pts',(-19.4186357490049,4.35990209443033,39.9999999992773));
#5975=CARTESIAN_POINT('Ctrl Pts',(-19.4027482569663,4.44345372527916,39.9999999992791));
#5976=CARTESIAN_POINT('Ctrl Pts',(-19.3863243751889,4.5269264155009,39.9999999992814));
#5977=CARTESIAN_POINT('Ctrl Pts',(-19.3750991725043,4.58397735382803,39.999999999283));
#5978=CARTESIAN_POINT('Ctrl Pts',(-19.3636219499849,4.64099825181328,39.9999999992848));
#5979=CARTESIAN_POINT('Ctrl Pts',(-19.3519002721395,4.69795103367212,39.9999999992868));
#5980=CARTESIAN_POINT('Ctrl Pts',(-19.2675248762473,5.10791056164146,39.9999999993012));
#5981=CARTESIAN_POINT('Ctrl Pts',(-19.1704378366999,5.51460860383884,39.9999999993266));
#5982=CARTESIAN_POINT('Ctrl Pts',(-19.0608270915179,5.9174389253447,39.9999999993583));
#5983=CARTESIAN_POINT('Ctrl Pts',(-18.9506004612275,6.32253268549299,39.9999999993903));
#5984=CARTESIAN_POINT('Ctrl Pts',(-18.8277089689294,6.72371569187986,39.9999999994286));
#5985=CARTESIAN_POINT('Ctrl Pts',(-18.6922911704824,7.12037303374021,39.9999999994694));
#5986=CARTESIAN_POINT('Ctrl Pts',(-18.6159490151498,7.34398969826557,39.9999999994923));
#5987=CARTESIAN_POINT('Ctrl Pts',(-18.5356248387541,7.56616801145352,39.9999999995161));
#5988=CARTESIAN_POINT('Ctrl Pts',(-18.451336209141,7.78679700557635,39.99999999954));
#5989=CARTESIAN_POINT('Ctrl Pts',(-18.3024813995757,8.17643066145035,39.9999999995821));
#5990=CARTESIAN_POINT('Ctrl Pts',(-18.1412651416868,8.56123329812827,39.9999999996247));
#5991=CARTESIAN_POINT('Ctrl Pts',(-17.968088848285,8.94072991495884,39.9999999996647));
#5992=CARTESIAN_POINT('Ctrl Pts',(-17.7942426588148,9.32169453463544,39.9999999997049));
#5993=CARTESIAN_POINT('Ctrl Pts',(-17.6083434720001,9.69731248019597,39.9999999997425));
#5994=CARTESIAN_POINT('Ctrl Pts',(-17.4107483468388,10.0670838282864,39.999999999775));
#5995=CARTESIAN_POINT('Ctrl Pts',(-17.2134065831435,10.436381046204,39.9999999998076));
#5996=CARTESIAN_POINT('Ctrl Pts',(-17.0043985653123,10.7998471166828,39.9999999998352));
#5997=CARTESIAN_POINT('Ctrl Pts',(-16.7840353096288,11.1569576937809,39.999999999856));
#5998=CARTESIAN_POINT('Ctrl Pts',(-16.6580908897573,11.3610574395534,39.9999999998679));
#5999=CARTESIAN_POINT('Ctrl Pts',(-16.5284365130248,11.5630806581952,39.9999999998776));
#6000=CARTESIAN_POINT('Ctrl Pts',(-16.3951242292683,11.7629246858845,39.9999999998849));
#6001=CARTESIAN_POINT('Ctrl Pts',(-16.3715569282041,11.7982536460803,39.9999999998862));
#6002=CARTESIAN_POINT('Ctrl Pts',(-16.3478799273564,11.8335075285635,39.9999999998874));
#6003=CARTESIAN_POINT('Ctrl Pts',(-16.3240975390888,11.8686801386686,39.9999999998887));
#6004=CARTESIAN_POINT('Ctrl Pts',(-16.0874694755623,12.2186377007389,39.9999999999013));
#6005=CARTESIAN_POINT('Ctrl Pts',(-15.840293130603,12.5607299996235,39.9999999999138));
#6006=CARTESIAN_POINT('Ctrl Pts',(-15.5830199241895,12.8944999191857,39.999999999925));
#6007=CARTESIAN_POINT('Ctrl Pts',(-15.3244121478614,13.2300012250016,39.9999999999363));
#6008=CARTESIAN_POINT('Ctrl Pts',(-15.0556022209798,13.5570940604569,39.9999999999463));
#6009=CARTESIAN_POINT('Ctrl Pts',(-14.7769991859433,13.8752952542813,39.9999999999545));
#6010=CARTESIAN_POINT('Ctrl Pts',(-14.4982729885552,14.1936371156591,39.9999999999626));
#6011=CARTESIAN_POINT('Ctrl Pts',(-14.2097447226769,14.5030799401725,39.999999999969));
#6012=CARTESIAN_POINT('Ctrl Pts',(-13.9117789251662,14.8031139748773,39.9999999999736));
#6013=CARTESIAN_POINT('Ctrl Pts',(-13.7093868654482,15.0069108763229,39.9999999999767));
#6014=CARTESIAN_POINT('Ctrl Pts',(-13.5026396339328,15.2063662567384,39.999999999979));
#6015=CARTESIAN_POINT('Ctrl Pts',(-13.2916406889574,15.4013118673816,39.9999999999807));
#6016=CARTESIAN_POINT('Ctrl Pts',(-12.981432729101,15.6879184196923,39.9999999999832));
#6017=CARTESIAN_POINT('Ctrl Pts',(-12.6620363011475,15.964779233777,39.9999999999844));
#6018=CARTESIAN_POINT('Ctrl Pts',(-12.3339949453268,16.2316120304746,39.9999999999852));
#6019=CARTESIAN_POINT('Ctrl Pts',(-12.2016173283872,16.3392895812511,39.9999999999855));
#6020=CARTESIAN_POINT('Ctrl Pts',(-12.0678315499791,16.4453336771518,39.9999999999858));
#6021=CARTESIAN_POINT('Ctrl Pts',(-11.932671864029,16.5497238672166,39.9999999999862));
#6022=CARTESIAN_POINT('Ctrl Pts',(-18.7596104136729,0.000307701860337791,
36.9276525234984));
#6023=CARTESIAN_POINT('Ctrl Pts',(-18.7577627446077,-2.31661647913599,36.9767973736068));
#6024=CARTESIAN_POINT('Ctrl Pts',(-18.3261301527021,-4.63421138006237,37.0259422237152));
#6025=CARTESIAN_POINT('Ctrl Pts',(-17.4872364099665,-6.79359001752666,37.0750870738236));
#6026=CARTESIAN_POINT('Ctrl Pts',(-16.4470752221699,-9.47104692776999,37.1360227597856));
#6027=CARTESIAN_POINT('Ctrl Pts',(-14.7807900166713,-11.9052618731394,37.1969584457476));
#6028=CARTESIAN_POINT('Ctrl Pts',(-12.6611761036171,-13.8438044857521,37.2578941317096));
#6029=CARTESIAN_POINT('Ctrl Pts',(-10.5415621905629,-15.7823470983648,37.3188298176716));
#6030=CARTESIAN_POINT('Ctrl Pts',(-7.96861956995311,-17.225217378221,37.3797655036336));
#6031=CARTESIAN_POINT('Ctrl Pts',(-5.20916470112231,-18.0227884846513,37.4407011895956));
#6032=CARTESIAN_POINT('Ctrl Pts',(-2.4497098322917,-18.8203595910815,37.5016368755576));
#6033=CARTESIAN_POINT('Ctrl Pts',(0.49625728475976,-18.9726315240859,37.5625725615196));
#6034=CARTESIAN_POINT('Ctrl Pts',(3.32323705514057,-18.4638132769765,37.6235082474816));
#6035=CARTESIAN_POINT('Ctrl Pts',(6.15021682552156,-17.9549950298671,37.6844439334436));
#6036=CARTESIAN_POINT('Ctrl Pts',(8.85820924923179,-16.7850866026437,37.7453796194057));
#6037=CARTESIAN_POINT('Ctrl Pts',(11.1663932474261,-15.07540909982,37.8063153053677));
#6038=CARTESIAN_POINT('Ctrl Pts',(13.4745772456203,-13.3657315969964,37.8672509913297));
#6039=CARTESIAN_POINT('Ctrl Pts',(15.3829528182988,-11.1162850185724,37.9281866772917));
#6040=CARTESIAN_POINT('Ctrl Pts',(16.6936192478747,-8.56033800247092,37.9891223632537));
#6041=CARTESIAN_POINT('Ctrl Pts',(18.0042856774506,-6.00439098636934,38.0500580492157));
#6042=CARTESIAN_POINT('Ctrl Pts',(18.7172429639239,-3.14194353259024,38.1109937351777));
#6043=CARTESIAN_POINT('Ctrl Pts',(18.7585576072974,-0.269836071189816,38.1719294211397));
#6044=CARTESIAN_POINT('Ctrl Pts',(18.7998722506709,2.60227139021061,38.2328651071017));
#6045=CARTESIAN_POINT('Ctrl Pts',(18.1695442509446,5.48403885923227,38.2938007930637));
#6046=CARTESIAN_POINT('Ctrl Pts',(16.9329375983227,8.07662831038422,38.3547364790257));
#6047=CARTESIAN_POINT('Ctrl Pts',(15.6963309457006,10.6692177615362,38.4156721649877));
#6048=CARTESIAN_POINT('Ctrl Pts',(13.853445640183,12.9726291948185,38.4766078509498));
#6049=CARTESIAN_POINT('Ctrl Pts',(11.5953936851114,14.7479891592114,38.5375435369118));
#6050=CARTESIAN_POINT('Ctrl Pts',(9.33734173004001,16.5233491236042,38.5984792228738));
#6051=CARTESIAN_POINT('Ctrl Pts',(6.66412312541468,17.7706576191076,38.6594149088358));
#6052=CARTESIAN_POINT('Ctrl Pts',(3.85294704944835,18.3605823266456,38.7203505947978));
#6053=CARTESIAN_POINT('Ctrl Pts',(1.04177097348184,18.9505070341837,38.7812862807598));
#6054=CARTESIAN_POINT('Ctrl Pts',(-1.90736257382586,18.8830479537564,38.8422219667218));
#6055=CARTESIAN_POINT('Ctrl Pts',(-4.68861401261369,18.1651720742152,38.9031576526838));
#6056=CARTESIAN_POINT('Ctrl Pts',(-7.46986545140143,17.4472961946741,38.9640933386458));
#6057=CARTESIAN_POINT('Ctrl Pts',(-10.0832347816692,16.0790035160193,39.0250290246079));
#6058=CARTESIAN_POINT('Ctrl Pts',(-12.2577359954965,14.2022427631129,39.0859647105699));
#6059=CARTESIAN_POINT('Ctrl Pts',(-14.4322372093238,12.3254820102066,39.1469003965319));
#6060=CARTESIAN_POINT('Ctrl Pts',(-16.1678703067104,9.94025318304876,39.2078360824939));
#6061=CARTESIAN_POINT('Ctrl Pts',(-17.2846042640147,7.29379872599687,39.2687717684559));
#6062=CARTESIAN_POINT('Ctrl Pts',(-18.2551769338584,4.99371968640104,39.321732020113));
#6063=CARTESIAN_POINT('Ctrl Pts',(-18.7582550554138,2.49632003357494,39.3746922717702));
#6064=CARTESIAN_POINT('Ctrl Pts',(-18.7600028379075,-0.0003076875794117,
39.4276525234273));
#6065=CARTESIAN_POINT('Ctrl Pts',(-2.47553253176446,-18.5955631685963,-1.05422892637819E-10));
#6066=CARTESIAN_POINT('Ctrl Pts',(-2.86710357937762,-18.55832537522,-1.81681842782973E-10));
#6067=CARTESIAN_POINT('Ctrl Pts',(-3.25772137643608,-18.5087310104845,-2.78795280871715E-10));
#6068=CARTESIAN_POINT('Ctrl Pts',(-3.6467902450858,-18.4466813792856,-3.54386742174029E-10));
#6069=CARTESIAN_POINT('Ctrl Pts',(-3.79841945604659,-18.422499191048,-3.83846497390172E-10));
#6070=CARTESIAN_POINT('Ctrl Pts',(-3.94981330763795,-18.3964246989048,-4.10026555068905E-10));
#6071=CARTESIAN_POINT('Ctrl Pts',(-4.10093604442621,-18.3684499609399,-4.30389390793096E-10));
#6072=CARTESIAN_POINT('Ctrl Pts',(-4.28314386210734,-18.334720979695,-4.54940631531979E-10));
#6073=CARTESIAN_POINT('Ctrl Pts',(-4.46495758748078,-18.2982296611465,-4.71034666451814E-10));
#6074=CARTESIAN_POINT('Ctrl Pts',(-4.64632190606231,-18.258996041442,-4.74179362441873E-10));
#6075=CARTESIAN_POINT('Ctrl Pts',(-5.03226285512597,-18.1755074007746,-4.80870912953572E-10));
#6076=CARTESIAN_POINT('Ctrl Pts',(-5.41498276884623,-18.0798607094895,-4.74864336118806E-10));
#6077=CARTESIAN_POINT('Ctrl Pts',(-5.79397954719479,-17.9724410893157,-4.61695903730686E-10));
#6078=CARTESIAN_POINT('Ctrl Pts',(-6.17749326036224,-17.8637412275928,-4.48370528185889E-10));
#6079=CARTESIAN_POINT('Ctrl Pts',(-6.55719504697221,-17.742986040129,-4.27711113821889E-10));
#6080=CARTESIAN_POINT('Ctrl Pts',(-6.93256534087515,-17.6105207100713,-4.04608568871367E-10));
#6081=CARTESIAN_POINT('Ctrl Pts',(-7.31090899234443,-17.4770061046772,-3.81323025617714E-10));
#6082=CARTESIAN_POINT('Ctrl Pts',(-7.68485277465832,-17.3315949665043,-3.55554742492865E-10));
#6083=CARTESIAN_POINT('Ctrl Pts',(-8.05385780780214,-17.174588229034,-3.31472627124185E-10));
#6084=CARTESIAN_POINT('Ctrl Pts',(-8.42369097395438,-17.0172291319747,-3.07336465894723E-10));
#6085=CARTESIAN_POINT('Ctrl Pts',(-8.78856372453661,-16.8482221434449,-2.84893310832937E-10));
#6086=CARTESIAN_POINT('Ctrl Pts',(-9.14791882853617,-16.6678202250281,-2.67499244976932E-10));
#6087=CARTESIAN_POINT('Ctrl Pts',(-9.50573277409552,-16.488191992406,-2.50179776673891E-10));
#6088=CARTESIAN_POINT('Ctrl Pts',(-9.85807680370081,-16.2972661277296,-2.3786414434256E-10));
#6089=CARTESIAN_POINT('Ctrl Pts',(-10.2043785653629,-16.0952460433568,-2.33073782496263E-10));
#6090=CARTESIAN_POINT('Ctrl Pts',(-10.5177111109924,-15.9124590225774,-2.28739480918982E-10));
#6091=CARTESIAN_POINT('Ctrl Pts',(-10.8260971201824,-15.720588976433,-2.30555493463008E-10));
#6092=CARTESIAN_POINT('Ctrl Pts',(-11.1290915919264,-15.5197559761678,-2.39828712444989E-10));
#6093=CARTESIAN_POINT('Ctrl Pts',(-11.1936849034865,-15.4769417674364,-2.41805606344806E-10));
#6094=CARTESIAN_POINT('Ctrl Pts',(-11.2580331026686,-15.4337201176216,-2.44118600338953E-10));
#6095=CARTESIAN_POINT('Ctrl Pts',(-11.3221317379019,-15.3900920273109,-2.46779374712958E-10));
#6096=CARTESIAN_POINT('Ctrl Pts',(-11.3636765297159,-15.3618149833051,-2.48503924963207E-10));
#6097=CARTESIAN_POINT('Ctrl Pts',(-11.4051201890683,-15.3333645831891,-2.5037984823503E-10));
#6098=CARTESIAN_POINT('Ctrl Pts',(-11.4464376822149,-15.3047577217016,-2.52368015374316E-10));
#6099=CARTESIAN_POINT('Ctrl Pts',(-11.6404012520444,-15.1704637809724,-2.61701398558639E-10));
#6100=CARTESIAN_POINT('Ctrl Pts',(-11.831678243965,-15.0326593494209,-2.73637653275571E-10));
#6101=CARTESIAN_POINT('Ctrl Pts',(-12.0201655777693,-14.891409206835,-2.87912360619202E-10));
#6102=CARTESIAN_POINT('Ctrl Pts',(-12.340385840241,-14.6514399907605,-3.12163596230881E-10));
#6103=CARTESIAN_POINT('Ctrl Pts',(-12.652555824812,-14.4015283717303,-3.43209513403196E-10));
#6104=CARTESIAN_POINT('Ctrl Pts',(-12.9563828390294,-14.1422349957996,-3.79149378559873E-10));
#6105=CARTESIAN_POINT('Ctrl Pts',(-13.2634114252934,-13.8802093202858,-4.15467959440508E-10));
#6106=CARTESIAN_POINT('Ctrl Pts',(-13.5619206774407,-13.6086028079415,-4.56784295329869E-10));
#6107=CARTESIAN_POINT('Ctrl Pts',(-13.8515838586649,-13.327946173439,-5.00351426957479E-10));
#6108=CARTESIAN_POINT('Ctrl Pts',(-14.1430551022313,-13.0455376949853,-5.44190502329279E-10));
#6109=CARTESIAN_POINT('Ctrl Pts',(-14.4255698942115,-12.753965395228,-5.90307971689496E-10));
#6110=CARTESIAN_POINT('Ctrl Pts',(-14.6987645327768,-12.4537270262823,-6.35121288894425E-10));
#6111=CARTESIAN_POINT('Ctrl Pts',(-14.9722640208711,-12.1531536305373,-6.79984611907345E-10));
#6112=CARTESIAN_POINT('Ctrl Pts',(-15.2364229285316,-11.8438944093486,-7.23537231118218E-10));
#6113=CARTESIAN_POINT('Ctrl Pts',(-15.4908397084034,-11.5264117127228,-7.61417484618221E-10));
#6114=CARTESIAN_POINT('Ctrl Pts',(-15.700228980221,-11.2651181349381,-7.9259356781773E-10));
#6115=CARTESIAN_POINT('Ctrl Pts',(-15.9030187903536,-10.9982535518533,-8.19912048693516E-10));
#6116=CARTESIAN_POINT('Ctrl Pts',(-16.0989638998729,-10.7260598375258,-8.40555958170341E-10));
#6117=CARTESIAN_POINT('Ctrl Pts',(-16.2459227320123,-10.5219145517801,-8.56038890277961E-10));
#6118=CARTESIAN_POINT('Ctrl Pts',(-16.3890310355832,-10.3147713243735,-8.67762430357484E-10));
#6119=CARTESIAN_POINT('Ctrl Pts',(-16.5281774095267,-10.1047277574945,-8.74408989659514E-10));
#6120=CARTESIAN_POINT('Ctrl Pts',(-16.5487896391037,-10.073613283585,-8.75393567283404E-10));
#6121=CARTESIAN_POINT('Ctrl Pts',(-16.5693162063381,-10.0424331870811,-8.76264288593639E-10));
#6122=CARTESIAN_POINT('Ctrl Pts',(-16.5897525184005,-10.0111942321125,-8.77022343637179E-10));
#6123=CARTESIAN_POINT('Ctrl Pts',(-16.8149771341718,-9.66691579242084,-8.853767206595E-10));
#6124=CARTESIAN_POINT('Ctrl Pts',(-17.0288990285637,-9.31601980955261,-8.80234959748078E-10));
#6125=CARTESIAN_POINT('Ctrl Pts',(-17.2311923846091,-8.95904796199676,-8.66857363668316E-10));
#6126=CARTESIAN_POINT('Ctrl Pts',(-17.382281021237,-8.6924332257735,-8.56865919596388E-10));
#6127=CARTESIAN_POINT('Ctrl Pts',(-17.526882346329,-8.42242825107146,-8.42264190138079E-10));
#6128=CARTESIAN_POINT('Ctrl Pts',(-17.6648478448428,-8.14924471954683,-8.24960211254222E-10));
#6129=CARTESIAN_POINT('Ctrl Pts',(-17.8483575340558,-7.78587978042634,-8.01944082423038E-10));
#6130=CARTESIAN_POINT('Ctrl Pts',(-18.0201289945658,-7.41689231963175,-7.7417395054522E-10));
#6131=CARTESIAN_POINT('Ctrl Pts',(-18.1801115073359,-7.0429041660736,-7.45506434363108E-10));
#6132=CARTESIAN_POINT('Ctrl Pts',(-18.3412027116571,-6.66632424483486,-7.16640250011384E-10));
#6133=CARTESIAN_POINT('Ctrl Pts',(-18.4903412022653,-6.28467359054282,-6.8686203803811E-10));
#6134=CARTESIAN_POINT('Ctrl Pts',(-18.6274294197498,-5.89855989216018,-6.59380161582845E-10));
#6135=CARTESIAN_POINT('Ctrl Pts',(-18.7647935360071,-5.51166911535633,-6.31842976100066E-10));
#6136=CARTESIAN_POINT('Ctrl Pts',(-18.8900589978712,-5.1202967887405,-6.06610342567932E-10));
#6137=CARTESIAN_POINT('Ctrl Pts',(-19.0030791332788,-4.72503476767415,-5.86188486639827E-10));
#6138=CARTESIAN_POINT('Ctrl Pts',(-19.1157264866034,-4.33107646650746,-5.658339895232E-10));
#6139=CARTESIAN_POINT('Ctrl Pts',(-19.2162092949027,-3.93325355276277,-5.50258197618131E-10));
#6140=CARTESIAN_POINT('Ctrl Pts',(-19.3043319465079,-3.53214062947936,-5.41250821939343E-10));
#6141=CARTESIAN_POINT('Ctrl Pts',(-19.3312681627507,-3.40953351039522,-5.38497561402523E-10));
#6142=CARTESIAN_POINT('Ctrl Pts',(-19.3570491738242,-3.28661894751927,-5.36352378367151E-10));
#6143=CARTESIAN_POINT('Ctrl Pts',(-19.3816684185292,-3.16341325575085,-5.34855215672536E-10));
#6144=CARTESIAN_POINT('Ctrl Pts',(-19.3894440680797,-3.12450043396028,-5.34382357444228E-10));
#6145=CARTESIAN_POINT('Ctrl Pts',(-19.3971038250209,-3.08555857118784,-5.33975287105992E-10));
#6146=CARTESIAN_POINT('Ctrl Pts',(-19.4046474729685,-3.04658818116943,-5.33632582566668E-10));
#6147=CARTESIAN_POINT('Ctrl Pts',(-19.4117329454834,-3.00998471964958,-5.33310692731542E-10));
#6148=CARTESIAN_POINT('Ctrl Pts',(-19.4187150608285,-2.9733607845406,-5.33041514381839E-10));
#6149=CARTESIAN_POINT('Ctrl Pts',(-19.4255922808691,-2.93672470553189,-5.32815069842485E-10));
#6150=CARTESIAN_POINT('Ctrl Pts',(-19.5020173129693,-2.52959602595727,-5.30298641534689E-10));
#6151=CARTESIAN_POINT('Ctrl Pts',(-19.5655494106124,-2.12067521600637,-5.33483801761382E-10));
#6152=CARTESIAN_POINT('Ctrl Pts',(-19.616146288272,-1.71059308722776,-5.41323874614363E-10));
#6153=CARTESIAN_POINT('Ctrl Pts',(-19.667039638636,-1.29810807978637,-5.49209886420669E-10));
#6154=CARTESIAN_POINT('Ctrl Pts',(-19.7048459184516,-0.884447581622334,
-5.61804744421682E-10));
#6155=CARTESIAN_POINT('Ctrl Pts',(-19.7294739313187,-0.470232137804739,
-5.7731952551876E-10));
#6156=CARTESIAN_POINT('Ctrl Pts',(-19.7494392556995,-0.134437863862498,
-5.8989697701562E-10));
#6157=CARTESIAN_POINT('Ctrl Pts',(-19.7607430197769,0.201721641597509,-6.04380267085024E-10));
#6158=CARTESIAN_POINT('Ctrl Pts',(-19.7633123898919,0.537922410467648,-6.19474582741475E-10));
#6159=CARTESIAN_POINT('Ctrl Pts',(-19.7664708237728,0.951201872607063,-6.38029424284322E-10));
#6160=CARTESIAN_POINT('Ctrl Pts',(-19.7564324123544,1.36454391434845,-6.57528036034618E-10));
#6161=CARTESIAN_POINT('Ctrl Pts',(-19.7333869107091,1.77735834276977,-6.74953815060775E-10));
#6162=CARTESIAN_POINT('Ctrl Pts',(-19.7102751687949,2.19135933415653,-6.92429681444865E-10));
#6163=CARTESIAN_POINT('Ctrl Pts',(-19.674081386995,2.60483021574133,-7.07819061772905E-10));
#6164=CARTESIAN_POINT('Ctrl Pts',(-19.6249444265095,3.01717423108639,-7.17417070195125E-10));
#6165=CARTESIAN_POINT('Ctrl Pts',(-19.5920329904971,3.29335805568692,-7.23845718546863E-10));
#6166=CARTESIAN_POINT('Ctrl Pts',(-19.5533139242378,3.56903630870442,-7.27660294719641E-10));
#6167=CARTESIAN_POINT('Ctrl Pts',(-19.5088160642204,3.84402746299373,-7.27586213500331E-10));
#6168=CARTESIAN_POINT('Ctrl Pts',(-19.4698804367051,4.08464472299688,-7.27521392433434E-10));
#6169=CARTESIAN_POINT('Ctrl Pts',(-19.426520261398,4.32473592524482,-7.24477629792451E-10));
#6170=CARTESIAN_POINT('Ctrl Pts',(-19.3787484837586,4.56417756678845,-7.17515158399351E-10));
#6171=CARTESIAN_POINT('Ctrl Pts',(-19.369823205322,4.60891283572117,-7.16214348614559E-10));
#6172=CARTESIAN_POINT('Ctrl Pts',(-19.3607435003206,4.65362726573214,-7.14774555394555E-10));
#6173=CARTESIAN_POINT('Ctrl Pts',(-19.3515140087289,4.69829843673886,-7.13203496260917E-10));
#6174=CARTESIAN_POINT('Ctrl Pts',(-19.2669142564585,5.10776519481997,-6.98802788249305E-10));
#6175=CARTESIAN_POINT('Ctrl Pts',(-19.1696549371072,5.51399939397722,-6.73440229054222E-10));
#6176=CARTESIAN_POINT('Ctrl Pts',(-19.0599934583851,5.91640966463082,-6.41735109496722E-10));
#6177=CARTESIAN_POINT('Ctrl Pts',(-18.9497362037852,6.32100617547606,-6.09857740342945E-10));
#6178=CARTESIAN_POINT('Ctrl Pts',(-18.8269415939821,6.72173763639224,-5.7156625804178E-10));
#6179=CARTESIAN_POINT('Ctrl Pts',(-18.6918181682735,7.11800450928517,-5.30882865446003E-10));
#6180=CARTESIAN_POINT('Ctrl Pts',(-18.5566279783615,7.51446717681525,-4.90179371270618E-10));
#6181=CARTESIAN_POINT('Ctrl Pts',(-18.4090966781132,7.90646139150071,-4.47080625658217E-10));
#6182=CARTESIAN_POINT('Ctrl Pts',(-18.2493815353251,8.29338005428453,-4.04958094835095E-10));
#6183=CARTESIAN_POINT('Ctrl Pts',(-18.0958429088813,8.66533576864126,-3.64464529779066E-10));
#6184=CARTESIAN_POINT('Ctrl Pts',(-17.9310441839668,9.03260129867174,-3.24868594599895E-10));
#6185=CARTESIAN_POINT('Ctrl Pts',(-17.7550815344818,9.39462438013066,-2.8861513179379E-10));
#6186=CARTESIAN_POINT('Ctrl Pts',(-17.5721170860278,9.77105286436075,-2.5091907126549E-10));
#6187=CARTESIAN_POINT('Ctrl Pts',(-17.3770826399877,10.141813976522,-2.16838135418449E-10));
#6188=CARTESIAN_POINT('Ctrl Pts',(-17.1703712568413,10.5064489034033,-1.88516507959591E-10));
#6189=CARTESIAN_POINT('Ctrl Pts',(-17.0049889201624,10.7981801826606,-1.65857393321588E-10));
#6190=CARTESIAN_POINT('Ctrl Pts',(-16.8321311658866,11.0859897298977,-1.46872574257957E-10));
#6191=CARTESIAN_POINT('Ctrl Pts',(-16.6519792613253,11.369629309301,-1.32381577921947E-10));
#6192=CARTESIAN_POINT('Ctrl Pts',(-16.603681204405,11.4456720277182,-1.28496595592319E-10));
#6193=CARTESIAN_POINT('Ctrl Pts',(-16.5548587824404,11.5214149538313,-1.24935214070429E-10));
#6194=CARTESIAN_POINT('Ctrl Pts',(-16.5055152871134,11.5968531372366,-1.21706450473269E-10));
#6195=CARTESIAN_POINT('Ctrl Pts',(-16.4706369659703,11.6501764206772,-1.19424207334819E-10));
#6196=CARTESIAN_POINT('Ctrl Pts',(-16.4354982975148,11.7033474430134,-1.1730899897708E-10));
#6197=CARTESIAN_POINT('Ctrl Pts',(-16.4001004197244,11.7563644330486,-1.15365106356791E-10));
#6198=CARTESIAN_POINT('Ctrl Pts',(-16.3802593348017,11.7860813162998,-1.14275522998481E-10));
#6199=CARTESIAN_POINT('Ctrl Pts',(-16.3603386246048,11.8157470631142,-1.13221564955023E-10));
#6200=CARTESIAN_POINT('Ctrl Pts',(-16.3403433164629,11.8453543810316,-1.12153286657701E-10));
#6201=CARTESIAN_POINT('Ctrl Pts',(-16.1061182173787,12.1921745912338,-9.96394715034253E-11));
#6202=CARTESIAN_POINT('Ctrl Pts',(-15.8614708374312,12.5312639914439,-8.72215906028669E-11));
#6203=CARTESIAN_POINT('Ctrl Pts',(-15.6068964917432,12.862227574955,-7.60291274382041E-11));
#6204=CARTESIAN_POINT('Ctrl Pts',(-15.3413301629166,13.2074814677258,-6.43533973282699E-11));
#6205=CARTESIAN_POINT('Ctrl Pts',(-15.0649611169944,13.5438932938748,-5.4014708630552E-11));
#6206=CARTESIAN_POINT('Ctrl Pts',(-14.7782962596887,13.8709932668995,-4.56059634501571E-11));
#6207=CARTESIAN_POINT('Ctrl Pts',(-14.4990781008635,14.1895961576696,-3.74156524041223E-11));
#6208=CARTESIAN_POINT('Ctrl Pts',(-14.2100915295859,14.4993650347734,-3.1053871348786E-11));
#6209=CARTESIAN_POINT('Ctrl Pts',(-13.9117586845781,14.7998392470715,-2.64493010826428E-11));
#6210=CARTESIAN_POINT('Ctrl Pts',(-13.6014911139444,15.1123338498209,-2.16605262152581E-11));
#6211=CARTESIAN_POINT('Ctrl Pts',(-13.2811144323215,15.4147759997524,-1.87756816890509E-11));
#6212=CARTESIAN_POINT('Ctrl Pts',(-12.9510570578748,15.7066097907293,-1.70388425591028E-11));
#6213=CARTESIAN_POINT('Ctrl Pts',(-12.620999683428,15.9984435817062,-1.53020034291547E-11));
#6214=CARTESIAN_POINT('Ctrl Pts',(-12.281261209927,16.2796695616005,-1.47101528481486E-11));
#6215=CARTESIAN_POINT('Ctrl Pts',(-11.9322287580365,16.549685318909,-1.38378264440035E-11));
#6216=CARTESIAN_POINT('Origin',(-0.00157358799077745,4.44089209850063E-15,
40.));
#6217=CARTESIAN_POINT('',(20.8607895043017,-2.81601868907447,40.));
#6218=CARTESIAN_POINT('',(20.8607895043017,2.81601868907426,40.));
#6219=CARTESIAN_POINT('Origin',(0.,0.,40.));
#6220=CARTESIAN_POINT('',(16.7420316303906,12.7595798084028,40.));
#6221=CARTESIAN_POINT('Ctrl Pts',(20.8607895043017,2.81601868907426,40.));
#6222=CARTESIAN_POINT('Ctrl Pts',(20.8489254457719,2.85009857215504,40.));
#6223=CARTESIAN_POINT('Ctrl Pts',(20.8185831796897,2.93669674559596,40.));
#6224=CARTESIAN_POINT('Ctrl Pts',(20.7691996902554,3.07552519222492,40.));
#6225=CARTESIAN_POINT('Ctrl Pts',(20.700072276301,3.26613971302521,40.));
#6226=CARTESIAN_POINT('Ctrl Pts',(20.6108522604133,3.50807448505914,40.));
#6227=CARTESIAN_POINT('Ctrl Pts',(20.5144399621753,3.76750345253801,40.));
#6228=CARTESIAN_POINT('Ctrl Pts',(20.4183583839242,4.02635548071708,40.));
#6229=CARTESIAN_POINT('Ctrl Pts',(20.3231990226243,4.28485763986025,40.));
#6230=CARTESIAN_POINT('Ctrl Pts',(20.2293535893265,4.54319025671421,40.));
#6231=CARTESIAN_POINT('Ctrl Pts',(20.1370218053396,4.80148452486184,40.));
#6232=CARTESIAN_POINT('Ctrl Pts',(20.0462240241641,5.05982229754865,40.));
#6233=CARTESIAN_POINT('Ctrl Pts',(19.9568117718316,5.31823499399451,40.));
#6234=CARTESIAN_POINT('Ctrl Pts',(19.868480003046,5.57670313503077,40.));
#6235=CARTESIAN_POINT('Ctrl Pts',(19.7807763641338,5.8351549194674,40.));
#6236=CARTESIAN_POINT('Ctrl Pts',(19.6931430195833,6.09347483614446,40.));
#6237=CARTESIAN_POINT('Ctrl Pts',(19.6049617866988,6.35151332901304,40.));
#6238=CARTESIAN_POINT('Ctrl Pts',(19.5155982559973,6.60909605493983,40.));
#6239=CARTESIAN_POINT('Ctrl Pts',(19.4244459601576,6.86603338533895,40.));
#6240=CARTESIAN_POINT('Ctrl Pts',(19.3309715474611,7.12212960467142,40.));
#6241=CARTESIAN_POINT('Ctrl Pts',(19.2347332621399,7.37719730359076,40.));
#6242=CARTESIAN_POINT('Ctrl Pts',(19.1353979897043,7.6310720278078,40.));
#6243=CARTESIAN_POINT('Ctrl Pts',(19.0327588319232,7.8836268375589,40.));
#6244=CARTESIAN_POINT('Ctrl Pts',(18.9267524578085,8.13478690063721,40.));
#6245=CARTESIAN_POINT('Ctrl Pts',(18.8174765634926,8.38454408445312,40.));
#6246=CARTESIAN_POINT('Ctrl Pts',(18.7051672080854,8.6329549281811,40.));
#6247=CARTESIAN_POINT('Ctrl Pts',(18.5901762258448,8.8801386925926,40.));
#6248=CARTESIAN_POINT('Ctrl Pts',(18.4729485036893,9.12627522776688,40.));
#6249=CARTESIAN_POINT('Ctrl Pts',(18.3539995700205,9.371603278536,40.));
#6250=CARTESIAN_POINT('Ctrl Pts',(18.2338923496526,9.61641759439647,40.));
#6251=CARTESIAN_POINT('Ctrl Pts',(18.1131987170444,9.861043491384,40.));
#6252=CARTESIAN_POINT('Ctrl Pts',(17.9924615454687,10.1058123385785,40.));
#6253=CARTESIAN_POINT('Ctrl Pts',(17.8721569629227,10.3510369065286,40.));
#6254=CARTESIAN_POINT('Ctrl Pts',(17.7526556028653,10.5969862864757,40.));
#6255=CARTESIAN_POINT('Ctrl Pts',(17.6341869387466,10.843862404165,40.));
#6256=CARTESIAN_POINT('Ctrl Pts',(17.5168337407738,11.09179246329,40.));
#6257=CARTESIAN_POINT('Ctrl Pts',(17.400523737864,11.3408199507373,40.));
#6258=CARTESIAN_POINT('Ctrl Pts',(17.2850229378528,11.5908964100873,40.));
#6259=CARTESIAN_POINT('Ctrl Pts',(17.1699268489341,11.8418723700651,40.));
#6260=CARTESIAN_POINT('Ctrl Pts',(17.0546566566686,12.0934901420796,40.));
#6261=CARTESIAN_POINT('Ctrl Pts',(16.9466710170101,12.3276519382411,40.));
#6262=CARTESIAN_POINT('Ctrl Pts',(16.8607666599319,12.5113172216644,40.));
#6263=CARTESIAN_POINT('Ctrl Pts',(16.7975195241559,12.6444031579546,40.));
#6264=CARTESIAN_POINT('Ctrl Pts',(16.7577405905803,12.7270925357359,40.));
#6265=CARTESIAN_POINT('Ctrl Pts',(16.7420316303906,12.7595798084028,40.));
#6266=CARTESIAN_POINT('',(12.759579808404,16.7420316303897,40.));
#6267=CARTESIAN_POINT('Origin',(0.,0.,40.));
#6268=CARTESIAN_POINT('',(2.81601868907384,20.8607895043018,40.));
#6269=CARTESIAN_POINT('Ctrl Pts',(12.759579808404,16.7420316303897,40.));
#6270=CARTESIAN_POINT('Ctrl Pts',(12.7270925357368,16.7577405905794,40.));
#6271=CARTESIAN_POINT('Ctrl Pts',(12.6444031579551,16.7975195241547,40.));
#6272=CARTESIAN_POINT('Ctrl Pts',(12.5113172216646,16.8607666599302,40.));
#6273=CARTESIAN_POINT('Ctrl Pts',(12.3276519382411,16.9466710170081,40.));
#6274=CARTESIAN_POINT('Ctrl Pts',(12.0934901420795,17.0546566566665,40.));
#6275=CARTESIAN_POINT('Ctrl Pts',(11.841872370065,17.1699268489327,40.));
#6276=CARTESIAN_POINT('Ctrl Pts',(11.5908964100873,17.2850229378527,40.));
#6277=CARTESIAN_POINT('Ctrl Pts',(11.3408199507374,17.4005237378649,40.));
#6278=CARTESIAN_POINT('Ctrl Pts',(11.09179246329,17.5168337407752,40.));
#6279=CARTESIAN_POINT('Ctrl Pts',(10.843862404165,17.6341869387479,40.));
#6280=CARTESIAN_POINT('Ctrl Pts',(10.5969862864757,17.752655602866,40.));
#6281=CARTESIAN_POINT('Ctrl Pts',(10.3510369065286,17.8721569629227,40.));
#6282=CARTESIAN_POINT('Ctrl Pts',(10.1058123385785,17.9924615454682,40.));
#6283=CARTESIAN_POINT('Ctrl Pts',(9.86104349138385,18.1131987170438,40.));
#6284=CARTESIAN_POINT('Ctrl Pts',(9.6164175943963,18.2338923496519,40.));
#6285=CARTESIAN_POINT('Ctrl Pts',(9.37160327853585,18.3539995700201,40.));
#6286=CARTESIAN_POINT('Ctrl Pts',(9.12627522776686,18.4729485036893,40.));
#6287=CARTESIAN_POINT('Ctrl Pts',(8.88013869259273,18.5901762258452,40.));
#6288=CARTESIAN_POINT('Ctrl Pts',(8.63295492818127,18.705167208086,40.));
#6289=CARTESIAN_POINT('Ctrl Pts',(8.38454408445328,18.817476563493,40.));
#6290=CARTESIAN_POINT('Ctrl Pts',(8.13478690063726,18.9267524578087,40.));
#6291=CARTESIAN_POINT('Ctrl Pts',(7.88362683755892,19.0327588319233,40.));
#6292=CARTESIAN_POINT('Ctrl Pts',(7.63107202780775,19.1353979897041,40.));
#6293=CARTESIAN_POINT('Ctrl Pts',(7.37719730359043,19.2347332621394,40.));
#6294=CARTESIAN_POINT('Ctrl Pts',(7.12212960467095,19.3309715474606,40.));
#6295=CARTESIAN_POINT('Ctrl Pts',(6.86603338533855,19.4244459601573,40.));
#6296=CARTESIAN_POINT('Ctrl Pts',(6.60909605493982,19.5155982559973,40.));
#6297=CARTESIAN_POINT('Ctrl Pts',(6.35151332901359,19.604961786699,40.));
#6298=CARTESIAN_POINT('Ctrl Pts',(6.09347483614539,19.6931430195837,40.));
#6299=CARTESIAN_POINT('Ctrl Pts',(5.83515491946832,19.7807763641342,40.));
#6300=CARTESIAN_POINT('Ctrl Pts',(5.57670313503132,19.8684800030463,40.));
#6301=CARTESIAN_POINT('Ctrl Pts',(5.31823499399447,19.9568117718316,40.));
#6302=CARTESIAN_POINT('Ctrl Pts',(5.059822297548,20.0462240241637,40.));
#6303=CARTESIAN_POINT('Ctrl Pts',(4.80148452486089,20.1370218053389,40.));
#6304=CARTESIAN_POINT('Ctrl Pts',(4.54319025671328,20.2293535893258,40.));
#6305=CARTESIAN_POINT('Ctrl Pts',(4.28485763985975,20.3231990226241,40.));
#6306=CARTESIAN_POINT('Ctrl Pts',(4.02635548071719,20.4183583839242,40.));
#6307=CARTESIAN_POINT('Ctrl Pts',(3.76750345253866,20.5144399621754,40.));
#6308=CARTESIAN_POINT('Ctrl Pts',(3.50807448506005,20.6108522604133,40.));
#6309=CARTESIAN_POINT('Ctrl Pts',(3.26613971302589,20.7000722763007,40.));
#6310=CARTESIAN_POINT('Ctrl Pts',(3.07552519222524,20.7691996902551,40.));
#6311=CARTESIAN_POINT('Ctrl Pts',(2.93669674559595,20.8185831796895,40.));
#6312=CARTESIAN_POINT('Ctrl Pts',(2.85009857215478,20.8489254457719,40.));
#6313=CARTESIAN_POINT('Ctrl Pts',(2.81601868907384,20.8607895043018,40.));
#6314=CARTESIAN_POINT('',(-2.81601868907556,20.8607895043015,40.));
#6315=CARTESIAN_POINT('Origin',(0.,0.,40.));
#6316=CARTESIAN_POINT('',(-12.7595798084035,16.7420316303901,40.));
#6317=CARTESIAN_POINT('Ctrl Pts',(-2.81601868907556,20.8607895043015,40.));
#6318=CARTESIAN_POINT('Ctrl Pts',(-2.85009857215611,20.848925445772,40.));
#6319=CARTESIAN_POINT('Ctrl Pts',(-2.93669674559685,20.8185831796902,40.));
#6320=CARTESIAN_POINT('Ctrl Pts',(-3.07552519222573,20.7691996902565,40.));
#6321=CARTESIAN_POINT('Ctrl Pts',(-3.26613971302606,20.7000722763027,40.));
#6322=CARTESIAN_POINT('Ctrl Pts',(-3.50807448506001,20.6108522604153,40.));
#6323=CARTESIAN_POINT('Ctrl Pts',(-3.76750345253868,20.5144399621766,40.));
#6324=CARTESIAN_POINT('Ctrl Pts',(-4.02635548071712,20.4183583839243,40.));
#6325=CARTESIAN_POINT('Ctrl Pts',(-4.28485763985966,20.3231990226234,40.));
#6326=CARTESIAN_POINT('Ctrl Pts',(-4.54319025671329,20.2293535893249,40.));
#6327=CARTESIAN_POINT('Ctrl Pts',(-4.80148452486097,20.1370218053381,40.));
#6328=CARTESIAN_POINT('Ctrl Pts',(-5.0598222975481,20.0462240241633,40.));
#6329=CARTESIAN_POINT('Ctrl Pts',(-5.31823499399446,19.9568117718316,40.));
#6330=CARTESIAN_POINT('Ctrl Pts',(-5.57670313503108,19.8684800030465,40.));
#6331=CARTESIAN_POINT('Ctrl Pts',(-5.83515491946787,19.7807763641345,40.));
#6332=CARTESIAN_POINT('Ctrl Pts',(-6.09347483614492,19.6931430195839,40.));
#6333=CARTESIAN_POINT('Ctrl Pts',(-6.35151332901332,19.6049617866991,40.));
#6334=CARTESIAN_POINT('Ctrl Pts',(-6.60909605493979,19.5155982559973,40.));
#6335=CARTESIAN_POINT('Ctrl Pts',(-6.86603338533862,19.4244459601573,40.));
#6336=CARTESIAN_POINT('Ctrl Pts',(-7.12212960467097,19.3309715474607,40.));
#6337=CARTESIAN_POINT('Ctrl Pts',(-7.3771973035904,19.2347332621395,40.));
#6338=CARTESIAN_POINT('Ctrl Pts',(-7.63107202780765,19.1353979897041,40.));
#6339=CARTESIAN_POINT('Ctrl Pts',(-7.88362683755888,19.0327588319232,40.));
#6340=CARTESIAN_POINT('Ctrl Pts',(-8.1347869006372,18.9267524578089,40.));
#6341=CARTESIAN_POINT('Ctrl Pts',(-8.38454408445306,18.8174765634932,40.));
#6342=CARTESIAN_POINT('Ctrl Pts',(-8.63295492818105,18.7051672080861,40.));
#6343=CARTESIAN_POINT('Ctrl Pts',(-8.88013869259259,18.5901762258452,40.));
#6344=CARTESIAN_POINT('Ctrl Pts',(-9.12627522776684,18.4729485036893,40.));
#6345=CARTESIAN_POINT('Ctrl Pts',(-9.37160327853582,18.3539995700201,40.));
#6346=CARTESIAN_POINT('Ctrl Pts',(-9.61641759439624,18.2338923496519,40.));
#6347=CARTESIAN_POINT('Ctrl Pts',(-9.86104349138379,18.1131987170438,40.));
#6348=CARTESIAN_POINT('Ctrl Pts',(-10.1058123385784,17.9924615454683,40.));
#6349=CARTESIAN_POINT('Ctrl Pts',(-10.3510369065285,17.8721569629228,40.));
#6350=CARTESIAN_POINT('Ctrl Pts',(-10.5969862864756,17.7526556028658,40.));
#6351=CARTESIAN_POINT('Ctrl Pts',(-10.8438624041649,17.6341869387473,40.));
#6352=CARTESIAN_POINT('Ctrl Pts',(-11.0917924632898,17.5168337407746,40.));
#6353=CARTESIAN_POINT('Ctrl Pts',(-11.3408199507372,17.4005237378645,40.));
#6354=CARTESIAN_POINT('Ctrl Pts',(-11.5908964100872,17.2850229378528,40.));
#6355=CARTESIAN_POINT('Ctrl Pts',(-11.8418723700651,17.1699268489334,40.));
#6356=CARTESIAN_POINT('Ctrl Pts',(-12.0934901420796,17.0546566566675,40.));
#6357=CARTESIAN_POINT('Ctrl Pts',(-12.3276519382411,16.9466710170091,40.));
#6358=CARTESIAN_POINT('Ctrl Pts',(-12.5113172216645,16.860766659931,40.));
#6359=CARTESIAN_POINT('Ctrl Pts',(-12.6444031579548,16.7975195241552,40.));
#6360=CARTESIAN_POINT('Ctrl Pts',(-12.7270925357364,16.7577405905798,40.));
#6361=CARTESIAN_POINT('Ctrl Pts',(-12.7595798084035,16.7420316303901,40.));
#6362=CARTESIAN_POINT('',(-16.7420316303896,12.7595798084042,40.));
#6363=CARTESIAN_POINT('Origin',(0.,0.,40.));
#6364=CARTESIAN_POINT('',(-20.8607895043017,2.81601868907459,40.));
#6365=CARTESIAN_POINT('Ctrl Pts',(-16.7420316303896,12.7595798084042,40.));
#6366=CARTESIAN_POINT('Ctrl Pts',(-16.7577405905792,12.727092535737,40.));
#6367=CARTESIAN_POINT('Ctrl Pts',(-16.7975195241545,12.6444031579553,40.));
#6368=CARTESIAN_POINT('Ctrl Pts',(-16.8607666599299,12.5113172216647,40.));
#6369=CARTESIAN_POINT('Ctrl Pts',(-16.9466710170074,12.327651938241,40.));
#6370=CARTESIAN_POINT('Ctrl Pts',(-17.0546566566658,12.0934901420793,40.));
#6371=CARTESIAN_POINT('Ctrl Pts',(-17.1699268489323,11.841872370065,40.));
#6372=CARTESIAN_POINT('Ctrl Pts',(-17.2850229378527,11.5908964100874,40.));
#6373=CARTESIAN_POINT('Ctrl Pts',(-17.4005237378651,11.3408199507376,40.));
#6374=CARTESIAN_POINT('Ctrl Pts',(-17.5168337407755,11.0917924632902,40.));
#6375=CARTESIAN_POINT('Ctrl Pts',(-17.6341869387482,10.8438624041652,40.));
#6376=CARTESIAN_POINT('Ctrl Pts',(-17.7526556028661,10.5969862864759,40.));
#6377=CARTESIAN_POINT('Ctrl Pts',(-17.8721569629227,10.3510369065286,40.));
#6378=CARTESIAN_POINT('Ctrl Pts',(-17.9924615454681,10.1058123385786,40.));
#6379=CARTESIAN_POINT('Ctrl Pts',(-18.1131987170437,9.861043491384,40.));
#6380=CARTESIAN_POINT('Ctrl Pts',(-18.2338923496519,9.61641759439652,40.));
#6381=CARTESIAN_POINT('Ctrl Pts',(-18.3539995700201,9.37160327853612,40.));
#6382=CARTESIAN_POINT('Ctrl Pts',(-18.4729485036892,9.12627522776701,40.));
#6383=CARTESIAN_POINT('Ctrl Pts',(-18.5901762258451,8.8801386925926,40.));
#6384=CARTESIAN_POINT('Ctrl Pts',(-18.705167208086,8.6329549281809,40.));
#6385=CARTESIAN_POINT('Ctrl Pts',(-18.8174765634932,8.38454408445282,40.));
#6386=CARTESIAN_POINT('Ctrl Pts',(-18.9267524578089,8.13478690063701,40.));
#6387=CARTESIAN_POINT('Ctrl Pts',(-19.0327588319232,7.883626837559,40.));
#6388=CARTESIAN_POINT('Ctrl Pts',(-19.1353979897038,7.63107202780822,40.));
#6389=CARTESIAN_POINT('Ctrl Pts',(-19.2347332621391,7.37719730359132,40.));
#6390=CARTESIAN_POINT('Ctrl Pts',(-19.3309715474603,7.12212960467188,40.));
#6391=CARTESIAN_POINT('Ctrl Pts',(-19.4244459601571,6.86603338533919,40.));
#6392=CARTESIAN_POINT('Ctrl Pts',(-19.5155982559973,6.60909605493989,40.));
#6393=CARTESIAN_POINT('Ctrl Pts',(-19.6049617866992,6.35151332901308,40.));
#6394=CARTESIAN_POINT('Ctrl Pts',(-19.693143019584,6.09347483614453,40.));
#6395=CARTESIAN_POINT('Ctrl Pts',(-19.7807763641344,5.83515491946751,40.));
#6396=CARTESIAN_POINT('Ctrl Pts',(-19.8684800030464,5.57670313503093,40.));
#6397=CARTESIAN_POINT('Ctrl Pts',(-19.9568117718316,5.31823499399465,40.));
#6398=CARTESIAN_POINT('Ctrl Pts',(-20.0462240241635,5.05982229754861,40.));
#6399=CARTESIAN_POINT('Ctrl Pts',(-20.1370218053384,4.8014845248616,40.));
#6400=CARTESIAN_POINT('Ctrl Pts',(-20.2293535893253,4.54319025671388,40.));
#6401=CARTESIAN_POINT('Ctrl Pts',(-20.3231990226237,4.28485763986004,40.));
#6402=CARTESIAN_POINT('Ctrl Pts',(-20.4183583839242,4.02635548071721,40.));
#6403=CARTESIAN_POINT('Ctrl Pts',(-20.514439962176,3.76750345253858,40.));
#6404=CARTESIAN_POINT('Ctrl Pts',(-20.6108522604142,3.50807448505996,40.));
#6405=CARTESIAN_POINT('Ctrl Pts',(-20.7000722763016,3.26613971302595,40.));
#6406=CARTESIAN_POINT('Ctrl Pts',(-20.7691996902557,3.07552519222546,40.));
#6407=CARTESIAN_POINT('Ctrl Pts',(-20.8185831796898,2.93669674559636,40.));
#6408=CARTESIAN_POINT('Ctrl Pts',(-20.8489254457719,2.85009857215538,40.));
#6409=CARTESIAN_POINT('Ctrl Pts',(-20.8607895043017,2.81601868907459,40.));
#6410=CARTESIAN_POINT('',(-20.8607895043017,-2.8160186890744,40.));
#6411=CARTESIAN_POINT('Origin',(0.,0.,40.));
#6412=CARTESIAN_POINT('',(-16.7420316303897,-12.759579808404,40.));
#6413=CARTESIAN_POINT('Ctrl Pts',(-20.8607895043017,-2.8160186890744,40.));
#6414=CARTESIAN_POINT('Ctrl Pts',(-20.8489254457719,-2.85009857215519,40.));
#6415=CARTESIAN_POINT('Ctrl Pts',(-20.8185831796897,-2.93669674559621,40.));
#6416=CARTESIAN_POINT('Ctrl Pts',(-20.7691996902555,-3.07552519222539,40.));
#6417=CARTESIAN_POINT('Ctrl Pts',(-20.7000722763011,-3.26613971302597,40.));
#6418=CARTESIAN_POINT('Ctrl Pts',(-20.6108522604137,-3.50807448506007,40.));
#6419=CARTESIAN_POINT('Ctrl Pts',(-20.5144399621757,-3.76750345253864,40.));
#6420=CARTESIAN_POINT('Ctrl Pts',(-20.4183583839243,-4.02635548071705,40.));
#6421=CARTESIAN_POINT('Ctrl Pts',(-20.323199022624,-4.28485763985952,40.));
#6422=CARTESIAN_POINT('Ctrl Pts',(-20.2293535893258,-4.54319025671304,40.));
#6423=CARTESIAN_POINT('Ctrl Pts',(-20.1370218053388,-4.8014845248607,40.));
#6424=CARTESIAN_POINT('Ctrl Pts',(-20.0462240241637,-5.05982229754792,40.));
#6425=CARTESIAN_POINT('Ctrl Pts',(-19.9568117718317,-5.31823499399437,40.));
#6426=CARTESIAN_POINT('Ctrl Pts',(-19.8684800030464,-5.57670313503109,40.));
#6427=CARTESIAN_POINT('Ctrl Pts',(-19.7807763641343,-5.83515491946794,40.));
#6428=CARTESIAN_POINT('Ctrl Pts',(-19.6931430195838,-6.09347483614495,40.));
#6429=CARTESIAN_POINT('Ctrl Pts',(-19.6049617866991,-6.35151332901331,40.));
#6430=CARTESIAN_POINT('Ctrl Pts',(-19.5155982559974,-6.6090960549397,40.));
#6431=CARTESIAN_POINT('Ctrl Pts',(-19.4244459601574,-6.86603338533849,40.));
#6432=CARTESIAN_POINT('Ctrl Pts',(-19.3309715474607,-7.12212960467077,40.));
#6433=CARTESIAN_POINT('Ctrl Pts',(-19.2347332621396,-7.37719730359014,40.));
#6434=CARTESIAN_POINT('Ctrl Pts',(-19.1353979897042,-7.6310720278074,40.));
#6435=CARTESIAN_POINT('Ctrl Pts',(-19.0327588319233,-7.88362683755879,40.));
#6436=CARTESIAN_POINT('Ctrl Pts',(-18.9267524578088,-8.1347869006373,40.));
#6437=CARTESIAN_POINT('Ctrl Pts',(-18.8174765634929,-8.38454408445329,40.));
#6438=CARTESIAN_POINT('Ctrl Pts',(-18.7051672080857,-8.63295492818122,40.));
#6439=CARTESIAN_POINT('Ctrl Pts',(-18.590176225845,-8.88013869259258,40.));
#6440=CARTESIAN_POINT('Ctrl Pts',(-18.4729485036894,-9.12627522776672,40.));
#6441=CARTESIAN_POINT('Ctrl Pts',(-18.3539995700204,-9.37160327853576,40.));
#6442=CARTESIAN_POINT('Ctrl Pts',(-18.2338923496523,-9.6164175943963,40.));
#6443=CARTESIAN_POINT('Ctrl Pts',(-18.1131987170442,-9.86104349138389,40.));
#6444=CARTESIAN_POINT('Ctrl Pts',(-17.9924615454685,-10.1058123385784,40.));
#6445=CARTESIAN_POINT('Ctrl Pts',(-17.8721569629228,-10.3510369065284,40.));
#6446=CARTESIAN_POINT('Ctrl Pts',(-17.7526556028658,-10.5969862864755,40.));
#6447=CARTESIAN_POINT('Ctrl Pts',(-17.6341869387475,-10.8438624041648,40.));
#6448=CARTESIAN_POINT('Ctrl Pts',(-17.5168337407749,-11.0917924632898,40.));
#6449=CARTESIAN_POINT('Ctrl Pts',(-17.4005237378648,-11.3408199507372,40.));
#6450=CARTESIAN_POINT('Ctrl Pts',(-17.2850229378528,-11.5908964100872,40.));
#6451=CARTESIAN_POINT('Ctrl Pts',(-17.1699268489331,-11.8418723700649,40.));
#6452=CARTESIAN_POINT('Ctrl Pts',(-17.0546566566668,-12.0934901420793,40.));
#6453=CARTESIAN_POINT('Ctrl Pts',(-16.9466710170082,-12.327651938241,40.));
#6454=CARTESIAN_POINT('Ctrl Pts',(-16.8607666599303,-12.5113172216645,40.));
#6455=CARTESIAN_POINT('Ctrl Pts',(-16.7975195241547,-12.6444031579551,40.));
#6456=CARTESIAN_POINT('Ctrl Pts',(-16.7577405905794,-12.7270925357368,40.));
#6457=CARTESIAN_POINT('Ctrl Pts',(-16.7420316303897,-12.759579808404,40.));
#6458=CARTESIAN_POINT('',(-12.7595798084042,-16.7420316303895,40.));
#6459=CARTESIAN_POINT('Origin',(0.,0.,40.));
#6460=CARTESIAN_POINT('',(-2.81601868907483,-20.8607895043016,40.));
#6461=CARTESIAN_POINT('Ctrl Pts',(-12.7595798084042,-16.7420316303895,40.));
#6462=CARTESIAN_POINT('Ctrl Pts',(-12.727092535737,-16.7577405905792,40.));
#6463=CARTESIAN_POINT('Ctrl Pts',(-12.6444031579551,-16.7975195241545,40.));
#6464=CARTESIAN_POINT('Ctrl Pts',(-12.5113172216644,-16.86076665993,40.));
#6465=CARTESIAN_POINT('Ctrl Pts',(-12.3276519382407,-16.9466710170078,40.));
#6466=CARTESIAN_POINT('Ctrl Pts',(-12.0934901420791,-17.0546566566663,40.));
#6467=CARTESIAN_POINT('Ctrl Pts',(-11.8418723700649,-17.1699268489326,40.));
#6468=CARTESIAN_POINT('Ctrl Pts',(-11.5908964100875,-17.2850229378527,40.));
#6469=CARTESIAN_POINT('Ctrl Pts',(-11.3408199507377,-17.4005237378649,40.));
#6470=CARTESIAN_POINT('Ctrl Pts',(-11.0917924632903,-17.5168337407751,40.));
#6471=CARTESIAN_POINT('Ctrl Pts',(-10.8438624041653,-17.6341869387478,40.));
#6472=CARTESIAN_POINT('Ctrl Pts',(-10.5969862864759,-17.7526556028659,40.));
#6473=CARTESIAN_POINT('Ctrl Pts',(-10.3510369065287,-17.8721569629227,40.));
#6474=CARTESIAN_POINT('Ctrl Pts',(-10.1058123385787,-17.9924615454681,40.));
#6475=CARTESIAN_POINT('Ctrl Pts',(-9.86104349138422,-18.1131987170437,40.));
#6476=CARTESIAN_POINT('Ctrl Pts',(-9.6164175943967,-18.2338923496519,40.));
#6477=CARTESIAN_POINT('Ctrl Pts',(-9.37160327853617,-18.3539995700201,40.));
#6478=CARTESIAN_POINT('Ctrl Pts',(-9.12627522776706,-18.4729485036892,40.));
#6479=CARTESIAN_POINT('Ctrl Pts',(-8.88013869259276,-18.5901762258449,40.));
#6480=CARTESIAN_POINT('Ctrl Pts',(-8.63295492818127,-18.7051672080856,40.));
#6481=CARTESIAN_POINT('Ctrl Pts',(-8.38454408445335,-18.8174765634927,40.));
#6482=CARTESIAN_POINT('Ctrl Pts',(-8.13478690063748,-18.9267524578086,40.));
#6483=CARTESIAN_POINT('Ctrl Pts',(-7.88362683755912,-19.0327588319232,40.));
#6484=CARTESIAN_POINT('Ctrl Pts',(-7.63107202780782,-19.1353979897041,40.));
#6485=CARTESIAN_POINT('Ctrl Pts',(-7.37719730359049,-19.2347332621395,40.));
#6486=CARTESIAN_POINT('Ctrl Pts',(-7.122129604671,-19.3309715474607,40.));
#6487=CARTESIAN_POINT('Ctrl Pts',(-6.86603338533869,-19.4244459601573,40.));
#6488=CARTESIAN_POINT('Ctrl Pts',(-6.60909605494,-19.5155982559973,40.));
#6489=CARTESIAN_POINT('Ctrl Pts',(-6.35151332901381,-19.6049617866989,40.));
#6490=CARTESIAN_POINT('Ctrl Pts',(-6.09347483614563,-19.6931430195835,40.));
#6491=CARTESIAN_POINT('Ctrl Pts',(-5.83515491946862,-19.780776364134,40.));
#6492=CARTESIAN_POINT('Ctrl Pts',(-5.57670313503161,-19.8684800030461,40.));
#6493=CARTESIAN_POINT('Ctrl Pts',(-5.31823499399465,-19.9568117718316,40.));
#6494=CARTESIAN_POINT('Ctrl Pts',(-5.05982229754799,-20.0462240241637,40.));
#6495=CARTESIAN_POINT('Ctrl Pts',(-4.80148452486072,-20.1370218053389,40.));
#6496=CARTESIAN_POINT('Ctrl Pts',(-4.54319025671308,-20.2293535893257,40.));
#6497=CARTESIAN_POINT('Ctrl Pts',(-4.28485763985967,-20.3231990226238,40.));
#6498=CARTESIAN_POINT('Ctrl Pts',(-4.0263554807174,-20.4183583839241,40.));
#6499=CARTESIAN_POINT('Ctrl Pts',(-3.76750345253923,-20.5144399621758,40.));
#6500=CARTESIAN_POINT('Ctrl Pts',(-3.50807448506079,-20.610852260414,40.));
#6501=CARTESIAN_POINT('Ctrl Pts',(-3.2661397130267,-20.7000722763015,40.));
#6502=CARTESIAN_POINT('Ctrl Pts',(-3.07552519222603,-20.7691996902557,40.));
#6503=CARTESIAN_POINT('Ctrl Pts',(-2.93669674559675,-20.8185831796898,40.));
#6504=CARTESIAN_POINT('Ctrl Pts',(-2.85009857215565,-20.8489254457719,40.));
#6505=CARTESIAN_POINT('Ctrl Pts',(-2.81601868907483,-20.8607895043016,40.));
#6506=CARTESIAN_POINT('',(2.81601868907454,-20.8607895043017,40.));
#6507=CARTESIAN_POINT('Origin',(0.,0.,40.));
#6508=CARTESIAN_POINT('',(12.759579808404,-16.7420316303897,40.));
#6509=CARTESIAN_POINT('Ctrl Pts',(2.81601868907455,-20.8607895043017,40.));
#6510=CARTESIAN_POINT('Ctrl Pts',(2.85009857215531,-20.8489254457719,40.));
#6511=CARTESIAN_POINT('Ctrl Pts',(2.93669674559633,-20.8185831796898,40.));
#6512=CARTESIAN_POINT('Ctrl Pts',(3.07552519222549,-20.7691996902556,40.));
#6513=CARTESIAN_POINT('Ctrl Pts',(3.26613971302602,-20.7000722763014,40.));
#6514=CARTESIAN_POINT('Ctrl Pts',(3.50807448506004,-20.610852260414,40.));
#6515=CARTESIAN_POINT('Ctrl Pts',(3.76750345253857,-20.5144399621759,40.));
#6516=CARTESIAN_POINT('Ctrl Pts',(4.02635548071695,-20.4183583839243,40.));
#6517=CARTESIAN_POINT('Ctrl Pts',(4.28485763985944,-20.323199022624,40.));
#6518=CARTESIAN_POINT('Ctrl Pts',(4.54319025671299,-20.2293535893258,40.));
#6519=CARTESIAN_POINT('Ctrl Pts',(4.80148452486064,-20.1370218053389,40.));
#6520=CARTESIAN_POINT('Ctrl Pts',(5.0598222975478,-20.0462240241638,40.));
#6521=CARTESIAN_POINT('Ctrl Pts',(5.31823499399424,-19.9568117718317,40.));
#6522=CARTESIAN_POINT('Ctrl Pts',(5.57670313503103,-19.8684800030464,40.));
#6523=CARTESIAN_POINT('Ctrl Pts',(5.83515491946796,-19.7807763641342,40.));
#6524=CARTESIAN_POINT('Ctrl Pts',(6.09347483614499,-19.6931430195837,40.));
#6525=CARTESIAN_POINT('Ctrl Pts',(6.35151332901327,-19.604961786699,40.));
#6526=CARTESIAN_POINT('Ctrl Pts',(6.60909605493961,-19.5155982559974,40.));
#6527=CARTESIAN_POINT('Ctrl Pts',(6.86603338533833,-19.4244459601575,40.));
#6528=CARTESIAN_POINT('Ctrl Pts',(7.12212960467064,-19.3309715474608,40.));
#6529=CARTESIAN_POINT('Ctrl Pts',(7.37719730359004,-19.2347332621396,40.));
#6530=CARTESIAN_POINT('Ctrl Pts',(7.63107202780733,-19.1353979897041,40.));
#6531=CARTESIAN_POINT('Ctrl Pts',(7.88362683755869,-19.0327588319234,40.));
#6532=CARTESIAN_POINT('Ctrl Pts',(8.1347869006372,-18.9267524578089,40.));
#6533=CARTESIAN_POINT('Ctrl Pts',(8.38454408445318,-18.817476563493,40.));
#6534=CARTESIAN_POINT('Ctrl Pts',(8.63295492818114,-18.7051672080859,40.));
#6535=CARTESIAN_POINT('Ctrl Pts',(8.88013869259252,-18.5901762258451,40.));
#6536=CARTESIAN_POINT('Ctrl Pts',(9.12627522776663,-18.4729485036894,40.));
#6537=CARTESIAN_POINT('Ctrl Pts',(9.37160327853561,-18.3539995700203,40.));
#6538=CARTESIAN_POINT('Ctrl Pts',(9.6164175943961,-18.2338923496522,40.));
#6539=CARTESIAN_POINT('Ctrl Pts',(9.86104349138366,-18.113198717044,40.));
#6540=CARTESIAN_POINT('Ctrl Pts',(10.1058123385783,-17.9924615454684,40.));
#6541=CARTESIAN_POINT('Ctrl Pts',(10.3510369065283,-17.8721569629228,40.));
#6542=CARTESIAN_POINT('Ctrl Pts',(10.5969862864755,-17.752655602866,40.));
#6543=CARTESIAN_POINT('Ctrl Pts',(10.8438624041648,-17.6341869387479,40.));
#6544=CARTESIAN_POINT('Ctrl Pts',(11.0917924632898,-17.5168337407753,40.));
#6545=CARTESIAN_POINT('Ctrl Pts',(11.3408199507372,-17.400523737865,40.));
#6546=CARTESIAN_POINT('Ctrl Pts',(11.590896410087,-17.2850229378529,40.));
#6547=CARTESIAN_POINT('Ctrl Pts',(11.8418723700648,-17.1699268489329,40.));
#6548=CARTESIAN_POINT('Ctrl Pts',(12.0934901420791,-17.0546566566666,40.));
#6549=CARTESIAN_POINT('Ctrl Pts',(12.3276519382408,-16.9466710170081,40.));
#6550=CARTESIAN_POINT('Ctrl Pts',(12.5113172216644,-16.8607666599303,40.));
#6551=CARTESIAN_POINT('Ctrl Pts',(12.644403157955,-16.7975195241547,40.));
#6552=CARTESIAN_POINT('Ctrl Pts',(12.7270925357368,-16.7577405905794,40.));
#6553=CARTESIAN_POINT('Ctrl Pts',(12.759579808404,-16.7420316303897,40.));
#6554=CARTESIAN_POINT('',(16.7420316303898,-12.7595798084039,40.));
#6555=CARTESIAN_POINT('Origin',(0.,0.,40.));
#6556=CARTESIAN_POINT('Ctrl Pts',(16.7420316303898,-12.7595798084039,40.));
#6557=CARTESIAN_POINT('Ctrl Pts',(16.7577405905794,-12.7270925357368,40.));
#6558=CARTESIAN_POINT('Ctrl Pts',(16.7975195241548,-12.6444031579551,40.));
#6559=CARTESIAN_POINT('Ctrl Pts',(16.8607666599303,-12.5113172216646,40.));
#6560=CARTESIAN_POINT('Ctrl Pts',(16.9466710170081,-12.3276519382411,40.));
#6561=CARTESIAN_POINT('Ctrl Pts',(17.0546566566665,-12.0934901420795,40.));
#6562=CARTESIAN_POINT('Ctrl Pts',(17.1699268489327,-11.8418723700652,40.));
#6563=CARTESIAN_POINT('Ctrl Pts',(17.2850229378526,-11.5908964100876,40.));
#6564=CARTESIAN_POINT('Ctrl Pts',(17.4005237378647,-11.3408199507376,40.));
#6565=CARTESIAN_POINT('Ctrl Pts',(17.516833740775,-11.0917924632902,40.));
#6566=CARTESIAN_POINT('Ctrl Pts',(17.6341869387477,-10.8438624041652,40.));
#6567=CARTESIAN_POINT('Ctrl Pts',(17.7526556028658,-10.5969862864759,40.));
#6568=CARTESIAN_POINT('Ctrl Pts',(17.8721569629226,-10.3510369065288,40.));
#6569=CARTESIAN_POINT('Ctrl Pts',(17.9924615454681,-10.1058123385788,40.));
#6570=CARTESIAN_POINT('Ctrl Pts',(18.1131987170437,-9.86104349138426,40.));
#6571=CARTESIAN_POINT('Ctrl Pts',(18.2338923496518,-9.61641759439673,40.));
#6572=CARTESIAN_POINT('Ctrl Pts',(18.35399957002,-9.37160327853625,40.));
#6573=CARTESIAN_POINT('Ctrl Pts',(18.4729485036891,-9.12627522776715,40.));
#6574=CARTESIAN_POINT('Ctrl Pts',(18.590176225845,-8.88013869259282,40.));
#6575=CARTESIAN_POINT('Ctrl Pts',(18.7051672080859,-8.63295492818122,40.));
#6576=CARTESIAN_POINT('Ctrl Pts',(18.817476563493,-8.38454408445319,40.));
#6577=CARTESIAN_POINT('Ctrl Pts',(18.9267524578088,-8.13478690063736,40.));
#6578=CARTESIAN_POINT('Ctrl Pts',(19.0327588319231,-7.88362683755917,40.));
#6579=CARTESIAN_POINT('Ctrl Pts',(19.1353979897039,-7.63107202780818,40.));
#6580=CARTESIAN_POINT('Ctrl Pts',(19.2347332621393,-7.3771973035911,40.));
#6581=CARTESIAN_POINT('Ctrl Pts',(19.3309715474606,-7.12212960467165,40.));
#6582=CARTESIAN_POINT('Ctrl Pts',(19.4244459601573,-6.86603338533914,40.));
#6583=CARTESIAN_POINT('Ctrl Pts',(19.5155982559972,-6.60909605494007,40.));
#6584=CARTESIAN_POINT('Ctrl Pts',(19.6049617866988,-6.3515133290135,40.));
#6585=CARTESIAN_POINT('Ctrl Pts',(19.6931430195835,-6.09347483614513,40.));
#6586=CARTESIAN_POINT('Ctrl Pts',(19.780776364134,-5.83515491946816,40.));
#6587=CARTESIAN_POINT('Ctrl Pts',(19.8684800030461,-5.5767031350314,40.));
#6588=CARTESIAN_POINT('Ctrl Pts',(19.9568117718315,-5.31823499399479,40.));
#6589=CARTESIAN_POINT('Ctrl Pts',(20.0462240241637,-5.05982229754842,40.));
#6590=CARTESIAN_POINT('Ctrl Pts',(20.1370218053389,-4.80148452486125,40.));
#6591=CARTESIAN_POINT('Ctrl Pts',(20.2293535893257,-4.54319025671355,40.));
#6592=CARTESIAN_POINT('Ctrl Pts',(20.3231990226239,-4.28485763985994,40.));
#6593=CARTESIAN_POINT('Ctrl Pts',(20.4183583839241,-4.02635548071743,40.));
#6594=CARTESIAN_POINT('Ctrl Pts',(20.5144399621756,-3.76750345253907,40.));
#6595=CARTESIAN_POINT('Ctrl Pts',(20.6108522604137,-3.5080744850606,40.));
#6596=CARTESIAN_POINT('Ctrl Pts',(20.7000722763011,-3.26613971302649,40.));
#6597=CARTESIAN_POINT('Ctrl Pts',(20.7691996902554,-3.07552519222583,40.));
#6598=CARTESIAN_POINT('Ctrl Pts',(20.8185831796897,-2.93669674559652,40.));
#6599=CARTESIAN_POINT('Ctrl Pts',(20.8489254457719,-2.85009857215537,40.));
#6600=CARTESIAN_POINT('Ctrl Pts',(20.8607895043017,-2.81601868907447,40.));
#6601=CARTESIAN_POINT('Origin',(0.,0.,39.));
#6602=CARTESIAN_POINT('Ctrl Pts',(12.759579808404,16.7420316303897,40.));
#6603=CARTESIAN_POINT('Ctrl Pts',(13.3582335601394,16.4525574092151,39.8820930586104));
#6604=CARTESIAN_POINT('Ctrl Pts',(13.9081129176176,16.1538432208343,39.7717123916674));
#6605=CARTESIAN_POINT('Ctrl Pts',(14.7437560801796,15.5368078958239,39.6753693892269));
#6606=CARTESIAN_POINT('Ctrl Pts',(15.0387048198994,15.2761865477771,39.6597996333464));
#6607=CARTESIAN_POINT('Ctrl Pts',(15.6669824299505,14.5981994983849,39.6820192822316));
#6608=CARTESIAN_POINT('Ctrl Pts',(15.9585955750453,14.1879781794543,39.7355360127913));
#6609=CARTESIAN_POINT('Ctrl Pts',(16.4109979746887,13.4233095181534,39.8681069540177));
#6610=CARTESIAN_POINT('Ctrl Pts',(16.5814948110048,13.0915816316601,39.9346110846181));
#6611=CARTESIAN_POINT('Ctrl Pts',(16.7420316303906,12.7595798084028,40.));
#6612=CARTESIAN_POINT('Origin',(0.,0.,39.));
#6613=CARTESIAN_POINT('Ctrl Pts',(-2.81601868907556,20.8607895043015,40.));
#6614=CARTESIAN_POINT('Ctrl Pts',(-2.18801737680919,21.0794124469848,39.8820930586004));
#6615=CARTESIAN_POINT('Ctrl Pts',(-1.58797112607614,21.2570130412381,39.7717123916635));
#6616=CARTESIAN_POINT('Ctrl Pts',(-0.560772316691772,21.4115921255844,39.6753693892269));
#6617=CARTESIAN_POINT('Ctrl Pts',(-0.167924940227308,21.4358652570164,39.659799633347));
#6618=CARTESIAN_POINT('Ctrl Pts',(0.755743658491851,21.4007153753731,39.6820192822307));
#6619=CARTESIAN_POINT('Ctrl Pts',(1.25201556732702,21.3168467313443,39.7355360127932));
#6620=CARTESIAN_POINT('Ctrl Pts',(2.1126147677171,21.0960411401885,39.8681069540194));
#6621=CARTESIAN_POINT('Ctrl Pts',(2.46774127485674,20.9820335712808,39.9346110846143));
#6622=CARTESIAN_POINT('Ctrl Pts',(2.81601868907385,20.8607895043018,40.));
#6623=CARTESIAN_POINT('Origin',(0.,0.,39.));
#6624=CARTESIAN_POINT('Ctrl Pts',(-16.7420316303895,12.7595798084042,40.));
#6625=CARTESIAN_POINT('Ctrl Pts',(-16.452557409194,13.358233560184,39.8820930586014));
#6626=CARTESIAN_POINT('Ctrl Pts',(-16.1538432208117,13.9081129176484,39.7717123916638));
#6627=CARTESIAN_POINT('Ctrl Pts',(-15.5368078958221,14.7437560801831,39.6753693892259));
#6628=CARTESIAN_POINT('Ctrl Pts',(-15.2761865477793,15.0387048198966,39.6597996333466));
#6629=CARTESIAN_POINT('Ctrl Pts',(-14.5981994983896,15.6669824299466,39.6820192822314));
#6630=CARTESIAN_POINT('Ctrl Pts',(-14.1879781794469,15.9585955750502,39.7355360127925));
#6631=CARTESIAN_POINT('Ctrl Pts',(-13.4233095181475,16.4109979746929,39.8681069540182));
#6632=CARTESIAN_POINT('Ctrl Pts',(-13.0915816316716,16.5814948110001,39.9346110846153));
#6633=CARTESIAN_POINT('Ctrl Pts',(-12.7595798084035,16.7420316303901,40.));
#6634=CARTESIAN_POINT('Origin',(0.,0.,39.));
#6635=CARTESIAN_POINT('Ctrl Pts',(-20.8607895043017,-2.81601868907437,40.));
#6636=CARTESIAN_POINT('Ctrl Pts',(-21.0794124469541,-2.18801737690305,39.8820930586162));
#6637=CARTESIAN_POINT('Ctrl Pts',(-21.2570130412271,-1.58797112614534,39.7717123916704));
#6638=CARTESIAN_POINT('Ctrl Pts',(-21.4115921255836,-0.560772316689332,
39.6753693892279));
#6639=CARTESIAN_POINT('Ctrl Pts',(-21.4358652570173,-0.167924940206893,
39.6597996333465));
#6640=CARTESIAN_POINT('Ctrl Pts',(-21.4007153753716,0.755743658521105,39.6820192822311));
#6641=CARTESIAN_POINT('Ctrl Pts',(-21.3168467313397,1.25201556734268,39.735536012796));
#6642=CARTESIAN_POINT('Ctrl Pts',(-21.0960411401891,2.11261476771078,39.8681069540195));
#6643=CARTESIAN_POINT('Ctrl Pts',(-20.9820335712775,2.46774127486454,39.9346110846163));
#6644=CARTESIAN_POINT('Ctrl Pts',(-20.8607895043017,2.81601868907459,40.));
#6645=CARTESIAN_POINT('Origin',(0.,0.,39.));
#6646=CARTESIAN_POINT('Ctrl Pts',(-12.7595798084042,-16.7420316303895,40.));
#6647=CARTESIAN_POINT('Ctrl Pts',(-13.358233560065,-16.4525574092517,39.8820930586247));
#6648=CARTESIAN_POINT('Ctrl Pts',(-13.9081129175705,-16.1538432208679,39.7717123916733));
#6649=CARTESIAN_POINT('Ctrl Pts',(-14.7437560801731,-15.5368078958291,39.6753693892276));
#6650=CARTESIAN_POINT('Ctrl Pts',(-15.0387048198937,-15.2761865477826,39.6597996333465));
#6651=CARTESIAN_POINT('Ctrl Pts',(-15.6669824299499,-14.5981994983864,39.6820192822313));
#6652=CARTESIAN_POINT('Ctrl Pts',(-15.9585955750612,-14.1879781794294,39.7355360127954));
#6653=CARTESIAN_POINT('Ctrl Pts',(-16.4109979746995,-13.423309518137,39.8681069540195));
#6654=CARTESIAN_POINT('Ctrl Pts',(-16.5814948110051,-13.0915816316624,39.9346110846167));
#6655=CARTESIAN_POINT('Ctrl Pts',(-16.7420316303897,-12.759579808404,40.));
#6656=CARTESIAN_POINT('Origin',(0.,0.,39.));
#6657=CARTESIAN_POINT('Ctrl Pts',(2.81601868907456,-20.8607895043017,40.));
#6658=CARTESIAN_POINT('Ctrl Pts',(2.18801737688045,-21.0794124469616,39.8820930586123));
#6659=CARTESIAN_POINT('Ctrl Pts',(1.58797112613755,-21.2570130412281,39.7717123916698));
#6660=CARTESIAN_POINT('Ctrl Pts',(0.560772316685962,-21.4115921255839,39.6753693892277));
#6661=CARTESIAN_POINT('Ctrl Pts',(0.167924940203712,-21.4358652570173,39.6597996333465));
#6662=CARTESIAN_POINT('Ctrl Pts',(-0.755743658520003,-21.4007153753715,
39.6820192822311));
#6663=CARTESIAN_POINT('Ctrl Pts',(-1.25201556733814,-21.3168467313407,39.7355360127954));
#6664=CARTESIAN_POINT('Ctrl Pts',(-2.11261476770626,-21.0960411401899,39.8681069540191));
#6665=CARTESIAN_POINT('Ctrl Pts',(-2.46774127485415,-20.982033571281,39.9346110846145));
#6666=CARTESIAN_POINT('Ctrl Pts',(-2.81601868907483,-20.8607895043016,40.));
#6667=CARTESIAN_POINT('Origin',(0.,0.,39.));
#6668=CARTESIAN_POINT('Ctrl Pts',(16.7420316303898,-12.7595798084039,40.));
#6669=CARTESIAN_POINT('Ctrl Pts',(16.4525574091963,-13.3582335601781,39.882093058603));
#6670=CARTESIAN_POINT('Ctrl Pts',(16.153843220822,-13.9081129176331,39.7717123916659));
#6671=CARTESIAN_POINT('Ctrl Pts',(15.5368078958268,-14.7437560801768,39.6753693892268));
#6672=CARTESIAN_POINT('Ctrl Pts',(15.2761865477836,-15.0387048198924,39.6597996333466));
#6673=CARTESIAN_POINT('Ctrl Pts',(14.5981994983881,-15.6669824299483,39.6820192822313));
#6674=CARTESIAN_POINT('Ctrl Pts',(14.187978179435,-15.958595575058,39.7355360127944));
#6675=CARTESIAN_POINT('Ctrl Pts',(13.4233095181353,-16.4109979747005,39.8681069540198));
#6676=CARTESIAN_POINT('Ctrl Pts',(13.0915816316543,-16.581494811009,39.9346110846182));
#6677=CARTESIAN_POINT('Ctrl Pts',(12.759579808404,-16.7420316303897,40.));
#6678=CARTESIAN_POINT('Origin',(0.,0.,39.));
#6679=CARTESIAN_POINT('',(21.425,0.,39.6666666666667));
#6680=CARTESIAN_POINT('Ctrl Pts',(20.8607895043017,2.81601868907425,40.));
#6681=CARTESIAN_POINT('Ctrl Pts',(21.0794124478768,2.18801737425335,39.8820930581185));
#6682=CARTESIAN_POINT('Ctrl Pts',(21.2570130414208,1.58797112485889,39.7717123915498));
#6683=CARTESIAN_POINT('Ctrl Pts',(21.3999103885075,0.638399030974944,39.6826501518768));
#6684=CARTESIAN_POINT('Ctrl Pts',(21.4250000000011,0.321659143799852,39.6666666666656));
#6685=CARTESIAN_POINT('Ctrl Pts',(21.425,-2.60208521396521E-15,39.6666666666667));
#6686=CARTESIAN_POINT('Ctrl Pts',(21.425,0.,39.6666666666667));
#6687=CARTESIAN_POINT('Ctrl Pts',(21.4249999999997,-0.0781444687663129,
39.6666666666669));
#6688=CARTESIAN_POINT('Ctrl Pts',(21.4235163638973,-0.1565792763227,39.6676058635885));
#6689=CARTESIAN_POINT('Ctrl Pts',(21.400715375465,-0.755743656884585,39.682019282188));
#6690=CARTESIAN_POINT('Ctrl Pts',(21.3168467318309,-1.25201556543626,39.7355360125012));
#6691=CARTESIAN_POINT('Ctrl Pts',(21.0960411401881,-2.11261476771231,39.8681069540198));
#6692=CARTESIAN_POINT('Ctrl Pts',(20.9820335712802,-2.4677412748571,39.9346110846148));
#6693=CARTESIAN_POINT('Ctrl Pts',(20.8607895043017,-2.8160186890745,40.));
#6694=CARTESIAN_POINT('Ctrl Pts',(21.425,0.,2.));
#6695=CARTESIAN_POINT('Ctrl Pts',(21.425,0.,40.));
#6696=CARTESIAN_POINT('Ctrl Pts',(21.4250000000002,0.05566947563177,2.));
#6697=CARTESIAN_POINT('Ctrl Pts',(21.4250000000002,0.05566947563177,40.));
#6698=CARTESIAN_POINT('Ctrl Pts',(21.4237451191088,0.167008426895198,2.));
#6699=CARTESIAN_POINT('Ctrl Pts',(21.4237451191088,0.167008426895198,40.));
#6700=CARTESIAN_POINT('Ctrl Pts',(21.4180981548298,0.333969524072854,2.));
#6701=CARTESIAN_POINT('Ctrl Pts',(21.4180981548298,0.333969524072854,40.));
#6702=CARTESIAN_POINT('Ctrl Pts',(21.4030994256399,0.556300342002139,2.));
#6703=CARTESIAN_POINT('Ctrl Pts',(21.4030994256399,0.556300342002139,40.));
#6704=CARTESIAN_POINT('Ctrl Pts',(21.3723156022693,0.833290961139096,2.));
#6705=CARTESIAN_POINT('Ctrl Pts',(21.3723156022693,0.833290961139096,40.));
#6706=CARTESIAN_POINT('Ctrl Pts',(21.3301389216764,1.10895637180238,2.));
#6707=CARTESIAN_POINT('Ctrl Pts',(21.3301389216764,1.10895637180238,40.));
#6708=CARTESIAN_POINT('Ctrl Pts',(21.2774057044743,1.38296540596765,2.));
#6709=CARTESIAN_POINT('Ctrl Pts',(21.2774057044743,1.38296540596765,40.));
#6710=CARTESIAN_POINT('Ctrl Pts',(21.2151108441156,1.65508132371005,2.));
#6711=CARTESIAN_POINT('Ctrl Pts',(21.2151108441156,1.65508132371005,40.));
#6712=CARTESIAN_POINT('Ctrl Pts',(21.1443728010352,1.92518657046417,2.));
#6713=CARTESIAN_POINT('Ctrl Pts',(21.1443728010352,1.92518657046417,40.));
#6714=CARTESIAN_POINT('Ctrl Pts',(21.0663939773046,2.19326779120606,2.));
#6715=CARTESIAN_POINT('Ctrl Pts',(21.0663939773046,2.19326779120606,40.));
#6716=CARTESIAN_POINT('Ctrl Pts',(20.9824209854526,2.4593992104606,2.));
#6717=CARTESIAN_POINT('Ctrl Pts',(20.9824209854526,2.4593992104606,40.));
#6718=CARTESIAN_POINT('Ctrl Pts',(20.8937047996516,2.72372662411257,2.));
#6719=CARTESIAN_POINT('Ctrl Pts',(20.8937047996516,2.72372662411257,40.));
#6720=CARTESIAN_POINT('Ctrl Pts',(20.8014613190275,2.98645110740733,2.));
#6721=CARTESIAN_POINT('Ctrl Pts',(20.8014613190275,2.98645110740733,40.));
#6722=CARTESIAN_POINT('Ctrl Pts',(20.706830779746,3.24781291747383,2.));
#6723=CARTESIAN_POINT('Ctrl Pts',(20.706830779746,3.24781291747383,40.));
#6724=CARTESIAN_POINT('Ctrl Pts',(20.6108522604133,3.50807448505914,2.));
#6725=CARTESIAN_POINT('Ctrl Pts',(20.6108522604133,3.50807448505914,40.));
#6726=CARTESIAN_POINT('Ctrl Pts',(20.5144399621753,3.76750345253801,2.));
#6727=CARTESIAN_POINT('Ctrl Pts',(20.5144399621753,3.76750345253801,40.));
#6728=CARTESIAN_POINT('Ctrl Pts',(20.4183583839242,4.02635548071708,2.));
#6729=CARTESIAN_POINT('Ctrl Pts',(20.4183583839242,4.02635548071708,40.));
#6730=CARTESIAN_POINT('Ctrl Pts',(20.3231990226243,4.28485763986025,2.));
#6731=CARTESIAN_POINT('Ctrl Pts',(20.3231990226243,4.28485763986025,40.));
#6732=CARTESIAN_POINT('Ctrl Pts',(20.2293535893265,4.54319025671421,2.));
#6733=CARTESIAN_POINT('Ctrl Pts',(20.2293535893265,4.54319025671421,40.));
#6734=CARTESIAN_POINT('Ctrl Pts',(20.1370218053396,4.80148452486184,2.));
#6735=CARTESIAN_POINT('Ctrl Pts',(20.1370218053396,4.80148452486184,40.));
#6736=CARTESIAN_POINT('Ctrl Pts',(20.0462240241641,5.05982229754865,2.));
#6737=CARTESIAN_POINT('Ctrl Pts',(20.0462240241641,5.05982229754865,40.));
#6738=CARTESIAN_POINT('Ctrl Pts',(19.9568117718316,5.31823499399451,2.));
#6739=CARTESIAN_POINT('Ctrl Pts',(19.9568117718316,5.31823499399451,40.));
#6740=CARTESIAN_POINT('Ctrl Pts',(19.868480003046,5.57670313503077,2.));
#6741=CARTESIAN_POINT('Ctrl Pts',(19.868480003046,5.57670313503077,40.));
#6742=CARTESIAN_POINT('Ctrl Pts',(19.7807763641338,5.8351549194674,2.));
#6743=CARTESIAN_POINT('Ctrl Pts',(19.7807763641338,5.8351549194674,40.));
#6744=CARTESIAN_POINT('Ctrl Pts',(19.6931430195833,6.09347483614446,2.));
#6745=CARTESIAN_POINT('Ctrl Pts',(19.6931430195833,6.09347483614446,40.));
#6746=CARTESIAN_POINT('Ctrl Pts',(19.6049617866988,6.35151332901304,2.));
#6747=CARTESIAN_POINT('Ctrl Pts',(19.6049617866988,6.35151332901304,40.));
#6748=CARTESIAN_POINT('Ctrl Pts',(19.5155982559973,6.60909605493983,2.));
#6749=CARTESIAN_POINT('Ctrl Pts',(19.5155982559973,6.60909605493983,40.));
#6750=CARTESIAN_POINT('Ctrl Pts',(19.4244459601576,6.86603338533895,2.));
#6751=CARTESIAN_POINT('Ctrl Pts',(19.4244459601576,6.86603338533895,40.));
#6752=CARTESIAN_POINT('Ctrl Pts',(19.3309715474611,7.12212960467142,2.));
#6753=CARTESIAN_POINT('Ctrl Pts',(19.3309715474611,7.12212960467142,40.));
#6754=CARTESIAN_POINT('Ctrl Pts',(19.2347332621399,7.37719730359076,2.));
#6755=CARTESIAN_POINT('Ctrl Pts',(19.2347332621399,7.37719730359076,40.));
#6756=CARTESIAN_POINT('Ctrl Pts',(19.1353979897043,7.6310720278078,2.));
#6757=CARTESIAN_POINT('Ctrl Pts',(19.1353979897043,7.6310720278078,40.));
#6758=CARTESIAN_POINT('Ctrl Pts',(19.0327588319232,7.8836268375589,2.));
#6759=CARTESIAN_POINT('Ctrl Pts',(19.0327588319232,7.8836268375589,40.));
#6760=CARTESIAN_POINT('Ctrl Pts',(18.9267524578085,8.13478690063721,2.));
#6761=CARTESIAN_POINT('Ctrl Pts',(18.9267524578085,8.13478690063721,40.));
#6762=CARTESIAN_POINT('Ctrl Pts',(18.8174765634926,8.38454408445312,2.));
#6763=CARTESIAN_POINT('Ctrl Pts',(18.8174765634926,8.38454408445312,40.));
#6764=CARTESIAN_POINT('Ctrl Pts',(18.7051672080854,8.6329549281811,2.));
#6765=CARTESIAN_POINT('Ctrl Pts',(18.7051672080854,8.6329549281811,40.));
#6766=CARTESIAN_POINT('Ctrl Pts',(18.5901762258448,8.8801386925926,2.));
#6767=CARTESIAN_POINT('Ctrl Pts',(18.5901762258448,8.8801386925926,40.));
#6768=CARTESIAN_POINT('Ctrl Pts',(18.4729485036893,9.12627522776688,2.));
#6769=CARTESIAN_POINT('Ctrl Pts',(18.4729485036893,9.12627522776688,40.));
#6770=CARTESIAN_POINT('Ctrl Pts',(18.3539995700205,9.371603278536,2.));
#6771=CARTESIAN_POINT('Ctrl Pts',(18.3539995700205,9.371603278536,40.));
#6772=CARTESIAN_POINT('Ctrl Pts',(18.2338923496526,9.61641759439647,2.));
#6773=CARTESIAN_POINT('Ctrl Pts',(18.2338923496526,9.61641759439647,40.));
#6774=CARTESIAN_POINT('Ctrl Pts',(18.1131987170444,9.861043491384,2.));
#6775=CARTESIAN_POINT('Ctrl Pts',(18.1131987170444,9.861043491384,40.));
#6776=CARTESIAN_POINT('Ctrl Pts',(17.9924615454687,10.1058123385785,2.));
#6777=CARTESIAN_POINT('Ctrl Pts',(17.9924615454687,10.1058123385785,40.));
#6778=CARTESIAN_POINT('Ctrl Pts',(17.8721569629227,10.3510369065286,2.));
#6779=CARTESIAN_POINT('Ctrl Pts',(17.8721569629227,10.3510369065286,40.));
#6780=CARTESIAN_POINT('Ctrl Pts',(17.7526556028653,10.5969862864757,2.));
#6781=CARTESIAN_POINT('Ctrl Pts',(17.7526556028653,10.5969862864757,40.));
#6782=CARTESIAN_POINT('Ctrl Pts',(17.6341869387466,10.843862404165,2.));
#6783=CARTESIAN_POINT('Ctrl Pts',(17.6341869387466,10.843862404165,40.));
#6784=CARTESIAN_POINT('Ctrl Pts',(17.5168337407738,11.09179246329,2.));
#6785=CARTESIAN_POINT('Ctrl Pts',(17.5168337407738,11.09179246329,40.));
#6786=CARTESIAN_POINT('Ctrl Pts',(17.400523737864,11.3408199507373,2.));
#6787=CARTESIAN_POINT('Ctrl Pts',(17.400523737864,11.3408199507373,40.));
#6788=CARTESIAN_POINT('Ctrl Pts',(17.2850229378528,11.5908964100873,2.));
#6789=CARTESIAN_POINT('Ctrl Pts',(17.2850229378528,11.5908964100873,40.));
#6790=CARTESIAN_POINT('Ctrl Pts',(17.1699268489341,11.8418723700651,2.));
#6791=CARTESIAN_POINT('Ctrl Pts',(17.1699268489341,11.8418723700651,40.));
#6792=CARTESIAN_POINT('Ctrl Pts',(17.0546566566686,12.0934901420796,2.));
#6793=CARTESIAN_POINT('Ctrl Pts',(17.0546566566686,12.0934901420796,40.));
#6794=CARTESIAN_POINT('Ctrl Pts',(16.9384909992148,12.3453899232699,2.));
#6795=CARTESIAN_POINT('Ctrl Pts',(16.9384909992148,12.3453899232699,40.));
#6796=CARTESIAN_POINT('Ctrl Pts',(16.8205941870054,12.5971145275444,2.));
#6797=CARTESIAN_POINT('Ctrl Pts',(16.8205941870054,12.5971145275444,40.));
#6798=CARTESIAN_POINT('Ctrl Pts',(16.7000459139516,12.8481147819352,2.));
#6799=CARTESIAN_POINT('Ctrl Pts',(16.7000459139516,12.8481147819352,40.));
#6800=CARTESIAN_POINT('Ctrl Pts',(16.5758700238844,13.0977543051628,2.));
#6801=CARTESIAN_POINT('Ctrl Pts',(16.5758700238844,13.0977543051628,40.));
#6802=CARTESIAN_POINT('Ctrl Pts',(16.4470645646173,13.3453155083793,2.));
#6803=CARTESIAN_POINT('Ctrl Pts',(16.4470645646173,13.3453155083793,40.));
#6804=CARTESIAN_POINT('Ctrl Pts',(16.3126418705716,13.590016912524,2.));
#6805=CARTESIAN_POINT('Ctrl Pts',(16.3126418705716,13.590016912524,40.));
#6806=CARTESIAN_POINT('Ctrl Pts',(16.1716679689077,13.8310295140872,2.));
#6807=CARTESIAN_POINT('Ctrl Pts',(16.1716679689077,13.8310295140872,40.));
#6808=CARTESIAN_POINT('Ctrl Pts',(16.023302076399,14.0674936429866,2.));
#6809=CARTESIAN_POINT('Ctrl Pts',(16.023302076399,14.0674936429866,40.));
#6810=CARTESIAN_POINT('Ctrl Pts',(15.8668364457065,14.298535304623,2.));
#6811=CARTESIAN_POINT('Ctrl Pts',(15.8668364457065,14.298535304623,40.));
#6812=CARTESIAN_POINT('Ctrl Pts',(15.7017349813549,14.5232836027085,2.));
#6813=CARTESIAN_POINT('Ctrl Pts',(15.7017349813549,14.5232836027085,40.));
#6814=CARTESIAN_POINT('Ctrl Pts',(15.5276404864655,14.7409129980528,2.));
#6815=CARTESIAN_POINT('Ctrl Pts',(15.5276404864655,14.7409129980528,40.));
#6816=CARTESIAN_POINT('Ctrl Pts',(15.3443830791502,14.9506846632996,2.));
#6817=CARTESIAN_POINT('Ctrl Pts',(15.3443830791502,14.9506846632996,40.));
#6818=CARTESIAN_POINT('Ctrl Pts',(15.1519881764,15.1519881764001,2.));
#6819=CARTESIAN_POINT('Ctrl Pts',(15.1519881764,15.1519881764001,40.));
#6820=CARTESIAN_POINT('Ctrl Pts',(14.9506846632994,15.3443830791502,2.));
#6821=CARTESIAN_POINT('Ctrl Pts',(14.9506846632994,15.3443830791502,40.));
#6822=CARTESIAN_POINT('Ctrl Pts',(14.7409129980526,15.5276404864653,2.));
#6823=CARTESIAN_POINT('Ctrl Pts',(14.7409129980526,15.5276404864653,40.));
#6824=CARTESIAN_POINT('Ctrl Pts',(14.5232836027081,15.7017349813546,2.));
#6825=CARTESIAN_POINT('Ctrl Pts',(14.5232836027081,15.7017349813546,40.));
#6826=CARTESIAN_POINT('Ctrl Pts',(14.2985353046227,15.8668364457062,2.));
#6827=CARTESIAN_POINT('Ctrl Pts',(14.2985353046227,15.8668364457062,40.));
#6828=CARTESIAN_POINT('Ctrl Pts',(14.0674936429865,16.0233020763989,2.));
#6829=CARTESIAN_POINT('Ctrl Pts',(14.0674936429865,16.0233020763989,40.));
#6830=CARTESIAN_POINT('Ctrl Pts',(13.8310295140876,16.1716679689083,2.));
#6831=CARTESIAN_POINT('Ctrl Pts',(13.8310295140876,16.1716679689083,40.));
#6832=CARTESIAN_POINT('Ctrl Pts',(13.5900169125248,16.3126418705729,2.));
#6833=CARTESIAN_POINT('Ctrl Pts',(13.5900169125248,16.3126418705729,40.));
#6834=CARTESIAN_POINT('Ctrl Pts',(13.34531550838,16.4470645646188,2.));
#6835=CARTESIAN_POINT('Ctrl Pts',(13.34531550838,16.4470645646188,40.));
#6836=CARTESIAN_POINT('Ctrl Pts',(13.0977543051631,16.5758700238856,2.));
#6837=CARTESIAN_POINT('Ctrl Pts',(13.0977543051631,16.5758700238856,40.));
#6838=CARTESIAN_POINT('Ctrl Pts',(12.8481147819352,16.7000459139518,2.));
#6839=CARTESIAN_POINT('Ctrl Pts',(12.8481147819352,16.7000459139518,40.));
#6840=CARTESIAN_POINT('Ctrl Pts',(12.5971145275441,16.8205941870043,2.));
#6841=CARTESIAN_POINT('Ctrl Pts',(12.5971145275441,16.8205941870043,40.));
#6842=CARTESIAN_POINT('Ctrl Pts',(12.3453899232696,16.9384909992129,2.));
#6843=CARTESIAN_POINT('Ctrl Pts',(12.3453899232696,16.9384909992129,40.));
#6844=CARTESIAN_POINT('Ctrl Pts',(12.0934901420795,17.0546566566665,2.));
#6845=CARTESIAN_POINT('Ctrl Pts',(12.0934901420795,17.0546566566665,40.));
#6846=CARTESIAN_POINT('Ctrl Pts',(11.841872370065,17.1699268489327,2.));
#6847=CARTESIAN_POINT('Ctrl Pts',(11.841872370065,17.1699268489327,40.));
#6848=CARTESIAN_POINT('Ctrl Pts',(11.5908964100873,17.2850229378527,2.));
#6849=CARTESIAN_POINT('Ctrl Pts',(11.5908964100873,17.2850229378527,40.));
#6850=CARTESIAN_POINT('Ctrl Pts',(11.3408199507374,17.4005237378649,2.));
#6851=CARTESIAN_POINT('Ctrl Pts',(11.3408199507374,17.4005237378649,40.));
#6852=CARTESIAN_POINT('Ctrl Pts',(11.09179246329,17.5168337407752,2.));
#6853=CARTESIAN_POINT('Ctrl Pts',(11.09179246329,17.5168337407752,40.));
#6854=CARTESIAN_POINT('Ctrl Pts',(10.843862404165,17.6341869387479,2.));
#6855=CARTESIAN_POINT('Ctrl Pts',(10.843862404165,17.6341869387479,40.));
#6856=CARTESIAN_POINT('Ctrl Pts',(10.5969862864757,17.752655602866,2.));
#6857=CARTESIAN_POINT('Ctrl Pts',(10.5969862864757,17.752655602866,40.));
#6858=CARTESIAN_POINT('Ctrl Pts',(10.3510369065286,17.8721569629227,2.));
#6859=CARTESIAN_POINT('Ctrl Pts',(10.3510369065286,17.8721569629227,40.));
#6860=CARTESIAN_POINT('Ctrl Pts',(10.1058123385785,17.9924615454682,2.));
#6861=CARTESIAN_POINT('Ctrl Pts',(10.1058123385785,17.9924615454682,40.));
#6862=CARTESIAN_POINT('Ctrl Pts',(9.86104349138385,18.1131987170438,2.));
#6863=CARTESIAN_POINT('Ctrl Pts',(9.86104349138385,18.1131987170438,40.));
#6864=CARTESIAN_POINT('Ctrl Pts',(9.6164175943963,18.2338923496519,2.));
#6865=CARTESIAN_POINT('Ctrl Pts',(9.6164175943963,18.2338923496519,40.));
#6866=CARTESIAN_POINT('Ctrl Pts',(9.37160327853585,18.3539995700201,2.));
#6867=CARTESIAN_POINT('Ctrl Pts',(9.37160327853585,18.3539995700201,40.));
#6868=CARTESIAN_POINT('Ctrl Pts',(9.12627522776686,18.4729485036893,2.));
#6869=CARTESIAN_POINT('Ctrl Pts',(9.12627522776686,18.4729485036893,40.));
#6870=CARTESIAN_POINT('Ctrl Pts',(8.88013869259273,18.5901762258452,2.));
#6871=CARTESIAN_POINT('Ctrl Pts',(8.88013869259273,18.5901762258452,40.));
#6872=CARTESIAN_POINT('Ctrl Pts',(8.63295492818127,18.705167208086,2.));
#6873=CARTESIAN_POINT('Ctrl Pts',(8.63295492818127,18.705167208086,40.));
#6874=CARTESIAN_POINT('Ctrl Pts',(8.38454408445328,18.817476563493,2.));
#6875=CARTESIAN_POINT('Ctrl Pts',(8.38454408445328,18.817476563493,40.));
#6876=CARTESIAN_POINT('Ctrl Pts',(8.13478690063726,18.9267524578087,2.));
#6877=CARTESIAN_POINT('Ctrl Pts',(8.13478690063726,18.9267524578087,40.));
#6878=CARTESIAN_POINT('Ctrl Pts',(7.88362683755892,19.0327588319233,2.));
#6879=CARTESIAN_POINT('Ctrl Pts',(7.88362683755892,19.0327588319233,40.));
#6880=CARTESIAN_POINT('Ctrl Pts',(7.63107202780775,19.1353979897041,2.));
#6881=CARTESIAN_POINT('Ctrl Pts',(7.63107202780775,19.1353979897041,40.));
#6882=CARTESIAN_POINT('Ctrl Pts',(7.37719730359043,19.2347332621394,2.));
#6883=CARTESIAN_POINT('Ctrl Pts',(7.37719730359043,19.2347332621394,40.));
#6884=CARTESIAN_POINT('Ctrl Pts',(7.12212960467095,19.3309715474606,2.));
#6885=CARTESIAN_POINT('Ctrl Pts',(7.12212960467095,19.3309715474606,40.));
#6886=CARTESIAN_POINT('Ctrl Pts',(6.86603338533855,19.4244459601573,2.));
#6887=CARTESIAN_POINT('Ctrl Pts',(6.86603338533855,19.4244459601573,40.));
#6888=CARTESIAN_POINT('Ctrl Pts',(6.60909605493982,19.5155982559973,2.));
#6889=CARTESIAN_POINT('Ctrl Pts',(6.60909605493982,19.5155982559973,40.));
#6890=CARTESIAN_POINT('Ctrl Pts',(6.35151332901359,19.604961786699,2.));
#6891=CARTESIAN_POINT('Ctrl Pts',(6.35151332901359,19.604961786699,40.));
#6892=CARTESIAN_POINT('Ctrl Pts',(6.09347483614539,19.6931430195837,2.));
#6893=CARTESIAN_POINT('Ctrl Pts',(6.09347483614539,19.6931430195837,40.));
#6894=CARTESIAN_POINT('Ctrl Pts',(5.83515491946832,19.7807763641342,2.));
#6895=CARTESIAN_POINT('Ctrl Pts',(5.83515491946832,19.7807763641342,40.));
#6896=CARTESIAN_POINT('Ctrl Pts',(5.57670313503132,19.8684800030463,2.));
#6897=CARTESIAN_POINT('Ctrl Pts',(5.57670313503132,19.8684800030463,40.));
#6898=CARTESIAN_POINT('Ctrl Pts',(5.31823499399447,19.9568117718316,2.));
#6899=CARTESIAN_POINT('Ctrl Pts',(5.31823499399447,19.9568117718316,40.));
#6900=CARTESIAN_POINT('Ctrl Pts',(5.059822297548,20.0462240241637,2.));
#6901=CARTESIAN_POINT('Ctrl Pts',(5.059822297548,20.0462240241637,40.));
#6902=CARTESIAN_POINT('Ctrl Pts',(4.80148452486089,20.1370218053389,2.));
#6903=CARTESIAN_POINT('Ctrl Pts',(4.80148452486089,20.1370218053389,40.));
#6904=CARTESIAN_POINT('Ctrl Pts',(4.54319025671328,20.2293535893258,2.));
#6905=CARTESIAN_POINT('Ctrl Pts',(4.54319025671328,20.2293535893258,40.));
#6906=CARTESIAN_POINT('Ctrl Pts',(4.28485763985975,20.3231990226241,2.));
#6907=CARTESIAN_POINT('Ctrl Pts',(4.28485763985975,20.3231990226241,40.));
#6908=CARTESIAN_POINT('Ctrl Pts',(4.02635548071719,20.4183583839242,2.));
#6909=CARTESIAN_POINT('Ctrl Pts',(4.02635548071719,20.4183583839242,40.));
#6910=CARTESIAN_POINT('Ctrl Pts',(3.76750345253866,20.5144399621754,2.));
#6911=CARTESIAN_POINT('Ctrl Pts',(3.76750345253866,20.5144399621754,40.));
#6912=CARTESIAN_POINT('Ctrl Pts',(3.50807448506005,20.6108522604133,2.));
#6913=CARTESIAN_POINT('Ctrl Pts',(3.50807448506005,20.6108522604133,40.));
#6914=CARTESIAN_POINT('Ctrl Pts',(3.24781291747462,20.7068307797456,2.));
#6915=CARTESIAN_POINT('Ctrl Pts',(3.24781291747462,20.7068307797456,40.));
#6916=CARTESIAN_POINT('Ctrl Pts',(2.98645110740774,20.8014613190271,2.));
#6917=CARTESIAN_POINT('Ctrl Pts',(2.98645110740774,20.8014613190271,40.));
#6918=CARTESIAN_POINT('Ctrl Pts',(2.72372662411254,20.8937047996516,2.));
#6919=CARTESIAN_POINT('Ctrl Pts',(2.72372662411254,20.8937047996516,40.));
#6920=CARTESIAN_POINT('Ctrl Pts',(2.45939921046021,20.9824209854534,2.));
#6921=CARTESIAN_POINT('Ctrl Pts',(2.45939921046021,20.9824209854534,40.));
#6922=CARTESIAN_POINT('Ctrl Pts',(2.19326779120548,21.066393977306,2.));
#6923=CARTESIAN_POINT('Ctrl Pts',(2.19326779120548,21.066393977306,40.));
#6924=CARTESIAN_POINT('Ctrl Pts',(1.92518657046363,21.1443728010374,2.));
#6925=CARTESIAN_POINT('Ctrl Pts',(1.92518657046363,21.1443728010374,40.));
#6926=CARTESIAN_POINT('Ctrl Pts',(1.65508132370977,21.215110844116,2.));
#6927=CARTESIAN_POINT('Ctrl Pts',(1.65508132370977,21.215110844116,40.));
#6928=CARTESIAN_POINT('Ctrl Pts',(1.38296540596772,21.2774057044765,2.));
#6929=CARTESIAN_POINT('Ctrl Pts',(1.38296540596772,21.2774057044765,40.));
#6930=CARTESIAN_POINT('Ctrl Pts',(1.10895637180269,21.3301389216694,2.));
#6931=CARTESIAN_POINT('Ctrl Pts',(1.10895637180269,21.3301389216694,40.));
#6932=CARTESIAN_POINT('Ctrl Pts',(0.833290961139401,21.3723156022781,2.));
#6933=CARTESIAN_POINT('Ctrl Pts',(0.833290961139401,21.3723156022781,40.));
#6934=CARTESIAN_POINT('Ctrl Pts',(0.556300342002413,21.4030994256084,2.));
#6935=CARTESIAN_POINT('Ctrl Pts',(0.556300342002413,21.4030994256084,40.));
#6936=CARTESIAN_POINT('Ctrl Pts',(0.278386819590399,21.4218478371909,2.));
#6937=CARTESIAN_POINT('Ctrl Pts',(0.278386819590399,21.4218478371909,40.));
#6938=CARTESIAN_POINT('Ctrl Pts',(1.15749423934552E-14,21.4281471759818,
2.));
#6939=CARTESIAN_POINT('Ctrl Pts',(1.15749423934552E-14,21.4281471759818,
40.));
#6940=CARTESIAN_POINT('Ctrl Pts',(-0.278386819590281,21.421847837193,2.));
#6941=CARTESIAN_POINT('Ctrl Pts',(-0.278386819590281,21.421847837193,40.));
#6942=CARTESIAN_POINT('Ctrl Pts',(-0.556300342002094,21.4030994256117,2.));
#6943=CARTESIAN_POINT('Ctrl Pts',(-0.556300342002094,21.4030994256117,40.));
#6944=CARTESIAN_POINT('Ctrl Pts',(-0.833290961138953,21.3723156022815,2.));
#6945=CARTESIAN_POINT('Ctrl Pts',(-0.833290961138953,21.3723156022815,40.));
#6946=CARTESIAN_POINT('Ctrl Pts',(-1.1089563718023,21.3301389216715,2.));
#6947=CARTESIAN_POINT('Ctrl Pts',(-1.1089563718023,21.3301389216715,40.));
#6948=CARTESIAN_POINT('Ctrl Pts',(-1.38296540596762,21.2774057044766,2.));
#6949=CARTESIAN_POINT('Ctrl Pts',(-1.38296540596762,21.2774057044766,40.));
#6950=CARTESIAN_POINT('Ctrl Pts',(-1.65508132371005,21.2151108441141,2.));
#6951=CARTESIAN_POINT('Ctrl Pts',(-1.65508132371005,21.2151108441141,40.));
#6952=CARTESIAN_POINT('Ctrl Pts',(-1.92518657046419,21.1443728010345,2.));
#6953=CARTESIAN_POINT('Ctrl Pts',(-1.92518657046419,21.1443728010345,40.));
#6954=CARTESIAN_POINT('Ctrl Pts',(-2.19326779120602,21.0663939773031,2.));
#6955=CARTESIAN_POINT('Ctrl Pts',(-2.19326779120602,21.0663939773031,40.));
#6956=CARTESIAN_POINT('Ctrl Pts',(-2.4593992104605,20.9824209854517,2.));
#6957=CARTESIAN_POINT('Ctrl Pts',(-2.4593992104605,20.9824209854517,40.));
#6958=CARTESIAN_POINT('Ctrl Pts',(-2.72372662411246,20.8937047996515,2.));
#6959=CARTESIAN_POINT('Ctrl Pts',(-2.72372662411246,20.8937047996515,40.));
#6960=CARTESIAN_POINT('Ctrl Pts',(-2.98645110740748,20.8014613190285,2.));
#6961=CARTESIAN_POINT('Ctrl Pts',(-2.98645110740748,20.8014613190285,40.));
#6962=CARTESIAN_POINT('Ctrl Pts',(-3.24781291747441,20.7068307797478,2.));
#6963=CARTESIAN_POINT('Ctrl Pts',(-3.24781291747441,20.7068307797478,40.));
#6964=CARTESIAN_POINT('Ctrl Pts',(-3.50807448506001,20.6108522604153,2.));
#6965=CARTESIAN_POINT('Ctrl Pts',(-3.50807448506001,20.6108522604153,40.));
#6966=CARTESIAN_POINT('Ctrl Pts',(-3.76750345253868,20.5144399621766,2.));
#6967=CARTESIAN_POINT('Ctrl Pts',(-3.76750345253868,20.5144399621766,40.));
#6968=CARTESIAN_POINT('Ctrl Pts',(-4.02635548071712,20.4183583839243,2.));
#6969=CARTESIAN_POINT('Ctrl Pts',(-4.02635548071712,20.4183583839243,40.));
#6970=CARTESIAN_POINT('Ctrl Pts',(-4.28485763985966,20.3231990226234,2.));
#6971=CARTESIAN_POINT('Ctrl Pts',(-4.28485763985966,20.3231990226234,40.));
#6972=CARTESIAN_POINT('Ctrl Pts',(-4.54319025671329,20.2293535893249,2.));
#6973=CARTESIAN_POINT('Ctrl Pts',(-4.54319025671329,20.2293535893249,40.));
#6974=CARTESIAN_POINT('Ctrl Pts',(-4.80148452486097,20.1370218053381,2.));
#6975=CARTESIAN_POINT('Ctrl Pts',(-4.80148452486097,20.1370218053381,40.));
#6976=CARTESIAN_POINT('Ctrl Pts',(-5.0598222975481,20.0462240241633,2.));
#6977=CARTESIAN_POINT('Ctrl Pts',(-5.0598222975481,20.0462240241633,40.));
#6978=CARTESIAN_POINT('Ctrl Pts',(-5.31823499399446,19.9568117718316,2.));
#6979=CARTESIAN_POINT('Ctrl Pts',(-5.31823499399446,19.9568117718316,40.));
#6980=CARTESIAN_POINT('Ctrl Pts',(-5.57670313503108,19.8684800030465,2.));
#6981=CARTESIAN_POINT('Ctrl Pts',(-5.57670313503108,19.8684800030465,40.));
#6982=CARTESIAN_POINT('Ctrl Pts',(-5.83515491946787,19.7807763641345,2.));
#6983=CARTESIAN_POINT('Ctrl Pts',(-5.83515491946787,19.7807763641345,40.));
#6984=CARTESIAN_POINT('Ctrl Pts',(-6.09347483614492,19.6931430195839,2.));
#6985=CARTESIAN_POINT('Ctrl Pts',(-6.09347483614492,19.6931430195839,40.));
#6986=CARTESIAN_POINT('Ctrl Pts',(-6.35151332901332,19.6049617866991,2.));
#6987=CARTESIAN_POINT('Ctrl Pts',(-6.35151332901332,19.6049617866991,40.));
#6988=CARTESIAN_POINT('Ctrl Pts',(-6.60909605493979,19.5155982559973,2.));
#6989=CARTESIAN_POINT('Ctrl Pts',(-6.60909605493979,19.5155982559973,40.));
#6990=CARTESIAN_POINT('Ctrl Pts',(-6.86603338533862,19.4244459601573,2.));
#6991=CARTESIAN_POINT('Ctrl Pts',(-6.86603338533862,19.4244459601573,40.));
#6992=CARTESIAN_POINT('Ctrl Pts',(-7.12212960467097,19.3309715474607,2.));
#6993=CARTESIAN_POINT('Ctrl Pts',(-7.12212960467097,19.3309715474607,40.));
#6994=CARTESIAN_POINT('Ctrl Pts',(-7.3771973035904,19.2347332621395,2.));
#6995=CARTESIAN_POINT('Ctrl Pts',(-7.3771973035904,19.2347332621395,40.));
#6996=CARTESIAN_POINT('Ctrl Pts',(-7.63107202780765,19.1353979897041,2.));
#6997=CARTESIAN_POINT('Ctrl Pts',(-7.63107202780765,19.1353979897041,40.));
#6998=CARTESIAN_POINT('Ctrl Pts',(-7.88362683755888,19.0327588319232,2.));
#6999=CARTESIAN_POINT('Ctrl Pts',(-7.88362683755888,19.0327588319232,40.));
#7000=CARTESIAN_POINT('Ctrl Pts',(-8.1347869006372,18.9267524578089,2.));
#7001=CARTESIAN_POINT('Ctrl Pts',(-8.1347869006372,18.9267524578089,40.));
#7002=CARTESIAN_POINT('Ctrl Pts',(-8.38454408445306,18.8174765634932,2.));
#7003=CARTESIAN_POINT('Ctrl Pts',(-8.38454408445306,18.8174765634932,40.));
#7004=CARTESIAN_POINT('Ctrl Pts',(-8.63295492818105,18.7051672080861,2.));
#7005=CARTESIAN_POINT('Ctrl Pts',(-8.63295492818105,18.7051672080861,40.));
#7006=CARTESIAN_POINT('Ctrl Pts',(-8.88013869259259,18.5901762258452,2.));
#7007=CARTESIAN_POINT('Ctrl Pts',(-8.88013869259259,18.5901762258452,40.));
#7008=CARTESIAN_POINT('Ctrl Pts',(-9.12627522776684,18.4729485036893,2.));
#7009=CARTESIAN_POINT('Ctrl Pts',(-9.12627522776684,18.4729485036893,40.));
#7010=CARTESIAN_POINT('Ctrl Pts',(-9.37160327853582,18.3539995700201,2.));
#7011=CARTESIAN_POINT('Ctrl Pts',(-9.37160327853582,18.3539995700201,40.));
#7012=CARTESIAN_POINT('Ctrl Pts',(-9.61641759439624,18.2338923496519,2.));
#7013=CARTESIAN_POINT('Ctrl Pts',(-9.61641759439624,18.2338923496519,40.));
#7014=CARTESIAN_POINT('Ctrl Pts',(-9.86104349138379,18.1131987170438,2.));
#7015=CARTESIAN_POINT('Ctrl Pts',(-9.86104349138379,18.1131987170438,40.));
#7016=CARTESIAN_POINT('Ctrl Pts',(-10.1058123385784,17.9924615454683,2.));
#7017=CARTESIAN_POINT('Ctrl Pts',(-10.1058123385784,17.9924615454683,40.));
#7018=CARTESIAN_POINT('Ctrl Pts',(-10.3510369065285,17.8721569629228,2.));
#7019=CARTESIAN_POINT('Ctrl Pts',(-10.3510369065285,17.8721569629228,40.));
#7020=CARTESIAN_POINT('Ctrl Pts',(-10.5969862864756,17.7526556028658,2.));
#7021=CARTESIAN_POINT('Ctrl Pts',(-10.5969862864756,17.7526556028658,40.));
#7022=CARTESIAN_POINT('Ctrl Pts',(-10.8438624041649,17.6341869387473,2.));
#7023=CARTESIAN_POINT('Ctrl Pts',(-10.8438624041649,17.6341869387473,40.));
#7024=CARTESIAN_POINT('Ctrl Pts',(-11.0917924632898,17.5168337407746,2.));
#7025=CARTESIAN_POINT('Ctrl Pts',(-11.0917924632898,17.5168337407746,40.));
#7026=CARTESIAN_POINT('Ctrl Pts',(-11.3408199507372,17.4005237378645,2.));
#7027=CARTESIAN_POINT('Ctrl Pts',(-11.3408199507372,17.4005237378645,40.));
#7028=CARTESIAN_POINT('Ctrl Pts',(-11.5908964100872,17.2850229378528,2.));
#7029=CARTESIAN_POINT('Ctrl Pts',(-11.5908964100872,17.2850229378528,40.));
#7030=CARTESIAN_POINT('Ctrl Pts',(-11.8418723700651,17.1699268489334,2.));
#7031=CARTESIAN_POINT('Ctrl Pts',(-11.8418723700651,17.1699268489334,40.));
#7032=CARTESIAN_POINT('Ctrl Pts',(-12.0934901420796,17.0546566566675,2.));
#7033=CARTESIAN_POINT('Ctrl Pts',(-12.0934901420796,17.0546566566675,40.));
#7034=CARTESIAN_POINT('Ctrl Pts',(-12.3453899232697,16.9384909992139,2.));
#7035=CARTESIAN_POINT('Ctrl Pts',(-12.3453899232697,16.9384909992139,40.));
#7036=CARTESIAN_POINT('Ctrl Pts',(-12.5971145275442,16.8205941870049,2.));
#7037=CARTESIAN_POINT('Ctrl Pts',(-12.5971145275442,16.8205941870049,40.));
#7038=CARTESIAN_POINT('Ctrl Pts',(-12.8481147819351,16.7000459139518,2.));
#7039=CARTESIAN_POINT('Ctrl Pts',(-12.8481147819351,16.7000459139518,40.));
#7040=CARTESIAN_POINT('Ctrl Pts',(-13.097754305163,16.5758700238851,2.));
#7041=CARTESIAN_POINT('Ctrl Pts',(-13.097754305163,16.5758700238851,40.));
#7042=CARTESIAN_POINT('Ctrl Pts',(-13.3453155083798,16.447064564618,2.));
#7043=CARTESIAN_POINT('Ctrl Pts',(-13.3453155083798,16.447064564618,40.));
#7044=CARTESIAN_POINT('Ctrl Pts',(-13.5900169125246,16.3126418705722,2.));
#7045=CARTESIAN_POINT('Ctrl Pts',(-13.5900169125246,16.3126418705722,40.));
#7046=CARTESIAN_POINT('Ctrl Pts',(-13.8310295140875,16.1716679689079,2.));
#7047=CARTESIAN_POINT('Ctrl Pts',(-13.8310295140875,16.1716679689079,40.));
#7048=CARTESIAN_POINT('Ctrl Pts',(-14.0674936429865,16.0233020763989,2.));
#7049=CARTESIAN_POINT('Ctrl Pts',(-14.0674936429865,16.0233020763989,40.));
#7050=CARTESIAN_POINT('Ctrl Pts',(-14.2985353046225,15.8668364457065,2.));
#7051=CARTESIAN_POINT('Ctrl Pts',(-14.2985353046225,15.8668364457065,40.));
#7052=CARTESIAN_POINT('Ctrl Pts',(-14.5232836027078,15.7017349813549,2.));
#7053=CARTESIAN_POINT('Ctrl Pts',(-14.5232836027078,15.7017349813549,40.));
#7054=CARTESIAN_POINT('Ctrl Pts',(-14.7409129980521,15.5276404864656,2.));
#7055=CARTESIAN_POINT('Ctrl Pts',(-14.7409129980521,15.5276404864656,40.));
#7056=CARTESIAN_POINT('Ctrl Pts',(-14.9506846632991,15.3443830791504,2.));
#7057=CARTESIAN_POINT('Ctrl Pts',(-14.9506846632991,15.3443830791504,40.));
#7058=CARTESIAN_POINT('Ctrl Pts',(-15.1519881764,15.1519881764001,2.));
#7059=CARTESIAN_POINT('Ctrl Pts',(-15.1519881764,15.1519881764001,40.));
#7060=CARTESIAN_POINT('Ctrl Pts',(-15.3443830791506,14.9506846632995,2.));
#7061=CARTESIAN_POINT('Ctrl Pts',(-15.3443830791506,14.9506846632995,40.));
#7062=CARTESIAN_POINT('Ctrl Pts',(-15.5276404864659,14.7409129980528,2.));
#7063=CARTESIAN_POINT('Ctrl Pts',(-15.5276404864659,14.7409129980528,40.));
#7064=CARTESIAN_POINT('Ctrl Pts',(-15.7017349813551,14.5232836027084,2.));
#7065=CARTESIAN_POINT('Ctrl Pts',(-15.7017349813551,14.5232836027084,40.));
#7066=CARTESIAN_POINT('Ctrl Pts',(-15.8668364457064,14.298535304623,2.));
#7067=CARTESIAN_POINT('Ctrl Pts',(-15.8668364457064,14.298535304623,40.));
#7068=CARTESIAN_POINT('Ctrl Pts',(-16.0233020763988,14.0674936429866,2.));
#7069=CARTESIAN_POINT('Ctrl Pts',(-16.0233020763988,14.0674936429866,40.));
#7070=CARTESIAN_POINT('Ctrl Pts',(-16.171667968908,13.8310295140875,2.));
#7071=CARTESIAN_POINT('Ctrl Pts',(-16.171667968908,13.8310295140875,40.));
#7072=CARTESIAN_POINT('Ctrl Pts',(-16.3126418705725,13.5900169125246,2.));
#7073=CARTESIAN_POINT('Ctrl Pts',(-16.3126418705725,13.5900169125246,40.));
#7074=CARTESIAN_POINT('Ctrl Pts',(-16.4470645646186,13.3453155083799,2.));
#7075=CARTESIAN_POINT('Ctrl Pts',(-16.4470645646186,13.3453155083799,40.));
#7076=CARTESIAN_POINT('Ctrl Pts',(-16.5758700238856,13.0977543051631,2.));
#7077=CARTESIAN_POINT('Ctrl Pts',(-16.5758700238856,13.0977543051631,40.));
#7078=CARTESIAN_POINT('Ctrl Pts',(-16.7000459139518,12.8481147819353,2.));
#7079=CARTESIAN_POINT('Ctrl Pts',(-16.7000459139518,12.8481147819353,40.));
#7080=CARTESIAN_POINT('Ctrl Pts',(-16.8205941870041,12.5971145275442,2.));
#7081=CARTESIAN_POINT('Ctrl Pts',(-16.8205941870041,12.5971145275442,40.));
#7082=CARTESIAN_POINT('Ctrl Pts',(-16.9384909992122,12.3453899232696,2.));
#7083=CARTESIAN_POINT('Ctrl Pts',(-16.9384909992122,12.3453899232696,40.));
#7084=CARTESIAN_POINT('Ctrl Pts',(-17.0546566566658,12.0934901420793,2.));
#7085=CARTESIAN_POINT('Ctrl Pts',(-17.0546566566658,12.0934901420793,40.));
#7086=CARTESIAN_POINT('Ctrl Pts',(-17.1699268489323,11.841872370065,2.));
#7087=CARTESIAN_POINT('Ctrl Pts',(-17.1699268489323,11.841872370065,40.));
#7088=CARTESIAN_POINT('Ctrl Pts',(-17.2850229378527,11.5908964100874,2.));
#7089=CARTESIAN_POINT('Ctrl Pts',(-17.2850229378527,11.5908964100874,40.));
#7090=CARTESIAN_POINT('Ctrl Pts',(-17.4005237378651,11.3408199507376,2.));
#7091=CARTESIAN_POINT('Ctrl Pts',(-17.4005237378651,11.3408199507376,40.));
#7092=CARTESIAN_POINT('Ctrl Pts',(-17.5168337407755,11.0917924632902,2.));
#7093=CARTESIAN_POINT('Ctrl Pts',(-17.5168337407755,11.0917924632902,40.));
#7094=CARTESIAN_POINT('Ctrl Pts',(-17.6341869387482,10.8438624041652,2.));
#7095=CARTESIAN_POINT('Ctrl Pts',(-17.6341869387482,10.8438624041652,40.));
#7096=CARTESIAN_POINT('Ctrl Pts',(-17.7526556028661,10.5969862864759,2.));
#7097=CARTESIAN_POINT('Ctrl Pts',(-17.7526556028661,10.5969862864759,40.));
#7098=CARTESIAN_POINT('Ctrl Pts',(-17.8721569629227,10.3510369065286,2.));
#7099=CARTESIAN_POINT('Ctrl Pts',(-17.8721569629227,10.3510369065286,40.));
#7100=CARTESIAN_POINT('Ctrl Pts',(-17.9924615454681,10.1058123385786,2.));
#7101=CARTESIAN_POINT('Ctrl Pts',(-17.9924615454681,10.1058123385786,40.));
#7102=CARTESIAN_POINT('Ctrl Pts',(-18.1131987170437,9.861043491384,2.));
#7103=CARTESIAN_POINT('Ctrl Pts',(-18.1131987170437,9.861043491384,40.));
#7104=CARTESIAN_POINT('Ctrl Pts',(-18.2338923496519,9.61641759439652,2.));
#7105=CARTESIAN_POINT('Ctrl Pts',(-18.2338923496519,9.61641759439652,40.));
#7106=CARTESIAN_POINT('Ctrl Pts',(-18.3539995700201,9.37160327853612,2.));
#7107=CARTESIAN_POINT('Ctrl Pts',(-18.3539995700201,9.37160327853612,40.));
#7108=CARTESIAN_POINT('Ctrl Pts',(-18.4729485036892,9.12627522776701,2.));
#7109=CARTESIAN_POINT('Ctrl Pts',(-18.4729485036892,9.12627522776701,40.));
#7110=CARTESIAN_POINT('Ctrl Pts',(-18.5901762258451,8.8801386925926,2.));
#7111=CARTESIAN_POINT('Ctrl Pts',(-18.5901762258451,8.8801386925926,40.));
#7112=CARTESIAN_POINT('Ctrl Pts',(-18.705167208086,8.6329549281809,2.));
#7113=CARTESIAN_POINT('Ctrl Pts',(-18.705167208086,8.6329549281809,40.));
#7114=CARTESIAN_POINT('Ctrl Pts',(-18.8174765634932,8.38454408445282,2.));
#7115=CARTESIAN_POINT('Ctrl Pts',(-18.8174765634932,8.38454408445282,40.));
#7116=CARTESIAN_POINT('Ctrl Pts',(-18.9267524578089,8.13478690063701,2.));
#7117=CARTESIAN_POINT('Ctrl Pts',(-18.9267524578089,8.13478690063701,40.));
#7118=CARTESIAN_POINT('Ctrl Pts',(-19.0327588319232,7.883626837559,2.));
#7119=CARTESIAN_POINT('Ctrl Pts',(-19.0327588319232,7.883626837559,40.));
#7120=CARTESIAN_POINT('Ctrl Pts',(-19.1353979897038,7.63107202780822,2.));
#7121=CARTESIAN_POINT('Ctrl Pts',(-19.1353979897038,7.63107202780822,40.));
#7122=CARTESIAN_POINT('Ctrl Pts',(-19.2347332621391,7.37719730359132,2.));
#7123=CARTESIAN_POINT('Ctrl Pts',(-19.2347332621391,7.37719730359132,40.));
#7124=CARTESIAN_POINT('Ctrl Pts',(-19.3309715474603,7.12212960467188,2.));
#7125=CARTESIAN_POINT('Ctrl Pts',(-19.3309715474603,7.12212960467188,40.));
#7126=CARTESIAN_POINT('Ctrl Pts',(-19.4244459601571,6.86603338533919,2.));
#7127=CARTESIAN_POINT('Ctrl Pts',(-19.4244459601571,6.86603338533919,40.));
#7128=CARTESIAN_POINT('Ctrl Pts',(-19.5155982559973,6.60909605493989,2.));
#7129=CARTESIAN_POINT('Ctrl Pts',(-19.5155982559973,6.60909605493989,40.));
#7130=CARTESIAN_POINT('Ctrl Pts',(-19.6049617866992,6.35151332901308,2.));
#7131=CARTESIAN_POINT('Ctrl Pts',(-19.6049617866992,6.35151332901308,40.));
#7132=CARTESIAN_POINT('Ctrl Pts',(-19.693143019584,6.09347483614453,2.));
#7133=CARTESIAN_POINT('Ctrl Pts',(-19.693143019584,6.09347483614453,40.));
#7134=CARTESIAN_POINT('Ctrl Pts',(-19.7807763641344,5.83515491946751,2.));
#7135=CARTESIAN_POINT('Ctrl Pts',(-19.7807763641344,5.83515491946751,40.));
#7136=CARTESIAN_POINT('Ctrl Pts',(-19.8684800030464,5.57670313503093,2.));
#7137=CARTESIAN_POINT('Ctrl Pts',(-19.8684800030464,5.57670313503093,40.));
#7138=CARTESIAN_POINT('Ctrl Pts',(-19.9568117718316,5.31823499399465,2.));
#7139=CARTESIAN_POINT('Ctrl Pts',(-19.9568117718316,5.31823499399465,40.));
#7140=CARTESIAN_POINT('Ctrl Pts',(-20.0462240241635,5.05982229754861,2.));
#7141=CARTESIAN_POINT('Ctrl Pts',(-20.0462240241635,5.05982229754861,40.));
#7142=CARTESIAN_POINT('Ctrl Pts',(-20.1370218053384,4.8014845248616,2.));
#7143=CARTESIAN_POINT('Ctrl Pts',(-20.1370218053384,4.8014845248616,40.));
#7144=CARTESIAN_POINT('Ctrl Pts',(-20.2293535893253,4.54319025671388,2.));
#7145=CARTESIAN_POINT('Ctrl Pts',(-20.2293535893253,4.54319025671388,40.));
#7146=CARTESIAN_POINT('Ctrl Pts',(-20.3231990226237,4.28485763986004,2.));
#7147=CARTESIAN_POINT('Ctrl Pts',(-20.3231990226237,4.28485763986004,40.));
#7148=CARTESIAN_POINT('Ctrl Pts',(-20.4183583839242,4.02635548071721,2.));
#7149=CARTESIAN_POINT('Ctrl Pts',(-20.4183583839242,4.02635548071721,40.));
#7150=CARTESIAN_POINT('Ctrl Pts',(-20.514439962176,3.76750345253858,2.));
#7151=CARTESIAN_POINT('Ctrl Pts',(-20.514439962176,3.76750345253858,40.));
#7152=CARTESIAN_POINT('Ctrl Pts',(-20.6108522604142,3.50807448505996,2.));
#7153=CARTESIAN_POINT('Ctrl Pts',(-20.6108522604142,3.50807448505996,40.));
#7154=CARTESIAN_POINT('Ctrl Pts',(-20.7068307797466,3.24781291747454,2.));
#7155=CARTESIAN_POINT('Ctrl Pts',(-20.7068307797466,3.24781291747454,40.));
#7156=CARTESIAN_POINT('Ctrl Pts',(-20.8014613190277,2.98645110740769,2.));
#7157=CARTESIAN_POINT('Ctrl Pts',(-20.8014613190277,2.98645110740769,40.));
#7158=CARTESIAN_POINT('Ctrl Pts',(-20.8937047996515,2.72372662411261,2.));
#7159=CARTESIAN_POINT('Ctrl Pts',(-20.8937047996515,2.72372662411261,40.));
#7160=CARTESIAN_POINT('Ctrl Pts',(-20.9824209854526,2.45939921046056,2.));
#7161=CARTESIAN_POINT('Ctrl Pts',(-20.9824209854526,2.45939921046056,40.));
#7162=CARTESIAN_POINT('Ctrl Pts',(-21.0663939773047,2.19326779120611,2.));
#7163=CARTESIAN_POINT('Ctrl Pts',(-21.0663939773047,2.19326779120611,40.));
#7164=CARTESIAN_POINT('Ctrl Pts',(-21.144372801036,1.92518657046434,2.));
#7165=CARTESIAN_POINT('Ctrl Pts',(-21.144372801036,1.92518657046434,40.));
#7166=CARTESIAN_POINT('Ctrl Pts',(-21.2151108441151,1.65508132371026,2.));
#7167=CARTESIAN_POINT('Ctrl Pts',(-21.2151108441151,1.65508132371026,40.));
#7168=CARTESIAN_POINT('Ctrl Pts',(-21.2774057044765,1.3829654059678,2.));
#7169=CARTESIAN_POINT('Ctrl Pts',(-21.2774057044765,1.3829654059678,40.));
#7170=CARTESIAN_POINT('Ctrl Pts',(-21.3301389216704,1.10895637180236,2.));
#7171=CARTESIAN_POINT('Ctrl Pts',(-21.3301389216704,1.10895637180236,40.));
#7172=CARTESIAN_POINT('Ctrl Pts',(-21.3723156022798,0.833290961138878,2.));
#7173=CARTESIAN_POINT('Ctrl Pts',(-21.3723156022798,0.833290961138878,40.));
#7174=CARTESIAN_POINT('Ctrl Pts',(-21.4030994256101,0.556300342001961,2.));
#7175=CARTESIAN_POINT('Ctrl Pts',(-21.4030994256101,0.556300342001961,40.));
#7176=CARTESIAN_POINT('Ctrl Pts',(-21.4218478371919,0.2783868195902,2.));
#7177=CARTESIAN_POINT('Ctrl Pts',(-21.4218478371919,0.2783868195902,40.));
#7178=CARTESIAN_POINT('Ctrl Pts',(-21.4281471759817,1.27848035977318E-13,
2.));
#7179=CARTESIAN_POINT('Ctrl Pts',(-21.4281471759817,1.27848035977318E-13,
40.));
#7180=CARTESIAN_POINT('Ctrl Pts',(-21.4218478371921,-0.278386819589921,
2.));
#7181=CARTESIAN_POINT('Ctrl Pts',(-21.4218478371921,-0.278386819589921,
40.));
#7182=CARTESIAN_POINT('Ctrl Pts',(-21.4030994256104,-0.556300342001661,
2.));
#7183=CARTESIAN_POINT('Ctrl Pts',(-21.4030994256104,-0.556300342001661,
40.));
#7184=CARTESIAN_POINT('Ctrl Pts',(-21.3723156022803,-0.833290961138635,
2.));
#7185=CARTESIAN_POINT('Ctrl Pts',(-21.3723156022803,-0.833290961138635,
40.));
#7186=CARTESIAN_POINT('Ctrl Pts',(-21.3301389216707,-1.10895637180217,2.));
#7187=CARTESIAN_POINT('Ctrl Pts',(-21.3301389216707,-1.10895637180217,40.));
#7188=CARTESIAN_POINT('Ctrl Pts',(-21.2774057044765,-1.38296540596755,2.));
#7189=CARTESIAN_POINT('Ctrl Pts',(-21.2774057044765,-1.38296540596755,40.));
#7190=CARTESIAN_POINT('Ctrl Pts',(-21.2151108441149,-1.65508132370992,2.));
#7191=CARTESIAN_POINT('Ctrl Pts',(-21.2151108441149,-1.65508132370992,40.));
#7192=CARTESIAN_POINT('Ctrl Pts',(-21.144372801036,-1.92518657046389,2.));
#7193=CARTESIAN_POINT('Ctrl Pts',(-21.144372801036,-1.92518657046389,40.));
#7194=CARTESIAN_POINT('Ctrl Pts',(-21.0663939773048,-2.19326779120564,2.));
#7195=CARTESIAN_POINT('Ctrl Pts',(-21.0663939773048,-2.19326779120564,40.));
#7196=CARTESIAN_POINT('Ctrl Pts',(-20.9824209854529,-2.45939921046018,2.));
#7197=CARTESIAN_POINT('Ctrl Pts',(-20.9824209854529,-2.45939921046018,40.));
#7198=CARTESIAN_POINT('Ctrl Pts',(-20.8937047996516,-2.72372662411236,2.));
#7199=CARTESIAN_POINT('Ctrl Pts',(-20.8937047996516,-2.72372662411236,40.));
#7200=CARTESIAN_POINT('Ctrl Pts',(-20.8014613190275,-2.98645110740757,2.));
#7201=CARTESIAN_POINT('Ctrl Pts',(-20.8014613190275,-2.98645110740757,40.));
#7202=CARTESIAN_POINT('Ctrl Pts',(-20.7068307797462,-3.24781291747454,2.));
#7203=CARTESIAN_POINT('Ctrl Pts',(-20.7068307797462,-3.24781291747454,40.));
#7204=CARTESIAN_POINT('Ctrl Pts',(-20.6108522604137,-3.50807448506007,2.));
#7205=CARTESIAN_POINT('Ctrl Pts',(-20.6108522604137,-3.50807448506007,40.));
#7206=CARTESIAN_POINT('Ctrl Pts',(-20.5144399621757,-3.76750345253864,2.));
#7207=CARTESIAN_POINT('Ctrl Pts',(-20.5144399621757,-3.76750345253864,40.));
#7208=CARTESIAN_POINT('Ctrl Pts',(-20.4183583839243,-4.02635548071705,2.));
#7209=CARTESIAN_POINT('Ctrl Pts',(-20.4183583839243,-4.02635548071705,40.));
#7210=CARTESIAN_POINT('Ctrl Pts',(-20.323199022624,-4.28485763985952,2.));
#7211=CARTESIAN_POINT('Ctrl Pts',(-20.323199022624,-4.28485763985952,40.));
#7212=CARTESIAN_POINT('Ctrl Pts',(-20.2293535893258,-4.54319025671304,2.));
#7213=CARTESIAN_POINT('Ctrl Pts',(-20.2293535893258,-4.54319025671304,40.));
#7214=CARTESIAN_POINT('Ctrl Pts',(-20.1370218053388,-4.8014845248607,2.));
#7215=CARTESIAN_POINT('Ctrl Pts',(-20.1370218053388,-4.8014845248607,40.));
#7216=CARTESIAN_POINT('Ctrl Pts',(-20.0462240241637,-5.05982229754792,2.));
#7217=CARTESIAN_POINT('Ctrl Pts',(-20.0462240241637,-5.05982229754792,40.));
#7218=CARTESIAN_POINT('Ctrl Pts',(-19.9568117718317,-5.31823499399437,2.));
#7219=CARTESIAN_POINT('Ctrl Pts',(-19.9568117718317,-5.31823499399437,40.));
#7220=CARTESIAN_POINT('Ctrl Pts',(-19.8684800030464,-5.57670313503109,2.));
#7221=CARTESIAN_POINT('Ctrl Pts',(-19.8684800030464,-5.57670313503109,40.));
#7222=CARTESIAN_POINT('Ctrl Pts',(-19.7807763641343,-5.83515491946794,2.));
#7223=CARTESIAN_POINT('Ctrl Pts',(-19.7807763641343,-5.83515491946794,40.));
#7224=CARTESIAN_POINT('Ctrl Pts',(-19.6931430195838,-6.09347483614495,2.));
#7225=CARTESIAN_POINT('Ctrl Pts',(-19.6931430195838,-6.09347483614495,40.));
#7226=CARTESIAN_POINT('Ctrl Pts',(-19.6049617866991,-6.35151332901331,2.));
#7227=CARTESIAN_POINT('Ctrl Pts',(-19.6049617866991,-6.35151332901331,40.));
#7228=CARTESIAN_POINT('Ctrl Pts',(-19.5155982559974,-6.6090960549397,2.));
#7229=CARTESIAN_POINT('Ctrl Pts',(-19.5155982559974,-6.6090960549397,40.));
#7230=CARTESIAN_POINT('Ctrl Pts',(-19.4244459601574,-6.86603338533849,2.));
#7231=CARTESIAN_POINT('Ctrl Pts',(-19.4244459601574,-6.86603338533849,40.));
#7232=CARTESIAN_POINT('Ctrl Pts',(-19.3309715474607,-7.12212960467077,2.));
#7233=CARTESIAN_POINT('Ctrl Pts',(-19.3309715474607,-7.12212960467077,40.));
#7234=CARTESIAN_POINT('Ctrl Pts',(-19.2347332621396,-7.37719730359014,2.));
#7235=CARTESIAN_POINT('Ctrl Pts',(-19.2347332621396,-7.37719730359014,40.));
#7236=CARTESIAN_POINT('Ctrl Pts',(-19.1353979897042,-7.6310720278074,2.));
#7237=CARTESIAN_POINT('Ctrl Pts',(-19.1353979897042,-7.6310720278074,40.));
#7238=CARTESIAN_POINT('Ctrl Pts',(-19.0327588319233,-7.88362683755879,2.));
#7239=CARTESIAN_POINT('Ctrl Pts',(-19.0327588319233,-7.88362683755879,40.));
#7240=CARTESIAN_POINT('Ctrl Pts',(-18.9267524578088,-8.1347869006373,2.));
#7241=CARTESIAN_POINT('Ctrl Pts',(-18.9267524578088,-8.1347869006373,40.));
#7242=CARTESIAN_POINT('Ctrl Pts',(-18.8174765634929,-8.38454408445329,2.));
#7243=CARTESIAN_POINT('Ctrl Pts',(-18.8174765634929,-8.38454408445329,40.));
#7244=CARTESIAN_POINT('Ctrl Pts',(-18.7051672080857,-8.63295492818122,2.));
#7245=CARTESIAN_POINT('Ctrl Pts',(-18.7051672080857,-8.63295492818122,40.));
#7246=CARTESIAN_POINT('Ctrl Pts',(-18.590176225845,-8.88013869259258,2.));
#7247=CARTESIAN_POINT('Ctrl Pts',(-18.590176225845,-8.88013869259258,40.));
#7248=CARTESIAN_POINT('Ctrl Pts',(-18.4729485036894,-9.12627522776672,2.));
#7249=CARTESIAN_POINT('Ctrl Pts',(-18.4729485036894,-9.12627522776672,40.));
#7250=CARTESIAN_POINT('Ctrl Pts',(-18.3539995700204,-9.37160327853576,2.));
#7251=CARTESIAN_POINT('Ctrl Pts',(-18.3539995700204,-9.37160327853576,40.));
#7252=CARTESIAN_POINT('Ctrl Pts',(-18.2338923496523,-9.6164175943963,2.));
#7253=CARTESIAN_POINT('Ctrl Pts',(-18.2338923496523,-9.6164175943963,40.));
#7254=CARTESIAN_POINT('Ctrl Pts',(-18.1131987170442,-9.86104349138389,2.));
#7255=CARTESIAN_POINT('Ctrl Pts',(-18.1131987170442,-9.86104349138389,40.));
#7256=CARTESIAN_POINT('Ctrl Pts',(-17.9924615454685,-10.1058123385784,2.));
#7257=CARTESIAN_POINT('Ctrl Pts',(-17.9924615454685,-10.1058123385784,40.));
#7258=CARTESIAN_POINT('Ctrl Pts',(-17.8721569629228,-10.3510369065284,2.));
#7259=CARTESIAN_POINT('Ctrl Pts',(-17.8721569629228,-10.3510369065284,40.));
#7260=CARTESIAN_POINT('Ctrl Pts',(-17.7526556028658,-10.5969862864755,2.));
#7261=CARTESIAN_POINT('Ctrl Pts',(-17.7526556028658,-10.5969862864755,40.));
#7262=CARTESIAN_POINT('Ctrl Pts',(-17.6341869387475,-10.8438624041648,2.));
#7263=CARTESIAN_POINT('Ctrl Pts',(-17.6341869387475,-10.8438624041648,40.));
#7264=CARTESIAN_POINT('Ctrl Pts',(-17.5168337407749,-11.0917924632898,2.));
#7265=CARTESIAN_POINT('Ctrl Pts',(-17.5168337407749,-11.0917924632898,40.));
#7266=CARTESIAN_POINT('Ctrl Pts',(-17.4005237378648,-11.3408199507372,2.));
#7267=CARTESIAN_POINT('Ctrl Pts',(-17.4005237378648,-11.3408199507372,40.));
#7268=CARTESIAN_POINT('Ctrl Pts',(-17.2850229378528,-11.5908964100872,2.));
#7269=CARTESIAN_POINT('Ctrl Pts',(-17.2850229378528,-11.5908964100872,40.));
#7270=CARTESIAN_POINT('Ctrl Pts',(-17.1699268489331,-11.8418723700649,2.));
#7271=CARTESIAN_POINT('Ctrl Pts',(-17.1699268489331,-11.8418723700649,40.));
#7272=CARTESIAN_POINT('Ctrl Pts',(-17.0546566566668,-12.0934901420793,2.));
#7273=CARTESIAN_POINT('Ctrl Pts',(-17.0546566566668,-12.0934901420793,40.));
#7274=CARTESIAN_POINT('Ctrl Pts',(-16.938490999213,-12.3453899232695,2.));
#7275=CARTESIAN_POINT('Ctrl Pts',(-16.938490999213,-12.3453899232695,40.));
#7276=CARTESIAN_POINT('Ctrl Pts',(-16.8205941870044,-12.597114527544,2.));
#7277=CARTESIAN_POINT('Ctrl Pts',(-16.8205941870044,-12.597114527544,40.));
#7278=CARTESIAN_POINT('Ctrl Pts',(-16.7000459139519,-12.8481147819351,2.));
#7279=CARTESIAN_POINT('Ctrl Pts',(-16.7000459139519,-12.8481147819351,40.));
#7280=CARTESIAN_POINT('Ctrl Pts',(-16.5758700238857,-13.0977543051629,2.));
#7281=CARTESIAN_POINT('Ctrl Pts',(-16.5758700238857,-13.0977543051629,40.));
#7282=CARTESIAN_POINT('Ctrl Pts',(-16.447064564619,-13.3453155083797,2.));
#7283=CARTESIAN_POINT('Ctrl Pts',(-16.447064564619,-13.3453155083797,40.));
#7284=CARTESIAN_POINT('Ctrl Pts',(-16.312641870573,-13.5900169125244,2.));
#7285=CARTESIAN_POINT('Ctrl Pts',(-16.312641870573,-13.5900169125244,40.));
#7286=CARTESIAN_POINT('Ctrl Pts',(-16.1716679689084,-13.8310295140873,2.));
#7287=CARTESIAN_POINT('Ctrl Pts',(-16.1716679689084,-13.8310295140873,40.));
#7288=CARTESIAN_POINT('Ctrl Pts',(-16.0233020763989,-14.0674936429864,2.));
#7289=CARTESIAN_POINT('Ctrl Pts',(-16.0233020763989,-14.0674936429864,40.));
#7290=CARTESIAN_POINT('Ctrl Pts',(-15.8668364457062,-14.2985353046226,2.));
#7291=CARTESIAN_POINT('Ctrl Pts',(-15.8668364457062,-14.2985353046226,40.));
#7292=CARTESIAN_POINT('Ctrl Pts',(-15.7017349813546,-14.5232836027081,2.));
#7293=CARTESIAN_POINT('Ctrl Pts',(-15.7017349813546,-14.5232836027081,40.));
#7294=CARTESIAN_POINT('Ctrl Pts',(-15.5276404864656,-14.7409129980524,2.));
#7295=CARTESIAN_POINT('Ctrl Pts',(-15.5276404864656,-14.7409129980524,40.));
#7296=CARTESIAN_POINT('Ctrl Pts',(-15.3443830791505,-14.9506846632993,2.));
#7297=CARTESIAN_POINT('Ctrl Pts',(-15.3443830791505,-14.9506846632993,40.));
#7298=CARTESIAN_POINT('Ctrl Pts',(-15.1519881764002,-15.1519881763999,2.));
#7299=CARTESIAN_POINT('Ctrl Pts',(-15.1519881764002,-15.1519881763999,40.));
#7300=CARTESIAN_POINT('Ctrl Pts',(-14.9506846632995,-15.3443830791501,2.));
#7301=CARTESIAN_POINT('Ctrl Pts',(-14.9506846632995,-15.3443830791501,40.));
#7302=CARTESIAN_POINT('Ctrl Pts',(-14.7409129980525,-15.5276404864652,2.));
#7303=CARTESIAN_POINT('Ctrl Pts',(-14.7409129980525,-15.5276404864652,40.));
#7304=CARTESIAN_POINT('Ctrl Pts',(-14.5232836027081,-15.7017349813543,2.));
#7305=CARTESIAN_POINT('Ctrl Pts',(-14.5232836027081,-15.7017349813543,40.));
#7306=CARTESIAN_POINT('Ctrl Pts',(-14.2985353046227,-15.866836445706,2.));
#7307=CARTESIAN_POINT('Ctrl Pts',(-14.2985353046227,-15.866836445706,40.));
#7308=CARTESIAN_POINT('Ctrl Pts',(-14.0674936429867,-16.0233020763987,2.));
#7309=CARTESIAN_POINT('Ctrl Pts',(-14.0674936429867,-16.0233020763987,40.));
#7310=CARTESIAN_POINT('Ctrl Pts',(-13.8310295140879,-16.1716679689082,2.));
#7311=CARTESIAN_POINT('Ctrl Pts',(-13.8310295140879,-16.1716679689082,40.));
#7312=CARTESIAN_POINT('Ctrl Pts',(-13.5900169125254,-16.3126418705728,2.));
#7313=CARTESIAN_POINT('Ctrl Pts',(-13.5900169125254,-16.3126418705728,40.));
#7314=CARTESIAN_POINT('Ctrl Pts',(-13.3453155083808,-16.4470645646188,2.));
#7315=CARTESIAN_POINT('Ctrl Pts',(-13.3453155083808,-16.4470645646188,40.));
#7316=CARTESIAN_POINT('Ctrl Pts',(-13.0977543051638,-16.5758700238856,2.));
#7317=CARTESIAN_POINT('Ctrl Pts',(-13.0977543051638,-16.5758700238856,40.));
#7318=CARTESIAN_POINT('Ctrl Pts',(-12.8481147819354,-16.7000459139517,2.));
#7319=CARTESIAN_POINT('Ctrl Pts',(-12.8481147819354,-16.7000459139517,40.));
#7320=CARTESIAN_POINT('Ctrl Pts',(-12.5971145275439,-16.8205941870042,2.));
#7321=CARTESIAN_POINT('Ctrl Pts',(-12.5971145275439,-16.8205941870042,40.));
#7322=CARTESIAN_POINT('Ctrl Pts',(-12.3453899232692,-16.9384909992126,2.));
#7323=CARTESIAN_POINT('Ctrl Pts',(-12.3453899232692,-16.9384909992126,40.));
#7324=CARTESIAN_POINT('Ctrl Pts',(-12.0934901420791,-17.0546566566663,2.));
#7325=CARTESIAN_POINT('Ctrl Pts',(-12.0934901420791,-17.0546566566663,40.));
#7326=CARTESIAN_POINT('Ctrl Pts',(-11.8418723700649,-17.1699268489326,2.));
#7327=CARTESIAN_POINT('Ctrl Pts',(-11.8418723700649,-17.1699268489326,40.));
#7328=CARTESIAN_POINT('Ctrl Pts',(-11.5908964100875,-17.2850229378527,2.));
#7329=CARTESIAN_POINT('Ctrl Pts',(-11.5908964100875,-17.2850229378527,40.));
#7330=CARTESIAN_POINT('Ctrl Pts',(-11.3408199507377,-17.4005237378649,2.));
#7331=CARTESIAN_POINT('Ctrl Pts',(-11.3408199507377,-17.4005237378649,40.));
#7332=CARTESIAN_POINT('Ctrl Pts',(-11.0917924632903,-17.5168337407751,2.));
#7333=CARTESIAN_POINT('Ctrl Pts',(-11.0917924632903,-17.5168337407751,40.));
#7334=CARTESIAN_POINT('Ctrl Pts',(-10.8438624041653,-17.6341869387478,2.));
#7335=CARTESIAN_POINT('Ctrl Pts',(-10.8438624041653,-17.6341869387478,40.));
#7336=CARTESIAN_POINT('Ctrl Pts',(-10.5969862864759,-17.7526556028659,2.));
#7337=CARTESIAN_POINT('Ctrl Pts',(-10.5969862864759,-17.7526556028659,40.));
#7338=CARTESIAN_POINT('Ctrl Pts',(-10.3510369065287,-17.8721569629227,2.));
#7339=CARTESIAN_POINT('Ctrl Pts',(-10.3510369065287,-17.8721569629227,40.));
#7340=CARTESIAN_POINT('Ctrl Pts',(-10.1058123385787,-17.9924615454681,2.));
#7341=CARTESIAN_POINT('Ctrl Pts',(-10.1058123385787,-17.9924615454681,40.));
#7342=CARTESIAN_POINT('Ctrl Pts',(-9.86104349138422,-18.1131987170437,2.));
#7343=CARTESIAN_POINT('Ctrl Pts',(-9.86104349138422,-18.1131987170437,40.));
#7344=CARTESIAN_POINT('Ctrl Pts',(-9.6164175943967,-18.2338923496519,2.));
#7345=CARTESIAN_POINT('Ctrl Pts',(-9.6164175943967,-18.2338923496519,40.));
#7346=CARTESIAN_POINT('Ctrl Pts',(-9.37160327853617,-18.3539995700201,2.));
#7347=CARTESIAN_POINT('Ctrl Pts',(-9.37160327853617,-18.3539995700201,40.));
#7348=CARTESIAN_POINT('Ctrl Pts',(-9.12627522776706,-18.4729485036892,2.));
#7349=CARTESIAN_POINT('Ctrl Pts',(-9.12627522776706,-18.4729485036892,40.));
#7350=CARTESIAN_POINT('Ctrl Pts',(-8.88013869259276,-18.5901762258449,2.));
#7351=CARTESIAN_POINT('Ctrl Pts',(-8.88013869259276,-18.5901762258449,40.));
#7352=CARTESIAN_POINT('Ctrl Pts',(-8.63295492818127,-18.7051672080856,2.));
#7353=CARTESIAN_POINT('Ctrl Pts',(-8.63295492818127,-18.7051672080856,40.));
#7354=CARTESIAN_POINT('Ctrl Pts',(-8.38454408445335,-18.8174765634927,2.));
#7355=CARTESIAN_POINT('Ctrl Pts',(-8.38454408445335,-18.8174765634927,40.));
#7356=CARTESIAN_POINT('Ctrl Pts',(-8.13478690063748,-18.9267524578086,2.));
#7357=CARTESIAN_POINT('Ctrl Pts',(-8.13478690063748,-18.9267524578086,40.));
#7358=CARTESIAN_POINT('Ctrl Pts',(-7.88362683755912,-19.0327588319232,2.));
#7359=CARTESIAN_POINT('Ctrl Pts',(-7.88362683755912,-19.0327588319232,40.));
#7360=CARTESIAN_POINT('Ctrl Pts',(-7.63107202780782,-19.1353979897041,2.));
#7361=CARTESIAN_POINT('Ctrl Pts',(-7.63107202780782,-19.1353979897041,40.));
#7362=CARTESIAN_POINT('Ctrl Pts',(-7.37719730359049,-19.2347332621395,2.));
#7363=CARTESIAN_POINT('Ctrl Pts',(-7.37719730359049,-19.2347332621395,40.));
#7364=CARTESIAN_POINT('Ctrl Pts',(-7.122129604671,-19.3309715474607,2.));
#7365=CARTESIAN_POINT('Ctrl Pts',(-7.122129604671,-19.3309715474607,40.));
#7366=CARTESIAN_POINT('Ctrl Pts',(-6.86603338533869,-19.4244459601573,2.));
#7367=CARTESIAN_POINT('Ctrl Pts',(-6.86603338533869,-19.4244459601573,40.));
#7368=CARTESIAN_POINT('Ctrl Pts',(-6.60909605494,-19.5155982559973,2.));
#7369=CARTESIAN_POINT('Ctrl Pts',(-6.60909605494,-19.5155982559973,40.));
#7370=CARTESIAN_POINT('Ctrl Pts',(-6.35151332901381,-19.6049617866989,2.));
#7371=CARTESIAN_POINT('Ctrl Pts',(-6.35151332901381,-19.6049617866989,40.));
#7372=CARTESIAN_POINT('Ctrl Pts',(-6.09347483614563,-19.6931430195835,2.));
#7373=CARTESIAN_POINT('Ctrl Pts',(-6.09347483614563,-19.6931430195835,40.));
#7374=CARTESIAN_POINT('Ctrl Pts',(-5.83515491946862,-19.780776364134,2.));
#7375=CARTESIAN_POINT('Ctrl Pts',(-5.83515491946862,-19.780776364134,40.));
#7376=CARTESIAN_POINT('Ctrl Pts',(-5.57670313503161,-19.8684800030461,2.));
#7377=CARTESIAN_POINT('Ctrl Pts',(-5.57670313503161,-19.8684800030461,40.));
#7378=CARTESIAN_POINT('Ctrl Pts',(-5.31823499399465,-19.9568117718316,2.));
#7379=CARTESIAN_POINT('Ctrl Pts',(-5.31823499399465,-19.9568117718316,40.));
#7380=CARTESIAN_POINT('Ctrl Pts',(-5.05982229754799,-20.0462240241637,2.));
#7381=CARTESIAN_POINT('Ctrl Pts',(-5.05982229754799,-20.0462240241637,40.));
#7382=CARTESIAN_POINT('Ctrl Pts',(-4.80148452486072,-20.1370218053389,2.));
#7383=CARTESIAN_POINT('Ctrl Pts',(-4.80148452486072,-20.1370218053389,40.));
#7384=CARTESIAN_POINT('Ctrl Pts',(-4.54319025671308,-20.2293535893257,2.));
#7385=CARTESIAN_POINT('Ctrl Pts',(-4.54319025671308,-20.2293535893257,40.));
#7386=CARTESIAN_POINT('Ctrl Pts',(-4.28485763985967,-20.3231990226238,2.));
#7387=CARTESIAN_POINT('Ctrl Pts',(-4.28485763985967,-20.3231990226238,40.));
#7388=CARTESIAN_POINT('Ctrl Pts',(-4.0263554807174,-20.4183583839241,2.));
#7389=CARTESIAN_POINT('Ctrl Pts',(-4.0263554807174,-20.4183583839241,40.));
#7390=CARTESIAN_POINT('Ctrl Pts',(-3.76750345253923,-20.5144399621758,2.));
#7391=CARTESIAN_POINT('Ctrl Pts',(-3.76750345253923,-20.5144399621758,40.));
#7392=CARTESIAN_POINT('Ctrl Pts',(-3.50807448506079,-20.610852260414,2.));
#7393=CARTESIAN_POINT('Ctrl Pts',(-3.50807448506079,-20.610852260414,40.));
#7394=CARTESIAN_POINT('Ctrl Pts',(-3.24781291747527,-20.7068307797465,2.));
#7395=CARTESIAN_POINT('Ctrl Pts',(-3.24781291747527,-20.7068307797465,40.));
#7396=CARTESIAN_POINT('Ctrl Pts',(-2.98645110740814,-20.8014613190277,2.));
#7397=CARTESIAN_POINT('Ctrl Pts',(-2.98645110740814,-20.8014613190277,40.));
#7398=CARTESIAN_POINT('Ctrl Pts',(-2.72372662411268,-20.8937047996515,2.));
#7399=CARTESIAN_POINT('Ctrl Pts',(-2.72372662411268,-20.8937047996515,40.));
#7400=CARTESIAN_POINT('Ctrl Pts',(-2.45939921046018,-20.9824209854525,2.));
#7401=CARTESIAN_POINT('Ctrl Pts',(-2.45939921046018,-20.9824209854525,40.));
#7402=CARTESIAN_POINT('Ctrl Pts',(-2.19326779120545,-21.0663939773045,2.));
#7403=CARTESIAN_POINT('Ctrl Pts',(-2.19326779120545,-21.0663939773045,40.));
#7404=CARTESIAN_POINT('Ctrl Pts',(-1.9251865704637,-21.1443728010358,2.));
#7405=CARTESIAN_POINT('Ctrl Pts',(-1.9251865704637,-21.1443728010358,40.));
#7406=CARTESIAN_POINT('Ctrl Pts',(-1.65508132370993,-21.2151108441149,2.));
#7407=CARTESIAN_POINT('Ctrl Pts',(-1.65508132370993,-21.2151108441149,40.));
#7408=CARTESIAN_POINT('Ctrl Pts',(-1.38296540596791,-21.2774057044765,2.));
#7409=CARTESIAN_POINT('Ctrl Pts',(-1.38296540596791,-21.2774057044765,40.));
#7410=CARTESIAN_POINT('Ctrl Pts',(-1.10895637180288,-21.3301389216705,2.));
#7411=CARTESIAN_POINT('Ctrl Pts',(-1.10895637180288,-21.3301389216705,40.));
#7412=CARTESIAN_POINT('Ctrl Pts',(-0.833290961139602,-21.3723156022799,
2.));
#7413=CARTESIAN_POINT('Ctrl Pts',(-0.833290961139602,-21.3723156022799,
40.));
#7414=CARTESIAN_POINT('Ctrl Pts',(-0.556300342002641,-21.4030994256101,
2.));
#7415=CARTESIAN_POINT('Ctrl Pts',(-0.556300342002641,-21.4030994256101,
40.));
#7416=CARTESIAN_POINT('Ctrl Pts',(-0.278386819590658,-21.421847837192,2.));
#7417=CARTESIAN_POINT('Ctrl Pts',(-0.278386819590658,-21.421847837192,40.));
#7418=CARTESIAN_POINT('Ctrl Pts',(-2.34396920276159E-13,-21.4281471759818,
2.));
#7419=CARTESIAN_POINT('Ctrl Pts',(-2.34396920276159E-13,-21.4281471759818,
40.));
#7420=CARTESIAN_POINT('Ctrl Pts',(0.278386819590224,-21.421847837192,2.));
#7421=CARTESIAN_POINT('Ctrl Pts',(0.278386819590224,-21.421847837192,40.));
#7422=CARTESIAN_POINT('Ctrl Pts',(0.55630034200223,-21.4030994256102,2.));
#7423=CARTESIAN_POINT('Ctrl Pts',(0.55630034200223,-21.4030994256102,40.));
#7424=CARTESIAN_POINT('Ctrl Pts',(0.833290961139196,-21.37231560228,2.));
#7425=CARTESIAN_POINT('Ctrl Pts',(0.833290961139196,-21.37231560228,40.));
#7426=CARTESIAN_POINT('Ctrl Pts',(1.10895637180246,-21.3301389216705,2.));
#7427=CARTESIAN_POINT('Ctrl Pts',(1.10895637180246,-21.3301389216705,40.));
#7428=CARTESIAN_POINT('Ctrl Pts',(1.38296540596747,-21.2774057044766,2.));
#7429=CARTESIAN_POINT('Ctrl Pts',(1.38296540596747,-21.2774057044766,40.));
#7430=CARTESIAN_POINT('Ctrl Pts',(1.65508132370946,-21.2151108441151,2.));
#7431=CARTESIAN_POINT('Ctrl Pts',(1.65508132370946,-21.2151108441151,40.));
#7432=CARTESIAN_POINT('Ctrl Pts',(1.92518657046327,-21.1443728010362,2.));
#7433=CARTESIAN_POINT('Ctrl Pts',(1.92518657046327,-21.1443728010362,40.));
#7434=CARTESIAN_POINT('Ctrl Pts',(2.1932677912051,-21.0663939773049,2.));
#7435=CARTESIAN_POINT('Ctrl Pts',(2.1932677912051,-21.0663939773049,40.));
#7436=CARTESIAN_POINT('Ctrl Pts',(2.45939921045988,-20.9824209854528,2.));
#7437=CARTESIAN_POINT('Ctrl Pts',(2.45939921045988,-20.9824209854528,40.));
#7438=CARTESIAN_POINT('Ctrl Pts',(2.72372662411228,-20.8937047996516,2.));
#7439=CARTESIAN_POINT('Ctrl Pts',(2.72372662411228,-20.8937047996516,40.));
#7440=CARTESIAN_POINT('Ctrl Pts',(2.98645110740758,-20.8014613190277,2.));
#7441=CARTESIAN_POINT('Ctrl Pts',(2.98645110740758,-20.8014613190277,40.));
#7442=CARTESIAN_POINT('Ctrl Pts',(3.24781291747456,-20.7068307797465,2.));
#7443=CARTESIAN_POINT('Ctrl Pts',(3.24781291747456,-20.7068307797465,40.));
#7444=CARTESIAN_POINT('Ctrl Pts',(3.50807448506004,-20.610852260414,2.));
#7445=CARTESIAN_POINT('Ctrl Pts',(3.50807448506004,-20.610852260414,40.));
#7446=CARTESIAN_POINT('Ctrl Pts',(3.76750345253857,-20.5144399621759,2.));
#7447=CARTESIAN_POINT('Ctrl Pts',(3.76750345253857,-20.5144399621759,40.));
#7448=CARTESIAN_POINT('Ctrl Pts',(4.02635548071695,-20.4183583839243,2.));
#7449=CARTESIAN_POINT('Ctrl Pts',(4.02635548071695,-20.4183583839243,40.));
#7450=CARTESIAN_POINT('Ctrl Pts',(4.28485763985944,-20.323199022624,2.));
#7451=CARTESIAN_POINT('Ctrl Pts',(4.28485763985944,-20.323199022624,40.));
#7452=CARTESIAN_POINT('Ctrl Pts',(4.54319025671299,-20.2293535893258,2.));
#7453=CARTESIAN_POINT('Ctrl Pts',(4.54319025671299,-20.2293535893258,40.));
#7454=CARTESIAN_POINT('Ctrl Pts',(4.80148452486064,-20.1370218053389,2.));
#7455=CARTESIAN_POINT('Ctrl Pts',(4.80148452486064,-20.1370218053389,40.));
#7456=CARTESIAN_POINT('Ctrl Pts',(5.0598222975478,-20.0462240241638,2.));
#7457=CARTESIAN_POINT('Ctrl Pts',(5.0598222975478,-20.0462240241638,40.));
#7458=CARTESIAN_POINT('Ctrl Pts',(5.31823499399424,-19.9568117718317,2.));
#7459=CARTESIAN_POINT('Ctrl Pts',(5.31823499399424,-19.9568117718317,40.));
#7460=CARTESIAN_POINT('Ctrl Pts',(5.57670313503103,-19.8684800030464,2.));
#7461=CARTESIAN_POINT('Ctrl Pts',(5.57670313503103,-19.8684800030464,40.));
#7462=CARTESIAN_POINT('Ctrl Pts',(5.83515491946796,-19.7807763641342,2.));
#7463=CARTESIAN_POINT('Ctrl Pts',(5.83515491946796,-19.7807763641342,40.));
#7464=CARTESIAN_POINT('Ctrl Pts',(6.09347483614499,-19.6931430195837,2.));
#7465=CARTESIAN_POINT('Ctrl Pts',(6.09347483614499,-19.6931430195837,40.));
#7466=CARTESIAN_POINT('Ctrl Pts',(6.35151332901327,-19.604961786699,2.));
#7467=CARTESIAN_POINT('Ctrl Pts',(6.35151332901327,-19.604961786699,40.));
#7468=CARTESIAN_POINT('Ctrl Pts',(6.60909605493961,-19.5155982559974,2.));
#7469=CARTESIAN_POINT('Ctrl Pts',(6.60909605493961,-19.5155982559974,40.));
#7470=CARTESIAN_POINT('Ctrl Pts',(6.86603338533833,-19.4244459601575,2.));
#7471=CARTESIAN_POINT('Ctrl Pts',(6.86603338533833,-19.4244459601575,40.));
#7472=CARTESIAN_POINT('Ctrl Pts',(7.12212960467064,-19.3309715474608,2.));
#7473=CARTESIAN_POINT('Ctrl Pts',(7.12212960467064,-19.3309715474608,40.));
#7474=CARTESIAN_POINT('Ctrl Pts',(7.37719730359004,-19.2347332621396,2.));
#7475=CARTESIAN_POINT('Ctrl Pts',(7.37719730359004,-19.2347332621396,40.));
#7476=CARTESIAN_POINT('Ctrl Pts',(7.63107202780733,-19.1353979897041,2.));
#7477=CARTESIAN_POINT('Ctrl Pts',(7.63107202780733,-19.1353979897041,40.));
#7478=CARTESIAN_POINT('Ctrl Pts',(7.88362683755869,-19.0327588319234,2.));
#7479=CARTESIAN_POINT('Ctrl Pts',(7.88362683755869,-19.0327588319234,40.));
#7480=CARTESIAN_POINT('Ctrl Pts',(8.1347869006372,-18.9267524578089,2.));
#7481=CARTESIAN_POINT('Ctrl Pts',(8.1347869006372,-18.9267524578089,40.));
#7482=CARTESIAN_POINT('Ctrl Pts',(8.38454408445318,-18.817476563493,2.));
#7483=CARTESIAN_POINT('Ctrl Pts',(8.38454408445318,-18.817476563493,40.));
#7484=CARTESIAN_POINT('Ctrl Pts',(8.63295492818114,-18.7051672080859,2.));
#7485=CARTESIAN_POINT('Ctrl Pts',(8.63295492818114,-18.7051672080859,40.));
#7486=CARTESIAN_POINT('Ctrl Pts',(8.88013869259252,-18.5901762258451,2.));
#7487=CARTESIAN_POINT('Ctrl Pts',(8.88013869259252,-18.5901762258451,40.));
#7488=CARTESIAN_POINT('Ctrl Pts',(9.12627522776663,-18.4729485036894,2.));
#7489=CARTESIAN_POINT('Ctrl Pts',(9.12627522776663,-18.4729485036894,40.));
#7490=CARTESIAN_POINT('Ctrl Pts',(9.37160327853561,-18.3539995700203,2.));
#7491=CARTESIAN_POINT('Ctrl Pts',(9.37160327853561,-18.3539995700203,40.));
#7492=CARTESIAN_POINT('Ctrl Pts',(9.6164175943961,-18.2338923496522,2.));
#7493=CARTESIAN_POINT('Ctrl Pts',(9.6164175943961,-18.2338923496522,40.));
#7494=CARTESIAN_POINT('Ctrl Pts',(9.86104349138366,-18.113198717044,2.));
#7495=CARTESIAN_POINT('Ctrl Pts',(9.86104349138366,-18.113198717044,40.));
#7496=CARTESIAN_POINT('Ctrl Pts',(10.1058123385783,-17.9924615454684,2.));
#7497=CARTESIAN_POINT('Ctrl Pts',(10.1058123385783,-17.9924615454684,40.));
#7498=CARTESIAN_POINT('Ctrl Pts',(10.3510369065283,-17.8721569629228,2.));
#7499=CARTESIAN_POINT('Ctrl Pts',(10.3510369065283,-17.8721569629228,40.));
#7500=CARTESIAN_POINT('Ctrl Pts',(10.5969862864755,-17.752655602866,2.));
#7501=CARTESIAN_POINT('Ctrl Pts',(10.5969862864755,-17.752655602866,40.));
#7502=CARTESIAN_POINT('Ctrl Pts',(10.8438624041648,-17.6341869387479,2.));
#7503=CARTESIAN_POINT('Ctrl Pts',(10.8438624041648,-17.6341869387479,40.));
#7504=CARTESIAN_POINT('Ctrl Pts',(11.0917924632898,-17.5168337407753,2.));
#7505=CARTESIAN_POINT('Ctrl Pts',(11.0917924632898,-17.5168337407753,40.));
#7506=CARTESIAN_POINT('Ctrl Pts',(11.3408199507372,-17.400523737865,2.));
#7507=CARTESIAN_POINT('Ctrl Pts',(11.3408199507372,-17.400523737865,40.));
#7508=CARTESIAN_POINT('Ctrl Pts',(11.590896410087,-17.2850229378529,2.));
#7509=CARTESIAN_POINT('Ctrl Pts',(11.590896410087,-17.2850229378529,40.));
#7510=CARTESIAN_POINT('Ctrl Pts',(11.8418723700648,-17.1699268489329,2.));
#7511=CARTESIAN_POINT('Ctrl Pts',(11.8418723700648,-17.1699268489329,40.));
#7512=CARTESIAN_POINT('Ctrl Pts',(12.0934901420791,-17.0546566566666,2.));
#7513=CARTESIAN_POINT('Ctrl Pts',(12.0934901420791,-17.0546566566666,40.));
#7514=CARTESIAN_POINT('Ctrl Pts',(12.3453899232693,-16.938490999213,2.));
#7515=CARTESIAN_POINT('Ctrl Pts',(12.3453899232693,-16.938490999213,40.));
#7516=CARTESIAN_POINT('Ctrl Pts',(12.5971145275438,-16.8205941870044,2.));
#7517=CARTESIAN_POINT('Ctrl Pts',(12.5971145275438,-16.8205941870044,40.));
#7518=CARTESIAN_POINT('Ctrl Pts',(12.848114781935,-16.7000459139519,2.));
#7519=CARTESIAN_POINT('Ctrl Pts',(12.848114781935,-16.7000459139519,40.));
#7520=CARTESIAN_POINT('Ctrl Pts',(13.097754305163,-16.5758700238857,2.));
#7521=CARTESIAN_POINT('Ctrl Pts',(13.097754305163,-16.5758700238857,40.));
#7522=CARTESIAN_POINT('Ctrl Pts',(13.3453155083799,-16.4470645646189,2.));
#7523=CARTESIAN_POINT('Ctrl Pts',(13.3453155083799,-16.4470645646189,40.));
#7524=CARTESIAN_POINT('Ctrl Pts',(13.5900169125246,-16.312641870573,2.));
#7525=CARTESIAN_POINT('Ctrl Pts',(13.5900169125246,-16.312641870573,40.));
#7526=CARTESIAN_POINT('Ctrl Pts',(13.8310295140874,-16.1716679689084,2.));
#7527=CARTESIAN_POINT('Ctrl Pts',(13.8310295140874,-16.1716679689084,40.));
#7528=CARTESIAN_POINT('Ctrl Pts',(14.0674936429863,-16.023302076399,2.));
#7529=CARTESIAN_POINT('Ctrl Pts',(14.0674936429863,-16.023302076399,40.));
#7530=CARTESIAN_POINT('Ctrl Pts',(14.2985353046224,-15.8668364457063,2.));
#7531=CARTESIAN_POINT('Ctrl Pts',(14.2985353046224,-15.8668364457063,40.));
#7532=CARTESIAN_POINT('Ctrl Pts',(14.5232836027077,-15.7017349813547,2.));
#7533=CARTESIAN_POINT('Ctrl Pts',(14.5232836027077,-15.7017349813547,40.));
#7534=CARTESIAN_POINT('Ctrl Pts',(14.7409129980521,-15.5276404864655,2.));
#7535=CARTESIAN_POINT('Ctrl Pts',(14.7409129980521,-15.5276404864655,40.));
#7536=CARTESIAN_POINT('Ctrl Pts',(14.9506846632991,-15.3443830791505,2.));
#7537=CARTESIAN_POINT('Ctrl Pts',(14.9506846632991,-15.3443830791505,40.));
#7538=CARTESIAN_POINT('Ctrl Pts',(15.1519881763998,-15.1519881764002,2.));
#7539=CARTESIAN_POINT('Ctrl Pts',(15.1519881763998,-15.1519881764002,40.));
#7540=CARTESIAN_POINT('Ctrl Pts',(15.3443830791503,-14.9506846632996,2.));
#7541=CARTESIAN_POINT('Ctrl Pts',(15.3443830791503,-14.9506846632996,40.));
#7542=CARTESIAN_POINT('Ctrl Pts',(15.5276404864654,-14.7409129980527,2.));
#7543=CARTESIAN_POINT('Ctrl Pts',(15.5276404864654,-14.7409129980527,40.));
#7544=CARTESIAN_POINT('Ctrl Pts',(15.7017349813547,-14.5232836027083,2.));
#7545=CARTESIAN_POINT('Ctrl Pts',(15.7017349813547,-14.5232836027083,40.));
#7546=CARTESIAN_POINT('Ctrl Pts',(15.8668364457062,-14.2985353046229,2.));
#7547=CARTESIAN_POINT('Ctrl Pts',(15.8668364457062,-14.2985353046229,40.));
#7548=CARTESIAN_POINT('Ctrl Pts',(16.0233020763987,-14.0674936429868,2.));
#7549=CARTESIAN_POINT('Ctrl Pts',(16.0233020763987,-14.0674936429868,40.));
#7550=CARTESIAN_POINT('Ctrl Pts',(16.1716679689079,-13.8310295140878,2.));
#7551=CARTESIAN_POINT('Ctrl Pts',(16.1716679689079,-13.8310295140878,40.));
#7552=CARTESIAN_POINT('Ctrl Pts',(16.3126418705723,-13.5900169125251,2.));
#7553=CARTESIAN_POINT('Ctrl Pts',(16.3126418705723,-13.5900169125251,40.));
#7554=CARTESIAN_POINT('Ctrl Pts',(16.4470645646184,-13.3453155083804,2.));
#7555=CARTESIAN_POINT('Ctrl Pts',(16.4470645646184,-13.3453155083804,40.));
#7556=CARTESIAN_POINT('Ctrl Pts',(16.5758700238853,-13.0977543051635,2.));
#7557=CARTESIAN_POINT('Ctrl Pts',(16.5758700238853,-13.0977543051635,40.));
#7558=CARTESIAN_POINT('Ctrl Pts',(16.7000459139517,-12.8481147819355,2.));
#7559=CARTESIAN_POINT('Ctrl Pts',(16.7000459139517,-12.8481147819355,40.));
#7560=CARTESIAN_POINT('Ctrl Pts',(16.8205941870043,-12.5971145275443,2.));
#7561=CARTESIAN_POINT('Ctrl Pts',(16.8205941870043,-12.5971145275443,40.));
#7562=CARTESIAN_POINT('Ctrl Pts',(16.9384909992129,-12.3453899232697,2.));
#7563=CARTESIAN_POINT('Ctrl Pts',(16.9384909992129,-12.3453899232697,40.));
#7564=CARTESIAN_POINT('Ctrl Pts',(17.0546566566665,-12.0934901420795,2.));
#7565=CARTESIAN_POINT('Ctrl Pts',(17.0546566566665,-12.0934901420795,40.));
#7566=CARTESIAN_POINT('Ctrl Pts',(17.1699268489327,-11.8418723700652,2.));
#7567=CARTESIAN_POINT('Ctrl Pts',(17.1699268489327,-11.8418723700652,40.));
#7568=CARTESIAN_POINT('Ctrl Pts',(17.2850229378526,-11.5908964100876,2.));
#7569=CARTESIAN_POINT('Ctrl Pts',(17.2850229378526,-11.5908964100876,40.));
#7570=CARTESIAN_POINT('Ctrl Pts',(17.4005237378647,-11.3408199507376,2.));
#7571=CARTESIAN_POINT('Ctrl Pts',(17.4005237378647,-11.3408199507376,40.));
#7572=CARTESIAN_POINT('Ctrl Pts',(17.516833740775,-11.0917924632902,2.));
#7573=CARTESIAN_POINT('Ctrl Pts',(17.516833740775,-11.0917924632902,40.));
#7574=CARTESIAN_POINT('Ctrl Pts',(17.6341869387477,-10.8438624041652,2.));
#7575=CARTESIAN_POINT('Ctrl Pts',(17.6341869387477,-10.8438624041652,40.));
#7576=CARTESIAN_POINT('Ctrl Pts',(17.7526556028658,-10.5969862864759,2.));
#7577=CARTESIAN_POINT('Ctrl Pts',(17.7526556028658,-10.5969862864759,40.));
#7578=CARTESIAN_POINT('Ctrl Pts',(17.8721569629226,-10.3510369065288,2.));
#7579=CARTESIAN_POINT('Ctrl Pts',(17.8721569629226,-10.3510369065288,40.));
#7580=CARTESIAN_POINT('Ctrl Pts',(17.9924615454681,-10.1058123385788,2.));
#7581=CARTESIAN_POINT('Ctrl Pts',(17.9924615454681,-10.1058123385788,40.));
#7582=CARTESIAN_POINT('Ctrl Pts',(18.1131987170437,-9.86104349138426,2.));
#7583=CARTESIAN_POINT('Ctrl Pts',(18.1131987170437,-9.86104349138426,40.));
#7584=CARTESIAN_POINT('Ctrl Pts',(18.2338923496518,-9.61641759439673,2.));
#7585=CARTESIAN_POINT('Ctrl Pts',(18.2338923496518,-9.61641759439673,40.));
#7586=CARTESIAN_POINT('Ctrl Pts',(18.35399957002,-9.37160327853625,2.));
#7587=CARTESIAN_POINT('Ctrl Pts',(18.35399957002,-9.37160327853625,40.));
#7588=CARTESIAN_POINT('Ctrl Pts',(18.4729485036891,-9.12627522776715,2.));
#7589=CARTESIAN_POINT('Ctrl Pts',(18.4729485036891,-9.12627522776715,40.));
#7590=CARTESIAN_POINT('Ctrl Pts',(18.590176225845,-8.88013869259282,2.));
#7591=CARTESIAN_POINT('Ctrl Pts',(18.590176225845,-8.88013869259282,40.));
#7592=CARTESIAN_POINT('Ctrl Pts',(18.7051672080859,-8.63295492818122,2.));
#7593=CARTESIAN_POINT('Ctrl Pts',(18.7051672080859,-8.63295492818122,40.));
#7594=CARTESIAN_POINT('Ctrl Pts',(18.817476563493,-8.38454408445319,2.));
#7595=CARTESIAN_POINT('Ctrl Pts',(18.817476563493,-8.38454408445319,40.));
#7596=CARTESIAN_POINT('Ctrl Pts',(18.9267524578088,-8.13478690063736,2.));
#7597=CARTESIAN_POINT('Ctrl Pts',(18.9267524578088,-8.13478690063736,40.));
#7598=CARTESIAN_POINT('Ctrl Pts',(19.0327588319231,-7.88362683755917,2.));
#7599=CARTESIAN_POINT('Ctrl Pts',(19.0327588319231,-7.88362683755917,40.));
#7600=CARTESIAN_POINT('Ctrl Pts',(19.1353979897039,-7.63107202780818,2.));
#7601=CARTESIAN_POINT('Ctrl Pts',(19.1353979897039,-7.63107202780818,40.));
#7602=CARTESIAN_POINT('Ctrl Pts',(19.2347332621393,-7.3771973035911,2.));
#7603=CARTESIAN_POINT('Ctrl Pts',(19.2347332621393,-7.3771973035911,40.));
#7604=CARTESIAN_POINT('Ctrl Pts',(19.3309715474606,-7.12212960467165,2.));
#7605=CARTESIAN_POINT('Ctrl Pts',(19.3309715474606,-7.12212960467165,40.));
#7606=CARTESIAN_POINT('Ctrl Pts',(19.4244459601573,-6.86603338533914,2.));
#7607=CARTESIAN_POINT('Ctrl Pts',(19.4244459601573,-6.86603338533914,40.));
#7608=CARTESIAN_POINT('Ctrl Pts',(19.5155982559972,-6.60909605494007,2.));
#7609=CARTESIAN_POINT('Ctrl Pts',(19.5155982559972,-6.60909605494007,40.));
#7610=CARTESIAN_POINT('Ctrl Pts',(19.6049617866988,-6.3515133290135,2.));
#7611=CARTESIAN_POINT('Ctrl Pts',(19.6049617866988,-6.3515133290135,40.));
#7612=CARTESIAN_POINT('Ctrl Pts',(19.6931430195835,-6.09347483614513,2.));
#7613=CARTESIAN_POINT('Ctrl Pts',(19.6931430195835,-6.09347483614513,40.));
#7614=CARTESIAN_POINT('Ctrl Pts',(19.780776364134,-5.83515491946816,2.));
#7615=CARTESIAN_POINT('Ctrl Pts',(19.780776364134,-5.83515491946816,40.));
#7616=CARTESIAN_POINT('Ctrl Pts',(19.8684800030461,-5.5767031350314,2.));
#7617=CARTESIAN_POINT('Ctrl Pts',(19.8684800030461,-5.5767031350314,40.));
#7618=CARTESIAN_POINT('Ctrl Pts',(19.9568117718315,-5.31823499399479,2.));
#7619=CARTESIAN_POINT('Ctrl Pts',(19.9568117718315,-5.31823499399479,40.));
#7620=CARTESIAN_POINT('Ctrl Pts',(20.0462240241637,-5.05982229754842,2.));
#7621=CARTESIAN_POINT('Ctrl Pts',(20.0462240241637,-5.05982229754842,40.));
#7622=CARTESIAN_POINT('Ctrl Pts',(20.1370218053389,-4.80148452486125,2.));
#7623=CARTESIAN_POINT('Ctrl Pts',(20.1370218053389,-4.80148452486125,40.));
#7624=CARTESIAN_POINT('Ctrl Pts',(20.2293535893257,-4.54319025671355,2.));
#7625=CARTESIAN_POINT('Ctrl Pts',(20.2293535893257,-4.54319025671355,40.));
#7626=CARTESIAN_POINT('Ctrl Pts',(20.3231990226239,-4.28485763985994,2.));
#7627=CARTESIAN_POINT('Ctrl Pts',(20.3231990226239,-4.28485763985994,40.));
#7628=CARTESIAN_POINT('Ctrl Pts',(20.4183583839241,-4.02635548071743,2.));
#7629=CARTESIAN_POINT('Ctrl Pts',(20.4183583839241,-4.02635548071743,40.));
#7630=CARTESIAN_POINT('Ctrl Pts',(20.5144399621756,-3.76750345253907,2.));
#7631=CARTESIAN_POINT('Ctrl Pts',(20.5144399621756,-3.76750345253907,40.));
#7632=CARTESIAN_POINT('Ctrl Pts',(20.6108522604137,-3.5080744850606,2.));
#7633=CARTESIAN_POINT('Ctrl Pts',(20.6108522604137,-3.5080744850606,40.));
#7634=CARTESIAN_POINT('Ctrl Pts',(20.7068307797461,-3.24781291747515,2.));
#7635=CARTESIAN_POINT('Ctrl Pts',(20.7068307797461,-3.24781291747515,40.));
#7636=CARTESIAN_POINT('Ctrl Pts',(20.8014613190274,-2.98645110740815,2.));
#7637=CARTESIAN_POINT('Ctrl Pts',(20.8014613190274,-2.98645110740815,40.));
#7638=CARTESIAN_POINT('Ctrl Pts',(20.8937047996515,-2.72372662411277,2.));
#7639=CARTESIAN_POINT('Ctrl Pts',(20.8937047996515,-2.72372662411277,40.));
#7640=CARTESIAN_POINT('Ctrl Pts',(20.9824209854528,-2.45939921046029,2.));
#7641=CARTESIAN_POINT('Ctrl Pts',(20.9824209854528,-2.45939921046029,40.));
#7642=CARTESIAN_POINT('Ctrl Pts',(21.0663939773053,-2.1932677912055,2.));
#7643=CARTESIAN_POINT('Ctrl Pts',(21.0663939773053,-2.1932677912055,40.));
#7644=CARTESIAN_POINT('Ctrl Pts',(21.1443728010362,-1.92518657046368,2.));
#7645=CARTESIAN_POINT('Ctrl Pts',(21.1443728010362,-1.92518657046368,40.));
#7646=CARTESIAN_POINT('Ctrl Pts',(21.2151108441165,-1.65508132370991,2.));
#7647=CARTESIAN_POINT('Ctrl Pts',(21.2151108441165,-1.65508132370991,40.));
#7648=CARTESIAN_POINT('Ctrl Pts',(21.2774057044744,-1.38296540596798,2.));
#7649=CARTESIAN_POINT('Ctrl Pts',(21.2774057044744,-1.38296540596798,40.));
#7650=CARTESIAN_POINT('Ctrl Pts',(21.330138921675,-1.10895637180307,2.));
#7651=CARTESIAN_POINT('Ctrl Pts',(21.330138921675,-1.10895637180307,40.));
#7652=CARTESIAN_POINT('Ctrl Pts',(21.3723156022664,-0.833290961139795,2.));
#7653=CARTESIAN_POINT('Ctrl Pts',(21.3723156022664,-0.833290961139795,40.));
#7654=CARTESIAN_POINT('Ctrl Pts',(21.4030994256366,-0.556300342002835,2.));
#7655=CARTESIAN_POINT('Ctrl Pts',(21.4030994256366,-0.556300342002835,40.));
#7656=CARTESIAN_POINT('Ctrl Pts',(21.4180981548276,-0.333969524072929,2.));
#7657=CARTESIAN_POINT('Ctrl Pts',(21.4180981548276,-0.333969524072929,40.));
#7658=CARTESIAN_POINT('Ctrl Pts',(21.4237451191076,-0.167008426895576,2.));
#7659=CARTESIAN_POINT('Ctrl Pts',(21.4237451191076,-0.167008426895576,40.));
#7660=CARTESIAN_POINT('Ctrl Pts',(21.4249999999998,-0.055669475631847,2.));
#7661=CARTESIAN_POINT('Ctrl Pts',(21.4249999999998,-0.055669475631847,40.));
#7662=CARTESIAN_POINT('Ctrl Pts',(21.425,0.,2.));
#7663=CARTESIAN_POINT('Ctrl Pts',(21.425,0.,40.));
#7664=CARTESIAN_POINT('',(21.425,0.,2.));
#7665=CARTESIAN_POINT('',(21.425,0.,2.));
#7666=CARTESIAN_POINT('Ctrl Pts',(21.425,0.,2.));
#7667=CARTESIAN_POINT('Ctrl Pts',(21.4249999999998,-0.055669475631847,2.));
#7668=CARTESIAN_POINT('Ctrl Pts',(21.4237451191076,-0.167008426895576,2.));
#7669=CARTESIAN_POINT('Ctrl Pts',(21.4180981548276,-0.333969524072929,2.));
#7670=CARTESIAN_POINT('Ctrl Pts',(21.4030994256366,-0.556300342002835,2.));
#7671=CARTESIAN_POINT('Ctrl Pts',(21.3723156022664,-0.833290961139795,2.));
#7672=CARTESIAN_POINT('Ctrl Pts',(21.330138921675,-1.10895637180307,2.));
#7673=CARTESIAN_POINT('Ctrl Pts',(21.2774057044744,-1.38296540596798,2.));
#7674=CARTESIAN_POINT('Ctrl Pts',(21.2151108441165,-1.65508132370991,2.));
#7675=CARTESIAN_POINT('Ctrl Pts',(21.1443728010362,-1.92518657046368,2.));
#7676=CARTESIAN_POINT('Ctrl Pts',(21.0663939773053,-2.1932677912055,2.));
#7677=CARTESIAN_POINT('Ctrl Pts',(20.9824209854528,-2.45939921046029,2.));
#7678=CARTESIAN_POINT('Ctrl Pts',(20.8937047996515,-2.72372662411277,2.));
#7679=CARTESIAN_POINT('Ctrl Pts',(20.8014613190274,-2.98645110740815,2.));
#7680=CARTESIAN_POINT('Ctrl Pts',(20.7068307797461,-3.24781291747515,2.));
#7681=CARTESIAN_POINT('Ctrl Pts',(20.6108522604137,-3.5080744850606,2.));
#7682=CARTESIAN_POINT('Ctrl Pts',(20.5144399621756,-3.76750345253907,2.));
#7683=CARTESIAN_POINT('Ctrl Pts',(20.4183583839241,-4.02635548071743,2.));
#7684=CARTESIAN_POINT('Ctrl Pts',(20.3231990226239,-4.28485763985994,2.));
#7685=CARTESIAN_POINT('Ctrl Pts',(20.2293535893257,-4.54319025671355,2.));
#7686=CARTESIAN_POINT('Ctrl Pts',(20.1370218053389,-4.80148452486125,2.));
#7687=CARTESIAN_POINT('Ctrl Pts',(20.0462240241637,-5.05982229754842,2.));
#7688=CARTESIAN_POINT('Ctrl Pts',(19.9568117718315,-5.31823499399479,2.));
#7689=CARTESIAN_POINT('Ctrl Pts',(19.8684800030461,-5.5767031350314,2.));
#7690=CARTESIAN_POINT('Ctrl Pts',(19.780776364134,-5.83515491946816,2.));
#7691=CARTESIAN_POINT('Ctrl Pts',(19.6931430195835,-6.09347483614513,2.));
#7692=CARTESIAN_POINT('Ctrl Pts',(19.6049617866988,-6.3515133290135,2.));
#7693=CARTESIAN_POINT('Ctrl Pts',(19.5155982559972,-6.60909605494007,2.));
#7694=CARTESIAN_POINT('Ctrl Pts',(19.4244459601573,-6.86603338533914,2.));
#7695=CARTESIAN_POINT('Ctrl Pts',(19.3309715474606,-7.12212960467165,2.));
#7696=CARTESIAN_POINT('Ctrl Pts',(19.2347332621393,-7.3771973035911,2.));
#7697=CARTESIAN_POINT('Ctrl Pts',(19.1353979897039,-7.63107202780818,2.));
#7698=CARTESIAN_POINT('Ctrl Pts',(19.0327588319231,-7.88362683755917,2.));
#7699=CARTESIAN_POINT('Ctrl Pts',(18.9267524578088,-8.13478690063736,2.));
#7700=CARTESIAN_POINT('Ctrl Pts',(18.817476563493,-8.38454408445319,2.));
#7701=CARTESIAN_POINT('Ctrl Pts',(18.7051672080859,-8.63295492818122,2.));
#7702=CARTESIAN_POINT('Ctrl Pts',(18.590176225845,-8.88013869259282,2.));
#7703=CARTESIAN_POINT('Ctrl Pts',(18.4729485036891,-9.12627522776715,2.));
#7704=CARTESIAN_POINT('Ctrl Pts',(18.35399957002,-9.37160327853625,2.));
#7705=CARTESIAN_POINT('Ctrl Pts',(18.2338923496518,-9.61641759439673,2.));
#7706=CARTESIAN_POINT('Ctrl Pts',(18.1131987170437,-9.86104349138426,2.));
#7707=CARTESIAN_POINT('Ctrl Pts',(17.9924615454681,-10.1058123385788,2.));
#7708=CARTESIAN_POINT('Ctrl Pts',(17.8721569629226,-10.3510369065288,2.));
#7709=CARTESIAN_POINT('Ctrl Pts',(17.7526556028658,-10.5969862864759,2.));
#7710=CARTESIAN_POINT('Ctrl Pts',(17.6341869387477,-10.8438624041652,2.));
#7711=CARTESIAN_POINT('Ctrl Pts',(17.516833740775,-11.0917924632902,2.));
#7712=CARTESIAN_POINT('Ctrl Pts',(17.4005237378647,-11.3408199507376,2.));
#7713=CARTESIAN_POINT('Ctrl Pts',(17.2850229378526,-11.5908964100876,2.));
#7714=CARTESIAN_POINT('Ctrl Pts',(17.1699268489327,-11.8418723700652,2.));
#7715=CARTESIAN_POINT('Ctrl Pts',(17.0546566566665,-12.0934901420795,2.));
#7716=CARTESIAN_POINT('Ctrl Pts',(16.9384909992129,-12.3453899232697,2.));
#7717=CARTESIAN_POINT('Ctrl Pts',(16.8205941870043,-12.5971145275443,2.));
#7718=CARTESIAN_POINT('Ctrl Pts',(16.7000459139517,-12.8481147819355,2.));
#7719=CARTESIAN_POINT('Ctrl Pts',(16.5758700238853,-13.0977543051635,2.));
#7720=CARTESIAN_POINT('Ctrl Pts',(16.4470645646184,-13.3453155083804,2.));
#7721=CARTESIAN_POINT('Ctrl Pts',(16.3126418705723,-13.5900169125251,2.));
#7722=CARTESIAN_POINT('Ctrl Pts',(16.1716679689079,-13.8310295140878,2.));
#7723=CARTESIAN_POINT('Ctrl Pts',(16.0233020763987,-14.0674936429868,2.));
#7724=CARTESIAN_POINT('Ctrl Pts',(15.8668364457062,-14.2985353046229,2.));
#7725=CARTESIAN_POINT('Ctrl Pts',(15.7017349813547,-14.5232836027083,2.));
#7726=CARTESIAN_POINT('Ctrl Pts',(15.5276404864654,-14.7409129980527,2.));
#7727=CARTESIAN_POINT('Ctrl Pts',(15.3443830791503,-14.9506846632996,2.));
#7728=CARTESIAN_POINT('Ctrl Pts',(15.1519881763998,-15.1519881764002,2.));
#7729=CARTESIAN_POINT('Ctrl Pts',(14.9506846632991,-15.3443830791505,2.));
#7730=CARTESIAN_POINT('Ctrl Pts',(14.7409129980521,-15.5276404864655,2.));
#7731=CARTESIAN_POINT('Ctrl Pts',(14.5232836027077,-15.7017349813547,2.));
#7732=CARTESIAN_POINT('Ctrl Pts',(14.2985353046224,-15.8668364457063,2.));
#7733=CARTESIAN_POINT('Ctrl Pts',(14.0674936429863,-16.023302076399,2.));
#7734=CARTESIAN_POINT('Ctrl Pts',(13.8310295140874,-16.1716679689084,2.));
#7735=CARTESIAN_POINT('Ctrl Pts',(13.5900169125246,-16.312641870573,2.));
#7736=CARTESIAN_POINT('Ctrl Pts',(13.3453155083799,-16.4470645646189,2.));
#7737=CARTESIAN_POINT('Ctrl Pts',(13.097754305163,-16.5758700238857,2.));
#7738=CARTESIAN_POINT('Ctrl Pts',(12.848114781935,-16.7000459139519,2.));
#7739=CARTESIAN_POINT('Ctrl Pts',(12.5971145275438,-16.8205941870044,2.));
#7740=CARTESIAN_POINT('Ctrl Pts',(12.3453899232693,-16.938490999213,2.));
#7741=CARTESIAN_POINT('Ctrl Pts',(12.0934901420791,-17.0546566566666,2.));
#7742=CARTESIAN_POINT('Ctrl Pts',(11.8418723700648,-17.1699268489329,2.));
#7743=CARTESIAN_POINT('Ctrl Pts',(11.590896410087,-17.2850229378529,2.));
#7744=CARTESIAN_POINT('Ctrl Pts',(11.3408199507372,-17.400523737865,2.));
#7745=CARTESIAN_POINT('Ctrl Pts',(11.0917924632898,-17.5168337407753,2.));
#7746=CARTESIAN_POINT('Ctrl Pts',(10.8438624041648,-17.6341869387479,2.));
#7747=CARTESIAN_POINT('Ctrl Pts',(10.5969862864755,-17.752655602866,2.));
#7748=CARTESIAN_POINT('Ctrl Pts',(10.3510369065283,-17.8721569629228,2.));
#7749=CARTESIAN_POINT('Ctrl Pts',(10.1058123385783,-17.9924615454684,2.));
#7750=CARTESIAN_POINT('Ctrl Pts',(9.86104349138366,-18.113198717044,2.));
#7751=CARTESIAN_POINT('Ctrl Pts',(9.6164175943961,-18.2338923496522,2.));
#7752=CARTESIAN_POINT('Ctrl Pts',(9.37160327853561,-18.3539995700203,2.));
#7753=CARTESIAN_POINT('Ctrl Pts',(9.12627522776663,-18.4729485036894,2.));
#7754=CARTESIAN_POINT('Ctrl Pts',(8.88013869259252,-18.5901762258451,2.));
#7755=CARTESIAN_POINT('Ctrl Pts',(8.63295492818114,-18.7051672080859,2.));
#7756=CARTESIAN_POINT('Ctrl Pts',(8.38454408445318,-18.817476563493,2.));
#7757=CARTESIAN_POINT('Ctrl Pts',(8.1347869006372,-18.9267524578089,2.));
#7758=CARTESIAN_POINT('Ctrl Pts',(7.88362683755869,-19.0327588319234,2.));
#7759=CARTESIAN_POINT('Ctrl Pts',(7.63107202780733,-19.1353979897041,2.));
#7760=CARTESIAN_POINT('Ctrl Pts',(7.37719730359004,-19.2347332621396,2.));
#7761=CARTESIAN_POINT('Ctrl Pts',(7.12212960467064,-19.3309715474608,2.));
#7762=CARTESIAN_POINT('Ctrl Pts',(6.86603338533833,-19.4244459601575,2.));
#7763=CARTESIAN_POINT('Ctrl Pts',(6.60909605493961,-19.5155982559974,2.));
#7764=CARTESIAN_POINT('Ctrl Pts',(6.35151332901327,-19.604961786699,2.));
#7765=CARTESIAN_POINT('Ctrl Pts',(6.09347483614499,-19.6931430195837,2.));
#7766=CARTESIAN_POINT('Ctrl Pts',(5.83515491946796,-19.7807763641342,2.));
#7767=CARTESIAN_POINT('Ctrl Pts',(5.57670313503103,-19.8684800030464,2.));
#7768=CARTESIAN_POINT('Ctrl Pts',(5.31823499399424,-19.9568117718317,2.));
#7769=CARTESIAN_POINT('Ctrl Pts',(5.0598222975478,-20.0462240241638,2.));
#7770=CARTESIAN_POINT('Ctrl Pts',(4.80148452486064,-20.1370218053389,2.));
#7771=CARTESIAN_POINT('Ctrl Pts',(4.54319025671299,-20.2293535893258,2.));
#7772=CARTESIAN_POINT('Ctrl Pts',(4.28485763985944,-20.323199022624,2.));
#7773=CARTESIAN_POINT('Ctrl Pts',(4.02635548071695,-20.4183583839243,2.));
#7774=CARTESIAN_POINT('Ctrl Pts',(3.76750345253857,-20.5144399621759,2.));
#7775=CARTESIAN_POINT('Ctrl Pts',(3.50807448506004,-20.610852260414,2.));
#7776=CARTESIAN_POINT('Ctrl Pts',(3.24781291747456,-20.7068307797465,2.));
#7777=CARTESIAN_POINT('Ctrl Pts',(2.98645110740758,-20.8014613190277,2.));
#7778=CARTESIAN_POINT('Ctrl Pts',(2.72372662411228,-20.8937047996516,2.));
#7779=CARTESIAN_POINT('Ctrl Pts',(2.45939921045988,-20.9824209854528,2.));
#7780=CARTESIAN_POINT('Ctrl Pts',(2.1932677912051,-21.0663939773049,2.));
#7781=CARTESIAN_POINT('Ctrl Pts',(1.92518657046327,-21.1443728010362,2.));
#7782=CARTESIAN_POINT('Ctrl Pts',(1.65508132370946,-21.2151108441151,2.));
#7783=CARTESIAN_POINT('Ctrl Pts',(1.38296540596747,-21.2774057044766,2.));
#7784=CARTESIAN_POINT('Ctrl Pts',(1.10895637180246,-21.3301389216705,2.));
#7785=CARTESIAN_POINT('Ctrl Pts',(0.833290961139196,-21.37231560228,2.));
#7786=CARTESIAN_POINT('Ctrl Pts',(0.55630034200223,-21.4030994256102,2.));
#7787=CARTESIAN_POINT('Ctrl Pts',(0.278386819590224,-21.421847837192,2.));
#7788=CARTESIAN_POINT('Ctrl Pts',(-2.34396920276159E-13,-21.4281471759818,
2.));
#7789=CARTESIAN_POINT('Ctrl Pts',(-0.278386819590658,-21.421847837192,2.));
#7790=CARTESIAN_POINT('Ctrl Pts',(-0.556300342002641,-21.4030994256101,
2.));
#7791=CARTESIAN_POINT('Ctrl Pts',(-0.833290961139602,-21.3723156022799,
2.));
#7792=CARTESIAN_POINT('Ctrl Pts',(-1.10895637180288,-21.3301389216705,2.));
#7793=CARTESIAN_POINT('Ctrl Pts',(-1.38296540596791,-21.2774057044765,2.));
#7794=CARTESIAN_POINT('Ctrl Pts',(-1.65508132370993,-21.2151108441149,2.));
#7795=CARTESIAN_POINT('Ctrl Pts',(-1.9251865704637,-21.1443728010358,2.));
#7796=CARTESIAN_POINT('Ctrl Pts',(-2.19326779120545,-21.0663939773045,2.));
#7797=CARTESIAN_POINT('Ctrl Pts',(-2.45939921046018,-20.9824209854525,2.));
#7798=CARTESIAN_POINT('Ctrl Pts',(-2.72372662411268,-20.8937047996515,2.));
#7799=CARTESIAN_POINT('Ctrl Pts',(-2.98645110740814,-20.8014613190277,2.));
#7800=CARTESIAN_POINT('Ctrl Pts',(-3.24781291747527,-20.7068307797465,2.));
#7801=CARTESIAN_POINT('Ctrl Pts',(-3.50807448506079,-20.610852260414,2.));
#7802=CARTESIAN_POINT('Ctrl Pts',(-3.76750345253923,-20.5144399621758,2.));
#7803=CARTESIAN_POINT('Ctrl Pts',(-4.0263554807174,-20.4183583839241,2.));
#7804=CARTESIAN_POINT('Ctrl Pts',(-4.28485763985967,-20.3231990226238,2.));
#7805=CARTESIAN_POINT('Ctrl Pts',(-4.54319025671308,-20.2293535893257,2.));
#7806=CARTESIAN_POINT('Ctrl Pts',(-4.80148452486072,-20.1370218053389,2.));
#7807=CARTESIAN_POINT('Ctrl Pts',(-5.05982229754799,-20.0462240241637,2.));
#7808=CARTESIAN_POINT('Ctrl Pts',(-5.31823499399465,-19.9568117718316,2.));
#7809=CARTESIAN_POINT('Ctrl Pts',(-5.57670313503161,-19.8684800030461,2.));
#7810=CARTESIAN_POINT('Ctrl Pts',(-5.83515491946862,-19.780776364134,2.));
#7811=CARTESIAN_POINT('Ctrl Pts',(-6.09347483614563,-19.6931430195835,2.));
#7812=CARTESIAN_POINT('Ctrl Pts',(-6.35151332901381,-19.6049617866989,2.));
#7813=CARTESIAN_POINT('Ctrl Pts',(-6.60909605494,-19.5155982559973,2.));
#7814=CARTESIAN_POINT('Ctrl Pts',(-6.86603338533869,-19.4244459601573,2.));
#7815=CARTESIAN_POINT('Ctrl Pts',(-7.122129604671,-19.3309715474607,2.));
#7816=CARTESIAN_POINT('Ctrl Pts',(-7.37719730359049,-19.2347332621395,2.));
#7817=CARTESIAN_POINT('Ctrl Pts',(-7.63107202780782,-19.1353979897041,2.));
#7818=CARTESIAN_POINT('Ctrl Pts',(-7.88362683755912,-19.0327588319232,2.));
#7819=CARTESIAN_POINT('Ctrl Pts',(-8.13478690063748,-18.9267524578086,2.));
#7820=CARTESIAN_POINT('Ctrl Pts',(-8.38454408445335,-18.8174765634927,2.));
#7821=CARTESIAN_POINT('Ctrl Pts',(-8.63295492818127,-18.7051672080856,2.));
#7822=CARTESIAN_POINT('Ctrl Pts',(-8.88013869259276,-18.5901762258449,2.));
#7823=CARTESIAN_POINT('Ctrl Pts',(-9.12627522776706,-18.4729485036892,2.));
#7824=CARTESIAN_POINT('Ctrl Pts',(-9.37160327853617,-18.3539995700201,2.));
#7825=CARTESIAN_POINT('Ctrl Pts',(-9.6164175943967,-18.2338923496519,2.));
#7826=CARTESIAN_POINT('Ctrl Pts',(-9.86104349138422,-18.1131987170437,2.));
#7827=CARTESIAN_POINT('Ctrl Pts',(-10.1058123385787,-17.9924615454681,2.));
#7828=CARTESIAN_POINT('Ctrl Pts',(-10.3510369065287,-17.8721569629227,2.));
#7829=CARTESIAN_POINT('Ctrl Pts',(-10.5969862864759,-17.7526556028659,2.));
#7830=CARTESIAN_POINT('Ctrl Pts',(-10.8438624041653,-17.6341869387478,2.));
#7831=CARTESIAN_POINT('Ctrl Pts',(-11.0917924632903,-17.5168337407751,2.));
#7832=CARTESIAN_POINT('Ctrl Pts',(-11.3408199507377,-17.4005237378649,2.));
#7833=CARTESIAN_POINT('Ctrl Pts',(-11.5908964100875,-17.2850229378527,2.));
#7834=CARTESIAN_POINT('Ctrl Pts',(-11.8418723700649,-17.1699268489326,2.));
#7835=CARTESIAN_POINT('Ctrl Pts',(-12.0934901420791,-17.0546566566663,2.));
#7836=CARTESIAN_POINT('Ctrl Pts',(-12.3453899232692,-16.9384909992126,2.));
#7837=CARTESIAN_POINT('Ctrl Pts',(-12.5971145275439,-16.8205941870042,2.));
#7838=CARTESIAN_POINT('Ctrl Pts',(-12.8481147819354,-16.7000459139517,2.));
#7839=CARTESIAN_POINT('Ctrl Pts',(-13.0977543051638,-16.5758700238856,2.));
#7840=CARTESIAN_POINT('Ctrl Pts',(-13.3453155083808,-16.4470645646188,2.));
#7841=CARTESIAN_POINT('Ctrl Pts',(-13.5900169125254,-16.3126418705728,2.));
#7842=CARTESIAN_POINT('Ctrl Pts',(-13.8310295140879,-16.1716679689082,2.));
#7843=CARTESIAN_POINT('Ctrl Pts',(-14.0674936429867,-16.0233020763987,2.));
#7844=CARTESIAN_POINT('Ctrl Pts',(-14.2985353046227,-15.866836445706,2.));
#7845=CARTESIAN_POINT('Ctrl Pts',(-14.5232836027081,-15.7017349813543,2.));
#7846=CARTESIAN_POINT('Ctrl Pts',(-14.7409129980525,-15.5276404864652,2.));
#7847=CARTESIAN_POINT('Ctrl Pts',(-14.9506846632995,-15.3443830791501,2.));
#7848=CARTESIAN_POINT('Ctrl Pts',(-15.1519881764002,-15.1519881763999,2.));
#7849=CARTESIAN_POINT('Ctrl Pts',(-15.3443830791505,-14.9506846632993,2.));
#7850=CARTESIAN_POINT('Ctrl Pts',(-15.5276404864656,-14.7409129980524,2.));
#7851=CARTESIAN_POINT('Ctrl Pts',(-15.7017349813546,-14.5232836027081,2.));
#7852=CARTESIAN_POINT('Ctrl Pts',(-15.8668364457062,-14.2985353046226,2.));
#7853=CARTESIAN_POINT('Ctrl Pts',(-16.0233020763989,-14.0674936429864,2.));
#7854=CARTESIAN_POINT('Ctrl Pts',(-16.1716679689084,-13.8310295140873,2.));
#7855=CARTESIAN_POINT('Ctrl Pts',(-16.312641870573,-13.5900169125244,2.));
#7856=CARTESIAN_POINT('Ctrl Pts',(-16.447064564619,-13.3453155083797,2.));
#7857=CARTESIAN_POINT('Ctrl Pts',(-16.5758700238857,-13.0977543051629,2.));
#7858=CARTESIAN_POINT('Ctrl Pts',(-16.7000459139519,-12.8481147819351,2.));
#7859=CARTESIAN_POINT('Ctrl Pts',(-16.8205941870044,-12.597114527544,2.));
#7860=CARTESIAN_POINT('Ctrl Pts',(-16.938490999213,-12.3453899232695,2.));
#7861=CARTESIAN_POINT('Ctrl Pts',(-17.0546566566668,-12.0934901420793,2.));
#7862=CARTESIAN_POINT('Ctrl Pts',(-17.1699268489331,-11.8418723700649,2.));
#7863=CARTESIAN_POINT('Ctrl Pts',(-17.2850229378528,-11.5908964100872,2.));
#7864=CARTESIAN_POINT('Ctrl Pts',(-17.4005237378648,-11.3408199507372,2.));
#7865=CARTESIAN_POINT('Ctrl Pts',(-17.5168337407749,-11.0917924632898,2.));
#7866=CARTESIAN_POINT('Ctrl Pts',(-17.6341869387475,-10.8438624041648,2.));
#7867=CARTESIAN_POINT('Ctrl Pts',(-17.7526556028658,-10.5969862864755,2.));
#7868=CARTESIAN_POINT('Ctrl Pts',(-17.8721569629228,-10.3510369065284,2.));
#7869=CARTESIAN_POINT('Ctrl Pts',(-17.9924615454685,-10.1058123385784,2.));
#7870=CARTESIAN_POINT('Ctrl Pts',(-18.1131987170442,-9.86104349138389,2.));
#7871=CARTESIAN_POINT('Ctrl Pts',(-18.2338923496523,-9.6164175943963,2.));
#7872=CARTESIAN_POINT('Ctrl Pts',(-18.3539995700204,-9.37160327853576,2.));
#7873=CARTESIAN_POINT('Ctrl Pts',(-18.4729485036894,-9.12627522776672,2.));
#7874=CARTESIAN_POINT('Ctrl Pts',(-18.590176225845,-8.88013869259258,2.));
#7875=CARTESIAN_POINT('Ctrl Pts',(-18.7051672080857,-8.63295492818122,2.));
#7876=CARTESIAN_POINT('Ctrl Pts',(-18.8174765634929,-8.38454408445329,2.));
#7877=CARTESIAN_POINT('Ctrl Pts',(-18.9267524578088,-8.1347869006373,2.));
#7878=CARTESIAN_POINT('Ctrl Pts',(-19.0327588319233,-7.88362683755879,2.));
#7879=CARTESIAN_POINT('Ctrl Pts',(-19.1353979897042,-7.6310720278074,2.));
#7880=CARTESIAN_POINT('Ctrl Pts',(-19.2347332621396,-7.37719730359014,2.));
#7881=CARTESIAN_POINT('Ctrl Pts',(-19.3309715474607,-7.12212960467077,2.));
#7882=CARTESIAN_POINT('Ctrl Pts',(-19.4244459601574,-6.86603338533849,2.));
#7883=CARTESIAN_POINT('Ctrl Pts',(-19.5155982559974,-6.6090960549397,2.));
#7884=CARTESIAN_POINT('Ctrl Pts',(-19.6049617866991,-6.35151332901331,2.));
#7885=CARTESIAN_POINT('Ctrl Pts',(-19.6931430195838,-6.09347483614495,2.));
#7886=CARTESIAN_POINT('Ctrl Pts',(-19.7807763641343,-5.83515491946794,2.));
#7887=CARTESIAN_POINT('Ctrl Pts',(-19.8684800030464,-5.57670313503109,2.));
#7888=CARTESIAN_POINT('Ctrl Pts',(-19.9568117718317,-5.31823499399437,2.));
#7889=CARTESIAN_POINT('Ctrl Pts',(-20.0462240241637,-5.05982229754792,2.));
#7890=CARTESIAN_POINT('Ctrl Pts',(-20.1370218053388,-4.8014845248607,2.));
#7891=CARTESIAN_POINT('Ctrl Pts',(-20.2293535893258,-4.54319025671304,2.));
#7892=CARTESIAN_POINT('Ctrl Pts',(-20.323199022624,-4.28485763985952,2.));
#7893=CARTESIAN_POINT('Ctrl Pts',(-20.4183583839243,-4.02635548071705,2.));
#7894=CARTESIAN_POINT('Ctrl Pts',(-20.5144399621757,-3.76750345253864,2.));
#7895=CARTESIAN_POINT('Ctrl Pts',(-20.6108522604137,-3.50807448506007,2.));
#7896=CARTESIAN_POINT('Ctrl Pts',(-20.7068307797462,-3.24781291747454,2.));
#7897=CARTESIAN_POINT('Ctrl Pts',(-20.8014613190275,-2.98645110740757,2.));
#7898=CARTESIAN_POINT('Ctrl Pts',(-20.8937047996516,-2.72372662411236,2.));
#7899=CARTESIAN_POINT('Ctrl Pts',(-20.9824209854529,-2.45939921046018,2.));
#7900=CARTESIAN_POINT('Ctrl Pts',(-21.0663939773048,-2.19326779120564,2.));
#7901=CARTESIAN_POINT('Ctrl Pts',(-21.144372801036,-1.92518657046389,2.));
#7902=CARTESIAN_POINT('Ctrl Pts',(-21.2151108441149,-1.65508132370992,2.));
#7903=CARTESIAN_POINT('Ctrl Pts',(-21.2774057044765,-1.38296540596755,2.));
#7904=CARTESIAN_POINT('Ctrl Pts',(-21.3301389216707,-1.10895637180217,2.));
#7905=CARTESIAN_POINT('Ctrl Pts',(-21.3723156022803,-0.833290961138635,
2.));
#7906=CARTESIAN_POINT('Ctrl Pts',(-21.4030994256104,-0.556300342001661,
2.));
#7907=CARTESIAN_POINT('Ctrl Pts',(-21.4218478371921,-0.278386819589921,
2.));
#7908=CARTESIAN_POINT('Ctrl Pts',(-21.4281471759817,1.27848035977318E-13,
2.));
#7909=CARTESIAN_POINT('Ctrl Pts',(-21.4218478371919,0.2783868195902,2.));
#7910=CARTESIAN_POINT('Ctrl Pts',(-21.4030994256101,0.556300342001961,2.));
#7911=CARTESIAN_POINT('Ctrl Pts',(-21.3723156022798,0.833290961138878,2.));
#7912=CARTESIAN_POINT('Ctrl Pts',(-21.3301389216704,1.10895637180236,2.));
#7913=CARTESIAN_POINT('Ctrl Pts',(-21.2774057044765,1.3829654059678,2.));
#7914=CARTESIAN_POINT('Ctrl Pts',(-21.2151108441151,1.65508132371026,2.));
#7915=CARTESIAN_POINT('Ctrl Pts',(-21.144372801036,1.92518657046434,2.));
#7916=CARTESIAN_POINT('Ctrl Pts',(-21.0663939773047,2.19326779120611,2.));
#7917=CARTESIAN_POINT('Ctrl Pts',(-20.9824209854526,2.45939921046056,2.));
#7918=CARTESIAN_POINT('Ctrl Pts',(-20.8937047996515,2.72372662411261,2.));
#7919=CARTESIAN_POINT('Ctrl Pts',(-20.8014613190277,2.98645110740769,2.));
#7920=CARTESIAN_POINT('Ctrl Pts',(-20.7068307797466,3.24781291747454,2.));
#7921=CARTESIAN_POINT('Ctrl Pts',(-20.6108522604142,3.50807448505996,2.));
#7922=CARTESIAN_POINT('Ctrl Pts',(-20.514439962176,3.76750345253858,2.));
#7923=CARTESIAN_POINT('Ctrl Pts',(-20.4183583839242,4.02635548071721,2.));
#7924=CARTESIAN_POINT('Ctrl Pts',(-20.3231990226237,4.28485763986004,2.));
#7925=CARTESIAN_POINT('Ctrl Pts',(-20.2293535893253,4.54319025671388,2.));
#7926=CARTESIAN_POINT('Ctrl Pts',(-20.1370218053384,4.8014845248616,2.));
#7927=CARTESIAN_POINT('Ctrl Pts',(-20.0462240241635,5.05982229754861,2.));
#7928=CARTESIAN_POINT('Ctrl Pts',(-19.9568117718316,5.31823499399465,2.));
#7929=CARTESIAN_POINT('Ctrl Pts',(-19.8684800030464,5.57670313503093,2.));
#7930=CARTESIAN_POINT('Ctrl Pts',(-19.7807763641344,5.83515491946751,2.));
#7931=CARTESIAN_POINT('Ctrl Pts',(-19.693143019584,6.09347483614453,2.));
#7932=CARTESIAN_POINT('Ctrl Pts',(-19.6049617866992,6.35151332901308,2.));
#7933=CARTESIAN_POINT('Ctrl Pts',(-19.5155982559973,6.60909605493989,2.));
#7934=CARTESIAN_POINT('Ctrl Pts',(-19.4244459601571,6.86603338533919,2.));
#7935=CARTESIAN_POINT('Ctrl Pts',(-19.3309715474603,7.12212960467188,2.));
#7936=CARTESIAN_POINT('Ctrl Pts',(-19.2347332621391,7.37719730359132,2.));
#7937=CARTESIAN_POINT('Ctrl Pts',(-19.1353979897038,7.63107202780822,2.));
#7938=CARTESIAN_POINT('Ctrl Pts',(-19.0327588319232,7.883626837559,2.));
#7939=CARTESIAN_POINT('Ctrl Pts',(-18.9267524578089,8.13478690063701,2.));
#7940=CARTESIAN_POINT('Ctrl Pts',(-18.8174765634932,8.38454408445282,2.));
#7941=CARTESIAN_POINT('Ctrl Pts',(-18.705167208086,8.6329549281809,2.));
#7942=CARTESIAN_POINT('Ctrl Pts',(-18.5901762258451,8.8801386925926,2.));
#7943=CARTESIAN_POINT('Ctrl Pts',(-18.4729485036892,9.12627522776701,2.));
#7944=CARTESIAN_POINT('Ctrl Pts',(-18.3539995700201,9.37160327853612,2.));
#7945=CARTESIAN_POINT('Ctrl Pts',(-18.2338923496519,9.61641759439652,2.));
#7946=CARTESIAN_POINT('Ctrl Pts',(-18.1131987170437,9.861043491384,2.));
#7947=CARTESIAN_POINT('Ctrl Pts',(-17.9924615454681,10.1058123385786,2.));
#7948=CARTESIAN_POINT('Ctrl Pts',(-17.8721569629227,10.3510369065286,2.));
#7949=CARTESIAN_POINT('Ctrl Pts',(-17.7526556028661,10.5969862864759,2.));
#7950=CARTESIAN_POINT('Ctrl Pts',(-17.6341869387482,10.8438624041652,2.));
#7951=CARTESIAN_POINT('Ctrl Pts',(-17.5168337407755,11.0917924632902,2.));
#7952=CARTESIAN_POINT('Ctrl Pts',(-17.4005237378651,11.3408199507376,2.));
#7953=CARTESIAN_POINT('Ctrl Pts',(-17.2850229378527,11.5908964100874,2.));
#7954=CARTESIAN_POINT('Ctrl Pts',(-17.1699268489323,11.841872370065,2.));
#7955=CARTESIAN_POINT('Ctrl Pts',(-17.0546566566658,12.0934901420793,2.));
#7956=CARTESIAN_POINT('Ctrl Pts',(-16.9384909992122,12.3453899232696,2.));
#7957=CARTESIAN_POINT('Ctrl Pts',(-16.8205941870041,12.5971145275442,2.));
#7958=CARTESIAN_POINT('Ctrl Pts',(-16.7000459139518,12.8481147819353,2.));
#7959=CARTESIAN_POINT('Ctrl Pts',(-16.5758700238856,13.0977543051631,2.));
#7960=CARTESIAN_POINT('Ctrl Pts',(-16.4470645646186,13.3453155083799,2.));
#7961=CARTESIAN_POINT('Ctrl Pts',(-16.3126418705725,13.5900169125246,2.));
#7962=CARTESIAN_POINT('Ctrl Pts',(-16.171667968908,13.8310295140875,2.));
#7963=CARTESIAN_POINT('Ctrl Pts',(-16.0233020763988,14.0674936429866,2.));
#7964=CARTESIAN_POINT('Ctrl Pts',(-15.8668364457064,14.298535304623,2.));
#7965=CARTESIAN_POINT('Ctrl Pts',(-15.7017349813551,14.5232836027084,2.));
#7966=CARTESIAN_POINT('Ctrl Pts',(-15.5276404864659,14.7409129980528,2.));
#7967=CARTESIAN_POINT('Ctrl Pts',(-15.3443830791506,14.9506846632995,2.));
#7968=CARTESIAN_POINT('Ctrl Pts',(-15.1519881764,15.1519881764001,2.));
#7969=CARTESIAN_POINT('Ctrl Pts',(-14.9506846632991,15.3443830791504,2.));
#7970=CARTESIAN_POINT('Ctrl Pts',(-14.7409129980521,15.5276404864656,2.));
#7971=CARTESIAN_POINT('Ctrl Pts',(-14.5232836027078,15.7017349813549,2.));
#7972=CARTESIAN_POINT('Ctrl Pts',(-14.2985353046225,15.8668364457065,2.));
#7973=CARTESIAN_POINT('Ctrl Pts',(-14.0674936429865,16.0233020763989,2.));
#7974=CARTESIAN_POINT('Ctrl Pts',(-13.8310295140875,16.1716679689079,2.));
#7975=CARTESIAN_POINT('Ctrl Pts',(-13.5900169125246,16.3126418705722,2.));
#7976=CARTESIAN_POINT('Ctrl Pts',(-13.3453155083798,16.447064564618,2.));
#7977=CARTESIAN_POINT('Ctrl Pts',(-13.097754305163,16.5758700238851,2.));
#7978=CARTESIAN_POINT('Ctrl Pts',(-12.8481147819351,16.7000459139518,2.));
#7979=CARTESIAN_POINT('Ctrl Pts',(-12.5971145275442,16.8205941870049,2.));
#7980=CARTESIAN_POINT('Ctrl Pts',(-12.3453899232697,16.9384909992139,2.));
#7981=CARTESIAN_POINT('Ctrl Pts',(-12.0934901420796,17.0546566566675,2.));
#7982=CARTESIAN_POINT('Ctrl Pts',(-11.8418723700651,17.1699268489334,2.));
#7983=CARTESIAN_POINT('Ctrl Pts',(-11.5908964100872,17.2850229378528,2.));
#7984=CARTESIAN_POINT('Ctrl Pts',(-11.3408199507372,17.4005237378645,2.));
#7985=CARTESIAN_POINT('Ctrl Pts',(-11.0917924632898,17.5168337407746,2.));
#7986=CARTESIAN_POINT('Ctrl Pts',(-10.8438624041649,17.6341869387473,2.));
#7987=CARTESIAN_POINT('Ctrl Pts',(-10.5969862864756,17.7526556028658,2.));
#7988=CARTESIAN_POINT('Ctrl Pts',(-10.3510369065285,17.8721569629228,2.));
#7989=CARTESIAN_POINT('Ctrl Pts',(-10.1058123385784,17.9924615454683,2.));
#7990=CARTESIAN_POINT('Ctrl Pts',(-9.86104349138379,18.1131987170438,2.));
#7991=CARTESIAN_POINT('Ctrl Pts',(-9.61641759439624,18.2338923496519,2.));
#7992=CARTESIAN_POINT('Ctrl Pts',(-9.37160327853582,18.3539995700201,2.));
#7993=CARTESIAN_POINT('Ctrl Pts',(-9.12627522776684,18.4729485036893,2.));
#7994=CARTESIAN_POINT('Ctrl Pts',(-8.88013869259259,18.5901762258452,2.));
#7995=CARTESIAN_POINT('Ctrl Pts',(-8.63295492818105,18.7051672080861,2.));
#7996=CARTESIAN_POINT('Ctrl Pts',(-8.38454408445306,18.8174765634932,2.));
#7997=CARTESIAN_POINT('Ctrl Pts',(-8.1347869006372,18.9267524578089,2.));
#7998=CARTESIAN_POINT('Ctrl Pts',(-7.88362683755888,19.0327588319232,2.));
#7999=CARTESIAN_POINT('Ctrl Pts',(-7.63107202780765,19.1353979897041,2.));
#8000=CARTESIAN_POINT('Ctrl Pts',(-7.3771973035904,19.2347332621395,2.));
#8001=CARTESIAN_POINT('Ctrl Pts',(-7.12212960467097,19.3309715474607,2.));
#8002=CARTESIAN_POINT('Ctrl Pts',(-6.86603338533862,19.4244459601573,2.));
#8003=CARTESIAN_POINT('Ctrl Pts',(-6.60909605493979,19.5155982559973,2.));
#8004=CARTESIAN_POINT('Ctrl Pts',(-6.35151332901332,19.6049617866991,2.));
#8005=CARTESIAN_POINT('Ctrl Pts',(-6.09347483614492,19.6931430195839,2.));
#8006=CARTESIAN_POINT('Ctrl Pts',(-5.83515491946787,19.7807763641345,2.));
#8007=CARTESIAN_POINT('Ctrl Pts',(-5.57670313503108,19.8684800030465,2.));
#8008=CARTESIAN_POINT('Ctrl Pts',(-5.31823499399446,19.9568117718316,2.));
#8009=CARTESIAN_POINT('Ctrl Pts',(-5.0598222975481,20.0462240241633,2.));
#8010=CARTESIAN_POINT('Ctrl Pts',(-4.80148452486097,20.1370218053381,2.));
#8011=CARTESIAN_POINT('Ctrl Pts',(-4.54319025671329,20.2293535893249,2.));
#8012=CARTESIAN_POINT('Ctrl Pts',(-4.28485763985966,20.3231990226234,2.));
#8013=CARTESIAN_POINT('Ctrl Pts',(-4.02635548071712,20.4183583839243,2.));
#8014=CARTESIAN_POINT('Ctrl Pts',(-3.76750345253868,20.5144399621766,2.));
#8015=CARTESIAN_POINT('Ctrl Pts',(-3.50807448506001,20.6108522604153,2.));
#8016=CARTESIAN_POINT('Ctrl Pts',(-3.24781291747441,20.7068307797478,2.));
#8017=CARTESIAN_POINT('Ctrl Pts',(-2.98645110740748,20.8014613190285,2.));
#8018=CARTESIAN_POINT('Ctrl Pts',(-2.72372662411246,20.8937047996515,2.));
#8019=CARTESIAN_POINT('Ctrl Pts',(-2.4593992104605,20.9824209854517,2.));
#8020=CARTESIAN_POINT('Ctrl Pts',(-2.19326779120602,21.0663939773031,2.));
#8021=CARTESIAN_POINT('Ctrl Pts',(-1.92518657046419,21.1443728010345,2.));
#8022=CARTESIAN_POINT('Ctrl Pts',(-1.65508132371005,21.2151108441141,2.));
#8023=CARTESIAN_POINT('Ctrl Pts',(-1.38296540596762,21.2774057044766,2.));
#8024=CARTESIAN_POINT('Ctrl Pts',(-1.1089563718023,21.3301389216715,2.));
#8025=CARTESIAN_POINT('Ctrl Pts',(-0.833290961138953,21.3723156022815,2.));
#8026=CARTESIAN_POINT('Ctrl Pts',(-0.556300342002094,21.4030994256117,2.));
#8027=CARTESIAN_POINT('Ctrl Pts',(-0.278386819590281,21.421847837193,2.));
#8028=CARTESIAN_POINT('Ctrl Pts',(1.15749423934552E-14,21.4281471759818,
2.));
#8029=CARTESIAN_POINT('Ctrl Pts',(0.278386819590399,21.4218478371909,2.));
#8030=CARTESIAN_POINT('Ctrl Pts',(0.556300342002413,21.4030994256084,2.));
#8031=CARTESIAN_POINT('Ctrl Pts',(0.833290961139401,21.3723156022781,2.));
#8032=CARTESIAN_POINT('Ctrl Pts',(1.10895637180269,21.3301389216694,2.));
#8033=CARTESIAN_POINT('Ctrl Pts',(1.38296540596772,21.2774057044765,2.));
#8034=CARTESIAN_POINT('Ctrl Pts',(1.65508132370977,21.215110844116,2.));
#8035=CARTESIAN_POINT('Ctrl Pts',(1.92518657046363,21.1443728010374,2.));
#8036=CARTESIAN_POINT('Ctrl Pts',(2.19326779120548,21.066393977306,2.));
#8037=CARTESIAN_POINT('Ctrl Pts',(2.45939921046021,20.9824209854534,2.));
#8038=CARTESIAN_POINT('Ctrl Pts',(2.72372662411254,20.8937047996516,2.));
#8039=CARTESIAN_POINT('Ctrl Pts',(2.98645110740774,20.8014613190271,2.));
#8040=CARTESIAN_POINT('Ctrl Pts',(3.24781291747462,20.7068307797456,2.));
#8041=CARTESIAN_POINT('Ctrl Pts',(3.50807448506005,20.6108522604133,2.));
#8042=CARTESIAN_POINT('Ctrl Pts',(3.76750345253866,20.5144399621754,2.));
#8043=CARTESIAN_POINT('Ctrl Pts',(4.02635548071719,20.4183583839242,2.));
#8044=CARTESIAN_POINT('Ctrl Pts',(4.28485763985975,20.3231990226241,2.));
#8045=CARTESIAN_POINT('Ctrl Pts',(4.54319025671328,20.2293535893258,2.));
#8046=CARTESIAN_POINT('Ctrl Pts',(4.80148452486089,20.1370218053389,2.));
#8047=CARTESIAN_POINT('Ctrl Pts',(5.059822297548,20.0462240241637,2.));
#8048=CARTESIAN_POINT('Ctrl Pts',(5.31823499399447,19.9568117718316,2.));
#8049=CARTESIAN_POINT('Ctrl Pts',(5.57670313503132,19.8684800030463,2.));
#8050=CARTESIAN_POINT('Ctrl Pts',(5.83515491946832,19.7807763641342,2.));
#8051=CARTESIAN_POINT('Ctrl Pts',(6.09347483614539,19.6931430195837,2.));
#8052=CARTESIAN_POINT('Ctrl Pts',(6.35151332901359,19.604961786699,2.));
#8053=CARTESIAN_POINT('Ctrl Pts',(6.60909605493982,19.5155982559973,2.));
#8054=CARTESIAN_POINT('Ctrl Pts',(6.86603338533855,19.4244459601573,2.));
#8055=CARTESIAN_POINT('Ctrl Pts',(7.12212960467095,19.3309715474606,2.));
#8056=CARTESIAN_POINT('Ctrl Pts',(7.37719730359043,19.2347332621394,2.));
#8057=CARTESIAN_POINT('Ctrl Pts',(7.63107202780775,19.1353979897041,2.));
#8058=CARTESIAN_POINT('Ctrl Pts',(7.88362683755892,19.0327588319233,2.));
#8059=CARTESIAN_POINT('Ctrl Pts',(8.13478690063726,18.9267524578087,2.));
#8060=CARTESIAN_POINT('Ctrl Pts',(8.38454408445328,18.817476563493,2.));
#8061=CARTESIAN_POINT('Ctrl Pts',(8.63295492818127,18.705167208086,2.));
#8062=CARTESIAN_POINT('Ctrl Pts',(8.88013869259273,18.5901762258452,2.));
#8063=CARTESIAN_POINT('Ctrl Pts',(9.12627522776686,18.4729485036893,2.));
#8064=CARTESIAN_POINT('Ctrl Pts',(9.37160327853585,18.3539995700201,2.));
#8065=CARTESIAN_POINT('Ctrl Pts',(9.6164175943963,18.2338923496519,2.));
#8066=CARTESIAN_POINT('Ctrl Pts',(9.86104349138385,18.1131987170438,2.));
#8067=CARTESIAN_POINT('Ctrl Pts',(10.1058123385785,17.9924615454682,2.));
#8068=CARTESIAN_POINT('Ctrl Pts',(10.3510369065286,17.8721569629227,2.));
#8069=CARTESIAN_POINT('Ctrl Pts',(10.5969862864757,17.752655602866,2.));
#8070=CARTESIAN_POINT('Ctrl Pts',(10.843862404165,17.6341869387479,2.));
#8071=CARTESIAN_POINT('Ctrl Pts',(11.09179246329,17.5168337407752,2.));
#8072=CARTESIAN_POINT('Ctrl Pts',(11.3408199507374,17.4005237378649,2.));
#8073=CARTESIAN_POINT('Ctrl Pts',(11.5908964100873,17.2850229378527,2.));
#8074=CARTESIAN_POINT('Ctrl Pts',(11.841872370065,17.1699268489327,2.));
#8075=CARTESIAN_POINT('Ctrl Pts',(12.0934901420795,17.0546566566665,2.));
#8076=CARTESIAN_POINT('Ctrl Pts',(12.3453899232696,16.9384909992129,2.));
#8077=CARTESIAN_POINT('Ctrl Pts',(12.5971145275441,16.8205941870043,2.));
#8078=CARTESIAN_POINT('Ctrl Pts',(12.8481147819352,16.7000459139518,2.));
#8079=CARTESIAN_POINT('Ctrl Pts',(13.0977543051631,16.5758700238856,2.));
#8080=CARTESIAN_POINT('Ctrl Pts',(13.34531550838,16.4470645646188,2.));
#8081=CARTESIAN_POINT('Ctrl Pts',(13.5900169125248,16.3126418705729,2.));
#8082=CARTESIAN_POINT('Ctrl Pts',(13.8310295140876,16.1716679689083,2.));
#8083=CARTESIAN_POINT('Ctrl Pts',(14.0674936429865,16.0233020763989,2.));
#8084=CARTESIAN_POINT('Ctrl Pts',(14.2985353046227,15.8668364457062,2.));
#8085=CARTESIAN_POINT('Ctrl Pts',(14.5232836027081,15.7017349813546,2.));
#8086=CARTESIAN_POINT('Ctrl Pts',(14.7409129980526,15.5276404864653,2.));
#8087=CARTESIAN_POINT('Ctrl Pts',(14.9506846632994,15.3443830791502,2.));
#8088=CARTESIAN_POINT('Ctrl Pts',(15.1519881764,15.1519881764001,2.));
#8089=CARTESIAN_POINT('Ctrl Pts',(15.3443830791502,14.9506846632996,2.));
#8090=CARTESIAN_POINT('Ctrl Pts',(15.5276404864655,14.7409129980528,2.));
#8091=CARTESIAN_POINT('Ctrl Pts',(15.7017349813549,14.5232836027085,2.));
#8092=CARTESIAN_POINT('Ctrl Pts',(15.8668364457065,14.298535304623,2.));
#8093=CARTESIAN_POINT('Ctrl Pts',(16.023302076399,14.0674936429866,2.));
#8094=CARTESIAN_POINT('Ctrl Pts',(16.1716679689077,13.8310295140872,2.));
#8095=CARTESIAN_POINT('Ctrl Pts',(16.3126418705716,13.590016912524,2.));
#8096=CARTESIAN_POINT('Ctrl Pts',(16.4470645646173,13.3453155083793,2.));
#8097=CARTESIAN_POINT('Ctrl Pts',(16.5758700238844,13.0977543051628,2.));
#8098=CARTESIAN_POINT('Ctrl Pts',(16.7000459139516,12.8481147819352,2.));
#8099=CARTESIAN_POINT('Ctrl Pts',(16.8205941870054,12.5971145275444,2.));
#8100=CARTESIAN_POINT('Ctrl Pts',(16.9384909992148,12.3453899232699,2.));
#8101=CARTESIAN_POINT('Ctrl Pts',(17.0546566566686,12.0934901420796,2.));
#8102=CARTESIAN_POINT('Ctrl Pts',(17.1699268489341,11.8418723700651,2.));
#8103=CARTESIAN_POINT('Ctrl Pts',(17.2850229378528,11.5908964100873,2.));
#8104=CARTESIAN_POINT('Ctrl Pts',(17.400523737864,11.3408199507373,2.));
#8105=CARTESIAN_POINT('Ctrl Pts',(17.5168337407738,11.09179246329,2.));
#8106=CARTESIAN_POINT('Ctrl Pts',(17.6341869387466,10.843862404165,2.));
#8107=CARTESIAN_POINT('Ctrl Pts',(17.7526556028653,10.5969862864757,2.));
#8108=CARTESIAN_POINT('Ctrl Pts',(17.8721569629227,10.3510369065286,2.));
#8109=CARTESIAN_POINT('Ctrl Pts',(17.9924615454687,10.1058123385785,2.));
#8110=CARTESIAN_POINT('Ctrl Pts',(18.1131987170444,9.861043491384,2.));
#8111=CARTESIAN_POINT('Ctrl Pts',(18.2338923496526,9.61641759439647,2.));
#8112=CARTESIAN_POINT('Ctrl Pts',(18.3539995700205,9.371603278536,2.));
#8113=CARTESIAN_POINT('Ctrl Pts',(18.4729485036893,9.12627522776688,2.));
#8114=CARTESIAN_POINT('Ctrl Pts',(18.5901762258448,8.8801386925926,2.));
#8115=CARTESIAN_POINT('Ctrl Pts',(18.7051672080854,8.6329549281811,2.));
#8116=CARTESIAN_POINT('Ctrl Pts',(18.8174765634926,8.38454408445312,2.));
#8117=CARTESIAN_POINT('Ctrl Pts',(18.9267524578085,8.13478690063721,2.));
#8118=CARTESIAN_POINT('Ctrl Pts',(19.0327588319232,7.8836268375589,2.));
#8119=CARTESIAN_POINT('Ctrl Pts',(19.1353979897043,7.6310720278078,2.));
#8120=CARTESIAN_POINT('Ctrl Pts',(19.2347332621399,7.37719730359076,2.));
#8121=CARTESIAN_POINT('Ctrl Pts',(19.3309715474611,7.12212960467142,2.));
#8122=CARTESIAN_POINT('Ctrl Pts',(19.4244459601576,6.86603338533895,2.));
#8123=CARTESIAN_POINT('Ctrl Pts',(19.5155982559973,6.60909605493983,2.));
#8124=CARTESIAN_POINT('Ctrl Pts',(19.6049617866988,6.35151332901304,2.));
#8125=CARTESIAN_POINT('Ctrl Pts',(19.6931430195833,6.09347483614446,2.));
#8126=CARTESIAN_POINT('Ctrl Pts',(19.7807763641338,5.8351549194674,2.));
#8127=CARTESIAN_POINT('Ctrl Pts',(19.868480003046,5.57670313503077,2.));
#8128=CARTESIAN_POINT('Ctrl Pts',(19.9568117718316,5.31823499399451,2.));
#8129=CARTESIAN_POINT('Ctrl Pts',(20.0462240241641,5.05982229754865,2.));
#8130=CARTESIAN_POINT('Ctrl Pts',(20.1370218053396,4.80148452486184,2.));
#8131=CARTESIAN_POINT('Ctrl Pts',(20.2293535893265,4.54319025671421,2.));
#8132=CARTESIAN_POINT('Ctrl Pts',(20.3231990226243,4.28485763986025,2.));
#8133=CARTESIAN_POINT('Ctrl Pts',(20.4183583839242,4.02635548071708,2.));
#8134=CARTESIAN_POINT('Ctrl Pts',(20.5144399621753,3.76750345253801,2.));
#8135=CARTESIAN_POINT('Ctrl Pts',(20.6108522604133,3.50807448505914,2.));
#8136=CARTESIAN_POINT('Ctrl Pts',(20.706830779746,3.24781291747383,2.));
#8137=CARTESIAN_POINT('Ctrl Pts',(20.8014613190275,2.98645110740733,2.));
#8138=CARTESIAN_POINT('Ctrl Pts',(20.8937047996516,2.72372662411257,2.));
#8139=CARTESIAN_POINT('Ctrl Pts',(20.9824209854526,2.4593992104606,2.));
#8140=CARTESIAN_POINT('Ctrl Pts',(21.0663939773046,2.19326779120606,2.));
#8141=CARTESIAN_POINT('Ctrl Pts',(21.1443728010352,1.92518657046417,2.));
#8142=CARTESIAN_POINT('Ctrl Pts',(21.2151108441156,1.65508132371005,2.));
#8143=CARTESIAN_POINT('Ctrl Pts',(21.2774057044743,1.38296540596765,2.));
#8144=CARTESIAN_POINT('Ctrl Pts',(21.3301389216764,1.10895637180238,2.));
#8145=CARTESIAN_POINT('Ctrl Pts',(21.3723156022693,0.833290961139096,2.));
#8146=CARTESIAN_POINT('Ctrl Pts',(21.4030994256399,0.556300342002139,2.));
#8147=CARTESIAN_POINT('Ctrl Pts',(21.4180981548298,0.333969524072854,2.));
#8148=CARTESIAN_POINT('Ctrl Pts',(21.4237451191088,0.167008426895198,2.));
#8149=CARTESIAN_POINT('Ctrl Pts',(21.4250000000002,0.05566947563177,2.));
#8150=CARTESIAN_POINT('Ctrl Pts',(21.425,0.,2.));
#8151=CARTESIAN_POINT('Origin',(0.,0.,0.));
#8152=CARTESIAN_POINT('Origin',(0.,0.,0.));
#8153=CARTESIAN_POINT('',(-23.,-2.81668763803891E-15,2.));
#8154=CARTESIAN_POINT('Origin',(0.,0.,2.));
#8155=CARTESIAN_POINT('',(-23.,-2.81668763803891E-15,0.));
#8156=CARTESIAN_POINT('',(-23.,-2.81668763803891E-15,0.));
#8157=CARTESIAN_POINT('Origin',(0.,0.,0.));
#8158=CARTESIAN_POINT('Origin',(0.,0.,2.));
#8159=CARTESIAN_POINT('Origin',(0.,0.,0.));
#8160=UNCERTAINTY_MEASURE_WITH_UNIT(LENGTH_MEASURE(0.01),#8164,
'DISTANCE_ACCURACY_VALUE',
'Maximum model space distance between geometric entities at asserted c
onnectivities');
#8161=UNCERTAINTY_MEASURE_WITH_UNIT(LENGTH_MEASURE(0.01),#8164,
'DISTANCE_ACCURACY_VALUE',
'Maximum model space distance between geometric entities at asserted c
onnectivities');
#8162=(
GEOMETRIC_REPRESENTATION_CONTEXT(3)
GLOBAL_UNCERTAINTY_ASSIGNED_CONTEXT((#8160))
GLOBAL_UNIT_ASSIGNED_CONTEXT((#8164,#8166,#8167))
REPRESENTATION_CONTEXT('','3D')
);
#8163=(
GEOMETRIC_REPRESENTATION_CONTEXT(3)
GLOBAL_UNCERTAINTY_ASSIGNED_CONTEXT((#8161))
GLOBAL_UNIT_ASSIGNED_CONTEXT((#8164,#8166,#8167))
REPRESENTATION_CONTEXT('','3D')
);
#8164=(
LENGTH_UNIT()
NAMED_UNIT(*)
SI_UNIT(.MILLI.,.METRE.)
);
#8165=(
LENGTH_UNIT()
NAMED_UNIT(*)
SI_UNIT($,.METRE.)
);
#8166=(
NAMED_UNIT(*)
PLANE_ANGLE_UNIT()
SI_UNIT($,.RADIAN.)
);
#8167=(
NAMED_UNIT(*)
SI_UNIT($,.STERADIAN.)
SOLID_ANGLE_UNIT()
);
#8168=SHAPE_DEFINITION_REPRESENTATION(#8169,#8170);
#8169=PRODUCT_DEFINITION_SHAPE('',$,#8172);
#8170=SHAPE_REPRESENTATION('',(#908),#8162);
#8171=PRODUCT_DEFINITION_CONTEXT('part definition',#8176,'design');
#8172=PRODUCT_DEFINITION('thread-inlet-m40x2_5',
'thread-inlet-m40x2_5 v2',#8173,#8171);
#8173=PRODUCT_DEFINITION_FORMATION('',$,#8178);
#8174=PRODUCT_RELATED_PRODUCT_CATEGORY('thread-inlet-m40x2_5 v2',
'thread-inlet-m40x2_5 v2',(#8178));
#8175=APPLICATION_PROTOCOL_DEFINITION('international standard',
'automotive_design',2009,#8176);
#8176=APPLICATION_CONTEXT(
'Core Data for Automotive Mechanical Design Process');
#8177=PRODUCT_CONTEXT('part definition',#8176,'mechanical');
#8178=PRODUCT('thread-inlet-m40x2_5','thread-inlet-m40x2_5 v2',$,(#8177));
#8179=PRESENTATION_STYLE_ASSIGNMENT((#8180));
#8180=SURFACE_STYLE_USAGE(.BOTH.,#8181);
#8181=SURFACE_SIDE_STYLE('',(#8182));
#8182=SURFACE_STYLE_FILL_AREA(#8183);
#8183=FILL_AREA_STYLE('Stahl - satiniert',(#8184));
#8184=FILL_AREA_STYLE_COLOUR('Stahl - satiniert',#8185);
#8185=COLOUR_RGB('Stahl - satiniert',0.627450980392157,0.627450980392157,
0.627450980392157);
ENDSEC;
END-ISO-10303-21;
